vite v7.3.6 building client environment for production...
transforming...
✓ 5366 modules transformed.
rendering chunks...
computing gzip size...
.pkg03-fullpage-tools/production/pdfjs/cmaps/CNS2-V.bcmap                                    0.09 kB
.pkg03-fullpage-tools/production/pdfjs/cmaps/Roman.bcmap                                     0.10 kB
.pkg03-fullpage-tools/production/pdfjs/cmaps/Katakana.bcmap                                  0.10 kB
.pkg03-fullpage-tools/production/pdfjs/cmaps/ETenms-B5-H.bcmap                               0.10 kB
.pkg03-fullpage-tools/production/pdfjs/cmaps/UniJIS-UCS2-HW-H.bcmap                          0.12 kB
.pkg03-fullpage-tools/production/pdfjs/cmaps/Hiragana.bcmap                                  0.12 kB
.pkg03-fullpage-tools/production/pdfjs/cmaps/Hankaku.bcmap                                   0.13 kB
.pkg03-fullpage-tools/production/pdfjs/cmaps/B5-V.bcmap                                      0.14 kB
.pkg03-fullpage-tools/production/pdfjs/cmaps/CNS1-V.bcmap                                    0.14 kB
.pkg03-fullpage-tools/production/pdfjs/cmaps/B5pc-V.bcmap                                    0.14 kB
.pkg03-fullpage-tools/production/pdfjs/cmaps/HKdla-B5-V.bcmap                                0.15 kB
.pkg03-fullpage-tools/production/pdfjs/cmaps/HKdlb-B5-V.bcmap                                0.15 kB
.pkg03-fullpage-tools/production/pdfjs/cmaps/HKgccs-B5-V.bcmap                               0.15 kB
.pkg03-fullpage-tools/production/pdfjs/cmaps/HKm314-B5-V.bcmap                               0.15 kB
.pkg03-fullpage-tools/production/pdfjs/cmaps/HKm471-B5-V.bcmap                               0.15 kB
.pkg03-fullpage-tools/production/pdfjs/cmaps/UniCNS-UCS2-V.bcmap                             0.16 kB
.pkg03-fullpage-tools/production/pdfjs/cmaps/UniCNS-UTF16-V.bcmap                            0.16 kB
.pkg03-fullpage-tools/production/pdfjs/cmaps/UniCNS-UTF8-V.bcmap                             0.16 kB
.pkg03-fullpage-tools/production/pdfjs/cmaps/ETen-B5-V.bcmap                                 0.16 kB
.pkg03-fullpage-tools/production/pdfjs/cmaps/ETHK-B5-V.bcmap                                 0.16 kB
.pkg03-fullpage-tools/production/pdfjs/cmaps/HKscs-B5-V.bcmap                                0.16 kB
.pkg03-fullpage-tools/production/pdfjs/cmaps/KSC-V.bcmap                                     0.16 kB
.pkg03-fullpage-tools/production/pdfjs/cmaps/UniCNS-UTF32-V.bcmap                            0.16 kB
.pkg03-fullpage-tools/production/pdfjs/cmaps/KSC-EUC-V.bcmap                                 0.16 kB
.pkg03-fullpage-tools/production/pdfjs/cmaps/UniKS-UTF16-V.bcmap                             0.16 kB
.pkg03-fullpage-tools/production/pdfjs/cmaps/KSC-Johab-V.bcmap                               0.17 kB
.pkg03-fullpage-tools/production/pdfjs/cmaps/KSCms-UHC-V.bcmap                               0.17 kB
.pkg03-fullpage-tools/production/pdfjs/cmaps/KSCpc-EUC-V.bcmap                               0.17 kB
.pkg03-fullpage-tools/production/pdfjs/cmaps/V.bcmap                                         0.17 kB
.pkg03-fullpage-tools/production/pdfjs/cmaps/UniKS-UTF32-V.bcmap                             0.17 kB
.pkg03-fullpage-tools/production/pdfjs/cmaps/78-V.bcmap                                      0.17 kB
.pkg03-fullpage-tools/production/pdfjs/cmaps/KSCms-UHC-HW-V.bcmap                            0.17 kB
.pkg03-fullpage-tools/production/pdfjs/cmaps/UniKS-UTF8-V.bcmap                              0.17 kB
.pkg03-fullpage-tools/production/pdfjs/cmaps/EUC-V.bcmap                                     0.17 kB
.pkg03-fullpage-tools/production/pdfjs/cmaps/RKSJ-V.bcmap                                    0.17 kB
.pkg03-fullpage-tools/production/pdfjs/cmaps/ETenms-B5-V.bcmap                               0.17 kB
.pkg03-fullpage-tools/production/pdfjs/cmaps/78-EUC-V.bcmap                                  0.17 kB
.pkg03-fullpage-tools/production/pdfjs/cmaps/78-RKSJ-V.bcmap                                 0.17 kB
.pkg03-fullpage-tools/production/pdfjs/cmaps/GB-V.bcmap                                      0.18 kB
.pkg03-fullpage-tools/production/pdfjs/cmaps/GBT-V.bcmap                                     0.18 kB
.pkg03-fullpage-tools/production/pdfjs/cmaps/UniGB-UTF16-V.bcmap                             0.18 kB
.pkg03-fullpage-tools/production/pdfjs/cmaps/UniKS-UCS2-V.bcmap                              0.18 kB
.pkg03-fullpage-tools/production/pdfjs/cmaps/GB-EUC-V.bcmap                                  0.18 kB
.pkg03-fullpage-tools/production/pdfjs/cmaps/WP-Symbol.bcmap                                 0.18 kB
.pkg03-fullpage-tools/production/pdfjs/cmaps/GBK-EUC-V.bcmap                                 0.18 kB
.pkg03-fullpage-tools/production/pdfjs/cmaps/GBT-EUC-V.bcmap                                 0.18 kB
.pkg03-fullpage-tools/production/pdfjs/cmaps/GBKp-EUC-V.bcmap                                0.18 kB
.pkg03-fullpage-tools/production/pdfjs/cmaps/GBpc-EUC-V.bcmap                                0.18 kB
.pkg03-fullpage-tools/production/pdfjs/cmaps/UniGB-UTF8-V.bcmap                              0.18 kB
.pkg03-fullpage-tools/production/pdfjs/cmaps/GBTpc-EUC-V.bcmap                               0.18 kB
.pkg03-fullpage-tools/production/pdfjs/cmaps/UniGB-UTF32-V.bcmap                             0.18 kB
.pkg03-fullpage-tools/production/pdfjs/cmaps/UniGB-UCS2-V.bcmap                              0.19 kB
.pkg03-fullpage-tools/production/pdfjs/cmaps/Ext-V.bcmap                                     0.22 kB
.pkg03-fullpage-tools/production/pdfjs/cmaps/Adobe-GB1-0.bcmap                               0.22 kB
.pkg03-fullpage-tools/production/pdfjs/cmaps/Ext-RKSJ-V.bcmap                                0.22 kB
.pkg03-fullpage-tools/production/pdfjs/cmaps/GBK2K-V.bcmap                                   0.22 kB
.pkg03-fullpage-tools/production/pdfjs/cmaps/Adobe-Japan1-0.bcmap                            0.23 kB
.pkg03-fullpage-tools/production/pdfjs/cmaps/Adobe-Japan1-1.bcmap                            0.23 kB
.pkg03-fullpage-tools/production/pdfjs/cmaps/Adobe-Japan1-2.bcmap                            0.23 kB
.pkg03-fullpage-tools/production/pdfjs/cmaps/Adobe-Korea1-0.bcmap                            0.24 kB
.pkg03-fullpage-tools/production/pdfjs/cmaps/Adobe-Japan1-3.bcmap                            0.24 kB
.pkg03-fullpage-tools/production/pdfjs/cmaps/Adobe-GB1-1.bcmap                               0.25 kB
.pkg03-fullpage-tools/production/pdfjs/cmaps/NWP-V.bcmap                                     0.25 kB
.pkg03-fullpage-tools/production/pdfjs/cmaps/90pv-RKSJ-V.bcmap                               0.26 kB
.pkg03-fullpage-tools/production/pdfjs/cmaps/Add-V.bcmap                                     0.28 kB
.pkg03-fullpage-tools/production/pdfjs/cmaps/Add-RKSJ-V.bcmap                                0.29 kB
.pkg03-fullpage-tools/production/pdfjs/cmaps/78ms-RKSJ-V.bcmap                               0.29 kB
.pkg03-fullpage-tools/production/pdfjs/cmaps/90ms-RKSJ-V.bcmap                               0.29 kB
.pkg03-fullpage-tools/production/pdfjs/cmaps/90msp-RKSJ-V.bcmap                              0.29 kB
.pkg03-fullpage-tools/production/pdfjs/cmaps/Adobe-CNS1-0.bcmap                              0.32 kB
.pkg03-fullpage-tools/production/pdfjs/cmaps/Adobe-Japan1-4.bcmap                            0.34 kB
.pkg03-fullpage-tools/production/pdfjs/cmaps/Adobe-CNS1-1.bcmap                              0.37 kB
.pkg03-fullpage-tools/production/pdfjs/cmaps/Adobe-CNS1-2.bcmap                              0.38 kB
.pkg03-fullpage-tools/production/pdfjs/cmaps/Adobe-Korea1-1.bcmap                            0.39 kB
.pkg03-fullpage-tools/production/pdfjs/cmaps/Adobe-Korea1-2.bcmap                            0.39 kB
.pkg03-fullpage-tools/production/pdfjs/cmaps/Adobe-CNS1-3.bcmap                              0.40 kB
.pkg03-fullpage-tools/production/pdfjs/cmaps/Adobe-CNS1-4.bcmap                              0.41 kB
.pkg03-fullpage-tools/production/pdfjs/cmaps/Adobe-CNS1-5.bcmap                              0.41 kB
.pkg03-fullpage-tools/production/pdfjs/cmaps/Adobe-CNS1-6.bcmap                              0.41 kB
.pkg03-fullpage-tools/production/pdfjs/cmaps/Adobe-Japan1-5.bcmap                            0.43 kB
.pkg03-fullpage-tools/production/pdfjs/cmaps/Adobe-GB1-2.bcmap                               0.47 kB
.pkg03-fullpage-tools/production/pdfjs/cmaps/Adobe-GB1-3.bcmap                               0.47 kB
.pkg03-fullpage-tools/production/pdfjs/cmaps/Adobe-Japan1-6.bcmap                            0.49 kB
.pkg03-fullpage-tools/production/pdfjs/cmaps/CNS2-H.bcmap                                    0.50 kB
.pkg03-fullpage-tools/production/pdfjs/cmaps/GB-H.bcmap                                      0.53 kB
.pkg03-fullpage-tools/production/pdfjs/cmaps/RKSJ-H.bcmap                                    0.53 kB
.pkg03-fullpage-tools/production/pdfjs/cmaps/GB-EUC-H.bcmap                                  0.55 kB
.pkg03-fullpage-tools/production/pdfjs/cmaps/H.bcmap                                         0.55 kB
.pkg03-fullpage-tools/production/pdfjs/wasm/LICENSE_PDFJS_JBIG2                              0.56 kB
.pkg03-fullpage-tools/production/pdfjs/cmaps/GBpc-EUC-H.bcmap                                0.56 kB
.pkg03-fullpage-tools/production/pdfjs/cmaps/EUC-H.bcmap                                     0.58 kB
.pkg03-fullpage-tools/production/pdfjs/cmaps/Adobe-GB1-4.bcmap                               0.60 kB
.pkg03-fullpage-tools/production/pdfjs/cmaps/Adobe-GB1-5.bcmap                               0.63 kB
.pkg03-fullpage-tools/production/pdfjs/cmaps/UniJIS-UTF16-V.bcmap                            0.64 kB
.pkg03-fullpage-tools/production/pdfjs/cmaps/UniJIS2004-UTF16-V.bcmap                        0.65 kB
.pkg03-fullpage-tools/production/pdfjs/cmaps/UniJIS-UCS2-V.bcmap                             0.66 kB
.pkg03-fullpage-tools/production/pdfjs/cmaps/UniJIS-UTF32-V.bcmap                            0.68 kB
.pkg03-fullpage-tools/production/pdfjs/cmaps/UniJIS-UTF8-V.bcmap                             0.68 kB
.pkg03-fullpage-tools/production/pdfjs/cmaps/UniJIS-UCS2-HW-V.bcmap                          0.68 kB
.pkg03-fullpage-tools/production/pdfjs/cmaps/UniJIS2004-UTF32-V.bcmap                        0.68 kB
.pkg03-fullpage-tools/production/pdfjs/cmaps/UniJIS2004-UTF8-V.bcmap                         0.68 kB
.pkg03-fullpage-tools/production/pdfjs/cmaps/UniJISX0213-UTF32-V.bcmap                       0.68 kB
.pkg03-fullpage-tools/production/pdfjs/cmaps/UniJISX02132004-UTF32-V.bcmap                   0.69 kB
.pkg03-fullpage-tools/production/pdfjs/cmaps/UniJISPro-UCS2-V.bcmap                          0.69 kB
.pkg03-fullpage-tools/production/pdfjs/cmaps/UniJISPro-UCS2-HW-V.bcmap                       0.71 kB
.pkg03-fullpage-tools/production/pdfjs/cmaps/CNS1-H.bcmap                                    0.71 kB
.pkg03-fullpage-tools/production/pdfjs/cmaps/90msp-RKSJ-H.bcmap                              0.72 kB
.pkg03-fullpage-tools/production/pdfjs/cmaps/90ms-RKSJ-H.bcmap                               0.72 kB
.pkg03-fullpage-tools/production/pdfjs/cmaps/UniJISPro-UTF8-V.bcmap                          0.73 kB
.pkg03-fullpage-tools/production/pdfjs/cmaps/83pv-RKSJ-H.bcmap                               0.91 kB
.pkg03-fullpage-tools/production/pdfjs/cmaps/90pv-RKSJ-H.bcmap                               0.98 kB
.pkg03-fullpage-tools/production/pdfjs/wasm/LICENSE_PDFJS_QCMS                               1.04 kB
.pkg03-fullpage-tools/production/pdfjs/cmaps/B5-H.bcmap                                      1.09 kB
.pkg03-fullpage-tools/production/pdfjs/cmaps/B5pc-H.bcmap                                    1.10 kB
.pkg03-fullpage-tools/production/pdfjs/wasm/LICENSE_QCMS                                     1.12 kB
.pkg03-fullpage-tools/production/pdfjs/cmaps/ETen-B5-H.bcmap                                 1.13 kB
.pkg03-fullpage-tools/production/pdfjs/wasm/LICENSE_PDFJS_OPENJPEG                           1.29 kB
.pkg03-fullpage-tools/production/pdfjs/standard_fonts/LICENSE_FOXIT                          1.55 kB
.pkg03-fullpage-tools/production/pdfjs/cmaps/HKm314-B5-H.bcmap                               1.77 kB
.pkg03-fullpage-tools/production/pdfjs/cmaps/CNS-EUC-H.bcmap                                 1.78 kB
.pkg03-fullpage-tools/production/pdfjs/cmaps/KSC-H.bcmap                                     1.83 kB
.pkg03-fullpage-tools/production/pdfjs/cmaps/KSC-EUC-H.bcmap                                 1.85 kB
.pkg03-fullpage-tools/production/pdfjs/cmaps/CNS-EUC-V.bcmap                                 1.92 kB
.pkg03-fullpage-tools/production/pdfjs/cmaps/KSCpc-EUC-H.bcmap                               2.02 kB
.pkg03-fullpage-tools/production/pdfjs/cmaps/LICENSE                                         2.08 kB
.pkg03-fullpage-tools/production/pdfjs/wasm/LICENSE_OPENJPEG                                 2.11 kB
.pkg03-fullpage-tools/production/pdfjs/cmaps/HKm471-B5-H.bcmap                               2.17 kB
.pkg03-fullpage-tools/production/pdfjs/cmaps/HKgccs-B5-H.bcmap                               2.29 kB
.pkg03-fullpage-tools/production/pdfjs/cmaps/78-H.bcmap                                      2.38 kB
.pkg03-fullpage-tools/production/pdfjs/cmaps/78-RKSJ-H.bcmap                                 2.40 kB
.pkg03-fullpage-tools/production/pdfjs/cmaps/78-EUC-H.bcmap                                  2.40 kB
.pkg03-fullpage-tools/production/pdfjs/cmaps/Add-RKSJ-H.bcmap                                2.41 kB
.pkg03-fullpage-tools/production/pdfjs/cmaps/HKdlb-B5-H.bcmap                                2.41 kB
.pkg03-fullpage-tools/production/pdfjs/cmaps/Add-H.bcmap                                     2.42 kB
.pkg03-fullpage-tools/production/pdfjs/cmaps/Ext-H.bcmap                                     2.54 kB
.pkg03-fullpage-tools/production/pdfjs/cmaps/Ext-RKSJ-H.bcmap                                2.54 kB
.pkg03-fullpage-tools/production/pdfjs/cmaps/78ms-RKSJ-H.bcmap                               2.65 kB
.pkg03-fullpage-tools/production/pdfjs/cmaps/HKdla-B5-H.bcmap                                2.65 kB
.pkg03-fullpage-tools/production/pdfjs/cmaps/NWP-H.bcmap                                     2.77 kB
.pkg03-fullpage-tools/production/pdfjs/cmaps/KSCms-UHC-H.bcmap                               2.79 kB
.pkg03-fullpage-tools/production/pdfjs/cmaps/KSCms-UHC-HW-H.bcmap                            2.79 kB
.pkg03-fullpage-tools/production/pdfjs/cmaps/ETHK-B5-H.bcmap                                 4.43 kB
.pkg03-fullpage-tools/production/pdfjs/cmaps/HKscs-B5-H.bcmap                                4.44 kB
.pkg03-fullpage-tools/production/pdfjs/wasm/quickjs-eval.js                                  6.23 kB
.pkg03-fullpage-tools/production/pdfjs/cmaps/GBT-H.bcmap                                     7.27 kB
.pkg03-fullpage-tools/production/pdfjs/cmaps/GBT-EUC-H.bcmap                                 7.29 kB
.pkg03-fullpage-tools/production/pdfjs/cmaps/GBTpc-EUC-H.bcmap                               7.30 kB
.pkg03-fullpage-tools/production/pdfjs/wasm/LICENSE_JBIG2                                   12.86 kB
.pkg03-fullpage-tools/production/pdfjs/cmaps/GBKp-EUC-H.bcmap                               14.69 kB
.pkg03-fullpage-tools/production/pdfjs/cmaps/GBK-EUC-H.bcmap                                14.69 kB
.pkg03-fullpage-tools/production/pdfjs/standard_fonts/FoxitSymbol.pfb                       16.73 kB
.pkg03-fullpage-tools/production/pdfjs/cmaps/KSC-Johab-H.bcmap                              16.79 kB
.pkg03-fullpage-tools/production/pdfjs/standard_fonts/FoxitFixed.pfb                        17.60 kB
.pkg03-fullpage-tools/production/pdfjs/standard_fonts/FoxitFixedBold.pfb                    18.06 kB
.pkg03-fullpage-tools/production/pdfjs/standard_fonts/FoxitFixedItalic.pfb                  18.75 kB
.pkg03-fullpage-tools/production/pdfjs/standard_fonts/FoxitFixedBoldItalic.pfb              19.15 kB
.pkg03-fullpage-tools/production/pdfjs/standard_fonts/FoxitSerifBold.pfb                    19.40 kB
.pkg03-fullpage-tools/production/pdfjs/standard_fonts/FoxitSerif.pfb                        19.47 kB
.pkg03-fullpage-tools/production/pdfjs/cmaps/GBK2K-H.bcmap                                  19.66 kB
.pkg03-fullpage-tools/production/pdfjs/standard_fonts/FoxitSerifBoldItalic.pfb              20.73 kB
.pkg03-fullpage-tools/production/pdfjs/standard_fonts/FoxitSerifItalic.pfb                  21.23 kB
.pkg03-fullpage-tools/production/pdfjs/standard_fonts/LICENSE_LIBERATION                    22.15 kB
.pkg03-fullpage-tools/production/pdfjs/cmaps/Adobe-Korea1-UCS2.bcmap                        23.29 kB
.pkg03-fullpage-tools/production/pdfjs/cmaps/UniJIS-UCS2-H.bcmap                            25.44 kB
.pkg03-fullpage-tools/production/pdfjs/cmaps/UniKS-UCS2-H.bcmap                             25.78 kB
.pkg03-fullpage-tools/production/pdfjs/cmaps/UniKS-UTF16-H.bcmap                            26.33 kB
.pkg03-fullpage-tools/production/pdfjs/cmaps/UniKS-UTF32-H.bcmap                            26.45 kB
.pkg03-fullpage-tools/production/pdfjs/cmaps/UniKS-UTF8-H.bcmap                             27.79 kB
.pkg03-fullpage-tools/production/pdfjs/standard_fonts/FoxitDingbats.pfb                     29.51 kB
.pkg03-fullpage-tools/production/pdfjs/cmaps/Adobe-GB1-UCS2.bcmap                           33.97 kB
.pkg03-fullpage-tools/production/pdfjs/cmaps/UniJIS-UTF16-H.bcmap                           39.44 kB
.pkg03-fullpage-tools/production/pdfjs/cmaps/UniJIS2004-UTF16-H.bcmap                       39.53 kB
.pkg03-fullpage-tools/production/pdfjs/cmaps/UniJISX0213-UTF32-H.bcmap                      40.52 kB
.pkg03-fullpage-tools/production/pdfjs/cmaps/UniJIS-UTF32-H.bcmap                           40.54 kB
.pkg03-fullpage-tools/production/pdfjs/cmaps/UniJISX02132004-UTF32-H.bcmap                  40.61 kB
.pkg03-fullpage-tools/production/pdfjs/cmaps/UniJIS2004-UTF32-H.bcmap                       40.63 kB
.pkg03-fullpage-tools/production/pdfjs/cmaps/Adobe-Japan1-UCS2.bcmap                        40.95 kB
.pkg03-fullpage-tools/production/pdfjs/cmaps/Adobe-CNS1-UCS2.bcmap                          41.19 kB
.pkg03-fullpage-tools/production/pdfjs/cmaps/UniJIS-UTF8-H.bcmap                            41.70 kB
.pkg03-fullpage-tools/production/pdfjs/cmaps/UniJIS2004-UTF8-H.bcmap                        41.78 kB
.pkg03-fullpage-tools/production/pdfjs/cmaps/UniGB-UCS2-H.bcmap                             43.37 kB
.pkg03-fullpage-tools/production/pdfjs/cmaps/UniGB-UTF16-H.bcmap                            44.09 kB
.pkg03-fullpage-tools/production/pdfjs/cmaps/UniGB-UTF32-H.bcmap                            45.74 kB
.pkg03-fullpage-tools/production/pdfjs/cmaps/UniGB-UTF8-H.bcmap                             46.84 kB
.pkg03-fullpage-tools/production/pdfjs/cmaps/UniCNS-UCS2-H.bcmap                            48.28 kB
.pkg03-fullpage-tools/production/pdfjs/cmaps/UniCNS-UTF16-H.bcmap                           50.42 kB
.pkg03-fullpage-tools/production/pdfjs/cmaps/UniCNS-UTF32-H.bcmap                           52.68 kB
.pkg03-fullpage-tools/production/pdfjs/cmaps/UniCNS-UTF8-H.bcmap                            53.63 kB
.pkg03-fullpage-tools/production/pdfjs/wasm/qcms_bg.wasm                                    96.59 kB │ gzip:  35.85 kB
.pkg03-fullpage-tools/production/pdfjs/wasm/jbig2.wasm                                     104.85 kB │ gzip:  40.49 kB
.pkg03-fullpage-tools/production/pdfjs/standard_fonts/LiberationSans-BoldItalic.ttf        135.12 kB
.pkg03-fullpage-tools/production/pdfjs/standard_fonts/LiberationSans-Bold.ttf              137.05 kB
.pkg03-fullpage-tools/production/pdfjs/standard_fonts/LiberationSans-Regular.ttf           139.51 kB
.pkg03-fullpage-tools/production/pdfjs/wasm/jbig2_nowasm_fallback.js                       145.70 kB
.pkg03-fullpage-tools/production/pdfjs/standard_fonts/LiberationSans-Italic.ttf            162.04 kB
.pkg03-fullpage-tools/production/pdfjs/wasm/openjpeg.wasm                                  252.03 kB │ gzip:  83.01 kB
.pkg03-fullpage-tools/production/pdfjs/wasm/openjpeg_nowasm_fallback.js                    451.59 kB
.pkg03-fullpage-tools/production/pdfjs/wasm/quickjs-eval.wasm                              469.11 kB │ gzip: 218.89 kB
.pkg03-fullpage-tools/production/assets/pdf.worker.min-Dswkl-cV.mjs                      1,265.41 kB
.pkg03-fullpage-tools/production/assets/show-D8SfmxBf.css                                    1.08 kB │ gzip:   0.44 kB
.pkg03-fullpage-tools/production/assets/knowledge-revision-dialog-D-juoI1B.css              12.92 kB │ gzip:   3.14 kB
.pkg03-fullpage-tools/production/assets/vendor-maps-CIGW-MKW.css                            15.61 kB │ gzip:   6.46 kB
.pkg03-fullpage-tools/production/assets/location-workspace-BnCaAc4S.css                     16.92 kB │ gzip:   3.64 kB
.pkg03-fullpage-tools/production/assets/show-ugW-UKTR.css                                  117.68 kB │ gzip:  17.18 kB
.pkg03-fullpage-tools/production/assets/app-9wtJHKj4.css                                   443.19 kB │ gzip:  56.54 kB
.pkg03-fullpage-tools/production/assets/my-hr-utils-fLvKAKV1.js                              0.07 kB │ gzip:   0.09 kB
.pkg03-fullpage-tools/production/assets/avatar-hue-BThxaYxR.js                               0.10 kB │ gzip:   0.11 kB
.pkg03-fullpage-tools/production/assets/_announcer-cvXWdNAc.js                               0.12 kB │ gzip:   0.12 kB
.pkg03-fullpage-tools/production/assets/minus-BPMoickD.js                                    0.12 kB │ gzip:   0.13 kB
.pkg03-fullpage-tools/production/assets/check-D8nOnyoB.js                                    0.12 kB │ gzip:   0.14 kB
.pkg03-fullpage-tools/production/assets/circle-BAoZHr4T.js                                   0.12 kB │ gzip:   0.13 kB
.pkg03-fullpage-tools/production/assets/chevron-down-D37xNDJK.js                             0.13 kB │ gzip:   0.14 kB
.pkg03-fullpage-tools/production/assets/chevron-up-CryBQVrW.js                               0.13 kB │ gzip:   0.14 kB
.pkg03-fullpage-tools/production/assets/chevron-left-BKbPTZ6P.js                             0.13 kB │ gzip:   0.14 kB
.pkg03-fullpage-tools/production/assets/chevron-right-wAiuP4tX.js                            0.13 kB │ gzip:   0.14 kB
.pkg03-fullpage-tools/production/assets/play-D5ps3dWq.js                                     0.13 kB │ gzip:   0.14 kB
.pkg03-fullpage-tools/production/assets/moon-UnU8RFXa.js                                     0.14 kB │ gzip:   0.15 kB
.pkg03-fullpage-tools/production/assets/loader-circle-CzWuBgoT.js                            0.14 kB │ gzip:   0.15 kB
.pkg03-fullpage-tools/production/assets/square-D9s_xmef.js                                   0.15 kB │ gzip:   0.15 kB
.pkg03-fullpage-tools/production/assets/message-circle-Bkpn2iE7.js                           0.15 kB │ gzip:   0.16 kB
.pkg03-fullpage-tools/production/assets/navigation-DHXJ5UYy.js                               0.15 kB │ gzip:   0.15 kB
.pkg03-fullpage-tools/production/assets/staff-creation-workflow-D6SGmEbz.js                  0.15 kB │ gzip:   0.13 kB
.pkg03-fullpage-tools/production/assets/plus-BnUWzJOc.js                                     0.15 kB │ gzip:   0.15 kB
.pkg03-fullpage-tools/production/assets/x-SGb4AuAv.js                                        0.15 kB │ gzip:   0.15 kB
.pkg03-fullpage-tools/production/assets/thermometer-C8CmmXv8.js                              0.16 kB │ gzip:   0.16 kB
.pkg03-fullpage-tools/production/assets/filter-bmlQkeMU.js                                   0.16 kB │ gzip:   0.16 kB
.pkg03-fullpage-tools/production/assets/bookmark-jQD6gFwI.js                                 0.16 kB │ gzip:   0.16 kB
.pkg03-fullpage-tools/production/assets/arrow-left-qn4B_iJE.js                               0.16 kB │ gzip:   0.16 kB
.pkg03-fullpage-tools/production/assets/arrow-right-N5lByLff.js                              0.16 kB │ gzip:   0.16 kB
.pkg03-fullpage-tools/production/assets/arrow-up-right-aGvQIAVI.js                           0.16 kB │ gzip:   0.15 kB
.pkg03-fullpage-tools/production/assets/circle-minus-BV0n1VBr.js                             0.17 kB │ gzip:   0.16 kB
.pkg03-fullpage-tools/production/assets/search-eSIRuN7M.js                                   0.17 kB │ gzip:   0.16 kB
.pkg03-fullpage-tools/production/assets/move-right-LGMNYeaj.js                               0.17 kB │ gzip:   0.16 kB
.pkg03-fullpage-tools/production/assets/ban-CwPtGX8T.js                                      0.17 kB │ gzip:   0.16 kB
.pkg03-fullpage-tools/production/assets/circle-check-C1QgapsG.js                             0.17 kB │ gzip:   0.16 kB
.pkg03-fullpage-tools/production/assets/chevrons-up-down-CiqUnqjn.js                         0.17 kB │ gzip:   0.16 kB
.pkg03-fullpage-tools/production/assets/power-CF09Rd-V.js                                    0.17 kB │ gzip:   0.16 kB
.pkg03-fullpage-tools/production/assets/user-round-0rdKcEDJ.js                               0.18 kB │ gzip:   0.17 kB
.pkg03-fullpage-tools/production/assets/gauge-Ba3tiVT_.js                                    0.18 kB │ gzip:   0.16 kB
.pkg03-fullpage-tools/production/assets/circle-dot-DotEJ4jL.js                               0.18 kB │ gzip:   0.15 kB
.pkg03-fullpage-tools/production/assets/clock-DOGKkihs.js                                    0.18 kB │ gzip:   0.17 kB
.pkg03-fullpage-tools/production/assets/message-square-D1kLQ7JA.js                           0.18 kB │ gzip:   0.17 kB
.pkg03-fullpage-tools/production/assets/check-check-x2y98KPl.js                              0.18 kB │ gzip:   0.17 kB
.pkg03-fullpage-tools/production/assets/clock-3-B4fR9qWv.js                                  0.18 kB │ gzip:   0.17 kB
.pkg03-fullpage-tools/production/assets/chart-line-CcCEmg6o.js                               0.18 kB │ gzip:   0.17 kB
.pkg03-fullpage-tools/production/assets/circle-slash-UPBxoEcV.js                             0.18 kB │ gzip:   0.17 kB
.pkg03-fullpage-tools/production/assets/reply-DHKu-E9q.js                                    0.18 kB │ gzip:   0.18 kB
.pkg03-fullpage-tools/production/assets/circle-check-big-cyEWSQ-z.js                         0.19 kB │ gzip:   0.18 kB
.pkg03-fullpage-tools/production/assets/circle-play-CsWKGWZj.js                              0.19 kB │ gzip:   0.17 kB
.pkg03-fullpage-tools/production/assets/user-BbOjCGG_.js                                     0.19 kB │ gzip:   0.18 kB
.pkg03-fullpage-tools/production/assets/megaphone-BAScUN_F.js                                0.19 kB │ gzip:   0.18 kB
.pkg03-fullpage-tools/production/assets/skip-forward-DjJB8JXg.js                             0.20 kB │ gzip:   0.18 kB
.pkg03-fullpage-tools/production/assets/smartphone-WsXzxg38.js                               0.20 kB │ gzip:   0.18 kB
.pkg03-fullpage-tools/production/assets/info-C9Uswwk0.js                                     0.20 kB │ gzip:   0.17 kB
.pkg03-fullpage-tools/production/assets/rotate-ccw-7cVFEECj.js                               0.20 kB │ gzip:   0.18 kB
.pkg03-fullpage-tools/production/assets/rotate-cw-CfcdtJoX.js                                0.20 kB │ gzip:   0.18 kB
.pkg03-fullpage-tools/production/assets/lock-BbMoUnUU.js                                     0.20 kB │ gzip:   0.19 kB
.pkg03-fullpage-tools/production/assets/circle-x-BcfjpOYx.js                                 0.20 kB │ gzip:   0.17 kB
.pkg03-fullpage-tools/production/assets/circle-plus-BBZSP4Qn.js                              0.20 kB │ gzip:   0.17 kB
.pkg03-fullpage-tools/production/assets/chart-palette-BuldC4kO.js                            0.20 kB │ gzip:   0.13 kB
.pkg03-fullpage-tools/production/assets/trending-up-DC2EsavO.js                              0.20 kB │ gzip:   0.18 kB
.pkg03-fullpage-tools/production/assets/utils-COkJOzsg.js                                    0.20 kB │ gzip:   0.16 kB
.pkg03-fullpage-tools/production/assets/credit-card-akfKdi6n.js                              0.21 kB │ gzip:   0.18 kB
.pkg03-fullpage-tools/production/assets/arrow-up-from-line-CNf3EMfX.js                       0.21 kB │ gzip:   0.17 kB
.pkg03-fullpage-tools/production/assets/arrow-down-to-line-Dp1BfpY_.js                       0.21 kB │ gzip:   0.18 kB
.pkg03-fullpage-tools/production/assets/redo-2-BychD_Vo.js                                   0.21 kB │ gzip:   0.18 kB
.pkg03-fullpage-tools/production/assets/trending-down-C2a4GA0R.js                            0.21 kB │ gzip:   0.17 kB
.pkg03-fullpage-tools/production/assets/undo-2-sP62O0T5.js                                   0.21 kB │ gzip:   0.18 kB
.pkg03-fullpage-tools/production/assets/droplet-Fpt9BOQn.js                                  0.21 kB │ gzip:   0.19 kB
.pkg03-fullpage-tools/production/assets/lock-open-CON9vsR2.js                                0.21 kB │ gzip:   0.19 kB
.pkg03-fullpage-tools/production/assets/mail-DUN-7q2L.js                                     0.21 kB │ gzip:   0.20 kB
.pkg03-fullpage-tools/production/assets/it-module-shell-Cq8Pndvb.js                          0.21 kB │ gzip:   0.19 kB
.pkg03-fullpage-tools/production/assets/battery-CatN_y3P.js                                  0.21 kB │ gzip:   0.18 kB
.pkg03-fullpage-tools/production/assets/pause-CLXRtsC_.js                                    0.21 kB │ gzip:   0.16 kB
.pkg03-fullpage-tools/production/assets/circle-arrow-up-COj_uBoC.js                          0.21 kB │ gzip:   0.18 kB
.pkg03-fullpage-tools/production/assets/circle-arrow-down-B6l7Rtfl.js                        0.21 kB │ gzip:   0.18 kB
.pkg03-fullpage-tools/production/assets/pill-DbQ4fETt.js                                     0.21 kB │ gzip:   0.18 kB
.pkg03-fullpage-tools/production/assets/table-2-C829PpZB.js                                  0.21 kB │ gzip:   0.18 kB
.pkg03-fullpage-tools/production/assets/site-profile-dialog-host-BH_OdoAm.js                 0.21 kB │ gzip:   0.19 kB
.pkg03-fullpage-tools/production/assets/dollar-sign-CLmdk2kf.js                              0.22 kB │ gzip:   0.19 kB
.pkg03-fullpage-tools/production/assets/file-BBcRB2WT.js                                     0.22 kB │ gzip:   0.18 kB
.pkg03-fullpage-tools/production/assets/laptop-DF-vZeP_.js                                   0.22 kB │ gzip:   0.19 kB
.pkg03-fullpage-tools/production/assets/flag-BQUp0G7Z.js                                     0.22 kB │ gzip:   0.20 kB
.pkg03-fullpage-tools/production/assets/rows-3-yC-xn37h.js                                   0.22 kB │ gzip:   0.18 kB
.pkg03-fullpage-tools/production/assets/rss-CMmIDaIM.js                                      0.22 kB │ gzip:   0.18 kB
.pkg03-fullpage-tools/production/assets/briefcase-CuA2ePfU.js                                0.22 kB │ gzip:   0.20 kB
.pkg03-fullpage-tools/production/assets/ellipsis-C6LSg24z.js                                 0.22 kB │ gzip:   0.16 kB
.pkg03-fullpage-tools/production/assets/target-Domtc58l.js                                   0.22 kB │ gzip:   0.16 kB
.pkg03-fullpage-tools/production/assets/columns-3-SdHzkjR9.js                                0.22 kB │ gzip:   0.19 kB
.pkg03-fullpage-tools/production/assets/git-merge-DW3_1RLK.js                                0.22 kB │ gzip:   0.18 kB
.pkg03-fullpage-tools/production/assets/square-check-big-D9y8HqGA.js                         0.22 kB │ gzip:   0.19 kB
.pkg03-fullpage-tools/production/assets/sticky-note-B8iNsd0t.js                              0.22 kB │ gzip:   0.18 kB
.pkg03-fullpage-tools/production/assets/folder-D-vRzYrQ.js                                   0.23 kB │ gzip:   0.19 kB
.pkg03-fullpage-tools/production/assets/ellipsis-vertical-BDyX3wPy.js                        0.23 kB │ gzip:   0.17 kB
.pkg03-fullpage-tools/production/assets/vote-B9eET_Sn.js                                     0.23 kB │ gzip:   0.19 kB
.pkg03-fullpage-tools/production/assets/copy-Dd8fVN0O.js                                     0.23 kB │ gzip:   0.20 kB
.pkg03-fullpage-tools/production/assets/door-closed-zKvMkoJW.js                              0.23 kB │ gzip:   0.19 kB
.pkg03-fullpage-tools/production/assets/user-round-check-CGUZTObq.js                         0.23 kB │ gzip:   0.21 kB
.pkg03-fullpage-tools/production/assets/circle-user-round-D0VSDWjU.js                        0.23 kB │ gzip:   0.19 kB
.pkg03-fullpage-tools/production/assets/circle-help-BFzcgJWx.js                              0.23 kB │ gzip:   0.20 kB
.pkg03-fullpage-tools/production/assets/ear-J3oLHqoo.js                                      0.23 kB │ gzip:   0.19 kB
.pkg03-fullpage-tools/production/assets/activity-B53eYpeJ.js                                 0.23 kB │ gzip:   0.20 kB
.pkg03-fullpage-tools/production/assets/pen-DGGnwx2o.js                                      0.23 kB │ gzip:   0.20 kB
.pkg03-fullpage-tools/production/assets/history-rEUnl9nh.js                                  0.24 kB │ gzip:   0.19 kB
.pkg03-fullpage-tools/production/assets/globe-BfnLyplt.js                                    0.24 kB │ gzip:   0.19 kB
.pkg03-fullpage-tools/production/assets/timer-iff7fuQl.js                                    0.24 kB │ gzip:   0.18 kB
.pkg03-fullpage-tools/production/assets/banknote-BS4644T9.js                                 0.24 kB │ gzip:   0.20 kB
.pkg03-fullpage-tools/production/assets/heart-D-qNrKmD.js                                    0.24 kB │ gzip:   0.21 kB
.pkg03-fullpage-tools/production/assets/link-2-BRpxXhiX.js                                   0.24 kB │ gzip:   0.21 kB
.pkg03-fullpage-tools/production/assets/menu-JC-4qFps.js                                     0.24 kB │ gzip:   0.17 kB
.pkg03-fullpage-tools/production/assets/database-C6pCJ0tS.js                                 0.24 kB │ gzip:   0.20 kB
.pkg03-fullpage-tools/production/assets/arrow-down-up-BNjCbaHl.js                            0.24 kB │ gzip:   0.19 kB
.pkg03-fullpage-tools/production/assets/type-CvhSkDXw.js                                     0.24 kB │ gzip:   0.19 kB
.pkg03-fullpage-tools/production/assets/circle-pause-CSKTGaBK.js                             0.24 kB │ gzip:   0.18 kB
.pkg03-fullpage-tools/production/assets/arrow-left-right-BxiyrLpW.js                         0.25 kB │ gzip:   0.19 kB
.pkg03-fullpage-tools/production/assets/compass-CO6Vb4_G.js                                  0.25 kB │ gzip:   0.20 kB
.pkg03-fullpage-tools/production/assets/arrow-right-left-Tz-jwA5C.js                         0.25 kB │ gzip:   0.19 kB
.pkg03-fullpage-tools/production/assets/book-marked-Dt8f37hy.js                              0.25 kB │ gzip:   0.21 kB
.pkg03-fullpage-tools/production/assets/settings-2-CdqLgfOh.js                               0.25 kB │ gzip:   0.19 kB
.pkg03-fullpage-tools/production/assets/users-round-Ch2pHR1k.js                              0.25 kB │ gzip:   0.21 kB
.pkg03-fullpage-tools/production/assets/camera-NvUwJ_nj.js                                   0.25 kB │ gzip:   0.21 kB
.pkg03-fullpage-tools/production/assets/file-warning-C4dyU0z0.js                             0.25 kB │ gzip:   0.19 kB
.pkg03-fullpage-tools/production/assets/video-DpeAzHvX.js                                    0.25 kB │ gzip:   0.21 kB
.pkg03-fullpage-tools/production/assets/route-BsZxD4o3.js                                    0.25 kB │ gzip:   0.20 kB
.pkg03-fullpage-tools/production/assets/circle-alert-4ts_qVUh.js                             0.25 kB │ gzip:   0.19 kB
.pkg03-fullpage-tools/production/assets/mouse-pointer-2-2_QqhHFj.js                          0.25 kB │ gzip:   0.21 kB
.pkg03-fullpage-tools/production/assets/chart-column-Bne0f4nF.js                             0.25 kB │ gzip:   0.19 kB
.pkg03-fullpage-tools/production/assets/external-link-eQkrIKan.js                            0.25 kB │ gzip:   0.20 kB
.pkg03-fullpage-tools/production/assets/cloud-upload-BpjPqlAF.js                             0.25 kB │ gzip:   0.21 kB
.pkg03-fullpage-tools/production/assets/shopping-bag-BTSvMOuH.js                             0.25 kB │ gzip:   0.20 kB
.pkg03-fullpage-tools/production/assets/pentagon-BgdYszH8.js                                 0.25 kB │ gzip:   0.20 kB
.pkg03-fullpage-tools/production/assets/eye-uhi-078i.js                                      0.25 kB │ gzip:   0.20 kB
.pkg03-fullpage-tools/production/assets/user-check-BZ_Cdsh8.js                               0.25 kB │ gzip:   0.22 kB
.pkg03-fullpage-tools/production/assets/map-pin-B-bqVyvI.js                                  0.25 kB │ gzip:   0.22 kB
.pkg03-fullpage-tools/production/assets/archive-IYbWL9FT.js                                  0.25 kB │ gzip:   0.21 kB
.pkg03-fullpage-tools/production/assets/lock-keyhole-yn2KzG7s.js                             0.25 kB │ gzip:   0.22 kB
.pkg03-fullpage-tools/production/assets/message-square-plus-DzeBehTU.js                      0.25 kB │ gzip:   0.20 kB
.pkg03-fullpage-tools/production/assets/circle-user-IS6dLMzR.js                              0.25 kB │ gzip:   0.20 kB
.pkg03-fullpage-tools/production/assets/message-square-text-Dkj73DXU.js                      0.25 kB │ gzip:   0.19 kB
.pkg03-fullpage-tools/production/assets/user-minus-BteeyKW6.js                               0.25 kB │ gzip:   0.22 kB
.pkg03-fullpage-tools/production/assets/file-check-2-BIZq9nV4.js                             0.25 kB │ gzip:   0.20 kB
.pkg03-fullpage-tools/production/assets/messages-square-C5Eqbh-g.js                          0.25 kB │ gzip:   0.20 kB
.pkg03-fullpage-tools/production/assets/link-DwYy_Usi.js                                     0.26 kB │ gzip:   0.19 kB
.pkg03-fullpage-tools/production/assets/hr-hero-CHSzNdBy.js                                  0.26 kB │ gzip:   0.22 kB
.pkg03-fullpage-tools/production/assets/wrench-DjNXmpwH.js                                   0.26 kB │ gzip:   0.20 kB
.pkg03-fullpage-tools/production/assets/upload-0IMW74a-.js                                   0.26 kB │ gzip:   0.22 kB
.pkg03-fullpage-tools/production/assets/calendar-Bp8Qjshu.js                                 0.26 kB │ gzip:   0.20 kB
.pkg03-fullpage-tools/production/assets/log-out-D4ADtel7.js                                  0.26 kB │ gzip:   0.22 kB
.pkg03-fullpage-tools/production/assets/ticket-check-QKWIYRdk.js                             0.26 kB │ gzip:   0.20 kB
.pkg03-fullpage-tools/production/assets/log-in-Di-Hbibd.js                                   0.26 kB │ gzip:   0.22 kB
.pkg03-fullpage-tools/production/assets/file-minus-Ddk2q5kv.js                               0.26 kB │ gzip:   0.19 kB
.pkg03-fullpage-tools/production/assets/monitor-DyYyAK_1.js                                  0.26 kB │ gzip:   0.20 kB
.pkg03-fullpage-tools/production/assets/message-square-warning-B8OH0qdv.js                   0.26 kB │ gzip:   0.20 kB
.pkg03-fullpage-tools/production/assets/utensils-DbiLVFyd.js                                 0.26 kB │ gzip:   0.20 kB
.pkg03-fullpage-tools/production/assets/download-E9BTcLLE.js                                 0.26 kB │ gzip:   0.22 kB
.pkg03-fullpage-tools/production/assets/zap-BxTNjI4S.js                                      0.26 kB │ gzip:   0.21 kB
.pkg03-fullpage-tools/production/assets/triangle-alert-e96VXejU.js                           0.26 kB │ gzip:   0.21 kB
.pkg03-fullpage-tools/production/assets/leaf-CyQoh2wR.js                                     0.26 kB │ gzip:   0.22 kB
.pkg03-fullpage-tools/production/assets/file-check-C6PIYqZ6.js                               0.26 kB │ gzip:   0.20 kB
.pkg03-fullpage-tools/production/assets/workflow-DOP58FUS.js                                 0.26 kB │ gzip:   0.20 kB
.pkg03-fullpage-tools/production/assets/mic-CWIcg5rg.js                                      0.26 kB │ gzip:   0.21 kB
.pkg03-fullpage-tools/production/assets/shield-BTAXgfIy.js                                   0.27 kB │ gzip:   0.22 kB
.pkg03-fullpage-tools/production/assets/list-plus-M-DLKaES.js                                0.27 kB │ gzip:   0.19 kB
.pkg03-fullpage-tools/production/assets/battery-low-KzsruUNs.js                              0.27 kB │ gzip:   0.20 kB
.pkg03-fullpage-tools/production/assets/timer-reset-oXsa1adR.js                              0.27 kB │ gzip:   0.21 kB
.pkg03-fullpage-tools/production/assets/award-D6FI1mYa.js                                    0.27 kB │ gzip:   0.22 kB
.pkg03-fullpage-tools/production/assets/eraser-BVj0GacV.js                                   0.27 kB │ gzip:   0.22 kB
.pkg03-fullpage-tools/production/assets/image-DCu5UVX6.js                                    0.27 kB │ gzip:   0.22 kB
.pkg03-fullpage-tools/production/assets/repeat-CH9g9jrB.js                                   0.27 kB │ gzip:   0.20 kB
.pkg03-fullpage-tools/production/assets/arrow-up-DbGkgbLG.js                                 0.27 kB │ gzip:   0.20 kB
.pkg03-fullpage-tools/production/assets/flame-D5FF23L9.js                                    0.27 kB │ gzip:   0.22 kB
.pkg03-fullpage-tools/production/assets/git-branch--EzuMMed.js                               0.27 kB │ gzip:   0.22 kB
.pkg03-fullpage-tools/production/assets/pencil-BuodbYxI.js                                   0.28 kB │ gzip:   0.22 kB
.pkg03-fullpage-tools/production/assets/pen-line-0rmquMH7.js                                 0.28 kB │ gzip:   0.22 kB
.pkg03-fullpage-tools/production/assets/list-checks-YPRs5vyu.js                              0.28 kB │ gzip:   0.18 kB
.pkg03-fullpage-tools/production/assets/book-open-V4ahMZEm.js                                0.28 kB │ gzip:   0.20 kB
.pkg03-fullpage-tools/production/assets/file-diff-C1D8UFgQ.js                                0.28 kB │ gzip:   0.20 kB
.pkg03-fullpage-tools/production/assets/wifi-IdrbD8yL.js                                     0.28 kB │ gzip:   0.20 kB
.pkg03-fullpage-tools/production/assets/lightbulb-Bp_lUbgb.js                                0.28 kB │ gzip:   0.22 kB
.pkg03-fullpage-tools/production/assets/file-plus-2-ChGp9Wrw.js                              0.28 kB │ gzip:   0.21 kB
.pkg03-fullpage-tools/production/assets/layout-template-KgMtTekE.js                          0.28 kB │ gzip:   0.19 kB
.pkg03-fullpage-tools/production/assets/inbox-DbFs8Q-L.js                                    0.29 kB │ gzip:   0.23 kB
.pkg03-fullpage-tools/production/assets/wallet-BOo-byBt.js                                   0.29 kB │ gzip:   0.20 kB
.pkg03-fullpage-tools/production/assets/shopping-cart-DUyynr9l.js                            0.29 kB │ gzip:   0.23 kB
.pkg03-fullpage-tools/production/assets/shirt-CpwY_GuK.js                                    0.29 kB │ gzip:   0.23 kB
.pkg03-fullpage-tools/production/assets/files-CGqYGejQ.js                                    0.29 kB │ gzip:   0.21 kB
.pkg03-fullpage-tools/production/assets/house-DNW_ykmN.js                                    0.29 kB │ gzip:   0.22 kB
.pkg03-fullpage-tools/production/assets/bell-yGh81WJX.js                                     0.29 kB │ gzip:   0.23 kB
.pkg03-fullpage-tools/production/assets/use-initials-U-N8N3-N.js                             0.29 kB │ gzip:   0.20 kB
.pkg03-fullpage-tools/production/assets/send-mLQ6tEY_.js                                     0.29 kB │ gzip:   0.23 kB
.pkg03-fullpage-tools/production/assets/folder-open-BlEhLAJj.js                              0.29 kB │ gzip:   0.22 kB
.pkg03-fullpage-tools/production/assets/receipt-DO6LdzHK.js                                  0.29 kB │ gzip:   0.21 kB
.pkg03-fullpage-tools/production/assets/governance-permissions-oQG3y2Ya.js                   0.29 kB │ gzip:   0.19 kB
.pkg03-fullpage-tools/production/assets/link-2-off-BshObUYo.js                               0.29 kB │ gzip:   0.22 kB
.pkg03-fullpage-tools/production/assets/smile-CHliXkLR.js                                    0.29 kB │ gzip:   0.21 kB
.pkg03-fullpage-tools/production/assets/grid-3x3-ChvTjxcY.js                                 0.29 kB │ gzip:   0.21 kB
.pkg03-fullpage-tools/production/assets/bed-double-B2_oqwla.js                               0.30 kB │ gzip:   0.20 kB
.pkg03-fullpage-tools/production/assets/heart-crack-CxRS_WJW.js                              0.30 kB │ gzip:   0.24 kB
.pkg03-fullpage-tools/production/assets/hash-Bda5vtkr.js                                     0.30 kB │ gzip:   0.19 kB
.pkg03-fullpage-tools/production/assets/receipt-text-1WeXan7t.js                             0.30 kB │ gzip:   0.20 kB
.pkg03-fullpage-tools/production/assets/maximize-2-Ba1I8Xkc.js                               0.30 kB │ gzip:   0.21 kB
.pkg03-fullpage-tools/production/assets/list-todo-D9Xv-Ot6.js                                0.30 kB │ gzip:   0.22 kB
.pkg03-fullpage-tools/production/assets/paperclip-7EhTlfLk.js                                0.30 kB │ gzip:   0.22 kB
.pkg03-fullpage-tools/production/assets/file-up-4m8nobQf.js                                  0.30 kB │ gzip:   0.21 kB
.pkg03-fullpage-tools/production/assets/gavel-TR35ZzbC.js                                    0.30 kB │ gzip:   0.21 kB
.pkg03-fullpage-tools/production/assets/flask-conical-DvqZn349.js                            0.30 kB │ gzip:   0.23 kB
.pkg03-fullpage-tools/production/assets/thumbs-up-DozFcy1k.js                                0.30 kB │ gzip:   0.24 kB
.pkg03-fullpage-tools/production/assets/list--5Bp1Yt8.js                                     0.30 kB │ gzip:   0.18 kB
.pkg03-fullpage-tools/production/assets/file-down-CsuwyHNE.js                                0.30 kB │ gzip:   0.21 kB
.pkg03-fullpage-tools/production/assets/thumbs-down-CYubn-dL.js                              0.30 kB │ gzip:   0.24 kB
.pkg03-fullpage-tools/production/assets/clipboard-check-Ab6SE1QN.js                          0.30 kB │ gzip:   0.23 kB
.pkg03-fullpage-tools/production/assets/file-clock-D5gy28fO.js                               0.30 kB │ gzip:   0.23 kB
.pkg03-fullpage-tools/production/assets/users-BtHLnf5l.js                                    0.30 kB │ gzip:   0.23 kB
.pkg03-fullpage-tools/production/assets/calendar-check-f-1QhOBF.js                           0.30 kB │ gzip:   0.22 kB
.pkg03-fullpage-tools/production/assets/coffee-WsJ-H-67.js                                   0.30 kB │ gzip:   0.21 kB
.pkg03-fullpage-tools/production/assets/user-x-0k1bQFQF.js                                   0.30 kB │ gzip:   0.23 kB
.pkg03-fullpage-tools/production/assets/folder-plus-Bfe_rwtB.js                              0.30 kB │ gzip:   0.23 kB
.pkg03-fullpage-tools/production/assets/chef-hat-DB4lboJC.js                                 0.31 kB │ gzip:   0.24 kB
.pkg03-fullpage-tools/production/assets/user-plus-JbmRI-xb.js                                0.31 kB │ gzip:   0.23 kB
.pkg03-fullpage-tools/production/assets/box-RNBigZjB.js                                      0.31 kB │ gzip:   0.22 kB
.pkg03-fullpage-tools/production/assets/heart-pulse-BftCkJJC.js                              0.31 kB │ gzip:   0.25 kB
.pkg03-fullpage-tools/production/assets/piggy-bank-itLH8Qn6.js                               0.31 kB │ gzip:   0.25 kB
.pkg03-fullpage-tools/production/assets/badge-check-BXgzukpO.js                              0.31 kB │ gzip:   0.21 kB
.pkg03-fullpage-tools/production/assets/hard-hat-DcDvQl5v.js                                 0.32 kB │ gzip:   0.23 kB
.pkg03-fullpage-tools/production/assets/shield-check-WsHvAl-L.js                             0.32 kB │ gzip:   0.25 kB
.pkg03-fullpage-tools/production/assets/printer-C_FoHdxy.js                                  0.32 kB │ gzip:   0.23 kB
.pkg03-fullpage-tools/production/assets/square-pen-Xia4Mk0z.js                               0.32 kB │ gzip:   0.24 kB
.pkg03-fullpage-tools/production/assets/refresh-ccw-CRI--YpD.js                              0.32 kB │ gzip:   0.22 kB
.pkg03-fullpage-tools/production/assets/ticket-OVOR0F_q.js                                   0.32 kB │ gzip:   0.21 kB
.pkg03-fullpage-tools/production/assets/tag-Df6xm8pe.js                                      0.32 kB │ gzip:   0.25 kB
.pkg03-fullpage-tools/production/assets/hand-helping-D3AbAEEj.js                             0.32 kB │ gzip:   0.25 kB
.pkg03-fullpage-tools/production/assets/id-card-CtybI7iv.js                                  0.32 kB │ gzip:   0.24 kB
.pkg03-fullpage-tools/production/assets/mail-warning-CyU_9EnF.js                             0.32 kB │ gzip:   0.23 kB
.pkg03-fullpage-tools/production/assets/save-DSEaReVQ.js                                     0.33 kB │ gzip:   0.23 kB
.pkg03-fullpage-tools/production/assets/scan-line-Dw-d6amq.js                                0.33 kB │ gzip:   0.22 kB
.pkg03-fullpage-tools/production/assets/graduation-cap-ByLpawS-.js                           0.33 kB │ gzip:   0.24 kB
.pkg03-fullpage-tools/production/assets/list-ordered-BIwe_zw2.js                             0.33 kB │ gzip:   0.21 kB
.pkg03-fullpage-tools/production/assets/file-text-CJSv_sqJ.js                                0.33 kB │ gzip:   0.21 kB
.pkg03-fullpage-tools/production/assets/book-open-check-BaI35sGn.js                          0.33 kB │ gzip:   0.23 kB
.pkg03-fullpage-tools/production/assets/clipboard-plus-BrvDLuet.js                           0.33 kB │ gzip:   0.24 kB
.pkg03-fullpage-tools/production/assets/alarm-clock-CrOJ3ENU.js                              0.33 kB │ gzip:   0.23 kB
.pkg03-fullpage-tools/production/assets/contact-hDx0dIoZ.js                                  0.33 kB │ gzip:   0.24 kB
.pkg03-fullpage-tools/production/assets/calendar-x-RI0kcvBc.js                               0.34 kB │ gzip:   0.23 kB
.pkg03-fullpage-tools/production/assets/accessibility-C_vmQQNS.js                            0.34 kB │ gzip:   0.24 kB
.pkg03-fullpage-tools/production/assets/archive-restore-CP2b5urB.js                          0.34 kB │ gzip:   0.24 kB
.pkg03-fullpage-tools/production/assets/stethoscope-BGHBfUSP.js                              0.34 kB │ gzip:   0.24 kB
.pkg03-fullpage-tools/production/assets/shield-plus-B4scmxpp.js                              0.34 kB │ gzip:   0.25 kB
.pkg03-fullpage-tools/production/assets/layout-grid-DAnsts_j.js                              0.34 kB │ gzip:   0.19 kB
.pkg03-fullpage-tools/production/assets/pin-BPWzdY2j.js                                      0.35 kB │ gzip:   0.24 kB
.pkg03-fullpage-tools/production/assets/file-image-D_dnkjb8.js                               0.35 kB │ gzip:   0.25 kB
.pkg03-fullpage-tools/production/assets/scroll-text-CALaIGQU.js                              0.35 kB │ gzip:   0.23 kB
.pkg03-fullpage-tools/production/assets/key-round-DSXJbvcd.js                                0.35 kB │ gzip:   0.25 kB
.pkg03-fullpage-tools/production/assets/layout-dashboard-E98qIiSr.js                         0.35 kB │ gzip:   0.21 kB
.pkg03-fullpage-tools/production/assets/shield-alert-DVvOxdCR.js                             0.35 kB │ gzip:   0.26 kB
.pkg03-fullpage-tools/production/assets/file-chart-column-increasing-BkfyqPrM.js             0.35 kB │ gzip:   0.23 kB
.pkg03-fullpage-tools/production/assets/webhook-DYknL3V1.js                                  0.35 kB │ gzip:   0.26 kB
.pkg03-fullpage-tools/production/assets/crosshair-bP7pBEKl.js                                0.35 kB │ gzip:   0.21 kB
.pkg03-fullpage-tools/production/assets/calendar-plus-Bw4mnmJm.js                            0.35 kB │ gzip:   0.23 kB
.pkg03-fullpage-tools/production/assets/shield-x-D9PHAnD2.js                                 0.36 kB │ gzip:   0.26 kB
.pkg03-fullpage-tools/production/assets/gift-LiX4v4g7.js                                     0.36 kB │ gzip:   0.25 kB
.pkg03-fullpage-tools/production/assets/trash-2-COEJCj0F.js                                  0.36 kB │ gzip:   0.25 kB
.pkg03-fullpage-tools/production/assets/calendar-x-2-DsTv-bxV.js                             0.36 kB │ gzip:   0.23 kB
.pkg03-fullpage-tools/production/assets/bell-plus-Dste4557.js                                0.36 kB │ gzip:   0.26 kB
.pkg03-fullpage-tools/production/assets/layout-list-C8JA00GG.js                              0.36 kB │ gzip:   0.22 kB
.pkg03-fullpage-tools/production/assets/warehouse-m20hY4ug.js                                0.36 kB │ gzip:   0.25 kB
.pkg03-fullpage-tools/production/assets/utensils-crossed-D4TCpKgK.js                         0.36 kB │ gzip:   0.25 kB
.pkg03-fullpage-tools/production/assets/syringe-B7dIGAWf.js                                  0.36 kB │ gzip:   0.24 kB
.pkg03-fullpage-tools/production/assets/crown-DDejyjj_.js                                    0.36 kB │ gzip:   0.26 kB
.pkg03-fullpage-tools/production/assets/sparkle-CHQG_UOp.js                                  0.36 kB │ gzip:   0.24 kB
.pkg03-fullpage-tools/production/assets/scale-B3lneOry.js                                    0.36 kB │ gzip:   0.23 kB
.pkg03-fullpage-tools/production/assets/grip-vertical-28YnIf1w.js                            0.36 kB │ gzip:   0.19 kB
.pkg03-fullpage-tools/production/assets/fuel-Cq4lRL9d.js                                     0.37 kB │ gzip:   0.24 kB
.pkg03-fullpage-tools/production/assets/door-open-DyE9Wzcn.js                                0.37 kB │ gzip:   0.25 kB
.pkg03-fullpage-tools/production/assets/droplets-CixSDp_F.js                                 0.37 kB │ gzip:   0.27 kB
.pkg03-fullpage-tools/production/assets/hammer-COUFYL5y.js                                   0.37 kB │ gzip:   0.27 kB
.pkg03-fullpage-tools/production/assets/file-pen-CFeJl2gU.js                                 0.37 kB │ gzip:   0.26 kB
.pkg03-fullpage-tools/production/assets/package-ChhCML3N.js                                  0.37 kB │ gzip:   0.25 kB
.pkg03-fullpage-tools/production/assets/index-B0Z-ysPe.js                                    0.37 kB │ gzip:   0.22 kB
.pkg03-fullpage-tools/production/assets/file-spreadsheet-DhUeZirc.js                         0.37 kB │ gzip:   0.23 kB
.pkg03-fullpage-tools/production/assets/life-buoy-CRYuVHhj.js                                0.37 kB │ gzip:   0.22 kB
.pkg03-fullpage-tools/production/assets/calendar-clock-tW4MI1sT.js                           0.38 kB │ gzip:   0.25 kB
.pkg03-fullpage-tools/production/assets/shield-question-B_JPBccC.js                          0.38 kB │ gzip:   0.28 kB
.pkg03-fullpage-tools/production/assets/network-BBDKrMgk.js                                  0.38 kB │ gzip:   0.24 kB
.pkg03-fullpage-tools/production/assets/calendar-off-ByQHQCgs.js                             0.38 kB │ gzip:   0.25 kB
.pkg03-fullpage-tools/production/assets/tags-Cbo91uQK.js                                     0.39 kB │ gzip:   0.28 kB
.pkg03-fullpage-tools/production/assets/baby-Da_ZI8ZX.js                                     0.39 kB │ gzip:   0.26 kB
.pkg03-fullpage-tools/production/assets/hard-drive-OyfbRRxp.js                               0.39 kB │ gzip:   0.26 kB
.pkg03-fullpage-tools/production/assets/job-posting-constants-CneitmEO.js                    0.39 kB │ gzip:   0.23 kB
.pkg03-fullpage-tools/production/assets/file-pen-line-CQEaX12g.js                            0.39 kB │ gzip:   0.26 kB
.pkg03-fullpage-tools/production/assets/phone-CTdfv-x5.js                                    0.39 kB │ gzip:   0.25 kB
.pkg03-fullpage-tools/production/assets/bell-ring-DELnEoyp.js                                0.40 kB │ gzip:   0.28 kB
.pkg03-fullpage-tools/production/assets/map-pinned-C9WQ5eve.js                               0.40 kB │ gzip:   0.29 kB
.pkg03-fullpage-tools/production/assets/shield-off-BHOfVKCJ.js                               0.40 kB │ gzip:   0.28 kB
.pkg03-fullpage-tools/production/assets/truck-CeDvpX8E.js                                    0.40 kB │ gzip:   0.27 kB
.pkg03-fullpage-tools/production/assets/sprout-Coz_EiLA.js                                   0.40 kB │ gzip:   0.28 kB
.pkg03-fullpage-tools/production/assets/car-xFoqTeAa.js                                      0.40 kB │ gzip:   0.28 kB
.pkg03-fullpage-tools/production/assets/locate-fixed-Dv9eI91o.js                             0.40 kB │ gzip:   0.23 kB
.pkg03-fullpage-tools/production/assets/hand-BhSAizLy.js                                     0.41 kB │ gzip:   0.25 kB
.pkg03-fullpage-tools/production/assets/landmark-BH8rGK4A.js                                 0.41 kB │ gzip:   0.23 kB
.pkg03-fullpage-tools/production/assets/hand-coins-D63FIzxw.js                               0.41 kB │ gzip:   0.28 kB
.pkg03-fullpage-tools/production/assets/clipboard-list-B6HmxlVF.js                           0.41 kB │ gzip:   0.26 kB
.pkg03-fullpage-tools/production/assets/transport-medication-replay-CSsDNjEb.js              0.41 kB │ gzip:   0.29 kB
.pkg03-fullpage-tools/production/assets/loader-CGrdzNdg.js                                   0.41 kB │ gzip:   0.24 kB
.pkg03-fullpage-tools/production/assets/mouse-pointer-click-_cQGgaNG.js                      0.41 kB │ gzip:   0.28 kB
.pkg03-fullpage-tools/production/assets/calendar-range-CV_cqSNC.js                           0.41 kB │ gzip:   0.25 kB
.pkg03-fullpage-tools/production/assets/waypoints-CvRfaUtC.js                                0.41 kB │ gzip:   0.25 kB
.pkg03-fullpage-tools/production/assets/layers-BDIOYu74.js                                   0.42 kB │ gzip:   0.24 kB
.pkg03-fullpage-tools/production/assets/mic-off-CgkQXqjy.js                                  0.42 kB │ gzip:   0.27 kB
.pkg03-fullpage-tools/production/assets/waves-CQ0Hvv_b.js                                    0.42 kB │ gzip:   0.21 kB
.pkg03-fullpage-tools/production/assets/skeleton-CDTEQwaO.js                                 0.42 kB │ gzip:   0.32 kB
.pkg03-fullpage-tools/production/assets/package-check-Q7MZcZQB.js                            0.42 kB │ gzip:   0.29 kB
.pkg03-fullpage-tools/production/assets/octagon-alert-qVo3fpJz.js                            0.43 kB │ gzip:   0.25 kB
.pkg03-fullpage-tools/production/assets/cable-CRenyykK.js                                    0.43 kB │ gzip:   0.25 kB
.pkg03-fullpage-tools/production/assets/eye-off-VB1HnADa.js                                  0.43 kB │ gzip:   0.27 kB
.pkg03-fullpage-tools/production/assets/building-2-BepLbH1G.js                               0.44 kB │ gzip:   0.25 kB
.pkg03-fullpage-tools/production/assets/heading-small-B1QYXXBZ.js                            0.44 kB │ gzip:   0.32 kB
.pkg03-fullpage-tools/production/assets/handshake-acp5lBiZ.js                                0.45 kB │ gzip:   0.28 kB
.pkg03-fullpage-tools/production/assets/hand-heart-DzFqpbZv.js                               0.45 kB │ gzip:   0.31 kB
.pkg03-fullpage-tools/production/assets/bus-DoPVzDOT.js                                      0.45 kB │ gzip:   0.28 kB
.pkg03-fullpage-tools/production/assets/footprints-8mVr1zft.js                               0.45 kB │ gzip:   0.30 kB
.pkg03-fullpage-tools/production/assets/radio-tower-BF_-fFGf.js                              0.45 kB │ gzip:   0.29 kB
.pkg03-fullpage-tools/production/assets/input-error-DCYErTdJ.js                              0.46 kB │ gzip:   0.32 kB
.pkg03-fullpage-tools/production/assets/wifi-off-DkA5aET2.js                                 0.46 kB │ gzip:   0.27 kB
.pkg03-fullpage-tools/production/assets/scan-eye-BzdBwYma.js                                 0.46 kB │ gzip:   0.28 kB
.pkg03-fullpage-tools/production/assets/heart-handshake-CS9qceyr.js                          0.46 kB │ gzip:   0.31 kB
.pkg03-fullpage-tools/production/assets/spinner-VEIIp56d.js                                  0.46 kB │ gzip:   0.34 kB
.pkg03-fullpage-tools/production/assets/person-standing-BMkEN7Bl.js                          0.46 kB │ gzip:   0.31 kB
.pkg03-fullpage-tools/production/assets/trophy-BxQ9OFKK.js                                   0.46 kB │ gzip:   0.28 kB
.pkg03-fullpage-tools/production/assets/pen-tool-B2KxJy_8.js                                 0.47 kB │ gzip:   0.30 kB
.pkg03-fullpage-tools/production/assets/siren-veOH4X9p.js                                    0.47 kB │ gzip:   0.27 kB
.pkg03-fullpage-tools/production/assets/star-DoRQLac0.js                                     0.47 kB │ gzip:   0.29 kB
.pkg03-fullpage-tools/production/assets/sun-Bjz3PUDo.js                                      0.47 kB │ gzip:   0.26 kB
.pkg03-fullpage-tools/production/assets/notebook-pen-DCzyCFwJ.js                             0.47 kB │ gzip:   0.28 kB
.pkg03-fullpage-tools/production/assets/cake-Bz4hfhlZ.js                                     0.49 kB │ gzip:   0.26 kB
.pkg03-fullpage-tools/production/assets/cctv-BGDms4Fr.js                                     0.49 kB │ gzip:   0.30 kB
.pkg03-fullpage-tools/production/assets/calendar-days-DmqIds1t.js                            0.49 kB │ gzip:   0.26 kB
.pkg03-fullpage-tools/production/assets/cpu-C1AcZfoO.js                                      0.50 kB │ gzip:   0.26 kB
.pkg03-fullpage-tools/production/assets/radar-CD8mKjsI.js                                    0.50 kB │ gzip:   0.30 kB
.pkg03-fullpage-tools/production/assets/sparkles-e8oyJwly.js                                 0.51 kB │ gzip:   0.30 kB
.pkg03-fullpage-tools/production/assets/wand-sparkles-QJd3GO_R.js                            0.51 kB │ gzip:   0.29 kB
.pkg03-fullpage-tools/production/assets/ambulance-zpc-ilBU.js                                0.51 kB │ gzip:   0.31 kB
.pkg03-fullpage-tools/production/assets/_helpers-Ayp0jCez.js                                 0.51 kB │ gzip:   0.33 kB
.pkg03-fullpage-tools/production/assets/unlink-BwhKgVep.js                                   0.53 kB │ gzip:   0.30 kB
.pkg03-fullpage-tools/production/assets/calculator-DXPurXXx.js                               0.53 kB │ gzip:   0.28 kB
.pkg03-fullpage-tools/production/assets/circle-dashed-BzU745Xa.js                            0.57 kB │ gzip:   0.28 kB
.pkg03-fullpage-tools/production/assets/use-alert-workspace-focus-return-DGVRYbyO.js         0.58 kB │ gzip:   0.35 kB
.pkg03-fullpage-tools/production/assets/package-open-CMfqp1_Q.js                             0.58 kB │ gzip:   0.33 kB
.pkg03-fullpage-tools/production/assets/i18n-B4QPyQMQ.js                                     0.58 kB │ gzip:   0.39 kB
.pkg03-fullpage-tools/production/assets/user-cog-DJEkj8tb.js                                 0.58 kB │ gzip:   0.31 kB
.pkg03-fullpage-tools/production/assets/sliders-horizontal-S6wrEbsZ.js                       0.58 kB │ gzip:   0.26 kB
.pkg03-fullpage-tools/production/assets/send-to-back-DiCfG2OK.js                             0.58 kB │ gzip:   0.31 kB
.pkg03-fullpage-tools/production/assets/fingerprint-D1m_56lq.js                              0.60 kB │ gzip:   0.35 kB
.pkg03-fullpage-tools/production/assets/label-DCjEnjsZ.js                                    0.61 kB │ gzip:   0.39 kB
.pkg03-fullpage-tools/production/assets/form-request-errors-BMMGjMkE.js                      0.63 kB │ gzip:   0.36 kB
.pkg03-fullpage-tools/production/assets/loading-state-C8Ox5mIk.js                            0.64 kB │ gzip:   0.43 kB
.pkg03-fullpage-tools/production/assets/text-link-F7YtsEl0.js                                0.65 kB │ gzip:   0.42 kB
.pkg03-fullpage-tools/production/assets/qr-code-noL9g0Re.js                                  0.65 kB │ gzip:   0.31 kB
.pkg03-fullpage-tools/production/assets/server-BnesIadX.js                                   0.66 kB │ gzip:   0.37 kB
.pkg03-fullpage-tools/production/assets/collapsible-dZ42gUqn.js                              0.66 kB │ gzip:   0.28 kB
.pkg03-fullpage-tools/production/assets/resident-dot-BLoyRUP7.js                             0.67 kB │ gzip:   0.46 kB
.pkg03-fullpage-tools/production/assets/fleet-stat-card-CTqvAh5W.js                          0.72 kB │ gzip:   0.44 kB
.pkg03-fullpage-tools/production/assets/party-popper-JSmyKUmM.js                             0.72 kB │ gzip:   0.41 kB
.pkg03-fullpage-tools/production/assets/settings-CIliD7CW.js                                 0.72 kB │ gzip:   0.34 kB
.pkg03-fullpage-tools/production/assets/textarea-C_9uu-fb.js                                 0.73 kB │ gzip:   0.47 kB
.pkg03-fullpage-tools/production/assets/meeting-workspace-links-BSKYBk34.js                  0.73 kB │ gzip:   0.40 kB
.pkg03-fullpage-tools/production/assets/brain-CRVupqUk.js                                    0.73 kB │ gzip:   0.35 kB
.pkg03-fullpage-tools/production/assets/separator-DcAv2UUF.js                                0.77 kB │ gzip:   0.45 kB
.pkg03-fullpage-tools/production/assets/page-shell-B7eQidXD.js                               0.77 kB │ gzip:   0.45 kB
.pkg03-fullpage-tools/production/assets/shared-DHJYl7e2.js                                   0.77 kB │ gzip:   0.40 kB
.pkg03-fullpage-tools/production/assets/shared-D3Yvwbxq.js                                   0.77 kB │ gzip:   0.39 kB
.pkg03-fullpage-tools/production/assets/finance-command-results-CpJ0X-ZO.js                  0.78 kB │ gzip:   0.39 kB
.pkg03-fullpage-tools/production/assets/shift-row-types-DQA9BK_P.js                          0.80 kB │ gzip:   0.38 kB
.pkg03-fullpage-tools/production/assets/hr-tabs-D8RBQ2_A.js                                  0.81 kB │ gzip:   0.51 kB
.pkg03-fullpage-tools/production/assets/ops-stat-card-BKPTiVIH.js                            0.81 kB │ gzip:   0.48 kB
.pkg03-fullpage-tools/production/assets/progress-BxLvrMK0.js                                 0.82 kB │ gzip:   0.54 kB
.pkg03-fullpage-tools/production/assets/readable-operational-state-CK8MzJI-.js               0.85 kB │ gzip:   0.45 kB
.pkg03-fullpage-tools/production/assets/boxes-GtmZKAsA.js                                    0.85 kB │ gzip:   0.40 kB
.pkg03-fullpage-tools/production/assets/wizard-DF_QPOrg.js                                   0.87 kB │ gzip:   0.55 kB
.pkg03-fullpage-tools/production/assets/wizard-NNmqhkha.js                                   0.87 kB │ gzip:   0.55 kB
.pkg03-fullpage-tools/production/assets/list-caption-hE5ckvXY.js                             0.91 kB │ gzip:   0.54 kB
.pkg03-fullpage-tools/production/assets/index-CSEUMRIG.js                                    0.92 kB │ gzip:   0.53 kB
.pkg03-fullpage-tools/production/assets/now-rule-P7hRYwwd.js                                 0.95 kB │ gzip:   0.58 kB
.pkg03-fullpage-tools/production/assets/hero-action-button-D-GVyXk8.js                       0.95 kB │ gzip:   0.55 kB
.pkg03-fullpage-tools/production/assets/page-layout-DtSKkYRB.js                              0.97 kB │ gzip:   0.56 kB
.pkg03-fullpage-tools/production/assets/governance-dialog-deep-link-I3Zo213H.js              0.98 kB │ gzip:   0.58 kB
.pkg03-fullpage-tools/production/assets/settings-tabs-CniDz9dF.js                            0.99 kB │ gzip:   0.54 kB
.pkg03-fullpage-tools/production/assets/error-state-BF-R4cCs.js                              1.01 kB │ gzip:   0.62 kB
.pkg03-fullpage-tools/production/assets/use-settings-leave-confirmation-C0S2lrVj.js          1.02 kB │ gzip:   0.61 kB
.pkg03-fullpage-tools/production/assets/presence-dot-CuGnqH3Y.js                             1.04 kB │ gzip:   0.58 kB
.pkg03-fullpage-tools/production/assets/input-49RbooBa.js                                    1.05 kB │ gzip:   0.59 kB
.pkg03-fullpage-tools/production/assets/command-centre-page-DzUQa7bG.js                      1.05 kB │ gzip:   0.59 kB
.pkg03-fullpage-tools/production/assets/switch-DZPR4_MT.js                                   1.06 kB │ gzip:   0.61 kB
.pkg03-fullpage-tools/production/assets/_shared-BN-lC1nz.js                                  1.07 kB │ gzip:   0.56 kB
.pkg03-fullpage-tools/production/assets/governance-work-CPDXtwsY.js                          1.09 kB │ gzip:   0.59 kB
.pkg03-fullpage-tools/production/assets/hover-action-vLW4u2SF.js                             1.09 kB │ gzip:   0.65 kB
.pkg03-fullpage-tools/production/assets/WidgetCard-DTXbs-1E.js                               1.10 kB │ gzip:   0.62 kB
.pkg03-fullpage-tools/production/assets/micro-stats-BKNykt34.js                              1.11 kB │ gzip:   0.61 kB
.pkg03-fullpage-tools/production/assets/confetti-8ALvzRDJ.js                                 1.11 kB │ gzip:   0.65 kB
.pkg03-fullpage-tools/production/assets/avatar-Cz9SiJ4o.js                                   1.14 kB │ gzip:   0.44 kB
.pkg03-fullpage-tools/production/assets/checkbox-CbMoJFif.js                                 1.15 kB │ gzip:   0.63 kB
.pkg03-fullpage-tools/production/assets/GovernanceHomeRail-CpbaLsXr.js                       1.21 kB │ gzip:   0.68 kB
.pkg03-fullpage-tools/production/assets/_confirm-action-CxjMs0-U.js                          1.24 kB │ gzip:   0.70 kB
.pkg03-fullpage-tools/production/assets/wizard-stepper-CfW-JP2s.js                           1.24 kB │ gzip:   0.67 kB
.pkg03-fullpage-tools/production/assets/handover-person-notes-CbHlG0Rx.js                    1.25 kB │ gzip:   0.63 kB
.pkg03-fullpage-tools/production/assets/task-api-LDQPp0GA.js                                 1.27 kB │ gzip:   0.81 kB
.pkg03-fullpage-tools/production/assets/_types-Bdo8GrIg.js                                   1.29 kB │ gzip:   0.67 kB
.pkg03-fullpage-tools/production/assets/_attachments-y8Rx-80S.js                             1.30 kB │ gzip:   0.73 kB
.pkg03-fullpage-tools/production/assets/medication-stock-governance-C5VIWPFO.js              1.30 kB │ gzip:   0.60 kB
.pkg03-fullpage-tools/production/assets/radio-group-Dl07Ubdo.js                              1.31 kB │ gzip:   0.65 kB
.pkg03-fullpage-tools/production/assets/DiscardDraftDialog-jlzcBGDD.js                       1.32 kB │ gzip:   0.76 kB
.pkg03-fullpage-tools/production/assets/staff-avatar-rubBdpTF.js                             1.32 kB │ gzip:   0.79 kB
.pkg03-fullpage-tools/production/assets/workflow-ribbon-DacghbOY.js                          1.33 kB │ gzip:   0.68 kB
.pkg03-fullpage-tools/production/assets/stream-grouping-DxjzPWpi.js                          1.35 kB │ gzip:   0.73 kB
.pkg03-fullpage-tools/production/assets/shift-status-badge-CxPVupz-.js                       1.36 kB │ gzip:   0.67 kB
.pkg03-fullpage-tools/production/assets/timesheet-status-badge-DXEavHR2.js                   1.36 kB │ gzip:   0.66 kB
.pkg03-fullpage-tools/production/assets/fleet-responsive-list-CgDsyRvl.js                    1.38 kB │ gzip:   0.70 kB
.pkg03-fullpage-tools/production/assets/sso-sign-in-buttons-DEFMT42u.js                      1.40 kB │ gzip:   0.71 kB
.pkg03-fullpage-tools/production/assets/site-credentials-CuhrbwjV.js                         1.43 kB │ gzip:   0.75 kB
.pkg03-fullpage-tools/production/assets/_helpers-DwiQF0jk.js                                 1.46 kB │ gzip:   0.80 kB
.pkg03-fullpage-tools/production/assets/fleet-empty-state-Wj7U7KtQ.js                        1.46 kB │ gzip:   0.77 kB
.pkg03-fullpage-tools/production/assets/journey-reference-strip-pm5NcpKt.js                  1.46 kB │ gzip:   0.81 kB
.pkg03-fullpage-tools/production/assets/GovernanceSectionRail-CHfYgwr7.js                    1.47 kB │ gzip:   0.82 kB
.pkg03-fullpage-tools/production/assets/index-DcmOMlk_.js                                    1.50 kB │ gzip:   0.52 kB
.pkg03-fullpage-tools/production/assets/badge-CZnzl86v.js                                    1.53 kB │ gzip:   0.77 kB
.pkg03-fullpage-tools/production/assets/shift-types-DVEv8s_C.js                              1.54 kB │ gzip:   0.78 kB
.pkg03-fullpage-tools/production/assets/date-time-field-BfNU5Ki2.js                          1.54 kB │ gzip:   0.77 kB
.pkg03-fullpage-tools/production/assets/performance-tabs-by9kyfpy.js                         1.55 kB │ gzip:   0.74 kB
.pkg03-fullpage-tools/production/assets/verify-email-bZc1wvnl.js                             1.56 kB │ gzip:   0.83 kB
.pkg03-fullpage-tools/production/assets/confirm-dialog-BbNKEC44.js                           1.57 kB │ gzip:   0.86 kB
.pkg03-fullpage-tools/production/assets/mini-sparkline-D7i7f6lZ.js                           1.58 kB │ gzip:   0.91 kB
.pkg03-fullpage-tools/production/assets/status-badge-BcV9Cyb7.js                             1.61 kB │ gzip:   0.78 kB
.pkg03-fullpage-tools/production/assets/control-room-vocab-06Mjsjiy.js                       1.62 kB │ gzip:   0.64 kB
.pkg03-fullpage-tools/production/assets/popover-ifeG7vZg.js                                  1.64 kB │ gzip:   0.70 kB
.pkg03-fullpage-tools/production/assets/ops-charts-CfZvOWbq.js                               1.65 kB │ gzip:   0.78 kB
.pkg03-fullpage-tools/production/assets/report-incident-dialog-BtQbRocz.js                   1.67 kB │ gzip:   0.87 kB
.pkg03-fullpage-tools/production/assets/alert-CF50OPgI.js                                    1.69 kB │ gzip:   0.74 kB
.pkg03-fullpage-tools/production/assets/alert-status-DSMx6IaI.js                             1.69 kB │ gzip:   0.79 kB
.pkg03-fullpage-tools/production/assets/laravel-pagination-Do10kLfd.js                       1.70 kB │ gzip:   0.84 kB
.pkg03-fullpage-tools/production/assets/money-L4nGavLX.js                                    1.71 kB │ gzip:   0.97 kB
.pkg03-fullpage-tools/production/assets/card-C9LxLdKv.js                                     1.77 kB │ gzip:   0.57 kB
.pkg03-fullpage-tools/production/assets/_helpers-CgH6I3Fs.js                                 1.77 kB │ gzip:   0.76 kB
.pkg03-fullpage-tools/production/assets/documents-tabs-DX0d2oj8.js                           1.78 kB │ gzip:   0.94 kB
.pkg03-fullpage-tools/production/assets/workflow-ribbon-DJaGEk0y.js                          1.80 kB │ gzip:   0.80 kB
.pkg03-fullpage-tools/production/assets/overlay-focus-return-4ESXsuki.js                     1.82 kB │ gzip:   0.89 kB
.pkg03-fullpage-tools/production/assets/tooltip-DVHxUwor.js                                  1.82 kB │ gzip:   0.84 kB
.pkg03-fullpage-tools/production/assets/control-room-alert-row-actions-BqftFUQK.js           1.85 kB │ gzip:   0.68 kB
.pkg03-fullpage-tools/production/assets/options-BwkaeHrx.js                                  1.86 kB │ gzip:   0.72 kB
.pkg03-fullpage-tools/production/assets/my-day-list-C0pkEpFM.js                              1.86 kB │ gzip:   0.90 kB
.pkg03-fullpage-tools/production/assets/accordion-DRvqFZys.js                                1.87 kB │ gzip:   0.85 kB
.pkg03-fullpage-tools/production/assets/journey-gate-list-85iiy8P-.js                        1.87 kB │ gzip:   0.85 kB
.pkg03-fullpage-tools/production/assets/fleet-utils-5Yzw44NY.js                              1.90 kB │ gzip:   0.72 kB
.pkg03-fullpage-tools/production/assets/_helpers-BhXpF_mI.js                                 1.94 kB │ gzip:   1.04 kB
.pkg03-fullpage-tools/production/assets/draft-resume-prompt-CYR5thSq.js                      1.95 kB │ gzip:   1.01 kB
.pkg03-fullpage-tools/production/assets/respite-subnav-Cw8hH7QF.js                           2.01 kB │ gzip:   0.96 kB
.pkg03-fullpage-tools/production/assets/handover-follow-ups-CM70PA0k.js                      2.02 kB │ gzip:   1.02 kB
.pkg03-fullpage-tools/production/assets/confirm-password-BIw0oc9L.js                         2.05 kB │ gzip:   1.03 kB
.pkg03-fullpage-tools/production/assets/_dialogs-CRvvjqnF.js                                 2.05 kB │ gzip:   1.09 kB
.pkg03-fullpage-tools/production/assets/button-DhhB9F7m.js                                   2.05 kB │ gzip:   0.96 kB
.pkg03-fullpage-tools/production/assets/address-autocomplete-BbJV1JgD.js                     2.07 kB │ gzip:   1.14 kB
.pkg03-fullpage-tools/production/assets/governance-calendar-adapter-DZ3m3Zan.js              2.10 kB │ gzip:   1.01 kB
.pkg03-fullpage-tools/production/assets/_create-recovery-i6Ou491d.js                         2.10 kB │ gzip:   1.07 kB
.pkg03-fullpage-tools/production/assets/attention-panel-DXNGbMNC.js                          2.14 kB │ gzip:   0.98 kB
.pkg03-fullpage-tools/production/assets/task-step-draft-CZPtbrU8.js                          2.16 kB │ gzip:   1.11 kB
.pkg03-fullpage-tools/production/assets/use-personal-location-privacy-k70ZMAas.js            2.16 kB │ gzip:   0.99 kB
.pkg03-fullpage-tools/production/assets/reports-tabs-BIVq8cyG.js                             2.17 kB │ gzip:   1.07 kB
.pkg03-fullpage-tools/production/assets/_shared-BnKhPnAv.js                                  2.27 kB │ gzip:   1.16 kB
.pkg03-fullpage-tools/production/assets/payroll-hero-vdZnarR7.js                             2.28 kB │ gzip:   1.10 kB
.pkg03-fullpage-tools/production/assets/_shared-AuSrUZhG.js                                  2.31 kB │ gzip:   1.13 kB
.pkg03-fullpage-tools/production/assets/_memory-recovery-KPLCXoTQ.js                         2.31 kB │ gzip:   1.21 kB
.pkg03-fullpage-tools/production/assets/reason-dialog-C2uYHSzo.js                            2.34 kB │ gzip:   1.28 kB
.pkg03-fullpage-tools/production/assets/drills-CaNd6iAp.js                                   2.40 kB │ gzip:   1.11 kB
.pkg03-fullpage-tools/production/assets/table-DHtHPBEX.js                                    2.42 kB │ gzip:   0.67 kB
.pkg03-fullpage-tools/production/assets/first-aid-GRPWbTvg.js                                2.44 kB │ gzip:   1.13 kB
.pkg03-fullpage-tools/production/assets/_icons-nqBrFHSS.js                                   2.45 kB │ gzip:   1.15 kB
.pkg03-fullpage-tools/production/assets/task-help-inbox-C2UJ8aOT.js                          2.45 kB │ gzip:   1.33 kB
.pkg03-fullpage-tools/production/assets/datetime-Cj7rLFb1.js                                 2.50 kB │ gzip:   1.10 kB
.pkg03-fullpage-tools/production/assets/finance-section-rail-C2N5OTtY.js                     2.53 kB │ gzip:   1.28 kB
.pkg03-fullpage-tools/production/assets/provisioning-request-files-DD8ThEFn.js               2.56 kB │ gzip:   1.26 kB
.pkg03-fullpage-tools/production/assets/services-C0yQU23x.js                                 2.60 kB │ gzip:   1.18 kB
.pkg03-fullpage-tools/production/assets/text-prompt-dialog-JQQXHkjT.js                       2.62 kB │ gzip:   1.41 kB
.pkg03-fullpage-tools/production/assets/shift-context-menu-CNRM9i7R.js                       2.64 kB │ gzip:   1.37 kB
.pkg03-fullpage-tools/production/assets/care-plan-domains-DlCbYthm.js                        2.67 kB │ gzip:   1.24 kB
.pkg03-fullpage-tools/production/assets/provisioning-command-fields-4x2FBuJS.js              2.68 kB │ gzip:   1.16 kB
.pkg03-fullpage-tools/production/assets/donut-chart-BjEVgtH7.js                              2.71 kB │ gzip:   1.35 kB
.pkg03-fullpage-tools/production/assets/donut-RxOXSbq7.js                                    2.74 kB │ gzip:   1.38 kB
.pkg03-fullpage-tools/production/assets/index-BjmjDcUN.js                                    2.76 kB │ gzip:   0.71 kB
.pkg03-fullpage-tools/production/assets/readiness-Cm6Qt9qu.js                                2.76 kB │ gzip:   1.34 kB
.pkg03-fullpage-tools/production/assets/status-badge-3QlJuqdd.js                             2.76 kB │ gzip:   1.29 kB
.pkg03-fullpage-tools/production/assets/financials-CMhy-tIS.js                               2.78 kB │ gzip:   1.35 kB
.pkg03-fullpage-tools/production/assets/safety-register-B0E68K4w.js                          2.80 kB │ gzip:   1.32 kB
.pkg03-fullpage-tools/production/assets/ppe--mhJFICg.js                                      2.81 kB │ gzip:   1.09 kB
.pkg03-fullpage-tools/production/assets/register-row-kit-DYBAbrfL.js                         2.86 kB │ gzip:   1.16 kB
.pkg03-fullpage-tools/production/assets/_tabs-CCz0uhmI.js                                    2.87 kB │ gzip:   1.47 kB
.pkg03-fullpage-tools/production/assets/lifecycle-tabs-C_f2j7QB.js                           2.88 kB │ gzip:   1.48 kB
.pkg03-fullpage-tools/production/assets/_note-category-picker-DUrqcPxu.js                    2.89 kB │ gzip:   1.36 kB
.pkg03-fullpage-tools/production/assets/use-create-shift-launcher-Bsjotn2M.js                2.89 kB │ gzip:   1.42 kB
.pkg03-fullpage-tools/production/assets/toolbar-Dkt7LE4F.js                                  2.90 kB │ gzip:   1.38 kB
.pkg03-fullpage-tools/production/assets/hs-detail-dialog-C7niUpjs.js                         2.90 kB │ gzip:   1.32 kB
.pkg03-fullpage-tools/production/assets/use-form-autosave-Bqp7Yoaq.js                        2.92 kB │ gzip:   1.46 kB
.pkg03-fullpage-tools/production/assets/notification-catalog-DveZKd9k.js                     2.96 kB │ gzip:   0.93 kB
.pkg03-fullpage-tools/production/assets/forgot-password-xWOJv96g.js                          2.97 kB │ gzip:   1.42 kB
.pkg03-fullpage-tools/production/assets/report-launcher-C-5LdrtK.js                          3.00 kB │ gzip:   1.50 kB
.pkg03-fullpage-tools/production/assets/auth-layout-CZtzJmh4.js                              3.03 kB │ gzip:   1.37 kB
.pkg03-fullpage-tools/production/assets/tab-strip-BVRkR7Di.js                                3.03 kB │ gzip:   1.38 kB
.pkg03-fullpage-tools/production/assets/_overview-map-card-is9kVguX.js                       3.04 kB │ gzip:   1.47 kB
.pkg03-fullpage-tools/production/assets/reset-password-B-VZcB2q.js                           3.06 kB │ gzip:   1.23 kB
.pkg03-fullpage-tools/production/assets/provisioning-manual-dialog-SlWg_-PJ.js               3.06 kB │ gzip:   1.53 kB
.pkg03-fullpage-tools/production/assets/two-factor-challenge-BD-2SDkm.js                     3.10 kB │ gzip:   1.45 kB
.pkg03-fullpage-tools/production/assets/start-reconciliation-dialog-DXp42YU-.js              3.11 kB │ gzip:   1.29 kB
.pkg03-fullpage-tools/production/assets/dictate-button-t5yHLFu_.js                           3.14 kB │ gzip:   1.60 kB
.pkg03-fullpage-tools/production/assets/use-specialist-form-defaults-CbXt7Kf6.js             3.14 kB │ gzip:   1.56 kB
.pkg03-fullpage-tools/production/assets/record-care-actions-pslxvAaP.js                      3.16 kB │ gzip:   1.38 kB
.pkg03-fullpage-tools/production/assets/client-edit-dialog-CeNTJwpT.js                       3.16 kB │ gzip:   1.57 kB
.pkg03-fullpage-tools/production/assets/risk-assessments-CJbk31q3.js                         3.18 kB │ gzip:   1.53 kB
.pkg03-fullpage-tools/production/assets/recorded-detail-dialog-CmC_za5Z.js                   3.19 kB │ gzip:   1.58 kB
.pkg03-fullpage-tools/production/assets/document-library-kit-CZEBGxO6.js                     3.19 kB │ gzip:   1.08 kB
.pkg03-fullpage-tools/production/assets/_dialogs-CQeQZY0f.js                                 3.29 kB │ gzip:   1.42 kB
.pkg03-fullpage-tools/production/assets/fleet-compact-hero-DOxkBf5e.js                       3.31 kB │ gzip:   1.43 kB
.pkg03-fullpage-tools/production/assets/control-room-row-actions-BkwXxWbI.js                 3.31 kB │ gzip:   1.49 kB
.pkg03-fullpage-tools/production/assets/hs-hero-kit-BtDjaRhE.js                              3.33 kB │ gzip:   1.53 kB
.pkg03-fullpage-tools/production/assets/leave-context-menu-DLPvYjQP.js                       3.33 kB │ gzip:   1.64 kB
.pkg03-fullpage-tools/production/assets/row-context-menu-BuvIqrKq.js                         3.33 kB │ gzip:   1.64 kB
.pkg03-fullpage-tools/production/assets/_context-menu-CeQQh61p.js                            3.33 kB │ gzip:   1.60 kB
.pkg03-fullpage-tools/production/assets/compensation-tabs-CQKxwJ8n.js                        3.34 kB │ gzip:   1.62 kB
.pkg03-fullpage-tools/production/assets/task-steps-Blyn6nw9.js                               3.35 kB │ gzip:   1.57 kB
.pkg03-fullpage-tools/production/assets/shift-med-snapshot-DdD7HqYn.js                       3.37 kB │ gzip:   1.35 kB
.pkg03-fullpage-tools/production/assets/device-profile-navigation-ClWgW46z.js                3.37 kB │ gzip:   1.64 kB
.pkg03-fullpage-tools/production/assets/inspections-Dw5oMOED.js                              3.39 kB │ gzip:   1.38 kB
.pkg03-fullpage-tools/production/assets/record-command-BTJKrSou.js                           3.41 kB │ gzip:   1.60 kB
.pkg03-fullpage-tools/production/assets/ra-register-section-B8fvYLcE.js                      3.46 kB │ gzip:   1.76 kB
.pkg03-fullpage-tools/production/assets/command-DdC_ltAg.js                                  3.47 kB │ gzip:   1.06 kB
.pkg03-fullpage-tools/production/assets/shift-context-menu-D0DgSK9K.js                       3.49 kB │ gzip:   1.66 kB
.pkg03-fullpage-tools/production/assets/_emergency-checklist-DtuM97Hs.js                     3.49 kB │ gzip:   1.52 kB
.pkg03-fullpage-tools/production/assets/posting-preview-BLWC2TSD.js                          3.51 kB │ gzip:   1.53 kB
.pkg03-fullpage-tools/production/assets/handover-context-menu-CzlCuEL3.js                    3.53 kB │ gzip:   1.52 kB
.pkg03-fullpage-tools/production/assets/_readiness-panel-BswO09ve.js                         3.56 kB │ gzip:   1.62 kB
.pkg03-fullpage-tools/production/assets/checklists-DsBCEI_R.js                               3.56 kB │ gzip:   1.70 kB
.pkg03-fullpage-tools/production/assets/checks-model-BpbAC4Rm.js                             3.63 kB │ gzip:   1.63 kB
.pkg03-fullpage-tools/production/assets/journey-term-help-Da1JbfVz.js                        3.64 kB │ gzip:   1.45 kB
.pkg03-fullpage-tools/production/assets/site-profile-states-Bp-mXhHQ.js                      3.66 kB │ gzip:   1.44 kB
.pkg03-fullpage-tools/production/assets/my-provisioning-list-bLjSlDur.js                     3.67 kB │ gzip:   1.70 kB
.pkg03-fullpage-tools/production/assets/alert-dialog-CTbWLyiF.js                             3.76 kB │ gzip:   1.10 kB
.pkg03-fullpage-tools/production/assets/resolution-voting-Bpa7_z73.js                        3.78 kB │ gzip:   1.69 kB
.pkg03-fullpage-tools/production/assets/_geometry-Dx1kFP0e.js                                3.80 kB │ gzip:   1.60 kB
.pkg03-fullpage-tools/production/assets/register-CG3CoRTn.js                                 3.85 kB │ gzip:   1.45 kB
.pkg03-fullpage-tools/production/assets/configured-questions-CHvRCmSE.js                     3.86 kB │ gzip:   1.82 kB
.pkg03-fullpage-tools/production/assets/task-detail-dialog-BXRl0czq.js                       3.87 kB │ gzip:   1.77 kB
.pkg03-fullpage-tools/production/assets/MedicationScanVerificationPanel-CeCOCz2W.js          3.89 kB │ gzip:   1.61 kB
.pkg03-fullpage-tools/production/assets/reference-questionnaire-CKSwE38H.js                  3.92 kB │ gzip:   1.80 kB
.pkg03-fullpage-tools/production/assets/edit-Cmpml61P.js                                     3.96 kB │ gzip:   1.75 kB
.pkg03-fullpage-tools/production/assets/ticket-version-conflict-Dbff4vlm.js                  3.96 kB │ gzip:   1.80 kB
.pkg03-fullpage-tools/production/assets/login-BDoQAkcR.js                                    3.98 kB │ gzip:   1.71 kB
.pkg03-fullpage-tools/production/assets/shared-Ek9RA02M.js                                   3.98 kB │ gzip:   1.94 kB
.pkg03-fullpage-tools/production/assets/shift-timeline-summary-flJTKn6M.js                   3.99 kB │ gzip:   1.66 kB
.pkg03-fullpage-tools/production/assets/governed-location-export-dialog-DGdZdHiy.js          4.01 kB │ gzip:   1.97 kB
.pkg03-fullpage-tools/production/assets/finance-period-filter-DlYYrUKA.js                    4.02 kB │ gzip:   1.91 kB
.pkg03-fullpage-tools/production/assets/calendar-i_TcYtnK.js                                 4.03 kB │ gzip:   1.78 kB
.pkg03-fullpage-tools/production/assets/shift-summary-CrKVYK_8.js                            4.04 kB │ gzip:   1.66 kB
.pkg03-fullpage-tools/production/assets/workspace-model-CTDC_Qgb.js                          4.10 kB │ gzip:   1.78 kB
.pkg03-fullpage-tools/production/assets/index-Bpzl9rqK.js                                    4.13 kB │ gzip:   0.83 kB
.pkg03-fullpage-tools/production/assets/entity-cells-CRaVLd6c.js                             4.13 kB │ gzip:   1.63 kB
.pkg03-fullpage-tools/production/assets/use-two-factor-auth-BnFDZ_GA.js                      4.15 kB │ gzip:   1.77 kB
.pkg03-fullpage-tools/production/assets/empty-state-DIK5Jm54.js                              4.18 kB │ gzip:   1.85 kB
.pkg03-fullpage-tools/production/assets/board-bits-D_Ksq_OW.js                               4.19 kB │ gzip:   1.58 kB
.pkg03-fullpage-tools/production/assets/hazards-DLmAwJSU.js                                  4.22 kB │ gzip:   1.93 kB
.pkg03-fullpage-tools/production/assets/specialist-record-list-CeOuHqY-.js                   4.23 kB │ gzip:   1.98 kB
.pkg03-fullpage-tools/production/assets/documents-BooBe5ix.js                                4.25 kB │ gzip:   1.87 kB
.pkg03-fullpage-tools/production/assets/estate-operations-DinjagUl.js                        4.29 kB │ gzip:   1.73 kB
.pkg03-fullpage-tools/production/assets/generate-rounds-modal-DCV-o4sZ.js                    4.30 kB │ gzip:   2.10 kB
.pkg03-fullpage-tools/production/assets/first-aid-tab-DrGbyjB7.js                            4.31 kB │ gzip:   1.76 kB
.pkg03-fullpage-tools/production/assets/wizard-fields-B_SFjfZ0.js                            4.31 kB │ gzip:   1.88 kB
.pkg03-fullpage-tools/production/assets/assets-CgsjSyVb.js                                   4.34 kB │ gzip:   1.72 kB
.pkg03-fullpage-tools/production/assets/login-C40bxJY5.js                                    4.34 kB │ gzip:   1.83 kB
.pkg03-fullpage-tools/production/assets/_shared-Cc2LAHj3.js                                  4.39 kB │ gzip:   1.89 kB
.pkg03-fullpage-tools/production/assets/privacy-shared-Do9Hx562.js                           4.39 kB │ gzip:   1.65 kB
.pkg03-fullpage-tools/production/assets/_dialogs-DjkJu5ka.js                                 4.40 kB │ gzip:   1.79 kB
.pkg03-fullpage-tools/production/assets/shift-audit-timeline-DwVgl951.js                     4.47 kB │ gzip:   1.80 kB
.pkg03-fullpage-tools/production/assets/shared-BfRMGYpt.js                                   4.47 kB │ gzip:   1.72 kB
.pkg03-fullpage-tools/production/assets/applicable-procedures-panel-o-wiRcnM.js              4.52 kB │ gzip:   1.75 kB
.pkg03-fullpage-tools/production/assets/task-help-CXNKFOoZ.js                                4.58 kB │ gzip:   1.93 kB
.pkg03-fullpage-tools/production/assets/client-clinical-launchers-MZ1ITDRG.js                4.60 kB │ gzip:   2.09 kB
.pkg03-fullpage-tools/production/assets/Create-B9tnnO-9.js                                   4.65 kB │ gzip:   2.08 kB
.pkg03-fullpage-tools/production/assets/meal-planner-CPAq_Bq3.js                             4.66 kB │ gzip:   2.17 kB
.pkg03-fullpage-tools/production/assets/incidents-tab-C3JsPcyD.js                            4.69 kB │ gzip:   1.84 kB
.pkg03-fullpage-tools/production/assets/AgedPayables-BiwvrrR2.js                             4.72 kB │ gzip:   2.11 kB
.pkg03-fullpage-tools/production/assets/_dialogs-CKN1qK8s.js                                 4.72 kB │ gzip:   2.17 kB
.pkg03-fullpage-tools/production/assets/AgedReceivables-DTLHYSyA.js                          4.72 kB │ gzip:   2.12 kB
.pkg03-fullpage-tools/production/assets/donut-card-BwnfSjei.js                               4.76 kB │ gzip:   2.08 kB
.pkg03-fullpage-tools/production/assets/control-room-workspace-hero-B0K-uMH-.js              4.76 kB │ gzip:   2.26 kB
.pkg03-fullpage-tools/production/assets/dialog-C8xYR77V.js                                   4.80 kB │ gzip:   1.64 kB
.pkg03-fullpage-tools/production/assets/_asset-dialogs-BzO0-03T.js                           4.80 kB │ gzip:   2.28 kB
.pkg03-fullpage-tools/production/assets/Edit-3gNTlVq6.js                                     4.84 kB │ gzip:   2.22 kB
.pkg03-fullpage-tools/production/assets/hardware-DK4pbb75.js                                 4.85 kB │ gzip:   2.13 kB
.pkg03-fullpage-tools/production/assets/concern-BEieWQiy.js                                  4.89 kB │ gzip:   2.25 kB
.pkg03-fullpage-tools/production/assets/entity-filter-BtVQ0G6D.js                            4.89 kB │ gzip:   2.28 kB
.pkg03-fullpage-tools/production/assets/permission-destinations-CGr6sosD.js                  4.93 kB │ gzip:   1.13 kB
.pkg03-fullpage-tools/production/assets/_dialogs-COo8jpR0.js                                 4.94 kB │ gzip:   2.32 kB
.pkg03-fullpage-tools/production/assets/page-tabs-DfdgQ5Pb.js                                4.94 kB │ gzip:   2.03 kB
.pkg03-fullpage-tools/production/assets/whats-next-rail-PiMHUdli.js                          4.96 kB │ gzip:   2.35 kB
.pkg03-fullpage-tools/production/assets/_dialogs-CRaL_6w6.js                                 5.00 kB │ gzip:   2.01 kB
.pkg03-fullpage-tools/production/assets/leave-calendar-range-CL9F83x5.js                     5.04 kB │ gzip:   2.26 kB
.pkg03-fullpage-tools/production/assets/_dialogs-zZ0uRaBn.js                                 5.07 kB │ gzip:   2.35 kB
.pkg03-fullpage-tools/production/assets/show-Ddx1ZMiz.js                                     5.08 kB │ gzip:   2.35 kB
.pkg03-fullpage-tools/production/assets/client-safety-ribbon-Bg2x13QO.js                     5.10 kB │ gzip:   2.24 kB
.pkg03-fullpage-tools/production/assets/_evidence-CM4DX1Ga.js                                5.14 kB │ gzip:   2.17 kB
.pkg03-fullpage-tools/production/assets/Placeholder-C1VQPUvp.js                              5.16 kB │ gzip:   2.42 kB
.pkg03-fullpage-tools/production/assets/prn-effect-dialog-DMIJFH8u.js                        5.16 kB │ gzip:   2.26 kB
.pkg03-fullpage-tools/production/assets/shared-C1X8WKFh.js                                   5.17 kB │ gzip:   2.03 kB
.pkg03-fullpage-tools/production/assets/plan-C74vMmG4.js                                     5.19 kB │ gzip:   2.31 kB
.pkg03-fullpage-tools/production/assets/list-view-DrCelvpv.js                                5.20 kB │ gzip:   1.82 kB
.pkg03-fullpage-tools/production/assets/day-picker-chip-fceCePzk.js                          5.21 kB │ gzip:   2.23 kB
.pkg03-fullpage-tools/production/assets/before-you-finish-CduUzzkd.js                        5.23 kB │ gzip:   2.11 kB
.pkg03-fullpage-tools/production/assets/index-LDemEM3H.js                                    5.28 kB │ gzip:   2.34 kB
.pkg03-fullpage-tools/production/assets/application-status-CHGgW7Ra.js                       5.29 kB │ gzip:   2.14 kB
.pkg03-fullpage-tools/production/assets/wizard-shell-DpK5TqrD.js                             5.31 kB │ gzip:   2.31 kB
.pkg03-fullpage-tools/production/assets/care-plan-domains-builder-IePhOsYN.js                5.33 kB │ gzip:   2.07 kB
.pkg03-fullpage-tools/production/assets/show-BRF4aUvW.js                                     5.34 kB │ gzip:   2.37 kB
.pkg03-fullpage-tools/production/assets/shared-CmyqTydH.js                                   5.34 kB │ gzip:   2.38 kB
.pkg03-fullpage-tools/production/assets/paperwork-panel-0VS7vnO4.js                          5.35 kB │ gzip:   2.32 kB
.pkg03-fullpage-tools/production/assets/entity-menu-BHfAkDe9.js                              5.35 kB │ gzip:   2.46 kB
.pkg03-fullpage-tools/production/assets/contacts-CQBGazj7.js                                 5.39 kB │ gzip:   2.30 kB
.pkg03-fullpage-tools/production/assets/_thumbnail-BxxUGsCg.js                               5.41 kB │ gzip:   2.55 kB
.pkg03-fullpage-tools/production/assets/global-BDFj2hhC.js                                   5.48 kB │ gzip:   2.44 kB
.pkg03-fullpage-tools/production/assets/Index-Sa-AKHND.js                                    5.48 kB │ gzip:   2.46 kB
.pkg03-fullpage-tools/production/assets/show-B_Ik6Y7C.js                                     5.49 kB │ gzip:   2.50 kB
.pkg03-fullpage-tools/production/assets/show-CGeMeFZX.js                                     5.50 kB │ gzip:   2.32 kB
.pkg03-fullpage-tools/production/assets/fleet-charts-BD3Cp0FY.js                             5.50 kB │ gzip:   2.46 kB
.pkg03-fullpage-tools/production/assets/show-DypiHvbS.js                                     5.51 kB │ gzip:   2.29 kB
.pkg03-fullpage-tools/production/assets/date-popover-jMt8yhFG.js                             5.57 kB │ gzip:   2.39 kB
.pkg03-fullpage-tools/production/assets/audit-log-modal-n9_CZ-7N.js                          5.58 kB │ gzip:   2.50 kB
.pkg03-fullpage-tools/production/assets/index-DBRE_doc.js                                    5.59 kB │ gzip:   2.47 kB
.pkg03-fullpage-tools/production/assets/medication-review-modal-Fu2w_HfE.js                  5.62 kB │ gzip:   2.53 kB
.pkg03-fullpage-tools/production/assets/index-BSeENIe8.js                                    5.71 kB │ gzip:   2.55 kB
.pkg03-fullpage-tools/production/assets/complete-obligation-dialog-DeGq3yPx.js               5.74 kB │ gzip:   2.55 kB
.pkg03-fullpage-tools/production/assets/entity-table-CKUTLO91.js                             5.74 kB │ gzip:   2.40 kB
.pkg03-fullpage-tools/production/assets/Calendar-SBJmOX28.js                                 5.74 kB │ gzip:   2.60 kB
.pkg03-fullpage-tools/production/assets/rhythms-routines-BoQSw-nf.js                         5.79 kB │ gzip:   2.63 kB
.pkg03-fullpage-tools/production/assets/index-DyxaZ9yV.js                                    5.79 kB │ gzip:   2.64 kB
.pkg03-fullpage-tools/production/assets/_shared-GEwDsA-q.js                                  5.85 kB │ gzip:   2.58 kB
.pkg03-fullpage-tools/production/assets/select-DeCnKGjq.js                                   5.86 kB │ gzip:   1.90 kB
.pkg03-fullpage-tools/production/assets/multi-entity-filter-B6uXuyJh.js                      5.86 kB │ gzip:   2.62 kB
.pkg03-fullpage-tools/production/assets/dropdown-menu-DYVii15R.js                            5.88 kB │ gzip:   1.65 kB
.pkg03-fullpage-tools/production/assets/stat-tile-E4NiTit7.js                                5.89 kB │ gzip:   2.51 kB
.pkg03-fullpage-tools/production/assets/index-B5rzw5z3.js                                    5.91 kB │ gzip:   2.73 kB
.pkg03-fullpage-tools/production/assets/GovernanceAttachmentsPanel-DFgWcANF.js               5.91 kB │ gzip:   2.49 kB
.pkg03-fullpage-tools/production/assets/index-DzWTpvCE.js                                    5.94 kB │ gzip:   2.69 kB
.pkg03-fullpage-tools/production/assets/_helpers-BUMrJwNh.js                                 5.94 kB │ gzip:   2.44 kB
.pkg03-fullpage-tools/production/assets/audit-28ZvBEOE.js                                    5.95 kB │ gzip:   2.68 kB
.pkg03-fullpage-tools/production/assets/index-Du6Vks5v.js                                    5.96 kB │ gzip:   2.57 kB
.pkg03-fullpage-tools/production/assets/compliance-bits-CPBFCQyK.js                          6.02 kB │ gzip:   2.53 kB
.pkg03-fullpage-tools/production/assets/report-page-CsgxX8bn.js                              6.03 kB │ gzip:   2.83 kB
.pkg03-fullpage-tools/production/assets/link-client-dialog-BB3H__Fh.js                       6.03 kB │ gzip:   2.56 kB
.pkg03-fullpage-tools/production/assets/stream-context-menu-WEU86T2J.js                      6.05 kB │ gzip:   2.77 kB
.pkg03-fullpage-tools/production/assets/food-meal-DfWj0roZ.js                                6.09 kB │ gzip:   2.09 kB
.pkg03-fullpage-tools/production/assets/BoardMonthly-CGGbbWH5.js                             6.10 kB │ gzip:   2.83 kB
.pkg03-fullpage-tools/production/assets/index-BMWQ_Txd.js                                    6.11 kB │ gzip:   2.79 kB
.pkg03-fullpage-tools/production/assets/with-concerns-CZ-6F6hv.js                            6.11 kB │ gzip:   2.72 kB
.pkg03-fullpage-tools/production/assets/with-incidents-DnoT4Wxm.js                           6.12 kB │ gzip:   2.71 kB
.pkg03-fullpage-tools/production/assets/show-C2ZmB7Nf.js                                     6.14 kB │ gzip:   2.78 kB
.pkg03-fullpage-tools/production/assets/index-CGca2TS3.js                                    6.14 kB │ gzip:   2.74 kB
.pkg03-fullpage-tools/production/assets/index-B7vetLhM.js                                    6.19 kB │ gzip:   2.78 kB
.pkg03-fullpage-tools/production/assets/emergency-plan-m8CL6WLy.js                           6.19 kB │ gzip:   2.78 kB
.pkg03-fullpage-tools/production/assets/compliance-hub-header-Rzv3ww1D.js                    6.22 kB │ gzip:   2.75 kB
.pkg03-fullpage-tools/production/assets/show-DZ90i9pV.js                                     6.22 kB │ gzip:   2.47 kB
.pkg03-fullpage-tools/production/assets/Calendar-BAXFReTJ.js                                 6.25 kB │ gzip:   2.82 kB
.pkg03-fullpage-tools/production/assets/recognition-wizard-C7Hp8kyI.js                       6.27 kB │ gzip:   2.43 kB
.pkg03-fullpage-tools/production/assets/index-OB9IDgqq.js                                    6.28 kB │ gzip:   2.78 kB
.pkg03-fullpage-tools/production/assets/for-stay-Vy35YsMt.js                                 6.29 kB │ gzip:   2.78 kB
.pkg03-fullpage-tools/production/assets/report-DcreaqlK.js                                   6.30 kB │ gzip:   2.87 kB
.pkg03-fullpage-tools/production/assets/create-DK9lTBTo.js                                   6.31 kB │ gzip:   2.60 kB
.pkg03-fullpage-tools/production/assets/show-CwXJIv2B.js                                     6.33 kB │ gzip:   2.82 kB
.pkg03-fullpage-tools/production/assets/quick-note-dialog--h3f8HkF.js                        6.34 kB │ gzip:   2.63 kB
.pkg03-fullpage-tools/production/assets/Create-DeitpcFX.js                                   6.37 kB │ gzip:   2.92 kB
.pkg03-fullpage-tools/production/assets/stock-movement-modal-XLpC_Xmj.js                     6.37 kB │ gzip:   2.61 kB
.pkg03-fullpage-tools/production/assets/use-my-day-labels-BynEqp9u.js                        6.38 kB │ gzip:   2.60 kB
.pkg03-fullpage-tools/production/assets/offer-response-_HOpOFZm.js                           6.38 kB │ gzip:   2.59 kB
.pkg03-fullpage-tools/production/assets/entity-card-BUVhESgI.js                              6.39 kB │ gzip:   2.73 kB
.pkg03-fullpage-tools/production/assets/compensation-hero-Bp5xqTMd.js                        6.42 kB │ gzip:   2.50 kB
.pkg03-fullpage-tools/production/assets/overdue-DDhLlQIl.js                                  6.43 kB │ gzip:   2.81 kB
.pkg03-fullpage-tools/production/assets/unacknowledged-CHJNS0rG.js                           6.47 kB │ gzip:   2.81 kB
.pkg03-fullpage-tools/production/assets/overdue-CllahynP.js                                  6.47 kB │ gzip:   2.81 kB
.pkg03-fullpage-tools/production/assets/auto-rule-builder-CJMll2tj.js                        6.47 kB │ gzip:   2.42 kB
.pkg03-fullpage-tools/production/assets/my-active-DeEsiu17.js                                6.48 kB │ gzip:   2.88 kB
.pkg03-fullpage-tools/production/assets/Create-6SsGnWp2.js                                   6.50 kB │ gzip:   2.93 kB
.pkg03-fullpage-tools/production/assets/tabs-E2epSUlh.js                                     6.50 kB │ gzip:   2.68 kB
.pkg03-fullpage-tools/production/assets/list-view-BE5ybk0_.js                                6.50 kB │ gzip:   2.35 kB
.pkg03-fullpage-tools/production/assets/clients-RxcEumcP.js                                  6.52 kB │ gzip:   2.76 kB
.pkg03-fullpage-tools/production/assets/trend-charts-Ch1W-jIs.js                             6.54 kB │ gzip:   2.52 kB
.pkg03-fullpage-tools/production/assets/maps-usage-CwGocsk4.js                               6.55 kB │ gzip:   2.87 kB
.pkg03-fullpage-tools/production/assets/ppe-shared-BxoVOVPF.js                               6.56 kB │ gzip:   2.65 kB
.pkg03-fullpage-tools/production/assets/actions-reviews-CZwzy-Wq.js                          6.57 kB │ gzip:   2.67 kB
.pkg03-fullpage-tools/production/assets/sortable.esm-TrASzQ3t.js                             6.64 kB │ gzip:   2.78 kB
.pkg03-fullpage-tools/production/assets/meal-planner-CVXm7ljo.js                             6.64 kB │ gzip:   2.95 kB
.pkg03-fullpage-tools/production/assets/for-client-Ci17DCO_.js                               6.67 kB │ gzip:   2.90 kB
.pkg03-fullpage-tools/production/assets/_workspace-CPT9_mAi.js                               6.70 kB │ gzip:   2.73 kB
.pkg03-fullpage-tools/production/assets/_registers-C7L2Lp6O.js                               6.72 kB │ gzip:   2.62 kB
.pkg03-fullpage-tools/production/assets/shift-calendar-view-BIQYhNEB.js                      6.76 kB │ gzip:   2.72 kB
.pkg03-fullpage-tools/production/assets/needing-acknowledgment-quxuS9Mm.js                   6.79 kB │ gzip:   2.89 kB
.pkg03-fullpage-tools/production/assets/handover-rail-D8M1ucu5.js                            6.80 kB │ gzip:   2.87 kB
.pkg03-fullpage-tools/production/assets/for-stay-WGkodOlo.js                                 6.81 kB │ gzip:   3.01 kB
.pkg03-fullpage-tools/production/assets/index-BKuL1aI8.js                                    6.82 kB │ gzip:   1.08 kB
.pkg03-fullpage-tools/production/assets/record-batch-wizard-BPQzmg55.js                      6.83 kB │ gzip:   3.18 kB
.pkg03-fullpage-tools/production/assets/checklist-trends-CBwb1IyL.js                         6.83 kB │ gzip:   2.96 kB
.pkg03-fullpage-tools/production/assets/assignments-Tt_ZLktS.js                              6.84 kB │ gzip:   3.23 kB
.pkg03-fullpage-tools/production/assets/clock-in-wizard-BXUYTGe3.js                          6.85 kB │ gzip:   2.92 kB
.pkg03-fullpage-tools/production/assets/show-BYtsmozL.js                                     6.86 kB │ gzip:   3.15 kB
.pkg03-fullpage-tools/production/assets/board-view-B8zzn9Wa.js                               6.86 kB │ gzip:   2.70 kB
.pkg03-fullpage-tools/production/assets/_dialogs-eatJY34Z.js                                 6.89 kB │ gzip:   2.91 kB
.pkg03-fullpage-tools/production/assets/day-work-list-D1HfyrNp.js                            6.91 kB │ gzip:   2.82 kB
.pkg03-fullpage-tools/production/assets/index-Ccuo9FPJ.js                                    6.91 kB │ gzip:   2.79 kB
.pkg03-fullpage-tools/production/assets/for-stay-VOVITDrY.js                                 6.92 kB │ gzip:   3.08 kB
.pkg03-fullpage-tools/production/assets/_dialogs-0JSv8N35.js                                 6.98 kB │ gzip:   3.21 kB
.pkg03-fullpage-tools/production/assets/my-tasks-Mpuw3Ygj.js                                 7.00 kB │ gzip:   3.07 kB
.pkg03-fullpage-tools/production/assets/_header-Bwfadytd.js                                  7.03 kB │ gzip:   3.25 kB
.pkg03-fullpage-tools/production/assets/agreements-B3wN0i1C.js                               7.03 kB │ gzip:   3.26 kB
.pkg03-fullpage-tools/production/assets/combined-DRyHw4oS.js                                 7.03 kB │ gzip:   3.00 kB
.pkg03-fullpage-tools/production/assets/awaiting-approval-DzT69wZU.js                        7.04 kB │ gzip:   3.02 kB
.pkg03-fullpage-tools/production/assets/alert-worklist-BTI8Zyqa.js                           7.05 kB │ gzip:   2.64 kB
.pkg03-fullpage-tools/production/assets/_site-geofence-dialog-C5IoJWC5.js                    7.07 kB │ gzip:   2.70 kB
.pkg03-fullpage-tools/production/assets/Calendar-Cvd06_4g.js                                 7.08 kB │ gzip:   3.15 kB
.pkg03-fullpage-tools/production/assets/index-j22t95x-.js                                    7.08 kB │ gzip:   3.02 kB
.pkg03-fullpage-tools/production/assets/Index-Bou9EFOS.js                                    7.09 kB │ gzip:   3.05 kB
.pkg03-fullpage-tools/production/assets/assets-CejbBA2T.js                                   7.09 kB │ gzip:   2.95 kB
.pkg03-fullpage-tools/production/assets/reports-modal-iwfcykS0.js                            7.10 kB │ gzip:   2.95 kB
.pkg03-fullpage-tools/production/assets/checklist-fMEwOR2v.js                                7.10 kB │ gzip:   3.08 kB
.pkg03-fullpage-tools/production/assets/Show-Q_7nZjis.js                                     7.13 kB │ gzip:   2.92 kB
.pkg03-fullpage-tools/production/assets/fix-clock-out-wizard-2XI5waLC.js                     7.15 kB │ gzip:   3.05 kB
.pkg03-fullpage-tools/production/assets/Index-xFiY7e4R.js                                    7.15 kB │ gzip:   3.03 kB
.pkg03-fullpage-tools/production/assets/monitoring-incident-evidence-card-DNfBctvQ.js        7.16 kB │ gzip:   2.51 kB
.pkg03-fullpage-tools/production/assets/_dialogs-DDc0BsTg.js                                 7.16 kB │ gzip:   3.00 kB
.pkg03-fullpage-tools/production/assets/fleet-hero-kit-Kj6CQ3gR.js                           7.16 kB │ gzip:   2.87 kB
.pkg03-fullpage-tools/production/assets/Show-CfRAXm8-.js                                     7.17 kB │ gzip:   3.05 kB
.pkg03-fullpage-tools/production/assets/leave-excursions-BXk_muyL.js                         7.19 kB │ gzip:   2.37 kB
.pkg03-fullpage-tools/production/assets/preferences-zcIvjcAx.js                              7.21 kB │ gzip:   3.23 kB
.pkg03-fullpage-tools/production/assets/_dialogs-DHN3zrpP.js                                 7.23 kB │ gzip:   2.33 kB
.pkg03-fullpage-tools/production/assets/review-DMA_oEXf.js                                   7.24 kB │ gzip:   3.08 kB
.pkg03-fullpage-tools/production/assets/respite-GRw8oimc.js                                  7.29 kB │ gzip:   2.79 kB
.pkg03-fullpage-tools/production/assets/new-journal-dialog-CDRCZjg7.js                       7.31 kB │ gzip:   2.69 kB
.pkg03-fullpage-tools/production/assets/index-Jy545j-I.js                                    7.33 kB │ gzip:   3.10 kB
.pkg03-fullpage-tools/production/assets/index-CPqno-kp.js                                    7.34 kB │ gzip:   3.10 kB
.pkg03-fullpage-tools/production/assets/people-picker-DV0AntwB.js                            7.35 kB │ gzip:   3.14 kB
.pkg03-fullpage-tools/production/assets/provisioning-picker-7uM7kj_f.js                      7.39 kB │ gzip:   3.29 kB
.pkg03-fullpage-tools/production/assets/create-BxWzb0ep.js                                   7.43 kB │ gzip:   3.24 kB
.pkg03-fullpage-tools/production/assets/Edit-CU-WMPsr.js                                     7.43 kB │ gzip:   3.19 kB
.pkg03-fullpage-tools/production/assets/_review-dialog-dpVPpl_L.js                           7.44 kB │ gzip:   3.11 kB
.pkg03-fullpage-tools/production/assets/create-_gps6Mtb.js                                   7.44 kB │ gzip:   3.12 kB
.pkg03-fullpage-tools/production/assets/compliance-hero-CRZdD-aj.js                          7.54 kB │ gzip:   2.59 kB
.pkg03-fullpage-tools/production/assets/shared-MDxCj-w6.js                                   7.58 kB │ gzip:   3.03 kB
.pkg03-fullpage-tools/production/assets/payroll-adjustments-BPg-de8r.js                      7.60 kB │ gzip:   3.05 kB
.pkg03-fullpage-tools/production/assets/deletion-logs-CKQ9Mdhn.js                            7.67 kB │ gzip:   3.31 kB
.pkg03-fullpage-tools/production/assets/show-Dkqj0Zn_.js                                     7.72 kB │ gzip:   3.12 kB
.pkg03-fullpage-tools/production/assets/report-error-modal-B3WuxzrH.js                       7.73 kB │ gzip:   3.25 kB
.pkg03-fullpage-tools/production/assets/for-stay-s0ZeogLe.js                                 7.76 kB │ gzip:   3.24 kB
.pkg03-fullpage-tools/production/assets/communication-notes-BtfXvzJ0.js                      7.76 kB │ gzip:   3.15 kB
.pkg03-fullpage-tools/production/assets/assignments-CXfniKsE.js                              7.79 kB │ gzip:   3.54 kB
.pkg03-fullpage-tools/production/assets/medical-simple-DYIJeUKk.js                           7.82 kB │ gzip:   3.42 kB
.pkg03-fullpage-tools/production/assets/history-index-CCu7C6c9.js                            7.88 kB │ gzip:   3.45 kB
.pkg03-fullpage-tools/production/assets/Submissions-CgmaSOQA.js                              7.89 kB │ gzip:   3.68 kB
.pkg03-fullpage-tools/production/assets/index-C2aqdcbh.js                                    7.90 kB │ gzip:   3.27 kB
.pkg03-fullpage-tools/production/assets/pending-Hufv2by4.js                                  7.94 kB │ gzip:   3.37 kB
.pkg03-fullpage-tools/production/assets/index-965Izwzy.js                                    7.95 kB │ gzip:   3.35 kB
.pkg03-fullpage-tools/production/assets/daily-note-entry-DyyHC9Ke.js                         7.97 kB │ gzip:   3.03 kB
.pkg03-fullpage-tools/production/assets/show-BLYXCioj.js                                     7.98 kB │ gzip:   3.50 kB
.pkg03-fullpage-tools/production/assets/from-resolution-l7IOHvWT.js                          8.03 kB │ gzip:   3.55 kB
.pkg03-fullpage-tools/production/assets/file-dropzone-CtAmme0d.js                            8.08 kB │ gzip:   3.49 kB
.pkg03-fullpage-tools/production/assets/audit-history-CwMJjudp.js                            8.10 kB │ gzip:   3.23 kB
.pkg03-fullpage-tools/production/assets/shoutouts-CqXtyK8n.js                                8.12 kB │ gzip:   3.53 kB
.pkg03-fullpage-tools/production/assets/notifications-CeO90O3z.js                            8.13 kB │ gzip:   3.58 kB
.pkg03-fullpage-tools/production/assets/_tool-palette-JjXRYv3u.js                            8.17 kB │ gzip:   2.97 kB
.pkg03-fullpage-tools/production/assets/work-schedule-BAQ7HTFK.js                            8.24 kB │ gzip:   3.40 kB
.pkg03-fullpage-tools/production/assets/availability-DfpoTS3v.js                             8.27 kB │ gzip:   3.65 kB
.pkg03-fullpage-tools/production/assets/shell-Jink11zA.js                                    8.30 kB │ gzip:   2.99 kB
.pkg03-fullpage-tools/production/assets/index-C6oxvYOj.js                                    8.33 kB │ gzip:   3.14 kB
.pkg03-fullpage-tools/production/assets/incidents-DCeqE-0X.js                                8.35 kB │ gzip:   3.32 kB
.pkg03-fullpage-tools/production/assets/password-CrHqU_Qx.js                                 8.37 kB │ gzip:   3.32 kB
.pkg03-fullpage-tools/production/assets/round-template-dialog-DEJrDMpu.js                    8.37 kB │ gzip:   3.47 kB
.pkg03-fullpage-tools/production/assets/attestations-BAJEWZ1U.js                             8.40 kB │ gzip:   3.62 kB
.pkg03-fullpage-tools/production/assets/reassign-dialog-DZdlJR8G.js                          8.42 kB │ gzip:   3.60 kB
.pkg03-fullpage-tools/production/assets/index-Dlg97wMc.js                                    8.44 kB │ gzip:   1.27 kB
.pkg03-fullpage-tools/production/assets/form-wizard-4h6ykwqS.js                              8.46 kB │ gzip:   3.48 kB
.pkg03-fullpage-tools/production/assets/my-day-header-D4jzexN-.js                            8.48 kB │ gzip:   3.68 kB
.pkg03-fullpage-tools/production/assets/_dialogs-BNY3_QXo.js                                 8.54 kB │ gzip:   3.30 kB
.pkg03-fullpage-tools/production/assets/index-CuuwrIhI.js                                    8.60 kB │ gzip:   1.25 kB
.pkg03-fullpage-tools/production/assets/asset-condition-B2yPc5dL.js                          8.62 kB │ gzip:   3.45 kB
.pkg03-fullpage-tools/production/assets/credentials-C3Hgem_N.js                              8.63 kB │ gzip:   3.52 kB
.pkg03-fullpage-tools/production/assets/settings-F39qIfhH.js                                 8.64 kB │ gzip:   3.72 kB
.pkg03-fullpage-tools/production/assets/index--MUxju_8.js                                    8.68 kB │ gzip:   3.69 kB
.pkg03-fullpage-tools/production/assets/index-CkVYZ94N.js                                    8.68 kB │ gzip:   3.70 kB
.pkg03-fullpage-tools/production/assets/primitives-DGXTye6n.js                               8.69 kB │ gzip:   3.27 kB
.pkg03-fullpage-tools/production/assets/bank-account-dialog-DMLOfC40.js                      8.70 kB │ gzip:   3.39 kB
.pkg03-fullpage-tools/production/assets/new-account-dialog-BAElC5HV.js                       8.74 kB │ gzip:   3.41 kB
.pkg03-fullpage-tools/production/assets/personal-entry-dialog-DWEZ9vk6.js                    8.79 kB │ gzip:   3.30 kB
.pkg03-fullpage-tools/production/assets/show-CHdRDk1w.js                                     8.82 kB │ gzip:   3.00 kB
.pkg03-fullpage-tools/production/assets/add-medication-modal-CacU7K9R.js                     8.84 kB │ gzip:   3.62 kB
.pkg03-fullpage-tools/production/assets/show-HelVoa51.js                                     8.87 kB │ gzip:   3.96 kB
.pkg03-fullpage-tools/production/assets/overdue-actions-Amifm0gd.js                          8.91 kB │ gzip:   3.69 kB
.pkg03-fullpage-tools/production/assets/Index-D_kO0pRk.js                                    8.95 kB │ gzip:   3.79 kB
.pkg03-fullpage-tools/production/assets/timeline-interactions-2_jOJDBA.js                    8.96 kB │ gzip:   3.63 kB
.pkg03-fullpage-tools/production/assets/fleet-DTirDH8J.js                                    9.02 kB │ gzip:   3.14 kB
.pkg03-fullpage-tools/production/assets/assess-pL_12CwQ.js                                   9.03 kB │ gzip:   3.74 kB
.pkg03-fullpage-tools/production/assets/Index-CL_y7jHB.js                                    9.04 kB │ gzip:   3.87 kB
.pkg03-fullpage-tools/production/assets/index-BZLVRCnu.js                                    9.05 kB │ gzip:   3.77 kB
.pkg03-fullpage-tools/production/assets/ClientTrends-CtriEhXC.js                             9.06 kB │ gzip:   3.87 kB
.pkg03-fullpage-tools/production/assets/file-BqNr_5ej.js                                     9.08 kB │ gzip:   3.84 kB
.pkg03-fullpage-tools/production/assets/hero-kit-D1oOkkBc.js                                 9.08 kB │ gzip:   2.98 kB
.pkg03-fullpage-tools/production/assets/Index-B0kcxJ7R.js                                    9.17 kB │ gzip:   3.66 kB
.pkg03-fullpage-tools/production/assets/index-BLC6eVRL.js                                    9.19 kB │ gzip:   3.91 kB
.pkg03-fullpage-tools/production/assets/index-Vwu-qujJ.js                                    9.19 kB │ gzip:   3.60 kB
.pkg03-fullpage-tools/production/assets/index-qzhhy-Dg.js                                    9.20 kB │ gzip:   4.00 kB
.pkg03-fullpage-tools/production/assets/note-rail-BvfUR4KS.js                                9.26 kB │ gzip:   3.53 kB
.pkg03-fullpage-tools/production/assets/CarePlans-CynMdygG.js                                9.27 kB │ gzip:   3.72 kB
.pkg03-fullpage-tools/production/assets/shift-show-redesign-GOohAh5Z.js                      9.31 kB │ gzip:   3.56 kB
.pkg03-fullpage-tools/production/assets/reports-Dr8Ia-5O.js                                  9.32 kB │ gzip:   3.87 kB
.pkg03-fullpage-tools/production/assets/_dialogs-DR0gv-GZ.js                                 9.32 kB │ gzip:   2.93 kB
.pkg03-fullpage-tools/production/assets/Show-Duh-tEEl.js                                     9.33 kB │ gzip:   4.15 kB
.pkg03-fullpage-tools/production/assets/cd-register-modal-DHANdw1s.js                        9.35 kB │ gzip:   3.83 kB
.pkg03-fullpage-tools/production/assets/_manage-types-dialog-CEGDAa1m.js                     9.37 kB │ gzip:   3.81 kB
.pkg03-fullpage-tools/production/assets/knowledge-related-records-D2fasUlM.js                9.37 kB │ gzip:   3.78 kB
.pkg03-fullpage-tools/production/assets/Show-BUU1-8-j.js                                     9.39 kB │ gzip:   4.06 kB
.pkg03-fullpage-tools/production/assets/benefits-B9IEOxQ_.js                                 9.42 kB │ gzip:   3.73 kB
.pkg03-fullpage-tools/production/assets/Create-De9tqkPJ.js                                   9.46 kB │ gzip:   3.84 kB
.pkg03-fullpage-tools/production/assets/history-BjQ9H6K-.js                                  9.47 kB │ gzip:   3.80 kB
.pkg03-fullpage-tools/production/assets/location-workspace-DcvLX5tD.js                       9.47 kB │ gzip:   4.05 kB
.pkg03-fullpage-tools/production/assets/Index-BQliWcAW.js                                    9.54 kB │ gzip:   4.11 kB
.pkg03-fullpage-tools/production/assets/Edit-ChudGY4m.js                                     9.58 kB │ gzip:   3.97 kB
.pkg03-fullpage-tools/production/assets/reimbursement-dOlqC5RX.js                            9.61 kB │ gzip:   3.73 kB
.pkg03-fullpage-tools/production/assets/module-C7zT_ZyQ.js                                   9.61 kB │ gzip:   4.26 kB
.pkg03-fullpage-tools/production/assets/index-BNrxKI2R.js                                    9.62 kB │ gzip:   4.05 kB
.pkg03-fullpage-tools/production/assets/family-tree-BTk-LSDF.js                              9.65 kB │ gzip:   3.62 kB
.pkg03-fullpage-tools/production/assets/create-TNYmZjjf.js                                   9.65 kB │ gzip:   4.03 kB
.pkg03-fullpage-tools/production/assets/Index-Cl_JXnFl.js                                    9.66 kB │ gzip:   3.98 kB
.pkg03-fullpage-tools/production/assets/upload-GBitv2r2.js                                   9.66 kB │ gzip:   4.03 kB
.pkg03-fullpage-tools/production/assets/Mapping-tlj0pQD3.js                                  9.68 kB │ gzip:   4.15 kB
.pkg03-fullpage-tools/production/assets/show-Bakn5ZVd.js                                     9.69 kB │ gzip:   3.85 kB
.pkg03-fullpage-tools/production/assets/reviews-CidkDYXo.js                                  9.70 kB │ gzip:   4.32 kB
.pkg03-fullpage-tools/production/assets/stream-item-DPDCWWRe.js                              9.71 kB │ gzip:   3.59 kB
.pkg03-fullpage-tools/production/assets/retention-D7SRiFxT.js                                9.74 kB │ gzip:   3.89 kB
.pkg03-fullpage-tools/production/assets/linked-operational-evidence-cMq7Udjd.js              9.78 kB │ gzip:   3.16 kB
.pkg03-fullpage-tools/production/assets/respond-B3nZ3Yf-.js                                  9.78 kB │ gzip:   4.26 kB
.pkg03-fullpage-tools/production/assets/ComplianceStatus-CjLofPtG.js                         9.79 kB │ gzip:   4.16 kB
.pkg03-fullpage-tools/production/assets/_food-meal-preferences-D8h91563.js                   9.79 kB │ gzip:   3.78 kB
.pkg03-fullpage-tools/production/assets/index-BkI9jFz-.js                                    9.80 kB │ gzip:   3.98 kB
.pkg03-fullpage-tools/production/assets/Index-CFjx6-6O.js                                    9.81 kB │ gzip:   4.09 kB
.pkg03-fullpage-tools/production/assets/Create-B1da7-dg.js                                   9.82 kB │ gzip:   3.96 kB
.pkg03-fullpage-tools/production/assets/create-BFt4kdyW.js                                   9.85 kB │ gzip:   4.05 kB
.pkg03-fullpage-tools/production/assets/Logs-B5dYh_4j.js                                     9.87 kB │ gzip:   4.21 kB
.pkg03-fullpage-tools/production/assets/Create-BPJkMEWb.js                                   9.87 kB │ gzip:   3.98 kB
.pkg03-fullpage-tools/production/assets/Index-B28EZoms.js                                    9.91 kB │ gzip:   4.13 kB
.pkg03-fullpage-tools/production/assets/RiskNarrative-CrqTB-wl.js                            9.92 kB │ gzip:   4.10 kB
.pkg03-fullpage-tools/production/assets/BoardMembers-6U8CtBpD.js                             9.95 kB │ gzip:   4.23 kB
.pkg03-fullpage-tools/production/assets/for-stay-B0kBF-9I.js                                 9.97 kB │ gzip:   3.86 kB
.pkg03-fullpage-tools/production/assets/index-Bgc4Pf9X.js                                    9.98 kB │ gzip:   3.98 kB
.pkg03-fullpage-tools/production/assets/succession-wizards-un0bMtDf.js                       9.98 kB │ gzip:   3.99 kB
.pkg03-fullpage-tools/production/assets/Index-CPM96583.js                                    9.98 kB │ gzip:   4.09 kB
.pkg03-fullpage-tools/production/assets/pending-CwEAlqgd.js                                 10.00 kB │ gzip:   3.82 kB
.pkg03-fullpage-tools/production/assets/my-calendar-B4QhRwCS.js                             10.02 kB │ gzip:   4.61 kB
.pkg03-fullpage-tools/production/assets/finance-3dFMFPYM.js                                 10.02 kB │ gzip:   3.51 kB
.pkg03-fullpage-tools/production/assets/quick-add-task-D6Q6404A.js                          10.04 kB │ gzip:   3.82 kB
.pkg03-fullpage-tools/production/assets/Show-DxD6D3iT.js                                    10.05 kB │ gzip:   4.42 kB
.pkg03-fullpage-tools/production/assets/index-CC6A9eRK.js                                   10.06 kB │ gzip:   4.01 kB
.pkg03-fullpage-tools/production/assets/Index-CzarTzZC.js                                   10.06 kB │ gzip:   4.29 kB
.pkg03-fullpage-tools/production/assets/create-Bvs66mMK.js                                  10.06 kB │ gzip:   4.28 kB
.pkg03-fullpage-tools/production/assets/vehicle-technology-projection-mCrhXeLD.js           10.07 kB │ gzip:   3.38 kB
.pkg03-fullpage-tools/production/assets/grouped-profile-nav-CHsSQZr9.js                     10.09 kB │ gzip:   3.88 kB
.pkg03-fullpage-tools/production/assets/template-CdFEOKi4.js                                10.11 kB │ gzip:   4.07 kB
.pkg03-fullpage-tools/production/assets/policies-bWtW_y_h.js                                10.15 kB │ gzip:   4.12 kB
.pkg03-fullpage-tools/production/assets/Show-C7Ui-MPx.js                                    10.16 kB │ gzip:   4.29 kB
.pkg03-fullpage-tools/production/assets/GovernanceTermHint-B0fEmgye.js                      10.20 kB │ gzip:   4.11 kB
.pkg03-fullpage-tools/production/assets/create-C_qxL_12.js                                  10.22 kB │ gzip:   4.11 kB
.pkg03-fullpage-tools/production/assets/show-vapddU8E.js                                    10.22 kB │ gzip:   4.00 kB
.pkg03-fullpage-tools/production/assets/asset-finance-technology-projection-BoPJyua2.js     10.26 kB │ gzip:   3.48 kB
.pkg03-fullpage-tools/production/assets/record-wizard-shared-DRANqzq_.js                    10.28 kB │ gzip:   3.92 kB
.pkg03-fullpage-tools/production/assets/legal-holds-BYLhdwIF.js                             10.28 kB │ gzip:   4.15 kB
.pkg03-fullpage-tools/production/assets/staff-requirements-CzvLXdrH.js                      10.28 kB │ gzip:   3.80 kB
.pkg03-fullpage-tools/production/assets/show-DzoFbU0X.js                                    10.31 kB │ gzip:   4.06 kB
.pkg03-fullpage-tools/production/assets/_inventory-table-B0Sb-HA1.js                        10.32 kB │ gzip:   3.72 kB
.pkg03-fullpage-tools/production/assets/unifi-CWTX2FsI.js                                   10.34 kB │ gzip:   4.11 kB
.pkg03-fullpage-tools/production/assets/Index-Cbz33g88.js                                   10.35 kB │ gzip:   4.33 kB
.pkg03-fullpage-tools/production/assets/create-BOmXtf9o.js                                  10.38 kB │ gzip:   4.25 kB
.pkg03-fullpage-tools/production/assets/ClientSummary-Bh0L7csD.js                           10.39 kB │ gzip:   3.73 kB
.pkg03-fullpage-tools/production/assets/index-C0jrP-e0.js                                   10.39 kB │ gzip:   4.32 kB
.pkg03-fullpage-tools/production/assets/Index-AWikIzCY.js                                   10.39 kB │ gzip:   4.26 kB
.pkg03-fullpage-tools/production/assets/Show-Brx8NV8Z.js                                    10.41 kB │ gzip:   3.89 kB
.pkg03-fullpage-tools/production/assets/Index-pJM8w5mH.js                                   10.41 kB │ gzip:   4.27 kB
.pkg03-fullpage-tools/production/assets/saved-Bl5QRIWS.js                                   10.43 kB │ gzip:   4.25 kB
.pkg03-fullpage-tools/production/assets/index-C9NIuWuH.js                                   10.45 kB │ gzip:   4.11 kB
.pkg03-fullpage-tools/production/assets/Index-CyopW33i.js                                   10.46 kB │ gzip:   4.23 kB
.pkg03-fullpage-tools/production/assets/FundingStreamSummary-CQ4RLewt.js                    10.47 kB │ gzip:   4.29 kB
.pkg03-fullpage-tools/production/assets/marketing-layout-C1LVAkU2.js                        10.47 kB │ gzip:   3.34 kB
.pkg03-fullpage-tools/production/assets/show-DQRA3h8a.js                                    10.52 kB │ gzip:   3.87 kB
.pkg03-fullpage-tools/production/assets/edit-DS5i_w_S.js                                    10.53 kB │ gzip:   4.33 kB
.pkg03-fullpage-tools/production/assets/Index-DIg3lZbg.js                                   10.53 kB │ gzip:   4.34 kB
.pkg03-fullpage-tools/production/assets/Index-Zz3wDUix.js                                   10.53 kB │ gzip:   4.47 kB
.pkg03-fullpage-tools/production/assets/risks-CrEiduNH.js                                   10.54 kB │ gzip:   3.98 kB
.pkg03-fullpage-tools/production/assets/status-DF1qzlxk.js                                  10.54 kB │ gzip:   4.20 kB
.pkg03-fullpage-tools/production/assets/Index-_3EKaOhf.js                                   10.58 kB │ gzip:   4.38 kB
.pkg03-fullpage-tools/production/assets/edit-DDpbPgRw.js                                    10.58 kB │ gzip:   4.29 kB
.pkg03-fullpage-tools/production/assets/modules-DNs9HIu_.js                                 10.65 kB │ gzip:   4.27 kB
.pkg03-fullpage-tools/production/assets/create-0i-zm0L0.js                                  10.70 kB │ gzip:   3.64 kB
.pkg03-fullpage-tools/production/assets/compliance-8vbyVrvq.js                              10.70 kB │ gzip:   4.23 kB
.pkg03-fullpage-tools/production/assets/index-df0XCe9n.js                                   10.75 kB │ gzip:   4.22 kB
.pkg03-fullpage-tools/production/assets/portal-users-BUcJYcCk.js                            10.77 kB │ gzip:   4.43 kB
.pkg03-fullpage-tools/production/assets/tomorrow-panel-D7gkyIma.js                          10.80 kB │ gzip:   4.26 kB
.pkg03-fullpage-tools/production/assets/documents-CD4Vapfr.js                               10.80 kB │ gzip:   3.81 kB
.pkg03-fullpage-tools/production/assets/_dialogs-D5obHwcV.js                                10.80 kB │ gzip:   4.14 kB
.pkg03-fullpage-tools/production/assets/risks-Fjh03b90.js                                   10.86 kB │ gzip:   4.10 kB
.pkg03-fullpage-tools/production/assets/_door-B2m7jivU.js                                   10.87 kB │ gzip:   3.81 kB
.pkg03-fullpage-tools/production/assets/Show-BDEIF1rI.js                                    10.87 kB │ gzip:   4.21 kB
.pkg03-fullpage-tools/production/assets/work-calendar-settings-DaJG0AwO.js                  10.89 kB │ gzip:   4.31 kB
.pkg03-fullpage-tools/production/assets/Index-BnDdHcPc.js                                   10.89 kB │ gzip:   4.48 kB
.pkg03-fullpage-tools/production/assets/Changes-Dxz4mIKF.js                                 10.90 kB │ gzip:   4.88 kB
.pkg03-fullpage-tools/production/assets/Show-CbdMSTaJ.js                                    10.95 kB │ gzip:   4.44 kB
.pkg03-fullpage-tools/production/assets/create-DqU428Fh.js                                  10.96 kB │ gzip:   4.45 kB
.pkg03-fullpage-tools/production/assets/handovers-hero-DxnuiHdT.js                          11.00 kB │ gzip:   4.80 kB
.pkg03-fullpage-tools/production/assets/Index-BIAyOJuM.js                                   11.01 kB │ gzip:   4.59 kB
.pkg03-fullpage-tools/production/assets/index-ubtH2xcj.js                                   11.02 kB │ gzip:   1.52 kB
.pkg03-fullpage-tools/production/assets/Committee-C66haa7v.js                               11.02 kB │ gzip:   4.79 kB
.pkg03-fullpage-tools/production/assets/create-Bk_WG49f.js                                  11.05 kB │ gzip:   4.36 kB
.pkg03-fullpage-tools/production/assets/TrialBalance-t7nCHfjk.js                            11.06 kB │ gzip:   4.79 kB
.pkg03-fullpage-tools/production/assets/index-Cu3mOIyQ.js                                   11.07 kB │ gzip:   4.56 kB
.pkg03-fullpage-tools/production/assets/photos-DiRnsnAs.js                                  11.10 kB │ gzip:   4.55 kB
.pkg03-fullpage-tools/production/assets/breaches-CoxRsb81.js                                11.10 kB │ gzip:   4.38 kB
.pkg03-fullpage-tools/production/assets/index-CuvbUCvc.js                                   11.12 kB │ gzip:   4.01 kB
.pkg03-fullpage-tools/production/assets/vendors-D60vzIYe.js                                 11.13 kB │ gzip:   3.63 kB
.pkg03-fullpage-tools/production/assets/summary-CzOj31Ar.js                                 11.15 kB │ gzip:   4.10 kB
.pkg03-fullpage-tools/production/assets/clock-out-wizard-4KtZF8UP.js                        11.15 kB │ gzip:   4.48 kB
.pkg03-fullpage-tools/production/assets/timeline-D4oSdIa2.js                                11.16 kB │ gzip:   4.77 kB
.pkg03-fullpage-tools/production/assets/index-BMQzEYTH.js                                   11.19 kB │ gzip:   4.33 kB
.pkg03-fullpage-tools/production/assets/broadcast-show-C2JcmqJm.js                          11.22 kB │ gzip:   4.09 kB
.pkg03-fullpage-tools/production/assets/show-supervision-C90uxa5c.js                        11.23 kB │ gzip:   4.23 kB
.pkg03-fullpage-tools/production/assets/cards-view-DlXBvxWQ.js                              11.25 kB │ gzip:   4.19 kB
.pkg03-fullpage-tools/production/assets/CheckShift-DWfetcBz.js                              11.28 kB │ gzip:   4.77 kB
.pkg03-fullpage-tools/production/assets/Edit-CxO71xLR.js                                    11.29 kB │ gzip:   4.55 kB
.pkg03-fullpage-tools/production/assets/Index-B9Iyb4mR.js                                   11.29 kB │ gzip:   4.65 kB
.pkg03-fullpage-tools/production/assets/privacy-action-modal-Cc1YRn5v.js                    11.30 kB │ gzip:   4.43 kB
.pkg03-fullpage-tools/production/assets/dashboard-tabs-Ct8YEx2N.js                          11.30 kB │ gzip:   4.21 kB
.pkg03-fullpage-tools/production/assets/notifications-UMwQ9M2-.js                           11.31 kB │ gzip:   4.18 kB
.pkg03-fullpage-tools/production/assets/Index-BxoixShI.js                                   11.35 kB │ gzip:   4.70 kB
.pkg03-fullpage-tools/production/assets/Index-B8nP1zfA.js                                   11.36 kB │ gzip:   4.56 kB
.pkg03-fullpage-tools/production/assets/Matrix-C0xuTh7I.js                                  11.38 kB │ gzip:   4.85 kB
.pkg03-fullpage-tools/production/assets/visit-requests-DTY1JHjR.js                          11.38 kB │ gzip:   4.60 kB
.pkg03-fullpage-tools/production/assets/wizard-configs-CvxS0C0c.js                          11.39 kB │ gzip:   3.48 kB
.pkg03-fullpage-tools/production/assets/surveys-B6wy27eN.js                                 11.41 kB │ gzip:   4.52 kB
.pkg03-fullpage-tools/production/assets/index-vexL2stD.js                                   11.42 kB │ gzip:   4.65 kB
.pkg03-fullpage-tools/production/assets/Create-BIwuB1PL.js                                  11.45 kB │ gzip:   4.48 kB
.pkg03-fullpage-tools/production/assets/leave-hub-parts-DpzJXXX3.js                         11.45 kB │ gzip:   4.21 kB
.pkg03-fullpage-tools/production/assets/create-Co7JbOgN.js                                  11.47 kB │ gzip:   4.76 kB
.pkg03-fullpage-tools/production/assets/price-book-dialog-DpiWjGsa.js                       11.47 kB │ gzip:   4.59 kB
.pkg03-fullpage-tools/production/assets/Index-BsjDatoh.js                                   11.48 kB │ gzip:   5.13 kB
.pkg03-fullpage-tools/production/assets/quote-dialog-CE4GVa80.js                            11.49 kB │ gzip:   4.65 kB
.pkg03-fullpage-tools/production/assets/Trends-CrIWMrxm.js                                  11.51 kB │ gzip:   4.98 kB
.pkg03-fullpage-tools/production/assets/workers-kVR1w1Uk.js                                 11.51 kB │ gzip:   4.39 kB
.pkg03-fullpage-tools/production/assets/index-BcEMUk70.js                                   11.53 kB │ gzip:   4.57 kB
.pkg03-fullpage-tools/production/assets/documents-5aatRP3l.js                               11.57 kB │ gzip:   4.09 kB
.pkg03-fullpage-tools/production/assets/Index-Cm90qoQU.js                                   11.57 kB │ gzip:   4.80 kB
.pkg03-fullpage-tools/production/assets/index-B0A9-JQG.js                                   11.57 kB │ gzip:   4.18 kB
.pkg03-fullpage-tools/production/assets/Show-B3jR4xEd.js                                    11.62 kB │ gzip:   5.11 kB
.pkg03-fullpage-tools/production/assets/dpia-D2hbzCaA.js                                    11.63 kB │ gzip:   4.44 kB
.pkg03-fullpage-tools/production/assets/_dialogs-DQvhZolN.js                                11.65 kB │ gzip:   4.72 kB
.pkg03-fullpage-tools/production/assets/show-AnPRoMLO.js                                    11.67 kB │ gzip:   5.00 kB
.pkg03-fullpage-tools/production/assets/show-B3AIaFcQ.js                                    11.76 kB │ gzip:   4.43 kB
.pkg03-fullpage-tools/production/assets/task-88KzHhil.js                                    11.79 kB │ gzip:   4.84 kB
.pkg03-fullpage-tools/production/assets/Dashboard-DrGEKk4i.js                               11.80 kB │ gzip:   5.03 kB
.pkg03-fullpage-tools/production/assets/Index-DQ4YCSP2.js                                   11.82 kB │ gzip:   4.86 kB
.pkg03-fullpage-tools/production/assets/templates-t5vwbSsN.js                               11.82 kB │ gzip:   4.81 kB
.pkg03-fullpage-tools/production/assets/_dialogs-BdhVs6Ci.js                                11.86 kB │ gzip:   4.45 kB
.pkg03-fullpage-tools/production/assets/Index-CBFgGRUm.js                                   11.86 kB │ gzip:   4.60 kB
.pkg03-fullpage-tools/production/assets/rehire-wizard-Bwvxtzyc.js                           11.87 kB │ gzip:   4.49 kB
.pkg03-fullpage-tools/production/assets/Index-CqtPeZwM.js                                   11.87 kB │ gzip:   5.18 kB
.pkg03-fullpage-tools/production/assets/Index-wIyWSq53.js                                   11.88 kB │ gzip:   5.12 kB
.pkg03-fullpage-tools/production/assets/community-access-B21LSs_f.js                        11.88 kB │ gzip:   4.80 kB
.pkg03-fullpage-tools/production/assets/alerts-config-Cer0gzWe.js                           11.91 kB │ gzip:   4.56 kB
.pkg03-fullpage-tools/production/assets/shift-list-view-mb2_g0I-.js                         11.91 kB │ gzip:   4.69 kB
.pkg03-fullpage-tools/production/assets/Index-DFW7QyRA.js                                   11.93 kB │ gzip:   5.17 kB
.pkg03-fullpage-tools/production/assets/Index-CczeJXOj.js                                   11.93 kB │ gzip:   5.22 kB
.pkg03-fullpage-tools/production/assets/Prepare-2uINstVD.js                                 11.94 kB │ gzip:   4.87 kB
.pkg03-fullpage-tools/production/assets/log-notifiable-dialog-CiHz8nr6.js                   11.95 kB │ gzip:   4.38 kB
.pkg03-fullpage-tools/production/assets/healthcare-devices-7DH6WIVe.js                      11.97 kB │ gzip:   4.17 kB
.pkg03-fullpage-tools/production/assets/apply-CqjRxqxW.js                                   11.98 kB │ gzip:   4.55 kB
.pkg03-fullpage-tools/production/assets/create-template-ugcg4vrr.js                         11.99 kB │ gzip:   4.78 kB
.pkg03-fullpage-tools/production/assets/performance-hero-CaG_n0gY.js                        12.00 kB │ gzip:   3.84 kB
.pkg03-fullpage-tools/production/assets/sign-DvavtU7S.js                                    12.01 kB │ gzip:   4.73 kB
.pkg03-fullpage-tools/production/assets/profile-IufaCgbD.js                                 12.01 kB │ gzip:   4.90 kB
.pkg03-fullpage-tools/production/assets/page-hero-mlDrz_4s.js                               12.02 kB │ gzip:   4.62 kB
.pkg03-fullpage-tools/production/assets/AgedReport-D3P8knFk.js                              12.03 kB │ gzip:   5.41 kB
.pkg03-fullpage-tools/production/assets/protocol-form-C_cVlB80.js                           12.08 kB │ gzip:   4.40 kB
.pkg03-fullpage-tools/production/assets/ppe-wizard-DuiTGVR9.js                              12.12 kB │ gzip:   4.95 kB
.pkg03-fullpage-tools/production/assets/assignments-DhfQaT7X.js                             12.12 kB │ gzip:   4.87 kB
.pkg03-fullpage-tools/production/assets/Index-Dw6VSnzQ.js                                   12.13 kB │ gzip:   5.08 kB
.pkg03-fullpage-tools/production/assets/index-Dt9W0Pa5.js                                   12.14 kB │ gzip:   4.64 kB
.pkg03-fullpage-tools/production/assets/Index-ls0Bltsu.js                                   12.17 kB │ gzip:   4.94 kB
.pkg03-fullpage-tools/production/assets/cards-view-BvJo1fVI.js                              12.18 kB │ gzip:   4.45 kB
.pkg03-fullpage-tools/production/assets/it-ticket-comment-contract-BBENTCa7.js              12.19 kB │ gzip:   3.96 kB
.pkg03-fullpage-tools/production/assets/_request-dialog-aFyJztoq.js                         12.22 kB │ gzip:   4.59 kB
.pkg03-fullpage-tools/production/assets/BalanceSheet-jv0AWzxY.js                            12.24 kB │ gzip:   5.11 kB
.pkg03-fullpage-tools/production/assets/_builder-dialog-kD_IsFNJ.js                         12.24 kB │ gzip:   4.88 kB
.pkg03-fullpage-tools/production/assets/Index-CSNfsHXl.js                                   12.27 kB │ gzip:   5.23 kB
.pkg03-fullpage-tools/production/assets/index-C-1O-mOG.js                                   12.28 kB │ gzip:   5.00 kB
.pkg03-fullpage-tools/production/assets/medications-D-TLDSZQ.js                             12.31 kB │ gzip:   4.45 kB
.pkg03-fullpage-tools/production/assets/Index-BLveA2QZ.js                                   12.31 kB │ gzip:   4.85 kB
.pkg03-fullpage-tools/production/assets/Index-Darf7HB-.js                                   12.34 kB │ gzip:   5.06 kB
.pkg03-fullpage-tools/production/assets/index-DrO7BECM.js                                   12.36 kB │ gzip:   4.44 kB
.pkg03-fullpage-tools/production/assets/time-CNo0M7gr.js                                    12.38 kB │ gzip:   5.27 kB
.pkg03-fullpage-tools/production/assets/index-gSMKPHyl.js                                   12.40 kB │ gzip:   5.07 kB
.pkg03-fullpage-tools/production/assets/index-BTnsk9x4.js                                   12.41 kB │ gzip:   5.32 kB
.pkg03-fullpage-tools/production/assets/donor-fund-dialog-C0DdiZ_n.js                       12.42 kB │ gzip:   4.44 kB
.pkg03-fullpage-tools/production/assets/pricing-D8-_TlE5.js                                 12.42 kB │ gzip:   3.68 kB
.pkg03-fullpage-tools/production/assets/edit-BKy9ahZX.js                                    12.43 kB │ gzip:   4.90 kB
.pkg03-fullpage-tools/production/assets/Index-AVuYiWpJ.js                                   12.44 kB │ gzip:   5.38 kB
.pkg03-fullpage-tools/production/assets/index-BhhBKtmd.js                                   12.45 kB │ gzip:   4.71 kB
.pkg03-fullpage-tools/production/assets/facilities-CxbSytLG.js                              12.46 kB │ gzip:   5.18 kB
.pkg03-fullpage-tools/production/assets/create-dlpFpBLu.js                                  12.46 kB │ gzip:   4.85 kB
.pkg03-fullpage-tools/production/assets/log-obligation-dialog-NS36Xe5m.js                   12.46 kB │ gzip:   4.68 kB
.pkg03-fullpage-tools/production/assets/index-SXs4z3e7.js                                   12.46 kB │ gzip:   4.82 kB
.pkg03-fullpage-tools/production/assets/Index-Gncnh57F.js                                   12.47 kB │ gzip:   5.37 kB
.pkg03-fullpage-tools/production/assets/head-office-Bn_oetcU.js                             12.48 kB │ gzip:   5.26 kB
.pkg03-fullpage-tools/production/assets/requests-CfOk_AHt.js                                12.49 kB │ gzip:   4.78 kB
.pkg03-fullpage-tools/production/assets/_dialogs-DF7w47JA.js                                12.54 kB │ gzip:   5.31 kB
.pkg03-fullpage-tools/production/assets/specialist-workspace-header-CFS4Avto.js             12.57 kB │ gzip:   5.56 kB
.pkg03-fullpage-tools/production/assets/index-CJ9X_2iG.js                                   12.57 kB │ gzip:   4.45 kB
.pkg03-fullpage-tools/production/assets/index-B8d8VBVY.js                                   12.61 kB │ gzip:   4.80 kB
.pkg03-fullpage-tools/production/assets/edit-BoZ4WQEB.js                                    12.62 kB │ gzip:   4.76 kB
.pkg03-fullpage-tools/production/assets/index-CW3OhYwE.js                                   12.62 kB │ gzip:   5.20 kB
.pkg03-fullpage-tools/production/assets/Trends-B3o5REo6.js                                  12.64 kB │ gzip:   5.19 kB
.pkg03-fullpage-tools/production/assets/Assignments-CJyLCO9R.js                             12.66 kB │ gzip:   5.31 kB
.pkg03-fullpage-tools/production/assets/Diff-D0iI2QXa.js                                    12.66 kB │ gzip:   5.44 kB
.pkg03-fullpage-tools/production/assets/index-niMSj2Hz.js                                   12.67 kB │ gzip:   4.60 kB
.pkg03-fullpage-tools/production/assets/geofence-draw-map-b9DoTOaZ.js                       12.68 kB │ gzip:   4.87 kB
.pkg03-fullpage-tools/production/assets/health-DUX0EF26.js                                  12.71 kB │ gzip:   4.30 kB
.pkg03-fullpage-tools/production/assets/Review-CLEAYjaf.js                                  12.71 kB │ gzip:   4.65 kB
.pkg03-fullpage-tools/production/assets/show-Br-nCKXw.js                                    12.72 kB │ gzip:   4.77 kB
.pkg03-fullpage-tools/production/assets/show-DmM2gyaW.js                                    12.73 kB │ gzip:   4.52 kB
.pkg03-fullpage-tools/production/assets/index-CvtYn4bm.js                                   12.73 kB │ gzip:   4.99 kB
.pkg03-fullpage-tools/production/assets/new-po-dialog-BUSGEXYH.js                           12.75 kB │ gzip:   4.80 kB
.pkg03-fullpage-tools/production/assets/builder-C29t9qTB.js                                 12.77 kB │ gzip:   4.85 kB
.pkg03-fullpage-tools/production/assets/Index-BAn7LWeS.js                                   12.78 kB │ gzip:   4.76 kB
.pkg03-fullpage-tools/production/assets/Show-r785TdI3.js                                    12.81 kB │ gzip:   4.87 kB
.pkg03-fullpage-tools/production/assets/ProfitAndLoss-CF3cAKH8.js                           12.82 kB │ gzip:   5.14 kB
.pkg03-fullpage-tools/production/assets/Index-uRqYPz26.js                                   12.84 kB │ gzip:   5.51 kB
.pkg03-fullpage-tools/production/assets/Index-C1qb1U5D.js                                   12.84 kB │ gzip:   5.57 kB
.pkg03-fullpage-tools/production/assets/ppe-action-dialogs-Mothhu1b.js                      12.85 kB │ gzip:   4.35 kB
.pkg03-fullpage-tools/production/assets/Index-BwuCuaHk.js                                   12.90 kB │ gzip:   5.64 kB
.pkg03-fullpage-tools/production/assets/privacy-CP1DSq3T.js                                 12.96 kB │ gzip:   3.79 kB
.pkg03-fullpage-tools/production/assets/index-D4VFFJMt.js                                   12.98 kB │ gzip:   5.43 kB
.pkg03-fullpage-tools/production/assets/Dashboard-B2lDp47T.js                               13.03 kB │ gzip:   5.43 kB
.pkg03-fullpage-tools/production/assets/Show-DEYAVvb6.js                                    13.05 kB │ gzip:   5.05 kB
.pkg03-fullpage-tools/production/assets/show-Dn71yrCG.js                                    13.06 kB │ gzip:   4.93 kB
.pkg03-fullpage-tools/production/assets/prn-wizard-BVHU1wgt.js                              13.07 kB │ gzip:   4.97 kB
.pkg03-fullpage-tools/production/assets/Trends-BDT1xlTX.js                                  13.08 kB │ gzip:   5.32 kB
.pkg03-fullpage-tools/production/assets/index-BjxMOMXr.js                                   13.08 kB │ gzip:   5.38 kB
.pkg03-fullpage-tools/production/assets/Dashboard-B4sq4oyy.js                               13.12 kB │ gzip:   4.32 kB
.pkg03-fullpage-tools/production/assets/Index-CdNa4qfx.js                                   13.15 kB │ gzip:   5.60 kB
.pkg03-fullpage-tools/production/assets/playbook-wizard-CzBIh9RX.js                         13.16 kB │ gzip:   4.60 kB
.pkg03-fullpage-tools/production/assets/layout-Cq2ooUo6.js                                  13.16 kB │ gzip:   4.23 kB
.pkg03-fullpage-tools/production/assets/site-detail-DxTqw0o6.js                             13.17 kB │ gzip:   4.46 kB
.pkg03-fullpage-tools/production/assets/daily-check-C85f3pe2.js                             13.18 kB │ gzip:   5.32 kB
.pkg03-fullpage-tools/production/assets/Create-CIeoVP26.js                                  13.18 kB │ gzip:   5.54 kB
.pkg03-fullpage-tools/production/assets/calendar-C3qW8hgf.js                                13.18 kB │ gzip:   5.24 kB
.pkg03-fullpage-tools/production/assets/plans-BNnw2bnp.js                                   13.19 kB │ gzip:   5.31 kB
.pkg03-fullpage-tools/production/assets/alerts-events-Cyq339i0.js                           13.21 kB │ gzip:   5.57 kB
.pkg03-fullpage-tools/production/assets/Index-B_594m4v.js                                   13.23 kB │ gzip:   5.59 kB
.pkg03-fullpage-tools/production/assets/show-qeSu6e9m.js                                    13.24 kB │ gzip:   5.09 kB
.pkg03-fullpage-tools/production/assets/reviews-oLL4sW4I.js                                 13.27 kB │ gzip:   5.12 kB
.pkg03-fullpage-tools/production/assets/Index-C-2xUL8g.js                                   13.27 kB │ gzip:   5.53 kB
.pkg03-fullpage-tools/production/assets/messaging-DPmm1bDQ.js                               13.29 kB │ gzip:   4.69 kB
.pkg03-fullpage-tools/production/assets/pre-check-guM2CKEA.js                               13.30 kB │ gzip:   4.98 kB
.pkg03-fullpage-tools/production/assets/goals-path-IR3CTWu5.js                              13.33 kB │ gzip:   5.32 kB
.pkg03-fullpage-tools/production/assets/create-BAuVfhtF.js                                  13.35 kB │ gzip:   5.18 kB
.pkg03-fullpage-tools/production/assets/_dialogs-CQ0CnsHA.js                                13.36 kB │ gzip:   4.85 kB
.pkg03-fullpage-tools/production/assets/HealthMonitoring-B3JROAXc.js                        13.36 kB │ gzip:   4.85 kB
.pkg03-fullpage-tools/production/assets/_dialogs-D-5sKakQ.js                                13.37 kB │ gzip:   5.60 kB
.pkg03-fullpage-tools/production/assets/Index-KyCkE6Bi.js                                   13.40 kB │ gzip:   5.84 kB
.pkg03-fullpage-tools/production/assets/_audit-dialog-F9hxYYz8.js                           13.43 kB │ gzip:   5.37 kB
.pkg03-fullpage-tools/production/assets/timesheet-review-BXjmfCLC.js                        13.43 kB │ gzip:   5.00 kB
.pkg03-fullpage-tools/production/assets/_ledger-panel-jUTFM2K8.js                           13.44 kB │ gzip:   4.23 kB
.pkg03-fullpage-tools/production/assets/unassign-make-open-dialog-CEQAY63-.js               13.47 kB │ gzip:   5.09 kB
.pkg03-fullpage-tools/production/assets/about-DChGEWze.js                                   13.47 kB │ gzip:   3.47 kB
.pkg03-fullpage-tools/production/assets/houses-B8GesjS9.js                                  13.52 kB │ gzip:   5.64 kB
.pkg03-fullpage-tools/production/assets/expenses-BxNcZjYJ.js                                13.53 kB │ gzip:   5.22 kB
.pkg03-fullpage-tools/production/assets/digest-panel-677qlUp1.js                            13.54 kB │ gzip:   4.78 kB
.pkg03-fullpage-tools/production/assets/index-nPCGmTWO.js                                   13.54 kB │ gzip:   5.76 kB
.pkg03-fullpage-tools/production/assets/edit-template-DpcM_bvn.js                           13.55 kB │ gzip:   5.44 kB
.pkg03-fullpage-tools/production/assets/client-BSDuJ2Xr.js                                  13.58 kB │ gzip:   3.86 kB
.pkg03-fullpage-tools/production/assets/Index-Bo-l6-Uk.js                                   13.59 kB │ gzip:   5.86 kB
.pkg03-fullpage-tools/production/assets/my-day-hero-Cfx408qc.js                             13.62 kB │ gzip:   5.94 kB
.pkg03-fullpage-tools/production/assets/MyInterests-pIRn7Lsa.js                             13.64 kB │ gzip:   5.77 kB
.pkg03-fullpage-tools/production/assets/Index-a0jWGRNl.js                                   13.65 kB │ gzip:   5.95 kB
.pkg03-fullpage-tools/production/assets/terminology-DNqsRAIw.js                             13.65 kB │ gzip:   4.17 kB
.pkg03-fullpage-tools/production/assets/by-house-C3218CMi.js                                13.66 kB │ gzip:   4.82 kB
.pkg03-fullpage-tools/production/assets/_dialogs-CeV2hELv.js                                13.67 kB │ gzip:   5.11 kB
.pkg03-fullpage-tools/production/assets/documents-CfS3F2Ak.js                               13.68 kB │ gzip:   5.46 kB
.pkg03-fullpage-tools/production/assets/Index-DaU-Fd-P.js                                   13.75 kB │ gzip:   5.79 kB
.pkg03-fullpage-tools/production/assets/Index-Az-Fv5ow.js                                   13.79 kB │ gzip:   5.44 kB
.pkg03-fullpage-tools/production/assets/Index-BvDcGnuc.js                                   13.81 kB │ gzip:   5.57 kB
.pkg03-fullpage-tools/production/assets/Committee-CV2pgC7j.js                               13.82 kB │ gzip:   5.98 kB
.pkg03-fullpage-tools/production/assets/_recipe-edit-dialog-CG6tpXva.js                     13.88 kB │ gzip:   4.68 kB
.pkg03-fullpage-tools/production/assets/document-preview-c-7i0ITR.js                        13.91 kB │ gzip:   5.77 kB
.pkg03-fullpage-tools/production/assets/timeline-tab-DlflCgbo.js                            13.92 kB │ gzip:   4.92 kB
.pkg03-fullpage-tools/production/assets/Show-znM6gqBg.js                                    13.96 kB │ gzip:   6.00 kB
.pkg03-fullpage-tools/production/assets/map-DQUQwQoN.js                                     13.97 kB │ gzip:   5.79 kB
.pkg03-fullpage-tools/production/assets/create-BtW-cVOt.js                                  14.01 kB │ gzip:   5.33 kB
.pkg03-fullpage-tools/production/assets/show-cov5-ZKC.js                                    14.05 kB │ gzip:   5.05 kB
.pkg03-fullpage-tools/production/assets/show-BeFZ9UYM.js                                    14.08 kB │ gzip:   4.71 kB
.pkg03-fullpage-tools/production/assets/holidays-Adp40bsq.js                                14.08 kB │ gzip:   5.74 kB
.pkg03-fullpage-tools/production/assets/Show-t1RWoYvF.js                                    14.09 kB │ gzip:   5.49 kB
.pkg03-fullpage-tools/production/assets/Attestations-Dj6lsqSY.js                            14.09 kB │ gzip:   5.79 kB
.pkg03-fullpage-tools/production/assets/index-DTy6Riml.js                                   14.12 kB │ gzip:   5.36 kB
.pkg03-fullpage-tools/production/assets/Index-BoC4ePCJ.js                                   14.16 kB │ gzip:   6.19 kB
.pkg03-fullpage-tools/production/assets/audit-log-CKKYbMq2.js                               14.17 kB │ gzip:   5.72 kB
.pkg03-fullpage-tools/production/assets/_dialog-shared-DJwW8ilr.js                          14.19 kB │ gzip:   5.43 kB
.pkg03-fullpage-tools/production/assets/date-picker-CqiIWeiW.js                             14.23 kB │ gzip:   5.47 kB
.pkg03-fullpage-tools/production/assets/new-vendor-dialog-BrXuabdo.js                       14.25 kB │ gzip:   4.76 kB
.pkg03-fullpage-tools/production/assets/Terminals-DcFMzQkh.js                               14.27 kB │ gzip:   5.91 kB
.pkg03-fullpage-tools/production/assets/task-detail-dialog-C2BUtlj2.js                      14.34 kB │ gzip:   4.80 kB
.pkg03-fullpage-tools/production/assets/Statements-DIvTMXZD.js                              14.36 kB │ gzip:   5.87 kB
.pkg03-fullpage-tools/production/assets/trends-Dt4_svDy.js                                  14.36 kB │ gzip:   4.80 kB
.pkg03-fullpage-tools/production/assets/Index-Bm-6VrrV.js                                   14.37 kB │ gzip:   6.16 kB
.pkg03-fullpage-tools/production/assets/workflow-CLhH3YkA.js                                14.38 kB │ gzip:   5.88 kB
.pkg03-fullpage-tools/production/assets/survey-BHEuaghg.js                                  14.40 kB │ gzip:   4.75 kB
.pkg03-fullpage-tools/production/assets/index-CdR_aVd3.js                                   14.41 kB │ gzip:   5.37 kB
.pkg03-fullpage-tools/production/assets/Index-BU1wahW1.js                                   14.43 kB │ gzip:   6.17 kB
.pkg03-fullpage-tools/production/assets/Create-3wsZOmSd.js                                  14.44 kB │ gzip:   5.64 kB
.pkg03-fullpage-tools/production/assets/index-bzZHDAvm.js                                   14.44 kB │ gzip:   5.77 kB
.pkg03-fullpage-tools/production/assets/mar-Bvy3JnXx.js                                     14.45 kB │ gzip:   3.91 kB
.pkg03-fullpage-tools/production/assets/Index-BMS83x2j.js                                   14.46 kB │ gzip:   6.37 kB
.pkg03-fullpage-tools/production/assets/Index-C6N9SiNT.js                                   14.47 kB │ gzip:   6.01 kB
.pkg03-fullpage-tools/production/assets/global-Dr7iBVk9.js                                  14.55 kB │ gzip:   5.50 kB
.pkg03-fullpage-tools/production/assets/Financials-Dficp_GB.js                              14.57 kB │ gzip:   5.73 kB
.pkg03-fullpage-tools/production/assets/_commercial-BTIZtcD4.js                             14.59 kB │ gzip:   5.36 kB
.pkg03-fullpage-tools/production/assets/index-D2EnQ8i9.js                                   14.60 kB │ gzip:   5.54 kB
.pkg03-fullpage-tools/production/assets/_dialogs-DRf-1VNB.js                                14.60 kB │ gzip:   5.80 kB
.pkg03-fullpage-tools/production/assets/matrix-BEZMd95S.js                                  14.71 kB │ gzip:   5.89 kB
.pkg03-fullpage-tools/production/assets/show-CIswwxux.js                                    14.72 kB │ gzip:   5.70 kB
.pkg03-fullpage-tools/production/assets/record-evidence-dialog-DpgDqhky.js                  14.72 kB │ gzip:   5.96 kB
.pkg03-fullpage-tools/production/assets/my-tasks-F3nwOmAB.js                                14.72 kB │ gzip:   5.76 kB
.pkg03-fullpage-tools/production/assets/run-DIZSS4En.js                                     14.72 kB │ gzip:   5.45 kB
.pkg03-fullpage-tools/production/assets/index-BYEvpUya.js                                   14.74 kB │ gzip:   6.11 kB
.pkg03-fullpage-tools/production/assets/_dialogs-CDyUSkzU.js                                14.75 kB │ gzip:   5.61 kB
.pkg03-fullpage-tools/production/assets/playback-DwxqIhGq.js                                14.75 kB │ gzip:   5.79 kB
.pkg03-fullpage-tools/production/assets/index-CaiZkdVS.js                                   14.76 kB │ gzip:   5.77 kB
.pkg03-fullpage-tools/production/assets/Show-DZnsfY18.js                                    14.78 kB │ gzip:   5.85 kB
.pkg03-fullpage-tools/production/assets/Show-B3YANOQd.js                                    14.83 kB │ gzip:   6.05 kB
.pkg03-fullpage-tools/production/assets/reports-p0ijIhuy.js                                 14.87 kB │ gzip:   5.14 kB
.pkg03-fullpage-tools/production/assets/Index-CVRSBEwD.js                                   14.92 kB │ gzip:   5.49 kB
.pkg03-fullpage-tools/production/assets/show-cHo5SM80.js                                    14.92 kB │ gzip:   5.48 kB
.pkg03-fullpage-tools/production/assets/CashFlow-ROBBAALl.js                                14.94 kB │ gzip:   5.88 kB
.pkg03-fullpage-tools/production/assets/Create-DPeL6Yyz.js                                  14.94 kB │ gzip:   4.92 kB
.pkg03-fullpage-tools/production/assets/index-CxGkmmXb.js                                   14.95 kB │ gzip:   6.03 kB
.pkg03-fullpage-tools/production/assets/Results-BSsoY7D4.js                                 14.98 kB │ gzip:   6.24 kB
.pkg03-fullpage-tools/production/assets/portal-users-CDihgM37.js                            14.99 kB │ gzip:   6.20 kB
.pkg03-fullpage-tools/production/assets/sso-groups-BALtuRwE.js                              15.04 kB │ gzip:   5.58 kB
.pkg03-fullpage-tools/production/assets/edit-DJbpBGbY.js                                    15.04 kB │ gzip:   5.86 kB
.pkg03-fullpage-tools/production/assets/custom-fields-Lt8aljIM.js                           15.08 kB │ gzip:   6.10 kB
.pkg03-fullpage-tools/production/assets/index-BthhUKAC.js                                   15.11 kB │ gzip:   6.19 kB
.pkg03-fullpage-tools/production/assets/command-centre-hero-Cqthnbi0.js                     15.16 kB │ gzip:   6.14 kB
.pkg03-fullpage-tools/production/assets/Show-LI9BqUt5.js                                    15.16 kB │ gzip:   6.38 kB
.pkg03-fullpage-tools/production/assets/overview-C3cBUhes.js                                15.23 kB │ gzip:   5.50 kB
.pkg03-fullpage-tools/production/assets/BatchDetail-BZgarejJ.js                             15.24 kB │ gzip:   5.88 kB
.pkg03-fullpage-tools/production/assets/create-D1p0kJrp.js                                  15.27 kB │ gzip:   5.56 kB
.pkg03-fullpage-tools/production/assets/Index-BQwZB5PW.js                                   15.33 kB │ gzip:   6.31 kB
.pkg03-fullpage-tools/production/assets/terms-DEJ_YSGa.js                                   15.34 kB │ gzip:   4.43 kB
.pkg03-fullpage-tools/production/assets/Roles-jKMSqKze.js                                   15.35 kB │ gzip:   4.80 kB
.pkg03-fullpage-tools/production/assets/edit-IssmZ3EG.js                                    15.35 kB │ gzip:   6.06 kB
.pkg03-fullpage-tools/production/assets/contact-D-AbaEtr.js                                 15.39 kB │ gzip:   4.91 kB
.pkg03-fullpage-tools/production/assets/Show-BCm_UGte.js                                    15.43 kB │ gzip:   5.98 kB
.pkg03-fullpage-tools/production/assets/Index-DuzCoESD.js                                   15.44 kB │ gzip:   6.54 kB
.pkg03-fullpage-tools/production/assets/show-C1prnIdK.js                                    15.49 kB │ gzip:   5.79 kB
.pkg03-fullpage-tools/production/assets/staff-detail-CD4vXTSI.js                            15.51 kB │ gzip:   5.89 kB
.pkg03-fullpage-tools/production/assets/bonuses-zW_zIHZu.js                                 15.51 kB │ gzip:   6.27 kB
.pkg03-fullpage-tools/production/assets/record-event-dialog-sZoijEx6.js                     15.51 kB │ gzip:   5.95 kB
.pkg03-fullpage-tools/production/assets/reports-Do8ynygh.js                                 15.56 kB │ gzip:   5.94 kB
.pkg03-fullpage-tools/production/assets/payslips-CNHTGLsY.js                                15.59 kB │ gzip:   5.62 kB
.pkg03-fullpage-tools/production/assets/index-BWogj1fi.js                                   15.60 kB │ gzip:   6.34 kB
.pkg03-fullpage-tools/production/assets/daily-note-wizard-oBvPsKBP.js                       15.61 kB │ gzip:   4.77 kB
.pkg03-fullpage-tools/production/assets/shift-detail-dialog-BotazyBI.js                     15.63 kB │ gzip:   6.05 kB
.pkg03-fullpage-tools/production/assets/profile-DfgC4dic.js                                 15.66 kB │ gzip:   5.60 kB
.pkg03-fullpage-tools/production/assets/Index-DmnQVury.js                                   15.68 kB │ gzip:   6.31 kB
.pkg03-fullpage-tools/production/assets/Show-B0_rkGks.js                                    15.71 kB │ gzip:   6.31 kB
.pkg03-fullpage-tools/production/assets/webhooks-CRwGgRpZ.js                                15.72 kB │ gzip:   5.37 kB
.pkg03-fullpage-tools/production/assets/BudgetVsActuals-BL1eL057.js                         15.72 kB │ gzip:   6.08 kB
.pkg03-fullpage-tools/production/assets/Heatmap-bCjQ0dM2.js                                 15.82 kB │ gzip:   6.66 kB
.pkg03-fullpage-tools/production/assets/Batches-BBBudv4o.js                                 15.84 kB │ gzip:   6.51 kB
.pkg03-fullpage-tools/production/assets/review-detail-Do9w4gFM.js                           15.85 kB │ gzip:   6.30 kB
.pkg03-fullpage-tools/production/assets/my-hr-shoutout-spotlight-gpmeIxRX.js                15.87 kB │ gzip:   5.91 kB
.pkg03-fullpage-tools/production/assets/index-Dw7FVLqs.js                                   15.91 kB │ gzip:   6.60 kB
.pkg03-fullpage-tools/production/assets/index-NN7ShPID.js                                   15.94 kB │ gzip:   6.76 kB
.pkg03-fullpage-tools/production/assets/maintenance-health-Dh5HeHLv.js                      15.94 kB │ gzip:   6.28 kB
.pkg03-fullpage-tools/production/assets/Index-BbQpveza.js                                   15.95 kB │ gzip:   6.23 kB
.pkg03-fullpage-tools/production/assets/audit-BuAY6cyq.js                                   16.00 kB │ gzip:   5.94 kB
.pkg03-fullpage-tools/production/assets/Index-Dq7Rs-eT.js                                   16.01 kB │ gzip:   6.81 kB
.pkg03-fullpage-tools/production/assets/record-dose-wizard-PBwIjx1D.js                      16.03 kB │ gzip:   5.35 kB
.pkg03-fullpage-tools/production/assets/index-D2Mz2_ll.js                                   16.10 kB │ gzip:   6.41 kB
.pkg03-fullpage-tools/production/assets/record-receipt-dialog-DqorJ7C7.js                   16.12 kB │ gzip:   5.59 kB
.pkg03-fullpage-tools/production/assets/leaflet-map-Bxz7C_NO.js                             16.13 kB │ gzip:   5.72 kB
.pkg03-fullpage-tools/production/assets/policy-wizards-BiFqUET4.js                          16.17 kB │ gzip:   5.57 kB
.pkg03-fullpage-tools/production/assets/Index-jSe-jH9Z.js                                   16.23 kB │ gzip:   6.82 kB
.pkg03-fullpage-tools/production/assets/appearance-Bk_K8tA7.js                              16.24 kB │ gzip:   4.97 kB
.pkg03-fullpage-tools/production/assets/matrix-CRfhM9hY.js                                  16.25 kB │ gzip:   6.31 kB
.pkg03-fullpage-tools/production/assets/incidents-BpDkQLjy.js                               16.28 kB │ gzip:   6.01 kB
.pkg03-fullpage-tools/production/assets/new-bill-dialog-BbDtA90V.js                         16.32 kB │ gzip:   5.89 kB
.pkg03-fullpage-tools/production/assets/risk-management-DEwrtohM.js                         16.33 kB │ gzip:   6.25 kB
.pkg03-fullpage-tools/production/assets/Assessments-CrS_1xYo.js                             16.35 kB │ gzip:   6.41 kB
.pkg03-fullpage-tools/production/assets/Show-uM0IEIBR.js                                    16.35 kB │ gzip:   6.41 kB
.pkg03-fullpage-tools/production/assets/record-abc-dialog-B6R8XHYX.js                       16.36 kB │ gzip:   5.79 kB
.pkg03-fullpage-tools/production/assets/Index-CjYxgIfO.js                                   16.37 kB │ gzip:   6.32 kB
.pkg03-fullpage-tools/production/assets/breaches-Cy8KQI3A.js                                16.38 kB │ gzip:   5.73 kB
.pkg03-fullpage-tools/production/assets/RunResults-CMAP7T3R.js                              16.40 kB │ gzip:   6.15 kB
.pkg03-fullpage-tools/production/assets/show-CaGrLuQG.js                                    16.45 kB │ gzip:   6.55 kB
.pkg03-fullpage-tools/production/assets/Settings-PNEF2T8T.js                                16.51 kB │ gzip:   6.19 kB
.pkg03-fullpage-tools/production/assets/show-B9blOFLm.js                                    16.52 kB │ gzip:   5.60 kB
.pkg03-fullpage-tools/production/assets/Show-DI9_nAVl.js                                    16.55 kB │ gzip:   6.51 kB
.pkg03-fullpage-tools/production/assets/notification-defaults-DJk8H-9j.js                   16.56 kB │ gzip:   5.89 kB
.pkg03-fullpage-tools/production/assets/index-DlU-gGGe.js                                   16.62 kB │ gzip:   6.46 kB
.pkg03-fullpage-tools/production/assets/Index-Cy8lBU8W.js                                   16.64 kB │ gzip:   6.61 kB
.pkg03-fullpage-tools/production/assets/observations-sr_jHN45.js                            16.67 kB │ gzip:   6.17 kB
.pkg03-fullpage-tools/production/assets/location-D4blCoTP.js                                16.70 kB │ gzip:   6.00 kB
.pkg03-fullpage-tools/production/assets/charts-mjYpFqda.js                                  16.81 kB │ gzip:   5.54 kB
.pkg03-fullpage-tools/production/assets/Protocols-DGSby_6r.js                               16.82 kB │ gzip:   6.21 kB
.pkg03-fullpage-tools/production/assets/documents-BBUWyqM5.js                               16.83 kB │ gzip:   6.65 kB
.pkg03-fullpage-tools/production/assets/leave-CB-T8Zku.js                                   16.84 kB │ gzip:   7.06 kB
.pkg03-fullpage-tools/production/assets/Index-8ofKVJV3.js                                   16.84 kB │ gzip:   6.88 kB
.pkg03-fullpage-tools/production/assets/Show-CIfg1wnq.js                                    16.84 kB │ gzip:   5.81 kB
.pkg03-fullpage-tools/production/assets/Index-vlrOShjm.js                                   16.85 kB │ gzip:   6.93 kB
.pkg03-fullpage-tools/production/assets/api-pXFavruT.js                                     16.87 kB │ gzip:   5.14 kB
.pkg03-fullpage-tools/production/assets/note-detail-dialog-DlGGnVqS.js                      16.88 kB │ gzip:   5.78 kB
.pkg03-fullpage-tools/production/assets/Index-u4bkDCaN.js                                   16.95 kB │ gzip:   6.64 kB
.pkg03-fullpage-tools/production/assets/cost-allocation-BN7r2fXg.js                         17.03 kB │ gzip:   6.09 kB
.pkg03-fullpage-tools/production/assets/edit-CbDwTqcW.js                                    17.08 kB │ gzip:   6.30 kB
.pkg03-fullpage-tools/production/assets/family-notes-R5ZtJ9nc.js                            17.08 kB │ gzip:   6.33 kB
.pkg03-fullpage-tools/production/assets/index-Cw4q-fkl.js                                   17.09 kB │ gzip:   6.67 kB
.pkg03-fullpage-tools/production/assets/Index-B5YA4XnR.js                                   17.13 kB │ gzip:   6.17 kB
.pkg03-fullpage-tools/production/assets/Index-CkCKyxMp.js                                   17.17 kB │ gzip:   7.07 kB
.pkg03-fullpage-tools/production/assets/create-tWYMGa_C.js                                  17.17 kB │ gzip:   6.00 kB
.pkg03-fullpage-tools/production/assets/maintenance-N9zry6iN.js                             17.26 kB │ gzip:   6.46 kB
.pkg03-fullpage-tools/production/assets/_dialogs-Bsep3yRH.js                                17.28 kB │ gzip:   6.46 kB
.pkg03-fullpage-tools/production/assets/worklists-BsrVoS_D.js                               17.29 kB │ gzip:   5.84 kB
.pkg03-fullpage-tools/production/assets/leave-hub-tabs-D4IRTa-y.js                          17.30 kB │ gzip:   5.80 kB
.pkg03-fullpage-tools/production/assets/Index-BxtqRKRN.js                                   17.30 kB │ gzip:   7.22 kB
.pkg03-fullpage-tools/production/assets/week-picker-DbiDPYFV.js                             17.40 kB │ gzip:   6.73 kB
.pkg03-fullpage-tools/production/assets/handover-detail-dialog-CTfFg-7D.js                  17.47 kB │ gzip:   5.92 kB
.pkg03-fullpage-tools/production/assets/view-timesheet-dialog-DHHG0LVI.js                   17.49 kB │ gzip:   4.84 kB
.pkg03-fullpage-tools/production/assets/index-Cvwkgv_f.js                                   17.58 kB │ gzip:   5.90 kB
.pkg03-fullpage-tools/production/assets/Index-DE5EMnEt.js                                   17.59 kB │ gzip:   7.47 kB
.pkg03-fullpage-tools/production/assets/index-B9Os74uK.js                                   17.59 kB │ gzip:   6.70 kB
.pkg03-fullpage-tools/production/assets/_overview-dialogs-CQeBpylJ.js                       17.62 kB │ gzip:   5.33 kB
.pkg03-fullpage-tools/production/assets/show-Da2li0Em.js                                    17.67 kB │ gzip:   4.41 kB
.pkg03-fullpage-tools/production/assets/edit-j-qUXhmI.js                                    17.83 kB │ gzip:   6.43 kB
.pkg03-fullpage-tools/production/assets/show-BXaZXkd4.js                                    17.84 kB │ gzip:   6.37 kB
.pkg03-fullpage-tools/production/assets/index-kFvuetUd.js                                   17.86 kB │ gzip:   6.88 kB
.pkg03-fullpage-tools/production/assets/substance-wizard-dialog-pwjwvB0U.js                 17.90 kB │ gzip:   6.30 kB
.pkg03-fullpage-tools/production/assets/security-CKAHmAj4.js                                17.93 kB │ gzip:   6.19 kB
.pkg03-fullpage-tools/production/assets/reports-DisbaOOR.js                                 17.97 kB │ gzip:   6.30 kB
.pkg03-fullpage-tools/production/assets/Show-1wphXP1P.js                                    17.98 kB │ gzip:   6.06 kB
.pkg03-fullpage-tools/production/assets/Index-De1EAtkM.js                                   17.98 kB │ gzip:   7.28 kB
.pkg03-fullpage-tools/production/assets/show-TEkGbL5K.js                                    17.98 kB │ gzip:   6.61 kB
.pkg03-fullpage-tools/production/assets/show-BYNisC9l.js                                    17.99 kB │ gzip:   6.55 kB
.pkg03-fullpage-tools/production/assets/health-clinical-shell-7eqO2kXp.js                   18.03 kB │ gzip:   7.15 kB
.pkg03-fullpage-tools/production/assets/index-BqxGZT5E.js                                   18.05 kB │ gzip:   4.72 kB
.pkg03-fullpage-tools/production/assets/index-Btv0s268.js                                   18.07 kB │ gzip:   2.18 kB
.pkg03-fullpage-tools/production/assets/shift-coverage-Bnr1Fn9b.js                          18.15 kB │ gzip:   6.40 kB
.pkg03-fullpage-tools/production/assets/Show-Bb9sPKk0.js                                    18.16 kB │ gzip:   6.98 kB
.pkg03-fullpage-tools/production/assets/Show-Pl25ZP8x.js                                    18.17 kB │ gzip:   7.32 kB
.pkg03-fullpage-tools/production/assets/Index-BrXXRmNF.js                                   18.18 kB │ gzip:   7.41 kB
.pkg03-fullpage-tools/production/assets/daily-notes-yOPV8yPi.js                             18.19 kB │ gzip:   6.70 kB
.pkg03-fullpage-tools/production/assets/payslip-detail-ChDyAndu.js                          18.21 kB │ gzip:   6.07 kB
.pkg03-fullpage-tools/production/assets/dashboard-KU7S6Kcm.js                               18.21 kB │ gzip:   6.92 kB
.pkg03-fullpage-tools/production/assets/_dialogs-BvuV7SxO.js                                18.21 kB │ gzip:   6.67 kB
.pkg03-fullpage-tools/production/assets/Edit-D3QCbUL3.js                                    18.22 kB │ gzip:   6.94 kB
.pkg03-fullpage-tools/production/assets/index-C3w0CC7C.js                                   18.28 kB │ gzip:   7.19 kB
.pkg03-fullpage-tools/production/assets/book-vehicle-wizard-kgebi8_b.js                     18.29 kB │ gzip:   5.52 kB
.pkg03-fullpage-tools/production/assets/Show-diUjkO2E.js                                    18.33 kB │ gzip:   7.13 kB
.pkg03-fullpage-tools/production/assets/Show-CvQtKviH.js                                    18.41 kB │ gzip:   7.38 kB
.pkg03-fullpage-tools/production/assets/announcement-wizard-BKyWOw5M.js                     18.46 kB │ gzip:   6.36 kB
.pkg03-fullpage-tools/production/assets/index-DL3XtPlP.js                                   18.48 kB │ gzip:   6.52 kB
.pkg03-fullpage-tools/production/assets/schedule-OKUyJQNY.js                                18.58 kB │ gzip:   6.35 kB
.pkg03-fullpage-tools/production/assets/directory-CHza3yox.js                               18.58 kB │ gzip:   6.28 kB
.pkg03-fullpage-tools/production/assets/Show-wHCrorB0.js                                    18.64 kB │ gzip:   7.50 kB
.pkg03-fullpage-tools/production/assets/create-wizard-1FJgZ9Pp.js                           18.66 kB │ gzip:   6.49 kB
.pkg03-fullpage-tools/production/assets/index-B3VcX2BY.js                                   18.67 kB │ gzip:   7.21 kB
.pkg03-fullpage-tools/production/assets/show-BFKVOXk2.js                                    18.71 kB │ gzip:   6.80 kB
.pkg03-fullpage-tools/production/assets/chains-CNmCNuxH.js                                  18.75 kB │ gzip:   6.59 kB
.pkg03-fullpage-tools/production/assets/ppe-detail-dialog-CEavYv-f.js                       18.78 kB │ gzip:   6.38 kB
.pkg03-fullpage-tools/production/assets/show-review-CXQ13XF2.js                             18.82 kB │ gzip:   6.79 kB
.pkg03-fullpage-tools/production/assets/audit-logs-BbhSshKY.js                              18.86 kB │ gzip:   7.12 kB
.pkg03-fullpage-tools/production/assets/_recipes-panel-D_a0yaSv.js                          18.88 kB │ gzip:   5.98 kB
.pkg03-fullpage-tools/production/assets/_dialogs-DZWaiy8Z.js                                19.04 kB │ gzip:   6.14 kB
.pkg03-fullpage-tools/production/assets/goals-CNGYLuTQ.js                                   19.19 kB │ gzip:   6.66 kB
.pkg03-fullpage-tools/production/assets/integrations-CJsHOFdz.js                            19.21 kB │ gzip:   6.64 kB
.pkg03-fullpage-tools/production/assets/show-DbfIkr0Z.js                                    19.22 kB │ gzip:   7.08 kB
.pkg03-fullpage-tools/production/assets/edit-Cxwjfy7D.js                                    19.26 kB │ gzip:   6.85 kB
.pkg03-fullpage-tools/production/assets/two-factor-CX1WYMuD.js                              19.27 kB │ gzip:   7.15 kB
.pkg03-fullpage-tools/production/assets/index-BTFYJl6Y.js                                   19.29 kB │ gzip:   7.54 kB
.pkg03-fullpage-tools/production/assets/index-Cw_ix66i.js                                   19.32 kB │ gzip:   6.62 kB
.pkg03-fullpage-tools/production/assets/_dialogs-C4GCZ3Kv.js                                19.40 kB │ gzip:   7.19 kB
.pkg03-fullpage-tools/production/assets/escalations-38WM0u0a.js                             19.47 kB │ gzip:   8.11 kB
.pkg03-fullpage-tools/production/assets/calendar-sync-Clld1L19.js                           19.48 kB │ gzip:   7.36 kB
.pkg03-fullpage-tools/production/assets/_templates-panel-DnEb5mHP.js                        19.51 kB │ gzip:   5.98 kB
.pkg03-fullpage-tools/production/assets/index-BnTl4P-w.js                                   19.52 kB │ gzip:   7.43 kB
.pkg03-fullpage-tools/production/assets/Shifts-c1Ta3FlW.js                                  19.52 kB │ gzip:   7.09 kB
.pkg03-fullpage-tools/production/assets/show-DboOi6LU.js                                    19.59 kB │ gzip:   6.76 kB
.pkg03-fullpage-tools/production/assets/training-CoahQpsc.js                                19.60 kB │ gzip:   6.50 kB
.pkg03-fullpage-tools/production/assets/Index-w-xl19my.js                                   19.64 kB │ gzip:   8.19 kB
.pkg03-fullpage-tools/production/assets/show-CnlWmCOD.js                                    19.65 kB │ gzip:   7.42 kB
.pkg03-fullpage-tools/production/assets/Behaviour-_v_6OIGx.js                               19.77 kB │ gzip:   6.93 kB
.pkg03-fullpage-tools/production/assets/Show-JoVoEIhX.js                                    19.78 kB │ gzip:   7.77 kB
.pkg03-fullpage-tools/production/assets/Show-B-MQija4.js                                    19.85 kB │ gzip:   7.64 kB
.pkg03-fullpage-tools/production/assets/index-sTh8yqE-.js                                   19.88 kB │ gzip:   7.74 kB
.pkg03-fullpage-tools/production/assets/features-blG2CSks.js                                19.96 kB │ gzip:   5.21 kB
.pkg03-fullpage-tools/production/assets/_dialogs-CSHAXrBY.js                                19.97 kB │ gzip:   7.03 kB
.pkg03-fullpage-tools/production/assets/index-1j0S6fOq.js                                   19.97 kB │ gzip:   7.39 kB
.pkg03-fullpage-tools/production/assets/edit-CGR0FZPG.js                                    20.15 kB │ gzip:   7.48 kB
.pkg03-fullpage-tools/production/assets/broadcast-DMnCUt__.js                               20.24 kB │ gzip:   7.79 kB
.pkg03-fullpage-tools/production/assets/dashboard-Dw7EatBV.js                               20.26 kB │ gzip:   7.49 kB
.pkg03-fullpage-tools/production/assets/index-DkMJRoup.js                                   20.26 kB │ gzip:   7.30 kB
.pkg03-fullpage-tools/production/assets/index-Bn-vcajS.js                                   20.28 kB │ gzip:   7.03 kB
.pkg03-fullpage-tools/production/assets/stats-rnul61OE.js                                   20.30 kB │ gzip:   6.46 kB
.pkg03-fullpage-tools/production/assets/fixed-asset-dispose-dialog-BLr3mwou.js              20.44 kB │ gzip:   6.68 kB
.pkg03-fullpage-tools/production/assets/show-a2CYpm7I.js                                    20.48 kB │ gzip:   7.53 kB
.pkg03-fullpage-tools/production/assets/note-wizard-B-usDpBp.js                             20.52 kB │ gzip:   6.59 kB
.pkg03-fullpage-tools/production/assets/_library-dialogs-zPGzXSIC.js                        20.56 kB │ gzip:   5.59 kB
.pkg03-fullpage-tools/production/assets/medications-Y8QHu8N7.js                             20.57 kB │ gzip:   7.20 kB
.pkg03-fullpage-tools/production/assets/shifts-DDb5zCF2.js                                  20.59 kB │ gzip:   6.77 kB
.pkg03-fullpage-tools/production/assets/_error-dialogs-DBkUoy7R.js                          20.66 kB │ gzip:   7.28 kB
.pkg03-fullpage-tools/production/assets/calendar-DFdYXZfJ.js                                20.73 kB │ gzip:   6.75 kB
.pkg03-fullpage-tools/production/assets/shift-notes-dialog-DzSV8M6H.js                      20.84 kB │ gzip:   7.80 kB
.pkg03-fullpage-tools/production/assets/Index-sphZEafQ.js                                   20.92 kB │ gzip:   8.66 kB
.pkg03-fullpage-tools/production/assets/show-De0koBBT.js                                    20.93 kB │ gzip:   7.08 kB
.pkg03-fullpage-tools/production/assets/history-BwdJtFtQ.js                                 20.96 kB │ gzip:   7.27 kB
.pkg03-fullpage-tools/production/assets/record-observation-dialog-aBggpsoz.js               20.96 kB │ gzip:   8.10 kB
.pkg03-fullpage-tools/production/assets/index-Cgq-iRb-.js                                   20.98 kB │ gzip:   8.56 kB
.pkg03-fullpage-tools/production/assets/create-B8ixzhSa.js                                  21.04 kB │ gzip:   6.05 kB
.pkg03-fullpage-tools/production/assets/index-7ni2BMd8.js                                   21.07 kB │ gzip:   7.67 kB
.pkg03-fullpage-tools/production/assets/map-B3kUIuA2.js                                     21.07 kB │ gzip:   6.59 kB
.pkg03-fullpage-tools/production/assets/balances-C9aDVGwR.js                                21.09 kB │ gzip:   8.47 kB
.pkg03-fullpage-tools/production/assets/add-device-dialog-YfK_bRka.js                       21.12 kB │ gzip:   7.34 kB
.pkg03-fullpage-tools/production/assets/Show-BnYMByzz.js                                    21.16 kB │ gzip:   8.04 kB
.pkg03-fullpage-tools/production/assets/create-DGeGbDbS.js                                  21.18 kB │ gzip:   7.11 kB
.pkg03-fullpage-tools/production/assets/show-C4z-boOV.js                                    21.28 kB │ gzip:   7.49 kB
.pkg03-fullpage-tools/production/assets/show-CBVESSsD.js                                    21.32 kB │ gzip:   7.75 kB
.pkg03-fullpage-tools/production/assets/index-BiRaKovd.js                                   21.57 kB │ gzip:   7.35 kB
.pkg03-fullpage-tools/production/assets/_dialogs-CoE1oz_6.js                                21.61 kB │ gzip:   7.64 kB
.pkg03-fullpage-tools/production/assets/parts-bYAMfYKh.js                                   21.63 kB │ gzip:   6.74 kB
.pkg03-fullpage-tools/production/assets/Events-0cG0JibC.js                                  21.67 kB │ gzip:   7.96 kB
.pkg03-fullpage-tools/production/assets/Index-BaLvoeWn.js                                   21.69 kB │ gzip:   8.34 kB
.pkg03-fullpage-tools/production/assets/performance-wizards-nLAV_O0E.js                     21.79 kB │ gzip:   7.44 kB
.pkg03-fullpage-tools/production/assets/index-Cd4bAnds.js                                   21.82 kB │ gzip:   8.00 kB
.pkg03-fullpage-tools/production/assets/create-DLRGYYUF.js                                  21.86 kB │ gzip:   8.70 kB
.pkg03-fullpage-tools/production/assets/calendar-B4GFwmO7.js                                21.86 kB │ gzip:   6.83 kB
.pkg03-fullpage-tools/production/assets/review-builder-dialog-BMfg4U1k.js                   21.89 kB │ gzip:   7.70 kB
.pkg03-fullpage-tools/production/assets/edit-CLm9EWyZ.js                                    21.90 kB │ gzip:   7.33 kB
.pkg03-fullpage-tools/production/assets/Index-DVYofmPZ.js                                   21.94 kB │ gzip:   8.44 kB
.pkg03-fullpage-tools/production/assets/ppe-create-wizards-iOF_i0lc.js                      22.05 kB │ gzip:   7.38 kB
.pkg03-fullpage-tools/production/assets/incidents-CQY3chZn.js                               22.16 kB │ gzip:   8.32 kB
.pkg03-fullpage-tools/production/assets/create-gwrVm0KW.js                                  22.20 kB │ gzip:   7.40 kB
.pkg03-fullpage-tools/production/assets/home-ihbluBIO.js                                    22.23 kB │ gzip:   5.36 kB
.pkg03-fullpage-tools/production/assets/show-BYnX5aQg.js                                    22.41 kB │ gzip:   7.37 kB
.pkg03-fullpage-tools/production/assets/leave-request-dialog-AEi3MA8x.js                    22.51 kB │ gzip:   7.53 kB
.pkg03-fullpage-tools/production/assets/Index-B4K7s2F1.js                                   22.56 kB │ gzip:   8.49 kB
.pkg03-fullpage-tools/production/assets/payslips-CzWj_BtU.js                                22.57 kB │ gzip:   6.71 kB
.pkg03-fullpage-tools/production/assets/_dialogs-Bqyv69Zp.js                                22.78 kB │ gzip:   8.44 kB
.pkg03-fullpage-tools/production/assets/incidents-B9Ycj5Er.js                               22.84 kB │ gzip:   8.50 kB
.pkg03-fullpage-tools/production/assets/personal-details-CXzjDDQD.js                        22.97 kB │ gzip:   7.94 kB
.pkg03-fullpage-tools/production/assets/Show-zQFFSrnb.js                                    22.99 kB │ gzip:   8.54 kB
.pkg03-fullpage-tools/production/assets/notifications-DPVL99Os.js                           23.06 kB │ gzip:   8.25 kB
.pkg03-fullpage-tools/production/assets/Show-BvGp4Fy_.js                                    23.10 kB │ gzip:   7.90 kB
.pkg03-fullpage-tools/production/assets/_competency-dialogs-BxGxKV1f.js                     23.17 kB │ gzip:   7.74 kB
.pkg03-fullpage-tools/production/assets/resident-sidebar-BjvzD-9O.js                        23.21 kB │ gzip:   8.32 kB
.pkg03-fullpage-tools/production/assets/Index-Dua4svWW.js                                   23.26 kB │ gzip:   7.71 kB
.pkg03-fullpage-tools/production/assets/index-CbOiOV8H.js                                   23.28 kB │ gzip:   8.07 kB
.pkg03-fullpage-tools/production/assets/Show-8XOpiYvl.js                                    23.35 kB │ gzip:   8.57 kB
.pkg03-fullpage-tools/production/assets/unifi-CAkkUmKv.js                                   23.39 kB │ gzip:   7.09 kB
.pkg03-fullpage-tools/production/assets/show-DixWutxy.js                                    23.42 kB │ gzip:   7.62 kB
.pkg03-fullpage-tools/production/assets/Show-BxQjb-At.js                                    23.46 kB │ gzip:   8.96 kB
.pkg03-fullpage-tools/production/assets/create-wizard-CDAdwWxg.js                           23.48 kB │ gzip:   8.18 kB
.pkg03-fullpage-tools/production/assets/Index-BPWCipjA.js                                   23.71 kB │ gzip:   9.19 kB
.pkg03-fullpage-tools/production/assets/one-BBx14m66.js                                     23.92 kB │ gzip:   8.26 kB
.pkg03-fullpage-tools/production/assets/_dialogs-oLcab4D9.js                                23.96 kB │ gzip:   8.96 kB
.pkg03-fullpage-tools/production/assets/analytics-charts-Be9ZPs0m.js                        24.03 kB │ gzip:   6.47 kB
.pkg03-fullpage-tools/production/assets/Index-Ctcz1DyR.js                                   24.15 kB │ gzip:   8.50 kB
.pkg03-fullpage-tools/production/assets/Create-BsCOsmUY.js                                  24.20 kB │ gzip:   7.91 kB
.pkg03-fullpage-tools/production/assets/page-hero-R3avNTWx.js                               24.23 kB │ gzip:   7.29 kB
.pkg03-fullpage-tools/production/assets/mar-governance-dialogs-DkC1ocJb.js                  24.30 kB │ gzip:   7.55 kB
.pkg03-fullpage-tools/production/assets/ResolutionResultCard-CrtzcU-4.js                    24.31 kB │ gzip:   8.94 kB
.pkg03-fullpage-tools/production/assets/automations-D07pFnXj.js                             24.71 kB │ gzip:   7.57 kB
.pkg03-fullpage-tools/production/assets/Show-DXgMh-N_.js                                    24.73 kB │ gzip:   9.98 kB
.pkg03-fullpage-tools/production/assets/show-CoT9X55Y.js                                    24.75 kB │ gzip:   7.79 kB
.pkg03-fullpage-tools/production/assets/restraint-event-wizard-CJGHpmIY.js                  24.76 kB │ gzip:   8.04 kB
.pkg03-fullpage-tools/production/assets/governance-labels-CJgR2U5s.js                       24.81 kB │ gzip:   8.17 kB
.pkg03-fullpage-tools/production/assets/Show-Dpjougkb.js                                    24.88 kB │ gzip:   8.73 kB
.pkg03-fullpage-tools/production/assets/Show-CO7v8APZ.js                                    24.97 kB │ gzip:   9.61 kB
.pkg03-fullpage-tools/production/assets/Reconcile-DOZNmHcf.js                               24.99 kB │ gzip:   8.86 kB
.pkg03-fullpage-tools/production/assets/_review-dialogs--tyFHqA8.js                         25.03 kB │ gzip:   7.95 kB
.pkg03-fullpage-tools/production/assets/index-BjnjTfQD.js                                   25.03 kB │ gzip:   8.16 kB
.pkg03-fullpage-tools/production/assets/objective-wizard-BubzJg5z.js                        25.18 kB │ gzip:   7.13 kB
.pkg03-fullpage-tools/production/assets/Medications-BvYjlXo3.js                             25.21 kB │ gzip:   9.15 kB
.pkg03-fullpage-tools/production/assets/Index-BWTbpmOw.js                                   25.39 kB │ gzip:   7.86 kB
.pkg03-fullpage-tools/production/assets/Show-B00daEp0.js                                    25.39 kB │ gzip:   9.73 kB
.pkg03-fullpage-tools/production/assets/sso-RlH81dtB.js                                     25.46 kB │ gzip:   7.94 kB
.pkg03-fullpage-tools/production/assets/index-VSiHpa9W.js                                   25.49 kB │ gzip:   9.64 kB
.pkg03-fullpage-tools/production/assets/index-CTfU17Y8.js                                   25.49 kB │ gzip:   8.87 kB
.pkg03-fullpage-tools/production/assets/it-mailbox-CfCMtsZC.js                              25.57 kB │ gzip:   8.68 kB
.pkg03-fullpage-tools/production/assets/milesight-pwaPbpHz.js                               25.85 kB │ gzip:   8.49 kB
.pkg03-fullpage-tools/production/assets/create-offer-BidrPulR.js                            25.89 kB │ gzip:   8.79 kB
.pkg03-fullpage-tools/production/assets/dashboard-xckzf8ay.js                               26.02 kB │ gzip:   8.03 kB
.pkg03-fullpage-tools/production/assets/Index-BC9kW4tm.js                                   26.13 kB │ gzip:   9.72 kB
.pkg03-fullpage-tools/production/assets/vendor-utils-Dr6D9L7d.js                            26.13 kB │ gzip:   8.47 kB
.pkg03-fullpage-tools/production/assets/record-assessment-dialog-CfxHcc-g.js                26.18 kB │ gzip:   9.50 kB
.pkg03-fullpage-tools/production/assets/documents-wizards-qtpX8_sR.js                       26.26 kB │ gzip:   9.26 kB
.pkg03-fullpage-tools/production/assets/show-DU-_NQ1b.js                                    26.31 kB │ gzip:   8.94 kB
.pkg03-fullpage-tools/production/assets/index-8nD5qHzG.js                                   26.32 kB │ gzip:   8.98 kB
.pkg03-fullpage-tools/production/assets/_dialogs-BcS8YzLV.js                                26.33 kB │ gzip:   8.32 kB
.pkg03-fullpage-tools/production/assets/transport-medication-dialogs-CI_EgIL_.js            26.35 kB │ gzip:   6.07 kB
.pkg03-fullpage-tools/production/assets/show-CkdL7K1h.js                                    26.49 kB │ gzip:   7.63 kB
.pkg03-fullpage-tools/production/assets/Handovers-DWQ6RpCU.js                               26.65 kB │ gzip:  10.39 kB
.pkg03-fullpage-tools/production/assets/_workspace-dialogs-C8Tthpwv.js                      26.81 kB │ gzip:   8.76 kB
.pkg03-fullpage-tools/production/assets/create-CaDEFymf.js                                  26.88 kB │ gzip:   7.52 kB
.pkg03-fullpage-tools/production/assets/index-pu4NuLqd.js                                   27.08 kB │ gzip:   9.64 kB
.pkg03-fullpage-tools/production/assets/show-Ch0ZB2Sx.js                                    27.12 kB │ gzip:   9.03 kB
.pkg03-fullpage-tools/production/assets/index-Bn9cXI1n.js                                   27.27 kB │ gzip:   9.44 kB
.pkg03-fullpage-tools/production/assets/SelfAdmin-CDBtVcD6.js                               27.39 kB │ gzip:   9.08 kB
.pkg03-fullpage-tools/production/assets/show-BFC2-Epl.js                                    27.62 kB │ gzip:   9.75 kB
.pkg03-fullpage-tools/production/assets/care-support-plan-_6mkJhu0.js                       27.64 kB │ gzip:   9.12 kB
.pkg03-fullpage-tools/production/assets/provisioning-command-dialog-CXQMaiiB.js             27.65 kB │ gzip:  10.76 kB
.pkg03-fullpage-tools/production/assets/Index-BwIbrLKQ.js                                   27.69 kB │ gzip:  10.41 kB
.pkg03-fullpage-tools/production/assets/dashboard-DhC3FSsr.js                               27.71 kB │ gzip:   7.75 kB
.pkg03-fullpage-tools/production/assets/index-CrwZjw97.js                                   27.77 kB │ gzip:   9.75 kB
.pkg03-fullpage-tools/production/assets/index-BCkiCNt2.js                                   27.83 kB │ gzip:   9.30 kB
.pkg03-fullpage-tools/production/assets/edit-DtatZIEP.js                                    27.88 kB │ gzip:   9.27 kB
.pkg03-fullpage-tools/production/assets/asset-wizard-dialog-DuMOynx1.js                     28.02 kB │ gzip:   9.38 kB
.pkg03-fullpage-tools/production/assets/smart-monitoring-PIVLYc_f.js                        28.02 kB │ gzip:   6.47 kB
.pkg03-fullpage-tools/production/assets/Index-CGxXvsr7.js                                   28.05 kB │ gzip:  10.40 kB
.pkg03-fullpage-tools/production/assets/index-kg_sXHg4.js                                   28.21 kB │ gzip:   9.16 kB
.pkg03-fullpage-tools/production/assets/show-CPMhENsV.js                                    28.38 kB │ gzip:   9.96 kB
.pkg03-fullpage-tools/production/assets/index-CLgM0txp.js                                   28.48 kB │ gzip:   9.15 kB
.pkg03-fullpage-tools/production/assets/show-CmqfQJrD.js                                    28.69 kB │ gzip:   8.52 kB
.pkg03-fullpage-tools/production/assets/show-CQ6869H9.js                                    28.70 kB │ gzip:  10.29 kB
.pkg03-fullpage-tools/production/assets/index-CpDgl5yy.js                                   28.73 kB │ gzip:   8.64 kB
.pkg03-fullpage-tools/production/assets/_self-admin-dialogs-DWFUAGza.js                     28.79 kB │ gzip:   9.48 kB
.pkg03-fullpage-tools/production/assets/Show-CuuwA5qC.js                                    28.98 kB │ gzip:   9.09 kB
.pkg03-fullpage-tools/production/assets/Create-D6n4YTBK.js                                  29.04 kB │ gzip:  10.13 kB
.pkg03-fullpage-tools/production/assets/guided-round-dialog-Bhn-fn1d.js                     29.15 kB │ gzip:   9.60 kB
.pkg03-fullpage-tools/production/assets/templates-B1LN8_n6.js                               29.56 kB │ gzip:  10.50 kB
.pkg03-fullpage-tools/production/assets/documents-4wie8vXO.js                               29.63 kB │ gzip:   9.20 kB
.pkg03-fullpage-tools/production/assets/index-v10Ul4Z_.js                                   29.84 kB │ gzip:   9.77 kB
.pkg03-fullpage-tools/production/assets/_dialogs-BijJXhNL.js                                30.01 kB │ gzip:  10.01 kB
.pkg03-fullpage-tools/production/assets/run-modal-CHFj-Yp_.js                               30.05 kB │ gzip:  10.27 kB
.pkg03-fullpage-tools/production/assets/page-header-Bo580jlK.js                             30.13 kB │ gzip:   9.17 kB
.pkg03-fullpage-tools/production/assets/procedure-detail-dialog-BTsCCM6k.js                 30.20 kB │ gzip:   9.63 kB
.pkg03-fullpage-tools/production/assets/show-DS4lrQwK.js                                    30.22 kB │ gzip:   9.78 kB
.pkg03-fullpage-tools/production/assets/_dialogs-DiQ-2Ytj.js                                30.36 kB │ gzip:   9.17 kB
.pkg03-fullpage-tools/production/assets/Show-kBCe7MwE.js                                    30.51 kB │ gzip:  11.00 kB
.pkg03-fullpage-tools/production/assets/Competency-C1Gc1Fvv.js                              30.53 kB │ gzip:  10.27 kB
.pkg03-fullpage-tools/production/assets/_dialogs-dFIv6xpY.js                                30.54 kB │ gzip:  10.92 kB
.pkg03-fullpage-tools/production/assets/MedicationErrors-BYAUHYNb.js                        30.79 kB │ gzip:  11.19 kB
.pkg03-fullpage-tools/production/assets/_hero-BUp-5V-d.js                                   30.94 kB │ gzip:   9.77 kB
.pkg03-fullpage-tools/production/assets/access-c-_KFI-Z.js                                  31.04 kB │ gzip:  10.18 kB
.pkg03-fullpage-tools/production/assets/index-DewGk3na.js                                   31.32 kB │ gzip:  10.73 kB
.pkg03-fullpage-tools/production/assets/_shopping-list-panel-Bt1bUZZo.js                    31.33 kB │ gzip:  10.99 kB
.pkg03-fullpage-tools/production/assets/Reviews-c2IPvre3.js                                 31.70 kB │ gzip:  10.42 kB
.pkg03-fullpage-tools/production/assets/_dialogs-wyE8GrRW.js                                31.87 kB │ gzip:   9.50 kB
.pkg03-fullpage-tools/production/assets/_stock-dialogs-C9qbl_oG.js                          31.91 kB │ gzip:   9.55 kB
.pkg03-fullpage-tools/production/assets/notification-escalations-CDIXMjIU.js                32.07 kB │ gzip:  10.00 kB
.pkg03-fullpage-tools/production/assets/email-settings-BGxhAOLh.js                          32.16 kB │ gzip:  10.30 kB
.pkg03-fullpage-tools/production/assets/access-DGfM81Al.js                                  32.50 kB │ gzip:  11.58 kB
.pkg03-fullpage-tools/production/assets/index-CdLh5aPp.js                                   32.87 kB │ gzip:  11.92 kB
.pkg03-fullpage-tools/production/assets/Show-v7GhPRfw.js                                    33.22 kB │ gzip:  11.64 kB
.pkg03-fullpage-tools/production/assets/_dialogs-mMkddN5U.js                                33.24 kB │ gzip:  10.69 kB
.pkg03-fullpage-tools/production/assets/Show-C10ITK8Z.js                                    33.54 kB │ gzip:  11.73 kB
.pkg03-fullpage-tools/production/assets/index-_B_gvnD3.js                                   33.56 kB │ gzip:  11.56 kB
.pkg03-fullpage-tools/production/assets/index-C1ZmM7p6.js                                   33.96 kB │ gzip:  11.59 kB
.pkg03-fullpage-tools/production/assets/index-C6trayvY.js                                   34.33 kB │ gzip:  12.21 kB
.pkg03-fullpage-tools/production/assets/show-Cps8Dnf7.js                                    34.74 kB │ gzip:  10.64 kB
.pkg03-fullpage-tools/production/assets/Destructions-flE2HO7Z.js                            34.74 kB │ gzip:  12.43 kB
.pkg03-fullpage-tools/production/assets/medical-Cy0n3xwE.js                                 34.81 kB │ gzip:   7.85 kB
.pkg03-fullpage-tools/production/assets/index-smlfwq6k.js                                   35.10 kB │ gzip:  11.90 kB
.pkg03-fullpage-tools/production/assets/_prescription-dialogs-Ciz6YFts.js                   35.11 kB │ gzip:   9.92 kB
.pkg03-fullpage-tools/production/assets/Index-DNBAIS0a.js                                   35.20 kB │ gzip:  11.54 kB
.pkg03-fullpage-tools/production/assets/_cd-dialogs-Dtp3rgW9.js                             35.36 kB │ gzip:   9.45 kB
.pkg03-fullpage-tools/production/assets/documents-Bayu3Tgy.js                               35.46 kB │ gzip:  11.40 kB
.pkg03-fullpage-tools/production/assets/index-D1xr2TLU.js                                   35.76 kB │ gzip:  12.39 kB
.pkg03-fullpage-tools/production/assets/index-DW5IyTIU.js                                   36.49 kB │ gzip:  11.74 kB
.pkg03-fullpage-tools/production/assets/messages-Bx_rzo3f.js                                36.55 kB │ gzip:  11.85 kB
.pkg03-fullpage-tools/production/assets/reviews-DuUL2ge-.js                                 36.71 kB │ gzip:  11.55 kB
.pkg03-fullpage-tools/production/assets/index-UmWWJxtb.js                                   37.08 kB │ gzip:  13.93 kB
.pkg03-fullpage-tools/production/assets/handover-BaoGMD2W.js                                37.29 kB │ gzip:  11.80 kB
.pkg03-fullpage-tools/production/assets/Create-DQmc_UoD.js                                  37.30 kB │ gzip:  12.07 kB
.pkg03-fullpage-tools/production/assets/index-CmbwFwX6.js                                   37.64 kB │ gzip:  11.75 kB
.pkg03-fullpage-tools/production/assets/_inspector-DJAbsKYt.js                              37.95 kB │ gzip:  11.54 kB
.pkg03-fullpage-tools/production/assets/documents-CEzR_EXz.js                               37.95 kB │ gzip:  12.56 kB
.pkg03-fullpage-tools/production/assets/Dashboard-CbC0vcww.js                               38.02 kB │ gzip:  14.30 kB
.pkg03-fullpage-tools/production/assets/index-BKB7gVDQ.js                                   38.05 kB │ gzip:  14.55 kB
.pkg03-fullpage-tools/production/assets/Show-Dq2Eiv5W.js                                    38.07 kB │ gzip:  14.42 kB
.pkg03-fullpage-tools/production/assets/global-0nwIHrGC.js                                  38.35 kB │ gzip:  12.85 kB
.pkg03-fullpage-tools/production/assets/hazard-register-B6XiANUU.js                         38.49 kB │ gzip:  12.71 kB
.pkg03-fullpage-tools/production/assets/Reports-BNQKJYyv.js                                 38.50 kB │ gzip:  12.91 kB
.pkg03-fullpage-tools/production/assets/Show-CJt6Zf_P.js                                    39.41 kB │ gzip:  11.38 kB
.pkg03-fullpage-tools/production/assets/index-DV_NBcEg.js                                   39.45 kB │ gzip:  13.01 kB
.pkg03-fullpage-tools/production/assets/index-CmAHXkaB.js                                   39.93 kB │ gzip:  13.06 kB
.pkg03-fullpage-tools/production/assets/index-D6-_E7fk.js                                   40.21 kB │ gzip:  12.94 kB
.pkg03-fullpage-tools/production/assets/index-qznp6RLl.js                                   40.29 kB │ gzip:  13.80 kB
.pkg03-fullpage-tools/production/assets/case-wizards-XJjc8foQ.js                            40.74 kB │ gzip:  11.63 kB
.pkg03-fullpage-tools/production/assets/compliance-wizards-jAibXIu1.js                      40.82 kB │ gzip:  12.71 kB
.pkg03-fullpage-tools/production/assets/index-CHrdOh6K.js                                   40.84 kB │ gzip:  14.71 kB
.pkg03-fullpage-tools/production/assets/index-_MNFs-vG.js                                   40.88 kB │ gzip:  13.35 kB
.pkg03-fullpage-tools/production/assets/index-CyLF1HFi.js                                   41.23 kB │ gzip:  14.34 kB
.pkg03-fullpage-tools/production/assets/_dialogs-l8FkEX3r.js                                41.35 kB │ gzip:  12.01 kB
.pkg03-fullpage-tools/production/assets/index-43V4W-LP.js                                   41.45 kB │ gzip:  14.08 kB
.pkg03-fullpage-tools/production/assets/bands-CqHIJ4R3.js                                   41.52 kB │ gzip:  14.30 kB
.pkg03-fullpage-tools/production/assets/Edit-DcyetQfu.js                                    41.75 kB │ gzip:  13.30 kB
.pkg03-fullpage-tools/production/assets/app-layout-BEKFz4cf.js                              41.79 kB │ gzip:  13.11 kB
.pkg03-fullpage-tools/production/assets/profile-COHBnD4z.js                                 41.84 kB │ gzip:  14.10 kB
.pkg03-fullpage-tools/production/assets/index-CrvOLqG1.js                                   41.89 kB │ gzip:  15.13 kB
.pkg03-fullpage-tools/production/assets/discovery-G3aKMa1q.js                               42.48 kB │ gzip:  12.93 kB
.pkg03-fullpage-tools/production/assets/index-LR7iOhZC.js                                   42.68 kB │ gzip:  13.76 kB
.pkg03-fullpage-tools/production/assets/sso-config-CNClSGAy.js                              42.68 kB │ gzip:  13.88 kB
.pkg03-fullpage-tools/production/assets/handover-wizard-DghHPp7o.js                         43.01 kB │ gzip:  13.61 kB
.pkg03-fullpage-tools/production/assets/core.esm-D5j4X1h1.js                                43.17 kB │ gzip:  14.39 kB
.pkg03-fullpage-tools/production/assets/service-contexts-BUg6gJZC.js                        43.62 kB │ gzip:  13.96 kB
.pkg03-fullpage-tools/production/assets/_dialogs-CvMs9zZQ.js                                43.74 kB │ gzip:  14.03 kB
.pkg03-fullpage-tools/production/assets/StockManagement-D0W2PTF6.js                         43.79 kB │ gzip:  13.08 kB
.pkg03-fullpage-tools/production/assets/show-CaKayJrn.js                                    44.16 kB │ gzip:  14.91 kB
.pkg03-fullpage-tools/production/assets/Dashboard-BW9yPcK3.js                               44.17 kB │ gzip:  10.82 kB
.pkg03-fullpage-tools/production/assets/show-Ci42_TPj.js                                    44.17 kB │ gzip:  14.92 kB
.pkg03-fullpage-tools/production/assets/Index-BDad6kkK.js                                   44.18 kB │ gzip:  15.16 kB
.pkg03-fullpage-tools/production/assets/_canvas-PSrKdVQC.js                                 44.48 kB │ gzip:  12.88 kB
.pkg03-fullpage-tools/production/assets/branding-VT4nUU_G.js                                44.68 kB │ gzip:  13.94 kB
.pkg03-fullpage-tools/production/assets/asset-wizards-C_peH0kp.js                           45.19 kB │ gzip:  13.11 kB
.pkg03-fullpage-tools/production/assets/AuditLog-CX9-BWSx.js                                45.22 kB │ gzip:  15.24 kB
.pkg03-fullpage-tools/production/assets/index-k8sOHxlJ.js                                   45.49 kB │ gzip:  12.96 kB
.pkg03-fullpage-tools/production/assets/MarCharts-9HCb6A0k.js                               45.61 kB │ gzip:  15.77 kB
.pkg03-fullpage-tools/production/assets/show-aXfqKaJ9.js                                    46.18 kB │ gzip:  13.78 kB
.pkg03-fullpage-tools/production/assets/Prescriptions-4hlEHHTr.js                           46.27 kB │ gzip:  14.03 kB
.pkg03-fullpage-tools/production/assets/Show-CCMfVANs.js                                    47.16 kB │ gzip:  16.35 kB
.pkg03-fullpage-tools/production/assets/incident-detail-dialog-C4Eaj1qN.js                  47.33 kB │ gzip:  14.29 kB
.pkg03-fullpage-tools/production/assets/drill-detail-dialog-I4C01K-u.js                     47.88 kB │ gzip:  13.51 kB
.pkg03-fullpage-tools/production/assets/Rounds-D8SdnaCU.js                                  48.16 kB │ gzip:  15.12 kB
.pkg03-fullpage-tools/production/assets/incident-report-dialog-BjF4fP6d.js                  48.28 kB │ gzip:  15.87 kB
.pkg03-fullpage-tools/production/assets/_dialogs-2eL_7dbs.js                                48.54 kB │ gzip:  14.36 kB
.pkg03-fullpage-tools/production/assets/index-CplQTjxK.js                                   48.83 kB │ gzip:  15.59 kB
.pkg03-fullpage-tools/production/assets/create-shift-dialog-BiTwdz5m.js                     49.10 kB │ gzip:  14.23 kB
.pkg03-fullpage-tools/production/assets/index-B0j1WVgU.js                                   49.21 kB │ gzip:  15.14 kB
.pkg03-fullpage-tools/production/assets/_wizard-DNoAJCVo.js                                 49.39 kB │ gzip:  15.33 kB
.pkg03-fullpage-tools/production/assets/welcome-DPfRS5wA.js                                 50.21 kB │ gzip:   9.57 kB
.pkg03-fullpage-tools/production/assets/index-CKKUwv4c.js                                   51.00 kB │ gzip:  16.03 kB
.pkg03-fullpage-tools/production/assets/index-7-Ez1d-Z.js                                   51.74 kB │ gzip:  15.93 kB
.pkg03-fullpage-tools/production/assets/family-dashboard-CVdmihSn.js                        51.89 kB │ gzip:  15.08 kB
.pkg03-fullpage-tools/production/assets/ra-wizard-dialog-tdo9L69Q.js                        51.97 kB │ gzip:  16.29 kB
.pkg03-fullpage-tools/production/assets/show-XPuoBIwd.js                                    51.99 kB │ gzip:  17.68 kB
.pkg03-fullpage-tools/production/assets/hazard-detail-dialog-a_PVDLOd.js                    52.62 kB │ gzip:  15.18 kB
.pkg03-fullpage-tools/production/assets/index-CxaauloC.js                                   52.78 kB │ gzip:  15.99 kB
.pkg03-fullpage-tools/production/assets/settings-BCp0MBdG.js                                53.25 kB │ gzip:  15.51 kB
.pkg03-fullpage-tools/production/assets/index-CwcSGnhc.js                                   56.34 kB │ gzip:  19.06 kB
.pkg03-fullpage-tools/production/assets/Show-DfGDyKTH.js                                    57.32 kB │ gzip:  17.30 kB
.pkg03-fullpage-tools/production/assets/CockpitLayout-DRSpBqle.js                           57.41 kB │ gzip:  17.88 kB
.pkg03-fullpage-tools/production/assets/device-profile-sections-Bpo5oF-S.js                 58.12 kB │ gzip:  16.92 kB
.pkg03-fullpage-tools/production/assets/dashboard-DWphPP9w.js                               58.67 kB │ gzip:  16.92 kB
.pkg03-fullpage-tools/production/assets/show-BDgsszeK.js                                    58.97 kB │ gzip:  20.13 kB
.pkg03-fullpage-tools/production/assets/my-hr-shell-U6bCNdCJ.js                             59.82 kB │ gzip:  18.81 kB
.pkg03-fullpage-tools/production/assets/Index-CupvNYmB.js                                   59.87 kB │ gzip:  19.10 kB
.pkg03-fullpage-tools/production/assets/medical-L7LB7249.js                                 60.15 kB │ gzip:  12.04 kB
.pkg03-fullpage-tools/production/assets/_parts-XtnMDPdh.js                                  60.60 kB │ gzip:  19.58 kB
.pkg03-fullpage-tools/production/assets/PrnRecords-Ca3WwtPc.js                              60.66 kB │ gzip:  18.64 kB
.pkg03-fullpage-tools/production/assets/conflicts-C8KJtrEW.js                               61.14 kB │ gzip:  19.74 kB
.pkg03-fullpage-tools/production/assets/Show-DzkXivJE.js                                    62.43 kB │ gzip:  21.38 kB
.pkg03-fullpage-tools/production/assets/settings-0OmBSWah.js                                63.24 kB │ gzip:  17.19 kB
.pkg03-fullpage-tools/production/assets/index-CWIS5ho2.js                                   64.20 kB │ gzip:  19.29 kB
.pkg03-fullpage-tools/production/assets/dashboard-DlJ0g4gg.js                               64.39 kB │ gzip:  20.33 kB
.pkg03-fullpage-tools/production/assets/data-Dp_LIq0h.js                                    64.53 kB │ gzip:  13.94 kB
.pkg03-fullpage-tools/production/assets/monitoring-CWpD_MZH.js                              65.70 kB │ gzip:  19.51 kB
.pkg03-fullpage-tools/production/assets/ControlledDrugs-WD4vAjzt.js                         65.75 kB │ gzip:  20.39 kB
.pkg03-fullpage-tools/production/assets/catalog-DSLWqtap.js                                 66.67 kB │ gzip:  17.70 kB
.pkg03-fullpage-tools/production/assets/Show-4SMgU8nK.js                                    67.22 kB │ gzip:  19.30 kB
.pkg03-fullpage-tools/production/assets/show-DtQRGTVf.js                                    67.69 kB │ gzip:  15.05 kB
.pkg03-fullpage-tools/production/assets/show-ChB1Gwxd.js                                    68.49 kB │ gzip:  20.27 kB
.pkg03-fullpage-tools/production/assets/index-04h5XPUk.js                                   68.98 kB │ gzip:  21.41 kB
.pkg03-fullpage-tools/production/assets/index-2dNLeAJo.js                                   69.27 kB │ gzip:  21.84 kB
.pkg03-fullpage-tools/production/assets/analytics-CKepKrF9.js                               70.54 kB │ gzip:  23.88 kB
.pkg03-fullpage-tools/production/assets/SiteCalendar-ByHiMnIg.js                            71.73 kB │ gzip:  22.70 kB
.pkg03-fullpage-tools/production/assets/concern-dialog-CdBL7nPT.js                          72.32 kB │ gzip:  20.09 kB
.pkg03-fullpage-tools/production/assets/legacy-profile-sections-lzc4AGBa.js                 72.97 kB │ gzip:  19.49 kB
.pkg03-fullpage-tools/production/assets/show-DrhhgSLy.js                                    74.21 kB │ gzip:  23.06 kB
.pkg03-fullpage-tools/production/assets/index-IIKzoeCl.js                                   77.33 kB │ gzip:  22.52 kB
.pkg03-fullpage-tools/production/assets/_calendar-grid-CxvE07Bn.js                          77.46 kB │ gzip:  22.94 kB
.pkg03-fullpage-tools/production/assets/index-ChRGvzJp.js                                   78.19 kB │ gzip:  23.78 kB
.pkg03-fullpage-tools/production/assets/index-Cf6T7Py7.js                                   80.51 kB │ gzip:  23.32 kB
.pkg03-fullpage-tools/production/assets/index-BlTNhH3-.js                                   81.59 kB │ gzip:  24.44 kB
.pkg03-fullpage-tools/production/assets/_create-dialog-COXQigun.js                          81.93 kB │ gzip:  27.48 kB
.pkg03-fullpage-tools/production/assets/index-C0yO5aQ1.js                                   83.67 kB │ gzip:  27.18 kB
.pkg03-fullpage-tools/production/assets/index-N4NJaoFA.js                                   86.86 kB │ gzip:  24.92 kB
.pkg03-fullpage-tools/production/assets/Index-rQd9FRO8.js                                   88.68 kB │ gzip:  26.77 kB
.pkg03-fullpage-tools/production/assets/index-CiZ6GQxU.js                                   88.69 kB │ gzip:  27.25 kB
.pkg03-fullpage-tools/production/assets/index-D0Td9dN9.js                                   94.87 kB │ gzip:  28.17 kB
.pkg03-fullpage-tools/production/assets/staff-page-shell-CRaYM2Lu.js                        95.30 kB │ gzip:  28.04 kB
.pkg03-fullpage-tools/production/assets/show-NbpXyKDd.js                                    99.17 kB │ gzip:  25.77 kB
.pkg03-fullpage-tools/production/assets/ticket-intake-fields-b86rYG48.js                   102.61 kB │ gzip:  30.27 kB
.pkg03-fullpage-tools/production/assets/index-H5X3vu-S.js                                  103.32 kB │ gzip:  31.07 kB
.pkg03-fullpage-tools/production/assets/index-DzEP3k5c.js                                  103.96 kB │ gzip:  31.56 kB
.pkg03-fullpage-tools/production/assets/index-UrWhGXgT.js                                  107.38 kB │ gzip:  31.42 kB
.pkg03-fullpage-tools/production/assets/show-B_gBmxWD.js                                   108.92 kB │ gzip:  34.38 kB
.pkg03-fullpage-tools/production/assets/queclink-hub-gtxF2d28.js                           109.70 kB │ gzip:  33.63 kB
.pkg03-fullpage-tools/production/assets/it-wizards-D_r5_Oj4.js                             111.72 kB │ gzip:  35.88 kB
.pkg03-fullpage-tools/production/assets/index-giGJFqDQ.js                                  111.84 kB │ gzip:  30.51 kB
.pkg03-fullpage-tools/production/assets/workspace-tc60vjJ5.js                              128.30 kB │ gzip:  38.70 kB
.pkg03-fullpage-tools/production/assets/ticket-reopen-dialog-BQsTC9yB.js                   145.73 kB │ gzip:  46.12 kB
.pkg03-fullpage-tools/production/assets/event-detail-dialog-CdNDZ51l.js                    148.01 kB │ gzip:  38.85 kB
.pkg03-fullpage-tools/production/assets/vendor-maps-0s5ZCRUw.js                            149.92 kB │ gzip:  43.49 kB
.pkg03-fullpage-tools/production/assets/index-5Ab6r0v3.js                                  155.91 kB │ gzip:  42.56 kB
.pkg03-fullpage-tools/production/assets/index-BR2QTX36.js                                  156.13 kB │ gzip:  45.35 kB
.pkg03-fullpage-tools/production/assets/alert-workspace-dialog-C3OV07lY.js                 158.46 kB │ gzip:  44.46 kB
.pkg03-fullpage-tools/production/assets/index-Crgv65Ly.js                                  159.58 kB │ gzip:  45.11 kB
.pkg03-fullpage-tools/production/assets/knowledge-revision-dialog-BOk9SR4w.js              177.56 kB │ gzip:  49.72 kB
.pkg03-fullpage-tools/production/assets/vendor-react-C99fm9h8.js                           193.87 kB │ gzip:  60.86 kB
.pkg03-fullpage-tools/production/assets/vendor-inertia-B-1GL-z2.js                         195.03 kB │ gzip:  65.82 kB
.pkg03-fullpage-tools/production/assets/category-CAFSZtvv.js                               206.48 kB │ gzip:  51.92 kB
.pkg03-fullpage-tools/production/assets/index-CQT1cipo.js                                  215.00 kB │ gzip:  68.37 kB
.pkg03-fullpage-tools/production/assets/index-DOhqJ0It.js                                  236.31 kB │ gzip:  70.74 kB
.pkg03-fullpage-tools/production/assets/vendor-calendar-NWT3TLWG.js                        267.92 kB │ gzip:  79.12 kB
.pkg03-fullpage-tools/production/assets/vendor-ui-BuO1Y5tc.js                              276.38 kB │ gzip:  76.83 kB
.pkg03-fullpage-tools/production/assets/index-CbJhd6TP.js                                  317.35 kB │ gzip:  88.14 kB
.pkg03-fullpage-tools/production/assets/show-BVMaQH5B.js                                   328.52 kB │ gzip:  98.14 kB
.pkg03-fullpage-tools/production/assets/show-Ch_kcutm.js                                   348.14 kB │ gzip:  98.13 kB
.pkg03-fullpage-tools/production/assets/vendor-charts-CgkmuxAX.js                          398.57 kB │ gzip: 115.53 kB
.pkg03-fullpage-tools/production/assets/pdf-YYBQA8p7.js                                    437.74 kB │ gzip: 131.10 kB
.pkg03-fullpage-tools/production/assets/app-D84Kta4t.js                                    508.71 kB │ gzip:  82.37 kB
.pkg03-fullpage-tools/production/assets/show-AQ6x7QOL.js                                   787.52 kB │ gzip: 252.37 kB

(!) Some chunks are larger than 500 kB after minification. Consider:
- Using dynamic import() to code-split the application
- Use build.rollupOptions.output.manualChunks to improve chunking: https://rollupjs.org/configuration-options/#output-manualchunks
- Adjust chunk size limit for this warning via build.chunkSizeWarningLimit.
✓ built in 5m 56s
