vite v7.3.6 building client environment for production...
[plugin @laravel/vite-plugin-wayfinder] Types generated for actions, routes, form variants
transforming...
✓ 5487 modules transformed.
rendering chunks...
computing gzip size...
public/build/pdfjs/cmaps/CNS2-V.bcmap                                    0.09 kB
public/build/pdfjs/cmaps/Roman.bcmap                                     0.10 kB
public/build/pdfjs/cmaps/Katakana.bcmap                                  0.10 kB
public/build/pdfjs/cmaps/ETenms-B5-H.bcmap                               0.10 kB
public/build/pdfjs/cmaps/UniJIS-UCS2-HW-H.bcmap                          0.12 kB
public/build/pdfjs/cmaps/Hiragana.bcmap                                  0.12 kB
public/build/pdfjs/cmaps/Hankaku.bcmap                                   0.13 kB
public/build/pdfjs/cmaps/B5-V.bcmap                                      0.14 kB
public/build/pdfjs/cmaps/CNS1-V.bcmap                                    0.14 kB
public/build/pdfjs/cmaps/B5pc-V.bcmap                                    0.14 kB
public/build/pdfjs/cmaps/HKdla-B5-V.bcmap                                0.15 kB
public/build/pdfjs/cmaps/HKdlb-B5-V.bcmap                                0.15 kB
public/build/pdfjs/cmaps/HKgccs-B5-V.bcmap                               0.15 kB
public/build/pdfjs/cmaps/HKm314-B5-V.bcmap                               0.15 kB
public/build/pdfjs/cmaps/HKm471-B5-V.bcmap                               0.15 kB
public/build/pdfjs/cmaps/UniCNS-UCS2-V.bcmap                             0.16 kB
public/build/pdfjs/cmaps/UniCNS-UTF16-V.bcmap                            0.16 kB
public/build/pdfjs/cmaps/UniCNS-UTF8-V.bcmap                             0.16 kB
public/build/pdfjs/cmaps/ETen-B5-V.bcmap                                 0.16 kB
public/build/pdfjs/cmaps/ETHK-B5-V.bcmap                                 0.16 kB
public/build/pdfjs/cmaps/HKscs-B5-V.bcmap                                0.16 kB
public/build/pdfjs/cmaps/KSC-V.bcmap                                     0.16 kB
public/build/pdfjs/cmaps/UniCNS-UTF32-V.bcmap                            0.16 kB
public/build/pdfjs/cmaps/KSC-EUC-V.bcmap                                 0.16 kB
public/build/pdfjs/cmaps/UniKS-UTF16-V.bcmap                             0.16 kB
public/build/pdfjs/cmaps/KSC-Johab-V.bcmap                               0.17 kB
public/build/pdfjs/cmaps/KSCms-UHC-V.bcmap                               0.17 kB
public/build/pdfjs/cmaps/KSCpc-EUC-V.bcmap                               0.17 kB
public/build/pdfjs/cmaps/V.bcmap                                         0.17 kB
public/build/pdfjs/cmaps/UniKS-UTF32-V.bcmap                             0.17 kB
public/build/pdfjs/cmaps/78-V.bcmap                                      0.17 kB
public/build/pdfjs/cmaps/KSCms-UHC-HW-V.bcmap                            0.17 kB
public/build/pdfjs/cmaps/UniKS-UTF8-V.bcmap                              0.17 kB
public/build/pdfjs/cmaps/EUC-V.bcmap                                     0.17 kB
public/build/pdfjs/cmaps/RKSJ-V.bcmap                                    0.17 kB
public/build/pdfjs/cmaps/ETenms-B5-V.bcmap                               0.17 kB
public/build/pdfjs/cmaps/78-EUC-V.bcmap                                  0.17 kB
public/build/pdfjs/cmaps/78-RKSJ-V.bcmap                                 0.17 kB
public/build/pdfjs/cmaps/GB-V.bcmap                                      0.18 kB
public/build/pdfjs/cmaps/GBT-V.bcmap                                     0.18 kB
public/build/pdfjs/cmaps/UniGB-UTF16-V.bcmap                             0.18 kB
public/build/pdfjs/cmaps/UniKS-UCS2-V.bcmap                              0.18 kB
public/build/pdfjs/cmaps/GB-EUC-V.bcmap                                  0.18 kB
public/build/pdfjs/cmaps/WP-Symbol.bcmap                                 0.18 kB
public/build/pdfjs/cmaps/GBK-EUC-V.bcmap                                 0.18 kB
public/build/pdfjs/cmaps/GBT-EUC-V.bcmap                                 0.18 kB
public/build/pdfjs/cmaps/GBKp-EUC-V.bcmap                                0.18 kB
public/build/pdfjs/cmaps/GBpc-EUC-V.bcmap                                0.18 kB
public/build/pdfjs/cmaps/UniGB-UTF8-V.bcmap                              0.18 kB
public/build/pdfjs/cmaps/GBTpc-EUC-V.bcmap                               0.18 kB
public/build/pdfjs/cmaps/UniGB-UTF32-V.bcmap                             0.18 kB
public/build/pdfjs/cmaps/UniGB-UCS2-V.bcmap                              0.19 kB
public/build/pdfjs/cmaps/Ext-V.bcmap                                     0.22 kB
public/build/pdfjs/cmaps/Adobe-GB1-0.bcmap                               0.22 kB
public/build/pdfjs/cmaps/Ext-RKSJ-V.bcmap                                0.22 kB
public/build/pdfjs/cmaps/GBK2K-V.bcmap                                   0.22 kB
public/build/pdfjs/cmaps/Adobe-Japan1-0.bcmap                            0.23 kB
public/build/pdfjs/cmaps/Adobe-Japan1-1.bcmap                            0.23 kB
public/build/pdfjs/cmaps/Adobe-Japan1-2.bcmap                            0.23 kB
public/build/pdfjs/cmaps/Adobe-Korea1-0.bcmap                            0.24 kB
public/build/pdfjs/cmaps/Adobe-Japan1-3.bcmap                            0.24 kB
public/build/pdfjs/cmaps/Adobe-GB1-1.bcmap                               0.25 kB
public/build/pdfjs/cmaps/NWP-V.bcmap                                     0.25 kB
public/build/pdfjs/cmaps/90pv-RKSJ-V.bcmap                               0.26 kB
public/build/pdfjs/cmaps/Add-V.bcmap                                     0.28 kB
public/build/pdfjs/cmaps/Add-RKSJ-V.bcmap                                0.29 kB
public/build/pdfjs/cmaps/78ms-RKSJ-V.bcmap                               0.29 kB
public/build/pdfjs/cmaps/90ms-RKSJ-V.bcmap                               0.29 kB
public/build/pdfjs/cmaps/90msp-RKSJ-V.bcmap                              0.29 kB
public/build/pdfjs/cmaps/Adobe-CNS1-0.bcmap                              0.32 kB
public/build/pdfjs/cmaps/Adobe-Japan1-4.bcmap                            0.34 kB
public/build/pdfjs/cmaps/Adobe-CNS1-1.bcmap                              0.37 kB
public/build/pdfjs/cmaps/Adobe-CNS1-2.bcmap                              0.38 kB
public/build/pdfjs/cmaps/Adobe-Korea1-1.bcmap                            0.39 kB
public/build/pdfjs/cmaps/Adobe-Korea1-2.bcmap                            0.39 kB
public/build/pdfjs/cmaps/Adobe-CNS1-3.bcmap                              0.40 kB
public/build/pdfjs/cmaps/Adobe-CNS1-4.bcmap                              0.41 kB
public/build/pdfjs/cmaps/Adobe-CNS1-5.bcmap                              0.41 kB
public/build/pdfjs/cmaps/Adobe-CNS1-6.bcmap                              0.41 kB
public/build/pdfjs/cmaps/Adobe-Japan1-5.bcmap                            0.43 kB
public/build/pdfjs/cmaps/Adobe-GB1-2.bcmap                               0.47 kB
public/build/pdfjs/cmaps/Adobe-GB1-3.bcmap                               0.47 kB
public/build/pdfjs/cmaps/Adobe-Japan1-6.bcmap                            0.49 kB
public/build/pdfjs/cmaps/CNS2-H.bcmap                                    0.50 kB
public/build/pdfjs/cmaps/GB-H.bcmap                                      0.53 kB
public/build/pdfjs/cmaps/RKSJ-H.bcmap                                    0.53 kB
public/build/pdfjs/cmaps/GB-EUC-H.bcmap                                  0.55 kB
public/build/pdfjs/cmaps/H.bcmap                                         0.55 kB
public/build/pdfjs/wasm/LICENSE_PDFJS_JBIG2                              0.56 kB
public/build/pdfjs/cmaps/GBpc-EUC-H.bcmap                                0.56 kB
public/build/pdfjs/cmaps/EUC-H.bcmap                                     0.58 kB
public/build/pdfjs/cmaps/Adobe-GB1-4.bcmap                               0.60 kB
public/build/pdfjs/cmaps/Adobe-GB1-5.bcmap                               0.63 kB
public/build/pdfjs/cmaps/UniJIS-UTF16-V.bcmap                            0.64 kB
public/build/pdfjs/cmaps/UniJIS2004-UTF16-V.bcmap                        0.65 kB
public/build/pdfjs/cmaps/UniJIS-UCS2-V.bcmap                             0.66 kB
public/build/pdfjs/cmaps/UniJIS-UTF32-V.bcmap                            0.68 kB
public/build/pdfjs/cmaps/UniJIS-UTF8-V.bcmap                             0.68 kB
public/build/pdfjs/cmaps/UniJIS-UCS2-HW-V.bcmap                          0.68 kB
public/build/pdfjs/cmaps/UniJIS2004-UTF32-V.bcmap                        0.68 kB
public/build/pdfjs/cmaps/UniJIS2004-UTF8-V.bcmap                         0.68 kB
public/build/pdfjs/cmaps/UniJISX0213-UTF32-V.bcmap                       0.68 kB
public/build/pdfjs/cmaps/UniJISX02132004-UTF32-V.bcmap                   0.69 kB
public/build/pdfjs/cmaps/UniJISPro-UCS2-V.bcmap                          0.69 kB
public/build/assets/layers-BWBAp2CZ.png                                  0.70 kB
public/build/pdfjs/cmaps/UniJISPro-UCS2-HW-V.bcmap                       0.71 kB
public/build/pdfjs/cmaps/CNS1-H.bcmap                                    0.71 kB
public/build/pdfjs/cmaps/90msp-RKSJ-H.bcmap                              0.72 kB
public/build/pdfjs/cmaps/90ms-RKSJ-H.bcmap                               0.72 kB
public/build/pdfjs/cmaps/UniJISPro-UTF8-V.bcmap                          0.73 kB
public/build/pdfjs/cmaps/83pv-RKSJ-H.bcmap                               0.91 kB
public/build/pdfjs/cmaps/90pv-RKSJ-H.bcmap                               0.98 kB
public/build/pdfjs/wasm/LICENSE_PDFJS_QCMS                               1.04 kB
public/build/pdfjs/cmaps/B5-H.bcmap                                      1.09 kB
public/build/pdfjs/cmaps/B5pc-H.bcmap                                    1.10 kB
public/build/pdfjs/wasm/LICENSE_QCMS                                     1.12 kB
public/build/pdfjs/cmaps/ETen-B5-H.bcmap                                 1.13 kB
public/build/assets/layers-2x-Bpkbi35X.png                               1.26 kB
public/build/pdfjs/wasm/LICENSE_PDFJS_OPENJPEG                           1.29 kB
public/build/assets/marker-icon-hN30_KVU.png                             1.47 kB
public/build/pdfjs/standard_fonts/LICENSE_FOXIT                          1.55 kB
public/build/pdfjs/cmaps/HKm314-B5-H.bcmap                               1.77 kB
public/build/pdfjs/cmaps/CNS-EUC-H.bcmap                                 1.78 kB
public/build/pdfjs/cmaps/KSC-H.bcmap                                     1.83 kB
public/build/pdfjs/cmaps/KSC-EUC-H.bcmap                                 1.85 kB
public/build/pdfjs/cmaps/CNS-EUC-V.bcmap                                 1.92 kB
public/build/pdfjs/cmaps/KSCpc-EUC-H.bcmap                               2.02 kB
public/build/pdfjs/cmaps/LICENSE                                         2.08 kB
public/build/pdfjs/wasm/LICENSE_OPENJPEG                                 2.11 kB
public/build/pdfjs/cmaps/HKm471-B5-H.bcmap                               2.17 kB
public/build/pdfjs/cmaps/HKgccs-B5-H.bcmap                               2.29 kB
public/build/pdfjs/cmaps/78-H.bcmap                                      2.38 kB
public/build/pdfjs/cmaps/78-RKSJ-H.bcmap                                 2.40 kB
public/build/pdfjs/cmaps/78-EUC-H.bcmap                                  2.40 kB
public/build/pdfjs/cmaps/Add-RKSJ-H.bcmap                                2.41 kB
public/build/pdfjs/cmaps/HKdlb-B5-H.bcmap                                2.41 kB
public/build/pdfjs/cmaps/Add-H.bcmap                                     2.42 kB
public/build/pdfjs/cmaps/Ext-H.bcmap                                     2.54 kB
public/build/pdfjs/cmaps/Ext-RKSJ-H.bcmap                                2.54 kB
public/build/pdfjs/cmaps/78ms-RKSJ-H.bcmap                               2.65 kB
public/build/pdfjs/cmaps/HKdla-B5-H.bcmap                                2.65 kB
public/build/pdfjs/cmaps/NWP-H.bcmap                                     2.77 kB
public/build/pdfjs/cmaps/KSCms-UHC-H.bcmap                               2.79 kB
public/build/pdfjs/cmaps/KSCms-UHC-HW-H.bcmap                            2.79 kB
public/build/pdfjs/cmaps/ETHK-B5-H.bcmap                                 4.43 kB
public/build/pdfjs/cmaps/HKscs-B5-H.bcmap                                4.44 kB
public/build/pdfjs/wasm/quickjs-eval.js                                  6.23 kB
public/build/pdfjs/cmaps/GBT-H.bcmap                                     7.27 kB
public/build/pdfjs/cmaps/GBT-EUC-H.bcmap                                 7.29 kB
public/build/pdfjs/cmaps/GBTpc-EUC-H.bcmap                               7.30 kB
public/build/pdfjs/wasm/LICENSE_JBIG2                                   12.86 kB
public/build/pdfjs/cmaps/GBKp-EUC-H.bcmap                               14.69 kB
public/build/pdfjs/cmaps/GBK-EUC-H.bcmap                                14.69 kB
public/build/pdfjs/standard_fonts/FoxitSymbol.pfb                       16.73 kB
public/build/pdfjs/cmaps/KSC-Johab-H.bcmap                              16.79 kB
public/build/pdfjs/standard_fonts/FoxitFixed.pfb                        17.60 kB
public/build/pdfjs/standard_fonts/FoxitFixedBold.pfb                    18.06 kB
public/build/pdfjs/standard_fonts/FoxitFixedItalic.pfb                  18.75 kB
public/build/pdfjs/standard_fonts/FoxitFixedBoldItalic.pfb              19.15 kB
public/build/pdfjs/standard_fonts/FoxitSerifBold.pfb                    19.40 kB
public/build/pdfjs/standard_fonts/FoxitSerif.pfb                        19.47 kB
public/build/pdfjs/cmaps/GBK2K-H.bcmap                                  19.66 kB
public/build/pdfjs/standard_fonts/FoxitSerifBoldItalic.pfb              20.73 kB
public/build/pdfjs/standard_fonts/FoxitSerifItalic.pfb                  21.23 kB
public/build/pdfjs/standard_fonts/LICENSE_LIBERATION                    22.15 kB
public/build/pdfjs/cmaps/Adobe-Korea1-UCS2.bcmap                        23.29 kB
public/build/pdfjs/cmaps/UniJIS-UCS2-H.bcmap                            25.44 kB
public/build/pdfjs/cmaps/UniKS-UCS2-H.bcmap                             25.78 kB
public/build/pdfjs/cmaps/UniKS-UTF16-H.bcmap                            26.33 kB
public/build/pdfjs/cmaps/UniKS-UTF32-H.bcmap                            26.45 kB
public/build/pdfjs/cmaps/UniKS-UTF8-H.bcmap                             27.79 kB
public/build/pdfjs/standard_fonts/FoxitDingbats.pfb                     29.51 kB
public/build/pdfjs/cmaps/Adobe-GB1-UCS2.bcmap                           33.97 kB
public/build/pdfjs/cmaps/UniJIS-UTF16-H.bcmap                           39.44 kB
public/build/pdfjs/cmaps/UniJIS2004-UTF16-H.bcmap                       39.53 kB
public/build/pdfjs/cmaps/UniJISX0213-UTF32-H.bcmap                      40.52 kB
public/build/pdfjs/cmaps/UniJIS-UTF32-H.bcmap                           40.54 kB
public/build/pdfjs/cmaps/UniJISX02132004-UTF32-H.bcmap                  40.61 kB
public/build/pdfjs/cmaps/UniJIS2004-UTF32-H.bcmap                       40.63 kB
public/build/pdfjs/cmaps/Adobe-Japan1-UCS2.bcmap                        40.95 kB
public/build/pdfjs/cmaps/Adobe-CNS1-UCS2.bcmap                          41.19 kB
public/build/pdfjs/cmaps/UniJIS-UTF8-H.bcmap                            41.70 kB
public/build/pdfjs/cmaps/UniJIS2004-UTF8-H.bcmap                        41.78 kB
public/build/pdfjs/cmaps/UniGB-UCS2-H.bcmap                             43.37 kB
public/build/pdfjs/cmaps/UniGB-UTF16-H.bcmap                            44.09 kB
public/build/pdfjs/cmaps/UniGB-UTF32-H.bcmap                            45.74 kB
public/build/pdfjs/cmaps/UniGB-UTF8-H.bcmap                             46.84 kB
public/build/pdfjs/cmaps/UniCNS-UCS2-H.bcmap                            48.28 kB
public/build/pdfjs/cmaps/UniCNS-UTF16-H.bcmap                           50.42 kB
public/build/pdfjs/cmaps/UniCNS-UTF32-H.bcmap                           52.68 kB
public/build/pdfjs/cmaps/UniCNS-UTF8-H.bcmap                            53.63 kB
public/build/pdfjs/wasm/qcms_bg.wasm                                    96.59 kB │ gzip:  35.85 kB
public/build/pdfjs/wasm/jbig2.wasm                                     104.85 kB │ gzip:  40.49 kB
public/build/pdfjs/standard_fonts/LiberationSans-BoldItalic.ttf        135.12 kB
public/build/pdfjs/standard_fonts/LiberationSans-Bold.ttf              137.05 kB
public/build/pdfjs/standard_fonts/LiberationSans-Regular.ttf           139.51 kB
public/build/pdfjs/wasm/jbig2_nowasm_fallback.js                       145.70 kB
public/build/pdfjs/standard_fonts/LiberationSans-Italic.ttf            162.04 kB
public/build/pdfjs/wasm/openjpeg.wasm                                  252.03 kB │ gzip:  83.01 kB
public/build/pdfjs/wasm/openjpeg_nowasm_fallback.js                    451.59 kB
public/build/pdfjs/wasm/quickjs-eval.wasm                              469.11 kB │ gzip: 218.89 kB
public/build/assets/pdf.worker.min-Dswkl-cV.mjs                      1,265.41 kB
public/build/manifest.json                                           3,902.23 kB │ gzip: 213.25 kB
public/build/assets/show-DItqkuBD.css                                    0.04 kB │ gzip:   0.06 kB
public/build/assets/booking-wizard-BYFUJ1mS.css                          0.73 kB │ gzip:   0.34 kB
public/build/assets/queue-kit-3AtiZRBC.css                               0.77 kB │ gzip:   0.34 kB
public/build/assets/show-D8SfmxBf.css                                    1.08 kB │ gzip:   0.44 kB
public/build/assets/fleet-map-Cc-sKlod.css                               1.80 kB │ gzip:   0.73 kB
public/build/assets/index-CFgVOiLx.css                                   6.71 kB │ gzip:   1.70 kB
public/build/assets/index-BfYF406j.css                                   8.96 kB │ gzip:   1.95 kB
public/build/assets/transport-B_iFYDj4.css                               9.27 kB │ gzip:   2.24 kB
public/build/assets/vendor-maps-CLLlcC51.css                            11.08 kB │ gzip:   2.73 kB
public/build/assets/workspace-Bd2kW8NQ.css                              11.42 kB │ gzip:   2.58 kB
public/build/assets/knowledge-revision-dialog-D-juoI1B.css              12.92 kB │ gzip:   3.14 kB
public/build/assets/location-workspace-BnCaAc4S.css                     16.92 kB │ gzip:   3.64 kB
public/build/assets/dashboard-CynApWYI.css                              25.76 kB │ gzip:   4.58 kB
public/build/assets/show-Du9VQ5og.css                                   27.44 kB │ gzip:   4.70 kB
public/build/assets/index-Dmrchnqb.css                                  79.87 kB │ gzip:   9.87 kB
public/build/assets/studio-kit-Dk3mzyBj.css                             89.60 kB │ gzip:  13.35 kB
public/build/assets/app-CkQ_IJYA.css                                   445.55 kB │ gzip:  56.94 kB
public/build/assets/pdf.worker.min-BIPm4drH.js                           0.07 kB │ gzip:   0.09 kB
public/build/assets/my-hr-utils-fLvKAKV1.js                              0.07 kB │ gzip:   0.09 kB
public/build/assets/avatar-hue-BThxaYxR.js                               0.10 kB │ gzip:   0.11 kB
public/build/assets/_announcer-cvXWdNAc.js                               0.12 kB │ gzip:   0.12 kB
public/build/assets/minus-Cum4haRZ.js                                    0.12 kB │ gzip:   0.13 kB
public/build/assets/check-DCk9A8sb.js                                    0.12 kB │ gzip:   0.14 kB
public/build/assets/circle-lh6p_c5G.js                                   0.12 kB │ gzip:   0.13 kB
public/build/assets/chevron-down-CdyxuRSF.js                             0.13 kB │ gzip:   0.14 kB
public/build/assets/chevron-up-DobcrzqG.js                               0.13 kB │ gzip:   0.14 kB
public/build/assets/chevron-left-C5raw54W.js                             0.13 kB │ gzip:   0.14 kB
public/build/assets/chevron-right-CWqpujXg.js                            0.13 kB │ gzip:   0.14 kB
public/build/assets/play-CocUQF6Z.js                                     0.13 kB │ gzip:   0.14 kB
public/build/assets/moon-CfenEzxQ.js                                     0.14 kB │ gzip:   0.15 kB
public/build/assets/loader-circle-DFlAFtMg.js                            0.14 kB │ gzip:   0.15 kB
public/build/assets/square-BGgd1Q_f.js                                   0.15 kB │ gzip:   0.15 kB
public/build/assets/message-circle-DTdjgPuG.js                           0.15 kB │ gzip:   0.16 kB
public/build/assets/navigation-C50kiep1.js                               0.15 kB │ gzip:   0.15 kB
public/build/assets/staff-creation-workflow-D6SGmEbz.js                  0.15 kB │ gzip:   0.13 kB
public/build/assets/plus-CHHXVX8N.js                                     0.15 kB │ gzip:   0.15 kB
public/build/assets/x-BIySpr9S.js                                        0.15 kB │ gzip:   0.15 kB
public/build/assets/thermometer-CDvJfpKu.js                              0.16 kB │ gzip:   0.16 kB
public/build/assets/filter-96H8D7eQ.js                                   0.16 kB │ gzip:   0.16 kB
public/build/assets/bookmark-DlrKloT8.js                                 0.16 kB │ gzip:   0.16 kB
public/build/assets/arrow-left-B4knKx7P.js                               0.16 kB │ gzip:   0.16 kB
public/build/assets/arrow-right-QKVaawgE.js                              0.16 kB │ gzip:   0.16 kB
public/build/assets/arrow-up-right-DiyV4Eqp.js                           0.16 kB │ gzip:   0.15 kB
public/build/assets/circle-minus-D2c2OfoE.js                             0.17 kB │ gzip:   0.16 kB
public/build/assets/search-BJIvFSkc.js                                   0.17 kB │ gzip:   0.16 kB
public/build/assets/move-right-nIenSdYX.js                               0.17 kB │ gzip:   0.16 kB
public/build/assets/ban-7whrPt-w.js                                      0.17 kB │ gzip:   0.16 kB
public/build/assets/circle-check-DQj-Vl2L.js                             0.17 kB │ gzip:   0.16 kB
public/build/assets/chevrons-up-down-4_passNU.js                         0.17 kB │ gzip:   0.16 kB
public/build/assets/provider-CyzdoYBv.js                                 0.17 kB │ gzip:   0.15 kB
public/build/assets/power-BP2Euauz.js                                    0.17 kB │ gzip:   0.17 kB
public/build/assets/user-round-BATRdAjX.js                               0.18 kB │ gzip:   0.17 kB
public/build/assets/gauge-OMdSx8O0.js                                    0.18 kB │ gzip:   0.16 kB
public/build/assets/circle-dot-BWgvFgsU.js                               0.18 kB │ gzip:   0.15 kB
public/build/assets/clock-AML62eBw.js                                    0.18 kB │ gzip:   0.17 kB
public/build/assets/message-square-TyR9AYWT.js                           0.18 kB │ gzip:   0.17 kB
public/build/assets/check-check-BTsNk6vi.js                              0.18 kB │ gzip:   0.17 kB
public/build/assets/clock-3-Yx48nzek.js                                  0.18 kB │ gzip:   0.17 kB
public/build/assets/chart-line-CaQULFuP.js                               0.18 kB │ gzip:   0.17 kB
public/build/assets/circle-slash-DEakAEJP.js                             0.18 kB │ gzip:   0.17 kB
public/build/assets/reply-ldUX2KRX.js                                    0.18 kB │ gzip:   0.18 kB
public/build/assets/circle-check-big-Bqklgtwd.js                         0.19 kB │ gzip:   0.18 kB
public/build/assets/circle-play-q4G0v4i8.js                              0.19 kB │ gzip:   0.17 kB
public/build/assets/user-CTqQVje4.js                                     0.19 kB │ gzip:   0.18 kB
public/build/assets/megaphone-CjgHzoc0.js                                0.19 kB │ gzip:   0.18 kB
public/build/assets/skip-forward-DbxgPaT2.js                             0.20 kB │ gzip:   0.18 kB
public/build/assets/smartphone-BxXpwutl.js                               0.20 kB │ gzip:   0.18 kB
public/build/assets/info-C4RD8I5i.js                                     0.20 kB │ gzip:   0.18 kB
public/build/assets/rotate-ccw-kpCJ8Mwg.js                               0.20 kB │ gzip:   0.18 kB
public/build/assets/rotate-cw-BUOeQnjJ.js                                0.20 kB │ gzip:   0.18 kB
public/build/assets/types-DJyHL5KD.js                                    0.20 kB │ gzip:   0.15 kB
public/build/assets/lock-QEY6FftM.js                                     0.20 kB │ gzip:   0.19 kB
public/build/assets/circle-x-B7vq9EPz.js                                 0.20 kB │ gzip:   0.17 kB
public/build/assets/circle-plus-Bl61OA6C.js                              0.20 kB │ gzip:   0.17 kB
public/build/assets/chart-palette-BuldC4kO.js                            0.20 kB │ gzip:   0.13 kB
public/build/assets/trending-up-CdvUZb3I.js                              0.20 kB │ gzip:   0.18 kB
public/build/assets/utils-COkJOzsg.js                                    0.20 kB │ gzip:   0.16 kB
public/build/assets/credit-card-cCbNSnWg.js                              0.21 kB │ gzip:   0.18 kB
public/build/assets/arrow-up-from-line-Dk6CE_4X.js                       0.21 kB │ gzip:   0.18 kB
public/build/assets/arrow-down-to-line-CpZYdBQ9.js                       0.21 kB │ gzip:   0.18 kB
public/build/assets/redo-2-CDk7qv1X.js                                   0.21 kB │ gzip:   0.18 kB
public/build/assets/trending-down-Cje7OD1k.js                            0.21 kB │ gzip:   0.18 kB
public/build/assets/undo-2-7jo_-bkU.js                                   0.21 kB │ gzip:   0.18 kB
public/build/assets/droplet-KI2ZW316.js                                  0.21 kB │ gzip:   0.19 kB
public/build/assets/lock-open-8rwxH2Ui.js                                0.21 kB │ gzip:   0.20 kB
public/build/assets/mail-vBYf8o43.js                                     0.21 kB │ gzip:   0.20 kB
public/build/assets/it-module-shell-Cq8Pndvb.js                          0.21 kB │ gzip:   0.19 kB
public/build/assets/battery-W_Uqwvax.js                                  0.21 kB │ gzip:   0.18 kB
public/build/assets/pause-CjETV0bp.js                                    0.21 kB │ gzip:   0.16 kB
public/build/assets/circle-arrow-up-DUdLQYf1.js                          0.21 kB │ gzip:   0.18 kB
public/build/assets/circle-arrow-down-DwpnyqpC.js                        0.21 kB │ gzip:   0.18 kB
public/build/assets/pill-CnAwAzF-.js                                     0.21 kB │ gzip:   0.18 kB
public/build/assets/table-2-Cv1V1_7Z.js                                  0.21 kB │ gzip:   0.18 kB
public/build/assets/site-profile-dialog-host-BH_OdoAm.js                 0.21 kB │ gzip:   0.19 kB
public/build/assets/dollar-sign-IYviQB7T.js                              0.22 kB │ gzip:   0.19 kB
public/build/assets/file-BF-cvMAS.js                                     0.22 kB │ gzip:   0.18 kB
public/build/assets/laptop-aovdbQvg.js                                   0.22 kB │ gzip:   0.19 kB
public/build/assets/flag-Tuu0OBin.js                                     0.22 kB │ gzip:   0.20 kB
public/build/assets/rows-3-CX8ZkSDu.js                                   0.22 kB │ gzip:   0.18 kB
public/build/assets/rss-D4ZAuwg1.js                                      0.22 kB │ gzip:   0.18 kB
public/build/assets/briefcase-DQ_V_1pQ.js                                0.22 kB │ gzip:   0.20 kB
public/build/assets/ellipsis-_bF6d_Ou.js                                 0.22 kB │ gzip:   0.16 kB
public/build/assets/target-v-gtJuFF.js                                   0.22 kB │ gzip:   0.16 kB
public/build/assets/columns-3-C94fXZNP.js                                0.22 kB │ gzip:   0.19 kB
public/build/assets/git-merge-Cu2DPRIl.js                                0.22 kB │ gzip:   0.18 kB
public/build/assets/square-check-big-BknQCsYR.js                         0.22 kB │ gzip:   0.19 kB
public/build/assets/sticky-note-CHlDDxYy.js                              0.22 kB │ gzip:   0.18 kB
public/build/assets/folder-CD0gXQ_K.js                                   0.23 kB │ gzip:   0.19 kB
public/build/assets/ellipsis-vertical-P1P8Cbcn.js                        0.23 kB │ gzip:   0.17 kB
public/build/assets/vote-DrSD47Rb.js                                     0.23 kB │ gzip:   0.19 kB
public/build/assets/copy-Cyz-u0tM.js                                     0.23 kB │ gzip:   0.20 kB
public/build/assets/door-closed-K3wvVx9y.js                              0.23 kB │ gzip:   0.19 kB
public/build/assets/user-round-check-e2eXyOQW.js                         0.23 kB │ gzip:   0.21 kB
public/build/assets/circle-user-round-2yB5lg1S.js                        0.23 kB │ gzip:   0.19 kB
public/build/assets/circle-help-qmyjo8hs.js                              0.23 kB │ gzip:   0.20 kB
public/build/assets/ear-DGZMLogX.js                                      0.23 kB │ gzip:   0.19 kB
public/build/assets/activity-DJ9CUM9Z.js                                 0.23 kB │ gzip:   0.20 kB
public/build/assets/pen-liaEnnKz.js                                      0.23 kB │ gzip:   0.20 kB
public/build/assets/history-BYh30QCf.js                                  0.24 kB │ gzip:   0.20 kB
public/build/assets/globe-Zg84NgVM.js                                    0.24 kB │ gzip:   0.19 kB
public/build/assets/timer-OtEHNcWy.js                                    0.24 kB │ gzip:   0.18 kB
public/build/assets/banknote-B1wggBRV.js                                 0.24 kB │ gzip:   0.20 kB
public/build/assets/heart-DPB6lgYF.js                                    0.24 kB │ gzip:   0.21 kB
public/build/assets/link-2-Bi7lVc9s.js                                   0.24 kB │ gzip:   0.21 kB
public/build/assets/menu-DkVAg9pz.js                                     0.24 kB │ gzip:   0.17 kB
public/build/assets/database-dJF5c7Wq.js                                 0.24 kB │ gzip:   0.20 kB
public/build/assets/arrow-down-up-BflQHbwt.js                            0.24 kB │ gzip:   0.19 kB
public/build/assets/type-C5Nu-5y6.js                                     0.24 kB │ gzip:   0.19 kB
public/build/assets/circle-pause-Cu7uckxT.js                             0.24 kB │ gzip:   0.18 kB
public/build/assets/arrow-left-right-jHegX3kE.js                         0.25 kB │ gzip:   0.19 kB
public/build/assets/compass-Dyo9A31P.js                                  0.25 kB │ gzip:   0.20 kB
public/build/assets/arrow-right-left-DQUEiLQq.js                         0.25 kB │ gzip:   0.19 kB
public/build/assets/book-marked-HBcjqP_K.js                              0.25 kB │ gzip:   0.20 kB
public/build/assets/settings-2-B_A-V2e2.js                               0.25 kB │ gzip:   0.19 kB
public/build/assets/users-round-B_atUq65.js                              0.25 kB │ gzip:   0.21 kB
public/build/assets/camera-De1eQ7F_.js                                   0.25 kB │ gzip:   0.21 kB
public/build/assets/file-warning-BmT2mwBc.js                             0.25 kB │ gzip:   0.19 kB
public/build/assets/video-CZhi99wr.js                                    0.25 kB │ gzip:   0.21 kB
public/build/assets/route-CfL6pcgT.js                                    0.25 kB │ gzip:   0.20 kB
public/build/assets/circle-alert-BclMiHQA.js                             0.25 kB │ gzip:   0.19 kB
public/build/assets/mouse-pointer-2-Biehhtzq.js                          0.25 kB │ gzip:   0.21 kB
public/build/assets/chart-column-CzF1Tot4.js                             0.25 kB │ gzip:   0.19 kB
public/build/assets/external-link-DT9Sw487.js                            0.25 kB │ gzip:   0.20 kB
public/build/assets/cloud-upload-DjIVsPxL.js                             0.25 kB │ gzip:   0.20 kB
public/build/assets/shopping-bag-D6mdTgTh.js                             0.25 kB │ gzip:   0.20 kB
public/build/assets/pentagon-CwgF7wPU.js                                 0.25 kB │ gzip:   0.20 kB
public/build/assets/eye-DM57N83K.js                                      0.25 kB │ gzip:   0.19 kB
public/build/assets/user-check-DRfXBAGA.js                               0.25 kB │ gzip:   0.22 kB
public/build/assets/map-pin-DKh9HyNg.js                                  0.25 kB │ gzip:   0.22 kB
public/build/assets/archive-9v3Yvprc.js                                  0.25 kB │ gzip:   0.21 kB
public/build/assets/lock-keyhole-B9XJ5mhG.js                             0.25 kB │ gzip:   0.22 kB
public/build/assets/message-square-plus-I8Tb4cvG.js                      0.25 kB │ gzip:   0.20 kB
public/build/assets/circle-user-Ca-j0VP0.js                              0.25 kB │ gzip:   0.20 kB
public/build/assets/message-square-text-BxVe-Fcp.js                      0.25 kB │ gzip:   0.20 kB
public/build/assets/user-minus-CiDMRFBc.js                               0.25 kB │ gzip:   0.22 kB
public/build/assets/file-check-2-BZyQvLbb.js                             0.25 kB │ gzip:   0.20 kB
public/build/assets/messages-square-6txaDV1q.js                          0.25 kB │ gzip:   0.20 kB
public/build/assets/link-B5KmPzvW.js                                     0.26 kB │ gzip:   0.19 kB
public/build/assets/hr-hero-s7UDpJ2O.js                                  0.26 kB │ gzip:   0.22 kB
public/build/assets/wrench-DVyjtQ3t.js                                   0.26 kB │ gzip:   0.20 kB
public/build/assets/upload-oL2tDIpj.js                                   0.26 kB │ gzip:   0.22 kB
public/build/assets/calendar-95oXmYJh.js                                 0.26 kB │ gzip:   0.20 kB
public/build/assets/log-out-DPpR4o6E.js                                  0.26 kB │ gzip:   0.22 kB
public/build/assets/ticket-check-QR1gZe79.js                             0.26 kB │ gzip:   0.20 kB
public/build/assets/log-in-CU8HfgU7.js                                   0.26 kB │ gzip:   0.22 kB
public/build/assets/file-minus-DnVY8eEw.js                               0.26 kB │ gzip:   0.19 kB
public/build/assets/key-zpgkys4J.js                                      0.26 kB │ gzip:   0.22 kB
public/build/assets/monitor-DQ4GULGJ.js                                  0.26 kB │ gzip:   0.20 kB
public/build/assets/message-square-warning-DVxY8QKr.js                   0.26 kB │ gzip:   0.21 kB
public/build/assets/utensils-He2Ta6_f.js                                 0.26 kB │ gzip:   0.20 kB
public/build/assets/download-F3O1baVg.js                                 0.26 kB │ gzip:   0.22 kB
public/build/assets/zap-uZYw9Ad9.js                                      0.26 kB │ gzip:   0.21 kB
public/build/assets/triangle-alert-DonNgb5e.js                           0.26 kB │ gzip:   0.21 kB
public/build/assets/leaf-COEdEnyz.js                                     0.26 kB │ gzip:   0.22 kB
public/build/assets/file-check-DnFUyhLb.js                               0.26 kB │ gzip:   0.20 kB
public/build/assets/workflow-DYbhiWL_.js                                 0.26 kB │ gzip:   0.20 kB
public/build/assets/mic-plaHKaAs.js                                      0.26 kB │ gzip:   0.21 kB
public/build/assets/shield-5bZHeUnF.js                                   0.27 kB │ gzip:   0.22 kB
public/build/assets/list-plus-BhNYvcVG.js                                0.27 kB │ gzip:   0.19 kB
public/build/assets/battery-low-BMw9Tp1E.js                              0.27 kB │ gzip:   0.21 kB
public/build/assets/timer-reset-BuJNY-TC.js                              0.27 kB │ gzip:   0.21 kB
public/build/assets/award-RB330bO-.js                                    0.27 kB │ gzip:   0.22 kB
public/build/assets/eraser-DI9Z24H-.js                                   0.27 kB │ gzip:   0.22 kB
public/build/assets/image-DkMD-Vwl.js                                    0.27 kB │ gzip:   0.22 kB
public/build/assets/repeat-C5iRpyKx.js                                   0.27 kB │ gzip:   0.20 kB
public/build/assets/arrow-up-BeSD5BSF.js                                 0.27 kB │ gzip:   0.20 kB
public/build/assets/flame-CaGE9eCi.js                                    0.27 kB │ gzip:   0.22 kB
public/build/assets/git-branch-xQMBdTY-.js                               0.27 kB │ gzip:   0.22 kB
public/build/assets/coins-Ct1yDhO1.js                                    0.27 kB │ gzip:   0.22 kB
public/build/assets/pencil-DIsvSvfs.js                                   0.28 kB │ gzip:   0.22 kB
public/build/assets/pen-line-qS6HdL3j.js                                 0.28 kB │ gzip:   0.22 kB
public/build/assets/list-checks-BsIumXfa.js                              0.28 kB │ gzip:   0.18 kB
public/build/assets/book-open-BXEzl4ng.js                                0.28 kB │ gzip:   0.20 kB
public/build/assets/file-diff-CRiDP_9p.js                                0.28 kB │ gzip:   0.20 kB
public/build/assets/wifi-DlExEKAg.js                                     0.28 kB │ gzip:   0.20 kB
public/build/assets/lightbulb-BGbZAxWt.js                                0.28 kB │ gzip:   0.22 kB
public/build/assets/file-plus-2-BAOtfrTC.js                              0.28 kB │ gzip:   0.21 kB
public/build/assets/layout-template-DdjsX8AL.js                          0.28 kB │ gzip:   0.19 kB
public/build/assets/inbox-C0wPIXtP.js                                    0.29 kB │ gzip:   0.23 kB
public/build/assets/wallet-BhzOg59s.js                                   0.29 kB │ gzip:   0.21 kB
public/build/assets/shopping-cart-BfDrYALj.js                            0.29 kB │ gzip:   0.23 kB
public/build/assets/shirt-du5MAXhC.js                                    0.29 kB │ gzip:   0.23 kB
public/build/assets/files-DLWlM-ns.js                                    0.29 kB │ gzip:   0.21 kB
public/build/assets/house-oVE1CsH-.js                                    0.29 kB │ gzip:   0.22 kB
public/build/assets/bell-BxmTtfSk.js                                     0.29 kB │ gzip:   0.23 kB
public/build/assets/use-initials-U-N8N3-N.js                             0.29 kB │ gzip:   0.20 kB
public/build/assets/send-DjKk0Apv.js                                     0.29 kB │ gzip:   0.23 kB
public/build/assets/folder-open-DvxexPyQ.js                              0.29 kB │ gzip:   0.22 kB
public/build/assets/receipt-CLh6K4Me.js                                  0.29 kB │ gzip:   0.21 kB
public/build/assets/governance-permissions-oQG3y2Ya.js                   0.29 kB │ gzip:   0.19 kB
public/build/assets/link-2-off-FKp0Jeff.js                               0.29 kB │ gzip:   0.22 kB
public/build/assets/smile-D1cevyjM.js                                    0.29 kB │ gzip:   0.22 kB
public/build/assets/grid-3x3-CGAQJGCo.js                                 0.29 kB │ gzip:   0.21 kB
public/build/assets/bed-double-RieO5NR6.js                               0.30 kB │ gzip:   0.20 kB
public/build/assets/heart-crack-tQQy0abU.js                              0.30 kB │ gzip:   0.24 kB
public/build/assets/hash-D1OO1BKH.js                                     0.30 kB │ gzip:   0.19 kB
public/build/assets/receipt-text-Cv4bYp61.js                             0.30 kB │ gzip:   0.20 kB
public/build/assets/maximize-2-CwVLu7cp.js                               0.30 kB │ gzip:   0.21 kB
public/build/assets/list-todo-BgURXjgp.js                                0.30 kB │ gzip:   0.22 kB
public/build/assets/paperclip-BTM6Yh31.js                                0.30 kB │ gzip:   0.22 kB
public/build/assets/file-up-Nsiraj33.js                                  0.30 kB │ gzip:   0.21 kB
public/build/assets/gavel-1ZwO1oLl.js                                    0.30 kB │ gzip:   0.21 kB
public/build/assets/flask-conical-BY9Z1Zhf.js                            0.30 kB │ gzip:   0.23 kB
public/build/assets/thumbs-up-C1FiOWEA.js                                0.30 kB │ gzip:   0.24 kB
public/build/assets/list-BpTjw9wZ.js                                     0.30 kB │ gzip:   0.18 kB
public/build/assets/file-down-pBQB0-jm.js                                0.30 kB │ gzip:   0.21 kB
public/build/assets/thumbs-down-DaQiQc3v.js                              0.30 kB │ gzip:   0.24 kB
public/build/assets/minimize-2-CjNqMgU6.js                               0.30 kB │ gzip:   0.21 kB
public/build/assets/clipboard-check-BszCBAQ6.js                          0.30 kB │ gzip:   0.23 kB
public/build/assets/file-clock-CZJ8itlz.js                               0.30 kB │ gzip:   0.23 kB
public/build/assets/users-BEZrIP0U.js                                    0.30 kB │ gzip:   0.23 kB
public/build/assets/calendar-check-CTIYjc2W.js                           0.30 kB │ gzip:   0.22 kB
public/build/assets/coffee-D5jLHm2f.js                                   0.30 kB │ gzip:   0.21 kB
public/build/assets/user-x-C9F28jKE.js                                   0.30 kB │ gzip:   0.23 kB
public/build/assets/folder-plus-CjQWcFNm.js                              0.30 kB │ gzip:   0.23 kB
public/build/assets/chef-hat-W9SYZ7Cf.js                                 0.31 kB │ gzip:   0.24 kB
public/build/assets/user-plus-JtQzpsMF.js                                0.31 kB │ gzip:   0.23 kB
public/build/assets/box-BHAbFUM-.js                                      0.31 kB │ gzip:   0.22 kB
public/build/assets/heart-pulse-DDQoHPlx.js                              0.31 kB │ gzip:   0.25 kB
public/build/assets/piggy-bank-D-t5vRIB.js                               0.31 kB │ gzip:   0.25 kB
public/build/assets/badge-check-B-QWxuvO.js                              0.31 kB │ gzip:   0.21 kB
public/build/assets/shapes-zysKO7Je.js                                   0.32 kB │ gzip:   0.25 kB
public/build/assets/hard-hat-9wWsAVZq.js                                 0.32 kB │ gzip:   0.23 kB
public/build/assets/shield-check-BEIEi5P0.js                             0.32 kB │ gzip:   0.25 kB
public/build/assets/printer-K8NqMZCX.js                                  0.32 kB │ gzip:   0.24 kB
public/build/assets/square-pen-DqRLE0rv.js                               0.32 kB │ gzip:   0.24 kB
public/build/assets/refresh-ccw-BkfFc_9F.js                              0.32 kB │ gzip:   0.22 kB
public/build/assets/ticket-wC-2P5BS.js                                   0.32 kB │ gzip:   0.21 kB
public/build/assets/tag-DvdZ9k0r.js                                      0.32 kB │ gzip:   0.25 kB
public/build/assets/hand-helping-BiM1lmgX.js                             0.32 kB │ gzip:   0.25 kB
public/build/assets/id-card-BgxfIb8s.js                                  0.32 kB │ gzip:   0.24 kB
public/build/assets/mail-warning-CJWm8RW5.js                             0.32 kB │ gzip:   0.24 kB
public/build/assets/save-C4tOVbjS.js                                     0.33 kB │ gzip:   0.23 kB
public/build/assets/scan-line-BUA_i2kQ.js                                0.33 kB │ gzip:   0.22 kB
public/build/assets/graduation-cap-Bx7eOMOy.js                           0.33 kB │ gzip:   0.25 kB
public/build/assets/list-ordered-D-B9VSDG.js                             0.33 kB │ gzip:   0.22 kB
public/build/assets/file-text-CgWRkIlx.js                                0.33 kB │ gzip:   0.22 kB
public/build/assets/book-open-check-Dw2lq2Ig.js                          0.33 kB │ gzip:   0.23 kB
public/build/assets/clipboard-plus-yBfQYK15.js                           0.33 kB │ gzip:   0.24 kB
public/build/assets/alarm-clock-CZ5cfGVi.js                              0.33 kB │ gzip:   0.23 kB
public/build/assets/contact-B43sXPzq.js                                  0.33 kB │ gzip:   0.24 kB
public/build/assets/calendar-x-BqOtbe5o.js                               0.34 kB │ gzip:   0.23 kB
public/build/assets/server-BHjmy8jW.js                                   0.34 kB │ gzip:   0.21 kB
public/build/assets/accessibility-D8hzzZpN.js                            0.34 kB │ gzip:   0.24 kB
public/build/assets/archive-restore-DNRdVMLP.js                          0.34 kB │ gzip:   0.24 kB
public/build/assets/stethoscope-DW4LfR4I.js                              0.34 kB │ gzip:   0.24 kB
public/build/assets/shield-plus-D5FRDsPp.js                              0.34 kB │ gzip:   0.25 kB
public/build/assets/layout-grid-C3M1GNhl.js                              0.34 kB │ gzip:   0.19 kB
public/build/assets/pin-DUj-C0Ra.js                                      0.35 kB │ gzip:   0.24 kB
public/build/assets/file-image-B2xMt_ae.js                               0.35 kB │ gzip:   0.25 kB
public/build/assets/scroll-text-BRGtltNx.js                              0.35 kB │ gzip:   0.23 kB
public/build/assets/key-round-CSeshZX0.js                                0.35 kB │ gzip:   0.26 kB
public/build/assets/layout-dashboard-f7mlhv-9.js                         0.35 kB │ gzip:   0.21 kB
public/build/assets/shield-alert-CV7ppau6.js                             0.35 kB │ gzip:   0.26 kB
public/build/assets/file-chart-column-increasing-DLWLernA.js             0.35 kB │ gzip:   0.23 kB
public/build/assets/webhook-DZxke2MO.js                                  0.35 kB │ gzip:   0.26 kB
public/build/assets/crosshair-BxK4Rj0R.js                                0.35 kB │ gzip:   0.21 kB
public/build/assets/calendar-plus-mqooVC2I.js                            0.35 kB │ gzip:   0.23 kB
public/build/assets/shield-x-CVDbwB-a.js                                 0.36 kB │ gzip:   0.26 kB
public/build/assets/gift-B43f_MP6.js                                     0.36 kB │ gzip:   0.25 kB
public/build/assets/trash-2-yHAaFbGe.js                                  0.36 kB │ gzip:   0.25 kB
public/build/assets/calendar-x-2-CSZAth_2.js                             0.36 kB │ gzip:   0.23 kB
public/build/assets/bell-plus-CS5WmG9X.js                                0.36 kB │ gzip:   0.26 kB
public/build/assets/layout-list-DFMwOjc4.js                              0.36 kB │ gzip:   0.22 kB
public/build/assets/warehouse-BlqXfEtu.js                                0.36 kB │ gzip:   0.26 kB
public/build/assets/utensils-crossed-B_FmjU-h.js                         0.36 kB │ gzip:   0.25 kB
public/build/assets/syringe-BujHqt2x.js                                  0.36 kB │ gzip:   0.24 kB
public/build/assets/crown-x3xhlwHv.js                                    0.36 kB │ gzip:   0.26 kB
public/build/assets/image-plus-BP1HA_VN.js                               0.36 kB │ gzip:   0.25 kB
public/build/assets/sparkle-Beg_at1E.js                                  0.36 kB │ gzip:   0.24 kB
public/build/assets/scale-CQVAqb1O.js                                    0.36 kB │ gzip:   0.23 kB
public/build/assets/radio-DRDCFeSh.js                                    0.36 kB │ gzip:   0.25 kB
public/build/assets/grip-vertical-DOGF94Kq.js                            0.36 kB │ gzip:   0.19 kB
public/build/assets/fuel-zJQkszEc.js                                     0.37 kB │ gzip:   0.24 kB
public/build/assets/door-open-DxOCzjM5.js                                0.37 kB │ gzip:   0.25 kB
public/build/assets/droplets-BqNmHC0_.js                                 0.37 kB │ gzip:   0.28 kB
public/build/assets/hammer-_6Njbm3I.js                                   0.37 kB │ gzip:   0.27 kB
public/build/assets/file-pen-e9cYasbr.js                                 0.37 kB │ gzip:   0.26 kB
public/build/assets/package-HGc700Iw.js                                  0.37 kB │ gzip:   0.25 kB
public/build/assets/index-B0Z-ysPe.js                                    0.37 kB │ gzip:   0.22 kB
public/build/assets/file-spreadsheet-C5BQvEvi.js                         0.37 kB │ gzip:   0.23 kB
public/build/assets/life-buoy-DA1fM5SV.js                                0.37 kB │ gzip:   0.22 kB
public/build/assets/calendar-clock-BiXi2YAr.js                           0.38 kB │ gzip:   0.25 kB
public/build/assets/shield-question-Dlq4HI0A.js                          0.38 kB │ gzip:   0.28 kB
public/build/assets/network-B8VljvBT.js                                  0.38 kB │ gzip:   0.24 kB
public/build/assets/calendar-off-x007uk8d.js                             0.38 kB │ gzip:   0.25 kB
public/build/assets/tags-FX76ZR4c.js                                     0.39 kB │ gzip:   0.28 kB
public/build/assets/fleet-return-D12Z1ydP.js                             0.39 kB │ gzip:   0.24 kB
public/build/assets/baby-CxRUqfZA.js                                     0.39 kB │ gzip:   0.26 kB
public/build/assets/hard-drive-DPJ458ah.js                               0.39 kB │ gzip:   0.26 kB
public/build/assets/job-posting-constants-CneitmEO.js                    0.39 kB │ gzip:   0.23 kB
public/build/assets/file-pen-line-Dygvb-7X.js                            0.39 kB │ gzip:   0.26 kB
public/build/assets/phone-UxNyl8h5.js                                    0.39 kB │ gzip:   0.25 kB
public/build/assets/bell-ring-D_uNHMDR.js                                0.40 kB │ gzip:   0.28 kB
public/build/assets/map-pinned-Bc7aZ2KR.js                               0.40 kB │ gzip:   0.29 kB
public/build/assets/shield-off-CPNfwJWh.js                               0.40 kB │ gzip:   0.28 kB
public/build/assets/truck-DTTip8gH.js                                    0.40 kB │ gzip:   0.27 kB
public/build/assets/sprout-C_yLR89o.js                                   0.40 kB │ gzip:   0.28 kB
public/build/assets/car-B1jlUsXW.js                                      0.40 kB │ gzip:   0.28 kB
public/build/assets/locate-fixed-T5OdIYV0.js                             0.40 kB │ gzip:   0.23 kB
public/build/assets/hand-C8BHfSQC.js                                     0.41 kB │ gzip:   0.25 kB
public/build/assets/landmark-DIMFPgWj.js                                 0.41 kB │ gzip:   0.23 kB
public/build/assets/hand-coins-C8-36NL2.js                               0.41 kB │ gzip:   0.29 kB
public/build/assets/clipboard-list-8_5TzwJY.js                           0.41 kB │ gzip:   0.26 kB
public/build/assets/transport-medication-replay-Ch1Kf0J3.js              0.41 kB │ gzip:   0.29 kB
public/build/assets/loader-BCM7F7RN.js                                   0.41 kB │ gzip:   0.24 kB
public/build/assets/mouse-pointer-click-BE9HUODL.js                      0.41 kB │ gzip:   0.28 kB
public/build/assets/calendar-range-eu7s3aWW.js                           0.41 kB │ gzip:   0.26 kB
public/build/assets/waypoints-BPyWDd_D.js                                0.41 kB │ gzip:   0.25 kB
public/build/assets/layers-DdMS4QsC.js                                   0.42 kB │ gzip:   0.24 kB
public/build/assets/mic-off-BdjX4jp4.js                                  0.42 kB │ gzip:   0.27 kB
public/build/assets/waves-ByTdH3Sq.js                                    0.42 kB │ gzip:   0.21 kB
public/build/assets/skeleton-CDTEQwaO.js                                 0.42 kB │ gzip:   0.32 kB
public/build/assets/map-Bg6xM_U5.js                                      0.42 kB │ gzip:   0.27 kB
public/build/assets/package-check-BH30Wj7-.js                            0.42 kB │ gzip:   0.29 kB
public/build/assets/octagon-alert-D5AvsnJS.js                            0.43 kB │ gzip:   0.25 kB
public/build/assets/cable-Dl_ihKfd.js                                    0.43 kB │ gzip:   0.25 kB
public/build/assets/eye-off-uVtI5SS4.js                                  0.43 kB │ gzip:   0.27 kB
public/build/assets/building-2-BltF3enn.js                               0.44 kB │ gzip:   0.25 kB
public/build/assets/heading-small-B1QYXXBZ.js                            0.44 kB │ gzip:   0.32 kB
public/build/assets/handshake-BN-1qcfh.js                                0.45 kB │ gzip:   0.28 kB
public/build/assets/hand-heart-CO2c0R17.js                               0.45 kB │ gzip:   0.31 kB
public/build/assets/bus-D448AXPh.js                                      0.45 kB │ gzip:   0.28 kB
public/build/assets/footprints-DzGdmi0W.js                               0.45 kB │ gzip:   0.30 kB
public/build/assets/radio-tower-DuElsfpn.js                              0.45 kB │ gzip:   0.29 kB
public/build/assets/input-error-DCYErTdJ.js                              0.46 kB │ gzip:   0.32 kB
public/build/assets/wifi-off-DPrq5m76.js                                 0.46 kB │ gzip:   0.27 kB
public/build/assets/scan-eye-K6KBPtvz.js                                 0.46 kB │ gzip:   0.28 kB
public/build/assets/heart-handshake-DwfImyHp.js                          0.46 kB │ gzip:   0.31 kB
public/build/assets/spinner-C5S3ME3V.js                                  0.46 kB │ gzip:   0.33 kB
public/build/assets/person-standing-MEux9yl5.js                          0.46 kB │ gzip:   0.31 kB
public/build/assets/trophy-DO9dlC5O.js                                   0.46 kB │ gzip:   0.28 kB
public/build/assets/pen-tool-D0H_vIOq.js                                 0.47 kB │ gzip:   0.30 kB
public/build/assets/siren-DJEMzCKc.js                                    0.47 kB │ gzip:   0.27 kB
public/build/assets/star-D2x7u9QL.js                                     0.47 kB │ gzip:   0.29 kB
public/build/assets/sun-Ctn5srXG.js                                      0.47 kB │ gzip:   0.26 kB
public/build/assets/notebook-pen-wqYk-0f1.js                             0.47 kB │ gzip:   0.28 kB
public/build/assets/cake-BfjcLnLg.js                                     0.49 kB │ gzip:   0.26 kB
public/build/assets/cctv-D7FlS68F.js                                     0.49 kB │ gzip:   0.30 kB
public/build/assets/calendar-days-BFkGbqkW.js                            0.49 kB │ gzip:   0.26 kB
public/build/assets/cpu-BvEfz7W0.js                                      0.50 kB │ gzip:   0.26 kB
public/build/assets/zoom-out-ClRUxdv8.js                                 0.50 kB │ gzip:   0.23 kB
public/build/assets/radar-VWHsBvfy.js                                    0.50 kB │ gzip:   0.30 kB
public/build/assets/sparkles-MLMqd-gi.js                                 0.51 kB │ gzip:   0.30 kB
public/build/assets/wand-sparkles-CH3yGkVm.js                            0.51 kB │ gzip:   0.29 kB
public/build/assets/ambulance-CDI4Ci5e.js                                0.51 kB │ gzip:   0.31 kB
public/build/assets/_helpers-Ayp0jCez.js                                 0.51 kB │ gzip:   0.33 kB
public/build/assets/boundary-geometry-Ncmqh74Z.js                        0.52 kB │ gzip:   0.32 kB
public/build/assets/unlink-DYMeTLZ8.js                                   0.53 kB │ gzip:   0.29 kB
public/build/assets/calculator-BcEk-oyD.js                               0.53 kB │ gzip:   0.28 kB
public/build/assets/circle-dashed-Bw3pf2e3.js                            0.57 kB │ gzip:   0.28 kB
public/build/assets/use-alert-workspace-focus-return-DGVRYbyO.js         0.58 kB │ gzip:   0.35 kB
public/build/assets/package-open-bKGphin7.js                             0.58 kB │ gzip:   0.33 kB
public/build/assets/i18n-Dncd9j2h.js                                     0.58 kB │ gzip:   0.39 kB
public/build/assets/user-cog-DmStgTh9.js                                 0.58 kB │ gzip:   0.31 kB
public/build/assets/sliders-horizontal-B5STZOdj.js                       0.58 kB │ gzip:   0.27 kB
public/build/assets/send-to-back-DW36ITqL.js                             0.58 kB │ gzip:   0.31 kB
public/build/assets/fingerprint-BuWo3E83.js                              0.60 kB │ gzip:   0.35 kB
public/build/assets/label-DnayXvci.js                                    0.61 kB │ gzip:   0.39 kB
public/build/assets/form-request-errors-CGVjFIIA.js                      0.63 kB │ gzip:   0.36 kB
public/build/assets/loading-state-CV7xdHtx.js                            0.64 kB │ gzip:   0.43 kB
public/build/assets/text-link-RogODYI2.js                                0.65 kB │ gzip:   0.42 kB
public/build/assets/qr-code-DIq-xKFo.js                                  0.65 kB │ gzip:   0.31 kB
public/build/assets/collapsible-DoToTDHc.js                              0.66 kB │ gzip:   0.28 kB
public/build/assets/resident-dot-BLoyRUP7.js                             0.67 kB │ gzip:   0.46 kB
public/build/assets/fleet-stat-card-D1AHnuQm.js                          0.72 kB │ gzip:   0.44 kB
public/build/assets/party-popper-DmpnqRNx.js                             0.72 kB │ gzip:   0.41 kB
public/build/assets/settings-D6fmM4kD.js                                 0.72 kB │ gzip:   0.34 kB
public/build/assets/textarea-C_9uu-fb.js                                 0.73 kB │ gzip:   0.47 kB
public/build/assets/meeting-workspace-links-BSKYBk34.js                  0.73 kB │ gzip:   0.40 kB
public/build/assets/brain-t87Qi4GC.js                                    0.73 kB │ gzip:   0.35 kB
public/build/assets/separator-C7fe0Vgu.js                                0.77 kB │ gzip:   0.45 kB
public/build/assets/page-shell-B7eQidXD.js                               0.77 kB │ gzip:   0.45 kB
public/build/assets/shared-DHJYl7e2.js                                   0.77 kB │ gzip:   0.40 kB
public/build/assets/shared-D3Yvwbxq.js                                   0.77 kB │ gzip:   0.39 kB
public/build/assets/_types-COV7Ht4s.js                                   0.78 kB │ gzip:   0.43 kB
public/build/assets/finance-command-results-BqAKWpvV.js                  0.78 kB │ gzip:   0.40 kB
public/build/assets/shift-row-types-DQA9BK_P.js                          0.80 kB │ gzip:   0.38 kB
public/build/assets/hr-tabs-D18B3AUm.js                                  0.81 kB │ gzip:   0.51 kB
public/build/assets/ops-stat-card-C2Tc70Rg.js                            0.81 kB │ gzip:   0.48 kB
public/build/assets/progress-BxLvrMK0.js                                 0.82 kB │ gzip:   0.54 kB
public/build/assets/skeleton-table-CmT2rwCN.js                           0.83 kB │ gzip:   0.50 kB
public/build/assets/readable-operational-state-CK8MzJI-.js               0.85 kB │ gzip:   0.45 kB
public/build/assets/boxes-CU2tuR6I.js                                    0.85 kB │ gzip:   0.40 kB
public/build/assets/wizard-DF_QPOrg.js                                   0.87 kB │ gzip:   0.55 kB
public/build/assets/wizard-NNmqhkha.js                                   0.87 kB │ gzip:   0.55 kB
public/build/assets/list-caption-hE5ckvXY.js                             0.91 kB │ gzip:   0.54 kB
public/build/assets/index-CSEUMRIG.js                                    0.92 kB │ gzip:   0.53 kB
public/build/assets/now-rule-P7hRYwwd.js                                 0.95 kB │ gzip:   0.58 kB
public/build/assets/hero-action-button-D-GVyXk8.js                       0.95 kB │ gzip:   0.55 kB
public/build/assets/page-layout-DtSKkYRB.js                              0.97 kB │ gzip:   0.56 kB
public/build/assets/governance-dialog-deep-link-DLK5tfya.js              0.98 kB │ gzip:   0.58 kB
public/build/assets/settings-tabs-CKQ5QHEJ.js                            0.99 kB │ gzip:   0.54 kB
public/build/assets/error-state-CRhvf9ul.js                              1.01 kB │ gzip:   0.62 kB
public/build/assets/use-settings-leave-confirmation-Djj7Pj99.js          1.02 kB │ gzip:   0.61 kB
public/build/assets/presence-dot-CuGnqH3Y.js                             1.04 kB │ gzip:   0.58 kB
public/build/assets/input-49RbooBa.js                                    1.05 kB │ gzip:   0.59 kB
public/build/assets/command-centre-page-BLTAiYsd.js                      1.05 kB │ gzip:   0.59 kB
public/build/assets/switch-DaGHNdhC.js                                   1.06 kB │ gzip:   0.61 kB
public/build/assets/_shared-BN-lC1nz.js                                  1.07 kB │ gzip:   0.56 kB
public/build/assets/governance-work-CPDXtwsY.js                          1.09 kB │ gzip:   0.59 kB
public/build/assets/hover-action-vLW4u2SF.js                             1.09 kB │ gzip:   0.65 kB
public/build/assets/WidgetCard-2tC8eOcV.js                               1.10 kB │ gzip:   0.62 kB
public/build/assets/micro-stats-BKNykt34.js                              1.11 kB │ gzip:   0.61 kB
public/build/assets/confetti-8ALvzRDJ.js                                 1.11 kB │ gzip:   0.65 kB
public/build/assets/avatar-D2DsKi5Y.js                                   1.14 kB │ gzip:   0.44 kB
public/build/assets/checkbox-CCxK1hxT.js                                 1.15 kB │ gzip:   0.63 kB
public/build/assets/GovernanceHomeRail-C21ALASg.js                       1.21 kB │ gzip:   0.68 kB
public/build/assets/fleet-queue-context-D0Q078zX.js                      1.22 kB │ gzip:   0.53 kB
public/build/assets/_confirm-action-ZvhXZHxH.js                          1.24 kB │ gzip:   0.70 kB
public/build/assets/wizard-stepper-OAtkKmvv.js                           1.24 kB │ gzip:   0.67 kB
public/build/assets/handover-person-notes-CbHlG0Rx.js                    1.25 kB │ gzip:   0.63 kB
public/build/assets/task-api-LDQPp0GA.js                                 1.27 kB │ gzip:   0.81 kB
public/build/assets/_types-Bdo8GrIg.js                                   1.29 kB │ gzip:   0.67 kB
public/build/assets/medication-stock-governance-C5VIWPFO.js              1.30 kB │ gzip:   0.60 kB
public/build/assets/radio-group-Dp8TpIqf.js                              1.31 kB │ gzip:   0.65 kB
public/build/assets/DiscardDraftDialog-CWlf9vu4.js                       1.32 kB │ gzip:   0.76 kB
public/build/assets/_attachments-CCO2O8l_.js                             1.32 kB │ gzip:   0.74 kB
public/build/assets/stream-grouping-DxjzPWpi.js                          1.35 kB │ gzip:   0.73 kB
public/build/assets/staff-avatar-H4FIwSI1.js                             1.35 kB │ gzip:   0.81 kB
public/build/assets/workflow-ribbon-C2rrVAwD.js                          1.35 kB │ gzip:   0.70 kB
public/build/assets/shift-status-badge-CpckAlk4.js                       1.36 kB │ gzip:   0.67 kB
public/build/assets/timesheet-status-badge-CiDbkVGs.js                   1.36 kB │ gzip:   0.66 kB
public/build/assets/fleet-queue-actions-OPjE0eb7.js                      1.37 kB │ gzip:   0.70 kB
public/build/assets/fleet-responsive-list-CgDsyRvl.js                    1.38 kB │ gzip:   0.70 kB
public/build/assets/sso-sign-in-buttons-8AhFfOrw.js                      1.40 kB │ gzip:   0.71 kB
public/build/assets/site-credentials-BC2WD9ez.js                         1.43 kB │ gzip:   0.75 kB
public/build/assets/_helpers-DwiQF0jk.js                                 1.46 kB │ gzip:   0.80 kB
public/build/assets/fleet-empty-state-B_n8Xhdk.js                        1.46 kB │ gzip:   0.77 kB
public/build/assets/journey-reference-strip-pm5NcpKt.js                  1.46 kB │ gzip:   0.81 kB
public/build/assets/GovernanceSectionRail-Dsp8tm8s.js                    1.47 kB │ gzip:   0.82 kB
public/build/assets/index-DcmOMlk_.js                                    1.50 kB │ gzip:   0.52 kB
public/build/assets/_dialogs-CdKfBzL3.js                                 1.52 kB │ gzip:   0.85 kB
public/build/assets/badge-sVjmv35H.js                                    1.53 kB │ gzip:   0.77 kB
public/build/assets/shift-types-56zpUbGx.js                              1.54 kB │ gzip:   0.78 kB
public/build/assets/performance-tabs-BGOp3z9R.js                         1.55 kB │ gzip:   0.75 kB
public/build/assets/confirm-dialog-J4vSc-od.js                           1.57 kB │ gzip:   0.86 kB
public/build/assets/mini-sparkline-D7i7f6lZ.js                           1.58 kB │ gzip:   0.91 kB
public/build/assets/verify-email-CpDRg_X4.js                             1.58 kB │ gzip:   0.85 kB
public/build/assets/date-time-field-CJWO6Cg9.js                          1.58 kB │ gzip:   0.79 kB
public/build/assets/evidence-upload-DsY9lIM6.js                          1.61 kB │ gzip:   0.83 kB
public/build/assets/status-badge-BcV9Cyb7.js                             1.61 kB │ gzip:   0.78 kB
public/build/assets/control-room-vocab-C_8Dm-Q2.js                       1.62 kB │ gzip:   0.64 kB
public/build/assets/popover-Bwbch3JK.js                                  1.64 kB │ gzip:   0.70 kB
public/build/assets/ops-charts-CfZvOWbq.js                               1.65 kB │ gzip:   0.78 kB
public/build/assets/alert-CF50OPgI.js                                    1.69 kB │ gzip:   0.74 kB
public/build/assets/alert-status-DOCKpO67.js                             1.69 kB │ gzip:   0.79 kB
public/build/assets/report-incident-dialog-ePJUhhPh.js                   1.70 kB │ gzip:   0.89 kB
public/build/assets/laravel-pagination-C6GQ66V6.js                       1.70 kB │ gzip:   0.84 kB
public/build/assets/money-L4nGavLX.js                                    1.71 kB │ gzip:   0.97 kB
public/build/assets/card-C9LxLdKv.js                                     1.77 kB │ gzip:   0.57 kB
public/build/assets/_helpers-BbY_K08I.js                                 1.77 kB │ gzip:   0.76 kB
public/build/assets/documents-tabs-4BE7C5Rx.js                           1.78 kB │ gzip:   0.93 kB
public/build/assets/api-BBPNyqfK.js                                      1.79 kB │ gzip:   0.94 kB
public/build/assets/workflow-ribbon-BAL8HXUu.js                          1.80 kB │ gzip:   0.79 kB
public/build/assets/overlay-focus-return-4ESXsuki.js                     1.82 kB │ gzip:   0.89 kB
public/build/assets/tooltip-D-a-5XaZ.js                                  1.82 kB │ gzip:   0.84 kB
public/build/assets/control-room-alert-row-actions-CrS8Ixzt.js           1.85 kB │ gzip:   0.69 kB
public/build/assets/options-BwkaeHrx.js                                  1.86 kB │ gzip:   0.72 kB
public/build/assets/my-day-list-CcRvqKRF.js                              1.86 kB │ gzip:   0.90 kB
public/build/assets/accordion-C1pAUQNc.js                                1.87 kB │ gzip:   0.85 kB
public/build/assets/journey-gate-list-DHKiyLoO.js                        1.87 kB │ gzip:   0.86 kB
public/build/assets/types-jfjKXH9i.js                                    1.89 kB │ gzip:   1.01 kB
public/build/assets/fleet-utils-Bl0sIMTe.js                              1.90 kB │ gzip:   0.72 kB
public/build/assets/_helpers-DKmoHdSJ.js                                 1.94 kB │ gzip:   1.04 kB
public/build/assets/draft-resume-prompt-Cst3lit-.js                      1.95 kB │ gzip:   1.01 kB
public/build/assets/respite-subnav-DVA95RUh.js                           2.01 kB │ gzip:   0.96 kB
public/build/assets/api-BANvMHAW.js                                      2.01 kB │ gzip:   1.14 kB
public/build/assets/handover-follow-ups-ZAgikkgJ.js                      2.02 kB │ gzip:   1.02 kB
public/build/assets/button-BUrF8eld.js                                   2.05 kB │ gzip:   0.96 kB
public/build/assets/address-autocomplete-zlQ7imwy.js                     2.07 kB │ gzip:   1.13 kB
public/build/assets/confirm-password-DRQZjkGI.js                         2.07 kB │ gzip:   1.04 kB
public/build/assets/_dialogs-C_r3sx0r.js                                 2.08 kB │ gzip:   1.10 kB
public/build/assets/governance-calendar-adapter-BoWwsrz5.js              2.10 kB │ gzip:   1.01 kB
public/build/assets/_create-recovery-B9rTHu2X.js                         2.10 kB │ gzip:   1.07 kB
public/build/assets/use-personal-location-privacy-k70ZMAas.js            2.16 kB │ gzip:   0.99 kB
public/build/assets/reports-tabs-D6S7LqI_.js                             2.17 kB │ gzip:   1.07 kB
public/build/assets/attention-panel-Cvl02hmH.js                          2.17 kB │ gzip:   0.99 kB
public/build/assets/task-step-draft-CtC4ZNaJ.js                          2.18 kB │ gzip:   1.13 kB
public/build/assets/report-header-BNkkILzo.js                            2.21 kB │ gzip:   1.16 kB
public/build/assets/payroll-hero-DA1-mbWA.js                             2.28 kB │ gzip:   1.11 kB
public/build/assets/_shared-q7ERAJ-G.js                                  2.30 kB │ gzip:   1.17 kB
public/build/assets/_memory-recovery-ydX5sLUj.js                         2.31 kB │ gzip:   1.20 kB
public/build/assets/_shared-8rW_ARXR.js                                  2.34 kB │ gzip:   1.14 kB
public/build/assets/reason-dialog-wgrIp0dQ.js                            2.34 kB │ gzip:   1.27 kB
public/build/assets/table-DHtHPBEX.js                                    2.42 kB │ gzip:   0.67 kB
public/build/assets/drills-BXqGz1ui.js                                   2.43 kB │ gzip:   1.13 kB
public/build/assets/_icons-5zsdoNyU.js                                   2.45 kB │ gzip:   1.15 kB
public/build/assets/first-aid-B8Qs5fF3.js                                2.47 kB │ gzip:   1.14 kB
public/build/assets/task-help-inbox-Bb7xurtf.js                          2.48 kB │ gzip:   1.34 kB
public/build/assets/datetime-Cj7rLFb1.js                                 2.50 kB │ gzip:   1.10 kB
public/build/assets/finance-section-rail-BQ-_dBAQ.js                     2.53 kB │ gzip:   1.28 kB
public/build/assets/fleet-header-ZeUK09Zw.js                             2.55 kB │ gzip:   1.26 kB
public/build/assets/provisioning-request-files-DXS0-Pmi.js               2.56 kB │ gzip:   1.25 kB
public/build/assets/text-prompt-dialog-CUwKFzvH.js                       2.62 kB │ gzip:   1.41 kB
public/build/assets/services-CAngb5m2.js                                 2.63 kB │ gzip:   1.20 kB
public/build/assets/shift-context-menu-Dtv15x07.js                       2.64 kB │ gzip:   1.36 kB
public/build/assets/provisioning-command-fields-4x2FBuJS.js              2.68 kB │ gzip:   1.16 kB
public/build/assets/care-plan-domains-B5f6RwpG.js                        2.69 kB │ gzip:   1.26 kB
public/build/assets/document-preview-BHYtAcrY.js                         2.70 kB │ gzip:   1.34 kB
public/build/assets/donut-chart-BjEVgtH7.js                              2.71 kB │ gzip:   1.35 kB
public/build/assets/donut-RxOXSbq7.js                                    2.74 kB │ gzip:   1.38 kB
public/build/assets/index-BjmjDcUN.js                                    2.76 kB │ gzip:   0.71 kB
public/build/assets/status-badge-3QlJuqdd.js                             2.76 kB │ gzip:   1.29 kB
public/build/assets/readiness-CzSMlMI8.js                                2.79 kB │ gzip:   1.36 kB
public/build/assets/financials-BDBnFgx4.js                               2.80 kB │ gzip:   1.36 kB
public/build/assets/safety-register-BKJ-5AyU.js                          2.83 kB │ gzip:   1.33 kB
public/build/assets/ppe-CagNfOTG.js                                      2.84 kB │ gzip:   1.10 kB
public/build/assets/register-row-kit-DYBAbrfL.js                         2.86 kB │ gzip:   1.16 kB
public/build/assets/map-model-CnDd3cpK.js                                2.86 kB │ gzip:   1.36 kB
public/build/assets/lifecycle-tabs-DdPdHSiU.js                           2.88 kB │ gzip:   1.48 kB
public/build/assets/_tabs-BezdHoNk.js                                    2.90 kB │ gzip:   1.48 kB
public/build/assets/_note-category-picker-Dk4ZcRer.js                    2.92 kB │ gzip:   1.38 kB
public/build/assets/use-create-shift-launcher-xLBUjJIZ.js                2.92 kB │ gzip:   1.43 kB
public/build/assets/use-form-autosave-D7fwkWjf.js                        2.92 kB │ gzip:   1.46 kB
public/build/assets/toolbar-CDEhrmx3.js                                  2.92 kB │ gzip:   1.40 kB
public/build/assets/hs-detail-dialog-DaIlpfcz.js                         2.93 kB │ gzip:   1.33 kB
public/build/assets/notification-catalog-DveZKd9k.js                     2.96 kB │ gzip:   0.93 kB
public/build/assets/forgot-password-qCLO5qzW.js                          2.99 kB │ gzip:   1.43 kB
public/build/assets/auth-layout-CZtzJmh4.js                              3.03 kB │ gzip:   1.37 kB
public/build/assets/report-launcher-CULaBfUZ.js                          3.03 kB │ gzip:   1.51 kB
public/build/assets/tab-strip-DCVvvm08.js                                3.03 kB │ gzip:   1.38 kB
public/build/assets/lifecycle-dialog-Bb8fh3u3.js                         3.05 kB │ gzip:   1.55 kB
public/build/assets/_overview-map-card-ByNZpIwf.js                       3.06 kB │ gzip:   1.48 kB
public/build/assets/provisioning-manual-dialog-Fvy_hari.js               3.06 kB │ gzip:   1.53 kB
public/build/assets/reset-password-CZrE74WN.js                           3.08 kB │ gzip:   1.25 kB
public/build/assets/start-reconciliation-dialog-BBuB0bw9.js              3.11 kB │ gzip:   1.29 kB
public/build/assets/two-factor-challenge-BkrlUzV4.js                     3.13 kB │ gzip:   1.47 kB
public/build/assets/dictate-button-ClNERGVt.js                           3.14 kB │ gzip:   1.60 kB
public/build/assets/use-specialist-form-defaults-DgMCsaoN.js             3.14 kB │ gzip:   1.56 kB
public/build/assets/client-edit-dialog-BEnXllM4.js                       3.16 kB │ gzip:   1.57 kB
public/build/assets/record-care-actions-DAJcmD6b.js                      3.18 kB │ gzip:   1.40 kB
public/build/assets/document-library-kit-CJVzrYBn.js                     3.19 kB │ gzip:   1.08 kB
public/build/assets/risk-assessments-D2YNuCYb.js                         3.21 kB │ gzip:   1.54 kB
public/build/assets/add-evidence-dialog-BHRoUmff.js                      3.21 kB │ gzip:   1.65 kB
public/build/assets/recorded-detail-dialog-BeJDE6Gb.js                   3.22 kB │ gzip:   1.59 kB
public/build/assets/control-room-row-actions-_9GsFjQJ.js                 3.31 kB │ gzip:   1.49 kB
public/build/assets/_dialogs-DnGrBiak.js                                 3.32 kB │ gzip:   1.44 kB
public/build/assets/_ui-ZFn8bpvJ.js                                      3.33 kB │ gzip:   1.78 kB
public/build/assets/leave-context-menu-DLPvYjQP.js                       3.33 kB │ gzip:   1.64 kB
public/build/assets/row-context-menu-BuvIqrKq.js                         3.33 kB │ gzip:   1.64 kB
public/build/assets/_context-menu-CeQQh61p.js                            3.33 kB │ gzip:   1.60 kB
public/build/assets/fleet-compact-hero-C_eN41WT.js                       3.33 kB │ gzip:   1.45 kB
public/build/assets/remote-picker-DKtNMMIs.js                            3.33 kB │ gzip:   1.68 kB
public/build/assets/compensation-tabs-BZarGyWz.js                        3.34 kB │ gzip:   1.62 kB
public/build/assets/hs-hero-kit-nVPppJOt.js                              3.36 kB │ gzip:   1.54 kB
public/build/assets/task-steps-DQaPMUKZ.js                               3.38 kB │ gzip:   1.58 kB
public/build/assets/shift-med-snapshot-Djf6OYcF.js                       3.39 kB │ gzip:   1.36 kB
public/build/assets/device-profile-navigation-JX7hRtoe.js                3.40 kB │ gzip:   1.66 kB
public/build/assets/record-command-yYGGR25c.js                           3.41 kB │ gzip:   1.60 kB
public/build/assets/inspections-Bcu0qHuq.js                              3.42 kB │ gzip:   1.39 kB
public/build/assets/ra-register-section-CRpDyIK_.js                      3.46 kB │ gzip:   1.76 kB
public/build/assets/command-Owesa7fm.js                                  3.47 kB │ gzip:   1.06 kB
public/build/assets/shift-context-menu-D0DgSK9K.js                       3.49 kB │ gzip:   1.66 kB
public/build/assets/posting-preview-BLWC2TSD.js                          3.51 kB │ gzip:   1.53 kB
public/build/assets/_emergency-checklist-BJo0iBXw.js                     3.52 kB │ gzip:   1.53 kB
public/build/assets/handover-context-menu-C7ZhFrwu.js                    3.55 kB │ gzip:   1.54 kB
public/build/assets/_readiness-panel-CuI9dm47.js                         3.59 kB │ gzip:   1.64 kB
public/build/assets/checklists-CxmjNaYB.js                               3.59 kB │ gzip:   1.70 kB
public/build/assets/checks-model-BpbAC4Rm.js                             3.63 kB │ gzip:   1.63 kB
public/build/assets/journey-term-help-lhprfoGl.js                        3.64 kB │ gzip:   1.45 kB
public/build/assets/my-provisioning-list-GUPZ5pkT.js                     3.67 kB │ gzip:   1.70 kB
public/build/assets/site-profile-states-CZStTU3X.js                      3.69 kB │ gzip:   1.45 kB
public/build/assets/alert-dialog-OTHUAeuL.js                             3.76 kB │ gzip:   1.10 kB
public/build/assets/queue-kit-bBkDhnms.js                                3.77 kB │ gzip:   1.81 kB
public/build/assets/resolution-voting-Bpa7_z73.js                        3.78 kB │ gzip:   1.69 kB
public/build/assets/_geometry-Dx1kFP0e.js                                3.80 kB │ gzip:   1.60 kB
public/build/assets/search-select-CQmpJU17.js                            3.85 kB │ gzip:   1.85 kB
public/build/assets/configured-questions-BkBwhLDi.js                     3.86 kB │ gzip:   1.82 kB
public/build/assets/register-tfg41HBo.js                                 3.88 kB │ gzip:   1.46 kB
public/build/assets/MedicationScanVerificationPanel-VOEF5ECc.js          3.89 kB │ gzip:   1.61 kB
public/build/assets/task-detail-dialog-DP2C2PlJ.js                       3.90 kB │ gzip:   1.78 kB
public/build/assets/reference-questionnaire-GWlA5zf0.js                  3.94 kB │ gzip:   1.82 kB
public/build/assets/ticket-version-conflict-Dg3istwm.js                  3.96 kB │ gzip:   1.80 kB
public/build/assets/shift-timeline-summary-AdLgMeQZ.js                   3.99 kB │ gzip:   1.66 kB
public/build/assets/login-Bi2sOW62.js                                    4.01 kB │ gzip:   1.72 kB
public/build/assets/governed-location-export-dialog-QW0XwSxE.js          4.01 kB │ gzip:   1.96 kB
public/build/assets/shared-tq-e5_Vo.js                                   4.01 kB │ gzip:   1.96 kB
public/build/assets/finance-period-filter-Cp-2mjG3.js                    4.02 kB │ gzip:   1.91 kB
public/build/assets/shift-summary-D96vVE28.js                            4.07 kB │ gzip:   1.68 kB
public/build/assets/edit-Cpu8eNIc.js                                     4.08 kB │ gzip:   1.80 kB
public/build/assets/calendar-Jp1BzLmk.js                                 4.10 kB │ gzip:   1.82 kB
public/build/assets/workspace-model-CTDC_Qgb.js                          4.10 kB │ gzip:   1.78 kB
public/build/assets/index-Bpzl9rqK.js                                    4.13 kB │ gzip:   0.83 kB
public/build/assets/entity-cells-yOj2t5Wh.js                             4.13 kB │ gzip:   1.64 kB
public/build/assets/use-two-factor-auth-BCpAL2Sh.js                      4.15 kB │ gzip:   1.78 kB
public/build/assets/_site-geofence-dialog-dxDouD6K.js                    4.15 kB │ gzip:   2.00 kB
public/build/assets/empty-state-BBpb_hIh.js                              4.18 kB │ gzip:   1.85 kB
public/build/assets/board-bits-DFxBzXYc.js                               4.19 kB │ gzip:   1.57 kB
public/build/assets/address-search-eHjj2Jcp.js                           4.20 kB │ gzip:   1.87 kB
public/build/assets/specialist-record-list-BaouZOtk.js                   4.23 kB │ gzip:   1.98 kB
public/build/assets/hazards-8kK9GujR.js                                  4.24 kB │ gzip:   1.95 kB
public/build/assets/estate-operations-C_qUiaNJ.js                        4.29 kB │ gzip:   1.72 kB
public/build/assets/generate-rounds-modal-DUCMjujh.js                    4.33 kB │ gzip:   2.11 kB
public/build/assets/wizard-fields-CYqCvwRp.js                            4.34 kB │ gzip:   1.89 kB
public/build/assets/first-aid-tab-xadRot-i.js                            4.34 kB │ gzip:   1.78 kB
public/build/assets/documents-vVOOt5OV.js                                4.37 kB │ gzip:   1.93 kB
public/build/assets/assets-Bg1NI22F.js                                   4.37 kB │ gzip:   1.73 kB
public/build/assets/login-QOSYpiPr.js                                    4.37 kB │ gzip:   1.85 kB
public/build/assets/privacy-shared-BQcjei9_.js                           4.39 kB │ gzip:   1.65 kB
public/build/assets/_shared-C1u5mOqW.js                                  4.41 kB │ gzip:   1.90 kB
public/build/assets/_dialogs-BhN7DOqx.js                                 4.43 kB │ gzip:   1.80 kB
public/build/assets/shift-audit-timeline-WjNEPm0R.js                     4.49 kB │ gzip:   1.82 kB
public/build/assets/shared-DllCGwXH.js                                   4.50 kB │ gzip:   1.74 kB
public/build/assets/applicable-procedures-panel-BD9N_cir.js              4.52 kB │ gzip:   1.76 kB
public/build/assets/presentation-BpQKQhuM.js                             4.53 kB │ gzip:   1.82 kB
public/build/assets/task-help-DRnLJZiK.js                                4.61 kB │ gzip:   1.95 kB
public/build/assets/client-clinical-launchers-BFcRpfMA.js                4.62 kB │ gzip:   2.11 kB
public/build/assets/meal-planner-B5F2_LZ9.js                             4.69 kB │ gzip:   2.20 kB
public/build/assets/incidents-tab-BUyq3fbS.js                            4.72 kB │ gzip:   1.85 kB
public/build/assets/_dialogs-cmnPtBul.js                                 4.75 kB │ gzip:   2.18 kB
public/build/assets/donut-card-BwnfSjei.js                               4.76 kB │ gzip:   2.08 kB
public/build/assets/control-room-workspace-hero-BvpphLWP.js              4.76 kB │ gzip:   2.26 kB
public/build/assets/Create-DHr_itxW.js                                   4.77 kB │ gzip:   2.14 kB
public/build/assets/dialog-D8phjHvj.js                                   4.80 kB │ gzip:   1.64 kB
public/build/assets/_asset-dialogs-2wtm05ih.js                           4.83 kB │ gzip:   2.30 kB
public/build/assets/AgedPayables-BO5cFQkZ.js                             4.84 kB │ gzip:   2.17 kB
public/build/assets/AgedReceivables-Cd_Pt0bA.js                          4.84 kB │ gzip:   2.17 kB
public/build/assets/date-picker-D_sh4cau.js                              4.85 kB │ gzip:   2.22 kB
public/build/assets/calendar-range-BVPZOjGM.js                           4.88 kB │ gzip:   2.28 kB
public/build/assets/entity-filter-BZE-76nd.js                            4.89 kB │ gzip:   2.28 kB
public/build/assets/permission-destinations-ep9kWpzR.js                  4.93 kB │ gzip:   1.12 kB
public/build/assets/page-tabs-CvLbTDcI.js                                4.94 kB │ gzip:   2.03 kB
public/build/assets/Edit-Dh5iwvmj.js                                     4.96 kB │ gzip:   2.27 kB
public/build/assets/_dialogs-BLonP5MZ.js                                 4.97 kB │ gzip:   2.33 kB
public/build/assets/hardware-CEW1ftzS.js                                 4.97 kB │ gzip:   2.18 kB
public/build/assets/whats-next-rail-BgHO8qnV.js                          4.99 kB │ gzip:   2.37 kB
public/build/assets/concern-BJ7ydRYg.js                                  5.01 kB │ gzip:   2.30 kB
public/build/assets/_dialogs-Cw_L8vJI.js                                 5.03 kB │ gzip:   2.02 kB
public/build/assets/leave-calendar-range-BkmhjEO_.js                     5.04 kB │ gzip:   2.26 kB
public/build/assets/_dialogs-DLicksAf.js                                 5.08 kB │ gzip:   2.36 kB
public/build/assets/_dialogs-CaO8kwSX.js                                 5.10 kB │ gzip:   2.37 kB
public/build/assets/client-safety-ribbon-662Dsm3y.js                     5.10 kB │ gzip:   2.24 kB
public/build/assets/_evidence-DFDLJzo9.js                                5.17 kB │ gzip:   2.18 kB
public/build/assets/prn-effect-dialog-4mkcZBaK.js                        5.19 kB │ gzip:   2.27 kB
public/build/assets/fleet-navigation-BVOBO0Uy.js                         5.19 kB │ gzip:   1.90 kB
public/build/assets/shared-clLw4otj.js                                   5.20 kB │ gzip:   2.04 kB
public/build/assets/qr-reader-DF08-mP-.js                                5.20 kB │ gzip:   2.28 kB
public/build/assets/show-1H4XGNay.js                                     5.20 kB │ gzip:   2.40 kB
public/build/assets/day-picker-chip-BOfe73nW.js                          5.21 kB │ gzip:   2.23 kB
public/build/assets/list-view-Dw0aIi0o.js                                5.22 kB │ gzip:   1.83 kB
public/build/assets/before-you-finish-D1Q_t-Ds.js                        5.25 kB │ gzip:   2.13 kB
public/build/assets/Placeholder-C7WJSq2p.js                              5.28 kB │ gzip:   2.47 kB
public/build/assets/wizard-shell-D_LMRsv6.js                             5.31 kB │ gzip:   2.31 kB
public/build/assets/plan-Cau3J3F-.js                                     5.31 kB │ gzip:   2.36 kB
public/build/assets/application-status-DeDzh8Tz.js                       5.31 kB │ gzip:   2.16 kB
public/build/assets/care-plan-domains-builder-B0wHz3NT.js                5.33 kB │ gzip:   2.07 kB
public/build/assets/shared-CmyqTydH.js                                   5.34 kB │ gzip:   2.38 kB
public/build/assets/entity-menu-CjTKkwlR.js                              5.35 kB │ gzip:   2.46 kB
public/build/assets/paperwork-panel-Bv4zdE_z.js                          5.38 kB │ gzip:   2.33 kB
public/build/assets/index-DiMfizQ_.js                                    5.40 kB │ gzip:   2.40 kB
public/build/assets/contacts-i0pZEmPo.js                                 5.42 kB │ gzip:   2.31 kB
public/build/assets/_thumbnail-B3gNfnWY.js                               5.43 kB │ gzip:   2.56 kB
public/build/assets/show-B3KsQ3bG.js                                     5.46 kB │ gzip:   2.42 kB
public/build/assets/fleet-charts-BD3Cp0FY.js                             5.50 kB │ gzip:   2.46 kB
public/build/assets/date-popover-DPxGi5RV.js                             5.60 kB │ gzip:   2.41 kB
public/build/assets/audit-log-modal-xCgWoIzp.js                          5.60 kB │ gzip:   2.51 kB
public/build/assets/show-BU_R2EVn.js                                     5.61 kB │ gzip:   2.56 kB
public/build/assets/show-DidTSH7I.js                                     5.62 kB │ gzip:   2.38 kB
public/build/assets/global-vnE1HddY.js                                   5.63 kB │ gzip:   2.51 kB
public/build/assets/Index-Br2WdYLD.js                                    5.63 kB │ gzip:   2.53 kB
public/build/assets/show-CPta1dFl.js                                     5.63 kB │ gzip:   2.35 kB
public/build/assets/medication-review-modal-BOneZrD5.js                  5.64 kB │ gzip:   2.55 kB
public/build/assets/index-CLpMLhUR.js                                    5.71 kB │ gzip:   2.53 kB
public/build/assets/complete-obligation-dialog-xESAZNKH.js               5.76 kB │ gzip:   2.56 kB
public/build/assets/rhythms-routines-qZZLbzWJ.js                         5.79 kB │ gzip:   2.63 kB
public/build/assets/index-CyQjHPlK.js                                    5.83 kB │ gzip:   2.60 kB
public/build/assets/select-CQOyx2UA.js                                   5.86 kB │ gzip:   1.90 kB
public/build/assets/multi-entity-filter-WNPxRxnm.js                      5.86 kB │ gzip:   2.62 kB
public/build/assets/_shared-DQgQPZi6.js                                  5.88 kB │ gzip:   2.59 kB
public/build/assets/dropdown-menu-DX_FaTQj.js                            5.88 kB │ gzip:   1.65 kB
public/build/assets/stat-tile-DcEOif3_.js                                5.89 kB │ gzip:   2.51 kB
public/build/assets/Calendar-BBFfbeFV.js                                 5.90 kB │ gzip:   2.68 kB
public/build/assets/index-eWpYt6_0.js                                    5.91 kB │ gzip:   2.70 kB
public/build/assets/GovernanceAttachmentsPanel-0FvkjF8U.js               5.91 kB │ gzip:   2.49 kB
public/build/assets/entity-table-BLzeHvj_.js                             5.92 kB │ gzip:   2.47 kB
public/build/assets/_helpers-CSpS9hrL.js                                 5.94 kB │ gzip:   2.44 kB
public/build/assets/compliance-bits-CPBFCQyK.js                          6.02 kB │ gzip:   2.53 kB
public/build/assets/index-S0McZesM.js                                    6.03 kB │ gzip:   2.78 kB
public/build/assets/report-page-Bjg6EN61.js                              6.03 kB │ gzip:   2.83 kB
public/build/assets/link-client-dialog-WYg_tIs0.js                       6.06 kB │ gzip:   2.58 kB
public/build/assets/audit-DTBIkgvj.js                                    6.07 kB │ gzip:   2.73 kB
public/build/assets/stream-context-menu-DlkvbR8X.js                      6.08 kB │ gzip:   2.79 kB
public/build/assets/index-CjG4MP61.js                                    6.08 kB │ gzip:   2.63 kB
public/build/assets/index-zNegU8jR.js                                    6.10 kB │ gzip:   2.77 kB
public/build/assets/food-meal-DWGTcXzO.js                                6.12 kB │ gzip:   2.10 kB
public/build/assets/compliance-hub-header-BgRggTU8.js                    6.22 kB │ gzip:   2.75 kB
public/build/assets/BoardMonthly-BgMgf5JH.js                             6.22 kB │ gzip:   2.88 kB
public/build/assets/index-9LJ69zGE.js                                    6.23 kB │ gzip:   2.84 kB
public/build/assets/with-concerns-JldYohWt.js                            6.23 kB │ gzip:   2.78 kB
public/build/assets/with-incidents-kjnCu-6Z.js                           6.24 kB │ gzip:   2.77 kB
public/build/assets/controls-COffPoXe.js                                 6.26 kB │ gzip:   2.87 kB
public/build/assets/show-CYGA60FV.js                                     6.26 kB │ gzip:   2.84 kB
public/build/assets/index-DRb3vdgB.js                                    6.26 kB │ gzip:   2.79 kB
public/build/assets/_map-tools-DSYR1l3O.js                               6.27 kB │ gzip:   2.95 kB
public/build/assets/recognition-wizard-2Z15ZUhx.js                       6.27 kB │ gzip:   2.43 kB
public/build/assets/index-M3QMUrpo.js                                    6.31 kB │ gzip:   2.83 kB
public/build/assets/emergency-plan-CILyAIQe.js                           6.31 kB │ gzip:   2.83 kB
public/build/assets/show-t-VOvgkr.js                                     6.34 kB │ gzip:   2.53 kB
public/build/assets/quick-note-dialog-DCmxD2pC.js                        6.36 kB │ gzip:   2.65 kB
public/build/assets/use-my-day-labels-Cu-spPls.js                        6.38 kB │ gzip:   2.60 kB
public/build/assets/stock-movement-modal-Png4Linq.js                     6.40 kB │ gzip:   2.61 kB
public/build/assets/Calendar-C5DShBnr.js                                 6.40 kB │ gzip:   2.89 kB
public/build/assets/index-BpLVsMQv.js                                    6.40 kB │ gzip:   2.83 kB
public/build/assets/offer-response-CcVq0UQf.js                           6.41 kB │ gzip:   2.61 kB
public/build/assets/for-stay-BvNCuCtS.js                                 6.41 kB │ gzip:   2.83 kB
public/build/assets/compensation-hero-hmQZ5MWC.js                        6.42 kB │ gzip:   2.49 kB
public/build/assets/entity-card-Gz9THG5O.js                              6.42 kB │ gzip:   2.74 kB
public/build/assets/create-DHH5L8P9.js                                   6.43 kB │ gzip:   2.66 kB
public/build/assets/report-BLUmOO_-.js                                   6.45 kB │ gzip:   2.94 kB
public/build/assets/show-CL0Rw4YG.js                                     6.45 kB │ gzip:   2.87 kB
public/build/assets/Create-kvFfJebJ.js                                   6.49 kB │ gzip:   2.97 kB
public/build/assets/auto-rule-builder-BgpsLXoA.js                        6.50 kB │ gzip:   2.42 kB
public/build/assets/tabs-Bi7P0KWo.js                                     6.50 kB │ gzip:   2.68 kB
public/build/assets/list-view-Cw0g2yjN.js                                6.53 kB │ gzip:   2.37 kB
public/build/assets/clients-CJL74z9l.js                                  6.54 kB │ gzip:   2.77 kB
public/build/assets/overdue-MlIr1bF9.js                                  6.55 kB │ gzip:   2.87 kB
public/build/assets/studio-library-BoTqHJcS.js                           6.56 kB │ gzip:   2.68 kB
public/build/assets/ppe-shared-qXqngP53.js                               6.56 kB │ gzip:   2.64 kB
public/build/assets/trend-charts-C0Y6eBpp.js                             6.57 kB │ gzip:   2.54 kB
public/build/assets/unacknowledged-CrrfhvZ4.js                           6.59 kB │ gzip:   2.86 kB
public/build/assets/actions-reviews-i33xfga9.js                          6.59 kB │ gzip:   2.68 kB
public/build/assets/overdue-BEjPFXTS.js                                  6.59 kB │ gzip:   2.87 kB
public/build/assets/my-active-DyVT-ULW.js                                6.60 kB │ gzip:   2.93 kB
public/build/assets/Create-BWLhLfK8.js                                   6.62 kB │ gzip:   2.98 kB
public/build/assets/sortable.esm-TrASzQ3t.js                             6.64 kB │ gzip:   2.78 kB
public/build/assets/maps-usage-B7G8cgwG.js                               6.67 kB │ gzip:   2.93 kB
public/build/assets/_workspace-CPT9_mAi.js                               6.70 kB │ gzip:   2.73 kB
public/build/assets/policy-summary-DgKGFQiy.js                           6.71 kB │ gzip:   3.15 kB
public/build/assets/_registers-BawHZDyT.js                               6.75 kB │ gzip:   2.64 kB
public/build/assets/meal-planner-CtHN7GgM.js                             6.76 kB │ gzip:   3.02 kB
public/build/assets/shift-calendar-view-C0bMsHGj.js                      6.78 kB │ gzip:   2.74 kB
public/build/assets/for-client-CKGMTvD1.js                               6.79 kB │ gzip:   2.95 kB
public/build/assets/index-BKuL1aI8.js                                    6.82 kB │ gzip:   1.08 kB
public/build/assets/handover-rail-DwXSjpQF.js                            6.82 kB │ gzip:   2.89 kB
public/build/assets/record-batch-wizard-CY8yINQO.js                      6.83 kB │ gzip:   3.18 kB
public/build/assets/clock-in-wizard-BWhcny3T.js                          6.88 kB │ gzip:   2.93 kB
public/build/assets/board-view-D61YAndz.js                               6.89 kB │ gzip:   2.72 kB
public/build/assets/day-work-list-D081tdrb.js                            6.91 kB │ gzip:   2.82 kB
public/build/assets/needing-acknowledgment-Dmgl3T4v.js                   6.91 kB │ gzip:   2.94 kB
public/build/assets/for-stay-Cq77pHRg.js                                 6.93 kB │ gzip:   3.06 kB
public/build/assets/index-CXsQRZAJ.js                                    6.94 kB │ gzip:   2.81 kB
public/build/assets/checklist-trends-D95L_FV3.js                         6.95 kB │ gzip:   3.01 kB
public/build/assets/assignments-pcbItRfr.js                              6.96 kB │ gzip:   3.28 kB
public/build/assets/_dialogs-CpJ73Y1D.js                                 7.01 kB │ gzip:   3.22 kB
public/build/assets/for-stay-C3OdHz3f.js                                 7.04 kB │ gzip:   3.14 kB
public/build/assets/_header-BPynLb5b.js                                  7.05 kB │ gzip:   3.27 kB
public/build/assets/alert-worklist-vehD0tQB.js                           7.05 kB │ gzip:   2.65 kB
public/build/assets/fleet-hero-kit-DqaDr9jo.js                           7.11 kB │ gzip:   2.85 kB
public/build/assets/my-tasks-DtvyMge_.js                                 7.12 kB │ gzip:   3.12 kB
public/build/assets/show-o2q__IHa.js                                     7.13 kB │ gzip:   3.28 kB
public/build/assets/reports-modal-CBIn2UEM.js                            7.13 kB │ gzip:   2.96 kB
public/build/assets/agreements-DOdBHhfe.js                               7.15 kB │ gzip:   3.31 kB
public/build/assets/combined-BYTPxra1.js                                 7.15 kB │ gzip:   3.06 kB
public/build/assets/monitoring-incident-evidence-card-PylHufCx.js        7.16 kB │ gzip:   2.51 kB
public/build/assets/awaiting-approval-DMi1o37C.js                        7.16 kB │ gzip:   3.07 kB
public/build/assets/fix-clock-out-wizard-CKetiMYN.js                     7.18 kB │ gzip:   3.06 kB
public/build/assets/_dialogs-DkloCUWT.js                                 7.19 kB │ gzip:   3.02 kB
public/build/assets/_dialogs-DeuRZL0Z.js                                 7.19 kB │ gzip:   3.07 kB
public/build/assets/index-h4OTHHCm.js                                    7.20 kB │ gzip:   3.08 kB
public/build/assets/Index-QDQi9pcd.js                                    7.21 kB │ gzip:   3.10 kB
public/build/assets/map-model-W3TdKm_Q.js                                7.21 kB │ gzip:   3.07 kB
public/build/assets/assets-D3G7N3pZ.js                                   7.21 kB │ gzip:   3.01 kB
public/build/assets/leave-excursions-B08eZcAN.js                         7.21 kB │ gzip:   2.39 kB
public/build/assets/checklist-CLzitUf2.js                                7.22 kB │ gzip:   3.14 kB
public/build/assets/location-workspace-BSmbCQEC.js                       7.23 kB │ gzip:   3.08 kB
public/build/assets/Calendar-DYOI0cnd.js                                 7.24 kB │ gzip:   3.22 kB
public/build/assets/Show-DU1MOYjL.js                                     7.25 kB │ gzip:   2.98 kB
public/build/assets/Index-BuqcD12O.js                                    7.27 kB │ gzip:   3.08 kB
public/build/assets/Show-CzZglmPA.js                                     7.29 kB │ gzip:   3.10 kB
public/build/assets/new-journal-dialog-BequsJzx.js                       7.31 kB │ gzip:   2.69 kB
public/build/assets/respite-B4yJ1Imm.js                                  7.31 kB │ gzip:   2.81 kB
public/build/assets/preferences-FmoEXB0S.js                              7.33 kB │ gzip:   3.28 kB
public/build/assets/people-picker-BUQInhGm.js                            7.35 kB │ gzip:   3.14 kB
public/build/assets/review-CkK4vHRb.js                                   7.36 kB │ gzip:   3.14 kB
public/build/assets/provisioning-picker-DDkUWAiL.js                      7.39 kB │ gzip:   3.29 kB
public/build/assets/_review-dialog-B3fr7iSn.js                           7.47 kB │ gzip:   3.12 kB
public/build/assets/index-DkNeNWJx.js                                    7.52 kB │ gzip:   3.18 kB
public/build/assets/index-DN5eIUhP.js                                    7.52 kB │ gzip:   3.18 kB
public/build/assets/_dialogs-CK3AxTou.js                                 7.53 kB │ gzip:   2.48 kB
public/build/assets/create-BGTNkX37.js                                   7.55 kB │ gzip:   3.30 kB
public/build/assets/Edit-CXDlfHoI.js                                     7.55 kB │ gzip:   3.24 kB
public/build/assets/create-D1-iGgkO.js                                   7.56 kB │ gzip:   3.18 kB
public/build/assets/compliance-hero-BCDkCDlV.js                          7.56 kB │ gzip:   2.61 kB
public/build/assets/shared-ByElS1m7.js                                   7.61 kB │ gzip:   3.04 kB
public/build/assets/payroll-adjustments-DDr69n-F.js                      7.72 kB │ gzip:   3.11 kB
public/build/assets/location-navigator-CXMvr4Wx.js                       7.75 kB │ gzip:   2.64 kB
public/build/assets/report-error-modal-gSxPoYY_.js                       7.76 kB │ gzip:   3.27 kB
public/build/assets/communication-notes-DNUYkxQG.js                      7.79 kB │ gzip:   3.17 kB
public/build/assets/deletion-logs-BcEPyQGV.js                            7.79 kB │ gzip:   3.37 kB
public/build/assets/show-DJiaI2bw.js                                     7.84 kB │ gzip:   3.17 kB
public/build/assets/for-stay-BWxHJKQS.js                                 7.88 kB │ gzip:   3.29 kB
public/build/assets/index-C2aqdcbh.js                                    7.90 kB │ gzip:   3.27 kB
public/build/assets/assignments-CF_lEaSp.js                              7.91 kB │ gzip:   3.60 kB
public/build/assets/medical-simple-C-ZiLTN_.js                           7.94 kB │ gzip:   3.47 kB
public/build/assets/daily-note-entry-Cr--naqr.js                         7.97 kB │ gzip:   3.03 kB
public/build/assets/history-index-BJPvQHo3.js                            8.00 kB │ gzip:   3.52 kB
public/build/assets/Submissions-oMDys3G8.js                              8.01 kB │ gzip:   3.73 kB
public/build/assets/pending-CAltY2pr.js                                  8.06 kB │ gzip:   3.44 kB
public/build/assets/index-C8WT_HgJ.js                                    8.07 kB │ gzip:   3.40 kB
public/build/assets/file-dropzone-D7hramJa.js                            8.08 kB │ gzip:   3.49 kB
public/build/assets/show-DTKMyJFa.js                                     8.10 kB │ gzip:   3.56 kB
public/build/assets/audit-history-dtnh_MYB.js                            8.13 kB │ gzip:   3.26 kB
public/build/assets/from-resolution-Dtm5PNGR.js                          8.15 kB │ gzip:   3.61 kB
public/build/assets/_tool-palette-B8QLF2jj.js                            8.20 kB │ gzip:   2.99 kB
public/build/assets/shoutouts-DZHmzGme.js                                8.24 kB │ gzip:   3.59 kB
public/build/assets/notifications-DMf5DYv4.js                            8.25 kB │ gzip:   3.63 kB
public/build/assets/file-preview-dialog-BTEvek56.js                      8.26 kB │ gzip:   3.55 kB
public/build/assets/work-schedule-DKnmGllv.js                            8.26 kB │ gzip:   3.42 kB
public/build/assets/availability-BCbooJgc.js                             8.39 kB │ gzip:   3.71 kB
public/build/assets/round-template-dialog-DMN9xU6u.js                    8.39 kB │ gzip:   3.49 kB
public/build/assets/shell-iri3_yVo.js                                    8.42 kB │ gzip:   3.06 kB
public/build/assets/reassign-dialog-BvIeuMla.js                          8.42 kB │ gzip:   3.60 kB
public/build/assets/index-Dlg97wMc.js                                    8.44 kB │ gzip:   1.27 kB
public/build/assets/index-Wh6ltiYv.js                                    8.45 kB │ gzip:   3.20 kB
public/build/assets/incidents-WlU7zrzR.js                                8.47 kB │ gzip:   3.38 kB
public/build/assets/form-wizard-BFXYcbh9.js                              8.49 kB │ gzip:   3.49 kB
public/build/assets/my-day-header-ET8mkE67.js                            8.50 kB │ gzip:   3.70 kB
public/build/assets/password-DWO3TGZu.js                                 8.51 kB │ gzip:   3.39 kB
public/build/assets/attestations-z6H_qFbd.js                             8.52 kB │ gzip:   3.68 kB
public/build/assets/_dialogs-DqyxH2ib.js                                 8.57 kB │ gzip:   3.32 kB
public/build/assets/index-CuuwrIhI.js                                    8.60 kB │ gzip:   1.25 kB
public/build/assets/primitives-BYqa0Ymt.js                               8.69 kB │ gzip:   3.26 kB
public/build/assets/bank-account-dialog-orst8PZO.js                      8.70 kB │ gzip:   3.38 kB
public/build/assets/new-account-dialog-CM6pMzeu.js                       8.74 kB │ gzip:   3.40 kB
public/build/assets/asset-condition-CEUWFuLF.js                          8.74 kB │ gzip:   3.50 kB
public/build/assets/credentials-3dQaUX2l.js                              8.75 kB │ gzip:   3.58 kB
public/build/assets/settings-C78AbiqL.js                                 8.76 kB │ gzip:   3.79 kB
public/build/assets/personal-entry-dialog-Dwi6hngW.js                    8.79 kB │ gzip:   3.29 kB
public/build/assets/index-Bp6a9dLS.js                                    8.80 kB │ gzip:   3.75 kB
public/build/assets/index-DtaLTdRj.js                                    8.80 kB │ gzip:   3.76 kB
public/build/assets/add-medication-modal-BTtOc2gq.js                     8.87 kB │ gzip:   3.64 kB
public/build/assets/show-ejukl42e.js                                     8.94 kB │ gzip:   3.06 kB
public/build/assets/timeline-interactions-CbTDyJea.js                    8.96 kB │ gzip:   3.62 kB
public/build/assets/show-CLeIDVaJ.js                                     8.99 kB │ gzip:   4.01 kB
public/build/assets/overdue-actions-Cj_gk8VC.js                          9.03 kB │ gzip:   3.75 kB
public/build/assets/fleet-DTxnWyoM.js                                    9.05 kB │ gzip:   3.16 kB
public/build/assets/Index-BHxMJfK-.js                                    9.07 kB │ gzip:   3.85 kB
public/build/assets/hero-kit-BAKe_6_S.js                                 9.08 kB │ gzip:   2.98 kB
public/build/assets/assess-BFWzrS4U.js                                   9.15 kB │ gzip:   3.80 kB
public/build/assets/Index-RMhic_2i.js                                    9.16 kB │ gzip:   3.93 kB
public/build/assets/index-rT-zUAT0.js                                    9.17 kB │ gzip:   3.82 kB
public/build/assets/ClientTrends-BXH7KJh1.js                             9.18 kB │ gzip:   3.93 kB
public/build/assets/file-BG-VoD1b.js                                     9.20 kB │ gzip:   3.90 kB
public/build/assets/record-4l8BcoDC.js                                   9.24 kB │ gzip:   4.16 kB
public/build/assets/Index-23HvACGC.js                                    9.29 kB │ gzip:   3.71 kB
public/build/assets/note-rail-BDWYyaR-.js                                9.29 kB │ gzip:   3.54 kB
public/build/assets/index-DC7-g9Jw.js                                    9.31 kB │ gzip:   3.97 kB
public/build/assets/index-7h65JGzG.js                                    9.31 kB │ gzip:   3.66 kB
public/build/assets/index-DZ-wJnPS.js                                    9.32 kB │ gzip:   4.05 kB
public/build/assets/shift-show-redesign-EekMWFY_.js                      9.34 kB │ gzip:   3.58 kB
public/build/assets/knowledge-related-records-BuJgu8NA.js                9.37 kB │ gzip:   3.77 kB
public/build/assets/cd-register-modal-Anr6OzEx.js                        9.37 kB │ gzip:   3.85 kB
public/build/assets/_dialogs-Ckpt6tyF.js                                 9.38 kB │ gzip:   3.98 kB
public/build/assets/CarePlans-Cg9LnOSd.js                                9.39 kB │ gzip:   3.79 kB
public/build/assets/notifications-DMz-uG-j.js                            9.42 kB │ gzip:   3.88 kB
public/build/assets/_manage-types-dialog-Cxnlh35H.js                     9.42 kB │ gzip:   3.83 kB
public/build/assets/reports-5oQN5nTu.js                                  9.44 kB │ gzip:   3.92 kB
public/build/assets/Show-i3BzxULv.js                                     9.45 kB │ gzip:   4.20 kB
public/build/assets/Show-DhgdlsHg.js                                     9.51 kB │ gzip:   4.12 kB
public/build/assets/benefits-DsiP-w8_.js                                 9.54 kB │ gzip:   3.80 kB
public/build/assets/Create-DPlorfzE.js                                   9.58 kB │ gzip:   3.89 kB
public/build/assets/history-DOdvSVou.js                                  9.59 kB │ gzip:   3.86 kB
public/build/assets/_dialogs-BQYZkwiw.js                                 9.62 kB │ gzip:   3.08 kB
public/build/assets/Index-B_t_3wGK.js                                    9.66 kB │ gzip:   4.17 kB
public/build/assets/family-tree-DM_djF3J.js                              9.68 kB │ gzip:   3.65 kB
public/build/assets/Edit-D8-Y3Znj.js                                     9.70 kB │ gzip:   4.02 kB
public/build/assets/module-C6OQvNif.js                                   9.73 kB │ gzip:   4.32 kB
public/build/assets/stream-item-CpIsGCzu.js                              9.74 kB │ gzip:   3.61 kB
public/build/assets/index-B6h2DweC.js                                    9.74 kB │ gzip:   4.11 kB
public/build/assets/create-D3sTyNEI.js                                   9.77 kB │ gzip:   4.09 kB
public/build/assets/Index-DEbT7hgk.js                                    9.78 kB │ gzip:   4.04 kB
public/build/assets/linked-operational-evidence-B-KazhqL.js              9.78 kB │ gzip:   3.16 kB
public/build/assets/labels-BLqUs0j0.js                                   9.78 kB │ gzip:   3.68 kB
public/build/assets/upload-DN79vkId.js                                   9.78 kB │ gzip:   4.09 kB
public/build/assets/Mapping-kbzNSlhE.js                                  9.80 kB │ gzip:   4.20 kB
public/build/assets/show-Bgt0W2Ux.js                                     9.81 kB │ gzip:   3.90 kB
public/build/assets/_food-meal-preferences-CxF_r2ZN.js                   9.82 kB │ gzip:   3.80 kB
public/build/assets/reviews-d6qGLHkY.js                                  9.82 kB │ gzip:   4.39 kB
public/build/assets/retention-DzbUliA9.js                                9.86 kB │ gzip:   3.95 kB
public/build/assets/respond-D0bHf6zs.js                                  9.90 kB │ gzip:   4.31 kB
public/build/assets/ComplianceStatus-CE2T6G7V.js                         9.91 kB │ gzip:   4.22 kB
public/build/assets/index-DMtqCIBU.js                                    9.92 kB │ gzip:   4.04 kB
public/build/assets/Index-CnsAR59h.js                                    9.93 kB │ gzip:   4.14 kB
public/build/assets/Create-Cjc8QQ7z.js                                   9.94 kB │ gzip:   4.02 kB
public/build/assets/create-vOb8ktgg.js                                   9.97 kB │ gzip:   4.11 kB
public/build/assets/succession-wizards-N15ssa_Y.js                       9.98 kB │ gzip:   3.99 kB
public/build/assets/Logs-HAkvkq4e.js                                     9.99 kB │ gzip:   4.27 kB
public/build/assets/Create-5Tm0j3KL.js                                   9.99 kB │ gzip:   4.03 kB
public/build/assets/Index-CKWWoiml.js                                   10.03 kB │ gzip:   4.19 kB
public/build/assets/RiskNarrative-DkHgibRm.js                           10.04 kB │ gzip:   4.15 kB
public/build/assets/finance-B5NEMTcL.js                                 10.05 kB │ gzip:   3.53 kB
public/build/assets/quick-add-task-tHuKRXIt.js                          10.06 kB │ gzip:   3.83 kB
public/build/assets/BoardMembers-BLAQnGtm.js                            10.07 kB │ gzip:   4.30 kB
public/build/assets/for-stay-CgVp6Hd-.js                                10.09 kB │ gzip:   3.92 kB
public/build/assets/grouped-profile-nav-CKkY45ge.js                     10.09 kB │ gzip:   3.88 kB
public/build/assets/index-BInsIihT.js                                   10.10 kB │ gzip:   4.03 kB
public/build/assets/vehicle-technology-projection-CE6pURTC.js           10.10 kB │ gzip:   3.40 kB
public/build/assets/Index-DT6bFL2e.js                                   10.10 kB │ gzip:   4.16 kB
public/build/assets/pending-B3ibL4hc.js                                 10.12 kB │ gzip:   3.88 kB
public/build/assets/Show-BfB-pFt6.js                                    10.17 kB │ gzip:   4.49 kB
public/build/assets/my-calendar-X9Wp6hcO.js                             10.18 kB │ gzip:   4.69 kB
public/build/assets/index-DD66xea8.js                                   10.18 kB │ gzip:   4.07 kB
public/build/assets/Index-B2oDHSmm.js                                   10.18 kB │ gzip:   4.34 kB
public/build/assets/create-bz2PP4OG.js                                  10.18 kB │ gzip:   4.34 kB
public/build/assets/GovernanceTermHint-BO-XV5W3.js                      10.20 kB │ gzip:   4.11 kB
public/build/assets/template-CRyMiFSl.js                                10.23 kB │ gzip:   4.14 kB
public/build/assets/time-picker-CKUK-aPE.js                             10.25 kB │ gzip:   4.36 kB
public/build/assets/asset-finance-technology-projection-CvJQe0YG.js     10.26 kB │ gzip:   3.48 kB
public/build/assets/policies-CvrQjpB7.js                                10.27 kB │ gzip:   4.18 kB
public/build/assets/record-wizard-shared-DITOuT18.js                    10.28 kB │ gzip:   3.92 kB
public/build/assets/Show-CP6vncDr.js                                    10.28 kB │ gzip:   4.35 kB
public/build/assets/staff-requirements-CgLs3HC-.js                      10.31 kB │ gzip:   3.82 kB
public/build/assets/create-Cb4Pene6.js                                  10.34 kB │ gzip:   4.18 kB
public/build/assets/_inventory-table-DtapQMW_.js                        10.34 kB │ gzip:   3.74 kB
public/build/assets/show-C9xI_G8z.js                                    10.34 kB │ gzip:   4.06 kB
public/build/assets/legal-holds-BjdE5h-O.js                             10.40 kB │ gzip:   4.21 kB
public/build/assets/Show-DOwpkYKp.js                                    10.43 kB │ gzip:   3.91 kB
public/build/assets/show-6A4FGs9O.js                                    10.43 kB │ gzip:   4.12 kB
public/build/assets/unifi-EhE0Q2fY.js                                   10.46 kB │ gzip:   4.17 kB
public/build/assets/Index-BhGIUuXu.js                                   10.47 kB │ gzip:   4.39 kB
public/build/assets/marketing-layout-DZGAcHYX.js                        10.47 kB │ gzip:   3.33 kB
public/build/assets/create-Dz6sCvsm.js                                  10.50 kB │ gzip:   4.31 kB
public/build/assets/imports-QDeXKF2I.js                                 10.51 kB │ gzip:   3.86 kB
public/build/assets/ClientSummary-ByZszynh.js                           10.51 kB │ gzip:   3.78 kB
public/build/assets/index-D1cz1Qpl.js                                   10.51 kB │ gzip:   4.38 kB
public/build/assets/Index-74dvt2rU.js                                   10.51 kB │ gzip:   4.32 kB
public/build/assets/Index-D0J1ZjKU.js                                   10.53 kB │ gzip:   4.32 kB
public/build/assets/saved-BIrjWYSi.js                                   10.55 kB │ gzip:   4.32 kB
public/build/assets/index-BmgWGuIr.js                                   10.57 kB │ gzip:   4.16 kB
public/build/assets/Index-BbjXLGl-.js                                   10.58 kB │ gzip:   4.29 kB
public/build/assets/ui-Dsfwyhk1.js                                      10.58 kB │ gzip:   4.51 kB
public/build/assets/FundingStreamSummary-B8FamUcP.js                    10.59 kB │ gzip:   4.35 kB
public/build/assets/reimbursement-Cg9xmbJU.js                           10.60 kB │ gzip:   4.08 kB
public/build/assets/show-Vewf0IkE.js                                    10.64 kB │ gzip:   3.92 kB
public/build/assets/edit-kyCcImjJ.js                                    10.65 kB │ gzip:   4.39 kB
public/build/assets/Index-DN6wEXIU.js                                   10.65 kB │ gzip:   4.41 kB
public/build/assets/Index-CYpDD18j.js                                   10.65 kB │ gzip:   4.52 kB
public/build/assets/risks-CSG_-QXW.js                                   10.66 kB │ gzip:   4.04 kB
public/build/assets/status-B5oDQuDe.js                                  10.66 kB │ gzip:   4.26 kB
public/build/assets/Index-Bhn3yPwk.js                                   10.70 kB │ gzip:   4.43 kB
public/build/assets/edit-HOpXEn0m.js                                    10.70 kB │ gzip:   4.34 kB
public/build/assets/tomorrow-panel-BGA3OIw8.js                          10.80 kB │ gzip:   4.25 kB
public/build/assets/modules-CQ4EoCXk.js                                 10.80 kB │ gzip:   4.34 kB
public/build/assets/create-B7Jmukcv.js                                  10.82 kB │ gzip:   3.70 kB
public/build/assets/compliance-BmBA6rav.js                              10.82 kB │ gzip:   4.29 kB
public/build/assets/_door-B2m7jivU.js                                   10.87 kB │ gzip:   3.81 kB
public/build/assets/index-DE8n3diu.js                                   10.87 kB │ gzip:   4.28 kB
public/build/assets/portal-users-BvsJ0_iB.js                            10.89 kB │ gzip:   4.49 kB
public/build/assets/work-calendar-settings-BhlBLTJ3.js                  10.91 kB │ gzip:   4.32 kB
public/build/assets/documents-CayefP66.js                               10.92 kB │ gzip:   3.87 kB
public/build/assets/risks-BuafCNQN.js                                   10.98 kB │ gzip:   4.16 kB
public/build/assets/Show-Cwoc3IQ8.js                                    10.99 kB │ gzip:   4.26 kB
public/build/assets/Index-Bowk_vCf.js                                   11.01 kB │ gzip:   4.54 kB
public/build/assets/Changes-C_q2l5h6.js                                 11.02 kB │ gzip:   4.93 kB
public/build/assets/index-ubtH2xcj.js                                   11.02 kB │ gzip:   1.52 kB
public/build/assets/handovers-hero-Dqp2SHFE.js                          11.03 kB │ gzip:   4.81 kB
public/build/assets/community-access-Bajnvo6X.js                        11.04 kB │ gzip:   4.49 kB
public/build/assets/Show-BFOCye1-.js                                    11.07 kB │ gzip:   4.49 kB
public/build/assets/create-C5sJ8EVv.js                                  11.08 kB │ gzip:   4.51 kB
public/build/assets/Index-BOw6p5r1.js                                   11.13 kB │ gzip:   4.64 kB
public/build/assets/Committee-BKIU1lKf.js                               11.14 kB │ gzip:   4.85 kB
public/build/assets/create-DMY1DhO9.js                                  11.17 kB │ gzip:   4.42 kB
public/build/assets/TrialBalance-YAWEJ4Hx.js                            11.18 kB │ gzip:   4.85 kB
public/build/assets/clock-out-wizard-CKQof3St.js                        11.18 kB │ gzip:   4.49 kB
public/build/assets/vendors-CwQ0OorS.js                                 11.19 kB │ gzip:   3.65 kB
public/build/assets/index-DUSPVZSd.js                                   11.19 kB │ gzip:   4.62 kB
public/build/assets/photos-Iza14Srf.js                                  11.22 kB │ gzip:   4.60 kB
public/build/assets/breaches-C3tRAQIq.js                                11.22 kB │ gzip:   4.44 kB
public/build/assets/index-ut2QTF6v.js                                   11.24 kB │ gzip:   4.06 kB
public/build/assets/summary-C6putc0i.js                                 11.27 kB │ gzip:   4.14 kB
public/build/assets/cards-view-DaCHFItU.js                              11.27 kB │ gzip:   4.21 kB
public/build/assets/timeline-DSzteywX.js                                11.28 kB │ gzip:   4.83 kB
public/build/assets/privacy-action-modal-Dv5jLZOB.js                    11.30 kB │ gzip:   4.43 kB
public/build/assets/index-BFY3reZW.js                                   11.31 kB │ gzip:   4.40 kB
public/build/assets/dashboard-tabs-FEwoto5K.js                          11.32 kB │ gzip:   4.23 kB
public/build/assets/map-B-Ouy_9C.js                                     11.33 kB │ gzip:   4.60 kB
public/build/assets/broadcast-show-DyAbIVbp.js                          11.34 kB │ gzip:   4.14 kB
public/build/assets/show-supervision-CXYoQ467.js                        11.35 kB │ gzip:   4.29 kB
public/build/assets/CheckShift-BM9BzkOQ.js                              11.40 kB │ gzip:   4.82 kB
public/build/assets/Edit-C3nNljXw.js                                    11.41 kB │ gzip:   4.60 kB
public/build/assets/Index-CsW4MZ_V.js                                   11.41 kB │ gzip:   4.72 kB
public/build/assets/wizard-configs-BMzpG-Qa.js                          11.42 kB │ gzip:   3.50 kB
public/build/assets/leave-hub-parts-BzTOP-HT.js                         11.45 kB │ gzip:   4.21 kB
public/build/assets/Index-EyWSu0Ln.js                                   11.47 kB │ gzip:   4.76 kB
public/build/assets/price-book-dialog-1rlZ2oIV.js                       11.47 kB │ gzip:   4.58 kB
public/build/assets/_dialogs-BsfMRGx3.js                                11.48 kB │ gzip:   4.41 kB
public/build/assets/Index-CCi_a08U.js                                   11.48 kB │ gzip:   4.62 kB
public/build/assets/quote-dialog-VZ9UDYMq.js                            11.49 kB │ gzip:   4.65 kB
public/build/assets/Matrix-DZH4yCFV.js                                  11.50 kB │ gzip:   4.90 kB
public/build/assets/visit-requests-Cti5Wd8l.js                          11.50 kB │ gzip:   4.66 kB
public/build/assets/surveys-C15Hfglr.js                                 11.53 kB │ gzip:   4.57 kB
public/build/assets/workers-Dv97J5Lx.js                                 11.54 kB │ gzip:   4.40 kB
public/build/assets/index-r1KyXLSU.js                                   11.54 kB │ gzip:   4.72 kB
public/build/assets/Create-CmXt3RKI.js                                  11.57 kB │ gzip:   4.53 kB
public/build/assets/documents-DEI4GMic.js                               11.59 kB │ gzip:   4.11 kB
public/build/assets/create-DbYV0Zjs.js                                  11.59 kB │ gzip:   4.83 kB
public/build/assets/Index-D3vr_U0Z.js                                   11.60 kB │ gzip:   5.19 kB
public/build/assets/Trends-CowWexuO.js                                  11.63 kB │ gzip:   5.04 kB
public/build/assets/overview-panels-DVWZ6OWO.js                         11.63 kB │ gzip:   4.66 kB
public/build/assets/index-B5H74nGb.js                                   11.65 kB │ gzip:   4.63 kB
public/build/assets/_dialogs-OvUHeCRH.js                                11.68 kB │ gzip:   4.74 kB
public/build/assets/Index-BMv7SW65.js                                   11.69 kB │ gzip:   4.86 kB
public/build/assets/studio-controls-CshVz8Te.js                         11.71 kB │ gzip:   4.56 kB
public/build/assets/index-CB1RlbvO.js                                   11.71 kB │ gzip:   4.25 kB
public/build/assets/Show-xRqDsdHo.js                                    11.74 kB │ gzip:   5.18 kB
public/build/assets/dpia-C8L1bRNA.js                                    11.75 kB │ gzip:   4.50 kB
public/build/assets/show-N2JZbfVn.js                                    11.79 kB │ gzip:   5.06 kB
public/build/assets/rehire-wizard-CFETHdl0.js                           11.87 kB │ gzip:   4.49 kB
public/build/assets/show-rChn9p8K.js                                    11.88 kB │ gzip:   4.49 kB
public/build/assets/_dialogs-Ct4k_0vo.js                                11.88 kB │ gzip:   4.47 kB
public/build/assets/task-w0uBVz8s.js                                    11.91 kB │ gzip:   4.90 kB
public/build/assets/Dashboard-CKdd-ik4.js                               11.92 kB │ gzip:   5.10 kB
public/build/assets/shift-list-view-tk4dufon.js                         11.94 kB │ gzip:   4.71 kB
public/build/assets/Index-DWxyx1da.js                                   11.94 kB │ gzip:   4.92 kB
public/build/assets/templates-CCpR3x0M.js                               11.94 kB │ gzip:   4.88 kB
public/build/assets/log-notifiable-dialog-CmThOCQa.js                   11.97 kB │ gzip:   4.39 kB
public/build/assets/Index-BDo8vmK9.js                                   11.98 kB │ gzip:   4.66 kB
public/build/assets/Index-Ck-s9EKQ.js                                   11.99 kB │ gzip:   5.25 kB
public/build/assets/healthcare-devices-BAMDHFUp.js                      11.99 kB │ gzip:   4.18 kB
public/build/assets/Index-Dcv5YGeW.js                                   12.00 kB │ gzip:   5.18 kB
public/build/assets/apply-CgVVOgpk.js                                   12.00 kB │ gzip:   4.57 kB
public/build/assets/performance-hero-BAMXq9BN.js                        12.00 kB │ gzip:   3.84 kB
public/build/assets/alerts-config-DuSdBywa.js                           12.03 kB │ gzip:   4.62 kB
public/build/assets/Index-CT817dCj.js                                   12.05 kB │ gzip:   5.22 kB
public/build/assets/Index-CO2RPRsb.js                                   12.05 kB │ gzip:   5.27 kB
public/build/assets/Prepare-yOFhKxtD.js                                 12.06 kB │ gzip:   4.93 kB
public/build/assets/protocol-form-Btfcr4h4.js                           12.08 kB │ gzip:   4.39 kB
public/build/assets/create-template-DGE3HySd.js                         12.11 kB │ gzip:   4.84 kB
public/build/assets/sign-BjXTTxh3.js                                    12.13 kB │ gzip:   4.78 kB
public/build/assets/profile-CSDx3XIu.js                                 12.13 kB │ gzip:   4.96 kB
public/build/assets/page-hero-rdFk7gJO.js                               12.14 kB │ gzip:   4.67 kB
public/build/assets/AgedReport-DcXyvG99.js                              12.15 kB │ gzip:   5.48 kB
public/build/assets/ppe-wizard-FmfirBPT.js                              12.15 kB │ gzip:   4.97 kB
public/build/assets/wizard-kit-Dd1oPBcY.js                              12.18 kB │ gzip:   5.03 kB
public/build/assets/it-ticket-comment-contract-BBENTCa7.js              12.19 kB │ gzip:   3.96 kB
public/build/assets/cards-view-CRSFL0zg.js                              12.20 kB │ gzip:   4.47 kB
public/build/assets/assignments-Bj-gf86R.js                             12.24 kB │ gzip:   4.92 kB
public/build/assets/Index-BMxy0ZQF.js                                   12.25 kB │ gzip:   5.13 kB
public/build/assets/_request-dialog-BxLUKl8D.js                         12.25 kB │ gzip:   4.61 kB
public/build/assets/create-bh8v4gpt.js                                  12.25 kB │ gzip:   4.72 kB
public/build/assets/index-D9liiCuI.js                                   12.26 kB │ gzip:   4.70 kB
public/build/assets/_builder-dialog-U5goTwaV.js                         12.27 kB │ gzip:   4.90 kB
public/build/assets/Index-BE9bdHji.js                                   12.29 kB │ gzip:   5.00 kB
public/build/assets/stocktakes-Dl4YsI9T.js                              12.35 kB │ gzip:   4.50 kB
public/build/assets/BalanceSheet-DMRJ2tXJ.js                            12.36 kB │ gzip:   5.17 kB
public/build/assets/Index-D2c3N3Vk.js                                   12.39 kB │ gzip:   5.29 kB
public/build/assets/index-B3dBBToG.js                                   12.40 kB │ gzip:   5.04 kB
public/build/assets/donor-fund-dialog-MBFOdtHn.js                       12.42 kB │ gzip:   4.44 kB
public/build/assets/medications-hCoirUDo.js                             12.43 kB │ gzip:   4.51 kB
public/build/assets/Index-CV_YhYGW.js                                   12.43 kB │ gzip:   4.92 kB
public/build/assets/pricing-DnLFO15M.js                                 12.44 kB │ gzip:   3.70 kB
public/build/assets/Index-BqSbmxvO.js                                   12.46 kB │ gzip:   5.12 kB
public/build/assets/index-DIUCer0u.js                                   12.48 kB │ gzip:   4.50 kB
public/build/assets/log-obligation-dialog-p7irFFyK.js                   12.49 kB │ gzip:   4.69 kB
public/build/assets/time-C1ZginqY.js                                    12.50 kB │ gzip:   5.33 kB
public/build/assets/index-BnmNQxOf.js                                   12.52 kB │ gzip:   5.13 kB
public/build/assets/index-4I6n2eT-.js                                   12.53 kB │ gzip:   5.38 kB
public/build/assets/edit-PqZO33YR.js                                    12.55 kB │ gzip:   4.95 kB
public/build/assets/Index-BvSYgBK3.js                                   12.56 kB │ gzip:   5.44 kB
public/build/assets/specialist-workspace-header-BGxGXHiS.js             12.57 kB │ gzip:   5.56 kB
public/build/assets/index-5Y_QNbWO.js                                   12.57 kB │ gzip:   4.77 kB
public/build/assets/_dialogs-DqY_Eeug.js                                12.57 kB │ gzip:   5.32 kB
public/build/assets/facilities-DsQA63I9.js                              12.58 kB │ gzip:   5.24 kB
public/build/assets/index-BZv2NlWw.js                                   12.58 kB │ gzip:   4.88 kB
public/build/assets/Index-CqgNCovb.js                                   12.59 kB │ gzip:   5.42 kB
public/build/assets/head-office-CnYwTB-C.js                             12.60 kB │ gzip:   5.31 kB
public/build/assets/requests-BJ3vWNLJ.js                                12.61 kB │ gzip:   4.84 kB
public/build/assets/geofence-draw-map-Bu9idyk9.js                       12.68 kB │ gzip:   4.86 kB
public/build/assets/index-CJxsvwr7.js                                   12.69 kB │ gzip:   4.51 kB
public/build/assets/index-u7bVjAj1.js                                   12.73 kB │ gzip:   4.86 kB
public/build/assets/edit-CBPVvMkB.js                                    12.74 kB │ gzip:   4.82 kB
public/build/assets/index-RedfQ0DW.js                                   12.74 kB │ gzip:   5.27 kB
public/build/assets/new-po-dialog-DAaik2ES.js                           12.75 kB │ gzip:   4.80 kB
public/build/assets/Trends-BQL4hplP.js                                  12.76 kB │ gzip:   5.24 kB
public/build/assets/Assignments-CtY_iY-F.js                             12.78 kB │ gzip:   5.36 kB
public/build/assets/Diff-DwFcJfGn.js                                    12.78 kB │ gzip:   5.50 kB
public/build/assets/index-BP-yyL1P.js                                   12.79 kB │ gzip:   4.66 kB
public/build/assets/health-hNeFMEWE.js                                  12.83 kB │ gzip:   4.36 kB
public/build/assets/Review-BvBXhyil.js                                  12.83 kB │ gzip:   4.70 kB
public/build/assets/show-DKRzv8wD.js                                    12.84 kB │ gzip:   4.83 kB
public/build/assets/show-cnYuSRG-.js                                    12.85 kB │ gzip:   4.57 kB
public/build/assets/index-DGpeGu-i.js                                   12.85 kB │ gzip:   5.03 kB
public/build/assets/ppe-action-dialogs-DAUeZAjS.js                      12.87 kB │ gzip:   4.36 kB
public/build/assets/builder-B1n4KEEW.js                                 12.89 kB │ gzip:   4.91 kB
public/build/assets/Index-D6Y8k8eA.js                                   12.90 kB │ gzip:   4.80 kB
public/build/assets/Show-BSrlzGsq.js                                    12.93 kB │ gzip:   4.93 kB
public/build/assets/ProfitAndLoss-C_mJoq80.js                           12.94 kB │ gzip:   5.19 kB
public/build/assets/Index-0ymZ6HXh.js                                   12.96 kB │ gzip:   5.57 kB
public/build/assets/Index-BHppqsZE.js                                   12.96 kB │ gzip:   5.63 kB
public/build/assets/by-house-DE0ZkNn7.js                                12.97 kB │ gzip:   4.64 kB
public/build/assets/privacy-9nPWnBjR.js                                 12.98 kB │ gzip:   3.80 kB
public/build/assets/Index-CPSkKCO4.js                                   13.02 kB │ gzip:   5.69 kB
public/build/assets/prn-wizard-CyKU78XJ.js                              13.10 kB │ gzip:   4.98 kB
public/build/assets/index-CfoMOoCH.js                                   13.10 kB │ gzip:   5.49 kB
public/build/assets/Dashboard-CQ3tawYv.js                               13.15 kB │ gzip:   5.49 kB
public/build/assets/operational-canvas-BhtxDMuX.js                      13.15 kB │ gzip:   5.30 kB
public/build/assets/playbook-wizard-IhMi_MvA.js                         13.16 kB │ gzip:   4.59 kB
public/build/assets/Show-D-DiiMSk.js                                    13.17 kB │ gzip:   5.10 kB
public/build/assets/show-CO1OHi3q.js                                    13.18 kB │ gzip:   4.98 kB
public/build/assets/layout-Cxy_SJ4R.js                                  13.19 kB │ gzip:   4.24 kB
public/build/assets/Trends-C7JS4vdl.js                                  13.20 kB │ gzip:   5.38 kB
public/build/assets/index-CXNqsCmR.js                                   13.20 kB │ gzip:   5.45 kB
public/build/assets/Dashboard-Ck27bh3u.js                               13.24 kB │ gzip:   4.37 kB
public/build/assets/Index-DG3jz-RE.js                                   13.27 kB │ gzip:   5.66 kB
public/build/assets/daily-check-DS6IhDlA.js                             13.30 kB │ gzip:   5.37 kB
public/build/assets/Create-CacfrUlL.js                                  13.30 kB │ gzip:   5.61 kB
public/build/assets/calendar-B7NMASss.js                                13.30 kB │ gzip:   5.29 kB
public/build/assets/plans-Bi2kJiZz.js                                   13.31 kB │ gzip:   5.38 kB
public/build/assets/site-detail-DeJiTLCL.js                             13.32 kB │ gzip:   4.53 kB
public/build/assets/alerts-events-Cgc2yKXm.js                           13.33 kB │ gzip:   5.62 kB
public/build/assets/Index-CpJ8ZjSm.js                                   13.35 kB │ gzip:   5.65 kB
public/build/assets/goals-path-BRe2f_2y.js                              13.35 kB │ gzip:   5.34 kB
public/build/assets/show-B2HQymt_.js                                    13.36 kB │ gzip:   5.14 kB
public/build/assets/_dialogs-B7FYd4tJ.js                                13.39 kB │ gzip:   4.86 kB
public/build/assets/reviews-VrUMLIzF.js                                 13.39 kB │ gzip:   5.17 kB
public/build/assets/Index-GiBi2wJr.js                                   13.39 kB │ gzip:   5.59 kB
public/build/assets/_dialogs-CYPgM7m-.js                                13.39 kB │ gzip:   5.60 kB
public/build/assets/messaging-CLOEL37l.js                               13.41 kB │ gzip:   4.74 kB
public/build/assets/pre-check-BCjxitNa.js                               13.42 kB │ gzip:   5.04 kB
public/build/assets/timesheet-review-EyCJJVj1.js                        13.46 kB │ gzip:   5.01 kB
public/build/assets/_ledger-panel-Bldgseq0.js                           13.46 kB │ gzip:   4.24 kB
public/build/assets/unassign-make-open-dialog-G3JEQzHN.js               13.47 kB │ gzip:   5.09 kB
public/build/assets/create-BfFEKI7R.js                                  13.47 kB │ gzip:   5.23 kB
public/build/assets/HealthMonitoring-v3g01y8u.js                        13.48 kB │ gzip:   4.90 kB
public/build/assets/_audit-dialog-CmmOQvmm.js                           13.48 kB │ gzip:   5.40 kB
public/build/assets/about-DeBjC3wd.js                                   13.50 kB │ gzip:   3.48 kB
public/build/assets/Index-BcCialUM.js                                   13.52 kB │ gzip:   5.90 kB
public/build/assets/digest-panel-qZUFja5P.js                            13.56 kB │ gzip:   4.79 kB
public/build/assets/houses-CwuDtfrS.js                                  13.64 kB │ gzip:   5.69 kB
public/build/assets/my-day-hero-BNBFyNWz.js                             13.65 kB │ gzip:   5.95 kB
public/build/assets/expenses-s9VF0uxL.js                                13.65 kB │ gzip:   5.28 kB
public/build/assets/index-B_e9GQG7.js                                   13.66 kB │ gzip:   5.83 kB
public/build/assets/edit-template-CUiX-rO7.js                           13.67 kB │ gzip:   5.50 kB
public/build/assets/client-C7Xsde5w.js                                  13.70 kB │ gzip:   3.92 kB
public/build/assets/_dialogs-CzmZ22Ic.js                                13.70 kB │ gzip:   5.12 kB
public/build/assets/Index-k6lfX_hK.js                                   13.71 kB │ gzip:   5.92 kB
public/build/assets/rule-wizard-lhykiXTL.js                             13.75 kB │ gzip:   5.10 kB
public/build/assets/MyInterests-WPPG5FCx.js                             13.76 kB │ gzip:   5.83 kB
public/build/assets/Index-ClxfWd2n.js                                   13.77 kB │ gzip:   6.00 kB
public/build/assets/terminology-Czv4hy_w.js                             13.79 kB │ gzip:   4.24 kB
public/build/assets/documents-B5ELeAGB.js                               13.80 kB │ gzip:   5.50 kB
public/build/assets/Index-erco0qEm.js                                   13.87 kB │ gzip:   5.85 kB
public/build/assets/_recipe-edit-dialog-B6nF6n3H.js                     13.90 kB │ gzip:   4.69 kB
public/build/assets/Index-D_0d6FqN.js                                   13.91 kB │ gzip:   5.50 kB
public/build/assets/Index-BcsDlFVR.js                                   13.93 kB │ gzip:   5.63 kB
public/build/assets/timeline-tab-C86pTKkd.js                            13.94 kB │ gzip:   4.93 kB
public/build/assets/Committee-6EEHX3xg.js                               13.94 kB │ gzip:   6.04 kB
public/build/assets/Show-B-g_ezio.js                                    14.08 kB │ gzip:   6.06 kB
public/build/assets/map-D9Ix-8DN.js                                     14.09 kB │ gzip:   5.85 kB
public/build/assets/create-DNrogF1i.js                                  14.13 kB │ gzip:   5.39 kB
public/build/assets/show-Cpqo1A77.js                                    14.17 kB │ gzip:   5.11 kB
public/build/assets/show-C55wZ_J9.js                                    14.20 kB │ gzip:   4.77 kB
public/build/assets/holidays-CjyoezSp.js                                14.20 kB │ gzip:   5.81 kB
public/build/assets/Show-B3yPCN1L.js                                    14.21 kB │ gzip:   5.54 kB
public/build/assets/Attestations-DWDmAfyU.js                            14.21 kB │ gzip:   5.85 kB
public/build/assets/index-DIbpNs7L.js                                   14.24 kB │ gzip:   5.42 kB
public/build/assets/new-vendor-dialog-BaVlRrS4.js                       14.25 kB │ gzip:   4.75 kB
public/build/assets/_dialog-shared-hMm-G-tN.js                          14.25 kB │ gzip:   5.46 kB
public/build/assets/Index-aj6YWw7B.js                                   14.28 kB │ gzip:   6.25 kB
public/build/assets/audit-log-BVbkr_QD.js                               14.29 kB │ gzip:   5.78 kB
public/build/assets/task-detail-dialog-CTB5mIvB.js                      14.34 kB │ gzip:   4.80 kB
public/build/assets/Terminals-Bt_AG3kP.js                               14.39 kB │ gzip:   5.97 kB
public/build/assets/Statements-CZPLB077.js                              14.48 kB │ gzip:   5.92 kB
public/build/assets/mar-DT069ZU2.js                                     14.48 kB │ gzip:   3.92 kB
public/build/assets/trends-BZUmK4tY.js                                  14.48 kB │ gzip:   4.85 kB
public/build/assets/Index-BVvV5ExW.js                                   14.49 kB │ gzip:   6.22 kB
public/build/assets/workflow-DEKCH08W.js                                14.50 kB │ gzip:   5.94 kB
public/build/assets/survey-Cy-7ssuF.js                                  14.52 kB │ gzip:   4.80 kB
public/build/assets/Index-IrTkT80a.js                                   14.55 kB │ gzip:   6.23 kB
public/build/assets/Create-c05OLcs-.js                                  14.56 kB │ gzip:   5.70 kB
public/build/assets/Index-DKccYc_1.js                                   14.58 kB │ gzip:   6.43 kB
public/build/assets/Index-BVhcj_6T.js                                   14.59 kB │ gzip:   6.07 kB
public/build/assets/_commercial-lQMbn_mu.js                             14.62 kB │ gzip:   5.37 kB
public/build/assets/_dialogs-B2x499sg.js                                14.63 kB │ gzip:   5.81 kB
public/build/assets/global-C7CBUlDR.js                                  14.67 kB │ gzip:   5.56 kB
public/build/assets/Financials-C4aKU288.js                              14.69 kB │ gzip:   5.78 kB
public/build/assets/index-DjWfNsG3.js                                   14.72 kB │ gzip:   5.60 kB
public/build/assets/record-evidence-dialog-8ULakpfo.js                  14.75 kB │ gzip:   5.97 kB
public/build/assets/_dialogs-EoUY_UBX.js                                14.75 kB │ gzip:   5.61 kB
public/build/assets/matrix-C8HMzkf5.js                                  14.83 kB │ gzip:   5.96 kB
public/build/assets/show-B1mmd6ws.js                                    14.84 kB │ gzip:   5.75 kB
public/build/assets/my-tasks-DVhBNcB9.js                                14.84 kB │ gzip:   5.82 kB
public/build/assets/run-DbzDu_g4.js                                     14.84 kB │ gzip:   5.50 kB
public/build/assets/index-UQzy83Wa.js                                   14.86 kB │ gzip:   6.16 kB
public/build/assets/playback-dwnu6tUp.js                                14.87 kB │ gzip:   5.85 kB
public/build/assets/index-pgrOLLPv.js                                   14.88 kB │ gzip:   5.83 kB
public/build/assets/Show-CUqYOgQ-.js                                    14.90 kB │ gzip:   5.91 kB
public/build/assets/Show-e4JlkDla.js                                    14.95 kB │ gzip:   6.11 kB
public/build/assets/reports-FSb4yv-k.js                                 14.99 kB │ gzip:   5.20 kB
public/build/assets/Index-LgOYxUpT.js                                   15.04 kB │ gzip:   5.55 kB
public/build/assets/show-DLr47ZeH.js                                    15.04 kB │ gzip:   5.54 kB
public/build/assets/CashFlow-BL37XyMJ.js                                15.06 kB │ gzip:   5.93 kB
public/build/assets/Create-y_JeWnPm.js                                  15.06 kB │ gzip:   4.97 kB
public/build/assets/index-DGZbm8uZ.js                                   15.07 kB │ gzip:   6.08 kB
public/build/assets/Results-Kg_QYOsK.js                                 15.10 kB │ gzip:   6.28 kB
public/build/assets/portal-users-B7qtdtqg.js                            15.11 kB │ gzip:   6.26 kB
public/build/assets/edit-D4Pu4qE1.js                                    15.16 kB │ gzip:   5.91 kB
public/build/assets/command-centre-hero-B4QOa8q8.js                     15.18 kB │ gzip:   6.15 kB
public/build/assets/sso-groups-oT4aFKFM.js                              15.19 kB │ gzip:   5.65 kB
public/build/assets/custom-fields-uDMhazR4.js                           15.20 kB │ gzip:   6.17 kB
public/build/assets/index-ulUMb0RG.js                                   15.23 kB │ gzip:   6.25 kB
public/build/assets/overview-Dz-dZCDI.js                                15.26 kB │ gzip:   5.51 kB
public/build/assets/Show-C_kmFCIA.js                                    15.28 kB │ gzip:   6.43 kB
public/build/assets/BatchDetail-BYx35cVe.js                             15.36 kB │ gzip:   5.93 kB
public/build/assets/terms-COW4MPUG.js                                   15.36 kB │ gzip:   4.44 kB
public/build/assets/create-mdqODyqy.js                                  15.39 kB │ gzip:   5.62 kB
public/build/assets/contact-B9Y6xSnX.js                                 15.42 kB │ gzip:   4.92 kB
public/build/assets/Index-CwuvO3SN.js                                   15.45 kB │ gzip:   6.36 kB
public/build/assets/Roles-mDjgCV7G.js                                   15.47 kB │ gzip:   4.86 kB
public/build/assets/edit-CyHsZtrM.js                                    15.47 kB │ gzip:   6.11 kB
public/build/assets/record-event-dialog-oleTT4gL.js                     15.54 kB │ gzip:   5.96 kB
public/build/assets/Show-CBmsHP_8.js                                    15.55 kB │ gzip:   6.03 kB
public/build/assets/Index-tBa7s2eM.js                                   15.56 kB │ gzip:   6.60 kB
public/build/assets/show-mmtMFYn2.js                                    15.61 kB │ gzip:   5.85 kB
public/build/assets/staff-detail-C5B13RxN.js                            15.63 kB │ gzip:   5.94 kB
public/build/assets/bonuses-BXEpjcWH.js                                 15.63 kB │ gzip:   6.33 kB
public/build/assets/shift-detail-dialog-DJ__V3jE.js                     15.63 kB │ gzip:   6.05 kB
public/build/assets/daily-note-wizard-BscAz1Wv.js                       15.63 kB │ gzip:   4.78 kB
public/build/assets/reports-qoo4mkna.js                                 15.68 kB │ gzip:   6.00 kB
public/build/assets/payslips-CUBrOFZ-.js                                15.71 kB │ gzip:   5.70 kB
public/build/assets/history-DcqXuVzc.js                                 15.73 kB │ gzip:   5.82 kB
public/build/assets/profile-DDM4Cx0D.js                                 15.78 kB │ gzip:   5.65 kB
public/build/assets/Index-DvK4mM2l.js                                   15.80 kB │ gzip:   6.37 kB
public/build/assets/Show-CErh3TsW.js                                    15.83 kB │ gzip:   6.36 kB
public/build/assets/webhooks-Azp-DZ1_.js                                15.84 kB │ gzip:   5.45 kB
public/build/assets/BudgetVsActuals-BD0vsFAv.js                         15.84 kB │ gzip:   6.13 kB
public/build/assets/my-hr-shoutout-spotlight-CRS_7g73.js                15.87 kB │ gzip:   5.91 kB
public/build/assets/Heatmap-CkuByR1A.js                                 15.94 kB │ gzip:   6.71 kB
public/build/assets/Batches-B9iTu7Mu.js                                 15.96 kB │ gzip:   6.57 kB
public/build/assets/review-detail-BsEP_HTL.js                           15.97 kB │ gzip:   6.36 kB
public/build/assets/index-BFQoY-Y0.js                                   16.03 kB │ gzip:   6.67 kB
public/build/assets/record-dose-wizard-CIEwVI3e.js                      16.05 kB │ gzip:   5.36 kB
public/build/assets/maintenance-health-BPEy3xD1.js                      16.06 kB │ gzip:   6.33 kB
public/build/assets/Index-DA1ikXqE.js                                   16.07 kB │ gzip:   6.30 kB
public/build/assets/record-receipt-dialog-LFvFIhFv.js                   16.12 kB │ gzip:   5.58 kB
public/build/assets/audit-CeGI2gmt.js                                   16.12 kB │ gzip:   6.00 kB
public/build/assets/Index-CmaUKctR.js                                   16.13 kB │ gzip:   6.86 kB
public/build/assets/index-DDzH9s2R.js                                   16.16 kB │ gzip:   6.86 kB
public/build/assets/policy-wizards-jyuYNIXz.js                          16.17 kB │ gzip:   5.56 kB
public/build/assets/index-YfYOfjqj.js                                   16.22 kB │ gzip:   6.47 kB
public/build/assets/new-bill-dialog-CTd_OD5D.js                         16.32 kB │ gzip:   5.89 kB
public/build/assets/Index-BQ7LFf1a.js                                   16.35 kB │ gzip:   6.87 kB
public/build/assets/risk-management-Ces-WFx7.js                         16.35 kB │ gzip:   6.26 kB
public/build/assets/matrix-DRsCz670.js                                  16.37 kB │ gzip:   6.36 kB
public/build/assets/appearance-B4napoi5.js                              16.39 kB │ gzip:   5.05 kB
public/build/assets/record-abc-dialog-BcHOIbKW.js                       16.39 kB │ gzip:   5.80 kB
public/build/assets/incidents-CfyDMmkq.js                               16.40 kB │ gzip:   6.07 kB
public/build/assets/Assessments-ylOkF2yR.js                             16.47 kB │ gzip:   6.47 kB
public/build/assets/Show-CFhuzCs-.js                                    16.47 kB │ gzip:   6.46 kB
public/build/assets/Index-BbNi6sNu.js                                   16.49 kB │ gzip:   6.38 kB
public/build/assets/breaches-DQrSLU1r.js                                16.50 kB │ gzip:   5.79 kB
public/build/assets/RunResults-CojRLV7s.js                              16.52 kB │ gzip:   6.20 kB
public/build/assets/show-uF87XPGw.js                                    16.57 kB │ gzip:   6.63 kB
public/build/assets/cost-allocation-mfeKQzab.js                         16.60 kB │ gzip:   5.99 kB
public/build/assets/Settings-ConswSkz.js                                16.63 kB │ gzip:   6.25 kB
public/build/assets/show-BJQaVM-q.js                                    16.64 kB │ gzip:   5.65 kB
public/build/assets/Show-DNCy54wE.js                                    16.67 kB │ gzip:   6.57 kB
public/build/assets/notification-defaults-DzYKhvaY.js                   16.71 kB │ gzip:   5.95 kB
public/build/assets/boundary-wizard-Cg1je0sn.js                         16.72 kB │ gzip:   6.43 kB
public/build/assets/index-DTSrTVYa.js                                   16.74 kB │ gzip:   6.52 kB
public/build/assets/Index-CRDiwq3S.js                                   16.76 kB │ gzip:   6.67 kB
public/build/assets/observations-DGHkbbJ8.js                            16.79 kB │ gzip:   6.24 kB
public/build/assets/location-z3Z6iRsw.js                                16.82 kB │ gzip:   6.05 kB
public/build/assets/charts-BAcHATMC.js                                  16.83 kB │ gzip:   5.55 kB
public/build/assets/_owners-CzWD94Fh.js                                 16.88 kB │ gzip:   6.05 kB
public/build/assets/note-detail-dialog-B_zVQC2Z.js                      16.91 kB │ gzip:   5.80 kB
public/build/assets/Protocols-2e6v3mLQ.js                               16.94 kB │ gzip:   6.27 kB
public/build/assets/documents-BEvxYXl4.js                               16.95 kB │ gzip:   6.70 kB
public/build/assets/leave-C1LZnIbz.js                                   16.96 kB │ gzip:   7.10 kB
public/build/assets/Index-jySc6Mkn.js                                   16.96 kB │ gzip:   6.94 kB
public/build/assets/Show-CoztNNl7.js                                    16.96 kB │ gzip:   5.86 kB
public/build/assets/Index-Diq01Q-R.js                                   16.97 kB │ gzip:   7.00 kB
public/build/assets/api-CIhD-hom.js                                     17.01 kB │ gzip:   5.20 kB
public/build/assets/Index-D4w2_YEg.js                                   17.07 kB │ gzip:   6.70 kB
public/build/assets/edit-DMvgVJdo.js                                    17.20 kB │ gzip:   6.36 kB
public/build/assets/family-notes-C2yf3dZv.js                            17.20 kB │ gzip:   6.39 kB
public/build/assets/index-DxW_oCbE.js                                   17.21 kB │ gzip:   6.73 kB
public/build/assets/_notifications-CJ7OwKRZ.js                          17.23 kB │ gzip:   6.16 kB
public/build/assets/Index-CFk20Bul.js                                   17.25 kB │ gzip:   6.23 kB
public/build/assets/Index-DhB8tCHY.js                                   17.29 kB │ gzip:   7.13 kB
public/build/assets/create-CnDXdKo8.js                                  17.29 kB │ gzip:   6.05 kB
public/build/assets/leave-hub-tabs-CKpwjUCv.js                          17.30 kB │ gzip:   5.81 kB
public/build/assets/_dialogs-BjGz2tXa.js                                17.31 kB │ gzip:   6.47 kB
public/build/assets/worklists-BT-b6M7E.js                               17.31 kB │ gzip:   5.87 kB
public/build/assets/maintenance-DvUYBCOt.js                             17.38 kB │ gzip:   6.51 kB
public/build/assets/week-picker-DxrhHmKU.js                             17.40 kB │ gzip:   6.73 kB
public/build/assets/Index-BygkN_dm.js                                   17.42 kB │ gzip:   7.27 kB
public/build/assets/view-timesheet-dialog-SjMGno3n.js                   17.49 kB │ gzip:   4.84 kB
public/build/assets/handover-detail-dialog-SIggt-9g.js                  17.50 kB │ gzip:   5.94 kB
public/build/assets/fleet-calendar-BMBl67AI.js                          17.55 kB │ gzip:   6.95 kB
public/build/assets/_overview-dialogs-DEBkwfcG.js                       17.65 kB │ gzip:   5.35 kB
public/build/assets/index-nKdGS45X.js                                   17.70 kB │ gzip:   6.76 kB
public/build/assets/Index-Bd50Z0hH.js                                   17.71 kB │ gzip:   7.53 kB
public/build/assets/index-iHSCnjfl.js                                   17.71 kB │ gzip:   6.76 kB
public/build/assets/index-Dj9-sA_G.js                                   17.72 kB │ gzip:   5.96 kB
public/build/assets/show-CzjafrEK.js                                    17.79 kB │ gzip:   4.47 kB
public/build/assets/substance-wizard-dialog-D6faLIYR.js                 17.90 kB │ gzip:   6.29 kB
public/build/assets/edit-DzL4HkLm.js                                    17.95 kB │ gzip:   6.49 kB
public/build/assets/index-CpNUN90V.js                                   17.98 kB │ gzip:   6.94 kB
public/build/assets/show-CzM_i4Cp.js                                    17.99 kB │ gzip:   6.44 kB
public/build/assets/index-Btv0s268.js                                   18.07 kB │ gzip:   2.18 kB
public/build/assets/security-DrA-EEFF.js                                18.07 kB │ gzip:   6.25 kB
public/build/assets/index-CIgaeVbD.js                                   18.07 kB │ gzip:   4.73 kB
public/build/assets/reports-BNos_A5B.js                                 18.09 kB │ gzip:   6.36 kB
public/build/assets/Show-CjlDAzdx.js                                    18.10 kB │ gzip:   6.11 kB
public/build/assets/Index-mZdXETCk.js                                   18.10 kB │ gzip:   7.34 kB
public/build/assets/show-xPgTYYBm.js                                    18.10 kB │ gzip:   6.67 kB
public/build/assets/show-_J_AjCAs.js                                    18.11 kB │ gzip:   6.60 kB
public/build/assets/health-clinical-shell-LWTOp72O.js                   18.15 kB │ gzip:   7.20 kB
public/build/assets/shift-coverage-Bk-aPGbz.js                          18.17 kB │ gzip:   6.42 kB
public/build/assets/daily-notes-C_h-HufP.js                             18.21 kB │ gzip:   6.71 kB
public/build/assets/_dialogs-Dd601iCU.js                                18.24 kB │ gzip:   6.68 kB
public/build/assets/Show-Bgupjqa5.js                                    18.28 kB │ gzip:   7.03 kB
public/build/assets/Show-Cp8zIdTc.js                                    18.29 kB │ gzip:   7.38 kB
public/build/assets/Index-DFbh5tCj.js                                   18.30 kB │ gzip:   7.47 kB
public/build/assets/operational-map-BvhrsvC4.js                         18.30 kB │ gzip:   6.19 kB
public/build/assets/book-vehicle-wizard-DdykAast.js                     18.31 kB │ gzip:   5.54 kB
public/build/assets/payslip-detail-fLLHWLqt.js                          18.33 kB │ gzip:   6.12 kB
public/build/assets/dashboard-ChCsRD9c.js                               18.33 kB │ gzip:   6.98 kB
public/build/assets/Edit-CfbAafUJ.js                                    18.34 kB │ gzip:   7.00 kB
public/build/assets/Show-CuJUF4vC.js                                    18.45 kB │ gzip:   7.19 kB
public/build/assets/announcement-wizard-Bm2bznuN.js                     18.46 kB │ gzip:   6.36 kB
public/build/assets/Show-yuh4ssu2.js                                    18.53 kB │ gzip:   7.44 kB
public/build/assets/index-8y7ClsHB.js                                   18.60 kB │ gzip:   6.57 kB
public/build/assets/create-wizard-DPRgIKkC.js                           18.69 kB │ gzip:   6.50 kB
public/build/assets/schedule-BL_0WmbV.js                                18.70 kB │ gzip:   6.42 kB
public/build/assets/directory-BXE32tSU.js                               18.70 kB │ gzip:   6.34 kB
public/build/assets/Show-DKlOyDeW.js                                    18.76 kB │ gzip:   7.56 kB
public/build/assets/index-BMtd7t33.js                                   18.79 kB │ gzip:   7.27 kB
public/build/assets/ppe-detail-dialog-9DzR4hCQ.js                       18.80 kB │ gzip:   6.40 kB
public/build/assets/show-B20r6oZd.js                                    18.83 kB │ gzip:   6.86 kB
public/build/assets/chains-BscqHpld.js                                  18.87 kB │ gzip:   6.65 kB
public/build/assets/_recipes-panel-sNMJbG7i.js                          18.90 kB │ gzip:   6.00 kB
public/build/assets/show-review-DwpUoszK.js                             18.94 kB │ gzip:   6.86 kB
public/build/assets/audit-logs-aaZ1OmQY.js                              19.01 kB │ gzip:   7.19 kB
public/build/assets/_dialogs-CisMfaQd.js                                19.07 kB │ gzip:   6.15 kB
public/build/assets/_maps-CtONq4gO.js                                   19.28 kB │ gzip:   6.78 kB
public/build/assets/goals-BgQ4LJeZ.js                                   19.31 kB │ gzip:   6.71 kB
public/build/assets/integrations-BWR9owul.js                            19.33 kB │ gzip:   6.69 kB
public/build/assets/show-DjxfgPYE.js                                    19.34 kB │ gzip:   7.14 kB
public/build/assets/edit-D9GfBUzW.js                                    19.38 kB │ gzip:   6.91 kB
public/build/assets/two-factor-CE07vc7a.js                              19.42 kB │ gzip:   7.23 kB
public/build/assets/_dialogs-CZ0csZNg.js                                19.43 kB │ gzip:   7.20 kB
public/build/assets/index-C2ibKPGR.js                                   19.44 kB │ gzip:   7.60 kB
public/build/assets/index-pTDfPBE1.js                                   19.44 kB │ gzip:   6.68 kB
public/build/assets/_templates-panel-_vwPUeC3.js                        19.54 kB │ gzip:   5.99 kB
public/build/assets/escalations-D4a4m7tt.js                             19.59 kB │ gzip:   8.16 kB
public/build/assets/calendar-sync-CQrLzB3c.js                           19.62 kB │ gzip:   7.44 kB
public/build/assets/index-BZID8cUN.js                                   19.64 kB │ gzip:   7.49 kB
public/build/assets/Shifts-7n1isCyg.js                                  19.64 kB │ gzip:   7.15 kB
public/build/assets/show-x_qIkUTE.js                                    19.71 kB │ gzip:   6.82 kB
public/build/assets/training-CEv5hHyo.js                                19.72 kB │ gzip:   6.55 kB
public/build/assets/Index-BMNRDGJ3.js                                   19.76 kB │ gzip:   8.25 kB
public/build/assets/show-D_est-AT.js                                    19.77 kB │ gzip:   7.47 kB
public/build/assets/Behaviour-Hz_zLvDK.js                               19.89 kB │ gzip:   6.99 kB
public/build/assets/Show-D9mIOTVz.js                                    19.90 kB │ gzip:   7.83 kB
public/build/assets/labels-se-W9RAV.js                                  19.91 kB │ gzip:   7.75 kB
public/build/assets/_dialogs-BCsRbpqi.js                                19.97 kB │ gzip:   7.02 kB
public/build/assets/Show-BsyZRF8s.js                                    19.97 kB │ gzip:   7.69 kB
public/build/assets/features-BIO2HFMj.js                                19.98 kB │ gzip:   5.23 kB
public/build/assets/index-BVk3jLbH.js                                   20.00 kB │ gzip:   7.79 kB
public/build/assets/index-COT1s5QJ.js                                   20.09 kB │ gzip:   7.44 kB
public/build/assets/edit-Bic0B87x.js                                    20.29 kB │ gzip:   7.56 kB
public/build/assets/broadcast-CLPDnmAB.js                               20.36 kB │ gzip:   7.84 kB
public/build/assets/dashboard-5wmp3LXP.js                               20.38 kB │ gzip:   7.55 kB
public/build/assets/index-mTX-yNvk.js                                   20.38 kB │ gzip:   7.36 kB
public/build/assets/index-Cz3sA7UK.js                                   20.40 kB │ gzip:   7.09 kB
public/build/assets/stats-BeywzJxI.js                                   20.42 kB │ gzip:   6.52 kB
public/build/assets/fixed-asset-dispose-dialog-Del39oBL.js              20.43 kB │ gzip:   6.67 kB
public/build/assets/note-wizard-BJTIFhLL.js                             20.54 kB │ gzip:   6.59 kB
public/build/assets/fleet-map-CZaXSFmP.js                               20.58 kB │ gzip:   7.16 kB
public/build/assets/_library-dialogs-BLzEO8x4.js                        20.59 kB │ gzip:   5.61 kB
public/build/assets/show-BbNs_hMH.js                                    20.60 kB │ gzip:   7.59 kB
public/build/assets/_error-dialogs-D-bFc3Yv.js                          20.68 kB │ gzip:   7.30 kB
public/build/assets/medications-BBA6qNKx.js                             20.69 kB │ gzip:   7.26 kB
public/build/assets/shifts-zDKw2QjO.js                                  20.71 kB │ gzip:   6.82 kB
public/build/assets/index-BkCmQe3F.js                                   20.73 kB │ gzip:   8.54 kB
public/build/assets/stocktake-modal-DHAmMYDG.js                         20.78 kB │ gzip:   6.96 kB
public/build/assets/shift-notes-dialog-DxWQ3RIK.js                      20.84 kB │ gzip:   7.80 kB
public/build/assets/calendar-BzbJlm_-.js                                20.85 kB │ gzip:   6.81 kB
public/build/assets/history-BzniGXbi.js                                 20.86 kB │ gzip:   7.21 kB
public/build/assets/record-observation-dialog-B_MGrBq2.js               20.96 kB │ gzip:   8.11 kB
public/build/assets/Index-Dnjj6bhX.js                                   21.04 kB │ gzip:   8.72 kB
public/build/assets/show-D0zk1KCp.js                                    21.05 kB │ gzip:   7.14 kB
public/build/assets/create-CK8p0ca9.js                                  21.06 kB │ gzip:   6.06 kB
public/build/assets/index-C3KBYR75.js                                   21.10 kB │ gzip:   8.62 kB
public/build/assets/index-6wiX0hMP.js                                   21.11 kB │ gzip:   8.39 kB
public/build/assets/add-device-dialog-DMu4Py7Z.js                       21.12 kB │ gzip:   7.34 kB
public/build/assets/index-d1Re6x_3.js                                   21.19 kB │ gzip:   7.72 kB
public/build/assets/map-BanObjrx.js                                     21.19 kB │ gzip:   6.64 kB
public/build/assets/balances-CWSL7nCR.js                                21.21 kB │ gzip:   8.53 kB
public/build/assets/Show-Dm9USNM5.js                                    21.28 kB │ gzip:   8.10 kB
public/build/assets/create-DgerrMV4.js                                  21.30 kB │ gzip:   7.17 kB
public/build/assets/show-PI9R_C9N.js                                    21.40 kB │ gzip:   7.55 kB
public/build/assets/show-8_bk--m8.js                                    21.44 kB │ gzip:   7.80 kB
public/build/assets/_dialogs-BuG18FLQ.js                                21.64 kB │ gzip:   7.66 kB
public/build/assets/parts-Er8UL6Kg.js                                   21.65 kB │ gzip:   6.76 kB
public/build/assets/Events-Cdjli1_3.js                                  21.79 kB │ gzip:   8.02 kB
public/build/assets/performance-wizards-CGkL7ZP8.js                     21.79 kB │ gzip:   7.44 kB
public/build/assets/Index-B3rgM-Hu.js                                   21.81 kB │ gzip:   8.39 kB
public/build/assets/review-builder-dialog-YPj8WI8N.js                   21.89 kB │ gzip:   7.70 kB
public/build/assets/index-Du3LXlE8.js                                   21.97 kB │ gzip:   8.07 kB
public/build/assets/create-BaD9P5_v.js                                  21.98 kB │ gzip:   8.75 kB
public/build/assets/calendar-DlAhA9N2.js                                21.98 kB │ gzip:   6.89 kB
public/build/assets/edit-DPHeoB6l.js                                    22.02 kB │ gzip:   7.40 kB
public/build/assets/ppe-create-wizards-C3_MGh9a.js                      22.05 kB │ gzip:   7.38 kB
public/build/assets/Index-QOnIQIYu.js                                   22.06 kB │ gzip:   8.50 kB
public/build/assets/home-CaaIu3fF.js                                    22.25 kB │ gzip:   5.38 kB
public/build/assets/incidents-ltD5zHFL.js                               22.28 kB │ gzip:   8.37 kB
public/build/assets/create-DbQlcgHz.js                                  22.32 kB │ gzip:   7.46 kB
public/build/assets/leave-request-dialog-5miV9W_L.js                    22.51 kB │ gzip:   7.53 kB
public/build/assets/show-C9NQ7Eor.js                                    22.53 kB │ gzip:   7.43 kB
public/build/assets/Index-Bvn2d_4L.js                                   22.68 kB │ gzip:   8.55 kB
public/build/assets/payslips-DsmWKybg.js                                22.69 kB │ gzip:   6.77 kB
public/build/assets/_dialogs-CwwGlfH9.js                                22.81 kB │ gzip:   8.45 kB
public/build/assets/incidents-BVTvnXZr.js                               22.96 kB │ gzip:   8.55 kB
public/build/assets/personal-details-DW6P_4F7.js                        22.99 kB │ gzip:   7.96 kB
public/build/assets/Show-D3ZQZLbX.js                                    23.11 kB │ gzip:   8.60 kB
public/build/assets/_competency-dialogs-BRpeWX4c.js                     23.20 kB │ gzip:   7.75 kB
public/build/assets/notifications-E-qmtyJR.js                           23.21 kB │ gzip:   8.31 kB
public/build/assets/resident-sidebar-DqyxhjmE.js                        23.21 kB │ gzip:   8.32 kB
public/build/assets/Show-CTsjVxBz.js                                    23.22 kB │ gzip:   7.96 kB
public/build/assets/Index-DmnlI4Jw.js                                   23.38 kB │ gzip:   7.77 kB
public/build/assets/index-DwtUNxfN.js                                   23.40 kB │ gzip:   8.12 kB
public/build/assets/Show-CZPhNqT4.js                                    23.47 kB │ gzip:   8.62 kB
public/build/assets/create-wizard-oB6XIJ29.js                           23.48 kB │ gzip:   8.17 kB
public/build/assets/unifi-ChvOd5fI.js                                   23.51 kB │ gzip:   7.16 kB
public/build/assets/show-Bq9g0siw.js                                    23.54 kB │ gzip:   7.68 kB
public/build/assets/Show-Bt2W1qnf.js                                    23.58 kB │ gzip:   9.02 kB
public/build/assets/booking-wizard-Bq6UWxAh.js                          23.70 kB │ gzip:   7.90 kB
public/build/assets/Index-BBrYZF4x.js                                   23.83 kB │ gzip:   9.25 kB
public/build/assets/_dialogs-CSricE56.js                                23.99 kB │ gzip:   8.98 kB
public/build/assets/analytics-charts-pVW2RTXX.js                        24.03 kB │ gzip:   6.47 kB
public/build/assets/one-BH4PxGQf.js                                     24.04 kB │ gzip:   8.31 kB
public/build/assets/index-CWbP-SVh.js                                   24.10 kB │ gzip:   8.98 kB
public/build/assets/page-hero-CaqVDAdL.js                               24.23 kB │ gzip:   7.29 kB
public/build/assets/Index-DoJb3Sk3.js                                   24.27 kB │ gzip:   8.55 kB
public/build/assets/ResolutionResultCard-BmC4PTLH.js                    24.31 kB │ gzip:   8.93 kB
public/build/assets/Create-ts7mXC0Q.js                                  24.32 kB │ gzip:   7.96 kB
public/build/assets/mar-governance-dialogs-COd3GjAH.js                  24.32 kB │ gzip:   7.56 kB
public/build/assets/restraint-event-wizard-DcheFG0O.js                  24.76 kB │ gzip:   8.04 kB
public/build/assets/governance-labels-CJgR2U5s.js                       24.81 kB │ gzip:   8.17 kB
public/build/assets/automations-Ciss1DEY.js                             24.83 kB │ gzip:   7.64 kB
public/build/assets/Show-BofgfQlY.js                                    24.85 kB │ gzip:  10.02 kB
public/build/assets/Show-CBPNEhSs.js                                    25.00 kB │ gzip:   8.78 kB
public/build/assets/_review-dialogs-C1v-9-k2.js                         25.05 kB │ gzip:   7.97 kB
public/build/assets/Show-C7zNg6MV.js                                    25.09 kB │ gzip:   9.67 kB
public/build/assets/Reconcile-B3qLhdEs.js                               25.11 kB │ gzip:   8.91 kB
public/build/assets/index-DzOKbg7D.js                                   25.15 kB │ gzip:   8.22 kB
public/build/assets/objective-wizard-DUdrkXv1.js                        25.18 kB │ gzip:   7.12 kB
public/build/assets/Medications-fuO0dkiy.js                             25.33 kB │ gzip:   9.21 kB
public/build/assets/Index-DOk1Mzk4.js                                   25.51 kB │ gzip:   7.91 kB
public/build/assets/Show-Dmyi8Drm.js                                    25.51 kB │ gzip:   9.79 kB
public/build/assets/sso-BRsOkBjM.js                                     25.61 kB │ gzip:   8.00 kB
public/build/assets/index-C4JbNHq6.js                                   25.61 kB │ gzip:   9.70 kB
public/build/assets/index-Cuzux3z5.js                                   25.61 kB │ gzip:   8.93 kB
public/build/assets/it-mailbox-Cv5MbHNK.js                              25.72 kB │ gzip:   8.75 kB
public/build/assets/show-CDRQlnnm.js                                    25.85 kB │ gzip:   8.15 kB
public/build/assets/milesight-Dnt_McJX.js                               25.97 kB │ gzip:   8.54 kB
public/build/assets/create-offer-CGZ0AWEK.js                            26.01 kB │ gzip:   8.85 kB
public/build/assets/vendor-utils-Dr6D9L7d.js                            26.13 kB │ gzip:   8.47 kB
public/build/assets/dashboard-DQiiGp9O.js                               26.14 kB │ gzip:   8.09 kB
public/build/assets/record-assessment-dialog-Bc91_8Yt.js                26.21 kB │ gzip:   9.51 kB
public/build/assets/Index-CWJ_PwvY.js                                   26.25 kB │ gzip:   9.77 kB
public/build/assets/documents-wizards-ZCQ4xTDv.js                       26.26 kB │ gzip:   9.25 kB
public/build/assets/_dialogs-BaXBdvUq.js                                26.35 kB │ gzip:   8.33 kB
public/build/assets/transport-medication-dialogs-B5XiXg4P.js            26.38 kB │ gzip:   6.09 kB
public/build/assets/show-Cnwi1vyY.js                                    26.43 kB │ gzip:   8.99 kB
public/build/assets/index-Dp7i6ZQS.js                                   26.44 kB │ gzip:   9.04 kB
public/build/assets/show-DfALvRYc.js                                    26.61 kB │ gzip:   7.70 kB
public/build/assets/Handovers-mrck2lsY.js                               26.77 kB │ gzip:  10.45 kB
public/build/assets/_workspace-dialogs-D_G3iuhA.js                      26.83 kB │ gzip:   8.78 kB
public/build/assets/create-WdlJTSVl.js                                  26.91 kB │ gzip:   7.53 kB
public/build/assets/index-BLcxmIPP.js                                   27.20 kB │ gzip:   9.71 kB
public/build/assets/show-Cn4X1cdW.js                                    27.24 kB │ gzip:   9.09 kB
public/build/assets/index-CHiSfZbL.js                                   27.39 kB │ gzip:   9.50 kB
public/build/assets/SelfAdmin-DZlbgGLD.js                               27.51 kB │ gzip:   9.14 kB
public/build/assets/provisioning-command-dialog-BOw-99Fp.js             27.65 kB │ gzip:  10.76 kB
public/build/assets/care-support-plan-Cx1sRC3P.js                       27.67 kB │ gzip:   9.14 kB
public/build/assets/show-DL7f9Ve9.js                                    27.74 kB │ gzip:   9.81 kB
public/build/assets/Index-sh01-CKq.js                                   27.81 kB │ gzip:  10.46 kB
public/build/assets/index-bQY-9hCk.js                                   27.85 kB │ gzip:   9.85 kB
public/build/assets/index-zcMvQFdy.js                                   27.85 kB │ gzip:   9.32 kB
public/build/assets/index-DY1kg5nH.js                                   27.89 kB │ gzip:   9.80 kB
public/build/assets/edit-CipONE2g.js                                    28.00 kB │ gzip:   9.33 kB
public/build/assets/smart-monitoring-DjEQydbD.js                        28.05 kB │ gzip:   6.49 kB
public/build/assets/index-CsrOD-Ao.js                                   28.14 kB │ gzip:   8.94 kB
public/build/assets/Index-CA7jh6-v.js                                   28.17 kB │ gzip:  10.45 kB
public/build/assets/index-BkxTqp7u.js                                   28.33 kB │ gzip:   9.22 kB
public/build/assets/show-cwBHjLyi.js                                    28.50 kB │ gzip:  10.01 kB
public/build/assets/show-DC2JAwdA.js                                    28.81 kB │ gzip:   8.56 kB
public/build/assets/_self-admin-dialogs-Dh6ImAyn.js                     28.81 kB │ gzip:   9.49 kB
public/build/assets/show-7OTOFNhf.js                                    28.82 kB │ gzip:  10.35 kB
public/build/assets/index-BlDjaS5z.js                                   28.85 kB │ gzip:   8.69 kB
public/build/assets/Show-DPmtSExL.js                                    29.10 kB │ gzip:   9.14 kB
public/build/assets/guided-round-dialog-CNscT6X6.js                     29.15 kB │ gzip:   9.61 kB
public/build/assets/Create-lm1Z7Xj9.js                                  29.16 kB │ gzip:  10.19 kB
public/build/assets/leaflet-map-CyEe5Ff8.js                             29.23 kB │ gzip:  10.57 kB
public/build/assets/templates-cmK4hScE.js                               29.71 kB │ gzip:  10.57 kB
public/build/assets/documents-stPLwWlS.js                               29.75 kB │ gzip:   9.26 kB
public/build/assets/_dialogs-D1AGvFs-.js                                30.04 kB │ gzip:  10.02 kB
public/build/assets/run-modal-BGos6ii_.js                               30.05 kB │ gzip:  10.26 kB
public/build/assets/asset-wizard-dialog-BIKFIMgb.js                     30.17 kB │ gzip:  10.26 kB
public/build/assets/procedure-detail-dialog-BUL0328d.js                 30.20 kB │ gzip:   9.63 kB
public/build/assets/index--rhqoY3G.js                                   30.27 kB │ gzip:   9.95 kB
public/build/assets/page-header-Co0kXnib.js                             30.31 kB │ gzip:   9.23 kB
public/build/assets/show-Cu0D-hTW.js                                    30.37 kB │ gzip:   9.85 kB
public/build/assets/_dialogs-DItN41-d.js                                30.42 kB │ gzip:   9.20 kB
public/build/assets/_dialogs-6QW0mO-u.js                                30.56 kB │ gzip:  10.93 kB
public/build/assets/Show-QhScppMr.js                                    30.63 kB │ gzip:  11.05 kB
public/build/assets/Competency-Dk5mJ0Oz.js                              30.65 kB │ gzip:  10.32 kB
public/build/assets/MedicationErrors-YFFpMz1f.js                        30.91 kB │ gzip:  11.25 kB
public/build/assets/_hero-BlJSgGXr.js                                   30.97 kB │ gzip:   9.78 kB
public/build/assets/access-CB_At_XK.js                                  31.18 kB │ gzip:  10.25 kB
public/build/assets/_shopping-list-panel-BnvYxQqw.js                    31.35 kB │ gzip:  11.01 kB
public/build/assets/index-i3eqDcyi.js                                   31.44 kB │ gzip:  10.78 kB
public/build/assets/Reviews-Bxteaugr.js                                 31.82 kB │ gzip:  10.48 kB
public/build/assets/_dialogs-DirqNDhv.js                                31.87 kB │ gzip:   9.50 kB
public/build/assets/_stock-dialogs-DxBCXEUo.js                          31.91 kB │ gzip:   9.55 kB
public/build/assets/notification-escalations-CDpvLG52.js                32.22 kB │ gzip:  10.06 kB
public/build/assets/email-settings-DhF7yG2E.js                          32.31 kB │ gzip:  10.36 kB
public/build/assets/access-BAbjQTg9.js                                  32.62 kB │ gzip:  11.64 kB
public/build/assets/index-DgXs_hBb.js                                   32.99 kB │ gzip:  11.99 kB
public/build/assets/_dialogs-tDQcJb0V.js                                33.24 kB │ gzip:  10.69 kB
public/build/assets/Show-CC5bl6A-.js                                    33.34 kB │ gzip:  11.70 kB
public/build/assets/Show-DX7Ij973.js                                    33.66 kB │ gzip:  11.78 kB
public/build/assets/index-C-fvzuy1.js                                   33.68 kB │ gzip:  11.61 kB
public/build/assets/index-spsK8x5w.js                                   34.08 kB │ gzip:  11.66 kB
public/build/assets/index-uGn_HqNo.js                                   34.45 kB │ gzip:  12.28 kB
public/build/assets/show-BINlxYeW.js                                    34.86 kB │ gzip:  10.70 kB
public/build/assets/Destructions-Dd1B0hTw.js                            34.86 kB │ gzip:  12.48 kB
public/build/assets/medical-Yp6EiNjV.js                                 34.93 kB │ gzip:   7.91 kB
public/build/assets/_prescription-dialogs-Bu_HByK0.js                   35.13 kB │ gzip:   9.93 kB
public/build/assets/index-DO7TrXot.js                                   35.22 kB │ gzip:  11.95 kB
public/build/assets/Index-B67EVYM8.js                                   35.32 kB │ gzip:  11.59 kB
public/build/assets/_cd-dialogs-DRlVaESs.js                             35.36 kB │ gzip:   9.45 kB
public/build/assets/documents-Cs4zigHY.js                               35.58 kB │ gzip:  11.46 kB
public/build/assets/index-ANr6Y2RO.js                                   35.88 kB │ gzip:  12.45 kB
public/build/assets/index-CP5eYpda.js                                   36.61 kB │ gzip:  11.80 kB
public/build/assets/messages-w_YSHWSQ.js                                36.67 kB │ gzip:  11.91 kB
public/build/assets/reviews-CzFPX5KA.js                                 36.83 kB │ gzip:  11.60 kB
public/build/assets/index-HhfjRtO9.js                                   37.20 kB │ gzip:  13.99 kB
public/build/assets/handover-DNSxjQrO.js                                37.41 kB │ gzip:  11.85 kB
public/build/assets/Create-BM3n9oA1.js                                  37.42 kB │ gzip:  12.13 kB
public/build/assets/index-DTJMGPYr.js                                   37.76 kB │ gzip:  11.81 kB
public/build/assets/_inspector-DjXC6gbT.js                              37.97 kB │ gzip:  11.56 kB
public/build/assets/documents-BwzoQM5E.js                               38.07 kB │ gzip:  12.62 kB
public/build/assets/Dashboard-CHusKv7W.js                               38.14 kB │ gzip:  14.35 kB
public/build/assets/index-DkZzn_3D.js                                   38.17 kB │ gzip:  14.61 kB
public/build/assets/Show-DjGhXBuy.js                                    38.19 kB │ gzip:  14.48 kB
public/build/assets/global-Bu53HPEt.js                                  38.47 kB │ gzip:  12.90 kB
public/build/assets/hazard-register-BInYLXB0.js                         38.49 kB │ gzip:  12.70 kB
public/build/assets/Reports-DLHyHQ8V.js                                 38.62 kB │ gzip:  12.97 kB
public/build/assets/Show-BtfWQNTC.js                                    39.53 kB │ gzip:  11.43 kB
public/build/assets/index-B9rqAAsI.js                                   39.57 kB │ gzip:  13.07 kB
public/build/assets/index-DxUck5cR.js                                   40.05 kB │ gzip:  13.13 kB
public/build/assets/index-CsXMrnZ6.js                                   40.33 kB │ gzip:  12.99 kB
public/build/assets/index-BKlzQ2hT.js                                   40.41 kB │ gzip:  13.86 kB
public/build/assets/case-wizards-Cqebzb7R.js                            40.74 kB │ gzip:  11.63 kB
public/build/assets/compliance-wizards-D8-wqcTq.js                      40.85 kB │ gzip:  12.72 kB
public/build/assets/index-D8cdXtJV.js                                   40.96 kB │ gzip:  14.77 kB
public/build/assets/index-CGpquDm5.js                                   41.00 kB │ gzip:  13.41 kB
public/build/assets/index-Cto1sv_A.js                                   41.35 kB │ gzip:  14.41 kB
public/build/assets/_dialogs-DxX0Ya1a.js                                41.37 kB │ gzip:  12.04 kB
public/build/assets/index-DbOUPQmV.js                                   41.57 kB │ gzip:  14.15 kB
public/build/assets/bands-5YGc0HqE.js                                   41.64 kB │ gzip:  14.36 kB
public/build/assets/Edit-BHyqcLko.js                                    41.87 kB │ gzip:  13.36 kB
public/build/assets/profile-B13yijQj.js                                 41.99 kB │ gzip:  14.17 kB
public/build/assets/index-BKE2Xt4d.js                                   42.01 kB │ gzip:  15.18 kB
public/build/assets/app-layout-Bb6IEcpi.js                              42.04 kB │ gzip:  13.22 kB
public/build/assets/discovery-Bt_iqzgk.js                               42.60 kB │ gzip:  12.99 kB
public/build/assets/index-BZY0nnhZ.js                                   42.80 kB │ gzip:  13.82 kB
public/build/assets/sso-config-D_U2BwWv.js                              42.83 kB │ gzip:  13.95 kB
public/build/assets/studio-kit-369HUgCL.js                              42.90 kB │ gzip:  15.35 kB
public/build/assets/handover-wizard-BQGRCKC1.js                         43.04 kB │ gzip:  13.62 kB
public/build/assets/core.esm-D5j4X1h1.js                                43.17 kB │ gzip:  14.39 kB
public/build/assets/service-contexts-CTB_lO-Z.js                        43.76 kB │ gzip:  14.03 kB
public/build/assets/_dialogs-De9lGmb9.js                                43.77 kB │ gzip:  14.04 kB
public/build/assets/StockManagement-DbwwrH9_.js                         43.91 kB │ gzip:  13.14 kB
public/build/assets/show-Lxj4FpoA.js                                    44.28 kB │ gzip:  14.96 kB
public/build/assets/Dashboard-BrXa3fpK.js                               44.29 kB │ gzip:  10.87 kB
public/build/assets/show-Bi0f2t2C.js                                    44.29 kB │ gzip:  14.97 kB
public/build/assets/Index-BqtwoW8Q.js                                   44.30 kB │ gzip:  15.22 kB
public/build/assets/_canvas-B9QKFxzL.js                                 44.48 kB │ gzip:  12.88 kB
public/build/assets/branding-Bsah7zRK.js                                44.82 kB │ gzip:  14.01 kB
public/build/assets/asset-wizards-DVOerX4d.js                           45.18 kB │ gzip:  13.10 kB
public/build/assets/AuditLog-C7Vm_rfv.js                                45.34 kB │ gzip:  15.30 kB
public/build/assets/index-CxMDbqlf.js                                   45.61 kB │ gzip:  13.01 kB
public/build/assets/MarCharts-BKJRLrDI.js                               45.73 kB │ gzip:  15.83 kB
public/build/assets/Prescriptions-BOxtVWD7.js                           46.39 kB │ gzip:  14.09 kB
public/build/assets/incident-detail-dialog-CEfLkPI6.js                  47.33 kB │ gzip:  14.29 kB
public/build/assets/Show-B9suIcVL.js                                    47.35 kB │ gzip:  16.44 kB
public/build/assets/drill-detail-dialog-Qugdf0px.js                     47.88 kB │ gzip:  13.51 kB
public/build/assets/incident-report-dialog-BhgFHO1-.js                  48.28 kB │ gzip:  15.87 kB
public/build/assets/Rounds-jHsj-DEj.js                                  48.28 kB │ gzip:  15.19 kB
public/build/assets/_dialogs-DL8mdHau.js                                48.54 kB │ gzip:  14.35 kB
public/build/assets/dashboard-CMa3QBJK.js                               48.57 kB │ gzip:  16.14 kB
public/build/assets/index-DA3pJiy7.js                                   48.95 kB │ gzip:  15.66 kB
public/build/assets/create-shift-dialog-CQLx8ieJ.js                     49.10 kB │ gzip:  14.23 kB
public/build/assets/index-D2bee7ow.js                                   49.33 kB │ gzip:  15.20 kB
public/build/assets/_wizard-CW0LL67M.js                                 49.42 kB │ gzip:  15.34 kB
public/build/assets/welcome-BjU6C8JG.js                                 50.21 kB │ gzip:   9.57 kB
public/build/assets/index-BAWmjQb3.js                                   51.12 kB │ gzip:  16.09 kB
public/build/assets/index-B930hJP9.js                                   51.86 kB │ gzip:  15.99 kB
public/build/assets/ra-wizard-dialog-B9-SVwoA.js                        51.97 kB │ gzip:  16.28 kB
public/build/assets/family-dashboard-wl5d4JI9.js                        52.01 kB │ gzip:  15.13 kB
public/build/assets/show-C22Etru7.js                                    52.17 kB │ gzip:  17.78 kB
public/build/assets/hazard-detail-dialog-CjFGS5Tt.js                    52.62 kB │ gzip:  15.18 kB
public/build/assets/index-DCuCvmsQ.js                                   52.93 kB │ gzip:  16.06 kB
public/build/assets/settings-Ci9B9NDe.js                                53.37 kB │ gzip:  15.57 kB
public/build/assets/transport-C8gQbnW1.js                               54.18 kB │ gzip:  18.44 kB
public/build/assets/index-DTbrr6hb.js                                   56.72 kB │ gzip:  19.20 kB
public/build/assets/CockpitLayout-B0SRG_7L.js                           57.41 kB │ gzip:  17.88 kB
public/build/assets/Show-C6ULmh_B.js                                    57.44 kB │ gzip:  17.35 kB
public/build/assets/workspace-CyjBGfQf.js                               57.98 kB │ gzip:  20.50 kB
public/build/assets/device-profile-sections-FDAZiZlJ.js                 58.15 kB │ gzip:  16.94 kB
public/build/assets/workspace-S2ouRmds.js                               58.27 kB │ gzip:  19.04 kB
public/build/assets/dashboard-DVzIl1va.js                               58.79 kB │ gzip:  16.97 kB
public/build/assets/show-BeTCQD3b.js                                    58.87 kB │ gzip:  20.12 kB
public/build/assets/my-hr-shell-C-1Z2zdA.js                             59.82 kB │ gzip:  18.82 kB
public/build/assets/Index-Duo6_uUd.js                                   59.99 kB │ gzip:  19.16 kB
public/build/assets/medical-BRdg6PpL.js                                 60.27 kB │ gzip:  12.09 kB
public/build/assets/PrnRecords-EmUGVVgB.js                              60.78 kB │ gzip:  18.70 kB
public/build/assets/conflicts-BuEpCzo2.js                               61.26 kB │ gzip:  19.81 kB
public/build/assets/Show-CNP11R8c.js                                    62.55 kB │ gzip:  21.44 kB
public/build/assets/_parts-CalQBYYX.js                                  62.84 kB │ gzip:  20.37 kB
public/build/assets/settings-CyFWrk4o.js                                63.36 kB │ gzip:  17.25 kB
public/build/assets/index-Cpqb5Em2.js                                   64.32 kB │ gzip:  19.35 kB
public/build/assets/dashboard-COR-qHWL.js                               64.51 kB │ gzip:  20.39 kB
public/build/assets/data-C_astPN8.js                                    64.67 kB │ gzip:  14.02 kB
public/build/assets/monitoring-CWMl3VZM.js                              65.82 kB │ gzip:  19.57 kB
public/build/assets/ControlledDrugs-CQ3qTxxp.js                         65.87 kB │ gzip:  20.45 kB
public/build/assets/catalog-BsdYzue2.js                                 66.79 kB │ gzip:  17.76 kB
public/build/assets/Show-_TfW7-va.js                                    67.34 kB │ gzip:  19.36 kB
public/build/assets/show-DsrqMHgZ.js                                    67.81 kB │ gzip:  15.11 kB
public/build/assets/show-COBAw-Ln.js                                    68.61 kB │ gzip:  20.34 kB
public/build/assets/index-CCdN719l.js                                   69.10 kB │ gzip:  21.47 kB
public/build/assets/index-DcNYPGfi.js                                   69.39 kB │ gzip:  21.90 kB
public/build/assets/analytics-BHfw_38a.js                               70.66 kB │ gzip:  23.94 kB
public/build/assets/SiteCalendar-BvbWMwuN.js                            71.79 kB │ gzip:  22.73 kB
public/build/assets/concern-dialog-BMVzliSN.js                          72.32 kB │ gzip:  20.08 kB
public/build/assets/legacy-profile-sections-Cd8WQoOU.js                 72.99 kB │ gzip:  19.50 kB
public/build/assets/show-GlNXLFw2.js                                    74.33 kB │ gzip:  23.12 kB
public/build/assets/index-916c-mwq.js                                   77.45 kB │ gzip:  22.58 kB
public/build/assets/_calendar-grid-lCa81-QY.js                          77.48 kB │ gzip:  22.96 kB
public/build/assets/index-CckFgYQE.js                                   78.31 kB │ gzip:  23.86 kB
public/build/assets/index-CXZS0A9K.js                                   80.63 kB │ gzip:  23.37 kB
public/build/assets/index-BxtCqgvi.js                                   81.93 kB │ gzip:  24.57 kB
public/build/assets/_create-dialog-Dj9tVdAn.js                          81.96 kB │ gzip:  27.49 kB
public/build/assets/index-B_WRZe-Y.js                                   83.79 kB │ gzip:  27.24 kB
public/build/assets/index-8WsEX9dh.js                                   86.98 kB │ gzip:  24.99 kB
public/build/assets/Index-C7nrdZtj.js                                   88.80 kB │ gzip:  26.82 kB
public/build/assets/index-JEMPaugW.js                                   88.81 kB │ gzip:  27.31 kB
public/build/assets/index-B2TfAmUb.js                                   89.15 kB │ gzip:  28.48 kB
public/build/assets/staff-page-shell-C4n9ZOXK.js                        91.54 kB │ gzip:  27.08 kB
public/build/assets/index-tscTwbUR.js                                   94.99 kB │ gzip:  28.23 kB
public/build/assets/show-CRx0jhjk.js                                    99.29 kB │ gzip:  25.83 kB
public/build/assets/ticket-intake-fields-CsN5p3fE.js                   102.61 kB │ gzip:  30.27 kB
public/build/assets/index-CR8p5Ps7.js                                  103.44 kB │ gzip:  31.13 kB
public/build/assets/index-DUljxF0U.js                                  104.08 kB │ gzip:  31.61 kB
public/build/assets/index-CW1ixdIv.js                                  107.50 kB │ gzip:  31.48 kB
public/build/assets/show-BrlOo-Tz.js                                   109.20 kB │ gzip:  34.49 kB
public/build/assets/queclink-hub-DIXvBo0g.js                           109.82 kB │ gzip:  33.68 kB
public/build/assets/it-wizards-BBLAi7bF.js                             111.72 kB │ gzip:  35.87 kB
public/build/assets/index-Dx-3C_1D.js                                  111.96 kB │ gzip:  30.57 kB
public/build/assets/workspace-CEepBqpC.js                              128.30 kB │ gzip:  38.70 kB
public/build/assets/jsQR-EsnENd7U.js                                   130.72 kB │ gzip:  47.46 kB
public/build/assets/ticket-reopen-dialog-BJNLFC69.js                   145.73 kB │ gzip:  46.13 kB
public/build/assets/event-detail-dialog-CHRndVM3.js                    148.01 kB │ gzip:  38.85 kB
public/build/assets/vendor-maps-CTUbLoeq.js                            149.92 kB │ gzip:  43.49 kB
public/build/assets/index-B5zikCbG.js                                  156.03 kB │ gzip:  42.62 kB
public/build/assets/index-Bpk_V2-h.js                                  156.25 kB │ gzip:  45.42 kB
public/build/assets/alert-workspace-dialog-CANWaZWr.js                 158.46 kB │ gzip:  44.47 kB
public/build/assets/index-B-wNwUEu.js                                  159.70 kB │ gzip:  45.17 kB
public/build/assets/show-DvBwKjRB.js                                   170.78 kB │ gzip:  52.80 kB
public/build/assets/knowledge-revision-dialog-BuoN8gvD.js              176.90 kB │ gzip:  49.52 kB
public/build/assets/vendor-react-C99fm9h8.js                           193.87 kB │ gzip:  60.86 kB
public/build/assets/vendor-inertia-L00mYErJ.js                         195.04 kB │ gzip:  65.83 kB
public/build/assets/category-Cn-6Iqb8.js                               206.62 kB │ gzip:  51.99 kB
public/build/assets/index-C-_8_6S4.js                                  215.18 kB │ gzip:  68.45 kB
public/build/assets/index-B05w3WJI.js                                  236.43 kB │ gzip:  70.79 kB
public/build/assets/vendor-calendar-NWT3TLWG.js                        267.92 kB │ gzip:  79.12 kB
public/build/assets/vendor-ui-w1Ikxf0L.js                              276.38 kB │ gzip:  76.83 kB
public/build/assets/index-DyzB-Ou3.js                                  317.47 kB │ gzip:  88.20 kB
public/build/assets/show-vwTpvMuM.js                                   328.64 kB │ gzip:  98.20 kB
public/build/assets/show-gZbClsn5.js                                   350.66 kB │ gzip:  98.95 kB
public/build/assets/vendor-charts-CmHJuDn5.js                          401.58 kB │ gzip: 116.07 kB
public/build/assets/pdf-YYBQA8p7.js                                    437.74 kB │ gzip: 131.10 kB
public/build/assets/app-CqNo4eDe.js                                    537.99 kB │ gzip:  86.67 kB
public/build/assets/show-SnVle5Ky.js                                   714.40 kB │ gzip: 229.08 kB

(!) Some chunks are larger than 500 kB after minification. Consider:
- Using dynamic import() to code-split the application
- Use build.rollupOptions.output.manualChunks to improve chunking: https://rollupjs.org/configuration-options/#output-manualchunks
- Adjust chunk size limit for this warning via build.chunkSizeWarningLimit.
✓ built in 5m 59s
