vite v7.3.6 building client environment for production...
[plugin @laravel/vite-plugin-wayfinder] Types generated for actions, routes, form variants
transforming...
✓ 5486 modules transformed.
rendering chunks...
computing gzip size...
public/build/pdfjs/cmaps/CNS2-V.bcmap                                    0.09 kB
public/build/pdfjs/cmaps/Roman.bcmap                                     0.10 kB
public/build/pdfjs/cmaps/Katakana.bcmap                                  0.10 kB
public/build/pdfjs/cmaps/ETenms-B5-H.bcmap                               0.10 kB
public/build/pdfjs/cmaps/UniJIS-UCS2-HW-H.bcmap                          0.12 kB
public/build/pdfjs/cmaps/Hiragana.bcmap                                  0.12 kB
public/build/pdfjs/cmaps/Hankaku.bcmap                                   0.13 kB
public/build/pdfjs/cmaps/B5-V.bcmap                                      0.14 kB
public/build/pdfjs/cmaps/CNS1-V.bcmap                                    0.14 kB
public/build/pdfjs/cmaps/B5pc-V.bcmap                                    0.14 kB
public/build/pdfjs/cmaps/HKdla-B5-V.bcmap                                0.15 kB
public/build/pdfjs/cmaps/HKdlb-B5-V.bcmap                                0.15 kB
public/build/pdfjs/cmaps/HKgccs-B5-V.bcmap                               0.15 kB
public/build/pdfjs/cmaps/HKm314-B5-V.bcmap                               0.15 kB
public/build/pdfjs/cmaps/HKm471-B5-V.bcmap                               0.15 kB
public/build/pdfjs/cmaps/UniCNS-UCS2-V.bcmap                             0.16 kB
public/build/pdfjs/cmaps/UniCNS-UTF16-V.bcmap                            0.16 kB
public/build/pdfjs/cmaps/UniCNS-UTF8-V.bcmap                             0.16 kB
public/build/pdfjs/cmaps/ETen-B5-V.bcmap                                 0.16 kB
public/build/pdfjs/cmaps/ETHK-B5-V.bcmap                                 0.16 kB
public/build/pdfjs/cmaps/HKscs-B5-V.bcmap                                0.16 kB
public/build/pdfjs/cmaps/KSC-V.bcmap                                     0.16 kB
public/build/pdfjs/cmaps/UniCNS-UTF32-V.bcmap                            0.16 kB
public/build/pdfjs/cmaps/KSC-EUC-V.bcmap                                 0.16 kB
public/build/pdfjs/cmaps/UniKS-UTF16-V.bcmap                             0.16 kB
public/build/pdfjs/cmaps/KSC-Johab-V.bcmap                               0.17 kB
public/build/pdfjs/cmaps/KSCms-UHC-V.bcmap                               0.17 kB
public/build/pdfjs/cmaps/KSCpc-EUC-V.bcmap                               0.17 kB
public/build/pdfjs/cmaps/V.bcmap                                         0.17 kB
public/build/pdfjs/cmaps/UniKS-UTF32-V.bcmap                             0.17 kB
public/build/pdfjs/cmaps/78-V.bcmap                                      0.17 kB
public/build/pdfjs/cmaps/KSCms-UHC-HW-V.bcmap                            0.17 kB
public/build/pdfjs/cmaps/UniKS-UTF8-V.bcmap                              0.17 kB
public/build/pdfjs/cmaps/EUC-V.bcmap                                     0.17 kB
public/build/pdfjs/cmaps/RKSJ-V.bcmap                                    0.17 kB
public/build/pdfjs/cmaps/ETenms-B5-V.bcmap                               0.17 kB
public/build/pdfjs/cmaps/78-EUC-V.bcmap                                  0.17 kB
public/build/pdfjs/cmaps/78-RKSJ-V.bcmap                                 0.17 kB
public/build/pdfjs/cmaps/GB-V.bcmap                                      0.18 kB
public/build/pdfjs/cmaps/GBT-V.bcmap                                     0.18 kB
public/build/pdfjs/cmaps/UniGB-UTF16-V.bcmap                             0.18 kB
public/build/pdfjs/cmaps/UniKS-UCS2-V.bcmap                              0.18 kB
public/build/pdfjs/cmaps/GB-EUC-V.bcmap                                  0.18 kB
public/build/pdfjs/cmaps/WP-Symbol.bcmap                                 0.18 kB
public/build/pdfjs/cmaps/GBK-EUC-V.bcmap                                 0.18 kB
public/build/pdfjs/cmaps/GBT-EUC-V.bcmap                                 0.18 kB
public/build/pdfjs/cmaps/GBKp-EUC-V.bcmap                                0.18 kB
public/build/pdfjs/cmaps/GBpc-EUC-V.bcmap                                0.18 kB
public/build/pdfjs/cmaps/UniGB-UTF8-V.bcmap                              0.18 kB
public/build/pdfjs/cmaps/GBTpc-EUC-V.bcmap                               0.18 kB
public/build/pdfjs/cmaps/UniGB-UTF32-V.bcmap                             0.18 kB
public/build/pdfjs/cmaps/UniGB-UCS2-V.bcmap                              0.19 kB
public/build/pdfjs/cmaps/Ext-V.bcmap                                     0.22 kB
public/build/pdfjs/cmaps/Adobe-GB1-0.bcmap                               0.22 kB
public/build/pdfjs/cmaps/Ext-RKSJ-V.bcmap                                0.22 kB
public/build/pdfjs/cmaps/GBK2K-V.bcmap                                   0.22 kB
public/build/pdfjs/cmaps/Adobe-Japan1-0.bcmap                            0.23 kB
public/build/pdfjs/cmaps/Adobe-Japan1-1.bcmap                            0.23 kB
public/build/pdfjs/cmaps/Adobe-Japan1-2.bcmap                            0.23 kB
public/build/pdfjs/cmaps/Adobe-Korea1-0.bcmap                            0.24 kB
public/build/pdfjs/cmaps/Adobe-Japan1-3.bcmap                            0.24 kB
public/build/pdfjs/cmaps/Adobe-GB1-1.bcmap                               0.25 kB
public/build/pdfjs/cmaps/NWP-V.bcmap                                     0.25 kB
public/build/pdfjs/cmaps/90pv-RKSJ-V.bcmap                               0.26 kB
public/build/pdfjs/cmaps/Add-V.bcmap                                     0.28 kB
public/build/pdfjs/cmaps/Add-RKSJ-V.bcmap                                0.29 kB
public/build/pdfjs/cmaps/78ms-RKSJ-V.bcmap                               0.29 kB
public/build/pdfjs/cmaps/90ms-RKSJ-V.bcmap                               0.29 kB
public/build/pdfjs/cmaps/90msp-RKSJ-V.bcmap                              0.29 kB
public/build/pdfjs/cmaps/Adobe-CNS1-0.bcmap                              0.32 kB
public/build/pdfjs/cmaps/Adobe-Japan1-4.bcmap                            0.34 kB
public/build/pdfjs/cmaps/Adobe-CNS1-1.bcmap                              0.37 kB
public/build/pdfjs/cmaps/Adobe-CNS1-2.bcmap                              0.38 kB
public/build/pdfjs/cmaps/Adobe-Korea1-1.bcmap                            0.39 kB
public/build/pdfjs/cmaps/Adobe-Korea1-2.bcmap                            0.39 kB
public/build/pdfjs/cmaps/Adobe-CNS1-3.bcmap                              0.40 kB
public/build/pdfjs/cmaps/Adobe-CNS1-4.bcmap                              0.41 kB
public/build/pdfjs/cmaps/Adobe-CNS1-5.bcmap                              0.41 kB
public/build/pdfjs/cmaps/Adobe-CNS1-6.bcmap                              0.41 kB
public/build/pdfjs/cmaps/Adobe-Japan1-5.bcmap                            0.43 kB
public/build/pdfjs/cmaps/Adobe-GB1-2.bcmap                               0.47 kB
public/build/pdfjs/cmaps/Adobe-GB1-3.bcmap                               0.47 kB
public/build/pdfjs/cmaps/Adobe-Japan1-6.bcmap                            0.49 kB
public/build/pdfjs/cmaps/CNS2-H.bcmap                                    0.50 kB
public/build/pdfjs/cmaps/GB-H.bcmap                                      0.53 kB
public/build/pdfjs/cmaps/RKSJ-H.bcmap                                    0.53 kB
public/build/pdfjs/cmaps/GB-EUC-H.bcmap                                  0.55 kB
public/build/pdfjs/cmaps/H.bcmap                                         0.55 kB
public/build/pdfjs/wasm/LICENSE_PDFJS_JBIG2                              0.56 kB
public/build/pdfjs/cmaps/GBpc-EUC-H.bcmap                                0.56 kB
public/build/pdfjs/cmaps/EUC-H.bcmap                                     0.58 kB
public/build/pdfjs/cmaps/Adobe-GB1-4.bcmap                               0.60 kB
public/build/pdfjs/cmaps/Adobe-GB1-5.bcmap                               0.63 kB
public/build/pdfjs/cmaps/UniJIS-UTF16-V.bcmap                            0.64 kB
public/build/pdfjs/cmaps/UniJIS2004-UTF16-V.bcmap                        0.65 kB
public/build/pdfjs/cmaps/UniJIS-UCS2-V.bcmap                             0.66 kB
public/build/pdfjs/cmaps/UniJIS-UTF32-V.bcmap                            0.68 kB
public/build/pdfjs/cmaps/UniJIS-UTF8-V.bcmap                             0.68 kB
public/build/pdfjs/cmaps/UniJIS-UCS2-HW-V.bcmap                          0.68 kB
public/build/pdfjs/cmaps/UniJIS2004-UTF32-V.bcmap                        0.68 kB
public/build/pdfjs/cmaps/UniJIS2004-UTF8-V.bcmap                         0.68 kB
public/build/pdfjs/cmaps/UniJISX0213-UTF32-V.bcmap                       0.68 kB
public/build/pdfjs/cmaps/UniJISX02132004-UTF32-V.bcmap                   0.69 kB
public/build/pdfjs/cmaps/UniJISPro-UCS2-V.bcmap                          0.69 kB
public/build/assets/layers-BWBAp2CZ.png                                  0.70 kB
public/build/pdfjs/cmaps/UniJISPro-UCS2-HW-V.bcmap                       0.71 kB
public/build/pdfjs/cmaps/CNS1-H.bcmap                                    0.71 kB
public/build/pdfjs/cmaps/90msp-RKSJ-H.bcmap                              0.72 kB
public/build/pdfjs/cmaps/90ms-RKSJ-H.bcmap                               0.72 kB
public/build/pdfjs/cmaps/UniJISPro-UTF8-V.bcmap                          0.73 kB
public/build/pdfjs/cmaps/83pv-RKSJ-H.bcmap                               0.91 kB
public/build/pdfjs/cmaps/90pv-RKSJ-H.bcmap                               0.98 kB
public/build/pdfjs/wasm/LICENSE_PDFJS_QCMS                               1.04 kB
public/build/pdfjs/cmaps/B5-H.bcmap                                      1.09 kB
public/build/pdfjs/cmaps/B5pc-H.bcmap                                    1.10 kB
public/build/pdfjs/wasm/LICENSE_QCMS                                     1.12 kB
public/build/pdfjs/cmaps/ETen-B5-H.bcmap                                 1.13 kB
public/build/assets/layers-2x-Bpkbi35X.png                               1.26 kB
public/build/pdfjs/wasm/LICENSE_PDFJS_OPENJPEG                           1.29 kB
public/build/assets/marker-icon-hN30_KVU.png                             1.47 kB
public/build/pdfjs/standard_fonts/LICENSE_FOXIT                          1.55 kB
public/build/pdfjs/cmaps/HKm314-B5-H.bcmap                               1.77 kB
public/build/pdfjs/cmaps/CNS-EUC-H.bcmap                                 1.78 kB
public/build/pdfjs/cmaps/KSC-H.bcmap                                     1.83 kB
public/build/pdfjs/cmaps/KSC-EUC-H.bcmap                                 1.85 kB
public/build/pdfjs/cmaps/CNS-EUC-V.bcmap                                 1.92 kB
public/build/pdfjs/cmaps/KSCpc-EUC-H.bcmap                               2.02 kB
public/build/pdfjs/cmaps/LICENSE                                         2.08 kB
public/build/pdfjs/wasm/LICENSE_OPENJPEG                                 2.11 kB
public/build/pdfjs/cmaps/HKm471-B5-H.bcmap                               2.17 kB
public/build/pdfjs/cmaps/HKgccs-B5-H.bcmap                               2.29 kB
public/build/pdfjs/cmaps/78-H.bcmap                                      2.38 kB
public/build/pdfjs/cmaps/78-RKSJ-H.bcmap                                 2.40 kB
public/build/pdfjs/cmaps/78-EUC-H.bcmap                                  2.40 kB
public/build/pdfjs/cmaps/Add-RKSJ-H.bcmap                                2.41 kB
public/build/pdfjs/cmaps/HKdlb-B5-H.bcmap                                2.41 kB
public/build/pdfjs/cmaps/Add-H.bcmap                                     2.42 kB
public/build/pdfjs/cmaps/Ext-H.bcmap                                     2.54 kB
public/build/pdfjs/cmaps/Ext-RKSJ-H.bcmap                                2.54 kB
public/build/pdfjs/cmaps/78ms-RKSJ-H.bcmap                               2.65 kB
public/build/pdfjs/cmaps/HKdla-B5-H.bcmap                                2.65 kB
public/build/pdfjs/cmaps/NWP-H.bcmap                                     2.77 kB
public/build/pdfjs/cmaps/KSCms-UHC-H.bcmap                               2.79 kB
public/build/pdfjs/cmaps/KSCms-UHC-HW-H.bcmap                            2.79 kB
public/build/pdfjs/cmaps/ETHK-B5-H.bcmap                                 4.43 kB
public/build/pdfjs/cmaps/HKscs-B5-H.bcmap                                4.44 kB
public/build/pdfjs/wasm/quickjs-eval.js                                  6.23 kB
public/build/pdfjs/cmaps/GBT-H.bcmap                                     7.27 kB
public/build/pdfjs/cmaps/GBT-EUC-H.bcmap                                 7.29 kB
public/build/pdfjs/cmaps/GBTpc-EUC-H.bcmap                               7.30 kB
public/build/pdfjs/wasm/LICENSE_JBIG2                                   12.86 kB
public/build/pdfjs/cmaps/GBKp-EUC-H.bcmap                               14.69 kB
public/build/pdfjs/cmaps/GBK-EUC-H.bcmap                                14.69 kB
public/build/pdfjs/standard_fonts/FoxitSymbol.pfb                       16.73 kB
public/build/pdfjs/cmaps/KSC-Johab-H.bcmap                              16.79 kB
public/build/pdfjs/standard_fonts/FoxitFixed.pfb                        17.60 kB
public/build/pdfjs/standard_fonts/FoxitFixedBold.pfb                    18.06 kB
public/build/pdfjs/standard_fonts/FoxitFixedItalic.pfb                  18.75 kB
public/build/pdfjs/standard_fonts/FoxitFixedBoldItalic.pfb              19.15 kB
public/build/pdfjs/standard_fonts/FoxitSerifBold.pfb                    19.40 kB
public/build/pdfjs/standard_fonts/FoxitSerif.pfb                        19.47 kB
public/build/pdfjs/cmaps/GBK2K-H.bcmap                                  19.66 kB
public/build/pdfjs/standard_fonts/FoxitSerifBoldItalic.pfb              20.73 kB
public/build/pdfjs/standard_fonts/FoxitSerifItalic.pfb                  21.23 kB
public/build/pdfjs/standard_fonts/LICENSE_LIBERATION                    22.15 kB
public/build/pdfjs/cmaps/Adobe-Korea1-UCS2.bcmap                        23.29 kB
public/build/pdfjs/cmaps/UniJIS-UCS2-H.bcmap                            25.44 kB
public/build/pdfjs/cmaps/UniKS-UCS2-H.bcmap                             25.78 kB
public/build/pdfjs/cmaps/UniKS-UTF16-H.bcmap                            26.33 kB
public/build/pdfjs/cmaps/UniKS-UTF32-H.bcmap                            26.45 kB
public/build/pdfjs/cmaps/UniKS-UTF8-H.bcmap                             27.79 kB
public/build/pdfjs/standard_fonts/FoxitDingbats.pfb                     29.51 kB
public/build/pdfjs/cmaps/Adobe-GB1-UCS2.bcmap                           33.97 kB
public/build/pdfjs/cmaps/UniJIS-UTF16-H.bcmap                           39.44 kB
public/build/pdfjs/cmaps/UniJIS2004-UTF16-H.bcmap                       39.53 kB
public/build/pdfjs/cmaps/UniJISX0213-UTF32-H.bcmap                      40.52 kB
public/build/pdfjs/cmaps/UniJIS-UTF32-H.bcmap                           40.54 kB
public/build/pdfjs/cmaps/UniJISX02132004-UTF32-H.bcmap                  40.61 kB
public/build/pdfjs/cmaps/UniJIS2004-UTF32-H.bcmap                       40.63 kB
public/build/pdfjs/cmaps/Adobe-Japan1-UCS2.bcmap                        40.95 kB
public/build/pdfjs/cmaps/Adobe-CNS1-UCS2.bcmap                          41.19 kB
public/build/pdfjs/cmaps/UniJIS-UTF8-H.bcmap                            41.70 kB
public/build/pdfjs/cmaps/UniJIS2004-UTF8-H.bcmap                        41.78 kB
public/build/pdfjs/cmaps/UniGB-UCS2-H.bcmap                             43.37 kB
public/build/pdfjs/cmaps/UniGB-UTF16-H.bcmap                            44.09 kB
public/build/pdfjs/cmaps/UniGB-UTF32-H.bcmap                            45.74 kB
public/build/pdfjs/cmaps/UniGB-UTF8-H.bcmap                             46.84 kB
public/build/pdfjs/cmaps/UniCNS-UCS2-H.bcmap                            48.28 kB
public/build/pdfjs/cmaps/UniCNS-UTF16-H.bcmap                           50.42 kB
public/build/pdfjs/cmaps/UniCNS-UTF32-H.bcmap                           52.68 kB
public/build/pdfjs/cmaps/UniCNS-UTF8-H.bcmap                            53.63 kB
public/build/pdfjs/wasm/qcms_bg.wasm                                    96.59 kB │ gzip:  35.85 kB
public/build/pdfjs/wasm/jbig2.wasm                                     104.85 kB │ gzip:  40.49 kB
public/build/pdfjs/standard_fonts/LiberationSans-BoldItalic.ttf        135.12 kB
public/build/pdfjs/standard_fonts/LiberationSans-Bold.ttf              137.05 kB
public/build/pdfjs/standard_fonts/LiberationSans-Regular.ttf           139.51 kB
public/build/pdfjs/wasm/jbig2_nowasm_fallback.js                       145.70 kB
public/build/pdfjs/standard_fonts/LiberationSans-Italic.ttf            162.04 kB
public/build/pdfjs/wasm/openjpeg.wasm                                  252.03 kB │ gzip:  83.01 kB
public/build/pdfjs/wasm/openjpeg_nowasm_fallback.js                    451.59 kB
public/build/pdfjs/wasm/quickjs-eval.wasm                              469.11 kB │ gzip: 218.89 kB
public/build/assets/pdf.worker.min-Dswkl-cV.mjs                      1,265.41 kB
public/build/manifest.json                                           3,900.24 kB │ gzip: 212.96 kB
public/build/assets/show-DItqkuBD.css                                    0.04 kB │ gzip:   0.06 kB
public/build/assets/booking-wizard-BYFUJ1mS.css                          0.73 kB │ gzip:   0.34 kB
public/build/assets/queue-kit-3AtiZRBC.css                               0.77 kB │ gzip:   0.34 kB
public/build/assets/show-D8SfmxBf.css                                    1.08 kB │ gzip:   0.44 kB
public/build/assets/fleet-map-Cc-sKlod.css                               1.80 kB │ gzip:   0.73 kB
public/build/assets/index-CFgVOiLx.css                                   6.71 kB │ gzip:   1.70 kB
public/build/assets/index-BfYF406j.css                                   8.96 kB │ gzip:   1.95 kB
public/build/assets/transport-B_iFYDj4.css                               9.27 kB │ gzip:   2.24 kB
public/build/assets/vendor-maps-CLLlcC51.css                            11.08 kB │ gzip:   2.73 kB
public/build/assets/workspace-Bd2kW8NQ.css                              11.42 kB │ gzip:   2.58 kB
public/build/assets/knowledge-revision-dialog-D-juoI1B.css              12.92 kB │ gzip:   3.14 kB
public/build/assets/location-workspace-BnCaAc4S.css                     16.92 kB │ gzip:   3.64 kB
public/build/assets/dashboard-CynApWYI.css                              25.76 kB │ gzip:   4.58 kB
public/build/assets/show-Du9VQ5og.css                                   27.44 kB │ gzip:   4.70 kB
public/build/assets/index-Dmrchnqb.css                                  79.87 kB │ gzip:   9.87 kB
public/build/assets/studio-kit-Dk3mzyBj.css                             89.60 kB │ gzip:  13.35 kB
public/build/assets/app-CByBMktG.css                                   445.55 kB │ gzip:  56.93 kB
public/build/assets/pdf.worker.min-BIPm4drH.js                           0.07 kB │ gzip:   0.09 kB
public/build/assets/my-hr-utils-fLvKAKV1.js                              0.07 kB │ gzip:   0.09 kB
public/build/assets/avatar-hue-BThxaYxR.js                               0.10 kB │ gzip:   0.11 kB
public/build/assets/_announcer-cvXWdNAc.js                               0.12 kB │ gzip:   0.12 kB
public/build/assets/minus-DCtaw8L3.js                                    0.12 kB │ gzip:   0.13 kB
public/build/assets/check-BxiGN8uk.js                                    0.12 kB │ gzip:   0.14 kB
public/build/assets/circle-C42MM8Av.js                                   0.12 kB │ gzip:   0.13 kB
public/build/assets/chevron-down-BLo7S_TG.js                             0.13 kB │ gzip:   0.14 kB
public/build/assets/chevron-up-BYJ35_jk.js                               0.13 kB │ gzip:   0.14 kB
public/build/assets/chevron-left-DgTEn0ss.js                             0.13 kB │ gzip:   0.14 kB
public/build/assets/chevron-right-DBNAFLr3.js                            0.13 kB │ gzip:   0.14 kB
public/build/assets/play-B8QRjq_c.js                                     0.13 kB │ gzip:   0.15 kB
public/build/assets/moon-BezXBQh8.js                                     0.14 kB │ gzip:   0.15 kB
public/build/assets/loader-circle-B0mJYzJL.js                            0.14 kB │ gzip:   0.15 kB
public/build/assets/square-s4-tCJrZ.js                                   0.15 kB │ gzip:   0.15 kB
public/build/assets/message-circle-CupCSKXZ.js                           0.15 kB │ gzip:   0.16 kB
public/build/assets/navigation-uykgT3Tg.js                               0.15 kB │ gzip:   0.15 kB
public/build/assets/staff-creation-workflow-D6SGmEbz.js                  0.15 kB │ gzip:   0.13 kB
public/build/assets/plus-Bk88NIS2.js                                     0.15 kB │ gzip:   0.15 kB
public/build/assets/x-DdJuwRJI.js                                        0.15 kB │ gzip:   0.15 kB
public/build/assets/thermometer-B97JCVsp.js                              0.16 kB │ gzip:   0.16 kB
public/build/assets/filter-utaa4kfM.js                                   0.16 kB │ gzip:   0.16 kB
public/build/assets/bookmark-62MIae92.js                                 0.16 kB │ gzip:   0.16 kB
public/build/assets/arrow-left-Babd8bKS.js                               0.16 kB │ gzip:   0.16 kB
public/build/assets/arrow-right-CTioBmpS.js                              0.16 kB │ gzip:   0.16 kB
public/build/assets/arrow-up-right-h9dRGohD.js                           0.16 kB │ gzip:   0.15 kB
public/build/assets/circle-minus-DpDuumQz.js                             0.17 kB │ gzip:   0.16 kB
public/build/assets/search-CQpbDwpG.js                                   0.17 kB │ gzip:   0.16 kB
public/build/assets/move-right-BmV66KeM.js                               0.17 kB │ gzip:   0.16 kB
public/build/assets/ban-7x-kpLdd.js                                      0.17 kB │ gzip:   0.16 kB
public/build/assets/circle-check-gdgZ6a_K.js                             0.17 kB │ gzip:   0.16 kB
public/build/assets/chevrons-up-down-CKj-kGLI.js                         0.17 kB │ gzip:   0.16 kB
public/build/assets/provider-CyzdoYBv.js                                 0.17 kB │ gzip:   0.15 kB
public/build/assets/power-qTJR9zBf.js                                    0.17 kB │ gzip:   0.17 kB
public/build/assets/user-round--hQpErgC.js                               0.18 kB │ gzip:   0.17 kB
public/build/assets/gauge-D9IJsXDp.js                                    0.18 kB │ gzip:   0.16 kB
public/build/assets/circle-dot-lpoZvlOW.js                               0.18 kB │ gzip:   0.15 kB
public/build/assets/clock-B_TaFSX0.js                                    0.18 kB │ gzip:   0.17 kB
public/build/assets/message-square-DFRmPMyX.js                           0.18 kB │ gzip:   0.17 kB
public/build/assets/check-check-C7kBzyW0.js                              0.18 kB │ gzip:   0.17 kB
public/build/assets/clock-3-BjsHN5W0.js                                  0.18 kB │ gzip:   0.17 kB
public/build/assets/chart-line-BoNL7ePj.js                               0.18 kB │ gzip:   0.17 kB
public/build/assets/circle-slash-jAbbgXI9.js                             0.18 kB │ gzip:   0.17 kB
public/build/assets/reply-_JSiCiDa.js                                    0.18 kB │ gzip:   0.18 kB
public/build/assets/circle-check-big-DHgbf24t.js                         0.19 kB │ gzip:   0.18 kB
public/build/assets/circle-play-c6BcGynf.js                              0.19 kB │ gzip:   0.17 kB
public/build/assets/user-BmiqK3dL.js                                     0.19 kB │ gzip:   0.18 kB
public/build/assets/megaphone-bR8_HZxJ.js                                0.19 kB │ gzip:   0.18 kB
public/build/assets/skip-forward-D8mKVl30.js                             0.20 kB │ gzip:   0.18 kB
public/build/assets/smartphone-D_WK4nce.js                               0.20 kB │ gzip:   0.18 kB
public/build/assets/info-DOAJwYxh.js                                     0.20 kB │ gzip:   0.18 kB
public/build/assets/rotate-ccw-C83HgE2T.js                               0.20 kB │ gzip:   0.18 kB
public/build/assets/rotate-cw-LEKP7Gn1.js                                0.20 kB │ gzip:   0.18 kB
public/build/assets/types-DJyHL5KD.js                                    0.20 kB │ gzip:   0.15 kB
public/build/assets/lock-DdPO6I5P.js                                     0.20 kB │ gzip:   0.19 kB
public/build/assets/circle-x-BZ6T9lMn.js                                 0.20 kB │ gzip:   0.17 kB
public/build/assets/circle-plus-Cyaig591.js                              0.20 kB │ gzip:   0.18 kB
public/build/assets/chart-palette-BuldC4kO.js                            0.20 kB │ gzip:   0.13 kB
public/build/assets/trending-up-CbtaViAk.js                              0.20 kB │ gzip:   0.18 kB
public/build/assets/utils-COkJOzsg.js                                    0.20 kB │ gzip:   0.16 kB
public/build/assets/credit-card-BGI3_L0r.js                              0.21 kB │ gzip:   0.18 kB
public/build/assets/arrow-up-from-line-vmWYQNap.js                       0.21 kB │ gzip:   0.18 kB
public/build/assets/arrow-down-to-line-Bko31MM0.js                       0.21 kB │ gzip:   0.18 kB
public/build/assets/redo-2-CG0LcMR2.js                                   0.21 kB │ gzip:   0.18 kB
public/build/assets/trending-down-Ct6E4Ryw.js                            0.21 kB │ gzip:   0.18 kB
public/build/assets/undo-2-BOJyfd4-.js                                   0.21 kB │ gzip:   0.18 kB
public/build/assets/droplet-Ch0aJxjw.js                                  0.21 kB │ gzip:   0.19 kB
public/build/assets/lock-open-DHCgmi2K.js                                0.21 kB │ gzip:   0.19 kB
public/build/assets/mail-ZrnhyBiD.js                                     0.21 kB │ gzip:   0.19 kB
public/build/assets/it-module-shell-Cq8Pndvb.js                          0.21 kB │ gzip:   0.19 kB
public/build/assets/battery-C1vehVTN.js                                  0.21 kB │ gzip:   0.18 kB
public/build/assets/pause-Bcd4kwFs.js                                    0.21 kB │ gzip:   0.17 kB
public/build/assets/circle-arrow-up-CKITFu5x.js                          0.21 kB │ gzip:   0.18 kB
public/build/assets/circle-arrow-down-BijWkZJ5.js                        0.21 kB │ gzip:   0.18 kB
public/build/assets/pill-DAzNUwqv.js                                     0.21 kB │ gzip:   0.18 kB
public/build/assets/table-2-DhxZuFwm.js                                  0.21 kB │ gzip:   0.18 kB
public/build/assets/site-profile-dialog-host-BH_OdoAm.js                 0.21 kB │ gzip:   0.19 kB
public/build/assets/dollar-sign-B8bmDaz2.js                              0.22 kB │ gzip:   0.19 kB
public/build/assets/file-Cr2L1AiV.js                                     0.22 kB │ gzip:   0.18 kB
public/build/assets/laptop-BFFcBjji.js                                   0.22 kB │ gzip:   0.19 kB
public/build/assets/flag-CjblGlIL.js                                     0.22 kB │ gzip:   0.20 kB
public/build/assets/rows-3-d-BrG_0X.js                                   0.22 kB │ gzip:   0.19 kB
public/build/assets/rss-BJcKgiV1.js                                      0.22 kB │ gzip:   0.19 kB
public/build/assets/briefcase-CZ8FsUJR.js                                0.22 kB │ gzip:   0.20 kB
public/build/assets/ellipsis-BMY-g1lA.js                                 0.22 kB │ gzip:   0.16 kB
public/build/assets/target-DjrFNJds.js                                   0.22 kB │ gzip:   0.16 kB
public/build/assets/columns-3-CyXG_np3.js                                0.22 kB │ gzip:   0.19 kB
public/build/assets/git-merge-B-DrPAU-.js                                0.22 kB │ gzip:   0.18 kB
public/build/assets/square-check-big-fDIEl4wi.js                         0.22 kB │ gzip:   0.19 kB
public/build/assets/sticky-note-B55lyi-j.js                              0.22 kB │ gzip:   0.18 kB
public/build/assets/folder-DBdpUVcP.js                                   0.23 kB │ gzip:   0.19 kB
public/build/assets/ellipsis-vertical-DddR9cuG.js                        0.23 kB │ gzip:   0.17 kB
public/build/assets/vote-DbYqkQWJ.js                                     0.23 kB │ gzip:   0.19 kB
public/build/assets/copy-UhVe1aop.js                                     0.23 kB │ gzip:   0.20 kB
public/build/assets/door-closed-vGFwSuiC.js                              0.23 kB │ gzip:   0.19 kB
public/build/assets/user-round-check-B7LnQHgu.js                         0.23 kB │ gzip:   0.21 kB
public/build/assets/circle-user-round-CFxNeELx.js                        0.23 kB │ gzip:   0.19 kB
public/build/assets/circle-help-i3NbhS98.js                              0.23 kB │ gzip:   0.20 kB
public/build/assets/ear-5Eug2pdR.js                                      0.23 kB │ gzip:   0.19 kB
public/build/assets/activity-DIv0NfJ2.js                                 0.23 kB │ gzip:   0.20 kB
public/build/assets/pen-Al79Qx6Q.js                                      0.23 kB │ gzip:   0.20 kB
public/build/assets/history-DlknjUX6.js                                  0.24 kB │ gzip:   0.19 kB
public/build/assets/globe-DTONcbpz.js                                    0.24 kB │ gzip:   0.19 kB
public/build/assets/timer-BDI4Fcj3.js                                    0.24 kB │ gzip:   0.19 kB
public/build/assets/banknote-BdAFfRoK.js                                 0.24 kB │ gzip:   0.20 kB
public/build/assets/heart-CZBTM6n2.js                                    0.24 kB │ gzip:   0.21 kB
public/build/assets/link-2-DEOGRqce.js                                   0.24 kB │ gzip:   0.20 kB
public/build/assets/menu-DeEplyjJ.js                                     0.24 kB │ gzip:   0.17 kB
public/build/assets/database-BjhQcNrr.js                                 0.24 kB │ gzip:   0.20 kB
public/build/assets/arrow-down-up-CAOeHFN8.js                            0.24 kB │ gzip:   0.19 kB
public/build/assets/type-BO12OgDb.js                                     0.24 kB │ gzip:   0.19 kB
public/build/assets/circle-pause-CAyMEjSB.js                             0.24 kB │ gzip:   0.19 kB
public/build/assets/arrow-left-right-NMsf_Ql7.js                         0.25 kB │ gzip:   0.20 kB
public/build/assets/compass-r4uho71Y.js                                  0.25 kB │ gzip:   0.20 kB
public/build/assets/arrow-right-left-D-YKPIDE.js                         0.25 kB │ gzip:   0.19 kB
public/build/assets/book-marked-CGINujqK.js                              0.25 kB │ gzip:   0.20 kB
public/build/assets/settings-2-B0s7fqmf.js                               0.25 kB │ gzip:   0.19 kB
public/build/assets/users-round-DP90x_MH.js                              0.25 kB │ gzip:   0.21 kB
public/build/assets/camera-BhQpNw3q.js                                   0.25 kB │ gzip:   0.21 kB
public/build/assets/file-warning-CVbjJMf6.js                             0.25 kB │ gzip:   0.19 kB
public/build/assets/video-CrWrFqI1.js                                    0.25 kB │ gzip:   0.21 kB
public/build/assets/route-DJd5hjiZ.js                                    0.25 kB │ gzip:   0.20 kB
public/build/assets/circle-alert-RLKF0JMc.js                             0.25 kB │ gzip:   0.19 kB
public/build/assets/mouse-pointer-2-CyK-OhDs.js                          0.25 kB │ gzip:   0.21 kB
public/build/assets/chart-column-CxFTUffd.js                             0.25 kB │ gzip:   0.19 kB
public/build/assets/external-link-BL1qgC1H.js                            0.25 kB │ gzip:   0.20 kB
public/build/assets/cloud-upload-B8kpE4gR.js                             0.25 kB │ gzip:   0.20 kB
public/build/assets/shopping-bag-DvnqAp9Y.js                             0.25 kB │ gzip:   0.20 kB
public/build/assets/pentagon-CyE4bLvk.js                                 0.25 kB │ gzip:   0.20 kB
public/build/assets/eye-Ca6gRt1Z.js                                      0.25 kB │ gzip:   0.20 kB
public/build/assets/user-check-DVmvtKeM.js                               0.25 kB │ gzip:   0.22 kB
public/build/assets/map-pin-DA4o51Qq.js                                  0.25 kB │ gzip:   0.22 kB
public/build/assets/archive-BwhIzhsy.js                                  0.25 kB │ gzip:   0.21 kB
public/build/assets/lock-keyhole-Bd8AqWs1.js                             0.25 kB │ gzip:   0.22 kB
public/build/assets/message-square-plus-CDycljXu.js                      0.25 kB │ gzip:   0.20 kB
public/build/assets/circle-user-CuaM0XNJ.js                              0.25 kB │ gzip:   0.20 kB
public/build/assets/message-square-text-CkW_bxjW.js                      0.25 kB │ gzip:   0.20 kB
public/build/assets/user-minus-bXo8FiiV.js                               0.25 kB │ gzip:   0.22 kB
public/build/assets/file-check-2-Cz_ym6zh.js                             0.25 kB │ gzip:   0.20 kB
public/build/assets/messages-square-CDvD_lHR.js                          0.25 kB │ gzip:   0.20 kB
public/build/assets/link-DCP71U02.js                                     0.26 kB │ gzip:   0.19 kB
public/build/assets/hr-hero-DOf9DYIV.js                                  0.26 kB │ gzip:   0.22 kB
public/build/assets/wrench-BP_HV5zN.js                                   0.26 kB │ gzip:   0.20 kB
public/build/assets/upload-D_6_v-TN.js                                   0.26 kB │ gzip:   0.22 kB
public/build/assets/calendar-ZMdXga0X.js                                 0.26 kB │ gzip:   0.20 kB
public/build/assets/log-out-C2MkXkrL.js                                  0.26 kB │ gzip:   0.22 kB
public/build/assets/ticket-check-DuJ9_M_-.js                             0.26 kB │ gzip:   0.20 kB
public/build/assets/log-in-B9DCYMUV.js                                   0.26 kB │ gzip:   0.22 kB
public/build/assets/file-minus-BPI44JQb.js                               0.26 kB │ gzip:   0.19 kB
public/build/assets/key-DBdEo-TJ.js                                      0.26 kB │ gzip:   0.21 kB
public/build/assets/monitor-CYg88vfn.js                                  0.26 kB │ gzip:   0.20 kB
public/build/assets/message-square-warning-DyMvWe0I.js                   0.26 kB │ gzip:   0.20 kB
public/build/assets/utensils-B7UPBADq.js                                 0.26 kB │ gzip:   0.20 kB
public/build/assets/download-99s0sGEr.js                                 0.26 kB │ gzip:   0.22 kB
public/build/assets/zap-BiLm59Dv.js                                      0.26 kB │ gzip:   0.20 kB
public/build/assets/triangle-alert-CFUaOlWv.js                           0.26 kB │ gzip:   0.21 kB
public/build/assets/leaf-D5QY3x34.js                                     0.26 kB │ gzip:   0.22 kB
public/build/assets/file-check-D0-_04NF.js                               0.26 kB │ gzip:   0.20 kB
public/build/assets/workflow-BOaZigvC.js                                 0.26 kB │ gzip:   0.20 kB
public/build/assets/mic-Cho5TBhD.js                                      0.26 kB │ gzip:   0.21 kB
public/build/assets/shield-BJ2KFgFP.js                                   0.27 kB │ gzip:   0.22 kB
public/build/assets/list-plus-BkD-AuQZ.js                                0.27 kB │ gzip:   0.19 kB
public/build/assets/battery-low-CYd7NslL.js                              0.27 kB │ gzip:   0.20 kB
public/build/assets/timer-reset-DvKObI05.js                              0.27 kB │ gzip:   0.21 kB
public/build/assets/award-B7lJLc4w.js                                    0.27 kB │ gzip:   0.22 kB
public/build/assets/eraser-DQRjpH36.js                                   0.27 kB │ gzip:   0.22 kB
public/build/assets/image-C6CmV_c5.js                                    0.27 kB │ gzip:   0.22 kB
public/build/assets/repeat-BDEHABOM.js                                   0.27 kB │ gzip:   0.20 kB
public/build/assets/arrow-up-DflKrbV1.js                                 0.27 kB │ gzip:   0.20 kB
public/build/assets/flame-UBjf3LjI.js                                    0.27 kB │ gzip:   0.22 kB
public/build/assets/git-branch-CVkq9_Mo.js                               0.27 kB │ gzip:   0.22 kB
public/build/assets/coins-C2r9f92C.js                                    0.27 kB │ gzip:   0.22 kB
public/build/assets/pencil-Df9zQ-zv.js                                   0.28 kB │ gzip:   0.22 kB
public/build/assets/pen-line-D7mB4L48.js                                 0.28 kB │ gzip:   0.23 kB
public/build/assets/list-checks-BSa9SsBm.js                              0.28 kB │ gzip:   0.19 kB
public/build/assets/book-open-Djh-wNTH.js                                0.28 kB │ gzip:   0.20 kB
public/build/assets/file-diff-CqTsQHb3.js                                0.28 kB │ gzip:   0.20 kB
public/build/assets/wifi-CX8hKdaM.js                                     0.28 kB │ gzip:   0.20 kB
public/build/assets/lightbulb-RLo0jKRb.js                                0.28 kB │ gzip:   0.22 kB
public/build/assets/file-plus-2-l3RgSxGm.js                              0.28 kB │ gzip:   0.21 kB
public/build/assets/layout-template-fy094pW9.js                          0.28 kB │ gzip:   0.19 kB
public/build/assets/inbox-B3h8S9m3.js                                    0.29 kB │ gzip:   0.23 kB
public/build/assets/wallet-E0aPsouv.js                                   0.29 kB │ gzip:   0.20 kB
public/build/assets/shopping-cart-DFCpRLQR.js                            0.29 kB │ gzip:   0.23 kB
public/build/assets/shirt-CBs1wA6x.js                                    0.29 kB │ gzip:   0.23 kB
public/build/assets/files-DNY4J28A.js                                    0.29 kB │ gzip:   0.21 kB
public/build/assets/house-B2jcS-Jf.js                                    0.29 kB │ gzip:   0.22 kB
public/build/assets/bell-Dbx3k-Az.js                                     0.29 kB │ gzip:   0.23 kB
public/build/assets/use-initials-U-N8N3-N.js                             0.29 kB │ gzip:   0.20 kB
public/build/assets/send-CPpZTQwf.js                                     0.29 kB │ gzip:   0.23 kB
public/build/assets/folder-open-CZ7jZ4t5.js                              0.29 kB │ gzip:   0.22 kB
public/build/assets/receipt-Bbgos0pQ.js                                  0.29 kB │ gzip:   0.21 kB
public/build/assets/governance-permissions-oQG3y2Ya.js                   0.29 kB │ gzip:   0.19 kB
public/build/assets/link-2-off-Z5qvM2wp.js                               0.29 kB │ gzip:   0.21 kB
public/build/assets/smile-BJsycjiB.js                                    0.29 kB │ gzip:   0.22 kB
public/build/assets/grid-3x3-B7EmOq1q.js                                 0.29 kB │ gzip:   0.21 kB
public/build/assets/bed-double-6qiLPiB4.js                               0.30 kB │ gzip:   0.20 kB
public/build/assets/heart-crack-PYiN4zrK.js                              0.30 kB │ gzip:   0.24 kB
public/build/assets/hash-B59zjYDN.js                                     0.30 kB │ gzip:   0.19 kB
public/build/assets/receipt-text-BOD1oQaL.js                             0.30 kB │ gzip:   0.20 kB
public/build/assets/maximize-2-CegQR_sT.js                               0.30 kB │ gzip:   0.21 kB
public/build/assets/list-todo-0hUT8Evb.js                                0.30 kB │ gzip:   0.22 kB
public/build/assets/paperclip-ltUwB3vM.js                                0.30 kB │ gzip:   0.23 kB
public/build/assets/file-up-VDVlgAKs.js                                  0.30 kB │ gzip:   0.21 kB
public/build/assets/gavel-D9WQnQWn.js                                    0.30 kB │ gzip:   0.21 kB
public/build/assets/flask-conical-21JCpupI.js                            0.30 kB │ gzip:   0.23 kB
public/build/assets/thumbs-up-7mn9wcc7.js                                0.30 kB │ gzip:   0.24 kB
public/build/assets/list-CKSS4Omb.js                                     0.30 kB │ gzip:   0.18 kB
public/build/assets/file-down-DcwoH0SM.js                                0.30 kB │ gzip:   0.22 kB
public/build/assets/thumbs-down-CjFnfQNQ.js                              0.30 kB │ gzip:   0.24 kB
public/build/assets/minimize-2-Cg6GB3lu.js                               0.30 kB │ gzip:   0.21 kB
public/build/assets/clipboard-check-JbJXGlLf.js                          0.30 kB │ gzip:   0.23 kB
public/build/assets/file-clock-6e_Lh-gk.js                               0.30 kB │ gzip:   0.23 kB
public/build/assets/users-1KyqsbIM.js                                    0.30 kB │ gzip:   0.23 kB
public/build/assets/calendar-check-B1SN31Iq.js                           0.30 kB │ gzip:   0.22 kB
public/build/assets/coffee-tocAV5N2.js                                   0.30 kB │ gzip:   0.21 kB
public/build/assets/user-x-QtPMGwSi.js                                   0.30 kB │ gzip:   0.23 kB
public/build/assets/folder-plus-uZoKjC_H.js                              0.30 kB │ gzip:   0.23 kB
public/build/assets/chef-hat-B3Zobudu.js                                 0.31 kB │ gzip:   0.24 kB
public/build/assets/user-plus-D5HVZTB3.js                                0.31 kB │ gzip:   0.23 kB
public/build/assets/box-BLri3-EM.js                                      0.31 kB │ gzip:   0.22 kB
public/build/assets/heart-pulse-uzIAefq9.js                              0.31 kB │ gzip:   0.25 kB
public/build/assets/piggy-bank-C5OjKeP0.js                               0.31 kB │ gzip:   0.25 kB
public/build/assets/badge-check-DDVgV27e.js                              0.31 kB │ gzip:   0.21 kB
public/build/assets/shapes-BZabQUjc.js                                   0.32 kB │ gzip:   0.25 kB
public/build/assets/hard-hat-DDAXM9ip.js                                 0.32 kB │ gzip:   0.23 kB
public/build/assets/shield-check-DV3nvPJT.js                             0.32 kB │ gzip:   0.25 kB
public/build/assets/printer-ByHwf06I.js                                  0.32 kB │ gzip:   0.24 kB
public/build/assets/square-pen-BxQR41OY.js                               0.32 kB │ gzip:   0.24 kB
public/build/assets/refresh-ccw-BN85sBfF.js                              0.32 kB │ gzip:   0.23 kB
public/build/assets/ticket-CVP8kqEg.js                                   0.32 kB │ gzip:   0.21 kB
public/build/assets/tag-COvwYTKb.js                                      0.32 kB │ gzip:   0.25 kB
public/build/assets/hand-helping-BbGf9Ppj.js                             0.32 kB │ gzip:   0.25 kB
public/build/assets/id-card-CaiwGTth.js                                  0.32 kB │ gzip:   0.24 kB
public/build/assets/mail-warning-BGhVdqz8.js                             0.32 kB │ gzip:   0.24 kB
public/build/assets/save-C7iVYfpe.js                                     0.33 kB │ gzip:   0.23 kB
public/build/assets/scan-line-DDLUpaLf.js                                0.33 kB │ gzip:   0.22 kB
public/build/assets/graduation-cap-CR9tKqAh.js                           0.33 kB │ gzip:   0.25 kB
public/build/assets/list-ordered-BP7D7pjx.js                             0.33 kB │ gzip:   0.22 kB
public/build/assets/file-text-C-cIURod.js                                0.33 kB │ gzip:   0.22 kB
public/build/assets/book-open-check-USmw8g2v.js                          0.33 kB │ gzip:   0.23 kB
public/build/assets/clipboard-plus-BbY_tc-m.js                           0.33 kB │ gzip:   0.24 kB
public/build/assets/alarm-clock-C_aa-t6u.js                              0.33 kB │ gzip:   0.23 kB
public/build/assets/contact-DFJQAMWt.js                                  0.33 kB │ gzip:   0.24 kB
public/build/assets/calendar-x-BfuIpiqf.js                               0.34 kB │ gzip:   0.23 kB
public/build/assets/server-4XBLqkxd.js                                   0.34 kB │ gzip:   0.22 kB
public/build/assets/accessibility-fe4KsflC.js                            0.34 kB │ gzip:   0.24 kB
public/build/assets/archive-restore-DF4IZJpF.js                          0.34 kB │ gzip:   0.24 kB
public/build/assets/stethoscope-CT61CiWC.js                              0.34 kB │ gzip:   0.24 kB
public/build/assets/shield-plus-bddWO6fk.js                              0.34 kB │ gzip:   0.25 kB
public/build/assets/layout-grid-CMrycsb-.js                              0.34 kB │ gzip:   0.19 kB
public/build/assets/pin-Dtp2oUyW.js                                      0.35 kB │ gzip:   0.24 kB
public/build/assets/file-image-By0FSJjY.js                               0.35 kB │ gzip:   0.25 kB
public/build/assets/scroll-text-O3Rl53gS.js                              0.35 kB │ gzip:   0.23 kB
public/build/assets/key-round-6qjY57Vv.js                                0.35 kB │ gzip:   0.26 kB
public/build/assets/layout-dashboard-Chej7PJX.js                         0.35 kB │ gzip:   0.21 kB
public/build/assets/shield-alert-D6HLGIEE.js                             0.35 kB │ gzip:   0.26 kB
public/build/assets/file-chart-column-increasing-qoRvcDyj.js             0.35 kB │ gzip:   0.24 kB
public/build/assets/webhook-DLBTzJt0.js                                  0.35 kB │ gzip:   0.26 kB
public/build/assets/crosshair-Ck8fnql1.js                                0.35 kB │ gzip:   0.21 kB
public/build/assets/calendar-plus-CKsrIN3I.js                            0.35 kB │ gzip:   0.23 kB
public/build/assets/shield-x-BDHxuoS_.js                                 0.36 kB │ gzip:   0.26 kB
public/build/assets/gift-Cjkmae56.js                                     0.36 kB │ gzip:   0.25 kB
public/build/assets/trash-2-C4hcuGNt.js                                  0.36 kB │ gzip:   0.25 kB
public/build/assets/calendar-x-2-CwDuEgCv.js                             0.36 kB │ gzip:   0.23 kB
public/build/assets/bell-plus-BcWAAshm.js                                0.36 kB │ gzip:   0.26 kB
public/build/assets/layout-list-C84wX7Og.js                              0.36 kB │ gzip:   0.22 kB
public/build/assets/warehouse-C1u-xSNb.js                                0.36 kB │ gzip:   0.25 kB
public/build/assets/utensils-crossed-C8AOlm7a.js                         0.36 kB │ gzip:   0.25 kB
public/build/assets/syringe-BVlGCR75.js                                  0.36 kB │ gzip:   0.25 kB
public/build/assets/crown-VY3QLMua.js                                    0.36 kB │ gzip:   0.26 kB
public/build/assets/image-plus-_1mHiKKe.js                               0.36 kB │ gzip:   0.25 kB
public/build/assets/sparkle-CwcWbc2O.js                                  0.36 kB │ gzip:   0.24 kB
public/build/assets/scale-BvCyHI5K.js                                    0.36 kB │ gzip:   0.23 kB
public/build/assets/radio-DYS3Gr6R.js                                    0.36 kB │ gzip:   0.25 kB
public/build/assets/grip-vertical-CPy9IR9E.js                            0.36 kB │ gzip:   0.19 kB
public/build/assets/fuel-BEcnTh_o.js                                     0.37 kB │ gzip:   0.24 kB
public/build/assets/door-open-BFTnTIsT.js                                0.37 kB │ gzip:   0.25 kB
public/build/assets/droplets-B_C73mta.js                                 0.37 kB │ gzip:   0.28 kB
public/build/assets/hammer-2y8fYSIG.js                                   0.37 kB │ gzip:   0.27 kB
public/build/assets/file-pen-YEZsWPT2.js                                 0.37 kB │ gzip:   0.26 kB
public/build/assets/package-CZYuJuRp.js                                  0.37 kB │ gzip:   0.25 kB
public/build/assets/index-B0Z-ysPe.js                                    0.37 kB │ gzip:   0.22 kB
public/build/assets/file-spreadsheet-Cnuzsn5B.js                         0.37 kB │ gzip:   0.23 kB
public/build/assets/life-buoy-D8WhMY9H.js                                0.37 kB │ gzip:   0.22 kB
public/build/assets/calendar-clock-CNzpYXYe.js                           0.38 kB │ gzip:   0.25 kB
public/build/assets/shield-question-Dur56z15.js                          0.38 kB │ gzip:   0.28 kB
public/build/assets/network-BLJ-Ca5Y.js                                  0.38 kB │ gzip:   0.24 kB
public/build/assets/calendar-off-CdQNMpoq.js                             0.38 kB │ gzip:   0.25 kB
public/build/assets/tags-C4zDS9vo.js                                     0.39 kB │ gzip:   0.28 kB
public/build/assets/fleet-return-D12Z1ydP.js                             0.39 kB │ gzip:   0.24 kB
public/build/assets/baby-nc6Ev29S.js                                     0.39 kB │ gzip:   0.26 kB
public/build/assets/hard-drive-C98GeUFN.js                               0.39 kB │ gzip:   0.26 kB
public/build/assets/job-posting-constants-CneitmEO.js                    0.39 kB │ gzip:   0.23 kB
public/build/assets/file-pen-line-BZ8VTdaS.js                            0.39 kB │ gzip:   0.26 kB
public/build/assets/phone-CK71dijd.js                                    0.39 kB │ gzip:   0.25 kB
public/build/assets/bell-ring-Oib4o1z-.js                                0.40 kB │ gzip:   0.28 kB
public/build/assets/map-pinned-BK-P6Tcp.js                               0.40 kB │ gzip:   0.29 kB
public/build/assets/shield-off-DLT_qP3k.js                               0.40 kB │ gzip:   0.28 kB
public/build/assets/truck-DF0vl1Gg.js                                    0.40 kB │ gzip:   0.27 kB
public/build/assets/sprout-DowWLaUB.js                                   0.40 kB │ gzip:   0.28 kB
public/build/assets/car-B5akoGES.js                                      0.40 kB │ gzip:   0.28 kB
public/build/assets/locate-fixed-C5fgsll2.js                             0.40 kB │ gzip:   0.23 kB
public/build/assets/hand-6GYtaBoX.js                                     0.41 kB │ gzip:   0.25 kB
public/build/assets/landmark-DwvFmXMS.js                                 0.41 kB │ gzip:   0.23 kB
public/build/assets/hand-coins-BwsEjgq8.js                               0.41 kB │ gzip:   0.29 kB
public/build/assets/clipboard-list-D_X-6lkG.js                           0.41 kB │ gzip:   0.26 kB
public/build/assets/transport-medication-replay-Btq_2FFQ.js              0.41 kB │ gzip:   0.29 kB
public/build/assets/loader-BnaB34ss.js                                   0.41 kB │ gzip:   0.24 kB
public/build/assets/mouse-pointer-click-O5r7MBO-.js                      0.41 kB │ gzip:   0.28 kB
public/build/assets/calendar-range-CBxPBDdn.js                           0.41 kB │ gzip:   0.26 kB
public/build/assets/waypoints-CCh5768q.js                                0.41 kB │ gzip:   0.25 kB
public/build/assets/layers-BB4muzab.js                                   0.42 kB │ gzip:   0.24 kB
public/build/assets/mic-off-CtV7bNgk.js                                  0.42 kB │ gzip:   0.27 kB
public/build/assets/waves-BNsF_fYP.js                                    0.42 kB │ gzip:   0.21 kB
public/build/assets/skeleton-CDTEQwaO.js                                 0.42 kB │ gzip:   0.32 kB
public/build/assets/map-CIM5XjNY.js                                      0.42 kB │ gzip:   0.27 kB
public/build/assets/package-check-BY63q2Fo.js                            0.42 kB │ gzip:   0.29 kB
public/build/assets/octagon-alert-DCRNBQHL.js                            0.43 kB │ gzip:   0.25 kB
public/build/assets/cable-BZB2e9bH.js                                    0.43 kB │ gzip:   0.25 kB
public/build/assets/eye-off-6-c7Axgt.js                                  0.43 kB │ gzip:   0.27 kB
public/build/assets/building-2-z5uM4woY.js                               0.44 kB │ gzip:   0.25 kB
public/build/assets/heading-small-B1QYXXBZ.js                            0.44 kB │ gzip:   0.32 kB
public/build/assets/handshake-DGrLRytA.js                                0.45 kB │ gzip:   0.28 kB
public/build/assets/hand-heart-d1bq2kJ8.js                               0.45 kB │ gzip:   0.31 kB
public/build/assets/bus-C6ian6Gb.js                                      0.45 kB │ gzip:   0.28 kB
public/build/assets/footprints-DqGS0Ezg.js                               0.45 kB │ gzip:   0.30 kB
public/build/assets/radio-tower-BV5Xf_M0.js                              0.45 kB │ gzip:   0.29 kB
public/build/assets/input-error-DCYErTdJ.js                              0.46 kB │ gzip:   0.32 kB
public/build/assets/wifi-off-UtPRb50-.js                                 0.46 kB │ gzip:   0.27 kB
public/build/assets/scan-eye-DkcCe2vj.js                                 0.46 kB │ gzip:   0.28 kB
public/build/assets/heart-handshake-BL48z4zm.js                          0.46 kB │ gzip:   0.31 kB
public/build/assets/spinner-kXIp6XCe.js                                  0.46 kB │ gzip:   0.33 kB
public/build/assets/person-standing-BePPJuCE.js                          0.46 kB │ gzip:   0.31 kB
public/build/assets/trophy-Dexi_ieH.js                                   0.46 kB │ gzip:   0.28 kB
public/build/assets/pen-tool-CGGRIxxC.js                                 0.47 kB │ gzip:   0.30 kB
public/build/assets/siren-DgLj3L2q.js                                    0.47 kB │ gzip:   0.27 kB
public/build/assets/star-DiqOHohm.js                                     0.47 kB │ gzip:   0.29 kB
public/build/assets/sun-D5h9Wqqs.js                                      0.47 kB │ gzip:   0.26 kB
public/build/assets/notebook-pen-CvUO6mIN.js                             0.47 kB │ gzip:   0.29 kB
public/build/assets/cake-Cz3oc3Wj.js                                     0.49 kB │ gzip:   0.26 kB
public/build/assets/cctv-gB17lKwJ.js                                     0.49 kB │ gzip:   0.30 kB
public/build/assets/calendar-days-C42H4Y8w.js                            0.49 kB │ gzip:   0.26 kB
public/build/assets/cpu-DsSPbuEk.js                                      0.50 kB │ gzip:   0.26 kB
public/build/assets/zoom-out-BbIbqBfn.js                                 0.50 kB │ gzip:   0.23 kB
public/build/assets/radar-DGRtC5jS.js                                    0.50 kB │ gzip:   0.30 kB
public/build/assets/sparkles-DUmuN5wB.js                                 0.51 kB │ gzip:   0.30 kB
public/build/assets/wand-sparkles-BV8UpDJ6.js                            0.51 kB │ gzip:   0.29 kB
public/build/assets/ambulance-Df4X5itf.js                                0.51 kB │ gzip:   0.31 kB
public/build/assets/_helpers-Ayp0jCez.js                                 0.51 kB │ gzip:   0.33 kB
public/build/assets/boundary-geometry-Ncmqh74Z.js                        0.52 kB │ gzip:   0.32 kB
public/build/assets/unlink-DZfbqtBz.js                                   0.53 kB │ gzip:   0.30 kB
public/build/assets/calculator-CGhcwBOY.js                               0.53 kB │ gzip:   0.28 kB
public/build/assets/circle-dashed-CQf3zCNE.js                            0.57 kB │ gzip:   0.28 kB
public/build/assets/use-alert-workspace-focus-return-DGVRYbyO.js         0.58 kB │ gzip:   0.35 kB
public/build/assets/package-open-zVpPDU8R.js                             0.58 kB │ gzip:   0.33 kB
public/build/assets/i18n-Dncd9j2h.js                                     0.58 kB │ gzip:   0.39 kB
public/build/assets/user-cog-BvQff2ZR.js                                 0.58 kB │ gzip:   0.32 kB
public/build/assets/sliders-horizontal-iS55ktua.js                       0.58 kB │ gzip:   0.27 kB
public/build/assets/send-to-back-CD-3qAMX.js                             0.58 kB │ gzip:   0.31 kB
public/build/assets/fingerprint-p8AuXvbT.js                              0.60 kB │ gzip:   0.35 kB
public/build/assets/label-DnayXvci.js                                    0.61 kB │ gzip:   0.39 kB
public/build/assets/form-request-errors-CGVjFIIA.js                      0.63 kB │ gzip:   0.36 kB
public/build/assets/loading-state-c6t1bP8_.js                            0.64 kB │ gzip:   0.43 kB
public/build/assets/text-link-RogODYI2.js                                0.65 kB │ gzip:   0.42 kB
public/build/assets/qr-code-BcNASjvo.js                                  0.65 kB │ gzip:   0.31 kB
public/build/assets/collapsible-DoToTDHc.js                              0.66 kB │ gzip:   0.28 kB
public/build/assets/resident-dot-BLoyRUP7.js                             0.67 kB │ gzip:   0.46 kB
public/build/assets/fleet-stat-card-7J66D-ND.js                          0.72 kB │ gzip:   0.44 kB
public/build/assets/party-popper-B_TBpecA.js                             0.72 kB │ gzip:   0.41 kB
public/build/assets/settings-D-jrJ3h2.js                                 0.72 kB │ gzip:   0.34 kB
public/build/assets/textarea-C_9uu-fb.js                                 0.73 kB │ gzip:   0.47 kB
public/build/assets/meeting-workspace-links-BSKYBk34.js                  0.73 kB │ gzip:   0.40 kB
public/build/assets/brain-DtBBqGFT.js                                    0.73 kB │ gzip:   0.35 kB
public/build/assets/separator-C7fe0Vgu.js                                0.77 kB │ gzip:   0.45 kB
public/build/assets/page-shell-B7eQidXD.js                               0.77 kB │ gzip:   0.45 kB
public/build/assets/shared-DHJYl7e2.js                                   0.77 kB │ gzip:   0.40 kB
public/build/assets/shared-D3Yvwbxq.js                                   0.77 kB │ gzip:   0.39 kB
public/build/assets/_types-COV7Ht4s.js                                   0.78 kB │ gzip:   0.43 kB
public/build/assets/finance-command-results-BqAKWpvV.js                  0.78 kB │ gzip:   0.40 kB
public/build/assets/shift-row-types-DQA9BK_P.js                          0.80 kB │ gzip:   0.38 kB
public/build/assets/hr-tabs-D18B3AUm.js                                  0.81 kB │ gzip:   0.51 kB
public/build/assets/ops-stat-card-B37CZIdS.js                            0.81 kB │ gzip:   0.48 kB
public/build/assets/progress-BxLvrMK0.js                                 0.82 kB │ gzip:   0.54 kB
public/build/assets/skeleton-table-CmT2rwCN.js                           0.83 kB │ gzip:   0.50 kB
public/build/assets/readable-operational-state-CK8MzJI-.js               0.85 kB │ gzip:   0.45 kB
public/build/assets/boxes-DxJCRSAh.js                                    0.85 kB │ gzip:   0.39 kB
public/build/assets/wizard-DF_QPOrg.js                                   0.87 kB │ gzip:   0.55 kB
public/build/assets/wizard-NNmqhkha.js                                   0.87 kB │ gzip:   0.55 kB
public/build/assets/list-caption-hE5ckvXY.js                             0.91 kB │ gzip:   0.54 kB
public/build/assets/index-CSEUMRIG.js                                    0.92 kB │ gzip:   0.53 kB
public/build/assets/now-rule-P7hRYwwd.js                                 0.95 kB │ gzip:   0.58 kB
public/build/assets/hero-action-button-D-GVyXk8.js                       0.95 kB │ gzip:   0.55 kB
public/build/assets/page-layout-DtSKkYRB.js                              0.97 kB │ gzip:   0.56 kB
public/build/assets/governance-dialog-deep-link-DLK5tfya.js              0.98 kB │ gzip:   0.58 kB
public/build/assets/settings-tabs-BiQz6TjJ.js                            0.99 kB │ gzip:   0.54 kB
public/build/assets/error-state-CSHNLHHm.js                              1.01 kB │ gzip:   0.62 kB
public/build/assets/use-settings-leave-confirmation-Djj7Pj99.js          1.02 kB │ gzip:   0.61 kB
public/build/assets/presence-dot-CuGnqH3Y.js                             1.04 kB │ gzip:   0.58 kB
public/build/assets/input-49RbooBa.js                                    1.05 kB │ gzip:   0.59 kB
public/build/assets/command-centre-page-DCSiKRBD.js                      1.05 kB │ gzip:   0.59 kB
public/build/assets/switch-DaGHNdhC.js                                   1.06 kB │ gzip:   0.61 kB
public/build/assets/_shared-BN-lC1nz.js                                  1.07 kB │ gzip:   0.56 kB
public/build/assets/governance-work-CPDXtwsY.js                          1.09 kB │ gzip:   0.59 kB
public/build/assets/hover-action-vLW4u2SF.js                             1.09 kB │ gzip:   0.65 kB
public/build/assets/WidgetCard-2tC8eOcV.js                               1.10 kB │ gzip:   0.62 kB
public/build/assets/micro-stats-BKNykt34.js                              1.11 kB │ gzip:   0.61 kB
public/build/assets/confetti-8ALvzRDJ.js                                 1.11 kB │ gzip:   0.65 kB
public/build/assets/avatar-D2DsKi5Y.js                                   1.14 kB │ gzip:   0.44 kB
public/build/assets/checkbox-Bq_Sk3uC.js                                 1.15 kB │ gzip:   0.63 kB
public/build/assets/GovernanceHomeRail-BSXtjZiG.js                       1.21 kB │ gzip:   0.68 kB
public/build/assets/fleet-queue-context-DMx4m8A4.js                      1.21 kB │ gzip:   0.52 kB
public/build/assets/_confirm-action-ZvhXZHxH.js                          1.24 kB │ gzip:   0.70 kB
public/build/assets/wizard-stepper-DKn2KzwD.js                           1.24 kB │ gzip:   0.67 kB
public/build/assets/handover-person-notes-CbHlG0Rx.js                    1.25 kB │ gzip:   0.63 kB
public/build/assets/task-api-LDQPp0GA.js                                 1.27 kB │ gzip:   0.81 kB
public/build/assets/_types-Bdo8GrIg.js                                   1.29 kB │ gzip:   0.67 kB
public/build/assets/medication-stock-governance-C5VIWPFO.js              1.30 kB │ gzip:   0.60 kB
public/build/assets/radio-group-DbX9wSwC.js                              1.31 kB │ gzip:   0.65 kB
public/build/assets/DiscardDraftDialog-axoOeTeA.js                       1.32 kB │ gzip:   0.76 kB
public/build/assets/_attachments-hGm5aqMD.js                             1.32 kB │ gzip:   0.74 kB
public/build/assets/stream-grouping-DxjzPWpi.js                          1.35 kB │ gzip:   0.73 kB
public/build/assets/staff-avatar-177nmwqO.js                             1.35 kB │ gzip:   0.81 kB
public/build/assets/workflow-ribbon-2B9lDTTx.js                          1.35 kB │ gzip:   0.70 kB
public/build/assets/shift-status-badge-Dmc6th71.js                       1.36 kB │ gzip:   0.67 kB
public/build/assets/timesheet-status-badge-DGIK4cUK.js                   1.36 kB │ gzip:   0.66 kB
public/build/assets/fleet-queue-actions-_1pfRZPE.js                      1.37 kB │ gzip:   0.71 kB
public/build/assets/fleet-responsive-list-CgDsyRvl.js                    1.38 kB │ gzip:   0.70 kB
public/build/assets/sso-sign-in-buttons-PwlBPBGH.js                      1.40 kB │ gzip:   0.71 kB
public/build/assets/site-credentials-BC2WD9ez.js                         1.43 kB │ gzip:   0.75 kB
public/build/assets/_helpers-DwiQF0jk.js                                 1.46 kB │ gzip:   0.80 kB
public/build/assets/fleet-empty-state-CGCwcavq.js                        1.46 kB │ gzip:   0.77 kB
public/build/assets/journey-reference-strip-pm5NcpKt.js                  1.46 kB │ gzip:   0.81 kB
public/build/assets/GovernanceSectionRail-BV12tfzo.js                    1.47 kB │ gzip:   0.82 kB
public/build/assets/index-DcmOMlk_.js                                    1.50 kB │ gzip:   0.52 kB
public/build/assets/_dialogs-B5mb1HWb.js                                 1.52 kB │ gzip:   0.85 kB
public/build/assets/badge-sVjmv35H.js                                    1.53 kB │ gzip:   0.77 kB
public/build/assets/shift-types-D-Luw9YT.js                              1.54 kB │ gzip:   0.78 kB
public/build/assets/performance-tabs-DvSi3PXe.js                         1.55 kB │ gzip:   0.74 kB
public/build/assets/confirm-dialog-J4vSc-od.js                           1.57 kB │ gzip:   0.86 kB
public/build/assets/mini-sparkline-D7i7f6lZ.js                           1.58 kB │ gzip:   0.91 kB
public/build/assets/verify-email-i5rAjOEc.js                             1.58 kB │ gzip:   0.85 kB
public/build/assets/date-time-field-CM3uiiqT.js                          1.58 kB │ gzip:   0.79 kB
public/build/assets/evidence-upload-DsY9lIM6.js                          1.61 kB │ gzip:   0.83 kB
public/build/assets/status-badge-BcV9Cyb7.js                             1.61 kB │ gzip:   0.78 kB
public/build/assets/control-room-vocab-ksLn4qi7.js                       1.62 kB │ gzip:   0.64 kB
public/build/assets/popover-Bwbch3JK.js                                  1.64 kB │ gzip:   0.70 kB
public/build/assets/ops-charts-CfZvOWbq.js                               1.65 kB │ gzip:   0.78 kB
public/build/assets/alert-CF50OPgI.js                                    1.69 kB │ gzip:   0.74 kB
public/build/assets/alert-status-BPG-9gUH.js                             1.69 kB │ gzip:   0.79 kB
public/build/assets/report-incident-dialog-BVpbpFWh.js                   1.70 kB │ gzip:   0.89 kB
public/build/assets/laravel-pagination-CixCTQnl.js                       1.70 kB │ gzip:   0.84 kB
public/build/assets/money-L4nGavLX.js                                    1.71 kB │ gzip:   0.97 kB
public/build/assets/card-C9LxLdKv.js                                     1.77 kB │ gzip:   0.57 kB
public/build/assets/_helpers-C1CQgUcM.js                                 1.77 kB │ gzip:   0.77 kB
public/build/assets/documents-tabs-9QCn_KS1.js                           1.78 kB │ gzip:   0.93 kB
public/build/assets/api-BBPNyqfK.js                                      1.79 kB │ gzip:   0.94 kB
public/build/assets/workflow-ribbon-B2OFiRtG.js                          1.80 kB │ gzip:   0.80 kB
public/build/assets/overlay-focus-return-4ESXsuki.js                     1.82 kB │ gzip:   0.89 kB
public/build/assets/tooltip-D-a-5XaZ.js                                  1.82 kB │ gzip:   0.84 kB
public/build/assets/control-room-alert-row-actions-C-GfNBQt.js           1.85 kB │ gzip:   0.69 kB
public/build/assets/options-BwkaeHrx.js                                  1.86 kB │ gzip:   0.72 kB
public/build/assets/my-day-list-CcRvqKRF.js                              1.86 kB │ gzip:   0.90 kB
public/build/assets/accordion-DTcVPidw.js                                1.87 kB │ gzip:   0.85 kB
public/build/assets/journey-gate-list-Bi_LNGZZ.js                        1.87 kB │ gzip:   0.86 kB
public/build/assets/types-jfjKXH9i.js                                    1.89 kB │ gzip:   1.01 kB
public/build/assets/fleet-utils-Bl0sIMTe.js                              1.90 kB │ gzip:   0.72 kB
public/build/assets/_helpers-ZNmjm9zk.js                                 1.94 kB │ gzip:   1.04 kB
public/build/assets/draft-resume-prompt-D8nQ2Tek.js                      1.95 kB │ gzip:   1.01 kB
public/build/assets/respite-subnav-DVA95RUh.js                           2.01 kB │ gzip:   0.96 kB
public/build/assets/api-BANvMHAW.js                                      2.01 kB │ gzip:   1.14 kB
public/build/assets/handover-follow-ups-ZAgikkgJ.js                      2.02 kB │ gzip:   1.02 kB
public/build/assets/button-BUrF8eld.js                                   2.05 kB │ gzip:   0.96 kB
public/build/assets/address-autocomplete-oyBABU16.js                     2.07 kB │ gzip:   1.14 kB
public/build/assets/confirm-password-Dz5tXIDX.js                         2.07 kB │ gzip:   1.04 kB
public/build/assets/_dialogs-ErpVyGzn.js                                 2.08 kB │ gzip:   1.11 kB
public/build/assets/governance-calendar-adapter-BoWwsrz5.js              2.10 kB │ gzip:   1.01 kB
public/build/assets/_create-recovery-B9rTHu2X.js                         2.10 kB │ gzip:   1.07 kB
public/build/assets/use-personal-location-privacy-k70ZMAas.js            2.16 kB │ gzip:   0.99 kB
public/build/assets/reports-tabs-BmeXB99l.js                             2.17 kB │ gzip:   1.07 kB
public/build/assets/attention-panel-BeUzZcWx.js                          2.17 kB │ gzip:   0.99 kB
public/build/assets/task-step-draft-BpuZFfvn.js                          2.18 kB │ gzip:   1.13 kB
public/build/assets/payroll-hero-DxqL00yV.js                             2.28 kB │ gzip:   1.10 kB
public/build/assets/_shared-CpJ3wg8T.js                                  2.30 kB │ gzip:   1.17 kB
public/build/assets/_memory-recovery-ydX5sLUj.js                         2.31 kB │ gzip:   1.20 kB
public/build/assets/_shared-ygS4kTvW.js                                  2.34 kB │ gzip:   1.14 kB
public/build/assets/reason-dialog-BAUNCEAB.js                            2.34 kB │ gzip:   1.28 kB
public/build/assets/table-DHtHPBEX.js                                    2.42 kB │ gzip:   0.67 kB
public/build/assets/drills-DzaT8K6_.js                                   2.43 kB │ gzip:   1.13 kB
public/build/assets/_icons-D0rofep8.js                                   2.45 kB │ gzip:   1.15 kB
public/build/assets/first-aid-WHtJmxCo.js                                2.47 kB │ gzip:   1.14 kB
public/build/assets/task-help-inbox-CJMhPmEf.js                          2.48 kB │ gzip:   1.34 kB
public/build/assets/datetime-Cj7rLFb1.js                                 2.50 kB │ gzip:   1.10 kB
public/build/assets/finance-section-rail-CDwTBg8X.js                     2.53 kB │ gzip:   1.28 kB
public/build/assets/fleet-header-Bf3s8lGu.js                             2.55 kB │ gzip:   1.26 kB
public/build/assets/provisioning-request-files-W1xLy5iq.js               2.56 kB │ gzip:   1.26 kB
public/build/assets/text-prompt-dialog-rY7TvIZf.js                       2.62 kB │ gzip:   1.41 kB
public/build/assets/services-DKnrZbxB.js                                 2.63 kB │ gzip:   1.19 kB
public/build/assets/shift-context-menu-Dtv15x07.js                       2.64 kB │ gzip:   1.36 kB
public/build/assets/provisioning-command-fields-4x2FBuJS.js              2.68 kB │ gzip:   1.16 kB
public/build/assets/care-plan-domains-BMoj3U_w.js                        2.69 kB │ gzip:   1.26 kB
public/build/assets/document-preview-BsvddH8V.js                         2.70 kB │ gzip:   1.34 kB
public/build/assets/donut-chart-BjEVgtH7.js                              2.71 kB │ gzip:   1.35 kB
public/build/assets/donut-RxOXSbq7.js                                    2.74 kB │ gzip:   1.38 kB
public/build/assets/index-BjmjDcUN.js                                    2.76 kB │ gzip:   0.71 kB
public/build/assets/status-badge-3QlJuqdd.js                             2.76 kB │ gzip:   1.29 kB
public/build/assets/readiness-BXgHn6dK.js                                2.79 kB │ gzip:   1.36 kB
public/build/assets/financials-BUgROv5v.js                               2.80 kB │ gzip:   1.36 kB
public/build/assets/safety-register-BkdMcRbT.js                          2.83 kB │ gzip:   1.33 kB
public/build/assets/ppe-W5-KozgI.js                                      2.84 kB │ gzip:   1.11 kB
public/build/assets/register-row-kit-DYBAbrfL.js                         2.86 kB │ gzip:   1.16 kB
public/build/assets/map-model-CnDd3cpK.js                                2.86 kB │ gzip:   1.36 kB
public/build/assets/lifecycle-tabs-PG8m1SgR.js                           2.88 kB │ gzip:   1.47 kB
public/build/assets/_tabs-BvXd2f_T.js                                    2.90 kB │ gzip:   1.48 kB
public/build/assets/_note-category-picker-D14Wgi2c.js                    2.92 kB │ gzip:   1.38 kB
public/build/assets/use-create-shift-launcher-JIwAzVSE.js                2.92 kB │ gzip:   1.43 kB
public/build/assets/use-form-autosave-pH7QiiY2.js                        2.92 kB │ gzip:   1.47 kB
public/build/assets/toolbar-CzCED67A.js                                  2.92 kB │ gzip:   1.40 kB
public/build/assets/hs-detail-dialog-CPr_sLDn.js                         2.93 kB │ gzip:   1.34 kB
public/build/assets/notification-catalog-DveZKd9k.js                     2.96 kB │ gzip:   0.93 kB
public/build/assets/forgot-password-BoCs__oH.js                          2.99 kB │ gzip:   1.43 kB
public/build/assets/auth-layout-CZtzJmh4.js                              3.03 kB │ gzip:   1.37 kB
public/build/assets/report-launcher-BJOKKxJa.js                          3.03 kB │ gzip:   1.51 kB
public/build/assets/tab-strip-DCVvvm08.js                                3.03 kB │ gzip:   1.38 kB
public/build/assets/lifecycle-dialog-IUmMtU27.js                         3.05 kB │ gzip:   1.56 kB
public/build/assets/_overview-map-card-BfJranAo.js                       3.06 kB │ gzip:   1.49 kB
public/build/assets/provisioning-manual-dialog-RLbiHrhx.js               3.06 kB │ gzip:   1.53 kB
public/build/assets/reset-password-D7SXd228.js                           3.08 kB │ gzip:   1.25 kB
public/build/assets/start-reconciliation-dialog-Khj4RdyK.js              3.11 kB │ gzip:   1.29 kB
public/build/assets/two-factor-challenge-DUEytCq4.js                     3.13 kB │ gzip:   1.47 kB
public/build/assets/dictate-button-BV0PyJYy.js                           3.14 kB │ gzip:   1.60 kB
public/build/assets/use-specialist-form-defaults-BDjaYON6.js             3.14 kB │ gzip:   1.56 kB
public/build/assets/client-edit-dialog-C3A0EBvi.js                       3.16 kB │ gzip:   1.58 kB
public/build/assets/record-care-actions-kZc75wWE.js                      3.18 kB │ gzip:   1.40 kB
public/build/assets/document-library-kit-BT6DU5y8.js                     3.19 kB │ gzip:   1.08 kB
public/build/assets/risk-assessments-C4cxNKhj.js                         3.21 kB │ gzip:   1.55 kB
public/build/assets/add-evidence-dialog-2jMmvuSB.js                      3.21 kB │ gzip:   1.65 kB
public/build/assets/recorded-detail-dialog-yDYzwJJE.js                   3.22 kB │ gzip:   1.59 kB
public/build/assets/control-room-row-actions-DPCBgtgU.js                 3.31 kB │ gzip:   1.49 kB
public/build/assets/_dialogs-CaAlI7GD.js                                 3.32 kB │ gzip:   1.44 kB
public/build/assets/_ui-DEJiQuOB.js                                      3.33 kB │ gzip:   1.78 kB
public/build/assets/leave-context-menu-DLPvYjQP.js                       3.33 kB │ gzip:   1.64 kB
public/build/assets/row-context-menu-BuvIqrKq.js                         3.33 kB │ gzip:   1.64 kB
public/build/assets/_context-menu-CeQQh61p.js                            3.33 kB │ gzip:   1.60 kB
public/build/assets/fleet-compact-hero-DfJfDIgz.js                       3.33 kB │ gzip:   1.45 kB
public/build/assets/remote-picker-BN5QNRu3.js                            3.33 kB │ gzip:   1.68 kB
public/build/assets/compensation-tabs-CEGuuHnt.js                        3.34 kB │ gzip:   1.61 kB
public/build/assets/hs-hero-kit-BY3Kiy55.js                              3.36 kB │ gzip:   1.55 kB
public/build/assets/task-steps-BaXjC1TL.js                               3.38 kB │ gzip:   1.58 kB
public/build/assets/shift-med-snapshot-Dy5KISyz.js                       3.39 kB │ gzip:   1.37 kB
public/build/assets/device-profile-navigation-Chcr__Gk.js                3.40 kB │ gzip:   1.66 kB
public/build/assets/record-command-yYGGR25c.js                           3.41 kB │ gzip:   1.60 kB
public/build/assets/inspections-B1Tg_Yi3.js                              3.42 kB │ gzip:   1.39 kB
public/build/assets/ra-register-section-CmJePfUg.js                      3.46 kB │ gzip:   1.76 kB
public/build/assets/command-DTddrFs4.js                                  3.47 kB │ gzip:   1.06 kB
public/build/assets/shift-context-menu-D0DgSK9K.js                       3.49 kB │ gzip:   1.66 kB
public/build/assets/posting-preview-BLWC2TSD.js                          3.51 kB │ gzip:   1.53 kB
public/build/assets/_emergency-checklist-UIXeX-PK.js                     3.52 kB │ gzip:   1.54 kB
public/build/assets/handover-context-menu-yRnbkvsS.js                    3.55 kB │ gzip:   1.54 kB
public/build/assets/_readiness-panel-BBdtcMTk.js                         3.59 kB │ gzip:   1.64 kB
public/build/assets/checklists-CbUHg94o.js                               3.59 kB │ gzip:   1.71 kB
public/build/assets/checks-model-BpbAC4Rm.js                             3.63 kB │ gzip:   1.63 kB
public/build/assets/journey-term-help-DK9LwdPf.js                        3.64 kB │ gzip:   1.45 kB
public/build/assets/my-provisioning-list-CMFICWz1.js                     3.67 kB │ gzip:   1.70 kB
public/build/assets/site-profile-states-n94xu5T4.js                      3.69 kB │ gzip:   1.45 kB
public/build/assets/alert-dialog-OTHUAeuL.js                             3.76 kB │ gzip:   1.10 kB
public/build/assets/queue-kit-DASclBGp.js                                3.77 kB │ gzip:   1.81 kB
public/build/assets/resolution-voting-Bpa7_z73.js                        3.78 kB │ gzip:   1.69 kB
public/build/assets/_geometry-Dx1kFP0e.js                                3.80 kB │ gzip:   1.60 kB
public/build/assets/search-select-CeGOwcfn.js                            3.85 kB │ gzip:   1.85 kB
public/build/assets/configured-questions-CvfMXcOE.js                     3.86 kB │ gzip:   1.82 kB
public/build/assets/register-BxTqRjNk.js                                 3.88 kB │ gzip:   1.46 kB
public/build/assets/MedicationScanVerificationPanel-BzybS1rA.js          3.89 kB │ gzip:   1.61 kB
public/build/assets/task-detail-dialog-Ctwu-4Ep.js                       3.90 kB │ gzip:   1.78 kB
public/build/assets/reference-questionnaire-DBm57y_T.js                  3.94 kB │ gzip:   1.82 kB
public/build/assets/ticket-version-conflict-B6vMcPaP.js                  3.96 kB │ gzip:   1.80 kB
public/build/assets/shift-timeline-summary-AdLgMeQZ.js                   3.99 kB │ gzip:   1.66 kB
public/build/assets/login-Cn6EQEnY.js                                    4.01 kB │ gzip:   1.72 kB
public/build/assets/governed-location-export-dialog-C9bqJjH1.js          4.01 kB │ gzip:   1.96 kB
public/build/assets/shared-CcrqSybX.js                                   4.01 kB │ gzip:   1.96 kB
public/build/assets/finance-period-filter-IVvpjMpq.js                    4.02 kB │ gzip:   1.91 kB
public/build/assets/shift-summary-CE4XXKPN.js                            4.07 kB │ gzip:   1.68 kB
public/build/assets/edit-B_sr9xok.js                                     4.08 kB │ gzip:   1.80 kB
public/build/assets/calendar-KmxF9WuJ.js                                 4.10 kB │ gzip:   1.81 kB
public/build/assets/workspace-model-CTDC_Qgb.js                          4.10 kB │ gzip:   1.78 kB
public/build/assets/index-Bpzl9rqK.js                                    4.13 kB │ gzip:   0.83 kB
public/build/assets/entity-cells-DrkjITKR.js                             4.13 kB │ gzip:   1.63 kB
public/build/assets/use-two-factor-auth-Bh1kt7jT.js                      4.15 kB │ gzip:   1.77 kB
public/build/assets/_site-geofence-dialog-C5xvFRr6.js                    4.15 kB │ gzip:   2.00 kB
public/build/assets/empty-state-DBE7p8oD.js                              4.18 kB │ gzip:   1.85 kB
public/build/assets/board-bits-CmB6pzyu.js                               4.19 kB │ gzip:   1.58 kB
public/build/assets/address-search-D7GPvjyg.js                           4.20 kB │ gzip:   1.87 kB
public/build/assets/specialist-record-list-CG3cBJz3.js                   4.23 kB │ gzip:   1.97 kB
public/build/assets/hazards-DrkB28bT.js                                  4.24 kB │ gzip:   1.95 kB
public/build/assets/estate-operations-D8z4vDCd.js                        4.29 kB │ gzip:   1.73 kB
public/build/assets/generate-rounds-modal-CjHOUuyN.js                    4.33 kB │ gzip:   2.12 kB
public/build/assets/wizard-fields-BFjpH8ir.js                            4.34 kB │ gzip:   1.89 kB
public/build/assets/first-aid-tab-CE4-wgUf.js                            4.34 kB │ gzip:   1.78 kB
public/build/assets/documents-DYU92qFe.js                                4.37 kB │ gzip:   1.94 kB
public/build/assets/assets-Cb8vdgnM.js                                   4.37 kB │ gzip:   1.73 kB
public/build/assets/login-O47AKTMN.js                                    4.37 kB │ gzip:   1.85 kB
public/build/assets/privacy-shared-zROz6b78.js                           4.39 kB │ gzip:   1.65 kB
public/build/assets/_shared-t1BFAU3l.js                                  4.41 kB │ gzip:   1.90 kB
public/build/assets/_dialogs-YTuJlx9k.js                                 4.43 kB │ gzip:   1.81 kB
public/build/assets/shift-audit-timeline-D4KP4SSx.js                     4.49 kB │ gzip:   1.83 kB
public/build/assets/shared-kYxtym4r.js                                   4.50 kB │ gzip:   1.74 kB
public/build/assets/applicable-procedures-panel-BP8arFJT.js              4.52 kB │ gzip:   1.75 kB
public/build/assets/presentation-U8V61xZX.js                             4.53 kB │ gzip:   1.82 kB
public/build/assets/task-help-eOBm99qL.js                                4.61 kB │ gzip:   1.95 kB
public/build/assets/client-clinical-launchers-kxkzwraq.js                4.62 kB │ gzip:   2.10 kB
public/build/assets/meal-planner-CjPqFk1f.js                             4.69 kB │ gzip:   2.20 kB
public/build/assets/incidents-tab-DJIva9z5.js                            4.72 kB │ gzip:   1.85 kB
public/build/assets/_dialogs-Dsxr02vJ.js                                 4.75 kB │ gzip:   2.19 kB
public/build/assets/donut-card-BwnfSjei.js                               4.76 kB │ gzip:   2.08 kB
public/build/assets/control-room-workspace-hero-S2zradtt.js              4.76 kB │ gzip:   2.26 kB
public/build/assets/Create-CgA5EII3.js                                   4.77 kB │ gzip:   2.14 kB
public/build/assets/dialog-DtJXUHvf.js                                   4.80 kB │ gzip:   1.64 kB
public/build/assets/_asset-dialogs-0miyZHJX.js                           4.83 kB │ gzip:   2.30 kB
public/build/assets/AgedPayables-By0Bt4UE.js                             4.84 kB │ gzip:   2.17 kB
public/build/assets/AgedReceivables-BSPPJJ9n.js                          4.84 kB │ gzip:   2.17 kB
public/build/assets/date-picker-BeqOtxa1.js                              4.85 kB │ gzip:   2.22 kB
public/build/assets/calendar-range-BRCX8l21.js                           4.88 kB │ gzip:   2.28 kB
public/build/assets/entity-filter-6bMH0Zue.js                            4.89 kB │ gzip:   2.28 kB
public/build/assets/permission-destinations-BsmnfBbi.js                  4.93 kB │ gzip:   1.12 kB
public/build/assets/page-tabs-DWBMi7ka.js                                4.94 kB │ gzip:   2.03 kB
public/build/assets/Edit-D98EwFHa.js                                     4.96 kB │ gzip:   2.28 kB
public/build/assets/_dialogs-7ceHLd3J.js                                 4.97 kB │ gzip:   2.34 kB
public/build/assets/hardware-guJNk-nu.js                                 4.97 kB │ gzip:   2.18 kB
public/build/assets/whats-next-rail-CjlnlJBU.js                          4.99 kB │ gzip:   2.37 kB
public/build/assets/concern-CQ4G5hZ3.js                                  5.01 kB │ gzip:   2.30 kB
public/build/assets/_dialogs-C4G8JhhN.js                                 5.03 kB │ gzip:   2.02 kB
public/build/assets/leave-calendar-range-8h-xZKvL.js                     5.04 kB │ gzip:   2.26 kB
public/build/assets/fleet-navigation-eQEsGyVV.js                         5.05 kB │ gzip:   1.86 kB
public/build/assets/_dialogs-BJ0G59ka.js                                 5.08 kB │ gzip:   2.37 kB
public/build/assets/_dialogs-uJNjjgty.js                                 5.10 kB │ gzip:   2.37 kB
public/build/assets/client-safety-ribbon-D0Z1pzH7.js                     5.10 kB │ gzip:   2.24 kB
public/build/assets/_evidence-B5E9bBXJ.js                                5.17 kB │ gzip:   2.19 kB
public/build/assets/prn-effect-dialog-BRX8B7VT.js                        5.19 kB │ gzip:   2.28 kB
public/build/assets/shared-CEQJhvgc.js                                   5.20 kB │ gzip:   2.04 kB
public/build/assets/qr-reader-CSyeZRCQ.js                                5.20 kB │ gzip:   2.28 kB
public/build/assets/show-GvWpiREw.js                                     5.20 kB │ gzip:   2.41 kB
public/build/assets/day-picker-chip-CVqfSz6U.js                          5.21 kB │ gzip:   2.23 kB
public/build/assets/list-view--PxaMFaV.js                                5.22 kB │ gzip:   1.83 kB
public/build/assets/before-you-finish-Czsoimw8.js                        5.25 kB │ gzip:   2.13 kB
public/build/assets/Placeholder-D1topwMS.js                              5.28 kB │ gzip:   2.48 kB
public/build/assets/wizard-shell-BT9t3jZY.js                             5.31 kB │ gzip:   2.31 kB
public/build/assets/plan-Cc-uy_zv.js                                     5.31 kB │ gzip:   2.35 kB
public/build/assets/application-status-t1kgB4pd.js                       5.31 kB │ gzip:   2.16 kB
public/build/assets/care-plan-domains-builder-UWdVTKBh.js                5.33 kB │ gzip:   2.07 kB
public/build/assets/shared-CmyqTydH.js                                   5.34 kB │ gzip:   2.38 kB
public/build/assets/entity-menu-B8u6VRah.js                              5.35 kB │ gzip:   2.45 kB
public/build/assets/paperwork-panel-CKOySdbw.js                          5.38 kB │ gzip:   2.33 kB
public/build/assets/index-DT2JgqrE.js                                    5.40 kB │ gzip:   2.40 kB
public/build/assets/contacts-BP0X49JY.js                                 5.42 kB │ gzip:   2.31 kB
public/build/assets/_thumbnail-CNZ1q7l3.js                               5.43 kB │ gzip:   2.56 kB
public/build/assets/show-D8WiURtw.js                                     5.46 kB │ gzip:   2.43 kB
public/build/assets/fleet-charts-BD3Cp0FY.js                             5.50 kB │ gzip:   2.46 kB
public/build/assets/date-popover-DDwHDNFT.js                             5.60 kB │ gzip:   2.41 kB
public/build/assets/audit-log-modal-CtH-YzuD.js                          5.60 kB │ gzip:   2.52 kB
public/build/assets/show-DwU8Rw7k.js                                     5.61 kB │ gzip:   2.55 kB
public/build/assets/show-CvJBNRwy.js                                     5.62 kB │ gzip:   2.38 kB
public/build/assets/global-CdDuSQX0.js                                   5.63 kB │ gzip:   2.51 kB
public/build/assets/Index-CxmyGA1X.js                                    5.63 kB │ gzip:   2.53 kB
public/build/assets/show-C8q3Yf1A.js                                     5.63 kB │ gzip:   2.35 kB
public/build/assets/medication-review-modal-DQOqidlM.js                  5.64 kB │ gzip:   2.55 kB
public/build/assets/index-DPs12Swt.js                                    5.71 kB │ gzip:   2.53 kB
public/build/assets/complete-obligation-dialog-BKH5ZYT6.js               5.76 kB │ gzip:   2.57 kB
public/build/assets/rhythms-routines-J0NpPldh.js                         5.79 kB │ gzip:   2.63 kB
public/build/assets/entity-table-BW63MHma.js                             5.80 kB │ gzip:   2.41 kB
public/build/assets/index-0z2SYcOx.js                                    5.83 kB │ gzip:   2.60 kB
public/build/assets/select-D6xUe8H_.js                                   5.86 kB │ gzip:   1.90 kB
public/build/assets/multi-entity-filter-S-fatRM-.js                      5.86 kB │ gzip:   2.62 kB
public/build/assets/_shared-CfsbI8YA.js                                  5.88 kB │ gzip:   2.59 kB
public/build/assets/dropdown-menu-DST18hic.js                            5.88 kB │ gzip:   1.65 kB
public/build/assets/stat-tile-DcEOif3_.js                                5.89 kB │ gzip:   2.51 kB
public/build/assets/Calendar-BCjEE4zy.js                                 5.90 kB │ gzip:   2.68 kB
public/build/assets/index-CmCkoSd3.js                                    5.91 kB │ gzip:   2.70 kB
public/build/assets/GovernanceAttachmentsPanel-CTm1K9mK.js               5.91 kB │ gzip:   2.49 kB
public/build/assets/_helpers-fVKV6CcG.js                                 5.94 kB │ gzip:   2.44 kB
public/build/assets/compliance-bits-CPBFCQyK.js                          6.02 kB │ gzip:   2.53 kB
public/build/assets/index-B81QRdzG.js                                    6.03 kB │ gzip:   2.79 kB
public/build/assets/report-page-DiRRwE9K.js                              6.03 kB │ gzip:   2.83 kB
public/build/assets/link-client-dialog-BJ_9IH1l.js                       6.06 kB │ gzip:   2.58 kB
public/build/assets/audit-DW3cu8Z9.js                                    6.07 kB │ gzip:   2.74 kB
public/build/assets/stream-context-menu-DNdusRrl.js                      6.08 kB │ gzip:   2.79 kB
public/build/assets/index-CBAkYK2x.js                                    6.08 kB │ gzip:   2.63 kB
public/build/assets/index-gk0YFN8E.js                                    6.10 kB │ gzip:   2.77 kB
public/build/assets/food-meal-DlahnA7D.js                                6.12 kB │ gzip:   2.11 kB
public/build/assets/compliance-hub-header-X-mTtXEW.js                    6.22 kB │ gzip:   2.74 kB
public/build/assets/BoardMonthly-DRmKal4e.js                             6.22 kB │ gzip:   2.88 kB
public/build/assets/index-CII731do.js                                    6.23 kB │ gzip:   2.84 kB
public/build/assets/with-concerns-DpcaAkF0.js                            6.23 kB │ gzip:   2.78 kB
public/build/assets/with-incidents-dtE0a2xo.js                           6.24 kB │ gzip:   2.77 kB
public/build/assets/controls-Du5Oz6KW.js                                 6.26 kB │ gzip:   2.87 kB
public/build/assets/show-AS8yrg30.js                                     6.26 kB │ gzip:   2.84 kB
public/build/assets/index-CQk4qN_M.js                                    6.26 kB │ gzip:   2.79 kB
public/build/assets/_map-tools-17UKlN6X.js                               6.27 kB │ gzip:   2.95 kB
public/build/assets/recognition-wizard-C0hKHGUL.js                       6.27 kB │ gzip:   2.43 kB
public/build/assets/index-N0cbmR18.js                                    6.31 kB │ gzip:   2.84 kB
public/build/assets/emergency-plan-B0zOkU2P.js                           6.31 kB │ gzip:   2.83 kB
public/build/assets/show-CgbpBD_v.js                                     6.34 kB │ gzip:   2.53 kB
public/build/assets/quick-note-dialog-ZUs3ozpo.js                        6.36 kB │ gzip:   2.65 kB
public/build/assets/use-my-day-labels-Cu-spPls.js                        6.38 kB │ gzip:   2.60 kB
public/build/assets/stock-movement-modal-dDzBZRDw.js                     6.40 kB │ gzip:   2.62 kB
public/build/assets/Calendar-BAXJ98ut.js                                 6.40 kB │ gzip:   2.89 kB
public/build/assets/index-Dc-WL_8N.js                                    6.40 kB │ gzip:   2.84 kB
public/build/assets/offer-response-nSi6G4eN.js                           6.41 kB │ gzip:   2.61 kB
public/build/assets/for-stay-DLRMWxBx.js                                 6.41 kB │ gzip:   2.83 kB
public/build/assets/compensation-hero-BCwEIMNo.js                        6.42 kB │ gzip:   2.49 kB
public/build/assets/entity-card-Bom3oQbS.js                              6.42 kB │ gzip:   2.74 kB
public/build/assets/create-BbkM1lny.js                                   6.43 kB │ gzip:   2.65 kB
public/build/assets/report-Cfb_fiUu.js                                   6.45 kB │ gzip:   2.94 kB
public/build/assets/show-C-z9QKAE.js                                     6.45 kB │ gzip:   2.87 kB
public/build/assets/Create-BMX7lODD.js                                   6.49 kB │ gzip:   2.98 kB
public/build/assets/auto-rule-builder-g8g8bCrC.js                        6.50 kB │ gzip:   2.43 kB
public/build/assets/tabs-Cw01eYNc.js                                     6.50 kB │ gzip:   2.68 kB
public/build/assets/list-view-CHkqL9uR.js                                6.53 kB │ gzip:   2.36 kB
public/build/assets/clients-D9RppG5S.js                                  6.54 kB │ gzip:   2.77 kB
public/build/assets/overdue-C22yIH8f.js                                  6.55 kB │ gzip:   2.87 kB
public/build/assets/studio-library-CZNr7yur.js                           6.55 kB │ gzip:   2.68 kB
public/build/assets/ppe-shared-BDiIdjcG.js                               6.56 kB │ gzip:   2.64 kB
public/build/assets/trend-charts-C354p4C_.js                             6.57 kB │ gzip:   2.54 kB
public/build/assets/unacknowledged-B11Kc8dP.js                           6.59 kB │ gzip:   2.86 kB
public/build/assets/actions-reviews-BBH-LDXx.js                          6.59 kB │ gzip:   2.69 kB
public/build/assets/overdue-dVa4n8Ie.js                                  6.59 kB │ gzip:   2.87 kB
public/build/assets/my-active-DxXwQoU5.js                                6.60 kB │ gzip:   2.93 kB
public/build/assets/Create-BuMkuTge.js                                   6.62 kB │ gzip:   2.98 kB
public/build/assets/sortable.esm-TrASzQ3t.js                             6.64 kB │ gzip:   2.78 kB
public/build/assets/maps-usage-DdsibAmC.js                               6.67 kB │ gzip:   2.92 kB
public/build/assets/_workspace-CPT9_mAi.js                               6.70 kB │ gzip:   2.73 kB
public/build/assets/policy-summary-DFTPhYQq.js                           6.71 kB │ gzip:   3.15 kB
public/build/assets/_registers-14zQb18z.js                               6.75 kB │ gzip:   2.64 kB
public/build/assets/meal-planner-Dgk5L_AE.js                             6.76 kB │ gzip:   3.02 kB
public/build/assets/shift-calendar-view-OzHZlDLF.js                      6.78 kB │ gzip:   2.74 kB
public/build/assets/for-client-CRasS6y-.js                               6.79 kB │ gzip:   2.95 kB
public/build/assets/index-BKuL1aI8.js                                    6.82 kB │ gzip:   1.08 kB
public/build/assets/handover-rail-BSBdu9Ri.js                            6.82 kB │ gzip:   2.89 kB
public/build/assets/record-batch-wizard-B2z7Yurl.js                      6.83 kB │ gzip:   3.18 kB
public/build/assets/clock-in-wizard-BJO2H0qq.js                          6.88 kB │ gzip:   2.94 kB
public/build/assets/board-view-CrNt0IWO.js                               6.89 kB │ gzip:   2.72 kB
public/build/assets/day-work-list-CXeWK0ow.js                            6.91 kB │ gzip:   2.82 kB
public/build/assets/needing-acknowledgment-CCpII2kD.js                   6.91 kB │ gzip:   2.95 kB
public/build/assets/for-stay-zD2t9Nc6.js                                 6.93 kB │ gzip:   3.07 kB
public/build/assets/index-Bt6oDKYi.js                                    6.94 kB │ gzip:   2.81 kB
public/build/assets/checklist-trends-D9615Tdo.js                         6.95 kB │ gzip:   3.02 kB
public/build/assets/assignments-nFQzaq1t.js                              6.96 kB │ gzip:   3.28 kB
public/build/assets/_dialogs-DpGn7k83.js                                 7.01 kB │ gzip:   3.23 kB
public/build/assets/for-stay-BulnxBTJ.js                                 7.04 kB │ gzip:   3.14 kB
public/build/assets/_header-BVivHCNn.js                                  7.05 kB │ gzip:   3.27 kB
public/build/assets/alert-worklist-Vevn5Ano.js                           7.05 kB │ gzip:   2.64 kB
public/build/assets/my-tasks-rPQOCe3U.js                                 7.12 kB │ gzip:   3.13 kB
public/build/assets/show-BdsP9rdV.js                                     7.13 kB │ gzip:   3.29 kB
public/build/assets/reports-modal-BKZ1DiVC.js                            7.13 kB │ gzip:   2.97 kB
public/build/assets/agreements-CyBp4chB.js                               7.15 kB │ gzip:   3.31 kB
public/build/assets/combined-Dw1o_fzG.js                                 7.15 kB │ gzip:   3.05 kB
public/build/assets/monitoring-incident-evidence-card-5613MyOl.js        7.16 kB │ gzip:   2.51 kB
public/build/assets/awaiting-approval-DU74SMOv.js                        7.16 kB │ gzip:   3.08 kB
public/build/assets/fix-clock-out-wizard-BqnjstZs.js                     7.18 kB │ gzip:   3.07 kB
public/build/assets/_dialogs-DPHK8Ofp.js                                 7.19 kB │ gzip:   3.02 kB
public/build/assets/fleet-hero-kit-ec7pazk2.js                           7.19 kB │ gzip:   2.89 kB
public/build/assets/_dialogs-909-vyXW.js                                 7.19 kB │ gzip:   3.07 kB
public/build/assets/index-CUqrEdDP.js                                    7.20 kB │ gzip:   3.07 kB
public/build/assets/Index-BUS7aC0q.js                                    7.21 kB │ gzip:   3.10 kB
public/build/assets/map-model-W3TdKm_Q.js                                7.21 kB │ gzip:   3.07 kB
public/build/assets/assets-Cj0Zzv0X.js                                   7.21 kB │ gzip:   3.00 kB
public/build/assets/leave-excursions-BVI1X94L.js                         7.21 kB │ gzip:   2.38 kB
public/build/assets/checklist-CZzm8Qfe.js                                7.22 kB │ gzip:   3.14 kB
public/build/assets/location-workspace-BSmbCQEC.js                       7.23 kB │ gzip:   3.08 kB
public/build/assets/Calendar-5Ilx9XLp.js                                 7.24 kB │ gzip:   3.23 kB
public/build/assets/Show-zDs9e-Vd.js                                     7.25 kB │ gzip:   2.98 kB
public/build/assets/Index-DYUHv85d.js                                    7.27 kB │ gzip:   3.09 kB
public/build/assets/Show-CxtNvDIl.js                                     7.29 kB │ gzip:   3.11 kB
public/build/assets/new-journal-dialog-DgKv719e.js                       7.31 kB │ gzip:   2.69 kB
public/build/assets/respite-Coe481UX.js                                  7.31 kB │ gzip:   2.81 kB
public/build/assets/preferences-Bctok6Sb.js                              7.33 kB │ gzip:   3.29 kB
public/build/assets/people-picker-D9i7ntzY.js                            7.35 kB │ gzip:   3.14 kB
public/build/assets/review-BbWbfIQm.js                                   7.36 kB │ gzip:   3.14 kB
public/build/assets/provisioning-picker-CSYLkjS5.js                      7.39 kB │ gzip:   3.29 kB
public/build/assets/_review-dialog-hP8UEt4A.js                           7.47 kB │ gzip:   3.13 kB
public/build/assets/index-Dh2w5bYX.js                                    7.52 kB │ gzip:   3.17 kB
public/build/assets/index-CWYsVJkL.js                                    7.52 kB │ gzip:   3.17 kB
public/build/assets/_dialogs-D72AHH26.js                                 7.53 kB │ gzip:   2.48 kB
public/build/assets/create-Jy96m9IL.js                                   7.55 kB │ gzip:   3.30 kB
public/build/assets/Edit-C2CLGNkW.js                                     7.55 kB │ gzip:   3.25 kB
public/build/assets/create-BGR47EsP.js                                   7.56 kB │ gzip:   3.18 kB
public/build/assets/compliance-hero-C2aTpjWw.js                          7.56 kB │ gzip:   2.61 kB
public/build/assets/shared-DgRUxD5t.js                                   7.61 kB │ gzip:   3.05 kB
public/build/assets/payroll-adjustments-D0dsnceJ.js                      7.72 kB │ gzip:   3.11 kB
public/build/assets/location-navigator-BlaAeuJz.js                       7.75 kB │ gzip:   2.64 kB
public/build/assets/report-error-modal-B0PIpC1V.js                       7.76 kB │ gzip:   3.27 kB
public/build/assets/communication-notes-BisbKiV-.js                      7.79 kB │ gzip:   3.16 kB
public/build/assets/deletion-logs-CflQpFz0.js                            7.79 kB │ gzip:   3.37 kB
public/build/assets/show-PO7JkgNA.js                                     7.84 kB │ gzip:   3.17 kB
public/build/assets/for-stay-DYL5-4ku.js                                 7.88 kB │ gzip:   3.29 kB
public/build/assets/index-C2aqdcbh.js                                    7.90 kB │ gzip:   3.27 kB
public/build/assets/assignments-DghuyT8q.js                              7.91 kB │ gzip:   3.60 kB
public/build/assets/medical-simple-DucQ8rBi.js                           7.94 kB │ gzip:   3.48 kB
public/build/assets/daily-note-entry-BiRsA31q.js                         7.97 kB │ gzip:   3.03 kB
public/build/assets/history-index-De8WDauP.js                            8.00 kB │ gzip:   3.51 kB
public/build/assets/Submissions-CpWqDz4b.js                              8.01 kB │ gzip:   3.73 kB
public/build/assets/pending-C80l6zgu.js                                  8.06 kB │ gzip:   3.44 kB
public/build/assets/index-BztQW9wL.js                                    8.07 kB │ gzip:   3.41 kB
public/build/assets/file-dropzone-BuLc4-Km.js                            8.08 kB │ gzip:   3.49 kB
public/build/assets/show-CSPsGonf.js                                     8.10 kB │ gzip:   3.56 kB
public/build/assets/audit-history-Bm7kINr1.js                            8.13 kB │ gzip:   3.26 kB
public/build/assets/from-resolution-D2_WgGhF.js                          8.15 kB │ gzip:   3.60 kB
public/build/assets/_tool-palette-DsEDxfeG.js                            8.20 kB │ gzip:   2.99 kB
public/build/assets/shoutouts-BQ7TIh2G.js                                8.24 kB │ gzip:   3.59 kB
public/build/assets/notifications--mls1RmE.js                            8.25 kB │ gzip:   3.63 kB
public/build/assets/file-preview-dialog-i6v3gyJ6.js                      8.26 kB │ gzip:   3.56 kB
public/build/assets/work-schedule-CeQuXP57.js                            8.26 kB │ gzip:   3.41 kB
public/build/assets/availability-1PG0L1g9.js                             8.39 kB │ gzip:   3.71 kB
public/build/assets/round-template-dialog-CS3wOOfw.js                    8.39 kB │ gzip:   3.49 kB
public/build/assets/shell-Ck5_osHj.js                                    8.42 kB │ gzip:   3.06 kB
public/build/assets/reassign-dialog-CKL_hRfh.js                          8.42 kB │ gzip:   3.60 kB
public/build/assets/index-Dlg97wMc.js                                    8.44 kB │ gzip:   1.27 kB
public/build/assets/index-Dr0pHQus.js                                    8.45 kB │ gzip:   3.19 kB
public/build/assets/incidents-BO3eD9Dj.js                                8.47 kB │ gzip:   3.38 kB
public/build/assets/form-wizard-CZ8dcQ7s.js                              8.49 kB │ gzip:   3.50 kB
public/build/assets/my-day-header-mLcjfdb2.js                            8.50 kB │ gzip:   3.70 kB
public/build/assets/password-CT-jJdld.js                                 8.51 kB │ gzip:   3.39 kB
public/build/assets/attestations-BmtL6UsA.js                             8.52 kB │ gzip:   3.68 kB
public/build/assets/_dialogs-BpZjhOur.js                                 8.57 kB │ gzip:   3.32 kB
public/build/assets/index-CuuwrIhI.js                                    8.60 kB │ gzip:   1.25 kB
public/build/assets/primitives-CE0A_UNq.js                               8.69 kB │ gzip:   3.27 kB
public/build/assets/bank-account-dialog-DQQ5c1zS.js                      8.70 kB │ gzip:   3.38 kB
public/build/assets/new-account-dialog-PdvqBvM2.js                       8.74 kB │ gzip:   3.41 kB
public/build/assets/asset-condition-B4zA36cj.js                          8.74 kB │ gzip:   3.50 kB
public/build/assets/credentials-Bu8aLo7v.js                              8.75 kB │ gzip:   3.58 kB
public/build/assets/settings-CPO5wbfM.js                                 8.76 kB │ gzip:   3.79 kB
public/build/assets/personal-entry-dialog-DYcTVdFg.js                    8.79 kB │ gzip:   3.29 kB
public/build/assets/index-ChW9-zx8.js                                    8.80 kB │ gzip:   3.75 kB
public/build/assets/index-DCZX_KZg.js                                    8.80 kB │ gzip:   3.76 kB
public/build/assets/add-medication-modal-CBYD6oOU.js                     8.87 kB │ gzip:   3.65 kB
public/build/assets/show-D6RvpEXW.js                                     8.94 kB │ gzip:   3.05 kB
public/build/assets/timeline-interactions-B__v1w0O.js                    8.96 kB │ gzip:   3.62 kB
public/build/assets/show-eT4qwwQr.js                                     8.99 kB │ gzip:   4.01 kB
public/build/assets/overdue-actions-B1QJMNFq.js                          9.03 kB │ gzip:   3.75 kB
public/build/assets/fleet-pgrZ0ES1.js                                    9.05 kB │ gzip:   3.16 kB
public/build/assets/Index-f0QifwKs.js                                    9.07 kB │ gzip:   3.84 kB
public/build/assets/hero-kit-Bwrc75dS.js                                 9.08 kB │ gzip:   2.98 kB
public/build/assets/assess-U5Xy39fE.js                                   9.15 kB │ gzip:   3.81 kB
public/build/assets/Index-DH58-qYw.js                                    9.16 kB │ gzip:   3.93 kB
public/build/assets/index-Dv7soery.js                                    9.17 kB │ gzip:   3.82 kB
public/build/assets/ClientTrends-BiWCAtwh.js                             9.18 kB │ gzip:   3.94 kB
public/build/assets/file-xyL2NKu9.js                                     9.20 kB │ gzip:   3.90 kB
public/build/assets/record-BakXPv1G.js                                   9.24 kB │ gzip:   4.16 kB
public/build/assets/Index-lMp_4UP8.js                                    9.29 kB │ gzip:   3.72 kB
public/build/assets/note-rail-BGCjBcDV.js                                9.29 kB │ gzip:   3.54 kB
public/build/assets/index-BQ5OpfAn.js                                    9.31 kB │ gzip:   3.97 kB
public/build/assets/index-DtWVwvIk.js                                    9.31 kB │ gzip:   3.67 kB
public/build/assets/index-CfHDO6Kk.js                                    9.32 kB │ gzip:   4.05 kB
public/build/assets/shift-show-redesign-BUEyW77Y.js                      9.34 kB │ gzip:   3.58 kB
public/build/assets/knowledge-related-records-B2P6uEbC.js                9.37 kB │ gzip:   3.78 kB
public/build/assets/cd-register-modal-CuTyP4ls.js                        9.37 kB │ gzip:   3.85 kB
public/build/assets/_dialogs-BzBHRVcC.js                                 9.38 kB │ gzip:   3.98 kB
public/build/assets/CarePlans-CRUS6Xx3.js                                9.39 kB │ gzip:   3.78 kB
public/build/assets/notifications-CX8-wIJt.js                            9.42 kB │ gzip:   3.88 kB
public/build/assets/_manage-types-dialog-Df_EvOxr.js                     9.42 kB │ gzip:   3.84 kB
public/build/assets/reports-CLAnCvha.js                                  9.44 kB │ gzip:   3.93 kB
public/build/assets/Show-DvCNfHZF.js                                     9.45 kB │ gzip:   4.20 kB
public/build/assets/Show-DpsF3Rjo.js                                     9.51 kB │ gzip:   4.12 kB
public/build/assets/benefits-D7eK0lCr.js                                 9.54 kB │ gzip:   3.79 kB
public/build/assets/Create-BXccpp1y.js                                   9.58 kB │ gzip:   3.90 kB
public/build/assets/history-GoTqVk6P.js                                  9.59 kB │ gzip:   3.86 kB
public/build/assets/_dialogs-CER9k3FK.js                                 9.62 kB │ gzip:   3.09 kB
public/build/assets/Index-CkfL_ZAc.js                                    9.66 kB │ gzip:   4.17 kB
public/build/assets/family-tree-C2y1dNyO.js                              9.68 kB │ gzip:   3.64 kB
public/build/assets/Edit-DTx3o1v-.js                                     9.70 kB │ gzip:   4.02 kB
public/build/assets/reimbursement-DRMUOUpH.js                            9.73 kB │ gzip:   3.80 kB
public/build/assets/module-B5vw1z2M.js                                   9.73 kB │ gzip:   4.32 kB
public/build/assets/stream-item-B40Qsez4.js                              9.74 kB │ gzip:   3.61 kB
public/build/assets/index-Bhn6WPow.js                                    9.74 kB │ gzip:   4.11 kB
public/build/assets/create-BOej-8r0.js                                   9.77 kB │ gzip:   4.09 kB
public/build/assets/Index-CrWGiaO7.js                                    9.78 kB │ gzip:   4.04 kB
public/build/assets/linked-operational-evidence-BVSD8kKV.js              9.78 kB │ gzip:   3.16 kB
public/build/assets/labels-BNwZCkwM.js                                   9.78 kB │ gzip:   3.68 kB
public/build/assets/upload-Bz8jx1F7.js                                   9.78 kB │ gzip:   4.09 kB
public/build/assets/Mapping-DMxwnveP.js                                  9.80 kB │ gzip:   4.21 kB
public/build/assets/show-CGdMfy8Q.js                                     9.81 kB │ gzip:   3.90 kB
public/build/assets/_food-meal-preferences-I-OWOQgP.js                   9.82 kB │ gzip:   3.80 kB
public/build/assets/reviews-BmBuG7eD.js                                  9.82 kB │ gzip:   4.39 kB
public/build/assets/retention-BPSGusjH.js                                9.86 kB │ gzip:   3.95 kB
public/build/assets/respond-DRT94Nmp.js                                  9.90 kB │ gzip:   4.32 kB
public/build/assets/ComplianceStatus-Cl0_Z6jY.js                         9.91 kB │ gzip:   4.22 kB
public/build/assets/index-BQUPGjX0.js                                    9.92 kB │ gzip:   4.04 kB
public/build/assets/Index-D3kxeS4d.js                                    9.93 kB │ gzip:   4.15 kB
public/build/assets/Create-BT3Lua3E.js                                   9.94 kB │ gzip:   4.02 kB
public/build/assets/create-OTxG7VvO.js                                   9.97 kB │ gzip:   4.11 kB
public/build/assets/succession-wizards-BB_q4VIb.js                       9.98 kB │ gzip:   3.99 kB
public/build/assets/Logs-D4aPR1Lk.js                                     9.99 kB │ gzip:   4.27 kB
public/build/assets/Create-XrTLqVp1.js                                   9.99 kB │ gzip:   4.03 kB
public/build/assets/Index-B55Vufcy.js                                   10.03 kB │ gzip:   4.19 kB
public/build/assets/RiskNarrative-CfoX7SZ8.js                           10.04 kB │ gzip:   4.16 kB
public/build/assets/finance-CoHaJ7sa.js                                 10.05 kB │ gzip:   3.53 kB
public/build/assets/quick-add-task-BsGkZo-P.js                          10.06 kB │ gzip:   3.83 kB
public/build/assets/BoardMembers-BD3UbkRV.js                            10.07 kB │ gzip:   4.29 kB
public/build/assets/for-stay-CgVC5bvu.js                                10.09 kB │ gzip:   3.92 kB
public/build/assets/grouped-profile-nav-DiochzdI.js                     10.09 kB │ gzip:   3.87 kB
public/build/assets/index-CM4hk36G.js                                   10.10 kB │ gzip:   4.03 kB
public/build/assets/vehicle-technology-projection-DctUqVX3.js           10.10 kB │ gzip:   3.39 kB
public/build/assets/Index-CGXwM6p_.js                                   10.10 kB │ gzip:   4.16 kB
public/build/assets/pending-D09HWEa1.js                                 10.12 kB │ gzip:   3.88 kB
public/build/assets/Show-DgecGE9h.js                                    10.17 kB │ gzip:   4.48 kB
public/build/assets/my-calendar-CPnfd6r1.js                             10.18 kB │ gzip:   4.68 kB
public/build/assets/index-Co3jvvzk.js                                   10.18 kB │ gzip:   4.07 kB
public/build/assets/Index-Bk1rxQd0.js                                   10.18 kB │ gzip:   4.35 kB
public/build/assets/create-BrF1FKSf.js                                  10.18 kB │ gzip:   4.34 kB
public/build/assets/GovernanceTermHint-BeOEIuX7.js                      10.20 kB │ gzip:   4.11 kB
public/build/assets/template-BulbI_f6.js                                10.23 kB │ gzip:   4.14 kB
public/build/assets/time-picker-mVk0HRTE.js                             10.25 kB │ gzip:   4.36 kB
public/build/assets/asset-finance-technology-projection-HAA9eeYl.js     10.26 kB │ gzip:   3.48 kB
public/build/assets/policies-Czfjfm9c.js                                10.27 kB │ gzip:   4.18 kB
public/build/assets/record-wizard-shared-B9apYKrf.js                    10.28 kB │ gzip:   3.92 kB
public/build/assets/Show-DMoRMY58.js                                    10.28 kB │ gzip:   4.35 kB
public/build/assets/staff-requirements-CAmuBamh.js                      10.31 kB │ gzip:   3.82 kB
public/build/assets/create-CxSD4-18.js                                  10.34 kB │ gzip:   4.17 kB
public/build/assets/_inventory-table-D_VrPBS6.js                        10.34 kB │ gzip:   3.74 kB
public/build/assets/show-BVY2GScB.js                                    10.34 kB │ gzip:   4.06 kB
public/build/assets/legal-holds-D3WIyh9Q.js                             10.40 kB │ gzip:   4.21 kB
public/build/assets/Show-4YLJRr-8.js                                    10.43 kB │ gzip:   3.91 kB
public/build/assets/show-By2Phi0V.js                                    10.43 kB │ gzip:   4.12 kB
public/build/assets/unifi-CoEiTfqy.js                                   10.46 kB │ gzip:   4.17 kB
public/build/assets/Index-bGeM9c6l.js                                   10.47 kB │ gzip:   4.39 kB
public/build/assets/marketing-layout-ECMEQqMU.js                        10.47 kB │ gzip:   3.33 kB
public/build/assets/create-Ynqyi_x2.js                                  10.50 kB │ gzip:   4.31 kB
public/build/assets/imports-SAfyEMls.js                                 10.51 kB │ gzip:   3.86 kB
public/build/assets/ClientSummary-CpLOoRPK.js                           10.51 kB │ gzip:   3.79 kB
public/build/assets/index-B_MP-_v7.js                                   10.51 kB │ gzip:   4.38 kB
public/build/assets/Index-CtvBD4wy.js                                   10.51 kB │ gzip:   4.32 kB
public/build/assets/Index-K1RbCVOS.js                                   10.53 kB │ gzip:   4.32 kB
public/build/assets/saved-Dmz7nayk.js                                   10.55 kB │ gzip:   4.32 kB
public/build/assets/index-gO7ErrFN.js                                   10.57 kB │ gzip:   4.16 kB
public/build/assets/Index-D0we4je4.js                                   10.58 kB │ gzip:   4.29 kB
public/build/assets/ui-zc5ZVC4s.js                                      10.58 kB │ gzip:   4.51 kB
public/build/assets/FundingStreamSummary-BxSju71Q.js                    10.59 kB │ gzip:   4.35 kB
public/build/assets/show-Boyytufk.js                                    10.64 kB │ gzip:   3.92 kB
public/build/assets/edit-Czaoni1X.js                                    10.65 kB │ gzip:   4.40 kB
public/build/assets/Index-DtYxRiDU.js                                   10.65 kB │ gzip:   4.40 kB
public/build/assets/Index-BGkbcaNs.js                                   10.65 kB │ gzip:   4.53 kB
public/build/assets/risks-83I8QOlt.js                                   10.66 kB │ gzip:   4.04 kB
public/build/assets/status-Csl1spuI.js                                  10.66 kB │ gzip:   4.26 kB
public/build/assets/Index-C7_ljjwB.js                                   10.70 kB │ gzip:   4.43 kB
public/build/assets/edit-CSiwlgF1.js                                    10.70 kB │ gzip:   4.35 kB
public/build/assets/tomorrow-panel-HtJe_z8i.js                          10.80 kB │ gzip:   4.25 kB
public/build/assets/modules-CT7a9Sb9.js                                 10.80 kB │ gzip:   4.34 kB
public/build/assets/create-Cg-hDOnE.js                                  10.82 kB │ gzip:   3.70 kB
public/build/assets/compliance-CUHqTcN5.js                              10.82 kB │ gzip:   4.28 kB
public/build/assets/_door-B2m7jivU.js                                   10.87 kB │ gzip:   3.81 kB
public/build/assets/index-CbYWmXi4.js                                   10.87 kB │ gzip:   4.28 kB
public/build/assets/portal-users-BceDomMI.js                            10.89 kB │ gzip:   4.49 kB
public/build/assets/work-calendar-settings-DyiM8MvX.js                  10.91 kB │ gzip:   4.32 kB
public/build/assets/documents-3Tqo-l3k.js                               10.92 kB │ gzip:   3.87 kB
public/build/assets/risks-7hhZ577f.js                                   10.98 kB │ gzip:   4.16 kB
public/build/assets/Show-Jx4G3Ddx.js                                    10.99 kB │ gzip:   4.26 kB
public/build/assets/Index-CvN2jjTp.js                                   11.01 kB │ gzip:   4.53 kB
public/build/assets/Changes-BQfJ2YPj.js                                 11.02 kB │ gzip:   4.93 kB
public/build/assets/index-ubtH2xcj.js                                   11.02 kB │ gzip:   1.52 kB
public/build/assets/handovers-hero-XAo7lVR3.js                          11.03 kB │ gzip:   4.81 kB
public/build/assets/Show-C5HHROJ0.js                                    11.07 kB │ gzip:   4.49 kB
public/build/assets/create-Die3aLs9.js                                  11.08 kB │ gzip:   4.51 kB
public/build/assets/Index-DdorOcJI.js                                   11.13 kB │ gzip:   4.64 kB
public/build/assets/Committee-CmMuhGLu.js                               11.14 kB │ gzip:   4.85 kB
public/build/assets/create-0VGaHcMa.js                                  11.17 kB │ gzip:   4.42 kB
public/build/assets/TrialBalance-BB2vCPX8.js                            11.18 kB │ gzip:   4.85 kB
public/build/assets/clock-out-wizard-Cta3Mcan.js                        11.18 kB │ gzip:   4.50 kB
public/build/assets/vendors-B_SB_K7v.js                                 11.19 kB │ gzip:   3.66 kB
public/build/assets/index-BFW-ykT7.js                                   11.19 kB │ gzip:   4.62 kB
public/build/assets/photos-D3yEHDR4.js                                  11.22 kB │ gzip:   4.60 kB
public/build/assets/breaches-DhbqZLsN.js                                11.22 kB │ gzip:   4.44 kB
public/build/assets/index-DCgXnMhN.js                                   11.24 kB │ gzip:   4.06 kB
public/build/assets/summary-O3DiVCfs.js                                 11.27 kB │ gzip:   4.15 kB
public/build/assets/cards-view-CVQ30PoH.js                              11.27 kB │ gzip:   4.21 kB
public/build/assets/timeline-Chq6uV8O.js                                11.28 kB │ gzip:   4.83 kB
public/build/assets/privacy-action-modal-CVK1zEW6.js                    11.30 kB │ gzip:   4.43 kB
public/build/assets/index-DQBqOUPo.js                                   11.31 kB │ gzip:   4.39 kB
public/build/assets/dashboard-tabs-CswlArqW.js                          11.32 kB │ gzip:   4.23 kB
public/build/assets/map-Dl6bCnsu.js                                     11.33 kB │ gzip:   4.60 kB
public/build/assets/broadcast-show--dMEC2z7.js                          11.34 kB │ gzip:   4.15 kB
public/build/assets/show-supervision-ByWhsDgm.js                        11.35 kB │ gzip:   4.29 kB
public/build/assets/CheckShift-DcqBZGwj.js                              11.40 kB │ gzip:   4.82 kB
public/build/assets/Edit-DCcGwmXv.js                                    11.41 kB │ gzip:   4.61 kB
public/build/assets/Index-Cr4rwzyj.js                                   11.41 kB │ gzip:   4.71 kB
public/build/assets/wizard-configs-BIT99Wo0.js                          11.42 kB │ gzip:   3.50 kB
public/build/assets/leave-hub-parts-C_arQBiR.js                         11.45 kB │ gzip:   4.22 kB
public/build/assets/Index-C2Sj7UjO.js                                   11.47 kB │ gzip:   4.76 kB
public/build/assets/price-book-dialog-BsJQVR9O.js                       11.47 kB │ gzip:   4.59 kB
public/build/assets/_dialogs-DZfoSsZX.js                                11.48 kB │ gzip:   4.42 kB
public/build/assets/Index-CxKgPqRD.js                                   11.48 kB │ gzip:   4.62 kB
public/build/assets/quote-dialog-CyoDx_XZ.js                            11.49 kB │ gzip:   4.65 kB
public/build/assets/Matrix-xY8CH1iO.js                                  11.50 kB │ gzip:   4.91 kB
public/build/assets/visit-requests-C-g8KXOR.js                          11.50 kB │ gzip:   4.67 kB
public/build/assets/surveys-Dodouzg8.js                                 11.53 kB │ gzip:   4.58 kB
public/build/assets/workers-hMa57_w2.js                                 11.54 kB │ gzip:   4.40 kB
public/build/assets/index-c4NXMDMG.js                                   11.54 kB │ gzip:   4.71 kB
public/build/assets/Create-BFRUzpde.js                                  11.57 kB │ gzip:   4.54 kB
public/build/assets/documents-Dc2Mt6Y3.js                               11.59 kB │ gzip:   4.11 kB
public/build/assets/create-T4v0Xceg.js                                  11.59 kB │ gzip:   4.83 kB
public/build/assets/Index-Z7sQxN29.js                                   11.60 kB │ gzip:   5.19 kB
public/build/assets/Trends-DYL9a_KH.js                                  11.63 kB │ gzip:   5.04 kB
public/build/assets/overview-panels-Cf2_HDVM.js                         11.63 kB │ gzip:   4.66 kB
public/build/assets/index-BeV-qbT4.js                                   11.65 kB │ gzip:   4.64 kB
public/build/assets/_dialogs-CwLi9Iyp.js                                11.68 kB │ gzip:   4.74 kB
public/build/assets/Index-B_uQMun8.js                                   11.69 kB │ gzip:   4.86 kB
public/build/assets/studio-controls-C-gFLrdQ.js                         11.71 kB │ gzip:   4.56 kB
public/build/assets/index-C4vCoySn.js                                   11.71 kB │ gzip:   4.25 kB
public/build/assets/Show-CfsWNv4I.js                                    11.74 kB │ gzip:   5.17 kB
public/build/assets/dpia-4XR-CEsp.js                                    11.75 kB │ gzip:   4.51 kB
public/build/assets/show-CFSRidJM.js                                    11.79 kB │ gzip:   5.06 kB
public/build/assets/rehire-wizard-CzBexUMO.js                           11.87 kB │ gzip:   4.49 kB
public/build/assets/show-FmwFs4Dl.js                                    11.88 kB │ gzip:   4.49 kB
public/build/assets/_dialogs-Bh2oaiu4.js                                11.88 kB │ gzip:   4.47 kB
public/build/assets/task-CadBWGjO.js                                    11.91 kB │ gzip:   4.89 kB
public/build/assets/Dashboard-CA8Ithb2.js                               11.92 kB │ gzip:   5.11 kB
public/build/assets/shift-list-view-x8XUfYG9.js                         11.94 kB │ gzip:   4.71 kB
public/build/assets/Index-yzydFec3.js                                   11.94 kB │ gzip:   4.92 kB
public/build/assets/templates-DpRpnqp1.js                               11.94 kB │ gzip:   4.88 kB
public/build/assets/log-notifiable-dialog-ClMxmdRh.js                   11.97 kB │ gzip:   4.40 kB
public/build/assets/Index-Ckr3YS-m.js                                   11.98 kB │ gzip:   4.66 kB
public/build/assets/Index-Br1pWCj2.js                                   11.99 kB │ gzip:   5.25 kB
public/build/assets/healthcare-devices-MKMQdwzM.js                      11.99 kB │ gzip:   4.18 kB
public/build/assets/Index-icJMaq72.js                                   12.00 kB │ gzip:   5.18 kB
public/build/assets/community-access-D95KF5wl.js                        12.00 kB │ gzip:   4.85 kB
public/build/assets/apply-CH8M7GJ6.js                                   12.00 kB │ gzip:   4.57 kB
public/build/assets/performance-hero-CSmJiK2o.js                        12.00 kB │ gzip:   3.84 kB
public/build/assets/alerts-config-DoOya5ki.js                           12.03 kB │ gzip:   4.62 kB
public/build/assets/Index-BfcaB_E1.js                                   12.05 kB │ gzip:   5.22 kB
public/build/assets/Index-Bm-SEwm1.js                                   12.05 kB │ gzip:   5.27 kB
public/build/assets/Prepare-BlaU2_GL.js                                 12.06 kB │ gzip:   4.94 kB
public/build/assets/protocol-form-Bw0Y_iil.js                           12.08 kB │ gzip:   4.40 kB
public/build/assets/create-template-D1Xq8Yku.js                         12.11 kB │ gzip:   4.84 kB
public/build/assets/sign-B3iCjS8G.js                                    12.13 kB │ gzip:   4.78 kB
public/build/assets/profile-BFh6Wt70.js                                 12.13 kB │ gzip:   4.96 kB
public/build/assets/page-hero-CAZh4ZHE.js                               12.14 kB │ gzip:   4.68 kB
public/build/assets/AgedReport-BcQyHXfv.js                              12.15 kB │ gzip:   5.47 kB
public/build/assets/ppe-wizard-CfuU1VD_.js                              12.15 kB │ gzip:   4.97 kB
public/build/assets/wizard-kit-DcSxr-4N.js                              12.18 kB │ gzip:   5.04 kB
public/build/assets/it-ticket-comment-contract-BBENTCa7.js              12.19 kB │ gzip:   3.96 kB
public/build/assets/cards-view-DMJmpvhq.js                              12.20 kB │ gzip:   4.47 kB
public/build/assets/assignments-CXkVFcGp.js                             12.24 kB │ gzip:   4.93 kB
public/build/assets/Index-exTnnmXL.js                                   12.25 kB │ gzip:   5.14 kB
public/build/assets/_request-dialog-DAT0bCme.js                         12.25 kB │ gzip:   4.61 kB
public/build/assets/create-u5Msrayu.js                                  12.25 kB │ gzip:   4.72 kB
public/build/assets/index-UHJDqFGB.js                                   12.26 kB │ gzip:   4.70 kB
public/build/assets/_builder-dialog-BvlDQ1Sn.js                         12.27 kB │ gzip:   4.89 kB
public/build/assets/Index-696IhchZ.js                                   12.29 kB │ gzip:   5.00 kB
public/build/assets/stocktakes-D_LODo4e.js                              12.35 kB │ gzip:   4.50 kB
public/build/assets/BalanceSheet-CKmUutg5.js                            12.36 kB │ gzip:   5.18 kB
public/build/assets/Index-m5lp5gfe.js                                   12.39 kB │ gzip:   5.29 kB
public/build/assets/index-DA6wkvEf.js                                   12.40 kB │ gzip:   5.05 kB
public/build/assets/donor-fund-dialog-iOJTP0nW.js                       12.42 kB │ gzip:   4.44 kB
public/build/assets/medications-DCmHtLcw.js                             12.43 kB │ gzip:   4.51 kB
public/build/assets/Index-Cb44al66.js                                   12.43 kB │ gzip:   4.91 kB
public/build/assets/pricing-Fjdv-jtq.js                                 12.44 kB │ gzip:   3.70 kB
public/build/assets/Index-BRd_Q2G6.js                                   12.46 kB │ gzip:   5.12 kB
public/build/assets/index-D1twO1gN.js                                   12.48 kB │ gzip:   4.49 kB
public/build/assets/log-obligation-dialog-CHuh6OiH.js                   12.49 kB │ gzip:   4.70 kB
public/build/assets/time-ByYfsZTD.js                                    12.50 kB │ gzip:   5.33 kB
public/build/assets/index-CNeJchZG.js                                   12.52 kB │ gzip:   5.14 kB
public/build/assets/index-NGxaSH5p.js                                   12.53 kB │ gzip:   5.38 kB
public/build/assets/edit--o_Jt4EZ.js                                    12.55 kB │ gzip:   4.96 kB
public/build/assets/Index-ruXnSpv3.js                                   12.56 kB │ gzip:   5.44 kB
public/build/assets/specialist-workspace-header-BkvpnrFD.js             12.57 kB │ gzip:   5.56 kB
public/build/assets/index-lkN6Kn4A.js                                   12.57 kB │ gzip:   4.77 kB
public/build/assets/_dialogs-8a6UgX91.js                                12.57 kB │ gzip:   5.33 kB
public/build/assets/facilities-CqIpf1Lu.js                              12.58 kB │ gzip:   5.25 kB
public/build/assets/index-GA6oaCP2.js                                   12.58 kB │ gzip:   4.88 kB
public/build/assets/Index-7Q_eRB8R.js                                   12.59 kB │ gzip:   5.43 kB
public/build/assets/head-office-NOAV9jkn.js                             12.60 kB │ gzip:   5.32 kB
public/build/assets/requests-Dz7FHXUQ.js                                12.61 kB │ gzip:   4.84 kB
public/build/assets/geofence-draw-map-C6WrtMTa.js                       12.68 kB │ gzip:   4.86 kB
public/build/assets/index-B68GUdWd.js                                   12.69 kB │ gzip:   4.51 kB
public/build/assets/index-CERFPWdG.js                                   12.73 kB │ gzip:   4.87 kB
public/build/assets/edit-CGLcc-Iz.js                                    12.74 kB │ gzip:   4.82 kB
public/build/assets/index-DKi2OEBY.js                                   12.74 kB │ gzip:   5.26 kB
public/build/assets/new-po-dialog-HC8bqHuF.js                           12.75 kB │ gzip:   4.80 kB
public/build/assets/Trends-BBnJ8ZB4.js                                  12.76 kB │ gzip:   5.24 kB
public/build/assets/Assignments-DgOChYi_.js                             12.78 kB │ gzip:   5.37 kB
public/build/assets/Diff-D-aB1eSL.js                                    12.78 kB │ gzip:   5.50 kB
public/build/assets/index-CC1OM39I.js                                   12.79 kB │ gzip:   4.66 kB
public/build/assets/health-2CLQD-Fa.js                                  12.83 kB │ gzip:   4.35 kB
public/build/assets/Review-Cjm64ZCJ.js                                  12.83 kB │ gzip:   4.71 kB
public/build/assets/show-Bzlxw78j.js                                    12.84 kB │ gzip:   4.83 kB
public/build/assets/show-Cq8xvPQB.js                                    12.85 kB │ gzip:   4.57 kB
public/build/assets/index-CoVuesWJ.js                                   12.85 kB │ gzip:   5.04 kB
public/build/assets/ppe-action-dialogs-Cj_HlaKI.js                      12.87 kB │ gzip:   4.36 kB
public/build/assets/builder-DBPRC5l1.js                                 12.89 kB │ gzip:   4.92 kB
public/build/assets/Index-BUJLhu_Z.js                                   12.90 kB │ gzip:   4.81 kB
public/build/assets/Show-u_lkv655.js                                    12.93 kB │ gzip:   4.94 kB
public/build/assets/ProfitAndLoss-CPbY51Ob.js                           12.94 kB │ gzip:   5.20 kB
public/build/assets/Index-Dym41Nuf.js                                   12.96 kB │ gzip:   5.57 kB
public/build/assets/Index-CbNu469E.js                                   12.96 kB │ gzip:   5.63 kB
public/build/assets/privacy-qCggAK_p.js                                 12.98 kB │ gzip:   3.80 kB
public/build/assets/Index-fnUu7CHm.js                                   13.02 kB │ gzip:   5.70 kB
public/build/assets/prn-wizard-CDXPtkWa.js                              13.10 kB │ gzip:   4.99 kB
public/build/assets/index-C-tkHiM3.js                                   13.10 kB │ gzip:   5.49 kB
public/build/assets/Dashboard-DRRNyHJi.js                               13.15 kB │ gzip:   5.49 kB
public/build/assets/operational-canvas-BYW9b8En.js                      13.15 kB │ gzip:   5.30 kB
public/build/assets/playbook-wizard-BDpad7ZB.js                         13.16 kB │ gzip:   4.60 kB
public/build/assets/Show-0Jb9SZ9L.js                                    13.17 kB │ gzip:   5.11 kB
public/build/assets/show-BVcpv8p4.js                                    13.18 kB │ gzip:   4.99 kB
public/build/assets/layout-D3GXx5oH.js                                  13.19 kB │ gzip:   4.24 kB
public/build/assets/Trends-B-RyUASy.js                                  13.20 kB │ gzip:   5.38 kB
public/build/assets/index-Bs0uV6CZ.js                                   13.20 kB │ gzip:   5.44 kB
public/build/assets/Dashboard-eVnWgRxA.js                               13.24 kB │ gzip:   4.38 kB
public/build/assets/Index-BNNwLR1Z.js                                   13.27 kB │ gzip:   5.65 kB
public/build/assets/daily-check-DCMhGJ6y.js                             13.30 kB │ gzip:   5.37 kB
public/build/assets/Create-URVmwmI-.js                                  13.30 kB │ gzip:   5.61 kB
public/build/assets/calendar--T0jUfsk.js                                13.30 kB │ gzip:   5.30 kB
public/build/assets/plans-XOZDSQ4F.js                                   13.31 kB │ gzip:   5.38 kB
public/build/assets/site-detail-Bds81NB9.js                             13.32 kB │ gzip:   4.53 kB
public/build/assets/alerts-events-CH_vZdNM.js                           13.33 kB │ gzip:   5.62 kB
public/build/assets/Index-CB1oBc2V.js                                   13.35 kB │ gzip:   5.65 kB
public/build/assets/goals-path-BQo86y8N.js                              13.35 kB │ gzip:   5.34 kB
public/build/assets/show-Csb1lbOq.js                                    13.36 kB │ gzip:   5.15 kB
public/build/assets/_dialogs-5xk5eBki.js                                13.39 kB │ gzip:   4.86 kB
public/build/assets/reviews-DGaUpvsF.js                                 13.39 kB │ gzip:   5.18 kB
public/build/assets/Index-DKuQo_pA.js                                   13.39 kB │ gzip:   5.60 kB
public/build/assets/_dialogs-BvhldUeS.js                                13.39 kB │ gzip:   5.61 kB
public/build/assets/messaging-Bho-FadR.js                               13.41 kB │ gzip:   4.75 kB
public/build/assets/pre-check-DHTrXfRc.js                               13.42 kB │ gzip:   5.04 kB
public/build/assets/timesheet-review-k7rluLrG.js                        13.46 kB │ gzip:   5.02 kB
public/build/assets/_ledger-panel-CN8pD31Q.js                           13.46 kB │ gzip:   4.24 kB
public/build/assets/unassign-make-open-dialog-D32uvZXh.js               13.47 kB │ gzip:   5.09 kB
public/build/assets/create-ChTgccov.js                                  13.47 kB │ gzip:   5.24 kB
public/build/assets/HealthMonitoring-DhGnypsd.js                        13.48 kB │ gzip:   4.90 kB
public/build/assets/_audit-dialog-B75c0w84.js                           13.48 kB │ gzip:   5.41 kB
public/build/assets/about-DzOt-flW.js                                   13.50 kB │ gzip:   3.49 kB
public/build/assets/Index-_XhDOay-.js                                   13.52 kB │ gzip:   5.91 kB
public/build/assets/digest-panel-3NUQQxjA.js                            13.56 kB │ gzip:   4.79 kB
public/build/assets/houses-D9w0vmDL.js                                  13.64 kB │ gzip:   5.71 kB
public/build/assets/my-day-hero-DlCRoPEi.js                             13.65 kB │ gzip:   5.95 kB
public/build/assets/expenses-DI3Tcvvv.js                                13.65 kB │ gzip:   5.28 kB
public/build/assets/index-DWCHBFLj.js                                   13.66 kB │ gzip:   5.83 kB
public/build/assets/edit-template-CH-91eEG.js                           13.67 kB │ gzip:   5.51 kB
public/build/assets/client-B75OnXRm.js                                  13.70 kB │ gzip:   3.92 kB
public/build/assets/_dialogs-BYkV0r09.js                                13.70 kB │ gzip:   5.13 kB
public/build/assets/Index-BwvJOZmD.js                                   13.71 kB │ gzip:   5.93 kB
public/build/assets/rule-wizard-Dwxp4xWg.js                             13.75 kB │ gzip:   5.11 kB
public/build/assets/MyInterests-_x0e-MGh.js                             13.76 kB │ gzip:   5.83 kB
public/build/assets/Index-Bfc9vCVk.js                                   13.77 kB │ gzip:   6.01 kB
public/build/assets/terminology-DJVu5Tbz.js                             13.79 kB │ gzip:   4.24 kB
public/build/assets/documents-CD6bv9VO.js                               13.80 kB │ gzip:   5.51 kB
public/build/assets/by-house-iW5op16w.js                                13.80 kB │ gzip:   4.88 kB
public/build/assets/Index-CTryBGRt.js                                   13.87 kB │ gzip:   5.85 kB
public/build/assets/_recipe-edit-dialog-CFZ0QZ6C.js                     13.90 kB │ gzip:   4.69 kB
public/build/assets/Index-B5_C5yh1.js                                   13.91 kB │ gzip:   5.50 kB
public/build/assets/Index-te9QiJaQ.js                                   13.93 kB │ gzip:   5.63 kB
public/build/assets/timeline-tab-Bdjg_uTA.js                            13.94 kB │ gzip:   4.93 kB
public/build/assets/Committee-BaIbKXEm.js                               13.94 kB │ gzip:   6.04 kB
public/build/assets/Show-pNSiZyJk.js                                    14.08 kB │ gzip:   6.07 kB
public/build/assets/map-BjFA-jAl.js                                     14.09 kB │ gzip:   5.85 kB
public/build/assets/create-DdawswO9.js                                  14.13 kB │ gzip:   5.39 kB
public/build/assets/show-Dd4sz2NI.js                                    14.17 kB │ gzip:   5.12 kB
public/build/assets/show-BFIIJCcQ.js                                    14.20 kB │ gzip:   4.77 kB
public/build/assets/holidays-D_haUnU6.js                                14.20 kB │ gzip:   5.81 kB
public/build/assets/Show-Du64Fr2l.js                                    14.21 kB │ gzip:   5.55 kB
public/build/assets/Attestations--0gKqEmE.js                            14.21 kB │ gzip:   5.85 kB
public/build/assets/index-Cu0Rbsbi.js                                   14.24 kB │ gzip:   5.42 kB
public/build/assets/new-vendor-dialog-CaNrvxBN.js                       14.25 kB │ gzip:   4.76 kB
public/build/assets/_dialog-shared-DHcS8m3s.js                          14.25 kB │ gzip:   5.47 kB
public/build/assets/Index-C7wyKt0i.js                                   14.28 kB │ gzip:   6.25 kB
public/build/assets/audit-log-HGNdM0fx.js                               14.29 kB │ gzip:   5.78 kB
public/build/assets/task-detail-dialog-BdAzsdcc.js                      14.34 kB │ gzip:   4.80 kB
public/build/assets/Terminals-BDI_fg_G.js                               14.39 kB │ gzip:   5.97 kB
public/build/assets/Statements-BwDs7zfm.js                              14.48 kB │ gzip:   5.93 kB
public/build/assets/mar-mhVq4v7E.js                                     14.48 kB │ gzip:   3.92 kB
public/build/assets/trends-DPn4aM-k.js                                  14.48 kB │ gzip:   4.86 kB
public/build/assets/Index-DCi0MmQu.js                                   14.49 kB │ gzip:   6.22 kB
public/build/assets/workflow-CnGep6Bs.js                                14.50 kB │ gzip:   5.94 kB
public/build/assets/survey-lNqh8VCI.js                                  14.52 kB │ gzip:   4.81 kB
public/build/assets/Index-C-Phi8Yn.js                                   14.55 kB │ gzip:   6.23 kB
public/build/assets/Create-DLX0-DX3.js                                  14.56 kB │ gzip:   5.70 kB
public/build/assets/Index-CJRTfWZ0.js                                   14.58 kB │ gzip:   6.43 kB
public/build/assets/Index-B2dfJmIb.js                                   14.59 kB │ gzip:   6.07 kB
public/build/assets/_commercial-jy4wSQ57.js                             14.62 kB │ gzip:   5.37 kB
public/build/assets/_dialogs-DqvQKwJ8.js                                14.63 kB │ gzip:   5.81 kB
public/build/assets/global-CL14Rg3P.js                                  14.67 kB │ gzip:   5.56 kB
public/build/assets/Financials-C22Qdms_.js                              14.69 kB │ gzip:   5.79 kB
public/build/assets/index-7Mo2r4DT.js                                   14.72 kB │ gzip:   5.60 kB
public/build/assets/record-evidence-dialog-4N5kJ48q.js                  14.75 kB │ gzip:   5.97 kB
public/build/assets/_dialogs-DAwx_JPB.js                                14.75 kB │ gzip:   5.61 kB
public/build/assets/matrix-9GlQD171.js                                  14.83 kB │ gzip:   5.95 kB
public/build/assets/show-duRBTuDk.js                                    14.84 kB │ gzip:   5.76 kB
public/build/assets/my-tasks-BaxI52M5.js                                14.84 kB │ gzip:   5.83 kB
public/build/assets/run-DNfDuffH.js                                     14.84 kB │ gzip:   5.50 kB
public/build/assets/index-3McIVrkb.js                                   14.86 kB │ gzip:   6.17 kB
public/build/assets/playback-BINErskt.js                                14.87 kB │ gzip:   5.85 kB
public/build/assets/index-CVbtsqJH.js                                   14.88 kB │ gzip:   5.83 kB
public/build/assets/Show-DNnpLbjs.js                                    14.90 kB │ gzip:   5.92 kB
public/build/assets/Show-p-W5zDio.js                                    14.95 kB │ gzip:   6.11 kB
public/build/assets/reports-R2stwhg9.js                                 14.99 kB │ gzip:   5.20 kB
public/build/assets/Index-Cn2PnFCl.js                                   15.04 kB │ gzip:   5.55 kB
public/build/assets/show-Dsgdt1gI.js                                    15.04 kB │ gzip:   5.54 kB
public/build/assets/CashFlow-Cs_YIyq8.js                                15.06 kB │ gzip:   5.94 kB
public/build/assets/Create-Cd1W44fC.js                                  15.06 kB │ gzip:   4.98 kB
public/build/assets/index-DHIO-ff0.js                                   15.07 kB │ gzip:   6.08 kB
public/build/assets/Results-CFF-bFk9.js                                 15.10 kB │ gzip:   6.30 kB
public/build/assets/portal-users-DaGegp0T.js                            15.11 kB │ gzip:   6.26 kB
public/build/assets/edit-DBqCN15-.js                                    15.16 kB │ gzip:   5.92 kB
public/build/assets/command-centre-hero-BmY5ucyo.js                     15.18 kB │ gzip:   6.15 kB
public/build/assets/sso-groups-B-7rXYFD.js                              15.19 kB │ gzip:   5.65 kB
public/build/assets/custom-fields-Bfuwt-IZ.js                           15.20 kB │ gzip:   6.17 kB
public/build/assets/index-B3vMr2jB.js                                   15.23 kB │ gzip:   6.25 kB
public/build/assets/overview-D-81Q63i.js                                15.26 kB │ gzip:   5.52 kB
public/build/assets/Show-DJ_xjWVH.js                                    15.28 kB │ gzip:   6.44 kB
public/build/assets/BatchDetail-BchtBKP7.js                             15.36 kB │ gzip:   5.93 kB
public/build/assets/terms-BO23oWWK.js                                   15.36 kB │ gzip:   4.45 kB
public/build/assets/create-BEq0bQze.js                                  15.39 kB │ gzip:   5.63 kB
public/build/assets/contact-DpAX5iEo.js                                 15.42 kB │ gzip:   4.92 kB
public/build/assets/Index-3UsUrKcu.js                                   15.45 kB │ gzip:   6.37 kB
public/build/assets/Roles-FdJ7uBHT.js                                   15.47 kB │ gzip:   4.86 kB
public/build/assets/edit-BCVHOkjh.js                                    15.47 kB │ gzip:   6.12 kB
public/build/assets/record-event-dialog-BZIGefzW.js                     15.54 kB │ gzip:   5.96 kB
public/build/assets/Show-BnhZKE61.js                                    15.55 kB │ gzip:   6.05 kB
public/build/assets/Index-Bd5FJMKQ.js                                   15.56 kB │ gzip:   6.60 kB
public/build/assets/show-cCu1JFsH.js                                    15.61 kB │ gzip:   5.84 kB
public/build/assets/staff-detail-CVfaywKx.js                            15.63 kB │ gzip:   5.95 kB
public/build/assets/bonuses-goPlqMM4.js                                 15.63 kB │ gzip:   6.34 kB
public/build/assets/shift-detail-dialog-SHH_WGMo.js                     15.63 kB │ gzip:   6.05 kB
public/build/assets/daily-note-wizard-CFSARukV.js                       15.63 kB │ gzip:   4.78 kB
public/build/assets/reports-BHR6tpmB.js                                 15.68 kB │ gzip:   5.99 kB
public/build/assets/payslips-CXUdl-wS.js                                15.71 kB │ gzip:   5.69 kB
public/build/assets/history-ytUllffl.js                                 15.73 kB │ gzip:   5.81 kB
public/build/assets/profile-xq45IGY5.js                                 15.78 kB │ gzip:   5.66 kB
public/build/assets/Index-Yxdzj55p.js                                   15.80 kB │ gzip:   6.37 kB
public/build/assets/Show-BZpEbqng.js                                    15.83 kB │ gzip:   6.37 kB
public/build/assets/webhooks-DkPpdCxQ.js                                15.84 kB │ gzip:   5.45 kB
public/build/assets/BudgetVsActuals-BKca4iaX.js                         15.84 kB │ gzip:   6.13 kB
public/build/assets/my-hr-shoutout-spotlight-D72bLOTy.js                15.87 kB │ gzip:   5.91 kB
public/build/assets/Heatmap-Dk0ZVuyY.js                                 15.94 kB │ gzip:   6.72 kB
public/build/assets/Batches-BaYTE3uE.js                                 15.96 kB │ gzip:   6.57 kB
public/build/assets/review-detail-wPtixPia.js                           15.97 kB │ gzip:   6.36 kB
public/build/assets/index-CoKbUsMy.js                                   16.03 kB │ gzip:   6.67 kB
public/build/assets/record-dose-wizard-CS4Elyqo.js                      16.05 kB │ gzip:   5.37 kB
public/build/assets/maintenance-health-Dd3pYovg.js                      16.06 kB │ gzip:   6.33 kB
public/build/assets/Index-Dd9KlzGd.js                                   16.07 kB │ gzip:   6.29 kB
public/build/assets/record-receipt-dialog-D53svwif.js                   16.12 kB │ gzip:   5.58 kB
public/build/assets/audit-kX3DExn9.js                                   16.12 kB │ gzip:   6.00 kB
public/build/assets/Index-C0ZfA7RG.js                                   16.13 kB │ gzip:   6.86 kB
public/build/assets/index-Cjq8YTDh.js                                   16.16 kB │ gzip:   6.86 kB
public/build/assets/policy-wizards-CibOzDsS.js                          16.17 kB │ gzip:   5.57 kB
public/build/assets/index-VzMAX0TP.js                                   16.22 kB │ gzip:   6.48 kB
public/build/assets/new-bill-dialog-Cr7LFUKH.js                         16.32 kB │ gzip:   5.89 kB
public/build/assets/Index-E3RwOUwQ.js                                   16.35 kB │ gzip:   6.88 kB
public/build/assets/risk-management-B2Dksa_u.js                         16.35 kB │ gzip:   6.27 kB
public/build/assets/matrix-CTNFXoci.js                                  16.37 kB │ gzip:   6.36 kB
public/build/assets/appearance-CF3Nbkn2.js                              16.39 kB │ gzip:   5.05 kB
public/build/assets/record-abc-dialog-D_Mmf38Q.js                       16.39 kB │ gzip:   5.81 kB
public/build/assets/incidents-CVlJY_lJ.js                               16.40 kB │ gzip:   6.07 kB
public/build/assets/Assessments-Cxj8TRA0.js                             16.47 kB │ gzip:   6.47 kB
public/build/assets/Show-CcBd3DZK.js                                    16.47 kB │ gzip:   6.47 kB
public/build/assets/Index-9MyXRiF-.js                                   16.49 kB │ gzip:   6.39 kB
public/build/assets/breaches-DswZRAY7.js                                16.50 kB │ gzip:   5.79 kB
public/build/assets/RunResults-D0xI2YRb.js                              16.52 kB │ gzip:   6.21 kB
public/build/assets/show-BQ2qZMn4.js                                    16.57 kB │ gzip:   6.62 kB
public/build/assets/Settings-WL1cRBVo.js                                16.63 kB │ gzip:   6.25 kB
public/build/assets/show-DsCaCw9U.js                                    16.64 kB │ gzip:   5.66 kB
public/build/assets/Show-D9W5nHTL.js                                    16.67 kB │ gzip:   6.58 kB
public/build/assets/notification-defaults-CVi8QaWC.js                   16.71 kB │ gzip:   5.96 kB
public/build/assets/boundary-wizard-B5zWdtuD.js                         16.72 kB │ gzip:   6.43 kB
public/build/assets/index-CWyRtA4o.js                                   16.74 kB │ gzip:   6.53 kB
public/build/assets/Index-noPi4GGw.js                                   16.76 kB │ gzip:   6.67 kB
public/build/assets/observations-CwGzM6lV.js                            16.79 kB │ gzip:   6.23 kB
public/build/assets/location-DCmwEh5a.js                                16.82 kB │ gzip:   6.06 kB
public/build/assets/charts-DZjKEWly.js                                  16.83 kB │ gzip:   5.56 kB
public/build/assets/_owners-CweaemWy.js                                 16.88 kB │ gzip:   6.05 kB
public/build/assets/note-detail-dialog-CD13XlRI.js                      16.91 kB │ gzip:   5.80 kB
public/build/assets/Protocols-DnmXPjv7.js                               16.94 kB │ gzip:   6.27 kB
public/build/assets/documents-RIll6nHh.js                               16.95 kB │ gzip:   6.71 kB
public/build/assets/leave-LArLnpni.js                                   16.96 kB │ gzip:   7.11 kB
public/build/assets/Index-DnSt9ocf.js                                   16.96 kB │ gzip:   6.95 kB
public/build/assets/Show-DXiqIHCn.js                                    16.96 kB │ gzip:   5.87 kB
public/build/assets/Index-D5kh-6_K.js                                   16.97 kB │ gzip:   7.00 kB
public/build/assets/api-Da8-fxfq.js                                     17.01 kB │ gzip:   5.20 kB
public/build/assets/Index-CPXulC_j.js                                   17.07 kB │ gzip:   6.70 kB
public/build/assets/cost-allocation-CngOmb8Y.js                         17.15 kB │ gzip:   6.15 kB
public/build/assets/edit-CzTg3Cco.js                                    17.20 kB │ gzip:   6.36 kB
public/build/assets/family-notes-BV5li4rL.js                            17.20 kB │ gzip:   6.39 kB
public/build/assets/index-eLFyQl2i.js                                   17.21 kB │ gzip:   6.73 kB
public/build/assets/_notifications-Dl145mat.js                          17.23 kB │ gzip:   6.17 kB
public/build/assets/Index-DYwJuzbP.js                                   17.25 kB │ gzip:   6.23 kB
public/build/assets/Index-BMijwph_.js                                   17.29 kB │ gzip:   7.13 kB
public/build/assets/create-DjINM8oJ.js                                  17.29 kB │ gzip:   6.06 kB
public/build/assets/leave-hub-tabs-CcXqo2_k.js                          17.30 kB │ gzip:   5.81 kB
public/build/assets/_dialogs-Bg6Gn6VQ.js                                17.31 kB │ gzip:   6.48 kB
public/build/assets/worklists-Bdo7IO5i.js                               17.31 kB │ gzip:   5.87 kB
public/build/assets/maintenance-DsYulhdD.js                             17.38 kB │ gzip:   6.51 kB
public/build/assets/week-picker-D_Z_mfXp.js                             17.40 kB │ gzip:   6.73 kB
public/build/assets/Index-BH4avDe6.js                                   17.42 kB │ gzip:   7.28 kB
public/build/assets/view-timesheet-dialog-CGLFxC5p.js                   17.49 kB │ gzip:   4.85 kB
public/build/assets/handover-detail-dialog-DJ465hUg.js                  17.50 kB │ gzip:   5.94 kB
public/build/assets/fleet-calendar-CyQYFIBa.js                          17.55 kB │ gzip:   6.96 kB
public/build/assets/_overview-dialogs-DVycyLNY.js                       17.65 kB │ gzip:   5.35 kB
public/build/assets/index-DqX45p5w.js                                   17.68 kB │ gzip:   6.75 kB
public/build/assets/Index-DEv84KCf.js                                   17.71 kB │ gzip:   7.53 kB
public/build/assets/index-t3ScGndq.js                                   17.71 kB │ gzip:   6.77 kB
public/build/assets/index-CqbbEm7Y.js                                   17.72 kB │ gzip:   5.97 kB
public/build/assets/show-BjwBLyMr.js                                    17.79 kB │ gzip:   4.47 kB
public/build/assets/substance-wizard-dialog-Cr_V3jXW.js                 17.90 kB │ gzip:   6.30 kB
public/build/assets/edit-CyZnEE6v.js                                    17.95 kB │ gzip:   6.49 kB
public/build/assets/index-w906ILLO.js                                   17.98 kB │ gzip:   6.94 kB
public/build/assets/show-DKKroovi.js                                    17.99 kB │ gzip:   6.43 kB
public/build/assets/index-Btv0s268.js                                   18.07 kB │ gzip:   2.18 kB
public/build/assets/security-CNPCPkbe.js                                18.07 kB │ gzip:   6.26 kB
public/build/assets/index-DLpPkKH2.js                                   18.07 kB │ gzip:   4.73 kB
public/build/assets/reports-DSpffyu_.js                                 18.09 kB │ gzip:   6.36 kB
public/build/assets/Show-DAb8h3zP.js                                    18.10 kB │ gzip:   6.12 kB
public/build/assets/Index-BS9pvgug.js                                   18.10 kB │ gzip:   7.34 kB
public/build/assets/show-CcDMKRPf.js                                    18.10 kB │ gzip:   6.66 kB
public/build/assets/show-HfOz51ha.js                                    18.11 kB │ gzip:   6.62 kB
public/build/assets/health-clinical-shell-C2gTVBrR.js                   18.15 kB │ gzip:   7.20 kB
public/build/assets/shift-coverage-BCKpQM_s.js                          18.17 kB │ gzip:   6.42 kB
public/build/assets/daily-notes-DqJlWwg0.js                             18.21 kB │ gzip:   6.71 kB
public/build/assets/_dialogs-DfnvQYYI.js                                18.24 kB │ gzip:   6.68 kB
public/build/assets/Show-DBGoZIQB.js                                    18.28 kB │ gzip:   7.04 kB
public/build/assets/Show-CbzQ21IY.js                                    18.29 kB │ gzip:   7.38 kB
public/build/assets/Index-Bp0pO190.js                                   18.30 kB │ gzip:   7.48 kB
public/build/assets/operational-map-BH_hVpK4.js                         18.30 kB │ gzip:   6.19 kB
public/build/assets/book-vehicle-wizard-CViVl8-B.js                     18.31 kB │ gzip:   5.54 kB
public/build/assets/payslip-detail-CcR5HtHU.js                          18.33 kB │ gzip:   6.13 kB
public/build/assets/dashboard-DdHbcH8_.js                               18.33 kB │ gzip:   6.98 kB
public/build/assets/Edit-NisNpl78.js                                    18.34 kB │ gzip:   7.01 kB
public/build/assets/Show-BROaKMaK.js                                    18.45 kB │ gzip:   7.18 kB
public/build/assets/announcement-wizard-BeN_7-kJ.js                     18.46 kB │ gzip:   6.36 kB
public/build/assets/Show-CU9Vdq-C.js                                    18.53 kB │ gzip:   7.44 kB
public/build/assets/index-D_BT86ve.js                                   18.60 kB │ gzip:   6.57 kB
public/build/assets/create-wizard-qkh2x-EC.js                           18.69 kB │ gzip:   6.51 kB
public/build/assets/schedule-BmNX9t5Y.js                                18.70 kB │ gzip:   6.41 kB
public/build/assets/directory-DXrtIvGI.js                               18.70 kB │ gzip:   6.35 kB
public/build/assets/Show-BS5gbfPZ.js                                    18.76 kB │ gzip:   7.57 kB
public/build/assets/index-CHuklzmO.js                                   18.79 kB │ gzip:   7.27 kB
public/build/assets/ppe-detail-dialog-DvTi1C4G.js                       18.80 kB │ gzip:   6.40 kB
public/build/assets/show-DZXVcoJ8.js                                    18.83 kB │ gzip:   6.87 kB
public/build/assets/chains-Bpf4yG-C.js                                  18.87 kB │ gzip:   6.65 kB
public/build/assets/_recipes-panel-BR5LZiZV.js                          18.90 kB │ gzip:   6.01 kB
public/build/assets/show-review-CiXfvWfM.js                             18.94 kB │ gzip:   6.85 kB
public/build/assets/audit-logs-CB0lKzj_.js                              19.01 kB │ gzip:   7.19 kB
public/build/assets/_dialogs-CgQxlPkh.js                                19.07 kB │ gzip:   6.15 kB
public/build/assets/_maps-fjV4Xzwr.js                                   19.28 kB │ gzip:   6.79 kB
public/build/assets/goals-C3DCoR6R.js                                   19.31 kB │ gzip:   6.72 kB
public/build/assets/integrations-CCZVBcub.js                            19.33 kB │ gzip:   6.70 kB
public/build/assets/show-CjJgn0w6.js                                    19.34 kB │ gzip:   7.14 kB
public/build/assets/edit-CSu2M7Lv.js                                    19.38 kB │ gzip:   6.92 kB
public/build/assets/two-factor-zN_m8zRf.js                              19.42 kB │ gzip:   7.22 kB
public/build/assets/_dialogs-CNiV4L_I.js                                19.43 kB │ gzip:   7.20 kB
public/build/assets/index-BDuz5ISo.js                                   19.44 kB │ gzip:   7.61 kB
public/build/assets/index-v4L5_y8q.js                                   19.44 kB │ gzip:   6.68 kB
public/build/assets/_templates-panel-DLxgBE2D.js                        19.54 kB │ gzip:   6.00 kB
public/build/assets/escalations--aTijJgs.js                             19.59 kB │ gzip:   8.18 kB
public/build/assets/calendar-sync-DZUdH5Uv.js                           19.62 kB │ gzip:   7.43 kB
public/build/assets/index-zNEx7mcA.js                                   19.64 kB │ gzip:   7.49 kB
public/build/assets/Shifts-Cw3sKatS.js                                  19.64 kB │ gzip:   7.15 kB
public/build/assets/show-CN_BJLNI.js                                    19.71 kB │ gzip:   6.83 kB
public/build/assets/training-D0GFJC4R.js                                19.72 kB │ gzip:   6.55 kB
public/build/assets/Index-BF3wcBLf.js                                   19.76 kB │ gzip:   8.25 kB
public/build/assets/show-vTYvP7Rz.js                                    19.77 kB │ gzip:   7.49 kB
public/build/assets/Behaviour-OTUKlsaZ.js                               19.89 kB │ gzip:   6.98 kB
public/build/assets/Show-ue-J6j-J.js                                    19.90 kB │ gzip:   7.84 kB
public/build/assets/labels-Ce-xhR-g.js                                  19.91 kB │ gzip:   7.76 kB
public/build/assets/_dialogs-JRl1DH6H.js                                19.97 kB │ gzip:   7.02 kB
public/build/assets/Show-CcmApsEM.js                                    19.97 kB │ gzip:   7.70 kB
public/build/assets/features-Dyh2g6Li.js                                19.98 kB │ gzip:   5.23 kB
public/build/assets/index-BrbOSK5V.js                                   20.00 kB │ gzip:   7.79 kB
public/build/assets/index-DgLTmfZ1.js                                   20.09 kB │ gzip:   7.45 kB
public/build/assets/index-F2jhyXSc.js                                   20.27 kB │ gzip:   8.39 kB
public/build/assets/edit-DQOzLAZf.js                                    20.29 kB │ gzip:   7.56 kB
public/build/assets/broadcast-AMOK7239.js                               20.36 kB │ gzip:   7.84 kB
public/build/assets/dashboard-4oilYDLA.js                               20.38 kB │ gzip:   7.55 kB
public/build/assets/index-BB2j_PSI.js                                   20.38 kB │ gzip:   7.36 kB
public/build/assets/index-D0-gXD4I.js                                   20.40 kB │ gzip:   7.09 kB
public/build/assets/stats-CUus-7WC.js                                   20.42 kB │ gzip:   6.52 kB
public/build/assets/fixed-asset-dispose-dialog-F4PYI266.js              20.43 kB │ gzip:   6.67 kB
public/build/assets/note-wizard-BqkbuxJp.js                             20.54 kB │ gzip:   6.60 kB
public/build/assets/fleet-map-DsGlzaq5.js                               20.58 kB │ gzip:   7.17 kB
public/build/assets/_library-dialogs-BXbaZYII.js                        20.59 kB │ gzip:   5.61 kB
public/build/assets/show-BVXhkMTM.js                                    20.60 kB │ gzip:   7.60 kB
public/build/assets/_error-dialogs-leDLovyj.js                          20.68 kB │ gzip:   7.30 kB
public/build/assets/medications-CPdQfUS4.js                             20.69 kB │ gzip:   7.25 kB
public/build/assets/shifts-C7QcEAjq.js                                  20.71 kB │ gzip:   6.82 kB
public/build/assets/stocktake-modal-C6ER6vcu.js                         20.78 kB │ gzip:   6.96 kB
public/build/assets/shift-notes-dialog-DaKJVxtA.js                      20.84 kB │ gzip:   7.80 kB
public/build/assets/calendar-Cqr2peRf.js                                20.85 kB │ gzip:   6.81 kB
public/build/assets/history-B79fuXFg.js                                 20.86 kB │ gzip:   7.20 kB
public/build/assets/record-observation-dialog-C_63nMtU.js               20.96 kB │ gzip:   8.10 kB
public/build/assets/Index-DA_Tf-15.js                                   21.04 kB │ gzip:   8.72 kB
public/build/assets/show-6ICj8DBI.js                                    21.05 kB │ gzip:   7.15 kB
public/build/assets/create-Bz5nVfVb.js                                  21.06 kB │ gzip:   6.06 kB
public/build/assets/index-BvR_T4EI.js                                   21.10 kB │ gzip:   8.63 kB
public/build/assets/index-BMMusvyG.js                                   21.11 kB │ gzip:   8.38 kB
public/build/assets/add-device-dialog-aGYC5fUy.js                       21.12 kB │ gzip:   7.34 kB
public/build/assets/index-6nsglDs-.js                                   21.19 kB │ gzip:   7.73 kB
public/build/assets/map-DPj_Pi5C.js                                     21.19 kB │ gzip:   6.64 kB
public/build/assets/balances-MinAhWgx.js                                21.21 kB │ gzip:   8.53 kB
public/build/assets/Show-BRtTrIGJ.js                                    21.28 kB │ gzip:   8.10 kB
public/build/assets/create-Cq1wGZ23.js                                  21.30 kB │ gzip:   7.17 kB
public/build/assets/show-CdSY8TcS.js                                    21.40 kB │ gzip:   7.56 kB
public/build/assets/show-D1SE4ojl.js                                    21.44 kB │ gzip:   7.82 kB
public/build/assets/_dialogs-c0WwEjSQ.js                                21.64 kB │ gzip:   7.66 kB
public/build/assets/parts-yO-0INS-.js                                   21.65 kB │ gzip:   6.76 kB
public/build/assets/Events-BdqUhAi1.js                                  21.79 kB │ gzip:   8.01 kB
public/build/assets/performance-wizards-Clrf-ibW.js                     21.79 kB │ gzip:   7.44 kB
public/build/assets/Index-B2rldBBL.js                                   21.81 kB │ gzip:   8.39 kB
public/build/assets/review-builder-dialog-DTaeN2c8.js                   21.89 kB │ gzip:   7.70 kB
public/build/assets/index-Bbw1Zs4V.js                                   21.97 kB │ gzip:   8.07 kB
public/build/assets/create-xHSqMelP.js                                  21.98 kB │ gzip:   8.76 kB
public/build/assets/calendar-DunqRmQU.js                                21.98 kB │ gzip:   6.89 kB
public/build/assets/edit-B8850U5w.js                                    22.02 kB │ gzip:   7.39 kB
public/build/assets/ppe-create-wizards-CDE1BF_s.js                      22.05 kB │ gzip:   7.38 kB
public/build/assets/Index-uN0erwu7.js                                   22.06 kB │ gzip:   8.50 kB
public/build/assets/home-BDd2T5RV.js                                    22.25 kB │ gzip:   5.38 kB
public/build/assets/incidents-0ItgqiyL.js                               22.28 kB │ gzip:   8.38 kB
public/build/assets/create-B4EZnm0P.js                                  22.32 kB │ gzip:   7.45 kB
public/build/assets/leave-request-dialog-CqBKatHT.js                    22.51 kB │ gzip:   7.53 kB
public/build/assets/show-CyJczZdX.js                                    22.53 kB │ gzip:   7.43 kB
public/build/assets/Index-BVKxRFBv.js                                   22.68 kB │ gzip:   8.55 kB
public/build/assets/payslips-BtaZpwY8.js                                22.69 kB │ gzip:   6.77 kB
public/build/assets/_dialogs-Cjoex7P5.js                                22.81 kB │ gzip:   8.46 kB
public/build/assets/incidents-BAVUZQPI.js                               22.96 kB │ gzip:   8.57 kB
public/build/assets/personal-details-ydb6klYn.js                        22.99 kB │ gzip:   7.96 kB
public/build/assets/Show-IWopBQnY.js                                    23.11 kB │ gzip:   8.60 kB
public/build/assets/_competency-dialogs-CqcHNrrM.js                     23.20 kB │ gzip:   7.76 kB
public/build/assets/notifications-CWZBxuT7.js                           23.21 kB │ gzip:   8.32 kB
public/build/assets/resident-sidebar-BUFg_Hnq.js                        23.21 kB │ gzip:   8.33 kB
public/build/assets/Show-DxO8uPKw.js                                    23.22 kB │ gzip:   7.97 kB
public/build/assets/Index-D_5H1DGl.js                                   23.38 kB │ gzip:   7.77 kB
public/build/assets/index-lZ9XWwWd.js                                   23.40 kB │ gzip:   8.12 kB
public/build/assets/Show-BLrUKUEO.js                                    23.47 kB │ gzip:   8.62 kB
public/build/assets/create-wizard-G-s0M3BL.js                           23.48 kB │ gzip:   8.18 kB
public/build/assets/unifi-Bty0Krwg.js                                   23.51 kB │ gzip:   7.16 kB
public/build/assets/show-B6lH_YEV.js                                    23.54 kB │ gzip:   7.68 kB
public/build/assets/Show-B0A2rb9x.js                                    23.58 kB │ gzip:   9.02 kB
public/build/assets/booking-wizard-BW10jhgq.js                          23.70 kB │ gzip:   7.90 kB
public/build/assets/Index-Dzb-7GLy.js                                   23.83 kB │ gzip:   9.26 kB
public/build/assets/_dialogs-Czpph-KC.js                                23.99 kB │ gzip:   8.98 kB
public/build/assets/analytics-charts-pVW2RTXX.js                        24.03 kB │ gzip:   6.47 kB
public/build/assets/one-BbmXbPjz.js                                     24.04 kB │ gzip:   8.32 kB
public/build/assets/index-DLRC33Fv.js                                   24.10 kB │ gzip:   8.98 kB
public/build/assets/page-hero-D3qtA92O.js                               24.23 kB │ gzip:   7.29 kB
public/build/assets/Index-Cb1mxpMc.js                                   24.27 kB │ gzip:   8.56 kB
public/build/assets/ResolutionResultCard-ZzzpDipZ.js                    24.31 kB │ gzip:   8.93 kB
public/build/assets/Create-hwcHU_hC.js                                  24.32 kB │ gzip:   7.97 kB
public/build/assets/mar-governance-dialogs-BXHJhO04.js                  24.32 kB │ gzip:   7.56 kB
public/build/assets/restraint-event-wizard-DirAuEZs.js                  24.76 kB │ gzip:   8.04 kB
public/build/assets/governance-labels-CJgR2U5s.js                       24.81 kB │ gzip:   8.17 kB
public/build/assets/automations-Bk1psIUc.js                             24.83 kB │ gzip:   7.64 kB
public/build/assets/Show-eDqCua2S.js                                    24.85 kB │ gzip:  10.04 kB
public/build/assets/Show-DUmnYflT.js                                    25.00 kB │ gzip:   8.78 kB
public/build/assets/_review-dialogs-D26jXwEf.js                         25.05 kB │ gzip:   7.97 kB
public/build/assets/Show-2ite79-R.js                                    25.09 kB │ gzip:   9.67 kB
public/build/assets/Reconcile-DUGyQ-OI.js                               25.11 kB │ gzip:   8.92 kB
public/build/assets/index-C0IPgivW.js                                   25.15 kB │ gzip:   8.23 kB
public/build/assets/objective-wizard-DLCOrEZI.js                        25.18 kB │ gzip:   7.13 kB
public/build/assets/Medications-DMdT0UE6.js                             25.33 kB │ gzip:   9.21 kB
public/build/assets/Index-BCijvh_v.js                                   25.51 kB │ gzip:   7.92 kB
public/build/assets/Show-LTD_eF2u.js                                    25.51 kB │ gzip:   9.80 kB
public/build/assets/sso-DMknCd_z.js                                     25.61 kB │ gzip:   8.00 kB
public/build/assets/index-BlamFRR_.js                                   25.61 kB │ gzip:   9.70 kB
public/build/assets/index-DR4JnY6q.js                                   25.61 kB │ gzip:   8.94 kB
public/build/assets/it-mailbox-Da17kHgW.js                              25.72 kB │ gzip:   8.75 kB
public/build/assets/show-fRCwLIXV.js                                    25.85 kB │ gzip:   8.15 kB
public/build/assets/milesight-COwTdG1o.js                               25.97 kB │ gzip:   8.55 kB
public/build/assets/create-offer-n5VqevdA.js                            26.01 kB │ gzip:   8.86 kB
public/build/assets/vendor-utils-Dr6D9L7d.js                            26.13 kB │ gzip:   8.47 kB
public/build/assets/dashboard-B-n4MgwH.js                               26.14 kB │ gzip:   8.10 kB
public/build/assets/record-assessment-dialog-CvR43yeM.js                26.21 kB │ gzip:   9.51 kB
public/build/assets/Index-Ch9OXvjd.js                                   26.25 kB │ gzip:   9.78 kB
public/build/assets/documents-wizards-Dd2jk671.js                       26.26 kB │ gzip:   9.26 kB
public/build/assets/_dialogs-eaCvtdvm.js                                26.35 kB │ gzip:   8.34 kB
public/build/assets/transport-medication-dialogs-D5qrj925.js            26.38 kB │ gzip:   6.09 kB
public/build/assets/show-DujxFgR1.js                                    26.43 kB │ gzip:   9.00 kB
public/build/assets/index-C8OkmsM5.js                                   26.44 kB │ gzip:   9.05 kB
public/build/assets/show-CI6PrSSF.js                                    26.61 kB │ gzip:   7.70 kB
public/build/assets/Handovers-Cr0JLg0o.js                               26.77 kB │ gzip:  10.47 kB
public/build/assets/_workspace-dialogs-DXDHTOB8.js                      26.83 kB │ gzip:   8.78 kB
public/build/assets/create-Cep-IiMK.js                                  26.91 kB │ gzip:   7.54 kB
public/build/assets/index-Dv_AEbIz.js                                   27.20 kB │ gzip:   9.71 kB
public/build/assets/show-bc8oS94f.js                                    27.24 kB │ gzip:   9.09 kB
public/build/assets/index-wde5zDsf.js                                   27.39 kB │ gzip:   9.50 kB
public/build/assets/SelfAdmin-BHa8rV8r.js                               27.51 kB │ gzip:   9.14 kB
public/build/assets/provisioning-command-dialog-CcDRKc3w.js             27.65 kB │ gzip:  10.76 kB
public/build/assets/care-support-plan-BpNVlvup.js                       27.67 kB │ gzip:   9.14 kB
public/build/assets/show-9qNUCkLt.js                                    27.74 kB │ gzip:   9.81 kB
public/build/assets/Index-C2LpoVVX.js                                   27.81 kB │ gzip:  10.47 kB
public/build/assets/index-kEIYytPz.js                                   27.85 kB │ gzip:   9.85 kB
public/build/assets/index-DM54clxM.js                                   27.85 kB │ gzip:   9.32 kB
public/build/assets/index-Cj8QezDz.js                                   27.89 kB │ gzip:   9.81 kB
public/build/assets/edit-BF7DYX8W.js                                    28.00 kB │ gzip:   9.34 kB
public/build/assets/smart-monitoring-BfCGPFg0.js                        28.05 kB │ gzip:   6.49 kB
public/build/assets/Index-CnFqZz1X.js                                   28.17 kB │ gzip:  10.46 kB
public/build/assets/index-D_MM8xE7.js                                   28.33 kB │ gzip:   9.22 kB
public/build/assets/show-q1jIG8_r.js                                    28.50 kB │ gzip:  10.02 kB
public/build/assets/show-CvDuL89B.js                                    28.81 kB │ gzip:   8.57 kB
public/build/assets/_self-admin-dialogs-DLYgTZCK.js                     28.81 kB │ gzip:   9.50 kB
public/build/assets/show-Clo_FL00.js                                    28.82 kB │ gzip:  10.35 kB
public/build/assets/index-CaSc42WI.js                                   28.85 kB │ gzip:   8.69 kB
public/build/assets/index-CCG4sN2_.js                                   28.97 kB │ gzip:   9.33 kB
public/build/assets/Show-D0drMobD.js                                    29.10 kB │ gzip:   9.15 kB
public/build/assets/guided-round-dialog-D4tWjiHc.js                     29.15 kB │ gzip:   9.61 kB
public/build/assets/Create-DwHOnCNu.js                                  29.16 kB │ gzip:  10.20 kB
public/build/assets/leaflet-map-DU5dMDBQ.js                             29.23 kB │ gzip:  10.57 kB
public/build/assets/templates-D8v78zn5.js                               29.71 kB │ gzip:  10.58 kB
public/build/assets/documents-BZgF1HlB.js                               29.75 kB │ gzip:   9.26 kB
public/build/assets/_dialogs-MtmfJo6g.js                                30.04 kB │ gzip:  10.02 kB
public/build/assets/run-modal-C6IQ7pef.js                               30.05 kB │ gzip:  10.27 kB
public/build/assets/asset-wizard-dialog-J2XBdMUb.js                     30.17 kB │ gzip:  10.27 kB
public/build/assets/procedure-detail-dialog-DlunqPOz.js                 30.20 kB │ gzip:   9.63 kB
public/build/assets/index-B1pzcaEu.js                                   30.27 kB │ gzip:   9.95 kB
public/build/assets/page-header-Glq5dqXw.js                             30.31 kB │ gzip:   9.23 kB
public/build/assets/show-pqYmSFjC.js                                    30.37 kB │ gzip:   9.85 kB
public/build/assets/_dialogs-7dTnTIBc.js                                30.42 kB │ gzip:   9.21 kB
public/build/assets/_dialogs-SDoVGwpL.js                                30.56 kB │ gzip:  10.94 kB
public/build/assets/Show-Dkk09gaJ.js                                    30.63 kB │ gzip:  11.06 kB
public/build/assets/Competency-B6T6fb-H.js                              30.65 kB │ gzip:  10.33 kB
public/build/assets/MedicationErrors-2u8nS8Im.js                        30.91 kB │ gzip:  11.25 kB
public/build/assets/_hero-DhSkbqWh.js                                   30.97 kB │ gzip:   9.78 kB
public/build/assets/access-ITKRptdd.js                                  31.18 kB │ gzip:  10.25 kB
public/build/assets/_shopping-list-panel-Bc61bpv4.js                    31.35 kB │ gzip:  11.01 kB
public/build/assets/index-qcuVI5B9.js                                   31.44 kB │ gzip:  10.79 kB
public/build/assets/Reviews-CXo2v3mW.js                                 31.82 kB │ gzip:  10.48 kB
public/build/assets/_dialogs-DWaINHwC.js                                31.87 kB │ gzip:   9.50 kB
public/build/assets/_stock-dialogs-Bszu0zpA.js                          31.91 kB │ gzip:   9.55 kB
public/build/assets/notification-escalations-Cp-5Alxh.js                32.22 kB │ gzip:  10.07 kB
public/build/assets/email-settings-DxQ0trHL.js                          32.31 kB │ gzip:  10.37 kB
public/build/assets/access-D-OqDnqD.js                                  32.62 kB │ gzip:  11.64 kB
public/build/assets/index-C9j8rQQx.js                                   32.99 kB │ gzip:  11.99 kB
public/build/assets/_dialogs-D7g02bI3.js                                33.24 kB │ gzip:  10.69 kB
public/build/assets/Show-DndI8NfP.js                                    33.34 kB │ gzip:  11.70 kB
public/build/assets/Show-BylYgV_N.js                                    33.66 kB │ gzip:  11.78 kB
public/build/assets/index-CmQsGY3O.js                                   33.68 kB │ gzip:  11.61 kB
public/build/assets/index-BlR5125W.js                                   34.08 kB │ gzip:  11.67 kB
public/build/assets/index-Bgr1QQUi.js                                   34.45 kB │ gzip:  12.28 kB
public/build/assets/show-CxfQmw5y.js                                    34.86 kB │ gzip:  10.70 kB
public/build/assets/Destructions-CFgeoTN5.js                            34.86 kB │ gzip:  12.48 kB
public/build/assets/medical-CIYGWGsV.js                                 34.93 kB │ gzip:   7.91 kB
public/build/assets/_prescription-dialogs-DDZGIK8E.js                   35.13 kB │ gzip:   9.94 kB
public/build/assets/index-aGb2WkKo.js                                   35.22 kB │ gzip:  11.96 kB
public/build/assets/Index-D-K1q1Cx.js                                   35.32 kB │ gzip:  11.60 kB
public/build/assets/_cd-dialogs-BBMCQrAh.js                             35.36 kB │ gzip:   9.45 kB
public/build/assets/documents-2N4jQXUk.js                               35.58 kB │ gzip:  11.47 kB
public/build/assets/index-BmO64Z-I.js                                   35.88 kB │ gzip:  12.45 kB
public/build/assets/index-IB6b3pMI.js                                   36.61 kB │ gzip:  11.81 kB
public/build/assets/messages-BtMu5Iic.js                                36.67 kB │ gzip:  11.91 kB
public/build/assets/reviews-D0StTL-S.js                                 36.83 kB │ gzip:  11.60 kB
public/build/assets/index-CCMcDzGU.js                                   37.20 kB │ gzip:  13.98 kB
public/build/assets/handover-Dtc-K_x-.js                                37.41 kB │ gzip:  11.86 kB
public/build/assets/Create-CnSA1TSN.js                                  37.42 kB │ gzip:  12.13 kB
public/build/assets/index-CAB_NJs_.js                                   37.76 kB │ gzip:  11.81 kB
public/build/assets/_inspector-DqB-0deM.js                              37.97 kB │ gzip:  11.55 kB
public/build/assets/documents-D1snzyk-.js                               38.07 kB │ gzip:  12.62 kB
public/build/assets/Dashboard-DUKBSn-P.js                               38.14 kB │ gzip:  14.36 kB
public/build/assets/index-Bw3U4JeT.js                                   38.17 kB │ gzip:  14.62 kB
public/build/assets/Show-E0wDYrwa.js                                    38.19 kB │ gzip:  14.49 kB
public/build/assets/global-nJiN6fOV.js                                  38.47 kB │ gzip:  12.90 kB
public/build/assets/hazard-register-dznjPOvH.js                         38.49 kB │ gzip:  12.71 kB
public/build/assets/Reports-CJ5Bk1xz.js                                 38.62 kB │ gzip:  12.97 kB
public/build/assets/Show-DVw-yLrQ.js                                    39.53 kB │ gzip:  11.44 kB
public/build/assets/index-C_hJVVaF.js                                   39.57 kB │ gzip:  13.07 kB
public/build/assets/index-CZjk4Mpe.js                                   40.05 kB │ gzip:  13.12 kB
public/build/assets/index-BfHO6Mzq.js                                   40.33 kB │ gzip:  12.99 kB
public/build/assets/index-DjSeioXH.js                                   40.41 kB │ gzip:  13.86 kB
public/build/assets/case-wizards-IyONP_az.js                            40.74 kB │ gzip:  11.63 kB
public/build/assets/compliance-wizards-CNc3BxKW.js                      40.85 kB │ gzip:  12.73 kB
public/build/assets/index-DoEmEG0k.js                                   40.96 kB │ gzip:  14.77 kB
public/build/assets/index-CLnwZBjk.js                                   41.00 kB │ gzip:  13.40 kB
public/build/assets/index-Ceb77uG5.js                                   41.35 kB │ gzip:  14.41 kB
public/build/assets/_dialogs-DlsecrUE.js                                41.37 kB │ gzip:  12.04 kB
public/build/assets/index-CsETulNc.js                                   41.57 kB │ gzip:  14.15 kB
public/build/assets/bands-7naSseSw.js                                   41.64 kB │ gzip:  14.36 kB
public/build/assets/app-layout-B9qTCH2Q.js                              41.82 kB │ gzip:  13.13 kB
public/build/assets/Edit-XDAUUWqa.js                                    41.87 kB │ gzip:  13.37 kB
public/build/assets/profile-hIsiEWZB.js                                 41.99 kB │ gzip:  14.17 kB
public/build/assets/index-CAMf1VNr.js                                   42.01 kB │ gzip:  15.19 kB
public/build/assets/discovery-yPfTxZH5.js                               42.60 kB │ gzip:  12.99 kB
public/build/assets/index-CqPw8gXk.js                                   42.80 kB │ gzip:  13.82 kB
public/build/assets/sso-config-Cgs7-TuZ.js                              42.83 kB │ gzip:  13.95 kB
public/build/assets/studio-kit-f97M5yjW.js                              42.90 kB │ gzip:  15.35 kB
public/build/assets/handover-wizard-tewqfn7q.js                         43.04 kB │ gzip:  13.62 kB
public/build/assets/core.esm-D5j4X1h1.js                                43.17 kB │ gzip:  14.39 kB
public/build/assets/service-contexts-CIWwhcbr.js                        43.76 kB │ gzip:  14.03 kB
public/build/assets/_dialogs-DSw-odGu.js                                43.77 kB │ gzip:  14.05 kB
public/build/assets/StockManagement-C5s38rBB.js                         43.91 kB │ gzip:  13.14 kB
public/build/assets/show-n_4OGk13.js                                    44.28 kB │ gzip:  14.97 kB
public/build/assets/Dashboard-D3LatgnC.js                               44.29 kB │ gzip:  10.87 kB
public/build/assets/show-D1I_-OAi.js                                    44.29 kB │ gzip:  14.98 kB
public/build/assets/Index-BHqDgi-Y.js                                   44.30 kB │ gzip:  15.23 kB
public/build/assets/_canvas-BtBrMEPn.js                                 44.48 kB │ gzip:  12.88 kB
public/build/assets/branding-n50pN1G8.js                                44.82 kB │ gzip:  14.01 kB
public/build/assets/asset-wizards-DysG582X.js                           45.18 kB │ gzip:  13.11 kB
public/build/assets/AuditLog-gDeaCNCu.js                                45.34 kB │ gzip:  15.30 kB
public/build/assets/index-BmPL0nVa.js                                   45.61 kB │ gzip:  13.02 kB
public/build/assets/MarCharts-BPJSzX04.js                               45.73 kB │ gzip:  15.83 kB
public/build/assets/Prescriptions-BTbTnsuG.js                           46.39 kB │ gzip:  14.09 kB
public/build/assets/incident-detail-dialog-CnJ2ehlD.js                  47.33 kB │ gzip:  14.30 kB
public/build/assets/Show-C07pQQ5v.js                                    47.35 kB │ gzip:  16.45 kB
public/build/assets/drill-detail-dialog-DW0krGNa.js                     47.88 kB │ gzip:  13.51 kB
public/build/assets/incident-report-dialog-CXVsAoxF.js                  48.28 kB │ gzip:  15.87 kB
public/build/assets/Rounds-Cr1DdXMq.js                                  48.28 kB │ gzip:  15.19 kB
public/build/assets/_dialogs-BGSYu3FQ.js                                48.54 kB │ gzip:  14.36 kB
public/build/assets/dashboard-B-YDLznv.js                               48.57 kB │ gzip:  16.13 kB
public/build/assets/index-DDcHYDpf.js                                   48.95 kB │ gzip:  15.66 kB
public/build/assets/create-shift-dialog-C9W2YDYc.js                     49.10 kB │ gzip:  14.23 kB
public/build/assets/index-D7ciXUJb.js                                   49.33 kB │ gzip:  15.20 kB
public/build/assets/_wizard-D9g65cXc.js                                 49.42 kB │ gzip:  15.34 kB
public/build/assets/welcome-BjU6C8JG.js                                 50.21 kB │ gzip:   9.57 kB
public/build/assets/index-BAR5CMpZ.js                                   51.12 kB │ gzip:  16.09 kB
public/build/assets/index-DDPOMTG_.js                                   51.86 kB │ gzip:  15.98 kB
public/build/assets/ra-wizard-dialog-bUEpIty6.js                        51.97 kB │ gzip:  16.29 kB
public/build/assets/family-dashboard-DO1Ri9bz.js                        52.01 kB │ gzip:  15.14 kB
public/build/assets/show-CAUWd5dh.js                                    52.17 kB │ gzip:  17.76 kB
public/build/assets/hazard-detail-dialog-B4Pd8U57.js                    52.62 kB │ gzip:  15.18 kB
public/build/assets/index-BLSlw87N.js                                   52.93 kB │ gzip:  16.06 kB
public/build/assets/settings-efVjmhJV.js                                53.37 kB │ gzip:  15.57 kB
public/build/assets/transport-P56vObns.js                               54.18 kB │ gzip:  18.44 kB
public/build/assets/workspace-D3m-C-zm.js                               55.37 kB │ gzip:  18.09 kB
public/build/assets/index-CjmlGZ8A.js                                   56.72 kB │ gzip:  19.20 kB
public/build/assets/CockpitLayout-CMJ87y-m.js                           57.41 kB │ gzip:  17.89 kB
public/build/assets/Show-B1BoznDb.js                                    57.44 kB │ gzip:  17.36 kB
public/build/assets/workspace-Bve941ua.js                               57.98 kB │ gzip:  20.50 kB
public/build/assets/device-profile-sections-DRiFbyFc.js                 58.15 kB │ gzip:  16.93 kB
public/build/assets/dashboard-oLTeM2aY.js                               58.79 kB │ gzip:  16.98 kB
public/build/assets/show-CnMTuwRQ.js                                    58.87 kB │ gzip:  20.11 kB
public/build/assets/my-hr-shell-B-VxbwWO.js                             59.82 kB │ gzip:  18.82 kB
public/build/assets/Index-k2LwgejS.js                                   59.99 kB │ gzip:  19.16 kB
public/build/assets/medical-DbRQ0Kma.js                                 60.27 kB │ gzip:  12.09 kB
public/build/assets/PrnRecords-Dtm6I3hZ.js                              60.78 kB │ gzip:  18.70 kB
public/build/assets/conflicts-xujm67bk.js                               61.26 kB │ gzip:  19.80 kB
public/build/assets/Show-lOzWJpqa.js                                    62.55 kB │ gzip:  21.44 kB
public/build/assets/_parts-CWt_Zlbw.js                                  62.84 kB │ gzip:  20.38 kB
public/build/assets/settings-B7YYJQWS.js                                63.36 kB │ gzip:  17.25 kB
public/build/assets/index-Bg5oY8Wf.js                                   64.32 kB │ gzip:  19.35 kB
public/build/assets/dashboard-CADapFSC.js                               64.51 kB │ gzip:  20.38 kB
public/build/assets/data-CbkkhRCc.js                                    64.67 kB │ gzip:  14.01 kB
public/build/assets/monitoring-zRq7bhmi.js                              65.82 kB │ gzip:  19.57 kB
public/build/assets/ControlledDrugs-CkSICoQb.js                         65.87 kB │ gzip:  20.45 kB
public/build/assets/catalog-0pEGFpRD.js                                 66.79 kB │ gzip:  17.75 kB
public/build/assets/Show-DLmcKoa3.js                                    67.34 kB │ gzip:  19.36 kB
public/build/assets/show-kOz3lrjf.js                                    67.81 kB │ gzip:  15.12 kB
public/build/assets/show-C3iw19i_.js                                    68.61 kB │ gzip:  20.34 kB
public/build/assets/index-BX2qO1-t.js                                   69.10 kB │ gzip:  21.47 kB
public/build/assets/index-DYvoeM9U.js                                   69.39 kB │ gzip:  21.89 kB
public/build/assets/analytics-Bp3rI3x8.js                               70.66 kB │ gzip:  23.94 kB
public/build/assets/SiteCalendar-_l67ixLn.js                            71.79 kB │ gzip:  22.73 kB
public/build/assets/concern-dialog-DKfOqlNN.js                          72.32 kB │ gzip:  20.09 kB
public/build/assets/legacy-profile-sections-BWn-1rS5.js                 72.99 kB │ gzip:  19.50 kB
public/build/assets/show-BlgOKYTC.js                                    74.33 kB │ gzip:  23.11 kB
public/build/assets/index-BFeMLGOU.js                                   77.45 kB │ gzip:  22.58 kB
public/build/assets/_calendar-grid-Cqm_s3V7.js                          77.48 kB │ gzip:  22.96 kB
public/build/assets/index-CWJm6fMB.js                                   78.31 kB │ gzip:  23.86 kB
public/build/assets/index-BMSk1GCP.js                                   80.63 kB │ gzip:  23.39 kB
public/build/assets/index-BcnvXVVD.js                                   81.93 kB │ gzip:  24.57 kB
public/build/assets/_create-dialog-B-_Hiqqp.js                          81.96 kB │ gzip:  27.50 kB
public/build/assets/index-6f229xIs.js                                   83.79 kB │ gzip:  27.25 kB
public/build/assets/index-CrSiwRRl.js                                   86.98 kB │ gzip:  24.99 kB
public/build/assets/Index-CcIlfkRc.js                                   88.80 kB │ gzip:  26.83 kB
public/build/assets/index-CVQ-4U78.js                                   88.81 kB │ gzip:  27.30 kB
public/build/assets/index-CLLGrZme.js                                   89.15 kB │ gzip:  28.48 kB
public/build/assets/staff-page-shell-DXjTgVuA.js                        91.54 kB │ gzip:  27.09 kB
public/build/assets/index-DkgitHO8.js                                   94.99 kB │ gzip:  28.23 kB
public/build/assets/show-CRk0XZHA.js                                    99.29 kB │ gzip:  25.84 kB
public/build/assets/ticket-intake-fields-DbS3I50Z.js                   102.61 kB │ gzip:  30.27 kB
public/build/assets/index-CGPRGGyL.js                                  103.44 kB │ gzip:  31.13 kB
public/build/assets/index-ebOAFUZt.js                                  104.08 kB │ gzip:  31.61 kB
public/build/assets/index-BJ7I0n5j.js                                  107.50 kB │ gzip:  31.48 kB
public/build/assets/show-arbMiQiG.js                                   109.20 kB │ gzip:  34.49 kB
public/build/assets/queclink-hub-DALLCKFM.js                           109.82 kB │ gzip:  33.69 kB
public/build/assets/it-wizards-CkQwoctz.js                             111.72 kB │ gzip:  35.88 kB
public/build/assets/index-DFAsauer.js                                  111.96 kB │ gzip:  30.57 kB
public/build/assets/workspace-D6jiQ8et.js                              128.30 kB │ gzip:  38.70 kB
public/build/assets/jsQR-EsnENd7U.js                                   130.72 kB │ gzip:  47.46 kB
public/build/assets/ticket-reopen-dialog-BUZzRWze.js                   145.73 kB │ gzip:  46.13 kB
public/build/assets/event-detail-dialog-BZO8kLyc.js                    148.01 kB │ gzip:  38.86 kB
public/build/assets/vendor-maps-CTUbLoeq.js                            149.92 kB │ gzip:  43.49 kB
public/build/assets/index-BUJ-re0Q.js                                  156.03 kB │ gzip:  42.62 kB
public/build/assets/index-CwK007x4.js                                  156.25 kB │ gzip:  45.42 kB
public/build/assets/alert-workspace-dialog-BkGiSlUJ.js                 158.46 kB │ gzip:  44.47 kB
public/build/assets/index-BKJqnkQE.js                                  159.70 kB │ gzip:  45.18 kB
public/build/assets/show-CGuUdipf.js                                   170.78 kB │ gzip:  52.81 kB
public/build/assets/knowledge-revision-dialog-CdCvFRI5.js              176.90 kB │ gzip:  49.52 kB
public/build/assets/vendor-react-C99fm9h8.js                           193.87 kB │ gzip:  60.86 kB
public/build/assets/vendor-inertia-L00mYErJ.js                         195.04 kB │ gzip:  65.83 kB
public/build/assets/category-DTIBBwzW.js                               206.62 kB │ gzip:  51.99 kB
public/build/assets/index-DOWBJ3Oo.js                                  215.18 kB │ gzip:  68.44 kB
public/build/assets/index-BxCMtocy.js                                  236.43 kB │ gzip:  70.80 kB
public/build/assets/vendor-calendar-NWT3TLWG.js                        267.92 kB │ gzip:  79.12 kB
public/build/assets/vendor-ui-w1Ikxf0L.js                              276.38 kB │ gzip:  76.83 kB
public/build/assets/index-C7NPILg7.js                                  317.47 kB │ gzip:  88.20 kB
public/build/assets/show-0uI9IHtd.js                                   328.64 kB │ gzip:  98.21 kB
public/build/assets/show-DqILMBmW.js                                   350.66 kB │ gzip:  98.96 kB
public/build/assets/vendor-charts-CmHJuDn5.js                          401.58 kB │ gzip: 116.07 kB
public/build/assets/pdf-YYBQA8p7.js                                    437.74 kB │ gzip: 131.10 kB
public/build/assets/app-B_jsml0W.js                                    537.70 kB │ gzip:  86.60 kB
public/build/assets/show-D6TX0P_W.js                                   714.40 kB │ gzip: 229.09 kB

(!) Some chunks are larger than 500 kB after minification. Consider:
- Using dynamic import() to code-split the application
- Use build.rollupOptions.output.manualChunks to improve chunking: https://rollupjs.org/configuration-options/#output-manualchunks
- Adjust chunk size limit for this warning via build.chunkSizeWarningLimit.
✓ built in 4m 30s
