vite v7.3.6 building client environment for production...
transforming...
✓ 5371 modules transformed.
rendering chunks...
computing gzip size...
.pkg03-fullpage-tools/production/pdfjs/cmaps/CNS2-V.bcmap                                    0.09 kB
.pkg03-fullpage-tools/production/pdfjs/cmaps/Roman.bcmap                                     0.10 kB
.pkg03-fullpage-tools/production/pdfjs/cmaps/Katakana.bcmap                                  0.10 kB
.pkg03-fullpage-tools/production/pdfjs/cmaps/ETenms-B5-H.bcmap                               0.10 kB
.pkg03-fullpage-tools/production/pdfjs/cmaps/UniJIS-UCS2-HW-H.bcmap                          0.12 kB
.pkg03-fullpage-tools/production/pdfjs/cmaps/Hiragana.bcmap                                  0.12 kB
.pkg03-fullpage-tools/production/pdfjs/cmaps/Hankaku.bcmap                                   0.13 kB
.pkg03-fullpage-tools/production/pdfjs/cmaps/B5-V.bcmap                                      0.14 kB
.pkg03-fullpage-tools/production/pdfjs/cmaps/CNS1-V.bcmap                                    0.14 kB
.pkg03-fullpage-tools/production/pdfjs/cmaps/B5pc-V.bcmap                                    0.14 kB
.pkg03-fullpage-tools/production/pdfjs/cmaps/HKdla-B5-V.bcmap                                0.15 kB
.pkg03-fullpage-tools/production/pdfjs/cmaps/HKdlb-B5-V.bcmap                                0.15 kB
.pkg03-fullpage-tools/production/pdfjs/cmaps/HKgccs-B5-V.bcmap                               0.15 kB
.pkg03-fullpage-tools/production/pdfjs/cmaps/HKm314-B5-V.bcmap                               0.15 kB
.pkg03-fullpage-tools/production/pdfjs/cmaps/HKm471-B5-V.bcmap                               0.15 kB
.pkg03-fullpage-tools/production/pdfjs/cmaps/UniCNS-UCS2-V.bcmap                             0.16 kB
.pkg03-fullpage-tools/production/pdfjs/cmaps/UniCNS-UTF16-V.bcmap                            0.16 kB
.pkg03-fullpage-tools/production/pdfjs/cmaps/UniCNS-UTF8-V.bcmap                             0.16 kB
.pkg03-fullpage-tools/production/pdfjs/cmaps/ETen-B5-V.bcmap                                 0.16 kB
.pkg03-fullpage-tools/production/pdfjs/cmaps/ETHK-B5-V.bcmap                                 0.16 kB
.pkg03-fullpage-tools/production/pdfjs/cmaps/HKscs-B5-V.bcmap                                0.16 kB
.pkg03-fullpage-tools/production/pdfjs/cmaps/KSC-V.bcmap                                     0.16 kB
.pkg03-fullpage-tools/production/pdfjs/cmaps/UniCNS-UTF32-V.bcmap                            0.16 kB
.pkg03-fullpage-tools/production/pdfjs/cmaps/KSC-EUC-V.bcmap                                 0.16 kB
.pkg03-fullpage-tools/production/pdfjs/cmaps/UniKS-UTF16-V.bcmap                             0.16 kB
.pkg03-fullpage-tools/production/pdfjs/cmaps/KSC-Johab-V.bcmap                               0.17 kB
.pkg03-fullpage-tools/production/pdfjs/cmaps/KSCms-UHC-V.bcmap                               0.17 kB
.pkg03-fullpage-tools/production/pdfjs/cmaps/KSCpc-EUC-V.bcmap                               0.17 kB
.pkg03-fullpage-tools/production/pdfjs/cmaps/V.bcmap                                         0.17 kB
.pkg03-fullpage-tools/production/pdfjs/cmaps/UniKS-UTF32-V.bcmap                             0.17 kB
.pkg03-fullpage-tools/production/pdfjs/cmaps/78-V.bcmap                                      0.17 kB
.pkg03-fullpage-tools/production/pdfjs/cmaps/KSCms-UHC-HW-V.bcmap                            0.17 kB
.pkg03-fullpage-tools/production/pdfjs/cmaps/UniKS-UTF8-V.bcmap                              0.17 kB
.pkg03-fullpage-tools/production/pdfjs/cmaps/EUC-V.bcmap                                     0.17 kB
.pkg03-fullpage-tools/production/pdfjs/cmaps/RKSJ-V.bcmap                                    0.17 kB
.pkg03-fullpage-tools/production/pdfjs/cmaps/ETenms-B5-V.bcmap                               0.17 kB
.pkg03-fullpage-tools/production/pdfjs/cmaps/78-EUC-V.bcmap                                  0.17 kB
.pkg03-fullpage-tools/production/pdfjs/cmaps/78-RKSJ-V.bcmap                                 0.17 kB
.pkg03-fullpage-tools/production/pdfjs/cmaps/GB-V.bcmap                                      0.18 kB
.pkg03-fullpage-tools/production/pdfjs/cmaps/GBT-V.bcmap                                     0.18 kB
.pkg03-fullpage-tools/production/pdfjs/cmaps/UniGB-UTF16-V.bcmap                             0.18 kB
.pkg03-fullpage-tools/production/pdfjs/cmaps/UniKS-UCS2-V.bcmap                              0.18 kB
.pkg03-fullpage-tools/production/pdfjs/cmaps/GB-EUC-V.bcmap                                  0.18 kB
.pkg03-fullpage-tools/production/pdfjs/cmaps/WP-Symbol.bcmap                                 0.18 kB
.pkg03-fullpage-tools/production/pdfjs/cmaps/GBK-EUC-V.bcmap                                 0.18 kB
.pkg03-fullpage-tools/production/pdfjs/cmaps/GBT-EUC-V.bcmap                                 0.18 kB
.pkg03-fullpage-tools/production/pdfjs/cmaps/GBKp-EUC-V.bcmap                                0.18 kB
.pkg03-fullpage-tools/production/pdfjs/cmaps/GBpc-EUC-V.bcmap                                0.18 kB
.pkg03-fullpage-tools/production/pdfjs/cmaps/UniGB-UTF8-V.bcmap                              0.18 kB
.pkg03-fullpage-tools/production/pdfjs/cmaps/GBTpc-EUC-V.bcmap                               0.18 kB
.pkg03-fullpage-tools/production/pdfjs/cmaps/UniGB-UTF32-V.bcmap                             0.18 kB
.pkg03-fullpage-tools/production/pdfjs/cmaps/UniGB-UCS2-V.bcmap                              0.19 kB
.pkg03-fullpage-tools/production/pdfjs/cmaps/Ext-V.bcmap                                     0.22 kB
.pkg03-fullpage-tools/production/pdfjs/cmaps/Adobe-GB1-0.bcmap                               0.22 kB
.pkg03-fullpage-tools/production/pdfjs/cmaps/Ext-RKSJ-V.bcmap                                0.22 kB
.pkg03-fullpage-tools/production/pdfjs/cmaps/GBK2K-V.bcmap                                   0.22 kB
.pkg03-fullpage-tools/production/pdfjs/cmaps/Adobe-Japan1-0.bcmap                            0.23 kB
.pkg03-fullpage-tools/production/pdfjs/cmaps/Adobe-Japan1-1.bcmap                            0.23 kB
.pkg03-fullpage-tools/production/pdfjs/cmaps/Adobe-Japan1-2.bcmap                            0.23 kB
.pkg03-fullpage-tools/production/pdfjs/cmaps/Adobe-Korea1-0.bcmap                            0.24 kB
.pkg03-fullpage-tools/production/pdfjs/cmaps/Adobe-Japan1-3.bcmap                            0.24 kB
.pkg03-fullpage-tools/production/pdfjs/cmaps/Adobe-GB1-1.bcmap                               0.25 kB
.pkg03-fullpage-tools/production/pdfjs/cmaps/NWP-V.bcmap                                     0.25 kB
.pkg03-fullpage-tools/production/pdfjs/cmaps/90pv-RKSJ-V.bcmap                               0.26 kB
.pkg03-fullpage-tools/production/pdfjs/cmaps/Add-V.bcmap                                     0.28 kB
.pkg03-fullpage-tools/production/pdfjs/cmaps/Add-RKSJ-V.bcmap                                0.29 kB
.pkg03-fullpage-tools/production/pdfjs/cmaps/78ms-RKSJ-V.bcmap                               0.29 kB
.pkg03-fullpage-tools/production/pdfjs/cmaps/90ms-RKSJ-V.bcmap                               0.29 kB
.pkg03-fullpage-tools/production/pdfjs/cmaps/90msp-RKSJ-V.bcmap                              0.29 kB
.pkg03-fullpage-tools/production/pdfjs/cmaps/Adobe-CNS1-0.bcmap                              0.32 kB
.pkg03-fullpage-tools/production/pdfjs/cmaps/Adobe-Japan1-4.bcmap                            0.34 kB
.pkg03-fullpage-tools/production/pdfjs/cmaps/Adobe-CNS1-1.bcmap                              0.37 kB
.pkg03-fullpage-tools/production/pdfjs/cmaps/Adobe-CNS1-2.bcmap                              0.38 kB
.pkg03-fullpage-tools/production/pdfjs/cmaps/Adobe-Korea1-1.bcmap                            0.39 kB
.pkg03-fullpage-tools/production/pdfjs/cmaps/Adobe-Korea1-2.bcmap                            0.39 kB
.pkg03-fullpage-tools/production/pdfjs/cmaps/Adobe-CNS1-3.bcmap                              0.40 kB
.pkg03-fullpage-tools/production/pdfjs/cmaps/Adobe-CNS1-4.bcmap                              0.41 kB
.pkg03-fullpage-tools/production/pdfjs/cmaps/Adobe-CNS1-5.bcmap                              0.41 kB
.pkg03-fullpage-tools/production/pdfjs/cmaps/Adobe-CNS1-6.bcmap                              0.41 kB
.pkg03-fullpage-tools/production/pdfjs/cmaps/Adobe-Japan1-5.bcmap                            0.43 kB
.pkg03-fullpage-tools/production/pdfjs/cmaps/Adobe-GB1-2.bcmap                               0.47 kB
.pkg03-fullpage-tools/production/pdfjs/cmaps/Adobe-GB1-3.bcmap                               0.47 kB
.pkg03-fullpage-tools/production/pdfjs/cmaps/Adobe-Japan1-6.bcmap                            0.49 kB
.pkg03-fullpage-tools/production/pdfjs/cmaps/CNS2-H.bcmap                                    0.50 kB
.pkg03-fullpage-tools/production/pdfjs/cmaps/GB-H.bcmap                                      0.53 kB
.pkg03-fullpage-tools/production/pdfjs/cmaps/RKSJ-H.bcmap                                    0.53 kB
.pkg03-fullpage-tools/production/pdfjs/cmaps/GB-EUC-H.bcmap                                  0.55 kB
.pkg03-fullpage-tools/production/pdfjs/cmaps/H.bcmap                                         0.55 kB
.pkg03-fullpage-tools/production/pdfjs/wasm/LICENSE_PDFJS_JBIG2                              0.56 kB
.pkg03-fullpage-tools/production/pdfjs/cmaps/GBpc-EUC-H.bcmap                                0.56 kB
.pkg03-fullpage-tools/production/pdfjs/cmaps/EUC-H.bcmap                                     0.58 kB
.pkg03-fullpage-tools/production/pdfjs/cmaps/Adobe-GB1-4.bcmap                               0.60 kB
.pkg03-fullpage-tools/production/pdfjs/cmaps/Adobe-GB1-5.bcmap                               0.63 kB
.pkg03-fullpage-tools/production/pdfjs/cmaps/UniJIS-UTF16-V.bcmap                            0.64 kB
.pkg03-fullpage-tools/production/pdfjs/cmaps/UniJIS2004-UTF16-V.bcmap                        0.65 kB
.pkg03-fullpage-tools/production/pdfjs/cmaps/UniJIS-UCS2-V.bcmap                             0.66 kB
.pkg03-fullpage-tools/production/pdfjs/cmaps/UniJIS-UTF32-V.bcmap                            0.68 kB
.pkg03-fullpage-tools/production/pdfjs/cmaps/UniJIS-UTF8-V.bcmap                             0.68 kB
.pkg03-fullpage-tools/production/pdfjs/cmaps/UniJIS-UCS2-HW-V.bcmap                          0.68 kB
.pkg03-fullpage-tools/production/pdfjs/cmaps/UniJIS2004-UTF32-V.bcmap                        0.68 kB
.pkg03-fullpage-tools/production/pdfjs/cmaps/UniJIS2004-UTF8-V.bcmap                         0.68 kB
.pkg03-fullpage-tools/production/pdfjs/cmaps/UniJISX0213-UTF32-V.bcmap                       0.68 kB
.pkg03-fullpage-tools/production/pdfjs/cmaps/UniJISX02132004-UTF32-V.bcmap                   0.69 kB
.pkg03-fullpage-tools/production/pdfjs/cmaps/UniJISPro-UCS2-V.bcmap                          0.69 kB
.pkg03-fullpage-tools/production/pdfjs/cmaps/UniJISPro-UCS2-HW-V.bcmap                       0.71 kB
.pkg03-fullpage-tools/production/pdfjs/cmaps/CNS1-H.bcmap                                    0.71 kB
.pkg03-fullpage-tools/production/pdfjs/cmaps/90msp-RKSJ-H.bcmap                              0.72 kB
.pkg03-fullpage-tools/production/pdfjs/cmaps/90ms-RKSJ-H.bcmap                               0.72 kB
.pkg03-fullpage-tools/production/pdfjs/cmaps/UniJISPro-UTF8-V.bcmap                          0.73 kB
.pkg03-fullpage-tools/production/pdfjs/cmaps/83pv-RKSJ-H.bcmap                               0.91 kB
.pkg03-fullpage-tools/production/pdfjs/cmaps/90pv-RKSJ-H.bcmap                               0.98 kB
.pkg03-fullpage-tools/production/pdfjs/wasm/LICENSE_PDFJS_QCMS                               1.04 kB
.pkg03-fullpage-tools/production/pdfjs/cmaps/B5-H.bcmap                                      1.09 kB
.pkg03-fullpage-tools/production/pdfjs/cmaps/B5pc-H.bcmap                                    1.10 kB
.pkg03-fullpage-tools/production/pdfjs/wasm/LICENSE_QCMS                                     1.12 kB
.pkg03-fullpage-tools/production/pdfjs/cmaps/ETen-B5-H.bcmap                                 1.13 kB
.pkg03-fullpage-tools/production/pdfjs/wasm/LICENSE_PDFJS_OPENJPEG                           1.29 kB
.pkg03-fullpage-tools/production/pdfjs/standard_fonts/LICENSE_FOXIT                          1.55 kB
.pkg03-fullpage-tools/production/pdfjs/cmaps/HKm314-B5-H.bcmap                               1.77 kB
.pkg03-fullpage-tools/production/pdfjs/cmaps/CNS-EUC-H.bcmap                                 1.78 kB
.pkg03-fullpage-tools/production/pdfjs/cmaps/KSC-H.bcmap                                     1.83 kB
.pkg03-fullpage-tools/production/pdfjs/cmaps/KSC-EUC-H.bcmap                                 1.85 kB
.pkg03-fullpage-tools/production/pdfjs/cmaps/CNS-EUC-V.bcmap                                 1.92 kB
.pkg03-fullpage-tools/production/pdfjs/cmaps/KSCpc-EUC-H.bcmap                               2.02 kB
.pkg03-fullpage-tools/production/pdfjs/cmaps/LICENSE                                         2.08 kB
.pkg03-fullpage-tools/production/pdfjs/wasm/LICENSE_OPENJPEG                                 2.11 kB
.pkg03-fullpage-tools/production/pdfjs/cmaps/HKm471-B5-H.bcmap                               2.17 kB
.pkg03-fullpage-tools/production/pdfjs/cmaps/HKgccs-B5-H.bcmap                               2.29 kB
.pkg03-fullpage-tools/production/pdfjs/cmaps/78-H.bcmap                                      2.38 kB
.pkg03-fullpage-tools/production/pdfjs/cmaps/78-RKSJ-H.bcmap                                 2.40 kB
.pkg03-fullpage-tools/production/pdfjs/cmaps/78-EUC-H.bcmap                                  2.40 kB
.pkg03-fullpage-tools/production/pdfjs/cmaps/Add-RKSJ-H.bcmap                                2.41 kB
.pkg03-fullpage-tools/production/pdfjs/cmaps/HKdlb-B5-H.bcmap                                2.41 kB
.pkg03-fullpage-tools/production/pdfjs/cmaps/Add-H.bcmap                                     2.42 kB
.pkg03-fullpage-tools/production/pdfjs/cmaps/Ext-H.bcmap                                     2.54 kB
.pkg03-fullpage-tools/production/pdfjs/cmaps/Ext-RKSJ-H.bcmap                                2.54 kB
.pkg03-fullpage-tools/production/pdfjs/cmaps/78ms-RKSJ-H.bcmap                               2.65 kB
.pkg03-fullpage-tools/production/pdfjs/cmaps/HKdla-B5-H.bcmap                                2.65 kB
.pkg03-fullpage-tools/production/pdfjs/cmaps/NWP-H.bcmap                                     2.77 kB
.pkg03-fullpage-tools/production/pdfjs/cmaps/KSCms-UHC-H.bcmap                               2.79 kB
.pkg03-fullpage-tools/production/pdfjs/cmaps/KSCms-UHC-HW-H.bcmap                            2.79 kB
.pkg03-fullpage-tools/production/pdfjs/cmaps/ETHK-B5-H.bcmap                                 4.43 kB
.pkg03-fullpage-tools/production/pdfjs/cmaps/HKscs-B5-H.bcmap                                4.44 kB
.pkg03-fullpage-tools/production/pdfjs/wasm/quickjs-eval.js                                  6.23 kB
.pkg03-fullpage-tools/production/pdfjs/cmaps/GBT-H.bcmap                                     7.27 kB
.pkg03-fullpage-tools/production/pdfjs/cmaps/GBT-EUC-H.bcmap                                 7.29 kB
.pkg03-fullpage-tools/production/pdfjs/cmaps/GBTpc-EUC-H.bcmap                               7.30 kB
.pkg03-fullpage-tools/production/pdfjs/wasm/LICENSE_JBIG2                                   12.86 kB
.pkg03-fullpage-tools/production/pdfjs/cmaps/GBKp-EUC-H.bcmap                               14.69 kB
.pkg03-fullpage-tools/production/pdfjs/cmaps/GBK-EUC-H.bcmap                                14.69 kB
.pkg03-fullpage-tools/production/pdfjs/standard_fonts/FoxitSymbol.pfb                       16.73 kB
.pkg03-fullpage-tools/production/pdfjs/cmaps/KSC-Johab-H.bcmap                              16.79 kB
.pkg03-fullpage-tools/production/pdfjs/standard_fonts/FoxitFixed.pfb                        17.60 kB
.pkg03-fullpage-tools/production/pdfjs/standard_fonts/FoxitFixedBold.pfb                    18.06 kB
.pkg03-fullpage-tools/production/pdfjs/standard_fonts/FoxitFixedItalic.pfb                  18.75 kB
.pkg03-fullpage-tools/production/pdfjs/standard_fonts/FoxitFixedBoldItalic.pfb              19.15 kB
.pkg03-fullpage-tools/production/pdfjs/standard_fonts/FoxitSerifBold.pfb                    19.40 kB
.pkg03-fullpage-tools/production/pdfjs/standard_fonts/FoxitSerif.pfb                        19.47 kB
.pkg03-fullpage-tools/production/pdfjs/cmaps/GBK2K-H.bcmap                                  19.66 kB
.pkg03-fullpage-tools/production/pdfjs/standard_fonts/FoxitSerifBoldItalic.pfb              20.73 kB
.pkg03-fullpage-tools/production/pdfjs/standard_fonts/FoxitSerifItalic.pfb                  21.23 kB
.pkg03-fullpage-tools/production/pdfjs/standard_fonts/LICENSE_LIBERATION                    22.15 kB
.pkg03-fullpage-tools/production/pdfjs/cmaps/Adobe-Korea1-UCS2.bcmap                        23.29 kB
.pkg03-fullpage-tools/production/pdfjs/cmaps/UniJIS-UCS2-H.bcmap                            25.44 kB
.pkg03-fullpage-tools/production/pdfjs/cmaps/UniKS-UCS2-H.bcmap                             25.78 kB
.pkg03-fullpage-tools/production/pdfjs/cmaps/UniKS-UTF16-H.bcmap                            26.33 kB
.pkg03-fullpage-tools/production/pdfjs/cmaps/UniKS-UTF32-H.bcmap                            26.45 kB
.pkg03-fullpage-tools/production/pdfjs/cmaps/UniKS-UTF8-H.bcmap                             27.79 kB
.pkg03-fullpage-tools/production/pdfjs/standard_fonts/FoxitDingbats.pfb                     29.51 kB
.pkg03-fullpage-tools/production/pdfjs/cmaps/Adobe-GB1-UCS2.bcmap                           33.97 kB
.pkg03-fullpage-tools/production/pdfjs/cmaps/UniJIS-UTF16-H.bcmap                           39.44 kB
.pkg03-fullpage-tools/production/pdfjs/cmaps/UniJIS2004-UTF16-H.bcmap                       39.53 kB
.pkg03-fullpage-tools/production/pdfjs/cmaps/UniJISX0213-UTF32-H.bcmap                      40.52 kB
.pkg03-fullpage-tools/production/pdfjs/cmaps/UniJIS-UTF32-H.bcmap                           40.54 kB
.pkg03-fullpage-tools/production/pdfjs/cmaps/UniJISX02132004-UTF32-H.bcmap                  40.61 kB
.pkg03-fullpage-tools/production/pdfjs/cmaps/UniJIS2004-UTF32-H.bcmap                       40.63 kB
.pkg03-fullpage-tools/production/pdfjs/cmaps/Adobe-Japan1-UCS2.bcmap                        40.95 kB
.pkg03-fullpage-tools/production/pdfjs/cmaps/Adobe-CNS1-UCS2.bcmap                          41.19 kB
.pkg03-fullpage-tools/production/pdfjs/cmaps/UniJIS-UTF8-H.bcmap                            41.70 kB
.pkg03-fullpage-tools/production/pdfjs/cmaps/UniJIS2004-UTF8-H.bcmap                        41.78 kB
.pkg03-fullpage-tools/production/pdfjs/cmaps/UniGB-UCS2-H.bcmap                             43.37 kB
.pkg03-fullpage-tools/production/pdfjs/cmaps/UniGB-UTF16-H.bcmap                            44.09 kB
.pkg03-fullpage-tools/production/pdfjs/cmaps/UniGB-UTF32-H.bcmap                            45.74 kB
.pkg03-fullpage-tools/production/pdfjs/cmaps/UniGB-UTF8-H.bcmap                             46.84 kB
.pkg03-fullpage-tools/production/pdfjs/cmaps/UniCNS-UCS2-H.bcmap                            48.28 kB
.pkg03-fullpage-tools/production/pdfjs/cmaps/UniCNS-UTF16-H.bcmap                           50.42 kB
.pkg03-fullpage-tools/production/pdfjs/cmaps/UniCNS-UTF32-H.bcmap                           52.68 kB
.pkg03-fullpage-tools/production/pdfjs/cmaps/UniCNS-UTF8-H.bcmap                            53.63 kB
.pkg03-fullpage-tools/production/pdfjs/wasm/qcms_bg.wasm                                    96.59 kB │ gzip:  35.85 kB
.pkg03-fullpage-tools/production/pdfjs/wasm/jbig2.wasm                                     104.85 kB │ gzip:  40.49 kB
.pkg03-fullpage-tools/production/pdfjs/standard_fonts/LiberationSans-BoldItalic.ttf        135.12 kB
.pkg03-fullpage-tools/production/pdfjs/standard_fonts/LiberationSans-Bold.ttf              137.05 kB
.pkg03-fullpage-tools/production/pdfjs/standard_fonts/LiberationSans-Regular.ttf           139.51 kB
.pkg03-fullpage-tools/production/pdfjs/wasm/jbig2_nowasm_fallback.js                       145.70 kB
.pkg03-fullpage-tools/production/pdfjs/standard_fonts/LiberationSans-Italic.ttf            162.04 kB
.pkg03-fullpage-tools/production/pdfjs/wasm/openjpeg.wasm                                  252.03 kB │ gzip:  83.01 kB
.pkg03-fullpage-tools/production/pdfjs/wasm/openjpeg_nowasm_fallback.js                    451.59 kB
.pkg03-fullpage-tools/production/pdfjs/wasm/quickjs-eval.wasm                              469.11 kB │ gzip: 218.89 kB
.pkg03-fullpage-tools/production/assets/pdf.worker.min-Dswkl-cV.mjs                      1,265.41 kB
.pkg03-fullpage-tools/production/assets/show-D8SfmxBf.css                                    1.08 kB │ gzip:   0.44 kB
.pkg03-fullpage-tools/production/assets/knowledge-revision-dialog-D-juoI1B.css              12.92 kB │ gzip:   3.14 kB
.pkg03-fullpage-tools/production/assets/vendor-maps-CIGW-MKW.css                            15.61 kB │ gzip:   6.46 kB
.pkg03-fullpage-tools/production/assets/location-workspace-BnCaAc4S.css                     16.92 kB │ gzip:   3.64 kB
.pkg03-fullpage-tools/production/assets/dashboard-CynApWYI.css                              25.76 kB │ gzip:   4.58 kB
.pkg03-fullpage-tools/production/assets/show-ugW-UKTR.css                                  117.68 kB │ gzip:  17.18 kB
.pkg03-fullpage-tools/production/assets/app-CDgrb7Cp.css                                   442.40 kB │ gzip:  56.46 kB
.pkg03-fullpage-tools/production/assets/my-hr-utils-fLvKAKV1.js                              0.07 kB │ gzip:   0.09 kB
.pkg03-fullpage-tools/production/assets/avatar-hue-BThxaYxR.js                               0.10 kB │ gzip:   0.11 kB
.pkg03-fullpage-tools/production/assets/_announcer-cvXWdNAc.js                               0.12 kB │ gzip:   0.12 kB
.pkg03-fullpage-tools/production/assets/minus-CU3Q2QTw.js                                    0.12 kB │ gzip:   0.13 kB
.pkg03-fullpage-tools/production/assets/check-Cdy9YEEB.js                                    0.12 kB │ gzip:   0.14 kB
.pkg03-fullpage-tools/production/assets/circle-_bjSX2Mb.js                                   0.12 kB │ gzip:   0.13 kB
.pkg03-fullpage-tools/production/assets/chevron-down-BKCATo08.js                             0.13 kB │ gzip:   0.14 kB
.pkg03-fullpage-tools/production/assets/chevron-up-Do3Jy0GZ.js                               0.13 kB │ gzip:   0.14 kB
.pkg03-fullpage-tools/production/assets/chevron-left-Buv7vC9c.js                             0.13 kB │ gzip:   0.14 kB
.pkg03-fullpage-tools/production/assets/chevron-right-Cq-lWfyV.js                            0.13 kB │ gzip:   0.14 kB
.pkg03-fullpage-tools/production/assets/play-BrMCQ7H0.js                                     0.13 kB │ gzip:   0.14 kB
.pkg03-fullpage-tools/production/assets/moon-BxLkq7E2.js                                     0.14 kB │ gzip:   0.15 kB
.pkg03-fullpage-tools/production/assets/loader-circle-CCrA3c4u.js                            0.14 kB │ gzip:   0.15 kB
.pkg03-fullpage-tools/production/assets/square-D418Kv1g.js                                   0.15 kB │ gzip:   0.15 kB
.pkg03-fullpage-tools/production/assets/message-circle-BHbTvWRm.js                           0.15 kB │ gzip:   0.16 kB
.pkg03-fullpage-tools/production/assets/navigation-BHKUxm4M.js                               0.15 kB │ gzip:   0.15 kB
.pkg03-fullpage-tools/production/assets/staff-creation-workflow-D6SGmEbz.js                  0.15 kB │ gzip:   0.13 kB
.pkg03-fullpage-tools/production/assets/plus-C_f-yWDy.js                                     0.15 kB │ gzip:   0.15 kB
.pkg03-fullpage-tools/production/assets/x-CwEHRY1-.js                                        0.15 kB │ gzip:   0.15 kB
.pkg03-fullpage-tools/production/assets/thermometer-BrOCmaEm.js                              0.16 kB │ gzip:   0.16 kB
.pkg03-fullpage-tools/production/assets/filter-DZfL1pOc.js                                   0.16 kB │ gzip:   0.16 kB
.pkg03-fullpage-tools/production/assets/bookmark-DTl_C8YC.js                                 0.16 kB │ gzip:   0.16 kB
.pkg03-fullpage-tools/production/assets/arrow-left-B5AEILGE.js                               0.16 kB │ gzip:   0.16 kB
.pkg03-fullpage-tools/production/assets/arrow-right-UxncYs-2.js                              0.16 kB │ gzip:   0.16 kB
.pkg03-fullpage-tools/production/assets/arrow-up-right-B9BFZY8Y.js                           0.16 kB │ gzip:   0.15 kB
.pkg03-fullpage-tools/production/assets/circle-minus-Dsxr4T2Q.js                             0.17 kB │ gzip:   0.16 kB
.pkg03-fullpage-tools/production/assets/search-zhxswIiB.js                                   0.17 kB │ gzip:   0.16 kB
.pkg03-fullpage-tools/production/assets/move-right-z7IA7H84.js                               0.17 kB │ gzip:   0.16 kB
.pkg03-fullpage-tools/production/assets/ban-C_D4Xm4c.js                                      0.17 kB │ gzip:   0.16 kB
.pkg03-fullpage-tools/production/assets/circle-check-KJeygEJi.js                             0.17 kB │ gzip:   0.17 kB
.pkg03-fullpage-tools/production/assets/chevrons-up-down-Af78AjjP.js                         0.17 kB │ gzip:   0.16 kB
.pkg03-fullpage-tools/production/assets/power-Dl4Asy_4.js                                    0.17 kB │ gzip:   0.16 kB
.pkg03-fullpage-tools/production/assets/user-round-D4nngeyP.js                               0.18 kB │ gzip:   0.17 kB
.pkg03-fullpage-tools/production/assets/gauge-xSIEZ3F-.js                                    0.18 kB │ gzip:   0.16 kB
.pkg03-fullpage-tools/production/assets/circle-dot-NolV2mXf.js                               0.18 kB │ gzip:   0.15 kB
.pkg03-fullpage-tools/production/assets/clock-BL7zb8ky.js                                    0.18 kB │ gzip:   0.17 kB
.pkg03-fullpage-tools/production/assets/message-square-rlAVMt_L.js                           0.18 kB │ gzip:   0.17 kB
.pkg03-fullpage-tools/production/assets/check-check-S3UZvwxK.js                              0.18 kB │ gzip:   0.17 kB
.pkg03-fullpage-tools/production/assets/clock-3-BMl1LyWc.js                                  0.18 kB │ gzip:   0.17 kB
.pkg03-fullpage-tools/production/assets/chart-line-DNuuQFzO.js                               0.18 kB │ gzip:   0.17 kB
.pkg03-fullpage-tools/production/assets/circle-slash-BnBZh-SH.js                             0.18 kB │ gzip:   0.17 kB
.pkg03-fullpage-tools/production/assets/reply-CbyF7b7L.js                                    0.18 kB │ gzip:   0.18 kB
.pkg03-fullpage-tools/production/assets/circle-check-big-imVCaVwr.js                         0.19 kB │ gzip:   0.18 kB
.pkg03-fullpage-tools/production/assets/circle-play-Dcy1aImj.js                              0.19 kB │ gzip:   0.17 kB
.pkg03-fullpage-tools/production/assets/user-XYEXkOfX.js                                     0.19 kB │ gzip:   0.18 kB
.pkg03-fullpage-tools/production/assets/megaphone-BAvTug21.js                                0.19 kB │ gzip:   0.18 kB
.pkg03-fullpage-tools/production/assets/skip-forward-CnyQoGcg.js                             0.20 kB │ gzip:   0.18 kB
.pkg03-fullpage-tools/production/assets/smartphone-Bkn3_wBb.js                               0.20 kB │ gzip:   0.18 kB
.pkg03-fullpage-tools/production/assets/info-C49qzWCF.js                                     0.20 kB │ gzip:   0.18 kB
.pkg03-fullpage-tools/production/assets/rotate-ccw-BnZZr6-K.js                               0.20 kB │ gzip:   0.18 kB
.pkg03-fullpage-tools/production/assets/rotate-cw-D1BomI7l.js                                0.20 kB │ gzip:   0.18 kB
.pkg03-fullpage-tools/production/assets/lock-BbwtLN0S.js                                     0.20 kB │ gzip:   0.19 kB
.pkg03-fullpage-tools/production/assets/circle-x-BZilelVD.js                                 0.20 kB │ gzip:   0.17 kB
.pkg03-fullpage-tools/production/assets/circle-plus-BZhgVEia.js                              0.20 kB │ gzip:   0.17 kB
.pkg03-fullpage-tools/production/assets/chart-palette-BuldC4kO.js                            0.20 kB │ gzip:   0.13 kB
.pkg03-fullpage-tools/production/assets/trending-up-tmLLpHJI.js                              0.20 kB │ gzip:   0.18 kB
.pkg03-fullpage-tools/production/assets/utils-COkJOzsg.js                                    0.20 kB │ gzip:   0.16 kB
.pkg03-fullpage-tools/production/assets/credit-card-BEvPuVUX.js                              0.21 kB │ gzip:   0.18 kB
.pkg03-fullpage-tools/production/assets/arrow-up-from-line-DBMPpSCk.js                       0.21 kB │ gzip:   0.18 kB
.pkg03-fullpage-tools/production/assets/arrow-down-to-line-C5i1ZLHQ.js                       0.21 kB │ gzip:   0.18 kB
.pkg03-fullpage-tools/production/assets/redo-2-Ilp3qeBU.js                                   0.21 kB │ gzip:   0.18 kB
.pkg03-fullpage-tools/production/assets/trending-down-pY5cRxuA.js                            0.21 kB │ gzip:   0.18 kB
.pkg03-fullpage-tools/production/assets/undo-2-C5BXtCNR.js                                   0.21 kB │ gzip:   0.18 kB
.pkg03-fullpage-tools/production/assets/droplet-BHSL_ihO.js                                  0.21 kB │ gzip:   0.19 kB
.pkg03-fullpage-tools/production/assets/lock-open-CqYTVgM0.js                                0.21 kB │ gzip:   0.19 kB
.pkg03-fullpage-tools/production/assets/mail-B2iHHiKB.js                                     0.21 kB │ gzip:   0.20 kB
.pkg03-fullpage-tools/production/assets/it-module-shell-Cq8Pndvb.js                          0.21 kB │ gzip:   0.19 kB
.pkg03-fullpage-tools/production/assets/battery-D2_1PuD9.js                                  0.21 kB │ gzip:   0.18 kB
.pkg03-fullpage-tools/production/assets/pause-DlwDk2bC.js                                    0.21 kB │ gzip:   0.16 kB
.pkg03-fullpage-tools/production/assets/circle-arrow-up-DEwTTnnJ.js                          0.21 kB │ gzip:   0.18 kB
.pkg03-fullpage-tools/production/assets/circle-arrow-down-GF_5wj80.js                        0.21 kB │ gzip:   0.18 kB
.pkg03-fullpage-tools/production/assets/pill-BlbYF09n.js                                     0.21 kB │ gzip:   0.18 kB
.pkg03-fullpage-tools/production/assets/table-2-CXXJ8jrb.js                                  0.21 kB │ gzip:   0.18 kB
.pkg03-fullpage-tools/production/assets/site-profile-dialog-host-BH_OdoAm.js                 0.21 kB │ gzip:   0.19 kB
.pkg03-fullpage-tools/production/assets/dollar-sign-BfeT5xU8.js                              0.22 kB │ gzip:   0.19 kB
.pkg03-fullpage-tools/production/assets/file-AB4mrdwV.js                                     0.22 kB │ gzip:   0.18 kB
.pkg03-fullpage-tools/production/assets/laptop-CiUMpKwM.js                                   0.22 kB │ gzip:   0.19 kB
.pkg03-fullpage-tools/production/assets/flag-B7Zq_OCQ.js                                     0.22 kB │ gzip:   0.20 kB
.pkg03-fullpage-tools/production/assets/rows-3-Bup2eoba.js                                   0.22 kB │ gzip:   0.18 kB
.pkg03-fullpage-tools/production/assets/rss-DNJD4iJ0.js                                      0.22 kB │ gzip:   0.18 kB
.pkg03-fullpage-tools/production/assets/briefcase-CYrIyzYe.js                                0.22 kB │ gzip:   0.20 kB
.pkg03-fullpage-tools/production/assets/ellipsis-m0IizgrY.js                                 0.22 kB │ gzip:   0.16 kB
.pkg03-fullpage-tools/production/assets/target-DAxClp-l.js                                   0.22 kB │ gzip:   0.16 kB
.pkg03-fullpage-tools/production/assets/columns-3-x7SW984X.js                                0.22 kB │ gzip:   0.19 kB
.pkg03-fullpage-tools/production/assets/git-merge-vP9dCoj-.js                                0.22 kB │ gzip:   0.19 kB
.pkg03-fullpage-tools/production/assets/square-check-big-B6m-BcKF.js                         0.22 kB │ gzip:   0.19 kB
.pkg03-fullpage-tools/production/assets/sticky-note-Dk96T6-9.js                              0.22 kB │ gzip:   0.18 kB
.pkg03-fullpage-tools/production/assets/folder-ClHt4QRe.js                                   0.23 kB │ gzip:   0.19 kB
.pkg03-fullpage-tools/production/assets/ellipsis-vertical-DDwvl2lr.js                        0.23 kB │ gzip:   0.17 kB
.pkg03-fullpage-tools/production/assets/vote-aRcvaH2n.js                                     0.23 kB │ gzip:   0.19 kB
.pkg03-fullpage-tools/production/assets/copy-BVr45Oho.js                                     0.23 kB │ gzip:   0.21 kB
.pkg03-fullpage-tools/production/assets/door-closed-rlRi3yXv.js                              0.23 kB │ gzip:   0.19 kB
.pkg03-fullpage-tools/production/assets/user-round-check-BYCcge9N.js                         0.23 kB │ gzip:   0.21 kB
.pkg03-fullpage-tools/production/assets/circle-user-round-CFbKM62B.js                        0.23 kB │ gzip:   0.19 kB
.pkg03-fullpage-tools/production/assets/circle-help-FNpfRcgm.js                              0.23 kB │ gzip:   0.20 kB
.pkg03-fullpage-tools/production/assets/ear-B2O_ZjkJ.js                                      0.23 kB │ gzip:   0.19 kB
.pkg03-fullpage-tools/production/assets/activity-DExNwmGa.js                                 0.23 kB │ gzip:   0.20 kB
.pkg03-fullpage-tools/production/assets/pen-CI5U00zO.js                                      0.23 kB │ gzip:   0.20 kB
.pkg03-fullpage-tools/production/assets/history-DR1gCKck.js                                  0.24 kB │ gzip:   0.20 kB
.pkg03-fullpage-tools/production/assets/globe-CB8UKKGz.js                                    0.24 kB │ gzip:   0.19 kB
.pkg03-fullpage-tools/production/assets/timer-DTPRNkEU.js                                    0.24 kB │ gzip:   0.19 kB
.pkg03-fullpage-tools/production/assets/banknote-B6mDyWWd.js                                 0.24 kB │ gzip:   0.20 kB
.pkg03-fullpage-tools/production/assets/heart-qIiZ6LrQ.js                                    0.24 kB │ gzip:   0.21 kB
.pkg03-fullpage-tools/production/assets/link-2-CgPqmir2.js                                   0.24 kB │ gzip:   0.21 kB
.pkg03-fullpage-tools/production/assets/menu-CCS9lCF-.js                                     0.24 kB │ gzip:   0.17 kB
.pkg03-fullpage-tools/production/assets/database-BbPDm89b.js                                 0.24 kB │ gzip:   0.20 kB
.pkg03-fullpage-tools/production/assets/arrow-down-up-BYyz564Z.js                            0.24 kB │ gzip:   0.19 kB
.pkg03-fullpage-tools/production/assets/type-CAwdMKCI.js                                     0.24 kB │ gzip:   0.19 kB
.pkg03-fullpage-tools/production/assets/circle-pause-CcML2xc6.js                             0.24 kB │ gzip:   0.18 kB
.pkg03-fullpage-tools/production/assets/arrow-left-right-ChWARqy3.js                         0.25 kB │ gzip:   0.19 kB
.pkg03-fullpage-tools/production/assets/compass-CcbKpLyI.js                                  0.25 kB │ gzip:   0.20 kB
.pkg03-fullpage-tools/production/assets/arrow-right-left-D0LBezul.js                         0.25 kB │ gzip:   0.19 kB
.pkg03-fullpage-tools/production/assets/book-marked-CSutXARB.js                              0.25 kB │ gzip:   0.20 kB
.pkg03-fullpage-tools/production/assets/settings-2-hqmmnH2I.js                               0.25 kB │ gzip:   0.19 kB
.pkg03-fullpage-tools/production/assets/users-round-ROAOKHRX.js                              0.25 kB │ gzip:   0.21 kB
.pkg03-fullpage-tools/production/assets/camera-CjRiYCj8.js                                   0.25 kB │ gzip:   0.21 kB
.pkg03-fullpage-tools/production/assets/file-warning-CiwMWX3m.js                             0.25 kB │ gzip:   0.20 kB
.pkg03-fullpage-tools/production/assets/video-DR8mJLxJ.js                                    0.25 kB │ gzip:   0.21 kB
.pkg03-fullpage-tools/production/assets/route-TY3VkKrO.js                                    0.25 kB │ gzip:   0.20 kB
.pkg03-fullpage-tools/production/assets/circle-alert-5TNkCcJi.js                             0.25 kB │ gzip:   0.19 kB
.pkg03-fullpage-tools/production/assets/mouse-pointer-2-D6GHIK-G.js                          0.25 kB │ gzip:   0.21 kB
.pkg03-fullpage-tools/production/assets/chart-column-BCsNc4WC.js                             0.25 kB │ gzip:   0.19 kB
.pkg03-fullpage-tools/production/assets/external-link-DKWDd_xA.js                            0.25 kB │ gzip:   0.20 kB
.pkg03-fullpage-tools/production/assets/cloud-upload-DgBOo27u.js                             0.25 kB │ gzip:   0.20 kB
.pkg03-fullpage-tools/production/assets/shopping-bag-DrdWxjwr.js                             0.25 kB │ gzip:   0.20 kB
.pkg03-fullpage-tools/production/assets/pentagon-VkrBAUZh.js                                 0.25 kB │ gzip:   0.20 kB
.pkg03-fullpage-tools/production/assets/eye-BrfFhIiV.js                                      0.25 kB │ gzip:   0.20 kB
.pkg03-fullpage-tools/production/assets/user-check-CsOyMJHI.js                               0.25 kB │ gzip:   0.22 kB
.pkg03-fullpage-tools/production/assets/map-pin-CPCOlMa3.js                                  0.25 kB │ gzip:   0.22 kB
.pkg03-fullpage-tools/production/assets/archive-DfIr0s86.js                                  0.25 kB │ gzip:   0.21 kB
.pkg03-fullpage-tools/production/assets/lock-keyhole-DYKdYnVc.js                             0.25 kB │ gzip:   0.22 kB
.pkg03-fullpage-tools/production/assets/message-square-plus-Drrjxpfg.js                      0.25 kB │ gzip:   0.20 kB
.pkg03-fullpage-tools/production/assets/circle-user-B7gKJTyx.js                              0.25 kB │ gzip:   0.20 kB
.pkg03-fullpage-tools/production/assets/message-square-text-33vHw9JW.js                      0.25 kB │ gzip:   0.20 kB
.pkg03-fullpage-tools/production/assets/user-minus-DRAmspbz.js                               0.25 kB │ gzip:   0.22 kB
.pkg03-fullpage-tools/production/assets/file-check-2-CzWpAdjg.js                             0.25 kB │ gzip:   0.20 kB
.pkg03-fullpage-tools/production/assets/messages-square-Cx7IRV01.js                          0.25 kB │ gzip:   0.20 kB
.pkg03-fullpage-tools/production/assets/link-C2yD9tcp.js                                     0.26 kB │ gzip:   0.19 kB
.pkg03-fullpage-tools/production/assets/hr-hero-DdlSICIO.js                                  0.26 kB │ gzip:   0.22 kB
.pkg03-fullpage-tools/production/assets/wrench-SLCPMQEk.js                                   0.26 kB │ gzip:   0.20 kB
.pkg03-fullpage-tools/production/assets/upload-O--gjnLa.js                                   0.26 kB │ gzip:   0.22 kB
.pkg03-fullpage-tools/production/assets/calendar-y570TvQO.js                                 0.26 kB │ gzip:   0.20 kB
.pkg03-fullpage-tools/production/assets/log-out-AcS-mDdA.js                                  0.26 kB │ gzip:   0.22 kB
.pkg03-fullpage-tools/production/assets/ticket-check-aHGJgdLt.js                             0.26 kB │ gzip:   0.20 kB
.pkg03-fullpage-tools/production/assets/log-in-DWRid_a_.js                                   0.26 kB │ gzip:   0.22 kB
.pkg03-fullpage-tools/production/assets/file-minus-CNJExUBW.js                               0.26 kB │ gzip:   0.19 kB
.pkg03-fullpage-tools/production/assets/key-DU6RU1Ye.js                                      0.26 kB │ gzip:   0.22 kB
.pkg03-fullpage-tools/production/assets/monitor-CV1zKnMe.js                                  0.26 kB │ gzip:   0.20 kB
.pkg03-fullpage-tools/production/assets/message-square-warning-LMkwDSQ2.js                   0.26 kB │ gzip:   0.20 kB
.pkg03-fullpage-tools/production/assets/utensils-DKGEzWp7.js                                 0.26 kB │ gzip:   0.20 kB
.pkg03-fullpage-tools/production/assets/download-SiMxdDEr.js                                 0.26 kB │ gzip:   0.22 kB
.pkg03-fullpage-tools/production/assets/zap-UwF5Keeo.js                                      0.26 kB │ gzip:   0.21 kB
.pkg03-fullpage-tools/production/assets/triangle-alert-BIgXrfLj.js                           0.26 kB │ gzip:   0.21 kB
.pkg03-fullpage-tools/production/assets/leaf-DzXd09Du.js                                     0.26 kB │ gzip:   0.22 kB
.pkg03-fullpage-tools/production/assets/file-check-yBdVM0kz.js                               0.26 kB │ gzip:   0.20 kB
.pkg03-fullpage-tools/production/assets/workflow-DKHMhA_4.js                                 0.26 kB │ gzip:   0.20 kB
.pkg03-fullpage-tools/production/assets/mic-Dpr_9e8m.js                                      0.26 kB │ gzip:   0.21 kB
.pkg03-fullpage-tools/production/assets/shield-CAP-Gktn.js                                   0.27 kB │ gzip:   0.22 kB
.pkg03-fullpage-tools/production/assets/list-plus-B8e2TvFP.js                                0.27 kB │ gzip:   0.19 kB
.pkg03-fullpage-tools/production/assets/battery-low-DG3qhsv8.js                              0.27 kB │ gzip:   0.20 kB
.pkg03-fullpage-tools/production/assets/timer-reset-BP8Udbh7.js                              0.27 kB │ gzip:   0.21 kB
.pkg03-fullpage-tools/production/assets/award-DwEe_SiE.js                                    0.27 kB │ gzip:   0.22 kB
.pkg03-fullpage-tools/production/assets/eraser-C51Ya_WX.js                                   0.27 kB │ gzip:   0.22 kB
.pkg03-fullpage-tools/production/assets/image-Dz0tc1Mx.js                                    0.27 kB │ gzip:   0.22 kB
.pkg03-fullpage-tools/production/assets/repeat-Ck73PXQg.js                                   0.27 kB │ gzip:   0.20 kB
.pkg03-fullpage-tools/production/assets/arrow-up-DyojuWMx.js                                 0.27 kB │ gzip:   0.20 kB
.pkg03-fullpage-tools/production/assets/flame-p779EMgz.js                                    0.27 kB │ gzip:   0.22 kB
.pkg03-fullpage-tools/production/assets/git-branch-BCYgAVpU.js                               0.27 kB │ gzip:   0.22 kB
.pkg03-fullpage-tools/production/assets/pencil-Cj33Szg8.js                                   0.28 kB │ gzip:   0.22 kB
.pkg03-fullpage-tools/production/assets/pen-line-EVvfNKI6.js                                 0.28 kB │ gzip:   0.22 kB
.pkg03-fullpage-tools/production/assets/list-checks-Di-Mh55E.js                              0.28 kB │ gzip:   0.19 kB
.pkg03-fullpage-tools/production/assets/book-open-HSTQYlIf.js                                0.28 kB │ gzip:   0.20 kB
.pkg03-fullpage-tools/production/assets/file-diff-CqcQjDBa.js                                0.28 kB │ gzip:   0.20 kB
.pkg03-fullpage-tools/production/assets/wifi-VpFHWsJa.js                                     0.28 kB │ gzip:   0.20 kB
.pkg03-fullpage-tools/production/assets/lightbulb-CRP_I64U.js                                0.28 kB │ gzip:   0.22 kB
.pkg03-fullpage-tools/production/assets/file-plus-2-zzg4hMKZ.js                              0.28 kB │ gzip:   0.21 kB
.pkg03-fullpage-tools/production/assets/layout-template-D7FyfGR2.js                          0.28 kB │ gzip:   0.19 kB
.pkg03-fullpage-tools/production/assets/inbox-Bhp0yDXm.js                                    0.29 kB │ gzip:   0.23 kB
.pkg03-fullpage-tools/production/assets/wallet-DZp2a2Iv.js                                   0.29 kB │ gzip:   0.20 kB
.pkg03-fullpage-tools/production/assets/shopping-cart-DRHnpoAt.js                            0.29 kB │ gzip:   0.23 kB
.pkg03-fullpage-tools/production/assets/shirt-iHVxvF1U.js                                    0.29 kB │ gzip:   0.23 kB
.pkg03-fullpage-tools/production/assets/files-BU244D-L.js                                    0.29 kB │ gzip:   0.22 kB
.pkg03-fullpage-tools/production/assets/house-BSCTZcr5.js                                    0.29 kB │ gzip:   0.22 kB
.pkg03-fullpage-tools/production/assets/bell-DiKPd7MV.js                                     0.29 kB │ gzip:   0.23 kB
.pkg03-fullpage-tools/production/assets/use-initials-U-N8N3-N.js                             0.29 kB │ gzip:   0.20 kB
.pkg03-fullpage-tools/production/assets/send-DdSczbDR.js                                     0.29 kB │ gzip:   0.23 kB
.pkg03-fullpage-tools/production/assets/folder-open-Bhx9PNzB.js                              0.29 kB │ gzip:   0.22 kB
.pkg03-fullpage-tools/production/assets/receipt-BuOVVHMs.js                                  0.29 kB │ gzip:   0.21 kB
.pkg03-fullpage-tools/production/assets/governance-permissions-oQG3y2Ya.js                   0.29 kB │ gzip:   0.19 kB
.pkg03-fullpage-tools/production/assets/link-2-off-gdu5ShCo.js                               0.29 kB │ gzip:   0.21 kB
.pkg03-fullpage-tools/production/assets/smile-YtCVbJeK.js                                    0.29 kB │ gzip:   0.22 kB
.pkg03-fullpage-tools/production/assets/grid-3x3-Bjl9V9OU.js                                 0.29 kB │ gzip:   0.21 kB
.pkg03-fullpage-tools/production/assets/bed-double-DxRyc5g7.js                               0.30 kB │ gzip:   0.20 kB
.pkg03-fullpage-tools/production/assets/heart-crack-CsUXMge2.js                              0.30 kB │ gzip:   0.24 kB
.pkg03-fullpage-tools/production/assets/hash-CM8NLnTZ.js                                     0.30 kB │ gzip:   0.19 kB
.pkg03-fullpage-tools/production/assets/receipt-text-BO9P0WQH.js                             0.30 kB │ gzip:   0.20 kB
.pkg03-fullpage-tools/production/assets/maximize-2-Dtx8d8vJ.js                               0.30 kB │ gzip:   0.21 kB
.pkg03-fullpage-tools/production/assets/list-todo-w2S4Vl3G.js                                0.30 kB │ gzip:   0.22 kB
.pkg03-fullpage-tools/production/assets/paperclip-BSOvn7b-.js                                0.30 kB │ gzip:   0.22 kB
.pkg03-fullpage-tools/production/assets/file-up-CR5K1hiQ.js                                  0.30 kB │ gzip:   0.21 kB
.pkg03-fullpage-tools/production/assets/gavel-DrRZAfG4.js                                    0.30 kB │ gzip:   0.22 kB
.pkg03-fullpage-tools/production/assets/flask-conical-voVaNEOw.js                            0.30 kB │ gzip:   0.23 kB
.pkg03-fullpage-tools/production/assets/thumbs-up-Si_L4EFz.js                                0.30 kB │ gzip:   0.24 kB
.pkg03-fullpage-tools/production/assets/list-nYsLElsi.js                                     0.30 kB │ gzip:   0.18 kB
.pkg03-fullpage-tools/production/assets/file-down-CRy0ElPP.js                                0.30 kB │ gzip:   0.22 kB
.pkg03-fullpage-tools/production/assets/thumbs-down-BFEputEM.js                              0.30 kB │ gzip:   0.24 kB
.pkg03-fullpage-tools/production/assets/minimize-2-l_2pZg3l.js                               0.30 kB │ gzip:   0.21 kB
.pkg03-fullpage-tools/production/assets/clipboard-check-CYKcaoGD.js                          0.30 kB │ gzip:   0.23 kB
.pkg03-fullpage-tools/production/assets/file-clock-BhChKTgH.js                               0.30 kB │ gzip:   0.24 kB
.pkg03-fullpage-tools/production/assets/users-B2jfYsXz.js                                    0.30 kB │ gzip:   0.23 kB
.pkg03-fullpage-tools/production/assets/calendar-check-B7jYvjpe.js                           0.30 kB │ gzip:   0.22 kB
.pkg03-fullpage-tools/production/assets/coffee-ZULiUiSS.js                                   0.30 kB │ gzip:   0.21 kB
.pkg03-fullpage-tools/production/assets/user-x-BT_fErAt.js                                   0.30 kB │ gzip:   0.23 kB
.pkg03-fullpage-tools/production/assets/folder-plus-CHxxcL8U.js                              0.30 kB │ gzip:   0.23 kB
.pkg03-fullpage-tools/production/assets/chef-hat-CqvvEGWE.js                                 0.31 kB │ gzip:   0.24 kB
.pkg03-fullpage-tools/production/assets/user-plus-DmcmVhL5.js                                0.31 kB │ gzip:   0.23 kB
.pkg03-fullpage-tools/production/assets/box-DKRf8yZv.js                                      0.31 kB │ gzip:   0.22 kB
.pkg03-fullpage-tools/production/assets/heart-pulse-B0DjPu1M.js                              0.31 kB │ gzip:   0.25 kB
.pkg03-fullpage-tools/production/assets/piggy-bank-DH-k5k8y.js                               0.31 kB │ gzip:   0.25 kB
.pkg03-fullpage-tools/production/assets/badge-check-D75x3HCG.js                              0.31 kB │ gzip:   0.21 kB
.pkg03-fullpage-tools/production/assets/hard-hat-BgE84QiB.js                                 0.32 kB │ gzip:   0.23 kB
.pkg03-fullpage-tools/production/assets/shield-check-DrOojQEw.js                             0.32 kB │ gzip:   0.25 kB
.pkg03-fullpage-tools/production/assets/printer-DXQP54zN.js                                  0.32 kB │ gzip:   0.24 kB
.pkg03-fullpage-tools/production/assets/square-pen-OChJEVhT.js                               0.32 kB │ gzip:   0.24 kB
.pkg03-fullpage-tools/production/assets/refresh-ccw-DrEU9xi5.js                              0.32 kB │ gzip:   0.23 kB
.pkg03-fullpage-tools/production/assets/ticket-ipTzaVuy.js                                   0.32 kB │ gzip:   0.22 kB
.pkg03-fullpage-tools/production/assets/tag-BxYWVxrR.js                                      0.32 kB │ gzip:   0.25 kB
.pkg03-fullpage-tools/production/assets/hand-helping-C6aKTPli.js                             0.32 kB │ gzip:   0.25 kB
.pkg03-fullpage-tools/production/assets/id-card-DakI3Bvd.js                                  0.32 kB │ gzip:   0.24 kB
.pkg03-fullpage-tools/production/assets/mail-warning-DA8XOOo2.js                             0.32 kB │ gzip:   0.24 kB
.pkg03-fullpage-tools/production/assets/save-ojtvDk38.js                                     0.33 kB │ gzip:   0.23 kB
.pkg03-fullpage-tools/production/assets/scan-line-CrjgvDVy.js                                0.33 kB │ gzip:   0.22 kB
.pkg03-fullpage-tools/production/assets/graduation-cap-BaEJBU08.js                           0.33 kB │ gzip:   0.25 kB
.pkg03-fullpage-tools/production/assets/list-ordered-D8_70kgL.js                             0.33 kB │ gzip:   0.21 kB
.pkg03-fullpage-tools/production/assets/file-text-D5NcYZMT.js                                0.33 kB │ gzip:   0.22 kB
.pkg03-fullpage-tools/production/assets/book-open-check-65rrbi7E.js                          0.33 kB │ gzip:   0.23 kB
.pkg03-fullpage-tools/production/assets/clipboard-plus-DZMGEaTC.js                           0.33 kB │ gzip:   0.24 kB
.pkg03-fullpage-tools/production/assets/alarm-clock-Divd9vP4.js                              0.33 kB │ gzip:   0.23 kB
.pkg03-fullpage-tools/production/assets/contact-FCeWTT0q.js                                  0.33 kB │ gzip:   0.24 kB
.pkg03-fullpage-tools/production/assets/calendar-x-XWYzWsIq.js                               0.34 kB │ gzip:   0.23 kB
.pkg03-fullpage-tools/production/assets/accessibility-Bwjh8s5B.js                            0.34 kB │ gzip:   0.24 kB
.pkg03-fullpage-tools/production/assets/archive-restore-DhPfaDIe.js                          0.34 kB │ gzip:   0.24 kB
.pkg03-fullpage-tools/production/assets/stethoscope-KWICM4bk.js                              0.34 kB │ gzip:   0.24 kB
.pkg03-fullpage-tools/production/assets/shield-plus-BsdjRzjg.js                              0.34 kB │ gzip:   0.25 kB
.pkg03-fullpage-tools/production/assets/layout-grid-BZ2GGmKK.js                              0.34 kB │ gzip:   0.19 kB
.pkg03-fullpage-tools/production/assets/pin-CEYUrKeO.js                                      0.35 kB │ gzip:   0.24 kB
.pkg03-fullpage-tools/production/assets/file-image-DhfvbsNC.js                               0.35 kB │ gzip:   0.25 kB
.pkg03-fullpage-tools/production/assets/scroll-text-B9Igkz69.js                              0.35 kB │ gzip:   0.23 kB
.pkg03-fullpage-tools/production/assets/key-round-BM1_c2QP.js                                0.35 kB │ gzip:   0.26 kB
.pkg03-fullpage-tools/production/assets/layout-dashboard-BWuGfmtu.js                         0.35 kB │ gzip:   0.21 kB
.pkg03-fullpage-tools/production/assets/shield-alert-DoGMJCOa.js                             0.35 kB │ gzip:   0.26 kB
.pkg03-fullpage-tools/production/assets/file-chart-column-increasing-DtzUaZM2.js             0.35 kB │ gzip:   0.24 kB
.pkg03-fullpage-tools/production/assets/webhook-BiUpme_l.js                                  0.35 kB │ gzip:   0.26 kB
.pkg03-fullpage-tools/production/assets/crosshair-BQe-NQNX.js                                0.35 kB │ gzip:   0.21 kB
.pkg03-fullpage-tools/production/assets/calendar-plus-BYUSUOc2.js                            0.35 kB │ gzip:   0.23 kB
.pkg03-fullpage-tools/production/assets/shield-x-DAZPdvZS.js                                 0.36 kB │ gzip:   0.26 kB
.pkg03-fullpage-tools/production/assets/gift-DmjhRQFm.js                                     0.36 kB │ gzip:   0.25 kB
.pkg03-fullpage-tools/production/assets/trash-2-D9JG95Wr.js                                  0.36 kB │ gzip:   0.25 kB
.pkg03-fullpage-tools/production/assets/calendar-x-2-gDIMKMcJ.js                             0.36 kB │ gzip:   0.23 kB
.pkg03-fullpage-tools/production/assets/bell-plus-D76j15rk.js                                0.36 kB │ gzip:   0.26 kB
.pkg03-fullpage-tools/production/assets/layout-list-CWQk1nQd.js                              0.36 kB │ gzip:   0.22 kB
.pkg03-fullpage-tools/production/assets/warehouse-DEP6TaJL.js                                0.36 kB │ gzip:   0.26 kB
.pkg03-fullpage-tools/production/assets/utensils-crossed-rwjD5G_Y.js                         0.36 kB │ gzip:   0.26 kB
.pkg03-fullpage-tools/production/assets/syringe-DfOSJx1H.js                                  0.36 kB │ gzip:   0.25 kB
.pkg03-fullpage-tools/production/assets/crown-CgyvuiMf.js                                    0.36 kB │ gzip:   0.26 kB
.pkg03-fullpage-tools/production/assets/sparkle-a49u8O8U.js                                  0.36 kB │ gzip:   0.24 kB
.pkg03-fullpage-tools/production/assets/scale-CW88nDbg.js                                    0.36 kB │ gzip:   0.23 kB
.pkg03-fullpage-tools/production/assets/grip-vertical-BJDZBGZt.js                            0.36 kB │ gzip:   0.19 kB
.pkg03-fullpage-tools/production/assets/fuel-0hD80HX3.js                                     0.37 kB │ gzip:   0.25 kB
.pkg03-fullpage-tools/production/assets/door-open-DWiVzGmw.js                                0.37 kB │ gzip:   0.25 kB
.pkg03-fullpage-tools/production/assets/droplets-DvCCJ73r.js                                 0.37 kB │ gzip:   0.28 kB
.pkg03-fullpage-tools/production/assets/hammer-D3MQhKfX.js                                   0.37 kB │ gzip:   0.27 kB
.pkg03-fullpage-tools/production/assets/file-pen-B8DQ8IbJ.js                                 0.37 kB │ gzip:   0.26 kB
.pkg03-fullpage-tools/production/assets/package-CGs09eGk.js                                  0.37 kB │ gzip:   0.25 kB
.pkg03-fullpage-tools/production/assets/index-B0Z-ysPe.js                                    0.37 kB │ gzip:   0.22 kB
.pkg03-fullpage-tools/production/assets/file-spreadsheet-DGLpvUxN.js                         0.37 kB │ gzip:   0.23 kB
.pkg03-fullpage-tools/production/assets/life-buoy-BJcgEPjV.js                                0.37 kB │ gzip:   0.22 kB
.pkg03-fullpage-tools/production/assets/calendar-clock-RcTyf2z9.js                           0.38 kB │ gzip:   0.26 kB
.pkg03-fullpage-tools/production/assets/shield-question-CXH-yEMu.js                          0.38 kB │ gzip:   0.28 kB
.pkg03-fullpage-tools/production/assets/network-PXU_6lx_.js                                  0.38 kB │ gzip:   0.24 kB
.pkg03-fullpage-tools/production/assets/calendar-off-BLT-3SjK.js                             0.38 kB │ gzip:   0.25 kB
.pkg03-fullpage-tools/production/assets/tags-dy7ptYDd.js                                     0.39 kB │ gzip:   0.28 kB
.pkg03-fullpage-tools/production/assets/baby-D4Zsu2rO.js                                     0.39 kB │ gzip:   0.26 kB
.pkg03-fullpage-tools/production/assets/hard-drive-BDxB0xqE.js                               0.39 kB │ gzip:   0.26 kB
.pkg03-fullpage-tools/production/assets/job-posting-constants-CneitmEO.js                    0.39 kB │ gzip:   0.23 kB
.pkg03-fullpage-tools/production/assets/file-pen-line-Bl03VBbY.js                            0.39 kB │ gzip:   0.26 kB
.pkg03-fullpage-tools/production/assets/phone-A8m2qWFH.js                                    0.39 kB │ gzip:   0.25 kB
.pkg03-fullpage-tools/production/assets/bell-ring-e0RoJU0T.js                                0.40 kB │ gzip:   0.28 kB
.pkg03-fullpage-tools/production/assets/map-pinned-CH6iAm8q.js                               0.40 kB │ gzip:   0.29 kB
.pkg03-fullpage-tools/production/assets/shield-off-3kwRz0T9.js                               0.40 kB │ gzip:   0.28 kB
.pkg03-fullpage-tools/production/assets/truck-CZDKxFXV.js                                    0.40 kB │ gzip:   0.27 kB
.pkg03-fullpage-tools/production/assets/sprout-Co09LQLz.js                                   0.40 kB │ gzip:   0.28 kB
.pkg03-fullpage-tools/production/assets/car-BiRSfsgm.js                                      0.40 kB │ gzip:   0.28 kB
.pkg03-fullpage-tools/production/assets/locate-fixed-C7_bFR5H.js                             0.40 kB │ gzip:   0.23 kB
.pkg03-fullpage-tools/production/assets/hand-WCVZbBcd.js                                     0.41 kB │ gzip:   0.25 kB
.pkg03-fullpage-tools/production/assets/landmark-DbJOaPAk.js                                 0.41 kB │ gzip:   0.23 kB
.pkg03-fullpage-tools/production/assets/hand-coins-D35JnO7R.js                               0.41 kB │ gzip:   0.29 kB
.pkg03-fullpage-tools/production/assets/clipboard-list-BE-9NXga.js                           0.41 kB │ gzip:   0.26 kB
.pkg03-fullpage-tools/production/assets/transport-medication-replay-WRaztUbn.js              0.41 kB │ gzip:   0.29 kB
.pkg03-fullpage-tools/production/assets/loader-CUe6jFlc.js                                   0.41 kB │ gzip:   0.24 kB
.pkg03-fullpage-tools/production/assets/mouse-pointer-click-81Q5gEXC.js                      0.41 kB │ gzip:   0.28 kB
.pkg03-fullpage-tools/production/assets/calendar-range-DqqstCqA.js                           0.41 kB │ gzip:   0.26 kB
.pkg03-fullpage-tools/production/assets/waypoints-BtGx4kZ5.js                                0.41 kB │ gzip:   0.25 kB
.pkg03-fullpage-tools/production/assets/layers-7QyxWDFc.js                                   0.42 kB │ gzip:   0.24 kB
.pkg03-fullpage-tools/production/assets/mic-off-Ca68qj4m.js                                  0.42 kB │ gzip:   0.27 kB
.pkg03-fullpage-tools/production/assets/waves-CNg_9qxb.js                                    0.42 kB │ gzip:   0.21 kB
.pkg03-fullpage-tools/production/assets/skeleton-CDTEQwaO.js                                 0.42 kB │ gzip:   0.32 kB
.pkg03-fullpage-tools/production/assets/package-check-CnPw5CKy.js                            0.42 kB │ gzip:   0.29 kB
.pkg03-fullpage-tools/production/assets/octagon-alert-B0BvnQLP.js                            0.43 kB │ gzip:   0.25 kB
.pkg03-fullpage-tools/production/assets/cable-D8H8sz4a.js                                    0.43 kB │ gzip:   0.25 kB
.pkg03-fullpage-tools/production/assets/eye-off-BWR_YXUP.js                                  0.43 kB │ gzip:   0.27 kB
.pkg03-fullpage-tools/production/assets/building-2-DpwtbZGO.js                               0.44 kB │ gzip:   0.25 kB
.pkg03-fullpage-tools/production/assets/heading-small-B1QYXXBZ.js                            0.44 kB │ gzip:   0.32 kB
.pkg03-fullpage-tools/production/assets/handshake-XPJCW4zY.js                                0.45 kB │ gzip:   0.28 kB
.pkg03-fullpage-tools/production/assets/hand-heart-8uL8gMF3.js                               0.45 kB │ gzip:   0.31 kB
.pkg03-fullpage-tools/production/assets/bus-CH6l97n_.js                                      0.45 kB │ gzip:   0.28 kB
.pkg03-fullpage-tools/production/assets/footprints-_B8URojd.js                               0.45 kB │ gzip:   0.30 kB
.pkg03-fullpage-tools/production/assets/radio-tower-Zq_uKbbE.js                              0.45 kB │ gzip:   0.29 kB
.pkg03-fullpage-tools/production/assets/input-error-DCYErTdJ.js                              0.46 kB │ gzip:   0.32 kB
.pkg03-fullpage-tools/production/assets/wifi-off-DGI9_eDQ.js                                 0.46 kB │ gzip:   0.27 kB
.pkg03-fullpage-tools/production/assets/scan-eye-DS4a_afu.js                                 0.46 kB │ gzip:   0.28 kB
.pkg03-fullpage-tools/production/assets/heart-handshake-XUqohXGA.js                          0.46 kB │ gzip:   0.31 kB
.pkg03-fullpage-tools/production/assets/spinner-Bcg5S7Sk.js                                  0.46 kB │ gzip:   0.33 kB
.pkg03-fullpage-tools/production/assets/person-standing-DlJSZ6eE.js                          0.46 kB │ gzip:   0.31 kB
.pkg03-fullpage-tools/production/assets/trophy-CoT-PBce.js                                   0.46 kB │ gzip:   0.28 kB
.pkg03-fullpage-tools/production/assets/pen-tool-BABvH4WL.js                                 0.47 kB │ gzip:   0.30 kB
.pkg03-fullpage-tools/production/assets/siren-D4Qex_yW.js                                    0.47 kB │ gzip:   0.27 kB
.pkg03-fullpage-tools/production/assets/star-DlMFMI4f.js                                     0.47 kB │ gzip:   0.29 kB
.pkg03-fullpage-tools/production/assets/sun-DtHXrGAU.js                                      0.47 kB │ gzip:   0.26 kB
.pkg03-fullpage-tools/production/assets/notebook-pen-Bzo0OpCF.js                             0.47 kB │ gzip:   0.29 kB
.pkg03-fullpage-tools/production/assets/cake-CZSA3QaK.js                                     0.49 kB │ gzip:   0.26 kB
.pkg03-fullpage-tools/production/assets/cctv-DSp8rCPx.js                                     0.49 kB │ gzip:   0.30 kB
.pkg03-fullpage-tools/production/assets/calendar-days-DzpQ1rMD.js                            0.49 kB │ gzip:   0.26 kB
.pkg03-fullpage-tools/production/assets/cpu-CnxwavJw.js                                      0.50 kB │ gzip:   0.26 kB
.pkg03-fullpage-tools/production/assets/radar-Cl_Xc8nb.js                                    0.50 kB │ gzip:   0.30 kB
.pkg03-fullpage-tools/production/assets/sparkles-Dl5aXhat.js                                 0.51 kB │ gzip:   0.30 kB
.pkg03-fullpage-tools/production/assets/wand-sparkles-CE1D3fh_.js                            0.51 kB │ gzip:   0.29 kB
.pkg03-fullpage-tools/production/assets/ambulance-vT2ZtRn4.js                                0.51 kB │ gzip:   0.31 kB
.pkg03-fullpage-tools/production/assets/_helpers-Ayp0jCez.js                                 0.51 kB │ gzip:   0.33 kB
.pkg03-fullpage-tools/production/assets/unlink-B_UjjeOh.js                                   0.53 kB │ gzip:   0.30 kB
.pkg03-fullpage-tools/production/assets/calculator-DP8rlb63.js                               0.53 kB │ gzip:   0.28 kB
.pkg03-fullpage-tools/production/assets/circle-dashed-CrSUZzaB.js                            0.57 kB │ gzip:   0.28 kB
.pkg03-fullpage-tools/production/assets/use-alert-workspace-focus-return-DGVRYbyO.js         0.58 kB │ gzip:   0.35 kB
.pkg03-fullpage-tools/production/assets/package-open-BRuw6qRP.js                             0.58 kB │ gzip:   0.33 kB
.pkg03-fullpage-tools/production/assets/i18n-Dncd9j2h.js                                     0.58 kB │ gzip:   0.39 kB
.pkg03-fullpage-tools/production/assets/user-cog-DrYBXGCE.js                                 0.58 kB │ gzip:   0.32 kB
.pkg03-fullpage-tools/production/assets/sliders-horizontal-B0YdhTBa.js                       0.58 kB │ gzip:   0.27 kB
.pkg03-fullpage-tools/production/assets/send-to-back-CgAoYYqH.js                             0.58 kB │ gzip:   0.31 kB
.pkg03-fullpage-tools/production/assets/fingerprint-7LozEcMW.js                              0.60 kB │ gzip:   0.35 kB
.pkg03-fullpage-tools/production/assets/label-DCjEnjsZ.js                                    0.61 kB │ gzip:   0.39 kB
.pkg03-fullpage-tools/production/assets/form-request-errors-BSRXMDrM.js                      0.63 kB │ gzip:   0.36 kB
.pkg03-fullpage-tools/production/assets/loading-state-DGfX22JR.js                            0.64 kB │ gzip:   0.43 kB
.pkg03-fullpage-tools/production/assets/text-link-RogODYI2.js                                0.65 kB │ gzip:   0.42 kB
.pkg03-fullpage-tools/production/assets/qr-code-DWGYYQtE.js                                  0.65 kB │ gzip:   0.31 kB
.pkg03-fullpage-tools/production/assets/server-CdBFPrfZ.js                                   0.66 kB │ gzip:   0.37 kB
.pkg03-fullpage-tools/production/assets/collapsible-dZ42gUqn.js                              0.66 kB │ gzip:   0.28 kB
.pkg03-fullpage-tools/production/assets/resident-dot-BLoyRUP7.js                             0.67 kB │ gzip:   0.46 kB
.pkg03-fullpage-tools/production/assets/fleet-stat-card-DqQLiqOZ.js                          0.72 kB │ gzip:   0.44 kB
.pkg03-fullpage-tools/production/assets/party-popper-C04DKlcN.js                             0.72 kB │ gzip:   0.41 kB
.pkg03-fullpage-tools/production/assets/settings-DQKaXzsG.js                                 0.72 kB │ gzip:   0.34 kB
.pkg03-fullpage-tools/production/assets/textarea-C_9uu-fb.js                                 0.73 kB │ gzip:   0.47 kB
.pkg03-fullpage-tools/production/assets/meeting-workspace-links-BSKYBk34.js                  0.73 kB │ gzip:   0.40 kB
.pkg03-fullpage-tools/production/assets/brain-BqSztvj0.js                                    0.73 kB │ gzip:   0.35 kB
.pkg03-fullpage-tools/production/assets/separator-DcAv2UUF.js                                0.77 kB │ gzip:   0.45 kB
.pkg03-fullpage-tools/production/assets/page-shell-B7eQidXD.js                               0.77 kB │ gzip:   0.45 kB
.pkg03-fullpage-tools/production/assets/shared-DHJYl7e2.js                                   0.77 kB │ gzip:   0.40 kB
.pkg03-fullpage-tools/production/assets/shared-D3Yvwbxq.js                                   0.77 kB │ gzip:   0.39 kB
.pkg03-fullpage-tools/production/assets/finance-command-results-CpJ0X-ZO.js                  0.78 kB │ gzip:   0.39 kB
.pkg03-fullpage-tools/production/assets/shift-row-types-DQA9BK_P.js                          0.80 kB │ gzip:   0.38 kB
.pkg03-fullpage-tools/production/assets/hr-tabs-D8RBQ2_A.js                                  0.81 kB │ gzip:   0.51 kB
.pkg03-fullpage-tools/production/assets/ops-stat-card-DYtUC9Xk.js                            0.81 kB │ gzip:   0.48 kB
.pkg03-fullpage-tools/production/assets/progress-BxLvrMK0.js                                 0.82 kB │ gzip:   0.54 kB
.pkg03-fullpage-tools/production/assets/readable-operational-state-CK8MzJI-.js               0.85 kB │ gzip:   0.45 kB
.pkg03-fullpage-tools/production/assets/boxes-Cn4YTwLa.js                                    0.85 kB │ gzip:   0.40 kB
.pkg03-fullpage-tools/production/assets/wizard-DF_QPOrg.js                                   0.87 kB │ gzip:   0.55 kB
.pkg03-fullpage-tools/production/assets/wizard-NNmqhkha.js                                   0.87 kB │ gzip:   0.55 kB
.pkg03-fullpage-tools/production/assets/list-caption-hE5ckvXY.js                             0.91 kB │ gzip:   0.54 kB
.pkg03-fullpage-tools/production/assets/index-CSEUMRIG.js                                    0.92 kB │ gzip:   0.53 kB
.pkg03-fullpage-tools/production/assets/now-rule-P7hRYwwd.js                                 0.95 kB │ gzip:   0.58 kB
.pkg03-fullpage-tools/production/assets/hero-action-button-D-GVyXk8.js                       0.95 kB │ gzip:   0.55 kB
.pkg03-fullpage-tools/production/assets/page-layout-DtSKkYRB.js                              0.97 kB │ gzip:   0.56 kB
.pkg03-fullpage-tools/production/assets/governance-dialog-deep-link-BLAMUST6.js              0.98 kB │ gzip:   0.58 kB
.pkg03-fullpage-tools/production/assets/settings-tabs-t1tJLzkZ.js                            0.99 kB │ gzip:   0.54 kB
.pkg03-fullpage-tools/production/assets/error-state-C4ErGjo-.js                              1.01 kB │ gzip:   0.62 kB
.pkg03-fullpage-tools/production/assets/use-settings-leave-confirmation-_sN1T8um.js          1.02 kB │ gzip:   0.61 kB
.pkg03-fullpage-tools/production/assets/presence-dot-CuGnqH3Y.js                             1.04 kB │ gzip:   0.58 kB
.pkg03-fullpage-tools/production/assets/input-49RbooBa.js                                    1.05 kB │ gzip:   0.59 kB
.pkg03-fullpage-tools/production/assets/command-centre-page-D-k1fsLy.js                      1.05 kB │ gzip:   0.59 kB
.pkg03-fullpage-tools/production/assets/switch-DZPR4_MT.js                                   1.06 kB │ gzip:   0.61 kB
.pkg03-fullpage-tools/production/assets/_shared-BN-lC1nz.js                                  1.07 kB │ gzip:   0.56 kB
.pkg03-fullpage-tools/production/assets/governance-work-CPDXtwsY.js                          1.09 kB │ gzip:   0.59 kB
.pkg03-fullpage-tools/production/assets/hover-action-vLW4u2SF.js                             1.09 kB │ gzip:   0.65 kB
.pkg03-fullpage-tools/production/assets/WidgetCard-2tC8eOcV.js                               1.10 kB │ gzip:   0.62 kB
.pkg03-fullpage-tools/production/assets/micro-stats-BKNykt34.js                              1.11 kB │ gzip:   0.61 kB
.pkg03-fullpage-tools/production/assets/confetti-8ALvzRDJ.js                                 1.11 kB │ gzip:   0.65 kB
.pkg03-fullpage-tools/production/assets/avatar-Cz9SiJ4o.js                                   1.14 kB │ gzip:   0.44 kB
.pkg03-fullpage-tools/production/assets/checkbox-B_k6O1AD.js                                 1.15 kB │ gzip:   0.63 kB
.pkg03-fullpage-tools/production/assets/GovernanceHomeRail-rUfcBcZY.js                       1.21 kB │ gzip:   0.68 kB
.pkg03-fullpage-tools/production/assets/_confirm-action-CxjMs0-U.js                          1.24 kB │ gzip:   0.70 kB
.pkg03-fullpage-tools/production/assets/wizard-stepper-mA4lWMfW.js                           1.24 kB │ gzip:   0.67 kB
.pkg03-fullpage-tools/production/assets/handover-person-notes-CbHlG0Rx.js                    1.25 kB │ gzip:   0.63 kB
.pkg03-fullpage-tools/production/assets/task-api-LDQPp0GA.js                                 1.27 kB │ gzip:   0.81 kB
.pkg03-fullpage-tools/production/assets/_types-Bdo8GrIg.js                                   1.29 kB │ gzip:   0.67 kB
.pkg03-fullpage-tools/production/assets/_attachments-BYsEKImK.js                             1.30 kB │ gzip:   0.73 kB
.pkg03-fullpage-tools/production/assets/medication-stock-governance-C5VIWPFO.js              1.30 kB │ gzip:   0.60 kB
.pkg03-fullpage-tools/production/assets/radio-group--UX7HHQn.js                              1.31 kB │ gzip:   0.65 kB
.pkg03-fullpage-tools/production/assets/DiscardDraftDialog-DlOO8-zf.js                       1.32 kB │ gzip:   0.76 kB
.pkg03-fullpage-tools/production/assets/staff-avatar-Bb0IS9u5.js                             1.32 kB │ gzip:   0.79 kB
.pkg03-fullpage-tools/production/assets/workflow-ribbon-Y9vZUBp9.js                          1.33 kB │ gzip:   0.68 kB
.pkg03-fullpage-tools/production/assets/stream-grouping-DxjzPWpi.js                          1.35 kB │ gzip:   0.73 kB
.pkg03-fullpage-tools/production/assets/shift-status-badge-lW1m-FjK.js                       1.36 kB │ gzip:   0.67 kB
.pkg03-fullpage-tools/production/assets/timesheet-status-badge-DYQziw8g.js                   1.36 kB │ gzip:   0.66 kB
.pkg03-fullpage-tools/production/assets/fleet-responsive-list-CgDsyRvl.js                    1.38 kB │ gzip:   0.70 kB
.pkg03-fullpage-tools/production/assets/sso-sign-in-buttons-DyGj1bSX.js                      1.40 kB │ gzip:   0.71 kB
.pkg03-fullpage-tools/production/assets/site-credentials-CuhrbwjV.js                         1.43 kB │ gzip:   0.75 kB
.pkg03-fullpage-tools/production/assets/_helpers-DwiQF0jk.js                                 1.46 kB │ gzip:   0.80 kB
.pkg03-fullpage-tools/production/assets/fleet-empty-state-88xdhiPr.js                        1.46 kB │ gzip:   0.77 kB
.pkg03-fullpage-tools/production/assets/journey-reference-strip-pm5NcpKt.js                  1.46 kB │ gzip:   0.81 kB
.pkg03-fullpage-tools/production/assets/GovernanceSectionRail-Cag9UUOr.js                    1.47 kB │ gzip:   0.82 kB
.pkg03-fullpage-tools/production/assets/index-DcmOMlk_.js                                    1.50 kB │ gzip:   0.52 kB
.pkg03-fullpage-tools/production/assets/badge-CZnzl86v.js                                    1.53 kB │ gzip:   0.77 kB
.pkg03-fullpage-tools/production/assets/shift-types-BwODqKSF.js                              1.54 kB │ gzip:   0.78 kB
.pkg03-fullpage-tools/production/assets/date-time-field-CqG3P7nz.js                          1.54 kB │ gzip:   0.77 kB
.pkg03-fullpage-tools/production/assets/performance-tabs-B2Z18CI-.js                         1.55 kB │ gzip:   0.74 kB
.pkg03-fullpage-tools/production/assets/verify-email-Cga_N1wn.js                             1.56 kB │ gzip:   0.83 kB
.pkg03-fullpage-tools/production/assets/confirm-dialog-BbNKEC44.js                           1.57 kB │ gzip:   0.86 kB
.pkg03-fullpage-tools/production/assets/mini-sparkline-D7i7f6lZ.js                           1.58 kB │ gzip:   0.91 kB
.pkg03-fullpage-tools/production/assets/status-badge-BcV9Cyb7.js                             1.61 kB │ gzip:   0.78 kB
.pkg03-fullpage-tools/production/assets/control-room-vocab-Ci3zRbHE.js                       1.62 kB │ gzip:   0.64 kB
.pkg03-fullpage-tools/production/assets/popover-ifeG7vZg.js                                  1.64 kB │ gzip:   0.70 kB
.pkg03-fullpage-tools/production/assets/ops-charts-CfZvOWbq.js                               1.65 kB │ gzip:   0.78 kB
.pkg03-fullpage-tools/production/assets/report-incident-dialog-D3MJc1NL.js                   1.67 kB │ gzip:   0.87 kB
.pkg03-fullpage-tools/production/assets/alert-CF50OPgI.js                                    1.69 kB │ gzip:   0.74 kB
.pkg03-fullpage-tools/production/assets/alert-status-CrtB-CoR.js                             1.69 kB │ gzip:   0.79 kB
.pkg03-fullpage-tools/production/assets/laravel-pagination-BkTTW2oL.js                       1.70 kB │ gzip:   0.84 kB
.pkg03-fullpage-tools/production/assets/money-L4nGavLX.js                                    1.71 kB │ gzip:   0.97 kB
.pkg03-fullpage-tools/production/assets/card-C9LxLdKv.js                                     1.77 kB │ gzip:   0.57 kB
.pkg03-fullpage-tools/production/assets/_helpers-Coqgjohp.js                                 1.77 kB │ gzip:   0.76 kB
.pkg03-fullpage-tools/production/assets/documents-tabs-BMCruCY6.js                           1.78 kB │ gzip:   0.94 kB
.pkg03-fullpage-tools/production/assets/workflow-ribbon-CARmwJF9.js                          1.80 kB │ gzip:   0.80 kB
.pkg03-fullpage-tools/production/assets/overlay-focus-return-4ESXsuki.js                     1.82 kB │ gzip:   0.89 kB
.pkg03-fullpage-tools/production/assets/tooltip-DVHxUwor.js                                  1.82 kB │ gzip:   0.84 kB
.pkg03-fullpage-tools/production/assets/control-room-alert-row-actions-D8hi1eSn.js           1.85 kB │ gzip:   0.69 kB
.pkg03-fullpage-tools/production/assets/options-BwkaeHrx.js                                  1.86 kB │ gzip:   0.72 kB
.pkg03-fullpage-tools/production/assets/my-day-list-q1itjVfJ.js                              1.86 kB │ gzip:   0.90 kB
.pkg03-fullpage-tools/production/assets/accordion-CJGfkjF1.js                                1.87 kB │ gzip:   0.85 kB
.pkg03-fullpage-tools/production/assets/journey-gate-list-mbUEWDXB.js                        1.87 kB │ gzip:   0.85 kB
.pkg03-fullpage-tools/production/assets/fleet-utils-t-7nXUHw.js                              1.90 kB │ gzip:   0.72 kB
.pkg03-fullpage-tools/production/assets/_helpers-1wcyfXFb.js                                 1.94 kB │ gzip:   1.04 kB
.pkg03-fullpage-tools/production/assets/draft-resume-prompt-55YX1fyL.js                      1.95 kB │ gzip:   1.01 kB
.pkg03-fullpage-tools/production/assets/respite-subnav-DVA95RUh.js                           2.01 kB │ gzip:   0.96 kB
.pkg03-fullpage-tools/production/assets/handover-follow-ups-CM70PA0k.js                      2.02 kB │ gzip:   1.02 kB
.pkg03-fullpage-tools/production/assets/confirm-password-CuQq-0Ri.js                         2.05 kB │ gzip:   1.02 kB
.pkg03-fullpage-tools/production/assets/_dialogs-CdLRQSVt.js                                 2.05 kB │ gzip:   1.09 kB
.pkg03-fullpage-tools/production/assets/button-DhhB9F7m.js                                   2.05 kB │ gzip:   0.96 kB
.pkg03-fullpage-tools/production/assets/address-autocomplete-DIQLbYRB.js                     2.07 kB │ gzip:   1.13 kB
.pkg03-fullpage-tools/production/assets/governance-calendar-adapter-BoWwsrz5.js              2.10 kB │ gzip:   1.01 kB
.pkg03-fullpage-tools/production/assets/_create-recovery-i6Ou491d.js                         2.10 kB │ gzip:   1.07 kB
.pkg03-fullpage-tools/production/assets/attention-panel-AzT9wQ5Q.js                          2.14 kB │ gzip:   0.98 kB
.pkg03-fullpage-tools/production/assets/task-step-draft-BwOQJw5N.js                          2.16 kB │ gzip:   1.12 kB
.pkg03-fullpage-tools/production/assets/use-personal-location-privacy-k70ZMAas.js            2.16 kB │ gzip:   0.99 kB
.pkg03-fullpage-tools/production/assets/reports-tabs-ytFpvh1r.js                             2.17 kB │ gzip:   1.07 kB
.pkg03-fullpage-tools/production/assets/_shared-ChrOC53f.js                                  2.27 kB │ gzip:   1.16 kB
.pkg03-fullpage-tools/production/assets/payroll-hero-DpGUgLYL.js                             2.28 kB │ gzip:   1.11 kB
.pkg03-fullpage-tools/production/assets/_shared-B3ArPUMi.js                                  2.31 kB │ gzip:   1.12 kB
.pkg03-fullpage-tools/production/assets/_memory-recovery-KPLCXoTQ.js                         2.31 kB │ gzip:   1.21 kB
.pkg03-fullpage-tools/production/assets/reason-dialog-VxNWtM1X.js                            2.34 kB │ gzip:   1.27 kB
.pkg03-fullpage-tools/production/assets/drills-BXAYRRJN.js                                   2.40 kB │ gzip:   1.12 kB
.pkg03-fullpage-tools/production/assets/table-DHtHPBEX.js                                    2.42 kB │ gzip:   0.67 kB
.pkg03-fullpage-tools/production/assets/first-aid-B7_mCYxc.js                                2.44 kB │ gzip:   1.13 kB
.pkg03-fullpage-tools/production/assets/_icons-BdQ8aYwm.js                                   2.45 kB │ gzip:   1.15 kB
.pkg03-fullpage-tools/production/assets/task-help-inbox-BIQGQ35o.js                          2.45 kB │ gzip:   1.32 kB
.pkg03-fullpage-tools/production/assets/datetime-Cj7rLFb1.js                                 2.50 kB │ gzip:   1.10 kB
.pkg03-fullpage-tools/production/assets/finance-section-rail-DbdQTe5u.js                     2.53 kB │ gzip:   1.28 kB
.pkg03-fullpage-tools/production/assets/provisioning-request-files-DXNCj_Vr.js               2.56 kB │ gzip:   1.26 kB
.pkg03-fullpage-tools/production/assets/services-CeOXqe0m.js                                 2.60 kB │ gzip:   1.18 kB
.pkg03-fullpage-tools/production/assets/text-prompt-dialog-9KlMpkiH.js                       2.62 kB │ gzip:   1.41 kB
.pkg03-fullpage-tools/production/assets/shift-context-menu-CNRM9i7R.js                       2.64 kB │ gzip:   1.37 kB
.pkg03-fullpage-tools/production/assets/care-plan-domains-bX52qgHh.js                        2.67 kB │ gzip:   1.24 kB
.pkg03-fullpage-tools/production/assets/provisioning-command-fields-4x2FBuJS.js              2.68 kB │ gzip:   1.16 kB
.pkg03-fullpage-tools/production/assets/donut-chart-BjEVgtH7.js                              2.71 kB │ gzip:   1.35 kB
.pkg03-fullpage-tools/production/assets/donut-RxOXSbq7.js                                    2.74 kB │ gzip:   1.38 kB
.pkg03-fullpage-tools/production/assets/index-BjmjDcUN.js                                    2.76 kB │ gzip:   0.71 kB
.pkg03-fullpage-tools/production/assets/readiness-BIeo-pqX.js                                2.76 kB │ gzip:   1.34 kB
.pkg03-fullpage-tools/production/assets/status-badge-3QlJuqdd.js                             2.76 kB │ gzip:   1.29 kB
.pkg03-fullpage-tools/production/assets/financials-4qBzn09Z.js                               2.78 kB │ gzip:   1.35 kB
.pkg03-fullpage-tools/production/assets/safety-register-BU-PSRJ4.js                          2.80 kB │ gzip:   1.32 kB
.pkg03-fullpage-tools/production/assets/ppe-DTZnavdY.js                                      2.81 kB │ gzip:   1.09 kB
.pkg03-fullpage-tools/production/assets/register-row-kit-DYBAbrfL.js                         2.86 kB │ gzip:   1.16 kB
.pkg03-fullpage-tools/production/assets/_tabs-DauMhm0L.js                                    2.87 kB │ gzip:   1.47 kB
.pkg03-fullpage-tools/production/assets/lifecycle-tabs-iMpeSFrG.js                           2.88 kB │ gzip:   1.48 kB
.pkg03-fullpage-tools/production/assets/_note-category-picker-DrP-zh1s.js                    2.89 kB │ gzip:   1.36 kB
.pkg03-fullpage-tools/production/assets/use-create-shift-launcher-DVl1RfhI.js                2.89 kB │ gzip:   1.42 kB
.pkg03-fullpage-tools/production/assets/toolbar-CLwRQ6OQ.js                                  2.90 kB │ gzip:   1.39 kB
.pkg03-fullpage-tools/production/assets/hs-detail-dialog-BJbWReHd.js                         2.90 kB │ gzip:   1.32 kB
.pkg03-fullpage-tools/production/assets/use-form-autosave-JWfLXMqA.js                        2.92 kB │ gzip:   1.47 kB
.pkg03-fullpage-tools/production/assets/notification-catalog-DveZKd9k.js                     2.96 kB │ gzip:   0.93 kB
.pkg03-fullpage-tools/production/assets/forgot-password-BKxEcMXi.js                          2.97 kB │ gzip:   1.42 kB
.pkg03-fullpage-tools/production/assets/report-launcher-Zs4Ls2UX.js                          3.00 kB │ gzip:   1.50 kB
.pkg03-fullpage-tools/production/assets/auth-layout-CZtzJmh4.js                              3.03 kB │ gzip:   1.37 kB
.pkg03-fullpage-tools/production/assets/tab-strip-BVRkR7Di.js                                3.03 kB │ gzip:   1.38 kB
.pkg03-fullpage-tools/production/assets/_overview-map-card-1rQfmgeJ.js                       3.04 kB │ gzip:   1.47 kB
.pkg03-fullpage-tools/production/assets/reset-password-Jo1hyc2d.js                           3.06 kB │ gzip:   1.23 kB
.pkg03-fullpage-tools/production/assets/provisioning-manual-dialog-W4M_Au-f.js               3.06 kB │ gzip:   1.53 kB
.pkg03-fullpage-tools/production/assets/two-factor-challenge-DdNRQXS6.js                     3.10 kB │ gzip:   1.45 kB
.pkg03-fullpage-tools/production/assets/start-reconciliation-dialog-DWPRqsct.js              3.11 kB │ gzip:   1.29 kB
.pkg03-fullpage-tools/production/assets/dictate-button-CsYT8oUf.js                           3.14 kB │ gzip:   1.59 kB
.pkg03-fullpage-tools/production/assets/use-specialist-form-defaults-q4Nm13Lm.js             3.14 kB │ gzip:   1.56 kB
.pkg03-fullpage-tools/production/assets/record-care-actions-CfChQNbE.js                      3.16 kB │ gzip:   1.38 kB
.pkg03-fullpage-tools/production/assets/client-edit-dialog-1hM11Jc_.js                       3.16 kB │ gzip:   1.57 kB
.pkg03-fullpage-tools/production/assets/risk-assessments-Ck5eatj5.js                         3.18 kB │ gzip:   1.53 kB
.pkg03-fullpage-tools/production/assets/recorded-detail-dialog-1h2j6VUH.js                   3.19 kB │ gzip:   1.58 kB
.pkg03-fullpage-tools/production/assets/document-library-kit-D9T2JMbl.js                     3.19 kB │ gzip:   1.08 kB
.pkg03-fullpage-tools/production/assets/_dialogs-B-fvC6Nw.js                                 3.29 kB │ gzip:   1.42 kB
.pkg03-fullpage-tools/production/assets/fleet-compact-hero-BhVKlAXV.js                       3.31 kB │ gzip:   1.43 kB
.pkg03-fullpage-tools/production/assets/control-room-row-actions-Bd-9lA2l.js                 3.31 kB │ gzip:   1.49 kB
.pkg03-fullpage-tools/production/assets/hs-hero-kit-htvAxb4T.js                              3.33 kB │ gzip:   1.53 kB
.pkg03-fullpage-tools/production/assets/leave-context-menu-DLPvYjQP.js                       3.33 kB │ gzip:   1.64 kB
.pkg03-fullpage-tools/production/assets/row-context-menu-BuvIqrKq.js                         3.33 kB │ gzip:   1.64 kB
.pkg03-fullpage-tools/production/assets/_context-menu-CeQQh61p.js                            3.33 kB │ gzip:   1.60 kB
.pkg03-fullpage-tools/production/assets/compensation-tabs-BNgd_l2p.js                        3.34 kB │ gzip:   1.62 kB
.pkg03-fullpage-tools/production/assets/task-steps-CwSNuR_x.js                               3.35 kB │ gzip:   1.57 kB
.pkg03-fullpage-tools/production/assets/shift-med-snapshot-D8aKH4DR.js                       3.37 kB │ gzip:   1.35 kB
.pkg03-fullpage-tools/production/assets/device-profile-navigation-BSsSJ4s9.js                3.37 kB │ gzip:   1.64 kB
.pkg03-fullpage-tools/production/assets/inspections-BH9P_sop.js                              3.39 kB │ gzip:   1.38 kB
.pkg03-fullpage-tools/production/assets/record-command-BTJKrSou.js                           3.41 kB │ gzip:   1.60 kB
.pkg03-fullpage-tools/production/assets/ra-register-section-D-GyPoAw.js                      3.46 kB │ gzip:   1.76 kB
.pkg03-fullpage-tools/production/assets/command-DU1p8cyi.js                                  3.47 kB │ gzip:   1.06 kB
.pkg03-fullpage-tools/production/assets/shift-context-menu-D0DgSK9K.js                       3.49 kB │ gzip:   1.66 kB
.pkg03-fullpage-tools/production/assets/_emergency-checklist-B7JYjvcV.js                     3.49 kB │ gzip:   1.52 kB
.pkg03-fullpage-tools/production/assets/posting-preview-BLWC2TSD.js                          3.51 kB │ gzip:   1.53 kB
.pkg03-fullpage-tools/production/assets/handover-context-menu-C0dvrYWU.js                    3.53 kB │ gzip:   1.52 kB
.pkg03-fullpage-tools/production/assets/_readiness-panel-DKSExzmY.js                         3.56 kB │ gzip:   1.62 kB
.pkg03-fullpage-tools/production/assets/checklists-D2aLd_UI.js                               3.56 kB │ gzip:   1.69 kB
.pkg03-fullpage-tools/production/assets/checks-model-BpbAC4Rm.js                             3.63 kB │ gzip:   1.63 kB
.pkg03-fullpage-tools/production/assets/journey-term-help-Cf02ooAS.js                        3.64 kB │ gzip:   1.45 kB
.pkg03-fullpage-tools/production/assets/site-profile-states-UZwrhuqJ.js                      3.66 kB │ gzip:   1.44 kB
.pkg03-fullpage-tools/production/assets/my-provisioning-list-QDwwWJaB.js                     3.67 kB │ gzip:   1.70 kB
.pkg03-fullpage-tools/production/assets/alert-dialog-CTbWLyiF.js                             3.76 kB │ gzip:   1.10 kB
.pkg03-fullpage-tools/production/assets/resolution-voting-Bpa7_z73.js                        3.78 kB │ gzip:   1.69 kB
.pkg03-fullpage-tools/production/assets/_geometry-Dx1kFP0e.js                                3.80 kB │ gzip:   1.60 kB
.pkg03-fullpage-tools/production/assets/register-BYiTqQi9.js                                 3.85 kB │ gzip:   1.45 kB
.pkg03-fullpage-tools/production/assets/configured-questions-8YPYcNSB.js                     3.86 kB │ gzip:   1.82 kB
.pkg03-fullpage-tools/production/assets/task-detail-dialog-C0vI-zEy.js                       3.87 kB │ gzip:   1.77 kB
.pkg03-fullpage-tools/production/assets/MedicationScanVerificationPanel-CcK03ILE.js          3.89 kB │ gzip:   1.61 kB
.pkg03-fullpage-tools/production/assets/reference-questionnaire-CeO05TYX.js                  3.92 kB │ gzip:   1.80 kB
.pkg03-fullpage-tools/production/assets/ticket-version-conflict-C_ckjJSV.js                  3.96 kB │ gzip:   1.80 kB
.pkg03-fullpage-tools/production/assets/edit-bqnkXqGR.js                                     3.97 kB │ gzip:   1.76 kB
.pkg03-fullpage-tools/production/assets/login-Br8wJeSd.js                                    3.98 kB │ gzip:   1.71 kB
.pkg03-fullpage-tools/production/assets/shared-w_54Mt6h.js                                   3.98 kB │ gzip:   1.94 kB
.pkg03-fullpage-tools/production/assets/shift-timeline-summary-flJTKn6M.js                   3.99 kB │ gzip:   1.66 kB
.pkg03-fullpage-tools/production/assets/governed-location-export-dialog-Dpkrgmnd.js          4.01 kB │ gzip:   1.97 kB
.pkg03-fullpage-tools/production/assets/finance-period-filter-CjeDChDA.js                    4.02 kB │ gzip:   1.91 kB
.pkg03-fullpage-tools/production/assets/calendar-Cv-N1b5h.js                                 4.03 kB │ gzip:   1.79 kB
.pkg03-fullpage-tools/production/assets/shift-summary-CkqKwZ-i.js                            4.04 kB │ gzip:   1.67 kB
.pkg03-fullpage-tools/production/assets/workspace-model-CTDC_Qgb.js                          4.10 kB │ gzip:   1.78 kB
.pkg03-fullpage-tools/production/assets/index-Bpzl9rqK.js                                    4.13 kB │ gzip:   0.83 kB
.pkg03-fullpage-tools/production/assets/entity-cells-TEOjWvJp.js                             4.13 kB │ gzip:   1.63 kB
.pkg03-fullpage-tools/production/assets/use-two-factor-auth-Djr-fmjY.js                      4.15 kB │ gzip:   1.77 kB
.pkg03-fullpage-tools/production/assets/empty-state-BPBCkeXe.js                              4.18 kB │ gzip:   1.85 kB
.pkg03-fullpage-tools/production/assets/board-bits-Dft-IJHi.js                               4.19 kB │ gzip:   1.57 kB
.pkg03-fullpage-tools/production/assets/hazards-Bgbr06dS.js                                  4.22 kB │ gzip:   1.94 kB
.pkg03-fullpage-tools/production/assets/specialist-record-list-Dbb6KuHg.js                   4.23 kB │ gzip:   1.98 kB
.pkg03-fullpage-tools/production/assets/documents-DnRX4H5r.js                                4.26 kB │ gzip:   1.88 kB
.pkg03-fullpage-tools/production/assets/estate-operations-zoTMza51.js                        4.29 kB │ gzip:   1.73 kB
.pkg03-fullpage-tools/production/assets/generate-rounds-modal-CMvkK1PB.js                    4.30 kB │ gzip:   2.10 kB
.pkg03-fullpage-tools/production/assets/first-aid-tab-CeOLiJC8.js                            4.31 kB │ gzip:   1.76 kB
.pkg03-fullpage-tools/production/assets/wizard-fields-DU03_Xl2.js                            4.31 kB │ gzip:   1.88 kB
.pkg03-fullpage-tools/production/assets/assets-35oCqyuL.js                                   4.34 kB │ gzip:   1.72 kB
.pkg03-fullpage-tools/production/assets/login-C8b9he5K.js                                    4.34 kB │ gzip:   1.83 kB
.pkg03-fullpage-tools/production/assets/_shared-LCVnkV0c.js                                  4.39 kB │ gzip:   1.89 kB
.pkg03-fullpage-tools/production/assets/privacy-shared-DksoNvi2.js                           4.39 kB │ gzip:   1.65 kB
.pkg03-fullpage-tools/production/assets/_dialogs-Mug53nx1.js                                 4.40 kB │ gzip:   1.79 kB
.pkg03-fullpage-tools/production/assets/shift-audit-timeline-DavvKEBe.js                     4.47 kB │ gzip:   1.81 kB
.pkg03-fullpage-tools/production/assets/shared-L6neHTxF.js                                   4.47 kB │ gzip:   1.72 kB
.pkg03-fullpage-tools/production/assets/applicable-procedures-panel-CnbLdod3.js              4.52 kB │ gzip:   1.75 kB
.pkg03-fullpage-tools/production/assets/task-help-B0QGdIXG.js                                4.58 kB │ gzip:   1.93 kB
.pkg03-fullpage-tools/production/assets/client-clinical-launchers-Ds7b4oA5.js                4.60 kB │ gzip:   2.09 kB
.pkg03-fullpage-tools/production/assets/meal-planner-CCKQW9Da.js                             4.66 kB │ gzip:   2.18 kB
.pkg03-fullpage-tools/production/assets/Create-ChqT1C51.js                                   4.67 kB │ gzip:   2.09 kB
.pkg03-fullpage-tools/production/assets/incidents-tab-Ba6FREFZ.js                            4.69 kB │ gzip:   1.84 kB
.pkg03-fullpage-tools/production/assets/_dialogs-DYIrn3pD.js                                 4.72 kB │ gzip:   2.17 kB
.pkg03-fullpage-tools/production/assets/AgedPayables-Bd45sv_X.js                             4.73 kB │ gzip:   2.12 kB
.pkg03-fullpage-tools/production/assets/AgedReceivables-CGO9EjHF.js                          4.74 kB │ gzip:   2.13 kB
.pkg03-fullpage-tools/production/assets/fleet-navigation-CYuTfQzu.js                         4.74 kB │ gzip:   1.88 kB
.pkg03-fullpage-tools/production/assets/donut-card-BwnfSjei.js                               4.76 kB │ gzip:   2.08 kB
.pkg03-fullpage-tools/production/assets/control-room-workspace-hero-eT4EkhXs.js              4.76 kB │ gzip:   2.26 kB
.pkg03-fullpage-tools/production/assets/dialog-0QZY_Afx.js                                   4.80 kB │ gzip:   1.64 kB
.pkg03-fullpage-tools/production/assets/_asset-dialogs-B2GeaoK2.js                           4.80 kB │ gzip:   2.28 kB
.pkg03-fullpage-tools/production/assets/Edit-dhyf93xH.js                                     4.85 kB │ gzip:   2.23 kB
.pkg03-fullpage-tools/production/assets/hardware-EWHjbl97.js                                 4.86 kB │ gzip:   2.13 kB
.pkg03-fullpage-tools/production/assets/entity-filter-DQNCR2tV.js                            4.89 kB │ gzip:   2.28 kB
.pkg03-fullpage-tools/production/assets/concern-CGa4Pz7W.js                                  4.90 kB │ gzip:   2.25 kB
.pkg03-fullpage-tools/production/assets/permission-destinations-C1OCrBKr.js                  4.93 kB │ gzip:   1.13 kB
.pkg03-fullpage-tools/production/assets/_dialogs-D8sH5-X-.js                                 4.94 kB │ gzip:   2.32 kB
.pkg03-fullpage-tools/production/assets/page-tabs-C74H5ClX.js                                4.94 kB │ gzip:   2.03 kB
.pkg03-fullpage-tools/production/assets/whats-next-rail-Bi0_TvZM.js                          4.96 kB │ gzip:   2.35 kB
.pkg03-fullpage-tools/production/assets/_dialogs-ric1R9Uz.js                                 5.00 kB │ gzip:   2.01 kB
.pkg03-fullpage-tools/production/assets/leave-calendar-range-A4CGtSdo.js                     5.04 kB │ gzip:   2.26 kB
.pkg03-fullpage-tools/production/assets/_dialogs-DDgSBGzs.js                                 5.07 kB │ gzip:   2.35 kB
.pkg03-fullpage-tools/production/assets/show-DxwDf1Sv.js                                     5.10 kB │ gzip:   2.35 kB
.pkg03-fullpage-tools/production/assets/client-safety-ribbon-DyBurFY_.js                     5.10 kB │ gzip:   2.24 kB
.pkg03-fullpage-tools/production/assets/_evidence-4t1lXMoe.js                                5.14 kB │ gzip:   2.17 kB
.pkg03-fullpage-tools/production/assets/prn-effect-dialog-CCROxR3t.js                        5.16 kB │ gzip:   2.27 kB
.pkg03-fullpage-tools/production/assets/Placeholder-C5DLiT67.js                              5.17 kB │ gzip:   2.43 kB
.pkg03-fullpage-tools/production/assets/shared-CsWzWVqc.js                                   5.17 kB │ gzip:   2.03 kB
.pkg03-fullpage-tools/production/assets/list-view-Cu_26Dj5.js                                5.20 kB │ gzip:   1.82 kB
.pkg03-fullpage-tools/production/assets/plan-DK_tVV4V.js                                     5.20 kB │ gzip:   2.31 kB
.pkg03-fullpage-tools/production/assets/day-picker-chip-BaBW3jw8.js                          5.21 kB │ gzip:   2.23 kB
.pkg03-fullpage-tools/production/assets/before-you-finish-CnNV5TPN.js                        5.23 kB │ gzip:   2.11 kB
.pkg03-fullpage-tools/production/assets/application-status-CH-XiIDB.js                       5.29 kB │ gzip:   2.14 kB
.pkg03-fullpage-tools/production/assets/index-Brzt9Wf4.js                                    5.29 kB │ gzip:   2.35 kB
.pkg03-fullpage-tools/production/assets/wizard-shell-CVv4nlR5.js                             5.31 kB │ gzip:   2.31 kB
.pkg03-fullpage-tools/production/assets/care-plan-domains-builder-h5DFgaDf.js                5.33 kB │ gzip:   2.07 kB
.pkg03-fullpage-tools/production/assets/shared-CmyqTydH.js                                   5.34 kB │ gzip:   2.38 kB
.pkg03-fullpage-tools/production/assets/paperwork-panel-DADSrC24.js                          5.35 kB │ gzip:   2.32 kB
.pkg03-fullpage-tools/production/assets/show-DgXGwWxi.js                                     5.35 kB │ gzip:   2.37 kB
.pkg03-fullpage-tools/production/assets/entity-menu-kZiCgdt6.js                              5.35 kB │ gzip:   2.45 kB
.pkg03-fullpage-tools/production/assets/contacts-DDyR9-rt.js                                 5.39 kB │ gzip:   2.31 kB
.pkg03-fullpage-tools/production/assets/_thumbnail-JW2QZEz3.js                               5.41 kB │ gzip:   2.54 kB
.pkg03-fullpage-tools/production/assets/global-BNlE7HUr.js                                   5.49 kB │ gzip:   2.45 kB
.pkg03-fullpage-tools/production/assets/Index-CTiTdebS.js                                    5.49 kB │ gzip:   2.47 kB
.pkg03-fullpage-tools/production/assets/fleet-charts-BD3Cp0FY.js                             5.50 kB │ gzip:   2.46 kB
.pkg03-fullpage-tools/production/assets/show-B-0X-ien.js                                     5.50 kB │ gzip:   2.52 kB
.pkg03-fullpage-tools/production/assets/show-2ldHBFSs.js                                     5.51 kB │ gzip:   2.33 kB
.pkg03-fullpage-tools/production/assets/show-C1-wj9IR.js                                     5.53 kB │ gzip:   2.30 kB
.pkg03-fullpage-tools/production/assets/date-popover-rKLKWMxO.js                             5.57 kB │ gzip:   2.39 kB
.pkg03-fullpage-tools/production/assets/audit-log-modal-gP1adIDq.js                          5.58 kB │ gzip:   2.50 kB
.pkg03-fullpage-tools/production/assets/index-CTDID_n4.js                                    5.60 kB │ gzip:   2.48 kB
.pkg03-fullpage-tools/production/assets/medication-review-modal-k3dwhoWD.js                  5.62 kB │ gzip:   2.53 kB
.pkg03-fullpage-tools/production/assets/index-DGIc4RvN.js                                    5.72 kB │ gzip:   2.55 kB
.pkg03-fullpage-tools/production/assets/complete-obligation-dialog-vSKHk4FS.js               5.74 kB │ gzip:   2.55 kB
.pkg03-fullpage-tools/production/assets/entity-table-cm8m2k_N.js                             5.74 kB │ gzip:   2.40 kB
.pkg03-fullpage-tools/production/assets/Calendar-DdvjpH3o.js                                 5.76 kB │ gzip:   2.61 kB
.pkg03-fullpage-tools/production/assets/rhythms-routines-C_OGLnXW.js                         5.79 kB │ gzip:   2.63 kB
.pkg03-fullpage-tools/production/assets/index-DLrraVgm.js                                    5.80 kB │ gzip:   2.65 kB
.pkg03-fullpage-tools/production/assets/_shared-DKGZjcN2.js                                  5.85 kB │ gzip:   2.58 kB
.pkg03-fullpage-tools/production/assets/select-y2obj8qT.js                                   5.86 kB │ gzip:   1.90 kB
.pkg03-fullpage-tools/production/assets/multi-entity-filter-Dj0PswN6.js                      5.86 kB │ gzip:   2.62 kB
.pkg03-fullpage-tools/production/assets/dropdown-menu-CwialODv.js                            5.88 kB │ gzip:   1.65 kB
.pkg03-fullpage-tools/production/assets/stat-tile-DcEOif3_.js                                5.89 kB │ gzip:   2.51 kB
.pkg03-fullpage-tools/production/assets/GovernanceAttachmentsPanel-C94G1Otx.js               5.91 kB │ gzip:   2.49 kB
.pkg03-fullpage-tools/production/assets/index-BQmVbYrB.js                                    5.92 kB │ gzip:   2.74 kB
.pkg03-fullpage-tools/production/assets/_helpers-DF--nWN_.js                                 5.94 kB │ gzip:   2.45 kB
.pkg03-fullpage-tools/production/assets/index-kF-F_4Jt.js                                    5.95 kB │ gzip:   2.71 kB
.pkg03-fullpage-tools/production/assets/audit-CB3E2OZc.js                                    5.96 kB │ gzip:   2.68 kB
.pkg03-fullpage-tools/production/assets/index-Bec4PkQn.js                                    5.97 kB │ gzip:   2.58 kB
.pkg03-fullpage-tools/production/assets/compliance-bits-CPBFCQyK.js                          6.02 kB │ gzip:   2.53 kB
.pkg03-fullpage-tools/production/assets/report-page-jJCX02uX.js                              6.03 kB │ gzip:   2.83 kB
.pkg03-fullpage-tools/production/assets/link-client-dialog-DkrZ6wMF.js                       6.03 kB │ gzip:   2.56 kB
.pkg03-fullpage-tools/production/assets/stream-context-menu-B0S6fZH8.js                      6.05 kB │ gzip:   2.77 kB
.pkg03-fullpage-tools/production/assets/food-meal-yYpOcEG5.js                                6.09 kB │ gzip:   2.09 kB
.pkg03-fullpage-tools/production/assets/BoardMonthly-Dxpk-UVt.js                             6.11 kB │ gzip:   2.83 kB
.pkg03-fullpage-tools/production/assets/index-xXTJB8RH.js                                    6.12 kB │ gzip:   2.80 kB
.pkg03-fullpage-tools/production/assets/with-concerns-CENU8ui8.js                            6.13 kB │ gzip:   2.72 kB
.pkg03-fullpage-tools/production/assets/with-incidents-Cg090pE3.js                           6.13 kB │ gzip:   2.72 kB
.pkg03-fullpage-tools/production/assets/show-C5UIKbb-.js                                     6.16 kB │ gzip:   2.78 kB
.pkg03-fullpage-tools/production/assets/index-DjZNu1do.js                                    6.16 kB │ gzip:   2.74 kB
.pkg03-fullpage-tools/production/assets/index-DlP0HHUo.js                                    6.20 kB │ gzip:   2.79 kB
.pkg03-fullpage-tools/production/assets/emergency-plan-D8RQGUOn.js                           6.20 kB │ gzip:   2.78 kB
.pkg03-fullpage-tools/production/assets/compliance-hub-header-BkRuLeGF.js                    6.22 kB │ gzip:   2.74 kB
.pkg03-fullpage-tools/production/assets/show-jm0qGrv4.js                                     6.23 kB │ gzip:   2.48 kB
.pkg03-fullpage-tools/production/assets/Calendar-VfklSw7z.js                                 6.26 kB │ gzip:   2.83 kB
.pkg03-fullpage-tools/production/assets/recognition-wizard-UN5nuVlJ.js                       6.27 kB │ gzip:   2.43 kB
.pkg03-fullpage-tools/production/assets/index-Q-NwNQ4M.js                                    6.29 kB │ gzip:   2.79 kB
.pkg03-fullpage-tools/production/assets/for-stay-D4IhoV5Y.js                                 6.30 kB │ gzip:   2.78 kB
.pkg03-fullpage-tools/production/assets/report-CKPne6Ey.js                                   6.31 kB │ gzip:   2.89 kB
.pkg03-fullpage-tools/production/assets/create-BSAS0kRN.js                                   6.32 kB │ gzip:   2.61 kB
.pkg03-fullpage-tools/production/assets/quick-note-dialog-BGfOOLhR.js                        6.34 kB │ gzip:   2.63 kB
.pkg03-fullpage-tools/production/assets/show-gyQHbxEJ.js                                     6.35 kB │ gzip:   2.82 kB
.pkg03-fullpage-tools/production/assets/stock-movement-modal-B03yjGBP.js                     6.37 kB │ gzip:   2.61 kB
.pkg03-fullpage-tools/production/assets/Create-DwcczL0j.js                                   6.38 kB │ gzip:   2.92 kB
.pkg03-fullpage-tools/production/assets/use-my-day-labels-Cu-spPls.js                        6.38 kB │ gzip:   2.60 kB
.pkg03-fullpage-tools/production/assets/offer-response-CpKIztpb.js                           6.38 kB │ gzip:   2.60 kB
.pkg03-fullpage-tools/production/assets/entity-card-x-Z_GZRR.js                              6.39 kB │ gzip:   2.73 kB
.pkg03-fullpage-tools/production/assets/compensation-hero-D8z8uGzJ.js                        6.42 kB │ gzip:   2.49 kB
.pkg03-fullpage-tools/production/assets/overdue-BgCL2yvJ.js                                  6.44 kB │ gzip:   2.82 kB
.pkg03-fullpage-tools/production/assets/auto-rule-builder-CFlPpx40.js                        6.47 kB │ gzip:   2.41 kB
.pkg03-fullpage-tools/production/assets/unacknowledged-Bds_cnKh.js                           6.48 kB │ gzip:   2.81 kB
.pkg03-fullpage-tools/production/assets/overdue-pehWDElI.js                                  6.49 kB │ gzip:   2.82 kB
.pkg03-fullpage-tools/production/assets/my-active-DhRE93rH.js                                6.49 kB │ gzip:   2.88 kB
.pkg03-fullpage-tools/production/assets/tabs-CLlPG5UW.js                                     6.50 kB │ gzip:   2.68 kB
.pkg03-fullpage-tools/production/assets/list-view-Bs2oAErG.js                                6.50 kB │ gzip:   2.35 kB
.pkg03-fullpage-tools/production/assets/Create-BSkLYK1X.js                                   6.51 kB │ gzip:   2.94 kB
.pkg03-fullpage-tools/production/assets/clients-BJ9ZKGtL.js                                  6.52 kB │ gzip:   2.77 kB
.pkg03-fullpage-tools/production/assets/trend-charts-C4ONPe7J.js                             6.54 kB │ gzip:   2.52 kB
.pkg03-fullpage-tools/production/assets/maps-usage-BfzUQD_8.js                               6.56 kB │ gzip:   2.88 kB
.pkg03-fullpage-tools/production/assets/ppe-shared-CrW6sIni.js                               6.56 kB │ gzip:   2.65 kB
.pkg03-fullpage-tools/production/assets/actions-reviews-CSBR8nJJ.js                          6.57 kB │ gzip:   2.67 kB
.pkg03-fullpage-tools/production/assets/sortable.esm-TrASzQ3t.js                             6.64 kB │ gzip:   2.78 kB
.pkg03-fullpage-tools/production/assets/meal-planner-Dwew8hHc.js                             6.66 kB │ gzip:   2.97 kB
.pkg03-fullpage-tools/production/assets/for-client-3b59shag.js                               6.69 kB │ gzip:   2.90 kB
.pkg03-fullpage-tools/production/assets/_workspace-CPT9_mAi.js                               6.70 kB │ gzip:   2.73 kB
.pkg03-fullpage-tools/production/assets/_registers-CtKbJr3M.js                               6.72 kB │ gzip:   2.63 kB
.pkg03-fullpage-tools/production/assets/shift-calendar-view-DyXbR2S-.js                      6.76 kB │ gzip:   2.72 kB
.pkg03-fullpage-tools/production/assets/handover-rail-Cm6vwWEr.js                            6.80 kB │ gzip:   2.87 kB
.pkg03-fullpage-tools/production/assets/needing-acknowledgment-BnU7V1l_.js                   6.80 kB │ gzip:   2.89 kB
.pkg03-fullpage-tools/production/assets/index-BKuL1aI8.js                                    6.82 kB │ gzip:   1.08 kB
.pkg03-fullpage-tools/production/assets/for-stay-B41oTmn6.js                                 6.83 kB │ gzip:   3.01 kB
.pkg03-fullpage-tools/production/assets/record-batch-wizard-C7g4ktaO.js                      6.83 kB │ gzip:   3.18 kB
.pkg03-fullpage-tools/production/assets/checklist-trends-D-jXqqxn.js                         6.84 kB │ gzip:   2.96 kB
.pkg03-fullpage-tools/production/assets/assignments-CrPncjAE.js                              6.85 kB │ gzip:   3.24 kB
.pkg03-fullpage-tools/production/assets/clock-in-wizard-BG-3cTFH.js                          6.85 kB │ gzip:   2.93 kB
.pkg03-fullpage-tools/production/assets/board-view-DPSxX-Ty.js                               6.86 kB │ gzip:   2.70 kB
.pkg03-fullpage-tools/production/assets/show-ggn7p3Y6.js                                     6.87 kB │ gzip:   3.17 kB
.pkg03-fullpage-tools/production/assets/day-work-list-A_qgodY1.js                            6.91 kB │ gzip:   2.82 kB
.pkg03-fullpage-tools/production/assets/index-on7uppyF.js                                    6.91 kB │ gzip:   2.79 kB
.pkg03-fullpage-tools/production/assets/for-stay-CXAWJRVO.js                                 6.94 kB │ gzip:   3.09 kB
.pkg03-fullpage-tools/production/assets/_dialogs-DYTsJJwS.js                                 6.98 kB │ gzip:   3.21 kB
.pkg03-fullpage-tools/production/assets/my-tasks-D3IvUZuw.js                                 7.01 kB │ gzip:   3.08 kB
.pkg03-fullpage-tools/production/assets/_header-BYI9PuBd.js                                  7.03 kB │ gzip:   3.25 kB
.pkg03-fullpage-tools/production/assets/agreements-BzXNzR5T.js                               7.04 kB │ gzip:   3.26 kB
.pkg03-fullpage-tools/production/assets/combined-CvbTcTz7.js                                 7.05 kB │ gzip:   3.00 kB
.pkg03-fullpage-tools/production/assets/awaiting-approval-C7J6QL7a.js                        7.05 kB │ gzip:   3.02 kB
.pkg03-fullpage-tools/production/assets/alert-worklist-Nyk2TVtH.js                           7.05 kB │ gzip:   2.64 kB
.pkg03-fullpage-tools/production/assets/_site-geofence-dialog-BnT5hjtZ.js                    7.07 kB │ gzip:   2.70 kB
.pkg03-fullpage-tools/production/assets/Calendar-DwlEAjNP.js                                 7.09 kB │ gzip:   3.16 kB
.pkg03-fullpage-tools/production/assets/index-TNCkJrRQ.js                                    7.10 kB │ gzip:   3.03 kB
.pkg03-fullpage-tools/production/assets/Index-yMxVU9Nc.js                                    7.10 kB │ gzip:   3.05 kB
.pkg03-fullpage-tools/production/assets/assets-DeBZSfeA.js                                   7.10 kB │ gzip:   2.95 kB
.pkg03-fullpage-tools/production/assets/reports-modal-B3iFQnxM.js                            7.10 kB │ gzip:   2.95 kB
.pkg03-fullpage-tools/production/assets/_dialogs-z9s7sejo.js                                 7.11 kB │ gzip:   3.03 kB
.pkg03-fullpage-tools/production/assets/checklist-9CkRSH9Y.js                                7.12 kB │ gzip:   3.09 kB
.pkg03-fullpage-tools/production/assets/Show-BAPQZ4wT.js                                     7.14 kB │ gzip:   2.93 kB
.pkg03-fullpage-tools/production/assets/fix-clock-out-wizard-rWGfJ3LN.js                     7.15 kB │ gzip:   3.06 kB
.pkg03-fullpage-tools/production/assets/monitoring-incident-evidence-card-Dg0bEex9.js        7.16 kB │ gzip:   2.51 kB
.pkg03-fullpage-tools/production/assets/_dialogs-DvG6bk4-.js                                 7.16 kB │ gzip:   3.00 kB
.pkg03-fullpage-tools/production/assets/fleet-hero-kit-bRulbbGm.js                           7.16 kB │ gzip:   2.87 kB
.pkg03-fullpage-tools/production/assets/Index-qtXUUar-.js                                    7.17 kB │ gzip:   3.04 kB
.pkg03-fullpage-tools/production/assets/Show-bb-yTpMN.js                                     7.18 kB │ gzip:   3.06 kB
.pkg03-fullpage-tools/production/assets/leave-excursions-B8xvNyCk.js                         7.19 kB │ gzip:   2.36 kB
.pkg03-fullpage-tools/production/assets/preferences-sXb9ZX9R.js                              7.22 kB │ gzip:   3.23 kB
.pkg03-fullpage-tools/production/assets/review-D-eclIzi.js                                   7.25 kB │ gzip:   3.09 kB
.pkg03-fullpage-tools/production/assets/respite-CsWzEyq7.js                                  7.29 kB │ gzip:   2.79 kB
.pkg03-fullpage-tools/production/assets/new-journal-dialog-DeD3ajWD.js                       7.31 kB │ gzip:   2.70 kB
.pkg03-fullpage-tools/production/assets/index-sMFmmfbm.js                                    7.35 kB │ gzip:   3.11 kB
.pkg03-fullpage-tools/production/assets/index-Cp79oHkC.js                                    7.35 kB │ gzip:   3.11 kB
.pkg03-fullpage-tools/production/assets/people-picker-B_gBZZoc.js                            7.35 kB │ gzip:   3.14 kB
.pkg03-fullpage-tools/production/assets/provisioning-picker-YH15YqOc.js                      7.39 kB │ gzip:   3.29 kB
.pkg03-fullpage-tools/production/assets/create-C7ddcvlv.js                                   7.44 kB │ gzip:   3.25 kB
.pkg03-fullpage-tools/production/assets/_review-dialog-t-8qrOZD.js                           7.44 kB │ gzip:   3.11 kB
.pkg03-fullpage-tools/production/assets/Edit-BUeB_ud8.js                                     7.45 kB │ gzip:   3.20 kB
.pkg03-fullpage-tools/production/assets/_dialogs-DYwB1m3s.js                                 7.45 kB │ gzip:   2.44 kB
.pkg03-fullpage-tools/production/assets/create-PoH5oPWS.js                                   7.45 kB │ gzip:   3.13 kB
.pkg03-fullpage-tools/production/assets/compliance-hero-4WdmaIdN.js                          7.54 kB │ gzip:   2.59 kB
.pkg03-fullpage-tools/production/assets/shared-rE8xZU5d.js                                   7.58 kB │ gzip:   3.03 kB
.pkg03-fullpage-tools/production/assets/payroll-adjustments-BToFFjE6.js                      7.61 kB │ gzip:   3.05 kB
.pkg03-fullpage-tools/production/assets/deletion-logs-5hakndmm.js                            7.69 kB │ gzip:   3.32 kB
.pkg03-fullpage-tools/production/assets/show-y2_k8HNl.js                                     7.73 kB │ gzip:   3.12 kB
.pkg03-fullpage-tools/production/assets/report-error-modal-IN35bh-q.js                       7.73 kB │ gzip:   3.25 kB
.pkg03-fullpage-tools/production/assets/communication-notes-C1fhoI3P.js                      7.76 kB │ gzip:   3.15 kB
.pkg03-fullpage-tools/production/assets/for-stay-DZpYCr_s.js                                 7.77 kB │ gzip:   3.24 kB
.pkg03-fullpage-tools/production/assets/assignments-BZf6vMA4.js                              7.80 kB │ gzip:   3.55 kB
.pkg03-fullpage-tools/production/assets/medical-simple-IWyQq6s1.js                           7.83 kB │ gzip:   3.43 kB
.pkg03-fullpage-tools/production/assets/history-index-C0LVnt5u.js                            7.89 kB │ gzip:   3.47 kB
.pkg03-fullpage-tools/production/assets/index-C2aqdcbh.js                                    7.90 kB │ gzip:   3.27 kB
.pkg03-fullpage-tools/production/assets/Submissions-CjzPHXzn.js                              7.90 kB │ gzip:   3.69 kB
.pkg03-fullpage-tools/production/assets/pending-g4sD5sn0.js                                  7.95 kB │ gzip:   3.40 kB
.pkg03-fullpage-tools/production/assets/index-D8a5Xbuz.js                                    7.96 kB │ gzip:   3.35 kB
.pkg03-fullpage-tools/production/assets/daily-note-entry-PeJC6KS0.js                         7.97 kB │ gzip:   3.03 kB
.pkg03-fullpage-tools/production/assets/show-DZW1rYkh.js                                     8.00 kB │ gzip:   3.51 kB
.pkg03-fullpage-tools/production/assets/from-resolution-D09VdBu8.js                          8.05 kB │ gzip:   3.57 kB
.pkg03-fullpage-tools/production/assets/file-dropzone-B8aPKcQv.js                            8.08 kB │ gzip:   3.49 kB
.pkg03-fullpage-tools/production/assets/audit-history-CYrp1eEx.js                            8.10 kB │ gzip:   3.24 kB
.pkg03-fullpage-tools/production/assets/shoutouts-CPS5YEJf.js                                8.13 kB │ gzip:   3.54 kB
.pkg03-fullpage-tools/production/assets/notifications-CKfLUbsv.js                            8.14 kB │ gzip:   3.59 kB
.pkg03-fullpage-tools/production/assets/_tool-palette-CbeeCPUp.js                            8.17 kB │ gzip:   2.97 kB
.pkg03-fullpage-tools/production/assets/work-schedule-BVar5hSa.js                            8.24 kB │ gzip:   3.40 kB
.pkg03-fullpage-tools/production/assets/availability-B5ed6inV.js                             8.28 kB │ gzip:   3.66 kB
.pkg03-fullpage-tools/production/assets/shell-fOtA8lML.js                                    8.30 kB │ gzip:   2.99 kB
.pkg03-fullpage-tools/production/assets/index-pbjkidZN.js                                    8.34 kB │ gzip:   3.15 kB
.pkg03-fullpage-tools/production/assets/incidents-CwVIvdcS.js                                8.37 kB │ gzip:   3.33 kB
.pkg03-fullpage-tools/production/assets/round-template-dialog-B7OFx85P.js                    8.37 kB │ gzip:   3.48 kB
.pkg03-fullpage-tools/production/assets/password-DbolHaJ5.js                                 8.40 kB │ gzip:   3.34 kB
.pkg03-fullpage-tools/production/assets/attestations-PmfWAynO.js                             8.41 kB │ gzip:   3.64 kB
.pkg03-fullpage-tools/production/assets/reassign-dialog-CYjZPD0g.js                          8.42 kB │ gzip:   3.60 kB
.pkg03-fullpage-tools/production/assets/index-Dlg97wMc.js                                    8.44 kB │ gzip:   1.27 kB
.pkg03-fullpage-tools/production/assets/form-wizard-D4pDf5Ct.js                              8.46 kB │ gzip:   3.48 kB
.pkg03-fullpage-tools/production/assets/my-day-header-HDB6sYBT.js                            8.48 kB │ gzip:   3.68 kB
.pkg03-fullpage-tools/production/assets/_dialogs-BcUh7r8Y.js                                 8.54 kB │ gzip:   3.30 kB
.pkg03-fullpage-tools/production/assets/index-CuuwrIhI.js                                    8.60 kB │ gzip:   1.25 kB
.pkg03-fullpage-tools/production/assets/asset-condition-8GL8WbMY.js                          8.64 kB │ gzip:   3.45 kB
.pkg03-fullpage-tools/production/assets/credentials-CeHronFA.js                              8.64 kB │ gzip:   3.53 kB
.pkg03-fullpage-tools/production/assets/settings-CAsX8H_W.js                                 8.65 kB │ gzip:   3.75 kB
.pkg03-fullpage-tools/production/assets/primitives-CFAjqVJl.js                               8.69 kB │ gzip:   3.27 kB
.pkg03-fullpage-tools/production/assets/index-CJYgLkHu.js                                    8.69 kB │ gzip:   3.70 kB
.pkg03-fullpage-tools/production/assets/bank-account-dialog-eT--WKv9.js                      8.70 kB │ gzip:   3.39 kB
.pkg03-fullpage-tools/production/assets/index-DAunaP-o.js                                    8.70 kB │ gzip:   3.71 kB
.pkg03-fullpage-tools/production/assets/new-account-dialog-BtZXEPzI.js                       8.74 kB │ gzip:   3.41 kB
.pkg03-fullpage-tools/production/assets/personal-entry-dialog-BYGXGRgg.js                    8.79 kB │ gzip:   3.30 kB
.pkg03-fullpage-tools/production/assets/show-BFC78-JQ.js                                     8.83 kB │ gzip:   3.01 kB
.pkg03-fullpage-tools/production/assets/add-medication-modal-DLDtjCt7.js                     8.84 kB │ gzip:   3.63 kB
.pkg03-fullpage-tools/production/assets/show-D-5C5gcS.js                                     8.89 kB │ gzip:   3.96 kB
.pkg03-fullpage-tools/production/assets/overdue-actions-BnBAsrE2.js                          8.92 kB │ gzip:   3.71 kB
.pkg03-fullpage-tools/production/assets/timeline-interactions-KZCqifxh.js                    8.96 kB │ gzip:   3.62 kB
.pkg03-fullpage-tools/production/assets/Index-DFLadKAC.js                                    8.97 kB │ gzip:   3.80 kB
.pkg03-fullpage-tools/production/assets/fleet-Dk6ANUUw.js                                    9.02 kB │ gzip:   3.14 kB
.pkg03-fullpage-tools/production/assets/assess-CLIMFoHj.js                                   9.04 kB │ gzip:   3.76 kB
.pkg03-fullpage-tools/production/assets/Index-CDbWUYlH.js                                    9.05 kB │ gzip:   3.88 kB
.pkg03-fullpage-tools/production/assets/index-oD1rpcbj.js                                    9.07 kB │ gzip:   3.78 kB
.pkg03-fullpage-tools/production/assets/ClientTrends-BDmX3XYW.js                             9.07 kB │ gzip:   3.89 kB
.pkg03-fullpage-tools/production/assets/hero-kit-BCI55UdQ.js                                 9.08 kB │ gzip:   2.98 kB
.pkg03-fullpage-tools/production/assets/file-ByczNcjs.js                                     9.09 kB │ gzip:   3.86 kB
.pkg03-fullpage-tools/production/assets/Index-DdkD0zy1.js                                    9.18 kB │ gzip:   3.67 kB
.pkg03-fullpage-tools/production/assets/index-RZHHg188.js                                    9.20 kB │ gzip:   3.92 kB
.pkg03-fullpage-tools/production/assets/index-O7AQOVru.js                                    9.20 kB │ gzip:   3.61 kB
.pkg03-fullpage-tools/production/assets/index-C2mDDeIl.js                                    9.21 kB │ gzip:   4.00 kB
.pkg03-fullpage-tools/production/assets/note-rail-ByDOUCC1.js                                9.26 kB │ gzip:   3.53 kB
.pkg03-fullpage-tools/production/assets/CarePlans-CWbjEyuc.js                                9.28 kB │ gzip:   3.73 kB
.pkg03-fullpage-tools/production/assets/shift-show-redesign-BadF9t1p.js                      9.31 kB │ gzip:   3.56 kB
.pkg03-fullpage-tools/production/assets/reports-Zsp0fYK-.js                                  9.33 kB │ gzip:   3.87 kB
.pkg03-fullpage-tools/production/assets/Show-Crfklm12.js                                     9.34 kB │ gzip:   4.16 kB
.pkg03-fullpage-tools/production/assets/cd-register-modal-6cDWWQeR.js                        9.35 kB │ gzip:   3.84 kB
.pkg03-fullpage-tools/production/assets/_manage-types-dialog-Bxx6znRQ.js                     9.37 kB │ gzip:   3.81 kB
.pkg03-fullpage-tools/production/assets/knowledge-related-records-Cdkh4GAc.js                9.37 kB │ gzip:   3.78 kB
.pkg03-fullpage-tools/production/assets/Show-JNHoki58.js                                     9.40 kB │ gzip:   4.08 kB
.pkg03-fullpage-tools/production/assets/benefits-BQfBtgdI.js                                 9.43 kB │ gzip:   3.75 kB
.pkg03-fullpage-tools/production/assets/Create-CjTyPwAZ.js                                   9.47 kB │ gzip:   3.85 kB
.pkg03-fullpage-tools/production/assets/location-workspace-DcvLX5tD.js                       9.47 kB │ gzip:   4.05 kB
.pkg03-fullpage-tools/production/assets/history-C37cqpCe.js                                  9.48 kB │ gzip:   3.81 kB
.pkg03-fullpage-tools/production/assets/_dialogs-CibeK9sM.js                                 9.54 kB │ gzip:   3.04 kB
.pkg03-fullpage-tools/production/assets/Index-ClmociZK.js                                    9.55 kB │ gzip:   4.12 kB
.pkg03-fullpage-tools/production/assets/Edit-CbUc-06c.js                                     9.59 kB │ gzip:   3.98 kB
.pkg03-fullpage-tools/production/assets/reimbursement-Dh_SOAfw.js                            9.63 kB │ gzip:   3.74 kB
.pkg03-fullpage-tools/production/assets/module-CLLNZ_8O.js                                   9.63 kB │ gzip:   4.27 kB
.pkg03-fullpage-tools/production/assets/index-rpW1Qq_E.js                                    9.63 kB │ gzip:   4.06 kB
.pkg03-fullpage-tools/production/assets/family-tree-DhFPPEGy.js                              9.65 kB │ gzip:   3.63 kB
.pkg03-fullpage-tools/production/assets/create-CJX6vj-n.js                                   9.67 kB │ gzip:   4.05 kB
.pkg03-fullpage-tools/production/assets/Index-fPjHXS10.js                                    9.67 kB │ gzip:   3.99 kB
.pkg03-fullpage-tools/production/assets/upload-BAY4e92V.js                                   9.68 kB │ gzip:   4.04 kB
.pkg03-fullpage-tools/production/assets/Mapping-BLaCLIFQ.js                                  9.69 kB │ gzip:   4.15 kB
.pkg03-fullpage-tools/production/assets/show-cpesv7X2.js                                     9.70 kB │ gzip:   3.85 kB
.pkg03-fullpage-tools/production/assets/stream-item-Fml208cK.js                              9.71 kB │ gzip:   3.59 kB
.pkg03-fullpage-tools/production/assets/reviews-DvnPC2u_.js                                  9.72 kB │ gzip:   4.35 kB
.pkg03-fullpage-tools/production/assets/retention-BHVRtr1m.js                                9.75 kB │ gzip:   3.90 kB
.pkg03-fullpage-tools/production/assets/linked-operational-evidence-nFCDB9gW.js              9.78 kB │ gzip:   3.16 kB
.pkg03-fullpage-tools/production/assets/_food-meal-preferences-Pe4vj76Q.js                   9.79 kB │ gzip:   3.79 kB
.pkg03-fullpage-tools/production/assets/respond-BnOX_npb.js                                  9.79 kB │ gzip:   4.27 kB
.pkg03-fullpage-tools/production/assets/ComplianceStatus-BTHlcV4R.js                         9.80 kB │ gzip:   4.17 kB
.pkg03-fullpage-tools/production/assets/index-RgUzUTwi.js                                    9.81 kB │ gzip:   3.99 kB
.pkg03-fullpage-tools/production/assets/Index-BTlPU4eZ.js                                    9.82 kB │ gzip:   4.09 kB
.pkg03-fullpage-tools/production/assets/Create-DZn6pw_D.js                                   9.83 kB │ gzip:   3.97 kB
.pkg03-fullpage-tools/production/assets/create-CLUeGuy6.js                                   9.86 kB │ gzip:   4.06 kB
.pkg03-fullpage-tools/production/assets/Logs-CY3r__Ce.js                                     9.88 kB │ gzip:   4.22 kB
.pkg03-fullpage-tools/production/assets/Create-DwYQLdf1.js                                   9.88 kB │ gzip:   3.99 kB
.pkg03-fullpage-tools/production/assets/Index-DpUg7krA.js                                    9.92 kB │ gzip:   4.14 kB
.pkg03-fullpage-tools/production/assets/RiskNarrative-Ct1a9z3U.js                            9.93 kB │ gzip:   4.11 kB
.pkg03-fullpage-tools/production/assets/BoardMembers-BaUBdFBO.js                             9.96 kB │ gzip:   4.24 kB
.pkg03-fullpage-tools/production/assets/succession-wizards-CCcNDCFs.js                       9.98 kB │ gzip:   3.99 kB
.pkg03-fullpage-tools/production/assets/for-stay-CvzbifQa.js                                 9.98 kB │ gzip:   3.87 kB
.pkg03-fullpage-tools/production/assets/index-CBex6kdb.js                                    9.99 kB │ gzip:   3.99 kB
.pkg03-fullpage-tools/production/assets/Index-BE-2QrtL.js                                    9.99 kB │ gzip:   4.11 kB
.pkg03-fullpage-tools/production/assets/pending-b2K7zGl1.js                                 10.01 kB │ gzip:   3.83 kB
.pkg03-fullpage-tools/production/assets/finance-Ct1GyjPH.js                                 10.02 kB │ gzip:   3.51 kB
.pkg03-fullpage-tools/production/assets/my-calendar-v7UJ1Udx.js                             10.03 kB │ gzip:   4.62 kB
.pkg03-fullpage-tools/production/assets/quick-add-task-zXKvyJJv.js                          10.04 kB │ gzip:   3.82 kB
.pkg03-fullpage-tools/production/assets/Show-GPrPzWk9.js                                    10.06 kB │ gzip:   4.44 kB
.pkg03-fullpage-tools/production/assets/index-Dw8cmF83.js                                   10.07 kB │ gzip:   4.02 kB
.pkg03-fullpage-tools/production/assets/vehicle-technology-projection-Do8J0ueu.js           10.07 kB │ gzip:   3.38 kB
.pkg03-fullpage-tools/production/assets/Index-DWFUMsQ8.js                                   10.07 kB │ gzip:   4.30 kB
.pkg03-fullpage-tools/production/assets/create-Bu7LA0F2.js                                  10.07 kB │ gzip:   4.29 kB
.pkg03-fullpage-tools/production/assets/grouped-profile-nav-Ex1fbBzW.js                     10.09 kB │ gzip:   3.88 kB
.pkg03-fullpage-tools/production/assets/template-CxvYykDT.js                                10.13 kB │ gzip:   4.09 kB
.pkg03-fullpage-tools/production/assets/policies-oZHgbN-X.js                                10.16 kB │ gzip:   4.14 kB
.pkg03-fullpage-tools/production/assets/Show-BFX96uO4.js                                    10.18 kB │ gzip:   4.30 kB
.pkg03-fullpage-tools/production/assets/GovernanceTermHint-DxZ_8bwY.js                      10.20 kB │ gzip:   4.11 kB
.pkg03-fullpage-tools/production/assets/create-Bfm9Dtjo.js                                  10.23 kB │ gzip:   4.13 kB
.pkg03-fullpage-tools/production/assets/show-YhtpL5aT.js                                    10.24 kB │ gzip:   4.01 kB
.pkg03-fullpage-tools/production/assets/asset-finance-technology-projection-CNLGhNBy.js     10.26 kB │ gzip:   3.48 kB
.pkg03-fullpage-tools/production/assets/record-wizard-shared-FWpAsa0e.js                    10.28 kB │ gzip:   3.92 kB
.pkg03-fullpage-tools/production/assets/staff-requirements-C7OdqBI1.js                      10.28 kB │ gzip:   3.80 kB
.pkg03-fullpage-tools/production/assets/legal-holds-CJv6jHql.js                             10.29 kB │ gzip:   4.16 kB
.pkg03-fullpage-tools/production/assets/_inventory-table-Vph5z2Za.js                        10.32 kB │ gzip:   3.72 kB
.pkg03-fullpage-tools/production/assets/show-DqN7os7I.js                                    10.33 kB │ gzip:   4.07 kB
.pkg03-fullpage-tools/production/assets/unifi-DwqjOw1J.js                                   10.35 kB │ gzip:   4.13 kB
.pkg03-fullpage-tools/production/assets/Index-CgQmylJR.js                                   10.36 kB │ gzip:   4.34 kB
.pkg03-fullpage-tools/production/assets/create-W-64cPnX.js                                  10.39 kB │ gzip:   4.26 kB
.pkg03-fullpage-tools/production/assets/ClientSummary-Lq9Uj_U-.js                           10.40 kB │ gzip:   3.74 kB
.pkg03-fullpage-tools/production/assets/index-Dmkhc_z7.js                                   10.40 kB │ gzip:   4.34 kB
.pkg03-fullpage-tools/production/assets/Index-Db7n_ukh.js                                   10.40 kB │ gzip:   4.27 kB
.pkg03-fullpage-tools/production/assets/Show-C-4R6umd.js                                    10.41 kB │ gzip:   3.89 kB
.pkg03-fullpage-tools/production/assets/Index-DgZKyNEQ.js                                   10.42 kB │ gzip:   4.27 kB
.pkg03-fullpage-tools/production/assets/saved-rnK9j2GK.js                                   10.44 kB │ gzip:   4.27 kB
.pkg03-fullpage-tools/production/assets/index-D0wUhkxJ.js                                   10.46 kB │ gzip:   4.12 kB
.pkg03-fullpage-tools/production/assets/marketing-layout-D9DsHbp-.js                        10.47 kB │ gzip:   3.34 kB
.pkg03-fullpage-tools/production/assets/Index-BSBmasV2.js                                   10.47 kB │ gzip:   4.24 kB
.pkg03-fullpage-tools/production/assets/FundingStreamSummary-B4QSjuBU.js                    10.48 kB │ gzip:   4.30 kB
.pkg03-fullpage-tools/production/assets/show-Bapw58Y6.js                                    10.53 kB │ gzip:   3.87 kB
.pkg03-fullpage-tools/production/assets/edit-BIgsc2XI.js                                    10.54 kB │ gzip:   4.34 kB
.pkg03-fullpage-tools/production/assets/Index-CSPxRBow.js                                   10.54 kB │ gzip:   4.35 kB
.pkg03-fullpage-tools/production/assets/Index-C5xF99Ya.js                                   10.54 kB │ gzip:   4.48 kB
.pkg03-fullpage-tools/production/assets/risks-CsIpB-Ni.js                                   10.55 kB │ gzip:   3.99 kB
.pkg03-fullpage-tools/production/assets/status-Curhsy_F.js                                  10.55 kB │ gzip:   4.21 kB
.pkg03-fullpage-tools/production/assets/Index-BPOHB-gg.js                                   10.59 kB │ gzip:   4.38 kB
.pkg03-fullpage-tools/production/assets/edit-CNjcjw_o.js                                    10.60 kB │ gzip:   4.30 kB
.pkg03-fullpage-tools/production/assets/modules-D1Qu9ihR.js                                 10.69 kB │ gzip:   4.29 kB
.pkg03-fullpage-tools/production/assets/create-BA88nFn8.js                                  10.71 kB │ gzip:   3.66 kB
.pkg03-fullpage-tools/production/assets/compliance-CiNsIlTN.js                              10.71 kB │ gzip:   4.24 kB
.pkg03-fullpage-tools/production/assets/index-Db1Tuujk.js                                   10.76 kB │ gzip:   4.22 kB
.pkg03-fullpage-tools/production/assets/portal-users-BEUV4nmG.js                            10.78 kB │ gzip:   4.45 kB
.pkg03-fullpage-tools/production/assets/tomorrow-panel-ByDAhgCL.js                          10.80 kB │ gzip:   4.25 kB
.pkg03-fullpage-tools/production/assets/documents-CTuKdNDR.js                               10.81 kB │ gzip:   3.82 kB
.pkg03-fullpage-tools/production/assets/_door-B2m7jivU.js                                   10.87 kB │ gzip:   3.81 kB
.pkg03-fullpage-tools/production/assets/risks-12op5UYX.js                                   10.87 kB │ gzip:   4.11 kB
.pkg03-fullpage-tools/production/assets/Show-WSjE1YyL.js                                    10.88 kB │ gzip:   4.21 kB
.pkg03-fullpage-tools/production/assets/work-calendar-settings-DrnFiKIA.js                  10.89 kB │ gzip:   4.31 kB
.pkg03-fullpage-tools/production/assets/Index-CLv5MWVj.js                                   10.91 kB │ gzip:   4.49 kB
.pkg03-fullpage-tools/production/assets/Changes-CBfn6HQ3.js                                 10.91 kB │ gzip:   4.89 kB
.pkg03-fullpage-tools/production/assets/Show-DfWJ5pH1.js                                    10.97 kB │ gzip:   4.44 kB
.pkg03-fullpage-tools/production/assets/create-LD2U8a5v.js                                  10.98 kB │ gzip:   4.47 kB
.pkg03-fullpage-tools/production/assets/handovers-hero-QYzTAbPH.js                          11.00 kB │ gzip:   4.80 kB
.pkg03-fullpage-tools/production/assets/index-ubtH2xcj.js                                   11.02 kB │ gzip:   1.52 kB
.pkg03-fullpage-tools/production/assets/_dialogs-DfcecdGJ.js                                11.02 kB │ gzip:   4.26 kB
.pkg03-fullpage-tools/production/assets/Index-DGL-LKfc.js                                   11.02 kB │ gzip:   4.59 kB
.pkg03-fullpage-tools/production/assets/Committee-BKTHCUoz.js                               11.03 kB │ gzip:   4.79 kB
.pkg03-fullpage-tools/production/assets/create-BCS-_gnb.js                                  11.06 kB │ gzip:   4.38 kB
.pkg03-fullpage-tools/production/assets/TrialBalance-uJuyZgxB.js                            11.07 kB │ gzip:   4.80 kB
.pkg03-fullpage-tools/production/assets/index-8fTzzqIf.js                                   11.09 kB │ gzip:   4.57 kB
.pkg03-fullpage-tools/production/assets/photos-Do4dXqzH.js                                  11.11 kB │ gzip:   4.55 kB
.pkg03-fullpage-tools/production/assets/breaches-DrvUGG4N.js                                11.11 kB │ gzip:   4.40 kB
.pkg03-fullpage-tools/production/assets/vendors-B4mHCZzu.js                                 11.13 kB │ gzip:   3.63 kB
.pkg03-fullpage-tools/production/assets/index-DwgRhjGv.js                                   11.14 kB │ gzip:   4.02 kB
.pkg03-fullpage-tools/production/assets/clock-out-wizard-2gTsz5F8.js                        11.15 kB │ gzip:   4.49 kB
.pkg03-fullpage-tools/production/assets/summary-GQOf2_9H.js                                 11.16 kB │ gzip:   4.10 kB
.pkg03-fullpage-tools/production/assets/timeline-BUfKhdOW.js                                11.17 kB │ gzip:   4.78 kB
.pkg03-fullpage-tools/production/assets/index-BTirwQBB.js                                   11.20 kB │ gzip:   4.35 kB
.pkg03-fullpage-tools/production/assets/broadcast-show-BpZ0pf09.js                          11.23 kB │ gzip:   4.10 kB
.pkg03-fullpage-tools/production/assets/show-supervision-CoF5rQRu.js                        11.24 kB │ gzip:   4.24 kB
.pkg03-fullpage-tools/production/assets/cards-view-DsTr0ESB.js                              11.25 kB │ gzip:   4.20 kB
.pkg03-fullpage-tools/production/assets/privacy-action-modal-B_yP5yFA.js                    11.30 kB │ gzip:   4.44 kB
.pkg03-fullpage-tools/production/assets/CheckShift-B_MNRnDu.js                              11.30 kB │ gzip:   4.78 kB
.pkg03-fullpage-tools/production/assets/dashboard-tabs-BwJHzK_W.js                          11.30 kB │ gzip:   4.21 kB
.pkg03-fullpage-tools/production/assets/Edit-CXMiGSGU.js                                    11.30 kB │ gzip:   4.56 kB
.pkg03-fullpage-tools/production/assets/Index-JjRyq2MX.js                                   11.31 kB │ gzip:   4.66 kB
.pkg03-fullpage-tools/production/assets/notifications-DkVpfJlS.js                           11.32 kB │ gzip:   4.19 kB
.pkg03-fullpage-tools/production/assets/Index-BpasVycx.js                                   11.36 kB │ gzip:   4.71 kB
.pkg03-fullpage-tools/production/assets/Index-DW8D_aQD.js                                   11.37 kB │ gzip:   4.57 kB
.pkg03-fullpage-tools/production/assets/Matrix-BNJubtgF.js                                  11.39 kB │ gzip:   4.85 kB
.pkg03-fullpage-tools/production/assets/wizard-configs-BCzT6tpG.js                          11.39 kB │ gzip:   3.48 kB
.pkg03-fullpage-tools/production/assets/visit-requests-D4IuKImF.js                          11.40 kB │ gzip:   4.62 kB
.pkg03-fullpage-tools/production/assets/surveys-D4vgL3Pf.js                                 11.43 kB │ gzip:   4.53 kB
.pkg03-fullpage-tools/production/assets/index-LILBhP4u.js                                   11.43 kB │ gzip:   4.67 kB
.pkg03-fullpage-tools/production/assets/leave-hub-parts-Blp4x2Wd.js                         11.45 kB │ gzip:   4.22 kB
.pkg03-fullpage-tools/production/assets/Create-DWz-RDRT.js                                  11.46 kB │ gzip:   4.49 kB
.pkg03-fullpage-tools/production/assets/price-book-dialog-BHHf78Wc.js                       11.47 kB │ gzip:   4.59 kB
.pkg03-fullpage-tools/production/assets/create-Dy--vtVA.js                                  11.48 kB │ gzip:   4.78 kB
.pkg03-fullpage-tools/production/assets/quote-dialog-BV5ZQFd9.js                            11.49 kB │ gzip:   4.65 kB
.pkg03-fullpage-tools/production/assets/Index-3bAu2PH4.js                                   11.49 kB │ gzip:   5.14 kB
.pkg03-fullpage-tools/production/assets/workers-Dxogrtes.js                                 11.51 kB │ gzip:   4.39 kB
.pkg03-fullpage-tools/production/assets/Trends-BxG7uS9E.js                                  11.52 kB │ gzip:   5.00 kB
.pkg03-fullpage-tools/production/assets/index-DT4el1a0.js                                   11.55 kB │ gzip:   4.59 kB
.pkg03-fullpage-tools/production/assets/documents-CuNbVD12.js                               11.57 kB │ gzip:   4.09 kB
.pkg03-fullpage-tools/production/assets/Index-CROwIorV.js                                   11.58 kB │ gzip:   4.81 kB
.pkg03-fullpage-tools/production/assets/overview-panels-9j7Uv-M1.js                         11.60 kB │ gzip:   4.64 kB
.pkg03-fullpage-tools/production/assets/index-C-m14LIe.js                                   11.61 kB │ gzip:   4.21 kB
.pkg03-fullpage-tools/production/assets/Show-D4VavWPt.js                                    11.63 kB │ gzip:   5.12 kB
.pkg03-fullpage-tools/production/assets/dpia-CrLjXQiX.js                                    11.64 kB │ gzip:   4.46 kB
.pkg03-fullpage-tools/production/assets/_dialogs-CYZy6Uwd.js                                11.65 kB │ gzip:   4.72 kB
.pkg03-fullpage-tools/production/assets/show-B-YAHigg.js                                    11.68 kB │ gzip:   5.01 kB
.pkg03-fullpage-tools/production/assets/show-9hOd08ov.js                                    11.77 kB │ gzip:   4.44 kB
.pkg03-fullpage-tools/production/assets/task-B1DaNrAW.js                                    11.81 kB │ gzip:   4.85 kB
.pkg03-fullpage-tools/production/assets/Dashboard-OBYIrRLU.js                               11.81 kB │ gzip:   5.05 kB
.pkg03-fullpage-tools/production/assets/Index-CCLCR_Vw.js                                   11.83 kB │ gzip:   4.87 kB
.pkg03-fullpage-tools/production/assets/templates-CPR_KFtE.js                               11.83 kB │ gzip:   4.84 kB
.pkg03-fullpage-tools/production/assets/_dialogs-CHCAO44i.js                                11.86 kB │ gzip:   4.45 kB
.pkg03-fullpage-tools/production/assets/rehire-wizard-DGNPjcaW.js                           11.87 kB │ gzip:   4.49 kB
.pkg03-fullpage-tools/production/assets/Index-Di_1rm_4.js                                   11.87 kB │ gzip:   4.61 kB
.pkg03-fullpage-tools/production/assets/Index-B8Sw39CW.js                                   11.88 kB │ gzip:   5.20 kB
.pkg03-fullpage-tools/production/assets/Index-DX-yeBrU.js                                   11.89 kB │ gzip:   5.13 kB
.pkg03-fullpage-tools/production/assets/community-access-DnTSNkrX.js                        11.89 kB │ gzip:   4.80 kB
.pkg03-fullpage-tools/production/assets/shift-list-view-DrxAxx3M.js                         11.91 kB │ gzip:   4.69 kB
.pkg03-fullpage-tools/production/assets/alerts-config-D37SONc_.js                           11.92 kB │ gzip:   4.57 kB
.pkg03-fullpage-tools/production/assets/Index-CNKgDmAH.js                                   11.94 kB │ gzip:   5.18 kB
.pkg03-fullpage-tools/production/assets/Index-Cr9bAzjK.js                                   11.94 kB │ gzip:   5.22 kB
.pkg03-fullpage-tools/production/assets/log-notifiable-dialog-BcIKHVXF.js                   11.95 kB │ gzip:   4.38 kB
.pkg03-fullpage-tools/production/assets/Prepare-B_5UqQt5.js                                 11.95 kB │ gzip:   4.89 kB
.pkg03-fullpage-tools/production/assets/healthcare-devices-hWU6XO15.js                      11.97 kB │ gzip:   4.16 kB
.pkg03-fullpage-tools/production/assets/apply-DZzm0hsC.js                                   11.98 kB │ gzip:   4.55 kB
.pkg03-fullpage-tools/production/assets/create-template-DJwakxzx.js                         12.00 kB │ gzip:   4.79 kB
.pkg03-fullpage-tools/production/assets/performance-hero-DZ0i_Y90.js                        12.00 kB │ gzip:   3.84 kB
.pkg03-fullpage-tools/production/assets/sign-CopOlFTj.js                                    12.02 kB │ gzip:   4.73 kB
.pkg03-fullpage-tools/production/assets/profile-BLcp8TKU.js                                 12.02 kB │ gzip:   4.91 kB
.pkg03-fullpage-tools/production/assets/page-hero-DIsthCQw.js                               12.03 kB │ gzip:   4.63 kB
.pkg03-fullpage-tools/production/assets/AgedReport-CHfOXCfV.js                              12.04 kB │ gzip:   5.43 kB
.pkg03-fullpage-tools/production/assets/protocol-form-BiMMXK4p.js                           12.08 kB │ gzip:   4.40 kB
.pkg03-fullpage-tools/production/assets/ppe-wizard-PnhI4kCq.js                              12.12 kB │ gzip:   4.96 kB
.pkg03-fullpage-tools/production/assets/assignments-jdoGRU1u.js                             12.13 kB │ gzip:   4.88 kB
.pkg03-fullpage-tools/production/assets/Index-C1jWPl4i.js                                   12.14 kB │ gzip:   5.09 kB
.pkg03-fullpage-tools/production/assets/index-D6OE4MQj.js                                   12.15 kB │ gzip:   4.65 kB
.pkg03-fullpage-tools/production/assets/cards-view-Dvdg99wd.js                              12.18 kB │ gzip:   4.46 kB
.pkg03-fullpage-tools/production/assets/Index-BdY7AKqg.js                                   12.18 kB │ gzip:   4.96 kB
.pkg03-fullpage-tools/production/assets/it-ticket-comment-contract-BBENTCa7.js              12.19 kB │ gzip:   3.96 kB
.pkg03-fullpage-tools/production/assets/_request-dialog-BYev2xdm.js                         12.22 kB │ gzip:   4.59 kB
.pkg03-fullpage-tools/production/assets/_builder-dialog-DZ9QWmvV.js                         12.24 kB │ gzip:   4.87 kB
.pkg03-fullpage-tools/production/assets/BalanceSheet-Bx7yiTTq.js                            12.25 kB │ gzip:   5.13 kB
.pkg03-fullpage-tools/production/assets/Index-74UoZ3Pj.js                                   12.28 kB │ gzip:   5.24 kB
.pkg03-fullpage-tools/production/assets/index-1gLAgBlC.js                                   12.29 kB │ gzip:   5.00 kB
.pkg03-fullpage-tools/production/assets/medications-Byp6cJJe.js                             12.32 kB │ gzip:   4.46 kB
.pkg03-fullpage-tools/production/assets/Index-DupHWr5e.js                                   12.33 kB │ gzip:   4.86 kB
.pkg03-fullpage-tools/production/assets/Index-DPCWr_9P.js                                   12.35 kB │ gzip:   5.07 kB
.pkg03-fullpage-tools/production/assets/index-BmODYq7w.js                                   12.37 kB │ gzip:   4.45 kB
.pkg03-fullpage-tools/production/assets/time-ChA5VGw0.js                                    12.39 kB │ gzip:   5.28 kB
.pkg03-fullpage-tools/production/assets/index-BFKbNLQ_.js                                   12.41 kB │ gzip:   5.09 kB
.pkg03-fullpage-tools/production/assets/donor-fund-dialog-Bc_FDHG9.js                       12.42 kB │ gzip:   4.44 kB
.pkg03-fullpage-tools/production/assets/pricing-BpFlk0zI.js                                 12.42 kB │ gzip:   3.68 kB
.pkg03-fullpage-tools/production/assets/index-CQVP9VYi.js                                   12.42 kB │ gzip:   5.33 kB
.pkg03-fullpage-tools/production/assets/edit-5wHB5O8A.js                                    12.44 kB │ gzip:   4.91 kB
.pkg03-fullpage-tools/production/assets/Index-CHps7IgA.js                                   12.45 kB │ gzip:   5.40 kB
.pkg03-fullpage-tools/production/assets/create-d-T8OjXq.js                                  12.46 kB │ gzip:   4.85 kB
.pkg03-fullpage-tools/production/assets/index-FnNn-mW5.js                                   12.46 kB │ gzip:   4.72 kB
.pkg03-fullpage-tools/production/assets/log-obligation-dialog-CJTv9pnI.js                   12.46 kB │ gzip:   4.68 kB
.pkg03-fullpage-tools/production/assets/facilities--oLz_4xJ.js                              12.47 kB │ gzip:   5.19 kB
.pkg03-fullpage-tools/production/assets/index-BmmLG4R5.js                                   12.48 kB │ gzip:   4.83 kB
.pkg03-fullpage-tools/production/assets/Index-NX2HKGRy.js                                   12.49 kB │ gzip:   5.38 kB
.pkg03-fullpage-tools/production/assets/head-office-DfC0ngIp.js                             12.49 kB │ gzip:   5.27 kB
.pkg03-fullpage-tools/production/assets/requests-dCt8cXN7.js                                12.50 kB │ gzip:   4.80 kB
.pkg03-fullpage-tools/production/assets/_dialogs-B3k9Toxj.js                                12.54 kB │ gzip:   5.31 kB
.pkg03-fullpage-tools/production/assets/specialist-workspace-header-BkhwS2D1.js             12.57 kB │ gzip:   5.56 kB
.pkg03-fullpage-tools/production/assets/index-B-sfvspU.js                                   12.58 kB │ gzip:   4.46 kB
.pkg03-fullpage-tools/production/assets/index-Cr0c6Qfa.js                                   12.62 kB │ gzip:   4.83 kB
.pkg03-fullpage-tools/production/assets/edit-CJYa3UM5.js                                    12.63 kB │ gzip:   4.77 kB
.pkg03-fullpage-tools/production/assets/index-CEg2SVCn.js                                   12.64 kB │ gzip:   5.22 kB
.pkg03-fullpage-tools/production/assets/Trends-2Hc4noVV.js                                  12.65 kB │ gzip:   5.20 kB
.pkg03-fullpage-tools/production/assets/Assignments-DbwEmtqb.js                             12.67 kB │ gzip:   5.32 kB
.pkg03-fullpage-tools/production/assets/Diff-BSEbyDFR.js                                    12.67 kB │ gzip:   5.45 kB
.pkg03-fullpage-tools/production/assets/geofence-draw-map-9a-31gV9.js                       12.68 kB │ gzip:   4.87 kB
.pkg03-fullpage-tools/production/assets/index-ByceOhKV.js                                   12.69 kB │ gzip:   4.61 kB
.pkg03-fullpage-tools/production/assets/health-D0Gu8w_5.js                                  12.72 kB │ gzip:   4.31 kB
.pkg03-fullpage-tools/production/assets/Review-C7XdHLlu.js                                  12.72 kB │ gzip:   4.66 kB
.pkg03-fullpage-tools/production/assets/show-DNtYiCOC.js                                    12.73 kB │ gzip:   4.78 kB
.pkg03-fullpage-tools/production/assets/show-BGSM-3PE.js                                    12.74 kB │ gzip:   4.52 kB
.pkg03-fullpage-tools/production/assets/index-D_ciRMs4.js                                   12.74 kB │ gzip:   4.99 kB
.pkg03-fullpage-tools/production/assets/new-po-dialog-B1nf5UdU.js                           12.75 kB │ gzip:   4.80 kB
.pkg03-fullpage-tools/production/assets/builder-C2BWpS0b.js                                 12.78 kB │ gzip:   4.88 kB
.pkg03-fullpage-tools/production/assets/Index-BP_aw676.js                                   12.79 kB │ gzip:   4.76 kB
.pkg03-fullpage-tools/production/assets/Show--HAiD8IO.js                                    12.83 kB │ gzip:   4.88 kB
.pkg03-fullpage-tools/production/assets/ProfitAndLoss-Lup2jZyM.js                           12.83 kB │ gzip:   5.15 kB
.pkg03-fullpage-tools/production/assets/ppe-action-dialogs-3-RvbVva.js                      12.85 kB │ gzip:   4.34 kB
.pkg03-fullpage-tools/production/assets/Index-CQnjVV9x.js                                   12.86 kB │ gzip:   5.52 kB
.pkg03-fullpage-tools/production/assets/Index-BO6Y4ncu.js                                   12.86 kB │ gzip:   5.58 kB
.pkg03-fullpage-tools/production/assets/Index-BC1vKevn.js                                   12.91 kB │ gzip:   5.65 kB
.pkg03-fullpage-tools/production/assets/privacy-B0AEOUah.js                                 12.96 kB │ gzip:   3.78 kB
.pkg03-fullpage-tools/production/assets/index-B9NtxGqn.js                                   12.99 kB │ gzip:   5.45 kB
.pkg03-fullpage-tools/production/assets/Dashboard-Dy9FvS7c.js                               13.04 kB │ gzip:   5.44 kB
.pkg03-fullpage-tools/production/assets/Show-BR0_afWP.js                                    13.06 kB │ gzip:   5.06 kB
.pkg03-fullpage-tools/production/assets/prn-wizard-DOY9e33I.js                              13.07 kB │ gzip:   4.97 kB
.pkg03-fullpage-tools/production/assets/show-CpALZUeA.js                                    13.07 kB │ gzip:   4.93 kB
.pkg03-fullpage-tools/production/assets/Trends-DTlsZoHj.js                                  13.09 kB │ gzip:   5.33 kB
.pkg03-fullpage-tools/production/assets/index-CEEo6Ctq.js                                   13.09 kB │ gzip:   5.41 kB
.pkg03-fullpage-tools/production/assets/Dashboard-BmJME7Ff.js                               13.13 kB │ gzip:   4.33 kB
.pkg03-fullpage-tools/production/assets/playbook-wizard-B0Yi8kEk.js                         13.16 kB │ gzip:   4.60 kB
.pkg03-fullpage-tools/production/assets/Index-D4JULyGw.js                                   13.17 kB │ gzip:   5.61 kB
.pkg03-fullpage-tools/production/assets/daily-check-BqF9ZyrS.js                             13.19 kB │ gzip:   5.33 kB
.pkg03-fullpage-tools/production/assets/layout-CyAqGXR_.js                                  13.19 kB │ gzip:   4.25 kB
.pkg03-fullpage-tools/production/assets/Create-B1IUQnS-.js                                  13.19 kB │ gzip:   5.56 kB
.pkg03-fullpage-tools/production/assets/calendar-DBrbYfDl.js                                13.19 kB │ gzip:   5.25 kB
.pkg03-fullpage-tools/production/assets/plans-Bzr9LpLz.js                                   13.21 kB │ gzip:   5.34 kB
.pkg03-fullpage-tools/production/assets/site-detail-DDmeL20o.js                             13.21 kB │ gzip:   4.48 kB
.pkg03-fullpage-tools/production/assets/alerts-events-hhvNS6ki.js                           13.23 kB │ gzip:   5.58 kB
.pkg03-fullpage-tools/production/assets/Index-ZnNMA2KY.js                                   13.25 kB │ gzip:   5.61 kB
.pkg03-fullpage-tools/production/assets/show-DQ006sGj.js                                    13.25 kB │ gzip:   5.10 kB
.pkg03-fullpage-tools/production/assets/reviews-CI2U83v6.js                                 13.28 kB │ gzip:   5.14 kB
.pkg03-fullpage-tools/production/assets/Index-eqQcQbpl.js                                   13.28 kB │ gzip:   5.54 kB
.pkg03-fullpage-tools/production/assets/messaging-BIuJRXNL.js                               13.30 kB │ gzip:   4.70 kB
.pkg03-fullpage-tools/production/assets/pre-check-DpwFMMuv.js                               13.31 kB │ gzip:   4.99 kB
.pkg03-fullpage-tools/production/assets/goals-path-AsIt7TLP.js                              13.33 kB │ gzip:   5.32 kB
.pkg03-fullpage-tools/production/assets/_dialogs-Drq_BGTQ.js                                13.36 kB │ gzip:   4.85 kB
.pkg03-fullpage-tools/production/assets/create-CffJghfF.js                                  13.36 kB │ gzip:   5.19 kB
.pkg03-fullpage-tools/production/assets/_dialogs-DgmRzE-_.js                                13.37 kB │ gzip:   5.59 kB
.pkg03-fullpage-tools/production/assets/HealthMonitoring-SqzbDjq4.js                        13.37 kB │ gzip:   4.86 kB
.pkg03-fullpage-tools/production/assets/Index-G_DfO2Up.js                                   13.41 kB │ gzip:   5.86 kB
.pkg03-fullpage-tools/production/assets/_audit-dialog-C7e2rGaa.js                           13.43 kB │ gzip:   5.38 kB
.pkg03-fullpage-tools/production/assets/timesheet-review-BFXVShm5.js                        13.43 kB │ gzip:   5.00 kB
.pkg03-fullpage-tools/production/assets/_ledger-panel-D2B5BnOZ.js                           13.44 kB │ gzip:   4.23 kB
.pkg03-fullpage-tools/production/assets/unassign-make-open-dialog-D87Pry0e.js               13.47 kB │ gzip:   5.09 kB
.pkg03-fullpage-tools/production/assets/about-DdDZwWxc.js                                   13.47 kB │ gzip:   3.47 kB
.pkg03-fullpage-tools/production/assets/houses-h8Lsj8Pc.js                                  13.53 kB │ gzip:   5.65 kB
.pkg03-fullpage-tools/production/assets/digest-panel-DSIg5Veg.js                            13.54 kB │ gzip:   4.77 kB
.pkg03-fullpage-tools/production/assets/expenses-BujGvUJ2.js                                13.54 kB │ gzip:   5.24 kB
.pkg03-fullpage-tools/production/assets/index-6csiOlmM.js                                   13.55 kB │ gzip:   5.78 kB
.pkg03-fullpage-tools/production/assets/edit-template-BTfas9UU.js                           13.56 kB │ gzip:   5.45 kB
.pkg03-fullpage-tools/production/assets/client-macUsIj8.js                                  13.59 kB │ gzip:   3.87 kB
.pkg03-fullpage-tools/production/assets/Index-L7VDt3Ud.js                                   13.60 kB │ gzip:   5.88 kB
.pkg03-fullpage-tools/production/assets/my-day-hero-DSXn6-jM.js                             13.62 kB │ gzip:   5.94 kB
.pkg03-fullpage-tools/production/assets/MyInterests-YpbgAQmZ.js                             13.65 kB │ gzip:   5.78 kB
.pkg03-fullpage-tools/production/assets/Index-DAHwgnR0.js                                   13.66 kB │ gzip:   5.96 kB
.pkg03-fullpage-tools/production/assets/_dialogs-v3-_h4gy.js                                13.67 kB │ gzip:   5.11 kB
.pkg03-fullpage-tools/production/assets/terminology-DG7lRduw.js                             13.69 kB │ gzip:   4.19 kB
.pkg03-fullpage-tools/production/assets/documents-1vSZqvEW.js                               13.69 kB │ gzip:   5.46 kB
.pkg03-fullpage-tools/production/assets/by-house-CLgZVz0T.js                                13.70 kB │ gzip:   4.83 kB
.pkg03-fullpage-tools/production/assets/Index-Bl9U5kvG.js                                   13.76 kB │ gzip:   5.80 kB
.pkg03-fullpage-tools/production/assets/Index-CenZLEoi.js                                   13.80 kB │ gzip:   5.45 kB
.pkg03-fullpage-tools/production/assets/Index-5HXpk6iK.js                                   13.82 kB │ gzip:   5.58 kB
.pkg03-fullpage-tools/production/assets/Committee-xPHABeJn.js                               13.84 kB │ gzip:   5.99 kB
.pkg03-fullpage-tools/production/assets/_recipe-edit-dialog-CiTGF8wB.js                     13.88 kB │ gzip:   4.68 kB
.pkg03-fullpage-tools/production/assets/document-preview-DfKZiasi.js                        13.91 kB │ gzip:   5.77 kB
.pkg03-fullpage-tools/production/assets/timeline-tab-D2Ix0qYr.js                            13.92 kB │ gzip:   4.91 kB
.pkg03-fullpage-tools/production/assets/Show--bvlyWR0.js                                    13.97 kB │ gzip:   6.02 kB
.pkg03-fullpage-tools/production/assets/map-X7DN_V1v.js                                     13.98 kB │ gzip:   5.80 kB
.pkg03-fullpage-tools/production/assets/create-DUQqEZff.js                                  14.02 kB │ gzip:   5.34 kB
.pkg03-fullpage-tools/production/assets/show-eaeQCbD2.js                                    14.07 kB │ gzip:   5.06 kB
.pkg03-fullpage-tools/production/assets/show-DlPtRZGh.js                                    14.09 kB │ gzip:   4.72 kB
.pkg03-fullpage-tools/production/assets/holidays-DJLZ1T2O.js                                14.10 kB │ gzip:   5.77 kB
.pkg03-fullpage-tools/production/assets/Show-ChVLiiFW.js                                    14.10 kB │ gzip:   5.50 kB
.pkg03-fullpage-tools/production/assets/Attestations-SL-PekKV.js                            14.10 kB │ gzip:   5.81 kB
.pkg03-fullpage-tools/production/assets/index-C10EnYRs.js                                   14.13 kB │ gzip:   5.37 kB
.pkg03-fullpage-tools/production/assets/Index-C1bJJrC2.js                                   14.18 kB │ gzip:   6.20 kB
.pkg03-fullpage-tools/production/assets/audit-log-CiLw5A6T.js                               14.18 kB │ gzip:   5.74 kB
.pkg03-fullpage-tools/production/assets/_dialog-shared-DQK2hdlo.js                          14.19 kB │ gzip:   5.44 kB
.pkg03-fullpage-tools/production/assets/date-picker-D3cVr3IN.js                             14.23 kB │ gzip:   5.47 kB
.pkg03-fullpage-tools/production/assets/new-vendor-dialog-BhhQbEO6.js                       14.25 kB │ gzip:   4.76 kB
.pkg03-fullpage-tools/production/assets/Terminals-0lxUVrfH.js                               14.28 kB │ gzip:   5.92 kB
.pkg03-fullpage-tools/production/assets/task-detail-dialog-vdgONVTL.js                      14.34 kB │ gzip:   4.80 kB
.pkg03-fullpage-tools/production/assets/Statements-BhBBK_F1.js                              14.37 kB │ gzip:   5.88 kB
.pkg03-fullpage-tools/production/assets/trends-CYydt_Vf.js                                  14.37 kB │ gzip:   4.82 kB
.pkg03-fullpage-tools/production/assets/Index-DtcUMbX-.js                                   14.38 kB │ gzip:   6.17 kB
.pkg03-fullpage-tools/production/assets/workflow-CRGUJ0DM.js                                14.39 kB │ gzip:   5.89 kB
.pkg03-fullpage-tools/production/assets/survey-eTqgUC-h.js                                  14.42 kB │ gzip:   4.76 kB
.pkg03-fullpage-tools/production/assets/index-Dj716Ww9.js                                   14.42 kB │ gzip:   5.37 kB
.pkg03-fullpage-tools/production/assets/Index-BNs30EHa.js                                   14.44 kB │ gzip:   6.18 kB
.pkg03-fullpage-tools/production/assets/mar-DCpgTgag.js                                     14.45 kB │ gzip:   3.91 kB
.pkg03-fullpage-tools/production/assets/Create-D6U6ZyBp.js                                  14.45 kB │ gzip:   5.65 kB
.pkg03-fullpage-tools/production/assets/index-vbB3aXFG.js                                   14.46 kB │ gzip:   5.79 kB
.pkg03-fullpage-tools/production/assets/Index-DTqUWZt7.js                                   14.47 kB │ gzip:   6.38 kB
.pkg03-fullpage-tools/production/assets/Index-DhWz_sKB.js                                   14.49 kB │ gzip:   6.02 kB
.pkg03-fullpage-tools/production/assets/global-myHi9aFL.js                                  14.56 kB │ gzip:   5.52 kB
.pkg03-fullpage-tools/production/assets/Financials-BbANBl5f.js                              14.58 kB │ gzip:   5.74 kB
.pkg03-fullpage-tools/production/assets/_commercial-BDCM7tk6.js                             14.59 kB │ gzip:   5.35 kB
.pkg03-fullpage-tools/production/assets/_dialogs-DVWiM1CK.js                                14.60 kB │ gzip:   5.80 kB
.pkg03-fullpage-tools/production/assets/index-DNcyg7oA.js                                   14.61 kB │ gzip:   5.55 kB
.pkg03-fullpage-tools/production/assets/matrix-DdRSIs_q.js                                  14.72 kB │ gzip:   5.92 kB
.pkg03-fullpage-tools/production/assets/record-evidence-dialog-C0zh6N7r.js                  14.72 kB │ gzip:   5.96 kB
.pkg03-fullpage-tools/production/assets/show-CPMdU5GZ.js                                    14.73 kB │ gzip:   5.71 kB
.pkg03-fullpage-tools/production/assets/my-tasks-C0MHWg2C.js                                14.73 kB │ gzip:   5.77 kB
.pkg03-fullpage-tools/production/assets/run-CSo5tUNL.js                                     14.74 kB │ gzip:   5.46 kB
.pkg03-fullpage-tools/production/assets/index-BYArOBno.js                                   14.75 kB │ gzip:   6.12 kB
.pkg03-fullpage-tools/production/assets/_dialogs-BZA0hjks.js                                14.75 kB │ gzip:   5.61 kB
.pkg03-fullpage-tools/production/assets/playback-pYACQ1wr.js                                14.77 kB │ gzip:   5.80 kB
.pkg03-fullpage-tools/production/assets/index-CdT4dnod.js                                   14.77 kB │ gzip:   5.78 kB
.pkg03-fullpage-tools/production/assets/Show-_x8sImUU.js                                    14.79 kB │ gzip:   5.86 kB
.pkg03-fullpage-tools/production/assets/Show-CEJH_5Kz.js                                    14.84 kB │ gzip:   6.06 kB
.pkg03-fullpage-tools/production/assets/reports-ulcaqpp_.js                                 14.89 kB │ gzip:   5.15 kB
.pkg03-fullpage-tools/production/assets/Index-bRLvYq52.js                                   14.93 kB │ gzip:   5.50 kB
.pkg03-fullpage-tools/production/assets/show-wgN4YOQY.js                                    14.93 kB │ gzip:   5.49 kB
.pkg03-fullpage-tools/production/assets/CashFlow-DzJvLXMk.js                                14.95 kB │ gzip:   5.88 kB
.pkg03-fullpage-tools/production/assets/Create-By9kUnld.js                                  14.95 kB │ gzip:   4.93 kB
.pkg03-fullpage-tools/production/assets/index-CIvq48A_.js                                   14.96 kB │ gzip:   6.03 kB
.pkg03-fullpage-tools/production/assets/Results-hYlUIXm0.js                                 14.99 kB │ gzip:   6.25 kB
.pkg03-fullpage-tools/production/assets/portal-users-DO3ilOBB.js                            15.00 kB │ gzip:   6.21 kB
.pkg03-fullpage-tools/production/assets/edit-Dqr8PZd3.js                                    15.06 kB │ gzip:   5.87 kB
.pkg03-fullpage-tools/production/assets/sso-groups-CWcufuSi.js                              15.08 kB │ gzip:   5.60 kB
.pkg03-fullpage-tools/production/assets/custom-fields-BqOXqaOx.js                           15.09 kB │ gzip:   6.13 kB
.pkg03-fullpage-tools/production/assets/index-Bbyh8uiy.js                                   15.12 kB │ gzip:   6.20 kB
.pkg03-fullpage-tools/production/assets/command-centre-hero-BE7Q21ml.js                     15.16 kB │ gzip:   6.14 kB
.pkg03-fullpage-tools/production/assets/Show-Bmy_0bSZ.js                                    15.17 kB │ gzip:   6.38 kB
.pkg03-fullpage-tools/production/assets/overview-DEboDgaK.js                                15.23 kB │ gzip:   5.50 kB
.pkg03-fullpage-tools/production/assets/BatchDetail-Du7sjt4l.js                             15.25 kB │ gzip:   5.89 kB
.pkg03-fullpage-tools/production/assets/create-jeXxEfir.js                                  15.28 kB │ gzip:   5.58 kB
.pkg03-fullpage-tools/production/assets/terms-BwBvBt5z.js                                   15.34 kB │ gzip:   4.43 kB
.pkg03-fullpage-tools/production/assets/Index-B7uCQXKS.js                                   15.34 kB │ gzip:   6.32 kB
.pkg03-fullpage-tools/production/assets/Roles-BpdeiOU8.js                                   15.36 kB │ gzip:   4.81 kB
.pkg03-fullpage-tools/production/assets/edit-DUqdkUTR.js                                    15.36 kB │ gzip:   6.07 kB
.pkg03-fullpage-tools/production/assets/contact-C5WON_f7.js                                 15.39 kB │ gzip:   4.91 kB
.pkg03-fullpage-tools/production/assets/Show-CEEUBJ4v.js                                    15.45 kB │ gzip:   5.99 kB
.pkg03-fullpage-tools/production/assets/Index-CvEe1lRN.js                                   15.45 kB │ gzip:   6.56 kB
.pkg03-fullpage-tools/production/assets/show-C8R054OD.js                                    15.50 kB │ gzip:   5.80 kB
.pkg03-fullpage-tools/production/assets/record-event-dialog-qCr2R9Mx.js                     15.51 kB │ gzip:   5.95 kB
.pkg03-fullpage-tools/production/assets/staff-detail-CP3HV3Dl.js                            15.52 kB │ gzip:   5.90 kB
.pkg03-fullpage-tools/production/assets/bonuses-H68tUCZV.js                                 15.52 kB │ gzip:   6.30 kB
.pkg03-fullpage-tools/production/assets/reports-C_XkobzX.js                                 15.57 kB │ gzip:   5.96 kB
.pkg03-fullpage-tools/production/assets/payslips-kGGgZcgW.js                                15.60 kB │ gzip:   5.65 kB
.pkg03-fullpage-tools/production/assets/daily-note-wizard-DdevTuOO.js                       15.61 kB │ gzip:   4.77 kB
.pkg03-fullpage-tools/production/assets/index-B3tzGZck.js                                   15.61 kB │ gzip:   6.34 kB
.pkg03-fullpage-tools/production/assets/shift-detail-dialog-LHGw7z36.js                     15.63 kB │ gzip:   6.05 kB
.pkg03-fullpage-tools/production/assets/profile-Bk1zszcs.js                                 15.68 kB │ gzip:   5.62 kB
.pkg03-fullpage-tools/production/assets/Index-HKmyaDtc.js                                   15.69 kB │ gzip:   6.31 kB
.pkg03-fullpage-tools/production/assets/Show-CrsBWlyz.js                                    15.73 kB │ gzip:   6.32 kB
.pkg03-fullpage-tools/production/assets/webhooks-C51EJRGa.js                                15.73 kB │ gzip:   5.40 kB
.pkg03-fullpage-tools/production/assets/BudgetVsActuals-GbZnddKy.js                         15.74 kB │ gzip:   6.09 kB
.pkg03-fullpage-tools/production/assets/Heatmap-LGvJL3Po.js                                 15.84 kB │ gzip:   6.67 kB
.pkg03-fullpage-tools/production/assets/Batches-BDuPGZ4j.js                                 15.85 kB │ gzip:   6.51 kB
.pkg03-fullpage-tools/production/assets/review-detail-BBZ37CYj.js                           15.86 kB │ gzip:   6.31 kB
.pkg03-fullpage-tools/production/assets/my-hr-shoutout-spotlight-H_8Ena0a.js                15.87 kB │ gzip:   5.91 kB
.pkg03-fullpage-tools/production/assets/index-DcftG7KL.js                                   15.92 kB │ gzip:   6.62 kB
.pkg03-fullpage-tools/production/assets/index-CXSycP7G.js                                   15.95 kB │ gzip:   6.76 kB
.pkg03-fullpage-tools/production/assets/maintenance-health-CNpVgdi_.js                      15.95 kB │ gzip:   6.28 kB
.pkg03-fullpage-tools/production/assets/Index-Dz7l_DPj.js                                   15.96 kB │ gzip:   6.24 kB
.pkg03-fullpage-tools/production/assets/audit-DGqaXuLy.js                                   16.02 kB │ gzip:   5.95 kB
.pkg03-fullpage-tools/production/assets/Index-BfMuVJhW.js                                   16.03 kB │ gzip:   6.82 kB
.pkg03-fullpage-tools/production/assets/record-dose-wizard-Bd6k8-20.js                      16.03 kB │ gzip:   5.35 kB
.pkg03-fullpage-tools/production/assets/index-BHfYAoYF.js                                   16.11 kB │ gzip:   6.44 kB
.pkg03-fullpage-tools/production/assets/record-receipt-dialog-sv8NVW1H.js                   16.12 kB │ gzip:   5.59 kB
.pkg03-fullpage-tools/production/assets/policy-wizards-DbG4_kMj.js                          16.17 kB │ gzip:   5.57 kB
.pkg03-fullpage-tools/production/assets/Index-uGTCl9v6.js                                   16.24 kB │ gzip:   6.83 kB
.pkg03-fullpage-tools/production/assets/matrix-PRCmnobs.js                                  16.26 kB │ gzip:   6.32 kB
.pkg03-fullpage-tools/production/assets/appearance-BJIHplwp.js                              16.28 kB │ gzip:   4.99 kB
.pkg03-fullpage-tools/production/assets/incidents-9t4CTYFd.js                               16.29 kB │ gzip:   6.02 kB
.pkg03-fullpage-tools/production/assets/new-bill-dialog-Ddakk93h.js                         16.32 kB │ gzip:   5.89 kB
.pkg03-fullpage-tools/production/assets/risk-management-CPLCnHQo.js                         16.33 kB │ gzip:   6.26 kB
.pkg03-fullpage-tools/production/assets/Assessments-BBlejeyg.js                             16.36 kB │ gzip:   6.42 kB
.pkg03-fullpage-tools/production/assets/Show-CV88DtzR.js                                    16.36 kB │ gzip:   6.42 kB
.pkg03-fullpage-tools/production/assets/record-abc-dialog-DpB50ngf.js                       16.36 kB │ gzip:   5.80 kB
.pkg03-fullpage-tools/production/assets/Index-DaniC6Kx.js                                   16.39 kB │ gzip:   6.34 kB
.pkg03-fullpage-tools/production/assets/breaches-D_6IqCl7.js                                16.39 kB │ gzip:   5.74 kB
.pkg03-fullpage-tools/production/assets/RunResults-TB-eV2oS.js                              16.41 kB │ gzip:   6.16 kB
.pkg03-fullpage-tools/production/assets/show-DWCevIMJ.js                                    16.46 kB │ gzip:   6.58 kB
.pkg03-fullpage-tools/production/assets/Settings-DyqmFcSB.js                                16.52 kB │ gzip:   6.21 kB
.pkg03-fullpage-tools/production/assets/show-6U8GrKsy.js                                    16.53 kB │ gzip:   5.61 kB
.pkg03-fullpage-tools/production/assets/Show-DRfHWgOB.js                                    16.57 kB │ gzip:   6.53 kB
.pkg03-fullpage-tools/production/assets/notification-defaults-CPI-Ri6E.js                   16.60 kB │ gzip:   5.91 kB
.pkg03-fullpage-tools/production/assets/index-D4HX9pUS.js                                   16.63 kB │ gzip:   6.48 kB
.pkg03-fullpage-tools/production/assets/Index-DjrF0udc.js                                   16.65 kB │ gzip:   6.62 kB
.pkg03-fullpage-tools/production/assets/observations-D-aq47dO.js                            16.68 kB │ gzip:   6.19 kB
.pkg03-fullpage-tools/production/assets/location-BbA6oiUg.js                                16.71 kB │ gzip:   6.00 kB
.pkg03-fullpage-tools/production/assets/charts-C7mgSH3S.js                                  16.81 kB │ gzip:   5.54 kB
.pkg03-fullpage-tools/production/assets/Protocols-DrNWkL44.js                               16.83 kB │ gzip:   6.22 kB
.pkg03-fullpage-tools/production/assets/documents-BIeCs0Fu.js                               16.84 kB │ gzip:   6.66 kB
.pkg03-fullpage-tools/production/assets/leave-BkQW5fgn.js                                   16.85 kB │ gzip:   7.07 kB
.pkg03-fullpage-tools/production/assets/Index-Cdx_YY-b.js                                   16.85 kB │ gzip:   6.90 kB
.pkg03-fullpage-tools/production/assets/Show-DOVsYPTK.js                                    16.86 kB │ gzip:   5.81 kB
.pkg03-fullpage-tools/production/assets/Index-CXyaLNuy.js                                   16.86 kB │ gzip:   6.94 kB
.pkg03-fullpage-tools/production/assets/note-detail-dialog-BAQiYDjZ.js                      16.88 kB │ gzip:   5.79 kB
.pkg03-fullpage-tools/production/assets/api-BGNzUmQs.js                                     16.90 kB │ gzip:   5.15 kB
.pkg03-fullpage-tools/production/assets/Index-BHYoiqh2.js                                   16.96 kB │ gzip:   6.65 kB
.pkg03-fullpage-tools/production/assets/cost-allocation-ugpMqWJ4.js                         17.04 kB │ gzip:   6.09 kB
.pkg03-fullpage-tools/production/assets/edit-DZxHqAFT.js                                    17.09 kB │ gzip:   6.31 kB
.pkg03-fullpage-tools/production/assets/family-notes-CFguJFYc.js                            17.09 kB │ gzip:   6.34 kB
.pkg03-fullpage-tools/production/assets/index-tdKN0FtQ.js                                   17.10 kB │ gzip:   6.68 kB
.pkg03-fullpage-tools/production/assets/leaflet-map-C0sMB7Wq.js                             17.11 kB │ gzip:   6.09 kB
.pkg03-fullpage-tools/production/assets/Index-CbL2fqHO.js                                   17.14 kB │ gzip:   6.18 kB
.pkg03-fullpage-tools/production/assets/Index-C0-YGUs1.js                                   17.18 kB │ gzip:   7.08 kB
.pkg03-fullpage-tools/production/assets/create-BAGExohe.js                                  17.19 kB │ gzip:   6.01 kB
.pkg03-fullpage-tools/production/assets/maintenance-EpN_SiOR.js                             17.27 kB │ gzip:   6.46 kB
.pkg03-fullpage-tools/production/assets/_dialogs-BkxCpMvS.js                                17.28 kB │ gzip:   6.46 kB
.pkg03-fullpage-tools/production/assets/worklists-BBnOb-oA.js                               17.29 kB │ gzip:   5.85 kB
.pkg03-fullpage-tools/production/assets/leave-hub-tabs-CzoMrPus.js                          17.30 kB │ gzip:   5.81 kB
.pkg03-fullpage-tools/production/assets/Index-BW3vY0zS.js                                   17.32 kB │ gzip:   7.23 kB
.pkg03-fullpage-tools/production/assets/week-picker-DLBwL9YM.js                             17.40 kB │ gzip:   6.73 kB
.pkg03-fullpage-tools/production/assets/handover-detail-dialog-DEP9nbju.js                  17.47 kB │ gzip:   5.92 kB
.pkg03-fullpage-tools/production/assets/view-timesheet-dialog-DSEl-7Y3.js                   17.49 kB │ gzip:   4.84 kB
.pkg03-fullpage-tools/production/assets/Index-B5Pz7QUt.js                                   17.60 kB │ gzip:   7.49 kB
.pkg03-fullpage-tools/production/assets/index-C9_-ZkWC.js                                   17.60 kB │ gzip:   6.72 kB
.pkg03-fullpage-tools/production/assets/index-BpnPaXDu.js                                   17.61 kB │ gzip:   5.92 kB
.pkg03-fullpage-tools/production/assets/_overview-dialogs-cRITp8a4.js                       17.62 kB │ gzip:   5.33 kB
.pkg03-fullpage-tools/production/assets/show-BdWR1tAE.js                                    17.68 kB │ gzip:   4.42 kB
.pkg03-fullpage-tools/production/assets/edit-B9i1RY_U.js                                    17.84 kB │ gzip:   6.45 kB
.pkg03-fullpage-tools/production/assets/index-CREcQEQr.js                                   17.88 kB │ gzip:   6.89 kB
.pkg03-fullpage-tools/production/assets/show-D6Bl0KA8.js                                    17.88 kB │ gzip:   6.38 kB
.pkg03-fullpage-tools/production/assets/substance-wizard-dialog-DNSgzxaQ.js                 17.90 kB │ gzip:   6.30 kB
.pkg03-fullpage-tools/production/assets/security-S0DANwKu.js                                17.97 kB │ gzip:   6.21 kB
.pkg03-fullpage-tools/production/assets/reports-CN_qhiii.js                                 17.98 kB │ gzip:   6.31 kB
.pkg03-fullpage-tools/production/assets/Show-PM0B3HCu.js                                    17.99 kB │ gzip:   6.07 kB
.pkg03-fullpage-tools/production/assets/Index-B1iUBhSz.js                                   17.99 kB │ gzip:   7.29 kB
.pkg03-fullpage-tools/production/assets/show-aZgni7Lg.js                                    17.99 kB │ gzip:   6.62 kB
.pkg03-fullpage-tools/production/assets/show-BlRU1nPb.js                                    18.01 kB │ gzip:   6.57 kB
.pkg03-fullpage-tools/production/assets/health-clinical-shell-DRvR3SZX.js                   18.05 kB │ gzip:   7.15 kB
.pkg03-fullpage-tools/production/assets/index-b2n7Zv1d.js                                   18.05 kB │ gzip:   4.71 kB
.pkg03-fullpage-tools/production/assets/index-Btv0s268.js                                   18.07 kB │ gzip:   2.18 kB
.pkg03-fullpage-tools/production/assets/shift-coverage-RnmSWUZv.js                          18.15 kB │ gzip:   6.41 kB
.pkg03-fullpage-tools/production/assets/Show-DZyb8LWK.js                                    18.17 kB │ gzip:   6.99 kB
.pkg03-fullpage-tools/production/assets/Show-BeXwRp6x.js                                    18.18 kB │ gzip:   7.33 kB
.pkg03-fullpage-tools/production/assets/daily-notes-BDh-hUq1.js                             18.19 kB │ gzip:   6.70 kB
.pkg03-fullpage-tools/production/assets/Index-DoD42Ys0.js                                   18.19 kB │ gzip:   7.42 kB
.pkg03-fullpage-tools/production/assets/_dialogs-wJDGlZO_.js                                18.21 kB │ gzip:   6.67 kB
.pkg03-fullpage-tools/production/assets/payslip-detail-DQqUNcm-.js                          18.22 kB │ gzip:   6.08 kB
.pkg03-fullpage-tools/production/assets/dashboard-DGZVs2Mb.js                               18.22 kB │ gzip:   6.93 kB
.pkg03-fullpage-tools/production/assets/Edit-DXfY3xye.js                                    18.23 kB │ gzip:   6.96 kB
.pkg03-fullpage-tools/production/assets/book-vehicle-wizard-DDxopPaQ.js                     18.29 kB │ gzip:   5.52 kB
.pkg03-fullpage-tools/production/assets/index-Ddk8lF55.js                                   18.30 kB │ gzip:   7.20 kB
.pkg03-fullpage-tools/production/assets/Show-DxWAaq_c.js                                    18.34 kB │ gzip:   7.14 kB
.pkg03-fullpage-tools/production/assets/Show-7YwvBIs6.js                                    18.42 kB │ gzip:   7.39 kB
.pkg03-fullpage-tools/production/assets/announcement-wizard-YPhSGcBo.js                     18.46 kB │ gzip:   6.36 kB
.pkg03-fullpage-tools/production/assets/index-C92EHrod.js                                   18.49 kB │ gzip:   6.53 kB
.pkg03-fullpage-tools/production/assets/schedule-DvCtayWe.js                                18.59 kB │ gzip:   6.36 kB
.pkg03-fullpage-tools/production/assets/directory-CrEr6Cax.js                               18.60 kB │ gzip:   6.29 kB
.pkg03-fullpage-tools/production/assets/Show-CdKG431L.js                                    18.65 kB │ gzip:   7.52 kB
.pkg03-fullpage-tools/production/assets/create-wizard-BZQSniNQ.js                           18.66 kB │ gzip:   6.49 kB
.pkg03-fullpage-tools/production/assets/index-BfyA3PyN.js                                   18.68 kB │ gzip:   7.23 kB
.pkg03-fullpage-tools/production/assets/show-9x0w87xN.js                                    18.72 kB │ gzip:   6.81 kB
.pkg03-fullpage-tools/production/assets/chains-BHDpmQQY.js                                  18.76 kB │ gzip:   6.61 kB
.pkg03-fullpage-tools/production/assets/ppe-detail-dialog-DQ0sZy6k.js                       18.78 kB │ gzip:   6.39 kB
.pkg03-fullpage-tools/production/assets/show-review-CSAecurR.js                             18.83 kB │ gzip:   6.81 kB
.pkg03-fullpage-tools/production/assets/_recipes-panel-avLhT-VV.js                          18.88 kB │ gzip:   5.99 kB
.pkg03-fullpage-tools/production/assets/audit-logs-geMeNvQq.js                              18.90 kB │ gzip:   7.15 kB
.pkg03-fullpage-tools/production/assets/_dialogs-Dk01HHEG.js                                19.04 kB │ gzip:   6.14 kB
.pkg03-fullpage-tools/production/assets/goals-CHPXfMHK.js                                   19.20 kB │ gzip:   6.68 kB
.pkg03-fullpage-tools/production/assets/integrations-DmsLDHsl.js                            19.22 kB │ gzip:   6.64 kB
.pkg03-fullpage-tools/production/assets/show-BzoXlIiW.js                                    19.24 kB │ gzip:   7.09 kB
.pkg03-fullpage-tools/production/assets/edit-DBrPPcc-.js                                    19.28 kB │ gzip:   6.87 kB
.pkg03-fullpage-tools/production/assets/index-C05L4wZF.js                                   19.30 kB │ gzip:   7.55 kB
.pkg03-fullpage-tools/production/assets/two-factor-DAnVwBAe.js                              19.31 kB │ gzip:   7.17 kB
.pkg03-fullpage-tools/production/assets/index-TU4HqlPo.js                                   19.33 kB │ gzip:   6.63 kB
.pkg03-fullpage-tools/production/assets/_dialogs-OIRV30W1.js                                19.40 kB │ gzip:   7.19 kB
.pkg03-fullpage-tools/production/assets/escalations-BG_sfl2b.js                             19.49 kB │ gzip:   8.12 kB
.pkg03-fullpage-tools/production/assets/_templates-panel-BI2efBEH.js                        19.51 kB │ gzip:   5.98 kB
.pkg03-fullpage-tools/production/assets/calendar-sync-bA4h_b4J.js                           19.51 kB │ gzip:   7.38 kB
.pkg03-fullpage-tools/production/assets/index-BXszTi0a.js                                   19.53 kB │ gzip:   7.45 kB
.pkg03-fullpage-tools/production/assets/Shifts-BfQn7wbx.js                                  19.53 kB │ gzip:   7.10 kB
.pkg03-fullpage-tools/production/assets/show-CdasHZLR.js                                    19.60 kB │ gzip:   6.77 kB
.pkg03-fullpage-tools/production/assets/training-673l_PPU.js                                19.61 kB │ gzip:   6.51 kB
.pkg03-fullpage-tools/production/assets/Index-BeOgpqfk.js                                   19.65 kB │ gzip:   8.20 kB
.pkg03-fullpage-tools/production/assets/show-2ckej1yP.js                                    19.66 kB │ gzip:   7.44 kB
.pkg03-fullpage-tools/production/assets/Behaviour-BF5xleqn.js                               19.78 kB │ gzip:   6.95 kB
.pkg03-fullpage-tools/production/assets/Show-CBPwXQ0a.js                                    19.80 kB │ gzip:   7.78 kB
.pkg03-fullpage-tools/production/assets/Show-hFj7wLMo.js                                    19.87 kB │ gzip:   7.65 kB
.pkg03-fullpage-tools/production/assets/index-CCwThZqW.js                                   19.89 kB │ gzip:   7.74 kB
.pkg03-fullpage-tools/production/assets/features-ReHCYKjE.js                                19.96 kB │ gzip:   5.21 kB
.pkg03-fullpage-tools/production/assets/_dialogs-BUhMk-W7.js                                19.97 kB │ gzip:   7.03 kB
.pkg03-fullpage-tools/production/assets/index-CW5DQmK4.js                                   19.98 kB │ gzip:   7.40 kB
.pkg03-fullpage-tools/production/assets/edit-cbPbNgaL.js                                    20.19 kB │ gzip:   7.50 kB
.pkg03-fullpage-tools/production/assets/broadcast-BkEOJ6cE.js                               20.25 kB │ gzip:   7.79 kB
.pkg03-fullpage-tools/production/assets/dashboard-lVLEycoH.js                               20.27 kB │ gzip:   7.50 kB
.pkg03-fullpage-tools/production/assets/index-CHFyZuZr.js                                   20.27 kB │ gzip:   7.31 kB
.pkg03-fullpage-tools/production/assets/index-DWtLgt_z.js                                   20.29 kB │ gzip:   7.05 kB
.pkg03-fullpage-tools/production/assets/stats-CDXysm1q.js                                   20.31 kB │ gzip:   6.47 kB
.pkg03-fullpage-tools/production/assets/fixed-asset-dispose-dialog-Bt-M5psH.js              20.44 kB │ gzip:   6.68 kB
.pkg03-fullpage-tools/production/assets/show-joZWF2Us.js                                    20.49 kB │ gzip:   7.55 kB
.pkg03-fullpage-tools/production/assets/note-wizard-DcLpYDmV.js                             20.52 kB │ gzip:   6.59 kB
.pkg03-fullpage-tools/production/assets/_library-dialogs-YCazNCnU.js                        20.56 kB │ gzip:   5.59 kB
.pkg03-fullpage-tools/production/assets/medications-B3KKmXmo.js                             20.58 kB │ gzip:   7.20 kB
.pkg03-fullpage-tools/production/assets/shifts-DafblMVA.js                                  20.60 kB │ gzip:   6.77 kB
.pkg03-fullpage-tools/production/assets/_error-dialogs-BhyEkYC0.js                          20.66 kB │ gzip:   7.29 kB
.pkg03-fullpage-tools/production/assets/calendar-CaUYpcQW.js                                20.74 kB │ gzip:   6.76 kB
.pkg03-fullpage-tools/production/assets/history-BshlWekz.js                                 20.76 kB │ gzip:   7.15 kB
.pkg03-fullpage-tools/production/assets/shift-notes-dialog-c-Y75pI3.js                      20.84 kB │ gzip:   7.81 kB
.pkg03-fullpage-tools/production/assets/Index-DsvtedYB.js                                   20.93 kB │ gzip:   8.68 kB
.pkg03-fullpage-tools/production/assets/show-DXXZApU7.js                                    20.94 kB │ gzip:   7.10 kB
.pkg03-fullpage-tools/production/assets/record-observation-dialog-C4OJpxkd.js               20.96 kB │ gzip:   8.10 kB
.pkg03-fullpage-tools/production/assets/index-CjZbEKin.js                                   20.99 kB │ gzip:   8.58 kB
.pkg03-fullpage-tools/production/assets/create-QONYef_z.js                                  21.04 kB │ gzip:   6.05 kB
.pkg03-fullpage-tools/production/assets/index-Dt6wDKM5.js                                   21.08 kB │ gzip:   7.68 kB
.pkg03-fullpage-tools/production/assets/map-mfYyelLF.js                                     21.09 kB │ gzip:   6.61 kB
.pkg03-fullpage-tools/production/assets/balances-s1JflIbP.js                                21.10 kB │ gzip:   8.48 kB
.pkg03-fullpage-tools/production/assets/add-device-dialog-D5vvHMoW.js                       21.12 kB │ gzip:   7.34 kB
.pkg03-fullpage-tools/production/assets/Show-gzCneTmM.js                                    21.17 kB │ gzip:   8.05 kB
.pkg03-fullpage-tools/production/assets/create-P1tWCuCx.js                                  21.19 kB │ gzip:   7.12 kB
.pkg03-fullpage-tools/production/assets/show-v0hqGTgG.js                                    21.29 kB │ gzip:   7.50 kB
.pkg03-fullpage-tools/production/assets/show-BfJts70Z.js                                    21.33 kB │ gzip:   7.76 kB
.pkg03-fullpage-tools/production/assets/index-Cev1PHSD.js                                   21.58 kB │ gzip:   7.37 kB
.pkg03-fullpage-tools/production/assets/_dialogs-BrvmZi-0.js                                21.61 kB │ gzip:   7.65 kB
.pkg03-fullpage-tools/production/assets/parts-BaLAswFf.js                                   21.63 kB │ gzip:   6.74 kB
.pkg03-fullpage-tools/production/assets/Events-Sr3kgsKo.js                                  21.68 kB │ gzip:   7.97 kB
.pkg03-fullpage-tools/production/assets/Index-xgPWFN5x.js                                   21.70 kB │ gzip:   8.35 kB
.pkg03-fullpage-tools/production/assets/performance-wizards-B9Pqo6ik.js                     21.79 kB │ gzip:   7.44 kB
.pkg03-fullpage-tools/production/assets/index-BD2IbxlF.js                                   21.86 kB │ gzip:   8.03 kB
.pkg03-fullpage-tools/production/assets/create-BKDM0R1w.js                                  21.87 kB │ gzip:   8.70 kB
.pkg03-fullpage-tools/production/assets/calendar-DqhTbDb1.js                                21.87 kB │ gzip:   6.84 kB
.pkg03-fullpage-tools/production/assets/review-builder-dialog-xm_vPuyg.js                   21.89 kB │ gzip:   7.70 kB
.pkg03-fullpage-tools/production/assets/edit-DnOu--Ls.js                                    21.92 kB │ gzip:   7.35 kB
.pkg03-fullpage-tools/production/assets/Index-DNDEechC.js                                   21.96 kB │ gzip:   8.46 kB
.pkg03-fullpage-tools/production/assets/ppe-create-wizards-BGsZyzAg.js                      22.05 kB │ gzip:   7.38 kB
.pkg03-fullpage-tools/production/assets/incidents-KOBAnMkN.js                               22.17 kB │ gzip:   8.33 kB
.pkg03-fullpage-tools/production/assets/create-DryYBxpH.js                                  22.21 kB │ gzip:   7.41 kB
.pkg03-fullpage-tools/production/assets/home-XzKs1Vh5.js                                    22.23 kB │ gzip:   5.36 kB
.pkg03-fullpage-tools/production/assets/show-C4E3qaLz.js                                    22.42 kB │ gzip:   7.38 kB
.pkg03-fullpage-tools/production/assets/leave-request-dialog-fDMGjWT5.js                    22.51 kB │ gzip:   7.53 kB
.pkg03-fullpage-tools/production/assets/Index-C5aHr-uO.js                                   22.57 kB │ gzip:   8.50 kB
.pkg03-fullpage-tools/production/assets/payslips-Dir0Umsw.js                                22.58 kB │ gzip:   6.74 kB
.pkg03-fullpage-tools/production/assets/_dialogs-B8nRkLwp.js                                22.78 kB │ gzip:   8.44 kB
.pkg03-fullpage-tools/production/assets/incidents-CpzArhDN.js                               22.85 kB │ gzip:   8.51 kB
.pkg03-fullpage-tools/production/assets/personal-details-BJ3WZE5J.js                        22.97 kB │ gzip:   7.94 kB
.pkg03-fullpage-tools/production/assets/Show-D_mvGD_X.js                                    23.00 kB │ gzip:   8.56 kB
.pkg03-fullpage-tools/production/assets/notifications-B2Q8wpRC.js                           23.10 kB │ gzip:   8.27 kB
.pkg03-fullpage-tools/production/assets/Show-CL4PwaoB.js                                    23.11 kB │ gzip:   7.92 kB
.pkg03-fullpage-tools/production/assets/_competency-dialogs-BfbzVfej.js                     23.17 kB │ gzip:   7.74 kB
.pkg03-fullpage-tools/production/assets/resident-sidebar-CefmfEY5.js                        23.21 kB │ gzip:   8.33 kB
.pkg03-fullpage-tools/production/assets/Index-rojSLXAv.js                                   23.27 kB │ gzip:   7.72 kB
.pkg03-fullpage-tools/production/assets/index-CKvrgFzF.js                                   23.29 kB │ gzip:   8.07 kB
.pkg03-fullpage-tools/production/assets/Show-Bhp_RRw2.js                                    23.36 kB │ gzip:   8.58 kB
.pkg03-fullpage-tools/production/assets/unifi-DUyAZ9rU.js                                   23.40 kB │ gzip:   7.11 kB
.pkg03-fullpage-tools/production/assets/show-C1UzXG7C.js                                    23.43 kB │ gzip:   7.63 kB
.pkg03-fullpage-tools/production/assets/Show-CWuR1JwA.js                                    23.47 kB │ gzip:   8.97 kB
.pkg03-fullpage-tools/production/assets/create-wizard-BWONSg4F.js                           23.48 kB │ gzip:   8.18 kB
.pkg03-fullpage-tools/production/assets/Index-DDTmd_Gf.js                                   23.73 kB │ gzip:   9.21 kB
.pkg03-fullpage-tools/production/assets/one-BR5L3e1D.js                                     23.93 kB │ gzip:   8.28 kB
.pkg03-fullpage-tools/production/assets/_dialogs-CBId4yh3.js                                23.96 kB │ gzip:   8.97 kB
.pkg03-fullpage-tools/production/assets/analytics-charts-B2wiQlSL.js                        24.03 kB │ gzip:   6.47 kB
.pkg03-fullpage-tools/production/assets/Index-BUppmPZl.js                                   24.16 kB │ gzip:   8.51 kB
.pkg03-fullpage-tools/production/assets/Create-BdvnHxU0.js                                  24.21 kB │ gzip:   7.92 kB
.pkg03-fullpage-tools/production/assets/page-hero-DH6ITe6M.js                               24.23 kB │ gzip:   7.29 kB
.pkg03-fullpage-tools/production/assets/mar-governance-dialogs-DtheixVi.js                  24.30 kB │ gzip:   7.55 kB
.pkg03-fullpage-tools/production/assets/ResolutionResultCard-BUGazJTE.js                    24.31 kB │ gzip:   8.94 kB
.pkg03-fullpage-tools/production/assets/automations-BSgBLdHf.js                             24.73 kB │ gzip:   7.60 kB
.pkg03-fullpage-tools/production/assets/Show-BNIBcenY.js                                    24.74 kB │ gzip:   9.99 kB
.pkg03-fullpage-tools/production/assets/show-BoxWz3XZ.js                                    24.76 kB │ gzip:   7.80 kB
.pkg03-fullpage-tools/production/assets/restraint-event-wizard-Bv5Zb1vr.js                  24.76 kB │ gzip:   8.04 kB
.pkg03-fullpage-tools/production/assets/governance-labels-CJgR2U5s.js                       24.81 kB │ gzip:   8.17 kB
.pkg03-fullpage-tools/production/assets/Show-B6p1Jppm.js                                    24.89 kB │ gzip:   8.75 kB
.pkg03-fullpage-tools/production/assets/Show-Di1Jv3Fc.js                                    24.98 kB │ gzip:   9.63 kB
.pkg03-fullpage-tools/production/assets/Reconcile-FxL1-mVA.js                               25.01 kB │ gzip:   8.87 kB
.pkg03-fullpage-tools/production/assets/_review-dialogs-_eJGEJBN.js                         25.03 kB │ gzip:   7.95 kB
.pkg03-fullpage-tools/production/assets/index-CqVfLfBn.js                                   25.05 kB │ gzip:   8.18 kB
.pkg03-fullpage-tools/production/assets/objective-wizard-DzJkeMp3.js                        25.18 kB │ gzip:   7.13 kB
.pkg03-fullpage-tools/production/assets/Medications-xucNt0ws.js                             25.22 kB │ gzip:   9.17 kB
.pkg03-fullpage-tools/production/assets/Index-D3HpEJxN.js                                   25.40 kB │ gzip:   7.87 kB
.pkg03-fullpage-tools/production/assets/Show-C4-pZFDj.js                                    25.40 kB │ gzip:   9.75 kB
.pkg03-fullpage-tools/production/assets/index-DDiVlzCA.js                                   25.50 kB │ gzip:   9.65 kB
.pkg03-fullpage-tools/production/assets/sso-kz5VO-S5.js                                     25.50 kB │ gzip:   7.96 kB
.pkg03-fullpage-tools/production/assets/index-GcX3xdxx.js                                   25.50 kB │ gzip:   8.90 kB
.pkg03-fullpage-tools/production/assets/it-mailbox-CPX59vDJ.js                              25.61 kB │ gzip:   8.71 kB
.pkg03-fullpage-tools/production/assets/milesight-BDw-86vW.js                               25.86 kB │ gzip:   8.49 kB
.pkg03-fullpage-tools/production/assets/create-offer-Ey1YaKH8.js                            25.90 kB │ gzip:   8.80 kB
.pkg03-fullpage-tools/production/assets/dashboard-DLcbBduW.js                               26.03 kB │ gzip:   8.04 kB
.pkg03-fullpage-tools/production/assets/vendor-utils-Dr6D9L7d.js                            26.13 kB │ gzip:   8.47 kB
.pkg03-fullpage-tools/production/assets/Index-BTbQSQr7.js                                   26.14 kB │ gzip:   9.72 kB
.pkg03-fullpage-tools/production/assets/record-assessment-dialog-BYil8Rq7.js                26.18 kB │ gzip:   9.50 kB
.pkg03-fullpage-tools/production/assets/documents-wizards-Dag_e3ZS.js                       26.26 kB │ gzip:   9.26 kB
.pkg03-fullpage-tools/production/assets/show-DeAEIaKx.js                                    26.32 kB │ gzip:   8.96 kB
.pkg03-fullpage-tools/production/assets/_dialogs-BUfJOTok.js                                26.33 kB │ gzip:   8.32 kB
.pkg03-fullpage-tools/production/assets/index-CZfLDkWj.js                                   26.33 kB │ gzip:   9.00 kB
.pkg03-fullpage-tools/production/assets/transport-medication-dialogs-NCXZrWdt.js            26.35 kB │ gzip:   6.07 kB
.pkg03-fullpage-tools/production/assets/show-OZ72nR1W.js                                    26.50 kB │ gzip:   7.65 kB
.pkg03-fullpage-tools/production/assets/Handovers-GiN90_eL.js                               26.66 kB │ gzip:  10.42 kB
.pkg03-fullpage-tools/production/assets/_workspace-dialogs-Ug8RWptS.js                      26.81 kB │ gzip:   8.76 kB
.pkg03-fullpage-tools/production/assets/create-CICByS-C.js                                  26.88 kB │ gzip:   7.52 kB
.pkg03-fullpage-tools/production/assets/index-lRwsyLR0.js                                   27.09 kB │ gzip:   9.66 kB
.pkg03-fullpage-tools/production/assets/show-faHDbeQ3.js                                    27.13 kB │ gzip:   9.04 kB
.pkg03-fullpage-tools/production/assets/index-D1a-bsPM.js                                   27.29 kB │ gzip:   9.46 kB
.pkg03-fullpage-tools/production/assets/SelfAdmin-nUd91V-L.js                               27.40 kB │ gzip:   9.09 kB
.pkg03-fullpage-tools/production/assets/show-De4YHU_4.js                                    27.63 kB │ gzip:   9.76 kB
.pkg03-fullpage-tools/production/assets/care-support-plan-CmusBvWx.js                       27.64 kB │ gzip:   9.13 kB
.pkg03-fullpage-tools/production/assets/provisioning-command-dialog-K1jQBMYE.js             27.65 kB │ gzip:  10.76 kB
.pkg03-fullpage-tools/production/assets/Index-BmtFZFWp.js                                   27.70 kB │ gzip:  10.41 kB
.pkg03-fullpage-tools/production/assets/index-ASu55LVc.js                                   27.78 kB │ gzip:   9.76 kB
.pkg03-fullpage-tools/production/assets/index-C97wzZh5.js                                   27.83 kB │ gzip:   9.31 kB
.pkg03-fullpage-tools/production/assets/edit-CYM38bCe.js                                    27.89 kB │ gzip:   9.29 kB
.pkg03-fullpage-tools/production/assets/asset-wizard-dialog-CdAhXm69.js                     28.02 kB │ gzip:   9.38 kB
.pkg03-fullpage-tools/production/assets/smart-monitoring-C_QDsTAW.js                        28.02 kB │ gzip:   6.47 kB
.pkg03-fullpage-tools/production/assets/Index-Ddx1yMkf.js                                   28.06 kB │ gzip:  10.41 kB
.pkg03-fullpage-tools/production/assets/index-CFE_kP9o.js                                   28.22 kB │ gzip:   9.17 kB
.pkg03-fullpage-tools/production/assets/show-BcJeW7yt.js                                    28.39 kB │ gzip:   9.96 kB
.pkg03-fullpage-tools/production/assets/index-GwA2rXxt.js                                   28.49 kB │ gzip:   9.17 kB
.pkg03-fullpage-tools/production/assets/show-CarEWmkN.js                                    28.70 kB │ gzip:   8.52 kB
.pkg03-fullpage-tools/production/assets/show-CeZY0UWN.js                                    28.71 kB │ gzip:  10.30 kB
.pkg03-fullpage-tools/production/assets/index-CDy8VoLd.js                                   28.74 kB │ gzip:   8.64 kB
.pkg03-fullpage-tools/production/assets/_self-admin-dialogs-B0_bT1kG.js                     28.79 kB │ gzip:   9.48 kB
.pkg03-fullpage-tools/production/assets/Show-Dc78e-B2.js                                    28.99 kB │ gzip:   9.10 kB
.pkg03-fullpage-tools/production/assets/Create-D3iZIE3o.js                                  29.05 kB │ gzip:  10.15 kB
.pkg03-fullpage-tools/production/assets/guided-round-dialog-B3vShEU9.js                     29.15 kB │ gzip:   9.61 kB
.pkg03-fullpage-tools/production/assets/templates-sT396_by.js                               29.60 kB │ gzip:  10.53 kB
.pkg03-fullpage-tools/production/assets/documents-PBEf697F.js                               29.64 kB │ gzip:   9.21 kB
.pkg03-fullpage-tools/production/assets/index-D9rgxclD.js                                   29.90 kB │ gzip:   9.80 kB
.pkg03-fullpage-tools/production/assets/_dialogs-Tp9uQ4Sn.js                                30.01 kB │ gzip:  10.01 kB
.pkg03-fullpage-tools/production/assets/run-modal-jfkGIT25.js                               30.05 kB │ gzip:  10.26 kB
.pkg03-fullpage-tools/production/assets/page-header-BcDE0vkZ.js                             30.13 kB │ gzip:   9.17 kB
.pkg03-fullpage-tools/production/assets/procedure-detail-dialog-DxnS0XrJ.js                 30.20 kB │ gzip:   9.63 kB
.pkg03-fullpage-tools/production/assets/show-b-NVMfwS.js                                    30.26 kB │ gzip:   9.80 kB
.pkg03-fullpage-tools/production/assets/_dialogs-CEOrEFiS.js                                30.36 kB │ gzip:   9.18 kB
.pkg03-fullpage-tools/production/assets/Show-DkEdhglE.js                                    30.53 kB │ gzip:  11.02 kB
.pkg03-fullpage-tools/production/assets/_dialogs-Qn4MGzHw.js                                30.54 kB │ gzip:  10.92 kB
.pkg03-fullpage-tools/production/assets/Competency--vr-M6Ex.js                              30.54 kB │ gzip:  10.27 kB
.pkg03-fullpage-tools/production/assets/MedicationErrors-Ck4lUlBn.js                        30.80 kB │ gzip:  11.20 kB
.pkg03-fullpage-tools/production/assets/_hero-DatiPWqs.js                                   30.94 kB │ gzip:   9.77 kB
.pkg03-fullpage-tools/production/assets/access-C1jAf_vJ.js                                  31.08 kB │ gzip:  10.20 kB
.pkg03-fullpage-tools/production/assets/_shopping-list-panel-DDHOf6BM.js                    31.33 kB │ gzip:  11.00 kB
.pkg03-fullpage-tools/production/assets/index-XWnGTfoe.js                                   31.33 kB │ gzip:  10.74 kB
.pkg03-fullpage-tools/production/assets/Reviews-D87-7rHq.js                                 31.71 kB │ gzip:  10.43 kB
.pkg03-fullpage-tools/production/assets/_dialogs-_CCmcnI5.js                                31.87 kB │ gzip:   9.50 kB
.pkg03-fullpage-tools/production/assets/_stock-dialogs-xpZlp2hh.js                          31.91 kB │ gzip:   9.55 kB
.pkg03-fullpage-tools/production/assets/notification-escalations-BoNLhoFU.js                32.11 kB │ gzip:  10.02 kB
.pkg03-fullpage-tools/production/assets/email-settings-CYwtST3o.js                          32.20 kB │ gzip:  10.33 kB
.pkg03-fullpage-tools/production/assets/access-29ZbNsaD.js                                  32.52 kB │ gzip:  11.60 kB
.pkg03-fullpage-tools/production/assets/index-D1p7hoz7.js                                   32.88 kB │ gzip:  11.95 kB
.pkg03-fullpage-tools/production/assets/Show-ety6GeFQ.js                                    33.23 kB │ gzip:  11.65 kB
.pkg03-fullpage-tools/production/assets/_dialogs-uhykZ6cs.js                                33.24 kB │ gzip:  10.69 kB
.pkg03-fullpage-tools/production/assets/Show-BYusY2yL.js                                    33.55 kB │ gzip:  11.73 kB
.pkg03-fullpage-tools/production/assets/index-KAYCkx4G.js                                   33.57 kB │ gzip:  11.58 kB
.pkg03-fullpage-tools/production/assets/index-CWI3fWMr.js                                   33.97 kB │ gzip:  11.62 kB
.pkg03-fullpage-tools/production/assets/index-1C_-TfP2.js                                   34.34 kB │ gzip:  12.23 kB
.pkg03-fullpage-tools/production/assets/show-CGlWoWlL.js                                    34.75 kB │ gzip:  10.65 kB
.pkg03-fullpage-tools/production/assets/Destructions-Bi8tYw6x.js                            34.75 kB │ gzip:  12.44 kB
.pkg03-fullpage-tools/production/assets/medical-3nY-UJ0c.js                                 34.82 kB │ gzip:   7.87 kB
.pkg03-fullpage-tools/production/assets/_prescription-dialogs-BMVBoAiT.js                   35.11 kB │ gzip:   9.92 kB
.pkg03-fullpage-tools/production/assets/index-D-U49ohc.js                                   35.11 kB │ gzip:  11.91 kB
.pkg03-fullpage-tools/production/assets/Index-Vwf3GltJ.js                                   35.21 kB │ gzip:  11.55 kB
.pkg03-fullpage-tools/production/assets/_cd-dialogs-DGiIoepT.js                             35.36 kB │ gzip:   9.45 kB
.pkg03-fullpage-tools/production/assets/documents-DXxns71_.js                               35.47 kB │ gzip:  11.42 kB
.pkg03-fullpage-tools/production/assets/index-CXKhCCsj.js                                   35.78 kB │ gzip:  12.40 kB
.pkg03-fullpage-tools/production/assets/index-BWTxVO7-.js                                   36.51 kB │ gzip:  11.76 kB
.pkg03-fullpage-tools/production/assets/messages-Cau4b9gp.js                                36.56 kB │ gzip:  11.86 kB
.pkg03-fullpage-tools/production/assets/reviews-DxRhNNRu.js                                 36.72 kB │ gzip:  11.57 kB
.pkg03-fullpage-tools/production/assets/index-BQgpPRMf.js                                   37.09 kB │ gzip:  13.95 kB
.pkg03-fullpage-tools/production/assets/handover-DioADu1J.js                                37.30 kB │ gzip:  11.81 kB
.pkg03-fullpage-tools/production/assets/Create-BOYKXtpv.js                                  37.31 kB │ gzip:  12.08 kB
.pkg03-fullpage-tools/production/assets/index-vr7DRdBd.js                                   37.65 kB │ gzip:  11.77 kB
.pkg03-fullpage-tools/production/assets/_inspector-qXSMy8as.js                              37.95 kB │ gzip:  11.54 kB
.pkg03-fullpage-tools/production/assets/documents-Bsht2SDf.js                               37.97 kB │ gzip:  12.58 kB
.pkg03-fullpage-tools/production/assets/Dashboard-CMFYCvxd.js                               38.03 kB │ gzip:  14.31 kB
.pkg03-fullpage-tools/production/assets/index-ZLR3V_7v.js                                   38.06 kB │ gzip:  14.56 kB
.pkg03-fullpage-tools/production/assets/Show-DTJ1ZhEj.js                                    38.08 kB │ gzip:  14.44 kB
.pkg03-fullpage-tools/production/assets/global-D5Ave-UT.js                                  38.36 kB │ gzip:  12.87 kB
.pkg03-fullpage-tools/production/assets/hazard-register-BW4siMZS.js                         38.49 kB │ gzip:  12.71 kB
.pkg03-fullpage-tools/production/assets/Reports-DlImSH39.js                                 38.51 kB │ gzip:  12.92 kB
.pkg03-fullpage-tools/production/assets/Show-Y23rUclM.js                                    39.42 kB │ gzip:  11.39 kB
.pkg03-fullpage-tools/production/assets/index-DzQeHEWG.js                                   39.46 kB │ gzip:  13.03 kB
.pkg03-fullpage-tools/production/assets/index-ecSgIXSx.js                                   39.94 kB │ gzip:  13.07 kB
.pkg03-fullpage-tools/production/assets/index-DvSpds0U.js                                   40.23 kB │ gzip:  12.94 kB
.pkg03-fullpage-tools/production/assets/index-D5R4QNLa.js                                   40.30 kB │ gzip:  13.82 kB
.pkg03-fullpage-tools/production/assets/case-wizards-DGF03jfY.js                            40.74 kB │ gzip:  11.64 kB
.pkg03-fullpage-tools/production/assets/compliance-wizards-B6S6SJm-.js                      40.82 kB │ gzip:  12.71 kB
.pkg03-fullpage-tools/production/assets/index-DTvnCmpU.js                                   40.85 kB │ gzip:  14.72 kB
.pkg03-fullpage-tools/production/assets/index--uFcxMRr.js                                   40.89 kB │ gzip:  13.37 kB
.pkg03-fullpage-tools/production/assets/index-CntQY6qJ.js                                   41.25 kB │ gzip:  14.35 kB
.pkg03-fullpage-tools/production/assets/_dialogs-Cnrvx4Ea.js                                41.35 kB │ gzip:  12.02 kB
.pkg03-fullpage-tools/production/assets/index-VCm2cZvc.js                                   41.46 kB │ gzip:  14.10 kB
.pkg03-fullpage-tools/production/assets/bands-C9LKozzR.js                                   41.54 kB │ gzip:  14.32 kB
.pkg03-fullpage-tools/production/assets/Edit-DxVdr4wz.js                                    41.76 kB │ gzip:  13.31 kB
.pkg03-fullpage-tools/production/assets/profile-DuLlJhh5.js                                 41.88 kB │ gzip:  14.12 kB
.pkg03-fullpage-tools/production/assets/index-CNBPGmTc.js                                   41.90 kB │ gzip:  15.14 kB
.pkg03-fullpage-tools/production/assets/discovery-BDDLnf2v.js                               42.49 kB │ gzip:  12.95 kB
.pkg03-fullpage-tools/production/assets/app-layout-CQmm2qX4.js                              42.65 kB │ gzip:  13.33 kB
.pkg03-fullpage-tools/production/assets/index-CJx8NNXL.js                                   42.69 kB │ gzip:  13.78 kB
.pkg03-fullpage-tools/production/assets/sso-config-j_E9NxoK.js                              42.72 kB │ gzip:  13.91 kB
.pkg03-fullpage-tools/production/assets/handover-wizard-uC8zztvD.js                         43.01 kB │ gzip:  13.60 kB
.pkg03-fullpage-tools/production/assets/core.esm-D5j4X1h1.js                                43.17 kB │ gzip:  14.39 kB
.pkg03-fullpage-tools/production/assets/service-contexts-B081Guca.js                        43.66 kB │ gzip:  13.98 kB
.pkg03-fullpage-tools/production/assets/_dialogs-BJG596a8.js                                43.74 kB │ gzip:  14.03 kB
.pkg03-fullpage-tools/production/assets/StockManagement-D5dm42Gq.js                         43.80 kB │ gzip:  13.10 kB
.pkg03-fullpage-tools/production/assets/show-DLQ0mk3o.js                                    44.17 kB │ gzip:  14.91 kB
.pkg03-fullpage-tools/production/assets/Dashboard-CA7ka1kZ.js                               44.18 kB │ gzip:  10.83 kB
.pkg03-fullpage-tools/production/assets/show-CnbjYjh1.js                                    44.18 kB │ gzip:  14.93 kB
.pkg03-fullpage-tools/production/assets/Index-CKCe6G5I.js                                   44.19 kB │ gzip:  15.17 kB
.pkg03-fullpage-tools/production/assets/_canvas-DIBKYRUm.js                                 44.48 kB │ gzip:  12.88 kB
.pkg03-fullpage-tools/production/assets/branding-CMPLdWkt.js                                44.72 kB │ gzip:  13.96 kB
.pkg03-fullpage-tools/production/assets/asset-wizards-CWb3MQei.js                           45.18 kB │ gzip:  13.11 kB
.pkg03-fullpage-tools/production/assets/AuditLog-CBnC2aI3.js                                45.23 kB │ gzip:  15.25 kB
.pkg03-fullpage-tools/production/assets/index-CE1Rlbpb.js                                   45.51 kB │ gzip:  12.97 kB
.pkg03-fullpage-tools/production/assets/MarCharts-B2gnTJD0.js                               45.62 kB │ gzip:  15.78 kB
.pkg03-fullpage-tools/production/assets/Prescriptions-CulXCoPj.js                           46.29 kB │ gzip:  14.05 kB
.pkg03-fullpage-tools/production/assets/Show-DVZlwa-F.js                                    47.17 kB │ gzip:  16.36 kB
.pkg03-fullpage-tools/production/assets/incident-detail-dialog-BM6ctXQG.js                  47.33 kB │ gzip:  14.30 kB
.pkg03-fullpage-tools/production/assets/drill-detail-dialog-k-W3Ad3v.js                     47.88 kB │ gzip:  13.52 kB
.pkg03-fullpage-tools/production/assets/Rounds-CmV7CJaO.js                                  48.18 kB │ gzip:  15.14 kB
.pkg03-fullpage-tools/production/assets/incident-report-dialog-CGSLbkMZ.js                  48.28 kB │ gzip:  15.87 kB
.pkg03-fullpage-tools/production/assets/dashboard-BqiXhLK0.js                               48.33 kB │ gzip:  16.02 kB
.pkg03-fullpage-tools/production/assets/_dialogs-Cs0PhtFP.js                                48.54 kB │ gzip:  14.36 kB
.pkg03-fullpage-tools/production/assets/index-CTALu5OB.js                                   48.84 kB │ gzip:  15.61 kB
.pkg03-fullpage-tools/production/assets/create-shift-dialog-C3cL265x.js                     49.10 kB │ gzip:  14.24 kB
.pkg03-fullpage-tools/production/assets/index-BEEtI2vO.js                                   49.23 kB │ gzip:  15.15 kB
.pkg03-fullpage-tools/production/assets/_wizard-DAF4RCDX.js                                 49.39 kB │ gzip:  15.33 kB
.pkg03-fullpage-tools/production/assets/welcome-BjU6C8JG.js                                 50.21 kB │ gzip:   9.57 kB
.pkg03-fullpage-tools/production/assets/index-B-BJFNYj.js                                   51.01 kB │ gzip:  16.04 kB
.pkg03-fullpage-tools/production/assets/index-DYhBaEMu.js                                   51.75 kB │ gzip:  15.94 kB
.pkg03-fullpage-tools/production/assets/family-dashboard-BKZZFDXl.js                        51.90 kB │ gzip:  15.09 kB
.pkg03-fullpage-tools/production/assets/ra-wizard-dialog-DQ9x2aFB.js                        51.97 kB │ gzip:  16.28 kB
.pkg03-fullpage-tools/production/assets/show-jUngndLy.js                                    52.00 kB │ gzip:  17.70 kB
.pkg03-fullpage-tools/production/assets/hazard-detail-dialog-uzakl9Af.js                    52.62 kB │ gzip:  15.19 kB
.pkg03-fullpage-tools/production/assets/show-AJVE9V0c.js                                    52.67 kB │ gzip:  15.79 kB
.pkg03-fullpage-tools/production/assets/index-6tqtcEKh.js                                   52.82 kB │ gzip:  16.01 kB
.pkg03-fullpage-tools/production/assets/settings-CfwcoOWz.js                                53.27 kB │ gzip:  15.52 kB
.pkg03-fullpage-tools/production/assets/index-7V1-R7kq.js                                   56.35 kB │ gzip:  19.07 kB
.pkg03-fullpage-tools/production/assets/Show-B-iNYXzu.js                                    57.33 kB │ gzip:  17.31 kB
.pkg03-fullpage-tools/production/assets/CockpitLayout-CY8nbd0u.js                           57.41 kB │ gzip:  17.89 kB
.pkg03-fullpage-tools/production/assets/device-profile-sections-CCajMWyo.js                 58.12 kB │ gzip:  16.91 kB
.pkg03-fullpage-tools/production/assets/dashboard-9IyH2FS9.js                               58.68 kB │ gzip:  16.93 kB
.pkg03-fullpage-tools/production/assets/show-D6lxKb88.js                                    59.01 kB │ gzip:  20.17 kB
.pkg03-fullpage-tools/production/assets/my-hr-shell-BQyEJ47z.js                             59.82 kB │ gzip:  18.82 kB
.pkg03-fullpage-tools/production/assets/Index-CTb5TiiA.js                                   59.88 kB │ gzip:  19.11 kB
.pkg03-fullpage-tools/production/assets/medical-iU1X_kVZ.js                                 60.16 kB │ gzip:  12.05 kB
.pkg03-fullpage-tools/production/assets/_parts-BoNJTvWv.js                                  60.60 kB │ gzip:  19.59 kB
.pkg03-fullpage-tools/production/assets/PrnRecords-CkejDmRT.js                              60.67 kB │ gzip:  18.65 kB
.pkg03-fullpage-tools/production/assets/conflicts-Xi3WOeBT.js                               61.15 kB │ gzip:  19.77 kB
.pkg03-fullpage-tools/production/assets/Show-B_r2ji_e.js                                    62.45 kB │ gzip:  21.39 kB
.pkg03-fullpage-tools/production/assets/settings-CqbICiin.js                                63.25 kB │ gzip:  17.20 kB
.pkg03-fullpage-tools/production/assets/index-CKWYZlb3.js                                   64.21 kB │ gzip:  19.31 kB
.pkg03-fullpage-tools/production/assets/dashboard-DdZ0SdLa.js                               64.40 kB │ gzip:  20.34 kB
.pkg03-fullpage-tools/production/assets/data-eg4Rvt14.js                                    64.57 kB │ gzip:  13.96 kB
.pkg03-fullpage-tools/production/assets/monitoring-CgvYXN__.js                              65.71 kB │ gzip:  19.52 kB
.pkg03-fullpage-tools/production/assets/ControlledDrugs-CeN_PoAz.js                         65.76 kB │ gzip:  20.40 kB
.pkg03-fullpage-tools/production/assets/catalog-Ky-iKQlv.js                                 66.69 kB │ gzip:  17.70 kB
.pkg03-fullpage-tools/production/assets/Show-k3Qc02OB.js                                    67.24 kB │ gzip:  19.32 kB
.pkg03-fullpage-tools/production/assets/show-B2OSOtKP.js                                    67.71 kB │ gzip:  15.07 kB
.pkg03-fullpage-tools/production/assets/show-BrsjHgE_.js                                    68.50 kB │ gzip:  20.30 kB
.pkg03-fullpage-tools/production/assets/index-BMC1TjId.js                                   68.99 kB │ gzip:  21.42 kB
.pkg03-fullpage-tools/production/assets/index-CNixaiA2.js                                   69.29 kB │ gzip:  21.85 kB
.pkg03-fullpage-tools/production/assets/analytics-35_Qgo3A.js                               70.55 kB │ gzip:  23.89 kB
.pkg03-fullpage-tools/production/assets/SiteCalendar-BzHy76A1.js                            71.73 kB │ gzip:  22.70 kB
.pkg03-fullpage-tools/production/assets/concern-dialog-ZJE5GvGH.js                          72.32 kB │ gzip:  20.08 kB
.pkg03-fullpage-tools/production/assets/legacy-profile-sections-Da4OOZYT.js                 72.97 kB │ gzip:  19.49 kB
.pkg03-fullpage-tools/production/assets/show-BaKDX08E.js                                    74.22 kB │ gzip:  23.06 kB
.pkg03-fullpage-tools/production/assets/index-DaDk4-3b.js                                   77.35 kB │ gzip:  22.51 kB
.pkg03-fullpage-tools/production/assets/_calendar-grid-CkeACI9O.js                          77.46 kB │ gzip:  22.95 kB
.pkg03-fullpage-tools/production/assets/index-K0Vlwjls.js                                   78.21 kB │ gzip:  23.80 kB
.pkg03-fullpage-tools/production/assets/index-LSOOGDXO.js                                   80.52 kB │ gzip:  23.34 kB
.pkg03-fullpage-tools/production/assets/index-CV1Zi50-.js                                   81.60 kB │ gzip:  24.46 kB
.pkg03-fullpage-tools/production/assets/_create-dialog-CXpZBlJb.js                          81.93 kB │ gzip:  27.49 kB
.pkg03-fullpage-tools/production/assets/index-DEDdNIS3.js                                   83.68 kB │ gzip:  27.20 kB
.pkg03-fullpage-tools/production/assets/index-DCx9mI5e.js                                   86.87 kB │ gzip:  24.95 kB
.pkg03-fullpage-tools/production/assets/Index-BUUKLRYb.js                                   88.69 kB │ gzip:  26.78 kB
.pkg03-fullpage-tools/production/assets/index-BhS3GWxT.js                                   88.70 kB │ gzip:  27.26 kB
.pkg03-fullpage-tools/production/assets/staff-page-shell-CoaD0nV-.js                        91.49 kB │ gzip:  27.12 kB
.pkg03-fullpage-tools/production/assets/index-C0A-7vLS.js                                   94.88 kB │ gzip:  28.19 kB
.pkg03-fullpage-tools/production/assets/show-BFqVXxKV.js                                    99.19 kB │ gzip:  25.78 kB
.pkg03-fullpage-tools/production/assets/ticket-intake-fields-DMRbUupX.js                   102.61 kB │ gzip:  30.27 kB
.pkg03-fullpage-tools/production/assets/index-BxRLhlz_.js                                  103.33 kB │ gzip:  31.09 kB
.pkg03-fullpage-tools/production/assets/index-CFoAEmEb.js                                  103.98 kB │ gzip:  31.56 kB
.pkg03-fullpage-tools/production/assets/index-DWU2a31_.js                                  107.39 kB │ gzip:  31.44 kB
.pkg03-fullpage-tools/production/assets/show-ZVdcF1AW.js                                   108.93 kB │ gzip:  34.38 kB
.pkg03-fullpage-tools/production/assets/queclink-hub-BzLMpT3s.js                           109.71 kB │ gzip:  33.64 kB
.pkg03-fullpage-tools/production/assets/it-wizards-8zEssin5.js                             111.72 kB │ gzip:  35.88 kB
.pkg03-fullpage-tools/production/assets/index-rN9mTuuO.js                                  111.85 kB │ gzip:  30.53 kB
.pkg03-fullpage-tools/production/assets/workspace-C4Z16opf.js                              128.30 kB │ gzip:  38.71 kB
.pkg03-fullpage-tools/production/assets/ticket-reopen-dialog-DFN4Uurw.js                   145.73 kB │ gzip:  46.13 kB
.pkg03-fullpage-tools/production/assets/event-detail-dialog-DHb28Ck8.js                    148.01 kB │ gzip:  38.86 kB
.pkg03-fullpage-tools/production/assets/vendor-maps-0s5ZCRUw.js                            149.92 kB │ gzip:  43.49 kB
.pkg03-fullpage-tools/production/assets/index-XAUMcLMw.js                                  155.92 kB │ gzip:  42.58 kB
.pkg03-fullpage-tools/production/assets/index-7Qy9_tHS.js                                  156.14 kB │ gzip:  45.39 kB
.pkg03-fullpage-tools/production/assets/alert-workspace-dialog-CR5TburA.js                 158.46 kB │ gzip:  44.47 kB
.pkg03-fullpage-tools/production/assets/index-FCiBx7q5.js                                  159.59 kB │ gzip:  45.13 kB
.pkg03-fullpage-tools/production/assets/knowledge-revision-dialog-f_sfBiHN.js              177.56 kB │ gzip:  49.73 kB
.pkg03-fullpage-tools/production/assets/vendor-react-C99fm9h8.js                           193.87 kB │ gzip:  60.86 kB
.pkg03-fullpage-tools/production/assets/vendor-inertia-L00mYErJ.js                         195.04 kB │ gzip:  65.83 kB
.pkg03-fullpage-tools/production/assets/category-Cg5f6kdj.js                               206.52 kB │ gzip:  51.95 kB
.pkg03-fullpage-tools/production/assets/index-k2TErjm_.js                                  215.01 kB │ gzip:  68.39 kB
.pkg03-fullpage-tools/production/assets/index-DYgmtIAc.js                                  236.32 kB │ gzip:  70.76 kB
.pkg03-fullpage-tools/production/assets/vendor-calendar-NWT3TLWG.js                        267.92 kB │ gzip:  79.12 kB
.pkg03-fullpage-tools/production/assets/vendor-ui-BuO1Y5tc.js                              276.38 kB │ gzip:  76.83 kB
.pkg03-fullpage-tools/production/assets/index-BYkKvph1.js                                  317.36 kB │ gzip:  88.15 kB
.pkg03-fullpage-tools/production/assets/show-BnJjJtZY.js                                   328.53 kB │ gzip:  98.16 kB
.pkg03-fullpage-tools/production/assets/show-DRhIsnvV.js                                   348.15 kB │ gzip:  98.12 kB
.pkg03-fullpage-tools/production/assets/vendor-charts-DT3hslkE.js                          398.58 kB │ gzip: 115.53 kB
.pkg03-fullpage-tools/production/assets/pdf-YYBQA8p7.js                                    437.74 kB │ gzip: 131.10 kB
.pkg03-fullpage-tools/production/assets/app-BOPa_ajO.js                                    509.36 kB │ gzip:  82.70 kB
.pkg03-fullpage-tools/production/assets/show-Das9rZOK.js                                   789.43 kB │ gzip: 253.33 kB

(!) Some chunks are larger than 500 kB after minification. Consider:
- Using dynamic import() to code-split the application
- Use build.rollupOptions.output.manualChunks to improve chunking: https://rollupjs.org/configuration-options/#output-manualchunks
- Adjust chunk size limit for this warning via build.chunkSizeWarningLimit.
✓ built in 5m 50s
