vite v7.3.6 building client environment for production...
[plugin @laravel/vite-plugin-wayfinder] Types generated for actions, routes, form variants
transforming...
✓ 5451 modules transformed.
rendering chunks...
computing gzip size...
public/build/assets/layers-BWBAp2CZ.png                                  0.70 kB
public/build/assets/layers-2x-Bpkbi35X.png                               1.26 kB
public/build/assets/marker-icon-hN30_KVU.png                             1.47 kB
public/build/assets/pdf.worker.min-Dswkl-cV.mjs                      1,265.41 kB
public/build/manifest.json                                           3,841.32 kB │ gzip: 209.04 kB
public/build/assets/show-DItqkuBD.css                                    0.04 kB │ gzip:   0.06 kB
public/build/assets/booking-wizard-BYFUJ1mS.css                          0.73 kB │ gzip:   0.34 kB
public/build/assets/show-BlsQFc8X.css                                    0.96 kB │ gzip:   0.38 kB
public/build/assets/fleet-map-Cc-sKlod.css                               1.80 kB │ gzip:   0.73 kB
public/build/assets/index-BfYF406j.css                                   8.96 kB │ gzip:   1.95 kB
public/build/assets/transport-B_iFYDj4.css                               9.27 kB │ gzip:   2.24 kB
public/build/assets/vendor-maps-CLLlcC51.css                            11.08 kB │ gzip:   2.73 kB
public/build/assets/workspace-Bd2kW8NQ.css                              11.42 kB │ gzip:   2.58 kB
public/build/assets/knowledge-revision-dialog-D-juoI1B.css              12.92 kB │ gzip:   3.14 kB
public/build/assets/location-workspace-BnCaAc4S.css                     16.92 kB │ gzip:   3.64 kB
public/build/assets/dashboard-CynApWYI.css                              25.76 kB │ gzip:   4.58 kB
public/build/assets/index-Dmrchnqb.css                                  79.87 kB │ gzip:   9.87 kB
public/build/assets/show-DFV0a2Rv.css                                  117.04 kB │ gzip:  17.10 kB
public/build/assets/app-BgwMGqJT.css                                   444.01 kB │ gzip:  56.74 kB
public/build/assets/my-hr-utils-fLvKAKV1.js                              0.07 kB │ gzip:   0.09 kB
public/build/assets/avatar-hue-BThxaYxR.js                               0.10 kB │ gzip:   0.11 kB
public/build/assets/_announcer-cvXWdNAc.js                               0.12 kB │ gzip:   0.12 kB
public/build/assets/minus--IzTnaCE.js                                    0.12 kB │ gzip:   0.13 kB
public/build/assets/check-BsaZvJ7g.js                                    0.12 kB │ gzip:   0.14 kB
public/build/assets/circle-BQ90ammz.js                                   0.12 kB │ gzip:   0.13 kB
public/build/assets/chevron-down-CRr8arVc.js                             0.13 kB │ gzip:   0.14 kB
public/build/assets/chevron-up-k5Nxo-PI.js                               0.13 kB │ gzip:   0.14 kB
public/build/assets/chevron-left-dxTnbMsK.js                             0.13 kB │ gzip:   0.14 kB
public/build/assets/chevron-right-Di0XmTXQ.js                            0.13 kB │ gzip:   0.14 kB
public/build/assets/play-BivEUwR3.js                                     0.13 kB │ gzip:   0.15 kB
public/build/assets/moon-Dj021QMv.js                                     0.14 kB │ gzip:   0.15 kB
public/build/assets/loader-circle-BkKtpPeZ.js                            0.14 kB │ gzip:   0.16 kB
public/build/assets/square-BN6oMzTs.js                                   0.15 kB │ gzip:   0.15 kB
public/build/assets/message-circle-DWy562Zr.js                           0.15 kB │ gzip:   0.16 kB
public/build/assets/navigation-CB1npjNY.js                               0.15 kB │ gzip:   0.15 kB
public/build/assets/staff-creation-workflow-D6SGmEbz.js                  0.15 kB │ gzip:   0.13 kB
public/build/assets/plus-BeKXm1hd.js                                     0.15 kB │ gzip:   0.15 kB
public/build/assets/x-DyxLeehn.js                                        0.15 kB │ gzip:   0.15 kB
public/build/assets/thermometer-C7t8yw8m.js                              0.16 kB │ gzip:   0.16 kB
public/build/assets/filter-BJNZWuX0.js                                   0.16 kB │ gzip:   0.16 kB
public/build/assets/bookmark-Cjefipbn.js                                 0.16 kB │ gzip:   0.16 kB
public/build/assets/arrow-left-BNy9AwTz.js                               0.16 kB │ gzip:   0.16 kB
public/build/assets/arrow-right-D3RsQ715.js                              0.16 kB │ gzip:   0.16 kB
public/build/assets/arrow-up-right-znZiTK9O.js                           0.16 kB │ gzip:   0.15 kB
public/build/assets/circle-minus-BOuGhYcY.js                             0.17 kB │ gzip:   0.16 kB
public/build/assets/search-DTA3ilYl.js                                   0.17 kB │ gzip:   0.17 kB
public/build/assets/move-right-B-O2Ck41.js                               0.17 kB │ gzip:   0.16 kB
public/build/assets/ban-BuHg6_S7.js                                      0.17 kB │ gzip:   0.16 kB
public/build/assets/circle-check-D3_RgTK9.js                             0.17 kB │ gzip:   0.17 kB
public/build/assets/chevrons-up-down-DVYgNK0J.js                         0.17 kB │ gzip:   0.16 kB
public/build/assets/provider-CyzdoYBv.js                                 0.17 kB │ gzip:   0.15 kB
public/build/assets/power-CcudoD1k.js                                    0.17 kB │ gzip:   0.17 kB
public/build/assets/user-round-Cw5zV4c3.js                               0.18 kB │ gzip:   0.17 kB
public/build/assets/gauge-BhNhLiOu.js                                    0.18 kB │ gzip:   0.17 kB
public/build/assets/circle-dot-BLUM5Epx.js                               0.18 kB │ gzip:   0.15 kB
public/build/assets/clock-qY5QJ0rp.js                                    0.18 kB │ gzip:   0.17 kB
public/build/assets/message-square-icuaRuh5.js                           0.18 kB │ gzip:   0.17 kB
public/build/assets/check-check-qRbCKhtW.js                              0.18 kB │ gzip:   0.17 kB
public/build/assets/clock-3--OzyUhr0.js                                  0.18 kB │ gzip:   0.17 kB
public/build/assets/chart-line-CRHNJVUe.js                               0.18 kB │ gzip:   0.17 kB
public/build/assets/circle-slash-2rDV6BmB.js                             0.18 kB │ gzip:   0.17 kB
public/build/assets/reply-DgqPFNCX.js                                    0.18 kB │ gzip:   0.18 kB
public/build/assets/circle-check-big-BypwM8eU.js                         0.19 kB │ gzip:   0.18 kB
public/build/assets/circle-play-4z07Piel.js                              0.19 kB │ gzip:   0.17 kB
public/build/assets/user-D9Ot4QpE.js                                     0.19 kB │ gzip:   0.18 kB
public/build/assets/megaphone-CEdGqGOy.js                                0.19 kB │ gzip:   0.18 kB
public/build/assets/skip-forward-ssjljsfh.js                             0.20 kB │ gzip:   0.18 kB
public/build/assets/smartphone-blycXJpy.js                               0.20 kB │ gzip:   0.18 kB
public/build/assets/info-C_uhsqmN.js                                     0.20 kB │ gzip:   0.18 kB
public/build/assets/rotate-ccw-BKyKLA-K.js                               0.20 kB │ gzip:   0.18 kB
public/build/assets/rotate-cw-DF-KItTC.js                                0.20 kB │ gzip:   0.19 kB
public/build/assets/lock-C1EbRKKm.js                                     0.20 kB │ gzip:   0.19 kB
public/build/assets/circle-x-DWvUWbRI.js                                 0.20 kB │ gzip:   0.18 kB
public/build/assets/circle-plus-dJBV54PY.js                              0.20 kB │ gzip:   0.18 kB
public/build/assets/chart-palette-BuldC4kO.js                            0.20 kB │ gzip:   0.13 kB
public/build/assets/trending-up-BvjbOq26.js                              0.20 kB │ gzip:   0.18 kB
public/build/assets/utils-COkJOzsg.js                                    0.20 kB │ gzip:   0.16 kB
public/build/assets/credit-card-C4FDLjYU.js                              0.21 kB │ gzip:   0.19 kB
public/build/assets/arrow-up-from-line-BpB4jq4w.js                       0.21 kB │ gzip:   0.18 kB
public/build/assets/arrow-down-to-line-rzwVhmYY.js                       0.21 kB │ gzip:   0.18 kB
public/build/assets/redo-2-Bd389mea.js                                   0.21 kB │ gzip:   0.18 kB
public/build/assets/trending-down-C1YbRZx3.js                            0.21 kB │ gzip:   0.18 kB
public/build/assets/undo-2-DK7Q3t3L.js                                   0.21 kB │ gzip:   0.18 kB
public/build/assets/droplet-DujvmpjS.js                                  0.21 kB │ gzip:   0.19 kB
public/build/assets/lock-open-BqyB4Eib.js                                0.21 kB │ gzip:   0.19 kB
public/build/assets/mail-BhGUKjtQ.js                                     0.21 kB │ gzip:   0.20 kB
public/build/assets/it-module-shell-Cq8Pndvb.js                          0.21 kB │ gzip:   0.19 kB
public/build/assets/battery-CxT6-5mX.js                                  0.21 kB │ gzip:   0.19 kB
public/build/assets/pause-CWMmpIpp.js                                    0.21 kB │ gzip:   0.17 kB
public/build/assets/circle-arrow-up-T0F6oEmf.js                          0.21 kB │ gzip:   0.19 kB
public/build/assets/circle-arrow-down-CSHGbmDL.js                        0.21 kB │ gzip:   0.19 kB
public/build/assets/pill-DGKG16G2.js                                     0.21 kB │ gzip:   0.18 kB
public/build/assets/table-2-DrfdEoEX.js                                  0.21 kB │ gzip:   0.18 kB
public/build/assets/site-profile-dialog-host-BH_OdoAm.js                 0.21 kB │ gzip:   0.19 kB
public/build/assets/dollar-sign-CUVyrCNQ.js                              0.22 kB │ gzip:   0.19 kB
public/build/assets/file-DXixq3_3.js                                     0.22 kB │ gzip:   0.18 kB
public/build/assets/laptop-Ukz6O7_N.js                                   0.22 kB │ gzip:   0.19 kB
public/build/assets/flag-D6ul1204.js                                     0.22 kB │ gzip:   0.20 kB
public/build/assets/rows-3-BE_rM14J.js                                   0.22 kB │ gzip:   0.19 kB
public/build/assets/rss-BAB09x5G.js                                      0.22 kB │ gzip:   0.19 kB
public/build/assets/briefcase-kmggLHDt.js                                0.22 kB │ gzip:   0.20 kB
public/build/assets/ellipsis-Bdje7DHE.js                                 0.22 kB │ gzip:   0.16 kB
public/build/assets/target-D9SBo1S4.js                                   0.22 kB │ gzip:   0.16 kB
public/build/assets/columns-3-BaGHPYIg.js                                0.22 kB │ gzip:   0.19 kB
public/build/assets/git-merge-BM93CE6F.js                                0.22 kB │ gzip:   0.19 kB
public/build/assets/square-check-big-DlM3wZSs.js                         0.22 kB │ gzip:   0.19 kB
public/build/assets/sticky-note-Cf_QMZpl.js                              0.22 kB │ gzip:   0.18 kB
public/build/assets/folder-DyEy9ck6.js                                   0.23 kB │ gzip:   0.19 kB
public/build/assets/ellipsis-vertical-CB9zZGLc.js                        0.23 kB │ gzip:   0.17 kB
public/build/assets/vote-BxpVSgHw.js                                     0.23 kB │ gzip:   0.19 kB
public/build/assets/copy-BOfdJ6aG.js                                     0.23 kB │ gzip:   0.21 kB
public/build/assets/door-closed-PDSuoRYA.js                              0.23 kB │ gzip:   0.19 kB
public/build/assets/user-round-check-CVjhZJsm.js                         0.23 kB │ gzip:   0.21 kB
public/build/assets/circle-user-round-NZQCMQvm.js                        0.23 kB │ gzip:   0.19 kB
public/build/assets/circle-help-7fESq51S.js                              0.23 kB │ gzip:   0.20 kB
public/build/assets/ear-BPL5TlNE.js                                      0.23 kB │ gzip:   0.19 kB
public/build/assets/activity-BOeT3FF8.js                                 0.23 kB │ gzip:   0.20 kB
public/build/assets/pen-CVeZ-stl.js                                      0.23 kB │ gzip:   0.20 kB
public/build/assets/history-D-3bCwZx.js                                  0.24 kB │ gzip:   0.20 kB
public/build/assets/globe-B420Xtmn.js                                    0.24 kB │ gzip:   0.19 kB
public/build/assets/timer-DEDFBKE0.js                                    0.24 kB │ gzip:   0.19 kB
public/build/assets/banknote-BbU2rqFE.js                                 0.24 kB │ gzip:   0.21 kB
public/build/assets/heart-DhHSCPp-.js                                    0.24 kB │ gzip:   0.21 kB
public/build/assets/link-2-CETTjkL4.js                                   0.24 kB │ gzip:   0.21 kB
public/build/assets/menu-v_QnaheS.js                                     0.24 kB │ gzip:   0.17 kB
public/build/assets/database-BWwaJb39.js                                 0.24 kB │ gzip:   0.20 kB
public/build/assets/arrow-down-up-Br8zdroq.js                            0.24 kB │ gzip:   0.19 kB
public/build/assets/type-CxJhIU1F.js                                     0.24 kB │ gzip:   0.19 kB
public/build/assets/circle-pause-DZIcB6cd.js                             0.24 kB │ gzip:   0.19 kB
public/build/assets/arrow-left-right-M2l76D8W.js                         0.25 kB │ gzip:   0.20 kB
public/build/assets/compass-CPbrCEzp.js                                  0.25 kB │ gzip:   0.20 kB
public/build/assets/arrow-right-left-B2cPdac8.js                         0.25 kB │ gzip:   0.19 kB
public/build/assets/book-marked-BYZXQTqD.js                              0.25 kB │ gzip:   0.20 kB
public/build/assets/settings-2-BG9W1L6r.js                               0.25 kB │ gzip:   0.19 kB
public/build/assets/users-round-CpSNAJT-.js                              0.25 kB │ gzip:   0.22 kB
public/build/assets/camera-D7FRt3jU.js                                   0.25 kB │ gzip:   0.21 kB
public/build/assets/file-warning-B-c6_dQq.js                             0.25 kB │ gzip:   0.20 kB
public/build/assets/video-BeSRe71Z.js                                    0.25 kB │ gzip:   0.22 kB
public/build/assets/route-BV0ScKbh.js                                    0.25 kB │ gzip:   0.20 kB
public/build/assets/circle-alert-COsCN1GA.js                             0.25 kB │ gzip:   0.19 kB
public/build/assets/mouse-pointer-2-oMpkhrNK.js                          0.25 kB │ gzip:   0.22 kB
public/build/assets/chart-column-BwvZtlRa.js                             0.25 kB │ gzip:   0.19 kB
public/build/assets/external-link-D1uvGXWi.js                            0.25 kB │ gzip:   0.20 kB
public/build/assets/cloud-upload-C-WSG1P7.js                             0.25 kB │ gzip:   0.21 kB
public/build/assets/shopping-bag-CaAsjxgP.js                             0.25 kB │ gzip:   0.20 kB
public/build/assets/pentagon-C_fSpWWI.js                                 0.25 kB │ gzip:   0.20 kB
public/build/assets/eye-BgApdskC.js                                      0.25 kB │ gzip:   0.20 kB
public/build/assets/user-check-C2kS7rQZ.js                               0.25 kB │ gzip:   0.22 kB
public/build/assets/map-pin-ByK-F_kc.js                                  0.25 kB │ gzip:   0.22 kB
public/build/assets/archive-DGqvsQHe.js                                  0.25 kB │ gzip:   0.21 kB
public/build/assets/lock-keyhole-DIAtrT2Q.js                             0.25 kB │ gzip:   0.22 kB
public/build/assets/message-square-plus-QGtJUnf1.js                      0.25 kB │ gzip:   0.20 kB
public/build/assets/circle-user-DgrpxQAw.js                              0.25 kB │ gzip:   0.20 kB
public/build/assets/message-square-text-wJxpAYty.js                      0.25 kB │ gzip:   0.20 kB
public/build/assets/user-minus-B_PrEna6.js                               0.25 kB │ gzip:   0.22 kB
public/build/assets/file-check-2-C0baxaiZ.js                             0.25 kB │ gzip:   0.20 kB
public/build/assets/messages-square-BA9cOrcL.js                          0.25 kB │ gzip:   0.20 kB
public/build/assets/link-B9HnohN7.js                                     0.26 kB │ gzip:   0.19 kB
public/build/assets/hr-hero-4AC-2NEl.js                                  0.26 kB │ gzip:   0.22 kB
public/build/assets/wrench-B-vlBkOr.js                                   0.26 kB │ gzip:   0.20 kB
public/build/assets/upload-CGI3T4zc.js                                   0.26 kB │ gzip:   0.22 kB
public/build/assets/calendar-CojCk4_l.js                                 0.26 kB │ gzip:   0.20 kB
public/build/assets/log-out-TlUBX7lC.js                                  0.26 kB │ gzip:   0.22 kB
public/build/assets/ticket-check-DyHYZ8Tt.js                             0.26 kB │ gzip:   0.20 kB
public/build/assets/log-in-Di8g5Dnv.js                                   0.26 kB │ gzip:   0.22 kB
public/build/assets/file-minus-BLX7vu-u.js                               0.26 kB │ gzip:   0.19 kB
public/build/assets/key-DO_Aa6dY.js                                      0.26 kB │ gzip:   0.22 kB
public/build/assets/monitor-DPFAfkhi.js                                  0.26 kB │ gzip:   0.20 kB
public/build/assets/message-square-warning-CUpKUwbu.js                   0.26 kB │ gzip:   0.20 kB
public/build/assets/utensils-CIXlWqc9.js                                 0.26 kB │ gzip:   0.20 kB
public/build/assets/download-CGBtH_MU.js                                 0.26 kB │ gzip:   0.22 kB
public/build/assets/zap-FbTtrprV.js                                      0.26 kB │ gzip:   0.21 kB
public/build/assets/triangle-alert-B-kPMtTM.js                           0.26 kB │ gzip:   0.21 kB
public/build/assets/leaf-DiGTObM1.js                                     0.26 kB │ gzip:   0.23 kB
public/build/assets/file-check-DzBOSans.js                               0.26 kB │ gzip:   0.20 kB
public/build/assets/workflow-DQBfwz0j.js                                 0.26 kB │ gzip:   0.20 kB
public/build/assets/mic-C7zwwQNv.js                                      0.26 kB │ gzip:   0.21 kB
public/build/assets/shield-LdbdHTAR.js                                   0.27 kB │ gzip:   0.22 kB
public/build/assets/list-plus-D4HXOMV9.js                                0.27 kB │ gzip:   0.19 kB
public/build/assets/battery-low-C2lZCIEV.js                              0.27 kB │ gzip:   0.21 kB
public/build/assets/timer-reset-q4P9q8E6.js                              0.27 kB │ gzip:   0.21 kB
public/build/assets/award-D1X_Q5-c.js                                    0.27 kB │ gzip:   0.23 kB
public/build/assets/eraser-BQPW9qiZ.js                                   0.27 kB │ gzip:   0.22 kB
public/build/assets/image-CNv7uKIh.js                                    0.27 kB │ gzip:   0.22 kB
public/build/assets/repeat-CDVZEWSt.js                                   0.27 kB │ gzip:   0.20 kB
public/build/assets/arrow-up-BNphU38H.js                                 0.27 kB │ gzip:   0.20 kB
public/build/assets/flame-CUWKzjxV.js                                    0.27 kB │ gzip:   0.23 kB
public/build/assets/git-branch-BzLdTVVU.js                               0.27 kB │ gzip:   0.22 kB
public/build/assets/coins-CKdS9aGf.js                                    0.27 kB │ gzip:   0.22 kB
public/build/assets/pencil-BnDZ1MAh.js                                   0.28 kB │ gzip:   0.23 kB
public/build/assets/pen-line-BvXwBoZm.js                                 0.28 kB │ gzip:   0.23 kB
public/build/assets/list-checks-BPEvwfSa.js                              0.28 kB │ gzip:   0.19 kB
public/build/assets/book-open-BnxMLdqE.js                                0.28 kB │ gzip:   0.21 kB
public/build/assets/file-diff-CKSsp2PF.js                                0.28 kB │ gzip:   0.20 kB
public/build/assets/wifi-DGn9S4Nm.js                                     0.28 kB │ gzip:   0.21 kB
public/build/assets/lightbulb-DElPHRYw.js                                0.28 kB │ gzip:   0.22 kB
public/build/assets/file-plus-2-BcBZC9ag.js                              0.28 kB │ gzip:   0.21 kB
public/build/assets/layout-template-DjlHE7lH.js                          0.28 kB │ gzip:   0.19 kB
public/build/assets/inbox-BcNwQeB3.js                                    0.29 kB │ gzip:   0.23 kB
public/build/assets/wallet-nyJNc6py.js                                   0.29 kB │ gzip:   0.21 kB
public/build/assets/shopping-cart-B8lWlg_a.js                            0.29 kB │ gzip:   0.23 kB
public/build/assets/shirt-Cq7cmilq.js                                    0.29 kB │ gzip:   0.23 kB
public/build/assets/files-BKIBnx2m.js                                    0.29 kB │ gzip:   0.22 kB
public/build/assets/house-CvSrKdi8.js                                    0.29 kB │ gzip:   0.22 kB
public/build/assets/bell-D9w1izjY.js                                     0.29 kB │ gzip:   0.24 kB
public/build/assets/use-initials-U-N8N3-N.js                             0.29 kB │ gzip:   0.20 kB
public/build/assets/send-BQsNbWGb.js                                     0.29 kB │ gzip:   0.23 kB
public/build/assets/folder-open-rWAwGK5j.js                              0.29 kB │ gzip:   0.22 kB
public/build/assets/receipt-17KIqin_.js                                  0.29 kB │ gzip:   0.21 kB
public/build/assets/governance-permissions-oQG3y2Ya.js                   0.29 kB │ gzip:   0.19 kB
public/build/assets/link-2-off-ByrDN7fB.js                               0.29 kB │ gzip:   0.22 kB
public/build/assets/smile-CILS5MYh.js                                    0.29 kB │ gzip:   0.22 kB
public/build/assets/grid-3x3-DtxXMqpt.js                                 0.29 kB │ gzip:   0.21 kB
public/build/assets/bed-double-DPbArLHq.js                               0.30 kB │ gzip:   0.21 kB
public/build/assets/heart-crack-C-W00U5D.js                              0.30 kB │ gzip:   0.24 kB
public/build/assets/hash-CsHZQSyu.js                                     0.30 kB │ gzip:   0.19 kB
public/build/assets/receipt-text-CSe_bHcB.js                             0.30 kB │ gzip:   0.20 kB
public/build/assets/maximize-2-CRkCVLRQ.js                               0.30 kB │ gzip:   0.21 kB
public/build/assets/list-todo-1YQuVFXz.js                                0.30 kB │ gzip:   0.22 kB
public/build/assets/paperclip-Crc8UpIK.js                                0.30 kB │ gzip:   0.23 kB
public/build/assets/file-up-D09OOcG8.js                                  0.30 kB │ gzip:   0.21 kB
public/build/assets/gavel-BwgGqEsN.js                                    0.30 kB │ gzip:   0.22 kB
public/build/assets/flask-conical-Cj5UTvHv.js                            0.30 kB │ gzip:   0.23 kB
public/build/assets/thumbs-up-PM0IZoAH.js                                0.30 kB │ gzip:   0.24 kB
public/build/assets/list-BXWlVu-m.js                                     0.30 kB │ gzip:   0.19 kB
public/build/assets/file-down-CrqSLVOZ.js                                0.30 kB │ gzip:   0.21 kB
public/build/assets/thumbs-down-wXPwElYD.js                              0.30 kB │ gzip:   0.24 kB
public/build/assets/minimize-2-DlczxiW1.js                               0.30 kB │ gzip:   0.21 kB
public/build/assets/clipboard-check-yhW_lfQM.js                          0.30 kB │ gzip:   0.23 kB
public/build/assets/file-clock-DI-54iBe.js                               0.30 kB │ gzip:   0.24 kB
public/build/assets/users-RNQJcWQn.js                                    0.30 kB │ gzip:   0.23 kB
public/build/assets/calendar-check-BPtWfiI3.js                           0.30 kB │ gzip:   0.23 kB
public/build/assets/coffee-Inj66Ufb.js                                   0.30 kB │ gzip:   0.21 kB
public/build/assets/user-x-BoFoptWD.js                                   0.30 kB │ gzip:   0.23 kB
public/build/assets/folder-plus-DzqBNwA6.js                              0.30 kB │ gzip:   0.23 kB
public/build/assets/chef-hat-DH2GXiqt.js                                 0.31 kB │ gzip:   0.24 kB
public/build/assets/user-plus-Dl1Vz5Xw.js                                0.31 kB │ gzip:   0.24 kB
public/build/assets/box-C0I2iJzr.js                                      0.31 kB │ gzip:   0.23 kB
public/build/assets/heart-pulse-CCzXbl6h.js                              0.31 kB │ gzip:   0.25 kB
public/build/assets/piggy-bank-CtWlDm_A.js                               0.31 kB │ gzip:   0.25 kB
public/build/assets/badge-check-D-vaS3RP.js                              0.31 kB │ gzip:   0.21 kB
public/build/assets/shapes-IwZ15wDI.js                                   0.32 kB │ gzip:   0.25 kB
public/build/assets/hard-hat-TwHpm1nd.js                                 0.32 kB │ gzip:   0.24 kB
public/build/assets/shield-check-DSqe-zQb.js                             0.32 kB │ gzip:   0.25 kB
public/build/assets/printer-rXUOffSm.js                                  0.32 kB │ gzip:   0.24 kB
public/build/assets/square-pen-ButrvLOn.js                               0.32 kB │ gzip:   0.24 kB
public/build/assets/refresh-ccw-CDsQ7NvM.js                              0.32 kB │ gzip:   0.23 kB
public/build/assets/ticket-DxC6ZAGz.js                                   0.32 kB │ gzip:   0.22 kB
public/build/assets/tag-CjqkOtjW.js                                      0.32 kB │ gzip:   0.25 kB
public/build/assets/hand-helping-Chh0GWRb.js                             0.32 kB │ gzip:   0.25 kB
public/build/assets/id-card-Dqgyww_S.js                                  0.32 kB │ gzip:   0.24 kB
public/build/assets/mail-warning-DVRNeXYW.js                             0.32 kB │ gzip:   0.24 kB
public/build/assets/save-BoDOW5x5.js                                     0.33 kB │ gzip:   0.23 kB
public/build/assets/scan-line-BEoF6MU5.js                                0.33 kB │ gzip:   0.22 kB
public/build/assets/graduation-cap-CtQmVOc3.js                           0.33 kB │ gzip:   0.25 kB
public/build/assets/list-ordered-CY8n9_eI.js                             0.33 kB │ gzip:   0.22 kB
public/build/assets/file-text-CCfjbuHQ.js                                0.33 kB │ gzip:   0.22 kB
public/build/assets/book-open-check-DaZel_lV.js                          0.33 kB │ gzip:   0.23 kB
public/build/assets/clipboard-plus-CccTNvIw.js                           0.33 kB │ gzip:   0.24 kB
public/build/assets/alarm-clock-CCOIx4-s.js                              0.33 kB │ gzip:   0.24 kB
public/build/assets/contact-mhl0wYHr.js                                  0.33 kB │ gzip:   0.24 kB
public/build/assets/calendar-x-D6x4btrM.js                               0.34 kB │ gzip:   0.23 kB
public/build/assets/accessibility-0Fmew6mL.js                            0.34 kB │ gzip:   0.25 kB
public/build/assets/archive-restore-Dcl_28Ee.js                          0.34 kB │ gzip:   0.25 kB
public/build/assets/stethoscope-DnuGNY1G.js                              0.34 kB │ gzip:   0.24 kB
public/build/assets/shield-plus-DNkq7sNu.js                              0.34 kB │ gzip:   0.26 kB
public/build/assets/layout-grid-CbldjNdE.js                              0.34 kB │ gzip:   0.19 kB
public/build/assets/pin-8ONeAZUn.js                                      0.35 kB │ gzip:   0.24 kB
public/build/assets/file-image-BKYmUtG2.js                               0.35 kB │ gzip:   0.25 kB
public/build/assets/scroll-text-C5oggVEM.js                              0.35 kB │ gzip:   0.23 kB
public/build/assets/key-round-BXQEpS-E.js                                0.35 kB │ gzip:   0.26 kB
public/build/assets/layout-dashboard-BfiXAqHw.js                         0.35 kB │ gzip:   0.21 kB
public/build/assets/shield-alert-BgzG2_2j.js                             0.35 kB │ gzip:   0.26 kB
public/build/assets/file-chart-column-increasing-BRuf-YGa.js             0.35 kB │ gzip:   0.24 kB
public/build/assets/webhook-QMdrBMT0.js                                  0.35 kB │ gzip:   0.27 kB
public/build/assets/crosshair-BWzcH9dh.js                                0.35 kB │ gzip:   0.22 kB
public/build/assets/calendar-plus-BrRSbWVJ.js                            0.35 kB │ gzip:   0.24 kB
public/build/assets/shield-x-DHNWU4xb.js                                 0.36 kB │ gzip:   0.26 kB
public/build/assets/gift-BnzzE30C.js                                     0.36 kB │ gzip:   0.25 kB
public/build/assets/trash-2-D712tlRq.js                                  0.36 kB │ gzip:   0.25 kB
public/build/assets/calendar-x-2-CcwEHebn.js                             0.36 kB │ gzip:   0.23 kB
public/build/assets/bell-plus-j0MVSDvw.js                                0.36 kB │ gzip:   0.26 kB
public/build/assets/layout-list-XI2ZYG3i.js                              0.36 kB │ gzip:   0.22 kB
public/build/assets/warehouse-DFyhVl45.js                                0.36 kB │ gzip:   0.26 kB
public/build/assets/utensils-crossed-BxQhrBvX.js                         0.36 kB │ gzip:   0.26 kB
public/build/assets/syringe-Ck6DOyga.js                                  0.36 kB │ gzip:   0.25 kB
public/build/assets/crown-DcfD074i.js                                    0.36 kB │ gzip:   0.26 kB
public/build/assets/image-plus-vyL6FlEV.js                               0.36 kB │ gzip:   0.26 kB
public/build/assets/sparkle-BUGPsiaq.js                                  0.36 kB │ gzip:   0.24 kB
public/build/assets/scale-DOdFejmr.js                                    0.36 kB │ gzip:   0.24 kB
public/build/assets/grip-vertical-BV6tmybS.js                            0.36 kB │ gzip:   0.19 kB
public/build/assets/fuel-CQ-kafSQ.js                                     0.37 kB │ gzip:   0.25 kB
public/build/assets/door-open-C3tKmwho.js                                0.37 kB │ gzip:   0.25 kB
public/build/assets/droplets-Dt94HlIW.js                                 0.37 kB │ gzip:   0.28 kB
public/build/assets/hammer-D_aLsEM9.js                                   0.37 kB │ gzip:   0.27 kB
public/build/assets/file-pen-Bh5UVSgI.js                                 0.37 kB │ gzip:   0.26 kB
public/build/assets/package-DUBPD5gr.js                                  0.37 kB │ gzip:   0.26 kB
public/build/assets/index-B0Z-ysPe.js                                    0.37 kB │ gzip:   0.22 kB
public/build/assets/file-spreadsheet-BPXwFwxJ.js                         0.37 kB │ gzip:   0.23 kB
public/build/assets/life-buoy-CFspqrPy.js                                0.37 kB │ gzip:   0.22 kB
public/build/assets/calendar-clock-BYwhgYNa.js                           0.38 kB │ gzip:   0.26 kB
public/build/assets/shield-question-BKbAG0W5.js                          0.38 kB │ gzip:   0.28 kB
public/build/assets/network-Ch0Typzk.js                                  0.38 kB │ gzip:   0.24 kB
public/build/assets/calendar-off-Bfa457vE.js                             0.38 kB │ gzip:   0.25 kB
public/build/assets/tags-eK1AaXmt.js                                     0.39 kB │ gzip:   0.28 kB
public/build/assets/fleet-return-D12Z1ydP.js                             0.39 kB │ gzip:   0.24 kB
public/build/assets/baby-jY-nuFXi.js                                     0.39 kB │ gzip:   0.26 kB
public/build/assets/hard-drive-CCyF0T9O.js                               0.39 kB │ gzip:   0.26 kB
public/build/assets/job-posting-constants-CneitmEO.js                    0.39 kB │ gzip:   0.23 kB
public/build/assets/file-pen-line-tRxNZVLO.js                            0.39 kB │ gzip:   0.27 kB
public/build/assets/phone-U63cbNZt.js                                    0.39 kB │ gzip:   0.26 kB
public/build/assets/bell-ring-D0fvAjKq.js                                0.40 kB │ gzip:   0.28 kB
public/build/assets/map-pinned-LFA7o1BV.js                               0.40 kB │ gzip:   0.29 kB
public/build/assets/shield-off-Dk1YsL_V.js                               0.40 kB │ gzip:   0.28 kB
public/build/assets/truck-Bu2Ws-eD.js                                    0.40 kB │ gzip:   0.27 kB
public/build/assets/sprout-DLSKVvH3.js                                   0.40 kB │ gzip:   0.28 kB
public/build/assets/car-C3RPwkVl.js                                      0.40 kB │ gzip:   0.29 kB
public/build/assets/locate-fixed-CjCHEjEf.js                             0.40 kB │ gzip:   0.23 kB
public/build/assets/hand-C_KiTSpX.js                                     0.41 kB │ gzip:   0.25 kB
public/build/assets/landmark-BUpjXh67.js                                 0.41 kB │ gzip:   0.24 kB
public/build/assets/hand-coins-Cy1-P0wx.js                               0.41 kB │ gzip:   0.29 kB
public/build/assets/clipboard-list-Ox7iCv1V.js                           0.41 kB │ gzip:   0.26 kB
public/build/assets/transport-medication-replay-C0D8KbRQ.js              0.41 kB │ gzip:   0.30 kB
public/build/assets/loader-Dt6sLMFw.js                                   0.41 kB │ gzip:   0.24 kB
public/build/assets/mouse-pointer-click-Bz3X2Xeg.js                      0.41 kB │ gzip:   0.28 kB
public/build/assets/calendar-range-LZGXevCR.js                           0.41 kB │ gzip:   0.26 kB
public/build/assets/waypoints-dgar7mKT.js                                0.41 kB │ gzip:   0.25 kB
public/build/assets/layers-t68UR_Y3.js                                   0.42 kB │ gzip:   0.24 kB
public/build/assets/mic-off-CBfF8W9n.js                                  0.42 kB │ gzip:   0.27 kB
public/build/assets/waves-D-LR0Ez7.js                                    0.42 kB │ gzip:   0.21 kB
public/build/assets/skeleton-CDTEQwaO.js                                 0.42 kB │ gzip:   0.32 kB
public/build/assets/package-check-1Ij1tmuh.js                            0.42 kB │ gzip:   0.29 kB
public/build/assets/octagon-alert-Ie7q7YDI.js                            0.43 kB │ gzip:   0.25 kB
public/build/assets/cable-Cvs7wXPO.js                                    0.43 kB │ gzip:   0.26 kB
public/build/assets/eye-off-C5x1tQFN.js                                  0.43 kB │ gzip:   0.27 kB
public/build/assets/building-2-Boln8z5y.js                               0.44 kB │ gzip:   0.25 kB
public/build/assets/heading-small-B1QYXXBZ.js                            0.44 kB │ gzip:   0.32 kB
public/build/assets/handshake-DZ_rZAsK.js                                0.45 kB │ gzip:   0.28 kB
public/build/assets/hand-heart-Dzplg--0.js                               0.45 kB │ gzip:   0.31 kB
public/build/assets/bus-uyG8QRUG.js                                      0.45 kB │ gzip:   0.29 kB
public/build/assets/footprints-TTLp9YLN.js                               0.45 kB │ gzip:   0.30 kB
public/build/assets/radio-tower-3xiu7G39.js                              0.45 kB │ gzip:   0.30 kB
public/build/assets/input-error-DCYErTdJ.js                              0.46 kB │ gzip:   0.32 kB
public/build/assets/wifi-off-Dlts0Ba5.js                                 0.46 kB │ gzip:   0.27 kB
public/build/assets/scan-eye-Bm5xxkQN.js                                 0.46 kB │ gzip:   0.28 kB
public/build/assets/heart-handshake-DyojankJ.js                          0.46 kB │ gzip:   0.31 kB
public/build/assets/spinner-BNJuMmed.js                                  0.46 kB │ gzip:   0.33 kB
public/build/assets/person-standing-Bs5LYqGB.js                          0.46 kB │ gzip:   0.31 kB
public/build/assets/trophy-Dfj3dMRf.js                                   0.46 kB │ gzip:   0.28 kB
public/build/assets/pen-tool-B9OawyBk.js                                 0.47 kB │ gzip:   0.30 kB
public/build/assets/siren-DLpdKKaP.js                                    0.47 kB │ gzip:   0.28 kB
public/build/assets/star-pZw1nPc7.js                                     0.47 kB │ gzip:   0.29 kB
public/build/assets/sun-DWd7GyMv.js                                      0.47 kB │ gzip:   0.26 kB
public/build/assets/notebook-pen-C4TfIlbI.js                             0.47 kB │ gzip:   0.29 kB
public/build/assets/cake-Bl-G0STf.js                                     0.49 kB │ gzip:   0.26 kB
public/build/assets/cctv-CnKJiXo1.js                                     0.49 kB │ gzip:   0.30 kB
public/build/assets/calendar-days-BVcVjN9j.js                            0.49 kB │ gzip:   0.27 kB
public/build/assets/cpu-1Uaht0Ya.js                                      0.50 kB │ gzip:   0.26 kB
public/build/assets/zoom-out-uFzimvmc.js                                 0.50 kB │ gzip:   0.23 kB
public/build/assets/radar-mXnYM7sB.js                                    0.50 kB │ gzip:   0.30 kB
public/build/assets/sparkles-BB8ATk2P.js                                 0.51 kB │ gzip:   0.30 kB
public/build/assets/wand-sparkles-DUAq9obN.js                            0.51 kB │ gzip:   0.29 kB
public/build/assets/ambulance-_-ISOLse.js                                0.51 kB │ gzip:   0.31 kB
public/build/assets/_helpers-Ayp0jCez.js                                 0.51 kB │ gzip:   0.33 kB
public/build/assets/boundary-geometry-Ncmqh74Z.js                        0.52 kB │ gzip:   0.32 kB
public/build/assets/unlink-ukNvxs6N.js                                   0.53 kB │ gzip:   0.30 kB
public/build/assets/calculator-2eSUpG2p.js                               0.53 kB │ gzip:   0.28 kB
public/build/assets/circle-dashed-D0hxppB3.js                            0.57 kB │ gzip:   0.29 kB
public/build/assets/use-alert-workspace-focus-return-DGVRYbyO.js         0.58 kB │ gzip:   0.35 kB
public/build/assets/package-open-D1oHVWme.js                             0.58 kB │ gzip:   0.33 kB
public/build/assets/i18n-Dncd9j2h.js                                     0.58 kB │ gzip:   0.39 kB
public/build/assets/user-cog-BLcvGOCA.js                                 0.58 kB │ gzip:   0.32 kB
public/build/assets/sliders-horizontal-Bjyv2VDO.js                       0.58 kB │ gzip:   0.27 kB
public/build/assets/send-to-back-DYoAoFN3.js                             0.58 kB │ gzip:   0.31 kB
public/build/assets/fingerprint-CnrLv11V.js                              0.60 kB │ gzip:   0.35 kB
public/build/assets/label-DnayXvci.js                                    0.61 kB │ gzip:   0.39 kB
public/build/assets/form-request-errors-CGVjFIIA.js                      0.63 kB │ gzip:   0.36 kB
public/build/assets/loading-state-C22ihQ47.js                            0.64 kB │ gzip:   0.43 kB
public/build/assets/text-link-RogODYI2.js                                0.65 kB │ gzip:   0.42 kB
public/build/assets/qr-code-CpuZnvV_.js                                  0.65 kB │ gzip:   0.31 kB
public/build/assets/server-CVC5glqE.js                                   0.66 kB │ gzip:   0.37 kB
public/build/assets/collapsible-DoToTDHc.js                              0.66 kB │ gzip:   0.28 kB
public/build/assets/resident-dot-BLoyRUP7.js                             0.67 kB │ gzip:   0.46 kB
public/build/assets/fleet-stat-card-PJQ2_JIW.js                          0.72 kB │ gzip:   0.44 kB
public/build/assets/party-popper-C7yL-d37.js                             0.72 kB │ gzip:   0.41 kB
public/build/assets/settings-DqbERAvH.js                                 0.72 kB │ gzip:   0.34 kB
public/build/assets/textarea-C_9uu-fb.js                                 0.73 kB │ gzip:   0.47 kB
public/build/assets/meeting-workspace-links-BSKYBk34.js                  0.73 kB │ gzip:   0.40 kB
public/build/assets/brain-CxekoCUq.js                                    0.73 kB │ gzip:   0.36 kB
public/build/assets/separator-C7fe0Vgu.js                                0.77 kB │ gzip:   0.45 kB
public/build/assets/page-shell-B7eQidXD.js                               0.77 kB │ gzip:   0.45 kB
public/build/assets/shared-DHJYl7e2.js                                   0.77 kB │ gzip:   0.40 kB
public/build/assets/shared-D3Yvwbxq.js                                   0.77 kB │ gzip:   0.39 kB
public/build/assets/shift-row-types-DQA9BK_P.js                          0.80 kB │ gzip:   0.38 kB
public/build/assets/hr-tabs-D18B3AUm.js                                  0.81 kB │ gzip:   0.51 kB
public/build/assets/ops-stat-card-yUUVyNVS.js                            0.81 kB │ gzip:   0.48 kB
public/build/assets/progress-BxLvrMK0.js                                 0.82 kB │ gzip:   0.54 kB
public/build/assets/readable-operational-state-CK8MzJI-.js               0.85 kB │ gzip:   0.45 kB
public/build/assets/boxes-COTzHXJv.js                                    0.85 kB │ gzip:   0.40 kB
public/build/assets/wizard-DF_QPOrg.js                                   0.87 kB │ gzip:   0.55 kB
public/build/assets/wizard-NNmqhkha.js                                   0.87 kB │ gzip:   0.55 kB
public/build/assets/list-caption-hE5ckvXY.js                             0.91 kB │ gzip:   0.54 kB
public/build/assets/index-CSEUMRIG.js                                    0.92 kB │ gzip:   0.53 kB
public/build/assets/now-rule-P7hRYwwd.js                                 0.95 kB │ gzip:   0.58 kB
public/build/assets/hero-action-button-D-GVyXk8.js                       0.95 kB │ gzip:   0.55 kB
public/build/assets/page-layout-DtSKkYRB.js                              0.97 kB │ gzip:   0.56 kB
public/build/assets/governance-dialog-deep-link-DLK5tfya.js              0.98 kB │ gzip:   0.58 kB
public/build/assets/settings-tabs-CtL1tuPH.js                            0.99 kB │ gzip:   0.54 kB
public/build/assets/error-state-CRVX45aL.js                              1.01 kB │ gzip:   0.62 kB
public/build/assets/use-settings-leave-confirmation-Djj7Pj99.js          1.02 kB │ gzip:   0.61 kB
public/build/assets/presence-dot-CuGnqH3Y.js                             1.04 kB │ gzip:   0.58 kB
public/build/assets/input-49RbooBa.js                                    1.05 kB │ gzip:   0.59 kB
public/build/assets/command-centre-page-DxNrHl1n.js                      1.05 kB │ gzip:   0.59 kB
public/build/assets/switch-DaGHNdhC.js                                   1.06 kB │ gzip:   0.61 kB
public/build/assets/_shared-BN-lC1nz.js                                  1.07 kB │ gzip:   0.56 kB
public/build/assets/governance-work-CPDXtwsY.js                          1.09 kB │ gzip:   0.59 kB
public/build/assets/hover-action-vLW4u2SF.js                             1.09 kB │ gzip:   0.65 kB
public/build/assets/WidgetCard-2tC8eOcV.js                               1.10 kB │ gzip:   0.62 kB
public/build/assets/micro-stats-BKNykt34.js                              1.11 kB │ gzip:   0.61 kB
public/build/assets/confetti-8ALvzRDJ.js                                 1.11 kB │ gzip:   0.65 kB
public/build/assets/avatar-D2DsKi5Y.js                                   1.14 kB │ gzip:   0.44 kB
public/build/assets/checkbox-guEFao1b.js                                 1.15 kB │ gzip:   0.63 kB
public/build/assets/GovernanceHomeRail-DTMQ7eMS.js                       1.21 kB │ gzip:   0.68 kB
public/build/assets/_confirm-action-ZvhXZHxH.js                          1.24 kB │ gzip:   0.70 kB
public/build/assets/wizard-stepper-CPdmP54j.js                           1.24 kB │ gzip:   0.67 kB
public/build/assets/handover-person-notes-CbHlG0Rx.js                    1.25 kB │ gzip:   0.63 kB
public/build/assets/task-api-LDQPp0GA.js                                 1.27 kB │ gzip:   0.81 kB
public/build/assets/_types-Bdo8GrIg.js                                   1.29 kB │ gzip:   0.67 kB
public/build/assets/medication-stock-governance-C5VIWPFO.js              1.30 kB │ gzip:   0.60 kB
public/build/assets/radio-group-D2aPz4DO.js                              1.31 kB │ gzip:   0.65 kB
public/build/assets/DiscardDraftDialog-EwGRAJKY.js                       1.32 kB │ gzip:   0.76 kB
public/build/assets/_attachments-usKfVW5e.js                             1.32 kB │ gzip:   0.75 kB
public/build/assets/stream-grouping-DxjzPWpi.js                          1.35 kB │ gzip:   0.73 kB
public/build/assets/staff-avatar-Bi3zQoKJ.js                             1.35 kB │ gzip:   0.81 kB
public/build/assets/workflow-ribbon-B_tlXR0A.js                          1.35 kB │ gzip:   0.69 kB
public/build/assets/shift-status-badge-BB08E4Vg.js                       1.36 kB │ gzip:   0.67 kB
public/build/assets/timesheet-status-badge-JFp_PRDG.js                   1.36 kB │ gzip:   0.66 kB
public/build/assets/fleet-responsive-list-CgDsyRvl.js                    1.38 kB │ gzip:   0.70 kB
public/build/assets/sso-sign-in-buttons-DpBRs1ND.js                      1.40 kB │ gzip:   0.71 kB
public/build/assets/site-credentials-BC2WD9ez.js                         1.43 kB │ gzip:   0.75 kB
public/build/assets/_helpers-DwiQF0jk.js                                 1.46 kB │ gzip:   0.80 kB
public/build/assets/fleet-empty-state-CBjq6uKV.js                        1.46 kB │ gzip:   0.76 kB
public/build/assets/journey-reference-strip-pm5NcpKt.js                  1.46 kB │ gzip:   0.81 kB
public/build/assets/GovernanceSectionRail-DnylLLF3.js                    1.47 kB │ gzip:   0.82 kB
public/build/assets/index-DcmOMlk_.js                                    1.50 kB │ gzip:   0.52 kB
public/build/assets/_dialogs-CvmWTYYo.js                                 1.52 kB │ gzip:   0.85 kB
public/build/assets/badge-sVjmv35H.js                                    1.53 kB │ gzip:   0.77 kB
public/build/assets/shift-types-dc9ul_Vv.js                              1.54 kB │ gzip:   0.78 kB
public/build/assets/performance-tabs-D9dEJkh9.js                         1.55 kB │ gzip:   0.75 kB
public/build/assets/confirm-dialog-J4vSc-od.js                           1.57 kB │ gzip:   0.86 kB
public/build/assets/mini-sparkline-D7i7f6lZ.js                           1.58 kB │ gzip:   0.91 kB
public/build/assets/verify-email-BpSW7qfc.js                             1.58 kB │ gzip:   0.85 kB
public/build/assets/date-time-field-By0dKulM.js                          1.58 kB │ gzip:   0.79 kB
public/build/assets/evidence-upload-D27g-K0I.js                          1.61 kB │ gzip:   0.83 kB
public/build/assets/status-badge-BcV9Cyb7.js                             1.61 kB │ gzip:   0.78 kB
public/build/assets/control-room-vocab-CZ2KtdXl.js                       1.62 kB │ gzip:   0.64 kB
public/build/assets/popover-Bwbch3JK.js                                  1.64 kB │ gzip:   0.70 kB
public/build/assets/ops-charts-CfZvOWbq.js                               1.65 kB │ gzip:   0.78 kB
public/build/assets/alert-CF50OPgI.js                                    1.69 kB │ gzip:   0.74 kB
public/build/assets/alert-status-BZf0cKks.js                             1.69 kB │ gzip:   0.79 kB
public/build/assets/report-incident-dialog-B1I9aTYG.js                   1.70 kB │ gzip:   0.89 kB
public/build/assets/laravel-pagination-DhsIJhTt.js                       1.70 kB │ gzip:   0.84 kB
public/build/assets/money-L4nGavLX.js                                    1.71 kB │ gzip:   0.97 kB
public/build/assets/card-C9LxLdKv.js                                     1.77 kB │ gzip:   0.57 kB
public/build/assets/_helpers-24Bmzx4U.js                                 1.77 kB │ gzip:   0.76 kB
public/build/assets/documents-tabs-BDuymKg_.js                           1.78 kB │ gzip:   0.93 kB
public/build/assets/api-BBPNyqfK.js                                      1.79 kB │ gzip:   0.94 kB
public/build/assets/workflow-ribbon-eekDghIf.js                          1.80 kB │ gzip:   0.80 kB
public/build/assets/overlay-focus-return-4ESXsuki.js                     1.82 kB │ gzip:   0.89 kB
public/build/assets/tooltip-D-a-5XaZ.js                                  1.82 kB │ gzip:   0.84 kB
public/build/assets/control-room-alert-row-actions-B5-APcU_.js           1.85 kB │ gzip:   0.68 kB
public/build/assets/options-BwkaeHrx.js                                  1.86 kB │ gzip:   0.72 kB
public/build/assets/my-day-list-CcRvqKRF.js                              1.86 kB │ gzip:   0.90 kB
public/build/assets/accordion-CtBAIljM.js                                1.87 kB │ gzip:   0.84 kB
public/build/assets/journey-gate-list-CAImh0CW.js                        1.87 kB │ gzip:   0.86 kB
public/build/assets/types-jfjKXH9i.js                                    1.89 kB │ gzip:   1.01 kB
public/build/assets/fleet-utils-Bl0sIMTe.js                              1.90 kB │ gzip:   0.72 kB
public/build/assets/_helpers-pDRXJ5A8.js                                 1.94 kB │ gzip:   1.04 kB
public/build/assets/draft-resume-prompt-BH1_gdU9.js                      1.95 kB │ gzip:   1.01 kB
public/build/assets/respite-subnav-DVA95RUh.js                           2.01 kB │ gzip:   0.96 kB
public/build/assets/api-BANvMHAW.js                                      2.01 kB │ gzip:   1.14 kB
public/build/assets/handover-follow-ups-ZAgikkgJ.js                      2.02 kB │ gzip:   1.02 kB
public/build/assets/button-BUrF8eld.js                                   2.05 kB │ gzip:   0.96 kB
public/build/assets/address-autocomplete-Ok8LdgSh.js                     2.07 kB │ gzip:   1.13 kB
public/build/assets/confirm-password-Dg_LkqYh.js                         2.07 kB │ gzip:   1.04 kB
public/build/assets/_dialogs-CSb3j-VK.js                                 2.08 kB │ gzip:   1.10 kB
public/build/assets/governance-calendar-adapter-BoWwsrz5.js              2.10 kB │ gzip:   1.01 kB
public/build/assets/_create-recovery-B9rTHu2X.js                         2.10 kB │ gzip:   1.07 kB
public/build/assets/use-personal-location-privacy-k70ZMAas.js            2.16 kB │ gzip:   0.99 kB
public/build/assets/reports-tabs-4r31P0Kw.js                             2.17 kB │ gzip:   1.06 kB
public/build/assets/attention-panel-B2Dd_n1Z.js                          2.17 kB │ gzip:   0.99 kB
public/build/assets/task-step-draft-DCQ5gB4E.js                          2.18 kB │ gzip:   1.13 kB
public/build/assets/payroll-hero-CY5Szg_d.js                             2.28 kB │ gzip:   1.11 kB
public/build/assets/_shared-BJOecOYc.js                                  2.30 kB │ gzip:   1.17 kB
public/build/assets/_memory-recovery-ydX5sLUj.js                         2.31 kB │ gzip:   1.20 kB
public/build/assets/_shared-Di2Npc-b.js                                  2.34 kB │ gzip:   1.14 kB
public/build/assets/reason-dialog-DTnDnKSw.js                            2.34 kB │ gzip:   1.27 kB
public/build/assets/table-DHtHPBEX.js                                    2.42 kB │ gzip:   0.67 kB
public/build/assets/drills-chKRPaPk.js                                   2.43 kB │ gzip:   1.13 kB
public/build/assets/_icons-DKELvHbY.js                                   2.45 kB │ gzip:   1.15 kB
public/build/assets/first-aid-CYSov16j.js                                2.47 kB │ gzip:   1.14 kB
public/build/assets/task-help-inbox-K2OG3Ap3.js                          2.48 kB │ gzip:   1.34 kB
public/build/assets/datetime-Cj7rLFb1.js                                 2.50 kB │ gzip:   1.10 kB
public/build/assets/finance-section-rail-DbmTFM66.js                     2.53 kB │ gzip:   1.28 kB
public/build/assets/fleet-header-eM5enyLR.js                             2.55 kB │ gzip:   1.26 kB
public/build/assets/provisioning-request-files-Cdm0B3p1.js               2.56 kB │ gzip:   1.25 kB
public/build/assets/text-prompt-dialog-qiaASp2W.js                       2.62 kB │ gzip:   1.41 kB
public/build/assets/services-htTnhBHn.js                                 2.63 kB │ gzip:   1.19 kB
public/build/assets/shift-context-menu-Dtv15x07.js                       2.64 kB │ gzip:   1.36 kB
public/build/assets/provisioning-command-fields-4x2FBuJS.js              2.68 kB │ gzip:   1.16 kB
public/build/assets/care-plan-domains-C-p7nQXB.js                        2.69 kB │ gzip:   1.26 kB
public/build/assets/donut-chart-BjEVgtH7.js                              2.71 kB │ gzip:   1.35 kB
public/build/assets/donut-RxOXSbq7.js                                    2.74 kB │ gzip:   1.38 kB
public/build/assets/index-BjmjDcUN.js                                    2.76 kB │ gzip:   0.71 kB
public/build/assets/status-badge-3QlJuqdd.js                             2.76 kB │ gzip:   1.29 kB
public/build/assets/readiness-BpQ-KGmS.js                                2.79 kB │ gzip:   1.36 kB
public/build/assets/financials-BVmRhZA4.js                               2.80 kB │ gzip:   1.36 kB
public/build/assets/safety-register-CfzD-oKL.js                          2.83 kB │ gzip:   1.33 kB
public/build/assets/ppe-C--UWhZD.js                                      2.84 kB │ gzip:   1.11 kB
public/build/assets/register-row-kit-DYBAbrfL.js                         2.86 kB │ gzip:   1.16 kB
public/build/assets/map-model-CnDd3cpK.js                                2.86 kB │ gzip:   1.36 kB
public/build/assets/lifecycle-tabs-B205Ywxn.js                           2.88 kB │ gzip:   1.48 kB
public/build/assets/_tabs-rxMawuCM.js                                    2.90 kB │ gzip:   1.48 kB
public/build/assets/_note-category-picker-CaW7v-hv.js                    2.92 kB │ gzip:   1.38 kB
public/build/assets/use-create-shift-launcher-CnCU_kGk.js                2.92 kB │ gzip:   1.44 kB
public/build/assets/use-form-autosave-CvsqiG4D.js                        2.92 kB │ gzip:   1.47 kB
public/build/assets/toolbar-D2t7AS0O.js                                  2.92 kB │ gzip:   1.40 kB
public/build/assets/hs-detail-dialog-B4cpQZGy.js                         2.93 kB │ gzip:   1.34 kB
public/build/assets/notification-catalog-DveZKd9k.js                     2.96 kB │ gzip:   0.93 kB
public/build/assets/forgot-password-BktYChBS.js                          2.99 kB │ gzip:   1.43 kB
public/build/assets/auth-layout-CZtzJmh4.js                              3.03 kB │ gzip:   1.37 kB
public/build/assets/report-launcher-CxuoWCdc.js                          3.03 kB │ gzip:   1.52 kB
public/build/assets/tab-strip-DCVvvm08.js                                3.03 kB │ gzip:   1.38 kB
public/build/assets/lifecycle-dialog-DTbmtqBl.js                         3.05 kB │ gzip:   1.56 kB
public/build/assets/_overview-map-card-eQ48Xd4w.js                       3.06 kB │ gzip:   1.49 kB
public/build/assets/provisioning-manual-dialog-BpzpasOC.js               3.06 kB │ gzip:   1.53 kB
public/build/assets/reset-password-Bxo2DKwL.js                           3.08 kB │ gzip:   1.25 kB
public/build/assets/start-reconciliation-dialog-BNHRMm6q.js              3.11 kB │ gzip:   1.29 kB
public/build/assets/two-factor-challenge-C5SWHMNx.js                     3.13 kB │ gzip:   1.47 kB
public/build/assets/dictate-button-iGGilkPT.js                           3.14 kB │ gzip:   1.60 kB
public/build/assets/use-specialist-form-defaults-Be5tVnhD.js             3.14 kB │ gzip:   1.56 kB
public/build/assets/client-edit-dialog-DfJvFmVx.js                       3.16 kB │ gzip:   1.58 kB
public/build/assets/record-care-actions-CCR8ZCvu.js                      3.18 kB │ gzip:   1.40 kB
public/build/assets/document-library-kit-DE6ampC0.js                     3.19 kB │ gzip:   1.08 kB
public/build/assets/risk-assessments-D-ceJUJb.js                         3.21 kB │ gzip:   1.54 kB
public/build/assets/add-evidence-dialog-CzOP1VOQ.js                      3.21 kB │ gzip:   1.65 kB
public/build/assets/recorded-detail-dialog-Ck3pBRrF.js                   3.22 kB │ gzip:   1.59 kB
public/build/assets/control-room-row-actions-alHQMYOX.js                 3.31 kB │ gzip:   1.49 kB
public/build/assets/_dialogs-X9f1j5CQ.js                                 3.32 kB │ gzip:   1.44 kB
public/build/assets/leave-context-menu-DLPvYjQP.js                       3.33 kB │ gzip:   1.64 kB
public/build/assets/row-context-menu-BuvIqrKq.js                         3.33 kB │ gzip:   1.64 kB
public/build/assets/_context-menu-CeQQh61p.js                            3.33 kB │ gzip:   1.60 kB
public/build/assets/fleet-compact-hero-DbaNg2y6.js                       3.33 kB │ gzip:   1.45 kB
public/build/assets/remote-picker-Bx8hX0rz.js                            3.33 kB │ gzip:   1.68 kB
public/build/assets/compensation-tabs-DUNm45Mb.js                        3.34 kB │ gzip:   1.62 kB
public/build/assets/hs-hero-kit-BJTT91Ku.js                              3.36 kB │ gzip:   1.55 kB
public/build/assets/task-steps-BUl0MSFZ.js                               3.38 kB │ gzip:   1.58 kB
public/build/assets/record-command-CDvROXRK.js                           3.39 kB │ gzip:   1.58 kB
public/build/assets/shift-med-snapshot-BdMjqUGE.js                       3.39 kB │ gzip:   1.37 kB
public/build/assets/device-profile-navigation-BS_7F18R.js                3.40 kB │ gzip:   1.66 kB
public/build/assets/inspections-B7Y_kMhw.js                              3.42 kB │ gzip:   1.39 kB
public/build/assets/ra-register-section-DSfEUckv.js                      3.46 kB │ gzip:   1.76 kB
public/build/assets/command-9x_1OwTk.js                                  3.47 kB │ gzip:   1.07 kB
public/build/assets/shift-context-menu-D0DgSK9K.js                       3.49 kB │ gzip:   1.66 kB
public/build/assets/posting-preview-BLWC2TSD.js                          3.51 kB │ gzip:   1.53 kB
public/build/assets/_emergency-checklist-_Oaq9hqd.js                     3.52 kB │ gzip:   1.54 kB
public/build/assets/handover-context-menu-CQ_vcqDz.js                    3.55 kB │ gzip:   1.54 kB
public/build/assets/_readiness-panel-DfhP7t7B.js                         3.59 kB │ gzip:   1.64 kB
public/build/assets/checklists-CHyi_uYR.js                               3.59 kB │ gzip:   1.71 kB
public/build/assets/checks-model-BpbAC4Rm.js                             3.63 kB │ gzip:   1.63 kB
public/build/assets/journey-term-help-s93psOXK.js                        3.64 kB │ gzip:   1.45 kB
public/build/assets/my-provisioning-list-CUCGlK_c.js                     3.67 kB │ gzip:   1.70 kB
public/build/assets/site-profile-states-BU9b9LVY.js                      3.69 kB │ gzip:   1.46 kB
public/build/assets/alert-dialog-OTHUAeuL.js                             3.76 kB │ gzip:   1.10 kB
public/build/assets/resolution-voting-Bpa7_z73.js                        3.78 kB │ gzip:   1.69 kB
public/build/assets/_geometry-Dx1kFP0e.js                                3.80 kB │ gzip:   1.60 kB
public/build/assets/search-select-CvxHtnbC.js                            3.85 kB │ gzip:   1.85 kB
public/build/assets/configured-questions-Baq74SCR.js                     3.86 kB │ gzip:   1.82 kB
public/build/assets/register-CFf_iLyw.js                                 3.88 kB │ gzip:   1.46 kB
public/build/assets/MedicationScanVerificationPanel-CQvYTEG5.js          3.89 kB │ gzip:   1.61 kB
public/build/assets/task-detail-dialog-DW-UdqBD.js                       3.90 kB │ gzip:   1.78 kB
public/build/assets/reference-questionnaire-6z1Dk0Dw.js                  3.94 kB │ gzip:   1.81 kB
public/build/assets/ticket-version-conflict-DVFHtIYc.js                  3.96 kB │ gzip:   1.80 kB
public/build/assets/shift-timeline-summary-AdLgMeQZ.js                   3.99 kB │ gzip:   1.66 kB
public/build/assets/login-DHwW8AZG.js                                    4.01 kB │ gzip:   1.72 kB
public/build/assets/governed-location-export-dialog-Cdog8Q0H.js          4.01 kB │ gzip:   1.96 kB
public/build/assets/shared-DmQodlJm.js                                   4.01 kB │ gzip:   1.96 kB
public/build/assets/finance-period-filter-DPMH0F9y.js                    4.02 kB │ gzip:   1.91 kB
public/build/assets/edit-DiJbl5sP.js                                     4.02 kB │ gzip:   1.78 kB
public/build/assets/shift-summary-BOFKRTr8.js                            4.07 kB │ gzip:   1.68 kB
public/build/assets/calendar-C8keXjwl.js                                 4.10 kB │ gzip:   1.81 kB
public/build/assets/workspace-model-CTDC_Qgb.js                          4.10 kB │ gzip:   1.78 kB
public/build/assets/index-Bpzl9rqK.js                                    4.13 kB │ gzip:   0.83 kB
public/build/assets/entity-cells-BsUQZ2hg.js                             4.13 kB │ gzip:   1.63 kB
public/build/assets/use-two-factor-auth-CjSs7W6c.js                      4.15 kB │ gzip:   1.77 kB
public/build/assets/_site-geofence-dialog-CiVxOpbk.js                    4.15 kB │ gzip:   2.00 kB
public/build/assets/empty-state-08h_NuvN.js                              4.18 kB │ gzip:   1.85 kB
public/build/assets/board-bits-C-99kU8x.js                               4.19 kB │ gzip:   1.58 kB
public/build/assets/address-search-CNnTx2xW.js                           4.20 kB │ gzip:   1.87 kB
public/build/assets/specialist-record-list-DN0eolgV.js                   4.23 kB │ gzip:   1.98 kB
public/build/assets/hazards-DPVNvCRC.js                                  4.24 kB │ gzip:   1.94 kB
public/build/assets/estate-operations-COW7jUoQ.js                        4.29 kB │ gzip:   1.73 kB
public/build/assets/documents-JslkP_7E.js                                4.31 kB │ gzip:   1.92 kB
public/build/assets/generate-rounds-modal-jQ0_PKja.js                    4.33 kB │ gzip:   2.11 kB
public/build/assets/wizard-fields-CO7Qm5vc.js                            4.34 kB │ gzip:   1.90 kB
public/build/assets/first-aid-tab-BoyMaNPR.js                            4.34 kB │ gzip:   1.78 kB
public/build/assets/assets-BvwQ2vcm.js                                   4.37 kB │ gzip:   1.73 kB
public/build/assets/login-BgnwfHm2.js                                    4.37 kB │ gzip:   1.85 kB
public/build/assets/privacy-shared-EtbuosiF.js                           4.39 kB │ gzip:   1.65 kB
public/build/assets/_shared-CFe5dh4K.js                                  4.41 kB │ gzip:   1.90 kB
public/build/assets/_dialogs-C8JY3HbJ.js                                 4.43 kB │ gzip:   1.80 kB
public/build/assets/shift-audit-timeline-Ce34FLjT.js                     4.49 kB │ gzip:   1.83 kB
public/build/assets/shared-Dv7Xr2UA.js                                   4.50 kB │ gzip:   1.74 kB
public/build/assets/applicable-procedures-panel-D9YeWM-K.js              4.52 kB │ gzip:   1.75 kB
public/build/assets/task-help-CVv16mDH.js                                4.61 kB │ gzip:   1.95 kB
public/build/assets/client-clinical-launchers-D8qH-3nW.js                4.62 kB │ gzip:   2.10 kB
public/build/assets/meal-planner-iKOIoCbL.js                             4.69 kB │ gzip:   2.20 kB
public/build/assets/incidents-tab-BnASFQOm.js                            4.72 kB │ gzip:   1.85 kB
public/build/assets/Create-B8uXQaAo.js                                   4.72 kB │ gzip:   2.11 kB
public/build/assets/_dialogs-DDcoqEw5.js                                 4.75 kB │ gzip:   2.19 kB
public/build/assets/donut-card-BwnfSjei.js                               4.76 kB │ gzip:   2.08 kB
public/build/assets/control-room-workspace-hero-Cr9zf4yG.js              4.76 kB │ gzip:   2.26 kB
public/build/assets/AgedPayables-D6GHTfly.js                             4.78 kB │ gzip:   2.15 kB
public/build/assets/AgedReceivables-Cfgf001M.js                          4.79 kB │ gzip:   2.15 kB
public/build/assets/dialog-B1dDzuuR.js                                   4.80 kB │ gzip:   1.63 kB
public/build/assets/_asset-dialogs-BJtuN6qf.js                           4.83 kB │ gzip:   2.30 kB
public/build/assets/date-picker-iurFGHUE.js                              4.85 kB │ gzip:   2.22 kB
public/build/assets/calendar-range-CBZ6axyx.js                           4.88 kB │ gzip:   2.28 kB
public/build/assets/entity-filter-BFA6KomJ.js                            4.89 kB │ gzip:   2.28 kB
public/build/assets/Edit-Bwwd_-Uf.js                                     4.90 kB │ gzip:   2.26 kB
public/build/assets/hardware-DTgg90RU.js                                 4.91 kB │ gzip:   2.16 kB
public/build/assets/permission-destinations-DoOw8UIr.js                  4.93 kB │ gzip:   1.13 kB
public/build/assets/page-tabs-DJZ7ASY5.js                                4.94 kB │ gzip:   2.03 kB
public/build/assets/concern-CPditH2v.js                                  4.96 kB │ gzip:   2.27 kB
public/build/assets/_dialogs-Clim5ktA.js                                 4.97 kB │ gzip:   2.33 kB
public/build/assets/whats-next-rail-Cz-OSJKA.js                          4.99 kB │ gzip:   2.37 kB
public/build/assets/_dialogs-C7eBCXa7.js                                 5.03 kB │ gzip:   2.02 kB
public/build/assets/leave-calendar-range-Dd_qWk4O.js                     5.04 kB │ gzip:   2.26 kB
public/build/assets/_dialogs-BUFT8ZMe.js                                 5.10 kB │ gzip:   2.37 kB
public/build/assets/client-safety-ribbon-DqZPUkQD.js                     5.10 kB │ gzip:   2.24 kB
public/build/assets/show-D8PML6KK.js                                     5.15 kB │ gzip:   2.38 kB
public/build/assets/fleet-navigation-DlwLKINM.js                         5.17 kB │ gzip:   2.00 kB
public/build/assets/_evidence-BexL4RzE.js                                5.17 kB │ gzip:   2.19 kB
public/build/assets/prn-effect-dialog-D4r_hndd.js                        5.19 kB │ gzip:   2.28 kB
public/build/assets/shared-wJ0wIMnp.js                                   5.20 kB │ gzip:   2.05 kB
public/build/assets/qr-reader-w7M212WL.js                                5.20 kB │ gzip:   2.28 kB
public/build/assets/day-picker-chip-Dmfpfh0T.js                          5.21 kB │ gzip:   2.23 kB
public/build/assets/list-view-BE_8d0Rz.js                                5.22 kB │ gzip:   1.83 kB
public/build/assets/Placeholder-BIZkyk1y.js                              5.22 kB │ gzip:   2.46 kB
public/build/assets/before-you-finish-Gg2ihIIg.js                        5.25 kB │ gzip:   2.13 kB
public/build/assets/plan-C8Yk2avb.js                                     5.25 kB │ gzip:   2.34 kB
public/build/assets/wizard-shell-D9grdhi1.js                             5.31 kB │ gzip:   2.31 kB
public/build/assets/application-status-prw26R46.js                       5.31 kB │ gzip:   2.15 kB
public/build/assets/care-plan-domains-builder-BjqokWwv.js                5.33 kB │ gzip:   2.07 kB
public/build/assets/shared-CmyqTydH.js                                   5.34 kB │ gzip:   2.38 kB
public/build/assets/index-C3ydMQPt.js                                    5.35 kB │ gzip:   2.38 kB
public/build/assets/entity-menu-BTUHGMcA.js                              5.35 kB │ gzip:   2.46 kB
public/build/assets/paperwork-panel-DYkV9ZLG.js                          5.38 kB │ gzip:   2.34 kB
public/build/assets/show-CrsCZI4F.js                                     5.41 kB │ gzip:   2.40 kB
public/build/assets/contacts-DRgJsK_H.js                                 5.42 kB │ gzip:   2.31 kB
public/build/assets/_thumbnail-CcepLS-A.js                               5.43 kB │ gzip:   2.56 kB
public/build/assets/fleet-charts-BD3Cp0FY.js                             5.50 kB │ gzip:   2.46 kB
public/build/assets/show-B1LzyrGr.js                                     5.55 kB │ gzip:   2.52 kB
public/build/assets/show-DjytXZj6.js                                     5.56 kB │ gzip:   2.36 kB
public/build/assets/global-CiVr9uN5.js                                   5.58 kB │ gzip:   2.49 kB
public/build/assets/Index-C7_qDKqC.js                                    5.58 kB │ gzip:   2.50 kB
public/build/assets/show-D6TUZw4H.js                                     5.58 kB │ gzip:   2.33 kB
public/build/assets/date-popover-BeOP5oLo.js                             5.60 kB │ gzip:   2.41 kB
public/build/assets/audit-log-modal-cxe820ac.js                          5.60 kB │ gzip:   2.51 kB
public/build/assets/medication-review-modal-DzGmR7E8.js                  5.64 kB │ gzip:   2.54 kB
public/build/assets/index-B6TrgOeV.js                                    5.66 kB │ gzip:   2.50 kB
public/build/assets/complete-obligation-dialog-g_BNWFjA.js               5.76 kB │ gzip:   2.57 kB
public/build/assets/index-B1BVNsa7.js                                    5.77 kB │ gzip:   2.58 kB
public/build/assets/rhythms-routines-LUSyMiMa.js                         5.79 kB │ gzip:   2.63 kB
public/build/assets/entity-table-DzB-BBEl.js                             5.80 kB │ gzip:   2.41 kB
public/build/assets/Calendar-Me5zArE_.js                                 5.85 kB │ gzip:   2.65 kB
public/build/assets/index-ChqBdJ-3.js                                    5.85 kB │ gzip:   2.68 kB
public/build/assets/select-Clt9R9Fv.js                                   5.86 kB │ gzip:   1.90 kB
public/build/assets/multi-entity-filter-Bk4rlz63.js                      5.86 kB │ gzip:   2.62 kB
public/build/assets/_shared-qNOvq8JG.js                                  5.88 kB │ gzip:   2.59 kB
public/build/assets/dropdown-menu-B8EOaGf7.js                            5.88 kB │ gzip:   1.65 kB
public/build/assets/stat-tile-DcEOif3_.js                                5.89 kB │ gzip:   2.51 kB
public/build/assets/GovernanceAttachmentsPanel-DTyAbtqJ.js               5.91 kB │ gzip:   2.49 kB
public/build/assets/_helpers-D9lLnZV0.js                                 5.94 kB │ gzip:   2.45 kB
public/build/assets/index-BrhLo38l.js                                    5.97 kB │ gzip:   2.77 kB
public/build/assets/audit-Bo61qI85.js                                    6.01 kB │ gzip:   2.72 kB
public/build/assets/compliance-bits-CPBFCQyK.js                          6.02 kB │ gzip:   2.53 kB
public/build/assets/index-uM9_ZruJ.js                                    6.02 kB │ gzip:   2.61 kB
public/build/assets/report-page-kK9HzyQF.js                              6.03 kB │ gzip:   2.83 kB
public/build/assets/index-DDlMNmUL.js                                    6.04 kB │ gzip:   2.74 kB
public/build/assets/link-client-dialog-D_sTZSCH.js                       6.06 kB │ gzip:   2.58 kB
public/build/assets/stream-context-menu-1wzGnxiV.js                      6.08 kB │ gzip:   2.79 kB
public/build/assets/food-meal-L6ewE9XL.js                                6.12 kB │ gzip:   2.10 kB
public/build/assets/BoardMonthly-CK45zKfO.js                             6.17 kB │ gzip:   2.86 kB
public/build/assets/index-DpBv4SVo.js                                    6.17 kB │ gzip:   2.82 kB
public/build/assets/with-concerns-BJ0A1tiZ.js                            6.18 kB │ gzip:   2.76 kB
public/build/assets/with-incidents-CBEYIXjZ.js                           6.18 kB │ gzip:   2.75 kB
public/build/assets/show-DS8SMioH.js                                     6.21 kB │ gzip:   2.82 kB
public/build/assets/index-DgImPsrZ.js                                    6.21 kB │ gzip:   2.77 kB
public/build/assets/compliance-hub-header-B9RwazD8.js                    6.22 kB │ gzip:   2.75 kB
public/build/assets/controls-DzVjKdXX.js                                 6.26 kB │ gzip:   2.87 kB
public/build/assets/index-D6YRVRh-.js                                    6.26 kB │ gzip:   2.81 kB
public/build/assets/emergency-plan-C9wvbwiE.js                           6.26 kB │ gzip:   2.81 kB
public/build/assets/recognition-wizard-BAtPLmJW.js                       6.27 kB │ gzip:   2.43 kB
public/build/assets/show-DY7GGOUE.js                                     6.29 kB │ gzip:   2.51 kB
public/build/assets/Calendar-CMunGoKO.js                                 6.35 kB │ gzip:   2.87 kB
public/build/assets/index-CsJmIMx5.js                                    6.35 kB │ gzip:   2.82 kB
public/build/assets/for-stay--A0O24UY.js                                 6.36 kB │ gzip:   2.81 kB
public/build/assets/quick-note-dialog-YxICA8Kr.js                        6.36 kB │ gzip:   2.65 kB
public/build/assets/create-BcOeO_O4.js                                   6.37 kB │ gzip:   2.64 kB
public/build/assets/use-my-day-labels-Cu-spPls.js                        6.38 kB │ gzip:   2.60 kB
public/build/assets/stock-movement-modal-BUBaQAd3.js                     6.40 kB │ gzip:   2.61 kB
public/build/assets/report-xw6Z3haZ.js                                   6.40 kB │ gzip:   2.92 kB
public/build/assets/show-Cpq_6CVk.js                                     6.40 kB │ gzip:   2.86 kB
public/build/assets/offer-response-cS0H6x9m.js                           6.41 kB │ gzip:   2.61 kB
public/build/assets/compensation-hero-XtTT0fQZ.js                        6.42 kB │ gzip:   2.49 kB
public/build/assets/entity-card-B-_woQ-p.js                              6.42 kB │ gzip:   2.74 kB
public/build/assets/Create-l65x3MJ3.js                                   6.43 kB │ gzip:   2.96 kB
public/build/assets/overdue-BRA3FtB7.js                                  6.50 kB │ gzip:   2.85 kB
public/build/assets/auto-rule-builder-dLY-BmeJ.js                        6.50 kB │ gzip:   2.42 kB
public/build/assets/tabs-72shSju7.js                                     6.50 kB │ gzip:   2.68 kB
public/build/assets/list-view-Da5PgJM0.js                                6.53 kB │ gzip:   2.37 kB
public/build/assets/unacknowledged-SJCReQrO.js                           6.54 kB │ gzip:   2.85 kB
public/build/assets/overdue-CnV5N1MC.js                                  6.54 kB │ gzip:   2.86 kB
public/build/assets/my-active-XFCRbb01.js                                6.54 kB │ gzip:   2.92 kB
public/build/assets/clients-C8GI9_Kt.js                                  6.54 kB │ gzip:   2.77 kB
public/build/assets/studio-library-BQ2VnlnQ.js                           6.55 kB │ gzip:   2.68 kB
public/build/assets/ppe-shared-U3tSjYVU.js                               6.56 kB │ gzip:   2.65 kB
public/build/assets/Create-CeVW2i2z.js                                   6.56 kB │ gzip:   2.96 kB
public/build/assets/trend-charts-E5D-FJne.js                             6.57 kB │ gzip:   2.53 kB
public/build/assets/actions-reviews-Dvle_9kP.js                          6.59 kB │ gzip:   2.69 kB
public/build/assets/maps-usage-CfHdqJL9.js                               6.62 kB │ gzip:   2.91 kB
public/build/assets/sortable.esm-TrASzQ3t.js                             6.64 kB │ gzip:   2.78 kB
public/build/assets/_workspace-CPT9_mAi.js                               6.70 kB │ gzip:   2.73 kB
public/build/assets/policy-summary-D3z7EkTD.js                           6.71 kB │ gzip:   3.15 kB
public/build/assets/meal-planner-CDom__gX.js                             6.71 kB │ gzip:   2.99 kB
public/build/assets/for-client-BJbwR2MW.js                               6.74 kB │ gzip:   2.94 kB
public/build/assets/_registers-Cc10E3kn.js                               6.75 kB │ gzip:   2.64 kB
public/build/assets/shift-calendar-view-XFjZIb-7.js                      6.78 kB │ gzip:   2.74 kB
public/build/assets/index-BKuL1aI8.js                                    6.82 kB │ gzip:   1.08 kB
public/build/assets/handover-rail-skP1aP-X.js                            6.82 kB │ gzip:   2.89 kB
public/build/assets/needing-acknowledgment-OVqQehA4.js                   6.86 kB │ gzip:   2.93 kB
public/build/assets/for-stay-BpxWjKWn.js                                 6.88 kB │ gzip:   3.04 kB
public/build/assets/clock-in-wizard-CVbrFkGx.js                          6.88 kB │ gzip:   2.94 kB
public/build/assets/board-view-ukkFQv8f.js                               6.89 kB │ gzip:   2.72 kB
public/build/assets/checklist-trends-CJck8wTn.js                         6.90 kB │ gzip:   3.00 kB
public/build/assets/assignments-QHl-620n.js                              6.91 kB │ gzip:   3.27 kB
public/build/assets/day-work-list-BtzngLOU.js                            6.91 kB │ gzip:   2.82 kB
public/build/assets/show-D0YuLuwi.js                                     6.93 kB │ gzip:   3.20 kB
public/build/assets/index-_x0e13Dm.js                                    6.94 kB │ gzip:   2.81 kB
public/build/assets/for-stay-DV24MQjW.js                                 6.99 kB │ gzip:   3.12 kB
public/build/assets/_dialogs-DKdVn-2x.js                                 7.01 kB │ gzip:   3.22 kB
public/build/assets/_header-CaJkL6Qg.js                                  7.05 kB │ gzip:   3.27 kB
public/build/assets/alert-worklist-DcW3_Eug.js                           7.05 kB │ gzip:   2.64 kB
public/build/assets/my-tasks-Baha08JT.js                                 7.07 kB │ gzip:   3.11 kB
public/build/assets/agreements-B-wn95Tr.js                               7.09 kB │ gzip:   3.29 kB
public/build/assets/combined-0HYSXV9Y.js                                 7.10 kB │ gzip:   3.03 kB
public/build/assets/awaiting-approval-DLdayBim.js                        7.10 kB │ gzip:   3.06 kB
public/build/assets/reports-modal-Cmck3S4G.js                            7.13 kB │ gzip:   2.96 kB
public/build/assets/index-BHKupBh0.js                                    7.15 kB │ gzip:   3.06 kB
public/build/assets/Index-C4HgKYAz.js                                    7.15 kB │ gzip:   3.08 kB
public/build/assets/assets-DZtvcMa5.js                                   7.15 kB │ gzip:   2.99 kB
public/build/assets/monitoring-incident-evidence-card-DmO9ps7G.js        7.16 kB │ gzip:   2.51 kB
public/build/assets/_dialogs-DQe_euCW.js                                 7.17 kB │ gzip:   3.06 kB
public/build/assets/checklist-Cb30ujaJ.js                                7.17 kB │ gzip:   3.12 kB
public/build/assets/fix-clock-out-wizard-CHuMdyoa.js                     7.18 kB │ gzip:   3.07 kB
public/build/assets/Calendar-DdBRkVZm.js                                 7.18 kB │ gzip:   3.20 kB
public/build/assets/_dialogs-CdGub_PR.js                                 7.19 kB │ gzip:   3.02 kB
public/build/assets/fleet-hero-kit-BQ3M-ZQs.js                           7.19 kB │ gzip:   2.89 kB
public/build/assets/Show-BP-GnZJk.js                                     7.19 kB │ gzip:   2.96 kB
public/build/assets/map-model-W3TdKm_Q.js                                7.21 kB │ gzip:   3.07 kB
public/build/assets/leave-excursions-D74upnQ2.js                         7.21 kB │ gzip:   2.39 kB
public/build/assets/Index-Bozk2YUe.js                                    7.22 kB │ gzip:   3.07 kB
public/build/assets/location-workspace-BSmbCQEC.js                       7.23 kB │ gzip:   3.08 kB
public/build/assets/Show-DX2w4KN0.js                                     7.23 kB │ gzip:   3.09 kB
public/build/assets/preferences-DiqXONut.js                              7.27 kB │ gzip:   3.27 kB
public/build/assets/review-Cs-DHBbT.js                                   7.30 kB │ gzip:   3.12 kB
public/build/assets/new-journal-dialog-CzVzGWhM.js                       7.31 kB │ gzip:   2.69 kB
public/build/assets/respite-D9CY70CX.js                                  7.31 kB │ gzip:   2.81 kB
public/build/assets/people-picker-CMNSgCy0.js                            7.35 kB │ gzip:   3.14 kB
public/build/assets/provisioning-picker-BjimC7ZO.js                      7.39 kB │ gzip:   3.29 kB
public/build/assets/index-C5sIGPvP.js                                    7.46 kB │ gzip:   3.15 kB
public/build/assets/_review-dialog-s0zpS600.js                           7.47 kB │ gzip:   3.12 kB
public/build/assets/index-DhIIjFmL.js                                    7.47 kB │ gzip:   3.15 kB
public/build/assets/create-CWe1U3xo.js                                   7.49 kB │ gzip:   3.28 kB
public/build/assets/Edit-vtAKvTbI.js                                     7.50 kB │ gzip:   3.23 kB
public/build/assets/_dialogs-C5COfQ_B.js                                 7.51 kB │ gzip:   2.47 kB
public/build/assets/create-CBlCfxc9.js                                   7.51 kB │ gzip:   3.16 kB
public/build/assets/compliance-hero-DWkXMASy.js                          7.56 kB │ gzip:   2.61 kB
public/build/assets/shared-CXQ5rAyH.js                                   7.61 kB │ gzip:   3.04 kB
public/build/assets/payroll-adjustments-mCSoRW9m.js                      7.66 kB │ gzip:   3.08 kB
public/build/assets/deletion-logs-CSPYJ5_T.js                            7.74 kB │ gzip:   3.35 kB
public/build/assets/location-navigator-Dj4Vy3YG.js                       7.75 kB │ gzip:   2.64 kB
public/build/assets/report-error-modal-MjPiY-oM.js                       7.76 kB │ gzip:   3.26 kB
public/build/assets/show-C-Jt3kdn.js                                     7.78 kB │ gzip:   3.16 kB
public/build/assets/communication-notes-CMMR3d7P.js                      7.79 kB │ gzip:   3.16 kB
public/build/assets/for-stay-KBkP6atA.js                                 7.83 kB │ gzip:   3.28 kB
public/build/assets/assignments-Dk-fu3nU.js                              7.85 kB │ gzip:   3.58 kB
public/build/assets/medical-simple-BL7FJT3V.js                           7.88 kB │ gzip:   3.46 kB
public/build/assets/index-C2aqdcbh.js                                    7.90 kB │ gzip:   3.27 kB
public/build/assets/history-index-Dg0MaRKy.js                            7.95 kB │ gzip:   3.49 kB
public/build/assets/Submissions-Buv3ewRv.js                              7.96 kB │ gzip:   3.71 kB
public/build/assets/daily-note-entry-BuIV9My7.js                         7.97 kB │ gzip:   3.03 kB
public/build/assets/pending-zkIV1Uh-.js                                  8.00 kB │ gzip:   3.41 kB
public/build/assets/index-CC61kQlF.js                                    8.01 kB │ gzip:   3.38 kB
public/build/assets/show-BMuHL4Ck.js                                     8.05 kB │ gzip:   3.54 kB
public/build/assets/file-dropzone-nYyci0Ne.js                            8.08 kB │ gzip:   3.49 kB
public/build/assets/from-resolution-sdpBHbmo.js                          8.10 kB │ gzip:   3.58 kB
public/build/assets/audit-history-Df820Jqr.js                            8.13 kB │ gzip:   3.26 kB
public/build/assets/shoutouts-ixXkY07n.js                                8.18 kB │ gzip:   3.57 kB
public/build/assets/notifications-N34eE5iO.js                            8.19 kB │ gzip:   3.62 kB
public/build/assets/_tool-palette-eVn4td0B.js                            8.20 kB │ gzip:   2.99 kB
public/build/assets/work-schedule-CrOxY_GJ.js                            8.26 kB │ gzip:   3.42 kB
public/build/assets/availability-B18ZQTBS.js                             8.34 kB │ gzip:   3.69 kB
public/build/assets/round-template-dialog-C6Xfc1Pn.js                    8.39 kB │ gzip:   3.49 kB
public/build/assets/index-B-dfzku7.js                                    8.40 kB │ gzip:   3.18 kB
public/build/assets/shell-CbgVJk8R.js                                    8.42 kB │ gzip:   3.06 kB
public/build/assets/reassign-dialog-DOtiRvTf.js                          8.42 kB │ gzip:   3.59 kB
public/build/assets/incidents-DK9MDvmo.js                                8.42 kB │ gzip:   3.36 kB
public/build/assets/index-Dlg97wMc.js                                    8.44 kB │ gzip:   1.27 kB
public/build/assets/password-DsGaVbP6.js                                 8.46 kB │ gzip:   3.36 kB
public/build/assets/attestations-B6x-WL_l.js                             8.46 kB │ gzip:   3.66 kB
public/build/assets/form-wizard-CQZEBkQe.js                              8.49 kB │ gzip:   3.49 kB
public/build/assets/my-day-header-D7r743e7.js                            8.50 kB │ gzip:   3.70 kB
public/build/assets/_dialogs-CY-UIbGm.js                                 8.57 kB │ gzip:   3.32 kB
public/build/assets/index-CuuwrIhI.js                                    8.60 kB │ gzip:   1.25 kB
public/build/assets/primitives-COyQvEhD.js                               8.69 kB │ gzip:   3.26 kB
public/build/assets/asset-condition-Cid1QArD.js                          8.69 kB │ gzip:   3.48 kB
public/build/assets/credentials-C8LUzJ_B.js                              8.69 kB │ gzip:   3.56 kB
public/build/assets/bank-account-dialog-BYMmmQsD.js                      8.70 kB │ gzip:   3.38 kB
public/build/assets/settings-BJ_73cIp.js                                 8.70 kB │ gzip:   3.77 kB
public/build/assets/new-account-dialog-bvl59_41.js                       8.74 kB │ gzip:   3.41 kB
public/build/assets/index-BoMPkpvx.js                                    8.74 kB │ gzip:   3.73 kB
public/build/assets/index-vzZfJqEb.js                                    8.75 kB │ gzip:   3.73 kB
public/build/assets/personal-entry-dialog-j3D4Bc4B.js                    8.79 kB │ gzip:   3.29 kB
public/build/assets/add-medication-modal-C26Etamy.js                     8.87 kB │ gzip:   3.64 kB
public/build/assets/show-D6kIfFAz.js                                     8.88 kB │ gzip:   3.04 kB
public/build/assets/show-B79Bn5qI.js                                     8.94 kB │ gzip:   3.99 kB
public/build/assets/timeline-interactions-CojR7uSy.js                    8.96 kB │ gzip:   3.62 kB
public/build/assets/overdue-actions-DZCcNFu1.js                          8.98 kB │ gzip:   3.73 kB
public/build/assets/Index-DdIDJJcm.js                                    9.02 kB │ gzip:   3.82 kB
public/build/assets/fleet-pdvJfAne.js                                    9.05 kB │ gzip:   3.16 kB
public/build/assets/hero-kit-1qvk0XwX.js                                 9.08 kB │ gzip:   2.98 kB
public/build/assets/assess-BI-j-F3I.js                                   9.09 kB │ gzip:   3.78 kB
public/build/assets/Index-DWOjgc4q.js                                    9.11 kB │ gzip:   3.91 kB
public/build/assets/index-BNCVC8Lu.js                                    9.12 kB │ gzip:   3.80 kB
public/build/assets/ClientTrends-BAZhn_5O.js                             9.13 kB │ gzip:   3.92 kB
public/build/assets/file-DI0j4wtX.js                                     9.14 kB │ gzip:   3.88 kB
public/build/assets/record-Be4Of0_A.js                                   9.19 kB │ gzip:   4.14 kB
public/build/assets/Index-DU31Ip5b.js                                    9.23 kB │ gzip:   3.70 kB
public/build/assets/index-D2wvIeDa.js                                    9.25 kB │ gzip:   3.95 kB
public/build/assets/index-CMdwtalk.js                                    9.26 kB │ gzip:   3.64 kB
public/build/assets/index-9R-tdS8g.js                                    9.27 kB │ gzip:   4.03 kB
public/build/assets/note-rail-CHjOhnys.js                                9.29 kB │ gzip:   3.54 kB
public/build/assets/CarePlans-BNHv7e9y.js                                9.34 kB │ gzip:   3.76 kB
public/build/assets/shift-show-redesign-CokLAPZq.js                      9.34 kB │ gzip:   3.58 kB
public/build/assets/knowledge-related-records-BDIu7ESf.js                9.37 kB │ gzip:   3.77 kB
public/build/assets/cd-register-modal-d7Olfg35.js                        9.37 kB │ gzip:   3.84 kB
public/build/assets/reports-DMCjV97k.js                                  9.39 kB │ gzip:   3.91 kB
public/build/assets/_manage-types-dialog-C5-fnrjL.js                     9.39 kB │ gzip:   3.83 kB
public/build/assets/Show-D0dQsSwA.js                                     9.40 kB │ gzip:   4.18 kB
public/build/assets/Show-DrfyXC5z.js                                     9.46 kB │ gzip:   4.10 kB
public/build/assets/benefits-Di1i65S1.js                                 9.49 kB │ gzip:   3.77 kB
public/build/assets/Create-ZyBd2W6q.js                                   9.52 kB │ gzip:   3.88 kB
public/build/assets/history-RnJYowNN.js                                  9.53 kB │ gzip:   3.84 kB
public/build/assets/_dialogs-w0fGF4Br.js                                 9.60 kB │ gzip:   3.07 kB
public/build/assets/Index-4Nq5_9gO.js                                    9.60 kB │ gzip:   4.15 kB
public/build/assets/Edit-BdfQAKKO.js                                     9.64 kB │ gzip:   4.01 kB
public/build/assets/family-tree-0AauYTc0.js                              9.68 kB │ gzip:   3.65 kB
public/build/assets/reimbursement-DQFVQp3X.js                            9.68 kB │ gzip:   3.77 kB
public/build/assets/module-UcUG1fW7.js                                   9.68 kB │ gzip:   4.30 kB
public/build/assets/index-2UCCLgqn.js                                    9.69 kB │ gzip:   4.09 kB
public/build/assets/create-CJaz498_.js                                   9.72 kB │ gzip:   4.07 kB
public/build/assets/Index-KPBJLdoy.js                                    9.72 kB │ gzip:   4.01 kB
public/build/assets/upload-BJ3Im6Di.js                                   9.73 kB │ gzip:   4.07 kB
public/build/assets/stream-item-iSLxqtEw.js                              9.74 kB │ gzip:   3.61 kB
public/build/assets/Mapping-X-19dBBy.js                                  9.75 kB │ gzip:   4.18 kB
public/build/assets/show-DU2-fvek.js                                     9.76 kB │ gzip:   3.88 kB
public/build/assets/reviews-fGJJF3ET.js                                  9.77 kB │ gzip:   4.36 kB
public/build/assets/linked-operational-evidence-nCWNHqcc.js              9.78 kB │ gzip:   3.16 kB
public/build/assets/labels-C3-JaWMq.js                                   9.78 kB │ gzip:   3.69 kB
public/build/assets/retention-BF_-9alF.js                                9.80 kB │ gzip:   3.93 kB
public/build/assets/_food-meal-preferences-BZCr7vtP.js                   9.82 kB │ gzip:   3.80 kB
public/build/assets/respond-BwhXkDuG.js                                  9.85 kB │ gzip:   4.30 kB
public/build/assets/ComplianceStatus-BuL_GQfp.js                         9.85 kB │ gzip:   4.19 kB
public/build/assets/index-5nTeR7Mz.js                                    9.86 kB │ gzip:   4.02 kB
public/build/assets/Index-B1vqHZhz.js                                    9.87 kB │ gzip:   4.13 kB
public/build/assets/Create-DJYgvtLT.js                                   9.88 kB │ gzip:   4.00 kB
public/build/assets/create-BqymBX13.js                                   9.91 kB │ gzip:   4.09 kB
public/build/assets/Logs-CB0qdNqw.js                                     9.94 kB │ gzip:   4.24 kB
public/build/assets/Create-DlMLpZof.js                                   9.94 kB │ gzip:   4.02 kB
public/build/assets/succession-wizards-DIzOCa4c.js                       9.98 kB │ gzip:   3.99 kB
public/build/assets/Index-BZWTJWu-.js                                    9.98 kB │ gzip:   4.17 kB
public/build/assets/RiskNarrative-B_8AV_jj.js                            9.99 kB │ gzip:   4.13 kB
public/build/assets/BoardMembers-C2K24rl2.js                            10.02 kB │ gzip:   4.27 kB
public/build/assets/for-stay-DkkWamqc.js                                10.04 kB │ gzip:   3.90 kB
public/build/assets/index-BYpcf1xw.js                                   10.04 kB │ gzip:   4.01 kB
public/build/assets/Index-tFFHX791.js                                   10.05 kB │ gzip:   4.13 kB
public/build/assets/finance-CiL5rZ8Y.js                                 10.05 kB │ gzip:   3.53 kB
public/build/assets/quick-add-task-BzHCyJPm.js                          10.06 kB │ gzip:   3.83 kB
public/build/assets/pending-DN-E4HWx.js                                 10.07 kB │ gzip:   3.86 kB
public/build/assets/grouped-profile-nav-BSDDigPN.js                     10.09 kB │ gzip:   3.87 kB
public/build/assets/vehicle-technology-projection-HyMidY6-.js           10.10 kB │ gzip:   3.40 kB
public/build/assets/Show-CFSm4QKd.js                                    10.11 kB │ gzip:   4.46 kB
public/build/assets/my-calendar-BrQifCn_.js                             10.12 kB │ gzip:   4.66 kB
public/build/assets/index-fddf1ysr.js                                   10.12 kB │ gzip:   4.05 kB
public/build/assets/Index-5zPlnkfr.js                                   10.13 kB │ gzip:   4.32 kB
public/build/assets/create-D7c1hl1e.js                                  10.13 kB │ gzip:   4.31 kB
public/build/assets/template-DMfPEeBn.js                                10.18 kB │ gzip:   4.12 kB
public/build/assets/GovernanceTermHint-DMxr5Ayd.js                      10.20 kB │ gzip:   4.11 kB
public/build/assets/policies-B2md14AO.js                                10.21 kB │ gzip:   4.16 kB
public/build/assets/Show-CHIu_3Hs.js                                    10.23 kB │ gzip:   4.33 kB
public/build/assets/time-picker-D3jBajkl.js                             10.25 kB │ gzip:   4.36 kB
public/build/assets/asset-finance-technology-projection-Kws1qZju.js     10.26 kB │ gzip:   3.48 kB
public/build/assets/record-wizard-shared-BaA_4twh.js                    10.28 kB │ gzip:   3.91 kB
public/build/assets/create-BfgJ6mXa.js                                  10.28 kB │ gzip:   4.15 kB
public/build/assets/show-B6Td6OnX.js                                    10.29 kB │ gzip:   4.05 kB
public/build/assets/staff-requirements-GNlCmXDF.js                      10.31 kB │ gzip:   3.82 kB
public/build/assets/_inventory-table-DSWlmsNy.js                        10.34 kB │ gzip:   3.74 kB
public/build/assets/legal-holds-CPY_b3I2.js                             10.34 kB │ gzip:   4.18 kB
public/build/assets/show-CSksqWKf.js                                    10.38 kB │ gzip:   4.10 kB
public/build/assets/unifi-CLcXkxyl.js                                   10.41 kB │ gzip:   4.15 kB
public/build/assets/Index-BiQ4KcAJ.js                                   10.41 kB │ gzip:   4.37 kB
public/build/assets/Show-rh-nr2bk.js                                    10.43 kB │ gzip:   3.91 kB
public/build/assets/create-Srgov05Z.js                                  10.44 kB │ gzip:   4.29 kB
public/build/assets/ClientSummary-BDL3BQV2.js                           10.45 kB │ gzip:   3.77 kB
public/build/assets/index-C3bVSI_V.js                                   10.45 kB │ gzip:   4.36 kB
public/build/assets/Index-CDedHmAX.js                                   10.46 kB │ gzip:   4.30 kB
public/build/assets/marketing-layout-B4IF9Gc3.js                        10.47 kB │ gzip:   3.33 kB
public/build/assets/Index-BeSN7vBh.js                                   10.48 kB │ gzip:   4.31 kB
public/build/assets/saved-CGzGkAGt.js                                   10.49 kB │ gzip:   4.30 kB
public/build/assets/imports-CJJRwV10.js                                 10.51 kB │ gzip:   3.87 kB
public/build/assets/index-CtagPywo.js                                   10.52 kB │ gzip:   4.14 kB
public/build/assets/Index-C050GBud.js                                   10.53 kB │ gzip:   4.27 kB
public/build/assets/FundingStreamSummary-CGN5H5rO.js                    10.53 kB │ gzip:   4.34 kB
public/build/assets/ui-DEXdSKD0.js                                      10.58 kB │ gzip:   4.51 kB
public/build/assets/show-iypYQcWg.js                                    10.58 kB │ gzip:   3.90 kB
public/build/assets/edit-CzNXeKL2.js                                    10.59 kB │ gzip:   4.37 kB
public/build/assets/Index-DCPMasB6.js                                   10.59 kB │ gzip:   4.38 kB
public/build/assets/Index-h8p2wn33.js                                   10.60 kB │ gzip:   4.50 kB
public/build/assets/risks-qyrqejrO.js                                   10.60 kB │ gzip:   4.02 kB
public/build/assets/status-Csso8S2t.js                                  10.61 kB │ gzip:   4.24 kB
public/build/assets/Index-Cmtm97fN.js                                   10.64 kB │ gzip:   4.41 kB
public/build/assets/edit-CCKISm2h.js                                    10.65 kB │ gzip:   4.33 kB
public/build/assets/index-BBvbK09x.js                                   10.72 kB │ gzip:   4.78 kB
public/build/assets/modules-Cw-_VZw0.js                                 10.75 kB │ gzip:   4.32 kB
public/build/assets/create-CfxG_dfC.js                                  10.76 kB │ gzip:   3.69 kB
public/build/assets/compliance-_yP9n9kE.js                              10.77 kB │ gzip:   4.27 kB
public/build/assets/tomorrow-panel-BqvTuCJy.js                          10.80 kB │ gzip:   4.25 kB
public/build/assets/index-BQa2tNL_.js                                   10.82 kB │ gzip:   4.25 kB
public/build/assets/portal-users-BqLoYLSs.js                            10.83 kB │ gzip:   4.47 kB
public/build/assets/documents-Cn_tVxlp.js                               10.87 kB │ gzip:   3.84 kB
public/build/assets/_door-B2m7jivU.js                                   10.87 kB │ gzip:   3.81 kB
public/build/assets/work-calendar-settings-ns9k2t3T.js                  10.91 kB │ gzip:   4.32 kB
public/build/assets/risks-DzFBgL-w.js                                   10.92 kB │ gzip:   4.14 kB
public/build/assets/Show-Dc9Zc3XZ.js                                    10.94 kB │ gzip:   4.24 kB
public/build/assets/Index-Do3z-4zz.js                                   10.96 kB │ gzip:   4.51 kB
public/build/assets/Changes-DOQm66Js.js                                 10.96 kB │ gzip:   4.91 kB
public/build/assets/index-ubtH2xcj.js                                   11.02 kB │ gzip:   1.52 kB
public/build/assets/Show-CYtQI7Of.js                                    11.02 kB │ gzip:   4.47 kB
public/build/assets/handovers-hero-B7h5dpwB.js                          11.03 kB │ gzip:   4.81 kB
public/build/assets/create-DtEuu-WE.js                                  11.03 kB │ gzip:   4.49 kB
public/build/assets/Index-CJMgUoJT.js                                   11.08 kB │ gzip:   4.62 kB
public/build/assets/wizard-kit-BronTbJL.js                              11.08 kB │ gzip:   4.66 kB
public/build/assets/Committee-DFJAI6wY.js                               11.09 kB │ gzip:   4.82 kB
public/build/assets/_dialogs-vQPaCcxn.js                                11.11 kB │ gzip:   4.43 kB
public/build/assets/create-pW-kQOK8.js                                  11.12 kB │ gzip:   4.40 kB
public/build/assets/TrialBalance-BSHz7VDH.js                            11.12 kB │ gzip:   4.83 kB
public/build/assets/index-DBAa9A5_.js                                   11.14 kB │ gzip:   4.60 kB
public/build/assets/vendors-CLbproLm.js                                 11.16 kB │ gzip:   3.64 kB
public/build/assets/photos-DxhXH2O_.js                                  11.16 kB │ gzip:   4.58 kB
public/build/assets/breaches-DpUuzIcZ.js                                11.17 kB │ gzip:   4.42 kB
public/build/assets/clock-out-wizard-BS_he9r4.js                        11.18 kB │ gzip:   4.50 kB
public/build/assets/index-C21WYbGQ.js                                   11.19 kB │ gzip:   4.04 kB
public/build/assets/summary-BhM8hnyk.js                                 11.21 kB │ gzip:   4.13 kB
public/build/assets/timeline-DyWCnTgW.js                                11.22 kB │ gzip:   4.81 kB
public/build/assets/index-v6sDEN9c.js                                   11.25 kB │ gzip:   4.37 kB
public/build/assets/cards-view-2ASZdzhw.js                              11.27 kB │ gzip:   4.22 kB
public/build/assets/broadcast-show-r4qIXwNV.js                          11.29 kB │ gzip:   4.13 kB
public/build/assets/show-supervision-C8htB7XC.js                        11.30 kB │ gzip:   4.27 kB
public/build/assets/privacy-action-modal-BoSmRnkH.js                    11.30 kB │ gzip:   4.43 kB
public/build/assets/dashboard-tabs-DUu9wJNZ.js                          11.32 kB │ gzip:   4.23 kB
public/build/assets/map-Bgujhuk3.js                                     11.33 kB │ gzip:   4.60 kB
public/build/assets/CheckShift-C9x8LaHA.js                              11.35 kB │ gzip:   4.80 kB
public/build/assets/Edit-D9c2Y4s7.js                                    11.36 kB │ gzip:   4.59 kB
public/build/assets/Index-BxqiuBPn.js                                   11.36 kB │ gzip:   4.68 kB
public/build/assets/notifications-B1F6wf_T.js                           11.38 kB │ gzip:   4.22 kB
public/build/assets/Index-CuuBRMwH.js                                   11.41 kB │ gzip:   4.73 kB
public/build/assets/wizard-configs-CEUl0Lyb.js                          11.42 kB │ gzip:   3.50 kB
public/build/assets/Index-BQHACauG.js                                   11.43 kB │ gzip:   4.60 kB
public/build/assets/Matrix-B7mFsitC.js                                  11.45 kB │ gzip:   4.88 kB
public/build/assets/visit-requests-BN6tquwg.js                          11.45 kB │ gzip:   4.64 kB
public/build/assets/leave-hub-parts-1xtIjX8k.js                         11.45 kB │ gzip:   4.22 kB
public/build/assets/price-book-dialog-BkY3pIDq.js                       11.47 kB │ gzip:   4.59 kB
public/build/assets/surveys-BFwauU9c.js                                 11.48 kB │ gzip:   4.55 kB
public/build/assets/quote-dialog-BSZfsM3i.js                            11.49 kB │ gzip:   4.65 kB
public/build/assets/index-COrzBHg8.js                                   11.49 kB │ gzip:   4.70 kB
public/build/assets/Create-twAASt8y.js                                  11.51 kB │ gzip:   4.52 kB
public/build/assets/create-CQC6Ehmq.js                                  11.54 kB │ gzip:   4.80 kB
public/build/assets/workers-vKgoufwe.js                                 11.54 kB │ gzip:   4.40 kB
public/build/assets/Index-BG6PWxMT.js                                   11.55 kB │ gzip:   5.17 kB
public/build/assets/Trends-DNw-RI_K.js                                  11.58 kB │ gzip:   5.02 kB
public/build/assets/documents-DhzL9wXx.js                               11.59 kB │ gzip:   4.11 kB
public/build/assets/index-CuhfZWNG.js                                   11.60 kB │ gzip:   4.62 kB
public/build/assets/overview-panels-B0MllQQs.js                         11.63 kB │ gzip:   4.66 kB
public/build/assets/Index-DaTIohWO.js                                   11.63 kB │ gzip:   4.84 kB
public/build/assets/index-BHUixp0f.js                                   11.66 kB │ gzip:   4.23 kB
public/build/assets/_dialogs-Dz5QucXh.js                                11.68 kB │ gzip:   4.74 kB
public/build/assets/Show-C1tq-xBK.js                                    11.68 kB │ gzip:   5.15 kB
public/build/assets/dpia-BD7Ye6zR.js                                    11.69 kB │ gzip:   4.48 kB
public/build/assets/studio-controls-BDsYSUEA.js                         11.71 kB │ gzip:   4.56 kB
public/build/assets/show-Cng2FSag.js                                    11.73 kB │ gzip:   5.04 kB
public/build/assets/show-CWfcAXhs.js                                    11.83 kB │ gzip:   4.46 kB
public/build/assets/task-BXaj2eHS.js                                    11.86 kB │ gzip:   4.88 kB
public/build/assets/Dashboard-D-ZZDwnh.js                               11.86 kB │ gzip:   5.07 kB
public/build/assets/rehire-wizard-BRxgJGBb.js                           11.87 kB │ gzip:   4.49 kB
public/build/assets/_dialogs-CN8Dq0Ij.js                                11.88 kB │ gzip:   4.46 kB
public/build/assets/Index-B3mg5jz0.js                                   11.89 kB │ gzip:   4.90 kB
public/build/assets/templates-E6hlMMob.js                               11.89 kB │ gzip:   4.86 kB
public/build/assets/Index-CChxBDul.js                                   11.93 kB │ gzip:   4.64 kB
public/build/assets/Index-D8omcFaQ.js                                   11.94 kB │ gzip:   5.22 kB
public/build/assets/shift-list-view-CrDVdMm0.js                         11.94 kB │ gzip:   4.71 kB
public/build/assets/Index-8ChfkUPA.js                                   11.94 kB │ gzip:   5.15 kB
public/build/assets/community-access-DAdd6P9Y.js                        11.94 kB │ gzip:   4.82 kB
public/build/assets/alerts-config-CUyPpLZ8.js                           11.97 kB │ gzip:   4.59 kB
public/build/assets/log-notifiable-dialog-DdbML08n.js                   11.97 kB │ gzip:   4.40 kB
public/build/assets/Index-Qwpx2NPL.js                                   11.99 kB │ gzip:   5.20 kB
public/build/assets/healthcare-devices-BcG6Ix2z.js                      11.99 kB │ gzip:   4.18 kB
public/build/assets/Index-ChKtU7Iz.js                                   11.99 kB │ gzip:   5.25 kB
public/build/assets/apply-CdlkGkQ1.js                                   12.00 kB │ gzip:   4.56 kB
public/build/assets/performance-hero-NoE7kvga.js                        12.00 kB │ gzip:   3.85 kB
public/build/assets/Prepare-DemhF4BG.js                                 12.00 kB │ gzip:   4.91 kB
public/build/assets/create-template-7b2l8fiZ.js                         12.05 kB │ gzip:   4.81 kB
public/build/assets/sign-CIIgduiH.js                                    12.07 kB │ gzip:   4.76 kB
public/build/assets/protocol-form-DrExLw0K.js                           12.08 kB │ gzip:   4.39 kB
public/build/assets/profile-pKtcOewR.js                                 12.08 kB │ gzip:   4.94 kB
public/build/assets/page-hero-Dx7a6DFx.js                               12.08 kB │ gzip:   4.65 kB
public/build/assets/AgedReport-DDHOW3zR.js                              12.09 kB │ gzip:   5.45 kB
public/build/assets/ppe-wizard-yHpIDxiz.js                              12.15 kB │ gzip:   4.97 kB
public/build/assets/assignments-BlKYnfRq.js                             12.19 kB │ gzip:   4.91 kB
public/build/assets/it-ticket-comment-contract-BBENTCa7.js              12.19 kB │ gzip:   3.96 kB
public/build/assets/Index-Cc8zOiS7.js                                   12.20 kB │ gzip:   5.11 kB
public/build/assets/index-CwXr8lI8.js                                   12.20 kB │ gzip:   4.67 kB
public/build/assets/cards-view-ijoQf5ic.js                              12.20 kB │ gzip:   4.47 kB
public/build/assets/Index-Bp7GOtyZ.js                                   12.24 kB │ gzip:   4.98 kB
public/build/assets/_request-dialog-BltPWaqY.js                         12.25 kB │ gzip:   4.60 kB
public/build/assets/create-D4IbNLXX.js                                  12.25 kB │ gzip:   4.72 kB
public/build/assets/_builder-dialog-BAPJpZjf.js                         12.27 kB │ gzip:   4.90 kB
public/build/assets/BalanceSheet-BvT_IS-K.js                            12.31 kB │ gzip:   5.15 kB
public/build/assets/Index-D19r-aw8.js                                   12.34 kB │ gzip:   5.26 kB
public/build/assets/index-CuVGCMdz.js                                   12.35 kB │ gzip:   5.03 kB
public/build/assets/stocktakes-CAfJ_9aM.js                              12.35 kB │ gzip:   4.50 kB
public/build/assets/medications-DUQyADE5.js                             12.38 kB │ gzip:   4.48 kB
public/build/assets/Index-B52WJOre.js                                   12.38 kB │ gzip:   4.89 kB
public/build/assets/Index-D-qtdOmC.js                                   12.41 kB │ gzip:   5.09 kB
public/build/assets/donor-fund-dialog-B7OimMIC.js                       12.42 kB │ gzip:   4.44 kB
public/build/assets/index-Cfl_XwrU.js                                   12.42 kB │ gzip:   4.47 kB
public/build/assets/pricing-DLuztnZd.js                                 12.44 kB │ gzip:   3.70 kB
public/build/assets/time-Dp75D-qN.js                                    12.45 kB │ gzip:   5.31 kB
public/build/assets/index-DL92cgqx.js                                   12.46 kB │ gzip:   5.12 kB
public/build/assets/index-DT2SW3WH.js                                   12.48 kB │ gzip:   5.35 kB
public/build/assets/log-obligation-dialog-c58bVKgS.js                   12.49 kB │ gzip:   4.69 kB
public/build/assets/edit-DyKJ0Pjg.js                                    12.49 kB │ gzip:   4.94 kB
public/build/assets/Index-XhPdCvZ-.js                                   12.51 kB │ gzip:   5.42 kB
public/build/assets/index-ozyBMrwZ.js                                   12.51 kB │ gzip:   4.75 kB
public/build/assets/facilities-CwgM5mON.js                              12.52 kB │ gzip:   5.22 kB
public/build/assets/index-BrsPKxGS.js                                   12.53 kB │ gzip:   4.86 kB
public/build/assets/Index-CUqyo90w.js                                   12.54 kB │ gzip:   5.40 kB
public/build/assets/head-office-GuVqkFEV.js                             12.54 kB │ gzip:   5.30 kB
public/build/assets/requests-D9nmOka4.js                                12.55 kB │ gzip:   4.82 kB
public/build/assets/specialist-workspace-header-D9oG0flc.js             12.57 kB │ gzip:   5.56 kB
public/build/assets/_dialogs-B-GkSMD3.js                                12.57 kB │ gzip:   5.32 kB
public/build/assets/index-CVfSWKSK.js                                   12.64 kB │ gzip:   4.49 kB
public/build/assets/file-preview-dialog-Dx1xclQQ.js                     12.67 kB │ gzip:   4.99 kB
public/build/assets/index-CYSYePr9.js                                   12.68 kB │ gzip:   4.85 kB
public/build/assets/geofence-draw-map-D3OKX5X6.js                       12.68 kB │ gzip:   4.86 kB
public/build/assets/edit-CZL7jBT4.js                                    12.68 kB │ gzip:   4.80 kB
public/build/assets/index-C4A7KlRH.js                                   12.69 kB │ gzip:   5.24 kB
public/build/assets/Trends-D3TZqsIS.js                                  12.70 kB │ gzip:   5.21 kB
public/build/assets/Assignments-ju4UoEVg.js                             12.72 kB │ gzip:   5.34 kB
public/build/assets/Diff-CJSfVbKJ.js                                    12.73 kB │ gzip:   5.48 kB
public/build/assets/index-DXKb-eGx.js                                   12.74 kB │ gzip:   4.63 kB
public/build/assets/new-po-dialog-DiNM4tz7.js                           12.75 kB │ gzip:   4.80 kB
public/build/assets/health-CKR-n9eu.js                                  12.77 kB │ gzip:   4.34 kB
public/build/assets/Review-341-WYsa.js                                  12.78 kB │ gzip:   4.68 kB
public/build/assets/show-CRBblMl-.js                                    12.79 kB │ gzip:   4.81 kB
public/build/assets/show-CUK3YcBX.js                                    12.79 kB │ gzip:   4.55 kB
public/build/assets/index-Bg3_Yw5R.js                                   12.79 kB │ gzip:   5.03 kB
public/build/assets/builder-CZml0Y2q.js                                 12.84 kB │ gzip:   4.89 kB
public/build/assets/Index-ULwM2j90.js                                   12.85 kB │ gzip:   4.79 kB
public/build/assets/ppe-action-dialogs-F7vyZ4oI.js                      12.87 kB │ gzip:   4.36 kB
public/build/assets/Show-D4YKFu0f.js                                    12.88 kB │ gzip:   4.91 kB
public/build/assets/ProfitAndLoss-BmZmrktB.js                           12.89 kB │ gzip:   5.17 kB
public/build/assets/Index-BKYhz-ZD.js                                   12.91 kB │ gzip:   5.54 kB
public/build/assets/Index-B7VIbDAg.js                                   12.91 kB │ gzip:   5.60 kB
public/build/assets/Index-DyCp1nVF.js                                   12.97 kB │ gzip:   5.67 kB
public/build/assets/privacy-De-NuC2f.js                                 12.98 kB │ gzip:   3.80 kB
public/build/assets/index-Vj-_xUXB.js                                   13.05 kB │ gzip:   5.47 kB
public/build/assets/Dashboard-CCYZ9COX.js                               13.10 kB │ gzip:   5.47 kB
public/build/assets/prn-wizard-CEa3aSGh.js                              13.10 kB │ gzip:   4.98 kB
public/build/assets/Show-OMhAN0h3.js                                    13.11 kB │ gzip:   5.08 kB
public/build/assets/show-CfLq6DeB.js                                    13.13 kB │ gzip:   4.97 kB
public/build/assets/Trends-DjTNca4R.js                                  13.14 kB │ gzip:   5.36 kB
public/build/assets/index-BeyxvHmZ.js                                   13.15 kB │ gzip:   5.42 kB
public/build/assets/operational-canvas-BeahPLWe.js                      13.15 kB │ gzip:   5.30 kB
public/build/assets/playbook-wizard-DWwXJgx3.js                         13.16 kB │ gzip:   4.59 kB
public/build/assets/Dashboard-DkJW1X5R.js                               13.19 kB │ gzip:   4.36 kB
public/build/assets/layout-DB-o2f_s.js                                  13.19 kB │ gzip:   4.24 kB
public/build/assets/Index-CsSmajme.js                                   13.22 kB │ gzip:   5.63 kB
public/build/assets/daily-check-BvuicP67.js                             13.24 kB │ gzip:   5.35 kB
public/build/assets/Create-D_Myujn8.js                                  13.25 kB │ gzip:   5.58 kB
public/build/assets/calendar-Ckp13yJC.js                                13.25 kB │ gzip:   5.28 kB
public/build/assets/plans-Brd7DVJp.js                                   13.26 kB │ gzip:   5.36 kB
public/build/assets/site-detail-BCs5rvSP.js                             13.26 kB │ gzip:   4.51 kB
public/build/assets/alerts-events-DojZnDyB.js                           13.28 kB │ gzip:   5.61 kB
public/build/assets/Index-angYOYid.js                                   13.30 kB │ gzip:   5.62 kB
public/build/assets/show-C-yCv0-7.js                                    13.31 kB │ gzip:   5.13 kB
public/build/assets/reviews-euHP3bCw.js                                 13.34 kB │ gzip:   5.15 kB
public/build/assets/Index-DD1N4iK9.js                                   13.34 kB │ gzip:   5.57 kB
public/build/assets/messaging-CqaSTapb.js                               13.35 kB │ gzip:   4.73 kB
public/build/assets/goals-path-gEZippUo.js                              13.35 kB │ gzip:   5.34 kB
public/build/assets/pre-check-B8BfEssw.js                               13.37 kB │ gzip:   5.02 kB
public/build/assets/_dialogs-CH1hm0HY.js                                13.39 kB │ gzip:   4.86 kB
public/build/assets/_dialogs-3PG5Ahpg.js                                13.39 kB │ gzip:   5.61 kB
public/build/assets/create-BONsFXQV.js                                  13.42 kB │ gzip:   5.21 kB
public/build/assets/HealthMonitoring-DFzUIvum.js                        13.43 kB │ gzip:   4.88 kB
public/build/assets/_audit-dialog-BsAbcOzW.js                           13.46 kB │ gzip:   5.39 kB
public/build/assets/timesheet-review-DiG6-XL5.js                        13.46 kB │ gzip:   5.02 kB
public/build/assets/_ledger-panel-CWoxrb4H.js                           13.46 kB │ gzip:   4.23 kB
public/build/assets/Index-D0sp4pRG.js                                   13.46 kB │ gzip:   5.88 kB
public/build/assets/unassign-make-open-dialog-DvGAPfDn.js               13.47 kB │ gzip:   5.09 kB
public/build/assets/about-BnaDIGtD.js                                   13.50 kB │ gzip:   3.49 kB
public/build/assets/digest-panel-GQxIfL3P.js                            13.56 kB │ gzip:   4.79 kB
public/build/assets/houses-BIHZfQUX.js                                  13.58 kB │ gzip:   5.67 kB
public/build/assets/expenses-_xHCPBxs.js                                13.60 kB │ gzip:   5.25 kB
public/build/assets/index-BIr-NKkf.js                                   13.60 kB │ gzip:   5.80 kB
public/build/assets/edit-template-CHdcB5Ol.js                           13.61 kB │ gzip:   5.48 kB
public/build/assets/client-Bd0BCShr.js                                  13.64 kB │ gzip:   3.90 kB
public/build/assets/my-day-hero-DR16vOQJ.js                             13.65 kB │ gzip:   5.95 kB
public/build/assets/Index-DtTYX-ll.js                                   13.65 kB │ gzip:   5.90 kB
public/build/assets/_dialogs-iyCwkSdd.js                                13.70 kB │ gzip:   5.12 kB
public/build/assets/MyInterests-BCQamlC7.js                             13.71 kB │ gzip:   5.80 kB
public/build/assets/Index-wZ8lANVF.js                                   13.71 kB │ gzip:   5.97 kB
public/build/assets/terminology-CRvQNR-9.js                             13.74 kB │ gzip:   4.22 kB
public/build/assets/documents-C3eW1rc_.js                               13.75 kB │ gzip:   5.49 kB
public/build/assets/by-house-X7Pq1HJj.js                                13.75 kB │ gzip:   4.85 kB
public/build/assets/rule-wizard-Dr93aXC_.js                             13.75 kB │ gzip:   5.11 kB
public/build/assets/Index-CUnNxoIV.js                                   13.82 kB │ gzip:   5.82 kB
public/build/assets/Index-yvqjOF87.js                                   13.85 kB │ gzip:   5.48 kB
public/build/assets/Index-BB_jXtYv.js                                   13.88 kB │ gzip:   5.61 kB
public/build/assets/Committee-BWt3ybQB.js                               13.89 kB │ gzip:   6.02 kB
public/build/assets/_recipe-edit-dialog-dhO1fxHP.js                     13.90 kB │ gzip:   4.69 kB
public/build/assets/timeline-tab-CDwloPBY.js                            13.94 kB │ gzip:   4.93 kB
public/build/assets/Show-CgUi0GN4.js                                    14.03 kB │ gzip:   6.04 kB
public/build/assets/map-DIkWrjnO.js                                     14.03 kB │ gzip:   5.82 kB
public/build/assets/create-BRuH4G6a.js                                  14.08 kB │ gzip:   5.37 kB
public/build/assets/show-7B8UqghB.js                                    14.12 kB │ gzip:   5.09 kB
public/build/assets/show-DcTQFatE.js                                    14.15 kB │ gzip:   4.75 kB
public/build/assets/holidays-3ydLfZks.js                                14.15 kB │ gzip:   5.78 kB
public/build/assets/Show-D4k2vIjb.js                                    14.15 kB │ gzip:   5.52 kB
public/build/assets/Attestations-793F2aUr.js                            14.15 kB │ gzip:   5.83 kB
public/build/assets/index-TubQeibK.js                                   14.19 kB │ gzip:   5.40 kB
public/build/assets/_dialog-shared-VbZG0mmX.js                          14.22 kB │ gzip:   5.46 kB
public/build/assets/Index-C3gkEAu8.js                                   14.23 kB │ gzip:   6.23 kB
public/build/assets/audit-log-BsQYMDLW.js                               14.24 kB │ gzip:   5.76 kB
public/build/assets/new-vendor-dialog-ClgolUQ3.js                       14.25 kB │ gzip:   4.76 kB
public/build/assets/Terminals-BkULWGOy.js                               14.34 kB │ gzip:   5.94 kB
public/build/assets/task-detail-dialog-CWpdMGvA.js                      14.34 kB │ gzip:   4.80 kB
public/build/assets/Statements-CtS0L06n.js                              14.42 kB │ gzip:   5.90 kB
public/build/assets/trends-DN24X8oG.js                                  14.43 kB │ gzip:   4.84 kB
public/build/assets/Index-stP0ZMxF.js                                   14.44 kB │ gzip:   6.19 kB
public/build/assets/workflow-BNSVhT2O.js                                14.44 kB │ gzip:   5.92 kB
public/build/assets/survey-CY3haFqX.js                                  14.47 kB │ gzip:   4.79 kB
public/build/assets/index-Dk1SGcla.js                                   14.48 kB │ gzip:   5.40 kB
public/build/assets/mar-BUi4CRRa.js                                     14.48 kB │ gzip:   3.93 kB
public/build/assets/Index-CarOnKxV.js                                   14.50 kB │ gzip:   6.20 kB
public/build/assets/Create-Bxap4X1q.js                                  14.51 kB │ gzip:   5.68 kB
public/build/assets/Index-c9fEI0AA.js                                   14.52 kB │ gzip:   6.41 kB
public/build/assets/Index-yPSD6f1d.js                                   14.54 kB │ gzip:   6.05 kB
public/build/assets/_commercial-CNpXMgmE.js                             14.62 kB │ gzip:   5.37 kB
public/build/assets/global-BpFU00cR.js                                  14.62 kB │ gzip:   5.54 kB
public/build/assets/_dialogs-BCspFYkk.js                                14.63 kB │ gzip:   5.81 kB
public/build/assets/Financials-BWWA8Yiw.js                              14.64 kB │ gzip:   5.77 kB
public/build/assets/index-B5Jeu_xp.js                                   14.67 kB │ gzip:   5.58 kB
public/build/assets/record-evidence-dialog-Dh7bCe2d.js                  14.75 kB │ gzip:   5.97 kB
public/build/assets/_dialogs-DMykpXe9.js                                14.75 kB │ gzip:   5.61 kB
public/build/assets/matrix-csgycCE9.js                                  14.77 kB │ gzip:   5.93 kB
public/build/assets/show-DPvRHwGU.js                                    14.78 kB │ gzip:   5.74 kB
public/build/assets/my-tasks-CQJpyqui.js                                14.79 kB │ gzip:   5.80 kB
public/build/assets/run-C2lYCQD7.js                                     14.79 kB │ gzip:   5.48 kB
public/build/assets/index-D726YDvs.js                                   14.80 kB │ gzip:   6.15 kB
public/build/assets/playback-Cji-phwd.js                                14.82 kB │ gzip:   5.82 kB
public/build/assets/index-DbXFQxH_.js                                   14.82 kB │ gzip:   5.80 kB
public/build/assets/new-bill-dialog-DXh1ce-h.js                         14.83 kB │ gzip:   5.31 kB
public/build/assets/Show-sixGz474.js                                    14.84 kB │ gzip:   5.89 kB
public/build/assets/Show-CrECvlbE.js                                    14.89 kB │ gzip:   6.09 kB
public/build/assets/reports-RJBOKh-Y.js                                 14.94 kB │ gzip:   5.18 kB
public/build/assets/Index-BdsVcrMP.js                                   14.98 kB │ gzip:   5.53 kB
public/build/assets/show-D1msh4Te.js                                    14.98 kB │ gzip:   5.52 kB
public/build/assets/CashFlow-DmhIVGYe.js                                15.00 kB │ gzip:   5.91 kB
public/build/assets/Create-Buixz9Pb.js                                  15.00 kB │ gzip:   4.95 kB
public/build/assets/index-5kL7RHHA.js                                   15.01 kB │ gzip:   6.05 kB
public/build/assets/Results-C4NvRlbl.js                                 15.04 kB │ gzip:   6.27 kB
public/build/assets/portal-users-Cr5X3ayY.js                            15.06 kB │ gzip:   6.24 kB
public/build/assets/edit-u97THezm.js                                    15.11 kB │ gzip:   5.90 kB
public/build/assets/sso-groups-qFvEjEVn.js                              15.13 kB │ gzip:   5.62 kB
public/build/assets/custom-fields-J7bB1TxN.js                           15.14 kB │ gzip:   6.15 kB
public/build/assets/index-BLoXRnk5.js                                   15.17 kB │ gzip:   6.22 kB
public/build/assets/command-centre-hero-Dv4AJbxv.js                     15.18 kB │ gzip:   6.15 kB
public/build/assets/Show-BFQ3dSNj.js                                    15.23 kB │ gzip:   6.41 kB
public/build/assets/overview-BhgTBrNA.js                                15.26 kB │ gzip:   5.51 kB
public/build/assets/BatchDetail-C8yJEZpL.js                             15.30 kB │ gzip:   5.91 kB
public/build/assets/create-a1FZvFby.js                                  15.33 kB │ gzip:   5.60 kB
public/build/assets/terms-GEVt5M0F.js                                   15.36 kB │ gzip:   4.44 kB
public/build/assets/Index-D5dERYo0.js                                   15.40 kB │ gzip:   6.34 kB
public/build/assets/contact-CL2XmVj3.js                                 15.42 kB │ gzip:   4.92 kB
public/build/assets/Roles-Dm6dPnPd.js                                   15.42 kB │ gzip:   4.84 kB
public/build/assets/edit-DScgfbYH.js                                    15.42 kB │ gzip:   6.10 kB
public/build/assets/Show-DAI468Jw.js                                    15.50 kB │ gzip:   6.02 kB
public/build/assets/Index-tlXEikuT.js                                   15.50 kB │ gzip:   6.57 kB
public/build/assets/record-event-dialog-nlO8bfG0.js                     15.54 kB │ gzip:   5.96 kB
public/build/assets/show-B3wH77ao.js                                    15.56 kB │ gzip:   5.83 kB
public/build/assets/staff-detail-DnBfF_yt.js                            15.58 kB │ gzip:   5.93 kB
public/build/assets/bonuses-DgQYEh3b.js                                 15.58 kB │ gzip:   6.31 kB
public/build/assets/reports-BR9gMOjs.js                                 15.63 kB │ gzip:   5.97 kB
public/build/assets/shift-detail-dialog-Cs4QMg0C.js                     15.63 kB │ gzip:   6.05 kB
public/build/assets/daily-note-wizard-Dz12SrEH.js                       15.63 kB │ gzip:   4.77 kB
public/build/assets/payslips-YtgyjhGu.js                                15.65 kB │ gzip:   5.67 kB
public/build/assets/history-CdPVjcfD.js                                 15.73 kB │ gzip:   5.82 kB
public/build/assets/profile-B7KEsDSx.js                                 15.73 kB │ gzip:   5.63 kB
public/build/assets/Index-JT-owYoe.js                                   15.74 kB │ gzip:   6.34 kB
public/build/assets/Show-BqtS0oeO.js                                    15.78 kB │ gzip:   6.34 kB
public/build/assets/webhooks-BFk5DEZK.js                                15.79 kB │ gzip:   5.42 kB
public/build/assets/BudgetVsActuals-DIWTmfl4.js                         15.79 kB │ gzip:   6.11 kB
public/build/assets/my-hr-shoutout-spotlight-BLnsC9dQ.js                15.87 kB │ gzip:   5.91 kB
public/build/assets/Heatmap-BarTzt_n.js                                 15.89 kB │ gzip:   6.69 kB
public/build/assets/Batches-DTw1Fpg9.js                                 15.90 kB │ gzip:   6.53 kB
public/build/assets/review-detail-Cit7PV01.js                           15.91 kB │ gzip:   6.34 kB
public/build/assets/index-BGuU-_vC.js                                   15.98 kB │ gzip:   6.63 kB
public/build/assets/maintenance-health-D_D7dPGd.js                      16.01 kB │ gzip:   6.31 kB
public/build/assets/Index-_JJ-gpfL.js                                   16.02 kB │ gzip:   6.27 kB
public/build/assets/record-dose-wizard-DYcsl1l8.js                      16.05 kB │ gzip:   5.36 kB
public/build/assets/audit-Mo-rL8Ec.js                                   16.07 kB │ gzip:   5.97 kB
public/build/assets/Index-Ds24spTd.js                                   16.08 kB │ gzip:   6.84 kB
public/build/assets/record-receipt-dialog-DhnKaCfl.js                   16.12 kB │ gzip:   5.58 kB
public/build/assets/index-BLnzUOJe.js                                   16.16 kB │ gzip:   6.45 kB
public/build/assets/policy-wizards-D_ybzVWG.js                          16.17 kB │ gzip:   5.57 kB
public/build/assets/Index-C4ueXWTG.js                                   16.30 kB │ gzip:   6.85 kB
public/build/assets/matrix-Cv9vzhej.js                                  16.31 kB │ gzip:   6.34 kB
public/build/assets/appearance-CbjtqLyP.js                              16.33 kB │ gzip:   5.02 kB
public/build/assets/incidents-5r6jwvyx.js                               16.35 kB │ gzip:   6.04 kB
public/build/assets/risk-management-B-in6wiU.js                         16.35 kB │ gzip:   6.27 kB
public/build/assets/record-abc-dialog-DYTVPJc0.js                       16.39 kB │ gzip:   5.80 kB
public/build/assets/Assessments-yWkjDjfk.js                             16.41 kB │ gzip:   6.44 kB
public/build/assets/Show-Ck6kvV0Y.js                                    16.42 kB │ gzip:   6.44 kB
public/build/assets/Index-DCNkdFyf.js                                   16.44 kB │ gzip:   6.36 kB
public/build/assets/breaches-3xECSDl7.js                                16.45 kB │ gzip:   5.77 kB
public/build/assets/RunResults-TPz_txMt.js                              16.47 kB │ gzip:   6.19 kB
public/build/assets/show-CrMn2N-r.js                                    16.52 kB │ gzip:   6.59 kB
public/build/assets/index-iIB8h2Ts.js                                   16.55 kB │ gzip:   6.63 kB
public/build/assets/Settings-rbEU-Kka.js                                16.58 kB │ gzip:   6.23 kB
public/build/assets/show-DCLddU27.js                                    16.59 kB │ gzip:   5.64 kB
public/build/assets/Show-jEvYnYdE.js                                    16.62 kB │ gzip:   6.55 kB
public/build/assets/notification-defaults-b_j8ywRv.js                   16.65 kB │ gzip:   5.94 kB
public/build/assets/index-n7o9HPMn.js                                   16.68 kB │ gzip:   6.50 kB
public/build/assets/Index-Ba70EBp7.js                                   16.71 kB │ gzip:   6.64 kB
public/build/assets/boundary-wizard-2XczEB5_.js                         16.72 kB │ gzip:   6.43 kB
public/build/assets/observations-rSZtjsPm.js                            16.73 kB │ gzip:   6.21 kB
public/build/assets/location-DlJjdIcs.js                                16.76 kB │ gzip:   6.03 kB
public/build/assets/charts-CT-73pLm.js                                  16.83 kB │ gzip:   5.56 kB
public/build/assets/Show-CByta8Cx.js                                    16.84 kB │ gzip:   6.98 kB
public/build/assets/Protocols-K-18aNT3.js                               16.89 kB │ gzip:   6.24 kB
public/build/assets/documents-BBlle70o.js                               16.89 kB │ gzip:   6.68 kB
public/build/assets/leave-CNvDvxG2.js                                   16.90 kB │ gzip:   7.08 kB
public/build/assets/Index-DSn1gfBb.js                                   16.91 kB │ gzip:   6.92 kB
public/build/assets/note-detail-dialog-CvbSBkJT.js                      16.91 kB │ gzip:   5.80 kB
public/build/assets/Show-Cnmg2nT7.js                                    16.91 kB │ gzip:   5.85 kB
public/build/assets/Index-BMexsmma.js                                   16.92 kB │ gzip:   6.97 kB
public/build/assets/api-3_NE7At-.js                                     16.96 kB │ gzip:   5.17 kB
public/build/assets/Index-CbZfpg59.js                                   17.02 kB │ gzip:   6.68 kB
public/build/assets/cost-allocation-CQzYESPe.js                         17.10 kB │ gzip:   6.13 kB
public/build/assets/leaflet-map-BY2wcsnW.js                             17.11 kB │ gzip:   6.08 kB
public/build/assets/edit-BIVIE3aU.js                                    17.14 kB │ gzip:   6.34 kB
public/build/assets/family-notes-BzS360z2.js                            17.15 kB │ gzip:   6.37 kB
public/build/assets/index-BwudmTZQ.js                                   17.15 kB │ gzip:   6.70 kB
public/build/assets/Index-B8xTzMJ8.js                                   17.19 kB │ gzip:   6.21 kB
public/build/assets/Index-Bhjiu-7C.js                                   17.24 kB │ gzip:   7.10 kB
public/build/assets/create-De1RelF0.js                                  17.24 kB │ gzip:   6.03 kB
public/build/assets/leave-hub-tabs-CpSvSPBO.js                          17.30 kB │ gzip:   5.81 kB
public/build/assets/_dialogs-Clnjy1bT.js                                17.31 kB │ gzip:   6.47 kB
public/build/assets/worklists-Dw-Zfaao.js                               17.31 kB │ gzip:   5.86 kB
public/build/assets/maintenance-BmG1Tnoh.js                             17.32 kB │ gzip:   6.49 kB
public/build/assets/Index-6qJZHHuP.js                                   17.37 kB │ gzip:   7.24 kB
public/build/assets/week-picker-C0ztJFle.js                             17.40 kB │ gzip:   6.73 kB
public/build/assets/view-timesheet-dialog-Bgh_GLUH.js                   17.49 kB │ gzip:   4.85 kB
public/build/assets/handover-detail-dialog-DXlTB-70.js                  17.50 kB │ gzip:   5.94 kB
public/build/assets/fleet-calendar-Y26RYa6y.js                          17.55 kB │ gzip:   6.95 kB
public/build/assets/_overview-dialogs-BKA6DAO5.js                       17.65 kB │ gzip:   5.35 kB
public/build/assets/Index-aSeJQiWU.js                                   17.65 kB │ gzip:   7.51 kB
public/build/assets/index-CWDkOOMS.js                                   17.66 kB │ gzip:   6.73 kB
public/build/assets/index-vIcODUBs.js                                   17.67 kB │ gzip:   5.94 kB
public/build/assets/show-4DoqFwVP.js                                    17.74 kB │ gzip:   4.45 kB
public/build/assets/edit-DjsN1E1o.js                                    17.89 kB │ gzip:   6.47 kB
public/build/assets/substance-wizard-dialog-Dg_LMr5k.js                 17.90 kB │ gzip:   6.30 kB
public/build/assets/index-B1JcT2Tn.js                                   17.93 kB │ gzip:   6.92 kB
public/build/assets/show-kmssk12L.js                                    17.94 kB │ gzip:   6.42 kB
public/build/assets/Index-c-uKGGl4.js                                   18.00 kB │ gzip:   7.35 kB
public/build/assets/security-D8WHz0UE.js                                18.02 kB │ gzip:   6.23 kB
public/build/assets/reports-D0XdlxCi.js                                 18.04 kB │ gzip:   6.34 kB
public/build/assets/Show-Br2IM5Go.js                                    18.05 kB │ gzip:   6.09 kB
public/build/assets/Index-IfHoTzoD.js                                   18.05 kB │ gzip:   7.31 kB
public/build/assets/show-CVRbSMKY.js                                    18.05 kB │ gzip:   6.65 kB
public/build/assets/show-DkiiW0WA.js                                    18.06 kB │ gzip:   6.59 kB
public/build/assets/index-Btv0s268.js                                   18.07 kB │ gzip:   2.18 kB
public/build/assets/index-B5pN8GR8.js                                   18.07 kB │ gzip:   4.73 kB
public/build/assets/health-clinical-shell-DwfInbBV.js                   18.10 kB │ gzip:   7.17 kB
public/build/assets/shift-coverage-DOEdIIu4.js                          18.17 kB │ gzip:   6.42 kB
public/build/assets/daily-notes-BtmQI0nG.js                             18.21 kB │ gzip:   6.71 kB
public/build/assets/Show-fXWKNtQK.js                                    18.23 kB │ gzip:   7.02 kB
public/build/assets/Show-BZE7c04P.js                                    18.24 kB │ gzip:   7.35 kB
public/build/assets/_dialogs-4CW-Uj2m.js                                18.24 kB │ gzip:   6.68 kB
public/build/assets/payslip-detail-R0OVnm0c.js                          18.27 kB │ gzip:   6.11 kB
public/build/assets/dashboard-DWyWLfdT.js                               18.28 kB │ gzip:   6.95 kB
public/build/assets/Edit-8DWjMYLa.js                                    18.29 kB │ gzip:   6.98 kB
public/build/assets/operational-map-C657BXgS.js                         18.30 kB │ gzip:   6.19 kB
public/build/assets/book-vehicle-wizard-DCl1bCAZ.js                     18.31 kB │ gzip:   5.53 kB
public/build/assets/Show-BKAA7T_S.js                                    18.39 kB │ gzip:   7.16 kB
public/build/assets/announcement-wizard-B_X3XIX_.js                     18.46 kB │ gzip:   6.36 kB
public/build/assets/Show-DeCUICVq.js                                    18.47 kB │ gzip:   7.42 kB
public/build/assets/index-CEnwLhuS.js                                   18.55 kB │ gzip:   6.55 kB
public/build/assets/schedule-D5wvyrJR.js                                18.65 kB │ gzip:   6.39 kB
public/build/assets/directory-C_jvdAcb.js                               18.65 kB │ gzip:   6.31 kB
public/build/assets/create-wizard-DilNvJcy.js                           18.69 kB │ gzip:   6.51 kB
public/build/assets/index-CR8pgedd.js                                   18.74 kB │ gzip:   7.25 kB
public/build/assets/show-sROYrwC4.js                                    18.78 kB │ gzip:   6.85 kB
public/build/assets/ppe-detail-dialog-CcG5o7JW.js                       18.80 kB │ gzip:   6.40 kB
public/build/assets/chains-Bk8_4Ryj.js                                  18.82 kB │ gzip:   6.63 kB
public/build/assets/show-review-CCetez13.js                             18.88 kB │ gzip:   6.83 kB
public/build/assets/_recipes-panel-DZWNPgko.js                          18.90 kB │ gzip:   6.00 kB
public/build/assets/audit-logs-B5qfhskq.js                              18.95 kB │ gzip:   7.17 kB
public/build/assets/_dialogs-CtclIgX4.js                                19.07 kB │ gzip:   6.15 kB
public/build/assets/goals-Dczz5g9U.js                                   19.25 kB │ gzip:   6.69 kB
public/build/assets/integrations-CzFcuASu.js                            19.28 kB │ gzip:   6.68 kB
public/build/assets/show-ojYvZ0TX.js                                    19.29 kB │ gzip:   7.12 kB
public/build/assets/edit-BCNjkMi4.js                                    19.33 kB │ gzip:   6.90 kB
public/build/assets/two-factor-B3umfb8D.js                              19.36 kB │ gzip:   7.20 kB
public/build/assets/index-Kkhh2hHI.js                                   19.39 kB │ gzip:   6.66 kB
public/build/assets/_dialogs-C6woXiBn.js                                19.43 kB │ gzip:   7.20 kB
public/build/assets/_templates-panel-6ELom6hS.js                        19.54 kB │ gzip:   5.99 kB
public/build/assets/escalations-CTwWs-Ns.js                             19.54 kB │ gzip:   8.15 kB
public/build/assets/calendar-sync-BwQ0TRFE.js                           19.57 kB │ gzip:   7.42 kB
public/build/assets/index-rD1sUVHJ.js                                   19.58 kB │ gzip:   7.47 kB
public/build/assets/Shifts-DRql-X3Z.js                                  19.58 kB │ gzip:   7.13 kB
public/build/assets/show-C69pQd6Z.js                                    19.65 kB │ gzip:   6.81 kB
public/build/assets/training-DhcvdkAu.js                                19.67 kB │ gzip:   6.52 kB
public/build/assets/Index-CPPEhBXq.js                                   19.71 kB │ gzip:   8.22 kB
public/build/assets/show-D_XOd0NQ.js                                    19.72 kB │ gzip:   7.45 kB
public/build/assets/labels-LvZJz47-.js                                  19.78 kB │ gzip:   7.70 kB
public/build/assets/Behaviour-BLcyPAVU.js                               19.84 kB │ gzip:   6.97 kB
public/build/assets/Show-BDbQMx0-.js                                    19.85 kB │ gzip:   7.82 kB
public/build/assets/Show-CT8UOYOM.js                                    19.92 kB │ gzip:   7.67 kB
public/build/assets/index-DeBe_rR3.js                                   19.95 kB │ gzip:   7.76 kB
public/build/assets/_dialogs-CNOxi-tX.js                                19.97 kB │ gzip:   7.02 kB
public/build/assets/features-CITwEYIy.js                                19.98 kB │ gzip:   5.22 kB
public/build/assets/Show-BUJjXtCq.js                                    20.03 kB │ gzip:   7.73 kB
public/build/assets/index-dGJ7MUak.js                                   20.03 kB │ gzip:   7.42 kB
public/build/assets/edit-Dk3SPkEz.js                                    20.24 kB │ gzip:   7.53 kB
public/build/assets/broadcast-C47_j9hy.js                               20.30 kB │ gzip:   7.82 kB
public/build/assets/dashboard-8s45zn1c.js                               20.33 kB │ gzip:   7.52 kB
public/build/assets/index-BjseUiKi.js                                   20.33 kB │ gzip:   7.34 kB
public/build/assets/index-BMbIrP__.js                                   20.35 kB │ gzip:   7.06 kB
public/build/assets/stats-DWqQdBqy.js                                   20.37 kB │ gzip:   6.50 kB
public/build/assets/fixed-asset-dispose-dialog-CUp1Gk_W.js              20.43 kB │ gzip:   6.67 kB
public/build/assets/note-wizard-DcU9ZvRh.js                             20.54 kB │ gzip:   6.59 kB
public/build/assets/show-BWYbT6Jc.js                                    20.55 kB │ gzip:   7.57 kB
public/build/assets/fleet-map-_Je6h70s.js                               20.58 kB │ gzip:   7.16 kB
public/build/assets/_library-dialogs-B9h-w8s9.js                        20.59 kB │ gzip:   5.60 kB
public/build/assets/medications-C3GF5FUX.js                             20.63 kB │ gzip:   7.23 kB
public/build/assets/shifts-DUpWJzAZ.js                                  20.65 kB │ gzip:   6.79 kB
public/build/assets/_error-dialogs-DoXj2ejz.js                          20.68 kB │ gzip:   7.30 kB
public/build/assets/stocktake-modal-DOiyPNRc.js                         20.78 kB │ gzip:   6.96 kB
public/build/assets/calendar-YFO0dvoo.js                                20.80 kB │ gzip:   6.79 kB
public/build/assets/history-BxwodVSq.js                                 20.81 kB │ gzip:   7.18 kB
public/build/assets/shift-notes-dialog-ltXEnmJV.js                      20.84 kB │ gzip:   7.80 kB
public/build/assets/record-observation-dialog-BMJaenIF.js               20.96 kB │ gzip:   8.10 kB
public/build/assets/Index-CiHJN8ag.js                                   20.99 kB │ gzip:   8.70 kB
public/build/assets/show-D3nAD1mr.js                                    21.00 kB │ gzip:   7.12 kB
public/build/assets/index-CmL2E87i.js                                   21.04 kB │ gzip:   8.60 kB
public/build/assets/index-CkxOxIUf.js                                   21.05 kB │ gzip:   8.36 kB
public/build/assets/create-CbocUxOy.js                                  21.06 kB │ gzip:   6.06 kB
public/build/assets/add-device-dialog-I0ahcJ8i.js                       21.12 kB │ gzip:   7.34 kB
public/build/assets/index-CtsDtYA1.js                                   21.13 kB │ gzip:   7.70 kB
public/build/assets/map-CIswAUoR.js                                     21.14 kB │ gzip:   6.62 kB
public/build/assets/balances-DA0fW-5c.js                                21.16 kB │ gzip:   8.50 kB
public/build/assets/Show-Bo43pF2L.js                                    21.22 kB │ gzip:   8.09 kB
public/build/assets/create-BxTo5_M7.js                                  21.25 kB │ gzip:   7.14 kB
public/build/assets/show-mdEzL-Pm.js                                    21.35 kB │ gzip:   7.53 kB
public/build/assets/show-CoYKniJl.js                                    21.38 kB │ gzip:   7.79 kB
public/build/assets/index-DhWcOuwk.js                                   21.63 kB │ gzip:   7.39 kB
public/build/assets/_dialogs-BCJU_mdV.js                                21.64 kB │ gzip:   7.66 kB
public/build/assets/parts-7Nt98MzQ.js                                   21.65 kB │ gzip:   6.77 kB
public/build/assets/Events-CqGsRQLV.js                                  21.73 kB │ gzip:   7.99 kB
public/build/assets/Index-C8vE9oEP.js                                   21.76 kB │ gzip:   8.37 kB
public/build/assets/performance-wizards-DyqMYSgS.js                     21.79 kB │ gzip:   7.44 kB
public/build/assets/review-builder-dialog-DCZg_ZMf.js                   21.89 kB │ gzip:   7.70 kB
public/build/assets/index-DyuNWwmz.js                                   21.92 kB │ gzip:   8.04 kB
public/build/assets/create-JRVLTkQM.js                                  21.92 kB │ gzip:   8.73 kB
public/build/assets/calendar-CS8ee6gG.js                                21.92 kB │ gzip:   6.86 kB
public/build/assets/edit-ByxkJzfq.js                                    21.97 kB │ gzip:   7.37 kB
public/build/assets/Index-DePF-igs.js                                   22.01 kB │ gzip:   8.48 kB
public/build/assets/ppe-create-wizards-Dy1l7AoC.js                      22.05 kB │ gzip:   7.38 kB
public/build/assets/incidents-V3PmUNVk.js                               22.23 kB │ gzip:   8.35 kB
public/build/assets/home-CdNwszoV.js                                    22.25 kB │ gzip:   5.38 kB
public/build/assets/create-BFk9z7h6.js                                  22.26 kB │ gzip:   7.44 kB
public/build/assets/show-Dp3oYH47.js                                    22.47 kB │ gzip:   7.41 kB
public/build/assets/leave-request-dialog-D5uhe9Yv.js                    22.51 kB │ gzip:   7.53 kB
public/build/assets/Index-tgvqtTvU.js                                   22.63 kB │ gzip:   8.52 kB
public/build/assets/payslips-D_SLHYJX.js                                22.63 kB │ gzip:   6.76 kB
public/build/assets/_dialogs-DHvdo3O-.js                                22.81 kB │ gzip:   8.46 kB
public/build/assets/incidents-BNNlFppb.js                               22.90 kB │ gzip:   8.54 kB
public/build/assets/personal-details-Blpj536m.js                        22.99 kB │ gzip:   7.96 kB
public/build/assets/Show-B4tEbmL0.js                                    23.05 kB │ gzip:   8.57 kB
public/build/assets/notifications-BdrOREWx.js                           23.15 kB │ gzip:   8.30 kB
public/build/assets/Show-DIpCjCVA.js                                    23.16 kB │ gzip:   7.94 kB
public/build/assets/_competency-dialogs-D7YMIgrR.js                     23.20 kB │ gzip:   7.75 kB
public/build/assets/resident-sidebar-Bg60czhG.js                        23.21 kB │ gzip:   8.33 kB
public/build/assets/Index-D6MUfvmd.js                                   23.32 kB │ gzip:   7.74 kB
public/build/assets/index-DnAAvmdg.js                                   23.35 kB │ gzip:   8.09 kB
public/build/assets/Show-bdlUwAuf.js                                    23.42 kB │ gzip:   8.60 kB
public/build/assets/unifi-DT29rj-G.js                                   23.46 kB │ gzip:   7.14 kB
public/build/assets/create-wizard-CVaS8YwT.js                           23.48 kB │ gzip:   8.18 kB
public/build/assets/show-CyiUTVpe.js                                    23.49 kB │ gzip:   7.66 kB
public/build/assets/Show-BPweNr5M.js                                    23.53 kB │ gzip:   8.99 kB
public/build/assets/booking-wizard-9Xx9Nz4o.js                          23.70 kB │ gzip:   7.90 kB
public/build/assets/Index-B538bDRF.js                                   23.78 kB │ gzip:   9.24 kB
public/build/assets/index-CKT3Fp08.js                                   23.78 kB │ gzip:   8.86 kB
public/build/assets/one-CGLj2zU7.js                                     23.98 kB │ gzip:   8.29 kB
public/build/assets/_dialogs--OJqBfOB.js                                23.99 kB │ gzip:   8.98 kB
public/build/assets/analytics-charts-BLkH6UOS.js                        24.03 kB │ gzip:   6.47 kB
public/build/assets/Index-DCj2j0pM.js                                   24.22 kB │ gzip:   8.53 kB
public/build/assets/page-hero-D_Ozawm6.js                               24.23 kB │ gzip:   7.29 kB
public/build/assets/Create-Cy10MP4m.js                                  24.26 kB │ gzip:   7.94 kB
public/build/assets/ResolutionResultCard-mLE0HkmW.js                    24.31 kB │ gzip:   8.94 kB
public/build/assets/mar-governance-dialogs-vtP5Td_w.js                  24.32 kB │ gzip:   7.56 kB
public/build/assets/restraint-event-wizard-CsyRhfkD.js                  24.76 kB │ gzip:   8.04 kB
public/build/assets/automations-CWgGNw8f.js                             24.78 kB │ gzip:   7.61 kB
public/build/assets/Show-CkIZO60-.js                                    24.79 kB │ gzip:  10.00 kB
public/build/assets/governance-labels-CJgR2U5s.js                       24.81 kB │ gzip:   8.17 kB
public/build/assets/Show-Ba-YbxFe.js                                    24.95 kB │ gzip:   8.77 kB
public/build/assets/Show-T9CzVH3N.js                                    25.03 kB │ gzip:   9.65 kB
public/build/assets/_review-dialogs-BR0WiX0i.js                         25.05 kB │ gzip:   7.96 kB
public/build/assets/Reconcile-vHwG1HO1.js                               25.06 kB │ gzip:   8.89 kB
public/build/assets/index-BKAAkDzX.js                                   25.10 kB │ gzip:   8.20 kB
public/build/assets/objective-wizard-Cv3fKXVI.js                        25.18 kB │ gzip:   7.13 kB
public/build/assets/Medications-UOQUxyp5.js                             25.28 kB │ gzip:   9.19 kB
public/build/assets/Index-B9GflbPv.js                                   25.45 kB │ gzip:   7.89 kB
public/build/assets/Show-7_6g8SgZ.js                                    25.46 kB │ gzip:   9.77 kB
public/build/assets/sso-BjllZfnl.js                                     25.55 kB │ gzip:   7.98 kB
public/build/assets/index-Dme-9V-4.js                                   25.56 kB │ gzip:   9.67 kB
public/build/assets/index-BHMI8rOd.js                                   25.56 kB │ gzip:   8.91 kB
public/build/assets/it-mailbox-DedBvdxR.js                              25.67 kB │ gzip:   8.73 kB
public/build/assets/show-jyclHxlh.js                                    25.79 kB │ gzip:   8.13 kB
public/build/assets/milesight-BHYEgPJX.js                               25.92 kB │ gzip:   8.52 kB
public/build/assets/create-offer-G_2gjHR1.js                            25.96 kB │ gzip:   8.83 kB
public/build/assets/dashboard-bdWVAbjS.js                               26.08 kB │ gzip:   8.07 kB
public/build/assets/vendor-utils-Dr6D9L7d.js                            26.13 kB │ gzip:   8.47 kB
public/build/assets/Index-Bu3DnaP-.js                                   26.20 kB │ gzip:   9.75 kB
public/build/assets/record-assessment-dialog-92OHYgjZ.js                26.21 kB │ gzip:   9.51 kB
public/build/assets/documents-wizards-CD-YVt71.js                       26.26 kB │ gzip:   9.26 kB
public/build/assets/_dialogs-ABImeUSY.js                                26.35 kB │ gzip:   8.34 kB
public/build/assets/show-B5rCHVzQ.js                                    26.37 kB │ gzip:   8.97 kB
public/build/assets/transport-medication-dialogs-B_j4VtH7.js            26.38 kB │ gzip:   6.09 kB
public/build/assets/index-D-dDN3oW.js                                   26.39 kB │ gzip:   9.02 kB
public/build/assets/show-BDj8CcQ5.js                                    26.56 kB │ gzip:   7.68 kB
public/build/assets/Handovers-BraM6X55.js                               26.71 kB │ gzip:  10.43 kB
public/build/assets/_workspace-dialogs-OybCxZHf.js                      26.83 kB │ gzip:   8.77 kB
public/build/assets/create-4K6K2cCz.js                                  26.91 kB │ gzip:   7.54 kB
public/build/assets/index-BfBuk-_8.js                                   27.04 kB │ gzip:   9.58 kB
public/build/assets/index-CNP-81an.js                                   27.15 kB │ gzip:   9.69 kB
public/build/assets/show-C5q5YUJu.js                                    27.18 kB │ gzip:   9.06 kB
public/build/assets/index-BTxSX1Qh.js                                   27.34 kB │ gzip:   9.48 kB
public/build/assets/SelfAdmin-Bv81sphM.js                               27.45 kB │ gzip:   9.11 kB
public/build/assets/provisioning-command-dialog-BAz5JENU.js             27.65 kB │ gzip:  10.76 kB
public/build/assets/care-support-plan-kNchJfJa.js                       27.67 kB │ gzip:   9.14 kB
public/build/assets/show-dntjnxqt.js                                    27.68 kB │ gzip:   9.79 kB
public/build/assets/Index-KBE_MHci.js                                   27.75 kB │ gzip:  10.43 kB
public/build/assets/index-Dy0qKQBT.js                                   27.84 kB │ gzip:   9.78 kB
public/build/assets/index-BjQVXQTw.js                                   27.85 kB │ gzip:   9.32 kB
public/build/assets/edit-8pW7EmIQ.js                                    27.94 kB │ gzip:   9.31 kB
public/build/assets/smart-monitoring-BOg1quOb.js                        28.05 kB │ gzip:   6.49 kB
public/build/assets/Index-DzSstvRf.js                                   28.11 kB │ gzip:  10.43 kB
public/build/assets/index-DRdw3rIl.js                                   28.27 kB │ gzip:   9.19 kB
public/build/assets/show-B0BtwGHb.js                                    28.44 kB │ gzip:   9.99 kB
public/build/assets/show-Bo7rRxYl.js                                    28.76 kB │ gzip:   8.55 kB
public/build/assets/show-CyHosy3r.js                                    28.77 kB │ gzip:  10.31 kB
public/build/assets/index-B2JaxjeG.js                                   28.80 kB │ gzip:   8.66 kB
public/build/assets/_self-admin-dialogs-cTEj3Wcq.js                     28.81 kB │ gzip:   9.49 kB
public/build/assets/index-DqAJ9oV3.js                                   28.92 kB │ gzip:   9.31 kB
public/build/assets/Show-CZx46tce.js                                    29.04 kB │ gzip:   9.13 kB
public/build/assets/Create-B9hlT2MD.js                                  29.10 kB │ gzip:  10.16 kB
public/build/assets/guided-round-dialog-BiGFHC9t.js                     29.15 kB │ gzip:   9.60 kB
public/build/assets/templates-ClVNQbh0.js                               29.66 kB │ gzip:  10.54 kB
public/build/assets/documents-P1lXBPm9.js                               29.69 kB │ gzip:   9.24 kB
public/build/assets/_dialogs-DNMiQZvP.js                                30.04 kB │ gzip:  10.02 kB
public/build/assets/run-modal-BIqYg9ae.js                               30.05 kB │ gzip:  10.26 kB
public/build/assets/asset-wizard-dialog-Dw_wTE-y.js                     30.17 kB │ gzip:  10.27 kB
public/build/assets/procedure-detail-dialog-Cik5wTfv.js                 30.20 kB │ gzip:   9.63 kB
public/build/assets/index-1rXU_H8g.js                                   30.21 kB │ gzip:   9.93 kB
public/build/assets/page-header-RxMlIkp1.js                             30.30 kB │ gzip:   9.23 kB
public/build/assets/show-0QxP7Zup.js                                    30.31 kB │ gzip:   9.84 kB
public/build/assets/_dialogs-Csve9Ls-.js                                30.39 kB │ gzip:   9.19 kB
public/build/assets/_dialogs-BxuGdMnP.js                                30.56 kB │ gzip:  10.93 kB
public/build/assets/Show-CKXKIBA3.js                                    30.58 kB │ gzip:  11.03 kB
public/build/assets/Competency-CuGcaiKL.js                              30.60 kB │ gzip:  10.30 kB
public/build/assets/MedicationErrors-EXJGVUZj.js                        30.86 kB │ gzip:  11.22 kB
public/build/assets/_hero-ChCF798_.js                                   30.97 kB │ gzip:   9.79 kB
public/build/assets/access-xQQjrRQb.js                                  31.13 kB │ gzip:  10.22 kB
public/build/assets/_shopping-list-panel-CCqMJ3lJ.js                    31.35 kB │ gzip:  11.01 kB
public/build/assets/index-Dpn66z2K.js                                   31.39 kB │ gzip:  10.76 kB
public/build/assets/Reviews-C91As41U.js                                 31.77 kB │ gzip:  10.46 kB
public/build/assets/_dialogs-DLqKLbX9.js                                31.87 kB │ gzip:   9.50 kB
public/build/assets/_stock-dialogs-DvLjcyCC.js                          31.91 kB │ gzip:   9.55 kB
public/build/assets/notification-escalations-BiEJaOuN.js                32.16 kB │ gzip:  10.05 kB
public/build/assets/email-settings-DcTDRd--.js                          32.25 kB │ gzip:  10.34 kB
public/build/assets/access-BPRksgjn.js                                  32.57 kB │ gzip:  11.62 kB
public/build/assets/index-DZ2Q18vr.js                                   32.93 kB │ gzip:  11.96 kB
public/build/assets/_dialogs-Xw5tEOT2.js                                33.24 kB │ gzip:  10.69 kB
public/build/assets/Show-BfTEpFDs.js                                    33.28 kB │ gzip:  11.68 kB
public/build/assets/Show-CzmUHFlh.js                                    33.60 kB │ gzip:  11.75 kB
public/build/assets/index-CgtAr8Sj.js                                   33.63 kB │ gzip:  11.60 kB
public/build/assets/index-Bz1NnVyR.js                                   34.03 kB │ gzip:  11.63 kB
public/build/assets/index-CiZu0jEP.js                                   34.40 kB │ gzip:  12.25 kB
public/build/assets/show-DzIiYmcK.js                                    34.80 kB │ gzip:  10.68 kB
public/build/assets/Destructions-CYj00jzN.js                            34.80 kB │ gzip:  12.46 kB
public/build/assets/medical-ny5vF8UT.js                                 34.88 kB │ gzip:   7.89 kB
public/build/assets/_prescription-dialogs-tAP9m-1M.js                   35.13 kB │ gzip:   9.93 kB
public/build/assets/index-CvEOYKnO.js                                   35.16 kB │ gzip:  11.94 kB
public/build/assets/Index-CtueFmyI.js                                   35.26 kB │ gzip:  11.57 kB
public/build/assets/_cd-dialogs-VooX2I0b.js                             35.36 kB │ gzip:   9.45 kB
public/build/assets/documents-B58R8aeI.js                               35.52 kB │ gzip:  11.44 kB
public/build/assets/index-CBdfdKHo.js                                   35.83 kB │ gzip:  12.43 kB
public/build/assets/index-Dc7NKnQP.js                                   36.56 kB │ gzip:  11.78 kB
public/build/assets/messages-CEqBuZHg.js                                36.61 kB │ gzip:  11.89 kB
public/build/assets/reviews-BxV0Tens.js                                 36.77 kB │ gzip:  11.58 kB
public/build/assets/index-DnJcIC3n.js                                   37.14 kB │ gzip:  13.96 kB
public/build/assets/handover-6bqR7-H2.js                                37.35 kB │ gzip:  11.83 kB
public/build/assets/Create-BZ7GUTvd.js                                  37.37 kB │ gzip:  12.11 kB
public/build/assets/index-Cu8Y-jTj.js                                   37.70 kB │ gzip:  11.78 kB
public/build/assets/_inspector-BZKAntD0.js                              37.97 kB │ gzip:  11.56 kB
public/build/assets/documents-3QGqqX2d.js                               38.02 kB │ gzip:  12.60 kB
public/build/assets/Dashboard-T9wKDJms.js                               38.05 kB │ gzip:  14.33 kB
public/build/assets/index-DphtDM1Q.js                                   38.12 kB │ gzip:  14.58 kB
public/build/assets/Show-C4KDETDk.js                                    38.13 kB │ gzip:  14.46 kB
public/build/assets/global-C8XYRbpF.js                                  38.41 kB │ gzip:  12.88 kB
public/build/assets/hazard-register-jqM034L-.js                         38.49 kB │ gzip:  12.71 kB
public/build/assets/Reports-BGFVYqYE.js                                 38.57 kB │ gzip:  12.94 kB
public/build/assets/Show-BMHLBW5w.js                                    39.48 kB │ gzip:  11.41 kB
public/build/assets/index-j2kF3Aya.js                                   39.52 kB │ gzip:  13.04 kB
public/build/assets/index-BOXJjXpo.js                                   39.99 kB │ gzip:  13.11 kB
public/build/assets/index-CGoLTYf8.js                                   40.28 kB │ gzip:  12.96 kB
public/build/assets/index-Lt3eXLu4.js                                   40.35 kB │ gzip:  13.85 kB
public/build/assets/case-wizards-DGY7JAFW.js                            40.74 kB │ gzip:  11.63 kB
public/build/assets/compliance-wizards-DsMOQutn.js                      40.85 kB │ gzip:  12.73 kB
public/build/assets/index-l8Ww1aq3.js                                   40.90 kB │ gzip:  14.75 kB
public/build/assets/index-BFO8tx1w.js                                   40.95 kB │ gzip:  13.39 kB
public/build/assets/index-BddsRkv4.js                                   41.30 kB │ gzip:  14.37 kB
public/build/assets/_dialogs-BYF-e5qq.js                                41.37 kB │ gzip:  12.04 kB
public/build/assets/index-BC_XcKUr.js                                   41.51 kB │ gzip:  14.12 kB
public/build/assets/bands-Ch1Qhhlh.js                                   41.59 kB │ gzip:  14.34 kB
public/build/assets/Edit-hMpQ-qlU.js                                    41.81 kB │ gzip:  13.34 kB
public/build/assets/profile-BxNN7Tvt.js                                 41.94 kB │ gzip:  14.14 kB
public/build/assets/index-DhU7v2S-.js                                   41.95 kB │ gzip:  15.16 kB
public/build/assets/discovery-4tlCPO-L.js                               42.55 kB │ gzip:  12.97 kB
public/build/assets/app-layout-CoCsXh-f.js                              42.65 kB │ gzip:  13.33 kB
public/build/assets/index-Bz03epyo.js                                   42.75 kB │ gzip:  13.78 kB
public/build/assets/sso-config-Bor2FS1N.js                              42.78 kB │ gzip:  13.92 kB
public/build/assets/handover-wizard-Bqg8jkl1.js                         43.04 kB │ gzip:  13.62 kB
public/build/assets/core.esm-D5j4X1h1.js                                43.17 kB │ gzip:  14.39 kB
public/build/assets/service-contexts-COCVUYJ2.js                        43.71 kB │ gzip:  14.00 kB
public/build/assets/_dialogs-On1m3pdk.js                                43.77 kB │ gzip:  14.04 kB
public/build/assets/StockManagement-ULh19yzA.js                         43.85 kB │ gzip:  13.12 kB
public/build/assets/show-DcVVs5wI.js                                    44.22 kB │ gzip:  14.93 kB
public/build/assets/Dashboard-0CrfIvmM.js                               44.24 kB │ gzip:  10.85 kB
public/build/assets/show-D0TQ4Buo.js                                    44.24 kB │ gzip:  14.94 kB
public/build/assets/Index-NPxckK9b.js                                   44.25 kB │ gzip:  15.19 kB
public/build/assets/_canvas-B7Y7y70i.js                                 44.48 kB │ gzip:  12.88 kB
public/build/assets/branding-bEPhr3s-.js                                44.77 kB │ gzip:  13.99 kB
public/build/assets/asset-wizards-D_5dfZhU.js                           45.18 kB │ gzip:  13.11 kB
public/build/assets/AuditLog-BpuHIbiK.js                                45.29 kB │ gzip:  15.27 kB
public/build/assets/index-D-HBLbeo.js                                   45.56 kB │ gzip:  12.99 kB
public/build/assets/MarCharts-DrcbHkXf.js                               45.68 kB │ gzip:  15.81 kB
public/build/assets/Prescriptions-H9q1miiA.js                           46.34 kB │ gzip:  14.07 kB
public/build/assets/incident-detail-dialog-ZjhTCT9I.js                  47.33 kB │ gzip:  14.30 kB
public/build/assets/drill-detail-dialog-DZE4RHXk.js                     47.88 kB │ gzip:  13.51 kB
public/build/assets/Rounds-BcRwkVFb.js                                  48.23 kB │ gzip:  15.16 kB
public/build/assets/incident-report-dialog-BHpAF0dQ.js                  48.28 kB │ gzip:  15.87 kB
public/build/assets/dashboard-riamHL0Z.js                               48.38 kB │ gzip:  16.04 kB
public/build/assets/_dialogs-TdkqKn-O.js                                48.54 kB │ gzip:  14.35 kB
public/build/assets/index-K64VG2bK.js                                   48.90 kB │ gzip:  15.62 kB
public/build/assets/create-shift-dialog-3_z_QWLE.js                     49.10 kB │ gzip:  14.23 kB
public/build/assets/index-Dv0dY7Jm.js                                   49.28 kB │ gzip:  15.17 kB
public/build/assets/_wizard-rxHT4HrS.js                                 49.42 kB │ gzip:  15.33 kB
public/build/assets/welcome-BjU6C8JG.js                                 50.21 kB │ gzip:   9.57 kB
public/build/assets/index-JIDFOR_A.js                                   51.07 kB │ gzip:  16.05 kB
public/build/assets/index-BxsM3kj8.js                                   51.81 kB │ gzip:  15.97 kB
public/build/assets/family-dashboard-BxzILfmZ.js                        51.95 kB │ gzip:  15.12 kB
public/build/assets/ra-wizard-dialog-B_jAxnC3.js                        51.97 kB │ gzip:  16.28 kB
public/build/assets/show-CoMr4TvB.js                                    52.12 kB │ gzip:  17.74 kB
public/build/assets/hazard-detail-dialog-DqGGwFWL.js                    52.62 kB │ gzip:  15.18 kB
public/build/assets/index-CXr0BZLm.js                                   52.88 kB │ gzip:  16.03 kB
public/build/assets/settings-CaYIHyKL.js                                53.32 kB │ gzip:  15.55 kB
public/build/assets/transport-DVK53e5P.js                               54.18 kB │ gzip:  18.44 kB
public/build/assets/workspace-kTBoimet.js                               55.32 kB │ gzip:  18.06 kB
public/build/assets/index-9-PS9rxK.js                                   56.67 kB │ gzip:  19.18 kB
public/build/assets/Show-B3okiVIt.js                                    57.39 kB │ gzip:  17.34 kB
public/build/assets/CockpitLayout-DvwlOe1O.js                           57.41 kB │ gzip:  17.88 kB
public/build/assets/workspace-A_2Tgpvl.js                               57.56 kB │ gzip:  20.29 kB
public/build/assets/device-profile-sections--CaHJ3Nd.js                 58.15 kB │ gzip:  16.93 kB
public/build/assets/dashboard-TEnN0XM4.js                               58.74 kB │ gzip:  16.95 kB
public/build/assets/show-N32eeEL0.js                                    58.82 kB │ gzip:  20.08 kB
public/build/assets/my-hr-shell-DdJsO3V8.js                             59.82 kB │ gzip:  18.81 kB
public/build/assets/Index-BK0fd4L7.js                                   59.93 kB │ gzip:  19.13 kB
public/build/assets/medical-BKpT8i_8.js                                 60.21 kB │ gzip:  12.06 kB
public/build/assets/PrnRecords-Dg0SHdmP.js                              60.72 kB │ gzip:  18.67 kB
public/build/assets/conflicts-DNBdWiyH.js                               61.21 kB │ gzip:  19.77 kB
public/build/assets/Show-BQaqpLYp.js                                    62.50 kB │ gzip:  21.41 kB
public/build/assets/_parts-Cn4PpSC2.js                                  62.84 kB │ gzip:  20.37 kB
public/build/assets/settings-DAEIvItL.js                                63.31 kB │ gzip:  17.23 kB
public/build/assets/index-32S0jJNo.js                                   64.27 kB │ gzip:  19.34 kB
public/build/assets/dashboard-ByImccOs.js                               64.46 kB │ gzip:  20.36 kB
public/build/assets/data-CyMyNaQK.js                                    64.62 kB │ gzip:  13.99 kB
public/build/assets/monitoring-BPXqo2DS.js                              65.77 kB │ gzip:  19.56 kB
public/build/assets/ControlledDrugs-C8dx5NS9.js                         65.82 kB │ gzip:  20.43 kB
public/build/assets/catalog-5YvrIkUP.js                                 66.74 kB │ gzip:  17.73 kB
public/build/assets/Show-DCuUfWsN.js                                    67.29 kB │ gzip:  19.34 kB
public/build/assets/show-DtS_DPlB.js                                    67.76 kB │ gzip:  15.09 kB
public/build/assets/show-Bua0mqTV.js                                    68.55 kB │ gzip:  20.31 kB
public/build/assets/index-DbHh5wIz.js                                   69.05 kB │ gzip:  21.44 kB
public/build/assets/index-DnQmHc5i.js                                   69.34 kB │ gzip:  21.87 kB
public/build/assets/analytics-kL9WCMei.js                               70.61 kB │ gzip:  23.92 kB
public/build/assets/SiteCalendar-DNCvv-7P.js                            71.79 kB │ gzip:  22.73 kB
public/build/assets/concern-dialog-D1wQ4fHh.js                          72.32 kB │ gzip:  20.08 kB
public/build/assets/legacy-profile-sections-CUpUjCrH.js                 72.99 kB │ gzip:  19.50 kB
public/build/assets/show-CQVcGGXR.js                                    74.27 kB │ gzip:  23.09 kB
public/build/assets/show-r2Rdal2T.js                                    75.70 kB │ gzip:  23.62 kB
public/build/assets/index-FlgP3mrb.js                                   77.40 kB │ gzip:  22.54 kB
public/build/assets/_calendar-grid-DDiCP3an.js                          77.48 kB │ gzip:  22.96 kB
public/build/assets/index-er3vyQj-.js                                   78.26 kB │ gzip:  23.83 kB
public/build/assets/index-DklgVhqC.js                                   80.58 kB │ gzip:  23.35 kB
public/build/assets/index-DhXjtgFs.js                                   81.88 kB │ gzip:  24.54 kB
public/build/assets/_create-dialog-DD_eEPXy.js                          81.96 kB │ gzip:  27.49 kB
public/build/assets/index-zqjooofm.js                                   83.74 kB │ gzip:  27.22 kB
public/build/assets/index-EYWwGxNy.js                                   86.93 kB │ gzip:  24.95 kB
public/build/assets/Index-C2xm0_FX.js                                   88.75 kB │ gzip:  26.80 kB
public/build/assets/index-BWVUhjdk.js                                   88.76 kB │ gzip:  27.29 kB
public/build/assets/staff-page-shell-DfHE8BE0.js                        91.30 kB │ gzip:  27.03 kB
public/build/assets/index-CyQJPu0y.js                                   94.93 kB │ gzip:  28.21 kB
public/build/assets/show-CGdsgJmO.js                                    99.24 kB │ gzip:  25.80 kB
public/build/assets/ticket-intake-fields-BaBSFdTZ.js                   102.61 kB │ gzip:  30.27 kB
public/build/assets/index-D5IGHqeP.js                                  103.38 kB │ gzip:  31.10 kB
public/build/assets/index-Bmj5sdpe.js                                  104.03 kB │ gzip:  31.58 kB
public/build/assets/index-CyznLyYz.js                                  107.44 kB │ gzip:  31.46 kB
public/build/assets/queclink-hub-C4FFGaUx.js                           109.77 kB │ gzip:  33.67 kB
public/build/assets/it-wizards-DwnWDpis.js                             111.72 kB │ gzip:  35.88 kB
public/build/assets/index-D0DcRXPh.js                                  111.91 kB │ gzip:  30.55 kB
public/build/assets/workspace-MKE26fCQ.js                              128.30 kB │ gzip:  38.69 kB
public/build/assets/jsQR-EsnENd7U.js                                   130.72 kB │ gzip:  47.46 kB
public/build/assets/ticket-reopen-dialog-UHGjk1Ux.js                   145.73 kB │ gzip:  46.12 kB
public/build/assets/event-detail-dialog-Bo4iUwq_.js                    148.01 kB │ gzip:  38.85 kB
public/build/assets/vendor-maps-CTUbLoeq.js                            149.92 kB │ gzip:  43.49 kB
public/build/assets/index-BxXWjYzb.js                                  155.97 kB │ gzip:  42.60 kB
public/build/assets/index-h3fImffv.js                                  156.20 kB │ gzip:  45.40 kB
public/build/assets/alert-workspace-dialog-BGNP7HVa.js                 158.46 kB │ gzip:  44.47 kB
public/build/assets/index-BS1fvW0X.js                                  159.65 kB │ gzip:  45.15 kB
public/build/assets/show-DJR5uNz4.js                                   170.43 kB │ gzip:  52.69 kB
public/build/assets/knowledge-revision-dialog-dl0cYrRe.js              176.90 kB │ gzip:  49.52 kB
public/build/assets/vendor-react-C99fm9h8.js                           193.87 kB │ gzip:  60.86 kB
public/build/assets/vendor-inertia-L00mYErJ.js                         195.04 kB │ gzip:  65.83 kB
public/build/assets/category-DheDrfE7.js                               206.57 kB │ gzip:  51.97 kB
public/build/assets/index-DyIy8U7o.js                                  215.13 kB │ gzip:  68.43 kB
public/build/assets/index-exRC50pe.js                                  236.38 kB │ gzip:  70.77 kB
public/build/assets/vendor-calendar-NWT3TLWG.js                        267.92 kB │ gzip:  79.12 kB
public/build/assets/vendor-ui-w1Ikxf0L.js                              276.38 kB │ gzip:  76.83 kB
public/build/assets/index-BW3y7b2f.js                                  317.41 kB │ gzip:  88.18 kB
public/build/assets/show-G25KAFwo.js                                   328.58 kB │ gzip:  98.18 kB
public/build/assets/show-D7OjTjUB.js                                   350.46 kB │ gzip:  98.90 kB
public/build/assets/vendor-charts-DKFvUt4j.js                          398.58 kB │ gzip: 115.53 kB
public/build/assets/pdf-YYBQA8p7.js                                    437.74 kB │ gzip: 131.10 kB
public/build/assets/app-DkbjUGTW.js                                    526.97 kB │ gzip:  85.42 kB
public/build/assets/show-BDUWsjEe.js                                   747.39 kB │ gzip: 239.85 kB

(!) Some chunks are larger than 500 kB after minification. Consider:
- Using dynamic import() to code-split the application
- Use build.rollupOptions.output.manualChunks to improve chunking: https://rollupjs.org/configuration-options/#output-manualchunks
- Adjust chunk size limit for this warning via build.chunkSizeWarningLimit.
✓ built in 5m 2s
