vite v7.3.6 building client environment for production...
[plugin @laravel/vite-plugin-wayfinder] Types generated for actions, routes, form variants
transforming...
✓ 5383 modules transformed.
rendering chunks...
computing gzip size...
public/build/assets/layers-BWBAp2CZ.png                                  0.70 kB
public/build/assets/layers-2x-Bpkbi35X.png                               1.26 kB
public/build/assets/marker-icon-hN30_KVU.png                             1.47 kB
public/build/manifest.json                                           3,767.60 kB │ gzip: 203.71 kB
public/build/assets/show-BlsQFc8X.css                                    0.96 kB │ gzip:   0.38 kB
public/build/assets/vendor-maps-CLLlcC51.css                            11.08 kB │ gzip:   2.73 kB
public/build/assets/knowledge-revision-dialog-D-juoI1B.css              12.92 kB │ gzip:   3.14 kB
public/build/assets/location-workspace-BnCaAc4S.css                     16.92 kB │ gzip:   3.64 kB
public/build/assets/index-Dmrchnqb.css                                  79.87 kB │ gzip:   9.87 kB
public/build/assets/show-ugW-UKTR.css                                  117.68 kB │ gzip:  17.18 kB
public/build/assets/app-CkvBNQdD.css                                   441.20 kB │ gzip:  56.30 kB
public/build/assets/my-hr-utils-fLvKAKV1.js                              0.07 kB │ gzip:   0.09 kB
public/build/assets/avatar-hue-BThxaYxR.js                               0.10 kB │ gzip:   0.11 kB
public/build/assets/_announcer-cvXWdNAc.js                               0.12 kB │ gzip:   0.12 kB
public/build/assets/minus-C2_wPK-u.js                                    0.12 kB │ gzip:   0.13 kB
public/build/assets/check-DvgV8KIa.js                                    0.12 kB │ gzip:   0.14 kB
public/build/assets/circle-DQXU88h8.js                                   0.12 kB │ gzip:   0.13 kB
public/build/assets/chevron-down-VjkHJ5-S.js                             0.13 kB │ gzip:   0.14 kB
public/build/assets/chevron-up-BpHbupLF.js                               0.13 kB │ gzip:   0.14 kB
public/build/assets/chevron-left-BrQU7ZKS.js                             0.13 kB │ gzip:   0.14 kB
public/build/assets/chevron-right-TdzGIypZ.js                            0.13 kB │ gzip:   0.14 kB
public/build/assets/play-DW_i-_sN.js                                     0.13 kB │ gzip:   0.15 kB
public/build/assets/moon-BA8wc4E3.js                                     0.14 kB │ gzip:   0.15 kB
public/build/assets/loader-circle-B7dHH2nn.js                            0.14 kB │ gzip:   0.15 kB
public/build/assets/square-Be5wLtKP.js                                   0.15 kB │ gzip:   0.15 kB
public/build/assets/message-circle-CgMJm9at.js                           0.15 kB │ gzip:   0.16 kB
public/build/assets/navigation-_lFwLuOy.js                               0.15 kB │ gzip:   0.15 kB
public/build/assets/staff-creation-workflow-D6SGmEbz.js                  0.15 kB │ gzip:   0.13 kB
public/build/assets/plus-C2CSBLkf.js                                     0.15 kB │ gzip:   0.15 kB
public/build/assets/x-DnbbIIAz.js                                        0.15 kB │ gzip:   0.15 kB
public/build/assets/thermometer-DIPgxazK.js                              0.16 kB │ gzip:   0.16 kB
public/build/assets/filter-DJSTZ1hZ.js                                   0.16 kB │ gzip:   0.16 kB
public/build/assets/bookmark-CFaNOLkp.js                                 0.16 kB │ gzip:   0.16 kB
public/build/assets/arrow-left-BT1v-tRb.js                               0.16 kB │ gzip:   0.16 kB
public/build/assets/arrow-right-BdwWBs_y.js                              0.16 kB │ gzip:   0.16 kB
public/build/assets/arrow-up-right-f0KKp7SV.js                           0.16 kB │ gzip:   0.15 kB
public/build/assets/circle-minus-B8NESx57.js                             0.17 kB │ gzip:   0.16 kB
public/build/assets/search-Dj8ub9LC.js                                   0.17 kB │ gzip:   0.16 kB
public/build/assets/move-right-CTpepU81.js                               0.17 kB │ gzip:   0.16 kB
public/build/assets/ban-CWeGftZK.js                                      0.17 kB │ gzip:   0.16 kB
public/build/assets/circle-check-C6uf8x77.js                             0.17 kB │ gzip:   0.16 kB
public/build/assets/chevrons-up-down-B5j3TCL3.js                         0.17 kB │ gzip:   0.16 kB
public/build/assets/provider-CyzdoYBv.js                                 0.17 kB │ gzip:   0.15 kB
public/build/assets/power-Cf7Q5u2y.js                                    0.17 kB │ gzip:   0.17 kB
public/build/assets/user-round-DTeIKlrA.js                               0.18 kB │ gzip:   0.17 kB
public/build/assets/gauge-CnaUcK9T.js                                    0.18 kB │ gzip:   0.17 kB
public/build/assets/circle-dot-BgV8uIS1.js                               0.18 kB │ gzip:   0.15 kB
public/build/assets/clock-BAtwLLSP.js                                    0.18 kB │ gzip:   0.17 kB
public/build/assets/message-square-DBBKcQrp.js                           0.18 kB │ gzip:   0.17 kB
public/build/assets/check-check-BM6kYG4B.js                              0.18 kB │ gzip:   0.17 kB
public/build/assets/clock-3-oxDm5pzM.js                                  0.18 kB │ gzip:   0.17 kB
public/build/assets/chart-line-BxkZjKYC.js                               0.18 kB │ gzip:   0.17 kB
public/build/assets/circle-slash-BtXB6NmN.js                             0.18 kB │ gzip:   0.17 kB
public/build/assets/reply-C6hlqvvS.js                                    0.18 kB │ gzip:   0.18 kB
public/build/assets/circle-check-big-Bd9hURhJ.js                         0.19 kB │ gzip:   0.18 kB
public/build/assets/circle-play-CGDK0_y5.js                              0.19 kB │ gzip:   0.17 kB
public/build/assets/user-DWws3pBt.js                                     0.19 kB │ gzip:   0.18 kB
public/build/assets/megaphone-hG2t1zyq.js                                0.19 kB │ gzip:   0.18 kB
public/build/assets/skip-forward-CiukQkOD.js                             0.20 kB │ gzip:   0.18 kB
public/build/assets/smartphone-SPn7LolZ.js                               0.20 kB │ gzip:   0.18 kB
public/build/assets/info-D2tQBPo0.js                                     0.20 kB │ gzip:   0.18 kB
public/build/assets/rotate-ccw-BGxUmMX6.js                               0.20 kB │ gzip:   0.18 kB
public/build/assets/rotate-cw-BQX4Wuzm.js                                0.20 kB │ gzip:   0.18 kB
public/build/assets/lock-Dk8i69V7.js                                     0.20 kB │ gzip:   0.19 kB
public/build/assets/circle-x-Cjn6ilMP.js                                 0.20 kB │ gzip:   0.18 kB
public/build/assets/circle-plus-b0XSpIf2.js                              0.20 kB │ gzip:   0.18 kB
public/build/assets/chart-palette-BuldC4kO.js                            0.20 kB │ gzip:   0.13 kB
public/build/assets/trending-up-owKtYz7_.js                              0.20 kB │ gzip:   0.18 kB
public/build/assets/utils-COkJOzsg.js                                    0.20 kB │ gzip:   0.16 kB
public/build/assets/credit-card-C8sUeUib.js                              0.21 kB │ gzip:   0.18 kB
public/build/assets/arrow-up-from-line-MYPJa8hp.js                       0.21 kB │ gzip:   0.18 kB
public/build/assets/arrow-down-to-line-CrBVHxep.js                       0.21 kB │ gzip:   0.18 kB
public/build/assets/redo-2-IV7AmBJS.js                                   0.21 kB │ gzip:   0.18 kB
public/build/assets/trending-down-C2ESk5xD.js                            0.21 kB │ gzip:   0.18 kB
public/build/assets/undo-2-DJcd9-GF.js                                   0.21 kB │ gzip:   0.18 kB
public/build/assets/droplet-C0dMLtL9.js                                  0.21 kB │ gzip:   0.19 kB
public/build/assets/lock-open-DmN8x0E_.js                                0.21 kB │ gzip:   0.19 kB
public/build/assets/mail-Q9wtxsGd.js                                     0.21 kB │ gzip:   0.20 kB
public/build/assets/it-module-shell-Cq8Pndvb.js                          0.21 kB │ gzip:   0.19 kB
public/build/assets/battery-z787V-4-.js                                  0.21 kB │ gzip:   0.18 kB
public/build/assets/pause-CI_Rlh_l.js                                    0.21 kB │ gzip:   0.17 kB
public/build/assets/circle-arrow-up-B1txzN8O.js                          0.21 kB │ gzip:   0.18 kB
public/build/assets/circle-arrow-down-Bqux9xox.js                        0.21 kB │ gzip:   0.18 kB
public/build/assets/pill-DZr7zlao.js                                     0.21 kB │ gzip:   0.18 kB
public/build/assets/table-2-C2h9e8iE.js                                  0.21 kB │ gzip:   0.18 kB
public/build/assets/site-profile-dialog-host-BH_OdoAm.js                 0.21 kB │ gzip:   0.19 kB
public/build/assets/dollar-sign-BPENA5ni.js                              0.22 kB │ gzip:   0.19 kB
public/build/assets/file-TRCik3wo.js                                     0.22 kB │ gzip:   0.18 kB
public/build/assets/laptop-rS-WVBJ4.js                                   0.22 kB │ gzip:   0.19 kB
public/build/assets/flag-DMj96gIY.js                                     0.22 kB │ gzip:   0.20 kB
public/build/assets/rows-3-BU-TT9aO.js                                   0.22 kB │ gzip:   0.19 kB
public/build/assets/rss-CJ18zWGH.js                                      0.22 kB │ gzip:   0.19 kB
public/build/assets/briefcase-Bnr-oWHS.js                                0.22 kB │ gzip:   0.20 kB
public/build/assets/ellipsis-CdU8R6c6.js                                 0.22 kB │ gzip:   0.16 kB
public/build/assets/target-B76XelPb.js                                   0.22 kB │ gzip:   0.16 kB
public/build/assets/columns-3-DsmnmvTi.js                                0.22 kB │ gzip:   0.19 kB
public/build/assets/git-merge-BGnpiFWA.js                                0.22 kB │ gzip:   0.19 kB
public/build/assets/square-check-big-CrY77e3n.js                         0.22 kB │ gzip:   0.19 kB
public/build/assets/sticky-note-AVriZHYN.js                              0.22 kB │ gzip:   0.18 kB
public/build/assets/folder-DcUqCt5M.js                                   0.23 kB │ gzip:   0.19 kB
public/build/assets/ellipsis-vertical-BibXwhey.js                        0.23 kB │ gzip:   0.17 kB
public/build/assets/vote-7X-i1Scn.js                                     0.23 kB │ gzip:   0.19 kB
public/build/assets/copy-CY-iSLU0.js                                     0.23 kB │ gzip:   0.20 kB
public/build/assets/door-closed-CBVmF5eB.js                              0.23 kB │ gzip:   0.19 kB
public/build/assets/user-round-check-CIvfDIyb.js                         0.23 kB │ gzip:   0.21 kB
public/build/assets/circle-user-round-CrLyWRZ6.js                        0.23 kB │ gzip:   0.19 kB
public/build/assets/circle-help-BOHkp_DS.js                              0.23 kB │ gzip:   0.20 kB
public/build/assets/ear-DN1mk_Mr.js                                      0.23 kB │ gzip:   0.19 kB
public/build/assets/activity-BwKJHHw4.js                                 0.23 kB │ gzip:   0.20 kB
public/build/assets/pen-i_0ClFpL.js                                      0.23 kB │ gzip:   0.20 kB
public/build/assets/history-xe_2C-PP.js                                  0.24 kB │ gzip:   0.20 kB
public/build/assets/globe-CTqKzJAV.js                                    0.24 kB │ gzip:   0.19 kB
public/build/assets/timer-BjNqdJGF.js                                    0.24 kB │ gzip:   0.18 kB
public/build/assets/banknote-DpwnkP9u.js                                 0.24 kB │ gzip:   0.20 kB
public/build/assets/heart-D_0wtEBa.js                                    0.24 kB │ gzip:   0.21 kB
public/build/assets/link-2-MbBoKa0A.js                                   0.24 kB │ gzip:   0.21 kB
public/build/assets/menu-CnE2ibyM.js                                     0.24 kB │ gzip:   0.17 kB
public/build/assets/database-BVwN_eza.js                                 0.24 kB │ gzip:   0.20 kB
public/build/assets/arrow-down-up-C7f51FDd.js                            0.24 kB │ gzip:   0.19 kB
public/build/assets/type-UJW-_zlf.js                                     0.24 kB │ gzip:   0.19 kB
public/build/assets/circle-pause-Di7NcdEj.js                             0.24 kB │ gzip:   0.18 kB
public/build/assets/arrow-left-right-DvYzc8At.js                         0.25 kB │ gzip:   0.20 kB
public/build/assets/compass-CASeLTeB.js                                  0.25 kB │ gzip:   0.20 kB
public/build/assets/arrow-right-left-DfiOZP3j.js                         0.25 kB │ gzip:   0.19 kB
public/build/assets/book-marked-BRVpzAfW.js                              0.25 kB │ gzip:   0.20 kB
public/build/assets/settings-2-MXvmP4vK.js                               0.25 kB │ gzip:   0.19 kB
public/build/assets/users-round-CSydK4pW.js                              0.25 kB │ gzip:   0.21 kB
public/build/assets/camera-BVcXYpVt.js                                   0.25 kB │ gzip:   0.21 kB
public/build/assets/file-warning-DxnIdwOY.js                             0.25 kB │ gzip:   0.19 kB
public/build/assets/video-uC9ByY10.js                                    0.25 kB │ gzip:   0.21 kB
public/build/assets/route-Aqr7Cwxl.js                                    0.25 kB │ gzip:   0.20 kB
public/build/assets/circle-alert-sn-GDQlM.js                             0.25 kB │ gzip:   0.19 kB
public/build/assets/mouse-pointer-2-B4ZDQsKs.js                          0.25 kB │ gzip:   0.21 kB
public/build/assets/chart-column-DfJS4j15.js                             0.25 kB │ gzip:   0.19 kB
public/build/assets/external-link-CedyXu_s.js                            0.25 kB │ gzip:   0.20 kB
public/build/assets/cloud-upload-yk773q_s.js                             0.25 kB │ gzip:   0.20 kB
public/build/assets/shopping-bag-Cf8aoJ5z.js                             0.25 kB │ gzip:   0.20 kB
public/build/assets/pentagon-Dyi2ZNVy.js                                 0.25 kB │ gzip:   0.20 kB
public/build/assets/eye-C0Db4EIi.js                                      0.25 kB │ gzip:   0.20 kB
public/build/assets/user-check-CXh5tGak.js                               0.25 kB │ gzip:   0.22 kB
public/build/assets/map-pin-VR22aKuv.js                                  0.25 kB │ gzip:   0.22 kB
public/build/assets/archive-DZQgsCR2.js                                  0.25 kB │ gzip:   0.21 kB
public/build/assets/lock-keyhole-B4el8WDu.js                             0.25 kB │ gzip:   0.22 kB
public/build/assets/message-square-plus-DBqbs8WX.js                      0.25 kB │ gzip:   0.20 kB
public/build/assets/circle-user-JEYjkWqT.js                              0.25 kB │ gzip:   0.20 kB
public/build/assets/message-square-text-CdS5nUCm.js                      0.25 kB │ gzip:   0.20 kB
public/build/assets/user-minus-DlBqPsuZ.js                               0.25 kB │ gzip:   0.22 kB
public/build/assets/file-check-2-BSG_wf6K.js                             0.25 kB │ gzip:   0.20 kB
public/build/assets/messages-square-DbpC7CN4.js                          0.25 kB │ gzip:   0.20 kB
public/build/assets/link-9t6qz6Wt.js                                     0.26 kB │ gzip:   0.19 kB
public/build/assets/hr-hero-BKQTtg8O.js                                  0.26 kB │ gzip:   0.22 kB
public/build/assets/wrench-C2LG2Jfe.js                                   0.26 kB │ gzip:   0.20 kB
public/build/assets/upload-CmPg53et.js                                   0.26 kB │ gzip:   0.22 kB
public/build/assets/calendar-BBWlT7rf.js                                 0.26 kB │ gzip:   0.20 kB
public/build/assets/log-out-Df-tulaV.js                                  0.26 kB │ gzip:   0.22 kB
public/build/assets/ticket-check-211cKcpn.js                             0.26 kB │ gzip:   0.20 kB
public/build/assets/log-in-CbafbzgG.js                                   0.26 kB │ gzip:   0.22 kB
public/build/assets/file-minus-C4mxBPoS.js                               0.26 kB │ gzip:   0.19 kB
public/build/assets/key-DLgL9rmq.js                                      0.26 kB │ gzip:   0.22 kB
public/build/assets/monitor-CqeGQ40K.js                                  0.26 kB │ gzip:   0.20 kB
public/build/assets/message-square-warning-c9Yxy8J7.js                   0.26 kB │ gzip:   0.20 kB
public/build/assets/utensils-cLO1QAwq.js                                 0.26 kB │ gzip:   0.20 kB
public/build/assets/download-BxMVBhBx.js                                 0.26 kB │ gzip:   0.22 kB
public/build/assets/zap-NVinCcce.js                                      0.26 kB │ gzip:   0.21 kB
public/build/assets/triangle-alert-BQSowPfX.js                           0.26 kB │ gzip:   0.21 kB
public/build/assets/leaf-CeXr5WkR.js                                     0.26 kB │ gzip:   0.22 kB
public/build/assets/file-check-C5xvnvyE.js                               0.26 kB │ gzip:   0.20 kB
public/build/assets/workflow-zkl8MTfy.js                                 0.26 kB │ gzip:   0.20 kB
public/build/assets/mic-EN1s7HoD.js                                      0.26 kB │ gzip:   0.21 kB
public/build/assets/shield-ChdexHdG.js                                   0.27 kB │ gzip:   0.22 kB
public/build/assets/list-plus-Durn85A5.js                                0.27 kB │ gzip:   0.19 kB
public/build/assets/battery-low-BX9eARfP.js                              0.27 kB │ gzip:   0.21 kB
public/build/assets/timer-reset-8V67a1W4.js                              0.27 kB │ gzip:   0.21 kB
public/build/assets/award-B06n3A07.js                                    0.27 kB │ gzip:   0.22 kB
public/build/assets/eraser-xWIFheuZ.js                                   0.27 kB │ gzip:   0.22 kB
public/build/assets/image-BTDCps1k.js                                    0.27 kB │ gzip:   0.22 kB
public/build/assets/repeat-CEUnLfHk.js                                   0.27 kB │ gzip:   0.20 kB
public/build/assets/arrow-up-Di2bhN49.js                                 0.27 kB │ gzip:   0.20 kB
public/build/assets/flame-DMLmct6h.js                                    0.27 kB │ gzip:   0.22 kB
public/build/assets/git-branch-CrT8VjL0.js                               0.27 kB │ gzip:   0.22 kB
public/build/assets/pencil-4NDQqVKg.js                                   0.28 kB │ gzip:   0.22 kB
public/build/assets/pen-line-ZMD1TIky.js                                 0.28 kB │ gzip:   0.23 kB
public/build/assets/list-checks-CDl1pC8N.js                              0.28 kB │ gzip:   0.19 kB
public/build/assets/book-open-bgc4y-lY.js                                0.28 kB │ gzip:   0.20 kB
public/build/assets/file-diff-CQNcqdrc.js                                0.28 kB │ gzip:   0.20 kB
public/build/assets/wifi-CTD1D-Fi.js                                     0.28 kB │ gzip:   0.21 kB
public/build/assets/lightbulb-DYgnejx2.js                                0.28 kB │ gzip:   0.22 kB
public/build/assets/file-plus-2-C1RkeZns.js                              0.28 kB │ gzip:   0.21 kB
public/build/assets/layout-template-JJ5-vebH.js                          0.28 kB │ gzip:   0.19 kB
public/build/assets/inbox-C2iwMmod.js                                    0.29 kB │ gzip:   0.23 kB
public/build/assets/wallet-B8n7zEYl.js                                   0.29 kB │ gzip:   0.21 kB
public/build/assets/shopping-cart-36oEwyg-.js                            0.29 kB │ gzip:   0.23 kB
public/build/assets/shirt-BFLtv6zb.js                                    0.29 kB │ gzip:   0.23 kB
public/build/assets/files-_oOJEFBR.js                                    0.29 kB │ gzip:   0.22 kB
public/build/assets/house-CNQYsd1z.js                                    0.29 kB │ gzip:   0.22 kB
public/build/assets/bell-CKR61-g0.js                                     0.29 kB │ gzip:   0.23 kB
public/build/assets/use-initials-U-N8N3-N.js                             0.29 kB │ gzip:   0.20 kB
public/build/assets/send-BRxG__4A.js                                     0.29 kB │ gzip:   0.23 kB
public/build/assets/folder-open-Dqmc-scH.js                              0.29 kB │ gzip:   0.22 kB
public/build/assets/receipt-CUh3Psb4.js                                  0.29 kB │ gzip:   0.21 kB
public/build/assets/governance-permissions-oQG3y2Ya.js                   0.29 kB │ gzip:   0.19 kB
public/build/assets/link-2-off-Dhnptvfe.js                               0.29 kB │ gzip:   0.22 kB
public/build/assets/smile-Bo-nJo9g.js                                    0.29 kB │ gzip:   0.21 kB
public/build/assets/grid-3x3-BU5nuWfI.js                                 0.29 kB │ gzip:   0.21 kB
public/build/assets/bed-double-BTD8GoSE.js                               0.30 kB │ gzip:   0.21 kB
public/build/assets/heart-crack-DhMQW_uA.js                              0.30 kB │ gzip:   0.24 kB
public/build/assets/hash-DsYthS9l.js                                     0.30 kB │ gzip:   0.19 kB
public/build/assets/receipt-text-CZEfi6Dm.js                             0.30 kB │ gzip:   0.20 kB
public/build/assets/maximize-2-BZspx9Hg.js                               0.30 kB │ gzip:   0.21 kB
public/build/assets/list-todo-BlWIkEub.js                                0.30 kB │ gzip:   0.22 kB
public/build/assets/paperclip-DZGu-Twk.js                                0.30 kB │ gzip:   0.23 kB
public/build/assets/file-up-D1OnP2e8.js                                  0.30 kB │ gzip:   0.21 kB
public/build/assets/gavel-O-zDEA0o.js                                    0.30 kB │ gzip:   0.22 kB
public/build/assets/flask-conical-8__ePXTF.js                            0.30 kB │ gzip:   0.23 kB
public/build/assets/thumbs-up-CX1Byatz.js                                0.30 kB │ gzip:   0.24 kB
public/build/assets/list-D9OYdwXk.js                                     0.30 kB │ gzip:   0.18 kB
public/build/assets/file-down-BMdmZtZa.js                                0.30 kB │ gzip:   0.22 kB
public/build/assets/thumbs-down-GGg-rIyH.js                              0.30 kB │ gzip:   0.24 kB
public/build/assets/clipboard-check-DJTzvsH5.js                          0.30 kB │ gzip:   0.23 kB
public/build/assets/file-clock-DudqRo8Z.js                               0.30 kB │ gzip:   0.23 kB
public/build/assets/users-DhukhrD1.js                                    0.30 kB │ gzip:   0.23 kB
public/build/assets/calendar-check-C_FvvMMG.js                           0.30 kB │ gzip:   0.22 kB
public/build/assets/coffee--uzISnqc.js                                   0.30 kB │ gzip:   0.21 kB
public/build/assets/user-x-BxISsuiH.js                                   0.30 kB │ gzip:   0.23 kB
public/build/assets/folder-plus-C-Qiabb7.js                              0.30 kB │ gzip:   0.23 kB
public/build/assets/chef-hat-Bcn5rrQP.js                                 0.31 kB │ gzip:   0.24 kB
public/build/assets/user-plus-CZtLXXue.js                                0.31 kB │ gzip:   0.23 kB
public/build/assets/box-CoBuep9K.js                                      0.31 kB │ gzip:   0.22 kB
public/build/assets/heart-pulse-CimNQMjm.js                              0.31 kB │ gzip:   0.25 kB
public/build/assets/piggy-bank-1n6XW4_r.js                               0.31 kB │ gzip:   0.25 kB
public/build/assets/badge-check-CXyiykKs.js                              0.31 kB │ gzip:   0.21 kB
public/build/assets/shapes-D-aDZWxR.js                                   0.32 kB │ gzip:   0.25 kB
public/build/assets/hard-hat-B9354Sze.js                                 0.32 kB │ gzip:   0.23 kB
public/build/assets/shield-check-D7K9VQkq.js                             0.32 kB │ gzip:   0.25 kB
public/build/assets/printer-0FT4gi--.js                                  0.32 kB │ gzip:   0.24 kB
public/build/assets/square-pen-4Wg0lkX5.js                               0.32 kB │ gzip:   0.24 kB
public/build/assets/refresh-ccw-LQOFTLYd.js                              0.32 kB │ gzip:   0.22 kB
public/build/assets/ticket-BEOSjOTN.js                                   0.32 kB │ gzip:   0.21 kB
public/build/assets/tag-CnQWuPIk.js                                      0.32 kB │ gzip:   0.25 kB
public/build/assets/hand-helping-CNKT2aT_.js                             0.32 kB │ gzip:   0.25 kB
public/build/assets/id-card-CDuX9FBs.js                                  0.32 kB │ gzip:   0.24 kB
public/build/assets/mail-warning-DK6Qgy__.js                             0.32 kB │ gzip:   0.24 kB
public/build/assets/save-DuIxuZDt.js                                     0.33 kB │ gzip:   0.23 kB
public/build/assets/scan-line-DRijTDPq.js                                0.33 kB │ gzip:   0.22 kB
public/build/assets/graduation-cap-D3cKMGKQ.js                           0.33 kB │ gzip:   0.25 kB
public/build/assets/list-ordered-Cxvv3ScI.js                             0.33 kB │ gzip:   0.22 kB
public/build/assets/file-text-5DWdKWQU.js                                0.33 kB │ gzip:   0.22 kB
public/build/assets/book-open-check-DHnqhm_D.js                          0.33 kB │ gzip:   0.23 kB
public/build/assets/clipboard-plus-Djh6HRXc.js                           0.33 kB │ gzip:   0.24 kB
public/build/assets/alarm-clock-Dtdridbo.js                              0.33 kB │ gzip:   0.23 kB
public/build/assets/contact-THp_PjH0.js                                  0.33 kB │ gzip:   0.24 kB
public/build/assets/calendar-x-Dd_kyR-u.js                               0.34 kB │ gzip:   0.23 kB
public/build/assets/accessibility-ac2_Jebh.js                            0.34 kB │ gzip:   0.24 kB
public/build/assets/archive-restore-DIxufU1Y.js                          0.34 kB │ gzip:   0.24 kB
public/build/assets/stethoscope-BNOK-Neg.js                              0.34 kB │ gzip:   0.24 kB
public/build/assets/shield-plus-CvmnTtRq.js                              0.34 kB │ gzip:   0.25 kB
public/build/assets/layout-grid-BZJXfXdI.js                              0.34 kB │ gzip:   0.19 kB
public/build/assets/pin-CanFWhNX.js                                      0.35 kB │ gzip:   0.24 kB
public/build/assets/file-image-CJRQiEyu.js                               0.35 kB │ gzip:   0.25 kB
public/build/assets/scroll-text-B2ATnneq.js                              0.35 kB │ gzip:   0.23 kB
public/build/assets/key-round-BtBiLGnP.js                                0.35 kB │ gzip:   0.26 kB
public/build/assets/layout-dashboard-p81glZrW.js                         0.35 kB │ gzip:   0.21 kB
public/build/assets/shield-alert-DDI-nRT3.js                             0.35 kB │ gzip:   0.26 kB
public/build/assets/file-chart-column-increasing-BXentbLF.js             0.35 kB │ gzip:   0.24 kB
public/build/assets/webhook-DTgpUD6p.js                                  0.35 kB │ gzip:   0.26 kB
public/build/assets/crosshair-CBoQ2R1S.js                                0.35 kB │ gzip:   0.21 kB
public/build/assets/calendar-plus-24MAiPM0.js                            0.35 kB │ gzip:   0.23 kB
public/build/assets/shield-x-2F00hUC1.js                                 0.36 kB │ gzip:   0.26 kB
public/build/assets/gift-D-DVZ0z4.js                                     0.36 kB │ gzip:   0.25 kB
public/build/assets/trash-2-l0x_UIum.js                                  0.36 kB │ gzip:   0.25 kB
public/build/assets/calendar-x-2-DVEscf-N.js                             0.36 kB │ gzip:   0.23 kB
public/build/assets/bell-plus-DqzpHfY3.js                                0.36 kB │ gzip:   0.26 kB
public/build/assets/layout-list-vFypnAZj.js                              0.36 kB │ gzip:   0.22 kB
public/build/assets/warehouse-DCErorNo.js                                0.36 kB │ gzip:   0.26 kB
public/build/assets/utensils-crossed-2EovpjLX.js                         0.36 kB │ gzip:   0.25 kB
public/build/assets/syringe-BNoVjp7e.js                                  0.36 kB │ gzip:   0.24 kB
public/build/assets/crown--wAFeRHj.js                                    0.36 kB │ gzip:   0.26 kB
public/build/assets/sparkle-aSQh6lhx.js                                  0.36 kB │ gzip:   0.24 kB
public/build/assets/scale-B8ES4cfu.js                                    0.36 kB │ gzip:   0.23 kB
public/build/assets/grip-vertical-DfBOE7Hu.js                            0.36 kB │ gzip:   0.19 kB
public/build/assets/fuel-C1pYvz7U.js                                     0.37 kB │ gzip:   0.25 kB
public/build/assets/door-open-DytImi2I.js                                0.37 kB │ gzip:   0.25 kB
public/build/assets/droplets-OZ_GEKxJ.js                                 0.37 kB │ gzip:   0.28 kB
public/build/assets/hammer-FRgz2jLm.js                                   0.37 kB │ gzip:   0.27 kB
public/build/assets/file-pen-ZDPX1Tix.js                                 0.37 kB │ gzip:   0.26 kB
public/build/assets/package-BFbCoL4d.js                                  0.37 kB │ gzip:   0.25 kB
public/build/assets/index-B0Z-ysPe.js                                    0.37 kB │ gzip:   0.22 kB
public/build/assets/file-spreadsheet-CRppXNeo.js                         0.37 kB │ gzip:   0.23 kB
public/build/assets/life-buoy-Da70oKly.js                                0.37 kB │ gzip:   0.22 kB
public/build/assets/calendar-clock-ByVlwQKd.js                           0.38 kB │ gzip:   0.25 kB
public/build/assets/shield-question-BhkKQx-9.js                          0.38 kB │ gzip:   0.28 kB
public/build/assets/network-BseSCD08.js                                  0.38 kB │ gzip:   0.24 kB
public/build/assets/calendar-off-C-AcZ7dJ.js                             0.38 kB │ gzip:   0.25 kB
public/build/assets/tags-BFuts9iN.js                                     0.39 kB │ gzip:   0.28 kB
public/build/assets/baby-FeHaYKen.js                                     0.39 kB │ gzip:   0.26 kB
public/build/assets/hard-drive-BRtot_u_.js                               0.39 kB │ gzip:   0.26 kB
public/build/assets/job-posting-constants-CneitmEO.js                    0.39 kB │ gzip:   0.23 kB
public/build/assets/file-pen-line-COYjYiFe.js                            0.39 kB │ gzip:   0.26 kB
public/build/assets/phone-BmDis2Oj.js                                    0.39 kB │ gzip:   0.25 kB
public/build/assets/bell-ring-C5N_rRGo.js                                0.40 kB │ gzip:   0.28 kB
public/build/assets/map-pinned-DpJWvyfr.js                               0.40 kB │ gzip:   0.29 kB
public/build/assets/shield-off-CQOf_-0W.js                               0.40 kB │ gzip:   0.28 kB
public/build/assets/truck-BQ6RDjyB.js                                    0.40 kB │ gzip:   0.26 kB
public/build/assets/sprout-CkQyisUe.js                                   0.40 kB │ gzip:   0.28 kB
public/build/assets/car-BroyOmTb.js                                      0.40 kB │ gzip:   0.28 kB
public/build/assets/locate-fixed-BWcZtKnJ.js                             0.40 kB │ gzip:   0.23 kB
public/build/assets/hand-Ca4b1flv.js                                     0.41 kB │ gzip:   0.25 kB
public/build/assets/landmark-D_nLoR4J.js                                 0.41 kB │ gzip:   0.23 kB
public/build/assets/hand-coins-Bkcymc2h.js                               0.41 kB │ gzip:   0.29 kB
public/build/assets/clipboard-list-D81QNUTV.js                           0.41 kB │ gzip:   0.26 kB
public/build/assets/transport-medication-replay-Do7Jwwg1.js              0.41 kB │ gzip:   0.29 kB
public/build/assets/loader-B9EiFbVt.js                                   0.41 kB │ gzip:   0.24 kB
public/build/assets/mouse-pointer-click-Bgcw5K7w.js                      0.41 kB │ gzip:   0.28 kB
public/build/assets/calendar-range-BuARce8T.js                           0.41 kB │ gzip:   0.26 kB
public/build/assets/waypoints-mRWyzfAp.js                                0.41 kB │ gzip:   0.25 kB
public/build/assets/layers-CfW0dzPl.js                                   0.42 kB │ gzip:   0.24 kB
public/build/assets/mic-off-BjBJj5MS.js                                  0.42 kB │ gzip:   0.27 kB
public/build/assets/waves-DARtEAf6.js                                    0.42 kB │ gzip:   0.21 kB
public/build/assets/skeleton-CDTEQwaO.js                                 0.42 kB │ gzip:   0.32 kB
public/build/assets/package-check-DfLD4vT4.js                            0.42 kB │ gzip:   0.29 kB
public/build/assets/octagon-alert-Dk9n_lxs.js                            0.43 kB │ gzip:   0.25 kB
public/build/assets/cable-DmHSI8mf.js                                    0.43 kB │ gzip:   0.25 kB
public/build/assets/eye-off-w50n8FOO.js                                  0.43 kB │ gzip:   0.27 kB
public/build/assets/building-2-CZmMj-6C.js                               0.44 kB │ gzip:   0.25 kB
public/build/assets/heading-small-B1QYXXBZ.js                            0.44 kB │ gzip:   0.32 kB
public/build/assets/handshake-BWD3aUNw.js                                0.45 kB │ gzip:   0.28 kB
public/build/assets/hand-heart-BsGkEXLQ.js                               0.45 kB │ gzip:   0.31 kB
public/build/assets/bus-DdwT07Hc.js                                      0.45 kB │ gzip:   0.28 kB
public/build/assets/footprints-CQuZExPr.js                               0.45 kB │ gzip:   0.30 kB
public/build/assets/radio-tower-CkdYUmVH.js                              0.45 kB │ gzip:   0.29 kB
public/build/assets/input-error-DCYErTdJ.js                              0.46 kB │ gzip:   0.32 kB
public/build/assets/wifi-off-DrBCcpLP.js                                 0.46 kB │ gzip:   0.27 kB
public/build/assets/scan-eye-ohKh1238.js                                 0.46 kB │ gzip:   0.28 kB
public/build/assets/heart-handshake-CdrlSAOO.js                          0.46 kB │ gzip:   0.31 kB
public/build/assets/spinner-BRrH6NR9.js                                  0.46 kB │ gzip:   0.33 kB
public/build/assets/person-standing-Bo2Sahh0.js                          0.46 kB │ gzip:   0.31 kB
public/build/assets/trophy-Cw0lwsmj.js                                   0.46 kB │ gzip:   0.28 kB
public/build/assets/pen-tool-B7a5ZqGo.js                                 0.47 kB │ gzip:   0.30 kB
public/build/assets/siren-ylCR8q3y.js                                    0.47 kB │ gzip:   0.27 kB
public/build/assets/star-L8vBl4VG.js                                     0.47 kB │ gzip:   0.29 kB
public/build/assets/sun-DNdzVg5_.js                                      0.47 kB │ gzip:   0.26 kB
public/build/assets/notebook-pen-Dg7znjbH.js                             0.47 kB │ gzip:   0.29 kB
public/build/assets/cake-tIqS2xlQ.js                                     0.49 kB │ gzip:   0.26 kB
public/build/assets/cctv-9ouUi-fS.js                                     0.49 kB │ gzip:   0.30 kB
public/build/assets/calendar-days-DtFXzbK0.js                            0.49 kB │ gzip:   0.26 kB
public/build/assets/cpu-C5O3JQ5l.js                                      0.50 kB │ gzip:   0.26 kB
public/build/assets/radar-B2Y4YUNy.js                                    0.50 kB │ gzip:   0.30 kB
public/build/assets/sparkles-B8-sKJWz.js                                 0.51 kB │ gzip:   0.30 kB
public/build/assets/wand-sparkles-BUrf0UBX.js                            0.51 kB │ gzip:   0.29 kB
public/build/assets/ambulance-guRB3Z7V.js                                0.51 kB │ gzip:   0.31 kB
public/build/assets/_helpers-Ayp0jCez.js                                 0.51 kB │ gzip:   0.33 kB
public/build/assets/boundary-geometry-Ncmqh74Z.js                        0.52 kB │ gzip:   0.32 kB
public/build/assets/unlink-CWBALwYm.js                                   0.53 kB │ gzip:   0.30 kB
public/build/assets/calculator-CWirjqTH.js                               0.53 kB │ gzip:   0.28 kB
public/build/assets/circle-dashed-Dc18TcDm.js                            0.57 kB │ gzip:   0.28 kB
public/build/assets/use-alert-workspace-focus-return-DGVRYbyO.js         0.58 kB │ gzip:   0.35 kB
public/build/assets/package-open-DmDskIht.js                             0.58 kB │ gzip:   0.33 kB
public/build/assets/i18n-B4QPyQMQ.js                                     0.58 kB │ gzip:   0.39 kB
public/build/assets/user-cog-BYGMSATP.js                                 0.58 kB │ gzip:   0.31 kB
public/build/assets/sliders-horizontal-DC1hn4xB.js                       0.58 kB │ gzip:   0.27 kB
public/build/assets/send-to-back-BY94Glb5.js                             0.58 kB │ gzip:   0.31 kB
public/build/assets/fingerprint-Bgsr4pCW.js                              0.60 kB │ gzip:   0.35 kB
public/build/assets/label-DnayXvci.js                                    0.61 kB │ gzip:   0.39 kB
public/build/assets/form-request-errors-BiraD0xe.js                      0.63 kB │ gzip:   0.36 kB
public/build/assets/loading-state-Bn4zKvxr.js                            0.64 kB │ gzip:   0.43 kB
public/build/assets/text-link-F7YtsEl0.js                                0.65 kB │ gzip:   0.42 kB
public/build/assets/qr-code-BSR8Noa7.js                                  0.65 kB │ gzip:   0.31 kB
public/build/assets/server-93Nk3F10.js                                   0.66 kB │ gzip:   0.37 kB
public/build/assets/collapsible-DoToTDHc.js                              0.66 kB │ gzip:   0.28 kB
public/build/assets/resident-dot-BLoyRUP7.js                             0.67 kB │ gzip:   0.46 kB
public/build/assets/fleet-stat-card-CQykvgpw.js                          0.72 kB │ gzip:   0.44 kB
public/build/assets/party-popper-ForGNPrz.js                             0.72 kB │ gzip:   0.41 kB
public/build/assets/settings-B_KJw_ar.js                                 0.72 kB │ gzip:   0.34 kB
public/build/assets/textarea-C_9uu-fb.js                                 0.73 kB │ gzip:   0.47 kB
public/build/assets/meeting-workspace-links-BSKYBk34.js                  0.73 kB │ gzip:   0.40 kB
public/build/assets/brain-CQA_eF-1.js                                    0.73 kB │ gzip:   0.35 kB
public/build/assets/separator-C7fe0Vgu.js                                0.77 kB │ gzip:   0.45 kB
public/build/assets/page-shell-B7eQidXD.js                               0.77 kB │ gzip:   0.45 kB
public/build/assets/shared-DHJYl7e2.js                                   0.77 kB │ gzip:   0.40 kB
public/build/assets/shared-D3Yvwbxq.js                                   0.77 kB │ gzip:   0.39 kB
public/build/assets/shift-row-types-DQA9BK_P.js                          0.80 kB │ gzip:   0.38 kB
public/build/assets/hr-tabs-D18B3AUm.js                                  0.81 kB │ gzip:   0.51 kB
public/build/assets/ops-stat-card-BPDxvhvP.js                            0.81 kB │ gzip:   0.48 kB
public/build/assets/progress-BxLvrMK0.js                                 0.82 kB │ gzip:   0.54 kB
public/build/assets/readable-operational-state-CK8MzJI-.js               0.85 kB │ gzip:   0.45 kB
public/build/assets/boxes-DWz8b7-b.js                                    0.85 kB │ gzip:   0.40 kB
public/build/assets/wizard-DF_QPOrg.js                                   0.87 kB │ gzip:   0.55 kB
public/build/assets/wizard-NNmqhkha.js                                   0.87 kB │ gzip:   0.55 kB
public/build/assets/list-caption-hE5ckvXY.js                             0.91 kB │ gzip:   0.54 kB
public/build/assets/index-CSEUMRIG.js                                    0.92 kB │ gzip:   0.53 kB
public/build/assets/now-rule-P7hRYwwd.js                                 0.95 kB │ gzip:   0.58 kB
public/build/assets/hero-action-button-D-GVyXk8.js                       0.95 kB │ gzip:   0.55 kB
public/build/assets/page-layout-DtSKkYRB.js                              0.97 kB │ gzip:   0.56 kB
public/build/assets/governance-dialog-deep-link-CG65W1kr.js              0.98 kB │ gzip:   0.58 kB
public/build/assets/settings-tabs-BXS0G8Wd.js                            0.99 kB │ gzip:   0.54 kB
public/build/assets/error-state-DAJ_nL5y.js                              1.01 kB │ gzip:   0.62 kB
public/build/assets/use-settings-leave-confirmation-xDtEZccX.js          1.02 kB │ gzip:   0.61 kB
public/build/assets/presence-dot-CuGnqH3Y.js                             1.04 kB │ gzip:   0.58 kB
public/build/assets/input-49RbooBa.js                                    1.05 kB │ gzip:   0.59 kB
public/build/assets/command-centre-page-Ce_7baV1.js                      1.05 kB │ gzip:   0.59 kB
public/build/assets/switch-DaGHNdhC.js                                   1.06 kB │ gzip:   0.61 kB
public/build/assets/_shared-BN-lC1nz.js                                  1.07 kB │ gzip:   0.56 kB
public/build/assets/governance-work-CPDXtwsY.js                          1.09 kB │ gzip:   0.59 kB
public/build/assets/hover-action-vLW4u2SF.js                             1.09 kB │ gzip:   0.65 kB
public/build/assets/WidgetCard-DTXbs-1E.js                               1.10 kB │ gzip:   0.62 kB
public/build/assets/micro-stats-BKNykt34.js                              1.11 kB │ gzip:   0.61 kB
public/build/assets/confetti-8ALvzRDJ.js                                 1.11 kB │ gzip:   0.65 kB
public/build/assets/avatar-D2DsKi5Y.js                                   1.14 kB │ gzip:   0.44 kB
public/build/assets/checkbox-C7DNKsGo.js                                 1.15 kB │ gzip:   0.63 kB
public/build/assets/GovernanceHomeRail-DGnATBZu.js                       1.21 kB │ gzip:   0.68 kB
public/build/assets/_confirm-action-ZvhXZHxH.js                          1.24 kB │ gzip:   0.70 kB
public/build/assets/wizard-stepper-CLBGYJP2.js                           1.24 kB │ gzip:   0.67 kB
public/build/assets/handover-person-notes-CbHlG0Rx.js                    1.25 kB │ gzip:   0.63 kB
public/build/assets/task-api-LDQPp0GA.js                                 1.27 kB │ gzip:   0.81 kB
public/build/assets/_types-Bdo8GrIg.js                                   1.29 kB │ gzip:   0.67 kB
public/build/assets/medication-stock-governance-C5VIWPFO.js              1.30 kB │ gzip:   0.60 kB
public/build/assets/radio-group-CWL5QDyu.js                              1.31 kB │ gzip:   0.66 kB
public/build/assets/DiscardDraftDialog-CVDLb-Qz.js                       1.32 kB │ gzip:   0.76 kB
public/build/assets/_attachments-CNJydDIW.js                             1.32 kB │ gzip:   0.74 kB
public/build/assets/stream-grouping-DxjzPWpi.js                          1.35 kB │ gzip:   0.73 kB
public/build/assets/staff-avatar-CwIdVCiq.js                             1.35 kB │ gzip:   0.81 kB
public/build/assets/workflow-ribbon-BZFQ2IEs.js                          1.35 kB │ gzip:   0.69 kB
public/build/assets/shift-status-badge-Dn6cbL7K.js                       1.36 kB │ gzip:   0.67 kB
public/build/assets/timesheet-status-badge-_xNlgz1p.js                   1.36 kB │ gzip:   0.66 kB
public/build/assets/fleet-responsive-list-CgDsyRvl.js                    1.38 kB │ gzip:   0.70 kB
public/build/assets/sso-sign-in-buttons-CkhocrTp.js                      1.40 kB │ gzip:   0.71 kB
public/build/assets/site-credentials-BC2WD9ez.js                         1.43 kB │ gzip:   0.75 kB
public/build/assets/_helpers-DwiQF0jk.js                                 1.46 kB │ gzip:   0.80 kB
public/build/assets/fleet-empty-state-CoqOmsiO.js                        1.46 kB │ gzip:   0.77 kB
public/build/assets/journey-reference-strip-pm5NcpKt.js                  1.46 kB │ gzip:   0.81 kB
public/build/assets/GovernanceSectionRail-BUNGyFjx.js                    1.47 kB │ gzip:   0.82 kB
public/build/assets/index-DcmOMlk_.js                                    1.50 kB │ gzip:   0.52 kB
public/build/assets/badge-sVjmv35H.js                                    1.53 kB │ gzip:   0.77 kB
public/build/assets/shift-types-BpLiS06C.js                              1.54 kB │ gzip:   0.78 kB
public/build/assets/performance-tabs-0TKaMT6D.js                         1.55 kB │ gzip:   0.74 kB
public/build/assets/confirm-dialog-J4vSc-od.js                           1.57 kB │ gzip:   0.86 kB
public/build/assets/mini-sparkline-D7i7f6lZ.js                           1.58 kB │ gzip:   0.91 kB
public/build/assets/verify-email-DdebmQsx.js                             1.58 kB │ gzip:   0.85 kB
public/build/assets/date-time-field-DBNRGTZf.js                          1.58 kB │ gzip:   0.79 kB
public/build/assets/status-badge-BcV9Cyb7.js                             1.61 kB │ gzip:   0.78 kB
public/build/assets/control-room-vocab-KlZ1Vlz_.js                       1.62 kB │ gzip:   0.64 kB
public/build/assets/popover-Bwbch3JK.js                                  1.64 kB │ gzip:   0.70 kB
public/build/assets/ops-charts-CfZvOWbq.js                               1.65 kB │ gzip:   0.78 kB
public/build/assets/alert-CF50OPgI.js                                    1.69 kB │ gzip:   0.74 kB
public/build/assets/alert-status-HKF2KtCC.js                             1.69 kB │ gzip:   0.79 kB
public/build/assets/report-incident-dialog-BhPWXVCk.js                   1.70 kB │ gzip:   0.89 kB
public/build/assets/laravel-pagination-D8Sp4iO4.js                       1.70 kB │ gzip:   0.84 kB
public/build/assets/money-L4nGavLX.js                                    1.71 kB │ gzip:   0.97 kB
public/build/assets/card-C9LxLdKv.js                                     1.77 kB │ gzip:   0.57 kB
public/build/assets/_helpers-CEE3SMCq.js                                 1.77 kB │ gzip:   0.76 kB
public/build/assets/documents-tabs-DsMPmNYh.js                           1.78 kB │ gzip:   0.93 kB
public/build/assets/workflow-ribbon-CLjli2d1.js                          1.80 kB │ gzip:   0.80 kB
public/build/assets/overlay-focus-return-4ESXsuki.js                     1.82 kB │ gzip:   0.89 kB
public/build/assets/tooltip-D-a-5XaZ.js                                  1.82 kB │ gzip:   0.84 kB
public/build/assets/control-room-alert-row-actions-oLynAomK.js           1.85 kB │ gzip:   0.68 kB
public/build/assets/options-BwkaeHrx.js                                  1.86 kB │ gzip:   0.72 kB
public/build/assets/my-day-list-DISjEKBj.js                              1.86 kB │ gzip:   0.90 kB
public/build/assets/accordion-qa7jRa-h.js                                1.87 kB │ gzip:   0.85 kB
public/build/assets/journey-gate-list-gsuN_QI7.js                        1.87 kB │ gzip:   0.85 kB
public/build/assets/types-jfjKXH9i.js                                    1.89 kB │ gzip:   1.01 kB
public/build/assets/fleet-utils-5Yzw44NY.js                              1.90 kB │ gzip:   0.72 kB
public/build/assets/_helpers-BM7eYu5-.js                                 1.94 kB │ gzip:   1.04 kB
public/build/assets/draft-resume-prompt-CdyFjthP.js                      1.95 kB │ gzip:   1.01 kB
public/build/assets/respite-subnav-Cw8hH7QF.js                           2.01 kB │ gzip:   0.96 kB
public/build/assets/api-BANvMHAW.js                                      2.01 kB │ gzip:   1.14 kB
public/build/assets/handover-follow-ups-ZAgikkgJ.js                      2.02 kB │ gzip:   1.02 kB
public/build/assets/button-BUrF8eld.js                                   2.05 kB │ gzip:   0.96 kB
public/build/assets/address-autocomplete-C8I1FtC6.js                     2.07 kB │ gzip:   1.14 kB
public/build/assets/confirm-password-PVClMh9b.js                         2.07 kB │ gzip:   1.04 kB
public/build/assets/_dialogs-5ugr3AF2.js                                 2.08 kB │ gzip:   1.11 kB
public/build/assets/governance-calendar-adapter-DZ3m3Zan.js              2.10 kB │ gzip:   1.01 kB
public/build/assets/_create-recovery-B9rTHu2X.js                         2.10 kB │ gzip:   1.07 kB
public/build/assets/use-personal-location-privacy-k70ZMAas.js            2.16 kB │ gzip:   0.99 kB
public/build/assets/reports-tabs-C87xQbCH.js                             2.17 kB │ gzip:   1.07 kB
public/build/assets/attention-panel-Vi_V_ayO.js                          2.17 kB │ gzip:   0.99 kB
public/build/assets/task-step-draft-CDLEXCto.js                          2.18 kB │ gzip:   1.13 kB
public/build/assets/payroll-hero-L095FCPa.js                             2.28 kB │ gzip:   1.10 kB
public/build/assets/_shared-DkYrapj2.js                                  2.30 kB │ gzip:   1.18 kB
public/build/assets/_memory-recovery-ydX5sLUj.js                         2.31 kB │ gzip:   1.20 kB
public/build/assets/_shared-B-NgvhGF.js                                  2.34 kB │ gzip:   1.14 kB
public/build/assets/reason-dialog-C2OP19bT.js                            2.34 kB │ gzip:   1.27 kB
public/build/assets/table-DHtHPBEX.js                                    2.42 kB │ gzip:   0.67 kB
public/build/assets/drills-C6qXd3CE.js                                   2.43 kB │ gzip:   1.13 kB
public/build/assets/_icons-BRlyl5cz.js                                   2.45 kB │ gzip:   1.15 kB
public/build/assets/first-aid-DtzXAHNd.js                                2.47 kB │ gzip:   1.14 kB
public/build/assets/task-help-inbox-7qk9D-21.js                          2.48 kB │ gzip:   1.35 kB
public/build/assets/datetime-Cj7rLFb1.js                                 2.50 kB │ gzip:   1.10 kB
public/build/assets/finance-section-rail-DmTh92Ro.js                     2.53 kB │ gzip:   1.28 kB
public/build/assets/provisioning-request-files-B85STfg_.js               2.56 kB │ gzip:   1.26 kB
public/build/assets/text-prompt-dialog-DuC_aX9x.js                       2.62 kB │ gzip:   1.41 kB
public/build/assets/services-C7b0HgUm.js                                 2.63 kB │ gzip:   1.19 kB
public/build/assets/shift-context-menu-Dtv15x07.js                       2.64 kB │ gzip:   1.36 kB
public/build/assets/provisioning-command-fields-4x2FBuJS.js              2.68 kB │ gzip:   1.16 kB
public/build/assets/care-plan-domains-JdvyL3dT.js                        2.69 kB │ gzip:   1.26 kB
public/build/assets/donut-chart-BjEVgtH7.js                              2.71 kB │ gzip:   1.35 kB
public/build/assets/donut-RxOXSbq7.js                                    2.74 kB │ gzip:   1.38 kB
public/build/assets/index-BjmjDcUN.js                                    2.76 kB │ gzip:   0.71 kB
public/build/assets/status-badge-3QlJuqdd.js                             2.76 kB │ gzip:   1.29 kB
public/build/assets/readiness-BxPjv08H.js                                2.79 kB │ gzip:   1.35 kB
public/build/assets/financials-wnpBT_Wj.js                               2.80 kB │ gzip:   1.36 kB
public/build/assets/safety-register-B39X84bb.js                          2.83 kB │ gzip:   1.33 kB
public/build/assets/ppe-CX6GMnLj.js                                      2.84 kB │ gzip:   1.11 kB
public/build/assets/register-row-kit-DYBAbrfL.js                         2.86 kB │ gzip:   1.16 kB
public/build/assets/map-model-CnDd3cpK.js                                2.86 kB │ gzip:   1.36 kB
public/build/assets/lifecycle-tabs-DFruYWvi.js                           2.88 kB │ gzip:   1.47 kB
public/build/assets/_tabs-azZt6nk_.js                                    2.90 kB │ gzip:   1.48 kB
public/build/assets/_note-category-picker-Cd2ASGGL.js                    2.92 kB │ gzip:   1.38 kB
public/build/assets/use-create-shift-launcher-BwlgznUj.js                2.92 kB │ gzip:   1.43 kB
public/build/assets/use-form-autosave-C1UNQ2V6.js                        2.92 kB │ gzip:   1.46 kB
public/build/assets/toolbar-BBCa2rTK.js                                  2.92 kB │ gzip:   1.40 kB
public/build/assets/hs-detail-dialog-W03IxZrD.js                         2.93 kB │ gzip:   1.34 kB
public/build/assets/notification-catalog-DveZKd9k.js                     2.96 kB │ gzip:   0.93 kB
public/build/assets/forgot-password-DE-ctn-G.js                          2.99 kB │ gzip:   1.43 kB
public/build/assets/auth-layout-CZtzJmh4.js                              3.03 kB │ gzip:   1.37 kB
public/build/assets/report-launcher-BcsFTwRy.js                          3.03 kB │ gzip:   1.51 kB
public/build/assets/tab-strip-DCVvvm08.js                                3.03 kB │ gzip:   1.38 kB
public/build/assets/lifecycle-dialog-BGSihIN8.js                         3.05 kB │ gzip:   1.56 kB
public/build/assets/_overview-map-card-CjLEjJAy.js                       3.06 kB │ gzip:   1.48 kB
public/build/assets/provisioning-manual-dialog-CR8VC31A.js               3.06 kB │ gzip:   1.53 kB
public/build/assets/reset-password-Cge3ToU7.js                           3.08 kB │ gzip:   1.25 kB
public/build/assets/start-reconciliation-dialog-CqrG_qkM.js              3.11 kB │ gzip:   1.29 kB
public/build/assets/two-factor-challenge-Bsm_iB2O.js                     3.13 kB │ gzip:   1.47 kB
public/build/assets/dictate-button-DoO0L-_s.js                           3.14 kB │ gzip:   1.60 kB
public/build/assets/use-specialist-form-defaults-CxDOzA3Q.js             3.14 kB │ gzip:   1.56 kB
public/build/assets/client-edit-dialog-Hdj2nob1.js                       3.16 kB │ gzip:   1.57 kB
public/build/assets/record-care-actions-H-O8fPxV.js                      3.18 kB │ gzip:   1.40 kB
public/build/assets/document-library-kit-BExyRgjZ.js                     3.19 kB │ gzip:   1.08 kB
public/build/assets/risk-assessments-B9Ah2VsF.js                         3.21 kB │ gzip:   1.54 kB
public/build/assets/recorded-detail-dialog-BqDwMFgT.js                   3.22 kB │ gzip:   1.59 kB
public/build/assets/control-room-row-actions-CfIWJfJ0.js                 3.31 kB │ gzip:   1.49 kB
public/build/assets/_dialogs-DfmbfDAh.js                                 3.32 kB │ gzip:   1.44 kB
public/build/assets/leave-context-menu-DLPvYjQP.js                       3.33 kB │ gzip:   1.64 kB
public/build/assets/row-context-menu-BuvIqrKq.js                         3.33 kB │ gzip:   1.64 kB
public/build/assets/_context-menu-CeQQh61p.js                            3.33 kB │ gzip:   1.60 kB
public/build/assets/fleet-compact-hero-DVcdTA1E.js                       3.33 kB │ gzip:   1.45 kB
public/build/assets/remote-picker-jrcp0CXo.js                            3.33 kB │ gzip:   1.69 kB
public/build/assets/compensation-tabs-OjAFaGjq.js                        3.34 kB │ gzip:   1.61 kB
public/build/assets/hs-hero-kit-DPUGJYsO.js                              3.36 kB │ gzip:   1.54 kB
public/build/assets/task-steps-CreggY7F.js                               3.38 kB │ gzip:   1.58 kB
public/build/assets/shift-med-snapshot-DJWW5xrv.js                       3.39 kB │ gzip:   1.37 kB
public/build/assets/device-profile-navigation-DOj-IGh4.js                3.40 kB │ gzip:   1.66 kB
public/build/assets/inspections-CZj-ZTWS.js                              3.42 kB │ gzip:   1.39 kB
public/build/assets/ra-register-section-CavM2vVg.js                      3.46 kB │ gzip:   1.76 kB
public/build/assets/command-CCl05BXP.js                                  3.47 kB │ gzip:   1.06 kB
public/build/assets/shift-context-menu-D0DgSK9K.js                       3.49 kB │ gzip:   1.66 kB
public/build/assets/posting-preview-BLWC2TSD.js                          3.51 kB │ gzip:   1.53 kB
public/build/assets/_emergency-checklist-DEOms5BM.js                     3.52 kB │ gzip:   1.54 kB
public/build/assets/handover-context-menu-CZSa8A5L.js                    3.55 kB │ gzip:   1.54 kB
public/build/assets/_readiness-panel-BoyHqjK4.js                         3.59 kB │ gzip:   1.63 kB
public/build/assets/checklists-CvM4SP8w.js                               3.59 kB │ gzip:   1.71 kB
public/build/assets/checks-model-BpbAC4Rm.js                             3.63 kB │ gzip:   1.63 kB
public/build/assets/journey-term-help-BflyohET.js                        3.64 kB │ gzip:   1.45 kB
public/build/assets/my-provisioning-list-BYu-ZliX.js                     3.67 kB │ gzip:   1.70 kB
public/build/assets/site-profile-states-1-rtuQrc.js                      3.69 kB │ gzip:   1.45 kB
public/build/assets/alert-dialog-OTHUAeuL.js                             3.76 kB │ gzip:   1.10 kB
public/build/assets/resolution-voting-Bpa7_z73.js                        3.78 kB │ gzip:   1.69 kB
public/build/assets/_geometry-Dx1kFP0e.js                                3.80 kB │ gzip:   1.60 kB
public/build/assets/configured-questions-BSf63eOi.js                     3.86 kB │ gzip:   1.82 kB
public/build/assets/register-D38rel4z.js                                 3.88 kB │ gzip:   1.46 kB
public/build/assets/MedicationScanVerificationPanel-C6-v1i3G.js          3.89 kB │ gzip:   1.61 kB
public/build/assets/task-detail-dialog-CiWsXO_k.js                       3.90 kB │ gzip:   1.78 kB
public/build/assets/reference-questionnaire-Ox-nX28x.js                  3.94 kB │ gzip:   1.82 kB
public/build/assets/ticket-version-conflict-CejEwbh5.js                  3.96 kB │ gzip:   1.80 kB
public/build/assets/shift-timeline-summary-AdLgMeQZ.js                   3.99 kB │ gzip:   1.66 kB
public/build/assets/edit-EqPIxma_.js                                     4.00 kB │ gzip:   1.76 kB
public/build/assets/login-DSzLtB8h.js                                    4.01 kB │ gzip:   1.73 kB
public/build/assets/governed-location-export-dialog-DW7SLlS1.js          4.01 kB │ gzip:   1.96 kB
public/build/assets/shared-qnaRG9EH.js                                   4.01 kB │ gzip:   1.96 kB
public/build/assets/finance-period-filter-CIu5xZut.js                    4.02 kB │ gzip:   1.91 kB
public/build/assets/calendar-Tow-0-XC.js                                 4.06 kB │ gzip:   1.80 kB
public/build/assets/shift-summary-BEDLXR7u.js                            4.07 kB │ gzip:   1.68 kB
public/build/assets/workspace-model-CTDC_Qgb.js                          4.10 kB │ gzip:   1.78 kB
public/build/assets/index-Bpzl9rqK.js                                    4.13 kB │ gzip:   0.83 kB
public/build/assets/entity-cells-C_3Pf7mY.js                             4.13 kB │ gzip:   1.63 kB
public/build/assets/use-two-factor-auth-BbWYbsu_.js                      4.15 kB │ gzip:   1.77 kB
public/build/assets/_site-geofence-dialog-BIwPmDAh.js                    4.15 kB │ gzip:   2.00 kB
public/build/assets/empty-state-BhcRi7t6.js                              4.18 kB │ gzip:   1.85 kB
public/build/assets/board-bits-Bqj6rP23.js                               4.19 kB │ gzip:   1.57 kB
public/build/assets/address-search-BK0HbXTk.js                           4.20 kB │ gzip:   1.87 kB
public/build/assets/specialist-record-list-DKkWukfc.js                   4.23 kB │ gzip:   1.98 kB
public/build/assets/hazards-BtP3LvEK.js                                  4.24 kB │ gzip:   1.95 kB
public/build/assets/documents-Cxa35Xau.js                                4.28 kB │ gzip:   1.90 kB
public/build/assets/estate-operations-Bte6c0n5.js                        4.29 kB │ gzip:   1.73 kB
public/build/assets/date-picker-DzlsbOvJ.js                              4.32 kB │ gzip:   1.93 kB
public/build/assets/generate-rounds-modal-BsC5CohZ.js                    4.33 kB │ gzip:   2.12 kB
public/build/assets/wizard-fields-iwazrngd.js                            4.34 kB │ gzip:   1.89 kB
public/build/assets/first-aid-tab-DfYCM3K7.js                            4.34 kB │ gzip:   1.78 kB
public/build/assets/assets-DK15pBCH.js                                   4.37 kB │ gzip:   1.73 kB
public/build/assets/login-DuES-mT2.js                                    4.37 kB │ gzip:   1.85 kB
public/build/assets/privacy-shared-BQAQ5OHb.js                           4.39 kB │ gzip:   1.65 kB
public/build/assets/_shared-CYuNc-Ac.js                                  4.41 kB │ gzip:   1.90 kB
public/build/assets/_dialogs-CPj_6dpt.js                                 4.43 kB │ gzip:   1.80 kB
public/build/assets/shift-audit-timeline-CSTp9Ibv.js                     4.49 kB │ gzip:   1.82 kB
public/build/assets/shared-BHHfO32d.js                                   4.50 kB │ gzip:   1.74 kB
public/build/assets/applicable-procedures-panel-Dl3Apldw.js              4.52 kB │ gzip:   1.76 kB
public/build/assets/task-help-CytQnphS.js                                4.61 kB │ gzip:   1.95 kB
public/build/assets/client-clinical-launchers-Cb1IkLmP.js                4.62 kB │ gzip:   2.11 kB
public/build/assets/meal-planner-6acRMuXh.js                             4.69 kB │ gzip:   2.19 kB
public/build/assets/Create-Bj8gisYk.js                                   4.69 kB │ gzip:   2.09 kB
public/build/assets/incidents-tab-DkBJXnpK.js                            4.72 kB │ gzip:   1.85 kB
public/build/assets/fleet-navigation-DaYDgqvA.js                         4.74 kB │ gzip:   1.89 kB
public/build/assets/_dialogs-bGh0gZ8A.js                                 4.75 kB │ gzip:   2.19 kB
public/build/assets/AgedPayables-Jx8yDSoo.js                             4.75 kB │ gzip:   2.13 kB
public/build/assets/AgedReceivables-D0fUjTJQ.js                          4.76 kB │ gzip:   2.13 kB
public/build/assets/donut-card-BwnfSjei.js                               4.76 kB │ gzip:   2.08 kB
public/build/assets/control-room-workspace-hero-BWpPIVRH.js              4.76 kB │ gzip:   2.26 kB
public/build/assets/dialog-BwXfkyvB.js                                   4.80 kB │ gzip:   1.63 kB
public/build/assets/_asset-dialogs-DojrbImo.js                           4.83 kB │ gzip:   2.30 kB
public/build/assets/Edit-D_3V0ewh.js                                     4.87 kB │ gzip:   2.23 kB
public/build/assets/hardware-DFofx-qE.js                                 4.89 kB │ gzip:   2.15 kB
public/build/assets/entity-filter-Do671kLU.js                            4.89 kB │ gzip:   2.28 kB
public/build/assets/concern-I1LVe2K4.js                                  4.93 kB │ gzip:   2.26 kB
public/build/assets/permission-destinations-bxu3MiRU.js                  4.93 kB │ gzip:   1.12 kB
public/build/assets/page-tabs-DM1RTJ6n.js                                4.94 kB │ gzip:   2.03 kB
public/build/assets/_dialogs-B3n9KE_j.js                                 4.97 kB │ gzip:   2.33 kB
public/build/assets/whats-next-rail-lr7D2KS1.js                          4.99 kB │ gzip:   2.37 kB
public/build/assets/_dialogs-U3ykT28-.js                                 5.03 kB │ gzip:   2.03 kB
public/build/assets/leave-calendar-range-DzzNMm1h.js                     5.04 kB │ gzip:   2.26 kB
public/build/assets/_dialogs-5bFiTOWE.js                                 5.10 kB │ gzip:   2.37 kB
public/build/assets/client-safety-ribbon-DItnAM7z.js                     5.10 kB │ gzip:   2.24 kB
public/build/assets/show-DjEavgBH.js                                     5.12 kB │ gzip:   2.37 kB
public/build/assets/_evidence-8_cDTyNb.js                                5.17 kB │ gzip:   2.19 kB
public/build/assets/prn-effect-dialog-u4gpaIDo.js                        5.19 kB │ gzip:   2.28 kB
public/build/assets/Placeholder-CL6jRNLy.js                              5.20 kB │ gzip:   2.43 kB
public/build/assets/shared-D77BlgiQ.js                                   5.20 kB │ gzip:   2.04 kB
public/build/assets/day-picker-chip-DRgqe2xE.js                          5.21 kB │ gzip:   2.23 kB
public/build/assets/list-view-bp3MKhAZ.js                                5.22 kB │ gzip:   1.83 kB
public/build/assets/plan-FwWbm3le.js                                     5.22 kB │ gzip:   2.32 kB
public/build/assets/before-you-finish-CPhhkCS_.js                        5.25 kB │ gzip:   2.13 kB
public/build/assets/wizard-shell-CUboiK3w.js                             5.31 kB │ gzip:   2.31 kB
public/build/assets/application-status-MMmJGgCZ.js                       5.31 kB │ gzip:   2.15 kB
public/build/assets/index-BpC2y4v5.js                                    5.32 kB │ gzip:   2.36 kB
public/build/assets/care-plan-domains-builder-DJg6bj1r.js                5.33 kB │ gzip:   2.07 kB
public/build/assets/shared-CmyqTydH.js                                   5.34 kB │ gzip:   2.38 kB
public/build/assets/entity-menu-B-mn7MSn.js                              5.35 kB │ gzip:   2.45 kB
public/build/assets/paperwork-panel-CWhwmgNx.js                          5.38 kB │ gzip:   2.34 kB
public/build/assets/show-DtLVncUy.js                                     5.38 kB │ gzip:   2.38 kB
public/build/assets/contacts-BV4J8Nj2.js                                 5.42 kB │ gzip:   2.31 kB
public/build/assets/_thumbnail-DAXL9AqB.js                               5.43 kB │ gzip:   2.56 kB
public/build/assets/fleet-charts-BD3Cp0FY.js                             5.50 kB │ gzip:   2.46 kB
public/build/assets/global-iJJo9iK9.js                                   5.51 kB │ gzip:   2.46 kB
public/build/assets/Index-i4KIuKzK.js                                    5.52 kB │ gzip:   2.48 kB
public/build/assets/show-CwXUqEZu.js                                     5.53 kB │ gzip:   2.51 kB
public/build/assets/show-DzTQW9rI.js                                     5.54 kB │ gzip:   2.34 kB
public/build/assets/show-B8qlc5J1.js                                     5.55 kB │ gzip:   2.31 kB
public/build/assets/date-popover-0P6hYLA0.js                             5.60 kB │ gzip:   2.41 kB
public/build/assets/audit-log-modal-Gxw5VCRo.js                          5.60 kB │ gzip:   2.51 kB
public/build/assets/index-DZSx2LY9.js                                    5.63 kB │ gzip:   2.48 kB
public/build/assets/medication-review-modal-DlQqjToU.js                  5.64 kB │ gzip:   2.55 kB
public/build/assets/entity-table-Cj93dLEZ.js                             5.74 kB │ gzip:   2.40 kB
public/build/assets/index-DuDJEWJH.js                                    5.74 kB │ gzip:   2.56 kB
public/build/assets/complete-obligation-dialog-C0wr1cJJ.js               5.76 kB │ gzip:   2.57 kB
public/build/assets/Calendar-C_TLGD_o.js                                 5.78 kB │ gzip:   2.62 kB
public/build/assets/rhythms-routines-BUIAgTQP.js                         5.79 kB │ gzip:   2.63 kB
public/build/assets/index-29sTqvyK.js                                    5.83 kB │ gzip:   2.66 kB
public/build/assets/select-CElRllCI.js                                   5.86 kB │ gzip:   1.90 kB
public/build/assets/multi-entity-filter-qpPnwYjj.js                      5.86 kB │ gzip:   2.62 kB
public/build/assets/_shared-DeVp3AFk.js                                  5.88 kB │ gzip:   2.60 kB
public/build/assets/dropdown-menu-C66vvWbq.js                            5.88 kB │ gzip:   1.65 kB
public/build/assets/stat-tile-E4NiTit7.js                                5.89 kB │ gzip:   2.51 kB
public/build/assets/GovernanceAttachmentsPanel-CHaXOoDt.js               5.91 kB │ gzip:   2.49 kB
public/build/assets/index-DSf4XYh1.js                                    5.94 kB │ gzip:   2.75 kB
public/build/assets/_helpers-DQREXL7F.js                                 5.94 kB │ gzip:   2.44 kB
public/build/assets/index-D2HbkzQH.js                                    5.98 kB │ gzip:   2.72 kB
public/build/assets/audit-ClyiNLdo.js                                    5.98 kB │ gzip:   2.69 kB
public/build/assets/index-Chq2l1MW.js                                    6.00 kB │ gzip:   2.59 kB
public/build/assets/compliance-bits-CPBFCQyK.js                          6.02 kB │ gzip:   2.53 kB
public/build/assets/report-page-Bcydqiph.js                              6.03 kB │ gzip:   2.83 kB
public/build/assets/link-client-dialog-2zqpdrqW.js                       6.06 kB │ gzip:   2.58 kB
public/build/assets/stream-context-menu-D9I2JfDK.js                      6.08 kB │ gzip:   2.79 kB
public/build/assets/food-meal-tBGQxLjl.js                                6.12 kB │ gzip:   2.11 kB
public/build/assets/BoardMonthly-BoiNJFNR.js                             6.14 kB │ gzip:   2.85 kB
public/build/assets/index-Cikiofd2.js                                    6.14 kB │ gzip:   2.79 kB
public/build/assets/with-concerns-BYy15f77.js                            6.15 kB │ gzip:   2.73 kB
public/build/assets/with-incidents-BswRCOGT.js                           6.15 kB │ gzip:   2.73 kB
public/build/assets/show-BPA-f676.js                                     6.18 kB │ gzip:   2.80 kB
public/build/assets/index-DzvAPHFk.js                                    6.18 kB │ gzip:   2.75 kB
public/build/assets/compliance-hub-header-CDDEb7KS.js                    6.22 kB │ gzip:   2.75 kB
public/build/assets/index-DxLNA5lZ.js                                    6.23 kB │ gzip:   2.79 kB
public/build/assets/emergency-plan-BIuKiK3i.js                           6.23 kB │ gzip:   2.79 kB
public/build/assets/show-D8l6BfTT.js                                     6.26 kB │ gzip:   2.49 kB
public/build/assets/recognition-wizard-CmPdBgQb.js                       6.27 kB │ gzip:   2.43 kB
public/build/assets/Calendar-D9gyZv8u.js                                 6.28 kB │ gzip:   2.84 kB
public/build/assets/index-B_kQJ9Nj.js                                    6.32 kB │ gzip:   2.80 kB
public/build/assets/for-stay-DcCHmxrq.js                                 6.33 kB │ gzip:   2.79 kB
public/build/assets/create-LCxZZ4io.js                                   6.35 kB │ gzip:   2.61 kB
public/build/assets/quick-note-dialog-BM8qMoBq.js                        6.36 kB │ gzip:   2.66 kB
public/build/assets/report-tRNe83ns.js                                   6.37 kB │ gzip:   2.91 kB
public/build/assets/show-BJ6eDBIY.js                                     6.37 kB │ gzip:   2.83 kB
public/build/assets/use-my-day-labels-BynEqp9u.js                        6.38 kB │ gzip:   2.60 kB
public/build/assets/entity-card-CVjBkBfZ.js                              6.39 kB │ gzip:   2.73 kB
public/build/assets/stock-movement-modal-BDK9nfdq.js                     6.40 kB │ gzip:   2.62 kB
public/build/assets/Create-BQ0HDWyx.js                                   6.41 kB │ gzip:   2.93 kB
public/build/assets/offer-response-DKpOI6aq.js                           6.41 kB │ gzip:   2.61 kB
public/build/assets/compensation-hero-BP1wYeMP.js                        6.42 kB │ gzip:   2.49 kB
public/build/assets/overdue-CVEgiLzU.js                                  6.47 kB │ gzip:   2.83 kB
public/build/assets/auto-rule-builder-pQV6haSG.js                        6.50 kB │ gzip:   2.42 kB
public/build/assets/tabs-C1hWSmL8.js                                     6.50 kB │ gzip:   2.68 kB
public/build/assets/unacknowledged-ZxEQvCq9.js                           6.51 kB │ gzip:   2.82 kB
public/build/assets/overdue-4L2t0IKP.js                                  6.51 kB │ gzip:   2.83 kB
public/build/assets/my-active-CpLqeeZs.js                                6.51 kB │ gzip:   2.89 kB
public/build/assets/list-view-BKRu1ZKA.js                                6.53 kB │ gzip:   2.36 kB
public/build/assets/Create-QW5iBICO.js                                   6.54 kB │ gzip:   2.94 kB
public/build/assets/clients-DsbsnJXx.js                                  6.54 kB │ gzip:   2.77 kB
public/build/assets/ppe-shared-Dq7K0SvF.js                               6.56 kB │ gzip:   2.64 kB
public/build/assets/trend-charts-D9TIETWR.js                             6.57 kB │ gzip:   2.54 kB
public/build/assets/maps-usage-B9erIgk0.js                               6.59 kB │ gzip:   2.89 kB
public/build/assets/actions-reviews-DNr5jd17.js                          6.59 kB │ gzip:   2.68 kB
public/build/assets/sortable.esm-TrASzQ3t.js                             6.64 kB │ gzip:   2.78 kB
public/build/assets/meal-planner-CDUR0W6G.js                             6.68 kB │ gzip:   2.97 kB
public/build/assets/_workspace-CPT9_mAi.js                               6.70 kB │ gzip:   2.73 kB
public/build/assets/policy-summary-tDro7ITd.js                           6.71 kB │ gzip:   3.15 kB
public/build/assets/for-client-JprXdkz5.js                               6.71 kB │ gzip:   2.91 kB
public/build/assets/_registers-BL0WOBUG.js                               6.75 kB │ gzip:   2.64 kB
public/build/assets/shift-calendar-view-Ldhcc8Ik.js                      6.78 kB │ gzip:   2.74 kB
public/build/assets/index-BKuL1aI8.js                                    6.82 kB │ gzip:   1.08 kB
public/build/assets/handover-rail-CAfqtPuh.js                            6.82 kB │ gzip:   2.89 kB
public/build/assets/needing-acknowledgment-BVVXQa3H.js                   6.83 kB │ gzip:   2.90 kB
public/build/assets/for-stay-NKapoWZq.js                                 6.85 kB │ gzip:   3.02 kB
public/build/assets/checklist-trends-DZ4YT_xL.js                         6.87 kB │ gzip:   2.97 kB
public/build/assets/assignments-1G0_nIl5.js                              6.88 kB │ gzip:   3.25 kB
public/build/assets/clock-in-wizard-BEOUyO-h.js                          6.88 kB │ gzip:   2.94 kB
public/build/assets/board-view-D9_5PsNJ.js                               6.89 kB │ gzip:   2.72 kB
public/build/assets/show-Cvmve1ru.js                                     6.90 kB │ gzip:   3.17 kB
public/build/assets/day-work-list-B0vWvpTQ.js                            6.91 kB │ gzip:   2.82 kB
public/build/assets/index-CPeQVzI8.js                                    6.94 kB │ gzip:   2.81 kB
public/build/assets/for-stay-CtXfSNNB.js                                 6.96 kB │ gzip:   3.10 kB
public/build/assets/_dialogs-KGCJwoQ4.js                                 7.01 kB │ gzip:   3.22 kB
public/build/assets/my-tasks-BzIp_uOW.js                                 7.04 kB │ gzip:   3.08 kB
public/build/assets/_header-C0oUrNhE.js                                  7.05 kB │ gzip:   3.27 kB
public/build/assets/alert-worklist-jiWsMwJS.js                           7.05 kB │ gzip:   2.64 kB
public/build/assets/agreements-D6U8k8mF.js                               7.07 kB │ gzip:   3.27 kB
public/build/assets/combined-DIlZtTUg.js                                 7.07 kB │ gzip:   3.02 kB
public/build/assets/awaiting-approval-JD9aDdct.js                        7.08 kB │ gzip:   3.03 kB
public/build/assets/Calendar-C5ZAhLuw.js                                 7.12 kB │ gzip:   3.17 kB
public/build/assets/index-Wdtxr5dS.js                                    7.12 kB │ gzip:   3.04 kB
public/build/assets/Index-DWdFAH2X.js                                    7.13 kB │ gzip:   3.06 kB
public/build/assets/assets-CZD0U3VJ.js                                   7.13 kB │ gzip:   2.97 kB
public/build/assets/reports-modal-CWAm4LI1.js                            7.13 kB │ gzip:   2.97 kB
public/build/assets/_dialogs-DviXSLJZ.js                                 7.14 kB │ gzip:   3.05 kB
public/build/assets/checklist-EGAV_R7U.js                                7.14 kB │ gzip:   3.11 kB
public/build/assets/monitoring-incident-evidence-card-Bf2mswXY.js        7.16 kB │ gzip:   2.51 kB
public/build/assets/Show-DAsn46dc.js                                     7.17 kB │ gzip:   2.94 kB
public/build/assets/fix-clock-out-wizard-BBh6NqEF.js                     7.18 kB │ gzip:   3.07 kB
public/build/assets/_dialogs-BoGJ0Hhx.js                                 7.19 kB │ gzip:   3.02 kB
public/build/assets/fleet-hero-kit-BzlwUrkF.js                           7.19 kB │ gzip:   2.89 kB
public/build/assets/Index-DNSkhg92.js                                    7.19 kB │ gzip:   3.05 kB
public/build/assets/Show-YKoDGr-B.js                                     7.20 kB │ gzip:   3.07 kB
public/build/assets/map-model-W3TdKm_Q.js                                7.21 kB │ gzip:   3.07 kB
public/build/assets/leave-excursions-xttYnIxf.js                         7.21 kB │ gzip:   2.38 kB
public/build/assets/location-workspace-BSmbCQEC.js                       7.23 kB │ gzip:   3.08 kB
public/build/assets/preferences-CB8Wcfe7.js                              7.25 kB │ gzip:   3.25 kB
public/build/assets/review-ZVK6UdO5.js                                   7.27 kB │ gzip:   3.09 kB
public/build/assets/new-journal-dialog-BW9hhx9n.js                       7.31 kB │ gzip:   2.69 kB
public/build/assets/respite-rJZr2Gub.js                                  7.31 kB │ gzip:   2.81 kB
public/build/assets/people-picker-PelrZ23w.js                            7.35 kB │ gzip:   3.14 kB
public/build/assets/index-BrVvDj7_.js                                    7.37 kB │ gzip:   3.11 kB
public/build/assets/index-Vdlqi8V0.js                                    7.37 kB │ gzip:   3.11 kB
public/build/assets/provisioning-picker-DuZ9uERM.js                      7.39 kB │ gzip:   3.30 kB
public/build/assets/create-7ebsKSTg.js                                   7.46 kB │ gzip:   3.25 kB
public/build/assets/_review-dialog-VdGgVsmM.js                           7.47 kB │ gzip:   3.13 kB
public/build/assets/Edit-BXW0XR7H.js                                     7.47 kB │ gzip:   3.20 kB
public/build/assets/_dialogs-Xm6YUl5V.js                                 7.48 kB │ gzip:   2.46 kB
public/build/assets/create-DOeGHAow.js                                   7.48 kB │ gzip:   3.14 kB
public/build/assets/compliance-hero-ebTrrCRn.js                          7.56 kB │ gzip:   2.61 kB
public/build/assets/shared-Dlu7iq-P.js                                   7.61 kB │ gzip:   3.04 kB
public/build/assets/payroll-adjustments-DHKp9jgi.js                      7.64 kB │ gzip:   3.07 kB
public/build/assets/deletion-logs-CJD8YzRl.js                            7.71 kB │ gzip:   3.33 kB
public/build/assets/show-BogXQgbg.js                                     7.75 kB │ gzip:   3.13 kB
public/build/assets/report-error-modal-QBb7M1M5.js                       7.76 kB │ gzip:   3.27 kB
public/build/assets/communication-notes-C0Vv5CMS.js                      7.79 kB │ gzip:   3.16 kB
public/build/assets/for-stay-xS6PKz6S.js                                 7.80 kB │ gzip:   3.25 kB
public/build/assets/assignments-C-Xm8I0x.js                              7.82 kB │ gzip:   3.57 kB
public/build/assets/medical-simple-C3Tv1KIy.js                           7.86 kB │ gzip:   3.43 kB
public/build/assets/index-C2aqdcbh.js                                    7.90 kB │ gzip:   3.27 kB
public/build/assets/history-index-DnJUJ7Tt.js                            7.92 kB │ gzip:   3.48 kB
public/build/assets/Submissions-HUybkGqh.js                              7.93 kB │ gzip:   3.70 kB
public/build/assets/daily-note-entry-CK3umIjQ.js                         7.97 kB │ gzip:   3.03 kB
public/build/assets/pending-B8daSPFD.js                                  7.98 kB │ gzip:   3.39 kB
public/build/assets/index-2i6r9Gxr.js                                    7.98 kB │ gzip:   3.36 kB
public/build/assets/show-CVoAwa5B.js                                     8.02 kB │ gzip:   3.52 kB
public/build/assets/from-resolution-CK-LrxGP.js                          8.07 kB │ gzip:   3.57 kB
public/build/assets/file-dropzone-BVO5B_-k.js                            8.08 kB │ gzip:   3.49 kB
public/build/assets/audit-history-AHwFlt0_.js                            8.13 kB │ gzip:   3.26 kB
public/build/assets/shoutouts-93idOHkd.js                                8.16 kB │ gzip:   3.55 kB
public/build/assets/notifications-D7Lkrice.js                            8.17 kB │ gzip:   3.59 kB
public/build/assets/_tool-palette-Dp9TM2ak.js                            8.20 kB │ gzip:   2.99 kB
public/build/assets/work-schedule-BB6m0xCR.js                            8.26 kB │ gzip:   3.42 kB
public/build/assets/shell-rTqkZawO.js                                    8.30 kB │ gzip:   2.99 kB
public/build/assets/availability-C23j7LS3.js                             8.31 kB │ gzip:   3.67 kB
public/build/assets/index-BRzUzgcH.js                                    8.37 kB │ gzip:   3.16 kB
public/build/assets/incidents-DKQFYFBo.js                                8.39 kB │ gzip:   3.34 kB
public/build/assets/round-template-dialog-Cg0oAvSH.js                    8.39 kB │ gzip:   3.49 kB
public/build/assets/reassign-dialog-Fy0aEbCF.js                          8.42 kB │ gzip:   3.60 kB
public/build/assets/password-7i8AhmTq.js                                 8.43 kB │ gzip:   3.35 kB
public/build/assets/attestations-BsbuuAfH.js                             8.44 kB │ gzip:   3.64 kB
public/build/assets/map-DViGfRpz.js                                      8.44 kB │ gzip:   3.24 kB
public/build/assets/index-Dlg97wMc.js                                    8.44 kB │ gzip:   1.27 kB
public/build/assets/form-wizard-B7azqW7P.js                              8.49 kB │ gzip:   3.49 kB
public/build/assets/my-day-header-BXAeVL1Y.js                            8.50 kB │ gzip:   3.70 kB
public/build/assets/_dialogs-Cx3DKm5R.js                                 8.57 kB │ gzip:   3.32 kB
public/build/assets/index-CuuwrIhI.js                                    8.60 kB │ gzip:   1.25 kB
public/build/assets/asset-condition-CSv4brEg.js                          8.66 kB │ gzip:   3.46 kB
public/build/assets/credentials-Dzso0Sd3.js                              8.66 kB │ gzip:   3.55 kB
public/build/assets/settings-Zmioekse.js                                 8.67 kB │ gzip:   3.75 kB
public/build/assets/primitives-8bXmswIu.js                               8.69 kB │ gzip:   3.26 kB
public/build/assets/bank-account-dialog-CSYednnM.js                      8.70 kB │ gzip:   3.38 kB
public/build/assets/index-Btw2Bbxz.js                                    8.72 kB │ gzip:   3.71 kB
public/build/assets/index-CXRK7mfJ.js                                    8.72 kB │ gzip:   3.71 kB
public/build/assets/new-account-dialog-BkJ5gFxk.js                       8.74 kB │ gzip:   3.41 kB
public/build/assets/personal-entry-dialog-DHmvJ0kM.js                    8.79 kB │ gzip:   3.29 kB
public/build/assets/show-BluAsLJk.js                                     8.85 kB │ gzip:   3.01 kB
public/build/assets/add-medication-modal-_wsDauTl.js                     8.87 kB │ gzip:   3.64 kB
public/build/assets/show-Dda0uaK4.js                                     8.91 kB │ gzip:   3.97 kB
public/build/assets/overdue-actions-DuNFkNEt.js                          8.95 kB │ gzip:   3.71 kB
public/build/assets/timeline-interactions-DJu4sf-N.js                    8.96 kB │ gzip:   3.62 kB
public/build/assets/Index-D9IbopaW.js                                    8.99 kB │ gzip:   3.81 kB
public/build/assets/fleet-BzU46bRN.js                                    9.05 kB │ gzip:   3.16 kB
public/build/assets/assess-DgAKxF_z.js                                   9.06 kB │ gzip:   3.77 kB
public/build/assets/hero-kit-BNGm27jC.js                                 9.08 kB │ gzip:   2.98 kB
public/build/assets/Index-CjD8QxWo.js                                    9.08 kB │ gzip:   3.89 kB
public/build/assets/index-DuV8vaOj.js                                    9.09 kB │ gzip:   3.78 kB
public/build/assets/ClientTrends-CQXSHLHC.js                             9.10 kB │ gzip:   3.89 kB
public/build/assets/file-Cjr9oxe3.js                                     9.11 kB │ gzip:   3.87 kB
public/build/assets/Index-DtGD1AUQ.js                                    9.20 kB │ gzip:   3.67 kB
public/build/assets/index-BfCQuMOd.js                                    9.23 kB │ gzip:   3.93 kB
public/build/assets/index-Diw2rlZn.js                                    9.23 kB │ gzip:   3.62 kB
public/build/assets/index-D2V_PFWc.js                                    9.24 kB │ gzip:   4.01 kB
public/build/assets/note-rail-DfK437IW.js                                9.29 kB │ gzip:   3.55 kB
public/build/assets/CarePlans-DJ8u-kXm.js                                9.31 kB │ gzip:   3.74 kB
public/build/assets/shift-show-redesign-D466kQY9.js                      9.34 kB │ gzip:   3.57 kB
public/build/assets/reports-CI57oW8P.js                                  9.36 kB │ gzip:   3.89 kB
public/build/assets/knowledge-related-records-DxdVxRhU.js                9.37 kB │ gzip:   3.77 kB
public/build/assets/Show-C0QPxBJl.js                                     9.37 kB │ gzip:   4.17 kB
public/build/assets/cd-register-modal-Bz5kg1HJ.js                        9.37 kB │ gzip:   3.85 kB
public/build/assets/_manage-types-dialog-CSyTES4h.js                     9.39 kB │ gzip:   3.83 kB
public/build/assets/Show-DTGKbfQd.js                                     9.43 kB │ gzip:   4.09 kB
public/build/assets/benefits-CU1Ld3NB.js                                 9.46 kB │ gzip:   3.75 kB
public/build/assets/Create-CUiITpa-.js                                   9.49 kB │ gzip:   3.86 kB
public/build/assets/history-BrFCTZ0s.js                                  9.51 kB │ gzip:   3.82 kB
public/build/assets/_dialogs-Cj_9vao8.js                                 9.57 kB │ gzip:   3.06 kB
public/build/assets/Index-R8KbePNJ.js                                    9.57 kB │ gzip:   4.13 kB
public/build/assets/Edit-b6Vt-8ub.js                                     9.62 kB │ gzip:   3.99 kB
public/build/assets/reimbursement-BZd_B-MV.js                            9.65 kB │ gzip:   3.75 kB
public/build/assets/module-Cww1dGBE.js                                   9.65 kB │ gzip:   4.29 kB
public/build/assets/index-DAX1mxE4.js                                    9.66 kB │ gzip:   4.07 kB
public/build/assets/family-tree-Ci2X63DT.js                              9.68 kB │ gzip:   3.64 kB
public/build/assets/create-CEO1Q_pu.js                                   9.69 kB │ gzip:   4.05 kB
public/build/assets/Index-BwXjn2PA.js                                    9.69 kB │ gzip:   3.99 kB
public/build/assets/upload-Bvvwd4Je.js                                   9.70 kB │ gzip:   4.05 kB
public/build/assets/Mapping-Bg44K0gr.js                                  9.72 kB │ gzip:   4.16 kB
public/build/assets/show-BekvTpoQ.js                                     9.73 kB │ gzip:   3.86 kB
public/build/assets/stream-item-sqRUj2El.js                              9.74 kB │ gzip:   3.61 kB
public/build/assets/reviews-BspCSdbe.js                                  9.74 kB │ gzip:   4.34 kB
public/build/assets/linked-operational-evidence-BpDLzgtq.js              9.78 kB │ gzip:   3.16 kB
public/build/assets/retention-BKdUrZG8.js                                9.78 kB │ gzip:   3.91 kB
public/build/assets/_food-meal-preferences-DKsYam-Q.js                   9.82 kB │ gzip:   3.80 kB
public/build/assets/respond-Bi4Vk6Yd.js                                  9.82 kB │ gzip:   4.27 kB
public/build/assets/ComplianceStatus-zpOvxU9X.js                         9.82 kB │ gzip:   4.18 kB
public/build/assets/index-Hq0r4s_6.js                                    9.83 kB │ gzip:   4.00 kB
public/build/assets/Index-Bbl2UyIq.js                                    9.85 kB │ gzip:   4.10 kB
public/build/assets/Create-DZIwCbDv.js                                   9.85 kB │ gzip:   3.98 kB
public/build/assets/create-DUYkRm_P.js                                   9.88 kB │ gzip:   4.07 kB
public/build/assets/Logs-gnmMxKf1.js                                     9.91 kB │ gzip:   4.23 kB
public/build/assets/Create-Crxb2cfX.js                                   9.91 kB │ gzip:   4.00 kB
public/build/assets/Index-CGblO7NO.js                                    9.95 kB │ gzip:   4.15 kB
public/build/assets/RiskNarrative-DC_P6bSX.js                            9.96 kB │ gzip:   4.12 kB
public/build/assets/succession-wizards-CcGWKzdr.js                       9.98 kB │ gzip:   3.99 kB
public/build/assets/BoardMembers-Kh5ueabR.js                             9.99 kB │ gzip:   4.25 kB
public/build/assets/for-stay-DIw7W62_.js                                10.01 kB │ gzip:   3.88 kB
public/build/assets/index-DbhDGOLq.js                                   10.01 kB │ gzip:   3.99 kB
public/build/assets/Index-D9MX6zZz.js                                   10.02 kB │ gzip:   4.12 kB
public/build/assets/pending-aWHu9KJb.js                                 10.04 kB │ gzip:   3.84 kB
public/build/assets/finance-DhP8JXQW.js                                 10.05 kB │ gzip:   3.53 kB
public/build/assets/my-calendar-1cPrg7b8.js                             10.06 kB │ gzip:   4.63 kB
public/build/assets/quick-add-task-C9dNDKUU.js                          10.06 kB │ gzip:   3.83 kB
public/build/assets/Show-Pd6P_Cvs.js                                    10.09 kB │ gzip:   4.45 kB
public/build/assets/time-picker-Dmc29dAQ.js                             10.09 kB │ gzip:   4.28 kB
public/build/assets/grouped-profile-nav-0Hg8M-gB.js                     10.09 kB │ gzip:   3.88 kB
public/build/assets/index-4_HO0uIs.js                                   10.10 kB │ gzip:   4.03 kB
public/build/assets/vehicle-technology-projection-E0r4fB5B.js           10.10 kB │ gzip:   3.39 kB
public/build/assets/Index-BmNYDteD.js                                   10.10 kB │ gzip:   4.31 kB
public/build/assets/create-CzCCviNf.js                                  10.10 kB │ gzip:   4.30 kB
public/build/assets/template-zTkoRs1o.js                                10.15 kB │ gzip:   4.10 kB
public/build/assets/operational-canvas-B7YunJHB.js                      10.18 kB │ gzip:   4.22 kB
public/build/assets/policies-D4219_2J.js                                10.19 kB │ gzip:   4.14 kB
public/build/assets/GovernanceTermHint-Bcgg7UNv.js                      10.20 kB │ gzip:   4.11 kB
public/build/assets/Show-DdeIA14S.js                                    10.20 kB │ gzip:   4.31 kB
public/build/assets/create-C3Z1VMGF.js                                  10.25 kB │ gzip:   4.13 kB
public/build/assets/asset-finance-technology-projection-Begy6LP2.js     10.26 kB │ gzip:   3.48 kB
public/build/assets/show-DJAOp4gU.js                                    10.26 kB │ gzip:   4.02 kB
public/build/assets/record-wizard-shared-DRMckuJC.js                    10.28 kB │ gzip:   3.92 kB
public/build/assets/staff-requirements-Zp1W0vpz.js                      10.31 kB │ gzip:   3.82 kB
public/build/assets/legal-holds-ytaud2N7.js                             10.32 kB │ gzip:   4.17 kB
public/build/assets/_inventory-table-Utv45zxB.js                        10.34 kB │ gzip:   3.74 kB
public/build/assets/show-DopWSSy2.js                                    10.35 kB │ gzip:   4.08 kB
public/build/assets/unifi-CC34q7Qm.js                                   10.38 kB │ gzip:   4.14 kB
public/build/assets/Index-DOSaRjti.js                                   10.39 kB │ gzip:   4.35 kB
public/build/assets/create-C2p5WizF.js                                  10.41 kB │ gzip:   4.27 kB
public/build/assets/ClientSummary-CbIquqmR.js                           10.43 kB │ gzip:   3.75 kB
public/build/assets/index-LPmgC2d5.js                                   10.43 kB │ gzip:   4.34 kB
public/build/assets/Index-GU7YOrVL.js                                   10.43 kB │ gzip:   4.28 kB
public/build/assets/Show-CBe96rJI.js                                    10.43 kB │ gzip:   3.91 kB
public/build/assets/Index-DvmLHGSP.js                                   10.45 kB │ gzip:   4.28 kB
public/build/assets/saved-DofVTsVf.js                                   10.46 kB │ gzip:   4.28 kB
public/build/assets/marketing-layout-242Tp-sz.js                        10.47 kB │ gzip:   3.33 kB
public/build/assets/index-CH4B2EwQ.js                                   10.49 kB │ gzip:   4.12 kB
public/build/assets/Index-BKNpgkKB.js                                   10.50 kB │ gzip:   4.24 kB
public/build/assets/FundingStreamSummary-Bqq5zD62.js                    10.50 kB │ gzip:   4.31 kB
public/build/assets/show-Dx9IZ2JI.js                                    10.55 kB │ gzip:   3.88 kB
public/build/assets/edit-BQU4Mtpp.js                                    10.56 kB │ gzip:   4.35 kB
public/build/assets/Index-D3mApyvC.js                                   10.57 kB │ gzip:   4.37 kB
public/build/assets/Index-zElPYIY1.js                                   10.57 kB │ gzip:   4.48 kB
public/build/assets/risks-CZfd3YUc.js                                   10.58 kB │ gzip:   4.00 kB
public/build/assets/status-BSXHP2aA.js                                  10.58 kB │ gzip:   4.22 kB
public/build/assets/ui-DsVnSwZ4.js                                      10.58 kB │ gzip:   4.51 kB
public/build/assets/Index-qoXRZOgQ.js                                   10.61 kB │ gzip:   4.39 kB
public/build/assets/edit-C-OC-JnQ.js                                    10.62 kB │ gzip:   4.31 kB
public/build/assets/index-C7YBEf8o.js                                   10.66 kB │ gzip:   4.75 kB
public/build/assets/modules-CrY4H8aY.js                                 10.72 kB │ gzip:   4.30 kB
public/build/assets/create-BRjXiaax.js                                  10.74 kB │ gzip:   3.67 kB
public/build/assets/compliance-BzsUEtsJ.js                              10.74 kB │ gzip:   4.25 kB
public/build/assets/index-Bu6Zc1Ei.js                                   10.79 kB │ gzip:   4.24 kB
public/build/assets/tomorrow-panel-CxWIRn3W.js                          10.80 kB │ gzip:   4.26 kB
public/build/assets/portal-users-DF1ekGoX.js                            10.80 kB │ gzip:   4.46 kB
public/build/assets/documents-CCqHJaIf.js                               10.84 kB │ gzip:   3.83 kB
public/build/assets/_door-B2m7jivU.js                                   10.87 kB │ gzip:   3.81 kB
public/build/assets/risks-DTfpRvTT.js                                   10.90 kB │ gzip:   4.12 kB
public/build/assets/Show-BzP1oSOE.js                                    10.91 kB │ gzip:   4.22 kB
public/build/assets/work-calendar-settings-BGBiAyAU.js                  10.91 kB │ gzip:   4.32 kB
public/build/assets/Index-BppF6Lt4.js                                   10.93 kB │ gzip:   4.49 kB
public/build/assets/Changes-BVmbxevc.js                                 10.94 kB │ gzip:   4.90 kB
public/build/assets/Show-BejxiOe0.js                                    10.99 kB │ gzip:   4.45 kB
public/build/assets/create-DF8BMNXa.js                                  11.00 kB │ gzip:   4.47 kB
public/build/assets/index-ubtH2xcj.js                                   11.02 kB │ gzip:   1.52 kB
public/build/assets/handovers-hero-FMyZ5n5y.js                          11.03 kB │ gzip:   4.82 kB
public/build/assets/Index-Dk3__0YO.js                                   11.05 kB │ gzip:   4.60 kB
public/build/assets/Committee-CUsAdBUQ.js                               11.06 kB │ gzip:   4.80 kB
public/build/assets/_dialogs-CMNUDzTl.js                                11.07 kB │ gzip:   4.41 kB
public/build/assets/create-CNuQEAUs.js                                  11.09 kB │ gzip:   4.38 kB
public/build/assets/TrialBalance-mz0L1fqg.js                            11.09 kB │ gzip:   4.81 kB
public/build/assets/index-R9LMbHiu.js                                   11.11 kB │ gzip:   4.58 kB
public/build/assets/photos-DbJBkcc0.js                                  11.13 kB │ gzip:   4.56 kB
public/build/assets/breaches-DdLIyxEY.js                                11.14 kB │ gzip:   4.40 kB
public/build/assets/vendors-g0kW6Msx.js                                 11.16 kB │ gzip:   3.65 kB
public/build/assets/index-De3vTRkx.js                                   11.16 kB │ gzip:   4.02 kB
public/build/assets/clock-out-wizard-BJhH9yZ3.js                        11.18 kB │ gzip:   4.50 kB
public/build/assets/summary-DlaYDVJi.js                                 11.19 kB │ gzip:   4.11 kB
public/build/assets/timeline-BFTNgsHG.js                                11.20 kB │ gzip:   4.80 kB
public/build/assets/index-B_nAXHl1.js                                   11.23 kB │ gzip:   4.36 kB
public/build/assets/broadcast-show-Dpim17OZ.js                          11.26 kB │ gzip:   4.12 kB
public/build/assets/show-supervision-k-EnLdVQ.js                        11.27 kB │ gzip:   4.25 kB
public/build/assets/cards-view-DKliA7BI.js                              11.27 kB │ gzip:   4.21 kB
public/build/assets/privacy-action-modal-CF0exLhC.js                    11.30 kB │ gzip:   4.43 kB
public/build/assets/CheckShift-zAhwsBI6.js                              11.32 kB │ gzip:   4.79 kB
public/build/assets/dashboard-tabs-6tbZ711W.js                          11.32 kB │ gzip:   4.23 kB
public/build/assets/Edit-DTJa-c6N.js                                    11.33 kB │ gzip:   4.57 kB
public/build/assets/Index-C_3P38S8.js                                   11.33 kB │ gzip:   4.67 kB
public/build/assets/notifications-ZPa4aj3X.js                           11.35 kB │ gzip:   4.20 kB
public/build/assets/Index-DuevXE1-.js                                   11.38 kB │ gzip:   4.71 kB
public/build/assets/Index-CaQ9ANCd.js                                   11.40 kB │ gzip:   4.58 kB
public/build/assets/Matrix-9HbzP1l7.js                                  11.42 kB │ gzip:   4.87 kB
public/build/assets/wizard-configs-BXers7mF.js                          11.42 kB │ gzip:   3.50 kB
public/build/assets/visit-requests-BUAvL-0r.js                          11.42 kB │ gzip:   4.62 kB
public/build/assets/leave-hub-parts-Dizr7bxx.js                         11.45 kB │ gzip:   4.22 kB
public/build/assets/surveys-CisDcKfJ.js                                 11.45 kB │ gzip:   4.53 kB
public/build/assets/index-Doh2sjW8.js                                   11.46 kB │ gzip:   4.67 kB
public/build/assets/price-book-dialog-CHj4gjYF.js                       11.47 kB │ gzip:   4.58 kB
public/build/assets/quote-dialog-DvHA3Sof.js                            11.49 kB │ gzip:   4.65 kB
public/build/assets/Create-dCAl7zo9.js                                  11.49 kB │ gzip:   4.49 kB
public/build/assets/create-NKArlVzL.js                                  11.51 kB │ gzip:   4.78 kB
public/build/assets/Index-B1xYoRk6.js                                   11.52 kB │ gzip:   5.15 kB
public/build/assets/workers-BI3z_wAt.js                                 11.54 kB │ gzip:   4.40 kB
public/build/assets/Trends-BaNHSzzm.js                                  11.55 kB │ gzip:   5.00 kB
public/build/assets/index-BueR_hmO.js                                   11.57 kB │ gzip:   4.59 kB
public/build/assets/documents-BKnOU_jY.js                               11.59 kB │ gzip:   4.11 kB
public/build/assets/Index-DNWYZBTP.js                                   11.61 kB │ gzip:   4.82 kB
public/build/assets/index-Babq_Igg.js                                   11.63 kB │ gzip:   4.21 kB
public/build/assets/Show-BS2gGbP5.js                                    11.66 kB │ gzip:   5.13 kB
public/build/assets/dpia-D7PDmZRN.js                                    11.66 kB │ gzip:   4.47 kB
public/build/assets/_dialogs-mGz-13YK.js                                11.68 kB │ gzip:   4.74 kB
public/build/assets/show-CYd3XVPp.js                                    11.70 kB │ gzip:   5.02 kB
public/build/assets/show-D-SALYEA.js                                    11.80 kB │ gzip:   4.44 kB
public/build/assets/task-D_ch0or7.js                                    11.83 kB │ gzip:   4.86 kB
public/build/assets/Dashboard-D3luIyPW.js                               11.83 kB │ gzip:   5.05 kB
public/build/assets/Index-CxfLnLo7.js                                   11.86 kB │ gzip:   4.88 kB
public/build/assets/templates-CdX-hrO_.js                               11.86 kB │ gzip:   4.84 kB
public/build/assets/rehire-wizard-BbnFfzRy.js                           11.87 kB │ gzip:   4.49 kB
public/build/assets/_dialogs-CsealJ5p.js                                11.88 kB │ gzip:   4.47 kB
public/build/assets/Index-9fdQc2se.js                                   11.90 kB │ gzip:   4.62 kB
public/build/assets/Index-nIVjvqTD.js                                   11.91 kB │ gzip:   5.20 kB
public/build/assets/Index-BUw6q-76.js                                   11.91 kB │ gzip:   5.14 kB
public/build/assets/community-access-DbX0AC7U.js                        11.92 kB │ gzip:   4.81 kB
public/build/assets/shift-list-view-Biw8xV_v.js                         11.94 kB │ gzip:   4.70 kB
public/build/assets/alerts-config-C60sg0Hy.js                           11.94 kB │ gzip:   4.58 kB
public/build/assets/Index-BsNYVRiY.js                                   11.96 kB │ gzip:   5.18 kB
public/build/assets/Index-DOITiktZ.js                                   11.96 kB │ gzip:   5.23 kB
public/build/assets/log-notifiable-dialog-D4QFHwqc.js                   11.97 kB │ gzip:   4.40 kB
public/build/assets/Prepare-XDoYQfMw.js                                 11.97 kB │ gzip:   4.89 kB
public/build/assets/healthcare-devices-JlW_CZl4.js                      11.99 kB │ gzip:   4.18 kB
public/build/assets/apply-yU1FhL-f.js                                   12.00 kB │ gzip:   4.56 kB
public/build/assets/performance-hero-Ym-HWtXM.js                        12.00 kB │ gzip:   3.85 kB
public/build/assets/create-template-CUVUoE8V.js                         12.02 kB │ gzip:   4.80 kB
public/build/assets/sign-2L4Bh1BS.js                                    12.05 kB │ gzip:   4.74 kB
public/build/assets/profile-Dzd4hgCG.js                                 12.05 kB │ gzip:   4.92 kB
public/build/assets/page-hero-nlALDTYt.js                               12.05 kB │ gzip:   4.63 kB
public/build/assets/AgedReport-BAaw2bW5.js                              12.07 kB │ gzip:   5.43 kB
public/build/assets/protocol-form-tfNVusD7.js                           12.08 kB │ gzip:   4.39 kB
public/build/assets/ppe-wizard-D_tIFGbl.js                              12.15 kB │ gzip:   4.97 kB
public/build/assets/assignments-B-8Q3nZ_.js                             12.16 kB │ gzip:   4.89 kB
public/build/assets/Index-DwRBl4eP.js                                   12.17 kB │ gzip:   5.09 kB
public/build/assets/index-DDCC4yBD.js                                   12.18 kB │ gzip:   4.66 kB
public/build/assets/it-ticket-comment-contract-BBENTCa7.js              12.19 kB │ gzip:   3.96 kB
public/build/assets/cards-view-Bm7XTNQw.js                              12.20 kB │ gzip:   4.47 kB
public/build/assets/Index-B8zDeWJE.js                                   12.21 kB │ gzip:   4.96 kB
public/build/assets/_request-dialog-DQXtEoa3.js                         12.25 kB │ gzip:   4.60 kB
public/build/assets/create-SH0IG-Ol.js                                  12.25 kB │ gzip:   4.72 kB
public/build/assets/_builder-dialog-DEOBN-6j.js                         12.27 kB │ gzip:   4.90 kB
public/build/assets/BalanceSheet-D7lgx6om.js                            12.28 kB │ gzip:   5.13 kB
public/build/assets/Index-BfmSVUuz.js                                   12.31 kB │ gzip:   5.25 kB
public/build/assets/index-C5TdywWi.js                                   12.32 kB │ gzip:   5.01 kB
public/build/assets/medications-DuB_h8SH.js                             12.35 kB │ gzip:   4.47 kB
public/build/assets/Index-B409Z6PV.js                                   12.35 kB │ gzip:   4.87 kB
public/build/assets/Index-I6riFSDE.js                                   12.38 kB │ gzip:   5.08 kB
public/build/assets/index-BnYXvBwW.js                                   12.39 kB │ gzip:   4.46 kB
public/build/assets/donor-fund-dialog-Dng4bCXN.js                       12.42 kB │ gzip:   4.44 kB
public/build/assets/time-D-wDKL8w.js                                    12.42 kB │ gzip:   5.29 kB
public/build/assets/index-CfTC7Jqb.js                                   12.43 kB │ gzip:   5.09 kB
public/build/assets/pricing-Btlzlrb-.js                                 12.44 kB │ gzip:   3.69 kB
public/build/assets/index-DtyWPtb2.js                                   12.45 kB │ gzip:   5.33 kB
public/build/assets/edit-B2qA1mvz.js                                    12.47 kB │ gzip:   4.92 kB
public/build/assets/Index-BCb338vN.js                                   12.48 kB │ gzip:   5.40 kB
public/build/assets/index-BHqfvlv2.js                                   12.49 kB │ gzip:   4.72 kB
public/build/assets/log-obligation-dialog-TZ8nbPkY.js                   12.49 kB │ gzip:   4.70 kB
public/build/assets/facilities-Di9WPNC_.js                              12.49 kB │ gzip:   5.20 kB
public/build/assets/index-CnNqZ39R.js                                   12.50 kB │ gzip:   4.84 kB
public/build/assets/Index-QsIazgUl.js                                   12.51 kB │ gzip:   5.38 kB
public/build/assets/head-office-DdfGNFyY.js                             12.51 kB │ gzip:   5.28 kB
public/build/assets/requests-D0FWQSWl.js                                12.52 kB │ gzip:   4.80 kB
public/build/assets/specialist-workspace-header-Dr5X0qv7.js             12.57 kB │ gzip:   5.56 kB
public/build/assets/_dialogs-DY2X9BLX.js                                12.57 kB │ gzip:   5.32 kB
public/build/assets/index-DxA2lKBQ.js                                   12.61 kB │ gzip:   4.47 kB
public/build/assets/index-CRJ9e2jN.js                                   12.65 kB │ gzip:   4.82 kB
public/build/assets/edit-CRyDHS8o.js                                    12.65 kB │ gzip:   4.78 kB
public/build/assets/index-Df7f0-v-.js                                   12.66 kB │ gzip:   5.22 kB
public/build/assets/Trends-aZGv-IYs.js                                  12.67 kB │ gzip:   5.20 kB
public/build/assets/geofence-draw-map-DK-pFCqb.js                       12.68 kB │ gzip:   4.86 kB
public/build/assets/Assignments-CJO12TPc.js                             12.70 kB │ gzip:   5.33 kB
public/build/assets/Diff-BC_lxpYw.js                                    12.70 kB │ gzip:   5.46 kB
public/build/assets/index-CHcQhFHN.js                                   12.71 kB │ gzip:   4.62 kB
public/build/assets/health-DD8SxKW8.js                                  12.75 kB │ gzip:   4.32 kB
public/build/assets/Review-kh0NNA5T.js                                  12.75 kB │ gzip:   4.67 kB
public/build/assets/new-po-dialog-BtGkx7oX.js                           12.75 kB │ gzip:   4.80 kB
public/build/assets/show-ckAZvRPb.js                                    12.76 kB │ gzip:   4.78 kB
public/build/assets/show-irq2_fLK.js                                    12.77 kB │ gzip:   4.53 kB
public/build/assets/index-D3tTNgeG.js                                   12.77 kB │ gzip:   5.00 kB
public/build/assets/builder-CRoEd7GY.js                                 12.81 kB │ gzip:   4.88 kB
public/build/assets/Index-BgVX0xi6.js                                   12.82 kB │ gzip:   4.77 kB
public/build/assets/Show-C-zo035p.js                                    12.85 kB │ gzip:   4.89 kB
public/build/assets/ProfitAndLoss-D0P00bDB.js                           12.86 kB │ gzip:   5.15 kB
public/build/assets/ppe-action-dialogs-Co9KaZCm.js                      12.87 kB │ gzip:   4.36 kB
public/build/assets/Index-Dh7r9z9U.js                                   12.88 kB │ gzip:   5.53 kB
public/build/assets/Index-B2eF06pW.js                                   12.88 kB │ gzip:   5.59 kB
public/build/assets/Index-qQBT2HM1.js                                   12.94 kB │ gzip:   5.66 kB
public/build/assets/privacy-9evxs-Lc.js                                 12.98 kB │ gzip:   3.80 kB
public/build/assets/index-CMre5HIP.js                                   13.02 kB │ gzip:   5.46 kB
public/build/assets/Dashboard-Y3_12Bio.js                               13.07 kB │ gzip:   5.45 kB
public/build/assets/Show-DHNRz_p2.js                                    13.09 kB │ gzip:   5.07 kB
public/build/assets/prn-wizard-DXCWbQAG.js                              13.10 kB │ gzip:   4.98 kB
public/build/assets/show-CKhii_MQ.js                                    13.10 kB │ gzip:   4.94 kB
public/build/assets/Trends-B_6z4sNQ.js                                  13.11 kB │ gzip:   5.35 kB
public/build/assets/index-CUqXZGOL.js                                   13.12 kB │ gzip:   5.40 kB
public/build/assets/playbook-wizard-D9MIKGBZ.js                         13.16 kB │ gzip:   4.59 kB
public/build/assets/Dashboard-Dg5BthWe.js                               13.16 kB │ gzip:   4.33 kB
public/build/assets/layout-0fIkAlaD.js                                  13.19 kB │ gzip:   4.24 kB
public/build/assets/Index-dN1CqDXd.js                                   13.19 kB │ gzip:   5.61 kB
public/build/assets/daily-check-BcrdydyL.js                             13.21 kB │ gzip:   5.34 kB
public/build/assets/Create-CijkECsy.js                                  13.22 kB │ gzip:   5.56 kB
public/build/assets/calendar-B9aNGpl6.js                                13.22 kB │ gzip:   5.26 kB
public/build/assets/plans-DxJdN3OC.js                                   13.23 kB │ gzip:   5.34 kB
public/build/assets/site-detail-CL1CiXc_.js                             13.23 kB │ gzip:   4.49 kB
public/build/assets/alerts-events-CH7EhFQy.js                           13.25 kB │ gzip:   5.58 kB
public/build/assets/Index-CyvsREHd.js                                   13.27 kB │ gzip:   5.61 kB
public/build/assets/show-eK7VXwHV.js                                    13.28 kB │ gzip:   5.10 kB
public/build/assets/reviews-ChDY85it.js                                 13.31 kB │ gzip:   5.13 kB
public/build/assets/Index-CNhvF6cT.js                                   13.31 kB │ gzip:   5.55 kB
public/build/assets/messaging-CpIUTbPP.js                               13.33 kB │ gzip:   4.72 kB
public/build/assets/pre-check-BcIIDv6k.js                               13.34 kB │ gzip:   5.01 kB
public/build/assets/goals-path-kAHVh_96.js                              13.35 kB │ gzip:   5.34 kB
public/build/assets/_dialogs-DwTJohVv.js                                13.39 kB │ gzip:   4.86 kB
public/build/assets/create-Dwn9UhPc.js                                  13.39 kB │ gzip:   5.20 kB
public/build/assets/_dialogs-FwSE8-OA.js                                13.39 kB │ gzip:   5.61 kB
public/build/assets/HealthMonitoring-UnHwUhXC.js                        13.40 kB │ gzip:   4.86 kB
public/build/assets/Index-XiWMKv2a.js                                   13.44 kB │ gzip:   5.86 kB
public/build/assets/_audit-dialog-ImTXdFdE.js                           13.46 kB │ gzip:   5.40 kB
public/build/assets/timesheet-review-B-poxYUf.js                        13.46 kB │ gzip:   5.02 kB
public/build/assets/_ledger-panel-Bw0iU6qU.js                           13.46 kB │ gzip:   4.24 kB
public/build/assets/unassign-make-open-dialog-D5Sdbb3W.js               13.47 kB │ gzip:   5.09 kB
public/build/assets/about-DcrSnzr_.js                                   13.50 kB │ gzip:   3.48 kB
public/build/assets/houses-LR05TcAJ.js                                  13.55 kB │ gzip:   5.66 kB
public/build/assets/digest-panel-BSpkQb0y.js                            13.56 kB │ gzip:   4.80 kB
public/build/assets/expenses-BgKk6tOx.js                                13.57 kB │ gzip:   5.24 kB
public/build/assets/index-B1HIuSH8.js                                   13.57 kB │ gzip:   5.79 kB
public/build/assets/edit-template-D1jWRwsV.js                           13.58 kB │ gzip:   5.46 kB
public/build/assets/client-D4rWsoPR.js                                  13.61 kB │ gzip:   3.89 kB
public/build/assets/Index-DkwWpRRv.js                                   13.62 kB │ gzip:   5.89 kB
public/build/assets/my-day-hero-CuamDwce.js                             13.65 kB │ gzip:   5.96 kB
public/build/assets/MyInterests-DChtlKLr.js                             13.68 kB │ gzip:   5.79 kB
public/build/assets/Index-pmLCyQ_p.js                                   13.69 kB │ gzip:   5.96 kB
public/build/assets/_dialogs-BvHFeITZ.js                                13.70 kB │ gzip:   5.13 kB
public/build/assets/terminology-DFsfCbYz.js                             13.71 kB │ gzip:   4.20 kB
public/build/assets/documents-CDut_Sl-.js                               13.72 kB │ gzip:   5.47 kB
public/build/assets/by-house-4gibfr_-.js                                13.72 kB │ gzip:   4.84 kB
public/build/assets/rule-wizard-Btg6DnwP.js                             13.75 kB │ gzip:   5.10 kB
public/build/assets/Index-Bqmrplt5.js                                   13.79 kB │ gzip:   5.81 kB
public/build/assets/Index-S8IXFxjG.js                                   13.82 kB │ gzip:   5.46 kB
public/build/assets/Index-DnJiX-FY.js                                   13.85 kB │ gzip:   5.59 kB
public/build/assets/Committee-DKy286-r.js                               13.86 kB │ gzip:   5.99 kB
public/build/assets/_recipe-edit-dialog-D6lxp8XW.js                     13.90 kB │ gzip:   4.69 kB
public/build/assets/timeline-tab-Yg_jdGZG.js                            13.94 kB │ gzip:   4.93 kB
public/build/assets/Show-CZwz3xSw.js                                    14.00 kB │ gzip:   6.02 kB
public/build/assets/map-PIPgYWOG.js                                     14.00 kB │ gzip:   5.81 kB
public/build/assets/create-DzM2ehY9.js                                  14.05 kB │ gzip:   5.35 kB
public/build/assets/show-CIE8kDat.js                                    14.09 kB │ gzip:   5.07 kB
public/build/assets/show-BH2VOenP.js                                    14.12 kB │ gzip:   4.73 kB
public/build/assets/holidays-yBSOXQZ_.js                                14.12 kB │ gzip:   5.77 kB
public/build/assets/Show-gVmAw03z.js                                    14.12 kB │ gzip:   5.51 kB
public/build/assets/Attestations-CkjkMHxD.js                            14.12 kB │ gzip:   5.81 kB
public/build/assets/index-89TAHd0z.js                                   14.16 kB │ gzip:   5.38 kB
public/build/assets/Index-BV4BuVLF.js                                   14.20 kB │ gzip:   6.21 kB
public/build/assets/audit-log-L29Ty9-5.js                               14.21 kB │ gzip:   5.74 kB
public/build/assets/_dialog-shared-BF60z_xO.js                          14.22 kB │ gzip:   5.46 kB
public/build/assets/new-vendor-dialog-CIH_4XSS.js                       14.25 kB │ gzip:   4.76 kB
public/build/assets/Terminals-Bs9VTvaC.js                               14.31 kB │ gzip:   5.93 kB
public/build/assets/task-detail-dialog-DBZjHZpQ.js                      14.34 kB │ gzip:   4.80 kB
public/build/assets/Statements-C273sKhG.js                              14.39 kB │ gzip:   5.88 kB
public/build/assets/trends-DdpSnCFE.js                                  14.40 kB │ gzip:   4.82 kB
public/build/assets/Index-BTyRgcoQ.js                                   14.41 kB │ gzip:   6.18 kB
public/build/assets/workflow-CufZPQw6.js                                14.41 kB │ gzip:   5.90 kB
public/build/assets/survey-Cg232SQp.js                                  14.44 kB │ gzip:   4.77 kB
public/build/assets/index-ClA56ZR7.js                                   14.45 kB │ gzip:   5.38 kB
public/build/assets/Index-98U9Y9YR.js                                   14.47 kB │ gzip:   6.18 kB
public/build/assets/mar-xrFgEuvD.js                                     14.48 kB │ gzip:   3.92 kB
public/build/assets/Create-DUwl4FQe.js                                  14.48 kB │ gzip:   5.66 kB
public/build/assets/index-mmrpOTdG.js                                   14.48 kB │ gzip:   5.79 kB
public/build/assets/Index-L3TYNixz.js                                   14.49 kB │ gzip:   6.39 kB
public/build/assets/Index-DSWgopI8.js                                   14.51 kB │ gzip:   6.02 kB
public/build/assets/global-CVwUTeR9.js                                  14.59 kB │ gzip:   5.52 kB
public/build/assets/Financials-BFq4oCfj.js                              14.61 kB │ gzip:   5.74 kB
public/build/assets/_commercial-Byu2yuv-.js                             14.62 kB │ gzip:   5.37 kB
public/build/assets/_dialogs-CDrDT-6o.js                                14.63 kB │ gzip:   5.81 kB
public/build/assets/index-BY34Mbxy.js                                   14.64 kB │ gzip:   5.56 kB
public/build/assets/matrix-6Uy7XTVy.js                                  14.74 kB │ gzip:   5.91 kB
public/build/assets/record-evidence-dialog-49pdCK6U.js                  14.75 kB │ gzip:   5.97 kB
public/build/assets/_dialogs-CL-rXjAC.js                                14.75 kB │ gzip:   5.61 kB
public/build/assets/show-4d9eYPfQ.js                                    14.76 kB │ gzip:   5.71 kB
public/build/assets/my-tasks-C4nu9EnC.js                                14.76 kB │ gzip:   5.78 kB
public/build/assets/run-CrsyTYPd.js                                     14.76 kB │ gzip:   5.47 kB
public/build/assets/index-D0uhORDg.js                                   14.77 kB │ gzip:   6.12 kB
public/build/assets/playback-CR8OLJRY.js                                14.79 kB │ gzip:   5.81 kB
public/build/assets/index-CnqH8hMN.js                                   14.79 kB │ gzip:   5.80 kB
public/build/assets/Show-U2Jw8_JK.js                                    14.82 kB │ gzip:   5.88 kB
public/build/assets/new-bill-dialog-CIFqVWq3.js                         14.83 kB │ gzip:   5.31 kB
public/build/assets/Show-BtR_x3mw.js                                    14.86 kB │ gzip:   6.07 kB
public/build/assets/reports-CgBsz2rq.js                                 14.91 kB │ gzip:   5.16 kB
public/build/assets/Index-DPHHwo5I.js                                   14.95 kB │ gzip:   5.51 kB
public/build/assets/show-D_eGHely.js                                    14.95 kB │ gzip:   5.49 kB
public/build/assets/CashFlow-BV__hpd3.js                                14.97 kB │ gzip:   5.89 kB
public/build/assets/Create-C4_0MeS7.js                                  14.98 kB │ gzip:   4.94 kB
public/build/assets/index-B-tl0sns.js                                   14.98 kB │ gzip:   6.05 kB
public/build/assets/Results-B4dInFs3.js                                 15.02 kB │ gzip:   6.26 kB
public/build/assets/portal-users-_H4pn9xu.js                            15.03 kB │ gzip:   6.22 kB
public/build/assets/edit-M0bfrhhc.js                                    15.08 kB │ gzip:   5.88 kB
public/build/assets/sso-groups-iq3Me39p.js                              15.11 kB │ gzip:   5.61 kB
public/build/assets/custom-fields-03GTgioi.js                           15.11 kB │ gzip:   6.12 kB
public/build/assets/index-DPT-JQG6.js                                   15.14 kB │ gzip:   6.20 kB
public/build/assets/command-centre-hero-lnNQgIkd.js                     15.18 kB │ gzip:   6.16 kB
public/build/assets/Show-CbjPqK5_.js                                    15.20 kB │ gzip:   6.39 kB
public/build/assets/overview-DZDFM4ad.js                                15.26 kB │ gzip:   5.51 kB
public/build/assets/BatchDetail-B4ev_2rT.js                             15.27 kB │ gzip:   5.89 kB
public/build/assets/create-BFWb9GZu.js                                  15.31 kB │ gzip:   5.58 kB
public/build/assets/terms-BeO2-RhL.js                                   15.36 kB │ gzip:   4.44 kB
public/build/assets/Index-wx1yXkn3.js                                   15.37 kB │ gzip:   6.32 kB
public/build/assets/Roles-Cqaf5y1D.js                                   15.39 kB │ gzip:   4.82 kB
public/build/assets/edit-ldm9V9VQ.js                                    15.39 kB │ gzip:   6.08 kB
public/build/assets/contact-jYt4ot33.js                                 15.42 kB │ gzip:   4.92 kB
public/build/assets/Show-CS_OEdBk.js                                    15.47 kB │ gzip:   6.00 kB
public/build/assets/Index-DE_-eoWR.js                                   15.47 kB │ gzip:   6.56 kB
public/build/assets/show-BQSEVl7U.js                                    15.53 kB │ gzip:   5.81 kB
public/build/assets/record-event-dialog-DqmLhIJY.js                     15.54 kB │ gzip:   5.97 kB
public/build/assets/staff-detail-Ckp2GxpW.js                            15.55 kB │ gzip:   5.91 kB
public/build/assets/bonuses-B_Or1T2_.js                                 15.55 kB │ gzip:   6.29 kB
public/build/assets/reports-DQi0fSB-.js                                 15.60 kB │ gzip:   5.95 kB
public/build/assets/payslips-CYu6jtt3.js                                15.62 kB │ gzip:   5.65 kB
public/build/assets/shift-detail-dialog-CxcOX-k_.js                     15.63 kB │ gzip:   6.05 kB
public/build/assets/daily-note-wizard-CN-zN3a2.js                       15.63 kB │ gzip:   4.78 kB
public/build/assets/index-Dp5hXQIj.js                                   15.64 kB │ gzip:   6.35 kB
public/build/assets/profile-AymTelNR.js                                 15.70 kB │ gzip:   5.61 kB
public/build/assets/Index-Dt6Y7nIP.js                                   15.72 kB │ gzip:   6.32 kB
public/build/assets/history-CLszIyfe.js                                 15.73 kB │ gzip:   5.82 kB
public/build/assets/Show-BNrYJmBn.js                                    15.75 kB │ gzip:   6.33 kB
public/build/assets/webhooks-Ds4y71w1.js                                15.76 kB │ gzip:   5.40 kB
public/build/assets/BudgetVsActuals-C9CglAJ2.js                         15.76 kB │ gzip:   6.09 kB
public/build/assets/Heatmap-B9MfeETA.js                                 15.86 kB │ gzip:   6.67 kB
public/build/assets/my-hr-shoutout-spotlight-CNU_LE66.js                15.87 kB │ gzip:   5.91 kB
public/build/assets/Batches-DkFHqVQS.js                                 15.88 kB │ gzip:   6.52 kB
public/build/assets/review-detail-DV2C_HL-.js                           15.89 kB │ gzip:   6.32 kB
public/build/assets/index-PxVDxwF-.js                                   15.95 kB │ gzip:   6.62 kB
public/build/assets/maintenance-health-B8mEozeK.js                      15.98 kB │ gzip:   6.29 kB
public/build/assets/Index-DxX-3N-k.js                                   15.99 kB │ gzip:   6.25 kB
public/build/assets/audit-CRSWWJcG.js                                   16.04 kB │ gzip:   5.96 kB
public/build/assets/Index-BfqGqMSd.js                                   16.05 kB │ gzip:   6.82 kB
public/build/assets/record-dose-wizard-CwIoXcEl.js                      16.05 kB │ gzip:   5.36 kB
public/build/assets/record-receipt-dialog-Dips30iN.js                   16.12 kB │ gzip:   5.59 kB
public/build/assets/leaflet-map-MIvhSTG0.js                             16.13 kB │ gzip:   5.72 kB
public/build/assets/index-BNo7w4KS.js                                   16.14 kB │ gzip:   6.42 kB
public/build/assets/policy-wizards-Ibo7F0HF.js                          16.17 kB │ gzip:   5.57 kB
public/build/assets/Index-D3hS3970.js                                   16.27 kB │ gzip:   6.83 kB
public/build/assets/matrix-Bfn1gJw4.js                                  16.28 kB │ gzip:   6.33 kB
public/build/assets/appearance-7yWd696B.js                              16.30 kB │ gzip:   5.01 kB
public/build/assets/incidents-5RqOouAL.js                               16.32 kB │ gzip:   6.03 kB
public/build/assets/risk-management-KyQfHZhY.js                         16.35 kB │ gzip:   6.27 kB
public/build/assets/Assessments-BlN5G4m7.js                             16.39 kB │ gzip:   6.43 kB
public/build/assets/Show-DpJPLk12.js                                    16.39 kB │ gzip:   6.42 kB
public/build/assets/record-abc-dialog-DVGs6Aek.js                       16.39 kB │ gzip:   5.81 kB
public/build/assets/Index-BVPSW768.js                                   16.41 kB │ gzip:   6.34 kB
public/build/assets/breaches-CEiJxKUV.js                                16.42 kB │ gzip:   5.75 kB
public/build/assets/RunResults-CoZy-V8t.js                              16.44 kB │ gzip:   6.17 kB
public/build/assets/show-5o60O6sd.js                                    16.49 kB │ gzip:   6.58 kB
public/build/assets/index-CdhFRaCS.js                                   16.52 kB │ gzip:   6.62 kB
public/build/assets/Settings-3SBt-5nA.js                                16.55 kB │ gzip:   6.21 kB
public/build/assets/show-BsBRH1q2.js                                    16.56 kB │ gzip:   5.62 kB
public/build/assets/Show-Bdn1lnLG.js                                    16.59 kB │ gzip:   6.53 kB
public/build/assets/notification-defaults-UO_bcSPm.js                   16.62 kB │ gzip:   5.92 kB
public/build/assets/index-DtG_zFDu.js                                   16.66 kB │ gzip:   6.49 kB
public/build/assets/Index-BlRSbWg5.js                                   16.68 kB │ gzip:   6.63 kB
public/build/assets/observations-CjY0tQuA.js                            16.70 kB │ gzip:   6.20 kB
public/build/assets/boundary-wizard-DvBMxWKU.js                         16.72 kB │ gzip:   6.43 kB
public/build/assets/location-B2pTJJCH.js                                16.73 kB │ gzip:   6.01 kB
public/build/assets/Show-DpKUYxNI.js                                    16.81 kB │ gzip:   6.95 kB
public/build/assets/charts-DPqRB54j.js                                  16.83 kB │ gzip:   5.55 kB
public/build/assets/Protocols-CfxeMieQ.js                               16.86 kB │ gzip:   6.23 kB
public/build/assets/documents-BPy9EyxR.js                               16.86 kB │ gzip:   6.66 kB
public/build/assets/leave-BrO1rAvb.js                                   16.88 kB │ gzip:   7.06 kB
public/build/assets/Index-DYhapAlA.js                                   16.88 kB │ gzip:   6.90 kB
public/build/assets/Show-BGlTtakM.js                                    16.88 kB │ gzip:   5.82 kB
public/build/assets/Index-BcIyXNYX.js                                   16.89 kB │ gzip:   6.95 kB
public/build/assets/note-detail-dialog-Bju_gK88.js                      16.91 kB │ gzip:   5.80 kB
public/build/assets/api-a0Fu0ncE.js                                     16.93 kB │ gzip:   5.16 kB
public/build/assets/Index-BmB8JzCK.js                                   16.99 kB │ gzip:   6.66 kB
public/build/assets/cost-allocation-C6DWZlsn.js                         17.07 kB │ gzip:   6.11 kB
public/build/assets/edit-tJ2bIjIR.js                                    17.11 kB │ gzip:   6.32 kB
public/build/assets/family-notes-2njfHlRA.js                            17.12 kB │ gzip:   6.35 kB
public/build/assets/index-Cm8j_mlO.js                                   17.12 kB │ gzip:   6.69 kB
public/build/assets/Index-C2IzE0EO.js                                   17.16 kB │ gzip:   6.19 kB
public/build/assets/Index-vvQTD1B6.js                                   17.21 kB │ gzip:   7.09 kB
public/build/assets/create-CZ0ZZm00.js                                  17.21 kB │ gzip:   6.02 kB
public/build/assets/maintenance-Dnl1lt_y.js                             17.29 kB │ gzip:   6.47 kB
public/build/assets/leave-hub-tabs-BcaN-FZE.js                          17.30 kB │ gzip:   5.81 kB
public/build/assets/_dialogs-BDMvrfab.js                                17.31 kB │ gzip:   6.48 kB
public/build/assets/worklists-BE_chWz4.js                               17.31 kB │ gzip:   5.86 kB
public/build/assets/Index-B6NgwkgB.js                                   17.34 kB │ gzip:   7.22 kB
public/build/assets/week-picker-B14KI97U.js                             17.40 kB │ gzip:   6.73 kB
public/build/assets/view-timesheet-dialog-BTZuW8pA.js                   17.49 kB │ gzip:   4.84 kB
public/build/assets/handover-detail-dialog-LB0Wwpp2.js                  17.50 kB │ gzip:   5.94 kB
public/build/assets/Index-Ds_OD4Jm.js                                   17.63 kB │ gzip:   7.48 kB
public/build/assets/index-mFeYUaog.js                                   17.63 kB │ gzip:   6.72 kB
public/build/assets/index-LwyOwxeb.js                                   17.64 kB │ gzip:   5.93 kB
public/build/assets/_overview-dialogs-BkyCGrS_.js                       17.65 kB │ gzip:   5.35 kB
public/build/assets/show-CJPJvB0B.js                                    17.71 kB │ gzip:   4.43 kB
public/build/assets/edit-BgqPLXfE.js                                    17.87 kB │ gzip:   6.45 kB
public/build/assets/substance-wizard-dialog-BchyeCVE.js                 17.90 kB │ gzip:   6.30 kB
public/build/assets/index-BPBrzjIH.js                                   17.90 kB │ gzip:   6.90 kB
public/build/assets/show-CgLf81wU.js                                    17.91 kB │ gzip:   6.40 kB
public/build/assets/Index-D2n5tDY1.js                                   17.97 kB │ gzip:   7.33 kB
public/build/assets/security-BNwe9_xi.js                                17.99 kB │ gzip:   6.21 kB
public/build/assets/reports-DafWFdbM.js                                 18.01 kB │ gzip:   6.32 kB
public/build/assets/Show-p4PHuE8o.js                                    18.02 kB │ gzip:   6.08 kB
public/build/assets/Index-BcYYYOKx.js                                   18.02 kB │ gzip:   7.30 kB
public/build/assets/show-BXxArRsN.js                                    18.02 kB │ gzip:   6.62 kB
public/build/assets/show-DezoVvdO.js                                    18.03 kB │ gzip:   6.57 kB
public/build/assets/index-Btv0s268.js                                   18.07 kB │ gzip:   2.18 kB
public/build/assets/health-clinical-shell-C60HCzcq.js                   18.07 kB │ gzip:   7.16 kB
public/build/assets/index-DjDVuClV.js                                   18.07 kB │ gzip:   4.73 kB
public/build/assets/shift-coverage-C6KUdx7h.js                          18.17 kB │ gzip:   6.42 kB
public/build/assets/Show-Ctif8Cn1.js                                    18.20 kB │ gzip:   7.00 kB
public/build/assets/Show-zDYamvs_.js                                    18.21 kB │ gzip:   7.33 kB
public/build/assets/daily-notes-DuvmQD5q.js                             18.21 kB │ gzip:   6.71 kB
public/build/assets/_dialogs-r-9YtWkR.js                                18.24 kB │ gzip:   6.68 kB
public/build/assets/payslip-detail-BAJV1n-B.js                          18.24 kB │ gzip:   6.08 kB
public/build/assets/dashboard-B7pAJ2rL.js                               18.25 kB │ gzip:   6.94 kB
public/build/assets/Edit-DxdOGcYK.js                                    18.26 kB │ gzip:   6.97 kB
public/build/assets/operational-map-CyQ92QYm.js                         18.28 kB │ gzip:   6.18 kB
public/build/assets/book-vehicle-wizard-BFJ1HsLz.js                     18.31 kB │ gzip:   5.54 kB
public/build/assets/Show-BzQ09I0S.js                                    18.36 kB │ gzip:   7.15 kB
public/build/assets/Show-BpHNBR0c.js                                    18.45 kB │ gzip:   7.40 kB
public/build/assets/announcement-wizard-BV4ZSL_b.js                     18.46 kB │ gzip:   6.36 kB
public/build/assets/index-Cv_1fZ1G.js                                   18.52 kB │ gzip:   6.54 kB
public/build/assets/schedule-DZdqKARa.js                                18.62 kB │ gzip:   6.37 kB
public/build/assets/directory-cRDBqo_9.js                               18.62 kB │ gzip:   6.29 kB
public/build/assets/create-wizard-BqiZfYLy.js                           18.69 kB │ gzip:   6.50 kB
public/build/assets/index-D0WcTHLM.js                                   18.71 kB │ gzip:   7.23 kB
public/build/assets/show-r5aknhFM.js                                    18.75 kB │ gzip:   6.82 kB
public/build/assets/chains-BRMTSHjx.js                                  18.79 kB │ gzip:   6.62 kB
public/build/assets/ppe-detail-dialog-BUHmh5jQ.js                       18.80 kB │ gzip:   6.40 kB
public/build/assets/show-review-D_r1eYH9.js                             18.85 kB │ gzip:   6.80 kB
public/build/assets/_recipes-panel-8pis7K7P.js                          18.90 kB │ gzip:   6.00 kB
public/build/assets/audit-logs-QBzQ6tjr.js                              18.92 kB │ gzip:   7.15 kB
public/build/assets/_dialogs-DPXgVKau.js                                19.07 kB │ gzip:   6.15 kB
public/build/assets/goals-D0LfU-4j.js                                   19.23 kB │ gzip:   6.67 kB
public/build/assets/integrations-Czao0nQW.js                            19.25 kB │ gzip:   6.66 kB
public/build/assets/show-C4oFoUgw.js                                    19.26 kB │ gzip:   7.10 kB
public/build/assets/edit-BWa5toDz.js                                    19.30 kB │ gzip:   6.88 kB
public/build/assets/two-factor-DsI_XWYh.js                              19.33 kB │ gzip:   7.18 kB
public/build/assets/index-CqTu1uj-.js                                   19.36 kB │ gzip:   6.64 kB
public/build/assets/_dialogs-C5dVCf6i.js                                19.43 kB │ gzip:   7.21 kB
public/build/assets/escalations-Bnbj4OCU.js                             19.51 kB │ gzip:   8.13 kB
public/build/assets/_templates-panel-BKEKTlQJ.js                        19.54 kB │ gzip:   6.00 kB
public/build/assets/calendar-sync-7LCkQN5P.js                           19.54 kB │ gzip:   7.39 kB
public/build/assets/index-PrCvCxMn.js                                   19.56 kB │ gzip:   7.45 kB
public/build/assets/Shifts-CjZXFe3I.js                                  19.56 kB │ gzip:   7.11 kB
public/build/assets/show-BJ93Ju6S.js                                    19.62 kB │ gzip:   6.78 kB
public/build/assets/training-q3debnci.js                                19.64 kB │ gzip:   6.50 kB
public/build/assets/Index-CCFRXODK.js                                   19.68 kB │ gzip:   8.21 kB
public/build/assets/show-B4SsIYPW.js                                    19.69 kB │ gzip:   7.43 kB
public/build/assets/Behaviour-_CUKE-2u.js                               19.81 kB │ gzip:   6.94 kB
public/build/assets/Show-BJF1eHnB.js                                    19.82 kB │ gzip:   7.79 kB
public/build/assets/Show-JX44h_mW.js                                    19.89 kB │ gzip:   7.66 kB
public/build/assets/index-BE00_UKs.js                                   19.92 kB │ gzip:   7.75 kB
public/build/assets/_dialogs-Dv3v3km_.js                                19.97 kB │ gzip:   7.02 kB
public/build/assets/features-DGXogpZ1.js                                19.98 kB │ gzip:   5.22 kB
public/build/assets/Show-CP6c2Cw9.js                                    20.00 kB │ gzip:   7.71 kB
public/build/assets/index-D3T5BYBC.js                                   20.01 kB │ gzip:   7.41 kB
public/build/assets/edit-1vfQQAXU.js                                    20.21 kB │ gzip:   7.52 kB
public/build/assets/broadcast-D1HCZr5f.js                               20.27 kB │ gzip:   7.81 kB
public/build/assets/dashboard-DUB202YT.js                               20.30 kB │ gzip:   7.51 kB
public/build/assets/index-DhthLy0Y.js                                   20.30 kB │ gzip:   7.32 kB
public/build/assets/index-Bw_sEThT.js                                   20.32 kB │ gzip:   7.04 kB
public/build/assets/stats-CvaPiqQn.js                                   20.34 kB │ gzip:   6.48 kB
public/build/assets/fixed-asset-dispose-dialog-BvNhCEOy.js              20.44 kB │ gzip:   6.68 kB
public/build/assets/show-BwxFUPGG.js                                    20.52 kB │ gzip:   7.55 kB
public/build/assets/note-wizard-Dvfpsts3.js                             20.54 kB │ gzip:   6.60 kB
public/build/assets/_library-dialogs-D-xez-Ct.js                        20.59 kB │ gzip:   5.60 kB
public/build/assets/medications-C_n8o9Q8.js                             20.61 kB │ gzip:   7.22 kB
public/build/assets/shifts-BTbhPQQy.js                                  20.62 kB │ gzip:   6.78 kB
public/build/assets/_error-dialogs-B58EWCwb.js                          20.68 kB │ gzip:   7.30 kB
public/build/assets/calendar-CGqGs18O.js                                20.77 kB │ gzip:   6.77 kB
public/build/assets/shift-notes-dialog-C-5Jn8-h.js                      20.84 kB │ gzip:   7.80 kB
public/build/assets/Index-CuT-Ikwn.js                                   20.96 kB │ gzip:   8.68 kB
public/build/assets/record-observation-dialog-6dwKOyez.js               20.96 kB │ gzip:   8.10 kB
public/build/assets/show-BBDY-ebB.js                                    20.97 kB │ gzip:   7.11 kB
public/build/assets/history-DQx65lly.js                                 20.99 kB │ gzip:   7.28 kB
public/build/assets/index-BZr9DUz-.js                                   21.02 kB │ gzip:   8.58 kB
public/build/assets/create-D9E6Qnxz.js                                  21.06 kB │ gzip:   6.06 kB
public/build/assets/index-BlA9Yl54.js                                   21.10 kB │ gzip:   7.69 kB
public/build/assets/map-DPMKg0se.js                                     21.11 kB │ gzip:   6.61 kB
public/build/assets/add-device-dialog-DgAvcLNH.js                       21.12 kB │ gzip:   7.34 kB
public/build/assets/balances-BTeR-IDV.js                                21.13 kB │ gzip:   8.48 kB
public/build/assets/Show-DfHpvLaJ.js                                    21.19 kB │ gzip:   8.06 kB
public/build/assets/create-Bwj11A_z.js                                  21.22 kB │ gzip:   7.13 kB
public/build/assets/show-BFuj53g0.js                                    21.32 kB │ gzip:   7.51 kB
public/build/assets/show-B3-mhGlN.js                                    21.36 kB │ gzip:   7.77 kB
public/build/assets/index-DNry18Hd.js                                   21.61 kB │ gzip:   7.37 kB
public/build/assets/_dialogs-CxDTYLI-.js                                21.64 kB │ gzip:   7.66 kB
public/build/assets/parts-CZbf0hmW.js                                   21.65 kB │ gzip:   6.76 kB
public/build/assets/Events-C3dMY5q6.js                                  21.70 kB │ gzip:   7.97 kB
public/build/assets/Index-Du2WybXr.js                                   21.73 kB │ gzip:   8.36 kB
public/build/assets/performance-wizards-DHGD3r1A.js                     21.79 kB │ gzip:   7.44 kB
public/build/assets/index-DXjZbIWM.js                                   21.89 kB │ gzip:   8.03 kB
public/build/assets/review-builder-dialog-v2kxZUpx.js                   21.89 kB │ gzip:   7.70 kB
public/build/assets/create-B_y-bMOz.js                                  21.89 kB │ gzip:   8.71 kB
public/build/assets/calendar-q_mQA3nf.js                                21.90 kB │ gzip:   6.84 kB
public/build/assets/edit-CXvOU-HY.js                                    21.94 kB │ gzip:   7.36 kB
public/build/assets/Index-C2C9-pWD.js                                   21.98 kB │ gzip:   8.46 kB
public/build/assets/ppe-create-wizards-BiWm2BrA.js                      22.05 kB │ gzip:   7.38 kB
public/build/assets/incidents-DD1rZT6s.js                               22.20 kB │ gzip:   8.33 kB
public/build/assets/create-DtFHu1Fd.js                                  22.23 kB │ gzip:   7.42 kB
public/build/assets/home-BwjJqFVh.js                                    22.25 kB │ gzip:   5.37 kB
public/build/assets/show-C81fzMwG.js                                    22.45 kB │ gzip:   7.39 kB
public/build/assets/leave-request-dialog-DEyudZJF.js                    22.51 kB │ gzip:   7.53 kB
public/build/assets/Index-BhrnfTWQ.js                                   22.60 kB │ gzip:   8.51 kB
public/build/assets/payslips-XJonc4Gq.js                                22.60 kB │ gzip:   6.73 kB
public/build/assets/_dialogs-C7GIBlm8.js                                22.81 kB │ gzip:   8.46 kB
public/build/assets/incidents-COgjY1LR.js                               22.87 kB │ gzip:   8.51 kB
public/build/assets/personal-details-DGOvyBHB.js                        22.99 kB │ gzip:   7.96 kB
public/build/assets/Show-TCmBtZqT.js                                    23.03 kB │ gzip:   8.56 kB
public/build/assets/notifications-gAovIW5J.js                           23.12 kB │ gzip:   8.28 kB
public/build/assets/Show-Be7jNM94.js                                    23.13 kB │ gzip:   7.92 kB
public/build/assets/_competency-dialogs-_WNnH03c.js                     23.20 kB │ gzip:   7.76 kB
public/build/assets/resident-sidebar-Cp1AgWuG.js                        23.21 kB │ gzip:   8.33 kB
public/build/assets/Index-CPd3gOuQ.js                                   23.29 kB │ gzip:   7.73 kB
public/build/assets/index-PmA13nKj.js                                   23.32 kB │ gzip:   8.08 kB
public/build/assets/Show-n6XgSNB8.js                                    23.39 kB │ gzip:   8.58 kB
public/build/assets/unifi-Dy1ZAthe.js                                   23.43 kB │ gzip:   7.12 kB
public/build/assets/show-Y1n0UZAQ.js                                    23.46 kB │ gzip:   7.64 kB
public/build/assets/create-wizard-B7GxYqoV.js                           23.48 kB │ gzip:   8.18 kB
public/build/assets/Show-09DWk2G0.js                                    23.50 kB │ gzip:   8.98 kB
public/build/assets/Index-C4oFEA9N.js                                   23.75 kB │ gzip:   9.21 kB
public/build/assets/one-DyN2QI7n.js                                     23.95 kB │ gzip:   8.27 kB
public/build/assets/_dialogs-BpT-ekNX.js                                23.99 kB │ gzip:   8.98 kB
public/build/assets/analytics-charts-ocQNcXnj.js                        24.03 kB │ gzip:   6.47 kB
public/build/assets/Index-BHjwJ7YR.js                                   24.19 kB │ gzip:   8.52 kB
public/build/assets/page-hero-Dl7Pnna6.js                               24.23 kB │ gzip:   7.29 kB
public/build/assets/Create-CosI7Myk.js                                  24.24 kB │ gzip:   7.93 kB
public/build/assets/ResolutionResultCard-DHLcBJ0f.js                    24.31 kB │ gzip:   8.93 kB
public/build/assets/mar-governance-dialogs-BRxclJAP.js                  24.32 kB │ gzip:   7.56 kB
public/build/assets/automations-CCFggZTV.js                             24.75 kB │ gzip:   7.60 kB
public/build/assets/restraint-event-wizard-bQt1XN5L.js                  24.76 kB │ gzip:   8.04 kB
public/build/assets/Show-CXPJtHLs.js                                    24.76 kB │ gzip:  10.00 kB
public/build/assets/show-B6EXa2yy.js                                    24.79 kB │ gzip:   7.82 kB
public/build/assets/governance-labels-CJgR2U5s.js                       24.81 kB │ gzip:   8.17 kB
public/build/assets/Show-B3y3MjuO.js                                    24.92 kB │ gzip:   8.75 kB
public/build/assets/Show-CVBomNy3.js                                    25.00 kB │ gzip:   9.63 kB
public/build/assets/Reconcile-CijVftsE.js                               25.03 kB │ gzip:   8.87 kB
public/build/assets/_review-dialogs-EAsSXHyX.js                         25.05 kB │ gzip:   7.96 kB
public/build/assets/index-BFmgYBY_.js                                   25.07 kB │ gzip:   8.18 kB
public/build/assets/objective-wizard-DYnZt-hf.js                        25.18 kB │ gzip:   7.13 kB
public/build/assets/Medications-BSp93eSQ.js                             25.25 kB │ gzip:   9.17 kB
public/build/assets/Index-DQXTYOUf.js                                   25.42 kB │ gzip:   7.88 kB
public/build/assets/Show-CbjGPFsG.js                                    25.43 kB │ gzip:   9.75 kB
public/build/assets/sso-DWekZ-s2.js                                     25.52 kB │ gzip:   7.97 kB
public/build/assets/index-Ch93KD5c.js                                   25.53 kB │ gzip:   9.65 kB
public/build/assets/index-DcBEwgJv.js                                   25.53 kB │ gzip:   8.90 kB
public/build/assets/it-mailbox-h7W3AU29.js                              25.64 kB │ gzip:   8.72 kB
public/build/assets/milesight-dfTMc4Sz.js                               25.89 kB │ gzip:   8.50 kB
public/build/assets/create-offer-hXKZ2rPC.js                            25.93 kB │ gzip:   8.80 kB
public/build/assets/dashboard-8bXuXoQU.js                               26.06 kB │ gzip:   8.05 kB
public/build/assets/vendor-utils-Dr6D9L7d.js                            26.13 kB │ gzip:   8.47 kB
public/build/assets/Index-2sXqDAEu.js                                   26.17 kB │ gzip:   9.73 kB
public/build/assets/record-assessment-dialog-TCbF9d5T.js                26.21 kB │ gzip:   9.51 kB
public/build/assets/documents-wizards-BAPe8DP2.js                       26.26 kB │ gzip:   9.26 kB
public/build/assets/show-lQdWsvcz.js                                    26.34 kB │ gzip:   8.95 kB
public/build/assets/_dialogs-DgNj-dg9.js                                26.35 kB │ gzip:   8.33 kB
public/build/assets/index-DlrvyF70.js                                   26.36 kB │ gzip:   9.00 kB
public/build/assets/transport-medication-dialogs-Xz_pdeTR.js            26.38 kB │ gzip:   6.09 kB
public/build/assets/show-BRpQV1cO.js                                    26.53 kB │ gzip:   7.66 kB
public/build/assets/Handovers-Czice1lC.js                               26.68 kB │ gzip:  10.42 kB
public/build/assets/_workspace-dialogs-4ybzHKZ-.js                      26.83 kB │ gzip:   8.78 kB
public/build/assets/create-N7AG_8wC.js                                  26.91 kB │ gzip:   7.53 kB
public/build/assets/index-CeT80WfR.js                                   27.00 kB │ gzip:   9.56 kB
public/build/assets/index-Bepv_EJJ.js                                   27.12 kB │ gzip:   9.67 kB
public/build/assets/show-Cn-zRBzq.js                                    27.16 kB │ gzip:   9.05 kB
public/build/assets/index-B23y-KGc.js                                   27.31 kB │ gzip:   9.46 kB
public/build/assets/SelfAdmin-B426QsUg.js                               27.42 kB │ gzip:   9.09 kB
public/build/assets/provisioning-command-dialog-DBNEaMx_.js             27.65 kB │ gzip:  10.76 kB
public/build/assets/show-DkUJggyA.js                                    27.66 kB │ gzip:   9.76 kB
public/build/assets/care-support-plan-DfYlOmJq.js                       27.67 kB │ gzip:   9.14 kB
public/build/assets/Index-Bc-9Gg5k.js                                   27.72 kB │ gzip:  10.42 kB
public/build/assets/dashboard-DnseToLt.js                               27.78 kB │ gzip:   7.78 kB
public/build/assets/index-DGRVvxRO.js                                   27.81 kB │ gzip:   9.77 kB
public/build/assets/index-BUD65qUo.js                                   27.85 kB │ gzip:   9.32 kB
public/build/assets/edit-BEvTgeGN.js                                    27.91 kB │ gzip:   9.29 kB
public/build/assets/asset-wizard-dialog-CqY2aEj8.js                     28.04 kB │ gzip:   9.40 kB
public/build/assets/smart-monitoring-CX36lKu9.js                        28.05 kB │ gzip:   6.48 kB
public/build/assets/Index-B7dakyIf.js                                   28.08 kB │ gzip:  10.41 kB
public/build/assets/index-BjhD6n_A.js                                   28.25 kB │ gzip:   9.17 kB
public/build/assets/show-KkOGgX7p.js                                    28.41 kB │ gzip:   9.97 kB
public/build/assets/index-CS8WahVS.js                                   28.52 kB │ gzip:   9.17 kB
public/build/assets/show-fFocjdma.js                                    28.73 kB │ gzip:   8.53 kB
public/build/assets/show-iM1W2SmM.js                                    28.74 kB │ gzip:  10.30 kB
public/build/assets/index-Dzqmc00Y.js                                   28.77 kB │ gzip:   8.65 kB
public/build/assets/_self-admin-dialogs-DWsVblxz.js                     28.81 kB │ gzip:   9.49 kB
public/build/assets/Show-CT7Ngw2q.js                                    29.01 kB │ gzip:   9.11 kB
public/build/assets/Create-uPbD02N0.js                                  29.07 kB │ gzip:  10.15 kB
public/build/assets/guided-round-dialog-CK7LG_ZF.js                     29.15 kB │ gzip:   9.60 kB
public/build/assets/templates-Dy2sWlYI.js                               29.63 kB │ gzip:  10.53 kB
public/build/assets/documents-C8mBedqm.js                               29.66 kB │ gzip:   9.22 kB
public/build/assets/index-Cqhaxnt8.js                                   29.93 kB │ gzip:   9.80 kB
public/build/assets/_dialogs-gw5m8AjC.js                                30.04 kB │ gzip:  10.02 kB
public/build/assets/run-modal-DUN8HBto.js                               30.05 kB │ gzip:  10.27 kB
public/build/assets/page-header-BHP6XfRl.js                             30.13 kB │ gzip:   9.17 kB
public/build/assets/procedure-detail-dialog-R6IwKd9B.js                 30.20 kB │ gzip:   9.63 kB
public/build/assets/show-BM3xHgcW.js                                    30.29 kB │ gzip:   9.81 kB
public/build/assets/_dialogs-31khCnWp.js                                30.39 kB │ gzip:   9.20 kB
public/build/assets/Show-CVUHd1Cu.js                                    30.55 kB │ gzip:  11.01 kB
public/build/assets/_dialogs-ogiiNiZs.js                                30.56 kB │ gzip:  10.94 kB
public/build/assets/Competency-C1eO3GRx.js                              30.57 kB │ gzip:  10.29 kB
public/build/assets/MedicationErrors-DOgL8KAe.js                        30.83 kB │ gzip:  11.21 kB
public/build/assets/_hero-B7WQtB2_.js                                   30.97 kB │ gzip:   9.78 kB
public/build/assets/access-m6UkUPrH.js                                  31.10 kB │ gzip:  10.21 kB
public/build/assets/_shopping-list-panel-CAFD60zT.js                    31.35 kB │ gzip:  11.01 kB
public/build/assets/index-Du3iPvgE.js                                   31.36 kB │ gzip:  10.75 kB
public/build/assets/Reviews-D7n2q1Vj.js                                 31.74 kB │ gzip:  10.44 kB
public/build/assets/_dialogs-CFl23y4z.js                                31.87 kB │ gzip:   9.50 kB
public/build/assets/_stock-dialogs-C1cuZQ9h.js                          31.91 kB │ gzip:   9.54 kB
public/build/assets/notification-escalations-C3zTxkTn.js                32.13 kB │ gzip:  10.02 kB
public/build/assets/email-settings-DqB7SMDh.js                          32.23 kB │ gzip:  10.33 kB
public/build/assets/access-CAqDgmkH.js                                  32.54 kB │ gzip:  11.60 kB
public/build/assets/index-BWiLdVbd.js                                   32.91 kB │ gzip:  11.95 kB
public/build/assets/_dialogs-BJWNTHiH.js                                33.24 kB │ gzip:  10.69 kB
public/build/assets/Show-CTKFzzwq.js                                    33.25 kB │ gzip:  11.66 kB
public/build/assets/Show-DglNn33x.js                                    33.57 kB │ gzip:  11.74 kB
public/build/assets/index-BQYO--83.js                                   33.60 kB │ gzip:  11.58 kB
public/build/assets/index-Cpep8Td7.js                                   34.00 kB │ gzip:  11.61 kB
public/build/assets/index-CdVUuNJt.js                                   34.37 kB │ gzip:  12.24 kB
public/build/assets/show-DeJH9KwU.js                                    34.77 kB │ gzip:  10.66 kB
public/build/assets/Destructions-3eXTo-3W.js                            34.78 kB │ gzip:  12.44 kB
public/build/assets/medical-C1vtFgon.js                                 34.85 kB │ gzip:   7.87 kB
public/build/assets/_prescription-dialogs-W5QAKWcT.js                   35.13 kB │ gzip:   9.94 kB
public/build/assets/index-CvttR37v.js                                   35.13 kB │ gzip:  11.92 kB
public/build/assets/Index-fOgzH_hs.js                                   35.24 kB │ gzip:  11.56 kB
public/build/assets/_cd-dialogs-BMH156BY.js                             35.36 kB │ gzip:   9.45 kB
public/build/assets/documents-DDxz9p2Y.js                               35.50 kB │ gzip:  11.42 kB
public/build/assets/index-BmNb1ppP.js                                   35.80 kB │ gzip:  12.41 kB
public/build/assets/index-Ds8Iu8WX.js                                   36.53 kB │ gzip:  11.75 kB
public/build/assets/messages-tNd9gH2m.js                                36.59 kB │ gzip:  11.87 kB
public/build/assets/reviews-3U71Zpga.js                                 36.75 kB │ gzip:  11.56 kB
public/build/assets/index-BmbKnY0F.js                                   37.11 kB │ gzip:  13.94 kB
public/build/assets/handover-DNMuJ0aM.js                                37.33 kB │ gzip:  11.81 kB
public/build/assets/Create-CJxPKY8-.js                                  37.34 kB │ gzip:  12.09 kB
public/build/assets/index-BUUGhAgJ.js                                   37.67 kB │ gzip:  11.76 kB
public/build/assets/_inspector-DQ3jfBlI.js                              37.97 kB │ gzip:  11.55 kB
public/build/assets/documents-gC8b83_z.js                               37.99 kB │ gzip:  12.58 kB
public/build/assets/Dashboard-Dyp0gN3x.js                               38.02 kB │ gzip:  14.30 kB
public/build/assets/index-CgbcSP3n.js                                   38.09 kB │ gzip:  14.57 kB
public/build/assets/Show-Cva8BghG.js                                    38.10 kB │ gzip:  14.44 kB
public/build/assets/global-B8sjrOV3.js                                  38.38 kB │ gzip:  12.88 kB
public/build/assets/hazard-register-Co0XQc1U.js                         38.49 kB │ gzip:  12.71 kB
public/build/assets/Reports-CPEyUjd3.js                                 38.54 kB │ gzip:  12.91 kB
public/build/assets/Show-BxoTxSDK.js                                    39.45 kB │ gzip:  11.40 kB
public/build/assets/index-BhAUPgqh.js                                   39.49 kB │ gzip:  13.02 kB
public/build/assets/index-BPixXPI-.js                                   39.96 kB │ gzip:  13.08 kB
public/build/assets/index-BGPByH8X.js                                   40.25 kB │ gzip:  12.95 kB
public/build/assets/index-CewFiKiX.js                                   40.33 kB │ gzip:  13.82 kB
public/build/assets/case-wizards-DPATsjGG.js                            40.74 kB │ gzip:  11.63 kB
public/build/assets/compliance-wizards-qzYoUt1Q.js                      40.85 kB │ gzip:  12.73 kB
public/build/assets/index-Cf5-TwIM.js                                   40.87 kB │ gzip:  14.71 kB
public/build/assets/index-DImQxccd.js                                   40.92 kB │ gzip:  13.36 kB
public/build/assets/index-Cj9Q_EHN.js                                   41.27 kB │ gzip:  14.36 kB
public/build/assets/_dialogs-DhpA-gYQ.js                                41.37 kB │ gzip:  12.04 kB
public/build/assets/index-OO_Keda_.js                                   41.48 kB │ gzip:  14.10 kB
public/build/assets/bands-C7uRlWux.js                                   41.56 kB │ gzip:  14.32 kB
public/build/assets/Edit-evWGvCKV.js                                    41.79 kB │ gzip:  13.32 kB
public/build/assets/profile-cb877bZL.js                                 41.91 kB │ gzip:  14.13 kB
public/build/assets/index-5WN0J9EV.js                                   41.92 kB │ gzip:  15.14 kB
public/build/assets/discovery-DxPBRxPG.js                               42.52 kB │ gzip:  12.95 kB
public/build/assets/app-layout-CLA14jkM.js                              42.65 kB │ gzip:  13.33 kB
public/build/assets/index-BNvlDlJD.js                                   42.72 kB │ gzip:  13.78 kB
public/build/assets/sso-config-DBziCuSz.js                              42.75 kB │ gzip:  13.91 kB
public/build/assets/handover-wizard-BkXf7BnB.js                         43.04 kB │ gzip:  13.62 kB
public/build/assets/core.esm-D5j4X1h1.js                                43.17 kB │ gzip:  14.39 kB
public/build/assets/service-contexts-DEBPNFTf.js                        43.68 kB │ gzip:  13.98 kB
public/build/assets/_dialogs-DmaqP1b6.js                                43.77 kB │ gzip:  14.05 kB
public/build/assets/StockManagement-D2VxivqJ.js                         43.82 kB │ gzip:  13.09 kB
public/build/assets/show-BC5A7TcE.js                                    44.20 kB │ gzip:  14.93 kB
public/build/assets/Dashboard-BLaWRCjv.js                               44.21 kB │ gzip:  10.84 kB
public/build/assets/show-CnbnaMk7.js                                    44.21 kB │ gzip:  14.93 kB
public/build/assets/Index-DiZs9Jg0.js                                   44.22 kB │ gzip:  15.18 kB
public/build/assets/_canvas-bWIdNraj.js                                 44.48 kB │ gzip:  12.88 kB
public/build/assets/branding-2idrluiU.js                                44.74 kB │ gzip:  13.97 kB
public/build/assets/asset-wizards-CnFziR_g.js                           45.18 kB │ gzip:  13.10 kB
public/build/assets/AuditLog-BzBLrpVG.js                                45.26 kB │ gzip:  15.25 kB
public/build/assets/index-Dlj5LzPS.js                                   45.53 kB │ gzip:  12.97 kB
public/build/assets/MarCharts-CKJ4Vz7q.js                               45.65 kB │ gzip:  15.78 kB
public/build/assets/Prescriptions-Y_k3wtK2.js                           46.31 kB │ gzip:  14.05 kB
public/build/assets/show-BFn_NLpG.js                                    46.44 kB │ gzip:  13.88 kB
public/build/assets/incident-detail-dialog-DD5_Yuzx.js                  47.33 kB │ gzip:  14.30 kB
public/build/assets/drill-detail-dialog-DCrsl2_B.js                     47.88 kB │ gzip:  13.52 kB
public/build/assets/Rounds-DCCoAnSi.js                                  48.20 kB │ gzip:  15.14 kB
public/build/assets/incident-report-dialog-DeqnoJq0.js                  48.28 kB │ gzip:  15.87 kB
public/build/assets/_dialogs-CLqATUPZ.js                                48.54 kB │ gzip:  14.35 kB
public/build/assets/index-TbXY6Jfr.js                                   48.87 kB │ gzip:  15.61 kB
public/build/assets/create-shift-dialog-Bmgg1BmV.js                     49.10 kB │ gzip:  14.23 kB
public/build/assets/index-COAIt6oh.js                                   49.25 kB │ gzip:  15.16 kB
public/build/assets/_wizard-CE2U6TIQ.js                                 49.42 kB │ gzip:  15.33 kB
public/build/assets/welcome-DPfRS5wA.js                                 50.21 kB │ gzip:   9.57 kB
public/build/assets/index-JTWBh1L5.js                                   51.04 kB │ gzip:  16.04 kB
public/build/assets/index-CD0kj5Jh.js                                   51.78 kB │ gzip:  15.94 kB
public/build/assets/family-dashboard--1K0pkk-.js                        51.92 kB │ gzip:  15.10 kB
public/build/assets/ra-wizard-dialog-CRooqxnB.js                        51.97 kB │ gzip:  16.28 kB
public/build/assets/show-BIVGXzzn.js                                    52.02 kB │ gzip:  17.70 kB
public/build/assets/hazard-detail-dialog-CC5j4wip.js                    52.62 kB │ gzip:  15.18 kB
public/build/assets/index-DvKRzyTB.js                                   52.85 kB │ gzip:  16.02 kB
public/build/assets/settings-DsS4tv-e.js                                53.29 kB │ gzip:  15.53 kB
public/build/assets/index-Z8Eanly5.js                                   56.37 kB │ gzip:  19.07 kB
public/build/assets/Show-BwiTdd9D.js                                    57.36 kB │ gzip:  17.32 kB
public/build/assets/CockpitLayout-DCI0PIln.js                           57.41 kB │ gzip:  17.88 kB
public/build/assets/device-profile-sections-CCdo1QQm.js                 58.15 kB │ gzip:  16.94 kB
public/build/assets/dashboard-CIgA0XkW.js                               58.71 kB │ gzip:  16.93 kB
public/build/assets/show-yBbbm3zt.js                                    58.79 kB │ gzip:  20.07 kB
public/build/assets/my-hr-shell-14NCX1v5.js                             59.82 kB │ gzip:  18.81 kB
public/build/assets/Index-CqBLGY5R.js                                   59.90 kB │ gzip:  19.11 kB
public/build/assets/medical-CsIevb8p.js                                 60.19 kB │ gzip:  12.04 kB
public/build/assets/_parts-CfvuPkXy.js                                  60.60 kB │ gzip:  19.58 kB
public/build/assets/PrnRecords-CxroqrdT.js                              60.70 kB │ gzip:  18.65 kB
public/build/assets/conflicts-Ccz6z_qb.js                               61.18 kB │ gzip:  19.77 kB
public/build/assets/Show-iLuU6gNS.js                                    62.47 kB │ gzip:  21.39 kB
public/build/assets/settings-DWBLZlDw.js                                63.28 kB │ gzip:  17.21 kB
public/build/assets/index-BFfJX8V7.js                                   64.24 kB │ gzip:  19.30 kB
public/build/assets/dashboard-BaJgECCI.js                               64.43 kB │ gzip:  20.34 kB
public/build/assets/data-DA0NJZJA.js                                    64.59 kB │ gzip:  13.97 kB
public/build/assets/monitoring-DJRvsJSe.js                              65.74 kB │ gzip:  19.53 kB
public/build/assets/ControlledDrugs-Bne4eIAl.js                         65.79 kB │ gzip:  20.40 kB
public/build/assets/catalog-DRgNkFjO.js                                 66.71 kB │ gzip:  17.71 kB
public/build/assets/Show-BGHSZcTb.js                                    67.26 kB │ gzip:  19.32 kB
public/build/assets/show-Bjtdbpzu.js                                    67.73 kB │ gzip:  15.07 kB
public/build/assets/show-DW2jwVUc.js                                    68.52 kB │ gzip:  20.29 kB
public/build/assets/index-DQOvgi0y.js                                   69.02 kB │ gzip:  21.43 kB
public/build/assets/index-YcOQ7tSl.js                                   69.31 kB │ gzip:  21.85 kB
public/build/assets/analytics-J_wqouQT.js                               70.58 kB │ gzip:  23.90 kB
public/build/assets/SiteCalendar-Ca_WmyNU.js                            71.76 kB │ gzip:  22.72 kB
public/build/assets/concern-dialog-CxO7m5hv.js                          72.32 kB │ gzip:  20.08 kB
public/build/assets/legacy-profile-sections-vdrU3liU.js                 72.99 kB │ gzip:  19.50 kB
public/build/assets/show-Cf5RTwHA.js                                    74.24 kB │ gzip:  23.07 kB
public/build/assets/show-CRYfxqoa.js                                    75.62 kB │ gzip:  23.59 kB
public/build/assets/index-gWPQ3MR_.js                                   77.37 kB │ gzip:  22.53 kB
public/build/assets/_calendar-grid-CFZgnWO_.js                          77.48 kB │ gzip:  22.96 kB
public/build/assets/index-DBc2nG_N.js                                   78.23 kB │ gzip:  23.80 kB
public/build/assets/index-CFKrc7kr.js                                   80.55 kB │ gzip:  23.34 kB
public/build/assets/index-D9W6YF1d.js                                   81.63 kB │ gzip:  24.46 kB
public/build/assets/_create-dialog-BIKACyI3.js                          81.96 kB │ gzip:  27.49 kB
public/build/assets/index-DuF1FTm2.js                                   83.71 kB │ gzip:  27.19 kB
public/build/assets/index-ROl0A_7Q.js                                   86.90 kB │ gzip:  24.94 kB
public/build/assets/Index-CtcN1Jx5.js                                   88.72 kB │ gzip:  26.79 kB
public/build/assets/index-0IF0p9Ht.js                                   88.73 kB │ gzip:  27.26 kB
public/build/assets/staff-page-shell-XUWEPn9z.js                        91.50 kB │ gzip:  27.12 kB
public/build/assets/index-BojB9puz.js                                   94.91 kB │ gzip:  28.19 kB
public/build/assets/show-FcX3onaY.js                                    99.21 kB │ gzip:  25.79 kB
public/build/assets/ticket-intake-fields-b1iBmyfK.js                   102.61 kB │ gzip:  30.27 kB
public/build/assets/index-CyS3BBZ4.js                                  103.36 kB │ gzip:  31.08 kB
public/build/assets/index-WoP9SBGU.js                                  104.00 kB │ gzip:  31.58 kB
public/build/assets/index-gymdAii2.js                                  107.42 kB │ gzip:  31.44 kB
public/build/assets/queclink-hub-a6iLkYaw.js                           109.74 kB │ gzip:  33.64 kB
public/build/assets/it-wizards-Buxkw7_X.js                             111.72 kB │ gzip:  35.88 kB
public/build/assets/index-VYfnT39n.js                                  111.88 kB │ gzip:  30.53 kB
public/build/assets/workspace-CVKr1Z0E.js                              128.30 kB │ gzip:  38.69 kB
public/build/assets/ticket-reopen-dialog-CpXN5Yl7.js                   145.73 kB │ gzip:  46.13 kB
public/build/assets/event-detail-dialog-B9HPW34A.js                    148.01 kB │ gzip:  38.85 kB
public/build/assets/vendor-maps-CTUbLoeq.js                            149.92 kB │ gzip:  43.49 kB
public/build/assets/index-uW1Wh4t_.js                                  155.95 kB │ gzip:  42.57 kB
public/build/assets/index-Co6MLoWM.js                                  156.17 kB │ gzip:  45.38 kB
public/build/assets/alert-workspace-dialog-DA2iWW2L.js                 158.46 kB │ gzip:  44.47 kB
public/build/assets/index-DGyz77gC.js                                  159.62 kB │ gzip:  45.12 kB
public/build/assets/knowledge-revision-dialog-CzJAwsYh.js              177.56 kB │ gzip:  49.73 kB
public/build/assets/vendor-react-C99fm9h8.js                           193.87 kB │ gzip:  60.86 kB
public/build/assets/vendor-inertia-B-1GL-z2.js                         195.03 kB │ gzip:  65.82 kB
public/build/assets/category-5kkcNLPX.js                               206.54 kB │ gzip:  51.94 kB
public/build/assets/index-r6gitsmV.js                                  215.04 kB │ gzip:  68.38 kB
public/build/assets/index-Ysjk23F7.js                                  236.35 kB │ gzip:  70.75 kB
public/build/assets/vendor-calendar-NWT3TLWG.js                        267.92 kB │ gzip:  79.12 kB
public/build/assets/vendor-ui-w1Ikxf0L.js                              276.38 kB │ gzip:  76.83 kB
public/build/assets/index-CscuBrEq.js                                  317.39 kB │ gzip:  88.16 kB
public/build/assets/show-B4buCfaE.js                                   328.56 kB │ gzip:  98.17 kB
public/build/assets/show-CCbcnsvy.js                                   350.13 kB │ gzip:  98.80 kB
public/build/assets/vendor-charts-809hoxcm.js                          398.57 kB │ gzip: 115.53 kB
public/build/assets/app-CcST_s47.js                                    516.43 kB │ gzip:  83.64 kB
public/build/assets/show-6LIRc4ms.js                                   786.19 kB │ gzip: 252.03 kB

(!) Some chunks are larger than 500 kB after minification. Consider:
- Using dynamic import() to code-split the application
- Use build.rollupOptions.output.manualChunks to improve chunking: https://rollupjs.org/configuration-options/#output-manualchunks
- Adjust chunk size limit for this warning via build.chunkSizeWarningLimit.
✓ built in 5m 37s
