vite v7.3.6 building client environment for production...
[plugin @laravel/vite-plugin-wayfinder] Types generated for actions, routes, form variants
transforming...
✓ 5409 modules transformed.
rendering chunks...
computing gzip size...
public/build/assets/layers-BWBAp2CZ.png                                  0.70 kB
public/build/assets/layers-2x-Bpkbi35X.png                               1.26 kB
public/build/assets/marker-icon-hN30_KVU.png                             1.47 kB
public/build/manifest.json                                           3,794.28 kB │ gzip: 206.05 kB
public/build/assets/show-BlsQFc8X.css                                    0.96 kB │ gzip:   0.38 kB
public/build/assets/fleet-map-Cc-sKlod.css                               1.80 kB │ gzip:   0.73 kB
public/build/assets/transport-HC5KKNJu.css                               9.01 kB │ gzip:   2.17 kB
public/build/assets/vendor-maps-CLLlcC51.css                            11.08 kB │ gzip:   2.73 kB
public/build/assets/knowledge-revision-dialog-D-juoI1B.css              12.92 kB │ gzip:   3.14 kB
public/build/assets/location-workspace-BnCaAc4S.css                     16.92 kB │ gzip:   3.64 kB
public/build/assets/dashboard-CynApWYI.css                              25.76 kB │ gzip:   4.58 kB
public/build/assets/index-Dmrchnqb.css                                  79.87 kB │ gzip:   9.87 kB
public/build/assets/show-ugW-UKTR.css                                  117.68 kB │ gzip:  17.18 kB
public/build/assets/app-strQwe_b.css                                   442.12 kB │ gzip:  56.44 kB
public/build/assets/my-hr-utils-fLvKAKV1.js                              0.07 kB │ gzip:   0.09 kB
public/build/assets/avatar-hue-BThxaYxR.js                               0.10 kB │ gzip:   0.11 kB
public/build/assets/_announcer-cvXWdNAc.js                               0.12 kB │ gzip:   0.12 kB
public/build/assets/minus-VAocXbR8.js                                    0.12 kB │ gzip:   0.13 kB
public/build/assets/check-D6xoOHFp.js                                    0.12 kB │ gzip:   0.14 kB
public/build/assets/circle-B4hc6HW3.js                                   0.12 kB │ gzip:   0.13 kB
public/build/assets/chevron-down-BZPHk9Fy.js                             0.13 kB │ gzip:   0.14 kB
public/build/assets/chevron-up-BNakQS37.js                               0.13 kB │ gzip:   0.14 kB
public/build/assets/chevron-left-CILJ7bVP.js                             0.13 kB │ gzip:   0.14 kB
public/build/assets/chevron-right-CiStBE0H.js                            0.13 kB │ gzip:   0.14 kB
public/build/assets/play-BN-Q9-Cx.js                                     0.13 kB │ gzip:   0.14 kB
public/build/assets/moon-Cp_GPHTx.js                                     0.14 kB │ gzip:   0.15 kB
public/build/assets/loader-circle-Bqmj6Ld1.js                            0.14 kB │ gzip:   0.15 kB
public/build/assets/square-CDrgwVlG.js                                   0.15 kB │ gzip:   0.15 kB
public/build/assets/message-circle-Dz0mHlOg.js                           0.15 kB │ gzip:   0.16 kB
public/build/assets/navigation-DNT7ex7s.js                               0.15 kB │ gzip:   0.15 kB
public/build/assets/staff-creation-workflow-D6SGmEbz.js                  0.15 kB │ gzip:   0.13 kB
public/build/assets/plus-Dcr4qTjS.js                                     0.15 kB │ gzip:   0.15 kB
public/build/assets/x-gNrhcMzx.js                                        0.15 kB │ gzip:   0.15 kB
public/build/assets/thermometer-B1KCamku.js                              0.16 kB │ gzip:   0.16 kB
public/build/assets/filter-DKUwB6Ak.js                                   0.16 kB │ gzip:   0.16 kB
public/build/assets/bookmark-BNSSivDE.js                                 0.16 kB │ gzip:   0.16 kB
public/build/assets/arrow-left-CTjyXSVb.js                               0.16 kB │ gzip:   0.16 kB
public/build/assets/arrow-right-B1Gp3m9t.js                              0.16 kB │ gzip:   0.16 kB
public/build/assets/arrow-up-right-CqotRWi-.js                           0.16 kB │ gzip:   0.15 kB
public/build/assets/circle-minus-BPPxyyh2.js                             0.17 kB │ gzip:   0.16 kB
public/build/assets/search-BWWypFLE.js                                   0.17 kB │ gzip:   0.16 kB
public/build/assets/move-right-SwTHhwNT.js                               0.17 kB │ gzip:   0.16 kB
public/build/assets/ban-yoY62Q8o.js                                      0.17 kB │ gzip:   0.16 kB
public/build/assets/circle-check-BxSVvB2V.js                             0.17 kB │ gzip:   0.16 kB
public/build/assets/chevrons-up-down-0zRNvQ1E.js                         0.17 kB │ gzip:   0.16 kB
public/build/assets/provider-CyzdoYBv.js                                 0.17 kB │ gzip:   0.15 kB
public/build/assets/power-Bs7XH6am.js                                    0.17 kB │ gzip:   0.17 kB
public/build/assets/user-round-D90oJyIX.js                               0.18 kB │ gzip:   0.17 kB
public/build/assets/gauge-DkU7QAn6.js                                    0.18 kB │ gzip:   0.16 kB
public/build/assets/circle-dot-Dq35ciVj.js                               0.18 kB │ gzip:   0.15 kB
public/build/assets/clock-DT7HcEKp.js                                    0.18 kB │ gzip:   0.17 kB
public/build/assets/message-square-7Dhnof1G.js                           0.18 kB │ gzip:   0.17 kB
public/build/assets/check-check-Ddx_5CB9.js                              0.18 kB │ gzip:   0.17 kB
public/build/assets/clock-3-DsdRI2iX.js                                  0.18 kB │ gzip:   0.17 kB
public/build/assets/chart-line-Del6M503.js                               0.18 kB │ gzip:   0.17 kB
public/build/assets/circle-slash-BUP73uYV.js                             0.18 kB │ gzip:   0.17 kB
public/build/assets/reply-Ck4RDToM.js                                    0.18 kB │ gzip:   0.18 kB
public/build/assets/circle-check-big-CjjpOrzR.js                         0.19 kB │ gzip:   0.18 kB
public/build/assets/circle-play-BX8NRTPp.js                              0.19 kB │ gzip:   0.17 kB
public/build/assets/user-onSSft27.js                                     0.19 kB │ gzip:   0.18 kB
public/build/assets/megaphone-BMJUUw0Z.js                                0.19 kB │ gzip:   0.18 kB
public/build/assets/skip-forward-BxpkGO4c.js                             0.20 kB │ gzip:   0.18 kB
public/build/assets/smartphone-eVJwESWx.js                               0.20 kB │ gzip:   0.18 kB
public/build/assets/info-Cu7ET6cJ.js                                     0.20 kB │ gzip:   0.18 kB
public/build/assets/rotate-ccw-CZ-V70tV.js                               0.20 kB │ gzip:   0.18 kB
public/build/assets/rotate-cw-BAZr2EBk.js                                0.20 kB │ gzip:   0.18 kB
public/build/assets/lock-vRf--bOQ.js                                     0.20 kB │ gzip:   0.19 kB
public/build/assets/circle-x-Ccpqlc9n.js                                 0.20 kB │ gzip:   0.18 kB
public/build/assets/circle-plus-_b5AeBKZ.js                              0.20 kB │ gzip:   0.17 kB
public/build/assets/chart-palette-BuldC4kO.js                            0.20 kB │ gzip:   0.13 kB
public/build/assets/trending-up-4KMci6zD.js                              0.20 kB │ gzip:   0.18 kB
public/build/assets/utils-COkJOzsg.js                                    0.20 kB │ gzip:   0.16 kB
public/build/assets/credit-card-XGv5_p10.js                              0.21 kB │ gzip:   0.18 kB
public/build/assets/arrow-up-from-line-CdgtT5xu.js                       0.21 kB │ gzip:   0.18 kB
public/build/assets/arrow-down-to-line-DNOnaSBX.js                       0.21 kB │ gzip:   0.18 kB
public/build/assets/redo-2-Bi95QFBc.js                                   0.21 kB │ gzip:   0.18 kB
public/build/assets/trending-down-BSKkBxDr.js                            0.21 kB │ gzip:   0.17 kB
public/build/assets/undo-2-DoI3h0O0.js                                   0.21 kB │ gzip:   0.18 kB
public/build/assets/droplet-CaIX3f1J.js                                  0.21 kB │ gzip:   0.19 kB
public/build/assets/lock-open-C2qHlNxw.js                                0.21 kB │ gzip:   0.19 kB
public/build/assets/mail-B45DPzBn.js                                     0.21 kB │ gzip:   0.20 kB
public/build/assets/it-module-shell-Cq8Pndvb.js                          0.21 kB │ gzip:   0.19 kB
public/build/assets/battery-7f4bMv3e.js                                  0.21 kB │ gzip:   0.18 kB
public/build/assets/pause-DI_iXtOh.js                                    0.21 kB │ gzip:   0.16 kB
public/build/assets/circle-arrow-up-CXXdKVkC.js                          0.21 kB │ gzip:   0.18 kB
public/build/assets/circle-arrow-down-wX6g0te3.js                        0.21 kB │ gzip:   0.18 kB
public/build/assets/pill-Cx_DdQ9A.js                                     0.21 kB │ gzip:   0.18 kB
public/build/assets/table-2-BNk-tIHM.js                                  0.21 kB │ gzip:   0.18 kB
public/build/assets/site-profile-dialog-host-BH_OdoAm.js                 0.21 kB │ gzip:   0.19 kB
public/build/assets/dollar-sign-BhRrZBn0.js                              0.22 kB │ gzip:   0.19 kB
public/build/assets/file-bkIoSxlq.js                                     0.22 kB │ gzip:   0.18 kB
public/build/assets/laptop-BvIx23zv.js                                   0.22 kB │ gzip:   0.19 kB
public/build/assets/flag-C46jDEFC.js                                     0.22 kB │ gzip:   0.20 kB
public/build/assets/rows-3-CoSPv0JZ.js                                   0.22 kB │ gzip:   0.18 kB
public/build/assets/rss-DykpsMzD.js                                      0.22 kB │ gzip:   0.18 kB
public/build/assets/briefcase-Crn5NgZv.js                                0.22 kB │ gzip:   0.20 kB
public/build/assets/ellipsis-BcNo3UVI.js                                 0.22 kB │ gzip:   0.16 kB
public/build/assets/target-DmK3R02j.js                                   0.22 kB │ gzip:   0.16 kB
public/build/assets/columns-3-BTe1UX5U.js                                0.22 kB │ gzip:   0.19 kB
public/build/assets/git-merge-CGwufmj-.js                                0.22 kB │ gzip:   0.18 kB
public/build/assets/square-check-big-CsojyMkY.js                         0.22 kB │ gzip:   0.19 kB
public/build/assets/sticky-note-CCuk3gMg.js                              0.22 kB │ gzip:   0.18 kB
public/build/assets/folder-BNX3yODK.js                                   0.23 kB │ gzip:   0.19 kB
public/build/assets/ellipsis-vertical-B-BxBCdW.js                        0.23 kB │ gzip:   0.17 kB
public/build/assets/vote-BEy-3xNc.js                                     0.23 kB │ gzip:   0.19 kB
public/build/assets/copy-BSc_rT8i.js                                     0.23 kB │ gzip:   0.20 kB
public/build/assets/door-closed-tPjrAlV3.js                              0.23 kB │ gzip:   0.19 kB
public/build/assets/user-round-check-DOXiqIvd.js                         0.23 kB │ gzip:   0.21 kB
public/build/assets/circle-user-round-D07qUEnX.js                        0.23 kB │ gzip:   0.19 kB
public/build/assets/circle-help-DlXPgAZX.js                              0.23 kB │ gzip:   0.20 kB
public/build/assets/ear-C8RuI3Oc.js                                      0.23 kB │ gzip:   0.19 kB
public/build/assets/activity-DCYtrYUg.js                                 0.23 kB │ gzip:   0.20 kB
public/build/assets/pen-DQX6Vq3F.js                                      0.23 kB │ gzip:   0.20 kB
public/build/assets/history-WqU-iypX.js                                  0.24 kB │ gzip:   0.19 kB
public/build/assets/globe-DhG-Jfj9.js                                    0.24 kB │ gzip:   0.18 kB
public/build/assets/timer-8Gtq3-wP.js                                    0.24 kB │ gzip:   0.19 kB
public/build/assets/banknote-T9T3acEI.js                                 0.24 kB │ gzip:   0.20 kB
public/build/assets/heart-BPnMRARA.js                                    0.24 kB │ gzip:   0.21 kB
public/build/assets/link-2-DABaO3ZL.js                                   0.24 kB │ gzip:   0.21 kB
public/build/assets/menu-CmtJ9kuJ.js                                     0.24 kB │ gzip:   0.17 kB
public/build/assets/database-DC6735iE.js                                 0.24 kB │ gzip:   0.20 kB
public/build/assets/arrow-down-up-Bcx_DV0s.js                            0.24 kB │ gzip:   0.19 kB
public/build/assets/type--6s4c38O.js                                     0.24 kB │ gzip:   0.19 kB
public/build/assets/circle-pause-Bwhtr6M0.js                             0.24 kB │ gzip:   0.18 kB
public/build/assets/arrow-left-right-DD1QtoPd.js                         0.25 kB │ gzip:   0.19 kB
public/build/assets/compass-DAOw6BYx.js                                  0.25 kB │ gzip:   0.20 kB
public/build/assets/arrow-right-left-DAhNTFiz.js                         0.25 kB │ gzip:   0.19 kB
public/build/assets/book-marked-DniLWKHM.js                              0.25 kB │ gzip:   0.20 kB
public/build/assets/settings-2-BeN3v6P0.js                               0.25 kB │ gzip:   0.19 kB
public/build/assets/users-round-D2hi9I2d.js                              0.25 kB │ gzip:   0.21 kB
public/build/assets/camera-BbEVJYrs.js                                   0.25 kB │ gzip:   0.21 kB
public/build/assets/file-warning-CM7VkNXf.js                             0.25 kB │ gzip:   0.19 kB
public/build/assets/video-Tjnlz1tM.js                                    0.25 kB │ gzip:   0.21 kB
public/build/assets/route-CvkThEQ0.js                                    0.25 kB │ gzip:   0.20 kB
public/build/assets/circle-alert-iv_yIxVe.js                             0.25 kB │ gzip:   0.19 kB
public/build/assets/mouse-pointer-2-DXaDTk23.js                          0.25 kB │ gzip:   0.21 kB
public/build/assets/chart-column-IJ4EzX6t.js                             0.25 kB │ gzip:   0.19 kB
public/build/assets/external-link-Bpnfhykk.js                            0.25 kB │ gzip:   0.20 kB
public/build/assets/cloud-upload-E03d4vyr.js                             0.25 kB │ gzip:   0.21 kB
public/build/assets/shopping-bag-Bxo76yHQ.js                             0.25 kB │ gzip:   0.20 kB
public/build/assets/pentagon-Dr1kekR3.js                                 0.25 kB │ gzip:   0.20 kB
public/build/assets/eye-BFn_p4YD.js                                      0.25 kB │ gzip:   0.19 kB
public/build/assets/user-check-jXg1KeZ8.js                               0.25 kB │ gzip:   0.22 kB
public/build/assets/map-pin-CzomqXVj.js                                  0.25 kB │ gzip:   0.22 kB
public/build/assets/archive-Df-uYu4M.js                                  0.25 kB │ gzip:   0.21 kB
public/build/assets/lock-keyhole-B8NLUVVm.js                             0.25 kB │ gzip:   0.22 kB
public/build/assets/message-square-plus-D9ruCmJa.js                      0.25 kB │ gzip:   0.20 kB
public/build/assets/circle-user-B2gW74xl.js                              0.25 kB │ gzip:   0.20 kB
public/build/assets/message-square-text-DTtoyu1I.js                      0.25 kB │ gzip:   0.20 kB
public/build/assets/user-minus-D8n2tHSG.js                               0.25 kB │ gzip:   0.22 kB
public/build/assets/file-check-2-Dvsz7fui.js                             0.25 kB │ gzip:   0.20 kB
public/build/assets/messages-square-DvQd13XB.js                          0.25 kB │ gzip:   0.20 kB
public/build/assets/link-B2lDMmgu.js                                     0.26 kB │ gzip:   0.19 kB
public/build/assets/hr-hero-DiNC0thN.js                                  0.26 kB │ gzip:   0.22 kB
public/build/assets/wrench-CObvE5up.js                                   0.26 kB │ gzip:   0.20 kB
public/build/assets/upload-BfPC7n2l.js                                   0.26 kB │ gzip:   0.22 kB
public/build/assets/calendar-BVfX74OR.js                                 0.26 kB │ gzip:   0.20 kB
public/build/assets/log-out-DYVLbhm0.js                                  0.26 kB │ gzip:   0.22 kB
public/build/assets/ticket-check-Clua3kDF.js                             0.26 kB │ gzip:   0.20 kB
public/build/assets/log-in-C0-baluz.js                                   0.26 kB │ gzip:   0.22 kB
public/build/assets/file-minus-B_eeL_fV.js                               0.26 kB │ gzip:   0.19 kB
public/build/assets/key-CJGmIvKn.js                                      0.26 kB │ gzip:   0.22 kB
public/build/assets/monitor-CdaHrOKc.js                                  0.26 kB │ gzip:   0.20 kB
public/build/assets/message-square-warning-CNhiUjSm.js                   0.26 kB │ gzip:   0.20 kB
public/build/assets/utensils-BhQRiwCo.js                                 0.26 kB │ gzip:   0.20 kB
public/build/assets/download-HZzorc2y.js                                 0.26 kB │ gzip:   0.22 kB
public/build/assets/zap-DVdEz-EH.js                                      0.26 kB │ gzip:   0.21 kB
public/build/assets/triangle-alert-CblN35l5.js                           0.26 kB │ gzip:   0.21 kB
public/build/assets/leaf-CkC-uvLr.js                                     0.26 kB │ gzip:   0.22 kB
public/build/assets/file-check-CANC_7hq.js                               0.26 kB │ gzip:   0.20 kB
public/build/assets/workflow-BTaSgkFl.js                                 0.26 kB │ gzip:   0.20 kB
public/build/assets/mic-D6wUXRps.js                                      0.26 kB │ gzip:   0.21 kB
public/build/assets/shield-Bj9OQpmf.js                                   0.27 kB │ gzip:   0.22 kB
public/build/assets/list-plus-C-d8GGWm.js                                0.27 kB │ gzip:   0.19 kB
public/build/assets/battery-low-C5XG1XvI.js                              0.27 kB │ gzip:   0.20 kB
public/build/assets/timer-reset-BnVMPbiI.js                              0.27 kB │ gzip:   0.21 kB
public/build/assets/award-B8nwoIw9.js                                    0.27 kB │ gzip:   0.22 kB
public/build/assets/eraser-BJqFbHDW.js                                   0.27 kB │ gzip:   0.22 kB
public/build/assets/image-C84LkNiC.js                                    0.27 kB │ gzip:   0.22 kB
public/build/assets/repeat-eHyyXw_N.js                                   0.27 kB │ gzip:   0.20 kB
public/build/assets/arrow-up-v19Q_8SP.js                                 0.27 kB │ gzip:   0.20 kB
public/build/assets/flame-CpKviW91.js                                    0.27 kB │ gzip:   0.22 kB
public/build/assets/git-branch-DbLkSZ7u.js                               0.27 kB │ gzip:   0.22 kB
public/build/assets/pencil-C4xVtw2M.js                                   0.28 kB │ gzip:   0.22 kB
public/build/assets/pen-line-Dm1tTRIi.js                                 0.28 kB │ gzip:   0.23 kB
public/build/assets/list-checks-BfyoKeO_.js                              0.28 kB │ gzip:   0.19 kB
public/build/assets/book-open-CoBolykw.js                                0.28 kB │ gzip:   0.20 kB
public/build/assets/file-diff-lDnT9JJe.js                                0.28 kB │ gzip:   0.20 kB
public/build/assets/wifi-BCv9fyB5.js                                     0.28 kB │ gzip:   0.20 kB
public/build/assets/lightbulb-DWwXZChc.js                                0.28 kB │ gzip:   0.22 kB
public/build/assets/file-plus-2-DQ2KzJtF.js                              0.28 kB │ gzip:   0.21 kB
public/build/assets/layout-template-B5Vqnq8u.js                          0.28 kB │ gzip:   0.19 kB
public/build/assets/inbox-BZlJmDOa.js                                    0.29 kB │ gzip:   0.23 kB
public/build/assets/wallet-Dm16ayYk.js                                   0.29 kB │ gzip:   0.21 kB
public/build/assets/shopping-cart-Drhvvx-9.js                            0.29 kB │ gzip:   0.23 kB
public/build/assets/shirt-tMoDpI_J.js                                    0.29 kB │ gzip:   0.23 kB
public/build/assets/files-CqKVq8-l.js                                    0.29 kB │ gzip:   0.21 kB
public/build/assets/house-DhIDe5Zz.js                                    0.29 kB │ gzip:   0.22 kB
public/build/assets/bell-BZRINsS5.js                                     0.29 kB │ gzip:   0.24 kB
public/build/assets/use-initials-U-N8N3-N.js                             0.29 kB │ gzip:   0.20 kB
public/build/assets/send-BiPuKYJY.js                                     0.29 kB │ gzip:   0.23 kB
public/build/assets/folder-open-DvGmbE4J.js                              0.29 kB │ gzip:   0.22 kB
public/build/assets/receipt-YBS--a4F.js                                  0.29 kB │ gzip:   0.21 kB
public/build/assets/governance-permissions-oQG3y2Ya.js                   0.29 kB │ gzip:   0.19 kB
public/build/assets/link-2-off-DSYOkO_Y.js                               0.29 kB │ gzip:   0.21 kB
public/build/assets/smile-DY3Y7RX2.js                                    0.29 kB │ gzip:   0.22 kB
public/build/assets/grid-3x3-CGNkqqxh.js                                 0.29 kB │ gzip:   0.21 kB
public/build/assets/bed-double-CQpJYrm3.js                               0.30 kB │ gzip:   0.20 kB
public/build/assets/heart-crack-BYyMewVx.js                              0.30 kB │ gzip:   0.24 kB
public/build/assets/hash-Dt3IJZWW.js                                     0.30 kB │ gzip:   0.19 kB
public/build/assets/receipt-text-DjDXs0h7.js                             0.30 kB │ gzip:   0.20 kB
public/build/assets/maximize-2-Cx0XLYAt.js                               0.30 kB │ gzip:   0.21 kB
public/build/assets/list-todo-D61ZMpvZ.js                                0.30 kB │ gzip:   0.22 kB
public/build/assets/paperclip-CVWDikw4.js                                0.30 kB │ gzip:   0.23 kB
public/build/assets/file-up-C3vg1vFj.js                                  0.30 kB │ gzip:   0.21 kB
public/build/assets/gavel-hF2bpVR1.js                                    0.30 kB │ gzip:   0.21 kB
public/build/assets/flask-conical-CAd3yjFN.js                            0.30 kB │ gzip:   0.23 kB
public/build/assets/thumbs-up-OyDEdSHn.js                                0.30 kB │ gzip:   0.24 kB
public/build/assets/list-Cb3zCiW9.js                                     0.30 kB │ gzip:   0.18 kB
public/build/assets/file-down-Dzj8h7Gc.js                                0.30 kB │ gzip:   0.21 kB
public/build/assets/thumbs-down-BUrP2Bop.js                              0.30 kB │ gzip:   0.24 kB
public/build/assets/minimize-2-BQUK34By.js                               0.30 kB │ gzip:   0.21 kB
public/build/assets/clipboard-check-CPk5kFzr.js                          0.30 kB │ gzip:   0.23 kB
public/build/assets/file-clock-B3wuuXpN.js                               0.30 kB │ gzip:   0.23 kB
public/build/assets/users-BPvoLVXZ.js                                    0.30 kB │ gzip:   0.23 kB
public/build/assets/calendar-check-oVY4A74E.js                           0.30 kB │ gzip:   0.22 kB
public/build/assets/coffee-YS4PeEqF.js                                   0.30 kB │ gzip:   0.21 kB
public/build/assets/user-x-C3iAettq.js                                   0.30 kB │ gzip:   0.23 kB
public/build/assets/folder-plus-BiVkdDQQ.js                              0.30 kB │ gzip:   0.23 kB
public/build/assets/chef-hat-Cmb5nmw2.js                                 0.31 kB │ gzip:   0.24 kB
public/build/assets/user-plus-Dxhg3FP_.js                                0.31 kB │ gzip:   0.23 kB
public/build/assets/box-C1O18zWo.js                                      0.31 kB │ gzip:   0.23 kB
public/build/assets/heart-pulse-Kj3FPGHp.js                              0.31 kB │ gzip:   0.25 kB
public/build/assets/piggy-bank-CVQxFCPN.js                               0.31 kB │ gzip:   0.25 kB
public/build/assets/badge-check-CVKZl5Rl.js                              0.31 kB │ gzip:   0.21 kB
public/build/assets/shapes-2HcgRmZb.js                                   0.32 kB │ gzip:   0.25 kB
public/build/assets/hard-hat-NGwfg25Y.js                                 0.32 kB │ gzip:   0.23 kB
public/build/assets/shield-check-C-zNWYah.js                             0.32 kB │ gzip:   0.25 kB
public/build/assets/printer-mySqlmUT.js                                  0.32 kB │ gzip:   0.23 kB
public/build/assets/square-pen-yKo7q8Cf.js                               0.32 kB │ gzip:   0.24 kB
public/build/assets/refresh-ccw-BPYyxzvR.js                              0.32 kB │ gzip:   0.23 kB
public/build/assets/ticket-Dyjo72Bh.js                                   0.32 kB │ gzip:   0.21 kB
public/build/assets/tag-HZcmTmxw.js                                      0.32 kB │ gzip:   0.25 kB
public/build/assets/hand-helping-BS6jiNT6.js                             0.32 kB │ gzip:   0.25 kB
public/build/assets/id-card-DcCAdS5P.js                                  0.32 kB │ gzip:   0.24 kB
public/build/assets/mail-warning-uhp9ZYMk.js                             0.32 kB │ gzip:   0.24 kB
public/build/assets/save-CbetYUQ-.js                                     0.33 kB │ gzip:   0.23 kB
public/build/assets/scan-line-C3uznRij.js                                0.33 kB │ gzip:   0.22 kB
public/build/assets/graduation-cap-BSn0u3w-.js                           0.33 kB │ gzip:   0.25 kB
public/build/assets/list-ordered-Y2vdXBSc.js                             0.33 kB │ gzip:   0.21 kB
public/build/assets/file-text-Ct6KFEG8.js                                0.33 kB │ gzip:   0.22 kB
public/build/assets/book-open-check-D-pwAErn.js                          0.33 kB │ gzip:   0.23 kB
public/build/assets/clipboard-plus-BjaqyRHB.js                           0.33 kB │ gzip:   0.24 kB
public/build/assets/alarm-clock-BtUpTPnz.js                              0.33 kB │ gzip:   0.23 kB
public/build/assets/contact-B9aIxvQ_.js                                  0.33 kB │ gzip:   0.24 kB
public/build/assets/calendar-x-CTea1Dr3.js                               0.34 kB │ gzip:   0.23 kB
public/build/assets/accessibility-D6bDa_tG.js                            0.34 kB │ gzip:   0.24 kB
public/build/assets/archive-restore-DyhreUof.js                          0.34 kB │ gzip:   0.24 kB
public/build/assets/stethoscope-I0Crb_fM.js                              0.34 kB │ gzip:   0.24 kB
public/build/assets/shield-plus-_07rQ9im.js                              0.34 kB │ gzip:   0.26 kB
public/build/assets/layout-grid-BHznCmcb.js                              0.34 kB │ gzip:   0.19 kB
public/build/assets/pin-BV7IsoLE.js                                      0.35 kB │ gzip:   0.24 kB
public/build/assets/file-image-DWutM9nA.js                               0.35 kB │ gzip:   0.25 kB
public/build/assets/scroll-text-BCxnhkza.js                              0.35 kB │ gzip:   0.23 kB
public/build/assets/key-round-DuTiywBk.js                                0.35 kB │ gzip:   0.26 kB
public/build/assets/layout-dashboard-D1heBRlo.js                         0.35 kB │ gzip:   0.21 kB
public/build/assets/shield-alert-Bd-QWi9B.js                             0.35 kB │ gzip:   0.26 kB
public/build/assets/file-chart-column-increasing-Cy0vAUaY.js             0.35 kB │ gzip:   0.23 kB
public/build/assets/webhook-BtXuiTA6.js                                  0.35 kB │ gzip:   0.26 kB
public/build/assets/crosshair-B5d4x0zs.js                                0.35 kB │ gzip:   0.21 kB
public/build/assets/calendar-plus-BXk1gUeX.js                            0.35 kB │ gzip:   0.23 kB
public/build/assets/shield-x-DIyyte2S.js                                 0.36 kB │ gzip:   0.26 kB
public/build/assets/gift-TZfO-dUf.js                                     0.36 kB │ gzip:   0.25 kB
public/build/assets/trash-2-87K_BFZe.js                                  0.36 kB │ gzip:   0.25 kB
public/build/assets/calendar-x-2-CVOXjrMO.js                             0.36 kB │ gzip:   0.23 kB
public/build/assets/bell-plus-C1U3g2zh.js                                0.36 kB │ gzip:   0.26 kB
public/build/assets/layout-list-Bg1ixz3T.js                              0.36 kB │ gzip:   0.22 kB
public/build/assets/warehouse-DDXBefau.js                                0.36 kB │ gzip:   0.25 kB
public/build/assets/utensils-crossed-Bj1fujg3.js                         0.36 kB │ gzip:   0.25 kB
public/build/assets/syringe-DfP9ItNh.js                                  0.36 kB │ gzip:   0.24 kB
public/build/assets/crown-ZMy0NcCH.js                                    0.36 kB │ gzip:   0.26 kB
public/build/assets/sparkle-B2CiL1SI.js                                  0.36 kB │ gzip:   0.24 kB
public/build/assets/scale-BVwnnLrF.js                                    0.36 kB │ gzip:   0.23 kB
public/build/assets/grip-vertical-BR1q-x-6.js                            0.36 kB │ gzip:   0.19 kB
public/build/assets/fuel-CF732sy0.js                                     0.37 kB │ gzip:   0.24 kB
public/build/assets/door-open-BwqJFJ6U.js                                0.37 kB │ gzip:   0.25 kB
public/build/assets/droplets-A-R8yK-v.js                                 0.37 kB │ gzip:   0.28 kB
public/build/assets/hammer-CV8a1RcZ.js                                   0.37 kB │ gzip:   0.27 kB
public/build/assets/file-pen-DErp-Ib5.js                                 0.37 kB │ gzip:   0.26 kB
public/build/assets/package-YMv3S4vv.js                                  0.37 kB │ gzip:   0.25 kB
public/build/assets/index-B0Z-ysPe.js                                    0.37 kB │ gzip:   0.22 kB
public/build/assets/file-spreadsheet-B2Xd59pi.js                         0.37 kB │ gzip:   0.23 kB
public/build/assets/life-buoy-CQD_0IuH.js                                0.37 kB │ gzip:   0.22 kB
public/build/assets/calendar-clock-CkhvTpKp.js                           0.38 kB │ gzip:   0.25 kB
public/build/assets/shield-question-BLbXFBi_.js                          0.38 kB │ gzip:   0.28 kB
public/build/assets/network-DLGA77yW.js                                  0.38 kB │ gzip:   0.24 kB
public/build/assets/calendar-off-BsokxuAj.js                             0.38 kB │ gzip:   0.25 kB
public/build/assets/tags-aHp45-B_.js                                     0.39 kB │ gzip:   0.28 kB
public/build/assets/fleet-return-D12Z1ydP.js                             0.39 kB │ gzip:   0.24 kB
public/build/assets/baby-BwhoXuFr.js                                     0.39 kB │ gzip:   0.26 kB
public/build/assets/hard-drive-Dq8-aPtt.js                               0.39 kB │ gzip:   0.26 kB
public/build/assets/job-posting-constants-CneitmEO.js                    0.39 kB │ gzip:   0.23 kB
public/build/assets/file-pen-line-Bn9R1Fdn.js                            0.39 kB │ gzip:   0.26 kB
public/build/assets/phone-CNAow4Q3.js                                    0.39 kB │ gzip:   0.25 kB
public/build/assets/bell-ring-Bv6cWYFV.js                                0.40 kB │ gzip:   0.28 kB
public/build/assets/map-pinned-BWlJZZ5O.js                               0.40 kB │ gzip:   0.29 kB
public/build/assets/shield-off-BrWGjg-_.js                               0.40 kB │ gzip:   0.28 kB
public/build/assets/truck-DnoVvKVc.js                                    0.40 kB │ gzip:   0.27 kB
public/build/assets/sprout-WVIdsDNt.js                                   0.40 kB │ gzip:   0.28 kB
public/build/assets/car-uX8wVzi_.js                                      0.40 kB │ gzip:   0.28 kB
public/build/assets/locate-fixed-fc_n91zc.js                             0.40 kB │ gzip:   0.23 kB
public/build/assets/hand-aMpWGgIU.js                                     0.41 kB │ gzip:   0.25 kB
public/build/assets/landmark-BwXh465H.js                                 0.41 kB │ gzip:   0.23 kB
public/build/assets/hand-coins-CwUJchSP.js                               0.41 kB │ gzip:   0.29 kB
public/build/assets/clipboard-list-DrwXEj0i.js                           0.41 kB │ gzip:   0.26 kB
public/build/assets/transport-medication-replay-DgxgR9M9.js              0.41 kB │ gzip:   0.29 kB
public/build/assets/loader-BqByjkXg.js                                   0.41 kB │ gzip:   0.24 kB
public/build/assets/mouse-pointer-click-BnpAlTJN.js                      0.41 kB │ gzip:   0.28 kB
public/build/assets/calendar-range-DmxZYGVD.js                           0.41 kB │ gzip:   0.26 kB
public/build/assets/waypoints-BS6OW2cT.js                                0.41 kB │ gzip:   0.25 kB
public/build/assets/layers-BrsqFH8F.js                                   0.42 kB │ gzip:   0.24 kB
public/build/assets/mic-off-SrJRPglr.js                                  0.42 kB │ gzip:   0.27 kB
public/build/assets/waves-By8kDqWg.js                                    0.42 kB │ gzip:   0.21 kB
public/build/assets/skeleton-CDTEQwaO.js                                 0.42 kB │ gzip:   0.32 kB
public/build/assets/package-check-EBOCrGU5.js                            0.42 kB │ gzip:   0.29 kB
public/build/assets/octagon-alert-cto94f02.js                            0.43 kB │ gzip:   0.25 kB
public/build/assets/cable-D7uQuFOF.js                                    0.43 kB │ gzip:   0.25 kB
public/build/assets/eye-off-C96EDBxx.js                                  0.43 kB │ gzip:   0.27 kB
public/build/assets/building-2-B8C4-XQK.js                               0.44 kB │ gzip:   0.25 kB
public/build/assets/heading-small-B1QYXXBZ.js                            0.44 kB │ gzip:   0.32 kB
public/build/assets/handshake-5BFmOdyW.js                                0.45 kB │ gzip:   0.28 kB
public/build/assets/hand-heart-DCLGLDsT.js                               0.45 kB │ gzip:   0.31 kB
public/build/assets/bus-C9i0DBXw.js                                      0.45 kB │ gzip:   0.28 kB
public/build/assets/footprints-DOJfguen.js                               0.45 kB │ gzip:   0.30 kB
public/build/assets/radio-tower-_VlCDRLW.js                              0.45 kB │ gzip:   0.29 kB
public/build/assets/input-error-DCYErTdJ.js                              0.46 kB │ gzip:   0.32 kB
public/build/assets/wifi-off-C94qz4BH.js                                 0.46 kB │ gzip:   0.27 kB
public/build/assets/scan-eye-BG8tg9hy.js                                 0.46 kB │ gzip:   0.28 kB
public/build/assets/heart-handshake-DXB_UhPf.js                          0.46 kB │ gzip:   0.31 kB
public/build/assets/spinner-BXNgMXmW.js                                  0.46 kB │ gzip:   0.33 kB
public/build/assets/person-standing-9rWE0ONu.js                          0.46 kB │ gzip:   0.31 kB
public/build/assets/trophy-D3zmvH-M.js                                   0.46 kB │ gzip:   0.28 kB
public/build/assets/pen-tool-BfbMKNJX.js                                 0.47 kB │ gzip:   0.30 kB
public/build/assets/siren-5WwWVx0B.js                                    0.47 kB │ gzip:   0.27 kB
public/build/assets/star-4h9dj090.js                                     0.47 kB │ gzip:   0.29 kB
public/build/assets/sun-BE_EtyKs.js                                      0.47 kB │ gzip:   0.26 kB
public/build/assets/notebook-pen-B2QwkSS_.js                             0.47 kB │ gzip:   0.28 kB
public/build/assets/cake-BKsZcRy2.js                                     0.49 kB │ gzip:   0.26 kB
public/build/assets/cctv-BSmsCTh-.js                                     0.49 kB │ gzip:   0.30 kB
public/build/assets/calendar-days--BE3fGQ6.js                            0.49 kB │ gzip:   0.26 kB
public/build/assets/cpu-B0bYrecK.js                                      0.50 kB │ gzip:   0.26 kB
public/build/assets/radar-E3wuUFB1.js                                    0.50 kB │ gzip:   0.30 kB
public/build/assets/sparkles-Cl4XB8Im.js                                 0.51 kB │ gzip:   0.30 kB
public/build/assets/wand-sparkles-Bm9w7eRZ.js                            0.51 kB │ gzip:   0.29 kB
public/build/assets/ambulance-AdrsKykM.js                                0.51 kB │ gzip:   0.31 kB
public/build/assets/_helpers-Ayp0jCez.js                                 0.51 kB │ gzip:   0.33 kB
public/build/assets/boundary-geometry-Ncmqh74Z.js                        0.52 kB │ gzip:   0.32 kB
public/build/assets/unlink-KI-S8KHx.js                                   0.53 kB │ gzip:   0.30 kB
public/build/assets/calculator-CCizbs_U.js                               0.53 kB │ gzip:   0.28 kB
public/build/assets/circle-dashed-9fGw8RnZ.js                            0.57 kB │ gzip:   0.28 kB
public/build/assets/use-alert-workspace-focus-return-DGVRYbyO.js         0.58 kB │ gzip:   0.35 kB
public/build/assets/package-open-C-azMPcX.js                             0.58 kB │ gzip:   0.33 kB
public/build/assets/i18n-Dncd9j2h.js                                     0.58 kB │ gzip:   0.39 kB
public/build/assets/user-cog-CS5B9jgV.js                                 0.58 kB │ gzip:   0.31 kB
public/build/assets/sliders-horizontal-D34bBupR.js                       0.58 kB │ gzip:   0.26 kB
public/build/assets/send-to-back-DUe7CObu.js                             0.58 kB │ gzip:   0.31 kB
public/build/assets/fingerprint-Bv2G6vLC.js                              0.60 kB │ gzip:   0.35 kB
public/build/assets/label-DnayXvci.js                                    0.61 kB │ gzip:   0.39 kB
public/build/assets/form-request-errors-CGVjFIIA.js                      0.63 kB │ gzip:   0.36 kB
public/build/assets/loading-state-DTtvTAJn.js                            0.64 kB │ gzip:   0.43 kB
public/build/assets/text-link-RogODYI2.js                                0.65 kB │ gzip:   0.42 kB
public/build/assets/qr-code-djHBKA4q.js                                  0.65 kB │ gzip:   0.31 kB
public/build/assets/server-C-oRzw6C.js                                   0.66 kB │ gzip:   0.37 kB
public/build/assets/collapsible-DoToTDHc.js                              0.66 kB │ gzip:   0.28 kB
public/build/assets/resident-dot-BLoyRUP7.js                             0.67 kB │ gzip:   0.46 kB
public/build/assets/fleet-stat-card-BkLG-LA0.js                          0.72 kB │ gzip:   0.44 kB
public/build/assets/party-popper-CA5BV0Og.js                             0.72 kB │ gzip:   0.41 kB
public/build/assets/settings-BLVKShRq.js                                 0.72 kB │ gzip:   0.34 kB
public/build/assets/textarea-C_9uu-fb.js                                 0.73 kB │ gzip:   0.47 kB
public/build/assets/meeting-workspace-links-BSKYBk34.js                  0.73 kB │ gzip:   0.40 kB
public/build/assets/brain-BWOXTleo.js                                    0.73 kB │ gzip:   0.35 kB
public/build/assets/separator-C7fe0Vgu.js                                0.77 kB │ gzip:   0.45 kB
public/build/assets/page-shell-B7eQidXD.js                               0.77 kB │ gzip:   0.45 kB
public/build/assets/shared-DHJYl7e2.js                                   0.77 kB │ gzip:   0.40 kB
public/build/assets/shared-D3Yvwbxq.js                                   0.77 kB │ gzip:   0.39 kB
public/build/assets/shift-row-types-DQA9BK_P.js                          0.80 kB │ gzip:   0.38 kB
public/build/assets/hr-tabs-D18B3AUm.js                                  0.81 kB │ gzip:   0.51 kB
public/build/assets/ops-stat-card-DvPHrJxu.js                            0.81 kB │ gzip:   0.48 kB
public/build/assets/progress-BxLvrMK0.js                                 0.82 kB │ gzip:   0.54 kB
public/build/assets/readable-operational-state-CK8MzJI-.js               0.85 kB │ gzip:   0.45 kB
public/build/assets/boxes-DGMbj3DL.js                                    0.85 kB │ gzip:   0.40 kB
public/build/assets/wizard-DF_QPOrg.js                                   0.87 kB │ gzip:   0.55 kB
public/build/assets/wizard-NNmqhkha.js                                   0.87 kB │ gzip:   0.55 kB
public/build/assets/list-caption-hE5ckvXY.js                             0.91 kB │ gzip:   0.54 kB
public/build/assets/index-CSEUMRIG.js                                    0.92 kB │ gzip:   0.53 kB
public/build/assets/now-rule-P7hRYwwd.js                                 0.95 kB │ gzip:   0.58 kB
public/build/assets/hero-action-button-D-GVyXk8.js                       0.95 kB │ gzip:   0.55 kB
public/build/assets/page-layout-DtSKkYRB.js                              0.97 kB │ gzip:   0.56 kB
public/build/assets/governance-dialog-deep-link-DLK5tfya.js              0.98 kB │ gzip:   0.58 kB
public/build/assets/settings-tabs-BJgA0dOm.js                            0.99 kB │ gzip:   0.54 kB
public/build/assets/error-state-BJrn9jE8.js                              1.01 kB │ gzip:   0.62 kB
public/build/assets/use-settings-leave-confirmation-Djj7Pj99.js          1.02 kB │ gzip:   0.61 kB
public/build/assets/presence-dot-CuGnqH3Y.js                             1.04 kB │ gzip:   0.58 kB
public/build/assets/input-49RbooBa.js                                    1.05 kB │ gzip:   0.59 kB
public/build/assets/command-centre-page-Tj7nG-NX.js                      1.05 kB │ gzip:   0.59 kB
public/build/assets/switch-DaGHNdhC.js                                   1.06 kB │ gzip:   0.61 kB
public/build/assets/_shared-BN-lC1nz.js                                  1.07 kB │ gzip:   0.56 kB
public/build/assets/governance-work-CPDXtwsY.js                          1.09 kB │ gzip:   0.59 kB
public/build/assets/hover-action-vLW4u2SF.js                             1.09 kB │ gzip:   0.65 kB
public/build/assets/WidgetCard-2tC8eOcV.js                               1.10 kB │ gzip:   0.62 kB
public/build/assets/micro-stats-BKNykt34.js                              1.11 kB │ gzip:   0.61 kB
public/build/assets/confetti-8ALvzRDJ.js                                 1.11 kB │ gzip:   0.65 kB
public/build/assets/avatar-D2DsKi5Y.js                                   1.14 kB │ gzip:   0.44 kB
public/build/assets/checkbox-DIx09oie.js                                 1.15 kB │ gzip:   0.63 kB
public/build/assets/GovernanceHomeRail-BgaWCg1r.js                       1.21 kB │ gzip:   0.68 kB
public/build/assets/_confirm-action-ZvhXZHxH.js                          1.24 kB │ gzip:   0.70 kB
public/build/assets/wizard-stepper-DdB_KZZJ.js                           1.24 kB │ gzip:   0.67 kB
public/build/assets/handover-person-notes-CbHlG0Rx.js                    1.25 kB │ gzip:   0.63 kB
public/build/assets/task-api-LDQPp0GA.js                                 1.27 kB │ gzip:   0.81 kB
public/build/assets/_types-Bdo8GrIg.js                                   1.29 kB │ gzip:   0.67 kB
public/build/assets/medication-stock-governance-C5VIWPFO.js              1.30 kB │ gzip:   0.60 kB
public/build/assets/radio-group-CU_fmykB.js                              1.31 kB │ gzip:   0.66 kB
public/build/assets/DiscardDraftDialog-DK3ZPHG6.js                       1.32 kB │ gzip:   0.76 kB
public/build/assets/_attachments-BjezxJ6P.js                             1.32 kB │ gzip:   0.74 kB
public/build/assets/stream-grouping-DxjzPWpi.js                          1.35 kB │ gzip:   0.73 kB
public/build/assets/staff-avatar-DaYiFEWa.js                             1.35 kB │ gzip:   0.81 kB
public/build/assets/workflow-ribbon-TPxjhkQ_.js                          1.35 kB │ gzip:   0.69 kB
public/build/assets/shift-status-badge-Dhh27zXu.js                       1.36 kB │ gzip:   0.67 kB
public/build/assets/timesheet-status-badge-HRKl5V22.js                   1.36 kB │ gzip:   0.66 kB
public/build/assets/fleet-responsive-list-CgDsyRvl.js                    1.38 kB │ gzip:   0.70 kB
public/build/assets/sso-sign-in-buttons-j8uOB0Zh.js                      1.40 kB │ gzip:   0.71 kB
public/build/assets/site-credentials-BC2WD9ez.js                         1.43 kB │ gzip:   0.75 kB
public/build/assets/_helpers-DwiQF0jk.js                                 1.46 kB │ gzip:   0.80 kB
public/build/assets/fleet-empty-state-DQ6ahmI2.js                        1.46 kB │ gzip:   0.77 kB
public/build/assets/journey-reference-strip-pm5NcpKt.js                  1.46 kB │ gzip:   0.81 kB
public/build/assets/GovernanceSectionRail-D538BQFt.js                    1.47 kB │ gzip:   0.82 kB
public/build/assets/index-DcmOMlk_.js                                    1.50 kB │ gzip:   0.52 kB
public/build/assets/badge-sVjmv35H.js                                    1.53 kB │ gzip:   0.77 kB
public/build/assets/shift-types-lZUCPI7v.js                              1.54 kB │ gzip:   0.78 kB
public/build/assets/performance-tabs-BJ762VS3.js                         1.55 kB │ gzip:   0.74 kB
public/build/assets/confirm-dialog-J4vSc-od.js                           1.57 kB │ gzip:   0.86 kB
public/build/assets/mini-sparkline-D7i7f6lZ.js                           1.58 kB │ gzip:   0.91 kB
public/build/assets/verify-email-DQWs7xVW.js                             1.58 kB │ gzip:   0.85 kB
public/build/assets/date-time-field-DEtdi6dS.js                          1.58 kB │ gzip:   0.79 kB
public/build/assets/status-badge-BcV9Cyb7.js                             1.61 kB │ gzip:   0.78 kB
public/build/assets/control-room-vocab-D0DxVgjB.js                       1.62 kB │ gzip:   0.64 kB
public/build/assets/popover-Bwbch3JK.js                                  1.64 kB │ gzip:   0.70 kB
public/build/assets/ops-charts-CfZvOWbq.js                               1.65 kB │ gzip:   0.78 kB
public/build/assets/alert-CF50OPgI.js                                    1.69 kB │ gzip:   0.74 kB
public/build/assets/alert-status-viKKtfHA.js                             1.69 kB │ gzip:   0.79 kB
public/build/assets/report-incident-dialog-DLbhpKMj.js                   1.70 kB │ gzip:   0.89 kB
public/build/assets/laravel-pagination-Dtq5ia_D.js                       1.70 kB │ gzip:   0.84 kB
public/build/assets/money-L4nGavLX.js                                    1.71 kB │ gzip:   0.97 kB
public/build/assets/card-C9LxLdKv.js                                     1.77 kB │ gzip:   0.57 kB
public/build/assets/_helpers-CaKrYzDb.js                                 1.77 kB │ gzip:   0.76 kB
public/build/assets/documents-tabs-les5IYFB.js                           1.78 kB │ gzip:   0.93 kB
public/build/assets/workflow-ribbon-Ce1FbZYM.js                          1.80 kB │ gzip:   0.80 kB
public/build/assets/overlay-focus-return-4ESXsuki.js                     1.82 kB │ gzip:   0.89 kB
public/build/assets/tooltip-D-a-5XaZ.js                                  1.82 kB │ gzip:   0.84 kB
public/build/assets/control-room-alert-row-actions-DKf7s6j5.js           1.85 kB │ gzip:   0.68 kB
public/build/assets/options-BwkaeHrx.js                                  1.86 kB │ gzip:   0.72 kB
public/build/assets/my-day-list-CcRvqKRF.js                              1.86 kB │ gzip:   0.90 kB
public/build/assets/accordion-DJ5GH7kS.js                                1.87 kB │ gzip:   0.85 kB
public/build/assets/journey-gate-list-CmCeQ2fC.js                        1.87 kB │ gzip:   0.86 kB
public/build/assets/types-jfjKXH9i.js                                    1.89 kB │ gzip:   1.01 kB
public/build/assets/fleet-utils-t-7nXUHw.js                              1.90 kB │ gzip:   0.72 kB
public/build/assets/_helpers-BlQBwStb.js                                 1.94 kB │ gzip:   1.04 kB
public/build/assets/draft-resume-prompt-CGN6r3iM.js                      1.95 kB │ gzip:   1.01 kB
public/build/assets/respite-subnav-DVA95RUh.js                           2.01 kB │ gzip:   0.96 kB
public/build/assets/api-BANvMHAW.js                                      2.01 kB │ gzip:   1.14 kB
public/build/assets/handover-follow-ups-ZAgikkgJ.js                      2.02 kB │ gzip:   1.02 kB
public/build/assets/button-BUrF8eld.js                                   2.05 kB │ gzip:   0.96 kB
public/build/assets/address-autocomplete-DckgI_uA.js                     2.07 kB │ gzip:   1.14 kB
public/build/assets/confirm-password-1s3f1nhf.js                         2.07 kB │ gzip:   1.04 kB
public/build/assets/_dialogs-Bcp-J-Fr.js                                 2.08 kB │ gzip:   1.10 kB
public/build/assets/governance-calendar-adapter-BoWwsrz5.js              2.10 kB │ gzip:   1.01 kB
public/build/assets/_create-recovery-B9rTHu2X.js                         2.10 kB │ gzip:   1.07 kB
public/build/assets/use-personal-location-privacy-k70ZMAas.js            2.16 kB │ gzip:   0.99 kB
public/build/assets/reports-tabs-AGBi4M_L.js                             2.17 kB │ gzip:   1.07 kB
public/build/assets/attention-panel-vwAJoS8a.js                          2.17 kB │ gzip:   0.99 kB
public/build/assets/task-step-draft-L-JZIWTk.js                          2.18 kB │ gzip:   1.13 kB
public/build/assets/payroll-hero-CwLH_n5K.js                             2.28 kB │ gzip:   1.10 kB
public/build/assets/_shared-Dxxp6OOC.js                                  2.30 kB │ gzip:   1.17 kB
public/build/assets/_memory-recovery-ydX5sLUj.js                         2.31 kB │ gzip:   1.20 kB
public/build/assets/_shared-wxQLe1sP.js                                  2.34 kB │ gzip:   1.14 kB
public/build/assets/reason-dialog-xbUNZ7v9.js                            2.34 kB │ gzip:   1.28 kB
public/build/assets/table-DHtHPBEX.js                                    2.42 kB │ gzip:   0.67 kB
public/build/assets/drills-CRJMZL3v.js                                   2.43 kB │ gzip:   1.13 kB
public/build/assets/_icons-CnL9QTaC.js                                   2.45 kB │ gzip:   1.15 kB
public/build/assets/first-aid-_uzOLpGf.js                                2.47 kB │ gzip:   1.14 kB
public/build/assets/task-help-inbox-dilGSU7t.js                          2.48 kB │ gzip:   1.34 kB
public/build/assets/datetime-Cj7rLFb1.js                                 2.50 kB │ gzip:   1.10 kB
public/build/assets/finance-section-rail-x0N8THCI.js                     2.53 kB │ gzip:   1.28 kB
public/build/assets/fleet-header-gXNV7b-w.js                             2.55 kB │ gzip:   1.26 kB
public/build/assets/provisioning-request-files-CxKXx8BS.js               2.56 kB │ gzip:   1.26 kB
public/build/assets/text-prompt-dialog-Cg1AW9mr.js                       2.62 kB │ gzip:   1.41 kB
public/build/assets/services-z4CRMg-H.js                                 2.63 kB │ gzip:   1.19 kB
public/build/assets/shift-context-menu-Dtv15x07.js                       2.64 kB │ gzip:   1.36 kB
public/build/assets/provisioning-command-fields-4x2FBuJS.js              2.68 kB │ gzip:   1.16 kB
public/build/assets/care-plan-domains-BUxpE4E8.js                        2.69 kB │ gzip:   1.26 kB
public/build/assets/donut-chart-BjEVgtH7.js                              2.71 kB │ gzip:   1.35 kB
public/build/assets/donut-RxOXSbq7.js                                    2.74 kB │ gzip:   1.38 kB
public/build/assets/index-BjmjDcUN.js                                    2.76 kB │ gzip:   0.71 kB
public/build/assets/status-badge-3QlJuqdd.js                             2.76 kB │ gzip:   1.29 kB
public/build/assets/readiness-fxaHYX_Q.js                                2.79 kB │ gzip:   1.36 kB
public/build/assets/financials-CIkCrLPJ.js                               2.80 kB │ gzip:   1.36 kB
public/build/assets/safety-register-DOjT43Fl.js                          2.83 kB │ gzip:   1.33 kB
public/build/assets/ppe-BTrdQ3tq.js                                      2.84 kB │ gzip:   1.10 kB
public/build/assets/register-row-kit-DYBAbrfL.js                         2.86 kB │ gzip:   1.16 kB
public/build/assets/map-model-CnDd3cpK.js                                2.86 kB │ gzip:   1.36 kB
public/build/assets/lifecycle-tabs-HXvtYjgx.js                           2.88 kB │ gzip:   1.48 kB
public/build/assets/_tabs-BlEQzOPE.js                                    2.90 kB │ gzip:   1.48 kB
public/build/assets/_note-category-picker-DhpVlsk3.js                    2.92 kB │ gzip:   1.38 kB
public/build/assets/use-create-shift-launcher-CSf4dBBQ.js                2.92 kB │ gzip:   1.43 kB
public/build/assets/use-form-autosave-DI2r1-vD.js                        2.92 kB │ gzip:   1.46 kB
public/build/assets/toolbar-M2emV1j1.js                                  2.92 kB │ gzip:   1.40 kB
public/build/assets/hs-detail-dialog-9L9sBeIW.js                         2.93 kB │ gzip:   1.33 kB
public/build/assets/notification-catalog-DveZKd9k.js                     2.96 kB │ gzip:   0.93 kB
public/build/assets/forgot-password-CSDDPNmh.js                          2.99 kB │ gzip:   1.43 kB
public/build/assets/auth-layout-CZtzJmh4.js                              3.03 kB │ gzip:   1.37 kB
public/build/assets/report-launcher-CSuakC0E.js                          3.03 kB │ gzip:   1.51 kB
public/build/assets/tab-strip-DCVvvm08.js                                3.03 kB │ gzip:   1.38 kB
public/build/assets/lifecycle-dialog-B9veiox3.js                         3.05 kB │ gzip:   1.56 kB
public/build/assets/_overview-map-card-CPJDnJOx.js                       3.06 kB │ gzip:   1.49 kB
public/build/assets/provisioning-manual-dialog-CVVyyffx.js               3.06 kB │ gzip:   1.53 kB
public/build/assets/reset-password-BqNY8_Ll.js                           3.08 kB │ gzip:   1.25 kB
public/build/assets/start-reconciliation-dialog-B6MikTfR.js              3.11 kB │ gzip:   1.29 kB
public/build/assets/two-factor-challenge-mx1IaMy6.js                     3.13 kB │ gzip:   1.47 kB
public/build/assets/dictate-button-BZNKn7Im.js                           3.14 kB │ gzip:   1.60 kB
public/build/assets/use-specialist-form-defaults-CjQuQ7d3.js             3.14 kB │ gzip:   1.56 kB
public/build/assets/client-edit-dialog-CJFj94uU.js                       3.16 kB │ gzip:   1.57 kB
public/build/assets/record-care-actions-BCrk9sqb.js                      3.18 kB │ gzip:   1.40 kB
public/build/assets/document-library-kit-DKRzJ3ax.js                     3.19 kB │ gzip:   1.08 kB
public/build/assets/risk-assessments-BFC_Gkr6.js                         3.21 kB │ gzip:   1.54 kB
public/build/assets/recorded-detail-dialog-DIXnB6tL.js                   3.22 kB │ gzip:   1.60 kB
public/build/assets/control-room-row-actions-C_AJHhvS.js                 3.31 kB │ gzip:   1.49 kB
public/build/assets/_dialogs-1-7uVUNj.js                                 3.32 kB │ gzip:   1.44 kB
public/build/assets/leave-context-menu-DLPvYjQP.js                       3.33 kB │ gzip:   1.64 kB
public/build/assets/row-context-menu-BuvIqrKq.js                         3.33 kB │ gzip:   1.64 kB
public/build/assets/_context-menu-CeQQh61p.js                            3.33 kB │ gzip:   1.60 kB
public/build/assets/fleet-compact-hero-CX23tMFk.js                       3.33 kB │ gzip:   1.45 kB
public/build/assets/remote-picker-wICsy0kC.js                            3.33 kB │ gzip:   1.68 kB
public/build/assets/compensation-tabs-BPMid0vM.js                        3.34 kB │ gzip:   1.62 kB
public/build/assets/hs-hero-kit-BfaGo0q1.js                              3.36 kB │ gzip:   1.55 kB
public/build/assets/task-steps-BA5V-X-S.js                               3.38 kB │ gzip:   1.58 kB
public/build/assets/shift-med-snapshot-6K_xqBAo.js                       3.39 kB │ gzip:   1.37 kB
public/build/assets/device-profile-navigation-CAiElRBQ.js                3.40 kB │ gzip:   1.66 kB
public/build/assets/inspections-BveNk-F6.js                              3.42 kB │ gzip:   1.39 kB
public/build/assets/ra-register-section-0c1WKkUp.js                      3.46 kB │ gzip:   1.76 kB
public/build/assets/command-CkAvrBZz.js                                  3.47 kB │ gzip:   1.07 kB
public/build/assets/shift-context-menu-D0DgSK9K.js                       3.49 kB │ gzip:   1.66 kB
public/build/assets/posting-preview-BLWC2TSD.js                          3.51 kB │ gzip:   1.53 kB
public/build/assets/_emergency-checklist-CI717HWu.js                     3.52 kB │ gzip:   1.53 kB
public/build/assets/handover-context-menu-CETpN2dq.js                    3.55 kB │ gzip:   1.54 kB
public/build/assets/_readiness-panel-CDnKtlUs.js                         3.59 kB │ gzip:   1.64 kB
public/build/assets/checklists-CFiBbyXg.js                               3.59 kB │ gzip:   1.72 kB
public/build/assets/checks-model-BpbAC4Rm.js                             3.63 kB │ gzip:   1.63 kB
public/build/assets/journey-term-help-B7ysy5il.js                        3.64 kB │ gzip:   1.45 kB
public/build/assets/my-provisioning-list-WkBz5Ix0.js                     3.67 kB │ gzip:   1.70 kB
public/build/assets/site-profile-states-8ZeK3M4Y.js                      3.69 kB │ gzip:   1.45 kB
public/build/assets/alert-dialog-OTHUAeuL.js                             3.76 kB │ gzip:   1.10 kB
public/build/assets/resolution-voting-Bpa7_z73.js                        3.78 kB │ gzip:   1.69 kB
public/build/assets/_geometry-Dx1kFP0e.js                                3.80 kB │ gzip:   1.60 kB
public/build/assets/configured-questions-Cnx1rNiI.js                     3.86 kB │ gzip:   1.82 kB
public/build/assets/register-DhGkKcpt.js                                 3.88 kB │ gzip:   1.46 kB
public/build/assets/MedicationScanVerificationPanel-DnkeOxU3.js          3.89 kB │ gzip:   1.61 kB
public/build/assets/task-detail-dialog-MMeFgF3L.js                       3.90 kB │ gzip:   1.78 kB
public/build/assets/reference-questionnaire-B89rtDdp.js                  3.94 kB │ gzip:   1.82 kB
public/build/assets/ticket-version-conflict-BHWCMU7c.js                  3.96 kB │ gzip:   1.80 kB
public/build/assets/date-picker-BaIRBC5B.js                              3.96 kB │ gzip:   1.81 kB
public/build/assets/shift-timeline-summary-AdLgMeQZ.js                   3.99 kB │ gzip:   1.66 kB
public/build/assets/edit-Dzr4V88o.js                                     4.00 kB │ gzip:   1.77 kB
public/build/assets/login-BtfLWheM.js                                    4.01 kB │ gzip:   1.72 kB
public/build/assets/governed-location-export-dialog-Cjiy6YiW.js          4.01 kB │ gzip:   1.96 kB
public/build/assets/shared-C91tV2xG.js                                   4.01 kB │ gzip:   1.95 kB
public/build/assets/finance-period-filter-CqDy3R2x.js                    4.02 kB │ gzip:   1.91 kB
public/build/assets/shift-summary-Cb7Ios5S.js                            4.07 kB │ gzip:   1.68 kB
public/build/assets/calendar-B035uTLD.js                                 4.10 kB │ gzip:   1.81 kB
public/build/assets/workspace-model-CTDC_Qgb.js                          4.10 kB │ gzip:   1.78 kB
public/build/assets/index-Bpzl9rqK.js                                    4.13 kB │ gzip:   0.83 kB
public/build/assets/entity-cells-B1kHulU6.js                             4.13 kB │ gzip:   1.64 kB
public/build/assets/use-two-factor-auth-BtO-8ZIR.js                      4.15 kB │ gzip:   1.77 kB
public/build/assets/_site-geofence-dialog-B-kvz5Yc.js                    4.15 kB │ gzip:   2.00 kB
public/build/assets/empty-state-Cn84z_Rl.js                              4.18 kB │ gzip:   1.85 kB
public/build/assets/board-bits-BL9pbv7Y.js                               4.19 kB │ gzip:   1.58 kB
public/build/assets/address-search-CfpY7xtq.js                           4.20 kB │ gzip:   1.87 kB
public/build/assets/specialist-record-list-b_nLOvA-.js                   4.23 kB │ gzip:   1.97 kB
public/build/assets/hazards-DH57CQdU.js                                  4.24 kB │ gzip:   1.95 kB
public/build/assets/documents-C-C-Pfc4.js                                4.28 kB │ gzip:   1.90 kB
public/build/assets/estate-operations-CeoLpU-W.js                        4.29 kB │ gzip:   1.73 kB
public/build/assets/generate-rounds-modal-B0T7LeeS.js                    4.33 kB │ gzip:   2.12 kB
public/build/assets/wizard-fields-BjXK1N1W.js                            4.34 kB │ gzip:   1.89 kB
public/build/assets/first-aid-tab-DgAOheZy.js                            4.34 kB │ gzip:   1.78 kB
public/build/assets/assets-EIV6Yo1g.js                                   4.37 kB │ gzip:   1.73 kB
public/build/assets/login-DF7ZLwy3.js                                    4.37 kB │ gzip:   1.85 kB
public/build/assets/privacy-shared-DVzQZAeY.js                           4.39 kB │ gzip:   1.65 kB
public/build/assets/_shared-tCMKOhbK.js                                  4.41 kB │ gzip:   1.90 kB
public/build/assets/_dialogs-B8fwK5Td.js                                 4.43 kB │ gzip:   1.81 kB
public/build/assets/shift-audit-timeline-D856TgJO.js                     4.49 kB │ gzip:   1.82 kB
public/build/assets/shared-CtI2tHT3.js                                   4.50 kB │ gzip:   1.74 kB
public/build/assets/applicable-procedures-panel-DyRQhFp8.js              4.52 kB │ gzip:   1.75 kB
public/build/assets/task-help-czrUjPgV.js                                4.61 kB │ gzip:   1.95 kB
public/build/assets/client-clinical-launchers-CeFdTu-5.js                4.62 kB │ gzip:   2.11 kB
public/build/assets/meal-planner-BRggHt26.js                             4.69 kB │ gzip:   2.19 kB
public/build/assets/Create-CL2mGvcK.js                                   4.69 kB │ gzip:   2.11 kB
public/build/assets/calendar-range-DEUALjxE.js                           4.71 kB │ gzip:   2.21 kB
public/build/assets/incidents-tab-50MvPkZl.js                            4.72 kB │ gzip:   1.85 kB
public/build/assets/_dialogs-BIaNPSmZ.js                                 4.75 kB │ gzip:   2.18 kB
public/build/assets/AgedPayables-DHMFxgNn.js                             4.75 kB │ gzip:   2.14 kB
public/build/assets/AgedReceivables-BI_IpKKS.js                          4.76 kB │ gzip:   2.14 kB
public/build/assets/donut-card-BwnfSjei.js                               4.76 kB │ gzip:   2.08 kB
public/build/assets/control-room-workspace-hero-C369oPTE.js              4.76 kB │ gzip:   2.26 kB
public/build/assets/dialog-D52bQMYy.js                                   4.80 kB │ gzip:   1.64 kB
public/build/assets/_asset-dialogs-CAjAYh9k.js                           4.83 kB │ gzip:   2.30 kB
public/build/assets/Edit-Q4rwdHQz.js                                     4.87 kB │ gzip:   2.25 kB
public/build/assets/hardware-DW7IGiFS.js                                 4.89 kB │ gzip:   2.15 kB
public/build/assets/entity-filter-BO5Gr4Pv.js                            4.89 kB │ gzip:   2.28 kB
public/build/assets/concern-Ci-Af24F.js                                  4.93 kB │ gzip:   2.27 kB
public/build/assets/permission-destinations-CUEbLHxJ.js                  4.93 kB │ gzip:   1.12 kB
public/build/assets/page-tabs-BeGM7PkN.js                                4.94 kB │ gzip:   2.03 kB
public/build/assets/_dialogs-B_TVkxiV.js                                 4.97 kB │ gzip:   2.34 kB
public/build/assets/whats-next-rail-DpCtAngO.js                          4.99 kB │ gzip:   2.37 kB
public/build/assets/_dialogs-Cg9pdLFi.js                                 5.03 kB │ gzip:   2.03 kB
public/build/assets/leave-calendar-range-DWHRFla0.js                     5.04 kB │ gzip:   2.26 kB
public/build/assets/_dialogs-DxJTKPeI.js                                 5.10 kB │ gzip:   2.37 kB
public/build/assets/client-safety-ribbon-BtwntGE2.js                     5.10 kB │ gzip:   2.24 kB
public/build/assets/show-BasiKTVN.js                                     5.12 kB │ gzip:   2.37 kB
public/build/assets/fleet-navigation-CXhKtYqI.js                         5.17 kB │ gzip:   2.01 kB
public/build/assets/_evidence-qcXgAfKL.js                                5.17 kB │ gzip:   2.19 kB
public/build/assets/prn-effect-dialog-B3VWs5wu.js                        5.19 kB │ gzip:   2.28 kB
public/build/assets/Placeholder-RfYNQoeZ.js                              5.20 kB │ gzip:   2.44 kB
public/build/assets/shared-NqhNFZcb.js                                   5.20 kB │ gzip:   2.04 kB
public/build/assets/day-picker-chip-IMLcWQH9.js                          5.21 kB │ gzip:   2.23 kB
public/build/assets/list-view-CB69V8hE.js                                5.22 kB │ gzip:   1.83 kB
public/build/assets/plan-onJcPxxB.js                                     5.22 kB │ gzip:   2.33 kB
public/build/assets/before-you-finish-IC4C0ckq.js                        5.25 kB │ gzip:   2.13 kB
public/build/assets/wizard-shell-BF5xsXZT.js                             5.31 kB │ gzip:   2.31 kB
public/build/assets/application-status-DlbSLJ_6.js                       5.31 kB │ gzip:   2.16 kB
public/build/assets/index-DECc217H.js                                    5.32 kB │ gzip:   2.37 kB
public/build/assets/care-plan-domains-builder-DfayeIOx.js                5.33 kB │ gzip:   2.07 kB
public/build/assets/shared-CmyqTydH.js                                   5.34 kB │ gzip:   2.38 kB
public/build/assets/entity-menu-qzBMydnU.js                              5.35 kB │ gzip:   2.46 kB
public/build/assets/paperwork-panel-mgdXTIBs.js                          5.38 kB │ gzip:   2.33 kB
public/build/assets/show-Bxk2zk9i.js                                     5.38 kB │ gzip:   2.39 kB
public/build/assets/contacts-BGVMRvos.js                                 5.42 kB │ gzip:   2.31 kB
public/build/assets/_thumbnail-B8Pl7LVl.js                               5.43 kB │ gzip:   2.56 kB
public/build/assets/fleet-charts-BD3Cp0FY.js                             5.50 kB │ gzip:   2.46 kB
public/build/assets/show-D27pWKF0.js                                     5.53 kB │ gzip:   2.52 kB
public/build/assets/show-BdGkCkBm.js                                     5.54 kB │ gzip:   2.35 kB
public/build/assets/global-DHa_cPWa.js                                   5.55 kB │ gzip:   2.48 kB
public/build/assets/Index-DLAC3RxR.js                                    5.55 kB │ gzip:   2.50 kB
public/build/assets/show-BTamGK54.js                                     5.55 kB │ gzip:   2.32 kB
public/build/assets/date-popover-DD_-u7YY.js                             5.60 kB │ gzip:   2.41 kB
public/build/assets/audit-log-modal-CO4BL92m.js                          5.60 kB │ gzip:   2.52 kB
public/build/assets/index-DUMW-KI7.js                                    5.63 kB │ gzip:   2.50 kB
public/build/assets/medication-review-modal-DzN4cNLB.js                  5.64 kB │ gzip:   2.55 kB
public/build/assets/entity-table-DIx_V1kK.js                             5.74 kB │ gzip:   2.40 kB
public/build/assets/index-Jdu4ksWn.js                                    5.74 kB │ gzip:   2.57 kB
public/build/assets/complete-obligation-dialog-CG4gGGYX.js               5.76 kB │ gzip:   2.57 kB
public/build/assets/rhythms-routines-CDicDemR.js                         5.79 kB │ gzip:   2.63 kB
public/build/assets/Calendar-BrGHPLVt.js                                 5.82 kB │ gzip:   2.65 kB
public/build/assets/index-CswXmyaN.js                                    5.83 kB │ gzip:   2.67 kB
public/build/assets/select-D31Gdh__.js                                   5.86 kB │ gzip:   1.90 kB
public/build/assets/multi-entity-filter-rPt0O4tK.js                      5.86 kB │ gzip:   2.62 kB
public/build/assets/_shared-_J_THfuY.js                                  5.88 kB │ gzip:   2.59 kB
public/build/assets/dropdown-menu-C6TfYyD6.js                            5.88 kB │ gzip:   1.65 kB
public/build/assets/stat-tile-DcEOif3_.js                                5.89 kB │ gzip:   2.51 kB
public/build/assets/GovernanceAttachmentsPanel-lg5ZsSj4.js               5.91 kB │ gzip:   2.49 kB
public/build/assets/index-B946al-F.js                                    5.94 kB │ gzip:   2.76 kB
public/build/assets/_helpers-CQg_qEO2.js                                 5.94 kB │ gzip:   2.44 kB
public/build/assets/audit-DJDRKNtq.js                                    5.98 kB │ gzip:   2.71 kB
public/build/assets/index-DlwDYAtk.js                                    6.00 kB │ gzip:   2.60 kB
public/build/assets/index-DlLHU1GX.js                                    6.02 kB │ gzip:   2.74 kB
public/build/assets/compliance-bits-CPBFCQyK.js                          6.02 kB │ gzip:   2.53 kB
public/build/assets/report-page-BUMRxSF4.js                              6.03 kB │ gzip:   2.83 kB
public/build/assets/link-client-dialog-DTw3_l7n.js                       6.06 kB │ gzip:   2.58 kB
public/build/assets/stream-context-menu-B5lqTVoQ.js                      6.08 kB │ gzip:   2.79 kB
public/build/assets/food-meal-BX5bbMkm.js                                6.12 kB │ gzip:   2.11 kB
public/build/assets/BoardMonthly-1irzJYdV.js                             6.14 kB │ gzip:   2.85 kB
public/build/assets/index-C5ZaGpsn.js                                    6.14 kB │ gzip:   2.81 kB
public/build/assets/with-concerns-FHGZ-kub.js                            6.15 kB │ gzip:   2.75 kB
public/build/assets/with-incidents-B_WzYuvm.js                           6.15 kB │ gzip:   2.74 kB
public/build/assets/show-BglK58eu.js                                     6.18 kB │ gzip:   2.80 kB
public/build/assets/index-BY0TuJNT.js                                    6.18 kB │ gzip:   2.76 kB
public/build/assets/compliance-hub-header-CXZzszm1.js                    6.22 kB │ gzip:   2.74 kB
public/build/assets/index-BMbewj1u.js                                    6.23 kB │ gzip:   2.81 kB
public/build/assets/emergency-plan-Bnw9FwJc.js                           6.23 kB │ gzip:   2.80 kB
public/build/assets/show-BQW7o8OH.js                                     6.26 kB │ gzip:   2.50 kB
public/build/assets/recognition-wizard--oBgq_KF.js                       6.27 kB │ gzip:   2.43 kB
public/build/assets/Calendar-CoPV_oTz.js                                 6.32 kB │ gzip:   2.86 kB
public/build/assets/index-0NMBklNA.js                                    6.32 kB │ gzip:   2.81 kB
public/build/assets/for-stay-D27mX3-R.js                                 6.33 kB │ gzip:   2.80 kB
public/build/assets/create-CqJ-Shqx.js                                   6.35 kB │ gzip:   2.62 kB
public/build/assets/quick-note-dialog-CN5ED5s-.js                        6.36 kB │ gzip:   2.65 kB
public/build/assets/report-DjXLe050.js                                   6.37 kB │ gzip:   2.91 kB
public/build/assets/show-TM6kkKHJ.js                                     6.37 kB │ gzip:   2.85 kB
public/build/assets/add-evidence-dialog-Dvdpkoyo.js                      6.38 kB │ gzip:   2.91 kB
public/build/assets/use-my-day-labels-Cu-spPls.js                        6.38 kB │ gzip:   2.60 kB
public/build/assets/stock-movement-modal-Ao7yN4j_.js                     6.40 kB │ gzip:   2.62 kB
public/build/assets/Create-Batabtns.js                                   6.41 kB │ gzip:   2.94 kB
public/build/assets/offer-response-DYwpuYAq.js                           6.41 kB │ gzip:   2.61 kB
public/build/assets/compensation-hero-HU5gbTwg.js                        6.42 kB │ gzip:   2.49 kB
public/build/assets/entity-card-BgYQ3rL2.js                              6.42 kB │ gzip:   2.74 kB
public/build/assets/overdue-Dz3wazV4.js                                  6.47 kB │ gzip:   2.84 kB
public/build/assets/auto-rule-builder-h2BMCtrc.js                        6.50 kB │ gzip:   2.43 kB
public/build/assets/tabs-BtJjYaLZ.js                                     6.50 kB │ gzip:   2.68 kB
public/build/assets/unacknowledged-DfWQ7hrQ.js                           6.51 kB │ gzip:   2.84 kB
public/build/assets/overdue-BKtQNEJW.js                                  6.51 kB │ gzip:   2.85 kB
public/build/assets/my-active-DLV8KXr2.js                                6.51 kB │ gzip:   2.90 kB
public/build/assets/list-view-CLsNi9sO.js                                6.53 kB │ gzip:   2.37 kB
public/build/assets/Create-wXoKkClL.js                                   6.54 kB │ gzip:   2.95 kB
public/build/assets/clients-f4hgFfJr.js                                  6.54 kB │ gzip:   2.77 kB
public/build/assets/ppe-shared-cfBIl4MW.js                               6.56 kB │ gzip:   2.65 kB
public/build/assets/trend-charts-BWB4BFGn.js                             6.57 kB │ gzip:   2.53 kB
public/build/assets/maps-usage-DH4fYd2B.js                               6.59 kB │ gzip:   2.90 kB
public/build/assets/actions-reviews-C60lbb3f.js                          6.59 kB │ gzip:   2.69 kB
public/build/assets/sortable.esm-TrASzQ3t.js                             6.64 kB │ gzip:   2.78 kB
public/build/assets/meal-planner-C9dqLX_e.js                             6.68 kB │ gzip:   2.98 kB
public/build/assets/_workspace-CPT9_mAi.js                               6.70 kB │ gzip:   2.73 kB
public/build/assets/policy-summary-B8mplknF.js                           6.71 kB │ gzip:   3.15 kB
public/build/assets/for-client-DaHJieHd.js                               6.71 kB │ gzip:   2.93 kB
public/build/assets/_registers-ChwdKfBh.js                               6.75 kB │ gzip:   2.64 kB
public/build/assets/shift-calendar-view-BXQwp9Z6.js                      6.78 kB │ gzip:   2.74 kB
public/build/assets/index-BKuL1aI8.js                                    6.82 kB │ gzip:   1.08 kB
public/build/assets/handover-rail-BJkFQ-aE.js                            6.82 kB │ gzip:   2.90 kB
public/build/assets/needing-acknowledgment-hFesF9t7.js                   6.83 kB │ gzip:   2.92 kB
public/build/assets/for-stay-ip_7Lsug.js                                 6.85 kB │ gzip:   3.04 kB
public/build/assets/checklist-trends-BAp302kS.js                         6.87 kB │ gzip:   2.99 kB
public/build/assets/assignments-BszYfzok.js                              6.88 kB │ gzip:   3.26 kB
public/build/assets/clock-in-wizard-D61kn1j1.js                          6.88 kB │ gzip:   2.94 kB
public/build/assets/board-view-fQzZwREP.js                               6.89 kB │ gzip:   2.72 kB
public/build/assets/show-BJMYpJCL.js                                     6.90 kB │ gzip:   3.18 kB
public/build/assets/day-work-list-bGcniAz2.js                            6.91 kB │ gzip:   2.82 kB
public/build/assets/index-DL2xxWUv.js                                    6.94 kB │ gzip:   2.81 kB
public/build/assets/for-stay-BPSUAYS2.js                                 6.96 kB │ gzip:   3.11 kB
public/build/assets/_dialogs-DrD4XgwB.js                                 7.01 kB │ gzip:   3.22 kB
public/build/assets/my-tasks-C8oGQwgP.js                                 7.04 kB │ gzip:   3.10 kB
public/build/assets/_header-DgNkG9Y6.js                                  7.05 kB │ gzip:   3.27 kB
public/build/assets/alert-worklist-D7T3mmCR.js                           7.05 kB │ gzip:   2.64 kB
public/build/assets/agreements-CD8ZwUpj.js                               7.07 kB │ gzip:   3.28 kB
public/build/assets/combined-hUvasVjz.js                                 7.07 kB │ gzip:   3.03 kB
public/build/assets/awaiting-approval-D0Xx68XW.js                        7.08 kB │ gzip:   3.05 kB
public/build/assets/index-C4eIRq05.js                                    7.12 kB │ gzip:   3.05 kB
public/build/assets/Index-CWIhS7cW.js                                    7.13 kB │ gzip:   3.07 kB
public/build/assets/assets-CqGFys2H.js                                   7.13 kB │ gzip:   2.97 kB
public/build/assets/reports-modal-CgsxSlCC.js                            7.13 kB │ gzip:   2.97 kB
public/build/assets/checklist-DCimI7WT.js                                7.14 kB │ gzip:   3.11 kB
public/build/assets/Calendar-DplcNRJN.js                                 7.16 kB │ gzip:   3.19 kB
public/build/assets/monitoring-incident-evidence-card-tpXxuYMa.js        7.16 kB │ gzip:   2.51 kB
public/build/assets/Show-BsPyuD4v.js                                     7.17 kB │ gzip:   2.95 kB
public/build/assets/_dialogs-C0IJEuHj.js                                 7.17 kB │ gzip:   3.06 kB
public/build/assets/fix-clock-out-wizard-YtC_5mIt.js                     7.18 kB │ gzip:   3.07 kB
public/build/assets/_dialogs-BYS7ngZn.js                                 7.19 kB │ gzip:   3.02 kB
public/build/assets/fleet-hero-kit-kpu1-RbC.js                           7.19 kB │ gzip:   2.89 kB
public/build/assets/Index-CODEb0ZO.js                                    7.19 kB │ gzip:   3.06 kB
public/build/assets/Show-CgPi2fYa.js                                     7.20 kB │ gzip:   3.08 kB
public/build/assets/map-model-W3TdKm_Q.js                                7.21 kB │ gzip:   3.07 kB
public/build/assets/leave-excursions-DSrU79yW.js                         7.21 kB │ gzip:   2.39 kB
public/build/assets/location-workspace-BSmbCQEC.js                       7.23 kB │ gzip:   3.08 kB
public/build/assets/preferences-rqwbNSF2.js                              7.25 kB │ gzip:   3.25 kB
public/build/assets/review-BafZvdvb.js                                   7.27 kB │ gzip:   3.11 kB
public/build/assets/new-journal-dialog-B1OJP9TQ.js                       7.31 kB │ gzip:   2.69 kB
public/build/assets/respite-B_029Gat.js                                  7.31 kB │ gzip:   2.81 kB
public/build/assets/people-picker-Be6zb9o6.js                            7.35 kB │ gzip:   3.14 kB
public/build/assets/index-Biye6FZT.js                                    7.37 kB │ gzip:   3.11 kB
public/build/assets/index-DzFIPLof.js                                    7.37 kB │ gzip:   3.11 kB
public/build/assets/provisioning-picker-BKZLctyI.js                      7.39 kB │ gzip:   3.29 kB
public/build/assets/create-am0y2E-O.js                                   7.46 kB │ gzip:   3.27 kB
public/build/assets/_review-dialog-s3z5fteu.js                           7.47 kB │ gzip:   3.13 kB
public/build/assets/Edit-BGyDOND-.js                                     7.47 kB │ gzip:   3.22 kB
public/build/assets/create-D3yFxXsI.js                                   7.48 kB │ gzip:   3.15 kB
public/build/assets/_dialogs-Bkqx87I5.js                                 7.51 kB │ gzip:   2.47 kB
public/build/assets/compliance-hero-CR_thYmA.js                          7.56 kB │ gzip:   2.60 kB
public/build/assets/shared-BZwigJxQ.js                                   7.61 kB │ gzip:   3.05 kB
public/build/assets/payroll-adjustments-BBgB4dzo.js                      7.64 kB │ gzip:   3.07 kB
public/build/assets/deletion-logs-3czjhFOP.js                            7.71 kB │ gzip:   3.34 kB
public/build/assets/show-DKzrxylF.js                                     7.75 kB │ gzip:   3.15 kB
public/build/assets/report-error-modal-jjWV8q1p.js                       7.76 kB │ gzip:   3.27 kB
public/build/assets/communication-notes-Sl-dUJi3.js                      7.79 kB │ gzip:   3.17 kB
public/build/assets/for-stay-C-3RbB9i.js                                 7.80 kB │ gzip:   3.27 kB
public/build/assets/assignments-DaFxdpaJ.js                              7.82 kB │ gzip:   3.57 kB
public/build/assets/medical-simple-bBNJaLoH.js                           7.86 kB │ gzip:   3.45 kB
public/build/assets/index-C2aqdcbh.js                                    7.90 kB │ gzip:   3.27 kB
public/build/assets/history-index-ojQ8dtQh.js                            7.92 kB │ gzip:   3.48 kB
public/build/assets/Submissions-DqzQylM9.js                              7.93 kB │ gzip:   3.70 kB
public/build/assets/daily-note-entry-Jp9c5j7H.js                         7.97 kB │ gzip:   3.03 kB
public/build/assets/pending-Dwlpq-9n.js                                  7.98 kB │ gzip:   3.41 kB
public/build/assets/index-DmiwaWkE.js                                    7.98 kB │ gzip:   3.37 kB
public/build/assets/show-DXznui-0.js                                     8.02 kB │ gzip:   3.53 kB
public/build/assets/from-resolution-DSDrxdpC.js                          8.07 kB │ gzip:   3.57 kB
public/build/assets/file-dropzone-D2_oQpfc.js                            8.08 kB │ gzip:   3.49 kB
public/build/assets/audit-history-BACmz1QN.js                            8.13 kB │ gzip:   3.26 kB
public/build/assets/shoutouts-DD-Sj_zj.js                                8.16 kB │ gzip:   3.56 kB
public/build/assets/notifications-DXB7b5xs.js                            8.17 kB │ gzip:   3.60 kB
public/build/assets/_tool-palette-Br2TXfvu.js                            8.20 kB │ gzip:   2.99 kB
public/build/assets/work-schedule-BgiKoA_V.js                            8.26 kB │ gzip:   3.42 kB
public/build/assets/shell-CWvt8QpH.js                                    8.30 kB │ gzip:   2.99 kB
public/build/assets/availability-3Eljsgiw.js                             8.31 kB │ gzip:   3.68 kB
public/build/assets/index-Cuy9SeKO.js                                    8.37 kB │ gzip:   3.17 kB
public/build/assets/incidents-Bnq06NMn.js                                8.39 kB │ gzip:   3.35 kB
public/build/assets/round-template-dialog-CSMQdtOz.js                    8.39 kB │ gzip:   3.49 kB
public/build/assets/reassign-dialog-InlCk-KC.js                          8.42 kB │ gzip:   3.60 kB
public/build/assets/password-Bv0IVLiS.js                                 8.43 kB │ gzip:   3.36 kB
public/build/assets/attestations-CCacUvFa.js                             8.44 kB │ gzip:   3.65 kB
public/build/assets/index-Dlg97wMc.js                                    8.44 kB │ gzip:   1.27 kB
public/build/assets/form-wizard-D4hrbJKe.js                              8.49 kB │ gzip:   3.50 kB
public/build/assets/my-day-header-DnmsMIJ-.js                            8.50 kB │ gzip:   3.70 kB
public/build/assets/_dialogs-D-9zneNk.js                                 8.57 kB │ gzip:   3.32 kB
public/build/assets/index-CuuwrIhI.js                                    8.60 kB │ gzip:   1.25 kB
public/build/assets/asset-condition-CmoToPS3.js                          8.66 kB │ gzip:   3.48 kB
public/build/assets/credentials-DDx0iILa.js                              8.66 kB │ gzip:   3.55 kB
public/build/assets/settings-rxJYvhFN.js                                 8.67 kB │ gzip:   3.76 kB
public/build/assets/primitives-DTCcBVZw.js                               8.69 kB │ gzip:   3.27 kB
public/build/assets/bank-account-dialog-ByPLWYRt.js                      8.70 kB │ gzip:   3.38 kB
public/build/assets/index-CrsFzd4C.js                                    8.72 kB │ gzip:   3.72 kB
public/build/assets/index-D8fHcgWX.js                                    8.72 kB │ gzip:   3.72 kB
public/build/assets/new-account-dialog-BoMKWFEm.js                       8.74 kB │ gzip:   3.41 kB
public/build/assets/personal-entry-dialog-D0L12DIZ.js                    8.79 kB │ gzip:   3.29 kB
public/build/assets/show-CmCNyFOy.js                                     8.85 kB │ gzip:   3.03 kB
public/build/assets/add-medication-modal-BcZnLzI2.js                     8.87 kB │ gzip:   3.65 kB
public/build/assets/show-CgDVZkM3.js                                     8.91 kB │ gzip:   3.98 kB
public/build/assets/overdue-actions-Bwj7LmF8.js                          8.95 kB │ gzip:   3.72 kB
public/build/assets/timeline-interactions-8sGM6q-L.js                    8.96 kB │ gzip:   3.62 kB
public/build/assets/Index-CHA0ryFo.js                                    8.99 kB │ gzip:   3.82 kB
public/build/assets/fleet-CUUyxVAU.js                                    9.05 kB │ gzip:   3.15 kB
public/build/assets/record-DYAiuva0.js                                   9.05 kB │ gzip:   4.08 kB
public/build/assets/assess-Bk2D3KAF.js                                   9.06 kB │ gzip:   3.77 kB
public/build/assets/hero-kit-CE271zlx.js                                 9.08 kB │ gzip:   2.98 kB
public/build/assets/Index-8vxqOsaT.js                                    9.08 kB │ gzip:   3.90 kB
public/build/assets/index-DfT59zlG.js                                    9.09 kB │ gzip:   3.79 kB
public/build/assets/ClientTrends-Jp6ZzwgN.js                             9.10 kB │ gzip:   3.91 kB
public/build/assets/file-CD7ThxuG.js                                     9.11 kB │ gzip:   3.87 kB
public/build/assets/Index-D6SrW_Cz.js                                    9.20 kB │ gzip:   3.68 kB
public/build/assets/index-DhtF8bDp.js                                    9.23 kB │ gzip:   3.94 kB
public/build/assets/index-DHrqnZ6y.js                                    9.23 kB │ gzip:   3.63 kB
public/build/assets/index-BfSpNnRB.js                                    9.24 kB │ gzip:   4.02 kB
public/build/assets/note-rail-DdfiJXUW.js                                9.29 kB │ gzip:   3.55 kB
public/build/assets/CarePlans-2RBNgX8E.js                                9.31 kB │ gzip:   3.76 kB
public/build/assets/shift-show-redesign-hSVgxLgU.js                      9.34 kB │ gzip:   3.57 kB
public/build/assets/reports-Cpwug7Zh.js                                  9.36 kB │ gzip:   3.89 kB
public/build/assets/knowledge-related-records-CG9amGC8.js                9.37 kB │ gzip:   3.77 kB
public/build/assets/Show-J4o-F4p8.js                                     9.37 kB │ gzip:   4.17 kB
public/build/assets/cd-register-modal--zbB94S7.js                        9.37 kB │ gzip:   3.85 kB
public/build/assets/_manage-types-dialog-CXc7x8Q0.js                     9.39 kB │ gzip:   3.83 kB
public/build/assets/Show-BER-AHm6.js                                     9.43 kB │ gzip:   4.09 kB
public/build/assets/benefits-Bfow6He2.js                                 9.46 kB │ gzip:   3.76 kB
public/build/assets/Create-BmWypcw5.js                                   9.49 kB │ gzip:   3.87 kB
public/build/assets/history-ChTRv1JV.js                                  9.51 kB │ gzip:   3.83 kB
public/build/assets/Index-BgH46r84.js                                    9.57 kB │ gzip:   4.14 kB
public/build/assets/_dialogs-CLtZWQc5.js                                 9.60 kB │ gzip:   3.08 kB
public/build/assets/Edit-qpnek8xi.js                                     9.62 kB │ gzip:   4.00 kB
public/build/assets/reimbursement-C1vl_Seb.js                            9.65 kB │ gzip:   3.76 kB
public/build/assets/module-ByjMZ7Pi.js                                   9.65 kB │ gzip:   4.29 kB
public/build/assets/index-AhVh8RTX.js                                    9.66 kB │ gzip:   4.08 kB
public/build/assets/family-tree-Amyrp3wS.js                              9.68 kB │ gzip:   3.65 kB
public/build/assets/create-BxzZeaZ_.js                                   9.69 kB │ gzip:   4.06 kB
public/build/assets/Index-DSF06-dV.js                                    9.69 kB │ gzip:   4.00 kB
public/build/assets/upload-BmWGV-Wl.js                                   9.70 kB │ gzip:   4.06 kB
public/build/assets/Mapping-BL-XPFKN.js                                  9.72 kB │ gzip:   4.17 kB
public/build/assets/show-C8hRn6st.js                                     9.73 kB │ gzip:   3.88 kB
public/build/assets/stream-item-CGJpTeLB.js                              9.74 kB │ gzip:   3.61 kB
public/build/assets/reviews-dYuPVZAe.js                                  9.74 kB │ gzip:   4.35 kB
public/build/assets/linked-operational-evidence-BAGqwnpR.js              9.78 kB │ gzip:   3.16 kB
public/build/assets/retention-B5O63TfX.js                                9.78 kB │ gzip:   3.92 kB
public/build/assets/_food-meal-preferences-Dp5r368g.js                   9.82 kB │ gzip:   3.80 kB
public/build/assets/respond-fV7LBaNw.js                                  9.82 kB │ gzip:   4.28 kB
public/build/assets/ComplianceStatus-B6KkKx2p.js                         9.82 kB │ gzip:   4.18 kB
public/build/assets/index-7kUpASQh.js                                    9.83 kB │ gzip:   4.01 kB
public/build/assets/Index-CVqdMfdA.js                                    9.85 kB │ gzip:   4.12 kB
public/build/assets/Create-CAW29CES.js                                   9.85 kB │ gzip:   3.99 kB
public/build/assets/create-BPvjTRW1.js                                   9.88 kB │ gzip:   4.08 kB
public/build/assets/Logs-BsdN4Rxd.js                                     9.91 kB │ gzip:   4.24 kB
public/build/assets/Create-D8R1Nf-w.js                                   9.91 kB │ gzip:   4.00 kB
public/build/assets/Index-W69gAPsQ.js                                    9.95 kB │ gzip:   4.16 kB
public/build/assets/RiskNarrative-CZmOEHRL.js                            9.96 kB │ gzip:   4.12 kB
public/build/assets/succession-wizards-DqmIbj94.js                       9.98 kB │ gzip:   3.99 kB
public/build/assets/BoardMembers-C9FUkbty.js                             9.99 kB │ gzip:   4.25 kB
public/build/assets/for-stay-CHKF77Sz.js                                10.01 kB │ gzip:   3.89 kB
public/build/assets/index-BStiWStZ.js                                   10.01 kB │ gzip:   4.00 kB
public/build/assets/Index-C7hsqnpQ.js                                   10.02 kB │ gzip:   4.13 kB
public/build/assets/pending-DbbvC0q3.js                                 10.04 kB │ gzip:   3.85 kB
public/build/assets/finance-B81onAJf.js                                 10.05 kB │ gzip:   3.53 kB
public/build/assets/quick-add-task-DF7t9rLT.js                          10.06 kB │ gzip:   3.83 kB
public/build/assets/Show-DNCXhPdJ.js                                    10.09 kB │ gzip:   4.45 kB
public/build/assets/time-picker-DyAlv1tY.js                             10.09 kB │ gzip:   4.28 kB
public/build/assets/grouped-profile-nav-BA1HKMJh.js                     10.09 kB │ gzip:   3.88 kB
public/build/assets/my-calendar-FhUTaZoK.js                             10.09 kB │ gzip:   4.65 kB
public/build/assets/index-BpDo-gVA.js                                   10.10 kB │ gzip:   4.04 kB
public/build/assets/vehicle-technology-projection-Cq8CIcxj.js           10.10 kB │ gzip:   3.39 kB
public/build/assets/Index-BIyn-WGC.js                                   10.10 kB │ gzip:   4.31 kB
public/build/assets/create-vrciT2_k.js                                  10.10 kB │ gzip:   4.31 kB
public/build/assets/template-aCE1YJjs.js                                10.15 kB │ gzip:   4.11 kB
public/build/assets/policies-BgnxRVZb.js                                10.19 kB │ gzip:   4.15 kB
public/build/assets/GovernanceTermHint-CYEICd_e.js                      10.20 kB │ gzip:   4.11 kB
public/build/assets/Show-JzHdPDUN.js                                    10.20 kB │ gzip:   4.32 kB
public/build/assets/create-Erl42lQe.js                                  10.25 kB │ gzip:   4.14 kB
public/build/assets/asset-finance-technology-projection-ClH7L2qJ.js     10.26 kB │ gzip:   3.48 kB
public/build/assets/show-E3OrNezc.js                                    10.26 kB │ gzip:   4.03 kB
public/build/assets/record-wizard-shared-PzTudA5L.js                    10.28 kB │ gzip:   3.92 kB
public/build/assets/staff-requirements-DdwzQrX6.js                      10.31 kB │ gzip:   3.82 kB
public/build/assets/legal-holds-m9KY2eJw.js                             10.32 kB │ gzip:   4.18 kB
public/build/assets/_inventory-table-D3tSky1S.js                        10.34 kB │ gzip:   3.74 kB
public/build/assets/show-Dq_cg148.js                                    10.35 kB │ gzip:   4.09 kB
public/build/assets/unifi-hHnhnObr.js                                   10.38 kB │ gzip:   4.14 kB
public/build/assets/Index-CmWoxMn8.js                                   10.39 kB │ gzip:   4.35 kB
public/build/assets/create-CXN2GH0m.js                                  10.41 kB │ gzip:   4.28 kB
public/build/assets/ClientSummary-DUUtaaa7.js                           10.43 kB │ gzip:   3.76 kB
public/build/assets/index-BM5Y1xgB.js                                   10.43 kB │ gzip:   4.35 kB
public/build/assets/Index-B1joL-0v.js                                   10.43 kB │ gzip:   4.29 kB
public/build/assets/Show-Bg30QZ5G.js                                    10.43 kB │ gzip:   3.90 kB
public/build/assets/Index-BPO27EAv.js                                   10.45 kB │ gzip:   4.30 kB
public/build/assets/saved-Z1GpHwfd.js                                   10.46 kB │ gzip:   4.29 kB
public/build/assets/marketing-layout-CNohqm6X.js                        10.47 kB │ gzip:   3.34 kB
public/build/assets/index-B3zs3WCp.js                                   10.49 kB │ gzip:   4.13 kB
public/build/assets/Index-FWeKQX4m.js                                   10.50 kB │ gzip:   4.25 kB
public/build/assets/FundingStreamSummary-D1rYYrE_.js                    10.50 kB │ gzip:   4.32 kB
public/build/assets/show-DeZyhKg7.js                                    10.55 kB │ gzip:   3.90 kB
public/build/assets/edit-ClFPun0A.js                                    10.56 kB │ gzip:   4.36 kB
public/build/assets/Index-DmYQ1lzu.js                                   10.57 kB │ gzip:   4.37 kB
public/build/assets/Index-iTJ-Au7U.js                                   10.57 kB │ gzip:   4.49 kB
public/build/assets/risks-CWZeFFI0.js                                   10.58 kB │ gzip:   4.00 kB
public/build/assets/status-BxNAN5PV.js                                  10.58 kB │ gzip:   4.23 kB
public/build/assets/ui-DpUcmDTc.js                                      10.58 kB │ gzip:   4.51 kB
public/build/assets/Index-8pBNuxmD.js                                   10.61 kB │ gzip:   4.39 kB
public/build/assets/edit-BezW5x9f.js                                    10.62 kB │ gzip:   4.32 kB
public/build/assets/index-CAYWoNDQ.js                                   10.66 kB │ gzip:   4.77 kB
public/build/assets/modules-CdeGlBh2.js                                 10.72 kB │ gzip:   4.31 kB
public/build/assets/create-aRCSx_Mq.js                                  10.74 kB │ gzip:   3.68 kB
public/build/assets/compliance-B91p4m9y.js                              10.74 kB │ gzip:   4.26 kB
public/build/assets/index-CprVoaMJ.js                                   10.79 kB │ gzip:   4.24 kB
public/build/assets/tomorrow-panel-BTFIbZmh.js                          10.80 kB │ gzip:   4.25 kB
public/build/assets/portal-users-BxIs8ReO.js                            10.80 kB │ gzip:   4.46 kB
public/build/assets/documents-Dn99z6WF.js                               10.84 kB │ gzip:   3.84 kB
public/build/assets/_door-B2m7jivU.js                                   10.87 kB │ gzip:   3.81 kB
public/build/assets/risks-Cz8x9oHO.js                                   10.90 kB │ gzip:   4.13 kB
public/build/assets/Show-D-zjuc7c.js                                    10.91 kB │ gzip:   4.23 kB
public/build/assets/work-calendar-settings-CmF5UcNb.js                  10.91 kB │ gzip:   4.32 kB
public/build/assets/Index-B7f8wirL.js                                   10.93 kB │ gzip:   4.50 kB
public/build/assets/Changes-bTl8K8pA.js                                 10.94 kB │ gzip:   4.90 kB
public/build/assets/Show-Cxq_e58Y.js                                    10.99 kB │ gzip:   4.46 kB
public/build/assets/create-BJMIXFDF.js                                  11.00 kB │ gzip:   4.49 kB
public/build/assets/index-ubtH2xcj.js                                   11.02 kB │ gzip:   1.52 kB
public/build/assets/handovers-hero-D-ZQ32ds.js                          11.03 kB │ gzip:   4.82 kB
public/build/assets/Index-CJjjAzTt.js                                   11.05 kB │ gzip:   4.61 kB
public/build/assets/Committee-Dqsem6DY.js                               11.06 kB │ gzip:   4.81 kB
public/build/assets/create-IzJYMwmp.js                                  11.09 kB │ gzip:   4.39 kB
public/build/assets/TrialBalance-76rbq5bR.js                            11.09 kB │ gzip:   4.82 kB
public/build/assets/_dialogs-BRNNt4zz.js                                11.09 kB │ gzip:   4.43 kB
public/build/assets/index-CzBPINxD.js                                   11.11 kB │ gzip:   4.59 kB
public/build/assets/photos-CTowYQcF.js                                  11.13 kB │ gzip:   4.58 kB
public/build/assets/breaches-BskRll9u.js                                11.14 kB │ gzip:   4.41 kB
public/build/assets/vendors-CD_QXW3p.js                                 11.16 kB │ gzip:   3.65 kB
public/build/assets/index-BILlW1pk.js                                   11.16 kB │ gzip:   4.03 kB
public/build/assets/clock-out-wizard-Ca_XHwgD.js                        11.18 kB │ gzip:   4.50 kB
public/build/assets/summary-3O6tdeOV.js                                 11.19 kB │ gzip:   4.12 kB
public/build/assets/timeline-BGqBew-d.js                                11.20 kB │ gzip:   4.80 kB
public/build/assets/index-YhbuTzVq.js                                   11.23 kB │ gzip:   4.37 kB
public/build/assets/broadcast-show-DhHrFJK1.js                          11.26 kB │ gzip:   4.13 kB
public/build/assets/show-supervision-DJnZdeX0.js                        11.27 kB │ gzip:   4.26 kB
public/build/assets/cards-view-AVm_9xML.js                              11.27 kB │ gzip:   4.21 kB
public/build/assets/privacy-action-modal-Bbk9S9LH.js                    11.30 kB │ gzip:   4.43 kB
public/build/assets/CheckShift-C65C361U.js                              11.32 kB │ gzip:   4.79 kB
public/build/assets/dashboard-tabs-DxD1lTXT.js                          11.32 kB │ gzip:   4.23 kB
public/build/assets/Edit-Cu87ug83.js                                    11.33 kB │ gzip:   4.58 kB
public/build/assets/Index-C7INhd-R.js                                   11.33 kB │ gzip:   4.68 kB
public/build/assets/map-BNs5SdXy.js                                     11.33 kB │ gzip:   4.60 kB
public/build/assets/notifications-CsFWJzkG.js                           11.35 kB │ gzip:   4.21 kB
public/build/assets/Index-JpvihuSL.js                                   11.38 kB │ gzip:   4.72 kB
public/build/assets/Index-bSFpnotx.js                                   11.40 kB │ gzip:   4.59 kB
public/build/assets/Matrix-BKrp_3KO.js                                  11.42 kB │ gzip:   4.87 kB
public/build/assets/wizard-configs-CP0sCEYM.js                          11.42 kB │ gzip:   3.50 kB
public/build/assets/visit-requests-D3VPYOHK.js                          11.42 kB │ gzip:   4.63 kB
public/build/assets/leave-hub-parts-BkiLpxqM.js                         11.45 kB │ gzip:   4.21 kB
public/build/assets/surveys-mFFj_R5Z.js                                 11.45 kB │ gzip:   4.54 kB
public/build/assets/index-UgA7b4fz.js                                   11.46 kB │ gzip:   4.68 kB
public/build/assets/price-book-dialog-C1gd45ST.js                       11.47 kB │ gzip:   4.59 kB
public/build/assets/quote-dialog-D_LtEGrZ.js                            11.49 kB │ gzip:   4.65 kB
public/build/assets/Create-DuTTvucw.js                                  11.49 kB │ gzip:   4.50 kB
public/build/assets/create-CNrl3fWc.js                                  11.51 kB │ gzip:   4.79 kB
public/build/assets/Index-D-zXwLyB.js                                   11.52 kB │ gzip:   5.16 kB
public/build/assets/workers-BCzm8SWo.js                                 11.54 kB │ gzip:   4.40 kB
public/build/assets/Trends-wZROP77B.js                                  11.55 kB │ gzip:   5.01 kB
public/build/assets/index-8l5b1Nbc.js                                   11.57 kB │ gzip:   4.60 kB
public/build/assets/documents-AKegN0wc.js                               11.59 kB │ gzip:   4.11 kB
public/build/assets/Index-PLOywIpy.js                                   11.61 kB │ gzip:   4.82 kB
public/build/assets/overview-panels-CITTdKmO.js                         11.63 kB │ gzip:   4.66 kB
public/build/assets/index-DNHmU8Lt.js                                   11.63 kB │ gzip:   4.22 kB
public/build/assets/Show-BeeZG6hr.js                                    11.66 kB │ gzip:   5.14 kB
public/build/assets/dpia-C_uE2kGF.js                                    11.66 kB │ gzip:   4.47 kB
public/build/assets/_dialogs-CMnTPyku.js                                11.68 kB │ gzip:   4.74 kB
public/build/assets/show-D0mvt5sg.js                                    11.70 kB │ gzip:   5.03 kB
public/build/assets/show-C2yECsS-.js                                    11.80 kB │ gzip:   4.45 kB
public/build/assets/task-B3ado0p_.js                                    11.83 kB │ gzip:   4.86 kB
public/build/assets/Dashboard-BrElxcRN.js                               11.83 kB │ gzip:   5.07 kB
public/build/assets/Index-d29-mrlv.js                                   11.86 kB │ gzip:   4.88 kB
public/build/assets/templates-BecMrmOT.js                               11.86 kB │ gzip:   4.85 kB
public/build/assets/rehire-wizard-Cdv1wUCs.js                           11.87 kB │ gzip:   4.49 kB
public/build/assets/_dialogs--Hvwqp4M.js                                11.88 kB │ gzip:   4.47 kB
public/build/assets/Index-BkawD8-f.js                                   11.90 kB │ gzip:   4.63 kB
public/build/assets/Index-LgYapBLd.js                                   11.91 kB │ gzip:   5.21 kB
public/build/assets/Index-C8MyvVFx.js                                   11.91 kB │ gzip:   5.15 kB
public/build/assets/community-access-BpThMCik.js                        11.92 kB │ gzip:   4.82 kB
public/build/assets/shift-list-view-3Oq-xzmt.js                         11.94 kB │ gzip:   4.71 kB
public/build/assets/alerts-config-O5ZbSkb2.js                           11.94 kB │ gzip:   4.59 kB
public/build/assets/Index-BJnz5Rk0.js                                   11.96 kB │ gzip:   5.19 kB
public/build/assets/Index-CVua8Eoy.js                                   11.96 kB │ gzip:   5.24 kB
public/build/assets/log-notifiable-dialog-FijaK-g0.js                   11.97 kB │ gzip:   4.40 kB
public/build/assets/Prepare-BOeIJ2mE.js                                 11.97 kB │ gzip:   4.90 kB
public/build/assets/healthcare-devices-DFCBtz7k.js                      11.99 kB │ gzip:   4.18 kB
public/build/assets/apply-TN-5tV-D.js                                   12.00 kB │ gzip:   4.56 kB
public/build/assets/performance-hero-BK7Pky78.js                        12.00 kB │ gzip:   3.84 kB
public/build/assets/create-template-rczMfiBr.js                         12.02 kB │ gzip:   4.80 kB
public/build/assets/sign-6X5sAKLo.js                                    12.05 kB │ gzip:   4.75 kB
public/build/assets/profile-tvKk9XMi.js                                 12.05 kB │ gzip:   4.93 kB
public/build/assets/page-hero-hxr1c-q4.js                               12.05 kB │ gzip:   4.64 kB
public/build/assets/AgedReport-CtK-SVXR.js                              12.07 kB │ gzip:   5.45 kB
public/build/assets/protocol-form-BO1CPVFB.js                           12.08 kB │ gzip:   4.39 kB
public/build/assets/ppe-wizard-D1SymXgf.js                              12.15 kB │ gzip:   4.97 kB
public/build/assets/assignments-Cupuw9x_.js                             12.16 kB │ gzip:   4.90 kB
public/build/assets/Index-CBAlJqdk.js                                   12.17 kB │ gzip:   5.10 kB
public/build/assets/index-TIIov5_A.js                                   12.18 kB │ gzip:   4.67 kB
public/build/assets/it-ticket-comment-contract-BBENTCa7.js              12.19 kB │ gzip:   3.96 kB
public/build/assets/cards-view-Bqujr_lO.js                              12.20 kB │ gzip:   4.47 kB
public/build/assets/Index-B2y4Hc7N.js                                   12.21 kB │ gzip:   4.97 kB
public/build/assets/_request-dialog-BpgxWmUC.js                         12.25 kB │ gzip:   4.60 kB
public/build/assets/create-BN2CPkDi.js                                  12.25 kB │ gzip:   4.72 kB
public/build/assets/_builder-dialog-2e386VnR.js                         12.27 kB │ gzip:   4.90 kB
public/build/assets/BalanceSheet-CnmV5C30.js                            12.28 kB │ gzip:   5.15 kB
public/build/assets/Index-CBWeJ1hd.js                                   12.31 kB │ gzip:   5.26 kB
public/build/assets/index-BwfYh69e.js                                   12.32 kB │ gzip:   5.02 kB
public/build/assets/medications-C7XMAZqh.js                             12.35 kB │ gzip:   4.47 kB
public/build/assets/Index-StpRebJU.js                                   12.35 kB │ gzip:   4.88 kB
public/build/assets/Index-C2x4RGrQ.js                                   12.38 kB │ gzip:   5.09 kB
public/build/assets/index-B44WBhPm.js                                   12.39 kB │ gzip:   4.47 kB
public/build/assets/donor-fund-dialog-DOXLLhXD.js                       12.42 kB │ gzip:   4.44 kB
public/build/assets/time-DEodHb3F.js                                    12.42 kB │ gzip:   5.30 kB
public/build/assets/index-B5LQ2jG8.js                                   12.43 kB │ gzip:   5.10 kB
public/build/assets/pricing-BKdAftfy.js                                 12.44 kB │ gzip:   3.70 kB
public/build/assets/index-BZEozWMi.js                                   12.45 kB │ gzip:   5.35 kB
public/build/assets/edit-BOLScurw.js                                    12.47 kB │ gzip:   4.93 kB
public/build/assets/Index-C17H5GY5.js                                   12.48 kB │ gzip:   5.41 kB
public/build/assets/index-CcIGhlRc.js                                   12.49 kB │ gzip:   4.74 kB
public/build/assets/log-obligation-dialog-4936I9ga.js                   12.49 kB │ gzip:   4.70 kB
public/build/assets/facilities-cojFOPOw.js                              12.49 kB │ gzip:   5.20 kB
public/build/assets/index-D7lNOoGN.js                                   12.50 kB │ gzip:   4.85 kB
public/build/assets/Index-jQPaVVFr.js                                   12.51 kB │ gzip:   5.39 kB
public/build/assets/head-office-CyisNZDo.js                             12.51 kB │ gzip:   5.28 kB
public/build/assets/requests-DG1q7zV2.js                                12.52 kB │ gzip:   4.81 kB
public/build/assets/specialist-workspace-header-CuZ0klHw.js             12.57 kB │ gzip:   5.56 kB
public/build/assets/_dialogs-B4gnyCOH.js                                12.57 kB │ gzip:   5.33 kB
public/build/assets/index-CukfCtV2.js                                   12.61 kB │ gzip:   4.48 kB
public/build/assets/index--vQ_QrCg.js                                   12.65 kB │ gzip:   4.83 kB
public/build/assets/edit-wgrAVpsX.js                                    12.65 kB │ gzip:   4.79 kB
public/build/assets/index-BUyOCJ6g.js                                   12.66 kB │ gzip:   5.22 kB
public/build/assets/Trends-BiNKFGBT.js                                  12.67 kB │ gzip:   5.22 kB
public/build/assets/geofence-draw-map-DblZYrnT.js                       12.68 kB │ gzip:   4.86 kB
public/build/assets/Assignments-CV7AKUxB.js                             12.70 kB │ gzip:   5.33 kB
public/build/assets/Diff-BczpvDY5.js                                    12.70 kB │ gzip:   5.47 kB
public/build/assets/index-wk7C0-mK.js                                   12.71 kB │ gzip:   4.63 kB
public/build/assets/health-DW7K7j3V.js                                  12.75 kB │ gzip:   4.33 kB
public/build/assets/Review-BuAFq3bt.js                                  12.75 kB │ gzip:   4.67 kB
public/build/assets/new-po-dialog-Gb3VY64c.js                           12.75 kB │ gzip:   4.80 kB
public/build/assets/show-DPx4n_ae.js                                    12.76 kB │ gzip:   4.80 kB
public/build/assets/show-DY9J_-wE.js                                    12.77 kB │ gzip:   4.54 kB
public/build/assets/index-Do0uS0KF.js                                   12.77 kB │ gzip:   5.01 kB
public/build/assets/builder-BkjixLwU.js                                 12.81 kB │ gzip:   4.89 kB
public/build/assets/Index-e9n8JjhD.js                                   12.82 kB │ gzip:   4.78 kB
public/build/assets/Show-BzUfIvI_.js                                    12.85 kB │ gzip:   4.90 kB
public/build/assets/ProfitAndLoss-BH5RZju5.js                           12.86 kB │ gzip:   5.17 kB
public/build/assets/ppe-action-dialogs-CuDP1u8L.js                      12.87 kB │ gzip:   4.36 kB
public/build/assets/Index-bMm-1GDH.js                                   12.88 kB │ gzip:   5.54 kB
public/build/assets/Index-1J0TXCDL.js                                   12.88 kB │ gzip:   5.60 kB
public/build/assets/Index-DbU8ubTx.js                                   12.94 kB │ gzip:   5.66 kB
public/build/assets/privacy-COKh6CYK.js                                 12.98 kB │ gzip:   3.80 kB
public/build/assets/index-B5TePRNR.js                                   13.02 kB │ gzip:   5.46 kB
public/build/assets/Dashboard-BCX6Pam8.js                               13.07 kB │ gzip:   5.46 kB
public/build/assets/Show-DON_rdDM.js                                    13.09 kB │ gzip:   5.08 kB
public/build/assets/prn-wizard-DxareO_i.js                              13.10 kB │ gzip:   4.98 kB
public/build/assets/show-nOay8r3Y.js                                    13.10 kB │ gzip:   4.95 kB
public/build/assets/Trends-lS6t21f-.js                                  13.11 kB │ gzip:   5.35 kB
public/build/assets/index-B6wgcyr1.js                                   13.12 kB │ gzip:   5.41 kB
public/build/assets/operational-canvas-CksPVUoQ.js                      13.15 kB │ gzip:   5.30 kB
public/build/assets/playbook-wizard-DEL9vYnZ.js                         13.16 kB │ gzip:   4.59 kB
public/build/assets/Dashboard-DTx3a4RZ.js                               13.16 kB │ gzip:   4.35 kB
public/build/assets/layout-dQ3HePfC.js                                  13.19 kB │ gzip:   4.24 kB
public/build/assets/Index-DYtC3pOU.js                                   13.19 kB │ gzip:   5.62 kB
public/build/assets/daily-check-BgvEZnyT.js                             13.21 kB │ gzip:   5.35 kB
public/build/assets/Create-kvPWQzE-.js                                  13.22 kB │ gzip:   5.57 kB
public/build/assets/calendar-DV9dEVqn.js                                13.22 kB │ gzip:   5.27 kB
public/build/assets/plans-C674YtMI.js                                   13.23 kB │ gzip:   5.35 kB
public/build/assets/site-detail-BN14Gfg5.js                             13.23 kB │ gzip:   4.51 kB
public/build/assets/alerts-events-C-OZXass.js                           13.25 kB │ gzip:   5.59 kB
public/build/assets/Index-N9HzUhna.js                                   13.27 kB │ gzip:   5.61 kB
public/build/assets/show-CI7Gc6ax.js                                    13.28 kB │ gzip:   5.12 kB
public/build/assets/reviews-CJBMxX6l.js                                 13.31 kB │ gzip:   5.15 kB
public/build/assets/Index-CGgQNlXm.js                                   13.31 kB │ gzip:   5.56 kB
public/build/assets/messaging-BG3bIFh_.js                               13.33 kB │ gzip:   4.72 kB
public/build/assets/pre-check-BrPEvdIE.js                               13.34 kB │ gzip:   5.01 kB
public/build/assets/goals-path-kHSPZ1fp.js                              13.35 kB │ gzip:   5.34 kB
public/build/assets/_dialogs-BDu3lmCP.js                                13.39 kB │ gzip:   4.86 kB
public/build/assets/create-CPREaHRi.js                                  13.39 kB │ gzip:   5.20 kB
public/build/assets/_dialogs-BVByjZVd.js                                13.39 kB │ gzip:   5.61 kB
public/build/assets/HealthMonitoring-Cf90xRey.js                        13.40 kB │ gzip:   4.88 kB
public/build/assets/Index-B0bH8Lh1.js                                   13.44 kB │ gzip:   5.87 kB
public/build/assets/_audit-dialog-BSO_dFQ0.js                           13.46 kB │ gzip:   5.40 kB
public/build/assets/timesheet-review-FOC8T9RK.js                        13.46 kB │ gzip:   5.02 kB
public/build/assets/_ledger-panel--YmC3i_U.js                           13.46 kB │ gzip:   4.24 kB
public/build/assets/unassign-make-open-dialog-BgT7Bo_1.js               13.47 kB │ gzip:   5.09 kB
public/build/assets/about-AfU8JO-1.js                                   13.50 kB │ gzip:   3.49 kB
public/build/assets/houses-D5sK1uYF.js                                  13.55 kB │ gzip:   5.66 kB
public/build/assets/digest-panel-Csy0P9z4.js                            13.56 kB │ gzip:   4.79 kB
public/build/assets/expenses-B_CcuZa0.js                                13.57 kB │ gzip:   5.25 kB
public/build/assets/index-B-q_7-HD.js                                   13.57 kB │ gzip:   5.79 kB
public/build/assets/edit-template-DuMDfS0l.js                           13.58 kB │ gzip:   5.47 kB
public/build/assets/client-DCIaaHd4.js                                  13.61 kB │ gzip:   3.89 kB
public/build/assets/Index-Cda19IZc.js                                   13.62 kB │ gzip:   5.89 kB
public/build/assets/my-day-hero-CGbSJwL2.js                             13.65 kB │ gzip:   5.95 kB
public/build/assets/MyInterests-BzbTEXA0.js                             13.68 kB │ gzip:   5.79 kB
public/build/assets/Index-CrJ6os5T.js                                   13.69 kB │ gzip:   5.97 kB
public/build/assets/_dialogs-B9BYkB9P.js                                13.70 kB │ gzip:   5.13 kB
public/build/assets/terminology-BcXqR4JN.js                             13.71 kB │ gzip:   4.22 kB
public/build/assets/documents-DvqWTgVm.js                               13.72 kB │ gzip:   5.48 kB
public/build/assets/by-house-CAGTHLsp.js                                13.72 kB │ gzip:   4.85 kB
public/build/assets/rule-wizard-wW8H4pZC.js                             13.75 kB │ gzip:   5.10 kB
public/build/assets/Index-BlEorh8F.js                                   13.79 kB │ gzip:   5.82 kB
public/build/assets/Index-DtRFXAZw.js                                   13.82 kB │ gzip:   5.47 kB
public/build/assets/Index-CgCC7cW1.js                                   13.85 kB │ gzip:   5.60 kB
public/build/assets/Committee-BVpuCacC.js                               13.86 kB │ gzip:   6.00 kB
public/build/assets/_recipe-edit-dialog-CEu6TK5L.js                     13.90 kB │ gzip:   4.69 kB
public/build/assets/timeline-tab-DIYlVsrY.js                            13.94 kB │ gzip:   4.94 kB
public/build/assets/Show-Bn2gC30i.js                                    14.00 kB │ gzip:   6.03 kB
public/build/assets/map-Cw4Luwsp.js                                     14.00 kB │ gzip:   5.82 kB
public/build/assets/create-D-2ppkSv.js                                  14.05 kB │ gzip:   5.36 kB
public/build/assets/show-CbqYrIbE.js                                    14.09 kB │ gzip:   5.08 kB
public/build/assets/show-BWaLLA1q.js                                    14.12 kB │ gzip:   4.74 kB
public/build/assets/holidays-DicPYoye.js                                14.12 kB │ gzip:   5.77 kB
public/build/assets/Show-DoWEkwCd.js                                    14.12 kB │ gzip:   5.52 kB
public/build/assets/Attestations-Z4oFGdGR.js                            14.12 kB │ gzip:   5.82 kB
public/build/assets/index-D4bupQSg.js                                   14.16 kB │ gzip:   5.39 kB
public/build/assets/Index-DAKXWutQ.js                                   14.20 kB │ gzip:   6.21 kB
public/build/assets/audit-log-CYgb9snP.js                               14.21 kB │ gzip:   5.75 kB
public/build/assets/_dialog-shared-DhYHjjtu.js                          14.22 kB │ gzip:   5.46 kB
public/build/assets/new-vendor-dialog-BHdyYerT.js                       14.25 kB │ gzip:   4.76 kB
public/build/assets/Terminals-B2eAhIAc.js                               14.31 kB │ gzip:   5.94 kB
public/build/assets/task-detail-dialog-Dvq6zIvR.js                      14.34 kB │ gzip:   4.80 kB
public/build/assets/Statements-ZgfA1i6a.js                              14.39 kB │ gzip:   5.89 kB
public/build/assets/trends-eo8saYOb.js                                  14.40 kB │ gzip:   4.83 kB
public/build/assets/Index-Dywa0bLr.js                                   14.41 kB │ gzip:   6.18 kB
public/build/assets/workflow-DdKQf2Af.js                                14.41 kB │ gzip:   5.91 kB
public/build/assets/survey-DDoK9BUJ.js                                  14.44 kB │ gzip:   4.77 kB
public/build/assets/index-B185hGU3.js                                   14.45 kB │ gzip:   5.39 kB
public/build/assets/Index-D7OG0buA.js                                   14.47 kB │ gzip:   6.20 kB
public/build/assets/mar-8kJLbPGE.js                                     14.48 kB │ gzip:   3.92 kB
public/build/assets/Create-CZt6Ey8P.js                                  14.48 kB │ gzip:   5.67 kB
public/build/assets/index-Cr21GyzH.js                                   14.48 kB │ gzip:   5.80 kB
public/build/assets/Index-DNZDdZ5U.js                                   14.49 kB │ gzip:   6.40 kB
public/build/assets/Index-DY_UMcRt.js                                   14.51 kB │ gzip:   6.03 kB
public/build/assets/global-DkXz5Cmu.js                                  14.59 kB │ gzip:   5.53 kB
public/build/assets/Financials-DkWxn7eC.js                              14.61 kB │ gzip:   5.76 kB
public/build/assets/_commercial-CjrEzIMq.js                             14.62 kB │ gzip:   5.37 kB
public/build/assets/_dialogs-CGGZd6Q9.js                                14.63 kB │ gzip:   5.81 kB
public/build/assets/index-C0ITnloD.js                                   14.64 kB │ gzip:   5.57 kB
public/build/assets/matrix-T1XQ1cAT.js                                  14.74 kB │ gzip:   5.92 kB
public/build/assets/record-evidence-dialog-twYpa-66.js                  14.75 kB │ gzip:   5.98 kB
public/build/assets/_dialogs-CC91iKpU.js                                14.75 kB │ gzip:   5.61 kB
public/build/assets/show-DNdWSP9L.js                                    14.76 kB │ gzip:   5.72 kB
public/build/assets/my-tasks-CsMhLPc5.js                                14.76 kB │ gzip:   5.78 kB
public/build/assets/run-CKD-TQxK.js                                     14.76 kB │ gzip:   5.48 kB
public/build/assets/index-CEDfiPZP.js                                   14.77 kB │ gzip:   6.14 kB
public/build/assets/playback-D1SCarzh.js                                14.79 kB │ gzip:   5.82 kB
public/build/assets/index-8QtyAzYZ.js                                   14.79 kB │ gzip:   5.80 kB
public/build/assets/Show-C2AwZGED.js                                    14.82 kB │ gzip:   5.88 kB
public/build/assets/new-bill-dialog-CLlYTYs0.js                         14.83 kB │ gzip:   5.31 kB
public/build/assets/Show-DxiTwVUu.js                                    14.86 kB │ gzip:   6.08 kB
public/build/assets/reports-CH9uEfjx.js                                 14.91 kB │ gzip:   5.17 kB
public/build/assets/Index-D0TBelBE.js                                   14.95 kB │ gzip:   5.52 kB
public/build/assets/show-gresAsiy.js                                    14.95 kB │ gzip:   5.51 kB
public/build/assets/CashFlow-BrpK4fs-.js                                14.97 kB │ gzip:   5.91 kB
public/build/assets/Create-D9xPEGGm.js                                  14.98 kB │ gzip:   4.94 kB
public/build/assets/index-C9wmlzVH.js                                   14.98 kB │ gzip:   6.05 kB
public/build/assets/Results-C5hy1QLR.js                                 15.02 kB │ gzip:   6.26 kB
public/build/assets/portal-users-DJQYvKjz.js                            15.03 kB │ gzip:   6.22 kB
public/build/assets/edit-4PCibNcQ.js                                    15.08 kB │ gzip:   5.89 kB
public/build/assets/sso-groups-zwn3MLWf.js                              15.11 kB │ gzip:   5.62 kB
public/build/assets/custom-fields-C5pWy6FT.js                           15.11 kB │ gzip:   6.13 kB
public/build/assets/index-BL-G4XtB.js                                   15.14 kB │ gzip:   6.22 kB
public/build/assets/command-centre-hero-DP1_AcD9.js                     15.18 kB │ gzip:   6.15 kB
public/build/assets/Show-DIQby5tE.js                                    15.20 kB │ gzip:   6.40 kB
public/build/assets/overview-uwRun5el.js                                15.26 kB │ gzip:   5.52 kB
public/build/assets/BatchDetail-D-SfTrgL.js                             15.27 kB │ gzip:   5.90 kB
public/build/assets/create-SOExYOiA.js                                  15.31 kB │ gzip:   5.60 kB
public/build/assets/terms-D9Le1Jfj.js                                   15.36 kB │ gzip:   4.44 kB
public/build/assets/Index-Dtah4Tq7.js                                   15.37 kB │ gzip:   6.34 kB
public/build/assets/Roles-DUG56NFy.js                                   15.39 kB │ gzip:   4.83 kB
public/build/assets/edit-D95yRdo6.js                                    15.39 kB │ gzip:   6.09 kB
public/build/assets/contact-kD4YEa4F.js                                 15.42 kB │ gzip:   4.92 kB
public/build/assets/Show-BXVfjtyO.js                                    15.47 kB │ gzip:   6.01 kB
public/build/assets/Index-DC6e29-i.js                                   15.47 kB │ gzip:   6.57 kB
public/build/assets/show-Bsh0YyNm.js                                    15.53 kB │ gzip:   5.82 kB
public/build/assets/record-event-dialog-CYxWtUU6.js                     15.54 kB │ gzip:   5.97 kB
public/build/assets/staff-detail-BZAK-H6E.js                            15.55 kB │ gzip:   5.92 kB
public/build/assets/bonuses-DUllJgiq.js                                 15.55 kB │ gzip:   6.30 kB
public/build/assets/reports-DM_0elwr.js                                 15.60 kB │ gzip:   5.96 kB
public/build/assets/payslips-CcPdDTMD.js                                15.62 kB │ gzip:   5.66 kB
public/build/assets/shift-detail-dialog-B4kfAQeX.js                     15.63 kB │ gzip:   6.05 kB
public/build/assets/daily-note-wizard-BMGMHKYt.js                       15.63 kB │ gzip:   4.78 kB
public/build/assets/profile-BOZ-T1Zy.js                                 15.70 kB │ gzip:   5.63 kB
public/build/assets/Index-CSSNv5H8.js                                   15.72 kB │ gzip:   6.33 kB
public/build/assets/history-BxllNZ8U.js                                 15.73 kB │ gzip:   5.82 kB
public/build/assets/Show-OgARlAmO.js                                    15.75 kB │ gzip:   6.34 kB
public/build/assets/webhooks-lWUV0VST.js                                15.76 kB │ gzip:   5.41 kB
public/build/assets/BudgetVsActuals-CmQUVMQh.js                         15.76 kB │ gzip:   6.10 kB
public/build/assets/Heatmap-Cm-t5szU.js                                 15.86 kB │ gzip:   6.68 kB
public/build/assets/evidence-upload-Bs80Fdbe.js                         15.86 kB │ gzip:   6.59 kB
public/build/assets/my-hr-shoutout-spotlight-CZVHMsRP.js                15.87 kB │ gzip:   5.91 kB
public/build/assets/Batches-B1KesFZG.js                                 15.88 kB │ gzip:   6.53 kB
public/build/assets/review-detail-D0_UK7qS.js                           15.89 kB │ gzip:   6.32 kB
public/build/assets/index-YNXYClga.js                                   15.95 kB │ gzip:   6.64 kB
public/build/assets/maintenance-health-CxLUC2w_.js                      15.98 kB │ gzip:   6.30 kB
public/build/assets/Index-DagcLu72.js                                   15.99 kB │ gzip:   6.26 kB
public/build/assets/audit-BNFyFPUj.js                                   16.04 kB │ gzip:   5.96 kB
public/build/assets/Index-DAhSZuDG.js                                   16.05 kB │ gzip:   6.84 kB
public/build/assets/record-dose-wizard-Dw6juARK.js                      16.05 kB │ gzip:   5.37 kB
public/build/assets/record-receipt-dialog-DaHZ2s1G.js                   16.12 kB │ gzip:   5.59 kB
public/build/assets/index-Bk6vBbsv.js                                   16.14 kB │ gzip:   6.44 kB
public/build/assets/policy-wizards-DmyFw_c0.js                          16.17 kB │ gzip:   5.57 kB
public/build/assets/Index-DKFjF1HT.js                                   16.27 kB │ gzip:   6.85 kB
public/build/assets/matrix-9B87C8Us.js                                  16.28 kB │ gzip:   6.33 kB
public/build/assets/appearance-DRvjwGF8.js                              16.30 kB │ gzip:   5.01 kB
public/build/assets/incidents-Cksg92FJ.js                               16.32 kB │ gzip:   6.04 kB
public/build/assets/risk-management-e6PzU3oV.js                         16.35 kB │ gzip:   6.27 kB
public/build/assets/Assessments-4lD3Lu0X.js                             16.39 kB │ gzip:   6.45 kB
public/build/assets/Show-C9Md5ZbW.js                                    16.39 kB │ gzip:   6.43 kB
public/build/assets/record-abc-dialog-ysDbT9Tf.js                       16.39 kB │ gzip:   5.81 kB
public/build/assets/Index-DrSEZVA8.js                                   16.41 kB │ gzip:   6.35 kB
public/build/assets/breaches-DaDtfWV5.js                                16.42 kB │ gzip:   5.76 kB
public/build/assets/RunResults-0V_diO_6.js                              16.44 kB │ gzip:   6.18 kB
public/build/assets/show-BEeLy8WG.js                                    16.49 kB │ gzip:   6.59 kB
public/build/assets/index-B_ttLgip.js                                   16.52 kB │ gzip:   6.63 kB
public/build/assets/Settings-sys4Iebt.js                                16.55 kB │ gzip:   6.22 kB
public/build/assets/show-C186DZ4S.js                                    16.56 kB │ gzip:   5.62 kB
public/build/assets/Show-DfPbySsM.js                                    16.59 kB │ gzip:   6.54 kB
public/build/assets/notification-defaults-B5NLxDL2.js                   16.62 kB │ gzip:   5.93 kB
public/build/assets/index-DVDpL9dA.js                                   16.66 kB │ gzip:   6.49 kB
public/build/assets/Index-B8DSVNp8.js                                   16.68 kB │ gzip:   6.63 kB
public/build/assets/observations-DSTWHnZ7.js                            16.70 kB │ gzip:   6.21 kB
public/build/assets/boundary-wizard-YuFNpV1y.js                         16.72 kB │ gzip:   6.43 kB
public/build/assets/location-BtlKkBGh.js                                16.73 kB │ gzip:   6.02 kB
public/build/assets/Show-DYzJVLrO.js                                    16.81 kB │ gzip:   6.97 kB
public/build/assets/charts-BlZDzJtX.js                                  16.83 kB │ gzip:   5.56 kB
public/build/assets/Protocols-D3vF8Fuh.js                               16.86 kB │ gzip:   6.24 kB
public/build/assets/documents-Dtl546j_.js                               16.86 kB │ gzip:   6.67 kB
public/build/assets/leave-8BRMQUZX.js                                   16.88 kB │ gzip:   7.07 kB
public/build/assets/Index-BUkBtBgg.js                                   16.88 kB │ gzip:   6.91 kB
public/build/assets/Show-BV69Xzh8.js                                    16.88 kB │ gzip:   5.84 kB
public/build/assets/Index-ekM2IAvE.js                                   16.89 kB │ gzip:   6.96 kB
public/build/assets/note-detail-dialog-5AMwAl7V.js                      16.91 kB │ gzip:   5.80 kB
public/build/assets/api-DPdTptEU.js                                     16.93 kB │ gzip:   5.17 kB
public/build/assets/Index-9TmRedid.js                                   16.99 kB │ gzip:   6.67 kB
public/build/assets/cost-allocation-DnT7R4iD.js                         17.07 kB │ gzip:   6.11 kB
public/build/assets/leaflet-map-BpHmIbgb.js                             17.11 kB │ gzip:   6.08 kB
public/build/assets/edit-BwoeBx0K.js                                    17.11 kB │ gzip:   6.33 kB
public/build/assets/family-notes-BVRgkj6j.js                            17.12 kB │ gzip:   6.36 kB
public/build/assets/index-C-Hbi4Ex.js                                   17.12 kB │ gzip:   6.69 kB
public/build/assets/Index-DiNAJWtw.js                                   17.16 kB │ gzip:   6.20 kB
public/build/assets/Index-B_JDgYVm.js                                   17.21 kB │ gzip:   7.10 kB
public/build/assets/create-DFcuc2xR.js                                  17.21 kB │ gzip:   6.02 kB
public/build/assets/maintenance-Cd5wiOgh.js                             17.29 kB │ gzip:   6.48 kB
public/build/assets/leave-hub-tabs-CGpD5C9V.js                          17.30 kB │ gzip:   5.81 kB
public/build/assets/_dialogs-DMtVEgKq.js                                17.31 kB │ gzip:   6.48 kB
public/build/assets/worklists-DSpUP6Wj.js                               17.31 kB │ gzip:   5.87 kB
public/build/assets/Index-CX5jIgDR.js                                   17.34 kB │ gzip:   7.24 kB
public/build/assets/week-picker-BzqUcWod.js                             17.40 kB │ gzip:   6.73 kB
public/build/assets/fleet-calendar-Cj9fjGcX.js                          17.42 kB │ gzip:   6.89 kB
public/build/assets/view-timesheet-dialog-D4O4rnvZ.js                   17.49 kB │ gzip:   4.84 kB
public/build/assets/handover-detail-dialog-CMkRcBLD.js                  17.50 kB │ gzip:   5.94 kB
public/build/assets/Index-aj8pUXST.js                                   17.63 kB │ gzip:   7.49 kB
public/build/assets/index-BpLMzsjE.js                                   17.63 kB │ gzip:   6.73 kB
public/build/assets/index-wO1xNql0.js                                   17.64 kB │ gzip:   5.93 kB
public/build/assets/_overview-dialogs-oLLt2HhA.js                       17.65 kB │ gzip:   5.35 kB
public/build/assets/show-CMfZp88F.js                                    17.71 kB │ gzip:   4.44 kB
public/build/assets/edit-CfdSwAf1.js                                    17.87 kB │ gzip:   6.46 kB
public/build/assets/substance-wizard-dialog-COxUIcWO.js                 17.90 kB │ gzip:   6.30 kB
public/build/assets/index-BbBRL-D_.js                                   17.90 kB │ gzip:   6.91 kB
public/build/assets/show-S6XxPTQS.js                                    17.91 kB │ gzip:   6.41 kB
public/build/assets/Index-BYX7uXT_.js                                   17.97 kB │ gzip:   7.35 kB
public/build/assets/security-Cx7GddMU.js                                17.99 kB │ gzip:   6.22 kB
public/build/assets/reports-COiHCVWk.js                                 18.01 kB │ gzip:   6.33 kB
public/build/assets/Show-C2MK5-jc.js                                    18.02 kB │ gzip:   6.09 kB
public/build/assets/Index-BuQ4OVHc.js                                   18.02 kB │ gzip:   7.30 kB
public/build/assets/show-Dsll0pm_.js                                    18.02 kB │ gzip:   6.64 kB
public/build/assets/show-B0u95EnP.js                                    18.03 kB │ gzip:   6.58 kB
public/build/assets/index-Btv0s268.js                                   18.07 kB │ gzip:   2.18 kB
public/build/assets/health-clinical-shell-BmWw-Ha5.js                   18.07 kB │ gzip:   7.18 kB
public/build/assets/index-DjvkO1CB.js                                   18.07 kB │ gzip:   4.73 kB
public/build/assets/shift-coverage-u3906i66.js                          18.17 kB │ gzip:   6.42 kB
public/build/assets/Show-CRwH21lg.js                                    18.20 kB │ gzip:   7.01 kB
public/build/assets/Show-CuIzR_-g.js                                    18.21 kB │ gzip:   7.35 kB
public/build/assets/daily-notes-BFpuTFEK.js                             18.21 kB │ gzip:   6.71 kB
public/build/assets/_dialogs-BaiO9XyX.js                                18.24 kB │ gzip:   6.68 kB
public/build/assets/payslip-detail-NduOrEIM.js                          18.24 kB │ gzip:   6.10 kB
public/build/assets/dashboard-C2gndLqh.js                               18.25 kB │ gzip:   6.95 kB
public/build/assets/Edit-PWVdaMwp.js                                    18.26 kB │ gzip:   6.98 kB
public/build/assets/operational-map-Dk9lBGmB.js                         18.30 kB │ gzip:   6.19 kB
public/build/assets/book-vehicle-wizard-TFmhqHgl.js                     18.31 kB │ gzip:   5.54 kB
public/build/assets/Show-vjj3WpfN.js                                    18.36 kB │ gzip:   7.16 kB
public/build/assets/Show-Clic0UPb.js                                    18.45 kB │ gzip:   7.41 kB
public/build/assets/announcement-wizard-DrAfw3n2.js                     18.46 kB │ gzip:   6.36 kB
public/build/assets/index-DpA4BdX0.js                                   18.52 kB │ gzip:   6.55 kB
public/build/assets/schedule-BhqbvQx3.js                                18.62 kB │ gzip:   6.39 kB
public/build/assets/directory-D1TeXK8w.js                               18.62 kB │ gzip:   6.31 kB
public/build/assets/create-wizard-BTsRI0HY.js                           18.69 kB │ gzip:   6.51 kB
public/build/assets/index-CeEqTzGY.js                                   18.71 kB │ gzip:   7.24 kB
public/build/assets/show-YAB0KXWu.js                                    18.75 kB │ gzip:   6.84 kB
public/build/assets/chains-IoCF0Y8S.js                                  18.79 kB │ gzip:   6.62 kB
public/build/assets/ppe-detail-dialog-DaToYhTw.js                       18.80 kB │ gzip:   6.40 kB
public/build/assets/show-review-BvOG7B8S.js                             18.85 kB │ gzip:   6.81 kB
public/build/assets/_recipes-panel-Cq-ooLDy.js                          18.90 kB │ gzip:   6.00 kB
public/build/assets/audit-logs-9OHgqUej.js                              18.92 kB │ gzip:   7.16 kB
public/build/assets/_dialogs-ClngS-kR.js                                19.07 kB │ gzip:   6.16 kB
public/build/assets/goals-7AkVbZ4K.js                                   19.23 kB │ gzip:   6.68 kB
public/build/assets/integrations-CrPC2_Mu.js                            19.25 kB │ gzip:   6.67 kB
public/build/assets/show-DlRPjwN5.js                                    19.26 kB │ gzip:   7.10 kB
public/build/assets/edit-CcYzw86X.js                                    19.30 kB │ gzip:   6.89 kB
public/build/assets/two-factor-DfPwfQB2.js                              19.33 kB │ gzip:   7.20 kB
public/build/assets/index-C8lC3LUz.js                                   19.36 kB │ gzip:   6.65 kB
public/build/assets/_dialogs-DEcSWx7o.js                                19.43 kB │ gzip:   7.21 kB
public/build/assets/escalations-eSsAXJWf.js                             19.51 kB │ gzip:   8.13 kB
public/build/assets/_templates-panel-DTuTngdU.js                        19.54 kB │ gzip:   6.00 kB
public/build/assets/calendar-sync-JII_OWGt.js                           19.54 kB │ gzip:   7.40 kB
public/build/assets/index-B00lls4u.js                                   19.56 kB │ gzip:   7.46 kB
public/build/assets/Shifts-DjtjpYNw.js                                  19.56 kB │ gzip:   7.12 kB
public/build/assets/show-ImEd_FmA.js                                    19.62 kB │ gzip:   6.79 kB
public/build/assets/training-D5HWZXIf.js                                19.64 kB │ gzip:   6.52 kB
public/build/assets/Index-CuS7i9Ak.js                                   19.68 kB │ gzip:   8.21 kB
public/build/assets/show-BvawxcSY.js                                    19.69 kB │ gzip:   7.44 kB
public/build/assets/Behaviour-CId14RYA.js                               19.81 kB │ gzip:   6.96 kB
public/build/assets/Show-BvwFz9j1.js                                    19.82 kB │ gzip:   7.80 kB
public/build/assets/Show-BfeiF2OE.js                                    19.89 kB │ gzip:   7.67 kB
public/build/assets/index-dJ55q46K.js                                   19.92 kB │ gzip:   7.76 kB
public/build/assets/_dialogs-DDIqPVuP.js                                19.97 kB │ gzip:   7.02 kB
public/build/assets/features-Dgoc1lPF.js                                19.98 kB │ gzip:   5.23 kB
public/build/assets/Show-Db1jljw9.js                                    20.00 kB │ gzip:   7.72 kB
public/build/assets/index-QlYe-YWg.js                                   20.01 kB │ gzip:   7.42 kB
public/build/assets/edit-pzNRo0-R.js                                    20.21 kB │ gzip:   7.53 kB
public/build/assets/broadcast-BaSMZH3b.js                               20.27 kB │ gzip:   7.81 kB
public/build/assets/dashboard-DawANGbF.js                               20.30 kB │ gzip:   7.52 kB
public/build/assets/index-CcSPuUaZ.js                                   20.30 kB │ gzip:   7.33 kB
public/build/assets/index-CB8BiW4v.js                                   20.32 kB │ gzip:   7.06 kB
public/build/assets/stats-CfcHDDOg.js                                   20.34 kB │ gzip:   6.49 kB
public/build/assets/fixed-asset-dispose-dialog-BLChKvk5.js              20.44 kB │ gzip:   6.68 kB
public/build/assets/show-D9WfB8fA.js                                    20.52 kB │ gzip:   7.56 kB
public/build/assets/note-wizard-4bFeS2IU.js                             20.54 kB │ gzip:   6.60 kB
public/build/assets/fleet-map-BNcXQIkX.js                               20.58 kB │ gzip:   7.16 kB
public/build/assets/_library-dialogs-DUzDwhsj.js                        20.59 kB │ gzip:   5.61 kB
public/build/assets/medications-A0rEbhIQ.js                             20.61 kB │ gzip:   7.23 kB
public/build/assets/shifts-COIr9x1d.js                                  20.62 kB │ gzip:   6.79 kB
public/build/assets/_error-dialogs-BKJxVQqt.js                          20.68 kB │ gzip:   7.30 kB
public/build/assets/calendar-CZE83xsG.js                                20.77 kB │ gzip:   6.78 kB
public/build/assets/history-WYukIu3x.js                                 20.78 kB │ gzip:   7.17 kB
public/build/assets/shift-notes-dialog-BuGL_Dhg.js                      20.84 kB │ gzip:   7.80 kB
public/build/assets/Index-C1OjNQ41.js                                   20.96 kB │ gzip:   8.70 kB
public/build/assets/record-observation-dialog-DQfLec55.js               20.96 kB │ gzip:   8.10 kB
public/build/assets/show-DfTSV1_I.js                                    20.97 kB │ gzip:   7.12 kB
public/build/assets/index-Bic05keq.js                                   21.02 kB │ gzip:   8.60 kB
public/build/assets/create-2Ifhg2Am.js                                  21.06 kB │ gzip:   6.06 kB
public/build/assets/index-DV7j1Noh.js                                   21.10 kB │ gzip:   7.70 kB
public/build/assets/map-BzWAX0QH.js                                     21.11 kB │ gzip:   6.62 kB
public/build/assets/add-device-dialog-CGyBWRvM.js                       21.12 kB │ gzip:   7.34 kB
public/build/assets/balances-B2NMoNsM.js                                21.13 kB │ gzip:   8.49 kB
public/build/assets/Show-CSvijNFc.js                                    21.19 kB │ gzip:   8.07 kB
public/build/assets/create-B8PeSlgy.js                                  21.22 kB │ gzip:   7.14 kB
public/build/assets/show-D28dEFvw.js                                    21.32 kB │ gzip:   7.52 kB
public/build/assets/show-CAeKTQvr.js                                    21.36 kB │ gzip:   7.78 kB
public/build/assets/index-BdZdXfg5.js                                   21.61 kB │ gzip:   7.38 kB
public/build/assets/_dialogs-BRGRDdKu.js                                21.64 kB │ gzip:   7.66 kB
public/build/assets/parts-C2a2PjM8.js                                   21.65 kB │ gzip:   6.77 kB
public/build/assets/Events-Bj4SUV3J.js                                  21.70 kB │ gzip:   7.99 kB
public/build/assets/Index-DFqg_qvR.js                                   21.73 kB │ gzip:   8.36 kB
public/build/assets/performance-wizards-ByG4BNUD.js                     21.79 kB │ gzip:   7.45 kB
public/build/assets/booking-wizard-1PLF5mjB.js                          21.84 kB │ gzip:   7.49 kB
public/build/assets/index-ir9ghGPh.js                                   21.89 kB │ gzip:   8.04 kB
public/build/assets/review-builder-dialog-B4zeN24r.js                   21.89 kB │ gzip:   7.70 kB
public/build/assets/create-CvLwtoZV.js                                  21.89 kB │ gzip:   8.72 kB
public/build/assets/calendar-KPVY2YqM.js                                21.90 kB │ gzip:   6.85 kB
public/build/assets/edit-w2M0go2Z.js                                    21.94 kB │ gzip:   7.37 kB
public/build/assets/Index-BzGmxBW0.js                                   21.98 kB │ gzip:   8.47 kB
public/build/assets/ppe-create-wizards-DQbhWrNx.js                      22.05 kB │ gzip:   7.38 kB
public/build/assets/incidents-DSdY8gvK.js                               22.20 kB │ gzip:   8.35 kB
public/build/assets/create-vaIAR874.js                                  22.23 kB │ gzip:   7.43 kB
public/build/assets/home-DnAZSD4b.js                                    22.25 kB │ gzip:   5.38 kB
public/build/assets/show-Ok3AyADQ.js                                    22.45 kB │ gzip:   7.40 kB
public/build/assets/leave-request-dialog-CsJm7KYz.js                    22.51 kB │ gzip:   7.52 kB
public/build/assets/Index-QaDc8G_a.js                                   22.60 kB │ gzip:   8.51 kB
public/build/assets/payslips-B0yiKlSE.js                                22.60 kB │ gzip:   6.74 kB
public/build/assets/_dialogs-B3_1e5eL.js                                22.81 kB │ gzip:   8.46 kB
public/build/assets/incidents-ohA5oTk0.js                               22.87 kB │ gzip:   8.52 kB
public/build/assets/personal-details-BDJH1Kk-.js                        22.99 kB │ gzip:   7.96 kB
public/build/assets/Show-E5FqFwJl.js                                    23.03 kB │ gzip:   8.57 kB
public/build/assets/notifications-Cetwn9wd.js                           23.12 kB │ gzip:   8.29 kB
public/build/assets/Show-B_bn6o_2.js                                    23.13 kB │ gzip:   7.93 kB
public/build/assets/_competency-dialogs-C3BHmI3x.js                     23.20 kB │ gzip:   7.76 kB
public/build/assets/resident-sidebar-C0gMVmyx.js                        23.21 kB │ gzip:   8.32 kB
public/build/assets/Index-IHR7Ojy1.js                                   23.29 kB │ gzip:   7.74 kB
public/build/assets/index-CLXjSaTY.js                                   23.32 kB │ gzip:   8.09 kB
public/build/assets/Show-sua3f2G1.js                                    23.39 kB │ gzip:   8.59 kB
public/build/assets/unifi-HjlAnnve.js                                   23.43 kB │ gzip:   7.13 kB
public/build/assets/show-DfMcz4Ed.js                                    23.46 kB │ gzip:   7.65 kB
public/build/assets/create-wizard-CLL07HmQ.js                           23.48 kB │ gzip:   8.17 kB
public/build/assets/Show-6oSPzqh0.js                                    23.50 kB │ gzip:   8.98 kB
public/build/assets/Index-C69sced_.js                                   23.75 kB │ gzip:   9.22 kB
public/build/assets/one-rNbOcVJV.js                                     23.95 kB │ gzip:   8.29 kB
public/build/assets/_dialogs-Cuto4-oS.js                                23.99 kB │ gzip:   8.98 kB
public/build/assets/index-upXYPWRN.js                                   24.01 kB │ gzip:   8.98 kB
public/build/assets/analytics-charts-BLkH6UOS.js                        24.03 kB │ gzip:   6.47 kB
public/build/assets/Index-XZMoKUEk.js                                   24.19 kB │ gzip:   8.52 kB
public/build/assets/page-hero-DXrGNSwN.js                               24.23 kB │ gzip:   7.29 kB
public/build/assets/Create-DHcvU7mD.js                                  24.24 kB │ gzip:   7.93 kB
public/build/assets/ResolutionResultCard-6YwE0I_z.js                    24.31 kB │ gzip:   8.93 kB
public/build/assets/mar-governance-dialogs-Wt59iitR.js                  24.32 kB │ gzip:   7.57 kB
public/build/assets/automations-DZCJA4h4.js                             24.75 kB │ gzip:   7.61 kB
public/build/assets/restraint-event-wizard-DtyNSl7a.js                  24.76 kB │ gzip:   8.04 kB
public/build/assets/Show-DRLImTU8.js                                    24.76 kB │ gzip:  10.00 kB
public/build/assets/governance-labels-CJgR2U5s.js                       24.81 kB │ gzip:   8.17 kB
public/build/assets/Show-DPFs7B7c.js                                    24.92 kB │ gzip:   8.75 kB
public/build/assets/Show-K-Otlfaa.js                                    25.00 kB │ gzip:   9.64 kB
public/build/assets/Reconcile-CwmcRbFd.js                               25.03 kB │ gzip:   8.88 kB
public/build/assets/_review-dialogs-BUDse8O7.js                         25.05 kB │ gzip:   7.97 kB
public/build/assets/index-Bwym2JVN.js                                   25.07 kB │ gzip:   8.19 kB
public/build/assets/objective-wizard-pZalN8nV.js                        25.18 kB │ gzip:   7.13 kB
public/build/assets/Medications-BmF0c_y5.js                             25.25 kB │ gzip:   9.18 kB
public/build/assets/Index-B5mZPtju.js                                   25.42 kB │ gzip:   7.88 kB
public/build/assets/Show-BfsGIuUK.js                                    25.43 kB │ gzip:   9.76 kB
public/build/assets/sso-D1-I903L.js                                     25.52 kB │ gzip:   7.98 kB
public/build/assets/index-_GetX_ad.js                                   25.53 kB │ gzip:   9.67 kB
public/build/assets/index-BQgMax2m.js                                   25.53 kB │ gzip:   8.91 kB
public/build/assets/it-mailbox-CEkAtRmX.js                              25.64 kB │ gzip:   8.73 kB
public/build/assets/show-CIunWpwq.js                                    25.76 kB │ gzip:   8.12 kB
public/build/assets/milesight-DRK5fUbR.js                               25.89 kB │ gzip:   8.51 kB
public/build/assets/create-offer-BKj82qVr.js                            25.93 kB │ gzip:   8.82 kB
public/build/assets/dashboard-C3wbgYym.js                               26.06 kB │ gzip:   8.06 kB
public/build/assets/vendor-utils-Dr6D9L7d.js                            26.13 kB │ gzip:   8.47 kB
public/build/assets/Index-D0vsivQt.js                                   26.17 kB │ gzip:   9.74 kB
public/build/assets/record-assessment-dialog-C27VVWXX.js                26.21 kB │ gzip:   9.51 kB
public/build/assets/documents-wizards-RMExtbms.js                       26.26 kB │ gzip:   9.26 kB
public/build/assets/show-BlRKdXDT.js                                    26.34 kB │ gzip:   8.97 kB
public/build/assets/_dialogs-C48gSISP.js                                26.35 kB │ gzip:   8.34 kB
public/build/assets/index-CGfdq6Mh.js                                   26.36 kB │ gzip:   9.01 kB
public/build/assets/transport-medication-dialogs-nnT7Fh9-.js            26.38 kB │ gzip:   6.09 kB
public/build/assets/show-DmoMzmlm.js                                    26.53 kB │ gzip:   7.67 kB
public/build/assets/Handovers-CQlEgA5C.js                               26.68 kB │ gzip:  10.43 kB
public/build/assets/_workspace-dialogs-oRzliqtg.js                      26.83 kB │ gzip:   8.78 kB
public/build/assets/create-VP6M0pON.js                                  26.91 kB │ gzip:   7.54 kB
public/build/assets/index-BDu5osIF.js                                   27.01 kB │ gzip:   9.57 kB
public/build/assets/index-BxzpV5ET.js                                   27.12 kB │ gzip:   9.68 kB
public/build/assets/show-C1SOW6bh.js                                    27.16 kB │ gzip:   9.06 kB
public/build/assets/index-COgNu4tH.js                                   27.31 kB │ gzip:   9.47 kB
public/build/assets/SelfAdmin-CN4XN4Zb.js                               27.42 kB │ gzip:   9.11 kB
public/build/assets/provisioning-command-dialog-CRbVEP2d.js             27.65 kB │ gzip:  10.76 kB
public/build/assets/show-dGo5DYRW.js                                    27.66 kB │ gzip:   9.78 kB
public/build/assets/care-support-plan-_EGKmx7s.js                       27.67 kB │ gzip:   9.14 kB
public/build/assets/Index-CGWK9Msk.js                                   27.72 kB │ gzip:  10.43 kB
public/build/assets/index-Cu1xsQSj.js                                   27.81 kB │ gzip:   9.77 kB
public/build/assets/index-CveGCVny.js                                   27.85 kB │ gzip:   9.32 kB
public/build/assets/edit-B130ImjW.js                                    27.91 kB │ gzip:   9.30 kB
public/build/assets/asset-wizard-dialog-DSwiV3Nj.js                     28.04 kB │ gzip:   9.40 kB
public/build/assets/smart-monitoring-ce_gMFWx.js                        28.05 kB │ gzip:   6.49 kB
public/build/assets/Index-CLgP56yr.js                                   28.08 kB │ gzip:  10.42 kB
public/build/assets/index-CdCubnIL.js                                   28.25 kB │ gzip:   9.19 kB
public/build/assets/show-Dto4xRaz.js                                    28.41 kB │ gzip:   9.98 kB
public/build/assets/index-eObZNBQe.js                                   28.52 kB │ gzip:   9.18 kB
public/build/assets/show-C54Pe2QS.js                                    28.73 kB │ gzip:   8.54 kB
public/build/assets/show-C7cN_P8z.js                                    28.74 kB │ gzip:  10.32 kB
public/build/assets/index-DO8yxiLm.js                                   28.77 kB │ gzip:   8.66 kB
public/build/assets/_self-admin-dialogs-Dmsg9Z8P.js                     28.81 kB │ gzip:   9.50 kB
public/build/assets/Show-C1dPMfw2.js                                    29.01 kB │ gzip:   9.12 kB
public/build/assets/Create-CTw3KNul.js                                  29.07 kB │ gzip:  10.16 kB
public/build/assets/guided-round-dialog-CF02iUT5.js                     29.15 kB │ gzip:   9.61 kB
public/build/assets/templates-h13ciae8.js                               29.63 kB │ gzip:  10.54 kB
public/build/assets/documents-CU9Ld9U4.js                               29.66 kB │ gzip:   9.23 kB
public/build/assets/_dialogs-BVbBbbFW.js                                30.04 kB │ gzip:  10.02 kB
public/build/assets/run-modal-DUeXRIcK.js                               30.05 kB │ gzip:  10.27 kB
public/build/assets/index-CgZQTE0R.js                                   30.19 kB │ gzip:   9.93 kB
public/build/assets/page-header-B1rVIvwH.js                             30.19 kB │ gzip:   9.20 kB
public/build/assets/procedure-detail-dialog-V3AiRbMK.js                 30.20 kB │ gzip:   9.63 kB
public/build/assets/show-CpzpTkEq.js                                    30.29 kB │ gzip:   9.82 kB
public/build/assets/_dialogs-CDBgGzPN.js                                30.39 kB │ gzip:   9.19 kB
public/build/assets/Show-BmxxgvQP.js                                    30.55 kB │ gzip:  11.03 kB
public/build/assets/_dialogs-DUcVe9uB.js                                30.56 kB │ gzip:  10.94 kB
public/build/assets/Competency-DZf9F7Vw.js                              30.57 kB │ gzip:  10.31 kB
public/build/assets/MedicationErrors-B2DUIrY2.js                        30.83 kB │ gzip:  11.23 kB
public/build/assets/_hero-CYC0T5io.js                                   30.97 kB │ gzip:   9.79 kB
public/build/assets/access-qjR8PsMj.js                                  31.10 kB │ gzip:  10.23 kB
public/build/assets/_shopping-list-panel-Dr035UmQ.js                    31.35 kB │ gzip:  11.01 kB
public/build/assets/index-BUSm2Cq8.js                                   31.36 kB │ gzip:  10.76 kB
public/build/assets/Reviews-DwtGv5kP.js                                 31.74 kB │ gzip:  10.46 kB
public/build/assets/_dialogs-BWYPq6cs.js                                31.87 kB │ gzip:   9.50 kB
public/build/assets/_stock-dialogs-BMK7zhDg.js                          31.91 kB │ gzip:   9.55 kB
public/build/assets/notification-escalations-Au_MNT0I.js                32.13 kB │ gzip:  10.04 kB
public/build/assets/email-settings-CcRdn231.js                          32.23 kB │ gzip:  10.34 kB
public/build/assets/access-OxpeSjrV.js                                  32.54 kB │ gzip:  11.62 kB
public/build/assets/index-aDYwz2Dj.js                                   32.91 kB │ gzip:  11.96 kB
public/build/assets/_dialogs-K7B5Zrz-.js                                33.24 kB │ gzip:  10.69 kB
public/build/assets/Show-BPtW2GLh.js                                    33.25 kB │ gzip:  11.67 kB
public/build/assets/Show-CaMH3Ax1.js                                    33.57 kB │ gzip:  11.75 kB
public/build/assets/index-CoHnjkAF.js                                   33.60 kB │ gzip:  11.59 kB
public/build/assets/index-qyInUJk2.js                                   34.00 kB │ gzip:  11.62 kB
public/build/assets/index-CFGRrOly.js                                   34.37 kB │ gzip:  12.25 kB
public/build/assets/show-8ni65dI6.js                                    34.77 kB │ gzip:  10.67 kB
public/build/assets/Destructions-CSYY6edU.js                            34.78 kB │ gzip:  12.45 kB
public/build/assets/medical-CQD7ZKE5.js                                 34.85 kB │ gzip:   7.89 kB
public/build/assets/_prescription-dialogs-CrFXp2gm.js                   35.13 kB │ gzip:   9.94 kB
public/build/assets/index-BWbxOuP5.js                                   35.13 kB │ gzip:  11.92 kB
public/build/assets/Index-Rud180yJ.js                                   35.24 kB │ gzip:  11.56 kB
public/build/assets/_cd-dialogs-Bu8TxmBc.js                             35.36 kB │ gzip:   9.45 kB
public/build/assets/documents-Bv8eh9-y.js                               35.50 kB │ gzip:  11.44 kB
public/build/assets/index-2bLx-nLT.js                                   35.80 kB │ gzip:  12.42 kB
public/build/assets/index-BrCwB-jT.js                                   36.53 kB │ gzip:  11.76 kB
public/build/assets/messages-D3eFEtvo.js                                36.59 kB │ gzip:  11.88 kB
public/build/assets/reviews-C2dky3PA.js                                 36.75 kB │ gzip:  11.57 kB
public/build/assets/index-DEHB0jrt.js                                   37.11 kB │ gzip:  13.95 kB
public/build/assets/handover-DN8rJBoM.js                                37.33 kB │ gzip:  11.82 kB
public/build/assets/Create-CV8toZx1.js                                  37.34 kB │ gzip:  12.10 kB
public/build/assets/index-BTVst7sW.js                                   37.67 kB │ gzip:  11.78 kB
public/build/assets/_inspector-GUsFImOr.js                              37.97 kB │ gzip:  11.56 kB
public/build/assets/documents-DwJvPYGt.js                               37.99 kB │ gzip:  12.59 kB
public/build/assets/Dashboard-DDo_cTX4.js                               38.02 kB │ gzip:  14.32 kB
public/build/assets/index-DNSpRS2a.js                                   38.09 kB │ gzip:  14.58 kB
public/build/assets/Show-D_79oNUR.js                                    38.10 kB │ gzip:  14.45 kB
public/build/assets/global-D7xCsHY7.js                                  38.38 kB │ gzip:  12.88 kB
public/build/assets/hazard-register-DnyvQu0F.js                         38.49 kB │ gzip:  12.71 kB
public/build/assets/Reports-CNihZ9Jz.js                                 38.54 kB │ gzip:  12.94 kB
public/build/assets/Show-Sr0N3XXJ.js                                    39.45 kB │ gzip:  11.41 kB
public/build/assets/index-BYicMuHp.js                                   39.49 kB │ gzip:  13.03 kB
public/build/assets/index-zSC7Aa_B.js                                   39.96 kB │ gzip:  13.09 kB
public/build/assets/index-DDyqpVbO.js                                   40.25 kB │ gzip:  12.96 kB
public/build/assets/index-Bi0wSbqO.js                                   40.33 kB │ gzip:  13.83 kB
public/build/assets/case-wizards-BEXcb4rY.js                            40.74 kB │ gzip:  11.63 kB
public/build/assets/compliance-wizards-DItBveHN.js                      40.85 kB │ gzip:  12.74 kB
public/build/assets/index-4B0esKtL.js                                   40.87 kB │ gzip:  14.74 kB
public/build/assets/index-aw-HwIsf.js                                   40.92 kB │ gzip:  13.38 kB
public/build/assets/index-DFPeYex-.js                                   41.27 kB │ gzip:  14.38 kB
public/build/assets/_dialogs-D1SuPkkK.js                                41.37 kB │ gzip:  12.04 kB
public/build/assets/index-BsPpsX0K.js                                   41.48 kB │ gzip:  14.11 kB
public/build/assets/bands-PoyZFlKu.js                                   41.56 kB │ gzip:  14.34 kB
public/build/assets/Edit-C6LKUVl1.js                                    41.79 kB │ gzip:  13.33 kB
public/build/assets/profile-CHmq6Y2f.js                                 41.91 kB │ gzip:  14.14 kB
public/build/assets/index-DJJ9bZu6.js                                   41.92 kB │ gzip:  15.16 kB
public/build/assets/discovery-DaPypLiM.js                               42.52 kB │ gzip:  12.96 kB
public/build/assets/app-layout-gOPDuoYs.js                              42.65 kB │ gzip:  13.33 kB
public/build/assets/index-C_lsEEtT.js                                   42.72 kB │ gzip:  13.80 kB
public/build/assets/sso-config-CX2pEtwF.js                              42.75 kB │ gzip:  13.92 kB
public/build/assets/handover-wizard-C5UQTKsa.js                         43.04 kB │ gzip:  13.62 kB
public/build/assets/core.esm-D5j4X1h1.js                                43.17 kB │ gzip:  14.39 kB
public/build/assets/service-contexts-C4yTMmpp.js                        43.68 kB │ gzip:  14.00 kB
public/build/assets/_dialogs-B2VWNjX4.js                                43.77 kB │ gzip:  14.05 kB
public/build/assets/StockManagement-BKo9e3nV.js                         43.82 kB │ gzip:  13.12 kB
public/build/assets/show-WgJZC9qV.js                                    44.20 kB │ gzip:  14.93 kB
public/build/assets/Dashboard-CZecLETH.js                               44.21 kB │ gzip:  10.85 kB
public/build/assets/show-CtMxRTmO.js                                    44.21 kB │ gzip:  14.95 kB
public/build/assets/Index-CF3U718x.js                                   44.22 kB │ gzip:  15.19 kB
public/build/assets/_canvas-CJ2GTq-p.js                                 44.48 kB │ gzip:  12.88 kB
public/build/assets/branding-TlUbQP7d.js                                44.74 kB │ gzip:  13.98 kB
public/build/assets/asset-wizards-D567HKDg.js                           45.18 kB │ gzip:  13.11 kB
public/build/assets/AuditLog-DNN0wazm.js                                45.26 kB │ gzip:  15.28 kB
public/build/assets/index-f0rPquw-.js                                   45.53 kB │ gzip:  12.98 kB
public/build/assets/MarCharts-CV_u3fBe.js                               45.65 kB │ gzip:  15.81 kB
public/build/assets/Prescriptions-BqE4yU4N.js                           46.31 kB │ gzip:  14.07 kB
public/build/assets/transport-Zrrobr4f.js                               46.87 kB │ gzip:  15.80 kB
public/build/assets/incident-detail-dialog-DM_VK9xa.js                  47.33 kB │ gzip:  14.30 kB
public/build/assets/drill-detail-dialog-BEtDVqck.js                     47.88 kB │ gzip:  13.51 kB
public/build/assets/Rounds-DhKVyDVh.js                                  48.20 kB │ gzip:  15.16 kB
public/build/assets/incident-report-dialog-DVMuCavL.js                  48.28 kB │ gzip:  15.87 kB
public/build/assets/dashboard-Dlp3WlQQ.js                               48.35 kB │ gzip:  16.05 kB
public/build/assets/_dialogs-Du2Sl1iJ.js                                48.54 kB │ gzip:  14.36 kB
public/build/assets/index-B-B8r-Bx.js                                   48.87 kB │ gzip:  15.62 kB
public/build/assets/create-shift-dialog-_8pkJL2a.js                     49.10 kB │ gzip:  14.23 kB
public/build/assets/index-CNrxGCeW.js                                   49.25 kB │ gzip:  15.17 kB
public/build/assets/_wizard-CSIZoSGh.js                                 49.42 kB │ gzip:  15.34 kB
public/build/assets/welcome-BjU6C8JG.js                                 50.21 kB │ gzip:   9.57 kB
public/build/assets/index-LLoErLcF.js                                   51.04 kB │ gzip:  16.06 kB
public/build/assets/index-CcwyvU0H.js                                   51.78 kB │ gzip:  15.95 kB
public/build/assets/family-dashboard-BCPDLbop.js                        51.92 kB │ gzip:  15.11 kB
public/build/assets/ra-wizard-dialog-gpagM0M6.js                        51.97 kB │ gzip:  16.28 kB
public/build/assets/show-BHiD4krf.js                                    52.02 kB │ gzip:  17.72 kB
public/build/assets/hazard-detail-dialog-1Ik1eCZa.js                    52.62 kB │ gzip:  15.18 kB
public/build/assets/index-o1aUgzyN.js                                   52.85 kB │ gzip:  16.03 kB
public/build/assets/show-BZCE2TIS.js                                    52.92 kB │ gzip:  15.88 kB
public/build/assets/settings-DgRrXA0i.js                                53.29 kB │ gzip:  15.54 kB
public/build/assets/workspace-BJticBjW.js                               54.40 kB │ gzip:  19.22 kB
public/build/assets/index-CQirfhsJ.js                                   56.41 kB │ gzip:  19.11 kB
public/build/assets/Show-BLunR_yV.js                                    57.36 kB │ gzip:  17.32 kB
public/build/assets/CockpitLayout-B6NacESQ.js                           57.41 kB │ gzip:  17.89 kB
public/build/assets/device-profile-sections-DfmP4v1t.js                 58.15 kB │ gzip:  16.93 kB
public/build/assets/dashboard-CHH7rSzl.js                               58.71 kB │ gzip:  16.95 kB
public/build/assets/show-B3GFwfd_.js                                    58.79 kB │ gzip:  20.08 kB
public/build/assets/my-hr-shell-Bv6UjDx4.js                             59.82 kB │ gzip:  18.81 kB
public/build/assets/Index-CdSseP0t.js                                   59.90 kB │ gzip:  19.13 kB
public/build/assets/medical-DxO5N-uM.js                                 60.19 kB │ gzip:  12.06 kB
public/build/assets/PrnRecords-BQ_nl-Ub.js                              60.70 kB │ gzip:  18.67 kB
public/build/assets/conflicts-14EVih92.js                               61.18 kB │ gzip:  19.78 kB
public/build/assets/Show-7wt6TgeF.js                                    62.47 kB │ gzip:  21.41 kB
public/build/assets/_parts-B7EU2bfL.js                                  62.84 kB │ gzip:  20.37 kB
public/build/assets/settings-DwkDqjbe.js                                63.28 kB │ gzip:  17.22 kB
public/build/assets/index-CeyqIBJt.js                                   64.24 kB │ gzip:  19.32 kB
public/build/assets/dashboard-nCOBfxqG.js                               64.43 kB │ gzip:  20.36 kB
public/build/assets/data-CjC4Urob.js                                    64.59 kB │ gzip:  13.99 kB
public/build/assets/monitoring-B8R5uea1.js                              65.74 kB │ gzip:  19.54 kB
public/build/assets/ControlledDrugs-DH-61crb.js                         65.79 kB │ gzip:  20.42 kB
public/build/assets/catalog-B-HM065f.js                                 66.71 kB │ gzip:  17.72 kB
public/build/assets/Show-vt7345YQ.js                                    67.26 kB │ gzip:  19.33 kB
public/build/assets/show-D9qbQsNC.js                                    67.73 kB │ gzip:  15.08 kB
public/build/assets/show-iqQCXCI5.js                                    68.52 kB │ gzip:  20.31 kB
public/build/assets/index-B2RXFqsN.js                                   69.02 kB │ gzip:  21.44 kB
public/build/assets/index-BqPst4Od.js                                   69.31 kB │ gzip:  21.86 kB
public/build/assets/analytics-Db0joP-u.js                               70.58 kB │ gzip:  23.90 kB
public/build/assets/SiteCalendar-RBdyRn4N.js                            71.79 kB │ gzip:  22.73 kB
public/build/assets/concern-dialog-BtO7Yx5f.js                          72.32 kB │ gzip:  20.08 kB
public/build/assets/legacy-profile-sections-BPRZjI05.js                 72.99 kB │ gzip:  19.50 kB
public/build/assets/show-DMFli8dv.js                                    74.24 kB │ gzip:  23.08 kB
public/build/assets/show-BGdRo2tc.js                                    75.67 kB │ gzip:  23.62 kB
public/build/assets/index-BEsibuSd.js                                   77.37 kB │ gzip:  22.54 kB
public/build/assets/_calendar-grid-CfvmC-sU.js                          77.48 kB │ gzip:  22.97 kB
public/build/assets/index-Dwgf1BSR.js                                   78.23 kB │ gzip:  23.83 kB
public/build/assets/index-DhfbgzIr.js                                   80.55 kB │ gzip:  23.35 kB
public/build/assets/index-dDyc6Nbu.js                                   81.63 kB │ gzip:  24.48 kB
public/build/assets/_create-dialog-DuIVlemU.js                          81.96 kB │ gzip:  27.49 kB
public/build/assets/index-CcHyXucp.js                                   83.71 kB │ gzip:  27.21 kB
public/build/assets/index-CbR9ZNs1.js                                   86.90 kB │ gzip:  24.95 kB
public/build/assets/Index-YNE8Kf9t.js                                   88.72 kB │ gzip:  26.80 kB
public/build/assets/index-Dq_zayuN.js                                   88.73 kB │ gzip:  27.28 kB
public/build/assets/staff-page-shell-IlQuZA-u.js                        91.49 kB │ gzip:  27.12 kB
public/build/assets/index-ByW5CjcL.js                                   94.91 kB │ gzip:  28.20 kB
public/build/assets/show-Cog2l_pf.js                                    99.21 kB │ gzip:  25.80 kB
public/build/assets/ticket-intake-fields-4gJr0pEX.js                   102.61 kB │ gzip:  30.27 kB
public/build/assets/index--_WgnPpB.js                                  103.36 kB │ gzip:  31.09 kB
public/build/assets/index-BwFyAVPj.js                                  104.00 kB │ gzip:  31.58 kB
public/build/assets/index-D-Mn9yOi.js                                  107.42 kB │ gzip:  31.45 kB
public/build/assets/queclink-hub-DBLGhsgH.js                           109.74 kB │ gzip:  33.66 kB
public/build/assets/it-wizards-BDH67_qG.js                             111.72 kB │ gzip:  35.88 kB
public/build/assets/index-CEL0S1yI.js                                  111.88 kB │ gzip:  30.55 kB
public/build/assets/workspace-D_bNg5xl.js                              128.30 kB │ gzip:  38.70 kB
public/build/assets/ticket-reopen-dialog-COEewxOi.js                   145.73 kB │ gzip:  46.13 kB
public/build/assets/event-detail-dialog-DeKmtwTD.js                    148.01 kB │ gzip:  38.85 kB
public/build/assets/vendor-maps-CTUbLoeq.js                            149.92 kB │ gzip:  43.49 kB
public/build/assets/index-CIAEkNGe.js                                  155.95 kB │ gzip:  42.59 kB
public/build/assets/index-CRCspFkz.js                                  156.17 kB │ gzip:  45.39 kB
public/build/assets/alert-workspace-dialog-BadF-bQf.js                 158.46 kB │ gzip:  44.46 kB
public/build/assets/index-ZuqRMhbJ.js                                  159.62 kB │ gzip:  45.14 kB
public/build/assets/knowledge-revision-dialog-ej7IphTo.js              177.56 kB │ gzip:  49.72 kB
public/build/assets/vendor-react-C99fm9h8.js                           193.87 kB │ gzip:  60.86 kB
public/build/assets/vendor-inertia-L00mYErJ.js                         195.04 kB │ gzip:  65.83 kB
public/build/assets/category-BasRxo2g.js                               206.54 kB │ gzip:  51.96 kB
public/build/assets/index-CfuIUipj.js                                  215.04 kB │ gzip:  68.39 kB
public/build/assets/index-CVRB1uww.js                                  236.35 kB │ gzip:  70.77 kB
public/build/assets/vendor-calendar-NWT3TLWG.js                        267.92 kB │ gzip:  79.12 kB
public/build/assets/vendor-ui-w1Ikxf0L.js                              276.38 kB │ gzip:  76.83 kB
public/build/assets/index-DrAeamVO.js                                  317.39 kB │ gzip:  88.17 kB
public/build/assets/show-B33MmE0i.js                                   328.56 kB │ gzip:  98.17 kB
public/build/assets/show-C9X1t4db.js                                   350.28 kB │ gzip:  98.87 kB
public/build/assets/vendor-charts-DKFvUt4j.js                          398.58 kB │ gzip: 115.53 kB
public/build/assets/app-Di0swtkG.js                                    519.98 kB │ gzip:  84.40 kB
public/build/assets/show-BMOTfruc.js                                   747.24 kB │ gzip: 239.80 kB

(!) Some chunks are larger than 500 kB after minification. Consider:
- Using dynamic import() to code-split the application
- Use build.rollupOptions.output.manualChunks to improve chunking: https://rollupjs.org/configuration-options/#output-manualchunks
- Adjust chunk size limit for this warning via build.chunkSizeWarningLimit.
✓ built in 3m 49s
