vite v7.3.6 building client environment for production...
[plugin @laravel/vite-plugin-wayfinder] Types generated for actions, routes, form variants
transforming...
✓ 5383 modules transformed.
rendering chunks...
computing gzip size...
public/build/assets/layers-BWBAp2CZ.png                                  0.70 kB
public/build/assets/layers-2x-Bpkbi35X.png                               1.26 kB
public/build/assets/marker-icon-hN30_KVU.png                             1.47 kB
public/build/manifest.json                                           3,767.60 kB │ gzip: 203.68 kB
public/build/assets/show-BlsQFc8X.css                                    0.96 kB │ gzip:   0.38 kB
public/build/assets/vendor-maps-CLLlcC51.css                            11.08 kB │ gzip:   2.73 kB
public/build/assets/knowledge-revision-dialog-D-juoI1B.css              12.92 kB │ gzip:   3.14 kB
public/build/assets/location-workspace-BnCaAc4S.css                     16.92 kB │ gzip:   3.64 kB
public/build/assets/index-Dz79HTNt.css                                  79.82 kB │ gzip:   9.85 kB
public/build/assets/show-ugW-UKTR.css                                  117.68 kB │ gzip:  17.18 kB
public/build/assets/app-CkvBNQdD.css                                   441.20 kB │ gzip:  56.30 kB
public/build/assets/my-hr-utils-fLvKAKV1.js                              0.07 kB │ gzip:   0.09 kB
public/build/assets/avatar-hue-BThxaYxR.js                               0.10 kB │ gzip:   0.11 kB
public/build/assets/_announcer-cvXWdNAc.js                               0.12 kB │ gzip:   0.12 kB
public/build/assets/minus-CyC085jW.js                                    0.12 kB │ gzip:   0.13 kB
public/build/assets/check-mPhmJwSx.js                                    0.12 kB │ gzip:   0.14 kB
public/build/assets/circle-DgvRfmaa.js                                   0.12 kB │ gzip:   0.13 kB
public/build/assets/chevron-down-B2vPbPnQ.js                             0.13 kB │ gzip:   0.14 kB
public/build/assets/chevron-up-DwLQQ3Jw.js                               0.13 kB │ gzip:   0.14 kB
public/build/assets/chevron-left-B7FYyBk0.js                             0.13 kB │ gzip:   0.14 kB
public/build/assets/chevron-right-BYp0uX-N.js                            0.13 kB │ gzip:   0.14 kB
public/build/assets/play-BTsfuwRU.js                                     0.13 kB │ gzip:   0.15 kB
public/build/assets/moon-BqJ3rFD9.js                                     0.14 kB │ gzip:   0.15 kB
public/build/assets/loader-circle-Bm5jkiIC.js                            0.14 kB │ gzip:   0.15 kB
public/build/assets/square-2wXosmZC.js                                   0.15 kB │ gzip:   0.15 kB
public/build/assets/message-circle-Dt-wsO9z.js                           0.15 kB │ gzip:   0.16 kB
public/build/assets/navigation-CVnwo2GI.js                               0.15 kB │ gzip:   0.15 kB
public/build/assets/staff-creation-workflow-D6SGmEbz.js                  0.15 kB │ gzip:   0.13 kB
public/build/assets/plus-DLFa8y7H.js                                     0.15 kB │ gzip:   0.15 kB
public/build/assets/x-BqUaUYG1.js                                        0.15 kB │ gzip:   0.15 kB
public/build/assets/thermometer-BKN4q40k.js                              0.16 kB │ gzip:   0.16 kB
public/build/assets/filter-CvAs4hfj.js                                   0.16 kB │ gzip:   0.16 kB
public/build/assets/bookmark-D2-GdPEC.js                                 0.16 kB │ gzip:   0.16 kB
public/build/assets/arrow-left-De_Q4fXp.js                               0.16 kB │ gzip:   0.16 kB
public/build/assets/arrow-right-WYm-kT1u.js                              0.16 kB │ gzip:   0.16 kB
public/build/assets/arrow-up-right-CmuRUj3P.js                           0.16 kB │ gzip:   0.15 kB
public/build/assets/circle-minus-f-j7jMB3.js                             0.17 kB │ gzip:   0.16 kB
public/build/assets/search-BDYPNXgQ.js                                   0.17 kB │ gzip:   0.16 kB
public/build/assets/move-right-BD5aoh4e.js                               0.17 kB │ gzip:   0.16 kB
public/build/assets/ban-BiEF8URi.js                                      0.17 kB │ gzip:   0.16 kB
public/build/assets/circle-check-CzYFE5f3.js                             0.17 kB │ gzip:   0.16 kB
public/build/assets/chevrons-up-down-CQHoU1VC.js                         0.17 kB │ gzip:   0.16 kB
public/build/assets/provider-CyzdoYBv.js                                 0.17 kB │ gzip:   0.15 kB
public/build/assets/power-CEUFkyW2.js                                    0.17 kB │ gzip:   0.17 kB
public/build/assets/user-round-ZHbrpvM7.js                               0.18 kB │ gzip:   0.17 kB
public/build/assets/gauge-uBLUTUN9.js                                    0.18 kB │ gzip:   0.16 kB
public/build/assets/circle-dot-B-v1kuT9.js                               0.18 kB │ gzip:   0.15 kB
public/build/assets/clock-DbiUhIk4.js                                    0.18 kB │ gzip:   0.17 kB
public/build/assets/message-square-CdcHMqla.js                           0.18 kB │ gzip:   0.17 kB
public/build/assets/check-check-ZQp6LE9m.js                              0.18 kB │ gzip:   0.17 kB
public/build/assets/clock-3-CxHVRB0j.js                                  0.18 kB │ gzip:   0.17 kB
public/build/assets/chart-line-DpcW_5rR.js                               0.18 kB │ gzip:   0.17 kB
public/build/assets/circle-slash-MOsyHPl0.js                             0.18 kB │ gzip:   0.17 kB
public/build/assets/reply-CvVsOipR.js                                    0.18 kB │ gzip:   0.18 kB
public/build/assets/circle-check-big-CPK7vmOQ.js                         0.19 kB │ gzip:   0.18 kB
public/build/assets/circle-play-C4R98Mow.js                              0.19 kB │ gzip:   0.17 kB
public/build/assets/user-DTSynTZG.js                                     0.19 kB │ gzip:   0.18 kB
public/build/assets/megaphone-BUBUWoGF.js                                0.19 kB │ gzip:   0.18 kB
public/build/assets/skip-forward-Ctl72XaY.js                             0.20 kB │ gzip:   0.18 kB
public/build/assets/smartphone-wGUrE1rR.js                               0.20 kB │ gzip:   0.18 kB
public/build/assets/info-bSUZyuGd.js                                     0.20 kB │ gzip:   0.18 kB
public/build/assets/rotate-ccw-COIZt7zA.js                               0.20 kB │ gzip:   0.18 kB
public/build/assets/rotate-cw-zDgcmg2B.js                                0.20 kB │ gzip:   0.18 kB
public/build/assets/lock-CQ6fFPLL.js                                     0.20 kB │ gzip:   0.19 kB
public/build/assets/circle-x-Dhmkfkee.js                                 0.20 kB │ gzip:   0.17 kB
public/build/assets/circle-plus-DhCqYPEZ.js                              0.20 kB │ gzip:   0.18 kB
public/build/assets/chart-palette-BuldC4kO.js                            0.20 kB │ gzip:   0.13 kB
public/build/assets/trending-up-Ce6UAKsZ.js                              0.20 kB │ gzip:   0.18 kB
public/build/assets/utils-COkJOzsg.js                                    0.20 kB │ gzip:   0.16 kB
public/build/assets/credit-card-CDNUCXP5.js                              0.21 kB │ gzip:   0.18 kB
public/build/assets/arrow-up-from-line-ByQ585kK.js                       0.21 kB │ gzip:   0.18 kB
public/build/assets/arrow-down-to-line-BsGYeew9.js                       0.21 kB │ gzip:   0.18 kB
public/build/assets/redo-2-Dqcxl3Ev.js                                   0.21 kB │ gzip:   0.18 kB
public/build/assets/trending-down-CIQwYCN1.js                            0.21 kB │ gzip:   0.18 kB
public/build/assets/undo-2-BV_loCaD.js                                   0.21 kB │ gzip:   0.18 kB
public/build/assets/droplet-CVDxOsAP.js                                  0.21 kB │ gzip:   0.19 kB
public/build/assets/lock-open-I0opmIO_.js                                0.21 kB │ gzip:   0.19 kB
public/build/assets/mail-BeHRhJmw.js                                     0.21 kB │ gzip:   0.20 kB
public/build/assets/it-module-shell-Cq8Pndvb.js                          0.21 kB │ gzip:   0.19 kB
public/build/assets/battery-DpnIJzFP.js                                  0.21 kB │ gzip:   0.18 kB
public/build/assets/pause-DTf436AG.js                                    0.21 kB │ gzip:   0.17 kB
public/build/assets/circle-arrow-up-CcJvc-rp.js                          0.21 kB │ gzip:   0.18 kB
public/build/assets/circle-arrow-down-Cm0ekL-5.js                        0.21 kB │ gzip:   0.18 kB
public/build/assets/pill-CsSr0QjA.js                                     0.21 kB │ gzip:   0.18 kB
public/build/assets/table-2-DLF13Qun.js                                  0.21 kB │ gzip:   0.18 kB
public/build/assets/site-profile-dialog-host-BH_OdoAm.js                 0.21 kB │ gzip:   0.19 kB
public/build/assets/dollar-sign-D93SNh4F.js                              0.22 kB │ gzip:   0.19 kB
public/build/assets/file-C1_0brh9.js                                     0.22 kB │ gzip:   0.18 kB
public/build/assets/laptop-BIz9n58o.js                                   0.22 kB │ gzip:   0.19 kB
public/build/assets/flag-BSx9Bwrb.js                                     0.22 kB │ gzip:   0.20 kB
public/build/assets/rows-3-D4mSF4Xc.js                                   0.22 kB │ gzip:   0.18 kB
public/build/assets/rss-_tLVy1Nh.js                                      0.22 kB │ gzip:   0.19 kB
public/build/assets/briefcase-B7dDpNRN.js                                0.22 kB │ gzip:   0.20 kB
public/build/assets/ellipsis-b3zeaMrG.js                                 0.22 kB │ gzip:   0.16 kB
public/build/assets/target-Bl7VgFN1.js                                   0.22 kB │ gzip:   0.16 kB
public/build/assets/columns-3-CoNtrNwQ.js                                0.22 kB │ gzip:   0.19 kB
public/build/assets/git-merge--M3G1ih4.js                                0.22 kB │ gzip:   0.18 kB
public/build/assets/square-check-big-DRf_iWW2.js                         0.22 kB │ gzip:   0.19 kB
public/build/assets/sticky-note-CDPOMfHt.js                              0.22 kB │ gzip:   0.18 kB
public/build/assets/folder-af7_7Vnu.js                                   0.23 kB │ gzip:   0.19 kB
public/build/assets/ellipsis-vertical-vuW_j7ac.js                        0.23 kB │ gzip:   0.17 kB
public/build/assets/vote-DS1upJoe.js                                     0.23 kB │ gzip:   0.19 kB
public/build/assets/copy-BeBn2t7v.js                                     0.23 kB │ gzip:   0.20 kB
public/build/assets/door-closed-CBzs3Eug.js                              0.23 kB │ gzip:   0.19 kB
public/build/assets/user-round-check-9eX6VaGf.js                         0.23 kB │ gzip:   0.21 kB
public/build/assets/circle-user-round-5jeQKK4B.js                        0.23 kB │ gzip:   0.19 kB
public/build/assets/circle-help-BriwBb9U.js                              0.23 kB │ gzip:   0.20 kB
public/build/assets/ear-B-ZvJHzD.js                                      0.23 kB │ gzip:   0.19 kB
public/build/assets/activity-C7rUfDya.js                                 0.23 kB │ gzip:   0.20 kB
public/build/assets/pen-DUTf-4Gz.js                                      0.23 kB │ gzip:   0.20 kB
public/build/assets/history-CR6tzzIc.js                                  0.24 kB │ gzip:   0.19 kB
public/build/assets/globe-DKKpzIqO.js                                    0.24 kB │ gzip:   0.19 kB
public/build/assets/timer-OWHbyti1.js                                    0.24 kB │ gzip:   0.19 kB
public/build/assets/banknote-BGaS2dnd.js                                 0.24 kB │ gzip:   0.20 kB
public/build/assets/heart-79cFaNU8.js                                    0.24 kB │ gzip:   0.21 kB
public/build/assets/link-2-Dvye1ZPG.js                                   0.24 kB │ gzip:   0.20 kB
public/build/assets/menu-DwhOnL07.js                                     0.24 kB │ gzip:   0.17 kB
public/build/assets/database-CGiQTLSC.js                                 0.24 kB │ gzip:   0.20 kB
public/build/assets/arrow-down-up-DJ1WNHgs.js                            0.24 kB │ gzip:   0.19 kB
public/build/assets/type-Bf_2jq25.js                                     0.24 kB │ gzip:   0.19 kB
public/build/assets/circle-pause-B5maQpuR.js                             0.24 kB │ gzip:   0.19 kB
public/build/assets/arrow-left-right-BCsGQqfs.js                         0.25 kB │ gzip:   0.20 kB
public/build/assets/compass-CQ6U7nUN.js                                  0.25 kB │ gzip:   0.20 kB
public/build/assets/arrow-right-left-Dh8IGy0u.js                         0.25 kB │ gzip:   0.19 kB
public/build/assets/book-marked-DZj2BZL6.js                              0.25 kB │ gzip:   0.20 kB
public/build/assets/settings-2-BaSBaapE.js                               0.25 kB │ gzip:   0.19 kB
public/build/assets/users-round-DKVBGlVL.js                              0.25 kB │ gzip:   0.22 kB
public/build/assets/camera-BCi5S8dq.js                                   0.25 kB │ gzip:   0.21 kB
public/build/assets/file-warning-24rv_hE7.js                             0.25 kB │ gzip:   0.19 kB
public/build/assets/video-Ce8g66vy.js                                    0.25 kB │ gzip:   0.21 kB
public/build/assets/route-Bc8NCzTj.js                                    0.25 kB │ gzip:   0.20 kB
public/build/assets/circle-alert-BuSthBMg.js                             0.25 kB │ gzip:   0.19 kB
public/build/assets/mouse-pointer-2-D08kh5Yr.js                          0.25 kB │ gzip:   0.21 kB
public/build/assets/chart-column-DMMrO6pE.js                             0.25 kB │ gzip:   0.19 kB
public/build/assets/external-link-DouR8k1t.js                            0.25 kB │ gzip:   0.20 kB
public/build/assets/cloud-upload-C4lo_Qzm.js                             0.25 kB │ gzip:   0.20 kB
public/build/assets/shopping-bag-CZ-UA6_s.js                             0.25 kB │ gzip:   0.20 kB
public/build/assets/pentagon-COMy2ybt.js                                 0.25 kB │ gzip:   0.20 kB
public/build/assets/eye-CKu36HFY.js                                      0.25 kB │ gzip:   0.20 kB
public/build/assets/user-check-Bsjw2b8G.js                               0.25 kB │ gzip:   0.22 kB
public/build/assets/map-pin-CuAZsqF9.js                                  0.25 kB │ gzip:   0.22 kB
public/build/assets/archive-BzrQyMtd.js                                  0.25 kB │ gzip:   0.21 kB
public/build/assets/lock-keyhole-CvbG5w57.js                             0.25 kB │ gzip:   0.22 kB
public/build/assets/message-square-plus-CygCHbtn.js                      0.25 kB │ gzip:   0.20 kB
public/build/assets/circle-user-ESPtc0hf.js                              0.25 kB │ gzip:   0.20 kB
public/build/assets/message-square-text-Bbpsu12q.js                      0.25 kB │ gzip:   0.20 kB
public/build/assets/user-minus-Bd6RFpYP.js                               0.25 kB │ gzip:   0.22 kB
public/build/assets/file-check-2-CanDr4I8.js                             0.25 kB │ gzip:   0.20 kB
public/build/assets/messages-square-B5S-SwbJ.js                          0.25 kB │ gzip:   0.20 kB
public/build/assets/link-CfPEEOMg.js                                     0.26 kB │ gzip:   0.19 kB
public/build/assets/hr-hero-BnKBrIoS.js                                  0.26 kB │ gzip:   0.22 kB
public/build/assets/wrench-C0vFkkkf.js                                   0.26 kB │ gzip:   0.20 kB
public/build/assets/upload-CcgRYHri.js                                   0.26 kB │ gzip:   0.22 kB
public/build/assets/calendar-V9UrvqcZ.js                                 0.26 kB │ gzip:   0.20 kB
public/build/assets/log-out-D6mDFvVE.js                                  0.26 kB │ gzip:   0.22 kB
public/build/assets/ticket-check-BU24hzdj.js                             0.26 kB │ gzip:   0.20 kB
public/build/assets/log-in-Cngr85ms.js                                   0.26 kB │ gzip:   0.22 kB
public/build/assets/file-minus-DNHI2d64.js                               0.26 kB │ gzip:   0.19 kB
public/build/assets/key-DZbhU7Uy.js                                      0.26 kB │ gzip:   0.22 kB
public/build/assets/monitor-Cnx4GbjL.js                                  0.26 kB │ gzip:   0.20 kB
public/build/assets/message-square-warning-BSTJ-BiS.js                   0.26 kB │ gzip:   0.20 kB
public/build/assets/utensils-DUkEKCq5.js                                 0.26 kB │ gzip:   0.20 kB
public/build/assets/download-CLf8wtZ9.js                                 0.26 kB │ gzip:   0.22 kB
public/build/assets/zap-CzUM-WRZ.js                                      0.26 kB │ gzip:   0.20 kB
public/build/assets/triangle-alert-DLJhyekP.js                           0.26 kB │ gzip:   0.21 kB
public/build/assets/leaf-DjdCXv21.js                                     0.26 kB │ gzip:   0.22 kB
public/build/assets/file-check-CITEh6N4.js                               0.26 kB │ gzip:   0.20 kB
public/build/assets/workflow-u1vgXfpS.js                                 0.26 kB │ gzip:   0.20 kB
public/build/assets/mic-JgRg854l.js                                      0.26 kB │ gzip:   0.21 kB
public/build/assets/shield-DtOocmRZ.js                                   0.27 kB │ gzip:   0.22 kB
public/build/assets/list-plus-B9czHGRQ.js                                0.27 kB │ gzip:   0.19 kB
public/build/assets/battery-low-DSBEWMed.js                              0.27 kB │ gzip:   0.21 kB
public/build/assets/timer-reset-YtriaZ4V.js                              0.27 kB │ gzip:   0.21 kB
public/build/assets/award-jU6fmIZs.js                                    0.27 kB │ gzip:   0.22 kB
public/build/assets/eraser-CnRtUhse.js                                   0.27 kB │ gzip:   0.22 kB
public/build/assets/image-Cm_jpnry.js                                    0.27 kB │ gzip:   0.22 kB
public/build/assets/repeat-B64SUvky.js                                   0.27 kB │ gzip:   0.20 kB
public/build/assets/arrow-up-DIwThjzK.js                                 0.27 kB │ gzip:   0.20 kB
public/build/assets/flame-BmOmrQIF.js                                    0.27 kB │ gzip:   0.22 kB
public/build/assets/git-branch-BySRsStb.js                               0.27 kB │ gzip:   0.22 kB
public/build/assets/pencil-nBlhYhC3.js                                   0.28 kB │ gzip:   0.22 kB
public/build/assets/pen-line-CWJ8IqWv.js                                 0.28 kB │ gzip:   0.23 kB
public/build/assets/list-checks-BDuPYTF8.js                              0.28 kB │ gzip:   0.18 kB
public/build/assets/book-open-Cvk8q7CL.js                                0.28 kB │ gzip:   0.20 kB
public/build/assets/file-diff-Cf3Ew9ym.js                                0.28 kB │ gzip:   0.20 kB
public/build/assets/wifi-CS1mgSXM.js                                     0.28 kB │ gzip:   0.20 kB
public/build/assets/lightbulb-CKwGBFnG.js                                0.28 kB │ gzip:   0.22 kB
public/build/assets/file-plus-2-DIlh0nPa.js                              0.28 kB │ gzip:   0.21 kB
public/build/assets/layout-template-C3krj2qF.js                          0.28 kB │ gzip:   0.19 kB
public/build/assets/inbox-cX3610BQ.js                                    0.29 kB │ gzip:   0.23 kB
public/build/assets/wallet-oYsIYlH5.js                                   0.29 kB │ gzip:   0.20 kB
public/build/assets/shopping-cart-BKy2j2jE.js                            0.29 kB │ gzip:   0.23 kB
public/build/assets/shirt-CZ3GAM7n.js                                    0.29 kB │ gzip:   0.23 kB
public/build/assets/files-gyhiA0dI.js                                    0.29 kB │ gzip:   0.21 kB
public/build/assets/house-CKZUll_-.js                                    0.29 kB │ gzip:   0.22 kB
public/build/assets/bell-BNQqyVim.js                                     0.29 kB │ gzip:   0.23 kB
public/build/assets/use-initials-U-N8N3-N.js                             0.29 kB │ gzip:   0.20 kB
public/build/assets/send-Cj-icHyv.js                                     0.29 kB │ gzip:   0.23 kB
public/build/assets/folder-open-Bk5Z04V9.js                              0.29 kB │ gzip:   0.22 kB
public/build/assets/receipt-CLuwOEby.js                                  0.29 kB │ gzip:   0.21 kB
public/build/assets/governance-permissions-oQG3y2Ya.js                   0.29 kB │ gzip:   0.19 kB
public/build/assets/link-2-off-B2eqT5cn.js                               0.29 kB │ gzip:   0.21 kB
public/build/assets/smile-DuZEsw3a.js                                    0.29 kB │ gzip:   0.22 kB
public/build/assets/grid-3x3-_DQgBI8P.js                                 0.29 kB │ gzip:   0.21 kB
public/build/assets/bed-double-BqpgSBK0.js                               0.30 kB │ gzip:   0.20 kB
public/build/assets/heart-crack-BaMB_hsB.js                              0.30 kB │ gzip:   0.24 kB
public/build/assets/hash-BbV23dUz.js                                     0.30 kB │ gzip:   0.19 kB
public/build/assets/receipt-text-CY3Xs_--.js                             0.30 kB │ gzip:   0.20 kB
public/build/assets/maximize-2-5kO83Ss5.js                               0.30 kB │ gzip:   0.21 kB
public/build/assets/list-todo-DdioyJ8J.js                                0.30 kB │ gzip:   0.22 kB
public/build/assets/paperclip-CA06AteA.js                                0.30 kB │ gzip:   0.23 kB
public/build/assets/file-up-t6FK6WS7.js                                  0.30 kB │ gzip:   0.21 kB
public/build/assets/gavel-BNeL90IQ.js                                    0.30 kB │ gzip:   0.21 kB
public/build/assets/flask-conical-CH4M2E2w.js                            0.30 kB │ gzip:   0.23 kB
public/build/assets/thumbs-up-DxH2dXxS.js                                0.30 kB │ gzip:   0.24 kB
public/build/assets/list-DAldXX39.js                                     0.30 kB │ gzip:   0.18 kB
public/build/assets/file-down-BD23J0Z-.js                                0.30 kB │ gzip:   0.21 kB
public/build/assets/thumbs-down-C1dG7Lnv.js                              0.30 kB │ gzip:   0.24 kB
public/build/assets/clipboard-check-0F7d5koV.js                          0.30 kB │ gzip:   0.23 kB
public/build/assets/file-clock-dO_e1CRV.js                               0.30 kB │ gzip:   0.23 kB
public/build/assets/users-BMDxPbZo.js                                    0.30 kB │ gzip:   0.23 kB
public/build/assets/calendar-check-CrsuooAK.js                           0.30 kB │ gzip:   0.22 kB
public/build/assets/coffee-CrpElXBm.js                                   0.30 kB │ gzip:   0.21 kB
public/build/assets/user-x-cILFBSjI.js                                   0.30 kB │ gzip:   0.23 kB
public/build/assets/folder-plus-B_ziigTC.js                              0.30 kB │ gzip:   0.23 kB
public/build/assets/chef-hat-Bw6az8Ud.js                                 0.31 kB │ gzip:   0.24 kB
public/build/assets/user-plus-BXe__V7m.js                                0.31 kB │ gzip:   0.24 kB
public/build/assets/box-CzB4wYzh.js                                      0.31 kB │ gzip:   0.22 kB
public/build/assets/heart-pulse-De1BEsoN.js                              0.31 kB │ gzip:   0.25 kB
public/build/assets/piggy-bank-BphsDRQW.js                               0.31 kB │ gzip:   0.25 kB
public/build/assets/badge-check-BOHjohD9.js                              0.31 kB │ gzip:   0.21 kB
public/build/assets/shapes-D8hm9t7l.js                                   0.32 kB │ gzip:   0.25 kB
public/build/assets/hard-hat-DNBLBLj9.js                                 0.32 kB │ gzip:   0.23 kB
public/build/assets/shield-check-PJGUWGfk.js                             0.32 kB │ gzip:   0.25 kB
public/build/assets/printer-u36xDzrH.js                                  0.32 kB │ gzip:   0.24 kB
public/build/assets/square-pen-OLE3-jbj.js                               0.32 kB │ gzip:   0.24 kB
public/build/assets/refresh-ccw-vXlZrifC.js                              0.32 kB │ gzip:   0.22 kB
public/build/assets/ticket-B0-vUghv.js                                   0.32 kB │ gzip:   0.21 kB
public/build/assets/tag-Cvfob53C.js                                      0.32 kB │ gzip:   0.25 kB
public/build/assets/hand-helping-DWEmNGqj.js                             0.32 kB │ gzip:   0.25 kB
public/build/assets/id-card-BWvhdx8G.js                                  0.32 kB │ gzip:   0.24 kB
public/build/assets/mail-warning-CWU762Zg.js                             0.32 kB │ gzip:   0.24 kB
public/build/assets/save-BY-P0SIO.js                                     0.33 kB │ gzip:   0.23 kB
public/build/assets/scan-line-GejiDU1l.js                                0.33 kB │ gzip:   0.22 kB
public/build/assets/graduation-cap-BSNU3VMG.js                           0.33 kB │ gzip:   0.24 kB
public/build/assets/list-ordered-Diyque44.js                             0.33 kB │ gzip:   0.22 kB
public/build/assets/file-text-iJVIIEst.js                                0.33 kB │ gzip:   0.22 kB
public/build/assets/book-open-check-KOwYMDCk.js                          0.33 kB │ gzip:   0.23 kB
public/build/assets/clipboard-plus-BcTj-Po2.js                           0.33 kB │ gzip:   0.24 kB
public/build/assets/alarm-clock-C-nn7bwo.js                              0.33 kB │ gzip:   0.23 kB
public/build/assets/contact-VOm87FeG.js                                  0.33 kB │ gzip:   0.24 kB
public/build/assets/calendar-x-CnPrqFrl.js                               0.34 kB │ gzip:   0.23 kB
public/build/assets/accessibility-BxhyIeGD.js                            0.34 kB │ gzip:   0.24 kB
public/build/assets/archive-restore-BBoRnqp6.js                          0.34 kB │ gzip:   0.24 kB
public/build/assets/stethoscope-DZffKL5d.js                              0.34 kB │ gzip:   0.24 kB
public/build/assets/shield-plus-BSXC-PMn.js                              0.34 kB │ gzip:   0.25 kB
public/build/assets/layout-grid-B92zaGqS.js                              0.34 kB │ gzip:   0.19 kB
public/build/assets/pin-C6eqrfrz.js                                      0.35 kB │ gzip:   0.24 kB
public/build/assets/file-image-CzbgK3N8.js                               0.35 kB │ gzip:   0.25 kB
public/build/assets/scroll-text-CVvOy4AP.js                              0.35 kB │ gzip:   0.23 kB
public/build/assets/key-round-BL1076xf.js                                0.35 kB │ gzip:   0.26 kB
public/build/assets/layout-dashboard-DjAzPcU0.js                         0.35 kB │ gzip:   0.21 kB
public/build/assets/shield-alert-B3_ekY_3.js                             0.35 kB │ gzip:   0.26 kB
public/build/assets/file-chart-column-increasing-CJrEydwo.js             0.35 kB │ gzip:   0.23 kB
public/build/assets/webhook-DucQChFM.js                                  0.35 kB │ gzip:   0.26 kB
public/build/assets/crosshair-BicOXW_v.js                                0.35 kB │ gzip:   0.21 kB
public/build/assets/calendar-plus-Bg0fRwSw.js                            0.35 kB │ gzip:   0.23 kB
public/build/assets/shield-x-BxRWvfay.js                                 0.36 kB │ gzip:   0.26 kB
public/build/assets/gift-D-9TPu3o.js                                     0.36 kB │ gzip:   0.25 kB
public/build/assets/trash-2-kRH2fv9F.js                                  0.36 kB │ gzip:   0.25 kB
public/build/assets/calendar-x-2-CrN8wJsO.js                             0.36 kB │ gzip:   0.23 kB
public/build/assets/bell-plus-DkNfRLG7.js                                0.36 kB │ gzip:   0.26 kB
public/build/assets/layout-list-DuWSdxOS.js                              0.36 kB │ gzip:   0.22 kB
public/build/assets/warehouse-BC_lmqdH.js                                0.36 kB │ gzip:   0.25 kB
public/build/assets/utensils-crossed-5a5vzOQ0.js                         0.36 kB │ gzip:   0.25 kB
public/build/assets/syringe-DL2Yl2IQ.js                                  0.36 kB │ gzip:   0.24 kB
public/build/assets/crown-BS-38heh.js                                    0.36 kB │ gzip:   0.26 kB
public/build/assets/sparkle-bTjBZy53.js                                  0.36 kB │ gzip:   0.24 kB
public/build/assets/scale-B89iTHPO.js                                    0.36 kB │ gzip:   0.23 kB
public/build/assets/grip-vertical-Cs_iPI2W.js                            0.36 kB │ gzip:   0.19 kB
public/build/assets/fuel-DfCguWs2.js                                     0.37 kB │ gzip:   0.24 kB
public/build/assets/door-open-B4rUkn20.js                                0.37 kB │ gzip:   0.25 kB
public/build/assets/droplets-BAGgvYKh.js                                 0.37 kB │ gzip:   0.28 kB
public/build/assets/hammer-DC17mwjd.js                                   0.37 kB │ gzip:   0.27 kB
public/build/assets/file-pen-Cm58Zq00.js                                 0.37 kB │ gzip:   0.26 kB
public/build/assets/package-DwJOewIG.js                                  0.37 kB │ gzip:   0.25 kB
public/build/assets/index-B0Z-ysPe.js                                    0.37 kB │ gzip:   0.22 kB
public/build/assets/file-spreadsheet-B37BPzaj.js                         0.37 kB │ gzip:   0.23 kB
public/build/assets/life-buoy-DtMXdRJZ.js                                0.37 kB │ gzip:   0.22 kB
public/build/assets/calendar-clock-BLv-51P-.js                           0.38 kB │ gzip:   0.25 kB
public/build/assets/shield-question-Da-2lAJa.js                          0.38 kB │ gzip:   0.28 kB
public/build/assets/network-DZWLYZIi.js                                  0.38 kB │ gzip:   0.24 kB
public/build/assets/calendar-off-NZSbUrMf.js                             0.38 kB │ gzip:   0.25 kB
public/build/assets/tags-DOpWGJpY.js                                     0.39 kB │ gzip:   0.28 kB
public/build/assets/baby-glUv4J_c.js                                     0.39 kB │ gzip:   0.26 kB
public/build/assets/hard-drive-Y7C74JI-.js                               0.39 kB │ gzip:   0.26 kB
public/build/assets/job-posting-constants-CneitmEO.js                    0.39 kB │ gzip:   0.23 kB
public/build/assets/file-pen-line-sGejCAWh.js                            0.39 kB │ gzip:   0.26 kB
public/build/assets/phone-gatNigyp.js                                    0.39 kB │ gzip:   0.25 kB
public/build/assets/bell-ring-BzM78bQH.js                                0.40 kB │ gzip:   0.28 kB
public/build/assets/map-pinned-M0C3T0nw.js                               0.40 kB │ gzip:   0.29 kB
public/build/assets/shield-off-0qpZOt5r.js                               0.40 kB │ gzip:   0.28 kB
public/build/assets/truck-C0XA7iyA.js                                    0.40 kB │ gzip:   0.27 kB
public/build/assets/sprout-a_psMprH.js                                   0.40 kB │ gzip:   0.28 kB
public/build/assets/car-CKuNJU0j.js                                      0.40 kB │ gzip:   0.28 kB
public/build/assets/locate-fixed-CJW01deX.js                             0.40 kB │ gzip:   0.23 kB
public/build/assets/hand-DERJqE_f.js                                     0.41 kB │ gzip:   0.25 kB
public/build/assets/landmark-Sy1VMerD.js                                 0.41 kB │ gzip:   0.23 kB
public/build/assets/hand-coins-B9fXndQa.js                               0.41 kB │ gzip:   0.29 kB
public/build/assets/clipboard-list-B0ipqO4E.js                           0.41 kB │ gzip:   0.26 kB
public/build/assets/transport-medication-replay-BCwqXF5U.js              0.41 kB │ gzip:   0.30 kB
public/build/assets/loader-Bq-U7QRw.js                                   0.41 kB │ gzip:   0.24 kB
public/build/assets/mouse-pointer-click-bx5ouPpY.js                      0.41 kB │ gzip:   0.28 kB
public/build/assets/calendar-range-C86gF9Zz.js                           0.41 kB │ gzip:   0.26 kB
public/build/assets/waypoints-DKA4Z03_.js                                0.41 kB │ gzip:   0.25 kB
public/build/assets/layers-youXTFuH.js                                   0.42 kB │ gzip:   0.24 kB
public/build/assets/mic-off-DmZ4SN9n.js                                  0.42 kB │ gzip:   0.27 kB
public/build/assets/waves-CP5Ybb2O.js                                    0.42 kB │ gzip:   0.21 kB
public/build/assets/skeleton-CDTEQwaO.js                                 0.42 kB │ gzip:   0.32 kB
public/build/assets/package-check-BKDBSN7g.js                            0.42 kB │ gzip:   0.29 kB
public/build/assets/octagon-alert-Cg5WxWUv.js                            0.43 kB │ gzip:   0.25 kB
public/build/assets/cable-TOVr6bku.js                                    0.43 kB │ gzip:   0.25 kB
public/build/assets/eye-off-C6kObY-9.js                                  0.43 kB │ gzip:   0.27 kB
public/build/assets/building-2-CtArIOfl.js                               0.44 kB │ gzip:   0.25 kB
public/build/assets/heading-small-B1QYXXBZ.js                            0.44 kB │ gzip:   0.32 kB
public/build/assets/handshake-C9pQpBIY.js                                0.45 kB │ gzip:   0.28 kB
public/build/assets/hand-heart-jqcPJ5qO.js                               0.45 kB │ gzip:   0.31 kB
public/build/assets/bus-Bb0wsGl2.js                                      0.45 kB │ gzip:   0.28 kB
public/build/assets/footprints-BjfirZ41.js                               0.45 kB │ gzip:   0.30 kB
public/build/assets/radio-tower-D_SN6Tqz.js                              0.45 kB │ gzip:   0.29 kB
public/build/assets/input-error-DCYErTdJ.js                              0.46 kB │ gzip:   0.32 kB
public/build/assets/wifi-off-DfgtO_wR.js                                 0.46 kB │ gzip:   0.27 kB
public/build/assets/scan-eye-CnXDrx1u.js                                 0.46 kB │ gzip:   0.28 kB
public/build/assets/heart-handshake-BgrE7aUQ.js                          0.46 kB │ gzip:   0.31 kB
public/build/assets/spinner-j5I5t_57.js                                  0.46 kB │ gzip:   0.33 kB
public/build/assets/person-standing-C31GEhNo.js                          0.46 kB │ gzip:   0.31 kB
public/build/assets/trophy-BXbx8wpT.js                                   0.46 kB │ gzip:   0.28 kB
public/build/assets/pen-tool-DGoA7Ofe.js                                 0.47 kB │ gzip:   0.30 kB
public/build/assets/siren-DBHKoNs4.js                                    0.47 kB │ gzip:   0.27 kB
public/build/assets/star-DclayHli.js                                     0.47 kB │ gzip:   0.29 kB
public/build/assets/sun-CIHX-JM7.js                                      0.47 kB │ gzip:   0.26 kB
public/build/assets/notebook-pen-IwOIjqSN.js                             0.47 kB │ gzip:   0.29 kB
public/build/assets/cake-W-vox7zJ.js                                     0.49 kB │ gzip:   0.26 kB
public/build/assets/cctv-DhSqpXAa.js                                     0.49 kB │ gzip:   0.30 kB
public/build/assets/calendar-days-Cip6nl8P.js                            0.49 kB │ gzip:   0.26 kB
public/build/assets/cpu-BXs5Czea.js                                      0.50 kB │ gzip:   0.26 kB
public/build/assets/radar-DprSZOwd.js                                    0.50 kB │ gzip:   0.30 kB
public/build/assets/sparkles-C9ym-lDI.js                                 0.51 kB │ gzip:   0.30 kB
public/build/assets/wand-sparkles-BVNGj0ls.js                            0.51 kB │ gzip:   0.29 kB
public/build/assets/ambulance-Cb_6zrsK.js                                0.51 kB │ gzip:   0.31 kB
public/build/assets/_helpers-Ayp0jCez.js                                 0.51 kB │ gzip:   0.33 kB
public/build/assets/boundary-geometry-Ncmqh74Z.js                        0.52 kB │ gzip:   0.32 kB
public/build/assets/unlink-B3LRrtXV.js                                   0.53 kB │ gzip:   0.30 kB
public/build/assets/calculator-DGhL1xn5.js                               0.53 kB │ gzip:   0.28 kB
public/build/assets/circle-dashed-CBLiG_t3.js                            0.57 kB │ gzip:   0.28 kB
public/build/assets/use-alert-workspace-focus-return-DGVRYbyO.js         0.58 kB │ gzip:   0.35 kB
public/build/assets/package-open-Dmvfwre_.js                             0.58 kB │ gzip:   0.33 kB
public/build/assets/i18n-B4QPyQMQ.js                                     0.58 kB │ gzip:   0.39 kB
public/build/assets/user-cog-BJFH9Q2C.js                                 0.58 kB │ gzip:   0.31 kB
public/build/assets/sliders-horizontal-wHj_koog.js                       0.58 kB │ gzip:   0.27 kB
public/build/assets/send-to-back-BK4IeOKw.js                             0.58 kB │ gzip:   0.31 kB
public/build/assets/fingerprint-CA1J-LZ1.js                              0.60 kB │ gzip:   0.35 kB
public/build/assets/label-DnayXvci.js                                    0.61 kB │ gzip:   0.39 kB
public/build/assets/form-request-errors-BiraD0xe.js                      0.63 kB │ gzip:   0.36 kB
public/build/assets/loading-state-Bgp9f2Ga.js                            0.64 kB │ gzip:   0.43 kB
public/build/assets/text-link-F7YtsEl0.js                                0.65 kB │ gzip:   0.42 kB
public/build/assets/qr-code-9F4Fimrn.js                                  0.65 kB │ gzip:   0.31 kB
public/build/assets/server-Cna7yxy_.js                                   0.66 kB │ gzip:   0.37 kB
public/build/assets/collapsible-DoToTDHc.js                              0.66 kB │ gzip:   0.28 kB
public/build/assets/resident-dot-BLoyRUP7.js                             0.67 kB │ gzip:   0.46 kB
public/build/assets/fleet-stat-card--RlD5WMa.js                          0.72 kB │ gzip:   0.44 kB
public/build/assets/party-popper-BbbHvjC6.js                             0.72 kB │ gzip:   0.41 kB
public/build/assets/settings-eUeHyMlT.js                                 0.72 kB │ gzip:   0.34 kB
public/build/assets/textarea-C_9uu-fb.js                                 0.73 kB │ gzip:   0.47 kB
public/build/assets/meeting-workspace-links-BSKYBk34.js                  0.73 kB │ gzip:   0.40 kB
public/build/assets/brain-Bcrxy8El.js                                    0.73 kB │ gzip:   0.35 kB
public/build/assets/separator-C7fe0Vgu.js                                0.77 kB │ gzip:   0.45 kB
public/build/assets/page-shell-B7eQidXD.js                               0.77 kB │ gzip:   0.45 kB
public/build/assets/shared-DHJYl7e2.js                                   0.77 kB │ gzip:   0.40 kB
public/build/assets/shared-D3Yvwbxq.js                                   0.77 kB │ gzip:   0.39 kB
public/build/assets/shift-row-types-DQA9BK_P.js                          0.80 kB │ gzip:   0.38 kB
public/build/assets/hr-tabs-D18B3AUm.js                                  0.81 kB │ gzip:   0.51 kB
public/build/assets/ops-stat-card-DF4s9KEo.js                            0.81 kB │ gzip:   0.48 kB
public/build/assets/progress-BxLvrMK0.js                                 0.82 kB │ gzip:   0.54 kB
public/build/assets/readable-operational-state-CK8MzJI-.js               0.85 kB │ gzip:   0.45 kB
public/build/assets/boxes-BbKYhXBY.js                                    0.85 kB │ gzip:   0.39 kB
public/build/assets/wizard-DF_QPOrg.js                                   0.87 kB │ gzip:   0.55 kB
public/build/assets/wizard-NNmqhkha.js                                   0.87 kB │ gzip:   0.55 kB
public/build/assets/list-caption-hE5ckvXY.js                             0.91 kB │ gzip:   0.54 kB
public/build/assets/index-CSEUMRIG.js                                    0.92 kB │ gzip:   0.53 kB
public/build/assets/now-rule-P7hRYwwd.js                                 0.95 kB │ gzip:   0.58 kB
public/build/assets/hero-action-button-D-GVyXk8.js                       0.95 kB │ gzip:   0.55 kB
public/build/assets/page-layout-DtSKkYRB.js                              0.97 kB │ gzip:   0.56 kB
public/build/assets/governance-dialog-deep-link-CG65W1kr.js              0.98 kB │ gzip:   0.58 kB
public/build/assets/settings-tabs-jta41fJz.js                            0.99 kB │ gzip:   0.54 kB
public/build/assets/error-state-CGhfmmjd.js                              1.01 kB │ gzip:   0.62 kB
public/build/assets/use-settings-leave-confirmation-xDtEZccX.js          1.02 kB │ gzip:   0.61 kB
public/build/assets/presence-dot-CuGnqH3Y.js                             1.04 kB │ gzip:   0.58 kB
public/build/assets/input-49RbooBa.js                                    1.05 kB │ gzip:   0.59 kB
public/build/assets/command-centre-page-X9kXxf-7.js                      1.05 kB │ gzip:   0.59 kB
public/build/assets/switch-DaGHNdhC.js                                   1.06 kB │ gzip:   0.61 kB
public/build/assets/_shared-BN-lC1nz.js                                  1.07 kB │ gzip:   0.56 kB
public/build/assets/governance-work-CPDXtwsY.js                          1.09 kB │ gzip:   0.59 kB
public/build/assets/hover-action-vLW4u2SF.js                             1.09 kB │ gzip:   0.65 kB
public/build/assets/WidgetCard-DTXbs-1E.js                               1.10 kB │ gzip:   0.62 kB
public/build/assets/micro-stats-BKNykt34.js                              1.11 kB │ gzip:   0.61 kB
public/build/assets/confetti-8ALvzRDJ.js                                 1.11 kB │ gzip:   0.65 kB
public/build/assets/avatar-D2DsKi5Y.js                                   1.14 kB │ gzip:   0.44 kB
public/build/assets/checkbox-pAWFmX__.js                                 1.15 kB │ gzip:   0.63 kB
public/build/assets/GovernanceHomeRail-DJg-bwR5.js                       1.21 kB │ gzip:   0.67 kB
public/build/assets/_confirm-action-ZvhXZHxH.js                          1.24 kB │ gzip:   0.70 kB
public/build/assets/wizard-stepper-BjLj4XV6.js                           1.24 kB │ gzip:   0.67 kB
public/build/assets/handover-person-notes-CbHlG0Rx.js                    1.25 kB │ gzip:   0.63 kB
public/build/assets/task-api-LDQPp0GA.js                                 1.27 kB │ gzip:   0.81 kB
public/build/assets/_types-Bdo8GrIg.js                                   1.29 kB │ gzip:   0.67 kB
public/build/assets/medication-stock-governance-C5VIWPFO.js              1.30 kB │ gzip:   0.60 kB
public/build/assets/radio-group-DfKed6JF.js                              1.31 kB │ gzip:   0.65 kB
public/build/assets/DiscardDraftDialog-DERDmujn.js                       1.32 kB │ gzip:   0.76 kB
public/build/assets/_attachments-BFqBVoL_.js                             1.32 kB │ gzip:   0.75 kB
public/build/assets/stream-grouping-DxjzPWpi.js                          1.35 kB │ gzip:   0.73 kB
public/build/assets/staff-avatar-CeGWMWcj.js                             1.35 kB │ gzip:   0.81 kB
public/build/assets/workflow-ribbon-CQwwGYX9.js                          1.35 kB │ gzip:   0.70 kB
public/build/assets/shift-status-badge-CBcK__F2.js                       1.36 kB │ gzip:   0.67 kB
public/build/assets/timesheet-status-badge-CBh74gAt.js                   1.36 kB │ gzip:   0.66 kB
public/build/assets/fleet-responsive-list-CgDsyRvl.js                    1.38 kB │ gzip:   0.70 kB
public/build/assets/sso-sign-in-buttons-Dfb0T19w.js                      1.40 kB │ gzip:   0.71 kB
public/build/assets/site-credentials-BC2WD9ez.js                         1.43 kB │ gzip:   0.75 kB
public/build/assets/_helpers-DwiQF0jk.js                                 1.46 kB │ gzip:   0.80 kB
public/build/assets/fleet-empty-state-C7yckYhp.js                        1.46 kB │ gzip:   0.77 kB
public/build/assets/journey-reference-strip-pm5NcpKt.js                  1.46 kB │ gzip:   0.81 kB
public/build/assets/GovernanceSectionRail-ufP3ZR6J.js                    1.47 kB │ gzip:   0.82 kB
public/build/assets/index-DcmOMlk_.js                                    1.50 kB │ gzip:   0.52 kB
public/build/assets/badge-sVjmv35H.js                                    1.53 kB │ gzip:   0.77 kB
public/build/assets/shift-types-BLWE8oOx.js                              1.54 kB │ gzip:   0.78 kB
public/build/assets/performance-tabs-BgyXJK7Q.js                         1.55 kB │ gzip:   0.74 kB
public/build/assets/confirm-dialog-J4vSc-od.js                           1.57 kB │ gzip:   0.86 kB
public/build/assets/mini-sparkline-D7i7f6lZ.js                           1.58 kB │ gzip:   0.91 kB
public/build/assets/verify-email-CJw9c9fv.js                             1.58 kB │ gzip:   0.85 kB
public/build/assets/date-time-field-BGhKvBXo.js                          1.58 kB │ gzip:   0.79 kB
public/build/assets/status-badge-BcV9Cyb7.js                             1.61 kB │ gzip:   0.78 kB
public/build/assets/control-room-vocab-cspTkjJQ.js                       1.62 kB │ gzip:   0.64 kB
public/build/assets/popover-Bwbch3JK.js                                  1.64 kB │ gzip:   0.70 kB
public/build/assets/ops-charts-CfZvOWbq.js                               1.65 kB │ gzip:   0.78 kB
public/build/assets/alert-CF50OPgI.js                                    1.69 kB │ gzip:   0.74 kB
public/build/assets/alert-status-BHJD1eGo.js                             1.69 kB │ gzip:   0.79 kB
public/build/assets/report-incident-dialog-x3n6Pix9.js                   1.70 kB │ gzip:   0.89 kB
public/build/assets/laravel-pagination-Dv8u1L7V.js                       1.70 kB │ gzip:   0.84 kB
public/build/assets/money-L4nGavLX.js                                    1.71 kB │ gzip:   0.97 kB
public/build/assets/card-C9LxLdKv.js                                     1.77 kB │ gzip:   0.57 kB
public/build/assets/_helpers-CiDTTvBH.js                                 1.77 kB │ gzip:   0.76 kB
public/build/assets/documents-tabs-Dl6zhcLx.js                           1.78 kB │ gzip:   0.93 kB
public/build/assets/workflow-ribbon-By8HkIrF.js                          1.80 kB │ gzip:   0.79 kB
public/build/assets/overlay-focus-return-4ESXsuki.js                     1.82 kB │ gzip:   0.89 kB
public/build/assets/tooltip-D-a-5XaZ.js                                  1.82 kB │ gzip:   0.84 kB
public/build/assets/control-room-alert-row-actions-BHQ0ODjN.js           1.85 kB │ gzip:   0.68 kB
public/build/assets/options-BwkaeHrx.js                                  1.86 kB │ gzip:   0.72 kB
public/build/assets/my-day-list-DISjEKBj.js                              1.86 kB │ gzip:   0.90 kB
public/build/assets/accordion-CMjpITkH.js                                1.87 kB │ gzip:   0.85 kB
public/build/assets/journey-gate-list-BQsvAjd_.js                        1.87 kB │ gzip:   0.85 kB
public/build/assets/types-jfjKXH9i.js                                    1.89 kB │ gzip:   1.01 kB
public/build/assets/fleet-utils-5Yzw44NY.js                              1.90 kB │ gzip:   0.72 kB
public/build/assets/_helpers-drXtrcY9.js                                 1.94 kB │ gzip:   1.04 kB
public/build/assets/draft-resume-prompt-U9SvWErr.js                      1.95 kB │ gzip:   1.01 kB
public/build/assets/respite-subnav-Cw8hH7QF.js                           2.01 kB │ gzip:   0.96 kB
public/build/assets/api-BANvMHAW.js                                      2.01 kB │ gzip:   1.14 kB
public/build/assets/handover-follow-ups-ZAgikkgJ.js                      2.02 kB │ gzip:   1.02 kB
public/build/assets/button-BUrF8eld.js                                   2.05 kB │ gzip:   0.96 kB
public/build/assets/address-autocomplete-3FR4P1DL.js                     2.07 kB │ gzip:   1.14 kB
public/build/assets/confirm-password-3VMQRWqf.js                         2.07 kB │ gzip:   1.04 kB
public/build/assets/_dialogs-BLqlPie9.js                                 2.08 kB │ gzip:   1.11 kB
public/build/assets/governance-calendar-adapter-DZ3m3Zan.js              2.10 kB │ gzip:   1.01 kB
public/build/assets/_create-recovery-B9rTHu2X.js                         2.10 kB │ gzip:   1.07 kB
public/build/assets/use-personal-location-privacy-k70ZMAas.js            2.16 kB │ gzip:   0.99 kB
public/build/assets/reports-tabs-BJY8bJ5e.js                             2.17 kB │ gzip:   1.07 kB
public/build/assets/attention-panel-Ce6gxsWr.js                          2.17 kB │ gzip:   0.99 kB
public/build/assets/task-step-draft-CXyF6OkZ.js                          2.18 kB │ gzip:   1.13 kB
public/build/assets/payroll-hero-CdTBeiVa.js                             2.28 kB │ gzip:   1.10 kB
public/build/assets/_shared-gg8q7kSF.js                                  2.30 kB │ gzip:   1.18 kB
public/build/assets/_memory-recovery-ydX5sLUj.js                         2.31 kB │ gzip:   1.20 kB
public/build/assets/_shared-H1LYcKpR.js                                  2.34 kB │ gzip:   1.14 kB
public/build/assets/reason-dialog-CMvmQjNA.js                            2.34 kB │ gzip:   1.27 kB
public/build/assets/table-DHtHPBEX.js                                    2.42 kB │ gzip:   0.67 kB
public/build/assets/drills-BMDostb0.js                                   2.43 kB │ gzip:   1.13 kB
public/build/assets/_icons-C5G1guCQ.js                                   2.45 kB │ gzip:   1.15 kB
public/build/assets/first-aid-BmtGBBaO.js                                2.47 kB │ gzip:   1.14 kB
public/build/assets/task-help-inbox-Bv7RYwWe.js                          2.48 kB │ gzip:   1.34 kB
public/build/assets/datetime-Cj7rLFb1.js                                 2.50 kB │ gzip:   1.10 kB
public/build/assets/finance-section-rail-BBKkomaU.js                     2.53 kB │ gzip:   1.28 kB
public/build/assets/provisioning-request-files-cZnABTul.js               2.56 kB │ gzip:   1.26 kB
public/build/assets/text-prompt-dialog-DamfPdYO.js                       2.62 kB │ gzip:   1.41 kB
public/build/assets/services-D1MMxz9C.js                                 2.63 kB │ gzip:   1.19 kB
public/build/assets/shift-context-menu-Dtv15x07.js                       2.64 kB │ gzip:   1.36 kB
public/build/assets/provisioning-command-fields-4x2FBuJS.js              2.68 kB │ gzip:   1.16 kB
public/build/assets/care-plan-domains-DAUhHpVb.js                        2.69 kB │ gzip:   1.26 kB
public/build/assets/donut-chart-BjEVgtH7.js                              2.71 kB │ gzip:   1.35 kB
public/build/assets/donut-RxOXSbq7.js                                    2.74 kB │ gzip:   1.38 kB
public/build/assets/index-BjmjDcUN.js                                    2.76 kB │ gzip:   0.71 kB
public/build/assets/status-badge-3QlJuqdd.js                             2.76 kB │ gzip:   1.29 kB
public/build/assets/readiness-BOoQjy2_.js                                2.79 kB │ gzip:   1.36 kB
public/build/assets/financials-WWlGZFHZ.js                               2.80 kB │ gzip:   1.36 kB
public/build/assets/safety-register-DK6aSJnf.js                          2.83 kB │ gzip:   1.33 kB
public/build/assets/ppe-CUgJSqg8.js                                      2.84 kB │ gzip:   1.11 kB
public/build/assets/register-row-kit-DYBAbrfL.js                         2.86 kB │ gzip:   1.16 kB
public/build/assets/map-model-CnDd3cpK.js                                2.86 kB │ gzip:   1.36 kB
public/build/assets/lifecycle-tabs-C92V46vM.js                           2.88 kB │ gzip:   1.47 kB
public/build/assets/_tabs-yTzIq8dr.js                                    2.90 kB │ gzip:   1.48 kB
public/build/assets/_note-category-picker-CSBfAmoZ.js                    2.92 kB │ gzip:   1.37 kB
public/build/assets/use-create-shift-launcher-D-g9oi0F.js                2.92 kB │ gzip:   1.43 kB
public/build/assets/use-form-autosave-CPHKfwRL.js                        2.92 kB │ gzip:   1.47 kB
public/build/assets/toolbar-Bca0sDmT.js                                  2.92 kB │ gzip:   1.40 kB
public/build/assets/hs-detail-dialog-BHVc6BEl.js                         2.93 kB │ gzip:   1.34 kB
public/build/assets/notification-catalog-DveZKd9k.js                     2.96 kB │ gzip:   0.93 kB
public/build/assets/forgot-password-tIjf44AP.js                          2.99 kB │ gzip:   1.44 kB
public/build/assets/auth-layout-CZtzJmh4.js                              3.03 kB │ gzip:   1.37 kB
public/build/assets/report-launcher-C9Dr8hoe.js                          3.03 kB │ gzip:   1.51 kB
public/build/assets/tab-strip-DCVvvm08.js                                3.03 kB │ gzip:   1.38 kB
public/build/assets/lifecycle-dialog-Bkzh-2Bt.js                         3.05 kB │ gzip:   1.56 kB
public/build/assets/_overview-map-card-ZmGsSsuk.js                       3.06 kB │ gzip:   1.49 kB
public/build/assets/provisioning-manual-dialog-DQ52ajD_.js               3.06 kB │ gzip:   1.53 kB
public/build/assets/reset-password-DpqGyIkz.js                           3.08 kB │ gzip:   1.25 kB
public/build/assets/start-reconciliation-dialog-jzsnMzGW.js              3.11 kB │ gzip:   1.30 kB
public/build/assets/two-factor-challenge-_Lkvn4r0.js                     3.13 kB │ gzip:   1.47 kB
public/build/assets/dictate-button-BSz410_E.js                           3.14 kB │ gzip:   1.60 kB
public/build/assets/use-specialist-form-defaults-CKnEhJwd.js             3.14 kB │ gzip:   1.56 kB
public/build/assets/client-edit-dialog-BHo9ciFk.js                       3.16 kB │ gzip:   1.57 kB
public/build/assets/record-care-actions-Bt_ZcKNJ.js                      3.18 kB │ gzip:   1.40 kB
public/build/assets/document-library-kit-C4OypZ8Q.js                     3.19 kB │ gzip:   1.08 kB
public/build/assets/risk-assessments-BQ735w_B.js                         3.21 kB │ gzip:   1.54 kB
public/build/assets/recorded-detail-dialog-DZfwtj5C.js                   3.22 kB │ gzip:   1.59 kB
public/build/assets/control-room-row-actions-DQFkLkxT.js                 3.31 kB │ gzip:   1.49 kB
public/build/assets/_dialogs-DywIFy5f.js                                 3.32 kB │ gzip:   1.45 kB
public/build/assets/leave-context-menu-DLPvYjQP.js                       3.33 kB │ gzip:   1.64 kB
public/build/assets/row-context-menu-BuvIqrKq.js                         3.33 kB │ gzip:   1.64 kB
public/build/assets/_context-menu-CeQQh61p.js                            3.33 kB │ gzip:   1.60 kB
public/build/assets/fleet-compact-hero-8wadt3MO.js                       3.33 kB │ gzip:   1.45 kB
public/build/assets/remote-picker-YadsCUpm.js                            3.33 kB │ gzip:   1.69 kB
public/build/assets/compensation-tabs-CpMjy8TG.js                        3.34 kB │ gzip:   1.62 kB
public/build/assets/hs-hero-kit-BLhzDt-o.js                              3.36 kB │ gzip:   1.54 kB
public/build/assets/task-steps-DvyCxjaN.js                               3.38 kB │ gzip:   1.59 kB
public/build/assets/shift-med-snapshot-O99BR-z1.js                       3.39 kB │ gzip:   1.37 kB
public/build/assets/device-profile-navigation-DNGlirIi.js                3.40 kB │ gzip:   1.66 kB
public/build/assets/inspections-D9GsSwFH.js                              3.42 kB │ gzip:   1.39 kB
public/build/assets/ra-register-section-DW7_G7kK.js                      3.46 kB │ gzip:   1.76 kB
public/build/assets/command-DqpQyVdF.js                                  3.47 kB │ gzip:   1.07 kB
public/build/assets/shift-context-menu-D0DgSK9K.js                       3.49 kB │ gzip:   1.66 kB
public/build/assets/posting-preview-BLWC2TSD.js                          3.51 kB │ gzip:   1.53 kB
public/build/assets/_emergency-checklist-GpuffKir.js                     3.52 kB │ gzip:   1.54 kB
public/build/assets/handover-context-menu-oY5IFD8f.js                    3.55 kB │ gzip:   1.54 kB
public/build/assets/_readiness-panel-BYGdz9-D.js                         3.59 kB │ gzip:   1.64 kB
public/build/assets/checklists-Pgfoc1gi.js                               3.59 kB │ gzip:   1.72 kB
public/build/assets/checks-model-BpbAC4Rm.js                             3.63 kB │ gzip:   1.63 kB
public/build/assets/journey-term-help-D6bksJ0h.js                        3.64 kB │ gzip:   1.45 kB
public/build/assets/address-search-mgq63Rcn.js                           3.67 kB │ gzip:   1.70 kB
public/build/assets/my-provisioning-list-kSttV3im.js                     3.67 kB │ gzip:   1.70 kB
public/build/assets/site-profile-states-BfWHysGb.js                      3.69 kB │ gzip:   1.45 kB
public/build/assets/alert-dialog-OTHUAeuL.js                             3.76 kB │ gzip:   1.10 kB
public/build/assets/resolution-voting-Bpa7_z73.js                        3.78 kB │ gzip:   1.69 kB
public/build/assets/_geometry-Dx1kFP0e.js                                3.80 kB │ gzip:   1.60 kB
public/build/assets/configured-questions-CBBXXLcn.js                     3.86 kB │ gzip:   1.82 kB
public/build/assets/register-BhucxH54.js                                 3.88 kB │ gzip:   1.46 kB
public/build/assets/MedicationScanVerificationPanel-CzW_OnDT.js          3.89 kB │ gzip:   1.61 kB
public/build/assets/task-detail-dialog-wsY6XjRP.js                       3.90 kB │ gzip:   1.78 kB
public/build/assets/reference-questionnaire-Bf-Xdtbv.js                  3.94 kB │ gzip:   1.82 kB
public/build/assets/ticket-version-conflict-Csp0Xtc6.js                  3.96 kB │ gzip:   1.80 kB
public/build/assets/shift-timeline-summary-AdLgMeQZ.js                   3.99 kB │ gzip:   1.66 kB
public/build/assets/edit-CQRHHFNa.js                                     4.00 kB │ gzip:   1.77 kB
public/build/assets/login-DqAbSZMi.js                                    4.01 kB │ gzip:   1.73 kB
public/build/assets/governed-location-export-dialog-DpMdb7Rr.js          4.01 kB │ gzip:   1.96 kB
public/build/assets/shared-D7Fg5F7B.js                                   4.01 kB │ gzip:   1.96 kB
public/build/assets/finance-period-filter-CMl0AmCY.js                    4.02 kB │ gzip:   1.91 kB
public/build/assets/calendar-BFY-X9K6.js                                 4.06 kB │ gzip:   1.80 kB
public/build/assets/shift-summary-DnjXkWm_.js                            4.07 kB │ gzip:   1.68 kB
public/build/assets/workspace-model-CTDC_Qgb.js                          4.10 kB │ gzip:   1.78 kB
public/build/assets/index-Bpzl9rqK.js                                    4.13 kB │ gzip:   0.83 kB
public/build/assets/entity-cells-BqpU4DT1.js                             4.13 kB │ gzip:   1.63 kB
public/build/assets/use-two-factor-auth-n4A601lg.js                      4.15 kB │ gzip:   1.78 kB
public/build/assets/_site-geofence-dialog-B8eYw-PB.js                    4.15 kB │ gzip:   2.00 kB
public/build/assets/empty-state-B-UmFiPP.js                              4.18 kB │ gzip:   1.85 kB
public/build/assets/board-bits-CKa3wWJ2.js                               4.19 kB │ gzip:   1.58 kB
public/build/assets/specialist-record-list-OACWvgFG.js                   4.23 kB │ gzip:   1.98 kB
public/build/assets/hazards-B8K0h7TI.js                                  4.24 kB │ gzip:   1.94 kB
public/build/assets/documents-CytTm6wv.js                                4.28 kB │ gzip:   1.90 kB
public/build/assets/estate-operations-D-AKwHGC.js                        4.29 kB │ gzip:   1.73 kB
public/build/assets/date-picker-DgjuJL8G.js                              4.32 kB │ gzip:   1.92 kB
public/build/assets/generate-rounds-modal-DhJ0DFLr.js                    4.33 kB │ gzip:   2.12 kB
public/build/assets/wizard-fields-BoJIf6Fb.js                            4.34 kB │ gzip:   1.89 kB
public/build/assets/first-aid-tab-DU9AsOcx.js                            4.34 kB │ gzip:   1.78 kB
public/build/assets/assets-NrNWjeu7.js                                   4.37 kB │ gzip:   1.73 kB
public/build/assets/login-DOk2BTK-.js                                    4.37 kB │ gzip:   1.85 kB
public/build/assets/privacy-shared-fePZf8fO.js                           4.39 kB │ gzip:   1.66 kB
public/build/assets/_shared-BIFO0XDD.js                                  4.41 kB │ gzip:   1.90 kB
public/build/assets/_dialogs-Dp4_5JSJ.js                                 4.43 kB │ gzip:   1.81 kB
public/build/assets/shift-audit-timeline-MqoJifpf.js                     4.49 kB │ gzip:   1.83 kB
public/build/assets/shared-jsdjDSS9.js                                   4.50 kB │ gzip:   1.74 kB
public/build/assets/applicable-procedures-panel-BDva4S-g.js              4.52 kB │ gzip:   1.75 kB
public/build/assets/task-help-W8ltXSyz.js                                4.61 kB │ gzip:   1.95 kB
public/build/assets/client-clinical-launchers-D0KJq5IF.js                4.62 kB │ gzip:   2.10 kB
public/build/assets/meal-planner-Dnq7tIhi.js                             4.69 kB │ gzip:   2.20 kB
public/build/assets/Create-BOLZ_fZ1.js                                   4.69 kB │ gzip:   2.11 kB
public/build/assets/incidents-tab-BE5LI_wx.js                            4.72 kB │ gzip:   1.85 kB
public/build/assets/fleet-navigation-BYZyGo0I.js                         4.74 kB │ gzip:   1.88 kB
public/build/assets/_dialogs-JuojYgZc.js                                 4.75 kB │ gzip:   2.19 kB
public/build/assets/AgedPayables-DpF2H8wH.js                             4.75 kB │ gzip:   2.14 kB
public/build/assets/AgedReceivables-UsZwhN6W.js                          4.76 kB │ gzip:   2.14 kB
public/build/assets/donut-card-BwnfSjei.js                               4.76 kB │ gzip:   2.08 kB
public/build/assets/control-room-workspace-hero-Cf2Nsfua.js              4.76 kB │ gzip:   2.26 kB
public/build/assets/dialog-84QMcWUb.js                                   4.80 kB │ gzip:   1.64 kB
public/build/assets/_asset-dialogs-BTKp9Zox.js                           4.83 kB │ gzip:   2.30 kB
public/build/assets/Edit-rMF-Lade.js                                     4.87 kB │ gzip:   2.24 kB
public/build/assets/hardware-Ca2IV-_1.js                                 4.89 kB │ gzip:   2.15 kB
public/build/assets/entity-filter-BrFbgLjJ.js                            4.89 kB │ gzip:   2.28 kB
public/build/assets/concern-CTsR_XVx.js                                  4.93 kB │ gzip:   2.26 kB
public/build/assets/permission-destinations-CVBsuvVf.js                  4.93 kB │ gzip:   1.12 kB
public/build/assets/page-tabs-DEbKeq_U.js                                4.94 kB │ gzip:   2.03 kB
public/build/assets/_dialogs-B2bZVDv4.js                                 4.97 kB │ gzip:   2.34 kB
public/build/assets/whats-next-rail-dhdlTu0F.js                          4.99 kB │ gzip:   2.37 kB
public/build/assets/_dialogs-D7WwqSsj.js                                 5.03 kB │ gzip:   2.03 kB
public/build/assets/leave-calendar-range-BdnhXmgO.js                     5.04 kB │ gzip:   2.26 kB
public/build/assets/_dialogs-DWNTDMEl.js                                 5.10 kB │ gzip:   2.37 kB
public/build/assets/client-safety-ribbon-BCcGZ30V.js                     5.10 kB │ gzip:   2.24 kB
public/build/assets/show-CaAYu_zM.js                                     5.12 kB │ gzip:   2.37 kB
public/build/assets/_evidence-CunyeZks.js                                5.17 kB │ gzip:   2.18 kB
public/build/assets/prn-effect-dialog-DzBIu2Bh.js                        5.19 kB │ gzip:   2.28 kB
public/build/assets/Placeholder-GRo73Kxt.js                              5.20 kB │ gzip:   2.44 kB
public/build/assets/shared-BIbFm4B7.js                                   5.20 kB │ gzip:   2.05 kB
public/build/assets/day-picker-chip-CnkDbLvw.js                          5.21 kB │ gzip:   2.23 kB
public/build/assets/list-view-Bb0HSzwO.js                                5.22 kB │ gzip:   1.84 kB
public/build/assets/plan-_UBY-2Y_.js                                     5.22 kB │ gzip:   2.32 kB
public/build/assets/before-you-finish-C-KeW_7d.js                        5.25 kB │ gzip:   2.13 kB
public/build/assets/wizard-shell-CFdmj_Z8.js                             5.31 kB │ gzip:   2.31 kB
public/build/assets/application-status-iOUEHRSG.js                       5.31 kB │ gzip:   2.16 kB
public/build/assets/index-EHEtNaTS.js                                    5.32 kB │ gzip:   2.37 kB
public/build/assets/care-plan-domains-builder-DS7DkgWU.js                5.33 kB │ gzip:   2.07 kB
public/build/assets/shared-CmyqTydH.js                                   5.34 kB │ gzip:   2.38 kB
public/build/assets/entity-menu-cQWkMj2l.js                              5.35 kB │ gzip:   2.45 kB
public/build/assets/paperwork-panel-CV5Fzq-u.js                          5.38 kB │ gzip:   2.34 kB
public/build/assets/show-DF6fu41s.js                                     5.38 kB │ gzip:   2.39 kB
public/build/assets/contacts-UUY6_xeT.js                                 5.42 kB │ gzip:   2.31 kB
public/build/assets/_thumbnail-C8Ibe-4P.js                               5.43 kB │ gzip:   2.56 kB
public/build/assets/fleet-charts-BD3Cp0FY.js                             5.50 kB │ gzip:   2.46 kB
public/build/assets/global-q7p0eOgp.js                                   5.51 kB │ gzip:   2.46 kB
public/build/assets/Index-BYMmIsOf.js                                    5.52 kB │ gzip:   2.48 kB
public/build/assets/show-CeFBO7W_.js                                     5.53 kB │ gzip:   2.52 kB
public/build/assets/show-CLcLKV0-.js                                     5.54 kB │ gzip:   2.35 kB
public/build/assets/show-Bl-JAFsO.js                                     5.55 kB │ gzip:   2.32 kB
public/build/assets/date-popover-CHWHxVyi.js                             5.60 kB │ gzip:   2.41 kB
public/build/assets/audit-log-modal-CY2hNyGr.js                          5.60 kB │ gzip:   2.52 kB
public/build/assets/index-CuDxwQ6A.js                                    5.63 kB │ gzip:   2.49 kB
public/build/assets/medication-review-modal-C9H5tRQa.js                  5.64 kB │ gzip:   2.55 kB
public/build/assets/entity-table-BJuzYVtN.js                             5.74 kB │ gzip:   2.40 kB
public/build/assets/index-BaA35rz3.js                                    5.74 kB │ gzip:   2.57 kB
public/build/assets/complete-obligation-dialog-4LGQRqQQ.js               5.76 kB │ gzip:   2.57 kB
public/build/assets/Calendar-CniNVyGk.js                                 5.78 kB │ gzip:   2.63 kB
public/build/assets/rhythms-routines-DUzayPFH.js                         5.79 kB │ gzip:   2.63 kB
public/build/assets/index-Dle5tlFn.js                                    5.83 kB │ gzip:   2.67 kB
public/build/assets/select-39dwGWOH.js                                   5.86 kB │ gzip:   1.90 kB
public/build/assets/multi-entity-filter-Ca0usFsC.js                      5.86 kB │ gzip:   2.62 kB
public/build/assets/_shared-C-7FmgPV.js                                  5.88 kB │ gzip:   2.60 kB
public/build/assets/dropdown-menu-un5MDbSt.js                            5.88 kB │ gzip:   1.65 kB
public/build/assets/stat-tile-E4NiTit7.js                                5.89 kB │ gzip:   2.51 kB
public/build/assets/GovernanceAttachmentsPanel-aOCLQD7P.js               5.91 kB │ gzip:   2.49 kB
public/build/assets/index-C2COnuap.js                                    5.94 kB │ gzip:   2.75 kB
public/build/assets/_helpers-Ck4O-553.js                                 5.94 kB │ gzip:   2.44 kB
public/build/assets/index-DfbhUgTE.js                                    5.98 kB │ gzip:   2.72 kB
public/build/assets/audit-DzMk2xJ9.js                                    5.98 kB │ gzip:   2.70 kB
public/build/assets/index-B6VwSuMt.js                                    6.00 kB │ gzip:   2.60 kB
public/build/assets/compliance-bits-CPBFCQyK.js                          6.02 kB │ gzip:   2.53 kB
public/build/assets/report-page-DeHw_lzv.js                              6.03 kB │ gzip:   2.83 kB
public/build/assets/link-client-dialog-BI7JIx4F.js                       6.06 kB │ gzip:   2.58 kB
public/build/assets/stream-context-menu-CC76VdPL.js                      6.08 kB │ gzip:   2.79 kB
public/build/assets/food-meal-BGYt7soO.js                                6.12 kB │ gzip:   2.11 kB
public/build/assets/BoardMonthly-CwC_9bmk.js                             6.14 kB │ gzip:   2.85 kB
public/build/assets/index-6nIiR-sB.js                                    6.14 kB │ gzip:   2.80 kB
public/build/assets/with-concerns-CcTQ49VQ.js                            6.15 kB │ gzip:   2.74 kB
public/build/assets/with-incidents-B-oCuRkh.js                           6.15 kB │ gzip:   2.74 kB
public/build/assets/show-B91OPF1O.js                                     6.18 kB │ gzip:   2.80 kB
public/build/assets/index-D3w9gAYf.js                                    6.18 kB │ gzip:   2.76 kB
public/build/assets/compliance-hub-header-DmV7dANa.js                    6.22 kB │ gzip:   2.75 kB
public/build/assets/index-BFaXM0ib.js                                    6.23 kB │ gzip:   2.80 kB
public/build/assets/emergency-plan-Cw2ysnp5.js                           6.23 kB │ gzip:   2.79 kB
public/build/assets/show-BoNx6LUm.js                                     6.26 kB │ gzip:   2.50 kB
public/build/assets/recognition-wizard-BENewKgi.js                       6.27 kB │ gzip:   2.43 kB
public/build/assets/Calendar-Cqxc5dIl.js                                 6.28 kB │ gzip:   2.84 kB
public/build/assets/index-DRPXjxKu.js                                    6.32 kB │ gzip:   2.81 kB
public/build/assets/for-stay-C-QnhqMn.js                                 6.33 kB │ gzip:   2.80 kB
public/build/assets/create-DfvXz-EP.js                                   6.35 kB │ gzip:   2.62 kB
public/build/assets/quick-note-dialog-o1f41TwJ.js                        6.36 kB │ gzip:   2.65 kB
public/build/assets/report-1kmzGDh3.js                                   6.37 kB │ gzip:   2.91 kB
public/build/assets/show-DXgIp9KF.js                                     6.37 kB │ gzip:   2.84 kB
public/build/assets/use-my-day-labels-BynEqp9u.js                        6.38 kB │ gzip:   2.60 kB
public/build/assets/entity-card-6_W35sO8.js                              6.39 kB │ gzip:   2.73 kB
public/build/assets/stock-movement-modal-N8RKDcSZ.js                     6.40 kB │ gzip:   2.62 kB
public/build/assets/Create-C9qi8yr3.js                                   6.41 kB │ gzip:   2.94 kB
public/build/assets/offer-response-FNpXuyCK.js                           6.41 kB │ gzip:   2.61 kB
public/build/assets/compensation-hero-DKrKLGD6.js                        6.42 kB │ gzip:   2.49 kB
public/build/assets/overdue-Bs5QIPc9.js                                  6.47 kB │ gzip:   2.84 kB
public/build/assets/auto-rule-builder-BQBXAfq_.js                        6.50 kB │ gzip:   2.43 kB
public/build/assets/tabs-Dw7nPodF.js                                     6.50 kB │ gzip:   2.68 kB
public/build/assets/unacknowledged-Df-7XxIQ.js                           6.51 kB │ gzip:   2.83 kB
public/build/assets/overdue-B7TNR8YR.js                                  6.51 kB │ gzip:   2.84 kB
public/build/assets/my-active-ByB11lFp.js                                6.51 kB │ gzip:   2.90 kB
public/build/assets/list-view-iCXNR_yc.js                                6.53 kB │ gzip:   2.37 kB
public/build/assets/Create-cotrIDJq.js                                   6.54 kB │ gzip:   2.95 kB
public/build/assets/clients-ChcknZjM.js                                  6.54 kB │ gzip:   2.78 kB
public/build/assets/ppe-shared-D2GNagwk.js                               6.56 kB │ gzip:   2.65 kB
public/build/assets/trend-charts-DP4HZwgH.js                             6.57 kB │ gzip:   2.53 kB
public/build/assets/maps-usage-inyAq0Pf.js                               6.59 kB │ gzip:   2.89 kB
public/build/assets/actions-reviews-BOJOqCmN.js                          6.59 kB │ gzip:   2.69 kB
public/build/assets/sortable.esm-TrASzQ3t.js                             6.64 kB │ gzip:   2.78 kB
public/build/assets/meal-planner-BulIkRNT.js                             6.68 kB │ gzip:   2.97 kB
public/build/assets/_workspace-CPT9_mAi.js                               6.70 kB │ gzip:   2.73 kB
public/build/assets/policy-summary-F9nwXzSS.js                           6.71 kB │ gzip:   3.16 kB
public/build/assets/for-client-DuJFgqNq.js                               6.71 kB │ gzip:   2.92 kB
public/build/assets/_registers-Da38dxTS.js                               6.75 kB │ gzip:   2.64 kB
public/build/assets/shift-calendar-view-BdGt-fcf.js                      6.78 kB │ gzip:   2.74 kB
public/build/assets/index-BKuL1aI8.js                                    6.82 kB │ gzip:   1.08 kB
public/build/assets/handover-rail-Bt2_v12C.js                            6.82 kB │ gzip:   2.89 kB
public/build/assets/needing-acknowledgment-D6nLtvFb.js                   6.83 kB │ gzip:   2.91 kB
public/build/assets/for-stay-CeTp_2EU.js                                 6.85 kB │ gzip:   3.03 kB
public/build/assets/checklist-trends-DRKioHcP.js                         6.87 kB │ gzip:   2.98 kB
public/build/assets/assignments-DPqldXE1.js                              6.88 kB │ gzip:   3.26 kB
public/build/assets/clock-in-wizard-DNvY9MIZ.js                          6.88 kB │ gzip:   2.94 kB
public/build/assets/board-view-BPbBZkoC.js                               6.89 kB │ gzip:   2.72 kB
public/build/assets/show-YC77LGfL.js                                     6.90 kB │ gzip:   3.18 kB
public/build/assets/day-work-list-DH__FAe4.js                            6.91 kB │ gzip:   2.82 kB
public/build/assets/index-Bo6WhMjz.js                                    6.94 kB │ gzip:   2.81 kB
public/build/assets/for-stay-D3nhYPBC.js                                 6.96 kB │ gzip:   3.10 kB
public/build/assets/_dialogs-GvXr3qMv.js                                 7.01 kB │ gzip:   3.23 kB
public/build/assets/my-tasks-96-LuSKt.js                                 7.04 kB │ gzip:   3.09 kB
public/build/assets/_header-D_le41a6.js                                  7.05 kB │ gzip:   3.27 kB
public/build/assets/alert-worklist-BcqINI3P.js                           7.05 kB │ gzip:   2.65 kB
public/build/assets/agreements-k2K8cwHD.js                               7.07 kB │ gzip:   3.28 kB
public/build/assets/combined-CQT4w6q-.js                                 7.07 kB │ gzip:   3.02 kB
public/build/assets/awaiting-approval-CHZh_88z.js                        7.08 kB │ gzip:   3.04 kB
public/build/assets/Calendar-DIfjiosW.js                                 7.12 kB │ gzip:   3.17 kB
public/build/assets/index-DXo_8ooY.js                                    7.12 kB │ gzip:   3.04 kB
public/build/assets/Index-BqqtOH_1.js                                    7.13 kB │ gzip:   3.07 kB
public/build/assets/assets-CrdJHIKV.js                                   7.13 kB │ gzip:   2.97 kB
public/build/assets/reports-modal-Bd21tH3u.js                            7.13 kB │ gzip:   2.97 kB
public/build/assets/_dialogs-Fk6WYWt0.js                                 7.14 kB │ gzip:   3.05 kB
public/build/assets/checklist-DnihqWEk.js                                7.14 kB │ gzip:   3.11 kB
public/build/assets/monitoring-incident-evidence-card-3DG38mSz.js        7.16 kB │ gzip:   2.51 kB
public/build/assets/Show-Dubqqv-f.js                                     7.17 kB │ gzip:   2.95 kB
public/build/assets/fix-clock-out-wizard-BrZLBAsP.js                     7.18 kB │ gzip:   3.07 kB
public/build/assets/_dialogs-CaPxv9Jc.js                                 7.19 kB │ gzip:   3.02 kB
public/build/assets/fleet-hero-kit-BhAq_-nh.js                           7.19 kB │ gzip:   2.89 kB
public/build/assets/Index-4BtvZfAH.js                                    7.19 kB │ gzip:   3.06 kB
public/build/assets/Show-CPiZgSCG.js                                     7.20 kB │ gzip:   3.07 kB
public/build/assets/map-model-W3TdKm_Q.js                                7.21 kB │ gzip:   3.07 kB
public/build/assets/leave-excursions-XnrqgrbV.js                         7.21 kB │ gzip:   2.39 kB
public/build/assets/location-workspace-BSmbCQEC.js                       7.23 kB │ gzip:   3.08 kB
public/build/assets/preferences-BdHClKzn.js                              7.25 kB │ gzip:   3.25 kB
public/build/assets/review-BTCn4Y68.js                                   7.27 kB │ gzip:   3.11 kB
public/build/assets/new-journal-dialog-DSe42fnM.js                       7.31 kB │ gzip:   2.69 kB
public/build/assets/respite-E3QOxyOH.js                                  7.31 kB │ gzip:   2.81 kB
public/build/assets/people-picker-DddM--7w.js                            7.35 kB │ gzip:   3.14 kB
public/build/assets/index-CGCUGD2o.js                                    7.37 kB │ gzip:   3.11 kB
public/build/assets/index-DTtPHAM6.js                                    7.37 kB │ gzip:   3.11 kB
public/build/assets/provisioning-picker-BpBhRSIi.js                      7.39 kB │ gzip:   3.30 kB
public/build/assets/create-BSqEto1p.js                                   7.46 kB │ gzip:   3.26 kB
public/build/assets/_review-dialog-D6aU_moM.js                           7.47 kB │ gzip:   3.13 kB
public/build/assets/Edit-bticNHWd.js                                     7.47 kB │ gzip:   3.21 kB
public/build/assets/_dialogs-CkObMdyS.js                                 7.48 kB │ gzip:   2.46 kB
public/build/assets/create-DNAEUteU.js                                   7.48 kB │ gzip:   3.15 kB
public/build/assets/compliance-hero-VYTOQc3j.js                          7.56 kB │ gzip:   2.61 kB
public/build/assets/shared--5j5l5RP.js                                   7.61 kB │ gzip:   3.05 kB
public/build/assets/payroll-adjustments-f9SEjBev.js                      7.64 kB │ gzip:   3.07 kB
public/build/assets/deletion-logs-DGAYZSNJ.js                            7.71 kB │ gzip:   3.34 kB
public/build/assets/show-QPa4rFRy.js                                     7.75 kB │ gzip:   3.14 kB
public/build/assets/report-error-modal-v9x3kbhV.js                       7.76 kB │ gzip:   3.27 kB
public/build/assets/communication-notes-BARIUbce.js                      7.79 kB │ gzip:   3.17 kB
public/build/assets/for-stay-Cv1MD-WH.js                                 7.80 kB │ gzip:   3.27 kB
public/build/assets/assignments-Ukos4jzu.js                              7.82 kB │ gzip:   3.57 kB
public/build/assets/medical-simple-BYtOpIvi.js                           7.86 kB │ gzip:   3.44 kB
public/build/assets/index-C2aqdcbh.js                                    7.90 kB │ gzip:   3.27 kB
public/build/assets/history-index-CUjknScj.js                            7.92 kB │ gzip:   3.47 kB
public/build/assets/Submissions-CUnOwZB5.js                              7.93 kB │ gzip:   3.70 kB
public/build/assets/daily-note-entry-qYpDQXkx.js                         7.97 kB │ gzip:   3.03 kB
public/build/assets/pending-IufycShV.js                                  7.98 kB │ gzip:   3.39 kB
public/build/assets/index-Dl8gIusR.js                                    7.98 kB │ gzip:   3.37 kB
public/build/assets/show-YyFgLRrL.js                                     8.02 kB │ gzip:   3.53 kB
public/build/assets/from-resolution-B_JFOo9A.js                          8.07 kB │ gzip:   3.57 kB
public/build/assets/file-dropzone-4ivzWGNG.js                            8.08 kB │ gzip:   3.49 kB
public/build/assets/audit-history-CiHTaj46.js                            8.13 kB │ gzip:   3.26 kB
public/build/assets/shoutouts-C-26x5oe.js                                8.16 kB │ gzip:   3.54 kB
public/build/assets/notifications-DwPCwFrx.js                            8.17 kB │ gzip:   3.60 kB
public/build/assets/_tool-palette-Dny83cOw.js                            8.20 kB │ gzip:   2.99 kB
public/build/assets/work-schedule-Jh_AqKuS.js                            8.26 kB │ gzip:   3.41 kB
public/build/assets/shell-C5hCwWpx.js                                    8.30 kB │ gzip:   2.99 kB
public/build/assets/availability-Dz7bwCWK.js                             8.31 kB │ gzip:   3.67 kB
public/build/assets/index-DYf9PQlq.js                                    8.37 kB │ gzip:   3.17 kB
public/build/assets/incidents-CPTeXy0o.js                                8.39 kB │ gzip:   3.35 kB
public/build/assets/round-template-dialog-CNx5jIIs.js                    8.39 kB │ gzip:   3.49 kB
public/build/assets/reassign-dialog-B-rd7mFd.js                          8.42 kB │ gzip:   3.60 kB
public/build/assets/password-BqVM2TxA.js                                 8.43 kB │ gzip:   3.35 kB
public/build/assets/attestations-xXqNKkCb.js                             8.44 kB │ gzip:   3.65 kB
public/build/assets/map-DQSYkjHC.js                                      8.44 kB │ gzip:   3.24 kB
public/build/assets/index-Dlg97wMc.js                                    8.44 kB │ gzip:   1.27 kB
public/build/assets/form-wizard-DvHCB0QV.js                              8.49 kB │ gzip:   3.50 kB
public/build/assets/my-day-header-Dx-3-18t.js                            8.50 kB │ gzip:   3.70 kB
public/build/assets/_dialogs-CEAPmv_5.js                                 8.57 kB │ gzip:   3.32 kB
public/build/assets/index-CuuwrIhI.js                                    8.60 kB │ gzip:   1.25 kB
public/build/assets/asset-condition-OmvZJYAH.js                          8.66 kB │ gzip:   3.47 kB
public/build/assets/credentials-BbRVZNYr.js                              8.66 kB │ gzip:   3.55 kB
public/build/assets/settings-Dr0gTmBm.js                                 8.67 kB │ gzip:   3.75 kB
public/build/assets/primitives-CoNTVse9.js                               8.69 kB │ gzip:   3.27 kB
public/build/assets/bank-account-dialog-D8fv65UN.js                      8.70 kB │ gzip:   3.38 kB
public/build/assets/index-B0vDUhOE.js                                    8.72 kB │ gzip:   3.71 kB
public/build/assets/index-Ci40-2Z_.js                                    8.72 kB │ gzip:   3.72 kB
public/build/assets/new-account-dialog-tlRIEwy8.js                       8.74 kB │ gzip:   3.41 kB
public/build/assets/personal-entry-dialog-D9iYczI-.js                    8.79 kB │ gzip:   3.29 kB
public/build/assets/show-gKNjBBbH.js                                     8.85 kB │ gzip:   3.02 kB
public/build/assets/add-medication-modal-CTzoFV6i.js                     8.87 kB │ gzip:   3.64 kB
public/build/assets/show-BDPQZiEk.js                                     8.91 kB │ gzip:   3.98 kB
public/build/assets/overdue-actions-D1WpxX4-.js                          8.95 kB │ gzip:   3.72 kB
public/build/assets/timeline-interactions-DdhTi40l.js                    8.96 kB │ gzip:   3.62 kB
public/build/assets/Index-C-mVMtEK.js                                    8.99 kB │ gzip:   3.81 kB
public/build/assets/fleet-BPGj8Bpk.js                                    9.05 kB │ gzip:   3.15 kB
public/build/assets/assess-FRgjI_JG.js                                   9.06 kB │ gzip:   3.77 kB
public/build/assets/hero-kit-CeAgzsUh.js                                 9.08 kB │ gzip:   2.98 kB
public/build/assets/Index-Do4ilMmf.js                                    9.08 kB │ gzip:   3.90 kB
public/build/assets/index-sA4Dyghh.js                                    9.09 kB │ gzip:   3.79 kB
public/build/assets/ClientTrends-DDDRkkyZ.js                             9.10 kB │ gzip:   3.90 kB
public/build/assets/file-Dd4aU9pF.js                                     9.11 kB │ gzip:   3.86 kB
public/build/assets/Index-Cz2n2ZWq.js                                    9.20 kB │ gzip:   3.69 kB
public/build/assets/index-cM3TE1zp.js                                    9.23 kB │ gzip:   3.94 kB
public/build/assets/index-B6FMVw3m.js                                    9.23 kB │ gzip:   3.63 kB
public/build/assets/index-tD0xGAKa.js                                    9.24 kB │ gzip:   4.01 kB
public/build/assets/note-rail-BC0E0tNa.js                                9.29 kB │ gzip:   3.55 kB
public/build/assets/CarePlans-IDfJCECW.js                                9.31 kB │ gzip:   3.75 kB
public/build/assets/shift-show-redesign-7f_NQTSs.js                      9.34 kB │ gzip:   3.58 kB
public/build/assets/reports-td9CnO6_.js                                  9.36 kB │ gzip:   3.89 kB
public/build/assets/knowledge-related-records-Da0ykyKT.js                9.37 kB │ gzip:   3.77 kB
public/build/assets/Show-iGRE63Jp.js                                     9.37 kB │ gzip:   4.16 kB
public/build/assets/cd-register-modal-B2wIAugA.js                        9.37 kB │ gzip:   3.85 kB
public/build/assets/_manage-types-dialog-DVmochM7.js                     9.39 kB │ gzip:   3.83 kB
public/build/assets/Show-F9hBfYxC.js                                     9.43 kB │ gzip:   4.08 kB
public/build/assets/benefits-BR-KWAQu.js                                 9.46 kB │ gzip:   3.75 kB
public/build/assets/Create-x1Y_fH2d.js                                   9.49 kB │ gzip:   3.86 kB
public/build/assets/history-CaMjxkBc.js                                  9.51 kB │ gzip:   3.83 kB
public/build/assets/_dialogs-BfHxFHk4.js                                 9.57 kB │ gzip:   3.07 kB
public/build/assets/Index-DIUd8mLA.js                                    9.57 kB │ gzip:   4.13 kB
public/build/assets/Edit-5G-oGEJ7.js                                     9.62 kB │ gzip:   3.99 kB
public/build/assets/reimbursement-C3Q7-UOd.js                            9.65 kB │ gzip:   3.76 kB
public/build/assets/module-zkKoYsRH.js                                   9.65 kB │ gzip:   4.29 kB
public/build/assets/index-DxrZU1hh.js                                    9.66 kB │ gzip:   4.08 kB
public/build/assets/family-tree-CVGuh4DX.js                              9.68 kB │ gzip:   3.64 kB
public/build/assets/create-BnKxvZAV.js                                   9.69 kB │ gzip:   4.06 kB
public/build/assets/Index-BKt0dSsK.js                                    9.69 kB │ gzip:   4.01 kB
public/build/assets/upload-CjrtPitz.js                                   9.70 kB │ gzip:   4.06 kB
public/build/assets/Mapping-ThrZ8UV1.js                                  9.72 kB │ gzip:   4.17 kB
public/build/assets/show-C6eEQvWY.js                                     9.73 kB │ gzip:   3.87 kB
public/build/assets/stream-item-fcC2rhBQ.js                              9.74 kB │ gzip:   3.61 kB
public/build/assets/reviews-DbOJYCHN.js                                  9.74 kB │ gzip:   4.34 kB
public/build/assets/linked-operational-evidence-Bmn6EK8i.js              9.78 kB │ gzip:   3.16 kB
public/build/assets/retention-Cgf3lcfL.js                                9.78 kB │ gzip:   3.91 kB
public/build/assets/_food-meal-preferences-D4c-hUzo.js                   9.82 kB │ gzip:   3.80 kB
public/build/assets/respond-DCBV16KP.js                                  9.82 kB │ gzip:   4.28 kB
public/build/assets/ComplianceStatus-CIJxHnQn.js                         9.82 kB │ gzip:   4.18 kB
public/build/assets/index-C74NHf_V.js                                    9.83 kB │ gzip:   4.00 kB
public/build/assets/Index-BMGps9PD.js                                    9.85 kB │ gzip:   4.11 kB
public/build/assets/Create-CyTyIhU_.js                                   9.85 kB │ gzip:   3.98 kB
public/build/assets/create-eRUYXtZA.js                                   9.88 kB │ gzip:   4.08 kB
public/build/assets/Logs-CyXFH6Dn.js                                     9.91 kB │ gzip:   4.23 kB
public/build/assets/Create-Dvm8VS0Q.js                                   9.91 kB │ gzip:   4.00 kB
public/build/assets/Index-Cw_hHApL.js                                    9.95 kB │ gzip:   4.16 kB
public/build/assets/RiskNarrative-B_MDn993.js                            9.96 kB │ gzip:   4.11 kB
public/build/assets/succession-wizards-1NDmTiRz.js                       9.98 kB │ gzip:   3.99 kB
public/build/assets/BoardMembers-Cc4EM7Fh.js                             9.99 kB │ gzip:   4.26 kB
public/build/assets/for-stay-CXv4tW7B.js                                10.01 kB │ gzip:   3.89 kB
public/build/assets/index-CuqUjb2R.js                                   10.01 kB │ gzip:   4.00 kB
public/build/assets/Index-CvtIjuaH.js                                   10.02 kB │ gzip:   4.12 kB
public/build/assets/pending-CJsL3lo7.js                                 10.04 kB │ gzip:   3.85 kB
public/build/assets/finance-DPpHTU3S.js                                 10.05 kB │ gzip:   3.53 kB
public/build/assets/my-calendar-DRq8AnnG.js                             10.06 kB │ gzip:   4.63 kB
public/build/assets/quick-add-task-B86XwG5Q.js                          10.06 kB │ gzip:   3.83 kB
public/build/assets/Show-CXnN5m9h.js                                    10.09 kB │ gzip:   4.44 kB
public/build/assets/time-picker-yiIS5ckN.js                             10.09 kB │ gzip:   4.28 kB
public/build/assets/grouped-profile-nav-CgCqU3zc.js                     10.09 kB │ gzip:   3.88 kB
public/build/assets/index-oRes4-dA.js                                   10.10 kB │ gzip:   4.04 kB
public/build/assets/vehicle-technology-projection-Bp_a0Sex.js           10.10 kB │ gzip:   3.39 kB
public/build/assets/Index-DHvKsR3R.js                                   10.10 kB │ gzip:   4.30 kB
public/build/assets/create-fBtkkJEz.js                                  10.10 kB │ gzip:   4.31 kB
public/build/assets/operational-canvas-Bqxbk4lp.js                      10.14 kB │ gzip:   4.21 kB
public/build/assets/template-DKpdMP6v.js                                10.15 kB │ gzip:   4.11 kB
public/build/assets/policies-D4e9bBNR.js                                10.19 kB │ gzip:   4.13 kB
public/build/assets/GovernanceTermHint-irEVfg59.js                      10.20 kB │ gzip:   4.11 kB
public/build/assets/Show-D8_szhh-.js                                    10.20 kB │ gzip:   4.31 kB
public/build/assets/create-Dh3cDR-0.js                                  10.25 kB │ gzip:   4.14 kB
public/build/assets/asset-finance-technology-projection-m5e0DJfb.js     10.26 kB │ gzip:   3.48 kB
public/build/assets/show-uy0CejsZ.js                                    10.26 kB │ gzip:   4.03 kB
public/build/assets/record-wizard-shared-D-2FHN7w.js                    10.28 kB │ gzip:   3.92 kB
public/build/assets/staff-requirements-BxZOyfD9.js                      10.31 kB │ gzip:   3.82 kB
public/build/assets/legal-holds-bZuwsyLi.js                             10.32 kB │ gzip:   4.18 kB
public/build/assets/_inventory-table-CFd0TmY-.js                        10.34 kB │ gzip:   3.74 kB
public/build/assets/show-Cgli5off.js                                    10.35 kB │ gzip:   4.09 kB
public/build/assets/unifi-BawGu7Tp.js                                   10.38 kB │ gzip:   4.14 kB
public/build/assets/Index-nM0FrGun.js                                   10.39 kB │ gzip:   4.36 kB
public/build/assets/create-Bx-jyiqM.js                                  10.41 kB │ gzip:   4.28 kB
public/build/assets/ClientSummary-CMARytxs.js                           10.43 kB │ gzip:   3.75 kB
public/build/assets/index-RMWqV5c-.js                                   10.43 kB │ gzip:   4.35 kB
public/build/assets/Index-6GFlUCiq.js                                   10.43 kB │ gzip:   4.28 kB
public/build/assets/Show-CJsMUmnm.js                                    10.43 kB │ gzip:   3.90 kB
public/build/assets/Index-5CVjnyVj.js                                   10.45 kB │ gzip:   4.30 kB
public/build/assets/saved-CQYeaqfk.js                                   10.46 kB │ gzip:   4.28 kB
public/build/assets/marketing-layout-CX0Qaohs.js                        10.47 kB │ gzip:   3.33 kB
public/build/assets/index-Ck8CvCKD.js                                   10.49 kB │ gzip:   4.13 kB
public/build/assets/Index-C4NRCFy1.js                                   10.50 kB │ gzip:   4.25 kB
public/build/assets/FundingStreamSummary-DQoDkNDM.js                    10.50 kB │ gzip:   4.32 kB
public/build/assets/show-CWdKEp6u.js                                    10.55 kB │ gzip:   3.89 kB
public/build/assets/edit-C1qbzxjq.js                                    10.56 kB │ gzip:   4.36 kB
public/build/assets/Index-DuX2kHTQ.js                                   10.57 kB │ gzip:   4.37 kB
public/build/assets/Index-DC04RnkR.js                                   10.57 kB │ gzip:   4.49 kB
public/build/assets/risks-g9y-634X.js                                   10.58 kB │ gzip:   4.01 kB
public/build/assets/status-XwFaXPPU.js                                  10.58 kB │ gzip:   4.23 kB
public/build/assets/ui-CWWBFQ5X.js                                      10.58 kB │ gzip:   4.51 kB
public/build/assets/Index-BsVTTh2t.js                                   10.61 kB │ gzip:   4.40 kB
public/build/assets/edit--7CTkdHT.js                                    10.62 kB │ gzip:   4.31 kB
public/build/assets/index-wlFjznM8.js                                   10.66 kB │ gzip:   4.76 kB
public/build/assets/modules-Dh5UrvyY.js                                 10.72 kB │ gzip:   4.31 kB
public/build/assets/create-D-KRbTYJ.js                                  10.74 kB │ gzip:   3.68 kB
public/build/assets/compliance-BbTSpsZ6.js                              10.74 kB │ gzip:   4.25 kB
public/build/assets/index-DhHlNjH-.js                                   10.79 kB │ gzip:   4.25 kB
public/build/assets/tomorrow-panel-C_cyq5rq.js                          10.80 kB │ gzip:   4.26 kB
public/build/assets/portal-users-BrpRheSh.js                            10.80 kB │ gzip:   4.46 kB
public/build/assets/documents-Dm2GzVXQ.js                               10.84 kB │ gzip:   3.84 kB
public/build/assets/_door-B2m7jivU.js                                   10.87 kB │ gzip:   3.81 kB
public/build/assets/risks-D4s2P8CL.js                                   10.90 kB │ gzip:   4.13 kB
public/build/assets/Show-BZ5Y1D4f.js                                    10.91 kB │ gzip:   4.22 kB
public/build/assets/work-calendar-settings-aT6I2yig.js                  10.91 kB │ gzip:   4.32 kB
public/build/assets/Index-BxsBHmZ2.js                                   10.93 kB │ gzip:   4.50 kB
public/build/assets/Changes-BGLEpOT8.js                                 10.94 kB │ gzip:   4.89 kB
public/build/assets/Show-Dx1Dthm_.js                                    10.99 kB │ gzip:   4.46 kB
public/build/assets/create-DmV2oGjb.js                                  11.00 kB │ gzip:   4.48 kB
public/build/assets/index-ubtH2xcj.js                                   11.02 kB │ gzip:   1.52 kB
public/build/assets/handovers-hero-uo2kHDkM.js                          11.03 kB │ gzip:   4.81 kB
public/build/assets/Index-BkE-5ueL.js                                   11.05 kB │ gzip:   4.61 kB
public/build/assets/Committee-BfCehS99.js                               11.06 kB │ gzip:   4.81 kB
public/build/assets/_dialogs-BWE-Fz-N.js                                11.07 kB │ gzip:   4.41 kB
public/build/assets/create-MPHCj3J3.js                                  11.09 kB │ gzip:   4.39 kB
public/build/assets/TrialBalance-BnwUsr4Q.js                            11.09 kB │ gzip:   4.81 kB
public/build/assets/index-DY8H4ygw.js                                   11.11 kB │ gzip:   4.59 kB
public/build/assets/photos-DTo1SOIu.js                                  11.13 kB │ gzip:   4.57 kB
public/build/assets/breaches-wOJilfMS.js                                11.14 kB │ gzip:   4.41 kB
public/build/assets/vendors-CKt1uw-Z.js                                 11.16 kB │ gzip:   3.65 kB
public/build/assets/index-Bkzz9GdT.js                                   11.16 kB │ gzip:   4.02 kB
public/build/assets/clock-out-wizard-BClylaez.js                        11.18 kB │ gzip:   4.50 kB
public/build/assets/summary-BOVDXuah.js                                 11.19 kB │ gzip:   4.12 kB
public/build/assets/timeline-ScN5sxhY.js                                11.20 kB │ gzip:   4.80 kB
public/build/assets/index-C9RJ5Fa4.js                                   11.23 kB │ gzip:   4.36 kB
public/build/assets/broadcast-show-CT0X1rQA.js                          11.26 kB │ gzip:   4.11 kB
public/build/assets/show-supervision-By3eARcV.js                        11.27 kB │ gzip:   4.26 kB
public/build/assets/cards-view-BTNX86AT.js                              11.27 kB │ gzip:   4.22 kB
public/build/assets/privacy-action-modal-8anxLXiB.js                    11.30 kB │ gzip:   4.43 kB
public/build/assets/CheckShift-D4UHOSvD.js                              11.32 kB │ gzip:   4.78 kB
public/build/assets/dashboard-tabs-DCxcazmR.js                          11.32 kB │ gzip:   4.23 kB
public/build/assets/Edit-DQtnGNfw.js                                    11.33 kB │ gzip:   4.57 kB
public/build/assets/Index-DQFSpfn6.js                                   11.33 kB │ gzip:   4.68 kB
public/build/assets/notifications-BZsd4gy0.js                           11.35 kB │ gzip:   4.20 kB
public/build/assets/Index-DNEeJNOM.js                                   11.38 kB │ gzip:   4.72 kB
public/build/assets/Index-BXhYLzxv.js                                   11.40 kB │ gzip:   4.59 kB
public/build/assets/Matrix-D9U5N5yE.js                                  11.42 kB │ gzip:   4.87 kB
public/build/assets/wizard-configs-DpRKObPH.js                          11.42 kB │ gzip:   3.50 kB
public/build/assets/visit-requests-DN1dCz7w.js                          11.42 kB │ gzip:   4.63 kB
public/build/assets/leave-hub-parts-D-XR0wwF.js                         11.45 kB │ gzip:   4.21 kB
public/build/assets/surveys-CdOOBRVp.js                                 11.45 kB │ gzip:   4.53 kB
public/build/assets/index-DljzFzNi.js                                   11.46 kB │ gzip:   4.67 kB
public/build/assets/price-book-dialog-BAs-KgVx.js                       11.47 kB │ gzip:   4.59 kB
public/build/assets/quote-dialog-Db3ggMvP.js                            11.49 kB │ gzip:   4.65 kB
public/build/assets/Create-clRN9fY9.js                                  11.49 kB │ gzip:   4.50 kB
public/build/assets/create-CqN8HaXw.js                                  11.51 kB │ gzip:   4.79 kB
public/build/assets/Index-Dk-MvI6B.js                                   11.52 kB │ gzip:   5.15 kB
public/build/assets/workers-CLg3HLMu.js                                 11.54 kB │ gzip:   4.40 kB
public/build/assets/Trends-B8w_XyaP.js                                  11.55 kB │ gzip:   5.00 kB
public/build/assets/index-DcjbpxE2.js                                   11.57 kB │ gzip:   4.59 kB
public/build/assets/documents-CiistBsh.js                               11.59 kB │ gzip:   4.11 kB
public/build/assets/Index-6GvjVbSG.js                                   11.61 kB │ gzip:   4.83 kB
public/build/assets/index-BtPHtSzj.js                                   11.63 kB │ gzip:   4.21 kB
public/build/assets/Show-qK0U7cne.js                                    11.66 kB │ gzip:   5.14 kB
public/build/assets/dpia-40eM2dP5.js                                    11.66 kB │ gzip:   4.47 kB
public/build/assets/_dialogs-Bg7Z4Liq.js                                11.68 kB │ gzip:   4.74 kB
public/build/assets/show-DBe9qlP-.js                                    11.70 kB │ gzip:   5.02 kB
public/build/assets/show-5UKL20kd.js                                    11.80 kB │ gzip:   4.45 kB
public/build/assets/task-DzGBKvXx.js                                    11.83 kB │ gzip:   4.86 kB
public/build/assets/Dashboard-C6eF1KVY.js                               11.83 kB │ gzip:   5.05 kB
public/build/assets/Index-DfENT9DZ.js                                   11.86 kB │ gzip:   4.88 kB
public/build/assets/templates-BEydYZA-.js                               11.86 kB │ gzip:   4.84 kB
public/build/assets/rehire-wizard--K0QD85q.js                           11.87 kB │ gzip:   4.49 kB
public/build/assets/_dialogs-DGai5Roq.js                                11.88 kB │ gzip:   4.46 kB
public/build/assets/Index-CCXYc0EK.js                                   11.90 kB │ gzip:   4.62 kB
public/build/assets/Index-gdEK5wBm.js                                   11.91 kB │ gzip:   5.20 kB
public/build/assets/Index-rLPA2CJF.js                                   11.91 kB │ gzip:   5.14 kB
public/build/assets/community-access-xlTLQ1Xp.js                        11.92 kB │ gzip:   4.81 kB
public/build/assets/shift-list-view-IFAINo1N.js                         11.94 kB │ gzip:   4.71 kB
public/build/assets/alerts-config-DEQ1ykYO.js                           11.94 kB │ gzip:   4.58 kB
public/build/assets/Index-CfcpGH-w.js                                   11.96 kB │ gzip:   5.18 kB
public/build/assets/Index-Do9tZQSD.js                                   11.96 kB │ gzip:   5.23 kB
public/build/assets/log-notifiable-dialog-BgirXA7L.js                   11.97 kB │ gzip:   4.40 kB
public/build/assets/Prepare-CWoW-2yR.js                                 11.97 kB │ gzip:   4.90 kB
public/build/assets/healthcare-devices-BZH0SJKs.js                      11.99 kB │ gzip:   4.18 kB
public/build/assets/apply-DfHfK2GT.js                                   12.00 kB │ gzip:   4.57 kB
public/build/assets/performance-hero-D2MeetcL.js                        12.00 kB │ gzip:   3.84 kB
public/build/assets/create-template-CrkU21bI.js                         12.02 kB │ gzip:   4.81 kB
public/build/assets/sign-C5zFLz9V.js                                    12.05 kB │ gzip:   4.75 kB
public/build/assets/profile-78Bmfoyk.js                                 12.05 kB │ gzip:   4.93 kB
public/build/assets/page-hero-DCeNgocr.js                               12.05 kB │ gzip:   4.64 kB
public/build/assets/AgedReport-DGGlBR0J.js                              12.07 kB │ gzip:   5.44 kB
public/build/assets/protocol-form-De13MeO2.js                           12.08 kB │ gzip:   4.40 kB
public/build/assets/ppe-wizard-Du165i20.js                              12.15 kB │ gzip:   4.97 kB
public/build/assets/assignments-C2Zd5i4Z.js                             12.16 kB │ gzip:   4.89 kB
public/build/assets/Index-DntY1iy0.js                                   12.17 kB │ gzip:   5.10 kB
public/build/assets/index-8WtMByCE.js                                   12.18 kB │ gzip:   4.67 kB
public/build/assets/it-ticket-comment-contract-BBENTCa7.js              12.19 kB │ gzip:   3.96 kB
public/build/assets/cards-view-DqxJ_D5v.js                              12.20 kB │ gzip:   4.47 kB
public/build/assets/Index-DC5bu4MA.js                                   12.21 kB │ gzip:   4.96 kB
public/build/assets/_request-dialog-ClK0--J0.js                         12.25 kB │ gzip:   4.61 kB
public/build/assets/create-C2_jwvqL.js                                  12.25 kB │ gzip:   4.72 kB
public/build/assets/_builder-dialog-CYI76SJu.js                         12.27 kB │ gzip:   4.90 kB
public/build/assets/BalanceSheet-Y43Rn9lD.js                            12.28 kB │ gzip:   5.14 kB
public/build/assets/Index-DAtV9xWP.js                                   12.31 kB │ gzip:   5.25 kB
public/build/assets/index-BtL_ycNk.js                                   12.32 kB │ gzip:   5.01 kB
public/build/assets/medications-CbsOw_b0.js                             12.35 kB │ gzip:   4.47 kB
public/build/assets/Index-Cg1JiHGo.js                                   12.35 kB │ gzip:   4.88 kB
public/build/assets/Index-XlvOkE4U.js                                   12.38 kB │ gzip:   5.08 kB
public/build/assets/index-BBuucI3y.js                                   12.39 kB │ gzip:   4.46 kB
public/build/assets/donor-fund-dialog-_95yz9Kd.js                       12.42 kB │ gzip:   4.44 kB
public/build/assets/time-39hEH7O-.js                                    12.42 kB │ gzip:   5.28 kB
public/build/assets/index-BS7HRrnf.js                                   12.43 kB │ gzip:   5.09 kB
public/build/assets/pricing-BNNj_tU2.js                                 12.44 kB │ gzip:   3.70 kB
public/build/assets/index-CbeUcMzv.js                                   12.45 kB │ gzip:   5.35 kB
public/build/assets/edit-BTiaBMWM.js                                    12.47 kB │ gzip:   4.92 kB
public/build/assets/Index-DAPpvzZR.js                                   12.48 kB │ gzip:   5.41 kB
public/build/assets/index-DyR2-fqm.js                                   12.49 kB │ gzip:   4.72 kB
public/build/assets/log-obligation-dialog-DJT-wheo.js                   12.49 kB │ gzip:   4.70 kB
public/build/assets/facilities-BblTZgL8.js                              12.49 kB │ gzip:   5.20 kB
public/build/assets/index-DpG-7A6G.js                                   12.50 kB │ gzip:   4.85 kB
public/build/assets/Index-7F8xoXMB.js                                   12.51 kB │ gzip:   5.38 kB
public/build/assets/head-office-BHxDE_z3.js                             12.51 kB │ gzip:   5.28 kB
public/build/assets/requests-Bl6eLZ4Y.js                                12.52 kB │ gzip:   4.82 kB
public/build/assets/specialist-workspace-header-C0dI99t6.js             12.57 kB │ gzip:   5.56 kB
public/build/assets/_dialogs-BeriNrLK.js                                12.57 kB │ gzip:   5.33 kB
public/build/assets/index-J-YfVvo-.js                                   12.61 kB │ gzip:   4.47 kB
public/build/assets/index-XNgUjEPP.js                                   12.65 kB │ gzip:   4.83 kB
public/build/assets/edit-CpWuakXv.js                                    12.65 kB │ gzip:   4.79 kB
public/build/assets/index-BLItbTzT.js                                   12.66 kB │ gzip:   5.22 kB
public/build/assets/Trends-CdsiCZbs.js                                  12.67 kB │ gzip:   5.20 kB
public/build/assets/geofence-draw-map-D9arNMOM.js                       12.68 kB │ gzip:   4.86 kB
public/build/assets/Assignments-070ZZA45.js                             12.70 kB │ gzip:   5.34 kB
public/build/assets/Diff-CHYFjCud.js                                    12.70 kB │ gzip:   5.46 kB
public/build/assets/index-DBT5oezG.js                                   12.71 kB │ gzip:   4.62 kB
public/build/assets/health-CvrWVgSX.js                                  12.75 kB │ gzip:   4.33 kB
public/build/assets/Review-CsCRHkma.js                                  12.75 kB │ gzip:   4.67 kB
public/build/assets/new-po-dialog-BdN6jx_5.js                           12.75 kB │ gzip:   4.80 kB
public/build/assets/show-KbdfBSOS.js                                    12.76 kB │ gzip:   4.79 kB
public/build/assets/show-DbQhEWMJ.js                                    12.77 kB │ gzip:   4.54 kB
public/build/assets/index-CHZHWLIS.js                                   12.77 kB │ gzip:   5.00 kB
public/build/assets/builder-CZt8jiQS.js                                 12.81 kB │ gzip:   4.88 kB
public/build/assets/Index-DX_4WPW6.js                                   12.82 kB │ gzip:   4.78 kB
public/build/assets/Show-DoiWRgST.js                                    12.85 kB │ gzip:   4.90 kB
public/build/assets/ProfitAndLoss-BdDAK0Wt.js                           12.86 kB │ gzip:   5.16 kB
public/build/assets/ppe-action-dialogs-BAVIwpEa.js                      12.87 kB │ gzip:   4.36 kB
public/build/assets/Index-B3WqzrLg.js                                   12.88 kB │ gzip:   5.53 kB
public/build/assets/Index-C7CZSaIl.js                                   12.88 kB │ gzip:   5.59 kB
public/build/assets/Index-CELl3xJp.js                                   12.94 kB │ gzip:   5.66 kB
public/build/assets/privacy-CHyiohAc.js                                 12.98 kB │ gzip:   3.80 kB
public/build/assets/index-8fbh602S.js                                   13.02 kB │ gzip:   5.45 kB
public/build/assets/Dashboard-BzQaR4no.js                               13.07 kB │ gzip:   5.45 kB
public/build/assets/Show-C-9azL2i.js                                    13.09 kB │ gzip:   5.07 kB
public/build/assets/prn-wizard-DftsXD8R.js                              13.10 kB │ gzip:   4.98 kB
public/build/assets/show-DXCrTagm.js                                    13.10 kB │ gzip:   4.95 kB
public/build/assets/Trends-DI02QWDz.js                                  13.11 kB │ gzip:   5.35 kB
public/build/assets/index-MUqZ7BmW.js                                   13.12 kB │ gzip:   5.40 kB
public/build/assets/playbook-wizard-Boy0esvj.js                         13.16 kB │ gzip:   4.60 kB
public/build/assets/Dashboard-BoTPk7Q8.js                               13.16 kB │ gzip:   4.34 kB
public/build/assets/layout-DeMU_FGk.js                                  13.19 kB │ gzip:   4.25 kB
public/build/assets/Index-Dv_FGKez.js                                   13.19 kB │ gzip:   5.62 kB
public/build/assets/daily-check-BCUB7eB9.js                             13.21 kB │ gzip:   5.34 kB
public/build/assets/Create-DtKquz0u.js                                  13.22 kB │ gzip:   5.57 kB
public/build/assets/calendar-BlCe_Ys8.js                                13.22 kB │ gzip:   5.26 kB
public/build/assets/plans-arNNYHIJ.js                                   13.23 kB │ gzip:   5.34 kB
public/build/assets/site-detail-0dNi5M6_.js                             13.23 kB │ gzip:   4.50 kB
public/build/assets/alerts-events-C305vYC9.js                           13.25 kB │ gzip:   5.59 kB
public/build/assets/Index-C9pJbakI.js                                   13.27 kB │ gzip:   5.61 kB
public/build/assets/show-DTMjGYRx.js                                    13.28 kB │ gzip:   5.11 kB
public/build/assets/reviews-BWUOK4Di.js                                 13.31 kB │ gzip:   5.13 kB
public/build/assets/Index-D98ulXYS.js                                   13.31 kB │ gzip:   5.55 kB
public/build/assets/messaging-CeDwB5GX.js                               13.33 kB │ gzip:   4.71 kB
public/build/assets/pre-check-DdBs1hYv.js                               13.34 kB │ gzip:   5.00 kB
public/build/assets/goals-path-ByEnVBqy.js                              13.35 kB │ gzip:   5.34 kB
public/build/assets/_dialogs-DrwFTFFh.js                                13.39 kB │ gzip:   4.86 kB
public/build/assets/create-alhm6poL.js                                  13.39 kB │ gzip:   5.21 kB
public/build/assets/_dialogs-BebdyQBV.js                                13.39 kB │ gzip:   5.61 kB
public/build/assets/HealthMonitoring-xaDgshr1.js                        13.40 kB │ gzip:   4.87 kB
public/build/assets/Index-DN4FhUnZ.js                                   13.44 kB │ gzip:   5.87 kB
public/build/assets/_audit-dialog-DmEViJw_.js                           13.46 kB │ gzip:   5.40 kB
public/build/assets/timesheet-review-BuUqpcwj.js                        13.46 kB │ gzip:   5.02 kB
public/build/assets/_ledger-panel-Bir9I2IE.js                           13.46 kB │ gzip:   4.24 kB
public/build/assets/unassign-make-open-dialog-DCujhD_a.js               13.47 kB │ gzip:   5.09 kB
public/build/assets/about-rcgDQ8NO.js                                   13.50 kB │ gzip:   3.48 kB
public/build/assets/houses-BD0IAfz5.js                                  13.55 kB │ gzip:   5.66 kB
public/build/assets/digest-panel-C02jgwT8.js                            13.56 kB │ gzip:   4.80 kB
public/build/assets/expenses-D3kZjTNa.js                                13.57 kB │ gzip:   5.23 kB
public/build/assets/index-Cxlwl-We.js                                   13.57 kB │ gzip:   5.79 kB
public/build/assets/edit-template-D3JtEIXI.js                           13.58 kB │ gzip:   5.47 kB
public/build/assets/client-iZpXSvgF.js                                  13.61 kB │ gzip:   3.89 kB
public/build/assets/Index-PVO1bGi_.js                                   13.62 kB │ gzip:   5.89 kB
public/build/assets/my-day-hero-fpzp99xf.js                             13.65 kB │ gzip:   5.96 kB
public/build/assets/MyInterests-CVoMyscZ.js                             13.68 kB │ gzip:   5.79 kB
public/build/assets/Index-30FBWi9O.js                                   13.69 kB │ gzip:   5.96 kB
public/build/assets/_dialogs-mMEs_h_J.js                                13.70 kB │ gzip:   5.13 kB
public/build/assets/terminology-UY3bkgnv.js                             13.71 kB │ gzip:   4.21 kB
public/build/assets/documents-XOUpV-4C.js                               13.72 kB │ gzip:   5.48 kB
public/build/assets/by-house-aPQAsnvZ.js                                13.72 kB │ gzip:   4.84 kB
public/build/assets/rule-wizard-uKj3SVAA.js                             13.75 kB │ gzip:   5.11 kB
public/build/assets/Index-B_zUAjdu.js                                   13.79 kB │ gzip:   5.81 kB
public/build/assets/Index-k5_XObXl.js                                   13.82 kB │ gzip:   5.47 kB
public/build/assets/Index-DLD-noZ5.js                                   13.85 kB │ gzip:   5.60 kB
public/build/assets/Committee-BnmpcT4m.js                               13.86 kB │ gzip:   6.00 kB
public/build/assets/_recipe-edit-dialog-DKEN20WG.js                     13.90 kB │ gzip:   4.69 kB
public/build/assets/timeline-tab-DHB_ILAv.js                            13.94 kB │ gzip:   4.93 kB
public/build/assets/Show-Dtbz7WgG.js                                    14.00 kB │ gzip:   6.03 kB
public/build/assets/map-CcRt--QM.js                                     14.00 kB │ gzip:   5.82 kB
public/build/assets/create-Cx8B1tr6.js                                  14.05 kB │ gzip:   5.36 kB
public/build/assets/show-C9l564-w.js                                    14.09 kB │ gzip:   5.08 kB
public/build/assets/show-D_IZp1tZ.js                                    14.12 kB │ gzip:   4.74 kB
public/build/assets/holidays-EsLBiGUu.js                                14.12 kB │ gzip:   5.76 kB
public/build/assets/Show-BXW0RmcR.js                                    14.12 kB │ gzip:   5.51 kB
public/build/assets/Attestations-CR-E98bx.js                            14.12 kB │ gzip:   5.82 kB
public/build/assets/index-gGGZAyAx.js                                   14.16 kB │ gzip:   5.39 kB
public/build/assets/Index-B1NtfJET.js                                   14.20 kB │ gzip:   6.21 kB
public/build/assets/audit-log-BvLmu9aS.js                               14.21 kB │ gzip:   5.74 kB
public/build/assets/_dialog-shared-DiFHZJFs.js                          14.22 kB │ gzip:   5.46 kB
public/build/assets/new-vendor-dialog-cXFbsGxD.js                       14.25 kB │ gzip:   4.76 kB
public/build/assets/Terminals-DzyWT1ST.js                               14.31 kB │ gzip:   5.93 kB
public/build/assets/task-detail-dialog-DzmzS3M3.js                      14.34 kB │ gzip:   4.80 kB
public/build/assets/Statements-pr0erDzL.js                              14.39 kB │ gzip:   5.89 kB
public/build/assets/trends-DgUg7cLi.js                                  14.40 kB │ gzip:   4.83 kB
public/build/assets/Index-CuJmYUhV.js                                   14.41 kB │ gzip:   6.17 kB
public/build/assets/workflow-R7RMy2zn.js                                14.41 kB │ gzip:   5.91 kB
public/build/assets/survey-eY9_Lhb9.js                                  14.44 kB │ gzip:   4.78 kB
public/build/assets/index-r0IgLbZV.js                                   14.45 kB │ gzip:   5.39 kB
public/build/assets/Index-B4jS9bja.js                                   14.47 kB │ gzip:   6.19 kB
public/build/assets/mar-Cjz-Wfoj.js                                     14.48 kB │ gzip:   3.92 kB
public/build/assets/Create-CJKp9v_Y.js                                  14.48 kB │ gzip:   5.66 kB
public/build/assets/index-BqiglMiA.js                                   14.48 kB │ gzip:   5.79 kB
public/build/assets/Index-BfeTwkva.js                                   14.49 kB │ gzip:   6.39 kB
public/build/assets/Index-zOLUstS4.js                                   14.51 kB │ gzip:   6.03 kB
public/build/assets/global-CrRvcKmb.js                                  14.59 kB │ gzip:   5.53 kB
public/build/assets/Financials-B9n8wP0d.js                              14.61 kB │ gzip:   5.76 kB
public/build/assets/_commercial-C3LL7Kbp.js                             14.62 kB │ gzip:   5.37 kB
public/build/assets/_dialogs-C9D4DOgF.js                                14.63 kB │ gzip:   5.81 kB
public/build/assets/index-Caw678Ki.js                                   14.64 kB │ gzip:   5.56 kB
public/build/assets/matrix-BeKPyzhc.js                                  14.74 kB │ gzip:   5.91 kB
public/build/assets/record-evidence-dialog-vJ_CDqzq.js                  14.75 kB │ gzip:   5.97 kB
public/build/assets/_dialogs-DYciNQU0.js                                14.75 kB │ gzip:   5.60 kB
public/build/assets/show-1kX6mRny.js                                    14.76 kB │ gzip:   5.72 kB
public/build/assets/my-tasks-bj-BH19_.js                                14.76 kB │ gzip:   5.78 kB
public/build/assets/run-DZWwgbsp.js                                     14.76 kB │ gzip:   5.47 kB
public/build/assets/index-DGEK9QkD.js                                   14.77 kB │ gzip:   6.13 kB
public/build/assets/playback-CEsvlIJd.js                                14.79 kB │ gzip:   5.81 kB
public/build/assets/index-Cyr9mPuK.js                                   14.79 kB │ gzip:   5.79 kB
public/build/assets/Show-C8JnsZf7.js                                    14.82 kB │ gzip:   5.87 kB
public/build/assets/new-bill-dialog-DBEWf9Nz.js                         14.83 kB │ gzip:   5.31 kB
public/build/assets/Show-CQiYlOzz.js                                    14.86 kB │ gzip:   6.08 kB
public/build/assets/reports-Z_Oybwc4.js                                 14.91 kB │ gzip:   5.17 kB
public/build/assets/Index-DxWGXZSL.js                                   14.95 kB │ gzip:   5.52 kB
public/build/assets/show-C8HcMo7l.js                                    14.95 kB │ gzip:   5.51 kB
public/build/assets/CashFlow-CFzoa0JK.js                                14.97 kB │ gzip:   5.90 kB
public/build/assets/Create-C0vbYiJ_.js                                  14.98 kB │ gzip:   4.95 kB
public/build/assets/index-BLhPlUqk.js                                   14.98 kB │ gzip:   6.04 kB
public/build/assets/Results-D9GusCNq.js                                 15.02 kB │ gzip:   6.25 kB
public/build/assets/portal-users-BpQlTVAh.js                            15.03 kB │ gzip:   6.22 kB
public/build/assets/edit-CqVgJGVe.js                                    15.08 kB │ gzip:   5.89 kB
public/build/assets/sso-groups-DkzqH87q.js                              15.11 kB │ gzip:   5.61 kB
public/build/assets/custom-fields-BrrJ45wr.js                           15.11 kB │ gzip:   6.12 kB
public/build/assets/index-Dgrw9b5c.js                                   15.14 kB │ gzip:   6.21 kB
public/build/assets/command-centre-hero-DMDnegz_.js                     15.18 kB │ gzip:   6.16 kB
public/build/assets/Show-B38s_K1n.js                                    15.20 kB │ gzip:   6.40 kB
public/build/assets/overview-crAArncP.js                                15.26 kB │ gzip:   5.52 kB
public/build/assets/BatchDetail-D4tCWH3K.js                             15.27 kB │ gzip:   5.90 kB
public/build/assets/create-_T8q0tG0.js                                  15.31 kB │ gzip:   5.59 kB
public/build/assets/terms-cHmmSMXn.js                                   15.36 kB │ gzip:   4.45 kB
public/build/assets/Index-Co-Vnyzm.js                                   15.37 kB │ gzip:   6.34 kB
public/build/assets/Roles-BVo_mzQg.js                                   15.39 kB │ gzip:   4.83 kB
public/build/assets/edit-C-mdd0fo.js                                    15.39 kB │ gzip:   6.09 kB
public/build/assets/contact-CJ4_7nq8.js                                 15.42 kB │ gzip:   4.92 kB
public/build/assets/Show-B6pmDJrx.js                                    15.47 kB │ gzip:   6.00 kB
public/build/assets/Index-d62lvBH5.js                                   15.47 kB │ gzip:   6.56 kB
public/build/assets/show-BcnNzYnW.js                                    15.53 kB │ gzip:   5.82 kB
public/build/assets/record-event-dialog-ZiRRTviN.js                     15.54 kB │ gzip:   5.97 kB
public/build/assets/staff-detail-BqBewQeX.js                            15.55 kB │ gzip:   5.91 kB
public/build/assets/bonuses-C664HZkx.js                                 15.55 kB │ gzip:   6.29 kB
public/build/assets/reports-rLRjb1z5.js                                 15.60 kB │ gzip:   5.95 kB
public/build/assets/payslips-CIHYRnEp.js                                15.62 kB │ gzip:   5.64 kB
public/build/assets/shift-detail-dialog-CbDMXlw8.js                     15.63 kB │ gzip:   6.05 kB
public/build/assets/daily-note-wizard-BSNPxjeT.js                       15.63 kB │ gzip:   4.78 kB
public/build/assets/index-DsZRwDDB.js                                   15.64 kB │ gzip:   6.35 kB
public/build/assets/profile-BB5YiwOD.js                                 15.70 kB │ gzip:   5.61 kB
public/build/assets/Index-Bboe4mI1.js                                   15.72 kB │ gzip:   6.33 kB
public/build/assets/history-BDpKfSro.js                                 15.73 kB │ gzip:   5.82 kB
public/build/assets/Show-Bjt0QPRm.js                                    15.75 kB │ gzip:   6.33 kB
public/build/assets/webhooks-CDIzX-Tr.js                                15.76 kB │ gzip:   5.40 kB
public/build/assets/BudgetVsActuals-DjWjbDLH.js                         15.76 kB │ gzip:   6.10 kB
public/build/assets/Heatmap-D3gQvdE0.js                                 15.86 kB │ gzip:   6.68 kB
public/build/assets/my-hr-shoutout-spotlight-CETD2i0l.js                15.87 kB │ gzip:   5.91 kB
public/build/assets/Batches-7k6rG7u0.js                                 15.88 kB │ gzip:   6.52 kB
public/build/assets/review-detail-xxKTEuta.js                           15.89 kB │ gzip:   6.32 kB
public/build/assets/index-ChlhUOfS.js                                   15.95 kB │ gzip:   6.63 kB
public/build/assets/maintenance-health-3s2wZ5lb.js                      15.98 kB │ gzip:   6.30 kB
public/build/assets/Index-hiaar1Jq.js                                   15.99 kB │ gzip:   6.26 kB
public/build/assets/audit-DmIB4a1E.js                                   16.04 kB │ gzip:   5.96 kB
public/build/assets/Index-DFqSmBXR.js                                   16.05 kB │ gzip:   6.83 kB
public/build/assets/record-dose-wizard-BL-6dKVM.js                      16.05 kB │ gzip:   5.36 kB
public/build/assets/record-receipt-dialog-BBRS1Mpk.js                   16.12 kB │ gzip:   5.59 kB
public/build/assets/leaflet-map-BMzdOc_S.js                             16.13 kB │ gzip:   5.72 kB
public/build/assets/index-BK_a4VsZ.js                                   16.14 kB │ gzip:   6.43 kB
public/build/assets/policy-wizards-CDJY7Mar.js                          16.17 kB │ gzip:   5.57 kB
public/build/assets/boundary-wizard-BhvkwOM6.js                         16.20 kB │ gzip:   6.24 kB
public/build/assets/Index-CAevflIe.js                                   16.27 kB │ gzip:   6.84 kB
public/build/assets/matrix-B1fvHynb.js                                  16.28 kB │ gzip:   6.32 kB
public/build/assets/appearance-DYMmUr_4.js                              16.30 kB │ gzip:   5.01 kB
public/build/assets/incidents-CuZc94SF.js                               16.32 kB │ gzip:   6.03 kB
public/build/assets/risk-management-BpzOokik.js                         16.35 kB │ gzip:   6.27 kB
public/build/assets/Assessments-C-PWQ4Q1.js                             16.39 kB │ gzip:   6.42 kB
public/build/assets/Show-BGmWRAjR.js                                    16.39 kB │ gzip:   6.43 kB
public/build/assets/record-abc-dialog-Bb06n8fw.js                       16.39 kB │ gzip:   5.81 kB
public/build/assets/Index-Ksore6RM.js                                   16.41 kB │ gzip:   6.35 kB
public/build/assets/breaches-DvCnqqHF.js                                16.42 kB │ gzip:   5.75 kB
public/build/assets/RunResults-D0HnP8Eh.js                              16.44 kB │ gzip:   6.18 kB
public/build/assets/show-Doetdxqa.js                                    16.49 kB │ gzip:   6.59 kB
public/build/assets/index-CaFV9x3j.js                                   16.52 kB │ gzip:   6.62 kB
public/build/assets/Settings-3fhULa7l.js                                16.55 kB │ gzip:   6.22 kB
public/build/assets/show-Deibs0CM.js                                    16.56 kB │ gzip:   5.62 kB
public/build/assets/Show-nITZAQJr.js                                    16.59 kB │ gzip:   6.53 kB
public/build/assets/notification-defaults-BeeA_lq1.js                   16.62 kB │ gzip:   5.92 kB
public/build/assets/index-BLffwv81.js                                   16.66 kB │ gzip:   6.49 kB
public/build/assets/Index-g3d1BNcF.js                                   16.68 kB │ gzip:   6.62 kB
public/build/assets/observations-4XbYEPNJ.js                            16.70 kB │ gzip:   6.20 kB
public/build/assets/location-C8R3TEbN.js                                16.73 kB │ gzip:   6.02 kB
public/build/assets/Show-DeYzVhrq.js                                    16.81 kB │ gzip:   6.96 kB
public/build/assets/charts-jR9vD6Us.js                                  16.83 kB │ gzip:   5.55 kB
public/build/assets/Protocols-Bq59Siq7.js                               16.86 kB │ gzip:   6.22 kB
public/build/assets/documents-NnpCjLrS.js                               16.86 kB │ gzip:   6.66 kB
public/build/assets/leave-CYmUVIX-.js                                   16.88 kB │ gzip:   7.06 kB
public/build/assets/Index-mvJ6Vhbc.js                                   16.88 kB │ gzip:   6.91 kB
public/build/assets/Show-DXRLoTBb.js                                    16.88 kB │ gzip:   5.83 kB
public/build/assets/Index-CiksNgh8.js                                   16.89 kB │ gzip:   6.96 kB
public/build/assets/note-detail-dialog-CYFVFoBM.js                      16.91 kB │ gzip:   5.80 kB
public/build/assets/api-DtjkH7ir.js                                     16.93 kB │ gzip:   5.16 kB
public/build/assets/Index-B8odlo_A.js                                   16.99 kB │ gzip:   6.66 kB
public/build/assets/cost-allocation-DCVNNnYO.js                         17.07 kB │ gzip:   6.11 kB
public/build/assets/edit-CSwSytRq.js                                    17.11 kB │ gzip:   6.33 kB
public/build/assets/family-notes-B5Bk84dq.js                            17.12 kB │ gzip:   6.36 kB
public/build/assets/index-DXty_O-V.js                                   17.12 kB │ gzip:   6.69 kB
public/build/assets/Index-CZm2Sok8.js                                   17.16 kB │ gzip:   6.19 kB
public/build/assets/Index-CTZrLKkI.js                                   17.21 kB │ gzip:   7.09 kB
public/build/assets/create-D7RK3_LJ.js                                  17.21 kB │ gzip:   6.02 kB
public/build/assets/maintenance-BzFZqAeW.js                             17.29 kB │ gzip:   6.48 kB
public/build/assets/leave-hub-tabs-Vg657TGa.js                          17.30 kB │ gzip:   5.81 kB
public/build/assets/_dialogs-C-GN-cFt.js                                17.31 kB │ gzip:   6.47 kB
public/build/assets/worklists-CVl2f4OL.js                               17.31 kB │ gzip:   5.87 kB
public/build/assets/Index-DwscfO3i.js                                   17.34 kB │ gzip:   7.23 kB
public/build/assets/week-picker-8WggUK7L.js                             17.40 kB │ gzip:   6.73 kB
public/build/assets/view-timesheet-dialog-yHw6QDG9.js                   17.49 kB │ gzip:   4.84 kB
public/build/assets/handover-detail-dialog-BbFOol4r.js                  17.50 kB │ gzip:   5.94 kB
public/build/assets/Index-DTjIsEBL.js                                   17.63 kB │ gzip:   7.48 kB
public/build/assets/index-BQaQR-M9.js                                   17.63 kB │ gzip:   6.72 kB
public/build/assets/index-DEDQ1qXf.js                                   17.64 kB │ gzip:   5.93 kB
public/build/assets/_overview-dialogs-BLZCKhUf.js                       17.65 kB │ gzip:   5.35 kB
public/build/assets/show-CTbMcYGt.js                                    17.71 kB │ gzip:   4.44 kB
public/build/assets/edit-BDzQnn6I.js                                    17.87 kB │ gzip:   6.46 kB
public/build/assets/operational-map-DTIu73hd.js                         17.90 kB │ gzip:   6.03 kB
public/build/assets/substance-wizard-dialog-DMSB0rcf.js                 17.90 kB │ gzip:   6.30 kB
public/build/assets/index-l2-M6MaG.js                                   17.90 kB │ gzip:   6.91 kB
public/build/assets/show-Dd7kx6wB.js                                    17.91 kB │ gzip:   6.40 kB
public/build/assets/Index-Bgiqrb6L.js                                   17.97 kB │ gzip:   7.34 kB
public/build/assets/security-CVpOWh0-.js                                17.99 kB │ gzip:   6.22 kB
public/build/assets/reports-bKT2pfEr.js                                 18.01 kB │ gzip:   6.32 kB
public/build/assets/Show-Df48SOk3.js                                    18.02 kB │ gzip:   6.07 kB
public/build/assets/Index-ujG9R6AX.js                                   18.02 kB │ gzip:   7.31 kB
public/build/assets/show-Bk8aK5IF.js                                    18.02 kB │ gzip:   6.63 kB
public/build/assets/show-CSLVTldg.js                                    18.03 kB │ gzip:   6.57 kB
public/build/assets/index-Btv0s268.js                                   18.07 kB │ gzip:   2.18 kB
public/build/assets/health-clinical-shell-CevK_CmA.js                   18.07 kB │ gzip:   7.16 kB
public/build/assets/index-BHlVbP1N.js                                   18.07 kB │ gzip:   4.73 kB
public/build/assets/shift-coverage-CiVMFtZU.js                          18.17 kB │ gzip:   6.42 kB
public/build/assets/Show-BU4DOdSX.js                                    18.20 kB │ gzip:   7.00 kB
public/build/assets/Show-DK6A5QSK.js                                    18.21 kB │ gzip:   7.33 kB
public/build/assets/daily-notes-B4DgAMFu.js                             18.21 kB │ gzip:   6.71 kB
public/build/assets/_dialogs-Ce5GDUSq.js                                18.24 kB │ gzip:   6.68 kB
public/build/assets/payslip-detail-Dn7SuHoE.js                          18.24 kB │ gzip:   6.09 kB
public/build/assets/dashboard-D7CdkhP-.js                               18.25 kB │ gzip:   6.94 kB
public/build/assets/Edit-DYpRLrFb.js                                    18.26 kB │ gzip:   6.97 kB
public/build/assets/book-vehicle-wizard-BMqhTnXH.js                     18.31 kB │ gzip:   5.54 kB
public/build/assets/Show-y0PCilcM.js                                    18.36 kB │ gzip:   7.15 kB
public/build/assets/Show-4hIiyYYU.js                                    18.45 kB │ gzip:   7.40 kB
public/build/assets/announcement-wizard-BZL-lb-n.js                     18.46 kB │ gzip:   6.36 kB
public/build/assets/index-I_zt-q1Q.js                                   18.52 kB │ gzip:   6.54 kB
public/build/assets/schedule-Cg06Vivo.js                                18.62 kB │ gzip:   6.38 kB
public/build/assets/directory-DqSfHHvt.js                               18.62 kB │ gzip:   6.30 kB
public/build/assets/create-wizard-CNauMfEs.js                           18.69 kB │ gzip:   6.51 kB
public/build/assets/index-Bct1RZwc.js                                   18.71 kB │ gzip:   7.24 kB
public/build/assets/show-Oe14p_bF.js                                    18.75 kB │ gzip:   6.83 kB
public/build/assets/chains-BJHBGCCq.js                                  18.79 kB │ gzip:   6.62 kB
public/build/assets/ppe-detail-dialog-Bj6J6cVk.js                       18.80 kB │ gzip:   6.40 kB
public/build/assets/show-review-EDTu3KuM.js                             18.85 kB │ gzip:   6.82 kB
public/build/assets/_recipes-panel-DVA7Wmh_.js                          18.90 kB │ gzip:   6.01 kB
public/build/assets/audit-logs-DSY-SIFM.js                              18.92 kB │ gzip:   7.16 kB
public/build/assets/_dialogs-Yurv_exm.js                                19.07 kB │ gzip:   6.15 kB
public/build/assets/goals-gcv3BAaN.js                                   19.23 kB │ gzip:   6.67 kB
public/build/assets/integrations-ByZx1CT4.js                            19.25 kB │ gzip:   6.67 kB
public/build/assets/show-D_uRbLln.js                                    19.26 kB │ gzip:   7.10 kB
public/build/assets/edit-5hIQgcHY.js                                    19.30 kB │ gzip:   6.89 kB
public/build/assets/two-factor-B17RUdqi.js                              19.33 kB │ gzip:   7.19 kB
public/build/assets/index-B3QcCNzw.js                                   19.36 kB │ gzip:   6.64 kB
public/build/assets/_dialogs-CLloQHTK.js                                19.43 kB │ gzip:   7.21 kB
public/build/assets/escalations-CVL-b7GD.js                             19.51 kB │ gzip:   8.13 kB
public/build/assets/_templates-panel-CO1Aa2_A.js                        19.54 kB │ gzip:   6.00 kB
public/build/assets/calendar-sync-BwXbQHWP.js                           19.54 kB │ gzip:   7.40 kB
public/build/assets/index-DXAJHY1v.js                                   19.56 kB │ gzip:   7.46 kB
public/build/assets/Shifts-B_uZto52.js                                  19.56 kB │ gzip:   7.11 kB
public/build/assets/show-B7308mJY.js                                    19.62 kB │ gzip:   6.78 kB
public/build/assets/training-65NebLLA.js                                19.64 kB │ gzip:   6.50 kB
public/build/assets/Index-BzacAqX2.js                                   19.68 kB │ gzip:   8.21 kB
public/build/assets/show-DktV4H16.js                                    19.69 kB │ gzip:   7.43 kB
public/build/assets/Behaviour-D6qxQ4NP.js                               19.81 kB │ gzip:   6.95 kB
public/build/assets/Show-tgV7SAQy.js                                    19.82 kB │ gzip:   7.81 kB
public/build/assets/Show-Ch9y3ux6.js                                    19.89 kB │ gzip:   7.67 kB
public/build/assets/index-DOFh8hRg.js                                   19.92 kB │ gzip:   7.76 kB
public/build/assets/_dialogs-qQ-SMOoq.js                                19.97 kB │ gzip:   7.02 kB
public/build/assets/features-BQ0UpBdb.js                                19.98 kB │ gzip:   5.23 kB
public/build/assets/Show-VTZV6ToP.js                                    20.00 kB │ gzip:   7.71 kB
public/build/assets/index-C-S3X910.js                                   20.01 kB │ gzip:   7.41 kB
public/build/assets/edit-CbsEj0QD.js                                    20.21 kB │ gzip:   7.52 kB
public/build/assets/broadcast-7XlxWLZA.js                               20.27 kB │ gzip:   7.80 kB
public/build/assets/dashboard-DlChKA2N.js                               20.30 kB │ gzip:   7.52 kB
public/build/assets/index-DQ7x3P5Q.js                                   20.30 kB │ gzip:   7.32 kB
public/build/assets/index-C7ZlTjiO.js                                   20.32 kB │ gzip:   7.05 kB
public/build/assets/stats-FEMILp1e.js                                   20.34 kB │ gzip:   6.49 kB
public/build/assets/fixed-asset-dispose-dialog-C0DnqmE0.js              20.44 kB │ gzip:   6.68 kB
public/build/assets/show-BdGMZkvb.js                                    20.52 kB │ gzip:   7.55 kB
public/build/assets/note-wizard-CetogyuJ.js                             20.54 kB │ gzip:   6.60 kB
public/build/assets/_library-dialogs-DJt7f1GL.js                        20.59 kB │ gzip:   5.61 kB
public/build/assets/medications-BnjsAxGY.js                             20.61 kB │ gzip:   7.22 kB
public/build/assets/shifts-CMZDd-HL.js                                  20.62 kB │ gzip:   6.78 kB
public/build/assets/_error-dialogs-CHCX8Uf7.js                          20.68 kB │ gzip:   7.30 kB
public/build/assets/calendar-DhjTGppu.js                                20.77 kB │ gzip:   6.78 kB
public/build/assets/shift-notes-dialog-DD7v-rue.js                      20.84 kB │ gzip:   7.80 kB
public/build/assets/Index-CxfSHScz.js                                   20.96 kB │ gzip:   8.68 kB
public/build/assets/record-observation-dialog-CeXJK__z.js               20.96 kB │ gzip:   8.10 kB
public/build/assets/show-D9kFNJd7.js                                    20.97 kB │ gzip:   7.12 kB
public/build/assets/history-DnQK_Zge.js                                 20.99 kB │ gzip:   7.29 kB
public/build/assets/index-DhpF0Y14.js                                   21.02 kB │ gzip:   8.59 kB
public/build/assets/create-CHMNrstu.js                                  21.06 kB │ gzip:   6.07 kB
public/build/assets/index-hJqw9NVm.js                                   21.10 kB │ gzip:   7.69 kB
public/build/assets/map-ErLwZ0AV.js                                     21.11 kB │ gzip:   6.61 kB
public/build/assets/add-device-dialog-mydiwii1.js                       21.12 kB │ gzip:   7.34 kB
public/build/assets/balances-BHh06au2.js                                21.13 kB │ gzip:   8.48 kB
public/build/assets/Show-YQUZwYnP.js                                    21.19 kB │ gzip:   8.07 kB
public/build/assets/create-pDVqdoN2.js                                  21.22 kB │ gzip:   7.13 kB
public/build/assets/show-kAC9vbnP.js                                    21.32 kB │ gzip:   7.52 kB
public/build/assets/show-_639YH7j.js                                    21.36 kB │ gzip:   7.77 kB
public/build/assets/index-CD_UF1mS.js                                   21.61 kB │ gzip:   7.37 kB
public/build/assets/_dialogs-_4b8fNjE.js                                21.64 kB │ gzip:   7.66 kB
public/build/assets/parts-CjGrq8fd.js                                   21.65 kB │ gzip:   6.76 kB
public/build/assets/Events-CMrdxav8.js                                  21.70 kB │ gzip:   7.98 kB
public/build/assets/Index-Cypnd1p9.js                                   21.73 kB │ gzip:   8.35 kB
public/build/assets/performance-wizards-DmULLbHP.js                     21.79 kB │ gzip:   7.44 kB
public/build/assets/index-2NP_LlS3.js                                   21.89 kB │ gzip:   8.03 kB
public/build/assets/review-builder-dialog-CGF5E5NQ.js                   21.89 kB │ gzip:   7.70 kB
public/build/assets/create-C-_lJFxg.js                                  21.89 kB │ gzip:   8.72 kB
public/build/assets/calendar-BeHzwisc.js                                21.90 kB │ gzip:   6.85 kB
public/build/assets/edit-CJeTCNq6.js                                    21.94 kB │ gzip:   7.36 kB
public/build/assets/Index-BzOtcF_t.js                                   21.98 kB │ gzip:   8.46 kB
public/build/assets/ppe-create-wizards-vzsNfdCh.js                      22.05 kB │ gzip:   7.38 kB
public/build/assets/incidents-DfRyBZ-_.js                               22.20 kB │ gzip:   8.33 kB
public/build/assets/create-DsWAqVIy.js                                  22.23 kB │ gzip:   7.42 kB
public/build/assets/home-BSyqCyMt.js                                    22.25 kB │ gzip:   5.38 kB
public/build/assets/show-XEnz0CSB.js                                    22.45 kB │ gzip:   7.40 kB
public/build/assets/leave-request-dialog-PNaxzSqT.js                    22.51 kB │ gzip:   7.53 kB
public/build/assets/Index-CGspuqqR.js                                   22.60 kB │ gzip:   8.51 kB
public/build/assets/payslips-Bz1pS3n4.js                                22.60 kB │ gzip:   6.73 kB
public/build/assets/_dialogs-C4X302lp.js                                22.81 kB │ gzip:   8.46 kB
public/build/assets/incidents-D6kJQL2a.js                               22.87 kB │ gzip:   8.51 kB
public/build/assets/personal-details-DVCZw_Nb.js                        22.99 kB │ gzip:   7.96 kB
public/build/assets/Show-DXZg8x0a.js                                    23.03 kB │ gzip:   8.56 kB
public/build/assets/notifications-DfPjq5Zq.js                           23.12 kB │ gzip:   8.28 kB
public/build/assets/Show-Vwmvw0TC.js                                    23.13 kB │ gzip:   7.93 kB
public/build/assets/_competency-dialogs-DfuN_2nS.js                     23.20 kB │ gzip:   7.76 kB
public/build/assets/resident-sidebar-DUuJwW65.js                        23.21 kB │ gzip:   8.33 kB
public/build/assets/Index-Bb1-Roob.js                                   23.29 kB │ gzip:   7.73 kB
public/build/assets/index-CHSGCEwM.js                                   23.32 kB │ gzip:   8.09 kB
public/build/assets/Show-DhrhtKKM.js                                    23.39 kB │ gzip:   8.58 kB
public/build/assets/unifi-BFMs_MeN.js                                   23.43 kB │ gzip:   7.12 kB
public/build/assets/show-D-TYtPme.js                                    23.46 kB │ gzip:   7.65 kB
public/build/assets/create-wizard--NcRfMpu.js                           23.48 kB │ gzip:   8.17 kB
public/build/assets/Show-DIjD_Od0.js                                    23.50 kB │ gzip:   8.98 kB
public/build/assets/Index-isWeLG1Z.js                                   23.75 kB │ gzip:   9.22 kB
public/build/assets/one-CJCVOTb1.js                                     23.95 kB │ gzip:   8.27 kB
public/build/assets/_dialogs-Cqk8RtkW.js                                23.99 kB │ gzip:   8.98 kB
public/build/assets/analytics-charts-ocQNcXnj.js                        24.03 kB │ gzip:   6.47 kB
public/build/assets/Index-DnwULlPk.js                                   24.19 kB │ gzip:   8.52 kB
public/build/assets/page-hero-CHqkJbZQ.js                               24.23 kB │ gzip:   7.29 kB
public/build/assets/Create-CZ8T01OT.js                                  24.24 kB │ gzip:   7.93 kB
public/build/assets/ResolutionResultCard-DxPvV5Kp.js                    24.31 kB │ gzip:   8.93 kB
public/build/assets/mar-governance-dialogs-BH35pNuH.js                  24.32 kB │ gzip:   7.56 kB
public/build/assets/automations-wfI6xryY.js                             24.75 kB │ gzip:   7.59 kB
public/build/assets/restraint-event-wizard-CZfyVcVi.js                  24.76 kB │ gzip:   8.04 kB
public/build/assets/Show-NwE_DEG_.js                                    24.76 kB │ gzip:   9.99 kB
public/build/assets/show-EYYT6cS3.js                                    24.79 kB │ gzip:   7.82 kB
public/build/assets/governance-labels-CJgR2U5s.js                       24.81 kB │ gzip:   8.17 kB
public/build/assets/Show-sbhj4BBl.js                                    24.92 kB │ gzip:   8.75 kB
public/build/assets/Show-Bf4lOrpU.js                                    25.00 kB │ gzip:   9.63 kB
public/build/assets/Reconcile-Dyvs6jZJ.js                               25.03 kB │ gzip:   8.87 kB
public/build/assets/_review-dialogs-DAWJ-CUd.js                         25.05 kB │ gzip:   7.97 kB
public/build/assets/index-BoyVMdvQ.js                                   25.07 kB │ gzip:   8.18 kB
public/build/assets/objective-wizard-CZXE71aB.js                        25.18 kB │ gzip:   7.13 kB
public/build/assets/Medications-Biq3fUES.js                             25.25 kB │ gzip:   9.17 kB
public/build/assets/Index-BcEQy4Px.js                                   25.42 kB │ gzip:   7.88 kB
public/build/assets/Show-3gtgPrKK.js                                    25.43 kB │ gzip:   9.74 kB
public/build/assets/sso-BDXKEn7o.js                                     25.52 kB │ gzip:   7.97 kB
public/build/assets/index-TeRQcFxM.js                                   25.53 kB │ gzip:   9.67 kB
public/build/assets/index-D2abDcEp.js                                   25.53 kB │ gzip:   8.90 kB
public/build/assets/it-mailbox-DIhbLkrU.js                              25.64 kB │ gzip:   8.71 kB
public/build/assets/milesight-qEe0wYk_.js                               25.89 kB │ gzip:   8.50 kB
public/build/assets/create-offer-CPmEwikj.js                            25.93 kB │ gzip:   8.81 kB
public/build/assets/dashboard-45oq9ViN.js                               26.06 kB │ gzip:   8.06 kB
public/build/assets/vendor-utils-Dr6D9L7d.js                            26.13 kB │ gzip:   8.47 kB
public/build/assets/Index-OUj78u1S.js                                   26.17 kB │ gzip:   9.73 kB
public/build/assets/record-assessment-dialog-Dx93mCNf.js                26.21 kB │ gzip:   9.51 kB
public/build/assets/documents-wizards-CtOszCar.js                       26.26 kB │ gzip:   9.26 kB
public/build/assets/show-DGDfEFAe.js                                    26.34 kB │ gzip:   8.96 kB
public/build/assets/_dialogs-7yYkpfNx.js                                26.35 kB │ gzip:   8.34 kB
public/build/assets/index-CKaZ9Q2i.js                                   26.36 kB │ gzip:   9.01 kB
public/build/assets/transport-medication-dialogs-D0K5XsHC.js            26.38 kB │ gzip:   6.09 kB
public/build/assets/show-CgjOHjX0.js                                    26.53 kB │ gzip:   7.66 kB
public/build/assets/Handovers-BoRymVey.js                               26.68 kB │ gzip:  10.42 kB
public/build/assets/_workspace-dialogs-BgAeH1nO.js                      26.83 kB │ gzip:   8.78 kB
public/build/assets/create-BsSWrnVs.js                                  26.91 kB │ gzip:   7.54 kB
public/build/assets/index-C4EvA_jI.js                                   26.98 kB │ gzip:   9.55 kB
public/build/assets/index-B6PQXWh0.js                                   27.12 kB │ gzip:   9.66 kB
public/build/assets/show-B1UtN4lH.js                                    27.16 kB │ gzip:   9.06 kB
public/build/assets/index-B-TnsnLO.js                                   27.31 kB │ gzip:   9.46 kB
public/build/assets/SelfAdmin-BxHT2Njb.js                               27.42 kB │ gzip:   9.10 kB
public/build/assets/provisioning-command-dialog-DHZRwgW5.js             27.65 kB │ gzip:  10.76 kB
public/build/assets/show-xJ2160m0.js                                    27.66 kB │ gzip:   9.77 kB
public/build/assets/care-support-plan-CB5qEHnf.js                       27.67 kB │ gzip:   9.14 kB
public/build/assets/Index-CVW7javq.js                                   27.72 kB │ gzip:  10.42 kB
public/build/assets/dashboard-BtnTZkiu.js                               27.78 kB │ gzip:   7.78 kB
public/build/assets/index-woqLh_ee.js                                   27.81 kB │ gzip:   9.77 kB
public/build/assets/index-Dscqi7gQ.js                                   27.85 kB │ gzip:   9.33 kB
public/build/assets/edit-B4R7SOgy.js                                    27.91 kB │ gzip:   9.30 kB
public/build/assets/asset-wizard-dialog-DfdfstcF.js                     28.04 kB │ gzip:   9.40 kB
public/build/assets/smart-monitoring-B24H8RZZ.js                        28.05 kB │ gzip:   6.49 kB
public/build/assets/Index-DmxbBArO.js                                   28.08 kB │ gzip:  10.41 kB
public/build/assets/index-tAPPvQ7n.js                                   28.25 kB │ gzip:   9.18 kB
public/build/assets/show-CJsfTAMf.js                                    28.41 kB │ gzip:   9.97 kB
public/build/assets/index-bve5aUa_.js                                   28.52 kB │ gzip:   9.18 kB
public/build/assets/show-DhRuBXji.js                                    28.73 kB │ gzip:   8.53 kB
public/build/assets/show-BqT5XquR.js                                    28.74 kB │ gzip:  10.31 kB
public/build/assets/index-CVD-vyTu.js                                   28.77 kB │ gzip:   8.65 kB
public/build/assets/_self-admin-dialogs-1lBpaJnP.js                     28.81 kB │ gzip:   9.50 kB
public/build/assets/Show-BroP0I54.js                                    29.01 kB │ gzip:   9.11 kB
public/build/assets/Create-C60jW1RH.js                                  29.07 kB │ gzip:  10.16 kB
public/build/assets/guided-round-dialog-BhMiRUFX.js                     29.15 kB │ gzip:   9.60 kB
public/build/assets/templates-CAmsCWbf.js                               29.63 kB │ gzip:  10.53 kB
public/build/assets/documents-bw7e8TkV.js                               29.66 kB │ gzip:   9.22 kB
public/build/assets/index-DhePT5fr.js                                   29.93 kB │ gzip:   9.80 kB
public/build/assets/_dialogs-seD4QNK5.js                                30.04 kB │ gzip:  10.02 kB
public/build/assets/run-modal-DtpVgwBB.js                               30.05 kB │ gzip:  10.27 kB
public/build/assets/page-header-D-IH2h45.js                             30.13 kB │ gzip:   9.17 kB
public/build/assets/procedure-detail-dialog-IGF1y9Br.js                 30.20 kB │ gzip:   9.63 kB
public/build/assets/show-CP7m1w7E.js                                    30.29 kB │ gzip:   9.82 kB
public/build/assets/_dialogs-DiEFIHHI.js                                30.39 kB │ gzip:   9.20 kB
public/build/assets/Show-DklEB3Xa.js                                    30.55 kB │ gzip:  11.02 kB
public/build/assets/_dialogs-CqU1nPU_.js                                30.56 kB │ gzip:  10.94 kB
public/build/assets/Competency-DkqyXWTZ.js                              30.57 kB │ gzip:  10.28 kB
public/build/assets/MedicationErrors-CYUkFZ0C.js                        30.83 kB │ gzip:  11.21 kB
public/build/assets/_hero-7jH9RwIx.js                                   30.97 kB │ gzip:   9.79 kB
public/build/assets/access-Cmepfmmo.js                                  31.10 kB │ gzip:  10.21 kB
public/build/assets/_shopping-list-panel-BpZ8Ll4U.js                    31.35 kB │ gzip:  11.01 kB
public/build/assets/index-CAJA90ax.js                                   31.36 kB │ gzip:  10.75 kB
public/build/assets/Reviews-CepgqW6D.js                                 31.74 kB │ gzip:  10.44 kB
public/build/assets/_dialogs-Bc8mKVPV.js                                31.87 kB │ gzip:   9.50 kB
public/build/assets/_stock-dialogs-R3YUTQ4o.js                          31.91 kB │ gzip:   9.55 kB
public/build/assets/notification-escalations-DXVsBPFY.js                32.13 kB │ gzip:  10.03 kB
public/build/assets/email-settings-q4VxEr6t.js                          32.23 kB │ gzip:  10.33 kB
public/build/assets/access-DRsR3Om6.js                                  32.54 kB │ gzip:  11.60 kB
public/build/assets/index-k3ExFeaR.js                                   32.91 kB │ gzip:  11.94 kB
public/build/assets/_dialogs-DZXYJ5Gf.js                                33.24 kB │ gzip:  10.69 kB
public/build/assets/Show-CWz1zayB.js                                    33.25 kB │ gzip:  11.66 kB
public/build/assets/Show-BZ0AAVUM.js                                    33.57 kB │ gzip:  11.75 kB
public/build/assets/index-CgPT7kKq.js                                   33.60 kB │ gzip:  11.58 kB
public/build/assets/index-CrH18YVc.js                                   34.00 kB │ gzip:  11.62 kB
public/build/assets/index-xgymmGU5.js                                   34.37 kB │ gzip:  12.24 kB
public/build/assets/show-BaUIEnCq.js                                    34.77 kB │ gzip:  10.67 kB
public/build/assets/Destructions-BtkyjlSz.js                            34.78 kB │ gzip:  12.44 kB
public/build/assets/medical-Byg1Nlqf.js                                 34.85 kB │ gzip:   7.88 kB
public/build/assets/_prescription-dialogs-DNshzqBj.js                   35.13 kB │ gzip:   9.94 kB
public/build/assets/index-CcArNgsV.js                                   35.13 kB │ gzip:  11.92 kB
public/build/assets/Index-DSRTzYrK.js                                   35.24 kB │ gzip:  11.55 kB
public/build/assets/_cd-dialogs-Bsk82c0I.js                             35.36 kB │ gzip:   9.45 kB
public/build/assets/documents-C7k5ff8u.js                               35.50 kB │ gzip:  11.43 kB
public/build/assets/index-D7whPvfY.js                                   35.80 kB │ gzip:  12.41 kB
public/build/assets/index-LA_Tye5j.js                                   36.53 kB │ gzip:  11.77 kB
public/build/assets/messages-BdNBTzk5.js                                36.59 kB │ gzip:  11.87 kB
public/build/assets/reviews-Bb7RdA6t.js                                 36.75 kB │ gzip:  11.57 kB
public/build/assets/index-GQC4Js1Q.js                                   37.11 kB │ gzip:  13.95 kB
public/build/assets/handover-BwQKJF9v.js                                37.33 kB │ gzip:  11.82 kB
public/build/assets/Create-DWdb7WCK.js                                  37.34 kB │ gzip:  12.10 kB
public/build/assets/index-CInVtAay.js                                   37.67 kB │ gzip:  11.76 kB
public/build/assets/_inspector-CVNKmUxE.js                              37.97 kB │ gzip:  11.55 kB
public/build/assets/documents-ihznfmIb.js                               37.99 kB │ gzip:  12.58 kB
public/build/assets/Dashboard-CaclIJ0A.js                               38.02 kB │ gzip:  14.31 kB
public/build/assets/index-DEgWSKKn.js                                   38.09 kB │ gzip:  14.57 kB
public/build/assets/Show-BgZIhByx.js                                    38.10 kB │ gzip:  14.44 kB
public/build/assets/global-Dj-PIxIi.js                                  38.38 kB │ gzip:  12.88 kB
public/build/assets/hazard-register-dzDj8K_R.js                         38.49 kB │ gzip:  12.72 kB
public/build/assets/Reports-ESuBdi7S.js                                 38.54 kB │ gzip:  12.93 kB
public/build/assets/Show-CkE4PQRt.js                                    39.45 kB │ gzip:  11.40 kB
public/build/assets/index-C8h_tcVA.js                                   39.49 kB │ gzip:  13.03 kB
public/build/assets/index-BrnRI_M1.js                                   39.96 kB │ gzip:  13.09 kB
public/build/assets/index-CQ-6KMEI.js                                   40.25 kB │ gzip:  12.95 kB
public/build/assets/index-6V2Un45d.js                                   40.33 kB │ gzip:  13.82 kB
public/build/assets/case-wizards-DE0joFrV.js                            40.74 kB │ gzip:  11.63 kB
public/build/assets/compliance-wizards-MX4iHNMJ.js                      40.85 kB │ gzip:  12.74 kB
public/build/assets/index-DU5lzjVR.js                                   40.87 kB │ gzip:  14.72 kB
public/build/assets/index-D7y5tvKI.js                                   40.92 kB │ gzip:  13.37 kB
public/build/assets/index-DiX0o1xx.js                                   41.27 kB │ gzip:  14.36 kB
public/build/assets/_dialogs-DT-ShCoe.js                                41.37 kB │ gzip:  12.04 kB
public/build/assets/index-BSAe0l1o.js                                   41.48 kB │ gzip:  14.10 kB
public/build/assets/bands-BlC69y1m.js                                   41.56 kB │ gzip:  14.32 kB
public/build/assets/Edit-BpVansl2.js                                    41.79 kB │ gzip:  13.33 kB
public/build/assets/profile-BQUaTQT2.js                                 41.91 kB │ gzip:  14.14 kB
public/build/assets/index-GtT9FW9m.js                                   41.92 kB │ gzip:  15.14 kB
public/build/assets/discovery-FgizT8Uj.js                               42.52 kB │ gzip:  12.95 kB
public/build/assets/app-layout-DNLtWjQ9.js                              42.65 kB │ gzip:  13.33 kB
public/build/assets/index-4AjIrOZg.js                                   42.72 kB │ gzip:  13.78 kB
public/build/assets/sso-config-DG_5lioL.js                              42.75 kB │ gzip:  13.91 kB
public/build/assets/handover-wizard-DL8jYAvr.js                         43.04 kB │ gzip:  13.62 kB
public/build/assets/core.esm-D5j4X1h1.js                                43.17 kB │ gzip:  14.39 kB
public/build/assets/service-contexts-J9Dpaodu.js                        43.68 kB │ gzip:  13.99 kB
public/build/assets/_dialogs-3TXvIf0g.js                                43.77 kB │ gzip:  14.04 kB
public/build/assets/StockManagement-sL75UMRz.js                         43.82 kB │ gzip:  13.10 kB
public/build/assets/show-B0PfN_VC.js                                    44.20 kB │ gzip:  14.92 kB
public/build/assets/Dashboard-CFl3yvUl.js                               44.21 kB │ gzip:  10.84 kB
public/build/assets/show-BemPN2zk.js                                    44.21 kB │ gzip:  14.94 kB
public/build/assets/Index-v7XBCUaU.js                                   44.22 kB │ gzip:  15.19 kB
public/build/assets/_canvas-CB9A6s5G.js                                 44.48 kB │ gzip:  12.88 kB
public/build/assets/branding-rA7n2_eX.js                                44.74 kB │ gzip:  13.98 kB
public/build/assets/asset-wizards-CzIDz3KH.js                           45.18 kB │ gzip:  13.11 kB
public/build/assets/AuditLog-C8rWOCgv.js                                45.26 kB │ gzip:  15.25 kB
public/build/assets/index-Bl8OvJga.js                                   45.53 kB │ gzip:  12.97 kB
public/build/assets/MarCharts-U4bNQVQ9.js                               45.65 kB │ gzip:  15.79 kB
public/build/assets/Prescriptions-Ca4QVaEb.js                           46.31 kB │ gzip:  14.05 kB
public/build/assets/show-DPeyhcxn.js                                    46.44 kB │ gzip:  13.88 kB
public/build/assets/incident-detail-dialog-CZpyzV9L.js                  47.33 kB │ gzip:  14.29 kB
public/build/assets/drill-detail-dialog-lCWxymjR.js                     47.88 kB │ gzip:  13.51 kB
public/build/assets/Rounds-D8AD3K5Q.js                                  48.20 kB │ gzip:  15.15 kB
public/build/assets/incident-report-dialog-ZwC7Wgcl.js                  48.28 kB │ gzip:  15.87 kB
public/build/assets/_dialogs-DLGu2Ufk.js                                48.54 kB │ gzip:  14.36 kB
public/build/assets/index-B7aIBo0b.js                                   48.87 kB │ gzip:  15.60 kB
public/build/assets/create-shift-dialog-Czbemj3V.js                     49.10 kB │ gzip:  14.24 kB
public/build/assets/index-Cm1y-_F-.js                                   49.25 kB │ gzip:  15.16 kB
public/build/assets/_wizard-KfcaQWpI.js                                 49.42 kB │ gzip:  15.33 kB
public/build/assets/welcome-DPfRS5wA.js                                 50.21 kB │ gzip:   9.57 kB
public/build/assets/index-0IKW3TWF.js                                   51.04 kB │ gzip:  16.05 kB
public/build/assets/index-C1QT0jyT.js                                   51.78 kB │ gzip:  15.94 kB
public/build/assets/family-dashboard-AyV6Z6pj.js                        51.92 kB │ gzip:  15.10 kB
public/build/assets/ra-wizard-dialog-BwhuaCrs.js                        51.97 kB │ gzip:  16.29 kB
public/build/assets/show-DjGiRAvu.js                                    52.02 kB │ gzip:  17.70 kB
public/build/assets/hazard-detail-dialog-RsqoY3BT.js                    52.62 kB │ gzip:  15.18 kB
public/build/assets/index-CuoMoT_F.js                                   52.85 kB │ gzip:  16.01 kB
public/build/assets/settings-Cd5BOJdI.js                                53.29 kB │ gzip:  15.54 kB
public/build/assets/index-Bhy-S-U_.js                                   56.37 kB │ gzip:  19.09 kB
public/build/assets/Show-D0mJV5yb.js                                    57.36 kB │ gzip:  17.33 kB
public/build/assets/CockpitLayout-GXJHCEk4.js                           57.41 kB │ gzip:  17.89 kB
public/build/assets/device-profile-sections-DZP1dz1z.js                 58.15 kB │ gzip:  16.94 kB
public/build/assets/dashboard-CkBvkLvL.js                               58.71 kB │ gzip:  16.94 kB
public/build/assets/show-bK3bSv6q.js                                    58.79 kB │ gzip:  20.07 kB
public/build/assets/my-hr-shell-Bk18eqcm.js                             59.82 kB │ gzip:  18.81 kB
public/build/assets/Index-DcvQDcsX.js                                   59.90 kB │ gzip:  19.12 kB
public/build/assets/medical-VmxaZek2.js                                 60.19 kB │ gzip:  12.06 kB
public/build/assets/_parts-CoJkhLos.js                                  60.60 kB │ gzip:  19.59 kB
public/build/assets/PrnRecords-DUPx76k7.js                              60.70 kB │ gzip:  18.65 kB
public/build/assets/conflicts-DlEhZwgy.js                               61.18 kB │ gzip:  19.76 kB
public/build/assets/Show-EcLpxiuY.js                                    62.47 kB │ gzip:  21.40 kB
public/build/assets/settings-CRQbalTX.js                                63.28 kB │ gzip:  17.21 kB
public/build/assets/index-3Z1v_pjr.js                                   64.24 kB │ gzip:  19.31 kB
public/build/assets/dashboard-DoqpGttn.js                               64.43 kB │ gzip:  20.35 kB
public/build/assets/data-DKT0Dywu.js                                    64.59 kB │ gzip:  13.98 kB
public/build/assets/monitoring-CoaU5GeO.js                              65.74 kB │ gzip:  19.54 kB
public/build/assets/ControlledDrugs-kEyoCxEK.js                         65.79 kB │ gzip:  20.41 kB
public/build/assets/catalog-BRVo7CQ7.js                                 66.71 kB │ gzip:  17.72 kB
public/build/assets/Show-DIW8Xnd3.js                                    67.26 kB │ gzip:  19.32 kB
public/build/assets/show-BkgHjaQD.js                                    67.73 kB │ gzip:  15.07 kB
public/build/assets/show-DumC-WfL.js                                    68.52 kB │ gzip:  20.29 kB
public/build/assets/index-D6mmWWi7.js                                   69.02 kB │ gzip:  21.42 kB
public/build/assets/index-BkwUuHjt.js                                   69.31 kB │ gzip:  21.85 kB
public/build/assets/analytics-ErdAOHBw.js                               70.58 kB │ gzip:  23.90 kB
public/build/assets/SiteCalendar-CstodVmB.js                            71.76 kB │ gzip:  22.72 kB
public/build/assets/concern-dialog-C5t9tjJf.js                          72.32 kB │ gzip:  20.08 kB
public/build/assets/legacy-profile-sections-CLD_pvZ4.js                 72.99 kB │ gzip:  19.50 kB
public/build/assets/show-UxGQtXhR.js                                    74.24 kB │ gzip:  23.08 kB
public/build/assets/show-C6jMysZf.js                                    75.62 kB │ gzip:  23.59 kB
public/build/assets/index-BrfZ5XVJ.js                                   77.37 kB │ gzip:  22.53 kB
public/build/assets/_calendar-grid-Ba-WA-X8.js                          77.48 kB │ gzip:  22.96 kB
public/build/assets/index-BHHSNWs8.js                                   78.23 kB │ gzip:  23.81 kB
public/build/assets/index-Bkt2jIt3.js                                   80.55 kB │ gzip:  23.34 kB
public/build/assets/index-2H9qmc-l.js                                   81.63 kB │ gzip:  24.46 kB
public/build/assets/_create-dialog-fDt3PAWo.js                          81.96 kB │ gzip:  27.50 kB
public/build/assets/index-L1FNcu9O.js                                   83.71 kB │ gzip:  27.20 kB
public/build/assets/index-CPpqHtCy.js                                   86.90 kB │ gzip:  24.94 kB
public/build/assets/Index-BgDmBQsc.js                                   88.72 kB │ gzip:  26.78 kB
public/build/assets/index-dmifzS2Q.js                                   88.73 kB │ gzip:  27.27 kB
public/build/assets/staff-page-shell-BydpBexG.js                        91.50 kB │ gzip:  27.12 kB
public/build/assets/index-CRNYnFHa.js                                   94.91 kB │ gzip:  28.19 kB
public/build/assets/show-CK0u-ma2.js                                    99.21 kB │ gzip:  25.79 kB
public/build/assets/ticket-intake-fields-Dl-46Jpy.js                   102.61 kB │ gzip:  30.27 kB
public/build/assets/index-tF-HETMj.js                                  103.36 kB │ gzip:  31.08 kB
public/build/assets/index-BkNGjPgh.js                                  104.00 kB │ gzip:  31.56 kB
public/build/assets/index-aZ-CA2sE.js                                  107.42 kB │ gzip:  31.44 kB
public/build/assets/queclink-hub-BIUGsekc.js                           109.74 kB │ gzip:  33.66 kB
public/build/assets/it-wizards-B0MlMtNy.js                             111.72 kB │ gzip:  35.87 kB
public/build/assets/index-CGBA4sIE.js                                  111.88 kB │ gzip:  30.53 kB
public/build/assets/workspace-B5W9s2sx.js                              128.30 kB │ gzip:  38.70 kB
public/build/assets/ticket-reopen-dialog-B6lGB7Pi.js                   145.73 kB │ gzip:  46.13 kB
public/build/assets/event-detail-dialog-B1GpnQeI.js                    148.01 kB │ gzip:  38.85 kB
public/build/assets/vendor-maps-CTUbLoeq.js                            149.92 kB │ gzip:  43.49 kB
public/build/assets/index-Ov9zzlXZ.js                                  155.95 kB │ gzip:  42.58 kB
public/build/assets/index-oHM14KyT.js                                  156.17 kB │ gzip:  45.39 kB
public/build/assets/alert-workspace-dialog-DTFdZ7YB.js                 158.46 kB │ gzip:  44.46 kB
public/build/assets/index-DiJBGOHL.js                                  159.62 kB │ gzip:  45.13 kB
public/build/assets/knowledge-revision-dialog-BM-McSiY.js              177.56 kB │ gzip:  49.72 kB
public/build/assets/vendor-react-C99fm9h8.js                           193.87 kB │ gzip:  60.86 kB
public/build/assets/vendor-inertia-B-1GL-z2.js                         195.03 kB │ gzip:  65.82 kB
public/build/assets/category-FqMgheGj.js                               206.54 kB │ gzip:  51.96 kB
public/build/assets/index-CO8MOp4m.js                                  215.04 kB │ gzip:  68.38 kB
public/build/assets/index-r7hei0iu.js                                  236.35 kB │ gzip:  70.77 kB
public/build/assets/vendor-calendar-NWT3TLWG.js                        267.92 kB │ gzip:  79.12 kB
public/build/assets/vendor-ui-w1Ikxf0L.js                              276.38 kB │ gzip:  76.83 kB
public/build/assets/index-DgMXE_Mv.js                                  317.39 kB │ gzip:  88.17 kB
public/build/assets/show-CMA7SEjo.js                                   328.56 kB │ gzip:  98.16 kB
public/build/assets/show-DHiIP45z.js                                   350.13 kB │ gzip:  98.82 kB
public/build/assets/vendor-charts-809hoxcm.js                          398.57 kB │ gzip: 115.53 kB
public/build/assets/app-CZfX5l0M.js                                    516.43 kB │ gzip:  83.70 kB
public/build/assets/show-CXwmUJ7Z.js                                   786.19 kB │ gzip: 252.03 kB

(!) Some chunks are larger than 500 kB after minification. Consider:
- Using dynamic import() to code-split the application
- Use build.rollupOptions.output.manualChunks to improve chunking: https://rollupjs.org/configuration-options/#output-manualchunks
- Adjust chunk size limit for this warning via build.chunkSizeWarningLimit.
✓ built in 6m 52s
