vite v7.3.6 building client environment for production...
[plugin @laravel/vite-plugin-wayfinder] Types generated for actions, routes, form variants
transforming...
✓ 5375 modules transformed.
rendering chunks...
computing gzip size...
public/build/assets/layers-BWBAp2CZ.png                                  0.70 kB
public/build/assets/layers-2x-Bpkbi35X.png                               1.26 kB
public/build/assets/marker-icon-hN30_KVU.png                             1.47 kB
public/build/manifest.json                                           3,762.58 kB │ gzip: 202.95 kB
public/build/assets/show-BlsQFc8X.css                                    0.96 kB │ gzip:   0.38 kB
public/build/assets/index-BfYF406j.css                                   8.96 kB │ gzip:   1.95 kB
public/build/assets/vendor-maps-CLLlcC51.css                            11.08 kB │ gzip:   2.73 kB
public/build/assets/knowledge-revision-dialog-D-juoI1B.css              12.92 kB │ gzip:   3.14 kB
public/build/assets/location-workspace-BnCaAc4S.css                     16.92 kB │ gzip:   3.64 kB
public/build/assets/dashboard-CynApWYI.css                              25.76 kB │ gzip:   4.58 kB
public/build/assets/show-ugW-UKTR.css                                  117.68 kB │ gzip:  17.18 kB
public/build/assets/app-DDJ7DaIi.css                                   441.89 kB │ gzip:  56.39 kB
public/build/assets/my-hr-utils-fLvKAKV1.js                              0.07 kB │ gzip:   0.09 kB
public/build/assets/avatar-hue-BThxaYxR.js                               0.10 kB │ gzip:   0.11 kB
public/build/assets/_announcer-cvXWdNAc.js                               0.12 kB │ gzip:   0.12 kB
public/build/assets/minus-BrGwwyAx.js                                    0.12 kB │ gzip:   0.13 kB
public/build/assets/check-B914Daq9.js                                    0.12 kB │ gzip:   0.14 kB
public/build/assets/circle-_OiOep_1.js                                   0.12 kB │ gzip:   0.13 kB
public/build/assets/chevron-down--627odA5.js                             0.13 kB │ gzip:   0.14 kB
public/build/assets/chevron-up-C5Vd0Wuw.js                               0.13 kB │ gzip:   0.14 kB
public/build/assets/chevron-left-BTjnlgO4.js                             0.13 kB │ gzip:   0.14 kB
public/build/assets/chevron-right-CZLKflzV.js                            0.13 kB │ gzip:   0.14 kB
public/build/assets/play-DkDiltEs.js                                     0.13 kB │ gzip:   0.15 kB
public/build/assets/moon-DBMwbzxm.js                                     0.14 kB │ gzip:   0.15 kB
public/build/assets/loader-circle-4-F9N1KT.js                            0.14 kB │ gzip:   0.15 kB
public/build/assets/square-qJcmTBhM.js                                   0.15 kB │ gzip:   0.15 kB
public/build/assets/message-circle-Hs3ZgtUx.js                           0.15 kB │ gzip:   0.16 kB
public/build/assets/navigation-BVGkPe6z.js                               0.15 kB │ gzip:   0.15 kB
public/build/assets/staff-creation-workflow-D6SGmEbz.js                  0.15 kB │ gzip:   0.13 kB
public/build/assets/plus-BJuVMWRs.js                                     0.15 kB │ gzip:   0.15 kB
public/build/assets/x-CQryOi7l.js                                        0.15 kB │ gzip:   0.15 kB
public/build/assets/thermometer-CGmaSzN9.js                              0.16 kB │ gzip:   0.16 kB
public/build/assets/filter-CjICo4K-.js                                   0.16 kB │ gzip:   0.16 kB
public/build/assets/bookmark-BzaqDrUe.js                                 0.16 kB │ gzip:   0.16 kB
public/build/assets/arrow-left-BZLmGUgC.js                               0.16 kB │ gzip:   0.16 kB
public/build/assets/arrow-right-Cs4aUlyT.js                              0.16 kB │ gzip:   0.16 kB
public/build/assets/arrow-up-right-BDHvAWY_.js                           0.16 kB │ gzip:   0.15 kB
public/build/assets/circle-minus-ECXW3gpc.js                             0.17 kB │ gzip:   0.16 kB
public/build/assets/search-D10UIM2Y.js                                   0.17 kB │ gzip:   0.16 kB
public/build/assets/move-right-DGiReY-x.js                               0.17 kB │ gzip:   0.16 kB
public/build/assets/ban-DkHV7411.js                                      0.17 kB │ gzip:   0.16 kB
public/build/assets/circle-check-DYBB-F45.js                             0.17 kB │ gzip:   0.17 kB
public/build/assets/chevrons-up-down-BYJHfY3J.js                         0.17 kB │ gzip:   0.16 kB
public/build/assets/power-J9ianj3D.js                                    0.17 kB │ gzip:   0.17 kB
public/build/assets/user-round-DsK1YIpR.js                               0.18 kB │ gzip:   0.17 kB
public/build/assets/gauge-Dv9YjtVh.js                                    0.18 kB │ gzip:   0.17 kB
public/build/assets/circle-dot-CKQJLnyL.js                               0.18 kB │ gzip:   0.15 kB
public/build/assets/clock-BMPtYs7U.js                                    0.18 kB │ gzip:   0.17 kB
public/build/assets/message-square-B5pFPBO1.js                           0.18 kB │ gzip:   0.17 kB
public/build/assets/check-check-C6ZKmtbO.js                              0.18 kB │ gzip:   0.17 kB
public/build/assets/clock-3-YqtY_ZDA.js                                  0.18 kB │ gzip:   0.17 kB
public/build/assets/chart-line-B4ELCAHY.js                               0.18 kB │ gzip:   0.17 kB
public/build/assets/circle-slash-Djt13WKE.js                             0.18 kB │ gzip:   0.17 kB
public/build/assets/reply-DHODsXqt.js                                    0.18 kB │ gzip:   0.18 kB
public/build/assets/circle-check-big-CPb9jQ78.js                         0.19 kB │ gzip:   0.18 kB
public/build/assets/circle-play-BzdzDO8s.js                              0.19 kB │ gzip:   0.17 kB
public/build/assets/user-BxMySQw7.js                                     0.19 kB │ gzip:   0.18 kB
public/build/assets/megaphone-B3XivIEX.js                                0.19 kB │ gzip:   0.18 kB
public/build/assets/skip-forward-BPDfqNjI.js                             0.20 kB │ gzip:   0.18 kB
public/build/assets/smartphone-OoJSvDC6.js                               0.20 kB │ gzip:   0.18 kB
public/build/assets/info-Dtl2JUxq.js                                     0.20 kB │ gzip:   0.18 kB
public/build/assets/rotate-ccw-CwXR9PfB.js                               0.20 kB │ gzip:   0.18 kB
public/build/assets/rotate-cw-CLidLeDr.js                                0.20 kB │ gzip:   0.18 kB
public/build/assets/lock-BVJT2bH_.js                                     0.20 kB │ gzip:   0.19 kB
public/build/assets/circle-x-DG34-y3V.js                                 0.20 kB │ gzip:   0.18 kB
public/build/assets/circle-plus-C5KuHXNR.js                              0.20 kB │ gzip:   0.18 kB
public/build/assets/chart-palette-BuldC4kO.js                            0.20 kB │ gzip:   0.13 kB
public/build/assets/trending-up-DBA8JRy5.js                              0.20 kB │ gzip:   0.18 kB
public/build/assets/utils-COkJOzsg.js                                    0.20 kB │ gzip:   0.16 kB
public/build/assets/credit-card-BhsFn28q.js                              0.21 kB │ gzip:   0.19 kB
public/build/assets/arrow-up-from-line-xi5IPVWZ.js                       0.21 kB │ gzip:   0.18 kB
public/build/assets/arrow-down-to-line-DvLJ2yX8.js                       0.21 kB │ gzip:   0.18 kB
public/build/assets/redo-2-IprCGgnc.js                                   0.21 kB │ gzip:   0.18 kB
public/build/assets/trending-down-v4Oid0hb.js                            0.21 kB │ gzip:   0.18 kB
public/build/assets/undo-2-Corea8X0.js                                   0.21 kB │ gzip:   0.18 kB
public/build/assets/droplet-FkPyPKRp.js                                  0.21 kB │ gzip:   0.19 kB
public/build/assets/lock-open-9uWuG0-9.js                                0.21 kB │ gzip:   0.19 kB
public/build/assets/mail-BYqAvpCE.js                                     0.21 kB │ gzip:   0.20 kB
public/build/assets/it-module-shell-Cq8Pndvb.js                          0.21 kB │ gzip:   0.19 kB
public/build/assets/battery-BSnBKrzU.js                                  0.21 kB │ gzip:   0.18 kB
public/build/assets/pause-BCHeF-U5.js                                    0.21 kB │ gzip:   0.17 kB
public/build/assets/circle-arrow-up-CVr0pBaQ.js                          0.21 kB │ gzip:   0.18 kB
public/build/assets/circle-arrow-down-_SZTroQB.js                        0.21 kB │ gzip:   0.19 kB
public/build/assets/pill-B7xLBzIu.js                                     0.21 kB │ gzip:   0.18 kB
public/build/assets/table-2-B-cQheZb.js                                  0.21 kB │ gzip:   0.18 kB
public/build/assets/site-profile-dialog-host-BH_OdoAm.js                 0.21 kB │ gzip:   0.19 kB
public/build/assets/dollar-sign-BhdJWZBq.js                              0.22 kB │ gzip:   0.19 kB
public/build/assets/file-CUIxvmXD.js                                     0.22 kB │ gzip:   0.18 kB
public/build/assets/laptop-BYOs6xQy.js                                   0.22 kB │ gzip:   0.19 kB
public/build/assets/flag-BFndWUuv.js                                     0.22 kB │ gzip:   0.20 kB
public/build/assets/rows-3-9_jKy97b.js                                   0.22 kB │ gzip:   0.19 kB
public/build/assets/rss-Bpt1NPae.js                                      0.22 kB │ gzip:   0.19 kB
public/build/assets/briefcase-CmE2R2ZP.js                                0.22 kB │ gzip:   0.20 kB
public/build/assets/ellipsis-DBqAzb4W.js                                 0.22 kB │ gzip:   0.16 kB
public/build/assets/target-D70wKZc0.js                                   0.22 kB │ gzip:   0.16 kB
public/build/assets/columns-3-WYT7cFla.js                                0.22 kB │ gzip:   0.19 kB
public/build/assets/git-merge-lV7u5Xmf.js                                0.22 kB │ gzip:   0.19 kB
public/build/assets/square-check-big-ChuIMwQr.js                         0.22 kB │ gzip:   0.19 kB
public/build/assets/sticky-note-DXqFwaiV.js                              0.22 kB │ gzip:   0.18 kB
public/build/assets/folder-l3xgbC5R.js                                   0.23 kB │ gzip:   0.19 kB
public/build/assets/ellipsis-vertical-DXKFytF5.js                        0.23 kB │ gzip:   0.17 kB
public/build/assets/vote-BHsw_iiY.js                                     0.23 kB │ gzip:   0.19 kB
public/build/assets/copy-D97t8G8O.js                                     0.23 kB │ gzip:   0.20 kB
public/build/assets/door-closed-ClsHTFmJ.js                              0.23 kB │ gzip:   0.19 kB
public/build/assets/user-round-check-DwsYBlvA.js                         0.23 kB │ gzip:   0.21 kB
public/build/assets/circle-user-round-2ujKLMyp.js                        0.23 kB │ gzip:   0.19 kB
public/build/assets/circle-help-CoNhzJtO.js                              0.23 kB │ gzip:   0.20 kB
public/build/assets/ear-DNG4k1jP.js                                      0.23 kB │ gzip:   0.19 kB
public/build/assets/activity-HOBWP-Q3.js                                 0.23 kB │ gzip:   0.20 kB
public/build/assets/pen-69wnlfUE.js                                      0.23 kB │ gzip:   0.20 kB
public/build/assets/history-D85oxAcW.js                                  0.24 kB │ gzip:   0.20 kB
public/build/assets/globe-BnFXVVWK.js                                    0.24 kB │ gzip:   0.19 kB
public/build/assets/timer-KERvKGcm.js                                    0.24 kB │ gzip:   0.19 kB
public/build/assets/banknote-o3M0iMDw.js                                 0.24 kB │ gzip:   0.20 kB
public/build/assets/heart-BXiLB8H1.js                                    0.24 kB │ gzip:   0.21 kB
public/build/assets/link-2-Cub2gEi0.js                                   0.24 kB │ gzip:   0.21 kB
public/build/assets/menu-BslNsz-q.js                                     0.24 kB │ gzip:   0.17 kB
public/build/assets/database-DwSAwDbX.js                                 0.24 kB │ gzip:   0.20 kB
public/build/assets/arrow-down-up-BD42BeH_.js                            0.24 kB │ gzip:   0.19 kB
public/build/assets/type-D5I1Lu9U.js                                     0.24 kB │ gzip:   0.19 kB
public/build/assets/circle-pause-D2SM5Men.js                             0.24 kB │ gzip:   0.19 kB
public/build/assets/arrow-left-right-DAdkOWG3.js                         0.25 kB │ gzip:   0.19 kB
public/build/assets/compass-BcJfYETB.js                                  0.25 kB │ gzip:   0.20 kB
public/build/assets/arrow-right-left-Bud9RTry.js                         0.25 kB │ gzip:   0.19 kB
public/build/assets/book-marked-Dp8slAKh.js                              0.25 kB │ gzip:   0.20 kB
public/build/assets/settings-2-BfPofSpB.js                               0.25 kB │ gzip:   0.19 kB
public/build/assets/users-round-BixN-DRh.js                              0.25 kB │ gzip:   0.22 kB
public/build/assets/camera-De-BdZXQ.js                                   0.25 kB │ gzip:   0.21 kB
public/build/assets/file-warning-DSyTIs2x.js                             0.25 kB │ gzip:   0.19 kB
public/build/assets/video-BNrSkClD.js                                    0.25 kB │ gzip:   0.21 kB
public/build/assets/route-DM3bYIkY.js                                    0.25 kB │ gzip:   0.20 kB
public/build/assets/circle-alert-XhoLn_Xa.js                             0.25 kB │ gzip:   0.19 kB
public/build/assets/mouse-pointer-2-DJ8fPLyB.js                          0.25 kB │ gzip:   0.22 kB
public/build/assets/chart-column-3UCZKvnc.js                             0.25 kB │ gzip:   0.19 kB
public/build/assets/external-link-DNUYLHM0.js                            0.25 kB │ gzip:   0.20 kB
public/build/assets/cloud-upload-DPSalY3z.js                             0.25 kB │ gzip:   0.20 kB
public/build/assets/shopping-bag-6DhXJEq-.js                             0.25 kB │ gzip:   0.20 kB
public/build/assets/pentagon-nYlX85RN.js                                 0.25 kB │ gzip:   0.20 kB
public/build/assets/eye-ChAQmKI-.js                                      0.25 kB │ gzip:   0.20 kB
public/build/assets/user-check-CiCLcge4.js                               0.25 kB │ gzip:   0.22 kB
public/build/assets/map-pin-5uMMn0bG.js                                  0.25 kB │ gzip:   0.22 kB
public/build/assets/archive-Ck5jzTpu.js                                  0.25 kB │ gzip:   0.21 kB
public/build/assets/lock-keyhole-bNLCMVjU.js                             0.25 kB │ gzip:   0.22 kB
public/build/assets/message-square-plus-CZA8DvBm.js                      0.25 kB │ gzip:   0.20 kB
public/build/assets/circle-user-CL6NFzUk.js                              0.25 kB │ gzip:   0.20 kB
public/build/assets/message-square-text-BYt7O-he.js                      0.25 kB │ gzip:   0.20 kB
public/build/assets/user-minus-Cj7gALtE.js                               0.25 kB │ gzip:   0.22 kB
public/build/assets/file-check-2-wN5Lkvco.js                             0.25 kB │ gzip:   0.20 kB
public/build/assets/messages-square-Cpu_UL9w.js                          0.25 kB │ gzip:   0.20 kB
public/build/assets/link-CAdjLwu5.js                                     0.26 kB │ gzip:   0.19 kB
public/build/assets/hr-hero-DzQUwBA4.js                                  0.26 kB │ gzip:   0.22 kB
public/build/assets/wrench-D2Ym7h5M.js                                   0.26 kB │ gzip:   0.20 kB
public/build/assets/upload-BMkTNZex.js                                   0.26 kB │ gzip:   0.22 kB
public/build/assets/calendar-9kyxcdY7.js                                 0.26 kB │ gzip:   0.20 kB
public/build/assets/log-out-CEhRl1_9.js                                  0.26 kB │ gzip:   0.22 kB
public/build/assets/ticket-check-Ca8T62Zx.js                             0.26 kB │ gzip:   0.20 kB
public/build/assets/log-in-DDagHaeb.js                                   0.26 kB │ gzip:   0.22 kB
public/build/assets/file-minus-CPrco43j.js                               0.26 kB │ gzip:   0.19 kB
public/build/assets/key-BvbLJXKm.js                                      0.26 kB │ gzip:   0.22 kB
public/build/assets/monitor-BMLGiHYR.js                                  0.26 kB │ gzip:   0.20 kB
public/build/assets/message-square-warning-Bfk3OfvL.js                   0.26 kB │ gzip:   0.21 kB
public/build/assets/utensils-CyQva03J.js                                 0.26 kB │ gzip:   0.20 kB
public/build/assets/download-CF1qZ8WX.js                                 0.26 kB │ gzip:   0.22 kB
public/build/assets/zap-BMk4cO0u.js                                      0.26 kB │ gzip:   0.21 kB
public/build/assets/triangle-alert-BFsUD4fw.js                           0.26 kB │ gzip:   0.21 kB
public/build/assets/leaf-PelApb86.js                                     0.26 kB │ gzip:   0.22 kB
public/build/assets/file-check-CJNmVzN1.js                               0.26 kB │ gzip:   0.20 kB
public/build/assets/workflow-DRN0yFWl.js                                 0.26 kB │ gzip:   0.20 kB
public/build/assets/mic-C988VOkR.js                                      0.26 kB │ gzip:   0.21 kB
public/build/assets/shield-Bqlk8yEF.js                                   0.27 kB │ gzip:   0.22 kB
public/build/assets/list-plus-DyyiN2a6.js                                0.27 kB │ gzip:   0.19 kB
public/build/assets/battery-low-75iVyLbp.js                              0.27 kB │ gzip:   0.21 kB
public/build/assets/timer-reset-CqpFNg9-.js                              0.27 kB │ gzip:   0.21 kB
public/build/assets/award-Bmq_PysA.js                                    0.27 kB │ gzip:   0.22 kB
public/build/assets/eraser-B5RcQgPH.js                                   0.27 kB │ gzip:   0.22 kB
public/build/assets/image-CqOPuKKp.js                                    0.27 kB │ gzip:   0.22 kB
public/build/assets/repeat-C1ahf4K6.js                                   0.27 kB │ gzip:   0.20 kB
public/build/assets/arrow-up-CA-wZFTV.js                                 0.27 kB │ gzip:   0.20 kB
public/build/assets/flame-DRDPmrBv.js                                    0.27 kB │ gzip:   0.22 kB
public/build/assets/git-branch-BcUktwcs.js                               0.27 kB │ gzip:   0.22 kB
public/build/assets/pencil-BSuNhT5i.js                                   0.28 kB │ gzip:   0.23 kB
public/build/assets/pen-line-BTPKt44M.js                                 0.28 kB │ gzip:   0.23 kB
public/build/assets/list-checks-DFICUzY9.js                              0.28 kB │ gzip:   0.19 kB
public/build/assets/book-open-_gOrW2nL.js                                0.28 kB │ gzip:   0.20 kB
public/build/assets/file-diff-BIP68xj3.js                                0.28 kB │ gzip:   0.20 kB
public/build/assets/wifi-BZ3romyg.js                                     0.28 kB │ gzip:   0.21 kB
public/build/assets/lightbulb-DPt8ztQv.js                                0.28 kB │ gzip:   0.22 kB
public/build/assets/file-plus-2-qH64893c.js                              0.28 kB │ gzip:   0.21 kB
public/build/assets/layout-template-DBO8oTOU.js                          0.28 kB │ gzip:   0.19 kB
public/build/assets/inbox-C5HcvSD4.js                                    0.29 kB │ gzip:   0.23 kB
public/build/assets/wallet-BqHcNK-k.js                                   0.29 kB │ gzip:   0.20 kB
public/build/assets/shopping-cart-C0jW_b9C.js                            0.29 kB │ gzip:   0.23 kB
public/build/assets/shirt-Bx6-_cuT.js                                    0.29 kB │ gzip:   0.23 kB
public/build/assets/files-CsCsZnje.js                                    0.29 kB │ gzip:   0.21 kB
public/build/assets/house-DL7Fub03.js                                    0.29 kB │ gzip:   0.22 kB
public/build/assets/bell-vH3usPQW.js                                     0.29 kB │ gzip:   0.24 kB
public/build/assets/use-initials-U-N8N3-N.js                             0.29 kB │ gzip:   0.20 kB
public/build/assets/send-CZyQDkzK.js                                     0.29 kB │ gzip:   0.23 kB
public/build/assets/folder-open-Bx4H4BAE.js                              0.29 kB │ gzip:   0.22 kB
public/build/assets/receipt-D0MKDPNh.js                                  0.29 kB │ gzip:   0.21 kB
public/build/assets/governance-permissions-oQG3y2Ya.js                   0.29 kB │ gzip:   0.19 kB
public/build/assets/link-2-off-C1B9T_ic.js                               0.29 kB │ gzip:   0.21 kB
public/build/assets/smile-DmEL84RH.js                                    0.29 kB │ gzip:   0.22 kB
public/build/assets/grid-3x3-_kgueOiX.js                                 0.29 kB │ gzip:   0.21 kB
public/build/assets/bed-double-CxRdbq6K.js                               0.30 kB │ gzip:   0.20 kB
public/build/assets/heart-crack-Okl2t-IG.js                              0.30 kB │ gzip:   0.24 kB
public/build/assets/hash-DyTjmsFk.js                                     0.30 kB │ gzip:   0.19 kB
public/build/assets/receipt-text-CueLyDRc.js                             0.30 kB │ gzip:   0.20 kB
public/build/assets/maximize-2-DtBqyV0D.js                               0.30 kB │ gzip:   0.21 kB
public/build/assets/list-todo-D4AX6mXO.js                                0.30 kB │ gzip:   0.22 kB
public/build/assets/paperclip-BUW8cZz3.js                                0.30 kB │ gzip:   0.23 kB
public/build/assets/file-up-DfNqx7ly.js                                  0.30 kB │ gzip:   0.21 kB
public/build/assets/gavel-DG-gZRcx.js                                    0.30 kB │ gzip:   0.22 kB
public/build/assets/flask-conical-D88IeATZ.js                            0.30 kB │ gzip:   0.23 kB
public/build/assets/thumbs-up-YaLdHgUc.js                                0.30 kB │ gzip:   0.24 kB
public/build/assets/list-CBS1dlSB.js                                     0.30 kB │ gzip:   0.18 kB
public/build/assets/file-down-Calyps2j.js                                0.30 kB │ gzip:   0.21 kB
public/build/assets/thumbs-down-CieQvszc.js                              0.30 kB │ gzip:   0.24 kB
public/build/assets/minimize-2-Dtn269jB.js                               0.30 kB │ gzip:   0.21 kB
public/build/assets/clipboard-check-Dy9JjPvl.js                          0.30 kB │ gzip:   0.23 kB
public/build/assets/file-clock-DfdwUbH6.js                               0.30 kB │ gzip:   0.24 kB
public/build/assets/users-Rg9A3yuU.js                                    0.30 kB │ gzip:   0.23 kB
public/build/assets/calendar-check-D7Ix-Gvp.js                           0.30 kB │ gzip:   0.23 kB
public/build/assets/coffee-BT1epoZz.js                                   0.30 kB │ gzip:   0.21 kB
public/build/assets/user-x-BzRO1YVa.js                                   0.30 kB │ gzip:   0.23 kB
public/build/assets/folder-plus-CwbaKK1c.js                              0.30 kB │ gzip:   0.23 kB
public/build/assets/chef-hat-DKu2lay0.js                                 0.31 kB │ gzip:   0.24 kB
public/build/assets/user-plus-C6nbbLtM.js                                0.31 kB │ gzip:   0.23 kB
public/build/assets/box-CEnoSqb-.js                                      0.31 kB │ gzip:   0.22 kB
public/build/assets/heart-pulse-BKyKx2QL.js                              0.31 kB │ gzip:   0.25 kB
public/build/assets/piggy-bank-B1Pf5Z5C.js                               0.31 kB │ gzip:   0.25 kB
public/build/assets/badge-check-DvmRW-lN.js                              0.31 kB │ gzip:   0.21 kB
public/build/assets/hard-hat-DZHDC8hS.js                                 0.32 kB │ gzip:   0.23 kB
public/build/assets/shield-check-BNcRPCz7.js                             0.32 kB │ gzip:   0.25 kB
public/build/assets/printer-BLPfQ51B.js                                  0.32 kB │ gzip:   0.24 kB
public/build/assets/square-pen-BWLAdZk3.js                               0.32 kB │ gzip:   0.24 kB
public/build/assets/refresh-ccw-tnf5OhUw.js                              0.32 kB │ gzip:   0.23 kB
public/build/assets/ticket-DhiAmE3H.js                                   0.32 kB │ gzip:   0.21 kB
public/build/assets/tag-DktrrLQ3.js                                      0.32 kB │ gzip:   0.25 kB
public/build/assets/hand-helping-el6XgjPj.js                             0.32 kB │ gzip:   0.25 kB
public/build/assets/id-card-BQ9EnYr5.js                                  0.32 kB │ gzip:   0.24 kB
public/build/assets/mail-warning-CLdLdl8C.js                             0.32 kB │ gzip:   0.24 kB
public/build/assets/save-B00E7yA6.js                                     0.33 kB │ gzip:   0.23 kB
public/build/assets/scan-line-Btbr4WUX.js                                0.33 kB │ gzip:   0.22 kB
public/build/assets/graduation-cap-C0mI6fbE.js                           0.33 kB │ gzip:   0.25 kB
public/build/assets/list-ordered-GX-VnHxk.js                             0.33 kB │ gzip:   0.22 kB
public/build/assets/file-text-spMFe2Y5.js                                0.33 kB │ gzip:   0.22 kB
public/build/assets/book-open-check-B5BIrIOP.js                          0.33 kB │ gzip:   0.23 kB
public/build/assets/clipboard-plus-EWw0Bzs3.js                           0.33 kB │ gzip:   0.24 kB
public/build/assets/alarm-clock-CvbOOJJ-.js                              0.33 kB │ gzip:   0.23 kB
public/build/assets/contact-CRSN5E9h.js                                  0.33 kB │ gzip:   0.24 kB
public/build/assets/calendar-x-D4zpRNw6.js                               0.34 kB │ gzip:   0.23 kB
public/build/assets/accessibility-yXESs3Kp.js                            0.34 kB │ gzip:   0.24 kB
public/build/assets/archive-restore-BepfPk2Z.js                          0.34 kB │ gzip:   0.24 kB
public/build/assets/stethoscope-BoEB0IZr.js                              0.34 kB │ gzip:   0.24 kB
public/build/assets/shield-plus-40t1YkSU.js                              0.34 kB │ gzip:   0.25 kB
public/build/assets/layout-grid-DIb0UevE.js                              0.34 kB │ gzip:   0.19 kB
public/build/assets/pin-BOZns1cr.js                                      0.35 kB │ gzip:   0.24 kB
public/build/assets/file-image-CtHO0RWk.js                               0.35 kB │ gzip:   0.25 kB
public/build/assets/scroll-text-Dtwzo9v8.js                              0.35 kB │ gzip:   0.23 kB
public/build/assets/key-round-BZsAYEvf.js                                0.35 kB │ gzip:   0.26 kB
public/build/assets/layout-dashboard-BpIn6Fjt.js                         0.35 kB │ gzip:   0.21 kB
public/build/assets/shield-alert-DZopeSxD.js                             0.35 kB │ gzip:   0.26 kB
public/build/assets/file-chart-column-increasing-bW8saYzs.js             0.35 kB │ gzip:   0.24 kB
public/build/assets/webhook-BRZkZVYN.js                                  0.35 kB │ gzip:   0.26 kB
public/build/assets/crosshair-9nWSzYVL.js                                0.35 kB │ gzip:   0.21 kB
public/build/assets/calendar-plus-CTcRadl3.js                            0.35 kB │ gzip:   0.23 kB
public/build/assets/shield-x-CixWHQ4Q.js                                 0.36 kB │ gzip:   0.26 kB
public/build/assets/gift-BpsLP4Co.js                                     0.36 kB │ gzip:   0.25 kB
public/build/assets/trash-2-DGzIvYrM.js                                  0.36 kB │ gzip:   0.25 kB
public/build/assets/calendar-x-2-C6wQCVjG.js                             0.36 kB │ gzip:   0.23 kB
public/build/assets/bell-plus-CY6jkG84.js                                0.36 kB │ gzip:   0.26 kB
public/build/assets/layout-list-DCpgMBq6.js                              0.36 kB │ gzip:   0.22 kB
public/build/assets/warehouse-B5mkzEHr.js                                0.36 kB │ gzip:   0.25 kB
public/build/assets/utensils-crossed-7_MBEEA1.js                         0.36 kB │ gzip:   0.25 kB
public/build/assets/syringe-DdSYjRC7.js                                  0.36 kB │ gzip:   0.25 kB
public/build/assets/crown-CegZ1vvL.js                                    0.36 kB │ gzip:   0.26 kB
public/build/assets/image-plus-B_yOCdz5.js                               0.36 kB │ gzip:   0.25 kB
public/build/assets/sparkle-C64BDnfX.js                                  0.36 kB │ gzip:   0.24 kB
public/build/assets/scale-DJXKsQWn.js                                    0.36 kB │ gzip:   0.23 kB
public/build/assets/grip-vertical-CrJKnJh7.js                            0.36 kB │ gzip:   0.19 kB
public/build/assets/fuel-BCPlUDvD.js                                     0.37 kB │ gzip:   0.24 kB
public/build/assets/door-open-CszMTOnf.js                                0.37 kB │ gzip:   0.25 kB
public/build/assets/droplets-CH6uIKKT.js                                 0.37 kB │ gzip:   0.28 kB
public/build/assets/hammer-BJSTBQEy.js                                   0.37 kB │ gzip:   0.27 kB
public/build/assets/file-pen-69_0SMnV.js                                 0.37 kB │ gzip:   0.26 kB
public/build/assets/package-Dzg5Enap.js                                  0.37 kB │ gzip:   0.25 kB
public/build/assets/index-B0Z-ysPe.js                                    0.37 kB │ gzip:   0.22 kB
public/build/assets/file-spreadsheet-DHyHER7q.js                         0.37 kB │ gzip:   0.23 kB
public/build/assets/life-buoy-D_v9kypM.js                                0.37 kB │ gzip:   0.22 kB
public/build/assets/calendar-clock-ZPPGFyeQ.js                           0.38 kB │ gzip:   0.26 kB
public/build/assets/shield-question-BmfopQvw.js                          0.38 kB │ gzip:   0.28 kB
public/build/assets/network-B8PLeEaY.js                                  0.38 kB │ gzip:   0.24 kB
public/build/assets/calendar-off-DmHcklqY.js                             0.38 kB │ gzip:   0.25 kB
public/build/assets/tags-B4pF97gP.js                                     0.39 kB │ gzip:   0.28 kB
public/build/assets/baby-CAXnY-yj.js                                     0.39 kB │ gzip:   0.26 kB
public/build/assets/hard-drive-B_Iclm2U.js                               0.39 kB │ gzip:   0.26 kB
public/build/assets/job-posting-constants-CneitmEO.js                    0.39 kB │ gzip:   0.23 kB
public/build/assets/file-pen-line-B9HVoTe7.js                            0.39 kB │ gzip:   0.26 kB
public/build/assets/phone-CVdsKCsr.js                                    0.39 kB │ gzip:   0.25 kB
public/build/assets/bell-ring-MTFKczS5.js                                0.40 kB │ gzip:   0.28 kB
public/build/assets/map-pinned-Boc4ByX_.js                               0.40 kB │ gzip:   0.29 kB
public/build/assets/shield-off-CCxgjbxG.js                               0.40 kB │ gzip:   0.28 kB
public/build/assets/truck-D-Q5oabY.js                                    0.40 kB │ gzip:   0.26 kB
public/build/assets/sprout-7eHYpo5l.js                                   0.40 kB │ gzip:   0.28 kB
public/build/assets/car-BWHBW5Ne.js                                      0.40 kB │ gzip:   0.28 kB
public/build/assets/locate-fixed-cPnZQO-B.js                             0.40 kB │ gzip:   0.23 kB
public/build/assets/hand-CJ75iRuP.js                                     0.41 kB │ gzip:   0.25 kB
public/build/assets/landmark-CrGyqw40.js                                 0.41 kB │ gzip:   0.23 kB
public/build/assets/hand-coins-q1WoVl58.js                               0.41 kB │ gzip:   0.29 kB
public/build/assets/clipboard-list-C7aDa_Ue.js                           0.41 kB │ gzip:   0.26 kB
public/build/assets/transport-medication-replay-BSxGgiG-.js              0.41 kB │ gzip:   0.29 kB
public/build/assets/loader-CS_sO-ez.js                                   0.41 kB │ gzip:   0.24 kB
public/build/assets/mouse-pointer-click-Br6DIBdO.js                      0.41 kB │ gzip:   0.28 kB
public/build/assets/calendar-range-DJI4Flhw.js                           0.41 kB │ gzip:   0.26 kB
public/build/assets/waypoints-D6pKGyow.js                                0.41 kB │ gzip:   0.25 kB
public/build/assets/layers-o9wQY6f9.js                                   0.42 kB │ gzip:   0.24 kB
public/build/assets/mic-off-cBxE06P4.js                                  0.42 kB │ gzip:   0.27 kB
public/build/assets/waves-C2SHedAy.js                                    0.42 kB │ gzip:   0.21 kB
public/build/assets/skeleton-CDTEQwaO.js                                 0.42 kB │ gzip:   0.32 kB
public/build/assets/package-check-4WQF2PKA.js                            0.42 kB │ gzip:   0.29 kB
public/build/assets/octagon-alert-B5mbVND0.js                            0.43 kB │ gzip:   0.25 kB
public/build/assets/cable-BDhG4eKz.js                                    0.43 kB │ gzip:   0.25 kB
public/build/assets/eye-off-D_Kd6mKv.js                                  0.43 kB │ gzip:   0.27 kB
public/build/assets/building-2-CQfa4Nuj.js                               0.44 kB │ gzip:   0.25 kB
public/build/assets/heading-small-B1QYXXBZ.js                            0.44 kB │ gzip:   0.32 kB
public/build/assets/handshake-BJEagjY6.js                                0.45 kB │ gzip:   0.28 kB
public/build/assets/hand-heart-DBrymXfU.js                               0.45 kB │ gzip:   0.31 kB
public/build/assets/bus-DCBdUEC6.js                                      0.45 kB │ gzip:   0.29 kB
public/build/assets/footprints-CmWpUg-a.js                               0.45 kB │ gzip:   0.30 kB
public/build/assets/radio-tower-BF7m-CL0.js                              0.45 kB │ gzip:   0.29 kB
public/build/assets/input-error-DCYErTdJ.js                              0.46 kB │ gzip:   0.32 kB
public/build/assets/wifi-off-Lnfgm5W1.js                                 0.46 kB │ gzip:   0.27 kB
public/build/assets/scan-eye-Db1KJ6wW.js                                 0.46 kB │ gzip:   0.28 kB
public/build/assets/heart-handshake-CLXLYU-2.js                          0.46 kB │ gzip:   0.31 kB
public/build/assets/spinner-QbdLXiBu.js                                  0.46 kB │ gzip:   0.34 kB
public/build/assets/person-standing-ykOGr5cp.js                          0.46 kB │ gzip:   0.31 kB
public/build/assets/trophy-8sCZxzWs.js                                   0.46 kB │ gzip:   0.28 kB
public/build/assets/pen-tool-C3QGiCkI.js                                 0.47 kB │ gzip:   0.30 kB
public/build/assets/siren-BN5jvVR4.js                                    0.47 kB │ gzip:   0.27 kB
public/build/assets/star-CPTl02pc.js                                     0.47 kB │ gzip:   0.29 kB
public/build/assets/sun-9daMsbUP.js                                      0.47 kB │ gzip:   0.26 kB
public/build/assets/notebook-pen-Cn2yG-sp.js                             0.47 kB │ gzip:   0.29 kB
public/build/assets/cake-BezSbkqa.js                                     0.49 kB │ gzip:   0.26 kB
public/build/assets/cctv-CzLkFHlr.js                                     0.49 kB │ gzip:   0.30 kB
public/build/assets/calendar-days-Dzl1b12f.js                            0.49 kB │ gzip:   0.26 kB
public/build/assets/cpu-DDIVtwE-.js                                      0.50 kB │ gzip:   0.26 kB
public/build/assets/radar-BEdrvKQQ.js                                    0.50 kB │ gzip:   0.30 kB
public/build/assets/sparkles-Ds9Ho0K2.js                                 0.51 kB │ gzip:   0.30 kB
public/build/assets/wand-sparkles-eRZo9XQj.js                            0.51 kB │ gzip:   0.29 kB
public/build/assets/ambulance-DN9HMCM_.js                                0.51 kB │ gzip:   0.31 kB
public/build/assets/_helpers-Ayp0jCez.js                                 0.51 kB │ gzip:   0.33 kB
public/build/assets/unlink-DN3JuaJM.js                                   0.53 kB │ gzip:   0.30 kB
public/build/assets/calculator-DevZSkJm.js                               0.53 kB │ gzip:   0.28 kB
public/build/assets/circle-dashed-BGhHhQ8b.js                            0.57 kB │ gzip:   0.29 kB
public/build/assets/use-alert-workspace-focus-return-DGVRYbyO.js         0.58 kB │ gzip:   0.35 kB
public/build/assets/package-open-DvIqxQk6.js                             0.58 kB │ gzip:   0.33 kB
public/build/assets/i18n-Dncd9j2h.js                                     0.58 kB │ gzip:   0.39 kB
public/build/assets/user-cog-sRwpoh29.js                                 0.58 kB │ gzip:   0.31 kB
public/build/assets/sliders-horizontal-B1jMuiy2.js                       0.58 kB │ gzip:   0.27 kB
public/build/assets/send-to-back-Dke9Pc-L.js                             0.58 kB │ gzip:   0.31 kB
public/build/assets/fingerprint-BoQX5x5d.js                              0.60 kB │ gzip:   0.35 kB
public/build/assets/label-DCjEnjsZ.js                                    0.61 kB │ gzip:   0.39 kB
public/build/assets/form-request-errors-BSRXMDrM.js                      0.63 kB │ gzip:   0.36 kB
public/build/assets/loading-state-CXDFF9rY.js                            0.64 kB │ gzip:   0.43 kB
public/build/assets/text-link-RogODYI2.js                                0.65 kB │ gzip:   0.42 kB
public/build/assets/qr-code-B6lysQuf.js                                  0.65 kB │ gzip:   0.31 kB
public/build/assets/server-DGVc5mHV.js                                   0.66 kB │ gzip:   0.37 kB
public/build/assets/collapsible-dZ42gUqn.js                              0.66 kB │ gzip:   0.28 kB
public/build/assets/resident-dot-BLoyRUP7.js                             0.67 kB │ gzip:   0.46 kB
public/build/assets/fleet-stat-card-CbZNqDDn.js                          0.72 kB │ gzip:   0.44 kB
public/build/assets/party-popper-DtMn2W0T.js                             0.72 kB │ gzip:   0.41 kB
public/build/assets/settings-BV26fnJ9.js                                 0.72 kB │ gzip:   0.34 kB
public/build/assets/textarea-C_9uu-fb.js                                 0.73 kB │ gzip:   0.47 kB
public/build/assets/meeting-workspace-links-BSKYBk34.js                  0.73 kB │ gzip:   0.40 kB
public/build/assets/brain-CHMmTJmK.js                                    0.73 kB │ gzip:   0.35 kB
public/build/assets/separator-DcAv2UUF.js                                0.77 kB │ gzip:   0.45 kB
public/build/assets/page-shell-B7eQidXD.js                               0.77 kB │ gzip:   0.45 kB
public/build/assets/shared-DHJYl7e2.js                                   0.77 kB │ gzip:   0.40 kB
public/build/assets/shared-D3Yvwbxq.js                                   0.77 kB │ gzip:   0.39 kB
public/build/assets/shift-row-types-DQA9BK_P.js                          0.80 kB │ gzip:   0.38 kB
public/build/assets/hr-tabs-D8RBQ2_A.js                                  0.81 kB │ gzip:   0.51 kB
public/build/assets/ops-stat-card-0jOFDDpS.js                            0.81 kB │ gzip:   0.48 kB
public/build/assets/progress-BxLvrMK0.js                                 0.82 kB │ gzip:   0.54 kB
public/build/assets/readable-operational-state-CK8MzJI-.js               0.85 kB │ gzip:   0.45 kB
public/build/assets/boxes-CQzCkt8B.js                                    0.85 kB │ gzip:   0.39 kB
public/build/assets/wizard-DF_QPOrg.js                                   0.87 kB │ gzip:   0.55 kB
public/build/assets/wizard-NNmqhkha.js                                   0.87 kB │ gzip:   0.55 kB
public/build/assets/list-caption-hE5ckvXY.js                             0.91 kB │ gzip:   0.54 kB
public/build/assets/index-CSEUMRIG.js                                    0.92 kB │ gzip:   0.53 kB
public/build/assets/now-rule-P7hRYwwd.js                                 0.95 kB │ gzip:   0.58 kB
public/build/assets/hero-action-button-D-GVyXk8.js                       0.95 kB │ gzip:   0.55 kB
public/build/assets/page-layout-DtSKkYRB.js                              0.97 kB │ gzip:   0.56 kB
public/build/assets/governance-dialog-deep-link-BLAMUST6.js              0.98 kB │ gzip:   0.58 kB
public/build/assets/settings-tabs-B8bZYFDx.js                            0.99 kB │ gzip:   0.54 kB
public/build/assets/error-state-CsFblmfl.js                              1.01 kB │ gzip:   0.62 kB
public/build/assets/use-settings-leave-confirmation-_sN1T8um.js          1.02 kB │ gzip:   0.61 kB
public/build/assets/presence-dot-CuGnqH3Y.js                             1.04 kB │ gzip:   0.58 kB
public/build/assets/input-49RbooBa.js                                    1.05 kB │ gzip:   0.59 kB
public/build/assets/command-centre-page-B-OEpXZE.js                      1.05 kB │ gzip:   0.60 kB
public/build/assets/switch-DZPR4_MT.js                                   1.06 kB │ gzip:   0.61 kB
public/build/assets/_shared-BN-lC1nz.js                                  1.07 kB │ gzip:   0.56 kB
public/build/assets/governance-work-CPDXtwsY.js                          1.09 kB │ gzip:   0.59 kB
public/build/assets/hover-action-vLW4u2SF.js                             1.09 kB │ gzip:   0.65 kB
public/build/assets/WidgetCard-2tC8eOcV.js                               1.10 kB │ gzip:   0.62 kB
public/build/assets/micro-stats-BKNykt34.js                              1.11 kB │ gzip:   0.61 kB
public/build/assets/confetti-8ALvzRDJ.js                                 1.11 kB │ gzip:   0.65 kB
public/build/assets/avatar-Cz9SiJ4o.js                                   1.14 kB │ gzip:   0.44 kB
public/build/assets/checkbox-BKMleMJb.js                                 1.15 kB │ gzip:   0.63 kB
public/build/assets/GovernanceHomeRail-p02cGiOA.js                       1.21 kB │ gzip:   0.68 kB
public/build/assets/_confirm-action-CxjMs0-U.js                          1.24 kB │ gzip:   0.70 kB
public/build/assets/wizard-stepper-B3ES-H4k.js                           1.24 kB │ gzip:   0.67 kB
public/build/assets/handover-person-notes-CbHlG0Rx.js                    1.25 kB │ gzip:   0.63 kB
public/build/assets/task-api-LDQPp0GA.js                                 1.27 kB │ gzip:   0.81 kB
public/build/assets/_types-Bdo8GrIg.js                                   1.29 kB │ gzip:   0.67 kB
public/build/assets/medication-stock-governance-C5VIWPFO.js              1.30 kB │ gzip:   0.60 kB
public/build/assets/radio-group-D7sQywnx.js                              1.31 kB │ gzip:   0.65 kB
public/build/assets/DiscardDraftDialog-DfYKIuSH.js                       1.32 kB │ gzip:   0.76 kB
public/build/assets/_attachments-AW-kVjw-.js                             1.32 kB │ gzip:   0.75 kB
public/build/assets/stream-grouping-DxjzPWpi.js                          1.35 kB │ gzip:   0.73 kB
public/build/assets/staff-avatar-B9Nmn0DY.js                             1.35 kB │ gzip:   0.81 kB
public/build/assets/workflow-ribbon-B2Aw500p.js                          1.35 kB │ gzip:   0.69 kB
public/build/assets/shift-status-badge-DrBmF2cD.js                       1.36 kB │ gzip:   0.67 kB
public/build/assets/timesheet-status-badge-6ZHCmt-h.js                   1.36 kB │ gzip:   0.66 kB
public/build/assets/fleet-responsive-list-CgDsyRvl.js                    1.38 kB │ gzip:   0.70 kB
public/build/assets/sso-sign-in-buttons-MiEMU7-h.js                      1.40 kB │ gzip:   0.72 kB
public/build/assets/site-credentials-CuhrbwjV.js                         1.43 kB │ gzip:   0.75 kB
public/build/assets/_helpers-DwiQF0jk.js                                 1.46 kB │ gzip:   0.80 kB
public/build/assets/fleet-empty-state-I9KUClSB.js                        1.46 kB │ gzip:   0.77 kB
public/build/assets/journey-reference-strip-pm5NcpKt.js                  1.46 kB │ gzip:   0.81 kB
public/build/assets/GovernanceSectionRail-DGlvs-X-.js                    1.47 kB │ gzip:   0.82 kB
public/build/assets/index-DcmOMlk_.js                                    1.50 kB │ gzip:   0.52 kB
public/build/assets/badge-CZnzl86v.js                                    1.53 kB │ gzip:   0.77 kB
public/build/assets/shift-types-DajJH-uZ.js                              1.54 kB │ gzip:   0.78 kB
public/build/assets/date-time-field-BXSp4jPx.js                          1.54 kB │ gzip:   0.77 kB
public/build/assets/performance-tabs-CBkm311y.js                         1.55 kB │ gzip:   0.74 kB
public/build/assets/confirm-dialog-BbNKEC44.js                           1.57 kB │ gzip:   0.86 kB
public/build/assets/mini-sparkline-D7i7f6lZ.js                           1.58 kB │ gzip:   0.91 kB
public/build/assets/verify-email-BhcDICsK.js                             1.58 kB │ gzip:   0.85 kB
public/build/assets/status-badge-BcV9Cyb7.js                             1.61 kB │ gzip:   0.78 kB
public/build/assets/control-room-vocab-DGGJPQ7X.js                       1.62 kB │ gzip:   0.64 kB
public/build/assets/popover-ifeG7vZg.js                                  1.64 kB │ gzip:   0.70 kB
public/build/assets/ops-charts-CfZvOWbq.js                               1.65 kB │ gzip:   0.78 kB
public/build/assets/alert-CF50OPgI.js                                    1.69 kB │ gzip:   0.74 kB
public/build/assets/alert-status-_m2z3IGT.js                             1.69 kB │ gzip:   0.79 kB
public/build/assets/report-incident-dialog-CZv3vZWq.js                   1.70 kB │ gzip:   0.89 kB
public/build/assets/laravel-pagination-EuM8VGSj.js                       1.70 kB │ gzip:   0.84 kB
public/build/assets/money-L4nGavLX.js                                    1.71 kB │ gzip:   0.97 kB
public/build/assets/card-C9LxLdKv.js                                     1.77 kB │ gzip:   0.57 kB
public/build/assets/_helpers-B-1pN3I8.js                                 1.77 kB │ gzip:   0.77 kB
public/build/assets/documents-tabs-uW93fZgY.js                           1.78 kB │ gzip:   0.94 kB
public/build/assets/workflow-ribbon-H23NcKeP.js                          1.80 kB │ gzip:   0.80 kB
public/build/assets/overlay-focus-return-4ESXsuki.js                     1.82 kB │ gzip:   0.89 kB
public/build/assets/tooltip-DVHxUwor.js                                  1.82 kB │ gzip:   0.84 kB
public/build/assets/api-lElfF-mE.js                                      1.84 kB │ gzip:   0.96 kB
public/build/assets/control-room-alert-row-actions-C99CNqsT.js           1.85 kB │ gzip:   0.69 kB
public/build/assets/options-BwkaeHrx.js                                  1.86 kB │ gzip:   0.72 kB
public/build/assets/my-day-list-q1itjVfJ.js                              1.86 kB │ gzip:   0.90 kB
public/build/assets/accordion-BJro1qxK.js                                1.87 kB │ gzip:   0.84 kB
public/build/assets/journey-gate-list-BeL2JA4o.js                        1.87 kB │ gzip:   0.86 kB
public/build/assets/fleet-utils-t-7nXUHw.js                              1.90 kB │ gzip:   0.72 kB
public/build/assets/_helpers-CDE-bFKJ.js                                 1.94 kB │ gzip:   1.04 kB
public/build/assets/draft-resume-prompt-DDZOfeMj.js                      1.95 kB │ gzip:   1.01 kB
public/build/assets/respite-subnav-DVA95RUh.js                           2.01 kB │ gzip:   0.96 kB
public/build/assets/handover-follow-ups-CM70PA0k.js                      2.02 kB │ gzip:   1.02 kB
public/build/assets/button-DhhB9F7m.js                                   2.05 kB │ gzip:   0.96 kB
public/build/assets/address-autocomplete-Bmxm5Vcy.js                     2.07 kB │ gzip:   1.13 kB
public/build/assets/confirm-password-Cuuqf_y9.js                         2.07 kB │ gzip:   1.04 kB
public/build/assets/_dialogs-CzV56LoR.js                                 2.08 kB │ gzip:   1.10 kB
public/build/assets/governance-calendar-adapter-BoWwsrz5.js              2.10 kB │ gzip:   1.01 kB
public/build/assets/_create-recovery-i6Ou491d.js                         2.10 kB │ gzip:   1.07 kB
public/build/assets/use-personal-location-privacy-k70ZMAas.js            2.16 kB │ gzip:   0.99 kB
public/build/assets/reports-tabs-CiItjWWC.js                             2.17 kB │ gzip:   1.07 kB
public/build/assets/attention-panel-Bv0WHPkg.js                          2.17 kB │ gzip:   0.99 kB
public/build/assets/task-step-draft-CuRQuxKc.js                          2.18 kB │ gzip:   1.13 kB
public/build/assets/payroll-hero-Br1be79h.js                             2.28 kB │ gzip:   1.10 kB
public/build/assets/_shared-DpcoaxGK.js                                  2.30 kB │ gzip:   1.18 kB
public/build/assets/_memory-recovery-KPLCXoTQ.js                         2.31 kB │ gzip:   1.21 kB
public/build/assets/_shared-DSwis8h6.js                                  2.34 kB │ gzip:   1.14 kB
public/build/assets/reason-dialog-DB8CZYhE.js                            2.34 kB │ gzip:   1.28 kB
public/build/assets/table-DHtHPBEX.js                                    2.42 kB │ gzip:   0.67 kB
public/build/assets/drills-DDUZhr5V.js                                   2.43 kB │ gzip:   1.13 kB
public/build/assets/_icons-Ds5ibDSV.js                                   2.45 kB │ gzip:   1.15 kB
public/build/assets/first-aid-CNsxipWV.js                                2.47 kB │ gzip:   1.14 kB
public/build/assets/task-help-inbox-BEUeF3QK.js                          2.48 kB │ gzip:   1.34 kB
public/build/assets/datetime-Cj7rLFb1.js                                 2.50 kB │ gzip:   1.10 kB
public/build/assets/finance-section-rail-DU_MfRBw.js                     2.53 kB │ gzip:   1.28 kB
public/build/assets/provisioning-request-files-CjupPcLs.js               2.56 kB │ gzip:   1.26 kB
public/build/assets/text-prompt-dialog-VMyYY4BM.js                       2.62 kB │ gzip:   1.41 kB
public/build/assets/services-BZIMmJHx.js                                 2.63 kB │ gzip:   1.19 kB
public/build/assets/shift-context-menu-CNRM9i7R.js                       2.64 kB │ gzip:   1.37 kB
public/build/assets/provisioning-command-fields-4x2FBuJS.js              2.68 kB │ gzip:   1.16 kB
public/build/assets/care-plan-domains-CjCwzGHZ.js                        2.69 kB │ gzip:   1.26 kB
public/build/assets/donut-chart-BjEVgtH7.js                              2.71 kB │ gzip:   1.35 kB
public/build/assets/donut-RxOXSbq7.js                                    2.74 kB │ gzip:   1.38 kB
public/build/assets/index-BjmjDcUN.js                                    2.76 kB │ gzip:   0.71 kB
public/build/assets/status-badge-3QlJuqdd.js                             2.76 kB │ gzip:   1.29 kB
public/build/assets/readiness-CGqiT8fo.js                                2.79 kB │ gzip:   1.36 kB
public/build/assets/financials-Cb8vFDuZ.js                               2.80 kB │ gzip:   1.36 kB
public/build/assets/safety-register-BkZu-xNG.js                          2.83 kB │ gzip:   1.33 kB
public/build/assets/ppe-KCRRaFGU.js                                      2.84 kB │ gzip:   1.10 kB
public/build/assets/register-row-kit-DYBAbrfL.js                         2.86 kB │ gzip:   1.16 kB
public/build/assets/lifecycle-tabs-CyZKsAuj.js                           2.88 kB │ gzip:   1.47 kB
public/build/assets/_tabs-Cnij6MZH.js                                    2.90 kB │ gzip:   1.48 kB
public/build/assets/_note-category-picker-DFKlVOr8.js                    2.92 kB │ gzip:   1.38 kB
public/build/assets/use-create-shift-launcher-DKE05Pdu.js                2.92 kB │ gzip:   1.43 kB
public/build/assets/use-form-autosave-Cqow9X54.js                        2.92 kB │ gzip:   1.47 kB
public/build/assets/toolbar-F3L9xqLU.js                                  2.92 kB │ gzip:   1.40 kB
public/build/assets/hs-detail-dialog-GsPZX4EP.js                         2.93 kB │ gzip:   1.33 kB
public/build/assets/notification-catalog-DveZKd9k.js                     2.96 kB │ gzip:   0.93 kB
public/build/assets/forgot-password-CeyK5pc_.js                          2.99 kB │ gzip:   1.43 kB
public/build/assets/auth-layout-CZtzJmh4.js                              3.03 kB │ gzip:   1.37 kB
public/build/assets/report-launcher-DWdKoxT5.js                          3.03 kB │ gzip:   1.51 kB
public/build/assets/tab-strip-BVRkR7Di.js                                3.03 kB │ gzip:   1.38 kB
public/build/assets/_overview-map-card-VjGqulQa.js                       3.06 kB │ gzip:   1.49 kB
public/build/assets/provisioning-manual-dialog-BxdtcX2x.js               3.06 kB │ gzip:   1.53 kB
public/build/assets/reset-password-BmSKY47e.js                           3.08 kB │ gzip:   1.25 kB
public/build/assets/start-reconciliation-dialog-D1_uL9y2.js              3.11 kB │ gzip:   1.29 kB
public/build/assets/two-factor-challenge-DwBjC2hh.js                     3.13 kB │ gzip:   1.47 kB
public/build/assets/dictate-button-Dw-tX2J8.js                           3.14 kB │ gzip:   1.60 kB
public/build/assets/use-specialist-form-defaults-BWe1tc_F.js             3.14 kB │ gzip:   1.56 kB
public/build/assets/client-edit-dialog-Bhg9LtrY.js                       3.16 kB │ gzip:   1.58 kB
public/build/assets/record-care-actions-C3Zxdomn.js                      3.18 kB │ gzip:   1.40 kB
public/build/assets/document-library-kit-BCcA5i3R.js                     3.19 kB │ gzip:   1.08 kB
public/build/assets/risk-assessments-BWR-dNHx.js                         3.21 kB │ gzip:   1.55 kB
public/build/assets/recorded-detail-dialog-DY04uE66.js                   3.22 kB │ gzip:   1.59 kB
public/build/assets/control-room-row-actions-CN3K62oi.js                 3.31 kB │ gzip:   1.49 kB
public/build/assets/_dialogs-Cu4arnU-.js                                 3.32 kB │ gzip:   1.44 kB
public/build/assets/leave-context-menu-DLPvYjQP.js                       3.33 kB │ gzip:   1.64 kB
public/build/assets/row-context-menu-BuvIqrKq.js                         3.33 kB │ gzip:   1.64 kB
public/build/assets/_context-menu-CeQQh61p.js                            3.33 kB │ gzip:   1.60 kB
public/build/assets/fleet-compact-hero-DCSOuPqr.js                       3.33 kB │ gzip:   1.45 kB
public/build/assets/compensation-tabs-DhUHcNfM.js                        3.34 kB │ gzip:   1.62 kB
public/build/assets/hs-hero-kit-D4WeX0rf.js                              3.36 kB │ gzip:   1.54 kB
public/build/assets/task-steps-09yNwz1D.js                               3.38 kB │ gzip:   1.59 kB
public/build/assets/shift-med-snapshot-BV9GfT_5.js                       3.39 kB │ gzip:   1.37 kB
public/build/assets/device-profile-navigation-XFo5I4aM.js                3.40 kB │ gzip:   1.66 kB
public/build/assets/inspections-B9fDFjMh.js                              3.42 kB │ gzip:   1.40 kB
public/build/assets/ra-register-section-4QwweqyQ.js                      3.46 kB │ gzip:   1.76 kB
public/build/assets/command-DvqpszhQ.js                                  3.47 kB │ gzip:   1.07 kB
public/build/assets/shift-context-menu-D0DgSK9K.js                       3.49 kB │ gzip:   1.66 kB
public/build/assets/posting-preview-BLWC2TSD.js                          3.51 kB │ gzip:   1.53 kB
public/build/assets/_emergency-checklist-I8tiBPW8.js                     3.52 kB │ gzip:   1.54 kB
public/build/assets/handover-context-menu--wJMb6dx.js                    3.55 kB │ gzip:   1.54 kB
public/build/assets/_readiness-panel-n1eD3lrD.js                         3.59 kB │ gzip:   1.64 kB
public/build/assets/checklists-CrPdhmZy.js                               3.59 kB │ gzip:   1.72 kB
public/build/assets/checks-model-BpbAC4Rm.js                             3.63 kB │ gzip:   1.63 kB
public/build/assets/journey-term-help-SgBqzvmk.js                        3.64 kB │ gzip:   1.45 kB
public/build/assets/my-provisioning-list-GAOGJn46.js                     3.67 kB │ gzip:   1.70 kB
public/build/assets/site-profile-states-CxnWRu5h.js                      3.69 kB │ gzip:   1.46 kB
public/build/assets/alert-dialog-CTbWLyiF.js                             3.76 kB │ gzip:   1.10 kB
public/build/assets/resolution-voting-Bpa7_z73.js                        3.78 kB │ gzip:   1.69 kB
public/build/assets/_geometry-Dx1kFP0e.js                                3.80 kB │ gzip:   1.60 kB
public/build/assets/configured-questions-CjVGdJgp.js                     3.86 kB │ gzip:   1.82 kB
public/build/assets/register-B0Kpnc68.js                                 3.88 kB │ gzip:   1.46 kB
public/build/assets/MedicationScanVerificationPanel-pUCXLxck.js          3.89 kB │ gzip:   1.61 kB
public/build/assets/task-detail-dialog-DIDjLkt-.js                       3.90 kB │ gzip:   1.78 kB
public/build/assets/reference-questionnaire-DhrbScyW.js                  3.94 kB │ gzip:   1.82 kB
public/build/assets/ticket-version-conflict-BXW-8mK3.js                  3.96 kB │ gzip:   1.80 kB
public/build/assets/shift-timeline-summary-flJTKn6M.js                   3.99 kB │ gzip:   1.66 kB
public/build/assets/edit-ucz6nj9I.js                                     4.00 kB │ gzip:   1.77 kB
public/build/assets/login-BVzEAA7p.js                                    4.01 kB │ gzip:   1.73 kB
public/build/assets/governed-location-export-dialog-BkKPoR8l.js          4.01 kB │ gzip:   1.97 kB
public/build/assets/shared-BL29R7vc.js                                   4.01 kB │ gzip:   1.96 kB
public/build/assets/finance-period-filter-Dl_EiXa2.js                    4.02 kB │ gzip:   1.91 kB
public/build/assets/calendar-MQd2KF4x.js                                 4.06 kB │ gzip:   1.81 kB
public/build/assets/shift-summary-B5-PF4Wl.js                            4.07 kB │ gzip:   1.68 kB
public/build/assets/workspace-model-CTDC_Qgb.js                          4.10 kB │ gzip:   1.78 kB
public/build/assets/index-Bpzl9rqK.js                                    4.13 kB │ gzip:   0.83 kB
public/build/assets/entity-cells-B2o_qQ7x.js                             4.13 kB │ gzip:   1.64 kB
public/build/assets/use-two-factor-auth-B4h22sL5.js                      4.15 kB │ gzip:   1.77 kB
public/build/assets/empty-state-CUrvPTNf.js                              4.18 kB │ gzip:   1.85 kB
public/build/assets/board-bits-Dw-4MtPh.js                               4.19 kB │ gzip:   1.57 kB
public/build/assets/specialist-record-list-C7dUrXuh.js                   4.23 kB │ gzip:   1.98 kB
public/build/assets/hazards-CgLcqG9y.js                                  4.24 kB │ gzip:   1.95 kB
public/build/assets/documents-C6PnrnBx.js                                4.28 kB │ gzip:   1.90 kB
public/build/assets/estate-operations-DyHCO771.js                        4.29 kB │ gzip:   1.73 kB
public/build/assets/generate-rounds-modal-5HuTvHey.js                    4.33 kB │ gzip:   2.11 kB
public/build/assets/wizard-fields-BSJAVecQ.js                            4.34 kB │ gzip:   1.90 kB
public/build/assets/first-aid-tab-Db-Z-N2p.js                            4.34 kB │ gzip:   1.78 kB
public/build/assets/assets-Cosea_7s.js                                   4.37 kB │ gzip:   1.74 kB
public/build/assets/login-UPaQiMuK.js                                    4.37 kB │ gzip:   1.85 kB
public/build/assets/privacy-shared-C5nrrxte.js                           4.39 kB │ gzip:   1.66 kB
public/build/assets/_shared-Dtf-AnN2.js                                  4.41 kB │ gzip:   1.91 kB
public/build/assets/_dialogs-DxLceiu5.js                                 4.43 kB │ gzip:   1.81 kB
public/build/assets/shift-audit-timeline-d4fbsGYg.js                     4.49 kB │ gzip:   1.83 kB
public/build/assets/shared-D3zcOdWg.js                                   4.50 kB │ gzip:   1.74 kB
public/build/assets/applicable-procedures-panel-BN5X1hhS.js              4.52 kB │ gzip:   1.75 kB
public/build/assets/task-help-CqHzCquw.js                                4.61 kB │ gzip:   1.95 kB
public/build/assets/client-clinical-launchers-BwE7ouR1.js                4.62 kB │ gzip:   2.11 kB
public/build/assets/meal-planner-DmHqDueM.js                             4.69 kB │ gzip:   2.19 kB
public/build/assets/Create-Bnba4LUh.js                                   4.69 kB │ gzip:   2.11 kB
public/build/assets/incidents-tab-Dx2ZJuP9.js                            4.72 kB │ gzip:   1.85 kB
public/build/assets/fleet-navigation-DlVG88LO.js                         4.74 kB │ gzip:   1.88 kB
public/build/assets/_dialogs-Cv4meocA.js                                 4.75 kB │ gzip:   2.18 kB
public/build/assets/AgedPayables-Ckxd4xOm.js                             4.75 kB │ gzip:   2.13 kB
public/build/assets/AgedReceivables-osqP88YF.js                          4.76 kB │ gzip:   2.14 kB
public/build/assets/donut-card-BwnfSjei.js                               4.76 kB │ gzip:   2.08 kB
public/build/assets/control-room-workspace-hero-DUMluOYL.js              4.76 kB │ gzip:   2.26 kB
public/build/assets/dialog-CvgYopuU.js                                   4.80 kB │ gzip:   1.64 kB
public/build/assets/_asset-dialogs-BUbJVWAM.js                           4.83 kB │ gzip:   2.30 kB
public/build/assets/Edit-rcM31i0q.js                                     4.87 kB │ gzip:   2.24 kB
public/build/assets/hardware-DC2_rjVh.js                                 4.89 kB │ gzip:   2.15 kB
public/build/assets/entity-filter-B-Nn7t7H.js                            4.89 kB │ gzip:   2.28 kB
public/build/assets/concern-BnhsK_To.js                                  4.93 kB │ gzip:   2.27 kB
public/build/assets/permission-destinations-DsneQAdj.js                  4.93 kB │ gzip:   1.13 kB
public/build/assets/page-tabs-UumQW5xZ.js                                4.94 kB │ gzip:   2.03 kB
public/build/assets/_dialogs-C_aQhcpj.js                                 4.97 kB │ gzip:   2.34 kB
public/build/assets/whats-next-rail-CBdakRMF.js                          4.99 kB │ gzip:   2.37 kB
public/build/assets/_dialogs-BxVX8ExT.js                                 5.03 kB │ gzip:   2.03 kB
public/build/assets/leave-calendar-range-CoBiKKdo.js                     5.04 kB │ gzip:   2.26 kB
public/build/assets/_dialogs-gLmaWdDZ.js                                 5.10 kB │ gzip:   2.37 kB
public/build/assets/client-safety-ribbon-CD14vST4.js                     5.10 kB │ gzip:   2.24 kB
public/build/assets/show-DEmRbAc4.js                                     5.12 kB │ gzip:   2.37 kB
public/build/assets/_evidence-CSpqFXQ6.js                                5.17 kB │ gzip:   2.19 kB
public/build/assets/prn-effect-dialog-zXnvEonv.js                        5.19 kB │ gzip:   2.28 kB
public/build/assets/Placeholder-BLII3mfp.js                              5.20 kB │ gzip:   2.45 kB
public/build/assets/shared-DuYFmh7D.js                                   5.20 kB │ gzip:   2.04 kB
public/build/assets/qr-reader-Dei2YQWM.js                                5.20 kB │ gzip:   2.28 kB
public/build/assets/day-picker-chip-DS_7JLEN.js                          5.21 kB │ gzip:   2.23 kB
public/build/assets/list-view-BoQW2Uzs.js                                5.22 kB │ gzip:   1.83 kB
public/build/assets/plan-ClCe6QcL.js                                     5.22 kB │ gzip:   2.33 kB
public/build/assets/before-you-finish-nEo9esSd.js                        5.25 kB │ gzip:   2.13 kB
public/build/assets/wizard-shell-j-WLjn5j.js                             5.31 kB │ gzip:   2.31 kB
public/build/assets/application-status-Bjg05Lsl.js                       5.31 kB │ gzip:   2.16 kB
public/build/assets/index-CqZum5kL.js                                    5.32 kB │ gzip:   2.37 kB
public/build/assets/care-plan-domains-builder-D9ITCGTo.js                5.33 kB │ gzip:   2.07 kB
public/build/assets/shared-CmyqTydH.js                                   5.34 kB │ gzip:   2.38 kB
public/build/assets/entity-menu-BsaclYDe.js                              5.35 kB │ gzip:   2.46 kB
public/build/assets/paperwork-panel-DxZR_nK_.js                          5.38 kB │ gzip:   2.33 kB
public/build/assets/show-BP8GbuG-.js                                     5.38 kB │ gzip:   2.39 kB
public/build/assets/contacts-CvdDMein.js                                 5.42 kB │ gzip:   2.32 kB
public/build/assets/_thumbnail-DOFi2ujQ.js                               5.43 kB │ gzip:   2.56 kB
public/build/assets/fleet-charts-BD3Cp0FY.js                             5.50 kB │ gzip:   2.46 kB
public/build/assets/global-DfwuTjyg.js                                   5.51 kB │ gzip:   2.47 kB
public/build/assets/Index-DMHlh0Wk.js                                    5.52 kB │ gzip:   2.49 kB
public/build/assets/show-CEpvhj-d.js                                     5.53 kB │ gzip:   2.52 kB
public/build/assets/show-DIGNyx4f.js                                     5.54 kB │ gzip:   2.34 kB
public/build/assets/show-DIcJ_ISR.js                                     5.55 kB │ gzip:   2.32 kB
public/build/assets/date-popover-pH7L71mL.js                             5.60 kB │ gzip:   2.41 kB
public/build/assets/audit-log-modal-WqbvFSPw.js                          5.60 kB │ gzip:   2.51 kB
public/build/assets/index-BOggz0Hq.js                                    5.63 kB │ gzip:   2.50 kB
public/build/assets/medication-review-modal-BeWX3Izq.js                  5.64 kB │ gzip:   2.55 kB
public/build/assets/entity-table-ODzwLNTA.js                             5.74 kB │ gzip:   2.40 kB
public/build/assets/index-BZSaBVo9.js                                    5.74 kB │ gzip:   2.57 kB
public/build/assets/complete-obligation-dialog-DgfxZZkx.js               5.76 kB │ gzip:   2.57 kB
public/build/assets/Calendar-BTMg7xyg.js                                 5.78 kB │ gzip:   2.63 kB
public/build/assets/rhythms-routines-1UeQ4FkV.js                         5.79 kB │ gzip:   2.63 kB
public/build/assets/index-DqBUAY3Z.js                                    5.83 kB │ gzip:   2.67 kB
public/build/assets/select-BnL9-CwW.js                                   5.86 kB │ gzip:   1.90 kB
public/build/assets/multi-entity-filter-CC4f6fjs.js                      5.86 kB │ gzip:   2.62 kB
public/build/assets/_shared-XzVEqCd0.js                                  5.88 kB │ gzip:   2.60 kB
public/build/assets/dropdown-menu-8SEXNJFP.js                            5.88 kB │ gzip:   1.65 kB
public/build/assets/stat-tile-DcEOif3_.js                                5.89 kB │ gzip:   2.51 kB
public/build/assets/GovernanceAttachmentsPanel-BXlSkJRi.js               5.91 kB │ gzip:   2.49 kB
public/build/assets/index-BSWVxUqS.js                                    5.94 kB │ gzip:   2.76 kB
public/build/assets/_helpers-9iicMdUu.js                                 5.94 kB │ gzip:   2.45 kB
public/build/assets/index-CJhTmRgd.js                                    5.98 kB │ gzip:   2.73 kB
public/build/assets/audit-DBdKKzPw.js                                    5.98 kB │ gzip:   2.70 kB
public/build/assets/index-D7c2SEHz.js                                    6.00 kB │ gzip:   2.60 kB
public/build/assets/compliance-bits-CPBFCQyK.js                          6.02 kB │ gzip:   2.53 kB
public/build/assets/report-page-k2gixdpo.js                              6.03 kB │ gzip:   2.83 kB
public/build/assets/link-client-dialog-B9bdLgxl.js                       6.06 kB │ gzip:   2.58 kB
public/build/assets/stream-context-menu-CKJYqhPA.js                      6.08 kB │ gzip:   2.79 kB
public/build/assets/food-meal-ClY2TIrx.js                                6.12 kB │ gzip:   2.11 kB
public/build/assets/BoardMonthly-D5k8Nuwt.js                             6.14 kB │ gzip:   2.85 kB
public/build/assets/index-CurgIrkz.js                                    6.14 kB │ gzip:   2.81 kB
public/build/assets/with-concerns-DpYECgZl.js                            6.15 kB │ gzip:   2.74 kB
public/build/assets/with-incidents-1kSwt-lE.js                           6.15 kB │ gzip:   2.74 kB
public/build/assets/show-CpiMrTb9.js                                     6.18 kB │ gzip:   2.81 kB
public/build/assets/index-Dhy9xPP2.js                                    6.18 kB │ gzip:   2.76 kB
public/build/assets/compliance-hub-header-B2Tl81DE.js                    6.22 kB │ gzip:   2.75 kB
public/build/assets/index-BgRghF--.js                                    6.23 kB │ gzip:   2.80 kB
public/build/assets/emergency-plan-DHZfbJIR.js                           6.23 kB │ gzip:   2.80 kB
public/build/assets/controls-DgHrtxOv.js                                 6.26 kB │ gzip:   2.87 kB
public/build/assets/show-D-CN2wSD.js                                     6.26 kB │ gzip:   2.50 kB
public/build/assets/recognition-wizard-C9oSqBvO.js                       6.27 kB │ gzip:   2.43 kB
public/build/assets/Calendar-CWH-2UoG.js                                 6.28 kB │ gzip:   2.85 kB
public/build/assets/index-CeD_aKQU.js                                    6.32 kB │ gzip:   2.81 kB
public/build/assets/for-stay-AOzWY-Si.js                                 6.33 kB │ gzip:   2.80 kB
public/build/assets/report-cOuQul_k.js                                   6.34 kB │ gzip:   2.90 kB
public/build/assets/create-CXZiL0n-.js                                   6.35 kB │ gzip:   2.62 kB
public/build/assets/quick-note-dialog-EO8Awg-a.js                        6.36 kB │ gzip:   2.65 kB
public/build/assets/show-CCOzDREG.js                                     6.37 kB │ gzip:   2.84 kB
public/build/assets/use-my-day-labels-Cu-spPls.js                        6.38 kB │ gzip:   2.60 kB
public/build/assets/entity-card-DfLznYpY.js                              6.39 kB │ gzip:   2.73 kB
public/build/assets/stock-movement-modal-UWEQLcjs.js                     6.40 kB │ gzip:   2.62 kB
public/build/assets/Create-DcfgtWW5.js                                   6.41 kB │ gzip:   2.94 kB
public/build/assets/offer-response-CuyQy2iT.js                           6.41 kB │ gzip:   2.61 kB
public/build/assets/compensation-hero-BhQZK6OW.js                        6.42 kB │ gzip:   2.49 kB
public/build/assets/overdue-BAPuHEj7.js                                  6.47 kB │ gzip:   2.84 kB
public/build/assets/auto-rule-builder-BjrbPxWd.js                        6.50 kB │ gzip:   2.43 kB
public/build/assets/tabs-BDPdBJxQ.js                                     6.50 kB │ gzip:   2.68 kB
public/build/assets/unacknowledged-DxCtJIek.js                           6.51 kB │ gzip:   2.83 kB
public/build/assets/overdue-jHJiVXV3.js                                  6.51 kB │ gzip:   2.84 kB
public/build/assets/my-active-tKu7Lqnn.js                                6.51 kB │ gzip:   2.90 kB
public/build/assets/list-view-2dx3pRFS.js                                6.53 kB │ gzip:   2.37 kB
public/build/assets/Create-ByfrEAcn.js                                   6.54 kB │ gzip:   2.95 kB
public/build/assets/clients-Bsa-Hboz.js                                  6.54 kB │ gzip:   2.78 kB
public/build/assets/ppe-shared-e2Bg7x-m.js                               6.56 kB │ gzip:   2.64 kB
public/build/assets/trend-charts-BshRG_uk.js                             6.57 kB │ gzip:   2.54 kB
public/build/assets/maps-usage-CWI9naaa.js                               6.59 kB │ gzip:   2.90 kB
public/build/assets/actions-reviews-CsTpk4Iu.js                          6.59 kB │ gzip:   2.69 kB
public/build/assets/sortable.esm-TrASzQ3t.js                             6.64 kB │ gzip:   2.78 kB
public/build/assets/meal-planner-CBdV0hpY.js                             6.68 kB │ gzip:   2.98 kB
public/build/assets/_workspace-CPT9_mAi.js                               6.70 kB │ gzip:   2.73 kB
public/build/assets/for-client-C_pVU3D0.js                               6.71 kB │ gzip:   2.92 kB
public/build/assets/_registers-Rwwqtqq-.js                               6.75 kB │ gzip:   2.64 kB
public/build/assets/shift-calendar-view-Bp3-oSwK.js                      6.78 kB │ gzip:   2.74 kB
public/build/assets/index-BKuL1aI8.js                                    6.82 kB │ gzip:   1.08 kB
public/build/assets/handover-rail-CBDxs7oo.js                            6.82 kB │ gzip:   2.89 kB
public/build/assets/needing-acknowledgment-BpzYm3F4.js                   6.83 kB │ gzip:   2.91 kB
public/build/assets/for-stay-Z7DSWGpc.js                                 6.85 kB │ gzip:   3.03 kB
public/build/assets/checklist-trends-Bq7p3IC4.js                         6.87 kB │ gzip:   2.98 kB
public/build/assets/assignments-QRIScFkW.js                              6.88 kB │ gzip:   3.26 kB
public/build/assets/clock-in-wizard-BCX8mSNV.js                          6.88 kB │ gzip:   2.94 kB
public/build/assets/board-view-D2m6edt7.js                               6.89 kB │ gzip:   2.72 kB
public/build/assets/show-DE-bzvtI.js                                     6.90 kB │ gzip:   3.19 kB
public/build/assets/day-work-list-DWhT7Zri.js                            6.91 kB │ gzip:   2.82 kB
public/build/assets/index-C4bd3x-T.js                                    6.94 kB │ gzip:   2.81 kB
public/build/assets/for-stay-C6Oi0ZVO.js                                 6.96 kB │ gzip:   3.11 kB
public/build/assets/_dialogs-DTwaZT8r.js                                 7.01 kB │ gzip:   3.23 kB
public/build/assets/my-tasks-D88M1qke.js                                 7.04 kB │ gzip:   3.09 kB
public/build/assets/_header-j0dZKFBf.js                                  7.05 kB │ gzip:   3.27 kB
public/build/assets/alert-worklist-B0UVnZiR.js                           7.05 kB │ gzip:   2.65 kB
public/build/assets/agreements-Ck_954iL.js                               7.07 kB │ gzip:   3.28 kB
public/build/assets/combined-Hb_i5gpf.js                                 7.07 kB │ gzip:   3.02 kB
public/build/assets/awaiting-approval-MFEzQ-8Y.js                        7.08 kB │ gzip:   3.04 kB
public/build/assets/_site-geofence-dialog-CQ2w9k40.js                    7.09 kB │ gzip:   2.71 kB
public/build/assets/Calendar-701u0fgz.js                                 7.12 kB │ gzip:   3.18 kB
public/build/assets/index-C4_qujRU.js                                    7.12 kB │ gzip:   3.05 kB
public/build/assets/Index-eJw3NITl.js                                    7.13 kB │ gzip:   3.07 kB
public/build/assets/assets-B-Wic4k2.js                                   7.13 kB │ gzip:   2.97 kB
public/build/assets/reports-modal-CF6tVIG5.js                            7.13 kB │ gzip:   2.97 kB
public/build/assets/_dialogs-7cHGrxZb.js                                 7.14 kB │ gzip:   3.04 kB
public/build/assets/checklist-zjdPm7Eu.js                                7.14 kB │ gzip:   3.11 kB
public/build/assets/monitoring-incident-evidence-card-DqUCpMec.js        7.16 kB │ gzip:   2.52 kB
public/build/assets/Show-rYbVpFSt.js                                     7.17 kB │ gzip:   2.95 kB
public/build/assets/fix-clock-out-wizard-DLVgVlwx.js                     7.18 kB │ gzip:   3.07 kB
public/build/assets/_dialogs-xr-TiKxD.js                                 7.19 kB │ gzip:   3.02 kB
public/build/assets/fleet-hero-kit-BHnvLIxX.js                           7.19 kB │ gzip:   2.89 kB
public/build/assets/Index-BM7ChMDm.js                                    7.19 kB │ gzip:   3.06 kB
public/build/assets/Show-CUm23MWP.js                                     7.20 kB │ gzip:   3.08 kB
public/build/assets/leave-excursions-BxJqcbKE.js                         7.21 kB │ gzip:   2.38 kB
public/build/assets/preferences-En8pDaQk.js                              7.25 kB │ gzip:   3.26 kB
public/build/assets/review-BieToT9F.js                                   7.27 kB │ gzip:   3.10 kB
public/build/assets/new-journal-dialog-Dves8VvQ.js                       7.31 kB │ gzip:   2.69 kB
public/build/assets/respite-CqvlJcsL.js                                  7.31 kB │ gzip:   2.81 kB
public/build/assets/people-picker-Bn3HrVbk.js                            7.35 kB │ gzip:   3.14 kB
public/build/assets/provisioning-picker-DW7kiJ-Y.js                      7.39 kB │ gzip:   3.29 kB
public/build/assets/index-5yC7aqC8.js                                    7.40 kB │ gzip:   3.13 kB
public/build/assets/index-B0QEKBjl.js                                    7.41 kB │ gzip:   3.13 kB
public/build/assets/create-hv_IIL-N.js                                   7.46 kB │ gzip:   3.26 kB
public/build/assets/_review-dialog-4rXm2i3o.js                           7.47 kB │ gzip:   3.13 kB
public/build/assets/Edit-Bp5Xe9JA.js                                     7.47 kB │ gzip:   3.22 kB
public/build/assets/_dialogs-CmOd6gtm.js                                 7.48 kB │ gzip:   2.45 kB
public/build/assets/create-BewyEts1.js                                   7.48 kB │ gzip:   3.15 kB
public/build/assets/compliance-hero-B8hwyyIS.js                          7.56 kB │ gzip:   2.61 kB
public/build/assets/shared-Bof7rLKq.js                                   7.61 kB │ gzip:   3.04 kB
public/build/assets/payroll-adjustments-DNerwepH.js                      7.64 kB │ gzip:   3.08 kB
public/build/assets/deletion-logs-COS0R-yN.js                            7.71 kB │ gzip:   3.34 kB
public/build/assets/location-navigator-DS77p4ig.js                       7.75 kB │ gzip:   2.64 kB
public/build/assets/show-WI8gtHqL.js                                     7.75 kB │ gzip:   3.15 kB
public/build/assets/report-error-modal-CaBQ2cfp.js                       7.76 kB │ gzip:   3.27 kB
public/build/assets/communication-notes-C7IIYBLP.js                      7.79 kB │ gzip:   3.17 kB
public/build/assets/for-stay-DLetFENd.js                                 7.80 kB │ gzip:   3.26 kB
public/build/assets/assignments-Ctp2RWKM.js                              7.82 kB │ gzip:   3.57 kB
public/build/assets/medical-simple-DsEyAnHX.js                           7.86 kB │ gzip:   3.45 kB
public/build/assets/index-C2aqdcbh.js                                    7.90 kB │ gzip:   3.27 kB
public/build/assets/history-index-CZ8pEPM7.js                            7.92 kB │ gzip:   3.48 kB
public/build/assets/Submissions-6tDh6IE-.js                              7.93 kB │ gzip:   3.70 kB
public/build/assets/daily-note-entry-B19MdNVc.js                         7.97 kB │ gzip:   3.03 kB
public/build/assets/pending-Dl8sd85S.js                                  7.98 kB │ gzip:   3.40 kB
public/build/assets/index-XMuVsF5V.js                                    7.98 kB │ gzip:   3.37 kB
public/build/assets/show-DMr5J-Yl.js                                     8.02 kB │ gzip:   3.53 kB
public/build/assets/from-resolution-BT_kWUeD.js                          8.07 kB │ gzip:   3.58 kB
public/build/assets/file-dropzone-DCQXhVWZ.js                            8.08 kB │ gzip:   3.49 kB
public/build/assets/audit-history-CH99GJLb.js                            8.13 kB │ gzip:   3.26 kB
public/build/assets/shoutouts-Bq8FJ3sM.js                                8.16 kB │ gzip:   3.55 kB
public/build/assets/notifications-OHoJuQLr.js                            8.17 kB │ gzip:   3.60 kB
public/build/assets/_tool-palette-CmN9LYng.js                            8.20 kB │ gzip:   2.99 kB
public/build/assets/work-schedule-WtJAIXE0.js                            8.26 kB │ gzip:   3.42 kB
public/build/assets/availability-2F49JQBZ.js                             8.31 kB │ gzip:   3.67 kB
public/build/assets/labels-CWENmv28.js                                   8.35 kB │ gzip:   3.21 kB
public/build/assets/index-CJrw0joy.js                                    8.37 kB │ gzip:   3.17 kB
public/build/assets/shell-DM45jf5F.js                                    8.38 kB │ gzip:   3.04 kB
public/build/assets/incidents-BVMnoThE.js                                8.39 kB │ gzip:   3.35 kB
public/build/assets/round-template-dialog-D_I4fFyA.js                    8.39 kB │ gzip:   3.49 kB
public/build/assets/reassign-dialog-CP7rdaZQ.js                          8.42 kB │ gzip:   3.60 kB
public/build/assets/password-Bx-8FKw5.js                                 8.43 kB │ gzip:   3.36 kB
public/build/assets/attestations-CjcTVexI.js                             8.44 kB │ gzip:   3.65 kB
public/build/assets/index-Dlg97wMc.js                                    8.44 kB │ gzip:   1.27 kB
public/build/assets/form-wizard-fRTzeT0Y.js                              8.49 kB │ gzip:   3.49 kB
public/build/assets/my-day-header-D3iaGhI1.js                            8.50 kB │ gzip:   3.70 kB
public/build/assets/_dialogs-CeIkukGT.js                                 8.57 kB │ gzip:   3.32 kB
public/build/assets/index-CuuwrIhI.js                                    8.60 kB │ gzip:   1.25 kB
public/build/assets/asset-condition-DqpYPCdK.js                          8.66 kB │ gzip:   3.47 kB
public/build/assets/credentials-CkVLVYBu.js                              8.66 kB │ gzip:   3.55 kB
public/build/assets/settings-_E7Vsx5Q.js                                 8.67 kB │ gzip:   3.76 kB
public/build/assets/primitives-BC0E-C2P.js                               8.69 kB │ gzip:   3.27 kB
public/build/assets/bank-account-dialog-B-90DLWg.js                      8.70 kB │ gzip:   3.39 kB
public/build/assets/index-DPIO2ZzU.js                                    8.72 kB │ gzip:   3.71 kB
public/build/assets/index-uVlaf9m_.js                                    8.72 kB │ gzip:   3.72 kB
public/build/assets/new-account-dialog-CR8m-mQE.js                       8.74 kB │ gzip:   3.41 kB
public/build/assets/personal-entry-dialog-BH68fNcI.js                    8.79 kB │ gzip:   3.29 kB
public/build/assets/show-CQd6IFUH.js                                     8.85 kB │ gzip:   3.03 kB
public/build/assets/add-medication-modal-Byk9rdLs.js                     8.87 kB │ gzip:   3.64 kB
public/build/assets/show-BcXq7QgG.js                                     8.91 kB │ gzip:   3.98 kB
public/build/assets/overdue-actions-BYtIl72f.js                          8.95 kB │ gzip:   3.72 kB
public/build/assets/timeline-interactions-1wpUexVi.js                    8.96 kB │ gzip:   3.62 kB
public/build/assets/Index-x0GoJJpt.js                                    8.99 kB │ gzip:   3.81 kB
public/build/assets/fleet-kJI4sbsq.js                                    9.05 kB │ gzip:   3.15 kB
public/build/assets/assess-bEOCV42b.js                                   9.06 kB │ gzip:   3.77 kB
public/build/assets/hero-kit-suMExQxk.js                                 9.08 kB │ gzip:   2.98 kB
public/build/assets/Index-DSDCPhQj.js                                    9.08 kB │ gzip:   3.90 kB
public/build/assets/index-BBlyBf3R.js                                    9.09 kB │ gzip:   3.79 kB
public/build/assets/ClientTrends-DTi02GZp.js                             9.10 kB │ gzip:   3.90 kB
public/build/assets/file-C8syyc94.js                                     9.11 kB │ gzip:   3.87 kB
public/build/assets/Index-Dk6LeHAP.js                                    9.20 kB │ gzip:   3.68 kB
public/build/assets/index-BtmruIYc.js                                    9.23 kB │ gzip:   3.94 kB
public/build/assets/index-6zWqYsuV.js                                    9.23 kB │ gzip:   3.63 kB
public/build/assets/index-J5fdVKtc.js                                    9.24 kB │ gzip:   4.01 kB
public/build/assets/note-rail-BdGhKmlx.js                                9.29 kB │ gzip:   3.55 kB
public/build/assets/CarePlans-DSRKc7wM.js                                9.31 kB │ gzip:   3.76 kB
public/build/assets/shift-show-redesign-BzNzFCkm.js                      9.34 kB │ gzip:   3.58 kB
public/build/assets/reports-D1MWijsu.js                                  9.36 kB │ gzip:   3.89 kB
public/build/assets/knowledge-related-records-BqHzO4ln.js                9.37 kB │ gzip:   3.78 kB
public/build/assets/Show-CoHQ4_m7.js                                     9.37 kB │ gzip:   4.17 kB
public/build/assets/cd-register-modal-BiQdaNZw.js                        9.37 kB │ gzip:   3.85 kB
public/build/assets/_manage-types-dialog-BTMrDldG.js                     9.39 kB │ gzip:   3.83 kB
public/build/assets/Show-DYGlgIIs.js                                     9.43 kB │ gzip:   4.09 kB
public/build/assets/benefits-76C-dVZL.js                                 9.46 kB │ gzip:   3.76 kB
public/build/assets/location-workspace-D_HVK1rm.js                       9.47 kB │ gzip:   4.05 kB
public/build/assets/Create-BubVanHa.js                                   9.49 kB │ gzip:   3.86 kB
public/build/assets/history-D79scLMv.js                                  9.51 kB │ gzip:   3.83 kB
public/build/assets/_dialogs-DF59v1OB.js                                 9.57 kB │ gzip:   3.06 kB
public/build/assets/Index-vOLuRBvs.js                                    9.57 kB │ gzip:   4.13 kB
public/build/assets/Edit-CScT4Vju.js                                     9.62 kB │ gzip:   3.99 kB
public/build/assets/reimbursement-DohgOGLb.js                            9.65 kB │ gzip:   3.76 kB
public/build/assets/module-DfHUqBFA.js                                   9.65 kB │ gzip:   4.29 kB
public/build/assets/index-Dme3JPnk.js                                    9.66 kB │ gzip:   4.08 kB
public/build/assets/family-tree-C0qgxwV1.js                              9.68 kB │ gzip:   3.65 kB
public/build/assets/create-BbUMzQZz.js                                   9.69 kB │ gzip:   4.06 kB
public/build/assets/Index-YVJniK1l.js                                    9.69 kB │ gzip:   4.01 kB
public/build/assets/upload-D8AS75jE.js                                   9.70 kB │ gzip:   4.05 kB
public/build/assets/Mapping--gruTbQp.js                                  9.72 kB │ gzip:   4.17 kB
public/build/assets/show-DqgpJZ5W.js                                     9.73 kB │ gzip:   3.87 kB
public/build/assets/stream-item-B_huzSqx.js                              9.74 kB │ gzip:   3.61 kB
public/build/assets/reviews-B_2lRaxm.js                                  9.74 kB │ gzip:   4.36 kB
public/build/assets/linked-operational-evidence-C27KT-Z3.js              9.78 kB │ gzip:   3.16 kB
public/build/assets/retention-CiuM1V2e.js                                9.78 kB │ gzip:   3.92 kB
public/build/assets/_food-meal-preferences-DT-n-Gk_.js                   9.82 kB │ gzip:   3.80 kB
public/build/assets/respond-B5m-C0Gd.js                                  9.82 kB │ gzip:   4.28 kB
public/build/assets/ComplianceStatus-DFAv0Wb3.js                         9.82 kB │ gzip:   4.18 kB
public/build/assets/index-BDMpFNib.js                                    9.83 kB │ gzip:   4.01 kB
public/build/assets/Index-kQHWnzhQ.js                                    9.85 kB │ gzip:   4.11 kB
public/build/assets/Create-xF3Z3dAu.js                                   9.85 kB │ gzip:   3.99 kB
public/build/assets/create-BhW3pjvJ.js                                   9.88 kB │ gzip:   4.08 kB
public/build/assets/Logs-Bv6VgIUR.js                                     9.91 kB │ gzip:   4.23 kB
public/build/assets/Create-Ck90KzLr.js                                   9.91 kB │ gzip:   4.00 kB
public/build/assets/Index-luRv51m0.js                                    9.95 kB │ gzip:   4.17 kB
public/build/assets/RiskNarrative-C8Q8ZKRd.js                            9.96 kB │ gzip:   4.12 kB
public/build/assets/succession-wizards-sqGAvEbO.js                       9.98 kB │ gzip:   3.99 kB
public/build/assets/BoardMembers-DWnaI4uo.js                             9.99 kB │ gzip:   4.26 kB
public/build/assets/for-stay-DVKCq0HO.js                                10.01 kB │ gzip:   3.89 kB
public/build/assets/index-ZFrPEdgE.js                                   10.01 kB │ gzip:   4.00 kB
public/build/assets/Index-CGHniEKe.js                                   10.02 kB │ gzip:   4.13 kB
public/build/assets/pending-C0L9AdVk.js                                 10.04 kB │ gzip:   3.85 kB
public/build/assets/finance-DpLgAKA9.js                                 10.05 kB │ gzip:   3.53 kB
public/build/assets/my-calendar-CNeRa3CR.js                             10.06 kB │ gzip:   4.64 kB
public/build/assets/quick-add-task-xISRo6kw.js                          10.06 kB │ gzip:   3.83 kB
public/build/assets/Show-RQMLHJli.js                                    10.09 kB │ gzip:   4.45 kB
public/build/assets/grouped-profile-nav-BSvrMq_-.js                     10.09 kB │ gzip:   3.88 kB
public/build/assets/index-v4b6cg7x.js                                   10.10 kB │ gzip:   4.04 kB
public/build/assets/vehicle-technology-projection-b3kqkodv.js           10.10 kB │ gzip:   3.40 kB
public/build/assets/Index-DJdaGZ8O.js                                   10.10 kB │ gzip:   4.31 kB
public/build/assets/create-DuHKB9kb.js                                  10.10 kB │ gzip:   4.31 kB
public/build/assets/template-rriko1oN.js                                10.15 kB │ gzip:   4.10 kB
public/build/assets/policies-RybwvbIq.js                                10.19 kB │ gzip:   4.15 kB
public/build/assets/GovernanceTermHint-F2TapB25.js                      10.20 kB │ gzip:   4.11 kB
public/build/assets/Show-C8_ltJJH.js                                    10.20 kB │ gzip:   4.31 kB
public/build/assets/create-BJmGQezb.js                                  10.25 kB │ gzip:   4.14 kB
public/build/assets/asset-finance-technology-projection-WQf30nsb.js     10.26 kB │ gzip:   3.48 kB
public/build/assets/show-C4dYAgg7.js                                    10.26 kB │ gzip:   4.03 kB
public/build/assets/record-wizard-shared-Bb3H6ccE.js                    10.28 kB │ gzip:   3.92 kB
public/build/assets/staff-requirements-BCW6nE6g.js                      10.31 kB │ gzip:   3.82 kB
public/build/assets/legal-holds-DyNSfoqW.js                             10.32 kB │ gzip:   4.18 kB
public/build/assets/_inventory-table-CMdWcVmX.js                        10.34 kB │ gzip:   3.74 kB
public/build/assets/show-BbFq0Moi.js                                    10.35 kB │ gzip:   4.09 kB
public/build/assets/unifi-CTqqucXo.js                                   10.38 kB │ gzip:   4.14 kB
public/build/assets/Index-Z7m93fup.js                                   10.39 kB │ gzip:   4.36 kB
public/build/assets/create-DjxpiU9s.js                                  10.41 kB │ gzip:   4.28 kB
public/build/assets/ClientSummary--pZd0Etz.js                           10.43 kB │ gzip:   3.76 kB
public/build/assets/index-Dtb2J2d8.js                                   10.43 kB │ gzip:   4.35 kB
public/build/assets/Index-BaTkA_nr.js                                   10.43 kB │ gzip:   4.29 kB
public/build/assets/Show-CzrQRSbW.js                                    10.43 kB │ gzip:   3.91 kB
public/build/assets/Index-BqgO57tt.js                                   10.45 kB │ gzip:   4.29 kB
public/build/assets/saved-BOyVTcYt.js                                   10.46 kB │ gzip:   4.29 kB
public/build/assets/marketing-layout-DG2fIv9g.js                        10.47 kB │ gzip:   3.33 kB
public/build/assets/imports-DMppQibG.js                                 10.48 kB │ gzip:   3.85 kB
public/build/assets/index-BSdqeDQd.js                                   10.49 kB │ gzip:   4.13 kB
public/build/assets/Index-C7wnA-ox.js                                   10.50 kB │ gzip:   4.26 kB
public/build/assets/FundingStreamSummary-DoyQQqXz.js                    10.50 kB │ gzip:   4.32 kB
public/build/assets/show-vmo5ekZO.js                                    10.55 kB │ gzip:   3.89 kB
public/build/assets/edit-dKwbdT2k.js                                    10.56 kB │ gzip:   4.36 kB
public/build/assets/Index-COGNeJXy.js                                   10.57 kB │ gzip:   4.37 kB
public/build/assets/Index-RxdK7aZa.js                                   10.57 kB │ gzip:   4.49 kB
public/build/assets/risks-CwRCpGqc.js                                   10.58 kB │ gzip:   4.01 kB
public/build/assets/status-BUqxnNAB.js                                  10.58 kB │ gzip:   4.24 kB
public/build/assets/Index-D7ZmUvWe.js                                   10.61 kB │ gzip:   4.40 kB
public/build/assets/edit-BW4iPzYJ.js                                    10.62 kB │ gzip:   4.31 kB
public/build/assets/index-TobMCkyP.js                                   10.66 kB │ gzip:   4.76 kB
public/build/assets/modules-CnyagdKa.js                                 10.72 kB │ gzip:   4.31 kB
public/build/assets/create-DP9sMdnf.js                                  10.74 kB │ gzip:   3.67 kB
public/build/assets/compliance-BbsjRocB.js                              10.74 kB │ gzip:   4.26 kB
public/build/assets/index-CKJV-TwD.js                                   10.79 kB │ gzip:   4.24 kB
public/build/assets/tomorrow-panel-WsRxurKY.js                          10.80 kB │ gzip:   4.25 kB
public/build/assets/portal-users-5mTzTY_u.js                            10.80 kB │ gzip:   4.46 kB
public/build/assets/documents-BqveNNa0.js                               10.84 kB │ gzip:   3.84 kB
public/build/assets/_door-B2m7jivU.js                                   10.87 kB │ gzip:   3.81 kB
public/build/assets/risks-B78Gnzmw.js                                   10.90 kB │ gzip:   4.13 kB
public/build/assets/Show-BKs9uhfc.js                                    10.91 kB │ gzip:   4.23 kB
public/build/assets/work-calendar-settings-DOJYXvO7.js                  10.91 kB │ gzip:   4.32 kB
public/build/assets/Index-CxZOgUFq.js                                   10.93 kB │ gzip:   4.50 kB
public/build/assets/Changes-BNDTEet-.js                                 10.94 kB │ gzip:   4.90 kB
public/build/assets/Show-Brzz-zy6.js                                    10.99 kB │ gzip:   4.46 kB
public/build/assets/create-0xqoscvV.js                                  11.00 kB │ gzip:   4.48 kB
public/build/assets/index-ubtH2xcj.js                                   11.02 kB │ gzip:   1.52 kB
public/build/assets/handovers-hero-bkOvsG6i.js                          11.03 kB │ gzip:   4.81 kB
public/build/assets/Index-DIu16jTw.js                                   11.05 kB │ gzip:   4.61 kB
public/build/assets/Committee-DLRIynaW.js                               11.06 kB │ gzip:   4.81 kB
public/build/assets/_dialogs-BwsFgZS4.js                                11.07 kB │ gzip:   4.41 kB
public/build/assets/create-CNWrVBVI.js                                  11.09 kB │ gzip:   4.39 kB
public/build/assets/TrialBalance-NEe2wAaD.js                            11.09 kB │ gzip:   4.81 kB
public/build/assets/index-BIQ_t-Ah.js                                   11.11 kB │ gzip:   4.59 kB
public/build/assets/photos-CoCpyIqE.js                                  11.13 kB │ gzip:   4.57 kB
public/build/assets/breaches-C0hHrizo.js                                11.14 kB │ gzip:   4.41 kB
public/build/assets/vendors-udAxTPc_.js                                 11.16 kB │ gzip:   3.65 kB
public/build/assets/index-Crnm_c7F.js                                   11.16 kB │ gzip:   4.03 kB
public/build/assets/clock-out-wizard-DpIBIUWq.js                        11.18 kB │ gzip:   4.50 kB
public/build/assets/summary-CmzAi9WC.js                                 11.19 kB │ gzip:   4.12 kB
public/build/assets/timeline-BFvA_kM7.js                                11.20 kB │ gzip:   4.80 kB
public/build/assets/index-Ct0LBZ6w.js                                   11.23 kB │ gzip:   4.36 kB
public/build/assets/broadcast-show-BeiI-dVE.js                          11.26 kB │ gzip:   4.12 kB
public/build/assets/show-supervision-D5dpUKeJ.js                        11.27 kB │ gzip:   4.27 kB
public/build/assets/cards-view-q0sDT92K.js                              11.27 kB │ gzip:   4.22 kB
public/build/assets/privacy-action-modal-BJa6Wz9C.js                    11.30 kB │ gzip:   4.44 kB
public/build/assets/CheckShift-BrC-EbAi.js                              11.32 kB │ gzip:   4.79 kB
public/build/assets/dashboard-tabs-ugZx_Tsw.js                          11.32 kB │ gzip:   4.23 kB
public/build/assets/Edit-CYyPpnKM.js                                    11.33 kB │ gzip:   4.57 kB
public/build/assets/Index-CBU8QZj2.js                                   11.33 kB │ gzip:   4.69 kB
public/build/assets/notifications-LeEPqsD5.js                           11.35 kB │ gzip:   4.21 kB
public/build/assets/Index-BImtLHtt.js                                   11.38 kB │ gzip:   4.73 kB
public/build/assets/Index-BBW0pHAX.js                                   11.40 kB │ gzip:   4.59 kB
public/build/assets/Matrix-j-i7A3K7.js                                  11.42 kB │ gzip:   4.87 kB
public/build/assets/wizard-configs-BxHXkrZ6.js                          11.42 kB │ gzip:   3.51 kB
public/build/assets/visit-requests-BGMr9zHc.js                          11.42 kB │ gzip:   4.63 kB
public/build/assets/leave-hub-parts-CvxK06D7.js                         11.45 kB │ gzip:   4.22 kB
public/build/assets/surveys-DjMwt99m.js                                 11.45 kB │ gzip:   4.54 kB
public/build/assets/index-DR8buFHC.js                                   11.46 kB │ gzip:   4.69 kB
public/build/assets/price-book-dialog-BM-NX4ex.js                       11.47 kB │ gzip:   4.59 kB
public/build/assets/quote-dialog-CaeZuIss.js                            11.49 kB │ gzip:   4.65 kB
public/build/assets/Create-D9MAGd9S.js                                  11.49 kB │ gzip:   4.50 kB
public/build/assets/create-CbDN7kLz.js                                  11.51 kB │ gzip:   4.79 kB
public/build/assets/Index-DCgzpYnj.js                                   11.52 kB │ gzip:   5.15 kB
public/build/assets/workers-02XykClM.js                                 11.54 kB │ gzip:   4.40 kB
public/build/assets/Trends-BW3xnXC8.js                                  11.55 kB │ gzip:   5.01 kB
public/build/assets/index-C2cgsoET.js                                   11.57 kB │ gzip:   4.60 kB
public/build/assets/documents-PSxdviwN.js                               11.59 kB │ gzip:   4.11 kB
public/build/assets/Index-BEnffxuv.js                                   11.61 kB │ gzip:   4.83 kB
public/build/assets/overview-panels-BJ1UpHBT.js                         11.63 kB │ gzip:   4.66 kB
public/build/assets/index-Cbn9V8sc.js                                   11.63 kB │ gzip:   4.22 kB
public/build/assets/Show-BZD3Bt0U.js                                    11.66 kB │ gzip:   5.14 kB
public/build/assets/dpia-CkUVUnhx.js                                    11.66 kB │ gzip:   4.47 kB
public/build/assets/_dialogs-BUUfWNB0.js                                11.68 kB │ gzip:   4.74 kB
public/build/assets/show-yWs8kxn3.js                                    11.70 kB │ gzip:   5.02 kB
public/build/assets/show-D7doH_V3.js                                    11.80 kB │ gzip:   4.45 kB
public/build/assets/task-DQ3Kjdw1.js                                    11.83 kB │ gzip:   4.86 kB
public/build/assets/Dashboard-DlmpOWkH.js                               11.83 kB │ gzip:   5.07 kB
public/build/assets/Index-CuXOL9kF.js                                   11.86 kB │ gzip:   4.89 kB
public/build/assets/templates-BBOgQ92H.js                               11.86 kB │ gzip:   4.85 kB
public/build/assets/rehire-wizard-B-qRYLfJ.js                           11.87 kB │ gzip:   4.49 kB
public/build/assets/_dialogs-hmj7MSvP.js                                11.88 kB │ gzip:   4.47 kB
public/build/assets/Index-BkSLITHt.js                                   11.90 kB │ gzip:   4.63 kB
public/build/assets/Index-DZs1Gjhg.js                                   11.91 kB │ gzip:   5.20 kB
public/build/assets/Index-BxkYkVVM.js                                   11.91 kB │ gzip:   5.14 kB
public/build/assets/community-access-WmL-Cgwe.js                        11.92 kB │ gzip:   4.82 kB
public/build/assets/shift-list-view-CAEoEduF.js                         11.94 kB │ gzip:   4.71 kB
public/build/assets/alerts-config-BozY8x5L.js                           11.94 kB │ gzip:   4.58 kB
public/build/assets/Index-DUyCqP88.js                                   11.96 kB │ gzip:   5.19 kB
public/build/assets/Index-jYYLRGDB.js                                   11.96 kB │ gzip:   5.24 kB
public/build/assets/log-notifiable-dialog-QVvpWCfF.js                   11.97 kB │ gzip:   4.40 kB
public/build/assets/Prepare-DFed6LDB.js                                 11.97 kB │ gzip:   4.90 kB
public/build/assets/healthcare-devices-CEfaRduY.js                      11.99 kB │ gzip:   4.18 kB
public/build/assets/apply-BQB5AAuh.js                                   12.00 kB │ gzip:   4.56 kB
public/build/assets/performance-hero-Bck37Bgb.js                        12.00 kB │ gzip:   3.84 kB
public/build/assets/create-template-Zev7x65f.js                         12.02 kB │ gzip:   4.80 kB
public/build/assets/sign-DEbENYcB.js                                    12.05 kB │ gzip:   4.75 kB
public/build/assets/profile-Dhy_6GTk.js                                 12.05 kB │ gzip:   4.93 kB
public/build/assets/page-hero--1uWbgxY.js                               12.05 kB │ gzip:   4.64 kB
public/build/assets/AgedReport--5pozt0S.js                              12.07 kB │ gzip:   5.43 kB
public/build/assets/protocol-form-DCVQhhGr.js                           12.08 kB │ gzip:   4.40 kB
public/build/assets/ppe-wizard-D5kn7BR_.js                              12.15 kB │ gzip:   4.97 kB
public/build/assets/assignments-Bx676T1q.js                             12.16 kB │ gzip:   4.89 kB
public/build/assets/Index-C_YtCUba.js                                   12.17 kB │ gzip:   5.10 kB
public/build/assets/index-DTYFJEmN.js                                   12.18 kB │ gzip:   4.66 kB
public/build/assets/it-ticket-comment-contract-BBENTCa7.js              12.19 kB │ gzip:   3.96 kB
public/build/assets/cards-view-Dy2J36ta.js                              12.20 kB │ gzip:   4.47 kB
public/build/assets/Index-CK85yNnb.js                                   12.21 kB │ gzip:   4.97 kB
public/build/assets/_request-dialog-BLWODO-Y.js                         12.25 kB │ gzip:   4.61 kB
public/build/assets/_builder-dialog-Cs3oKJOw.js                         12.27 kB │ gzip:   4.90 kB
public/build/assets/BalanceSheet-D-P8L2jn.js                            12.28 kB │ gzip:   5.14 kB
public/build/assets/Index-B_bTtr_x.js                                   12.31 kB │ gzip:   5.25 kB
public/build/assets/index-BB6gs1Xc.js                                   12.32 kB │ gzip:   5.02 kB
public/build/assets/stocktakes-DFh7jkPc.js                              12.32 kB │ gzip:   4.49 kB
public/build/assets/medications-To4q5cBJ.js                             12.35 kB │ gzip:   4.47 kB
public/build/assets/Index-L7xQIh70.js                                   12.35 kB │ gzip:   4.88 kB
public/build/assets/Index-DSZiH7Et.js                                   12.38 kB │ gzip:   5.08 kB
public/build/assets/index-CHBSiQ67.js                                   12.39 kB │ gzip:   4.47 kB
public/build/assets/donor-fund-dialog-BB2dVpo5.js                       12.42 kB │ gzip:   4.45 kB
public/build/assets/time-CHKJwaLm.js                                    12.42 kB │ gzip:   5.28 kB
public/build/assets/index-CaeQLks6.js                                   12.43 kB │ gzip:   5.11 kB
public/build/assets/pricing-MF44JTPs.js                                 12.44 kB │ gzip:   3.70 kB
public/build/assets/index-D9F1S-KC.js                                   12.45 kB │ gzip:   5.35 kB
public/build/assets/edit-CdBPc9Ws.js                                    12.47 kB │ gzip:   4.92 kB
public/build/assets/Index-CAwGXl6U.js                                   12.48 kB │ gzip:   5.41 kB
public/build/assets/create-JD5oMjGj.js                                  12.48 kB │ gzip:   4.86 kB
public/build/assets/index-DQv4h3_p.js                                   12.49 kB │ gzip:   4.74 kB
public/build/assets/log-obligation-dialog-Bs0i7gq1.js                   12.49 kB │ gzip:   4.70 kB
public/build/assets/facilities-BbWyuDt4.js                              12.49 kB │ gzip:   5.21 kB
public/build/assets/index-BmwiTp3u.js                                   12.50 kB │ gzip:   4.85 kB
public/build/assets/Index-BFqUA1ZL.js                                   12.51 kB │ gzip:   5.39 kB
public/build/assets/head-office-CIhBKOkM.js                             12.51 kB │ gzip:   5.29 kB
public/build/assets/requests-C-Z2-DE4.js                                12.52 kB │ gzip:   4.81 kB
public/build/assets/specialist-workspace-header-WASEnhCo.js             12.57 kB │ gzip:   5.56 kB
public/build/assets/_dialogs-DZnieKJ2.js                                12.57 kB │ gzip:   5.33 kB
public/build/assets/index-CkZDWkv-.js                                   12.61 kB │ gzip:   4.47 kB
public/build/assets/index-Dr06g4oJ.js                                   12.65 kB │ gzip:   4.83 kB
public/build/assets/edit-jNN13qZp.js                                    12.65 kB │ gzip:   4.79 kB
public/build/assets/index-CqfGzlhy.js                                   12.66 kB │ gzip:   5.23 kB
public/build/assets/Trends-D0nCOWSC.js                                  12.67 kB │ gzip:   5.22 kB
public/build/assets/geofence-draw-map-CA8k5Txg.js                       12.68 kB │ gzip:   4.87 kB
public/build/assets/Assignments-2lOGSljT.js                             12.70 kB │ gzip:   5.33 kB
public/build/assets/Diff-DiYd0LSX.js                                    12.70 kB │ gzip:   5.47 kB
public/build/assets/index-D8XHG9tU.js                                   12.71 kB │ gzip:   4.63 kB
public/build/assets/health-BL3UH9ZT.js                                  12.75 kB │ gzip:   4.33 kB
public/build/assets/Review-B0GHwGlJ.js                                  12.75 kB │ gzip:   4.67 kB
public/build/assets/new-po-dialog-kzXWKw9U.js                           12.75 kB │ gzip:   4.80 kB
public/build/assets/show-B0Ca99u9.js                                    12.76 kB │ gzip:   4.80 kB
public/build/assets/show-CJjyrRQd.js                                    12.77 kB │ gzip:   4.54 kB
public/build/assets/index-Dxzmv98t.js                                   12.77 kB │ gzip:   5.01 kB
public/build/assets/builder-GGDFLCZA.js                                 12.81 kB │ gzip:   4.89 kB
public/build/assets/Index-D-mDSCvc.js                                   12.82 kB │ gzip:   4.78 kB
public/build/assets/Show-BWbcyEq7.js                                    12.85 kB │ gzip:   4.90 kB
public/build/assets/ProfitAndLoss-035VsDXw.js                           12.86 kB │ gzip:   5.17 kB
public/build/assets/ppe-action-dialogs-D15lzDf6.js                      12.87 kB │ gzip:   4.36 kB
public/build/assets/Index-CkzeQd6v.js                                   12.88 kB │ gzip:   5.53 kB
public/build/assets/Index-CdjVJyaa.js                                   12.88 kB │ gzip:   5.60 kB
public/build/assets/Index-Bv6gHnUR.js                                   12.94 kB │ gzip:   5.66 kB
public/build/assets/privacy-D4mz754q.js                                 12.98 kB │ gzip:   3.80 kB
public/build/assets/index-MeN5rqJz.js                                   13.02 kB │ gzip:   5.46 kB
public/build/assets/Dashboard-DwVITSdS.js                               13.07 kB │ gzip:   5.46 kB
public/build/assets/Show-CLO_sNIg.js                                    13.09 kB │ gzip:   5.08 kB
public/build/assets/prn-wizard-Co8ziu0x.js                              13.10 kB │ gzip:   4.98 kB
public/build/assets/show-Dn54Uvh_.js                                    13.10 kB │ gzip:   4.95 kB
public/build/assets/Trends-C3vt1UyE.js                                  13.11 kB │ gzip:   5.35 kB
public/build/assets/index-B8zPG2XQ.js                                   13.12 kB │ gzip:   5.42 kB
public/build/assets/playbook-wizard-Cjp7S3PE.js                         13.16 kB │ gzip:   4.60 kB
public/build/assets/Dashboard-BsNkPGmb.js                               13.16 kB │ gzip:   4.34 kB
public/build/assets/layout-CAaGK9w4.js                                  13.19 kB │ gzip:   4.24 kB
public/build/assets/Index-knGV1DK6.js                                   13.19 kB │ gzip:   5.62 kB
public/build/assets/daily-check-DooXNX_G.js                             13.21 kB │ gzip:   5.34 kB
public/build/assets/Create-Ds13-I1S.js                                  13.22 kB │ gzip:   5.57 kB
public/build/assets/calendar-BNigC5XB.js                                13.22 kB │ gzip:   5.27 kB
public/build/assets/plans-DzUCyI4f.js                                   13.23 kB │ gzip:   5.35 kB
public/build/assets/site-detail-CPprLJOa.js                             13.23 kB │ gzip:   4.50 kB
public/build/assets/alerts-events-Cn21w8qC.js                           13.25 kB │ gzip:   5.59 kB
public/build/assets/Index-4pksQygu.js                                   13.27 kB │ gzip:   5.62 kB
public/build/assets/show-DPjdu15U.js                                    13.28 kB │ gzip:   5.12 kB
public/build/assets/reviews-B-C6a11q.js                                 13.31 kB │ gzip:   5.14 kB
public/build/assets/Index-DpGGcDs2.js                                   13.31 kB │ gzip:   5.56 kB
public/build/assets/messaging-_7tTgFFx.js                               13.33 kB │ gzip:   4.72 kB
public/build/assets/pre-check-DXiGlNvV.js                               13.34 kB │ gzip:   5.01 kB
public/build/assets/goals-path-BDa8okRw.js                              13.35 kB │ gzip:   5.34 kB
public/build/assets/_dialogs-ibUI4BsA.js                                13.39 kB │ gzip:   4.86 kB
public/build/assets/create-CzWl0GRH.js                                  13.39 kB │ gzip:   5.20 kB
public/build/assets/_dialogs-Doj-e20i.js                                13.39 kB │ gzip:   5.61 kB
public/build/assets/HealthMonitoring-D8d-_5-Q.js                        13.40 kB │ gzip:   4.88 kB
public/build/assets/Index-DdwX9K8G.js                                   13.44 kB │ gzip:   5.87 kB
public/build/assets/_audit-dialog-uYk7k5Mk.js                           13.46 kB │ gzip:   5.40 kB
public/build/assets/timesheet-review-DGibZKtC.js                        13.46 kB │ gzip:   5.02 kB
public/build/assets/_ledger-panel-DVoU7QEJ.js                           13.46 kB │ gzip:   4.24 kB
public/build/assets/unassign-make-open-dialog-yXpTyWUm.js               13.47 kB │ gzip:   5.09 kB
public/build/assets/about-DAPk5Q7N.js                                   13.50 kB │ gzip:   3.48 kB
public/build/assets/houses-Dx-I2ymi.js                                  13.55 kB │ gzip:   5.66 kB
public/build/assets/digest-panel-DGV9RILx.js                            13.56 kB │ gzip:   4.79 kB
public/build/assets/expenses-C1xjW8jA.js                                13.57 kB │ gzip:   5.24 kB
public/build/assets/index-Bb1appVG.js                                   13.57 kB │ gzip:   5.79 kB
public/build/assets/edit-template-u7MUHojM.js                           13.58 kB │ gzip:   5.47 kB
public/build/assets/client-BOGItuT7.js                                  13.61 kB │ gzip:   3.89 kB
public/build/assets/Index-BNy3a-jL.js                                   13.62 kB │ gzip:   5.89 kB
public/build/assets/my-day-hero-B1YPbZba.js                             13.65 kB │ gzip:   5.95 kB
public/build/assets/MyInterests-HO5JJhHs.js                             13.68 kB │ gzip:   5.80 kB
public/build/assets/Index-DzApeYwe.js                                   13.69 kB │ gzip:   5.97 kB
public/build/assets/_dialogs-zdIjBzg7.js                                13.70 kB │ gzip:   5.13 kB
public/build/assets/terminology-Bai5NyGI.js                             13.71 kB │ gzip:   4.21 kB
public/build/assets/documents-BX6DoiwK.js                               13.72 kB │ gzip:   5.48 kB
public/build/assets/by-house--Hb4CiRS.js                                13.72 kB │ gzip:   4.85 kB
public/build/assets/Index-C49oUMsn.js                                   13.79 kB │ gzip:   5.82 kB
public/build/assets/Index-CH5pZc_3.js                                   13.82 kB │ gzip:   5.47 kB
public/build/assets/Index-BnmFyQaj.js                                   13.85 kB │ gzip:   5.60 kB
public/build/assets/Committee-Dz1GDKCQ.js                               13.86 kB │ gzip:   6.01 kB
public/build/assets/_recipe-edit-dialog-BnoOQ99T.js                     13.90 kB │ gzip:   4.69 kB
public/build/assets/timeline-tab-CUMdRWIT.js                            13.94 kB │ gzip:   4.93 kB
public/build/assets/Show-CMvwUifp.js                                    14.00 kB │ gzip:   6.03 kB
public/build/assets/map-DYl3lzUU.js                                     14.00 kB │ gzip:   5.82 kB
public/build/assets/create-CFhHyZoS.js                                  14.05 kB │ gzip:   5.36 kB
public/build/assets/show-CR09Pu7S.js                                    14.09 kB │ gzip:   5.08 kB
public/build/assets/show-B7TI65mI.js                                    14.12 kB │ gzip:   4.74 kB
public/build/assets/holidays-BNyYpoD_.js                                14.12 kB │ gzip:   5.77 kB
public/build/assets/Show-CUwhWmf5.js                                    14.12 kB │ gzip:   5.52 kB
public/build/assets/Attestations-VNfDLp96.js                            14.12 kB │ gzip:   5.82 kB
public/build/assets/index-CnmnM8uw.js                                   14.16 kB │ gzip:   5.39 kB
public/build/assets/Index-BShyysu6.js                                   14.20 kB │ gzip:   6.22 kB
public/build/assets/audit-log-CYblkiQl.js                               14.21 kB │ gzip:   5.75 kB
public/build/assets/_dialog-shared-Dk5QTmAS.js                          14.22 kB │ gzip:   5.46 kB
public/build/assets/date-picker-CPpWogk-.js                             14.23 kB │ gzip:   5.47 kB
public/build/assets/new-vendor-dialog-_-jHHLgP.js                       14.25 kB │ gzip:   4.76 kB
public/build/assets/Terminals-C94jlx2x.js                               14.31 kB │ gzip:   5.93 kB
public/build/assets/task-detail-dialog-BT0aYX4b.js                      14.34 kB │ gzip:   4.80 kB
public/build/assets/Statements-B9qZjw38.js                              14.39 kB │ gzip:   5.89 kB
public/build/assets/trends-ERCL7on1.js                                  14.40 kB │ gzip:   4.83 kB
public/build/assets/Index-BTLqatj3.js                                   14.41 kB │ gzip:   6.18 kB
public/build/assets/workflow-Bh3BcUen.js                                14.41 kB │ gzip:   5.91 kB
public/build/assets/survey-BMJ4a3BR.js                                  14.44 kB │ gzip:   4.77 kB
public/build/assets/index-BFBkwlQo.js                                   14.45 kB │ gzip:   5.38 kB
public/build/assets/Index-BAKzBdXw.js                                   14.47 kB │ gzip:   6.20 kB
public/build/assets/mar-Co8gjTn-.js                                     14.48 kB │ gzip:   3.92 kB
public/build/assets/Create-CwP4gH9G.js                                  14.48 kB │ gzip:   5.67 kB
public/build/assets/Index-CejOplIw.js                                   14.49 kB │ gzip:   6.40 kB
public/build/assets/Index-D_2ahJGN.js                                   14.51 kB │ gzip:   6.04 kB
public/build/assets/global-vp3z8nMc.js                                  14.59 kB │ gzip:   5.53 kB
public/build/assets/Financials-DK6ulZi3.js                              14.61 kB │ gzip:   5.75 kB
public/build/assets/_commercial-gPMZo38a.js                             14.62 kB │ gzip:   5.37 kB
public/build/assets/_dialogs-CDGFtWjw.js                                14.63 kB │ gzip:   5.81 kB
public/build/assets/index-09SC8KsY.js                                   14.64 kB │ gzip:   5.56 kB
public/build/assets/matrix-B8G-oG0U.js                                  14.74 kB │ gzip:   5.93 kB
public/build/assets/record-evidence-dialog-Dn5PBPQ5.js                  14.75 kB │ gzip:   5.97 kB
public/build/assets/_dialogs-BStGXkyR.js                                14.75 kB │ gzip:   5.61 kB
public/build/assets/show-Dy2xy81a.js                                    14.76 kB │ gzip:   5.72 kB
public/build/assets/my-tasks-DgP2amjw.js                                14.76 kB │ gzip:   5.78 kB
public/build/assets/run-C54zez1M.js                                     14.76 kB │ gzip:   5.47 kB
public/build/assets/index-BayZpI1f.js                                   14.77 kB │ gzip:   6.14 kB
public/build/assets/playback-Bcasmd-7.js                                14.79 kB │ gzip:   5.82 kB
public/build/assets/index-RLvc9Gh9.js                                   14.79 kB │ gzip:   5.80 kB
public/build/assets/Show-DBpOuyb3.js                                    14.82 kB │ gzip:   5.88 kB
public/build/assets/new-bill-dialog-d467ijSK.js                         14.83 kB │ gzip:   5.31 kB
public/build/assets/Show-DLmoFMoN.js                                    14.86 kB │ gzip:   6.08 kB
public/build/assets/reports-CHU6T4EX.js                                 14.91 kB │ gzip:   5.17 kB
public/build/assets/Index-Chv7qXrQ.js                                   14.95 kB │ gzip:   5.52 kB
public/build/assets/show-DkcLhvBY.js                                    14.95 kB │ gzip:   5.51 kB
public/build/assets/CashFlow-D3GhJ_Rs.js                                14.97 kB │ gzip:   5.91 kB
public/build/assets/Create-DrWB4YCw.js                                  14.98 kB │ gzip:   4.95 kB
public/build/assets/index-Dvo0qcRT.js                                   14.98 kB │ gzip:   6.04 kB
public/build/assets/Results-BSangiZK.js                                 15.02 kB │ gzip:   6.26 kB
public/build/assets/portal-users-D9lBpPRE.js                            15.03 kB │ gzip:   6.23 kB
public/build/assets/edit-ZD8gQOEM.js                                    15.08 kB │ gzip:   5.89 kB
public/build/assets/sso-groups-NJDFVvsB.js                              15.11 kB │ gzip:   5.62 kB
public/build/assets/custom-fields-Du5h8KFP.js                           15.11 kB │ gzip:   6.14 kB
public/build/assets/index-CgeO5rPu.js                                   15.14 kB │ gzip:   6.21 kB
public/build/assets/command-centre-hero-43E-9-5n.js                     15.18 kB │ gzip:   6.15 kB
public/build/assets/Show-BEJ9Dyu6.js                                    15.20 kB │ gzip:   6.41 kB
public/build/assets/overview-Dv7_vzr_.js                                15.26 kB │ gzip:   5.52 kB
public/build/assets/BatchDetail-Bz1tCWQt.js                             15.27 kB │ gzip:   5.90 kB
public/build/assets/create-BlFx6UF1.js                                  15.31 kB │ gzip:   5.59 kB
public/build/assets/terms-DbIc66Y0.js                                   15.36 kB │ gzip:   4.44 kB
public/build/assets/Index-D_Z9vPmA.js                                   15.37 kB │ gzip:   6.34 kB
public/build/assets/Roles-Cvy60oL0.js                                   15.39 kB │ gzip:   4.83 kB
public/build/assets/edit-sNc4dV7A.js                                    15.39 kB │ gzip:   6.09 kB
public/build/assets/contact-Cmw5_x5d.js                                 15.42 kB │ gzip:   4.92 kB
public/build/assets/Show-D8GExea_.js                                    15.47 kB │ gzip:   6.00 kB
public/build/assets/Index-CR6F1L_6.js                                   15.47 kB │ gzip:   6.56 kB
public/build/assets/show-DBOxW5-X.js                                    15.53 kB │ gzip:   5.82 kB
public/build/assets/record-event-dialog-B7D7J1us.js                     15.54 kB │ gzip:   5.97 kB
public/build/assets/staff-detail-C_CrVh3X.js                            15.55 kB │ gzip:   5.92 kB
public/build/assets/bonuses-CIsANeVk.js                                 15.55 kB │ gzip:   6.31 kB
public/build/assets/reports-DjuHAQEl.js                                 15.60 kB │ gzip:   5.96 kB
public/build/assets/payslips-cFWkvxn-.js                                15.62 kB │ gzip:   5.66 kB
public/build/assets/shift-detail-dialog-BXKvPknJ.js                     15.63 kB │ gzip:   6.05 kB
public/build/assets/daily-note-wizard-ub-gy5lk.js                       15.63 kB │ gzip:   4.79 kB
public/build/assets/index-BTwNSX20.js                                   15.64 kB │ gzip:   6.36 kB
public/build/assets/profile-BC1kl6Cu.js                                 15.70 kB │ gzip:   5.62 kB
public/build/assets/Index-fQRMv9b0.js                                   15.72 kB │ gzip:   6.33 kB
public/build/assets/Show-B9QXs_HZ.js                                    15.75 kB │ gzip:   6.34 kB
public/build/assets/webhooks-BIipuPbZ.js                                15.76 kB │ gzip:   5.41 kB
public/build/assets/BudgetVsActuals-yY6jRwbh.js                         15.76 kB │ gzip:   6.10 kB
public/build/assets/Heatmap-C-DxVwhw.js                                 15.86 kB │ gzip:   6.68 kB
public/build/assets/my-hr-shoutout-spotlight-BzLoWdtF.js                15.87 kB │ gzip:   5.91 kB
public/build/assets/Batches-CVDxes3U.js                                 15.88 kB │ gzip:   6.53 kB
public/build/assets/review-detail-DdVLT1lz.js                           15.89 kB │ gzip:   6.33 kB
public/build/assets/index-Dbvipmnp.js                                   15.95 kB │ gzip:   6.63 kB
public/build/assets/maintenance-health-Dh8xWVQg.js                      15.98 kB │ gzip:   6.30 kB
public/build/assets/Index-Da_ubyj-.js                                   15.99 kB │ gzip:   6.26 kB
public/build/assets/audit-DJ_r0D8p.js                                   16.04 kB │ gzip:   5.97 kB
public/build/assets/Index-BkpldVyz.js                                   16.05 kB │ gzip:   6.83 kB
public/build/assets/record-dose-wizard-thC8Fsyn.js                      16.05 kB │ gzip:   5.37 kB
public/build/assets/record-receipt-dialog-D_uSJK-e.js                   16.12 kB │ gzip:   5.59 kB
public/build/assets/index-BOEEzntk.js                                   16.14 kB │ gzip:   6.45 kB
public/build/assets/policy-wizards-D5voStOF.js                          16.17 kB │ gzip:   5.57 kB
public/build/assets/Index-DTOXf1L9.js                                   16.27 kB │ gzip:   6.84 kB
public/build/assets/matrix-1_UYHOdx.js                                  16.28 kB │ gzip:   6.33 kB
public/build/assets/appearance-BPVoScqL.js                              16.30 kB │ gzip:   5.01 kB
public/build/assets/incidents-BmRL5bQF.js                               16.32 kB │ gzip:   6.04 kB
public/build/assets/risk-management-BPGi0Op2.js                         16.35 kB │ gzip:   6.27 kB
public/build/assets/Assessments-CdcYa9uj.js                             16.39 kB │ gzip:   6.43 kB
public/build/assets/Show-COpUATMv.js                                    16.39 kB │ gzip:   6.43 kB
public/build/assets/record-abc-dialog-DxrZ0bEA.js                       16.39 kB │ gzip:   5.82 kB
public/build/assets/Index-CCj0vHwL.js                                   16.41 kB │ gzip:   6.35 kB
public/build/assets/breaches-Bd-66rb2.js                                16.42 kB │ gzip:   5.76 kB
public/build/assets/RunResults-ByPb-haU.js                              16.44 kB │ gzip:   6.18 kB
public/build/assets/index-CHHz9-gz.js                                   16.48 kB │ gzip:   6.61 kB
public/build/assets/show-BMz-_eWo.js                                    16.49 kB │ gzip:   6.59 kB
public/build/assets/Settings-emhRMefs.js                                16.55 kB │ gzip:   6.22 kB
public/build/assets/show-BYQ9wIUc.js                                    16.56 kB │ gzip:   5.62 kB
public/build/assets/Show-BugXU-Kl.js                                    16.59 kB │ gzip:   6.54 kB
public/build/assets/notification-defaults-m5prkwYL.js                   16.62 kB │ gzip:   5.92 kB
public/build/assets/index-_F0OqB-_.js                                   16.66 kB │ gzip:   6.50 kB
public/build/assets/Index-Bmj1exsp.js                                   16.68 kB │ gzip:   6.63 kB
public/build/assets/observations-0FZcSq9s.js                            16.70 kB │ gzip:   6.21 kB
public/build/assets/location-D0MXhyaj.js                                16.73 kB │ gzip:   6.02 kB
public/build/assets/Show-BF9nK0yo.js                                    16.81 kB │ gzip:   6.96 kB
public/build/assets/charts-BrPQ1qSK.js                                  16.83 kB │ gzip:   5.56 kB
public/build/assets/Protocols-CUaAeOdg.js                               16.86 kB │ gzip:   6.24 kB
public/build/assets/documents-Bq2hn7Zj.js                               16.86 kB │ gzip:   6.67 kB
public/build/assets/leave-DAUHIgnv.js                                   16.88 kB │ gzip:   7.07 kB
public/build/assets/Index-BDM7fzOD.js                                   16.88 kB │ gzip:   6.92 kB
public/build/assets/Show-BYeiLIWW.js                                    16.88 kB │ gzip:   5.83 kB
public/build/assets/Index-SVegbZwO.js                                   16.89 kB │ gzip:   6.96 kB
public/build/assets/note-detail-dialog-DCqZnOi8.js                      16.91 kB │ gzip:   5.79 kB
public/build/assets/api-BLO8iKBw.js                                     16.93 kB │ gzip:   5.17 kB
public/build/assets/Index-D15ABBWf.js                                   16.99 kB │ gzip:   6.67 kB
public/build/assets/cost-allocation-JKTTpbMP.js                         17.07 kB │ gzip:   6.12 kB
public/build/assets/leaflet-map-DMVfD072.js                             17.11 kB │ gzip:   6.08 kB
public/build/assets/edit-KcOl1Uyh.js                                    17.11 kB │ gzip:   6.33 kB
public/build/assets/family-notes-BIWb8x0Y.js                            17.12 kB │ gzip:   6.36 kB
public/build/assets/index-G_I0eFBr.js                                   17.12 kB │ gzip:   6.69 kB
public/build/assets/Index-CTSNl6p8.js                                   17.16 kB │ gzip:   6.20 kB
public/build/assets/Index-BOgC5gAv.js                                   17.21 kB │ gzip:   7.10 kB
public/build/assets/create-BULHtfVh.js                                  17.21 kB │ gzip:   6.02 kB
public/build/assets/maintenance-CeHO1AUP.js                             17.29 kB │ gzip:   6.48 kB
public/build/assets/leave-hub-tabs-C0AqNZJt.js                          17.30 kB │ gzip:   5.81 kB
public/build/assets/_dialogs-qzFe2pat.js                                17.31 kB │ gzip:   6.48 kB
public/build/assets/worklists-CGQjr78a.js                               17.31 kB │ gzip:   5.87 kB
public/build/assets/Index-CGqIW6PI.js                                   17.34 kB │ gzip:   7.23 kB
public/build/assets/week-picker-C4YSxLe_.js                             17.40 kB │ gzip:   6.73 kB
public/build/assets/view-timesheet-dialog-BNSGy52h.js                   17.49 kB │ gzip:   4.84 kB
public/build/assets/handover-detail-dialog-BN_BzRuH.js                  17.50 kB │ gzip:   5.94 kB
public/build/assets/Index-hwYQM1bn.js                                   17.63 kB │ gzip:   7.49 kB
public/build/assets/index-DF4AWWcV.js                                   17.63 kB │ gzip:   6.72 kB
public/build/assets/index-BhDED_6e.js                                   17.64 kB │ gzip:   5.93 kB
public/build/assets/_overview-dialogs-B19adrB7.js                       17.65 kB │ gzip:   5.35 kB
public/build/assets/show-r6BL_tIn.js                                    17.71 kB │ gzip:   4.44 kB
public/build/assets/edit-w0-9AHAn.js                                    17.87 kB │ gzip:   6.46 kB
public/build/assets/substance-wizard-dialog-R0Sin1gG.js                 17.90 kB │ gzip:   6.30 kB
public/build/assets/index-CKRMlWnz.js                                   17.90 kB │ gzip:   6.91 kB
public/build/assets/show-jpAcO7W5.js                                    17.91 kB │ gzip:   6.41 kB
public/build/assets/Index-C_Rl7TJO.js                                   17.97 kB │ gzip:   7.34 kB
public/build/assets/security-BKbwhTP7.js                                17.99 kB │ gzip:   6.22 kB
public/build/assets/reports-CkWC-Sxr.js                                 18.01 kB │ gzip:   6.33 kB
public/build/assets/Show-CrGyMvlF.js                                    18.02 kB │ gzip:   6.09 kB
public/build/assets/Index-NgUIHCIR.js                                   18.02 kB │ gzip:   7.31 kB
public/build/assets/show-DAexC2T2.js                                    18.02 kB │ gzip:   6.64 kB
public/build/assets/show-DDkf-yGz.js                                    18.03 kB │ gzip:   6.58 kB
public/build/assets/index-Btv0s268.js                                   18.07 kB │ gzip:   2.18 kB
public/build/assets/health-clinical-shell-Dbrme3dq.js                   18.07 kB │ gzip:   7.17 kB
public/build/assets/index-DwA34Bs4.js                                   18.07 kB │ gzip:   4.73 kB
public/build/assets/shift-coverage-CY1ADnz4.js                          18.17 kB │ gzip:   6.43 kB
public/build/assets/Show-jsw2XS23.js                                    18.20 kB │ gzip:   7.00 kB
public/build/assets/Show-C9BSPT0N.js                                    18.21 kB │ gzip:   7.35 kB
public/build/assets/daily-notes-wqxscWVV.js                             18.21 kB │ gzip:   6.72 kB
public/build/assets/_dialogs-BocebDcH.js                                18.24 kB │ gzip:   6.69 kB
public/build/assets/payslip-detail-CIpcipWu.js                          18.24 kB │ gzip:   6.10 kB
public/build/assets/dashboard-BHse-ukg.js                               18.25 kB │ gzip:   6.95 kB
public/build/assets/Edit-C28C0OeI.js                                    18.26 kB │ gzip:   6.97 kB
public/build/assets/book-vehicle-wizard-_l4wy1kD.js                     18.31 kB │ gzip:   5.54 kB
public/build/assets/index-B4_QwDP8.js                                   18.32 kB │ gzip:   7.21 kB
public/build/assets/Show-BVGWwRLS.js                                    18.36 kB │ gzip:   7.16 kB
public/build/assets/Show-BBuWxX7H.js                                    18.45 kB │ gzip:   7.41 kB
public/build/assets/announcement-wizard-BRjKWQdx.js                     18.46 kB │ gzip:   6.37 kB
public/build/assets/index-DEujP2ZI.js                                   18.52 kB │ gzip:   6.55 kB
public/build/assets/schedule-ClRU1ieW.js                                18.62 kB │ gzip:   6.38 kB
public/build/assets/directory-Dj8tgzUy.js                               18.62 kB │ gzip:   6.31 kB
public/build/assets/create-wizard-Bd9hvyxD.js                           18.69 kB │ gzip:   6.51 kB
public/build/assets/index-NmZlhLIu.js                                   18.71 kB │ gzip:   7.24 kB
public/build/assets/show-CGumOqZw.js                                    18.75 kB │ gzip:   6.83 kB
public/build/assets/chains-BSG2kMgB.js                                  18.79 kB │ gzip:   6.62 kB
public/build/assets/ppe-detail-dialog-7KGSrilB.js                       18.80 kB │ gzip:   6.40 kB
public/build/assets/show-review-By2vNAsM.js                             18.85 kB │ gzip:   6.82 kB
public/build/assets/_recipes-panel-IltgU3c2.js                          18.90 kB │ gzip:   6.00 kB
public/build/assets/audit-logs-DPgnwrQ8.js                              18.92 kB │ gzip:   7.16 kB
public/build/assets/_dialogs-L5FhWtZa.js                                19.07 kB │ gzip:   6.16 kB
public/build/assets/goals-wm1ENtyN.js                                   19.23 kB │ gzip:   6.68 kB
public/build/assets/integrations-CN9HCWfk.js                            19.25 kB │ gzip:   6.66 kB
public/build/assets/show-ByOWnSak.js                                    19.26 kB │ gzip:   7.11 kB
public/build/assets/edit-DsEfgU3J.js                                    19.30 kB │ gzip:   6.88 kB
public/build/assets/two-factor-CL7mE-dH.js                              19.33 kB │ gzip:   7.19 kB
public/build/assets/index-BtSN4Ckl.js                                   19.36 kB │ gzip:   6.65 kB
public/build/assets/_dialogs-Cd3o5CXi.js                                19.43 kB │ gzip:   7.21 kB
public/build/assets/escalations-BRg-Ck3g.js                             19.51 kB │ gzip:   8.14 kB
public/build/assets/_templates-panel-GwQjKHlJ.js                        19.54 kB │ gzip:   5.99 kB
public/build/assets/calendar-sync-kevCE11P.js                           19.54 kB │ gzip:   7.41 kB
public/build/assets/index-CwrfyjIM.js                                   19.56 kB │ gzip:   7.46 kB
public/build/assets/Shifts-DCIrmSeo.js                                  19.56 kB │ gzip:   7.12 kB
public/build/assets/show-Cyxxmee2.js                                    19.62 kB │ gzip:   6.80 kB
public/build/assets/training-CvFlO3c0.js                                19.64 kB │ gzip:   6.52 kB
public/build/assets/Index-ZQKIixI2.js                                   19.68 kB │ gzip:   8.21 kB
public/build/assets/show-mur7m-My.js                                    19.69 kB │ gzip:   7.45 kB
public/build/assets/Behaviour-D8NaUcxj.js                               19.81 kB │ gzip:   6.96 kB
public/build/assets/Show-C9DccKoE.js                                    19.82 kB │ gzip:   7.80 kB
public/build/assets/Show-CxKJ0hjV.js                                    19.89 kB │ gzip:   7.67 kB
public/build/assets/index-Csqb2kC_.js                                   19.92 kB │ gzip:   7.76 kB
public/build/assets/_dialogs-I1p2t5YM.js                                19.97 kB │ gzip:   7.03 kB
public/build/assets/features-CjsqE7Y0.js                                19.98 kB │ gzip:   5.23 kB
public/build/assets/Show-DBYmnQFy.js                                    20.00 kB │ gzip:   7.72 kB
public/build/assets/index-Bvg9vQNa.js                                   20.01 kB │ gzip:   7.41 kB
public/build/assets/edit-BDKFw0R9.js                                    20.21 kB │ gzip:   7.52 kB
public/build/assets/broadcast-CHqjqWjT.js                               20.27 kB │ gzip:   7.81 kB
public/build/assets/dashboard-CWPnGWtp.js                               20.30 kB │ gzip:   7.52 kB
public/build/assets/index-DYtFnu7X.js                                   20.30 kB │ gzip:   7.33 kB
public/build/assets/index-D8UUiK11.js                                   20.32 kB │ gzip:   7.07 kB
public/build/assets/stats-BN_rhfXH.js                                   20.34 kB │ gzip:   6.49 kB
public/build/assets/fixed-asset-dispose-dialog-WRUoTVkW.js              20.44 kB │ gzip:   6.68 kB
public/build/assets/show-BiAG7mk2.js                                    20.52 kB │ gzip:   7.56 kB
public/build/assets/note-wizard-CahX7EMV.js                             20.54 kB │ gzip:   6.60 kB
public/build/assets/_library-dialogs-CMlTgLAB.js                        20.59 kB │ gzip:   5.61 kB
public/build/assets/medications-BO-sk_mX.js                             20.61 kB │ gzip:   7.22 kB
public/build/assets/shifts-BzOQZHie.js                                  20.62 kB │ gzip:   6.78 kB
public/build/assets/_error-dialogs-CNMOP6eE.js                          20.68 kB │ gzip:   7.30 kB
public/build/assets/stocktake-modal-0an_C2ez.js                         20.75 kB │ gzip:   6.94 kB
public/build/assets/calendar-BSoCoYdC.js                                20.77 kB │ gzip:   6.78 kB
public/build/assets/history-BtimIUos.js                                 20.78 kB │ gzip:   7.17 kB
public/build/assets/shift-notes-dialog-Ce_oONO9.js                      20.84 kB │ gzip:   7.80 kB
public/build/assets/index-BEJFccP9.js                                   20.95 kB │ gzip:   8.31 kB
public/build/assets/Index-Dne5U_-0.js                                   20.96 kB │ gzip:   8.68 kB
public/build/assets/record-observation-dialog-Ds97OsU-.js               20.96 kB │ gzip:   8.11 kB
public/build/assets/show-y_rtl-Bh.js                                    20.97 kB │ gzip:   7.11 kB
public/build/assets/index-DEMUlhjY.js                                   21.02 kB │ gzip:   8.60 kB
public/build/assets/create-B11QmNed.js                                  21.06 kB │ gzip:   6.07 kB
public/build/assets/index-CyoqXFTq.js                                   21.10 kB │ gzip:   7.70 kB
public/build/assets/map-C75JqnlD.js                                     21.11 kB │ gzip:   6.62 kB
public/build/assets/add-device-dialog-C4R6S69V.js                       21.12 kB │ gzip:   7.34 kB
public/build/assets/balances-CrXgnOgV.js                                21.13 kB │ gzip:   8.49 kB
public/build/assets/Show-V2pn_eqR.js                                    21.19 kB │ gzip:   8.07 kB
public/build/assets/create-D3KtjVQM.js                                  21.22 kB │ gzip:   7.13 kB
public/build/assets/show-D0WumfWW.js                                    21.32 kB │ gzip:   7.52 kB
public/build/assets/show-CNlezNNl.js                                    21.36 kB │ gzip:   7.78 kB
public/build/assets/index-CmVHEQUa.js                                   21.61 kB │ gzip:   7.38 kB
public/build/assets/_dialogs-BDqNCetc.js                                21.64 kB │ gzip:   7.66 kB
public/build/assets/parts-BaQ7vG9o.js                                   21.65 kB │ gzip:   6.77 kB
public/build/assets/Events-DN7_L6s7.js                                  21.70 kB │ gzip:   7.98 kB
public/build/assets/Index-CIvBzV0l.js                                   21.73 kB │ gzip:   8.36 kB
public/build/assets/performance-wizards-DYbrtBDd.js                     21.79 kB │ gzip:   7.44 kB
public/build/assets/index-Cg8xyI-P.js                                   21.89 kB │ gzip:   8.04 kB
public/build/assets/review-builder-dialog-D9TQ9VS0.js                   21.89 kB │ gzip:   7.70 kB
public/build/assets/create-DMVJDGZr.js                                  21.89 kB │ gzip:   8.73 kB
public/build/assets/calendar-BU0SCjBR.js                                21.90 kB │ gzip:   6.85 kB
public/build/assets/edit-D_yE4GOL.js                                    21.94 kB │ gzip:   7.36 kB
public/build/assets/Index-ChA0hJp-.js                                   21.98 kB │ gzip:   8.47 kB
public/build/assets/ppe-create-wizards-BZTcr_EH.js                      22.05 kB │ gzip:   7.38 kB
public/build/assets/incidents-BW0OZxvG.js                               22.20 kB │ gzip:   8.35 kB
public/build/assets/create-BNxi-mYk.js                                  22.23 kB │ gzip:   7.42 kB
public/build/assets/home-CsXSWSW-.js                                    22.25 kB │ gzip:   5.38 kB
public/build/assets/show-BZfjaoZu.js                                    22.45 kB │ gzip:   7.40 kB
public/build/assets/leave-request-dialog-ykm8rc3q.js                    22.51 kB │ gzip:   7.53 kB
public/build/assets/Index-LNZaASAz.js                                   22.60 kB │ gzip:   8.52 kB
public/build/assets/payslips-CLKc7Ps6.js                                22.60 kB │ gzip:   6.74 kB
public/build/assets/_dialogs-a1ta-FX0.js                                22.81 kB │ gzip:   8.46 kB
public/build/assets/incidents-Bc4AOfUv.js                               22.87 kB │ gzip:   8.52 kB
public/build/assets/personal-details-yidqo3Lt.js                        22.99 kB │ gzip:   7.96 kB
public/build/assets/Show-D_bnTr1X.js                                    23.03 kB │ gzip:   8.57 kB
public/build/assets/notifications-DVypXPvC.js                           23.12 kB │ gzip:   8.29 kB
public/build/assets/Show-nphA4kPM.js                                    23.13 kB │ gzip:   7.93 kB
public/build/assets/_competency-dialogs-OrfKuG6D.js                     23.20 kB │ gzip:   7.76 kB
public/build/assets/resident-sidebar-CpIX3fgg.js                        23.21 kB │ gzip:   8.32 kB
public/build/assets/Index-hQNAivev.js                                   23.29 kB │ gzip:   7.73 kB
public/build/assets/index-qMKl9W1M.js                                   23.32 kB │ gzip:   8.09 kB
public/build/assets/Show-C1UkEIoY.js                                    23.39 kB │ gzip:   8.59 kB
public/build/assets/unifi-B19qNifM.js                                   23.43 kB │ gzip:   7.13 kB
public/build/assets/show-Cq8g9Kzn.js                                    23.46 kB │ gzip:   7.65 kB
public/build/assets/create-wizard-DeflEa8h.js                           23.48 kB │ gzip:   8.18 kB
public/build/assets/Show-9eyx566b.js                                    23.50 kB │ gzip:   8.99 kB
public/build/assets/Index-Df0P0B3h.js                                   23.75 kB │ gzip:   9.23 kB
public/build/assets/one-DRnTkq1M.js                                     23.95 kB │ gzip:   8.28 kB
public/build/assets/_dialogs-CoHXuHii.js                                23.99 kB │ gzip:   8.98 kB
public/build/assets/analytics-charts-B2wiQlSL.js                        24.03 kB │ gzip:   6.47 kB
public/build/assets/Index-BzqWIaWt.js                                   24.19 kB │ gzip:   8.53 kB
public/build/assets/page-hero-CCHl9GSi.js                               24.23 kB │ gzip:   7.28 kB
public/build/assets/Create-Bo6fMZF9.js                                  24.24 kB │ gzip:   7.94 kB
public/build/assets/ResolutionResultCard-BN8Rfe2N.js                    24.31 kB │ gzip:   8.94 kB
public/build/assets/mar-governance-dialogs-CNgFagdz.js                  24.32 kB │ gzip:   7.56 kB
public/build/assets/automations-DomET07d.js                             24.75 kB │ gzip:   7.61 kB
public/build/assets/restraint-event-wizard-Ssxof1On.js                  24.76 kB │ gzip:   8.04 kB
public/build/assets/Show-CXTDU1lC.js                                    24.76 kB │ gzip:  10.01 kB
public/build/assets/show-CF6wrYd4.js                                    24.79 kB │ gzip:   7.82 kB
public/build/assets/governance-labels-CJgR2U5s.js                       24.81 kB │ gzip:   8.17 kB
public/build/assets/Show-C2zYn8_y.js                                    24.92 kB │ gzip:   8.76 kB
public/build/assets/Show-JEqwS90S.js                                    25.00 kB │ gzip:   9.64 kB
public/build/assets/Reconcile-_IhleSPs.js                               25.03 kB │ gzip:   8.88 kB
public/build/assets/_review-dialogs-Dkg4S_-1.js                         25.05 kB │ gzip:   7.97 kB
public/build/assets/index-CeG88Og8.js                                   25.07 kB │ gzip:   8.19 kB
public/build/assets/objective-wizard-Wsz8JLrK.js                        25.18 kB │ gzip:   7.13 kB
public/build/assets/Medications-DsA_KciN.js                             25.25 kB │ gzip:   9.18 kB
public/build/assets/Index-DBCGSLNi.js                                   25.42 kB │ gzip:   7.88 kB
public/build/assets/Show-D2L_94YP.js                                    25.43 kB │ gzip:   9.76 kB
public/build/assets/sso-CZRJMEll.js                                     25.52 kB │ gzip:   7.98 kB
public/build/assets/index-CRtzMEhs.js                                   25.53 kB │ gzip:   9.66 kB
public/build/assets/index-Bm3S4cvS.js                                   25.53 kB │ gzip:   8.91 kB
public/build/assets/it-mailbox-CxiOSwfv.js                              25.64 kB │ gzip:   8.72 kB
public/build/assets/milesight-Cqklx3Wi.js                               25.89 kB │ gzip:   8.51 kB
public/build/assets/create-offer-DTGZ0AQl.js                            25.93 kB │ gzip:   8.82 kB
public/build/assets/dashboard-DiSTSf-e.js                               26.06 kB │ gzip:   8.06 kB
public/build/assets/vendor-utils-Dr6D9L7d.js                            26.13 kB │ gzip:   8.47 kB
public/build/assets/Index-BEucSwqC.js                                   26.17 kB │ gzip:   9.74 kB
public/build/assets/record-assessment-dialog-BIfTVXuO.js                26.21 kB │ gzip:   9.52 kB
public/build/assets/documents-wizards-rRo3WEje.js                       26.26 kB │ gzip:   9.26 kB
public/build/assets/show-DyAhfkpK.js                                    26.34 kB │ gzip:   8.97 kB
public/build/assets/_dialogs-B-8Yq-AE.js                                26.35 kB │ gzip:   8.34 kB
public/build/assets/index-CWRGgZZI.js                                   26.36 kB │ gzip:   9.01 kB
public/build/assets/transport-medication-dialogs-BQvfUw7v.js            26.38 kB │ gzip:   6.09 kB
public/build/assets/show-D_TW2Ad1.js                                    26.53 kB │ gzip:   7.66 kB
public/build/assets/Handovers-C5kQFjw5.js                               26.68 kB │ gzip:  10.42 kB
public/build/assets/_workspace-dialogs-BBcDvnLY.js                      26.83 kB │ gzip:   8.78 kB
public/build/assets/create-abiuR60_.js                                  26.91 kB │ gzip:   7.54 kB
public/build/assets/index-CgwUe3-E.js                                   27.12 kB │ gzip:   9.67 kB
public/build/assets/show-CFo16cSD.js                                    27.16 kB │ gzip:   9.06 kB
public/build/assets/index-BqfSrRP6.js                                   27.31 kB │ gzip:   9.47 kB
public/build/assets/SelfAdmin-DO6kHvTZ.js                               27.42 kB │ gzip:   9.10 kB
public/build/assets/provisioning-command-dialog-BobFt-cz.js             27.65 kB │ gzip:  10.76 kB
public/build/assets/show-CMT9Mcwx.js                                    27.66 kB │ gzip:   9.78 kB
public/build/assets/care-support-plan-BQOZxVhZ.js                       27.67 kB │ gzip:   9.14 kB
public/build/assets/Index-Ba3cXYj9.js                                   27.72 kB │ gzip:  10.43 kB
public/build/assets/index-D9zL382D.js                                   27.81 kB │ gzip:   9.77 kB
public/build/assets/index-DcNPiaBW.js                                   27.85 kB │ gzip:   9.32 kB
public/build/assets/edit-Bjia7BM7.js                                    27.91 kB │ gzip:   9.30 kB
public/build/assets/smart-monitoring-C67AksHU.js                        28.05 kB │ gzip:   6.48 kB
public/build/assets/Index-DHl8y-p-.js                                   28.08 kB │ gzip:  10.42 kB
public/build/assets/index-B3OYuLSp.js                                   28.25 kB │ gzip:   9.18 kB
public/build/assets/show-C570lCJK.js                                    28.41 kB │ gzip:   9.98 kB
public/build/assets/index-C91WWoL7.js                                   28.52 kB │ gzip:   9.18 kB
public/build/assets/show-CO3bqDKl.js                                    28.73 kB │ gzip:   8.54 kB
public/build/assets/show-Mt5lM3CG.js                                    28.74 kB │ gzip:  10.31 kB
public/build/assets/index-BUnXqJqY.js                                   28.77 kB │ gzip:   8.65 kB
public/build/assets/_self-admin-dialogs-D6zgLJui.js                     28.81 kB │ gzip:   9.49 kB
public/build/assets/Show-ChILmDxK.js                                    29.01 kB │ gzip:   9.11 kB
public/build/assets/Create-CA4tQCaC.js                                  29.07 kB │ gzip:  10.16 kB
public/build/assets/guided-round-dialog-BE9R8IS5.js                     29.15 kB │ gzip:   9.61 kB
public/build/assets/asset-wizard-dialog-D2fpREkv.js                     29.34 kB │ gzip:   9.97 kB
public/build/assets/templates-Desg3VWC.js                               29.63 kB │ gzip:  10.55 kB
public/build/assets/documents-DYwNo6DL.js                               29.66 kB │ gzip:   9.22 kB
public/build/assets/index-Bz6V-K8L.js                                   29.93 kB │ gzip:   9.81 kB
public/build/assets/_dialogs-CdxEoAws.js                                30.04 kB │ gzip:  10.02 kB
public/build/assets/run-modal-Hz-_FGYy.js                               30.05 kB │ gzip:  10.27 kB
public/build/assets/page-header-BUO0S2TU.js                             30.13 kB │ gzip:   9.17 kB
public/build/assets/procedure-detail-dialog-CfMeRxvc.js                 30.20 kB │ gzip:   9.63 kB
public/build/assets/show-Bhsim9nF.js                                    30.29 kB │ gzip:   9.83 kB
public/build/assets/_dialogs-CBSRjlYW.js                                30.39 kB │ gzip:   9.19 kB
public/build/assets/Show-BuUqUQtV.js                                    30.55 kB │ gzip:  11.03 kB
public/build/assets/_dialogs-BBhCIE5i.js                                30.56 kB │ gzip:  10.94 kB
public/build/assets/Competency-DR5KAY9E.js                              30.57 kB │ gzip:  10.29 kB
public/build/assets/MedicationErrors-DxsaDYSf.js                        30.83 kB │ gzip:  11.22 kB
public/build/assets/_hero-DQON-CfQ.js                                   30.97 kB │ gzip:   9.79 kB
public/build/assets/access-BuwNnBf6.js                                  31.10 kB │ gzip:  10.22 kB
public/build/assets/_shopping-list-panel-B_Qy8rRU.js                    31.35 kB │ gzip:  11.01 kB
public/build/assets/index-CYDwEc9H.js                                   31.36 kB │ gzip:  10.75 kB
public/build/assets/Reviews-CaESL3r4.js                                 31.74 kB │ gzip:  10.45 kB
public/build/assets/_dialogs-CAIaz7kY.js                                31.87 kB │ gzip:   9.50 kB
public/build/assets/_stock-dialogs-UI9gJ3b6.js                          31.91 kB │ gzip:   9.55 kB
public/build/assets/notification-escalations-Dur5J63O.js                32.13 kB │ gzip:  10.04 kB
public/build/assets/email-settings-w0GochHf.js                          32.23 kB │ gzip:  10.33 kB
public/build/assets/access-DiKYxwyM.js                                  32.54 kB │ gzip:  11.61 kB
public/build/assets/index-BK7fLTHg.js                                   32.91 kB │ gzip:  11.96 kB
public/build/assets/_dialogs-D_UWNtoO.js                                33.24 kB │ gzip:  10.69 kB
public/build/assets/Show-DBSvvwqy.js                                    33.25 kB │ gzip:  11.67 kB
public/build/assets/Show-nGCzBdFe.js                                    33.57 kB │ gzip:  11.75 kB
public/build/assets/index-Ddx1PnFz.js                                   33.60 kB │ gzip:  11.59 kB
public/build/assets/index-CD0H5oCY.js                                   34.00 kB │ gzip:  11.63 kB
public/build/assets/index-DgE5-aeQ.js                                   34.37 kB │ gzip:  12.25 kB
public/build/assets/show-DFBpPbct.js                                    34.77 kB │ gzip:  10.67 kB
public/build/assets/Destructions-SsBekF2-.js                            34.78 kB │ gzip:  12.45 kB
public/build/assets/medical-D8_I3a4O.js                                 34.85 kB │ gzip:   7.88 kB
public/build/assets/_prescription-dialogs-DFLQlxh5.js                   35.13 kB │ gzip:   9.93 kB
public/build/assets/index-C8o1VQSk.js                                   35.13 kB │ gzip:  11.93 kB
public/build/assets/Index-DCRLby0z.js                                   35.24 kB │ gzip:  11.56 kB
public/build/assets/_cd-dialogs-CZ5RfDWA.js                             35.36 kB │ gzip:   9.45 kB
public/build/assets/documents-DtMwwEmy.js                               35.50 kB │ gzip:  11.43 kB
public/build/assets/index-BLhg1vQG.js                                   35.80 kB │ gzip:  12.41 kB
public/build/assets/index-BNoC9ueu.js                                   36.53 kB │ gzip:  11.78 kB
public/build/assets/messages-CJkmTjM9.js                                36.59 kB │ gzip:  11.88 kB
public/build/assets/reviews-DnMgNEiC.js                                 36.75 kB │ gzip:  11.58 kB
public/build/assets/index-BFMBNSbe.js                                   37.11 kB │ gzip:  13.95 kB
public/build/assets/handover-DeggiI2T.js                                37.33 kB │ gzip:  11.82 kB
public/build/assets/Create-cpr68x03.js                                  37.34 kB │ gzip:  12.10 kB
public/build/assets/index-LsXj2pMo.js                                   37.67 kB │ gzip:  11.78 kB
public/build/assets/_inspector-VGzPrtrv.js                              37.97 kB │ gzip:  11.56 kB
public/build/assets/documents-CZRU3uvi.js                               37.99 kB │ gzip:  12.59 kB
public/build/assets/Dashboard-D4alK1Sv.js                               38.02 kB │ gzip:  14.31 kB
public/build/assets/index-tB8Km6f8.js                                   38.09 kB │ gzip:  14.57 kB
public/build/assets/Show-BrE5yfnh.js                                    38.10 kB │ gzip:  14.46 kB
public/build/assets/global-CVhwwxbn.js                                  38.38 kB │ gzip:  12.88 kB
public/build/assets/hazard-register-CLNdbqQV.js                         38.49 kB │ gzip:  12.71 kB
public/build/assets/Reports-BDVMPoVg.js                                 38.54 kB │ gzip:  12.93 kB
public/build/assets/Show-Dwxdl5-p.js                                    39.45 kB │ gzip:  11.40 kB
public/build/assets/index-C81eRX_3.js                                   39.49 kB │ gzip:  13.04 kB
public/build/assets/index-CbeqPC8u.js                                   39.96 kB │ gzip:  13.09 kB
public/build/assets/index-DBEZJ0pj.js                                   40.25 kB │ gzip:  12.97 kB
public/build/assets/index-DlmmWFa8.js                                   40.33 kB │ gzip:  13.83 kB
public/build/assets/case-wizards-4L8XuE4K.js                            40.74 kB │ gzip:  11.63 kB
public/build/assets/compliance-wizards-BYlpwyk5.js                      40.85 kB │ gzip:  12.73 kB
public/build/assets/index-CqHcCzau.js                                   40.87 kB │ gzip:  14.73 kB
public/build/assets/index-BR7JJl_1.js                                   40.92 kB │ gzip:  13.38 kB
public/build/assets/index-Hmj0T_Lc.js                                   41.27 kB │ gzip:  14.37 kB
public/build/assets/_dialogs-CwjPMcIU.js                                41.37 kB │ gzip:  12.03 kB
public/build/assets/index-D3JBcKeK.js                                   41.48 kB │ gzip:  14.11 kB
public/build/assets/bands-CHBrtG9Y.js                                   41.56 kB │ gzip:  14.33 kB
public/build/assets/Edit-CbfNrR_A.js                                    41.79 kB │ gzip:  13.33 kB
public/build/assets/profile-BhEH4UyU.js                                 41.91 kB │ gzip:  14.14 kB
public/build/assets/index-CIufMrvp.js                                   41.92 kB │ gzip:  15.16 kB
public/build/assets/discovery-BJ1wDCGD.js                               42.52 kB │ gzip:  12.96 kB
public/build/assets/app-layout-DUP1K9VC.js                              42.65 kB │ gzip:  13.33 kB
public/build/assets/index-COu4oswE.js                                   42.72 kB │ gzip:  13.79 kB
public/build/assets/sso-config-BrmsXzuH.js                              42.75 kB │ gzip:  13.91 kB
public/build/assets/handover-wizard-BVi_RJvT.js                         43.04 kB │ gzip:  13.62 kB
public/build/assets/core.esm-D5j4X1h1.js                                43.17 kB │ gzip:  14.39 kB
public/build/assets/service-contexts-V2INs12V.js                        43.68 kB │ gzip:  13.99 kB
public/build/assets/_dialogs-QTHHCa_e.js                                43.77 kB │ gzip:  14.05 kB
public/build/assets/StockManagement-CJnwOInv.js                         43.82 kB │ gzip:  13.11 kB
public/build/assets/show-uPspNbdt.js                                    44.20 kB │ gzip:  14.93 kB
public/build/assets/Dashboard-CHrA6R1A.js                               44.21 kB │ gzip:  10.84 kB
public/build/assets/show-DhvZVuHF.js                                    44.21 kB │ gzip:  14.94 kB
public/build/assets/Index-DrOMMLqm.js                                   44.22 kB │ gzip:  15.19 kB
public/build/assets/_canvas-WDbFB_lZ.js                                 44.48 kB │ gzip:  12.88 kB
public/build/assets/branding-Bb14D-e6.js                                44.74 kB │ gzip:  13.98 kB
public/build/assets/asset-wizards-Bw93Qr2M.js                           45.18 kB │ gzip:  13.10 kB
public/build/assets/AuditLog-CN36Ilt2.js                                45.26 kB │ gzip:  15.27 kB
public/build/assets/index-BuyDFKUP.js                                   45.53 kB │ gzip:  12.99 kB
public/build/assets/MarCharts-P1Nnb_5_.js                               45.65 kB │ gzip:  15.80 kB
public/build/assets/Prescriptions-CgPtGQND.js                           46.31 kB │ gzip:  14.06 kB
public/build/assets/incident-detail-dialog-Cv57IyMR.js                  47.33 kB │ gzip:  14.30 kB
public/build/assets/drill-detail-dialog-PhlMH38K.js                     47.88 kB │ gzip:  13.52 kB
public/build/assets/Rounds-CKFSs5_L.js                                  48.20 kB │ gzip:  15.15 kB
public/build/assets/incident-report-dialog-BEbE-SaZ.js                  48.28 kB │ gzip:  15.87 kB
public/build/assets/dashboard-DGT89W_Z.js                               48.35 kB │ gzip:  16.03 kB
public/build/assets/_dialogs-Cgl2yidd.js                                48.54 kB │ gzip:  14.36 kB
public/build/assets/index-D5VXaOqS.js                                   48.87 kB │ gzip:  15.62 kB
public/build/assets/create-shift-dialog-B8radCbo.js                     49.10 kB │ gzip:  14.23 kB
public/build/assets/index-3ip61h9e.js                                   49.25 kB │ gzip:  15.17 kB
public/build/assets/_wizard-DNeROvUa.js                                 49.42 kB │ gzip:  15.34 kB
public/build/assets/welcome-BjU6C8JG.js                                 50.21 kB │ gzip:   9.57 kB
public/build/assets/index-_He5FPLb.js                                   51.04 kB │ gzip:  16.06 kB
public/build/assets/index-F4SH2zd3.js                                   51.78 kB │ gzip:  15.95 kB
public/build/assets/family-dashboard-D-35_dCd.js                        51.92 kB │ gzip:  15.11 kB
public/build/assets/ra-wizard-dialog-jAz0aedq.js                        51.97 kB │ gzip:  16.28 kB
public/build/assets/show-AbomuL79.js                                    52.06 kB │ gzip:  17.71 kB
public/build/assets/hazard-detail-dialog-D2q9tqix.js                    52.62 kB │ gzip:  15.18 kB
public/build/assets/show-BxIKL7zB.js                                    52.79 kB │ gzip:  15.84 kB
public/build/assets/index-D2fLXzjM.js                                   52.85 kB │ gzip:  16.03 kB
public/build/assets/settings-CEjDWPyj.js                                53.29 kB │ gzip:  15.54 kB
public/build/assets/index-D4J5MHmy.js                                   56.37 kB │ gzip:  19.09 kB
public/build/assets/Show-BOaxMUvx.js                                    57.36 kB │ gzip:  17.33 kB
public/build/assets/CockpitLayout-Jvw87kb9.js                           57.41 kB │ gzip:  17.88 kB
public/build/assets/device-profile-sections-BDE6VYKn.js                 58.15 kB │ gzip:  16.94 kB
public/build/assets/dashboard-C713BEdR.js                               58.71 kB │ gzip:  16.94 kB
public/build/assets/show-Cn6l_vWk.js                                    59.03 kB │ gzip:  20.16 kB
public/build/assets/my-hr-shell-jVWtqmCU.js                             59.82 kB │ gzip:  18.81 kB
public/build/assets/Index-Q2oKRygr.js                                   59.90 kB │ gzip:  19.12 kB
public/build/assets/medical-CC8r5UE-.js                                 60.19 kB │ gzip:  12.06 kB
public/build/assets/_parts-DVg4Gz07.js                                  60.60 kB │ gzip:  19.58 kB
public/build/assets/PrnRecords-BQWc5tlw.js                              60.70 kB │ gzip:  18.66 kB
public/build/assets/conflicts-Dv6gC3IN.js                               61.18 kB │ gzip:  19.77 kB
public/build/assets/Show-5OXAQENu.js                                    62.47 kB │ gzip:  21.41 kB
public/build/assets/settings-Ddw4qckJ.js                                63.28 kB │ gzip:  17.22 kB
public/build/assets/index-DBYMCxHw.js                                   64.24 kB │ gzip:  19.32 kB
public/build/assets/dashboard-BrgNVQU6.js                               64.43 kB │ gzip:  20.36 kB
public/build/assets/data-k_-uynEA.js                                    64.59 kB │ gzip:  13.99 kB
public/build/assets/monitoring-COdi4IW3.js                              65.74 kB │ gzip:  19.54 kB
public/build/assets/ControlledDrugs-DZ5oPu-w.js                         65.79 kB │ gzip:  20.42 kB
public/build/assets/catalog-CNY_BY5K.js                                 66.71 kB │ gzip:  17.73 kB
public/build/assets/Show-PSx-Iz0m.js                                    67.26 kB │ gzip:  19.33 kB
public/build/assets/show-D3WvRkpU.js                                    67.73 kB │ gzip:  15.08 kB
public/build/assets/show-Bxb9nmKk.js                                    68.52 kB │ gzip:  20.30 kB
public/build/assets/index-NOu-WrJe.js                                   69.02 kB │ gzip:  21.44 kB
public/build/assets/index-BKBQgWdh.js                                   69.31 kB │ gzip:  21.87 kB
public/build/assets/analytics-B7WouFp7.js                               70.58 kB │ gzip:  23.91 kB
public/build/assets/SiteCalendar-CHofEVXY.js                            71.76 kB │ gzip:  22.72 kB
public/build/assets/concern-dialog-n7UbCK4U.js                          72.32 kB │ gzip:  20.09 kB
public/build/assets/legacy-profile-sections-C-cf9igU.js                 72.99 kB │ gzip:  19.50 kB
public/build/assets/show-Dbsb0BLj.js                                    74.24 kB │ gzip:  23.08 kB
public/build/assets/show-Ck84dYCp.js                                    75.58 kB │ gzip:  23.58 kB
public/build/assets/index-CWYBkvqt.js                                   77.37 kB │ gzip:  22.54 kB
public/build/assets/_calendar-grid-BUBicR61.js                          77.48 kB │ gzip:  22.96 kB
public/build/assets/index-CfOwwE5J.js                                   78.23 kB │ gzip:  23.83 kB
public/build/assets/index-CjegkXTM.js                                   80.55 kB │ gzip:  23.35 kB
public/build/assets/index-SteMEqna.js                                   81.63 kB │ gzip:  24.47 kB
public/build/assets/_create-dialog-QxGpSOU2.js                          81.96 kB │ gzip:  27.50 kB
public/build/assets/index-8c6X22Ce.js                                   83.71 kB │ gzip:  27.21 kB
public/build/assets/index-h_CQpBp5.js                                   86.90 kB │ gzip:  24.95 kB
public/build/assets/Index-DVAH2-1H.js                                   88.72 kB │ gzip:  26.79 kB
public/build/assets/index-BIh0EcNF.js                                   88.73 kB │ gzip:  27.27 kB
public/build/assets/staff-page-shell-csrFpuj3.js                        91.49 kB │ gzip:  27.12 kB
public/build/assets/index-DzYq2Bqh.js                                   94.91 kB │ gzip:  28.20 kB
public/build/assets/show-DQDV9j5P.js                                    99.21 kB │ gzip:  25.79 kB
public/build/assets/ticket-intake-fields-CFDAnBXc.js                   102.61 kB │ gzip:  30.27 kB
public/build/assets/index-BdUJPk07.js                                  103.36 kB │ gzip:  31.10 kB
public/build/assets/index-BZ-THStV.js                                  104.00 kB │ gzip:  31.58 kB
public/build/assets/index-DH2XKQgO.js                                  107.42 kB │ gzip:  31.45 kB
public/build/assets/queclink-hub-lnMOWwAl.js                           109.74 kB │ gzip:  33.66 kB
public/build/assets/it-wizards-ulO9cSZj.js                             111.72 kB │ gzip:  35.88 kB
public/build/assets/index-BsoLuThc.js                                  111.88 kB │ gzip:  30.54 kB
public/build/assets/workspace-BE79wifp.js                              128.30 kB │ gzip:  38.70 kB
public/build/assets/jsQR-EsnENd7U.js                                   130.72 kB │ gzip:  47.46 kB
public/build/assets/ticket-reopen-dialog-DKxVZcuT.js                   145.73 kB │ gzip:  46.14 kB
public/build/assets/event-detail-dialog-iNcreS0_.js                    148.01 kB │ gzip:  38.86 kB
public/build/assets/vendor-maps-CTUbLoeq.js                            149.92 kB │ gzip:  43.49 kB
public/build/assets/index-CvvWIEQL.js                                  155.95 kB │ gzip:  42.58 kB
public/build/assets/index-DpXCJchn.js                                  156.17 kB │ gzip:  45.40 kB
public/build/assets/alert-workspace-dialog-CmP4PVB_.js                 158.46 kB │ gzip:  44.47 kB
public/build/assets/index-BLO0eekP.js                                  159.62 kB │ gzip:  45.14 kB
public/build/assets/knowledge-revision-dialog-DO-D40Ws.js              177.30 kB │ gzip:  49.62 kB
public/build/assets/vendor-react-C99fm9h8.js                           193.87 kB │ gzip:  60.86 kB
public/build/assets/vendor-inertia-L00mYErJ.js                         195.04 kB │ gzip:  65.83 kB
public/build/assets/category-COZ7Dpx8.js                               206.54 kB │ gzip:  51.96 kB
public/build/assets/index-B93C_aOQ.js                                  215.07 kB │ gzip:  68.40 kB
public/build/assets/index-BIwyIrHj.js                                  236.35 kB │ gzip:  70.77 kB
public/build/assets/vendor-calendar-NWT3TLWG.js                        267.92 kB │ gzip:  79.12 kB
public/build/assets/vendor-ui-BuO1Y5tc.js                              276.38 kB │ gzip:  76.83 kB
public/build/assets/index-CjEFTFqG.js                                  317.39 kB │ gzip:  88.17 kB
public/build/assets/show-NRwey4zT.js                                   328.56 kB │ gzip:  98.17 kB
public/build/assets/show-BJAzq8VC.js                                   348.18 kB │ gzip:  98.14 kB
public/build/assets/vendor-charts-DT3hslkE.js                          398.58 kB │ gzip: 115.53 kB
public/build/assets/app-mj-ViWAU.js                                    514.68 kB │ gzip:  83.34 kB
public/build/assets/show-CI0qOMbN.js                                   792.93 kB │ gzip: 254.88 kB

(!) Some chunks are larger than 500 kB after minification. Consider:
- Using dynamic import() to code-split the application
- Use build.rollupOptions.output.manualChunks to improve chunking: https://rollupjs.org/configuration-options/#output-manualchunks
- Adjust chunk size limit for this warning via build.chunkSizeWarningLimit.
✓ built in 6m 20s
