vite v7.3.6 building client environment for production...
[plugin @laravel/vite-plugin-wayfinder] Types generated for actions, routes, form variants
transforming...
✓ 5447 modules transformed.
rendering chunks...
computing gzip size...
public/build/assets/layers-BWBAp2CZ.png                                  0.70 kB
public/build/assets/layers-2x-Bpkbi35X.png                               1.26 kB
public/build/assets/marker-icon-hN30_KVU.png                             1.47 kB
public/build/assets/pdf.worker.min-Dswkl-cV.mjs                      1,265.41 kB
public/build/manifest.json                                           3,818.49 kB │ gzip: 208.43 kB
public/build/assets/show-DItqkuBD.css                                    0.04 kB │ gzip:   0.06 kB
public/build/assets/booking-wizard-BYFUJ1mS.css                          0.73 kB │ gzip:   0.34 kB
public/build/assets/show-BlsQFc8X.css                                    0.96 kB │ gzip:   0.38 kB
public/build/assets/fleet-map-Cc-sKlod.css                               1.80 kB │ gzip:   0.73 kB
public/build/assets/workspace-Du_upYz6.css                               4.73 kB │ gzip:   1.33 kB
public/build/assets/index-BfYF406j.css                                   8.96 kB │ gzip:   1.95 kB
public/build/assets/transport-B_iFYDj4.css                               9.27 kB │ gzip:   2.24 kB
public/build/assets/vendor-maps-CLLlcC51.css                            11.08 kB │ gzip:   2.73 kB
public/build/assets/knowledge-revision-dialog-D-juoI1B.css              12.92 kB │ gzip:   3.14 kB
public/build/assets/location-workspace-BnCaAc4S.css                     16.92 kB │ gzip:   3.64 kB
public/build/assets/dashboard-CynApWYI.css                              25.76 kB │ gzip:   4.58 kB
public/build/assets/index-Dmrchnqb.css                                  79.87 kB │ gzip:   9.87 kB
public/build/assets/show-DFV0a2Rv.css                                  117.04 kB │ gzip:  17.10 kB
public/build/assets/app-gTfQT5c4.css                                   443.90 kB │ gzip:  56.71 kB
public/build/assets/my-hr-utils-fLvKAKV1.js                              0.07 kB │ gzip:   0.09 kB
public/build/assets/avatar-hue-BThxaYxR.js                               0.10 kB │ gzip:   0.11 kB
public/build/assets/_announcer-cvXWdNAc.js                               0.12 kB │ gzip:   0.12 kB
public/build/assets/minus-C-zfYJGP.js                                    0.12 kB │ gzip:   0.13 kB
public/build/assets/check-CI4eBGpF.js                                    0.12 kB │ gzip:   0.14 kB
public/build/assets/circle-C7z07x6B.js                                   0.12 kB │ gzip:   0.13 kB
public/build/assets/chevron-down-BS624E6j.js                             0.13 kB │ gzip:   0.14 kB
public/build/assets/chevron-up-DaZTleM0.js                               0.13 kB │ gzip:   0.14 kB
public/build/assets/chevron-left-DfxjZhtY.js                             0.13 kB │ gzip:   0.14 kB
public/build/assets/chevron-right-DHGrYns9.js                            0.13 kB │ gzip:   0.14 kB
public/build/assets/play-oX9LgzRe.js                                     0.13 kB │ gzip:   0.15 kB
public/build/assets/moon-Drkj2FCK.js                                     0.14 kB │ gzip:   0.15 kB
public/build/assets/loader-circle-4S0Q6e8x.js                            0.14 kB │ gzip:   0.15 kB
public/build/assets/square-CrTrFatL.js                                   0.15 kB │ gzip:   0.15 kB
public/build/assets/message-circle-CdmYs3BO.js                           0.15 kB │ gzip:   0.16 kB
public/build/assets/navigation-CbuKP0IL.js                               0.15 kB │ gzip:   0.15 kB
public/build/assets/staff-creation-workflow-D6SGmEbz.js                  0.15 kB │ gzip:   0.13 kB
public/build/assets/plus-BchcH5Ry.js                                     0.15 kB │ gzip:   0.15 kB
public/build/assets/x-CIbIfjhB.js                                        0.15 kB │ gzip:   0.15 kB
public/build/assets/thermometer-D5xUyLk5.js                              0.16 kB │ gzip:   0.16 kB
public/build/assets/filter-fpuPs2hO.js                                   0.16 kB │ gzip:   0.16 kB
public/build/assets/bookmark-BKw66W8n.js                                 0.16 kB │ gzip:   0.16 kB
public/build/assets/arrow-left-Cq4RnF-W.js                               0.16 kB │ gzip:   0.16 kB
public/build/assets/arrow-right-D8f839QR.js                              0.16 kB │ gzip:   0.16 kB
public/build/assets/arrow-up-right-CncKAoRt.js                           0.16 kB │ gzip:   0.15 kB
public/build/assets/circle-minus-C5xojFEs.js                             0.17 kB │ gzip:   0.16 kB
public/build/assets/search-Csg7rgjU.js                                   0.17 kB │ gzip:   0.16 kB
public/build/assets/move-right-DiJjHtwO.js                               0.17 kB │ gzip:   0.16 kB
public/build/assets/ban-CiaAG786.js                                      0.17 kB │ gzip:   0.16 kB
public/build/assets/circle-check-iZgbEfz_.js                             0.17 kB │ gzip:   0.17 kB
public/build/assets/chevrons-up-down-t3JV3nFz.js                         0.17 kB │ gzip:   0.16 kB
public/build/assets/provider-CyzdoYBv.js                                 0.17 kB │ gzip:   0.15 kB
public/build/assets/power-DCouQonY.js                                    0.17 kB │ gzip:   0.17 kB
public/build/assets/user-round-Boi2yRq0.js                               0.18 kB │ gzip:   0.17 kB
public/build/assets/gauge-CeuCwTO3.js                                    0.18 kB │ gzip:   0.17 kB
public/build/assets/circle-dot-BB3Ar1V9.js                               0.18 kB │ gzip:   0.15 kB
public/build/assets/clock-DdfMnQJ1.js                                    0.18 kB │ gzip:   0.17 kB
public/build/assets/message-square-CVo-2vKu.js                           0.18 kB │ gzip:   0.17 kB
public/build/assets/check-check-B2hb_Pc6.js                              0.18 kB │ gzip:   0.17 kB
public/build/assets/clock-3-0gVzZvBy.js                                  0.18 kB │ gzip:   0.17 kB
public/build/assets/chart-line-BwatEIJ3.js                               0.18 kB │ gzip:   0.17 kB
public/build/assets/circle-slash-Ckbg88ci.js                             0.18 kB │ gzip:   0.17 kB
public/build/assets/reply-CzEjGmw7.js                                    0.18 kB │ gzip:   0.18 kB
public/build/assets/circle-check-big-B26T6gBf.js                         0.19 kB │ gzip:   0.18 kB
public/build/assets/circle-play-D7InUqAA.js                              0.19 kB │ gzip:   0.17 kB
public/build/assets/user-gsZha4B-.js                                     0.19 kB │ gzip:   0.18 kB
public/build/assets/megaphone-DKbbi1-p.js                                0.19 kB │ gzip:   0.18 kB
public/build/assets/skip-forward-xzZInUPG.js                             0.20 kB │ gzip:   0.18 kB
public/build/assets/smartphone-fzd4sKU9.js                               0.20 kB │ gzip:   0.18 kB
public/build/assets/info-hp1UWaka.js                                     0.20 kB │ gzip:   0.18 kB
public/build/assets/rotate-ccw-Bp8NI5S2.js                               0.20 kB │ gzip:   0.18 kB
public/build/assets/rotate-cw-CvO4J2W3.js                                0.20 kB │ gzip:   0.18 kB
public/build/assets/lock-kjRHiReP.js                                     0.20 kB │ gzip:   0.19 kB
public/build/assets/circle-x-B8pTd9ae.js                                 0.20 kB │ gzip:   0.18 kB
public/build/assets/circle-plus-BFPTyM8O.js                              0.20 kB │ gzip:   0.18 kB
public/build/assets/chart-palette-BuldC4kO.js                            0.20 kB │ gzip:   0.13 kB
public/build/assets/trending-up-OCTu9IYJ.js                              0.20 kB │ gzip:   0.18 kB
public/build/assets/utils-COkJOzsg.js                                    0.20 kB │ gzip:   0.16 kB
public/build/assets/credit-card-EQMnotK6.js                              0.21 kB │ gzip:   0.19 kB
public/build/assets/arrow-up-from-line-Dh6BZHCv.js                       0.21 kB │ gzip:   0.18 kB
public/build/assets/arrow-down-to-line-qx-vn0Na.js                       0.21 kB │ gzip:   0.18 kB
public/build/assets/redo-2-CMhENMNc.js                                   0.21 kB │ gzip:   0.18 kB
public/build/assets/trending-down-BUNn_Trt.js                            0.21 kB │ gzip:   0.18 kB
public/build/assets/undo-2-CDcdZtBz.js                                   0.21 kB │ gzip:   0.18 kB
public/build/assets/droplet-oMILNb4F.js                                  0.21 kB │ gzip:   0.19 kB
public/build/assets/lock-open-uCMhJ_H7.js                                0.21 kB │ gzip:   0.19 kB
public/build/assets/mail-dEsJrFi-.js                                     0.21 kB │ gzip:   0.20 kB
public/build/assets/it-module-shell-Cq8Pndvb.js                          0.21 kB │ gzip:   0.19 kB
public/build/assets/battery-CvLcXggG.js                                  0.21 kB │ gzip:   0.18 kB
public/build/assets/pause-BeBq-ITB.js                                    0.21 kB │ gzip:   0.17 kB
public/build/assets/circle-arrow-up-CfwArsvk.js                          0.21 kB │ gzip:   0.19 kB
public/build/assets/circle-arrow-down-DNxfQ7qs.js                        0.21 kB │ gzip:   0.19 kB
public/build/assets/pill-DABZt8xb.js                                     0.21 kB │ gzip:   0.18 kB
public/build/assets/table-2-SZhRZ7IU.js                                  0.21 kB │ gzip:   0.18 kB
public/build/assets/site-profile-dialog-host-BH_OdoAm.js                 0.21 kB │ gzip:   0.19 kB
public/build/assets/dollar-sign-2X1Ala19.js                              0.22 kB │ gzip:   0.19 kB
public/build/assets/file-BjjS8pZl.js                                     0.22 kB │ gzip:   0.18 kB
public/build/assets/laptop-GHY3wDuj.js                                   0.22 kB │ gzip:   0.19 kB
public/build/assets/flag-CFhReoqp.js                                     0.22 kB │ gzip:   0.20 kB
public/build/assets/rows-3-DKT-l5f5.js                                   0.22 kB │ gzip:   0.18 kB
public/build/assets/rss-HD9L-6AB.js                                      0.22 kB │ gzip:   0.19 kB
public/build/assets/briefcase-CS2DBjjh.js                                0.22 kB │ gzip:   0.20 kB
public/build/assets/ellipsis-1tAqKf4A.js                                 0.22 kB │ gzip:   0.16 kB
public/build/assets/target-DBsLLyxV.js                                   0.22 kB │ gzip:   0.16 kB
public/build/assets/columns-3-Nwy7_dzV.js                                0.22 kB │ gzip:   0.19 kB
public/build/assets/git-merge-LwTOQct6.js                                0.22 kB │ gzip:   0.18 kB
public/build/assets/square-check-big-Ce5LCL2Y.js                         0.22 kB │ gzip:   0.19 kB
public/build/assets/sticky-note-CjJl-wYy.js                              0.22 kB │ gzip:   0.18 kB
public/build/assets/folder-CCdTWjj9.js                                   0.23 kB │ gzip:   0.19 kB
public/build/assets/ellipsis-vertical-BjpjpDJH.js                        0.23 kB │ gzip:   0.17 kB
public/build/assets/vote-0c3GARN1.js                                     0.23 kB │ gzip:   0.19 kB
public/build/assets/copy-3S_N4QgJ.js                                     0.23 kB │ gzip:   0.21 kB
public/build/assets/door-closed-Cy3bugZD.js                              0.23 kB │ gzip:   0.19 kB
public/build/assets/user-round-check-CSIWPvk0.js                         0.23 kB │ gzip:   0.21 kB
public/build/assets/circle-user-round-DMc9wpUj.js                        0.23 kB │ gzip:   0.19 kB
public/build/assets/circle-help-CsJ-L3-H.js                              0.23 kB │ gzip:   0.20 kB
public/build/assets/ear-D0OHWW9r.js                                      0.23 kB │ gzip:   0.19 kB
public/build/assets/activity-D3OLqUUs.js                                 0.23 kB │ gzip:   0.20 kB
public/build/assets/pen-81YnU0hx.js                                      0.23 kB │ gzip:   0.20 kB
public/build/assets/history-7ovefb-y.js                                  0.24 kB │ gzip:   0.19 kB
public/build/assets/globe-CCwjK1Vn.js                                    0.24 kB │ gzip:   0.19 kB
public/build/assets/timer-aB5yt-KP.js                                    0.24 kB │ gzip:   0.19 kB
public/build/assets/banknote-DlO2FJBx.js                                 0.24 kB │ gzip:   0.20 kB
public/build/assets/heart-C-vZjTyy.js                                    0.24 kB │ gzip:   0.21 kB
public/build/assets/link-2-Dy8GkDPx.js                                   0.24 kB │ gzip:   0.21 kB
public/build/assets/menu-DnVD2FIx.js                                     0.24 kB │ gzip:   0.17 kB
public/build/assets/database-BnYBbQnl.js                                 0.24 kB │ gzip:   0.20 kB
public/build/assets/arrow-down-up-BwqAjArj.js                            0.24 kB │ gzip:   0.19 kB
public/build/assets/type-CLM5mq7e.js                                     0.24 kB │ gzip:   0.19 kB
public/build/assets/circle-pause-C0KwuOm9.js                             0.24 kB │ gzip:   0.19 kB
public/build/assets/arrow-left-right-DnjRXoXP.js                         0.25 kB │ gzip:   0.19 kB
public/build/assets/compass-CQYNfMfX.js                                  0.25 kB │ gzip:   0.21 kB
public/build/assets/arrow-right-left-D7c4rLPQ.js                         0.25 kB │ gzip:   0.19 kB
public/build/assets/book-marked-DlcJaelK.js                              0.25 kB │ gzip:   0.20 kB
public/build/assets/settings-2-DI2YrVL5.js                               0.25 kB │ gzip:   0.19 kB
public/build/assets/users-round-DbO9EAjx.js                              0.25 kB │ gzip:   0.21 kB
public/build/assets/camera-BRz6wWE6.js                                   0.25 kB │ gzip:   0.21 kB
public/build/assets/file-warning-DmBuob1N.js                             0.25 kB │ gzip:   0.20 kB
public/build/assets/video-CgzMMyCO.js                                    0.25 kB │ gzip:   0.21 kB
public/build/assets/route-BfQVJbm0.js                                    0.25 kB │ gzip:   0.20 kB
public/build/assets/circle-alert-v0P5IkyS.js                             0.25 kB │ gzip:   0.19 kB
public/build/assets/mouse-pointer-2-CxXDEFev.js                          0.25 kB │ gzip:   0.21 kB
public/build/assets/chart-column-EEsVVhOD.js                             0.25 kB │ gzip:   0.19 kB
public/build/assets/external-link-BNBSIkiz.js                            0.25 kB │ gzip:   0.20 kB
public/build/assets/cloud-upload-CD4-3uH1.js                             0.25 kB │ gzip:   0.20 kB
public/build/assets/shopping-bag-rYoNDgNv.js                             0.25 kB │ gzip:   0.20 kB
public/build/assets/pentagon-DCvtGavr.js                                 0.25 kB │ gzip:   0.20 kB
public/build/assets/eye-DHtEIQ9e.js                                      0.25 kB │ gzip:   0.20 kB
public/build/assets/user-check-DVRmGJ32.js                               0.25 kB │ gzip:   0.22 kB
public/build/assets/map-pin-KWszt9Hr.js                                  0.25 kB │ gzip:   0.22 kB
public/build/assets/archive-B-zpKd0S.js                                  0.25 kB │ gzip:   0.21 kB
public/build/assets/lock-keyhole-LN_YbURr.js                             0.25 kB │ gzip:   0.22 kB
public/build/assets/message-square-plus-D-HIG4NB.js                      0.25 kB │ gzip:   0.20 kB
public/build/assets/circle-user-0csE6RzX.js                              0.25 kB │ gzip:   0.20 kB
public/build/assets/message-square-text-B0Sc-qcv.js                      0.25 kB │ gzip:   0.20 kB
public/build/assets/user-minus-COH_sEvz.js                               0.25 kB │ gzip:   0.22 kB
public/build/assets/file-check-2-DS7NWrXH.js                             0.25 kB │ gzip:   0.20 kB
public/build/assets/messages-square-to9SSoBE.js                          0.25 kB │ gzip:   0.20 kB
public/build/assets/link-0aEModcS.js                                     0.26 kB │ gzip:   0.19 kB
public/build/assets/hr-hero-B7bhHkYT.js                                  0.26 kB │ gzip:   0.21 kB
public/build/assets/wrench-DekYAekL.js                                   0.26 kB │ gzip:   0.20 kB
public/build/assets/upload-NbNObCG5.js                                   0.26 kB │ gzip:   0.22 kB
public/build/assets/calendar-COM_35_M.js                                 0.26 kB │ gzip:   0.20 kB
public/build/assets/log-out-BxhJU32h.js                                  0.26 kB │ gzip:   0.22 kB
public/build/assets/ticket-check-BWsC6X5W.js                             0.26 kB │ gzip:   0.20 kB
public/build/assets/log-in-KKmAZfme.js                                   0.26 kB │ gzip:   0.22 kB
public/build/assets/file-minus-CaRNydaN.js                               0.26 kB │ gzip:   0.19 kB
public/build/assets/key-BsA1pozD.js                                      0.26 kB │ gzip:   0.22 kB
public/build/assets/monitor-OjLBXPBD.js                                  0.26 kB │ gzip:   0.20 kB
public/build/assets/message-square-warning-Cu2WUy8D.js                   0.26 kB │ gzip:   0.20 kB
public/build/assets/utensils-BhoF6VGs.js                                 0.26 kB │ gzip:   0.21 kB
public/build/assets/download-D7B5U2-K.js                                 0.26 kB │ gzip:   0.22 kB
public/build/assets/zap-uKjLAoQe.js                                      0.26 kB │ gzip:   0.20 kB
public/build/assets/triangle-alert-D9jWx9WS.js                           0.26 kB │ gzip:   0.21 kB
public/build/assets/leaf-Cpu3HDUu.js                                     0.26 kB │ gzip:   0.22 kB
public/build/assets/file-check-bKLTJ3QW.js                               0.26 kB │ gzip:   0.20 kB
public/build/assets/workflow-iB6WJWrw.js                                 0.26 kB │ gzip:   0.20 kB
public/build/assets/mic-CeSLvu9-.js                                      0.26 kB │ gzip:   0.21 kB
public/build/assets/shield-DinzKZ8X.js                                   0.27 kB │ gzip:   0.22 kB
public/build/assets/list-plus-DXrYzFXi.js                                0.27 kB │ gzip:   0.19 kB
public/build/assets/battery-low-DZoJdFmK.js                              0.27 kB │ gzip:   0.21 kB
public/build/assets/timer-reset-C6fW1A96.js                              0.27 kB │ gzip:   0.21 kB
public/build/assets/award-vuF9fBWp.js                                    0.27 kB │ gzip:   0.22 kB
public/build/assets/eraser-CJTpbeEQ.js                                   0.27 kB │ gzip:   0.22 kB
public/build/assets/image-Dn_n1f1G.js                                    0.27 kB │ gzip:   0.22 kB
public/build/assets/repeat-Cc3yJmPE.js                                   0.27 kB │ gzip:   0.20 kB
public/build/assets/arrow-up-fEyyz4hl.js                                 0.27 kB │ gzip:   0.20 kB
public/build/assets/flame-vrCdM9Z_.js                                    0.27 kB │ gzip:   0.22 kB
public/build/assets/git-branch-BFpbqaoo.js                               0.27 kB │ gzip:   0.22 kB
public/build/assets/pencil-BRTg99pK.js                                   0.28 kB │ gzip:   0.23 kB
public/build/assets/pen-line-uUkaJ7x3.js                                 0.28 kB │ gzip:   0.23 kB
public/build/assets/list-checks-B2fdgJ6a.js                              0.28 kB │ gzip:   0.19 kB
public/build/assets/book-open-DtJ5IoFg.js                                0.28 kB │ gzip:   0.20 kB
public/build/assets/file-diff-BosIsnNA.js                                0.28 kB │ gzip:   0.20 kB
public/build/assets/wifi-Bx9eDR6-.js                                     0.28 kB │ gzip:   0.21 kB
public/build/assets/lightbulb-CPjXA9wb.js                                0.28 kB │ gzip:   0.22 kB
public/build/assets/file-plus-2-CzC7H4pc.js                              0.28 kB │ gzip:   0.21 kB
public/build/assets/layout-template-1s1Ftmnf.js                          0.28 kB │ gzip:   0.19 kB
public/build/assets/inbox-CJshzLhn.js                                    0.29 kB │ gzip:   0.23 kB
public/build/assets/wallet-Brh5lKFl.js                                   0.29 kB │ gzip:   0.21 kB
public/build/assets/shopping-cart-DPIVjmwl.js                            0.29 kB │ gzip:   0.23 kB
public/build/assets/shirt-CvYYedMu.js                                    0.29 kB │ gzip:   0.23 kB
public/build/assets/files-Dq_FdjPC.js                                    0.29 kB │ gzip:   0.21 kB
public/build/assets/house-BOUbdpP0.js                                    0.29 kB │ gzip:   0.22 kB
public/build/assets/bell-DtSDTGHP.js                                     0.29 kB │ gzip:   0.23 kB
public/build/assets/use-initials-U-N8N3-N.js                             0.29 kB │ gzip:   0.20 kB
public/build/assets/send-D1JAUOxX.js                                     0.29 kB │ gzip:   0.23 kB
public/build/assets/folder-open-CRwYzWwM.js                              0.29 kB │ gzip:   0.22 kB
public/build/assets/receipt-Bjwhh6jr.js                                  0.29 kB │ gzip:   0.21 kB
public/build/assets/governance-permissions-oQG3y2Ya.js                   0.29 kB │ gzip:   0.19 kB
public/build/assets/link-2-off-CFuybYAz.js                               0.29 kB │ gzip:   0.21 kB
public/build/assets/smile-34EHEI0r.js                                    0.29 kB │ gzip:   0.22 kB
public/build/assets/grid-3x3-YPZoS0Uz.js                                 0.29 kB │ gzip:   0.21 kB
public/build/assets/bed-double-CK-sry-3.js                               0.30 kB │ gzip:   0.21 kB
public/build/assets/heart-crack-3TEN6Tkn.js                              0.30 kB │ gzip:   0.24 kB
public/build/assets/hash-DWqkP6vG.js                                     0.30 kB │ gzip:   0.19 kB
public/build/assets/receipt-text-Bex72XyT.js                             0.30 kB │ gzip:   0.20 kB
public/build/assets/maximize-2-DV7P6nig.js                               0.30 kB │ gzip:   0.21 kB
public/build/assets/list-todo-DNPjkBlM.js                                0.30 kB │ gzip:   0.22 kB
public/build/assets/paperclip-Cz2Bv2nE.js                                0.30 kB │ gzip:   0.23 kB
public/build/assets/file-up-CAXkAbKM.js                                  0.30 kB │ gzip:   0.21 kB
public/build/assets/gavel-DPvWmOTc.js                                    0.30 kB │ gzip:   0.21 kB
public/build/assets/flask-conical-8ydBhG9f.js                            0.30 kB │ gzip:   0.23 kB
public/build/assets/thumbs-up-C9rb8B4Q.js                                0.30 kB │ gzip:   0.24 kB
public/build/assets/list-DqOx6ouq.js                                     0.30 kB │ gzip:   0.18 kB
public/build/assets/file-down-3o0bKEtl.js                                0.30 kB │ gzip:   0.22 kB
public/build/assets/thumbs-down-DSlMryxx.js                              0.30 kB │ gzip:   0.24 kB
public/build/assets/minimize-2-DQYg-qEu.js                               0.30 kB │ gzip:   0.21 kB
public/build/assets/clipboard-check-Cz39RuB5.js                          0.30 kB │ gzip:   0.23 kB
public/build/assets/file-clock-wBMYR3WZ.js                               0.30 kB │ gzip:   0.24 kB
public/build/assets/users-qL7KprpY.js                                    0.30 kB │ gzip:   0.23 kB
public/build/assets/calendar-check-BEOTCT5x.js                           0.30 kB │ gzip:   0.22 kB
public/build/assets/coffee-BsQnnHfp.js                                   0.30 kB │ gzip:   0.21 kB
public/build/assets/user-x-C3wBLGUH.js                                   0.30 kB │ gzip:   0.23 kB
public/build/assets/folder-plus-DtYnKweg.js                              0.30 kB │ gzip:   0.23 kB
public/build/assets/chef-hat-DqZiquDZ.js                                 0.31 kB │ gzip:   0.24 kB
public/build/assets/user-plus-DR__YyeS.js                                0.31 kB │ gzip:   0.23 kB
public/build/assets/box-Ci8wBT3Q.js                                      0.31 kB │ gzip:   0.22 kB
public/build/assets/heart-pulse-DBamgItI.js                              0.31 kB │ gzip:   0.25 kB
public/build/assets/piggy-bank-8N_AIpYD.js                               0.31 kB │ gzip:   0.25 kB
public/build/assets/badge-check-BMNNW6V-.js                              0.31 kB │ gzip:   0.21 kB
public/build/assets/shapes-CXJs9VM6.js                                   0.32 kB │ gzip:   0.25 kB
public/build/assets/hard-hat-DdKy7ndC.js                                 0.32 kB │ gzip:   0.23 kB
public/build/assets/shield-check-DJxulhKI.js                             0.32 kB │ gzip:   0.25 kB
public/build/assets/printer-C5Pux59M.js                                  0.32 kB │ gzip:   0.24 kB
public/build/assets/square-pen-BbwTzec1.js                               0.32 kB │ gzip:   0.24 kB
public/build/assets/refresh-ccw-Zsqwr4mT.js                              0.32 kB │ gzip:   0.23 kB
public/build/assets/ticket-ly73vBKu.js                                   0.32 kB │ gzip:   0.21 kB
public/build/assets/tag-11Cf6uCy.js                                      0.32 kB │ gzip:   0.25 kB
public/build/assets/hand-helping-CBX7-d9B.js                             0.32 kB │ gzip:   0.25 kB
public/build/assets/id-card-DmyERGR2.js                                  0.32 kB │ gzip:   0.24 kB
public/build/assets/mail-warning-B_ZaSPgA.js                             0.32 kB │ gzip:   0.24 kB
public/build/assets/save-ClZppxsA.js                                     0.33 kB │ gzip:   0.23 kB
public/build/assets/scan-line-BadqvX44.js                                0.33 kB │ gzip:   0.22 kB
public/build/assets/graduation-cap-CCnBCZce.js                           0.33 kB │ gzip:   0.25 kB
public/build/assets/list-ordered-tHD94FK4.js                             0.33 kB │ gzip:   0.22 kB
public/build/assets/file-text-CHiiN62W.js                                0.33 kB │ gzip:   0.22 kB
public/build/assets/book-open-check-CJb1wyBU.js                          0.33 kB │ gzip:   0.23 kB
public/build/assets/clipboard-plus-DII0nglm.js                           0.33 kB │ gzip:   0.24 kB
public/build/assets/alarm-clock-uO6xAdsX.js                              0.33 kB │ gzip:   0.23 kB
public/build/assets/contact-3nrkHAz2.js                                  0.33 kB │ gzip:   0.24 kB
public/build/assets/calendar-x-B-th3aSa.js                               0.34 kB │ gzip:   0.23 kB
public/build/assets/accessibility-DuZ90fzC.js                            0.34 kB │ gzip:   0.24 kB
public/build/assets/archive-restore-CJpwyFKi.js                          0.34 kB │ gzip:   0.24 kB
public/build/assets/stethoscope-Rz3dj7xq.js                              0.34 kB │ gzip:   0.24 kB
public/build/assets/shield-plus-Bl1_1H-g.js                              0.34 kB │ gzip:   0.25 kB
public/build/assets/layout-grid-Bd9fWmZX.js                              0.34 kB │ gzip:   0.19 kB
public/build/assets/pin-DFC2RmdH.js                                      0.35 kB │ gzip:   0.24 kB
public/build/assets/file-image-GisnxKYa.js                               0.35 kB │ gzip:   0.25 kB
public/build/assets/scroll-text-BDurPtkw.js                              0.35 kB │ gzip:   0.23 kB
public/build/assets/key-round-BcVwIfdj.js                                0.35 kB │ gzip:   0.26 kB
public/build/assets/layout-dashboard-BWz4NIh8.js                         0.35 kB │ gzip:   0.21 kB
public/build/assets/shield-alert-BcltQO9W.js                             0.35 kB │ gzip:   0.26 kB
public/build/assets/file-chart-column-increasing-DK7onBOz.js             0.35 kB │ gzip:   0.24 kB
public/build/assets/webhook-CI48fGKO.js                                  0.35 kB │ gzip:   0.26 kB
public/build/assets/crosshair-M3JUqJlt.js                                0.35 kB │ gzip:   0.21 kB
public/build/assets/calendar-plus-C5ZZvWYk.js                            0.35 kB │ gzip:   0.23 kB
public/build/assets/shield-x-oM0nJFKC.js                                 0.36 kB │ gzip:   0.26 kB
public/build/assets/gift-RBIzAxyH.js                                     0.36 kB │ gzip:   0.25 kB
public/build/assets/trash-2-BRKa9H2y.js                                  0.36 kB │ gzip:   0.25 kB
public/build/assets/calendar-x-2-fTsFNNqe.js                             0.36 kB │ gzip:   0.23 kB
public/build/assets/bell-plus-CoCGtOnK.js                                0.36 kB │ gzip:   0.26 kB
public/build/assets/layout-list-BlsnN3rc.js                              0.36 kB │ gzip:   0.22 kB
public/build/assets/warehouse-CrOrdMiJ.js                                0.36 kB │ gzip:   0.26 kB
public/build/assets/utensils-crossed-CqYquvT5.js                         0.36 kB │ gzip:   0.26 kB
public/build/assets/syringe-BJs3n2II.js                                  0.36 kB │ gzip:   0.24 kB
public/build/assets/crown-RDJ8ecix.js                                    0.36 kB │ gzip:   0.26 kB
public/build/assets/image-plus-Dhz9pcao.js                               0.36 kB │ gzip:   0.25 kB
public/build/assets/sparkle-BAmvS7k4.js                                  0.36 kB │ gzip:   0.24 kB
public/build/assets/scale-BeyXgFbx.js                                    0.36 kB │ gzip:   0.23 kB
public/build/assets/grip-vertical-CGwerl5D.js                            0.36 kB │ gzip:   0.19 kB
public/build/assets/fuel-DYFzoExQ.js                                     0.37 kB │ gzip:   0.25 kB
public/build/assets/door-open-EsgafPlw.js                                0.37 kB │ gzip:   0.25 kB
public/build/assets/droplets-C7n7V1qJ.js                                 0.37 kB │ gzip:   0.28 kB
public/build/assets/hammer-aB66W9tM.js                                   0.37 kB │ gzip:   0.27 kB
public/build/assets/file-pen-Dicsy-n3.js                                 0.37 kB │ gzip:   0.26 kB
public/build/assets/package-7WM9y8YO.js                                  0.37 kB │ gzip:   0.25 kB
public/build/assets/index-B0Z-ysPe.js                                    0.37 kB │ gzip:   0.22 kB
public/build/assets/file-spreadsheet-trxvUdr9.js                         0.37 kB │ gzip:   0.23 kB
public/build/assets/life-buoy-XxcbJWJo.js                                0.37 kB │ gzip:   0.22 kB
public/build/assets/calendar-clock-D14qBO5z.js                           0.38 kB │ gzip:   0.26 kB
public/build/assets/shield-question-NcmCg1ha.js                          0.38 kB │ gzip:   0.28 kB
public/build/assets/network-RwkbAhbA.js                                  0.38 kB │ gzip:   0.24 kB
public/build/assets/calendar-off-DPS4tpjY.js                             0.38 kB │ gzip:   0.25 kB
public/build/assets/tags-DsNlJgHG.js                                     0.39 kB │ gzip:   0.28 kB
public/build/assets/fleet-return-D12Z1ydP.js                             0.39 kB │ gzip:   0.24 kB
public/build/assets/baby-BkmLKtAo.js                                     0.39 kB │ gzip:   0.26 kB
public/build/assets/hard-drive-DI4RUS-s.js                               0.39 kB │ gzip:   0.26 kB
public/build/assets/job-posting-constants-CneitmEO.js                    0.39 kB │ gzip:   0.23 kB
public/build/assets/file-pen-line-DREXuk-r.js                            0.39 kB │ gzip:   0.26 kB
public/build/assets/phone-BoiSaiEm.js                                    0.39 kB │ gzip:   0.25 kB
public/build/assets/bell-ring-D60nu8Py.js                                0.40 kB │ gzip:   0.28 kB
public/build/assets/map-pinned-BomW8jkf.js                               0.40 kB │ gzip:   0.29 kB
public/build/assets/shield-off-BYRHW5he.js                               0.40 kB │ gzip:   0.28 kB
public/build/assets/truck-DIBl81V0.js                                    0.40 kB │ gzip:   0.26 kB
public/build/assets/sprout-BrGf8RvN.js                                   0.40 kB │ gzip:   0.28 kB
public/build/assets/car-CNcP8mvj.js                                      0.40 kB │ gzip:   0.28 kB
public/build/assets/locate-fixed-CWbitpv3.js                             0.40 kB │ gzip:   0.23 kB
public/build/assets/hand-BltWENes.js                                     0.41 kB │ gzip:   0.25 kB
public/build/assets/landmark-C8S9smk5.js                                 0.41 kB │ gzip:   0.23 kB
public/build/assets/hand-coins-yKnvz8fK.js                               0.41 kB │ gzip:   0.29 kB
public/build/assets/clipboard-list-DwmV13tM.js                           0.41 kB │ gzip:   0.26 kB
public/build/assets/transport-medication-replay-DEsrKVkb.js              0.41 kB │ gzip:   0.29 kB
public/build/assets/loader-wUxMF6_g.js                                   0.41 kB │ gzip:   0.24 kB
public/build/assets/mouse-pointer-click-BEI2gzEE.js                      0.41 kB │ gzip:   0.28 kB
public/build/assets/calendar-range-CJMqaStM.js                           0.41 kB │ gzip:   0.26 kB
public/build/assets/waypoints-CMxg9vwy.js                                0.41 kB │ gzip:   0.25 kB
public/build/assets/layers-Cpr0KFyk.js                                   0.42 kB │ gzip:   0.24 kB
public/build/assets/mic-off-CbLMRwNk.js                                  0.42 kB │ gzip:   0.27 kB
public/build/assets/waves-D7_GupYV.js                                    0.42 kB │ gzip:   0.21 kB
public/build/assets/skeleton-CDTEQwaO.js                                 0.42 kB │ gzip:   0.32 kB
public/build/assets/package-check-DFIVNT9k.js                            0.42 kB │ gzip:   0.29 kB
public/build/assets/octagon-alert-CunIRYjO.js                            0.43 kB │ gzip:   0.25 kB
public/build/assets/cable-DQ91wj_r.js                                    0.43 kB │ gzip:   0.25 kB
public/build/assets/eye-off-C1Ge66xy.js                                  0.43 kB │ gzip:   0.27 kB
public/build/assets/building-2-aI0phlni.js                               0.44 kB │ gzip:   0.25 kB
public/build/assets/heading-small-B1QYXXBZ.js                            0.44 kB │ gzip:   0.32 kB
public/build/assets/handshake-CQ23i5xK.js                                0.45 kB │ gzip:   0.28 kB
public/build/assets/hand-heart-CTny3KPa.js                               0.45 kB │ gzip:   0.31 kB
public/build/assets/bus-BT7WlV_2.js                                      0.45 kB │ gzip:   0.28 kB
public/build/assets/footprints-CcKXb6uM.js                               0.45 kB │ gzip:   0.30 kB
public/build/assets/radio-tower-Bfa9lVMK.js                              0.45 kB │ gzip:   0.29 kB
public/build/assets/input-error-DCYErTdJ.js                              0.46 kB │ gzip:   0.32 kB
public/build/assets/wifi-off-j49wOrQH.js                                 0.46 kB │ gzip:   0.27 kB
public/build/assets/scan-eye-DEExts9J.js                                 0.46 kB │ gzip:   0.28 kB
public/build/assets/heart-handshake-C6a2e6qQ.js                          0.46 kB │ gzip:   0.31 kB
public/build/assets/spinner-Ce4F-gOS.js                                  0.46 kB │ gzip:   0.33 kB
public/build/assets/person-standing-DCF6zr1o.js                          0.46 kB │ gzip:   0.31 kB
public/build/assets/trophy-Ck_aqh7s.js                                   0.46 kB │ gzip:   0.28 kB
public/build/assets/pen-tool-DA8P11Ei.js                                 0.47 kB │ gzip:   0.30 kB
public/build/assets/siren-DAnhe4-N.js                                    0.47 kB │ gzip:   0.27 kB
public/build/assets/star-DXAzCOH_.js                                     0.47 kB │ gzip:   0.29 kB
public/build/assets/sun-Bs4v5jm4.js                                      0.47 kB │ gzip:   0.26 kB
public/build/assets/notebook-pen-Dw0WeMch.js                             0.47 kB │ gzip:   0.29 kB
public/build/assets/cake-BS_Xm34v.js                                     0.49 kB │ gzip:   0.26 kB
public/build/assets/cctv-CERee861.js                                     0.49 kB │ gzip:   0.30 kB
public/build/assets/calendar-days-DNk6Ilrm.js                            0.49 kB │ gzip:   0.26 kB
public/build/assets/cpu-CrAPepFV.js                                      0.50 kB │ gzip:   0.26 kB
public/build/assets/zoom-out-B0SD5f2z.js                                 0.50 kB │ gzip:   0.23 kB
public/build/assets/radar-D9wj3q7D.js                                    0.50 kB │ gzip:   0.30 kB
public/build/assets/sparkles-c8TxYjqj.js                                 0.51 kB │ gzip:   0.30 kB
public/build/assets/wand-sparkles-CjKZ8tay.js                            0.51 kB │ gzip:   0.29 kB
public/build/assets/ambulance-D3RNZtqD.js                                0.51 kB │ gzip:   0.31 kB
public/build/assets/_helpers-Ayp0jCez.js                                 0.51 kB │ gzip:   0.33 kB
public/build/assets/boundary-geometry-Ncmqh74Z.js                        0.52 kB │ gzip:   0.32 kB
public/build/assets/unlink-CCq5qV0G.js                                   0.53 kB │ gzip:   0.30 kB
public/build/assets/calculator-BApziR3H.js                               0.53 kB │ gzip:   0.28 kB
public/build/assets/circle-dashed-DsYKJE3i.js                            0.57 kB │ gzip:   0.28 kB
public/build/assets/use-alert-workspace-focus-return-DGVRYbyO.js         0.58 kB │ gzip:   0.35 kB
public/build/assets/package-open-UFnv72l7.js                             0.58 kB │ gzip:   0.33 kB
public/build/assets/i18n-Dncd9j2h.js                                     0.58 kB │ gzip:   0.39 kB
public/build/assets/user-cog-BCCWUr74.js                                 0.58 kB │ gzip:   0.31 kB
public/build/assets/sliders-horizontal-DjpD5DY3.js                       0.58 kB │ gzip:   0.26 kB
public/build/assets/send-to-back-B7DvPVXM.js                             0.58 kB │ gzip:   0.31 kB
public/build/assets/fingerprint-CLq1DlUZ.js                              0.60 kB │ gzip:   0.35 kB
public/build/assets/label-DnayXvci.js                                    0.61 kB │ gzip:   0.39 kB
public/build/assets/form-request-errors-CGVjFIIA.js                      0.63 kB │ gzip:   0.36 kB
public/build/assets/loading-state-B1VtNAfv.js                            0.64 kB │ gzip:   0.43 kB
public/build/assets/text-link-RogODYI2.js                                0.65 kB │ gzip:   0.42 kB
public/build/assets/qr-code-BprMrM7a.js                                  0.65 kB │ gzip:   0.31 kB
public/build/assets/server-DdXG-My_.js                                   0.66 kB │ gzip:   0.37 kB
public/build/assets/collapsible-DoToTDHc.js                              0.66 kB │ gzip:   0.28 kB
public/build/assets/resident-dot-BLoyRUP7.js                             0.67 kB │ gzip:   0.46 kB
public/build/assets/fleet-stat-card-DzMp9fml.js                          0.72 kB │ gzip:   0.44 kB
public/build/assets/party-popper-CiA6NkMW.js                             0.72 kB │ gzip:   0.41 kB
public/build/assets/settings-CyPwSeEp.js                                 0.72 kB │ gzip:   0.34 kB
public/build/assets/textarea-C_9uu-fb.js                                 0.73 kB │ gzip:   0.47 kB
public/build/assets/meeting-workspace-links-BSKYBk34.js                  0.73 kB │ gzip:   0.40 kB
public/build/assets/brain-Qq4gLnGl.js                                    0.73 kB │ gzip:   0.35 kB
public/build/assets/separator-C7fe0Vgu.js                                0.77 kB │ gzip:   0.45 kB
public/build/assets/page-shell-B7eQidXD.js                               0.77 kB │ gzip:   0.45 kB
public/build/assets/shared-DHJYl7e2.js                                   0.77 kB │ gzip:   0.40 kB
public/build/assets/shared-D3Yvwbxq.js                                   0.77 kB │ gzip:   0.39 kB
public/build/assets/shift-row-types-DQA9BK_P.js                          0.80 kB │ gzip:   0.38 kB
public/build/assets/hr-tabs-D18B3AUm.js                                  0.81 kB │ gzip:   0.51 kB
public/build/assets/ops-stat-card-BEXEyqLP.js                            0.81 kB │ gzip:   0.48 kB
public/build/assets/progress-BxLvrMK0.js                                 0.82 kB │ gzip:   0.54 kB
public/build/assets/readable-operational-state-CK8MzJI-.js               0.85 kB │ gzip:   0.45 kB
public/build/assets/boxes-7kLxExZR.js                                    0.85 kB │ gzip:   0.40 kB
public/build/assets/wizard-DF_QPOrg.js                                   0.87 kB │ gzip:   0.55 kB
public/build/assets/wizard-NNmqhkha.js                                   0.87 kB │ gzip:   0.55 kB
public/build/assets/list-caption-hE5ckvXY.js                             0.91 kB │ gzip:   0.54 kB
public/build/assets/index-CSEUMRIG.js                                    0.92 kB │ gzip:   0.53 kB
public/build/assets/now-rule-P7hRYwwd.js                                 0.95 kB │ gzip:   0.58 kB
public/build/assets/hero-action-button-D-GVyXk8.js                       0.95 kB │ gzip:   0.55 kB
public/build/assets/page-layout-DtSKkYRB.js                              0.97 kB │ gzip:   0.56 kB
public/build/assets/governance-dialog-deep-link-DLK5tfya.js              0.98 kB │ gzip:   0.58 kB
public/build/assets/settings-tabs-X0FNqBy5.js                            0.99 kB │ gzip:   0.54 kB
public/build/assets/error-state-BJAKcLqM.js                              1.01 kB │ gzip:   0.62 kB
public/build/assets/use-settings-leave-confirmation-Djj7Pj99.js          1.02 kB │ gzip:   0.61 kB
public/build/assets/presence-dot-CuGnqH3Y.js                             1.04 kB │ gzip:   0.58 kB
public/build/assets/input-49RbooBa.js                                    1.05 kB │ gzip:   0.59 kB
public/build/assets/command-centre-page-Zh5aYVxx.js                      1.05 kB │ gzip:   0.60 kB
public/build/assets/switch-DaGHNdhC.js                                   1.06 kB │ gzip:   0.61 kB
public/build/assets/_shared-BN-lC1nz.js                                  1.07 kB │ gzip:   0.56 kB
public/build/assets/governance-work-CPDXtwsY.js                          1.09 kB │ gzip:   0.59 kB
public/build/assets/hover-action-vLW4u2SF.js                             1.09 kB │ gzip:   0.65 kB
public/build/assets/WidgetCard-2tC8eOcV.js                               1.10 kB │ gzip:   0.62 kB
public/build/assets/micro-stats-BKNykt34.js                              1.11 kB │ gzip:   0.61 kB
public/build/assets/confetti-8ALvzRDJ.js                                 1.11 kB │ gzip:   0.65 kB
public/build/assets/avatar-D2DsKi5Y.js                                   1.14 kB │ gzip:   0.44 kB
public/build/assets/checkbox-B1eDV4Wb.js                                 1.15 kB │ gzip:   0.63 kB
public/build/assets/GovernanceHomeRail-DdXJ9vzC.js                       1.21 kB │ gzip:   0.67 kB
public/build/assets/_confirm-action-ZvhXZHxH.js                          1.24 kB │ gzip:   0.70 kB
public/build/assets/wizard-stepper-D6yn-etd.js                           1.24 kB │ gzip:   0.67 kB
public/build/assets/handover-person-notes-CbHlG0Rx.js                    1.25 kB │ gzip:   0.63 kB
public/build/assets/task-api-LDQPp0GA.js                                 1.27 kB │ gzip:   0.81 kB
public/build/assets/_types-Bdo8GrIg.js                                   1.29 kB │ gzip:   0.67 kB
public/build/assets/medication-stock-governance-C5VIWPFO.js              1.30 kB │ gzip:   0.60 kB
public/build/assets/radio-group-CerfGpiI.js                              1.31 kB │ gzip:   0.65 kB
public/build/assets/DiscardDraftDialog-CQDtg16V.js                       1.32 kB │ gzip:   0.76 kB
public/build/assets/_attachments-ClMrix98.js                             1.32 kB │ gzip:   0.75 kB
public/build/assets/stream-grouping-DxjzPWpi.js                          1.35 kB │ gzip:   0.73 kB
public/build/assets/staff-avatar-yCwbh6Yk.js                             1.35 kB │ gzip:   0.81 kB
public/build/assets/workflow-ribbon-D4g2slz5.js                          1.35 kB │ gzip:   0.69 kB
public/build/assets/shift-status-badge-BI3j30RE.js                       1.36 kB │ gzip:   0.67 kB
public/build/assets/timesheet-status-badge-Y8w0zT2R.js                   1.36 kB │ gzip:   0.66 kB
public/build/assets/fleet-responsive-list-CgDsyRvl.js                    1.38 kB │ gzip:   0.70 kB
public/build/assets/sso-sign-in-buttons-DDxHDeka.js                      1.40 kB │ gzip:   0.71 kB
public/build/assets/site-credentials-BC2WD9ez.js                         1.43 kB │ gzip:   0.75 kB
public/build/assets/_helpers-DwiQF0jk.js                                 1.46 kB │ gzip:   0.80 kB
public/build/assets/fleet-empty-state-D3XenIU3.js                        1.46 kB │ gzip:   0.77 kB
public/build/assets/journey-reference-strip-pm5NcpKt.js                  1.46 kB │ gzip:   0.81 kB
public/build/assets/GovernanceSectionRail-DhbnR8_I.js                    1.47 kB │ gzip:   0.82 kB
public/build/assets/index-DcmOMlk_.js                                    1.50 kB │ gzip:   0.52 kB
public/build/assets/badge-sVjmv35H.js                                    1.53 kB │ gzip:   0.77 kB
public/build/assets/shift-types-BkSRdURU.js                              1.54 kB │ gzip:   0.78 kB
public/build/assets/performance-tabs-CctEeGuX.js                         1.55 kB │ gzip:   0.74 kB
public/build/assets/confirm-dialog-J4vSc-od.js                           1.57 kB │ gzip:   0.86 kB
public/build/assets/mini-sparkline-D7i7f6lZ.js                           1.58 kB │ gzip:   0.91 kB
public/build/assets/verify-email-97zZZyj5.js                             1.58 kB │ gzip:   0.85 kB
public/build/assets/date-time-field-4pSy1Pgg.js                          1.58 kB │ gzip:   0.79 kB
public/build/assets/evidence-upload-D27g-K0I.js                          1.61 kB │ gzip:   0.83 kB
public/build/assets/status-badge-BcV9Cyb7.js                             1.61 kB │ gzip:   0.78 kB
public/build/assets/control-room-vocab-C6XvgGrS.js                       1.62 kB │ gzip:   0.64 kB
public/build/assets/popover-Bwbch3JK.js                                  1.64 kB │ gzip:   0.70 kB
public/build/assets/ops-charts-CfZvOWbq.js                               1.65 kB │ gzip:   0.78 kB
public/build/assets/alert-CF50OPgI.js                                    1.69 kB │ gzip:   0.74 kB
public/build/assets/alert-status-BysCqjTA.js                             1.69 kB │ gzip:   0.79 kB
public/build/assets/report-incident-dialog-wAb58cXu.js                   1.70 kB │ gzip:   0.89 kB
public/build/assets/laravel-pagination-CWO_LnQu.js                       1.70 kB │ gzip:   0.84 kB
public/build/assets/money-L4nGavLX.js                                    1.71 kB │ gzip:   0.97 kB
public/build/assets/card-C9LxLdKv.js                                     1.77 kB │ gzip:   0.57 kB
public/build/assets/_helpers-DxHyHdMw.js                                 1.77 kB │ gzip:   0.76 kB
public/build/assets/documents-tabs-BNGaRPBl.js                           1.78 kB │ gzip:   0.93 kB
public/build/assets/api-BBPNyqfK.js                                      1.79 kB │ gzip:   0.94 kB
public/build/assets/workflow-ribbon-C5B10zOY.js                          1.80 kB │ gzip:   0.79 kB
public/build/assets/overlay-focus-return-4ESXsuki.js                     1.82 kB │ gzip:   0.89 kB
public/build/assets/tooltip-D-a-5XaZ.js                                  1.82 kB │ gzip:   0.84 kB
public/build/assets/control-room-alert-row-actions-D_N7hXkI.js           1.85 kB │ gzip:   0.68 kB
public/build/assets/options-BwkaeHrx.js                                  1.86 kB │ gzip:   0.72 kB
public/build/assets/my-day-list-CcRvqKRF.js                              1.86 kB │ gzip:   0.90 kB
public/build/assets/accordion-BYX9mO6n.js                                1.87 kB │ gzip:   0.85 kB
public/build/assets/journey-gate-list-fvcr8Tav.js                        1.87 kB │ gzip:   0.86 kB
public/build/assets/types-jfjKXH9i.js                                    1.89 kB │ gzip:   1.01 kB
public/build/assets/fleet-utils-Bl0sIMTe.js                              1.90 kB │ gzip:   0.72 kB
public/build/assets/_helpers-CDPMRcVs.js                                 1.94 kB │ gzip:   1.04 kB
public/build/assets/draft-resume-prompt-DfJ-ASLE.js                      1.95 kB │ gzip:   1.01 kB
public/build/assets/respite-subnav-DVA95RUh.js                           2.01 kB │ gzip:   0.96 kB
public/build/assets/api-BANvMHAW.js                                      2.01 kB │ gzip:   1.14 kB
public/build/assets/handover-follow-ups-ZAgikkgJ.js                      2.02 kB │ gzip:   1.02 kB
public/build/assets/button-BUrF8eld.js                                   2.05 kB │ gzip:   0.96 kB
public/build/assets/address-autocomplete-CF2iOQVG.js                     2.07 kB │ gzip:   1.14 kB
public/build/assets/confirm-password-DRR2NzHO.js                         2.07 kB │ gzip:   1.04 kB
public/build/assets/_dialogs-DrRLa4t3.js                                 2.08 kB │ gzip:   1.10 kB
public/build/assets/governance-calendar-adapter-BoWwsrz5.js              2.10 kB │ gzip:   1.01 kB
public/build/assets/_create-recovery-B9rTHu2X.js                         2.10 kB │ gzip:   1.07 kB
public/build/assets/use-personal-location-privacy-k70ZMAas.js            2.16 kB │ gzip:   0.99 kB
public/build/assets/reports-tabs-BZBaHCeS.js                             2.17 kB │ gzip:   1.07 kB
public/build/assets/attention-panel-C0jTwg0t.js                          2.17 kB │ gzip:   0.99 kB
public/build/assets/task-step-draft-Xrvnc8wm.js                          2.18 kB │ gzip:   1.13 kB
public/build/assets/payroll-hero-COUjMuq_.js                             2.28 kB │ gzip:   1.10 kB
public/build/assets/_shared-DasLeZYI.js                                  2.30 kB │ gzip:   1.17 kB
public/build/assets/_memory-recovery-ydX5sLUj.js                         2.31 kB │ gzip:   1.20 kB
public/build/assets/_shared-Cng-2CIR.js                                  2.34 kB │ gzip:   1.13 kB
public/build/assets/reason-dialog-DMg3_LtY.js                            2.34 kB │ gzip:   1.27 kB
public/build/assets/table-DHtHPBEX.js                                    2.42 kB │ gzip:   0.67 kB
public/build/assets/drills-CxI_YJM0.js                                   2.43 kB │ gzip:   1.13 kB
public/build/assets/_icons-tSuESPJu.js                                   2.45 kB │ gzip:   1.15 kB
public/build/assets/first-aid-CE8o1NTR.js                                2.47 kB │ gzip:   1.14 kB
public/build/assets/task-help-inbox-Bvj2OpRK.js                          2.48 kB │ gzip:   1.34 kB
public/build/assets/datetime-Cj7rLFb1.js                                 2.50 kB │ gzip:   1.10 kB
public/build/assets/finance-section-rail-DDKOo9g7.js                     2.53 kB │ gzip:   1.28 kB
public/build/assets/fleet-header-D6K4w1Vi.js                             2.55 kB │ gzip:   1.26 kB
public/build/assets/provisioning-request-files-CdxQqCPa.js               2.56 kB │ gzip:   1.25 kB
public/build/assets/text-prompt-dialog-D1yeV6ig.js                       2.62 kB │ gzip:   1.41 kB
public/build/assets/services-xsxafC6G.js                                 2.63 kB │ gzip:   1.19 kB
public/build/assets/shift-context-menu-Dtv15x07.js                       2.64 kB │ gzip:   1.36 kB
public/build/assets/provisioning-command-fields-4x2FBuJS.js              2.68 kB │ gzip:   1.16 kB
public/build/assets/care-plan-domains-B7WZKuZc.js                        2.69 kB │ gzip:   1.26 kB
public/build/assets/donut-chart-BjEVgtH7.js                              2.71 kB │ gzip:   1.35 kB
public/build/assets/donut-RxOXSbq7.js                                    2.74 kB │ gzip:   1.38 kB
public/build/assets/index-BjmjDcUN.js                                    2.76 kB │ gzip:   0.71 kB
public/build/assets/status-badge-3QlJuqdd.js                             2.76 kB │ gzip:   1.29 kB
public/build/assets/readiness-DlTZE8Ha.js                                2.79 kB │ gzip:   1.36 kB
public/build/assets/financials-BLV8QSEe.js                               2.80 kB │ gzip:   1.37 kB
public/build/assets/safety-register-DWJLwJZt.js                          2.83 kB │ gzip:   1.33 kB
public/build/assets/ppe-CkKrdiYd.js                                      2.84 kB │ gzip:   1.11 kB
public/build/assets/register-row-kit-DYBAbrfL.js                         2.86 kB │ gzip:   1.16 kB
public/build/assets/map-model-CnDd3cpK.js                                2.86 kB │ gzip:   1.36 kB
public/build/assets/lifecycle-tabs-BuAbjqOc.js                           2.88 kB │ gzip:   1.48 kB
public/build/assets/_tabs-DrgyJsJx.js                                    2.90 kB │ gzip:   1.48 kB
public/build/assets/_note-category-picker-C1Bu3tHi.js                    2.92 kB │ gzip:   1.38 kB
public/build/assets/use-create-shift-launcher-j5unfEaS.js                2.92 kB │ gzip:   1.43 kB
public/build/assets/use-form-autosave-CZbqZEg4.js                        2.92 kB │ gzip:   1.46 kB
public/build/assets/toolbar-CxJUgEg3.js                                  2.92 kB │ gzip:   1.40 kB
public/build/assets/hs-detail-dialog-RB-bVkFa.js                         2.93 kB │ gzip:   1.34 kB
public/build/assets/notification-catalog-DveZKd9k.js                     2.96 kB │ gzip:   0.93 kB
public/build/assets/forgot-password-Cz6Nvwmv.js                          2.99 kB │ gzip:   1.44 kB
public/build/assets/auth-layout-CZtzJmh4.js                              3.03 kB │ gzip:   1.37 kB
public/build/assets/report-launcher-BcoYBxNR.js                          3.03 kB │ gzip:   1.51 kB
public/build/assets/tab-strip-DCVvvm08.js                                3.03 kB │ gzip:   1.38 kB
public/build/assets/lifecycle-dialog-BdzkQrpy.js                         3.05 kB │ gzip:   1.55 kB
public/build/assets/_overview-map-card-rbCAC_Av.js                       3.06 kB │ gzip:   1.49 kB
public/build/assets/provisioning-manual-dialog-B9MdQhzC.js               3.06 kB │ gzip:   1.53 kB
public/build/assets/reset-password-DVVroXZ4.js                           3.08 kB │ gzip:   1.25 kB
public/build/assets/start-reconciliation-dialog-Ha0T3dLD.js              3.11 kB │ gzip:   1.29 kB
public/build/assets/two-factor-challenge-B1GaYav-.js                     3.13 kB │ gzip:   1.47 kB
public/build/assets/dictate-button-DEkqtWMc.js                           3.14 kB │ gzip:   1.60 kB
public/build/assets/use-specialist-form-defaults-C9T27TQs.js             3.14 kB │ gzip:   1.56 kB
public/build/assets/client-edit-dialog-CdPCafDp.js                       3.16 kB │ gzip:   1.58 kB
public/build/assets/record-care-actions-Dhdx7DCw.js                      3.18 kB │ gzip:   1.40 kB
public/build/assets/document-library-kit-BHqXU-FW.js                     3.19 kB │ gzip:   1.07 kB
public/build/assets/risk-assessments-BlGY5WSi.js                         3.21 kB │ gzip:   1.54 kB
public/build/assets/add-evidence-dialog-BUGp-UdA.js                      3.21 kB │ gzip:   1.65 kB
public/build/assets/recorded-detail-dialog-1iPOzyDh.js                   3.22 kB │ gzip:   1.59 kB
public/build/assets/control-room-row-actions-C9N7beYj.js                 3.31 kB │ gzip:   1.49 kB
public/build/assets/_dialogs--4XOBre8.js                                 3.32 kB │ gzip:   1.44 kB
public/build/assets/leave-context-menu-DLPvYjQP.js                       3.33 kB │ gzip:   1.64 kB
public/build/assets/row-context-menu-BuvIqrKq.js                         3.33 kB │ gzip:   1.64 kB
public/build/assets/_context-menu-CeQQh61p.js                            3.33 kB │ gzip:   1.60 kB
public/build/assets/fleet-compact-hero-C0TAJwRo.js                       3.33 kB │ gzip:   1.45 kB
public/build/assets/remote-picker-ZPM7YlJd.js                            3.33 kB │ gzip:   1.68 kB
public/build/assets/compensation-tabs-BZLZudH1.js                        3.34 kB │ gzip:   1.61 kB
public/build/assets/hs-hero-kit-COEFEfep.js                              3.36 kB │ gzip:   1.54 kB
public/build/assets/task-steps-BbPnSRHY.js                               3.38 kB │ gzip:   1.58 kB
public/build/assets/record-command-CDvROXRK.js                           3.39 kB │ gzip:   1.58 kB
public/build/assets/shift-med-snapshot-BK3UJiiz.js                       3.39 kB │ gzip:   1.37 kB
public/build/assets/device-profile-navigation-Ceq3lNA1.js                3.40 kB │ gzip:   1.66 kB
public/build/assets/inspections-CAnNy9eY.js                              3.42 kB │ gzip:   1.39 kB
public/build/assets/ra-register-section-Bs9L2SlI.js                      3.46 kB │ gzip:   1.76 kB
public/build/assets/command-BUne5GhX.js                                  3.47 kB │ gzip:   1.06 kB
public/build/assets/shift-context-menu-D0DgSK9K.js                       3.49 kB │ gzip:   1.66 kB
public/build/assets/posting-preview-BLWC2TSD.js                          3.51 kB │ gzip:   1.53 kB
public/build/assets/_emergency-checklist-2_RdnwsR.js                     3.52 kB │ gzip:   1.53 kB
public/build/assets/handover-context-menu-CRnGNY_7.js                    3.55 kB │ gzip:   1.54 kB
public/build/assets/_readiness-panel-CfWA231Y.js                         3.59 kB │ gzip:   1.64 kB
public/build/assets/checklists-BG1mRpzj.js                               3.59 kB │ gzip:   1.71 kB
public/build/assets/checks-model-BpbAC4Rm.js                             3.63 kB │ gzip:   1.63 kB
public/build/assets/journey-term-help-cz-pgqYT.js                        3.64 kB │ gzip:   1.45 kB
public/build/assets/my-provisioning-list-8OG8-NDC.js                     3.67 kB │ gzip:   1.70 kB
public/build/assets/site-profile-states-bUU6Bp2j.js                      3.69 kB │ gzip:   1.46 kB
public/build/assets/alert-dialog-OTHUAeuL.js                             3.76 kB │ gzip:   1.10 kB
public/build/assets/resolution-voting-Bpa7_z73.js                        3.78 kB │ gzip:   1.69 kB
public/build/assets/_geometry-Dx1kFP0e.js                                3.80 kB │ gzip:   1.60 kB
public/build/assets/search-select-CNnAynbu.js                            3.85 kB │ gzip:   1.85 kB
public/build/assets/configured-questions-DSug7NZQ.js                     3.86 kB │ gzip:   1.82 kB
public/build/assets/register-DTvG0wiX.js                                 3.88 kB │ gzip:   1.46 kB
public/build/assets/MedicationScanVerificationPanel-DpsTnOv-.js          3.89 kB │ gzip:   1.61 kB
public/build/assets/task-detail-dialog-DiepP7g8.js                       3.90 kB │ gzip:   1.78 kB
public/build/assets/reference-questionnaire-Y5FDrDTU.js                  3.94 kB │ gzip:   1.82 kB
public/build/assets/ticket-version-conflict-vkuMOJ1k.js                  3.96 kB │ gzip:   1.80 kB
public/build/assets/shift-timeline-summary-AdLgMeQZ.js                   3.99 kB │ gzip:   1.66 kB
public/build/assets/edit-CSN8HGUC.js                                     4.00 kB │ gzip:   1.77 kB
public/build/assets/login-CfvoeT3B.js                                    4.01 kB │ gzip:   1.72 kB
public/build/assets/governed-location-export-dialog-CkHdTnU7.js          4.01 kB │ gzip:   1.96 kB
public/build/assets/shared-Dxa_Sr5W.js                                   4.01 kB │ gzip:   1.96 kB
public/build/assets/finance-period-filter-C_O_DFaz.js                    4.02 kB │ gzip:   1.91 kB
public/build/assets/shift-summary-BQ1sHpwS.js                            4.07 kB │ gzip:   1.68 kB
public/build/assets/calendar-DcQu9gBg.js                                 4.10 kB │ gzip:   1.81 kB
public/build/assets/workspace-model-CTDC_Qgb.js                          4.10 kB │ gzip:   1.78 kB
public/build/assets/index-Bpzl9rqK.js                                    4.13 kB │ gzip:   0.83 kB
public/build/assets/entity-cells-Dlg_J-db.js                             4.13 kB │ gzip:   1.63 kB
public/build/assets/use-two-factor-auth-C77_nCxS.js                      4.15 kB │ gzip:   1.78 kB
public/build/assets/_site-geofence-dialog-BcPvAPhG.js                    4.15 kB │ gzip:   2.00 kB
public/build/assets/empty-state-DyNu-jgA.js                              4.18 kB │ gzip:   1.85 kB
public/build/assets/board-bits-CXILTlJa.js                               4.19 kB │ gzip:   1.58 kB
public/build/assets/address-search-jRgq8fkm.js                           4.20 kB │ gzip:   1.87 kB
public/build/assets/specialist-record-list-D3XrPfzD.js                   4.23 kB │ gzip:   1.98 kB
public/build/assets/hazards-BI8VCh8J.js                                  4.24 kB │ gzip:   1.95 kB
public/build/assets/documents-9eVdlX7H.js                                4.28 kB │ gzip:   1.91 kB
public/build/assets/estate-operations-BMlVyHPq.js                        4.29 kB │ gzip:   1.73 kB
public/build/assets/generate-rounds-modal-CaUIgtVc.js                    4.33 kB │ gzip:   2.11 kB
public/build/assets/wizard-fields-DtWArnAA.js                            4.34 kB │ gzip:   1.90 kB
public/build/assets/first-aid-tab-D87vTzSv.js                            4.34 kB │ gzip:   1.78 kB
public/build/assets/assets-Dd4vbJoP.js                                   4.37 kB │ gzip:   1.73 kB
public/build/assets/login-Okwqwtw_.js                                    4.37 kB │ gzip:   1.85 kB
public/build/assets/privacy-shared-DEZEeZ--.js                           4.39 kB │ gzip:   1.65 kB
public/build/assets/_shared-DZ51hXdF.js                                  4.41 kB │ gzip:   1.90 kB
public/build/assets/_dialogs-B9iFDMsY.js                                 4.43 kB │ gzip:   1.81 kB
public/build/assets/shift-audit-timeline-Dah45Eaa.js                     4.49 kB │ gzip:   1.82 kB
public/build/assets/shared-C3Kwwds0.js                                   4.50 kB │ gzip:   1.74 kB
public/build/assets/applicable-procedures-panel-CgrjTxiP.js              4.52 kB │ gzip:   1.76 kB
public/build/assets/task-help-BVJh4maX.js                                4.61 kB │ gzip:   1.95 kB
public/build/assets/client-clinical-launchers-D5zuJcPX.js                4.62 kB │ gzip:   2.10 kB
public/build/assets/meal-planner-zxIHzxl8.js                             4.69 kB │ gzip:   2.19 kB
public/build/assets/Create-C0hW56Ci.js                                   4.69 kB │ gzip:   2.10 kB
public/build/assets/incidents-tab-BNT3EFjG.js                            4.72 kB │ gzip:   1.85 kB
public/build/assets/_dialogs-BuJKCYtE.js                                 4.75 kB │ gzip:   2.18 kB
public/build/assets/AgedPayables-BGLRS0P5.js                             4.75 kB │ gzip:   2.13 kB
public/build/assets/AgedReceivables-CskII1ta.js                          4.76 kB │ gzip:   2.14 kB
public/build/assets/donut-card-BwnfSjei.js                               4.76 kB │ gzip:   2.08 kB
public/build/assets/control-room-workspace-hero-i_XEPE2V.js              4.76 kB │ gzip:   2.26 kB
public/build/assets/dialog-D7uSRKqt.js                                   4.80 kB │ gzip:   1.63 kB
public/build/assets/_asset-dialogs-Cmwfn9gY.js                           4.83 kB │ gzip:   2.30 kB
public/build/assets/date-picker-BwJo6U7i.js                              4.85 kB │ gzip:   2.22 kB
public/build/assets/Edit-CSHx20x4.js                                     4.87 kB │ gzip:   2.24 kB
public/build/assets/calendar-range-D_dyIWJB.js                           4.88 kB │ gzip:   2.28 kB
public/build/assets/hardware-DOfzHFJX.js                                 4.89 kB │ gzip:   2.15 kB
public/build/assets/entity-filter-Bi1m8l68.js                            4.89 kB │ gzip:   2.28 kB
public/build/assets/concern-C4yr2H7G.js                                  4.93 kB │ gzip:   2.26 kB
public/build/assets/permission-destinations-Byq-9YIq.js                  4.93 kB │ gzip:   1.12 kB
public/build/assets/page-tabs-CB-VbxSn.js                                4.94 kB │ gzip:   2.03 kB
public/build/assets/_dialogs-HcI1x-zC.js                                 4.97 kB │ gzip:   2.33 kB
public/build/assets/whats-next-rail-CFHHT6f-.js                          4.99 kB │ gzip:   2.37 kB
public/build/assets/_dialogs-DCIfKWAU.js                                 5.03 kB │ gzip:   2.03 kB
public/build/assets/leave-calendar-range-CPBahlxj.js                     5.04 kB │ gzip:   2.26 kB
public/build/assets/_dialogs-HPlbhw6T.js                                 5.10 kB │ gzip:   2.37 kB
public/build/assets/client-safety-ribbon-DtST_R0u.js                     5.10 kB │ gzip:   2.24 kB
public/build/assets/show-B03fn2QI.js                                     5.12 kB │ gzip:   2.36 kB
public/build/assets/fleet-navigation-Dd4SG_k6.js                         5.17 kB │ gzip:   2.01 kB
public/build/assets/_evidence-D07BIDm1.js                                5.17 kB │ gzip:   2.19 kB
public/build/assets/prn-effect-dialog-BubM1SDi.js                        5.19 kB │ gzip:   2.28 kB
public/build/assets/Placeholder-YljCDwYf.js                              5.20 kB │ gzip:   2.44 kB
public/build/assets/shared-DZbeljnW.js                                   5.20 kB │ gzip:   2.04 kB
public/build/assets/qr-reader-D4ac6Dxf.js                                5.20 kB │ gzip:   2.28 kB
public/build/assets/day-picker-chip--9VeW-Gt.js                          5.21 kB │ gzip:   2.23 kB
public/build/assets/list-view-CvF9p_tq.js                                5.22 kB │ gzip:   1.83 kB
public/build/assets/plan-DcqXh25g.js                                     5.22 kB │ gzip:   2.33 kB
public/build/assets/before-you-finish-Aui3D_51.js                        5.25 kB │ gzip:   2.13 kB
public/build/assets/wizard-shell-DCG65TeN.js                             5.31 kB │ gzip:   2.31 kB
public/build/assets/application-status-BZarADF8.js                       5.31 kB │ gzip:   2.16 kB
public/build/assets/index-DGGmUBtd.js                                    5.32 kB │ gzip:   2.36 kB
public/build/assets/care-plan-domains-builder-CA3NXZgL.js                5.33 kB │ gzip:   2.07 kB
public/build/assets/shared-CmyqTydH.js                                   5.34 kB │ gzip:   2.38 kB
public/build/assets/entity-menu-Bq0tMqLv.js                              5.35 kB │ gzip:   2.46 kB
public/build/assets/paperwork-panel-Cp1XwqlD.js                          5.38 kB │ gzip:   2.34 kB
public/build/assets/show-C0THwfF1.js                                     5.38 kB │ gzip:   2.39 kB
public/build/assets/contacts-DTC2pF6i.js                                 5.42 kB │ gzip:   2.31 kB
public/build/assets/_thumbnail-Cx2csAz5.js                               5.43 kB │ gzip:   2.56 kB
public/build/assets/fleet-charts-BD3Cp0FY.js                             5.50 kB │ gzip:   2.46 kB
public/build/assets/show-Co9MZfli.js                                     5.53 kB │ gzip:   2.52 kB
public/build/assets/show-ka-QcgZR.js                                     5.54 kB │ gzip:   2.34 kB
public/build/assets/global-BgvPdIbI.js                                   5.55 kB │ gzip:   2.47 kB
public/build/assets/Index-5iT1lLOC.js                                    5.55 kB │ gzip:   2.49 kB
public/build/assets/show-CYDVstXH.js                                     5.55 kB │ gzip:   2.31 kB
public/build/assets/date-popover--hijmYfA.js                             5.60 kB │ gzip:   2.41 kB
public/build/assets/audit-log-modal-CiFNAUIf.js                          5.60 kB │ gzip:   2.52 kB
public/build/assets/index-Rmrb7hCB.js                                    5.63 kB │ gzip:   2.49 kB
public/build/assets/medication-review-modal-CxHXWAfu.js                  5.64 kB │ gzip:   2.55 kB
public/build/assets/entity-table-Cf0RHGw1.js                             5.74 kB │ gzip:   2.40 kB
public/build/assets/index-CBsV2akD.js                                    5.74 kB │ gzip:   2.57 kB
public/build/assets/complete-obligation-dialog-BpuMK7rV.js               5.76 kB │ gzip:   2.57 kB
public/build/assets/rhythms-routines-kBLSdi3E.js                         5.79 kB │ gzip:   2.63 kB
public/build/assets/Calendar-DJerxSH0.js                                 5.82 kB │ gzip:   2.63 kB
public/build/assets/index-BgAX4geW.js                                    5.83 kB │ gzip:   2.66 kB
public/build/assets/select-DWN16O5b.js                                   5.86 kB │ gzip:   1.90 kB
public/build/assets/multi-entity-filter-ByHmIXMn.js                      5.86 kB │ gzip:   2.62 kB
public/build/assets/_shared-I6k2JdiX.js                                  5.88 kB │ gzip:   2.59 kB
public/build/assets/dropdown-menu-BJjrLVcj.js                            5.88 kB │ gzip:   1.65 kB
public/build/assets/stat-tile-DcEOif3_.js                                5.89 kB │ gzip:   2.51 kB
public/build/assets/GovernanceAttachmentsPanel-DLVZVk_E.js               5.91 kB │ gzip:   2.49 kB
public/build/assets/index-DGbwUmYd.js                                    5.94 kB │ gzip:   2.75 kB
public/build/assets/_helpers-7VJ4hJh7.js                                 5.94 kB │ gzip:   2.44 kB
public/build/assets/audit-C7qPRipT.js                                    5.98 kB │ gzip:   2.70 kB
public/build/assets/index-CbfXMYzv.js                                    6.00 kB │ gzip:   2.60 kB
public/build/assets/index--baupBSH.js                                    6.02 kB │ gzip:   2.73 kB
public/build/assets/compliance-bits-CPBFCQyK.js                          6.02 kB │ gzip:   2.53 kB
public/build/assets/report-page-BaNmidCJ.js                              6.03 kB │ gzip:   2.82 kB
public/build/assets/link-client-dialog-BFdjt7D-.js                       6.06 kB │ gzip:   2.58 kB
public/build/assets/stream-context-menu-B1KqRhBg.js                      6.08 kB │ gzip:   2.79 kB
public/build/assets/food-meal-DnsYXJ6h.js                                6.12 kB │ gzip:   2.11 kB
public/build/assets/BoardMonthly-CwB5T-fu.js                             6.14 kB │ gzip:   2.84 kB
public/build/assets/index-BIwYq7cM.js                                    6.14 kB │ gzip:   2.80 kB
public/build/assets/with-concerns-BQUAFiY1.js                            6.15 kB │ gzip:   2.74 kB
public/build/assets/with-incidents-CrZ83gW_.js                           6.15 kB │ gzip:   2.73 kB
public/build/assets/show-EnLI-GO2.js                                     6.18 kB │ gzip:   2.79 kB
public/build/assets/index-DoHTZAOW.js                                    6.18 kB │ gzip:   2.75 kB
public/build/assets/compliance-hub-header-DaMFeJHd.js                    6.22 kB │ gzip:   2.75 kB
public/build/assets/index-BGtiTa_B.js                                    6.23 kB │ gzip:   2.80 kB
public/build/assets/emergency-plan-DQwHQiSy.js                           6.23 kB │ gzip:   2.79 kB
public/build/assets/controls-CDqEDMfi.js                                 6.26 kB │ gzip:   2.87 kB
public/build/assets/show-ZizrargY.js                                     6.26 kB │ gzip:   2.49 kB
public/build/assets/recognition-wizard-C6GnWpAe.js                       6.27 kB │ gzip:   2.43 kB
public/build/assets/Calendar-nFq2nfZb.js                                 6.32 kB │ gzip:   2.85 kB
public/build/assets/index-Ccr89rLH.js                                    6.32 kB │ gzip:   2.80 kB
public/build/assets/for-stay-B3-kml7y.js                                 6.33 kB │ gzip:   2.80 kB
public/build/assets/create-BiTSLW9K.js                                   6.35 kB │ gzip:   2.62 kB
public/build/assets/quick-note-dialog-BC4k7ks2.js                        6.36 kB │ gzip:   2.65 kB
public/build/assets/report-CiEhoCjs.js                                   6.37 kB │ gzip:   2.91 kB
public/build/assets/show-4R0BeTIj.js                                     6.37 kB │ gzip:   2.84 kB
public/build/assets/use-my-day-labels-Cu-spPls.js                        6.38 kB │ gzip:   2.60 kB
public/build/assets/stock-movement-modal-DQgEidGq.js                     6.40 kB │ gzip:   2.62 kB
public/build/assets/Create-DXFJ-B6h.js                                   6.41 kB │ gzip:   2.93 kB
public/build/assets/offer-response-PtCdQS59.js                           6.41 kB │ gzip:   2.61 kB
public/build/assets/compensation-hero-3sxzibIR.js                        6.42 kB │ gzip:   2.49 kB
public/build/assets/entity-card-dVeNPKqO.js                              6.42 kB │ gzip:   2.74 kB
public/build/assets/overdue-B8wM6NBT.js                                  6.47 kB │ gzip:   2.83 kB
public/build/assets/auto-rule-builder-CdrdLi0h.js                        6.50 kB │ gzip:   2.43 kB
public/build/assets/tabs-D2RmptvY.js                                     6.50 kB │ gzip:   2.68 kB
public/build/assets/unacknowledged-Bpnw7I9c.js                           6.51 kB │ gzip:   2.83 kB
public/build/assets/overdue-C55RBYAq.js                                  6.51 kB │ gzip:   2.84 kB
public/build/assets/my-active-UgCEw8GZ.js                                6.51 kB │ gzip:   2.90 kB
public/build/assets/list-view-aCqpNmI4.js                                6.53 kB │ gzip:   2.36 kB
public/build/assets/Create-9FnKU7Pk.js                                   6.54 kB │ gzip:   2.95 kB
public/build/assets/clients-BHaD8IDK.js                                  6.54 kB │ gzip:   2.78 kB
public/build/assets/ppe-shared-aShl0GST.js                               6.56 kB │ gzip:   2.65 kB
public/build/assets/trend-charts-BqQE9iN9.js                             6.57 kB │ gzip:   2.53 kB
public/build/assets/maps-usage-1RWLUBAc.js                               6.59 kB │ gzip:   2.89 kB
public/build/assets/actions-reviews-BzOvdX34.js                          6.59 kB │ gzip:   2.69 kB
public/build/assets/sortable.esm-TrASzQ3t.js                             6.64 kB │ gzip:   2.78 kB
public/build/assets/meal-planner-QQrCxiaE.js                             6.68 kB │ gzip:   2.97 kB
public/build/assets/_workspace-CPT9_mAi.js                               6.70 kB │ gzip:   2.73 kB
public/build/assets/policy-summary-Cl2y6fjz.js                           6.71 kB │ gzip:   3.15 kB
public/build/assets/for-client-Jhv1ANfw.js                               6.71 kB │ gzip:   2.92 kB
public/build/assets/_registers-CYJnTp2B.js                               6.75 kB │ gzip:   2.64 kB
public/build/assets/shift-calendar-view-BqUnfQ1X.js                      6.78 kB │ gzip:   2.74 kB
public/build/assets/index-BKuL1aI8.js                                    6.82 kB │ gzip:   1.08 kB
public/build/assets/handover-rail-BTAWLF-S.js                            6.82 kB │ gzip:   2.89 kB
public/build/assets/needing-acknowledgment-C-34unKU.js                   6.83 kB │ gzip:   2.91 kB
public/build/assets/for-stay-CzpqcwND.js                                 6.85 kB │ gzip:   3.03 kB
public/build/assets/checklist-trends-BCNfnaW7.js                         6.87 kB │ gzip:   2.98 kB
public/build/assets/assignments-D4Psqw4X.js                              6.88 kB │ gzip:   3.25 kB
public/build/assets/clock-in-wizard-Bo3mtHXf.js                          6.88 kB │ gzip:   2.94 kB
public/build/assets/board-view-wPghi-gW.js                               6.89 kB │ gzip:   2.72 kB
public/build/assets/show-DGXeysrp.js                                     6.90 kB │ gzip:   3.18 kB
public/build/assets/day-work-list-bJ0buj2V.js                            6.91 kB │ gzip:   2.82 kB
public/build/assets/index-CXJ1z2dY.js                                    6.94 kB │ gzip:   2.81 kB
public/build/assets/for-stay-DP-qv5iq.js                                 6.96 kB │ gzip:   3.10 kB
public/build/assets/_dialogs-Cv5AaU6P.js                                 7.01 kB │ gzip:   3.22 kB
public/build/assets/my-tasks-2iMtiead.js                                 7.04 kB │ gzip:   3.09 kB
public/build/assets/_header-DsDsmavk.js                                  7.05 kB │ gzip:   3.27 kB
public/build/assets/alert-worklist-90OxZaGy.js                           7.05 kB │ gzip:   2.64 kB
public/build/assets/agreements-Ceu5J7Zz.js                               7.07 kB │ gzip:   3.27 kB
public/build/assets/combined-By67JUlX.js                                 7.07 kB │ gzip:   3.02 kB
public/build/assets/awaiting-approval-CU47CM6m.js                        7.08 kB │ gzip:   3.04 kB
public/build/assets/index-x7pwS9_e.js                                    7.12 kB │ gzip:   3.04 kB
public/build/assets/Index-DIpIEHkA.js                                    7.13 kB │ gzip:   3.06 kB
public/build/assets/assets-COO6WKWJ.js                                   7.13 kB │ gzip:   2.97 kB
public/build/assets/reports-modal-BHVR_OTJ.js                            7.13 kB │ gzip:   2.97 kB
public/build/assets/checklist-CPJ1vSTD.js                                7.14 kB │ gzip:   3.10 kB
public/build/assets/Calendar-BUiDJAKA.js                                 7.16 kB │ gzip:   3.18 kB
public/build/assets/monitoring-incident-evidence-card-BO67l_gP.js        7.16 kB │ gzip:   2.51 kB
public/build/assets/Show-CZHaXvn9.js                                     7.17 kB │ gzip:   2.95 kB
public/build/assets/_dialogs-BkS7jiiE.js                                 7.17 kB │ gzip:   3.06 kB
public/build/assets/fix-clock-out-wizard-DLFX_Gtz.js                     7.18 kB │ gzip:   3.07 kB
public/build/assets/_dialogs-B5P_TfKM.js                                 7.19 kB │ gzip:   3.02 kB
public/build/assets/fleet-hero-kit-CyINVjQL.js                           7.19 kB │ gzip:   2.89 kB
public/build/assets/Index-5YRQOqnp.js                                    7.19 kB │ gzip:   3.05 kB
public/build/assets/Show-D9WgC8KD.js                                     7.20 kB │ gzip:   3.07 kB
public/build/assets/map-model-W3TdKm_Q.js                                7.21 kB │ gzip:   3.07 kB
public/build/assets/leave-excursions-G80N0-kS.js                         7.21 kB │ gzip:   2.39 kB
public/build/assets/location-workspace-BSmbCQEC.js                       7.23 kB │ gzip:   3.08 kB
public/build/assets/preferences-CI29pizc.js                              7.25 kB │ gzip:   3.25 kB
public/build/assets/review-CtFFZ0hx.js                                   7.27 kB │ gzip:   3.10 kB
public/build/assets/new-journal-dialog-BrDHjcGX.js                       7.31 kB │ gzip:   2.69 kB
public/build/assets/respite-B7VE3KqN.js                                  7.31 kB │ gzip:   2.81 kB
public/build/assets/people-picker-CELgDZHZ.js                            7.35 kB │ gzip:   3.14 kB
public/build/assets/provisioning-picker-Omq2O5BO.js                      7.39 kB │ gzip:   3.29 kB
public/build/assets/index-ZTF2LXDP.js                                    7.44 kB │ gzip:   3.13 kB
public/build/assets/index-Djs6QOS0.js                                    7.44 kB │ gzip:   3.13 kB
public/build/assets/create-B25I12Yj.js                                   7.46 kB │ gzip:   3.26 kB
public/build/assets/_review-dialog-BfxJwgx6.js                           7.47 kB │ gzip:   3.13 kB
public/build/assets/Edit-olsMG-Qu.js                                     7.47 kB │ gzip:   3.21 kB
public/build/assets/create-BdV8ofUc.js                                   7.48 kB │ gzip:   3.14 kB
public/build/assets/_dialogs-BB7_vTxT.js                                 7.51 kB │ gzip:   2.47 kB
public/build/assets/compliance-hero-CddfWKZ4.js                          7.56 kB │ gzip:   2.61 kB
public/build/assets/shared-KyaI-VSk.js                                   7.61 kB │ gzip:   3.05 kB
public/build/assets/payroll-adjustments-D_MxTPqa.js                      7.64 kB │ gzip:   3.07 kB
public/build/assets/deletion-logs-zrg00TJW.js                            7.71 kB │ gzip:   3.34 kB
public/build/assets/location-navigator-BdxP8Wwm.js                       7.75 kB │ gzip:   2.64 kB
public/build/assets/show-B_Ry8LsW.js                                     7.75 kB │ gzip:   3.14 kB
public/build/assets/report-error-modal-wssd4gMd.js                       7.76 kB │ gzip:   3.27 kB
public/build/assets/communication-notes-ByvvPtor.js                      7.79 kB │ gzip:   3.16 kB
public/build/assets/for-stay-DrvlvwJ2.js                                 7.80 kB │ gzip:   3.26 kB
public/build/assets/assignments-Be7L9mWA.js                              7.82 kB │ gzip:   3.57 kB
public/build/assets/medical-simple-CeRk7Hq4.js                           7.86 kB │ gzip:   3.44 kB
public/build/assets/index-C2aqdcbh.js                                    7.90 kB │ gzip:   3.27 kB
public/build/assets/history-index-C5F3mHoF.js                            7.92 kB │ gzip:   3.47 kB
public/build/assets/Submissions-D6oKRfjh.js                              7.93 kB │ gzip:   3.69 kB
public/build/assets/daily-note-entry-BIl3jtN9.js                         7.97 kB │ gzip:   3.03 kB
public/build/assets/pending-DqtZNY54.js                                  7.98 kB │ gzip:   3.39 kB
public/build/assets/index-CZ04wj0l.js                                    7.98 kB │ gzip:   3.37 kB
public/build/assets/show-Bo-Jbp_t.js                                     8.02 kB │ gzip:   3.52 kB
public/build/assets/from-resolution-D5qBBos4.js                          8.07 kB │ gzip:   3.57 kB
public/build/assets/file-dropzone-D2p8MMko.js                            8.08 kB │ gzip:   3.49 kB
public/build/assets/audit-history-Z6oB_KJ3.js                            8.13 kB │ gzip:   3.26 kB
public/build/assets/shoutouts-BUlaJtG6.js                                8.16 kB │ gzip:   3.54 kB
public/build/assets/notifications-D4J2sxlY.js                            8.17 kB │ gzip:   3.59 kB
public/build/assets/_tool-palette--DrzhMLL.js                            8.20 kB │ gzip:   2.99 kB
public/build/assets/work-schedule-tgsm1shn.js                            8.26 kB │ gzip:   3.41 kB
public/build/assets/availability-CEeMSwZW.js                             8.31 kB │ gzip:   3.67 kB
public/build/assets/index-D57Wapuz.js                                    8.37 kB │ gzip:   3.16 kB
public/build/assets/incidents-CFPJDgNz.js                                8.39 kB │ gzip:   3.34 kB
public/build/assets/round-template-dialog-Sx7WxAkO.js                    8.39 kB │ gzip:   3.49 kB
public/build/assets/shell-BuLwz9Bd.js                                    8.42 kB │ gzip:   3.06 kB
public/build/assets/reassign-dialog-VXS7LodP.js                          8.42 kB │ gzip:   3.60 kB
public/build/assets/password-DTp8kOpK.js                                 8.43 kB │ gzip:   3.35 kB
public/build/assets/attestations-Y7y3eW9j.js                             8.44 kB │ gzip:   3.64 kB
public/build/assets/index-Dlg97wMc.js                                    8.44 kB │ gzip:   1.27 kB
public/build/assets/form-wizard-BYFIO5VQ.js                              8.49 kB │ gzip:   3.49 kB
public/build/assets/my-day-header-CkMVsOFI.js                            8.50 kB │ gzip:   3.70 kB
public/build/assets/_dialogs-BQN3gk52.js                                 8.57 kB │ gzip:   3.32 kB
public/build/assets/index-CuuwrIhI.js                                    8.60 kB │ gzip:   1.25 kB
public/build/assets/asset-condition-BqH9ffdw.js                          8.66 kB │ gzip:   3.47 kB
public/build/assets/credentials-42pBNBkS.js                              8.66 kB │ gzip:   3.55 kB
public/build/assets/settings-B7Uqpn8t.js                                 8.67 kB │ gzip:   3.75 kB
public/build/assets/primitives-nvRxNGEu.js                               8.69 kB │ gzip:   3.27 kB
public/build/assets/bank-account-dialog-Dzl82HRE.js                      8.70 kB │ gzip:   3.38 kB
public/build/assets/index-BuHObgkb.js                                    8.72 kB │ gzip:   3.71 kB
public/build/assets/index-D1s2eqMU.js                                    8.72 kB │ gzip:   3.72 kB
public/build/assets/new-account-dialog-n6rQM_EB.js                       8.74 kB │ gzip:   3.41 kB
public/build/assets/personal-entry-dialog-DMyvuyU_.js                    8.79 kB │ gzip:   3.29 kB
public/build/assets/show-uajpw3SI.js                                     8.85 kB │ gzip:   3.02 kB
public/build/assets/add-medication-modal-BM0al9IB.js                     8.87 kB │ gzip:   3.64 kB
public/build/assets/show-BAwIUXN5.js                                     8.91 kB │ gzip:   3.97 kB
public/build/assets/overdue-actions-BZngUk2H.js                          8.95 kB │ gzip:   3.72 kB
public/build/assets/timeline-interactions-BDA_aWbV.js                    8.96 kB │ gzip:   3.62 kB
public/build/assets/Index-CrE5EHY2.js                                    8.99 kB │ gzip:   3.81 kB
public/build/assets/fleet-D5_noWvK.js                                    9.05 kB │ gzip:   3.16 kB
public/build/assets/assess-Dfb1bDNO.js                                   9.06 kB │ gzip:   3.77 kB
public/build/assets/hero-kit-BSJ1Cw65.js                                 9.08 kB │ gzip:   2.98 kB
public/build/assets/Index-D1XCMtaB.js                                    9.08 kB │ gzip:   3.90 kB
public/build/assets/index-BRL9CC2q.js                                    9.09 kB │ gzip:   3.79 kB
public/build/assets/ClientTrends-DyIY976t.js                             9.10 kB │ gzip:   3.90 kB
public/build/assets/file-CRW-1oSi.js                                     9.11 kB │ gzip:   3.86 kB
public/build/assets/record-B4H7dA8v.js                                   9.16 kB │ gzip:   4.12 kB
public/build/assets/Index-C8a-JYAg.js                                    9.20 kB │ gzip:   3.68 kB
public/build/assets/index-CarA-6tR.js                                    9.23 kB │ gzip:   3.93 kB
public/build/assets/index-DcDs6jBv.js                                    9.23 kB │ gzip:   3.62 kB
public/build/assets/index-gxVAz-Bn.js                                    9.24 kB │ gzip:   4.01 kB
public/build/assets/note-rail-DgsxgSJV.js                                9.29 kB │ gzip:   3.55 kB
public/build/assets/CarePlans-C3yqYkZX.js                                9.31 kB │ gzip:   3.75 kB
public/build/assets/shift-show-redesign-CB5kB9E5.js                      9.34 kB │ gzip:   3.57 kB
public/build/assets/reports-CMgDzpE4.js                                  9.36 kB │ gzip:   3.89 kB
public/build/assets/knowledge-related-records-C-8Mwp54.js                9.37 kB │ gzip:   3.77 kB
public/build/assets/Show-C5ahzXET.js                                     9.37 kB │ gzip:   4.16 kB
public/build/assets/cd-register-modal-HJpKqwO-.js                        9.37 kB │ gzip:   3.85 kB
public/build/assets/_manage-types-dialog-BIPtOJ-n.js                     9.39 kB │ gzip:   3.82 kB
public/build/assets/Show-DTbOi3cV.js                                     9.43 kB │ gzip:   4.08 kB
public/build/assets/benefits-DcR8fJuG.js                                 9.46 kB │ gzip:   3.75 kB
public/build/assets/Create-Bmflm8qs.js                                   9.49 kB │ gzip:   3.86 kB
public/build/assets/history-BrRLqfm9.js                                  9.51 kB │ gzip:   3.82 kB
public/build/assets/Index-B4qSRqf2.js                                    9.57 kB │ gzip:   4.13 kB
public/build/assets/_dialogs-BGlOQAJr.js                                 9.60 kB │ gzip:   3.07 kB
public/build/assets/Edit-CDb09dAB.js                                     9.62 kB │ gzip:   3.99 kB
public/build/assets/reimbursement-CSjw7NwY.js                            9.65 kB │ gzip:   3.75 kB
public/build/assets/module-Cm_9G_EQ.js                                   9.65 kB │ gzip:   4.28 kB
public/build/assets/index-Cxsj2qtw.js                                    9.66 kB │ gzip:   4.07 kB
public/build/assets/family-tree-DGZGqUUw.js                              9.68 kB │ gzip:   3.64 kB
public/build/assets/create-Brx0YbWl.js                                   9.69 kB │ gzip:   4.06 kB
public/build/assets/Index-DGk0z0L9.js                                    9.69 kB │ gzip:   4.00 kB
public/build/assets/upload-Cdforkn9.js                                   9.70 kB │ gzip:   4.05 kB
public/build/assets/Mapping-CKeCbh-E.js                                  9.72 kB │ gzip:   4.16 kB
public/build/assets/show-BuaZuxbu.js                                     9.73 kB │ gzip:   3.87 kB
public/build/assets/stream-item-DQpyswTr.js                              9.74 kB │ gzip:   3.61 kB
public/build/assets/reviews-CyNaMhbk.js                                  9.74 kB │ gzip:   4.34 kB
public/build/assets/linked-operational-evidence-Cn7hwrK_.js              9.78 kB │ gzip:   3.16 kB
public/build/assets/retention-62_121rk.js                                9.78 kB │ gzip:   3.91 kB
public/build/assets/labels-D4rZ7Pzw.js                                   9.78 kB │ gzip:   3.68 kB
public/build/assets/_food-meal-preferences-Kv-0hLGj.js                   9.82 kB │ gzip:   3.80 kB
public/build/assets/respond-FppIxuaS.js                                  9.82 kB │ gzip:   4.28 kB
public/build/assets/ComplianceStatus-31xMg95J.js                         9.82 kB │ gzip:   4.18 kB
public/build/assets/index-BPv7JvMq.js                                    9.83 kB │ gzip:   4.00 kB
public/build/assets/Index-BM4EuHru.js                                    9.85 kB │ gzip:   4.11 kB
public/build/assets/Create-Dia43uMU.js                                   9.85 kB │ gzip:   3.98 kB
public/build/assets/create-DyC-CMGJ.js                                   9.88 kB │ gzip:   4.07 kB
public/build/assets/Logs-C0cgujUt.js                                     9.91 kB │ gzip:   4.23 kB
public/build/assets/Create-Bzy5qcXp.js                                   9.91 kB │ gzip:   4.00 kB
public/build/assets/Index-DMYVk9-t.js                                    9.95 kB │ gzip:   4.15 kB
public/build/assets/RiskNarrative-DIlM_LRk.js                            9.96 kB │ gzip:   4.11 kB
public/build/assets/succession-wizards-fJ6HbtRY.js                       9.98 kB │ gzip:   3.99 kB
public/build/assets/BoardMembers-CTqLsATF.js                             9.99 kB │ gzip:   4.25 kB
public/build/assets/for-stay-6fCPRbHT.js                                10.01 kB │ gzip:   3.88 kB
public/build/assets/index-OvUE2jnz.js                                   10.01 kB │ gzip:   4.00 kB
public/build/assets/Index-CNH0tP8x.js                                   10.02 kB │ gzip:   4.12 kB
public/build/assets/pending-BjVxZWiw.js                                 10.04 kB │ gzip:   3.84 kB
public/build/assets/finance-MDE343DH.js                                 10.05 kB │ gzip:   3.53 kB
public/build/assets/quick-add-task-MaSheYDP.js                          10.06 kB │ gzip:   3.83 kB
public/build/assets/Show-KBJ9-uEO.js                                    10.09 kB │ gzip:   4.45 kB
public/build/assets/grouped-profile-nav-Db3jmHY4.js                     10.09 kB │ gzip:   3.88 kB
public/build/assets/my-calendar-BEN9uOjg.js                             10.09 kB │ gzip:   4.64 kB
public/build/assets/index-DJpf4R_v.js                                   10.10 kB │ gzip:   4.03 kB
public/build/assets/vehicle-technology-projection-CEoXE54o.js           10.10 kB │ gzip:   3.40 kB
public/build/assets/Index-CrvQ9Dum.js                                   10.10 kB │ gzip:   4.30 kB
public/build/assets/create-D3DNHVzz.js                                  10.10 kB │ gzip:   4.30 kB
public/build/assets/template-BHfDKVt6.js                                10.15 kB │ gzip:   4.10 kB
public/build/assets/policies-0rPz6DO9.js                                10.19 kB │ gzip:   4.14 kB
public/build/assets/GovernanceTermHint-WjftcQS0.js                      10.20 kB │ gzip:   4.11 kB
public/build/assets/Show-cG8peYpy.js                                    10.20 kB │ gzip:   4.31 kB
public/build/assets/time-picker-CLcWpLOW.js                             10.25 kB │ gzip:   4.36 kB
public/build/assets/create-DoizVSea.js                                  10.25 kB │ gzip:   4.14 kB
public/build/assets/asset-finance-technology-projection-CTI6bnLH.js     10.26 kB │ gzip:   3.48 kB
public/build/assets/show-C4n6BLHS.js                                    10.26 kB │ gzip:   4.02 kB
public/build/assets/record-wizard-shared-CCnrN38x.js                    10.28 kB │ gzip:   3.92 kB
public/build/assets/staff-requirements-B4HUd_S-.js                      10.31 kB │ gzip:   3.82 kB
public/build/assets/legal-holds-DqJP71Pf.js                             10.32 kB │ gzip:   4.17 kB
public/build/assets/_inventory-table-Dp1b0a0Y.js                        10.34 kB │ gzip:   3.75 kB
public/build/assets/show-D3CVlR57.js                                    10.35 kB │ gzip:   4.08 kB
public/build/assets/unifi-BvvlKM4t.js                                   10.38 kB │ gzip:   4.13 kB
public/build/assets/Index-Dw58eEkk.js                                   10.39 kB │ gzip:   4.36 kB
public/build/assets/create-BDgTq3ao.js                                  10.41 kB │ gzip:   4.27 kB
public/build/assets/ClientSummary-BdJIEdTp.js                           10.43 kB │ gzip:   3.75 kB
public/build/assets/index-DiNmEGQH.js                                   10.43 kB │ gzip:   4.35 kB
public/build/assets/Index-2yPF06lv.js                                   10.43 kB │ gzip:   4.28 kB
public/build/assets/Show-Ck3omlHJ.js                                    10.43 kB │ gzip:   3.90 kB
public/build/assets/Index-_Unqq7pr.js                                   10.45 kB │ gzip:   4.29 kB
public/build/assets/saved-2B5uFM2b.js                                   10.46 kB │ gzip:   4.28 kB
public/build/assets/marketing-layout-BKKZmNMh.js                        10.47 kB │ gzip:   3.34 kB
public/build/assets/index-DymUD_C_.js                                   10.49 kB │ gzip:   4.12 kB
public/build/assets/Index-C20W59Al.js                                   10.50 kB │ gzip:   4.25 kB
public/build/assets/FundingStreamSummary-BfBWwyhE.js                    10.50 kB │ gzip:   4.31 kB
public/build/assets/imports-6DUWMzB4.js                                 10.51 kB │ gzip:   3.87 kB
public/build/assets/show-Y7vv0lko.js                                    10.55 kB │ gzip:   3.88 kB
public/build/assets/edit-3Stvj3gB.js                                    10.56 kB │ gzip:   4.36 kB
public/build/assets/Index-GbMrC7GA.js                                   10.57 kB │ gzip:   4.36 kB
public/build/assets/Index-DWdORqhW.js                                   10.57 kB │ gzip:   4.48 kB
public/build/assets/risks-DXJYCKmX.js                                   10.58 kB │ gzip:   4.00 kB
public/build/assets/status-BEjtABzy.js                                  10.58 kB │ gzip:   4.23 kB
public/build/assets/ui-BJ53TBt_.js                                      10.58 kB │ gzip:   4.51 kB
public/build/assets/Index-xa2Hug5q.js                                   10.61 kB │ gzip:   4.39 kB
public/build/assets/edit-DSZaHVRb.js                                    10.62 kB │ gzip:   4.31 kB
public/build/assets/index-APqHJ_Pc.js                                   10.69 kB │ gzip:   4.76 kB
public/build/assets/modules-DPo9SacL.js                                 10.72 kB │ gzip:   4.30 kB
public/build/assets/create-COAywxZg.js                                  10.74 kB │ gzip:   3.67 kB
public/build/assets/compliance-BANhCY3l.js                              10.74 kB │ gzip:   4.25 kB
public/build/assets/index-CTLqnJ5N.js                                   10.79 kB │ gzip:   4.24 kB
public/build/assets/tomorrow-panel-i-gGFs8T.js                          10.80 kB │ gzip:   4.25 kB
public/build/assets/portal-users-BN8oed_X.js                            10.80 kB │ gzip:   4.45 kB
public/build/assets/documents-BrA8IQJv.js                               10.84 kB │ gzip:   3.83 kB
public/build/assets/_door-B2m7jivU.js                                   10.87 kB │ gzip:   3.81 kB
public/build/assets/risks-B8ogobL9.js                                   10.90 kB │ gzip:   4.12 kB
public/build/assets/Show-C8ba3_1r.js                                    10.91 kB │ gzip:   4.22 kB
public/build/assets/work-calendar-settings-Bz-xC7OU.js                  10.91 kB │ gzip:   4.32 kB
public/build/assets/Index-CY3uOMrF.js                                   10.93 kB │ gzip:   4.49 kB
public/build/assets/Changes-Bb-Mfyq2.js                                 10.94 kB │ gzip:   4.89 kB
public/build/assets/Show-BkGCWMxu.js                                    10.99 kB │ gzip:   4.45 kB
public/build/assets/create-BwTAvsda.js                                  11.00 kB │ gzip:   4.48 kB
public/build/assets/index-ubtH2xcj.js                                   11.02 kB │ gzip:   1.52 kB
public/build/assets/handovers-hero-DKYPB4-Y.js                          11.03 kB │ gzip:   4.81 kB
public/build/assets/Index-Czn5nPZL.js                                   11.05 kB │ gzip:   4.60 kB
public/build/assets/Committee-BShfYAwG.js                               11.06 kB │ gzip:   4.80 kB
public/build/assets/wizard-kit-CU41NS3a.js                              11.08 kB │ gzip:   4.66 kB
public/build/assets/create-Bl8tAP4J.js                                  11.09 kB │ gzip:   4.38 kB
public/build/assets/TrialBalance-COPXO_Jl.js                            11.09 kB │ gzip:   4.81 kB
public/build/assets/_dialogs-ejqxvIXr.js                                11.11 kB │ gzip:   4.43 kB
public/build/assets/index-BvQjsG0a.js                                   11.11 kB │ gzip:   4.58 kB
public/build/assets/photos-WoN14BUE.js                                  11.13 kB │ gzip:   4.57 kB
public/build/assets/breaches-W4zhYyS9.js                                11.14 kB │ gzip:   4.41 kB
public/build/assets/vendors-CD2DjY8-.js                                 11.16 kB │ gzip:   3.65 kB
public/build/assets/index-CrkJ2ERp.js                                   11.16 kB │ gzip:   4.02 kB
public/build/assets/clock-out-wizard-Czd-I5U0.js                        11.18 kB │ gzip:   4.50 kB
public/build/assets/summary-y7SMZjUU.js                                 11.19 kB │ gzip:   4.11 kB
public/build/assets/timeline-DxzwLhqy.js                                11.20 kB │ gzip:   4.80 kB
public/build/assets/index-DbaK6hDY.js                                   11.23 kB │ gzip:   4.36 kB
public/build/assets/broadcast-show-BXZQYrg-.js                          11.26 kB │ gzip:   4.11 kB
public/build/assets/show-supervision-DUXhcAGG.js                        11.27 kB │ gzip:   4.26 kB
public/build/assets/cards-view-D6A-aYg5.js                              11.27 kB │ gzip:   4.21 kB
public/build/assets/privacy-action-modal-BW2FUSy4.js                    11.30 kB │ gzip:   4.43 kB
public/build/assets/CheckShift-dLr8CJSA.js                              11.32 kB │ gzip:   4.78 kB
public/build/assets/dashboard-tabs-9SaeqR6K.js                          11.32 kB │ gzip:   4.23 kB
public/build/assets/Edit-UM-aQg-a.js                                    11.33 kB │ gzip:   4.57 kB
public/build/assets/Index-Dov8A3B3.js                                   11.33 kB │ gzip:   4.68 kB
public/build/assets/map-D_kb8t6p.js                                     11.33 kB │ gzip:   4.61 kB
public/build/assets/notifications-BqnbpnP5.js                           11.35 kB │ gzip:   4.20 kB
public/build/assets/Index-BJGH623X.js                                   11.38 kB │ gzip:   4.71 kB
public/build/assets/Index-CY7F_lLr.js                                   11.40 kB │ gzip:   4.58 kB
public/build/assets/Matrix-DMq1Oc8s.js                                  11.42 kB │ gzip:   4.87 kB
public/build/assets/wizard-configs-CG9QOK1f.js                          11.42 kB │ gzip:   3.50 kB
public/build/assets/visit-requests-rODxguNn.js                          11.42 kB │ gzip:   4.63 kB
public/build/assets/leave-hub-parts-DBeGYYFA.js                         11.45 kB │ gzip:   4.22 kB
public/build/assets/surveys-Bxkm0aEb.js                                 11.45 kB │ gzip:   4.53 kB
public/build/assets/index-93ffv95Y.js                                   11.46 kB │ gzip:   4.67 kB
public/build/assets/price-book-dialog-46RNHOty.js                       11.47 kB │ gzip:   4.58 kB
public/build/assets/quote-dialog-B_f_iuS1.js                            11.49 kB │ gzip:   4.65 kB
public/build/assets/Create-BaDIW1xg.js                                  11.49 kB │ gzip:   4.50 kB
public/build/assets/create-BnYFeIAB.js                                  11.51 kB │ gzip:   4.79 kB
public/build/assets/Index-7EwFTY5a.js                                   11.52 kB │ gzip:   5.15 kB
public/build/assets/workers-wITlhZsy.js                                 11.54 kB │ gzip:   4.40 kB
public/build/assets/Trends-CWUoUIfv.js                                  11.55 kB │ gzip:   5.00 kB
public/build/assets/index-h9WczO0-.js                                   11.57 kB │ gzip:   4.59 kB
public/build/assets/documents-AGI1bcIL.js                               11.59 kB │ gzip:   4.11 kB
public/build/assets/Index-BFlcGO33.js                                   11.61 kB │ gzip:   4.82 kB
public/build/assets/overview-panels-C-DeTyfs.js                         11.63 kB │ gzip:   4.66 kB
public/build/assets/index-Blajx1vG.js                                   11.63 kB │ gzip:   4.21 kB
public/build/assets/Show-D3_RszDx.js                                    11.66 kB │ gzip:   5.12 kB
public/build/assets/dpia-DUVW6Fa3.js                                    11.66 kB │ gzip:   4.47 kB
public/build/assets/_dialogs-D3r9sgh2.js                                11.68 kB │ gzip:   4.74 kB
public/build/assets/show-CviH26H2.js                                    11.70 kB │ gzip:   5.02 kB
public/build/assets/show-Bxkk97ff.js                                    11.80 kB │ gzip:   4.45 kB
public/build/assets/task-BM9xd1l_.js                                    11.83 kB │ gzip:   4.85 kB
public/build/assets/Dashboard-DAXpnTsn.js                               11.83 kB │ gzip:   5.06 kB
public/build/assets/Index-CCFTzqNI.js                                   11.86 kB │ gzip:   4.88 kB
public/build/assets/templates-DsY__Li4.js                               11.86 kB │ gzip:   4.84 kB
public/build/assets/rehire-wizard-DJhJh9Ff.js                           11.87 kB │ gzip:   4.49 kB
public/build/assets/_dialogs-CrK0CEkY.js                                11.88 kB │ gzip:   4.47 kB
public/build/assets/Index-ClxR3D3v.js                                   11.90 kB │ gzip:   4.61 kB
public/build/assets/Index-BO6JoN4-.js                                   11.91 kB │ gzip:   5.20 kB
public/build/assets/Index-CKvasmpU.js                                   11.91 kB │ gzip:   5.14 kB
public/build/assets/community-access-Bntw0CeW.js                        11.92 kB │ gzip:   4.81 kB
public/build/assets/shift-list-view-Bq73f-Vl.js                         11.94 kB │ gzip:   4.71 kB
public/build/assets/alerts-config-FKl9uf3w.js                           11.94 kB │ gzip:   4.58 kB
public/build/assets/Index-CthcebQh.js                                   11.96 kB │ gzip:   5.18 kB
public/build/assets/Index-Qgg1Jxz6.js                                   11.96 kB │ gzip:   5.23 kB
public/build/assets/log-notifiable-dialog-CNOxKEbE.js                   11.97 kB │ gzip:   4.40 kB
public/build/assets/Prepare-rq5F-qCX.js                                 11.97 kB │ gzip:   4.89 kB
public/build/assets/healthcare-devices-hSDX2opg.js                      11.99 kB │ gzip:   4.18 kB
public/build/assets/apply-wmCnQ_YL.js                                   12.00 kB │ gzip:   4.56 kB
public/build/assets/performance-hero-CiwyIIMv.js                        12.00 kB │ gzip:   3.84 kB
public/build/assets/create-template-C4CoP8uz.js                         12.02 kB │ gzip:   4.80 kB
public/build/assets/sign-DvX1U1K9.js                                    12.05 kB │ gzip:   4.74 kB
public/build/assets/profile-D84v97zM.js                                 12.05 kB │ gzip:   4.92 kB
public/build/assets/page-hero-Cislviwi.js                               12.05 kB │ gzip:   4.63 kB
public/build/assets/AgedReport-DXyAA3Vv.js                              12.07 kB │ gzip:   5.43 kB
public/build/assets/protocol-form-DADakoMG.js                           12.08 kB │ gzip:   4.39 kB
public/build/assets/ppe-wizard-D6HQrDga.js                              12.15 kB │ gzip:   4.97 kB
public/build/assets/assignments-DSa3bIi1.js                             12.16 kB │ gzip:   4.89 kB
public/build/assets/Index-B38ZHIS8.js                                   12.17 kB │ gzip:   5.10 kB
public/build/assets/index-C_X7zkbf.js                                   12.18 kB │ gzip:   4.66 kB
public/build/assets/it-ticket-comment-contract-BBENTCa7.js              12.19 kB │ gzip:   3.96 kB
public/build/assets/cards-view-B5rWFS9s.js                              12.20 kB │ gzip:   4.47 kB
public/build/assets/Index-leQriAI-.js                                   12.21 kB │ gzip:   4.96 kB
public/build/assets/_request-dialog-CKw64CF1.js                         12.25 kB │ gzip:   4.61 kB
public/build/assets/create-Dwiaposr.js                                  12.25 kB │ gzip:   4.71 kB
public/build/assets/_builder-dialog-BmZ4XEDS.js                         12.27 kB │ gzip:   4.90 kB
public/build/assets/BalanceSheet-B-P8waBO.js                            12.28 kB │ gzip:   5.14 kB
public/build/assets/Index-CS_XYjfc.js                                   12.31 kB │ gzip:   5.25 kB
public/build/assets/index-CZTMjM99.js                                   12.32 kB │ gzip:   5.01 kB
public/build/assets/medications-CB48u6eo.js                             12.35 kB │ gzip:   4.47 kB
public/build/assets/Index-6fFdXjnv.js                                   12.35 kB │ gzip:   4.87 kB
public/build/assets/stocktakes-BmNGs1cM.js                              12.35 kB │ gzip:   4.50 kB
public/build/assets/Index-CpxHt1JU.js                                   12.38 kB │ gzip:   5.08 kB
public/build/assets/index-C0RAwt-a.js                                   12.39 kB │ gzip:   4.46 kB
public/build/assets/donor-fund-dialog-BECTytZE.js                       12.42 kB │ gzip:   4.44 kB
public/build/assets/time-vUw48aUL.js                                    12.42 kB │ gzip:   5.29 kB
public/build/assets/index-BlFjKGeP.js                                   12.43 kB │ gzip:   5.09 kB
public/build/assets/pricing-DFBSNnBo.js                                 12.44 kB │ gzip:   3.70 kB
public/build/assets/index-uBL6nJcZ.js                                   12.45 kB │ gzip:   5.33 kB
public/build/assets/edit-ClzdBa7e.js                                    12.47 kB │ gzip:   4.92 kB
public/build/assets/Index--mLk3iWt.js                                   12.48 kB │ gzip:   5.40 kB
public/build/assets/index-phWv7Tvs.js                                   12.49 kB │ gzip:   4.73 kB
public/build/assets/log-obligation-dialog-CzaQ54pu.js                   12.49 kB │ gzip:   4.70 kB
public/build/assets/facilities-CRtx-1ea.js                              12.49 kB │ gzip:   5.20 kB
public/build/assets/index-CTNq7ZC_.js                                   12.50 kB │ gzip:   4.84 kB
public/build/assets/Index-F2o86HD5.js                                   12.51 kB │ gzip:   5.38 kB
public/build/assets/head-office-CoXGa-ML.js                             12.51 kB │ gzip:   5.28 kB
public/build/assets/requests-BuIDZXEo.js                                12.52 kB │ gzip:   4.81 kB
public/build/assets/specialist-workspace-header-D77qSzxq.js             12.57 kB │ gzip:   5.56 kB
public/build/assets/_dialogs-BCSrJhjv.js                                12.57 kB │ gzip:   5.33 kB
public/build/assets/index-BKRMgFK0.js                                   12.61 kB │ gzip:   4.46 kB
public/build/assets/index-BT49flK1.js                                   12.65 kB │ gzip:   4.83 kB
public/build/assets/edit-CM6j5RZF.js                                    12.65 kB │ gzip:   4.78 kB
public/build/assets/index-CxiPFOfm.js                                   12.66 kB │ gzip:   5.21 kB
public/build/assets/Trends-Dvdqx3Im.js                                  12.67 kB │ gzip:   5.20 kB
public/build/assets/file-preview-dialog-DYyj1o5h.js                     12.67 kB │ gzip:   5.00 kB
public/build/assets/geofence-draw-map-BipPEelk.js                       12.68 kB │ gzip:   4.86 kB
public/build/assets/Assignments-B934PxNh.js                             12.70 kB │ gzip:   5.33 kB
public/build/assets/Diff-C7fBj-Do.js                                    12.70 kB │ gzip:   5.46 kB
public/build/assets/index-BrxL3XYO.js                                   12.71 kB │ gzip:   4.62 kB
public/build/assets/health-B-vNKf36.js                                  12.75 kB │ gzip:   4.32 kB
public/build/assets/Review-CfWT08yN.js                                  12.75 kB │ gzip:   4.67 kB
public/build/assets/new-po-dialog-zMK_WhKg.js                           12.75 kB │ gzip:   4.80 kB
public/build/assets/show-Bngkoxze.js                                    12.76 kB │ gzip:   4.78 kB
public/build/assets/show-DMa1JeRF.js                                    12.77 kB │ gzip:   4.53 kB
public/build/assets/index-De352Rqa.js                                   12.77 kB │ gzip:   5.00 kB
public/build/assets/builder-B7Wp6nau.js                                 12.81 kB │ gzip:   4.88 kB
public/build/assets/Index-ClOzBdli.js                                   12.82 kB │ gzip:   4.77 kB
public/build/assets/Show-4xjhpK02.js                                    12.85 kB │ gzip:   4.89 kB
public/build/assets/ProfitAndLoss-CA96B64v.js                           12.86 kB │ gzip:   5.15 kB
public/build/assets/ppe-action-dialogs-DCj8YJQQ.js                      12.87 kB │ gzip:   4.36 kB
public/build/assets/Index-BDAIGD3O.js                                   12.88 kB │ gzip:   5.53 kB
public/build/assets/Index-DmDbu4F4.js                                   12.88 kB │ gzip:   5.59 kB
public/build/assets/Index-U_7iQ_em.js                                   12.94 kB │ gzip:   5.66 kB
public/build/assets/privacy-CgOiWl8P.js                                 12.98 kB │ gzip:   3.80 kB
public/build/assets/index-CPkO5Y_4.js                                   13.02 kB │ gzip:   5.45 kB
public/build/assets/Dashboard-D5h2rZxz.js                               13.07 kB │ gzip:   5.45 kB
public/build/assets/Show-V9-SWq3k.js                                    13.09 kB │ gzip:   5.07 kB
public/build/assets/prn-wizard-B1VcimFH.js                              13.10 kB │ gzip:   4.99 kB
public/build/assets/show-DaoxVVGW.js                                    13.10 kB │ gzip:   4.95 kB
public/build/assets/Trends-PT9Jde8R.js                                  13.11 kB │ gzip:   5.34 kB
public/build/assets/index-C5xOyz8a.js                                   13.12 kB │ gzip:   5.40 kB
public/build/assets/operational-canvas-C2SaGQK1.js                      13.15 kB │ gzip:   5.30 kB
public/build/assets/playbook-wizard-BxMsWG-0.js                         13.16 kB │ gzip:   4.59 kB
public/build/assets/Dashboard-2edrxGv-.js                               13.16 kB │ gzip:   4.33 kB
public/build/assets/layout-C_YMElHB.js                                  13.19 kB │ gzip:   4.24 kB
public/build/assets/Index-Cqs2Mf8s.js                                   13.19 kB │ gzip:   5.61 kB
public/build/assets/daily-check-DMQr6eMd.js                             13.21 kB │ gzip:   5.33 kB
public/build/assets/Create-CXowDsl5.js                                  13.22 kB │ gzip:   5.56 kB
public/build/assets/calendar-DjHIl2fV.js                                13.22 kB │ gzip:   5.26 kB
public/build/assets/plans-W6NLKYD3.js                                   13.23 kB │ gzip:   5.34 kB
public/build/assets/site-detail-Dk5PQKKT.js                             13.23 kB │ gzip:   4.49 kB
public/build/assets/alerts-events-Ba-NiRlg.js                           13.25 kB │ gzip:   5.59 kB
public/build/assets/Index-1L3kE9ZJ.js                                   13.27 kB │ gzip:   5.61 kB
public/build/assets/show-B2NXEwiL.js                                    13.28 kB │ gzip:   5.11 kB
public/build/assets/reviews-4DOUiMcI.js                                 13.31 kB │ gzip:   5.13 kB
public/build/assets/Index-BYzok_tf.js                                   13.31 kB │ gzip:   5.55 kB
public/build/assets/messaging-DvlDCcbx.js                               13.33 kB │ gzip:   4.71 kB
public/build/assets/pre-check-DavhRLt6.js                               13.34 kB │ gzip:   5.00 kB
public/build/assets/goals-path-BdXfSrlx.js                              13.35 kB │ gzip:   5.34 kB
public/build/assets/_dialogs-Bcf2ie5C.js                                13.39 kB │ gzip:   4.86 kB
public/build/assets/create-CiEvVgpy.js                                  13.39 kB │ gzip:   5.20 kB
public/build/assets/_dialogs-dXNb5P5G.js                                13.39 kB │ gzip:   5.61 kB
public/build/assets/HealthMonitoring-B-O7QDfd.js                        13.40 kB │ gzip:   4.87 kB
public/build/assets/Index-DW9DOZ9W.js                                   13.44 kB │ gzip:   5.87 kB
public/build/assets/_audit-dialog-By3uHFAh.js                           13.46 kB │ gzip:   5.39 kB
public/build/assets/timesheet-review-BKwQSgvx.js                        13.46 kB │ gzip:   5.02 kB
public/build/assets/_ledger-panel-E2CRfqX6.js                           13.46 kB │ gzip:   4.24 kB
public/build/assets/unassign-make-open-dialog-CD71qlv1.js               13.47 kB │ gzip:   5.09 kB
public/build/assets/about-CX8t3Fap.js                                   13.50 kB │ gzip:   3.49 kB
public/build/assets/houses-CqmGfJi3.js                                  13.55 kB │ gzip:   5.66 kB
public/build/assets/digest-panel-ek66PiPy.js                            13.56 kB │ gzip:   4.79 kB
public/build/assets/expenses-BVy2uvc-.js                                13.57 kB │ gzip:   5.23 kB
public/build/assets/index-DKQQ8CoN.js                                   13.57 kB │ gzip:   5.78 kB
public/build/assets/edit-template-i7dYppQp.js                           13.58 kB │ gzip:   5.46 kB
public/build/assets/client-DX73pUz6.js                                  13.61 kB │ gzip:   3.88 kB
public/build/assets/Index-bOVuHh2b.js                                   13.62 kB │ gzip:   5.88 kB
public/build/assets/my-day-hero-DA57rHfr.js                             13.65 kB │ gzip:   5.96 kB
public/build/assets/MyInterests-DJUGNn4W.js                             13.68 kB │ gzip:   5.79 kB
public/build/assets/Index-DlRBTCSb.js                                   13.69 kB │ gzip:   5.96 kB
public/build/assets/_dialogs-9W8fMRpi.js                                13.70 kB │ gzip:   5.13 kB
public/build/assets/terminology-DwUo1mRK.js                             13.71 kB │ gzip:   4.20 kB
public/build/assets/documents-lOzlPao_.js                               13.72 kB │ gzip:   5.47 kB
public/build/assets/by-house-jsH0dlnF.js                                13.72 kB │ gzip:   4.84 kB
public/build/assets/rule-wizard-BE1KG8pf.js                             13.75 kB │ gzip:   5.11 kB
public/build/assets/Index-7KtVUsNx.js                                   13.79 kB │ gzip:   5.81 kB
public/build/assets/Index-DNLD51mo.js                                   13.82 kB │ gzip:   5.46 kB
public/build/assets/Index-jC6LkxXS.js                                   13.85 kB │ gzip:   5.59 kB
public/build/assets/Committee-CdhcpRvy.js                               13.86 kB │ gzip:   6.00 kB
public/build/assets/_recipe-edit-dialog-Xcq4i5k4.js                     13.90 kB │ gzip:   4.69 kB
public/build/assets/timeline-tab-n5mQ5yvX.js                            13.94 kB │ gzip:   4.93 kB
public/build/assets/Show-BOiR2dtP.js                                    14.00 kB │ gzip:   6.03 kB
public/build/assets/map-DF0mzjuQ.js                                     14.00 kB │ gzip:   5.81 kB
public/build/assets/create-dw_6YQe1.js                                  14.05 kB │ gzip:   5.36 kB
public/build/assets/show-CzY0AdQ1.js                                    14.09 kB │ gzip:   5.08 kB
public/build/assets/show-B3pXa3jA.js                                    14.12 kB │ gzip:   4.73 kB
public/build/assets/holidays-COne7CjL.js                                14.12 kB │ gzip:   5.76 kB
public/build/assets/Show-QqDpjUNq.js                                    14.12 kB │ gzip:   5.50 kB
public/build/assets/Attestations-BV2QOQdZ.js                            14.12 kB │ gzip:   5.81 kB
public/build/assets/index-D_6hfv0B.js                                   14.16 kB │ gzip:   5.39 kB
public/build/assets/Index-DfSygyQW.js                                   14.20 kB │ gzip:   6.20 kB
public/build/assets/audit-log-DjwxgkdO.js                               14.21 kB │ gzip:   5.74 kB
public/build/assets/_dialog-shared-CAKbgpqL.js                          14.22 kB │ gzip:   5.45 kB
public/build/assets/new-vendor-dialog-CLsZxBkc.js                       14.25 kB │ gzip:   4.76 kB
public/build/assets/Terminals-DOOUg-tP.js                               14.31 kB │ gzip:   5.93 kB
public/build/assets/task-detail-dialog-B-_jUoBw.js                      14.34 kB │ gzip:   4.80 kB
public/build/assets/Statements-BwroD2PB.js                              14.39 kB │ gzip:   5.88 kB
public/build/assets/trends-lD5HgMw4.js                                  14.40 kB │ gzip:   4.82 kB
public/build/assets/Index-BgUr0rfw.js                                   14.41 kB │ gzip:   6.17 kB
public/build/assets/workflow-BRhbajj2.js                                14.41 kB │ gzip:   5.90 kB
public/build/assets/survey-C7-F3y74.js                                  14.44 kB │ gzip:   4.77 kB
public/build/assets/index-Ba5NOaWI.js                                   14.45 kB │ gzip:   5.38 kB
public/build/assets/Index-ByTbJWBt.js                                   14.47 kB │ gzip:   6.19 kB
public/build/assets/mar-DO1rihJf.js                                     14.48 kB │ gzip:   3.92 kB
public/build/assets/Create-BoRKeIrc.js                                  14.48 kB │ gzip:   5.67 kB
public/build/assets/Index-D4srbrS-.js                                   14.49 kB │ gzip:   6.39 kB
public/build/assets/Index-Ct1JS5I6.js                                   14.51 kB │ gzip:   6.03 kB
public/build/assets/global-DcxXSIZK.js                                  14.59 kB │ gzip:   5.52 kB
public/build/assets/Financials-DSsfjmeC.js                              14.61 kB │ gzip:   5.75 kB
public/build/assets/_commercial-B7uv57sp.js                             14.62 kB │ gzip:   5.37 kB
public/build/assets/_dialogs-Doy13L5Z.js                                14.63 kB │ gzip:   5.81 kB
public/build/assets/index-BnQ52mXI.js                                   14.64 kB │ gzip:   5.56 kB
public/build/assets/matrix-cFnPo1UV.js                                  14.74 kB │ gzip:   5.91 kB
public/build/assets/record-evidence-dialog-d65VgAUn.js                  14.75 kB │ gzip:   5.98 kB
public/build/assets/_dialogs-B_G4PBS9.js                                14.75 kB │ gzip:   5.61 kB
public/build/assets/show-0E9whZOA.js                                    14.76 kB │ gzip:   5.72 kB
public/build/assets/my-tasks-udZ_oViJ.js                                14.76 kB │ gzip:   5.78 kB
public/build/assets/run-DNxa-iBp.js                                     14.76 kB │ gzip:   5.47 kB
public/build/assets/index-MRq1s_Un.js                                   14.77 kB │ gzip:   6.13 kB
public/build/assets/playback-6dxXWxln.js                                14.79 kB │ gzip:   5.81 kB
public/build/assets/index-3CAaN_Me.js                                   14.79 kB │ gzip:   5.79 kB
public/build/assets/Show-CVY1rDWy.js                                    14.82 kB │ gzip:   5.87 kB
public/build/assets/new-bill-dialog-BLdhhwne.js                         14.83 kB │ gzip:   5.31 kB
public/build/assets/Show-BcFTr8MR.js                                    14.86 kB │ gzip:   6.07 kB
public/build/assets/reports-DfCpvIrf.js                                 14.91 kB │ gzip:   5.16 kB
public/build/assets/Index-CxFEkiTq.js                                   14.95 kB │ gzip:   5.51 kB
public/build/assets/show-KNNYCtrE.js                                    14.95 kB │ gzip:   5.50 kB
public/build/assets/CashFlow-BowjXOEK.js                                14.97 kB │ gzip:   5.89 kB
public/build/assets/Create-Xjuxz_XV.js                                  14.98 kB │ gzip:   4.94 kB
public/build/assets/index-CtD6sbNO.js                                   14.98 kB │ gzip:   6.04 kB
public/build/assets/Results-hH1u7D4Q.js                                 15.02 kB │ gzip:   6.25 kB
public/build/assets/portal-users-BOioYy45.js                            15.03 kB │ gzip:   6.21 kB
public/build/assets/edit-DOu87MVF.js                                    15.08 kB │ gzip:   5.88 kB
public/build/assets/sso-groups-Spu2px2K.js                              15.11 kB │ gzip:   5.61 kB
public/build/assets/custom-fields-BBTqSsmt.js                           15.11 kB │ gzip:   6.12 kB
public/build/assets/index-DhdL4XtI.js                                   15.14 kB │ gzip:   6.21 kB
public/build/assets/command-centre-hero-CH57G0OX.js                     15.18 kB │ gzip:   6.15 kB
public/build/assets/Show-D9YYA-5G.js                                    15.20 kB │ gzip:   6.39 kB
public/build/assets/overview-DbnMLEvR.js                                15.26 kB │ gzip:   5.52 kB
public/build/assets/BatchDetail-Dl2-jC5O.js                             15.27 kB │ gzip:   5.89 kB
public/build/assets/create-BTgryHRl.js                                  15.31 kB │ gzip:   5.59 kB
public/build/assets/terms-C033wP6b.js                                   15.36 kB │ gzip:   4.44 kB
public/build/assets/Index-BS2XhMyL.js                                   15.37 kB │ gzip:   6.32 kB
public/build/assets/Roles-CWMh-ULn.js                                   15.39 kB │ gzip:   4.83 kB
public/build/assets/edit-EUXJSkOX.js                                    15.39 kB │ gzip:   6.08 kB
public/build/assets/contact-C83f279P.js                                 15.42 kB │ gzip:   4.92 kB
public/build/assets/Show-4_TxyDHZ.js                                    15.47 kB │ gzip:   6.00 kB
public/build/assets/Index-DsAjrgzG.js                                   15.47 kB │ gzip:   6.56 kB
public/build/assets/show-BbcfnaE4.js                                    15.53 kB │ gzip:   5.81 kB
public/build/assets/record-event-dialog-C1MewAPe.js                     15.54 kB │ gzip:   5.96 kB
public/build/assets/staff-detail-Qsjk_Uu1.js                            15.55 kB │ gzip:   5.92 kB
public/build/assets/bonuses-DjhUmKWy.js                                 15.55 kB │ gzip:   6.29 kB
public/build/assets/reports-CXC-9o9s.js                                 15.60 kB │ gzip:   5.95 kB
public/build/assets/payslips-D-CYFEgj.js                                15.62 kB │ gzip:   5.65 kB
public/build/assets/shift-detail-dialog-ClCaCsBL.js                     15.63 kB │ gzip:   6.05 kB
public/build/assets/daily-note-wizard-B7ajftA0.js                       15.63 kB │ gzip:   4.78 kB
public/build/assets/profile-C9DZm_zf.js                                 15.70 kB │ gzip:   5.61 kB
public/build/assets/Index-BdrJIVj0.js                                   15.72 kB │ gzip:   6.32 kB
public/build/assets/history-D9cqpk-D.js                                 15.73 kB │ gzip:   5.82 kB
public/build/assets/Show-sH-_Dvvp.js                                    15.75 kB │ gzip:   6.33 kB
public/build/assets/webhooks-Dt2XkN5A.js                                15.76 kB │ gzip:   5.40 kB
public/build/assets/BudgetVsActuals-CK1Vw8k7.js                         15.76 kB │ gzip:   6.10 kB
public/build/assets/Heatmap-BV5pBccN.js                                 15.86 kB │ gzip:   6.67 kB
public/build/assets/my-hr-shoutout-spotlight-Dgs6mib1.js                15.87 kB │ gzip:   5.91 kB
public/build/assets/Batches-BNTLY8KK.js                                 15.88 kB │ gzip:   6.53 kB
public/build/assets/review-detail-DKXQfr_k.js                           15.89 kB │ gzip:   6.32 kB
public/build/assets/index-DkieuURz.js                                   15.95 kB │ gzip:   6.62 kB
public/build/assets/maintenance-health-BZTzwN8M.js                      15.98 kB │ gzip:   6.30 kB
public/build/assets/Index-fTswLCRn.js                                   15.99 kB │ gzip:   6.25 kB
public/build/assets/audit-Dk6eWq7B.js                                   16.04 kB │ gzip:   5.96 kB
public/build/assets/Index-C_oTu9b3.js                                   16.05 kB │ gzip:   6.82 kB
public/build/assets/record-dose-wizard-BVpkZZGA.js                      16.05 kB │ gzip:   5.37 kB
public/build/assets/record-receipt-dialog-Bj1GK0Wu.js                   16.12 kB │ gzip:   5.58 kB
public/build/assets/index-FHv4iN37.js                                   16.14 kB │ gzip:   6.44 kB
public/build/assets/policy-wizards-B-RxvdTR.js                          16.17 kB │ gzip:   5.57 kB
public/build/assets/Index-B4QKRyey.js                                   16.27 kB │ gzip:   6.83 kB
public/build/assets/matrix-Di5a1K1p.js                                  16.28 kB │ gzip:   6.33 kB
public/build/assets/appearance-ySZPnFlE.js                              16.30 kB │ gzip:   5.01 kB
public/build/assets/incidents-DgR-XuWi.js                               16.32 kB │ gzip:   6.03 kB
public/build/assets/risk-management-D3f7bKev.js                         16.35 kB │ gzip:   6.27 kB
public/build/assets/Assessments-294qMzH4.js                             16.39 kB │ gzip:   6.43 kB
public/build/assets/Show-D9Eb_b-6.js                                    16.39 kB │ gzip:   6.43 kB
public/build/assets/record-abc-dialog-BUFAa4ys.js                       16.39 kB │ gzip:   5.81 kB
public/build/assets/Index-j54aoYNP.js                                   16.41 kB │ gzip:   6.35 kB
public/build/assets/breaches-Bb1Mp8Gf.js                                16.42 kB │ gzip:   5.76 kB
public/build/assets/RunResults-zWDctCUa.js                              16.44 kB │ gzip:   6.17 kB
public/build/assets/show-FDs9f4lR.js                                    16.49 kB │ gzip:   6.58 kB
public/build/assets/index-UokAjiWI.js                                   16.52 kB │ gzip:   6.62 kB
public/build/assets/Settings-VqGNeBLr.js                                16.55 kB │ gzip:   6.21 kB
public/build/assets/show-ErIUd2uX.js                                    16.56 kB │ gzip:   5.62 kB
public/build/assets/Show-Bf0Hoo5e.js                                    16.59 kB │ gzip:   6.53 kB
public/build/assets/notification-defaults-Dcpd5ba6.js                   16.62 kB │ gzip:   5.92 kB
public/build/assets/index-yDa9R0gJ.js                                   16.66 kB │ gzip:   6.49 kB
public/build/assets/Index-C9l1vrnp.js                                   16.68 kB │ gzip:   6.63 kB
public/build/assets/observations-BzW_5hit.js                            16.70 kB │ gzip:   6.20 kB
public/build/assets/boundary-wizard-ieXCPz8-.js                         16.72 kB │ gzip:   6.43 kB
public/build/assets/location-BsH3OZz-.js                                16.73 kB │ gzip:   6.02 kB
public/build/assets/Show-DKpMfE2I.js                                    16.81 kB │ gzip:   6.95 kB
public/build/assets/charts-BfnDxe00.js                                  16.83 kB │ gzip:   5.56 kB
public/build/assets/Protocols-C9_pLb36.js                               16.86 kB │ gzip:   6.23 kB
public/build/assets/documents-DgS--wEJ.js                               16.86 kB │ gzip:   6.66 kB
public/build/assets/leave-CfpdGP67.js                                   16.88 kB │ gzip:   7.06 kB
public/build/assets/Index-C6F3bWpb.js                                   16.88 kB │ gzip:   6.91 kB
public/build/assets/Show-Bad7pn27.js                                    16.88 kB │ gzip:   5.82 kB
public/build/assets/Index-0A9z1Z_R.js                                   16.89 kB │ gzip:   6.96 kB
public/build/assets/note-detail-dialog-Dtni5YLa.js                      16.91 kB │ gzip:   5.80 kB
public/build/assets/api-bc1TKPzy.js                                     16.93 kB │ gzip:   5.15 kB
public/build/assets/Index-CVG3TnGX.js                                   16.99 kB │ gzip:   6.65 kB
public/build/assets/cost-allocation-CetITYaq.js                         17.07 kB │ gzip:   6.10 kB
public/build/assets/leaflet-map-D36dmSwr.js                             17.11 kB │ gzip:   6.08 kB
public/build/assets/edit-XJnja23N.js                                    17.11 kB │ gzip:   6.32 kB
public/build/assets/family-notes-BfqIXKfJ.js                            17.12 kB │ gzip:   6.35 kB
public/build/assets/index-DO_BDOrs.js                                   17.12 kB │ gzip:   6.69 kB
public/build/assets/Index-DD8OzxAn.js                                   17.16 kB │ gzip:   6.20 kB
public/build/assets/Index-C54kjTsj.js                                   17.21 kB │ gzip:   7.09 kB
public/build/assets/create-BpygrulT.js                                  17.21 kB │ gzip:   6.02 kB
public/build/assets/maintenance-CKM_L0yP.js                             17.29 kB │ gzip:   6.48 kB
public/build/assets/leave-hub-tabs-RWIkkrrG.js                          17.30 kB │ gzip:   5.81 kB
public/build/assets/_dialogs-BJ8hDieH.js                                17.31 kB │ gzip:   6.47 kB
public/build/assets/worklists-5X5JBdbT.js                               17.31 kB │ gzip:   5.87 kB
public/build/assets/Index-CxD55LVE.js                                   17.34 kB │ gzip:   7.23 kB
public/build/assets/week-picker-DqyWGuHS.js                             17.40 kB │ gzip:   6.73 kB
public/build/assets/view-timesheet-dialog-BlHVU4Wv.js                   17.49 kB │ gzip:   4.84 kB
public/build/assets/handover-detail-dialog-CG9kJ0ub.js                  17.50 kB │ gzip:   5.94 kB
public/build/assets/fleet-calendar-B93Mqm8F.js                          17.55 kB │ gzip:   6.94 kB
public/build/assets/Index-B8RDsnGQ.js                                   17.63 kB │ gzip:   7.48 kB
public/build/assets/index-kBQoAZRw.js                                   17.63 kB │ gzip:   6.72 kB
public/build/assets/index--bgFanjq.js                                   17.64 kB │ gzip:   5.93 kB
public/build/assets/_overview-dialogs-C9H_3n8O.js                       17.65 kB │ gzip:   5.35 kB
public/build/assets/show-Dy7Xs7D3.js                                    17.71 kB │ gzip:   4.43 kB
public/build/assets/edit-C1o6mnVw.js                                    17.87 kB │ gzip:   6.46 kB
public/build/assets/substance-wizard-dialog-C6yMi4cV.js                 17.90 kB │ gzip:   6.30 kB
public/build/assets/index-DgGn-JB4.js                                   17.90 kB │ gzip:   6.91 kB
public/build/assets/show-BBHs_4Sh.js                                    17.91 kB │ gzip:   6.40 kB
public/build/assets/Index-DrfbNAAo.js                                   17.97 kB │ gzip:   7.33 kB
public/build/assets/security-CAp9W1VP.js                                17.99 kB │ gzip:   6.22 kB
public/build/assets/reports-B57d8w0n.js                                 18.01 kB │ gzip:   6.32 kB
public/build/assets/Show-DpLKT8Pw.js                                    18.02 kB │ gzip:   6.08 kB
public/build/assets/Index-DSRa882-.js                                   18.02 kB │ gzip:   7.30 kB
public/build/assets/show-C3PeOCPf.js                                    18.02 kB │ gzip:   6.62 kB
public/build/assets/show-Ct_Sa27f.js                                    18.03 kB │ gzip:   6.57 kB
public/build/assets/index-Btv0s268.js                                   18.07 kB │ gzip:   2.18 kB
public/build/assets/health-clinical-shell-D7SNWWHZ.js                   18.07 kB │ gzip:   7.16 kB
public/build/assets/index-BRrV910u.js                                   18.07 kB │ gzip:   4.73 kB
public/build/assets/shift-coverage-CU83bj4G.js                          18.17 kB │ gzip:   6.42 kB
public/build/assets/Show-CAdnI_t6.js                                    18.20 kB │ gzip:   7.00 kB
public/build/assets/Show-Bmgk87ZO.js                                    18.21 kB │ gzip:   7.34 kB
public/build/assets/daily-notes-BgYTiEq7.js                             18.21 kB │ gzip:   6.71 kB
public/build/assets/_dialogs-qpKtLLe2.js                                18.24 kB │ gzip:   6.68 kB
public/build/assets/payslip-detail-BfEYN26N.js                          18.24 kB │ gzip:   6.09 kB
public/build/assets/dashboard-C87PM2zW.js                               18.25 kB │ gzip:   6.94 kB
public/build/assets/Edit-CE-czAIf.js                                    18.26 kB │ gzip:   6.97 kB
public/build/assets/operational-map-4WLxgsM0.js                         18.30 kB │ gzip:   6.19 kB
public/build/assets/book-vehicle-wizard-DZGfgD7i.js                     18.31 kB │ gzip:   5.54 kB
public/build/assets/Show-D7SZNX2A.js                                    18.36 kB │ gzip:   7.15 kB
public/build/assets/Show-D0xJojew.js                                    18.45 kB │ gzip:   7.40 kB
public/build/assets/announcement-wizard-mpk36N9y.js                     18.46 kB │ gzip:   6.36 kB
public/build/assets/index-bPiS5FcL.js                                   18.52 kB │ gzip:   6.54 kB
public/build/assets/schedule-bct2ElrR.js                                18.62 kB │ gzip:   6.38 kB
public/build/assets/directory-R9D8vPtU.js                               18.62 kB │ gzip:   6.29 kB
public/build/assets/create-wizard-De3pKS_8.js                           18.69 kB │ gzip:   6.51 kB
public/build/assets/index-C0GxHYpU.js                                   18.71 kB │ gzip:   7.23 kB
public/build/assets/show-C4_qCSYp.js                                    18.75 kB │ gzip:   6.83 kB
public/build/assets/chains-DvpmuAwH.js                                  18.79 kB │ gzip:   6.62 kB
public/build/assets/ppe-detail-dialog-Bc21T2fP.js                       18.80 kB │ gzip:   6.40 kB
public/build/assets/show-review-Bt9Vmt-U.js                             18.85 kB │ gzip:   6.81 kB
public/build/assets/_recipes-panel-BGUxuu6v.js                          18.90 kB │ gzip:   6.01 kB
public/build/assets/audit-logs-BCcgjFfm.js                              18.92 kB │ gzip:   7.15 kB
public/build/assets/_dialogs-CkoKX9sB.js                                19.07 kB │ gzip:   6.15 kB
public/build/assets/goals-EmBK6zBf.js                                   19.23 kB │ gzip:   6.67 kB
public/build/assets/integrations-XjYWYeOD.js                            19.25 kB │ gzip:   6.66 kB
public/build/assets/show-dYzzI6Ln.js                                    19.26 kB │ gzip:   7.10 kB
public/build/assets/edit-Ds0r-Cmb.js                                    19.30 kB │ gzip:   6.88 kB
public/build/assets/two-factor-5Nto_6ta.js                              19.33 kB │ gzip:   7.19 kB
public/build/assets/index-CbLRalAC.js                                   19.36 kB │ gzip:   6.64 kB
public/build/assets/_dialogs-BDIAw16-.js                                19.43 kB │ gzip:   7.20 kB
public/build/assets/escalations-CaABI0QP.js                             19.51 kB │ gzip:   8.13 kB
public/build/assets/_templates-panel-CpsIsNzE.js                        19.54 kB │ gzip:   6.00 kB
public/build/assets/calendar-sync-DwlG4USO.js                           19.54 kB │ gzip:   7.39 kB
public/build/assets/index-Cfy3WNWh.js                                   19.56 kB │ gzip:   7.45 kB
public/build/assets/Shifts-Daf0AdXv.js                                  19.56 kB │ gzip:   7.11 kB
public/build/assets/show-CixVleBV.js                                    19.62 kB │ gzip:   6.78 kB
public/build/assets/training-DpO3Z2lP.js                                19.64 kB │ gzip:   6.51 kB
public/build/assets/Index-Voq84E10.js                                   19.68 kB │ gzip:   8.20 kB
public/build/assets/show-BtWgBphj.js                                    19.69 kB │ gzip:   7.44 kB
public/build/assets/labels-B5XGxwtV.js                                  19.75 kB │ gzip:   7.68 kB
public/build/assets/Behaviour-BGGkYL8Q.js                               19.81 kB │ gzip:   6.95 kB
public/build/assets/Show-DY3cxbju.js                                    19.82 kB │ gzip:   7.79 kB
public/build/assets/Show-C0mPHKXs.js                                    19.89 kB │ gzip:   7.67 kB
public/build/assets/index-DT_nyKVT.js                                   19.92 kB │ gzip:   7.75 kB
public/build/assets/_dialogs-CB8D_GIb.js                                19.97 kB │ gzip:   7.02 kB
public/build/assets/features-DoydZbH8.js                                19.98 kB │ gzip:   5.23 kB
public/build/assets/Show-B4NN3zvh.js                                    20.00 kB │ gzip:   7.71 kB
public/build/assets/index-2YAiVShF.js                                   20.01 kB │ gzip:   7.40 kB
public/build/assets/edit-LhqTUqfK.js                                    20.21 kB │ gzip:   7.52 kB
public/build/assets/broadcast-cQ3GBNGq.js                               20.27 kB │ gzip:   7.81 kB
public/build/assets/dashboard-B93AGVkI.js                               20.30 kB │ gzip:   7.52 kB
public/build/assets/index-B0eHQP1u.js                                   20.30 kB │ gzip:   7.32 kB
public/build/assets/index-BKelFCqz.js                                   20.32 kB │ gzip:   7.05 kB
public/build/assets/stats-CgYy1DKe.js                                   20.34 kB │ gzip:   6.48 kB
public/build/assets/fixed-asset-dispose-dialog-CFU97TMk.js              20.44 kB │ gzip:   6.68 kB
public/build/assets/show-4SySDZYw.js                                    20.52 kB │ gzip:   7.55 kB
public/build/assets/note-wizard-BWMZVaHg.js                             20.54 kB │ gzip:   6.60 kB
public/build/assets/fleet-map-DZySSWsH.js                               20.58 kB │ gzip:   7.15 kB
public/build/assets/_library-dialogs-DSoYoM3T.js                        20.59 kB │ gzip:   5.61 kB
public/build/assets/medications-CGpxy9wK.js                             20.61 kB │ gzip:   7.22 kB
public/build/assets/shifts-C0MJtasS.js                                  20.62 kB │ gzip:   6.79 kB
public/build/assets/_error-dialogs-DG4gQRs1.js                          20.68 kB │ gzip:   7.30 kB
public/build/assets/calendar-DJ_BEiqr.js                                20.77 kB │ gzip:   6.77 kB
public/build/assets/stocktake-modal-iul60G-0.js                         20.78 kB │ gzip:   6.96 kB
public/build/assets/history-C_og7bAX.js                                 20.78 kB │ gzip:   7.16 kB
public/build/assets/shift-notes-dialog-Cr90IWZ1.js                      20.84 kB │ gzip:   7.80 kB
public/build/assets/Index-BNLxnmQn.js                                   20.96 kB │ gzip:   8.68 kB
public/build/assets/record-observation-dialog-D1WDO6IB.js               20.96 kB │ gzip:   8.11 kB
public/build/assets/show-Yi6qd_FO.js                                    20.97 kB │ gzip:   7.11 kB
public/build/assets/index-BhD19d7S.js                                   21.02 kB │ gzip:   8.59 kB
public/build/assets/index-DUY1CHNC.js                                   21.03 kB │ gzip:   8.34 kB
public/build/assets/create-BH3KO5LT.js                                  21.06 kB │ gzip:   6.06 kB
public/build/assets/index-lavKoSHd.js                                   21.10 kB │ gzip:   7.69 kB
public/build/assets/map-CPINpCu5.js                                     21.11 kB │ gzip:   6.61 kB
public/build/assets/add-device-dialog-U29iM7Lk.js                       21.12 kB │ gzip:   7.34 kB
public/build/assets/balances-Boje1s9C.js                                21.13 kB │ gzip:   8.48 kB
public/build/assets/Show-CFbJcIDo.js                                    21.19 kB │ gzip:   8.05 kB
public/build/assets/create-DhPsKTqk.js                                  21.22 kB │ gzip:   7.13 kB
public/build/assets/show-CHr69P_N.js                                    21.32 kB │ gzip:   7.51 kB
public/build/assets/show-CMu7aPIl.js                                    21.36 kB │ gzip:   7.77 kB
public/build/assets/index-DsxBrUUH.js                                   21.61 kB │ gzip:   7.37 kB
public/build/assets/_dialogs-CFJLFtpi.js                                21.64 kB │ gzip:   7.65 kB
public/build/assets/parts-V1I6YQQ_.js                                   21.65 kB │ gzip:   6.76 kB
public/build/assets/Events-D0OfV5pP.js                                  21.70 kB │ gzip:   7.98 kB
public/build/assets/Index-BcGIkDSe.js                                   21.73 kB │ gzip:   8.35 kB
public/build/assets/performance-wizards-DbmYf4NW.js                     21.79 kB │ gzip:   7.44 kB
public/build/assets/index-J-WcbQ6x.js                                   21.89 kB │ gzip:   8.03 kB
public/build/assets/review-builder-dialog-BZ71biOy.js                   21.89 kB │ gzip:   7.70 kB
public/build/assets/create-Buz5NkZe.js                                  21.89 kB │ gzip:   8.71 kB
public/build/assets/calendar-DAfnNyP1.js                                21.90 kB │ gzip:   6.85 kB
public/build/assets/edit-DjDWKZmI.js                                    21.94 kB │ gzip:   7.35 kB
public/build/assets/Index-rar9h0bT.js                                   21.98 kB │ gzip:   8.46 kB
public/build/assets/ppe-create-wizards-DZZh5LY8.js                      22.05 kB │ gzip:   7.38 kB
public/build/assets/incidents-BKbDqAia.js                               22.20 kB │ gzip:   8.33 kB
public/build/assets/create-C5wCrsLH.js                                  22.23 kB │ gzip:   7.42 kB
public/build/assets/home-o0TguB1E.js                                    22.25 kB │ gzip:   5.38 kB
public/build/assets/show-DOFhJt2B.js                                    22.45 kB │ gzip:   7.39 kB
public/build/assets/leave-request-dialog-BK7ZCu_R.js                    22.51 kB │ gzip:   7.53 kB
public/build/assets/Index-BmQimcdT.js                                   22.60 kB │ gzip:   8.51 kB
public/build/assets/payslips-B0XETYL9.js                                22.60 kB │ gzip:   6.74 kB
public/build/assets/_dialogs-CBHZJKj4.js                                22.81 kB │ gzip:   8.46 kB
public/build/assets/incidents-q5b7cUgi.js                               22.87 kB │ gzip:   8.51 kB
public/build/assets/personal-details-aRkqGFkw.js                        22.99 kB │ gzip:   7.96 kB
public/build/assets/Show-CLOeVATT.js                                    23.03 kB │ gzip:   8.56 kB
public/build/assets/notifications-CO0xxRxi.js                           23.12 kB │ gzip:   8.28 kB
public/build/assets/Show-BQ5-aO79.js                                    23.13 kB │ gzip:   7.92 kB
public/build/assets/_competency-dialogs-CbPmmdN_.js                     23.20 kB │ gzip:   7.76 kB
public/build/assets/resident-sidebar-B43E51NH.js                        23.21 kB │ gzip:   8.32 kB
public/build/assets/Index-KaWk-vrQ.js                                   23.29 kB │ gzip:   7.74 kB
public/build/assets/index-DMsWVkkC.js                                   23.32 kB │ gzip:   8.08 kB
public/build/assets/Show-CCtfCl7p.js                                    23.39 kB │ gzip:   8.58 kB
public/build/assets/unifi-DVRS-zss.js                                   23.43 kB │ gzip:   7.12 kB
public/build/assets/show-fE-yOl3E.js                                    23.46 kB │ gzip:   7.64 kB
public/build/assets/create-wizard-CnKVv7v2.js                           23.48 kB │ gzip:   8.17 kB
public/build/assets/Show-D31vIUB7.js                                    23.50 kB │ gzip:   8.98 kB
public/build/assets/booking-wizard-DYVlP8Aq.js                          23.70 kB │ gzip:   7.90 kB
public/build/assets/Index-nwqRmNbN.js                                   23.75 kB │ gzip:   9.20 kB
public/build/assets/index-Cgfo016K.js                                   23.75 kB │ gzip:   8.84 kB
public/build/assets/one-CdFDm9AT.js                                     23.95 kB │ gzip:   8.27 kB
public/build/assets/_dialogs-BztET5ow.js                                23.99 kB │ gzip:   8.98 kB
public/build/assets/analytics-charts-BLkH6UOS.js                        24.03 kB │ gzip:   6.47 kB
public/build/assets/Index-sHx9qHRT.js                                   24.19 kB │ gzip:   8.51 kB
public/build/assets/page-hero-Cr8LH9ik.js                               24.23 kB │ gzip:   7.29 kB
public/build/assets/Create-BZz3BFxR.js                                  24.24 kB │ gzip:   7.93 kB
public/build/assets/ResolutionResultCard-DxOUlQW3.js                    24.31 kB │ gzip:   8.93 kB
public/build/assets/mar-governance-dialogs-CjkiyxPe.js                  24.32 kB │ gzip:   7.56 kB
public/build/assets/automations-CsE7qF5u.js                             24.75 kB │ gzip:   7.60 kB
public/build/assets/restraint-event-wizard-BANbeuIl.js                  24.76 kB │ gzip:   8.04 kB
public/build/assets/Show-B3LPL6gy.js                                    24.76 kB │ gzip:  10.00 kB
public/build/assets/governance-labels-CJgR2U5s.js                       24.81 kB │ gzip:   8.17 kB
public/build/assets/Show-CM1TBGKx.js                                    24.92 kB │ gzip:   8.75 kB
public/build/assets/Show-7UJ9RqSy.js                                    25.00 kB │ gzip:   9.63 kB
public/build/assets/Reconcile-W07ljeP5.js                               25.03 kB │ gzip:   8.87 kB
public/build/assets/_review-dialogs-DM0BMVEL.js                         25.05 kB │ gzip:   7.97 kB
public/build/assets/index-D7MTW7_4.js                                   25.07 kB │ gzip:   8.19 kB
public/build/assets/objective-wizard-CGfe9b_U.js                        25.18 kB │ gzip:   7.13 kB
public/build/assets/Medications-qkVoYXki.js                             25.25 kB │ gzip:   9.17 kB
public/build/assets/Index-BVaLwERU.js                                   25.42 kB │ gzip:   7.88 kB
public/build/assets/Show-BjGnzU1W.js                                    25.43 kB │ gzip:   9.75 kB
public/build/assets/sso-C8Zt7xKb.js                                     25.52 kB │ gzip:   7.97 kB
public/build/assets/index-BOOXEhIm.js                                   25.53 kB │ gzip:   9.66 kB
public/build/assets/index-CH9nHVJm.js                                   25.53 kB │ gzip:   8.91 kB
public/build/assets/it-mailbox-BavVm8Cv.js                              25.64 kB │ gzip:   8.71 kB
public/build/assets/show-DgNpfGMJ.js                                    25.76 kB │ gzip:   8.11 kB
public/build/assets/milesight-ESBOCV7c.js                               25.89 kB │ gzip:   8.50 kB
public/build/assets/create-offer-D8m6rRyc.js                            25.93 kB │ gzip:   8.81 kB
public/build/assets/dashboard-DBuMb5t2.js                               26.06 kB │ gzip:   8.05 kB
public/build/assets/vendor-utils-Dr6D9L7d.js                            26.13 kB │ gzip:   8.47 kB
public/build/assets/Index-CCmepx7m.js                                   26.17 kB │ gzip:   9.74 kB
public/build/assets/record-assessment-dialog-ClZF452U.js                26.21 kB │ gzip:   9.51 kB
public/build/assets/documents-wizards-Bl1PDZqU.js                       26.26 kB │ gzip:   9.26 kB
public/build/assets/show-Ds2fIzD3.js                                    26.34 kB │ gzip:   8.96 kB
public/build/assets/_dialogs-DAJe2Zti.js                                26.35 kB │ gzip:   8.33 kB
public/build/assets/index-DwtCxCSm.js                                   26.36 kB │ gzip:   9.01 kB
public/build/assets/transport-medication-dialogs-BsjoN_3f.js            26.38 kB │ gzip:   6.09 kB
public/build/assets/show-D8Or5YxB.js                                    26.53 kB │ gzip:   7.66 kB
public/build/assets/Handovers-C8fcFQen.js                               26.68 kB │ gzip:  10.42 kB
public/build/assets/_workspace-dialogs-B6z4AU8g.js                      26.83 kB │ gzip:   8.78 kB
public/build/assets/create-m2ywu58f.js                                  26.91 kB │ gzip:   7.54 kB
public/build/assets/index-DrRafx6G.js                                   27.01 kB │ gzip:   9.57 kB
public/build/assets/index-DlIUg2Cd.js                                   27.12 kB │ gzip:   9.67 kB
public/build/assets/show-CiCeff7V.js                                    27.16 kB │ gzip:   9.04 kB
public/build/assets/index-BxRlar0z.js                                   27.31 kB │ gzip:   9.46 kB
public/build/assets/SelfAdmin-D8VZFnwo.js                               27.42 kB │ gzip:   9.09 kB
public/build/assets/provisioning-command-dialog-CBc0n93n.js             27.65 kB │ gzip:  10.76 kB
public/build/assets/show-z9kqWc1b.js                                    27.66 kB │ gzip:   9.77 kB
public/build/assets/care-support-plan-DNWXsEV5.js                       27.67 kB │ gzip:   9.14 kB
public/build/assets/Index-BItS9ox7.js                                   27.72 kB │ gzip:  10.42 kB
public/build/assets/index-ZycXMffa.js                                   27.81 kB │ gzip:   9.76 kB
public/build/assets/index-Boej_5Mb.js                                   27.85 kB │ gzip:   9.32 kB
public/build/assets/edit-BqBGkzzI.js                                    27.91 kB │ gzip:   9.30 kB
public/build/assets/smart-monitoring-CPqqu-PP.js                        28.05 kB │ gzip:   6.49 kB
public/build/assets/Index-DvEp7U8o.js                                   28.08 kB │ gzip:  10.42 kB
public/build/assets/index-BaqM46Il.js                                   28.25 kB │ gzip:   9.17 kB
public/build/assets/show-BU1gg9SO.js                                    28.41 kB │ gzip:   9.97 kB
public/build/assets/show-BjHJGvdB.js                                    28.73 kB │ gzip:   8.53 kB
public/build/assets/show-BSg60pao.js                                    28.74 kB │ gzip:  10.31 kB
public/build/assets/index-Cj3QZuyy.js                                   28.77 kB │ gzip:   8.65 kB
public/build/assets/_self-admin-dialogs-CBACYlkj.js                     28.81 kB │ gzip:   9.50 kB
public/build/assets/index-DhksshDM.js                                   28.89 kB │ gzip:   9.29 kB
public/build/assets/Show-CCem_FbH.js                                    29.01 kB │ gzip:   9.11 kB
public/build/assets/Create-zs9pQYzg.js                                  29.07 kB │ gzip:  10.15 kB
public/build/assets/guided-round-dialog-IFhh84WA.js                     29.15 kB │ gzip:   9.61 kB
public/build/assets/templates-BiST8FHl.js                               29.63 kB │ gzip:  10.53 kB
public/build/assets/documents-JFOb1bST.js                               29.66 kB │ gzip:   9.23 kB
public/build/assets/_dialogs-oowA7xPv.js                                30.04 kB │ gzip:  10.02 kB
public/build/assets/run-modal-2B4RJHja.js                               30.05 kB │ gzip:  10.27 kB
public/build/assets/asset-wizard-dialog-S0W9qoSm.js                     30.17 kB │ gzip:  10.27 kB
public/build/assets/index-F2KiHKkw.js                                   30.19 kB │ gzip:   9.92 kB
public/build/assets/procedure-detail-dialog-BuZAzVrk.js                 30.20 kB │ gzip:   9.63 kB
public/build/assets/page-header-Vtn90SPh.js                             30.22 kB │ gzip:   9.22 kB
public/build/assets/show-Dm6ZO8lz.js                                    30.29 kB │ gzip:   9.81 kB
public/build/assets/_dialogs-B1W7GTXE.js                                30.39 kB │ gzip:   9.19 kB
public/build/assets/Show-Bjuz8Kgt.js                                    30.55 kB │ gzip:  11.02 kB
public/build/assets/_dialogs-Mgg2JWwQ.js                                30.56 kB │ gzip:  10.93 kB
public/build/assets/Competency-CAHYhQMH.js                              30.57 kB │ gzip:  10.29 kB
public/build/assets/MedicationErrors-DU9RplXH.js                        30.83 kB │ gzip:  11.21 kB
public/build/assets/_hero-DZUNRkjL.js                                   30.97 kB │ gzip:   9.79 kB
public/build/assets/access-Bj8S4Pkv.js                                  31.10 kB │ gzip:  10.21 kB
public/build/assets/_shopping-list-panel-Bsvo62G4.js                    31.35 kB │ gzip:  11.01 kB
public/build/assets/index-C7KRebdw.js                                   31.36 kB │ gzip:  10.75 kB
public/build/assets/Reviews-CXlb9hSj.js                                 31.74 kB │ gzip:  10.44 kB
public/build/assets/_dialogs-CWS6DDZm.js                                31.87 kB │ gzip:   9.50 kB
public/build/assets/_stock-dialogs-Dpcyjdlc.js                          31.91 kB │ gzip:   9.55 kB
public/build/assets/notification-escalations-ibsZj7zq.js                32.13 kB │ gzip:  10.03 kB
public/build/assets/email-settings-DKAToRgK.js                          32.23 kB │ gzip:  10.32 kB
public/build/assets/access-CcXMgJjK.js                                  32.54 kB │ gzip:  11.60 kB
public/build/assets/index-B4dhs23D.js                                   32.91 kB │ gzip:  11.94 kB
public/build/assets/_dialogs-CaC1a7no.js                                33.24 kB │ gzip:  10.69 kB
public/build/assets/Show-DVhkxcf3.js                                    33.25 kB │ gzip:  11.66 kB
public/build/assets/Show-jf6Jmajo.js                                    33.57 kB │ gzip:  11.74 kB
public/build/assets/index-CxkAw4wY.js                                   33.60 kB │ gzip:  11.57 kB
public/build/assets/index-5RKbHRT1.js                                   34.00 kB │ gzip:  11.61 kB
public/build/assets/index-BM9wA8po.js                                   34.37 kB │ gzip:  12.24 kB
public/build/assets/show-DaIvbhr0.js                                    34.77 kB │ gzip:  10.66 kB
public/build/assets/Destructions-Dl1rADTb.js                            34.78 kB │ gzip:  12.43 kB
public/build/assets/medical-CTa0dhue.js                                 34.85 kB │ gzip:   7.87 kB
public/build/assets/_prescription-dialogs-8m9QLA1L.js                   35.13 kB │ gzip:   9.94 kB
public/build/assets/index-BYi4Hzib.js                                   35.13 kB │ gzip:  11.91 kB
public/build/assets/Index-arqcvJsq.js                                   35.24 kB │ gzip:  11.56 kB
public/build/assets/_cd-dialogs-BhmKoMt6.js                             35.36 kB │ gzip:   9.45 kB
public/build/assets/documents-CDajXVyZ.js                               35.50 kB │ gzip:  11.43 kB
public/build/assets/index-CWwIDlwC.js                                   35.80 kB │ gzip:  12.40 kB
public/build/assets/index-CpRx19k4.js                                   36.53 kB │ gzip:  11.76 kB
public/build/assets/messages-BKTRHsIB.js                                36.59 kB │ gzip:  11.88 kB
public/build/assets/reviews-DcOLI1c9.js                                 36.75 kB │ gzip:  11.56 kB
public/build/assets/index-B-8DgGK8.js                                   37.11 kB │ gzip:  13.94 kB
public/build/assets/handover-BenFIlhe.js                                37.33 kB │ gzip:  11.82 kB
public/build/assets/Create-5FO_fhLe.js                                  37.34 kB │ gzip:  12.10 kB
public/build/assets/index-JHYxUQMb.js                                   37.67 kB │ gzip:  11.77 kB
public/build/assets/_inspector-BKKBlo4D.js                              37.97 kB │ gzip:  11.56 kB
public/build/assets/documents-DsoMGge0.js                               37.99 kB │ gzip:  12.59 kB
public/build/assets/Dashboard-Q64XQjFa.js                               38.02 kB │ gzip:  14.30 kB
public/build/assets/index-CFNz1zZ6.js                                   38.09 kB │ gzip:  14.56 kB
public/build/assets/Show-DT67Xblf.js                                    38.10 kB │ gzip:  14.44 kB
public/build/assets/global-CCYzgQ2x.js                                  38.38 kB │ gzip:  12.87 kB
public/build/assets/hazard-register-w4jRmsUY.js                         38.49 kB │ gzip:  12.71 kB
public/build/assets/Reports-B3TcBfWO.js                                 38.54 kB │ gzip:  12.93 kB
public/build/assets/Show-DtLFMTnd.js                                    39.45 kB │ gzip:  11.40 kB
public/build/assets/index-CrJdyXkq.js                                   39.49 kB │ gzip:  13.03 kB
public/build/assets/index-CxX3n_uz.js                                   39.96 kB │ gzip:  13.07 kB
public/build/assets/index-BltVGQsD.js                                   40.25 kB │ gzip:  12.94 kB
public/build/assets/index-C2QUJrOh.js                                   40.33 kB │ gzip:  13.83 kB
public/build/assets/case-wizards-DqpVFt3p.js                            40.74 kB │ gzip:  11.63 kB
public/build/assets/compliance-wizards-CtFSNubT.js                      40.85 kB │ gzip:  12.73 kB
public/build/assets/index-CqCtCtO1.js                                   40.87 kB │ gzip:  14.72 kB
public/build/assets/index-D11-tEf5.js                                   40.92 kB │ gzip:  13.37 kB
public/build/assets/index-pKJBJJwY.js                                   41.27 kB │ gzip:  14.37 kB
public/build/assets/_dialogs-p3SMKWhu.js                                41.37 kB │ gzip:  12.04 kB
public/build/assets/index-D1IhhErK.js                                   41.48 kB │ gzip:  14.10 kB
public/build/assets/bands-DR9_9ctK.js                                   41.56 kB │ gzip:  14.32 kB
public/build/assets/Edit-vhcJ0RBE.js                                    41.79 kB │ gzip:  13.33 kB
public/build/assets/profile-DZaHs4gV.js                                 41.91 kB │ gzip:  14.14 kB
public/build/assets/index-soHCVygN.js                                   41.92 kB │ gzip:  15.14 kB
public/build/assets/discovery-BDCPlYWU.js                               42.52 kB │ gzip:  12.96 kB
public/build/assets/app-layout-pMfymCC6.js                              42.65 kB │ gzip:  13.33 kB
public/build/assets/index-DeUzeT8d.js                                   42.72 kB │ gzip:  13.78 kB
public/build/assets/sso-config-BdOsSwS3.js                              42.75 kB │ gzip:  13.90 kB
public/build/assets/handover-wizard-UdPz6GdJ.js                         43.04 kB │ gzip:  13.62 kB
public/build/assets/core.esm-D5j4X1h1.js                                43.17 kB │ gzip:  14.39 kB
public/build/assets/service-contexts-_hlZVLbh.js                        43.68 kB │ gzip:  13.98 kB
public/build/assets/_dialogs-Dw4IA3uT.js                                43.77 kB │ gzip:  14.04 kB
public/build/assets/StockManagement-BGSXu2RV.js                         43.82 kB │ gzip:  13.09 kB
public/build/assets/show-cJ3W9V9t.js                                    44.20 kB │ gzip:  14.92 kB
public/build/assets/Dashboard-Bpewsty7.js                               44.21 kB │ gzip:  10.84 kB
public/build/assets/show-BVq5n5m3.js                                    44.21 kB │ gzip:  14.93 kB
public/build/assets/Index-CQdTboWB.js                                   44.22 kB │ gzip:  15.18 kB
public/build/assets/_canvas-DEy2wsTZ.js                                 44.48 kB │ gzip:  12.88 kB
public/build/assets/branding-C0-uw3Tg.js                                44.74 kB │ gzip:  13.97 kB
public/build/assets/asset-wizards-BYpU986O.js                           45.18 kB │ gzip:  13.11 kB
public/build/assets/AuditLog-D6m-0ciH.js                                45.26 kB │ gzip:  15.25 kB
public/build/assets/index-DcQD5X1Z.js                                   45.53 kB │ gzip:  12.97 kB
public/build/assets/MarCharts-S_wTWqxC.js                               45.65 kB │ gzip:  15.79 kB
public/build/assets/Prescriptions-C2Dc0ID8.js                           46.31 kB │ gzip:  14.05 kB
public/build/assets/workspace-CmhTXYTT.js                               46.42 kB │ gzip:  15.39 kB
public/build/assets/incident-detail-dialog-BSg5WQ5A.js                  47.33 kB │ gzip:  14.29 kB
public/build/assets/drill-detail-dialog-eJ7Yf5xT.js                     47.88 kB │ gzip:  13.51 kB
public/build/assets/Rounds-TENCr13a.js                                  48.20 kB │ gzip:  15.14 kB
public/build/assets/incident-report-dialog-DKVpXvbg.js                  48.28 kB │ gzip:  15.87 kB
public/build/assets/dashboard-CPTcemHU.js                               48.35 kB │ gzip:  16.03 kB
public/build/assets/_dialogs-DfDFSFV-.js                                48.54 kB │ gzip:  14.36 kB
public/build/assets/index-XYyFwrqW.js                                   48.87 kB │ gzip:  15.61 kB
public/build/assets/create-shift-dialog-L68D9g3a.js                     49.10 kB │ gzip:  14.23 kB
public/build/assets/index-B8IvtTpy.js                                   49.25 kB │ gzip:  15.16 kB
public/build/assets/_wizard-We1tU7h0.js                                 49.42 kB │ gzip:  15.34 kB
public/build/assets/welcome-BjU6C8JG.js                                 50.21 kB │ gzip:   9.57 kB
public/build/assets/index-BvSlQk2P.js                                   51.04 kB │ gzip:  16.05 kB
public/build/assets/index-DapLCHsc.js                                   51.78 kB │ gzip:  15.94 kB
public/build/assets/family-dashboard-Dr0qBfzq.js                        51.92 kB │ gzip:  15.10 kB
public/build/assets/ra-wizard-dialog-2wwHKkPm.js                        51.97 kB │ gzip:  16.28 kB
public/build/assets/show-C2WwEvQU.js                                    52.09 kB │ gzip:  17.73 kB
public/build/assets/hazard-detail-dialog-ClcUj0an.js                    52.62 kB │ gzip:  15.18 kB
public/build/assets/index-5rwalohi.js                                   52.85 kB │ gzip:  16.02 kB
public/build/assets/settings-oDloeplw.js                                53.29 kB │ gzip:  15.54 kB
public/build/assets/transport-CP5RDTfA.js                               54.18 kB │ gzip:  18.44 kB
public/build/assets/index-BWdqka5U.js                                   56.64 kB │ gzip:  19.15 kB
public/build/assets/Show-DaJ3Cs_8.js                                    57.36 kB │ gzip:  17.32 kB
public/build/assets/CockpitLayout-UBPKqb4k.js                           57.41 kB │ gzip:  17.89 kB
public/build/assets/workspace-Cmec5UVA.js                               57.53 kB │ gzip:  20.26 kB
public/build/assets/device-profile-sections-BQFSccla.js                 58.15 kB │ gzip:  16.94 kB
public/build/assets/dashboard-tIT-WkTF.js                               58.71 kB │ gzip:  16.94 kB
public/build/assets/show-BKi_yxJP.js                                    58.79 kB │ gzip:  20.08 kB
public/build/assets/my-hr-shell-yhndjnBS.js                             59.82 kB │ gzip:  18.81 kB
public/build/assets/Index-CV1055AS.js                                   59.90 kB │ gzip:  19.12 kB
public/build/assets/medical-BMCnRzDw.js                                 60.19 kB │ gzip:  12.05 kB
public/build/assets/PrnRecords-DCFBoRbS.js                              60.70 kB │ gzip:  18.65 kB
public/build/assets/conflicts-DfzRxivg.js                               61.18 kB │ gzip:  19.76 kB
public/build/assets/Show-Sy2v1sAX.js                                    62.47 kB │ gzip:  21.40 kB
public/build/assets/_parts-CqRsawc0.js                                  62.84 kB │ gzip:  20.37 kB
public/build/assets/settings-173l8M74.js                                63.28 kB │ gzip:  17.22 kB
public/build/assets/index-B985y9iN.js                                   64.24 kB │ gzip:  19.31 kB
public/build/assets/dashboard-B8_1aS4i.js                               64.43 kB │ gzip:  20.35 kB
public/build/assets/data-D-AbkmIJ.js                                    64.59 kB │ gzip:  13.97 kB
public/build/assets/monitoring-CqpxvNRA.js                              65.74 kB │ gzip:  19.53 kB
public/build/assets/ControlledDrugs-BHfdMy1g.js                         65.79 kB │ gzip:  20.41 kB
public/build/assets/catalog-t2Pm-o_Y.js                                 66.71 kB │ gzip:  17.72 kB
public/build/assets/Show-CN4OLc9P.js                                    67.26 kB │ gzip:  19.32 kB
public/build/assets/show-2mDeQdHz.js                                    67.73 kB │ gzip:  15.08 kB
public/build/assets/show-CGJxJ0eK.js                                    68.52 kB │ gzip:  20.30 kB
public/build/assets/index-CRmxLZPZ.js                                   69.02 kB │ gzip:  21.43 kB
public/build/assets/index-BOEehgnN.js                                   69.31 kB │ gzip:  21.86 kB
public/build/assets/analytics-C2PhprmX.js                               70.58 kB │ gzip:  23.90 kB
public/build/assets/SiteCalendar-RYsTlrfM.js                            71.79 kB │ gzip:  22.72 kB
public/build/assets/concern-dialog-CTjkMtlA.js                          72.32 kB │ gzip:  20.08 kB
public/build/assets/legacy-profile-sections-CqsiJYKW.js                 72.99 kB │ gzip:  19.50 kB
public/build/assets/show-dsvrsQgZ.js                                    74.24 kB │ gzip:  23.08 kB
public/build/assets/show-N6EhRH2m.js                                    75.67 kB │ gzip:  23.61 kB
public/build/assets/index-C7n2u4sN.js                                   77.37 kB │ gzip:  22.53 kB
public/build/assets/_calendar-grid-Dup-Ou3e.js                          77.48 kB │ gzip:  22.96 kB
public/build/assets/index-okOgkmYo.js                                   78.23 kB │ gzip:  23.81 kB
public/build/assets/index-DbOD28Mk.js                                   80.55 kB │ gzip:  23.35 kB
public/build/assets/index-DKyMFsVV.js                                   81.85 kB │ gzip:  24.53 kB
public/build/assets/_create-dialog-Q3mbDhHG.js                          81.96 kB │ gzip:  27.50 kB
public/build/assets/index-DjPMi9Po.js                                   83.71 kB │ gzip:  27.19 kB
public/build/assets/index-CEC420C6.js                                   86.90 kB │ gzip:  24.95 kB
public/build/assets/Index-BiF4GFNN.js                                   88.72 kB │ gzip:  26.80 kB
public/build/assets/index-yMfkrPK0.js                                   88.73 kB │ gzip:  27.27 kB
public/build/assets/staff-page-shell-Dniti1BS.js                        91.50 kB │ gzip:  27.12 kB
public/build/assets/index-B7TvAkGU.js                                   94.91 kB │ gzip:  28.18 kB
public/build/assets/show-BZnuPLEV.js                                    99.21 kB │ gzip:  25.79 kB
public/build/assets/ticket-intake-fields-E-VppxiC.js                   102.61 kB │ gzip:  30.27 kB
public/build/assets/index-BGnrzPjI.js                                  103.36 kB │ gzip:  31.09 kB
public/build/assets/index-DAQxcFLk.js                                  104.00 kB │ gzip:  31.57 kB
public/build/assets/index-BLJEVqke.js                                  107.42 kB │ gzip:  31.44 kB
public/build/assets/queclink-hub-ChOBPFOR.js                           109.74 kB │ gzip:  33.65 kB
public/build/assets/it-wizards-Bczq-B3m.js                             111.72 kB │ gzip:  35.88 kB
public/build/assets/index-BvxNKpDf.js                                  111.88 kB │ gzip:  30.53 kB
public/build/assets/workspace-BPWa20IJ.js                              128.30 kB │ gzip:  38.69 kB
public/build/assets/jsQR-EsnENd7U.js                                   130.72 kB │ gzip:  47.46 kB
public/build/assets/ticket-reopen-dialog-BhKny3d8.js                   145.73 kB │ gzip:  46.13 kB
public/build/assets/event-detail-dialog-C1Z_eYnf.js                    148.01 kB │ gzip:  38.85 kB
public/build/assets/vendor-maps-CTUbLoeq.js                            149.92 kB │ gzip:  43.49 kB
public/build/assets/index-DIQCcAl3.js                                  155.95 kB │ gzip:  42.58 kB
public/build/assets/index-Cxv6fCx7.js                                  156.17 kB │ gzip:  45.38 kB
public/build/assets/alert-workspace-dialog-C9FYlGun.js                 158.46 kB │ gzip:  44.47 kB
public/build/assets/index-CtuwfSLt.js                                  159.62 kB │ gzip:  45.13 kB
public/build/assets/show-BDUZh0DW.js                                   170.40 kB │ gzip:  52.68 kB
public/build/assets/knowledge-revision-dialog-CTczvNpG.js              176.90 kB │ gzip:  49.51 kB
public/build/assets/vendor-react-C99fm9h8.js                           193.87 kB │ gzip:  60.86 kB
public/build/assets/vendor-inertia-L00mYErJ.js                         195.04 kB │ gzip:  65.83 kB
public/build/assets/category-0n5bhGAd.js                               206.54 kB │ gzip:  51.95 kB
public/build/assets/index-DywQuo8A.js                                  215.10 kB │ gzip:  68.41 kB
public/build/assets/index-CzuYqsD4.js                                  236.35 kB │ gzip:  70.76 kB
public/build/assets/vendor-calendar-NWT3TLWG.js                        267.92 kB │ gzip:  79.12 kB
public/build/assets/vendor-ui-w1Ikxf0L.js                              276.38 kB │ gzip:  76.83 kB
public/build/assets/index-CLF4C3bA.js                                  317.39 kB │ gzip:  88.16 kB
public/build/assets/show-CoVVimd-.js                                   328.56 kB │ gzip:  98.16 kB
public/build/assets/show-BkXKoS5X.js                                   350.43 kB │ gzip:  98.89 kB
public/build/assets/vendor-charts-DKFvUt4j.js                          398.58 kB │ gzip: 115.53 kB
public/build/assets/pdf-YYBQA8p7.js                                    437.74 kB │ gzip: 131.10 kB
public/build/assets/app-BvqSt93T.js                                    523.49 kB │ gzip:  85.22 kB
public/build/assets/show-CvgOtPIN.js                                   747.36 kB │ gzip: 239.83 kB

(!) Some chunks are larger than 500 kB after minification. Consider:
- Using dynamic import() to code-split the application
- Use build.rollupOptions.output.manualChunks to improve chunking: https://rollupjs.org/configuration-options/#output-manualchunks
- Adjust chunk size limit for this warning via build.chunkSizeWarningLimit.
✓ built in 4m 32s
