feature_id,module,submodule,owning_actor,secondary_actors,user_job,criticality,navigation_entry,route_names,route_paths,page_files,backend_anchors,current_states,current_workflow_summary,benchmark_candidates,selected_open_source_benchmark,benchmark_url_and_sha,verified_behaviour,neutral_requirements_extracted,no_match_evidence,current_ease_score,target_ease_score,P1,P2,P3,P4,P5,P6,P7,P8,finding_ids,confidence,feature_class,feature_identity_status,test_anchors,benchmark_mapping_credit,completion_status,evidence_limit
CAP-OPS-CLIENT-RECORD-LIFECYCLE,Clients,GROUPED_DISCOVERY_CANDIDATE_NOT_FINAL_DENOMINATOR,ClientController and client lifecycle services,NOT_ESTABLISHED_CURRENT_AUDIT,"Create, view, update, and archive an authorised client record",NOT_ADJUDICATED_CURRENT_AUDIT,NOT_ESTABLISHED_CURRENT_AUDIT,NOT_ESTABLISHED_CURRENT_AUDIT,NOT_ESTABLISHED_CURRENT_AUDIT,NOT_ESTABLISHED_CURRENT_AUDIT,routes/clients.php:30-259; app/Http/Controllers/ClientController.php:1; app/Services/ConsentRequestService.php:1; app/Services/ConsentDecisionEvidenceService.php:1,NOT_ESTABLISHED_CURRENT_AUDIT,"Static grouped user job only: Create, view, update, and archive an authorised client record. Representative-role completion was not executed.",Bahmni/bahmni-core; ohcnetwork/care,NOT_SELECTED_CURRENT_AUDIT,https://github.com/Bahmni/bahmni-core@5dc6f25d7691dbeeb9924384704fc8e1616d77be; https://github.com/ohcnetwork/care@c64a1ef0e726b06788b63bf4537dea5d16af2269,PROVISIONAL_AGENT_EVIDENCE_ONLY; see evidence/benchmark/current-benchmark-wave-01.json,An encounter workflow is not authoritative client-record identity and lifecycle governance.,NOT_DOCUMENTED_CURRENT_AUDIT,NOT_SCORED_CURRENT_AUDIT,NOT_SCORED_CURRENT_AUDIT,PARTIAL_STATIC_GROUPED_DISCOVERY_IDENTITY_NOT_FROZEN,NOT_STARTED_CURRENT_AUDIT,RUN-007_PROVISIONAL_OBSERVER_RELATION_NO_CREDIT; RUN-008_FAIL_SEMANTIC_COLLISION_NO_CREDIT,NOT_STARTED_CURRENT_AUDIT,NOT_STARTED_CURRENT_AUDIT,NOT_STARTED_CURRENT_AUDIT,NOT_STARTED_CURRENT_AUDIT,NOT_STARTED_CURRENT_AUDIT,NOT_LINKED_TO_CANDIDATE_CURRENT_AUDIT,LOW_PARTIAL_STATIC_DISCOVERY,H,GROUPED_DISCOVERY_CANDIDATE_NOT_FINAL_DENOMINATOR,tests/Feature/ClientControllerTest.php:1; tests/Feature/Consents/ConsentRequestIntegrityTest.php:1,false,INCOMPLETE_GROUPED_DISCOVERY_CANDIDATE,"Static source locators only; no route execution, test result, browser result, benchmark match, ease score, or production-readiness credit."
CAP-CLI-CLIENT-DOCUMENT-STAFF-LIBRARY,Clients,GROUPED_DISCOVERY_CANDIDATE_NOT_FINAL_DENOMINATOR,Client document controllers and storage services,NOT_ESTABLISHED_CURRENT_AUDIT,Manage the authorised client's staff document library,NOT_ADJUDICATED_CURRENT_AUDIT,NOT_ESTABLISHED_CURRENT_AUDIT,NOT_ESTABLISHED_CURRENT_AUDIT,NOT_ESTABLISHED_CURRENT_AUDIT,NOT_ESTABLISHED_CURRENT_AUDIT,routes/clients.php:30-259; app/Http/Controllers/ClientController.php:1; app/Services/ConsentRequestService.php:1; app/Services/ConsentDecisionEvidenceService.php:1,NOT_ESTABLISHED_CURRENT_AUDIT,Static grouped user job only: Manage the authorised client's staff document library. Representative-role completion was not executed.,paperless-ngx/paperless-ngx,NOT_SELECTED_CURRENT_AUDIT,https://github.com/paperless-ngx/paperless-ngx@6a02b87dded9d8f586de3e52b496864858a07518,PROVISIONAL_AGENT_EVIDENCE_ONLY; see evidence/benchmark/current-benchmark-wave-01.json,NOT_ESTABLISHED_CURRENT_AUDIT,NOT_DOCUMENTED_CURRENT_AUDIT,NOT_SCORED_CURRENT_AUDIT,NOT_SCORED_CURRENT_AUDIT,PARTIAL_STATIC_GROUPED_DISCOVERY_IDENTITY_NOT_FROZEN,NOT_STARTED_CURRENT_AUDIT,RUN-007_PROVISIONAL_OBSERVER_RELATION_NO_CREDIT,NOT_STARTED_CURRENT_AUDIT,NOT_STARTED_CURRENT_AUDIT,NOT_STARTED_CURRENT_AUDIT,NOT_STARTED_CURRENT_AUDIT,NOT_STARTED_CURRENT_AUDIT,NOT_LINKED_TO_CANDIDATE_CURRENT_AUDIT,LOW_PARTIAL_STATIC_DISCOVERY,H,GROUPED_DISCOVERY_CANDIDATE_NOT_FINAL_DENOMINATOR,tests/Feature/ClientControllerTest.php:1; tests/Feature/Consents/ConsentRequestIntegrityTest.php:1,false,INCOMPLETE_GROUPED_DISCOVERY_CANDIDATE,"Static source locators only; no route execution, test result, browser result, benchmark match, ease score, or production-readiness credit."
CAP-MED-CLIENT-MEDICAL-PROFILE,Clients,GROUPED_DISCOVERY_CANDIDATE_NOT_FINAL_DENOMINATOR,Client medical controller and medication scope services,NOT_ESTABLISHED_CURRENT_AUDIT,Maintain the authorised client's medical profile,NOT_ADJUDICATED_CURRENT_AUDIT,NOT_ESTABLISHED_CURRENT_AUDIT,NOT_ESTABLISHED_CURRENT_AUDIT,NOT_ESTABLISHED_CURRENT_AUDIT,NOT_ESTABLISHED_CURRENT_AUDIT,routes/clients.php:30-259; app/Http/Controllers/ClientController.php:1; app/Services/ConsentRequestService.php:1; app/Services/ConsentDecisionEvidenceService.php:1,NOT_ESTABLISHED_CURRENT_AUDIT,Static grouped user job only: Maintain the authorised client's medical profile. Representative-role completion was not executed.,NOT_ESTABLISHED_CURRENT_AUDIT,NOT_SELECTED_CURRENT_AUDIT,NOT_ESTABLISHED_CURRENT_AUDIT,NOT_ESTABLISHED_CURRENT_AUDIT,NOT_ESTABLISHED_CURRENT_AUDIT,NOT_DOCUMENTED_CURRENT_AUDIT,NOT_SCORED_CURRENT_AUDIT,NOT_SCORED_CURRENT_AUDIT,PARTIAL_STATIC_GROUPED_DISCOVERY_IDENTITY_NOT_FROZEN,NOT_STARTED_CURRENT_AUDIT,NOT_STARTED_CURRENT_AUDIT,NOT_STARTED_CURRENT_AUDIT,NOT_STARTED_CURRENT_AUDIT,NOT_STARTED_CURRENT_AUDIT,NOT_STARTED_CURRENT_AUDIT,NOT_STARTED_CURRENT_AUDIT,NOT_LINKED_TO_CANDIDATE_CURRENT_AUDIT,LOW_PARTIAL_STATIC_DISCOVERY,H,GROUPED_DISCOVERY_CANDIDATE_NOT_FINAL_DENOMINATOR,tests/Feature/ClientControllerTest.php:1; tests/Feature/Consents/ConsentRequestIntegrityTest.php:1,false,INCOMPLETE_GROUPED_DISCOVERY_CANDIDATE,"Static source locators only; no route execution, test result, browser result, benchmark match, ease score, or production-readiness credit."
CAP-CLI-CLIENT-SUPPORT-ASSESSMENT-RISK,Clients,GROUPED_DISCOVERY_CANDIDATE_NOT_FINAL_DENOMINATOR,Client assessment and risk owners,NOT_ESTABLISHED_CURRENT_AUDIT,Record support assessments and risks,NOT_ADJUDICATED_CURRENT_AUDIT,NOT_ESTABLISHED_CURRENT_AUDIT,NOT_ESTABLISHED_CURRENT_AUDIT,NOT_ESTABLISHED_CURRENT_AUDIT,NOT_ESTABLISHED_CURRENT_AUDIT,routes/clients.php:30-259; app/Http/Controllers/ClientController.php:1; app/Services/ConsentRequestService.php:1; app/Services/ConsentDecisionEvidenceService.php:1,NOT_ESTABLISHED_CURRENT_AUDIT,Static grouped user job only: Record support assessments and risks. Representative-role completion was not executed.,NOT_ESTABLISHED_CURRENT_AUDIT,NOT_SELECTED_CURRENT_AUDIT,NOT_ESTABLISHED_CURRENT_AUDIT,NOT_ESTABLISHED_CURRENT_AUDIT,NOT_ESTABLISHED_CURRENT_AUDIT,NOT_DOCUMENTED_CURRENT_AUDIT,NOT_SCORED_CURRENT_AUDIT,NOT_SCORED_CURRENT_AUDIT,PARTIAL_STATIC_GROUPED_DISCOVERY_IDENTITY_NOT_FROZEN,NOT_STARTED_CURRENT_AUDIT,NOT_STARTED_CURRENT_AUDIT,NOT_STARTED_CURRENT_AUDIT,NOT_STARTED_CURRENT_AUDIT,NOT_STARTED_CURRENT_AUDIT,NOT_STARTED_CURRENT_AUDIT,NOT_STARTED_CURRENT_AUDIT,NOT_LINKED_TO_CANDIDATE_CURRENT_AUDIT,LOW_PARTIAL_STATIC_DISCOVERY,H,GROUPED_DISCOVERY_CANDIDATE_NOT_FINAL_DENOMINATOR,tests/Feature/ClientControllerTest.php:1; tests/Feature/Consents/ConsentRequestIntegrityTest.php:1,false,INCOMPLETE_GROUPED_DISCOVERY_CANDIDATE,"Static source locators only; no route execution, test result, browser result, benchmark match, ease score, or production-readiness credit."
CAP-CLI-CLIENT-ASSIGNMENT-NOTES,Clients,GROUPED_DISCOVERY_CANDIDATE_NOT_FINAL_DENOMINATOR,Client assignment owners,NOT_ESTABLISHED_CURRENT_AUDIT,Manage client assignments and scoped notes,NOT_ADJUDICATED_CURRENT_AUDIT,NOT_ESTABLISHED_CURRENT_AUDIT,NOT_ESTABLISHED_CURRENT_AUDIT,NOT_ESTABLISHED_CURRENT_AUDIT,NOT_ESTABLISHED_CURRENT_AUDIT,routes/clients.php:30-259; app/Http/Controllers/ClientController.php:1; app/Services/ConsentRequestService.php:1; app/Services/ConsentDecisionEvidenceService.php:1,NOT_ESTABLISHED_CURRENT_AUDIT,Static grouped user job only: Manage client assignments and scoped notes. Representative-role completion was not executed.,NOT_ESTABLISHED_CURRENT_AUDIT,NOT_SELECTED_CURRENT_AUDIT,NOT_ESTABLISHED_CURRENT_AUDIT,NOT_ESTABLISHED_CURRENT_AUDIT,NOT_ESTABLISHED_CURRENT_AUDIT,NOT_DOCUMENTED_CURRENT_AUDIT,NOT_SCORED_CURRENT_AUDIT,NOT_SCORED_CURRENT_AUDIT,PARTIAL_STATIC_GROUPED_DISCOVERY_IDENTITY_NOT_FROZEN,NOT_STARTED_CURRENT_AUDIT,NOT_STARTED_CURRENT_AUDIT,NOT_STARTED_CURRENT_AUDIT,NOT_STARTED_CURRENT_AUDIT,NOT_STARTED_CURRENT_AUDIT,NOT_STARTED_CURRENT_AUDIT,NOT_STARTED_CURRENT_AUDIT,NOT_LINKED_TO_CANDIDATE_CURRENT_AUDIT,LOW_PARTIAL_STATIC_DISCOVERY,H,GROUPED_DISCOVERY_CANDIDATE_NOT_FINAL_DENOMINATOR,tests/Feature/ClientControllerTest.php:1; tests/Feature/Consents/ConsentRequestIntegrityTest.php:1,false,INCOMPLETE_GROUPED_DISCOVERY_CANDIDATE,"Static source locators only; no route execution, test result, browser result, benchmark match, ease score, or production-readiness credit."
OPS-CLIENT-CONSENT,Clients,GROUPED_DISCOVERY_CANDIDATE_NOT_FINAL_DENOMINATOR,ConsentRequestService and ConsentDecisionEvidenceService,NOT_ESTABLISHED_CURRENT_AUDIT,"Request, decide, validate, and evidence consent",NOT_ADJUDICATED_CURRENT_AUDIT,NOT_ESTABLISHED_CURRENT_AUDIT,NOT_ESTABLISHED_CURRENT_AUDIT,NOT_ESTABLISHED_CURRENT_AUDIT,NOT_ESTABLISHED_CURRENT_AUDIT,routes/clients.php:30-259; app/Http/Controllers/ClientController.php:1; app/Services/ConsentRequestService.php:1; app/Services/ConsentDecisionEvidenceService.php:1,NOT_ESTABLISHED_CURRENT_AUDIT,"Static grouped user job only: Request, decide, validate, and evidence consent. Representative-role completion was not executed.",ohcnetwork/care; ohcnetwork/care_fe,NOT_SELECTED_CURRENT_AUDIT,https://github.com/ohcnetwork/care@c64a1ef0e726b06788b63bf4537dea5d16af2269; https://github.com/ohcnetwork/care_fe@912477accb940e370db85dcb4bb98ebafbb5a45e,PROVISIONAL_AGENT_EVIDENCE_ONLY; see evidence/benchmark/current-benchmark-wave-01.json,"Structured consent capture does not prove representative authority, decision evidence, withdrawal, expiry, and downstream effects.",NOT_DOCUMENTED_CURRENT_AUDIT,NOT_SCORED_CURRENT_AUDIT,NOT_SCORED_CURRENT_AUDIT,PARTIAL_STATIC_GROUPED_DISCOVERY_IDENTITY_NOT_FROZEN,NOT_STARTED_CURRENT_AUDIT,RUN-007_PROVISIONAL_OBSERVER_RELATION_NO_CREDIT; RUN-008_PARTIAL_REQUIREMENT_ONLY_NO_CREDIT,NOT_STARTED_CURRENT_AUDIT,NOT_STARTED_CURRENT_AUDIT,NOT_STARTED_CURRENT_AUDIT,NOT_STARTED_CURRENT_AUDIT,NOT_STARTED_CURRENT_AUDIT,NOT_LINKED_TO_CANDIDATE_CURRENT_AUDIT,LOW_PARTIAL_STATIC_DISCOVERY,H,GROUPED_DISCOVERY_CANDIDATE_NOT_FINAL_DENOMINATOR,tests/Feature/ClientControllerTest.php:1; tests/Feature/Consents/ConsentRequestIntegrityTest.php:1,false,INCOMPLETE_GROUPED_DISCOVERY_CANDIDATE,"Static source locators only; no route execution, test result, browser result, benchmark match, ease score, or production-readiness credit."
CAP-OPS-CARE-PLAN-LIFECYCLE,Clients,GROUPED_DISCOVERY_CANDIDATE_NOT_FINAL_DENOMINATOR,Operations CarePlanService and attestation owner,NOT_ESTABLISHED_CURRENT_AUDIT,"Create, review, sign off, and close a care plan",NOT_ADJUDICATED_CURRENT_AUDIT,NOT_ESTABLISHED_CURRENT_AUDIT,NOT_ESTABLISHED_CURRENT_AUDIT,NOT_ESTABLISHED_CURRENT_AUDIT,NOT_ESTABLISHED_CURRENT_AUDIT,routes/clients.php:30-259; app/Http/Controllers/ClientController.php:1; app/Services/ConsentRequestService.php:1; app/Services/ConsentDecisionEvidenceService.php:1,NOT_ESTABLISHED_CURRENT_AUDIT,"Static grouped user job only: Create, review, sign off, and close a care plan. Representative-role completion was not executed.",NOT_ESTABLISHED_CURRENT_AUDIT,NOT_SELECTED_CURRENT_AUDIT,NOT_ESTABLISHED_CURRENT_AUDIT,NOT_ESTABLISHED_CURRENT_AUDIT,NOT_ESTABLISHED_CURRENT_AUDIT,NOT_DOCUMENTED_CURRENT_AUDIT,NOT_SCORED_CURRENT_AUDIT,NOT_SCORED_CURRENT_AUDIT,PARTIAL_STATIC_GROUPED_DISCOVERY_IDENTITY_NOT_FROZEN,NOT_STARTED_CURRENT_AUDIT,NOT_STARTED_CURRENT_AUDIT,NOT_STARTED_CURRENT_AUDIT,NOT_STARTED_CURRENT_AUDIT,NOT_STARTED_CURRENT_AUDIT,NOT_STARTED_CURRENT_AUDIT,NOT_STARTED_CURRENT_AUDIT,NOT_LINKED_TO_CANDIDATE_CURRENT_AUDIT,LOW_PARTIAL_STATIC_DISCOVERY,H,GROUPED_DISCOVERY_CANDIDATE_NOT_FINAL_DENOMINATOR,tests/Feature/ClientControllerTest.php:1; tests/Feature/Consents/ConsentRequestIntegrityTest.php:1,false,INCOMPLETE_GROUPED_DISCOVERY_CANDIDATE,"Static source locators only; no route execution, test result, browser result, benchmark match, ease score, or production-readiness credit."
CAP-CLI-CLIENT-DOCUMENT-AUDIT-EXPORT,Clients,GROUPED_DISCOVERY_CANDIDATE_NOT_FINAL_DENOMINATOR,Client document export owner,NOT_ESTABLISHED_CURRENT_AUDIT,Export authorised client document and audit evidence,NOT_ADJUDICATED_CURRENT_AUDIT,NOT_ESTABLISHED_CURRENT_AUDIT,NOT_ESTABLISHED_CURRENT_AUDIT,NOT_ESTABLISHED_CURRENT_AUDIT,NOT_ESTABLISHED_CURRENT_AUDIT,routes/clients.php:30-259; app/Http/Controllers/ClientController.php:1; app/Services/ConsentRequestService.php:1; app/Services/ConsentDecisionEvidenceService.php:1,NOT_ESTABLISHED_CURRENT_AUDIT,Static grouped user job only: Export authorised client document and audit evidence. Representative-role completion was not executed.,NOT_ESTABLISHED_CURRENT_AUDIT,NOT_SELECTED_CURRENT_AUDIT,NOT_ESTABLISHED_CURRENT_AUDIT,NOT_ESTABLISHED_CURRENT_AUDIT,NOT_ESTABLISHED_CURRENT_AUDIT,NOT_DOCUMENTED_CURRENT_AUDIT,NOT_SCORED_CURRENT_AUDIT,NOT_SCORED_CURRENT_AUDIT,PARTIAL_STATIC_GROUPED_DISCOVERY_IDENTITY_NOT_FROZEN,NOT_STARTED_CURRENT_AUDIT,NOT_STARTED_CURRENT_AUDIT,NOT_STARTED_CURRENT_AUDIT,NOT_STARTED_CURRENT_AUDIT,NOT_STARTED_CURRENT_AUDIT,NOT_STARTED_CURRENT_AUDIT,NOT_STARTED_CURRENT_AUDIT,NOT_LINKED_TO_CANDIDATE_CURRENT_AUDIT,LOW_PARTIAL_STATIC_DISCOVERY,D,GROUPED_DISCOVERY_CANDIDATE_NOT_FINAL_DENOMINATOR,tests/Feature/ClientControllerTest.php:1; tests/Feature/Consents/ConsentRequestIntegrityTest.php:1,false,INCOMPLETE_GROUPED_DISCOVERY_CANDIDATE,"Static source locators only; no route execution, test result, browser result, benchmark match, ease score, or production-readiness credit."
CAP-CLIN-MODULE-DASHBOARD,Care & Clinical,GROUPED_DISCOVERY_CANDIDATE_NOT_FINAL_DENOMINATOR,HealthClinicalDashboardController,NOT_ESTABLISHED_CURRENT_AUDIT,Review the clinical module dashboard for approved Sites,NOT_ADJUDICATED_CURRENT_AUDIT,NOT_ESTABLISHED_CURRENT_AUDIT,NOT_ESTABLISHED_CURRENT_AUDIT,NOT_ESTABLISHED_CURRENT_AUDIT,NOT_ESTABLISHED_CURRENT_AUDIT,routes/health-clinical.php:23-114; app/Http/Controllers/Clinical/HealthClinicalDashboardController.php:1; app/Domain/Clinical/Services/ClinicalObservationService.php:1; app/Domain/Clinical/Services/ClinicalEventService.php:1,NOT_ESTABLISHED_CURRENT_AUDIT,Static grouped user job only: Review the clinical module dashboard for approved Sites. Representative-role completion was not executed.,openmrs/openmrs-esm-patient-chart,NOT_SELECTED_CURRENT_AUDIT,https://github.com/openmrs/openmrs-esm-patient-chart@80db8ffc6ae52b7f708ed32aaa2f8a8b9abd4776,PROVISIONAL_AGENT_EVIDENCE_ONLY; see evidence/benchmark/current-benchmark-wave-01.json,"A dashboard component proves presentation, not approved-Site clinical scope or downstream action ownership.",NOT_DOCUMENTED_CURRENT_AUDIT,NOT_SCORED_CURRENT_AUDIT,NOT_SCORED_CURRENT_AUDIT,PARTIAL_STATIC_GROUPED_DISCOVERY_IDENTITY_NOT_FROZEN,NOT_STARTED_CURRENT_AUDIT,RUN-008_FAIL_GENERIC_UI_COLLISION_NO_CREDIT,NOT_STARTED_CURRENT_AUDIT,NOT_STARTED_CURRENT_AUDIT,NOT_STARTED_CURRENT_AUDIT,NOT_STARTED_CURRENT_AUDIT,NOT_STARTED_CURRENT_AUDIT,NOT_LINKED_TO_CANDIDATE_CURRENT_AUDIT,LOW_PARTIAL_STATIC_DISCOVERY,H,GROUPED_DISCOVERY_CANDIDATE_NOT_FINAL_DENOMINATOR,tests/Feature/Domain/Clinical/HealthClinicalSiteAuthorizationTest.php:1; tests/Feature/Domain/Clinical/ObservationRegisterTest.php:1,false,INCOMPLETE_GROUPED_DISCOVERY_CANDIDATE,"Static source locators only; no route execution, test result, browser result, benchmark match, ease score, or production-readiness credit."
CAP-CLIN-OBSERVATION-REGISTER-RECORD,Care & Clinical,GROUPED_DISCOVERY_CANDIDATE_NOT_FINAL_DENOMINATOR,ClinicalObservationService,NOT_ESTABLISHED_CURRENT_AUDIT,Record and review a clinical observation,NOT_ADJUDICATED_CURRENT_AUDIT,NOT_ESTABLISHED_CURRENT_AUDIT,NOT_ESTABLISHED_CURRENT_AUDIT,NOT_ESTABLISHED_CURRENT_AUDIT,NOT_ESTABLISHED_CURRENT_AUDIT,routes/health-clinical.php:23-114; app/Http/Controllers/Clinical/HealthClinicalDashboardController.php:1; app/Domain/Clinical/Services/ClinicalObservationService.php:1; app/Domain/Clinical/Services/ClinicalEventService.php:1,NOT_ESTABLISHED_CURRENT_AUDIT,Static grouped user job only: Record and review a clinical observation. Representative-role completion was not executed.,openemr/openemr,NOT_SELECTED_CURRENT_AUDIT,https://github.com/openemr/openemr@a6321a3e2978e62472dbb6c721b680ca2d65b592,PROVISIONAL_AGENT_EVIDENCE_ONLY; see evidence/benchmark/current-benchmark-wave-01.json,Patient/encounter-bound validated observation persistence survives narrowly; Oblivion Site and privacy proof does not transfer.,NOT_DOCUMENTED_CURRENT_AUDIT,NOT_SCORED_CURRENT_AUDIT,NOT_SCORED_CURRENT_AUDIT,PARTIAL_STATIC_GROUPED_DISCOVERY_IDENTITY_NOT_FROZEN,NOT_STARTED_CURRENT_AUDIT,RUN-007_PROVISIONAL_OBSERVER_RELATION_NO_CREDIT; RUN-008_SURVIVES_NARROW_STATIC_REQUIREMENT_NO_CREDIT,NOT_STARTED_CURRENT_AUDIT,NOT_STARTED_CURRENT_AUDIT,NOT_STARTED_CURRENT_AUDIT,NOT_STARTED_CURRENT_AUDIT,NOT_STARTED_CURRENT_AUDIT,NOT_LINKED_TO_CANDIDATE_CURRENT_AUDIT,LOW_PARTIAL_STATIC_DISCOVERY,H,GROUPED_DISCOVERY_CANDIDATE_NOT_FINAL_DENOMINATOR,tests/Feature/Domain/Clinical/HealthClinicalSiteAuthorizationTest.php:1; tests/Feature/Domain/Clinical/ObservationRegisterTest.php:1,false,INCOMPLETE_GROUPED_DISCOVERY_CANDIDATE,"Static source locators only; no route execution, test result, browser result, benchmark match, ease score, or production-readiness credit."
CAP-CLIN-EVENT-REGISTER-RECORD,Care & Clinical,GROUPED_DISCOVERY_CANDIDATE_NOT_FINAL_DENOMINATOR,ClinicalEventService,NOT_ESTABLISHED_CURRENT_AUDIT,Record a clinical event,NOT_ADJUDICATED_CURRENT_AUDIT,NOT_ESTABLISHED_CURRENT_AUDIT,NOT_ESTABLISHED_CURRENT_AUDIT,NOT_ESTABLISHED_CURRENT_AUDIT,NOT_ESTABLISHED_CURRENT_AUDIT,routes/health-clinical.php:23-114; app/Http/Controllers/Clinical/HealthClinicalDashboardController.php:1; app/Domain/Clinical/Services/ClinicalObservationService.php:1; app/Domain/Clinical/Services/ClinicalEventService.php:1,NOT_ESTABLISHED_CURRENT_AUDIT,Static grouped user job only: Record a clinical event. Representative-role completion was not executed.,openmrs/openmrs-core,NOT_SELECTED_CURRENT_AUDIT,https://github.com/openmrs/openmrs-core@6c1b124b30b5df1df6d1939fd629cea1ea002a4e,PROVISIONAL_AGENT_EVIDENCE_ONLY; see evidence/benchmark/current-benchmark-wave-01.json,Person-context clinical-event persistence survives narrowly; Site/privacy parity does not transfer.,NOT_DOCUMENTED_CURRENT_AUDIT,NOT_SCORED_CURRENT_AUDIT,NOT_SCORED_CURRENT_AUDIT,PARTIAL_STATIC_GROUPED_DISCOVERY_IDENTITY_NOT_FROZEN,NOT_STARTED_CURRENT_AUDIT,RUN-008_SURVIVES_NARROW_STATIC_REQUIREMENT_NO_CREDIT,NOT_STARTED_CURRENT_AUDIT,NOT_STARTED_CURRENT_AUDIT,NOT_STARTED_CURRENT_AUDIT,NOT_STARTED_CURRENT_AUDIT,NOT_STARTED_CURRENT_AUDIT,NOT_LINKED_TO_CANDIDATE_CURRENT_AUDIT,LOW_PARTIAL_STATIC_DISCOVERY,H,GROUPED_DISCOVERY_CANDIDATE_NOT_FINAL_DENOMINATOR,tests/Feature/Domain/Clinical/HealthClinicalSiteAuthorizationTest.php:1; tests/Feature/Domain/Clinical/ObservationRegisterTest.php:1,false,INCOMPLETE_GROUPED_DISCOVERY_CANDIDATE,"Static source locators only; no route execution, test result, browser result, benchmark match, ease score, or production-readiness credit."
CAP-CLIN-EVENT-REVIEW-ESCALATION-CLOSURE,Care & Clinical,GROUPED_DISCOVERY_CANDIDATE_NOT_FINAL_DENOMINATOR,Clinical event lifecycle owner,NOT_ESTABLISHED_CURRENT_AUDIT,"Review, escalate, and close a clinical event",NOT_ADJUDICATED_CURRENT_AUDIT,NOT_ESTABLISHED_CURRENT_AUDIT,NOT_ESTABLISHED_CURRENT_AUDIT,NOT_ESTABLISHED_CURRENT_AUDIT,NOT_ESTABLISHED_CURRENT_AUDIT,routes/health-clinical.php:23-114; app/Http/Controllers/Clinical/HealthClinicalDashboardController.php:1; app/Domain/Clinical/Services/ClinicalObservationService.php:1; app/Domain/Clinical/Services/ClinicalEventService.php:1,NOT_ESTABLISHED_CURRENT_AUDIT,"Static grouped user job only: Review, escalate, and close a clinical event. Representative-role completion was not executed.",OneUptime/oneuptime,NOT_SELECTED_CURRENT_AUDIT,https://github.com/OneUptime/oneuptime@ba44f303182bb8e896809c8491023c8d2210f4ee,PROVISIONAL_AGENT_EVIDENCE_ONLY; see evidence/benchmark/current-benchmark-wave-01.json,"Generic alert escalation does not prove accountable clinical review, follow-up, safety closure, or clinical authority.",NOT_DOCUMENTED_CURRENT_AUDIT,NOT_SCORED_CURRENT_AUDIT,NOT_SCORED_CURRENT_AUDIT,PARTIAL_STATIC_GROUPED_DISCOVERY_IDENTITY_NOT_FROZEN,NOT_STARTED_CURRENT_AUDIT,RUN-008_PARTIAL_REQUIREMENT_ONLY_NO_CREDIT,NOT_STARTED_CURRENT_AUDIT,NOT_STARTED_CURRENT_AUDIT,NOT_STARTED_CURRENT_AUDIT,NOT_STARTED_CURRENT_AUDIT,NOT_STARTED_CURRENT_AUDIT,NOT_LINKED_TO_CANDIDATE_CURRENT_AUDIT,LOW_PARTIAL_STATIC_DISCOVERY,H,GROUPED_DISCOVERY_CANDIDATE_NOT_FINAL_DENOMINATOR,tests/Feature/Domain/Clinical/HealthClinicalSiteAuthorizationTest.php:1; tests/Feature/Domain/Clinical/ObservationRegisterTest.php:1,false,INCOMPLETE_GROUPED_DISCOVERY_CANDIDATE,"Static source locators only; no route execution, test result, browser result, benchmark match, ease score, or production-readiness credit."
CAP-CLIN-BEHAVIOUR-AND-MONITORING,Care & Clinical,GROUPED_DISCOVERY_CANDIDATE_NOT_FINAL_DENOMINATOR,Clinical recording services,NOT_ESTABLISHED_CURRENT_AUDIT,Record behaviour and monitoring evidence,NOT_ADJUDICATED_CURRENT_AUDIT,NOT_ESTABLISHED_CURRENT_AUDIT,NOT_ESTABLISHED_CURRENT_AUDIT,NOT_ESTABLISHED_CURRENT_AUDIT,NOT_ESTABLISHED_CURRENT_AUDIT,routes/health-clinical.php:23-114; app/Http/Controllers/Clinical/HealthClinicalDashboardController.php:1; app/Domain/Clinical/Services/ClinicalObservationService.php:1; app/Domain/Clinical/Services/ClinicalEventService.php:1,NOT_ESTABLISHED_CURRENT_AUDIT,Static grouped user job only: Record behaviour and monitoring evidence. Representative-role completion was not executed.,NOT_ESTABLISHED_CURRENT_AUDIT,NOT_SELECTED_CURRENT_AUDIT,NOT_ESTABLISHED_CURRENT_AUDIT,NOT_ESTABLISHED_CURRENT_AUDIT,NOT_ESTABLISHED_CURRENT_AUDIT,NOT_DOCUMENTED_CURRENT_AUDIT,NOT_SCORED_CURRENT_AUDIT,NOT_SCORED_CURRENT_AUDIT,PARTIAL_STATIC_GROUPED_DISCOVERY_IDENTITY_NOT_FROZEN,NOT_STARTED_CURRENT_AUDIT,NOT_STARTED_CURRENT_AUDIT,NOT_STARTED_CURRENT_AUDIT,NOT_STARTED_CURRENT_AUDIT,NOT_STARTED_CURRENT_AUDIT,NOT_STARTED_CURRENT_AUDIT,NOT_STARTED_CURRENT_AUDIT,NOT_LINKED_TO_CANDIDATE_CURRENT_AUDIT,LOW_PARTIAL_STATIC_DISCOVERY,H,GROUPED_DISCOVERY_CANDIDATE_NOT_FINAL_DENOMINATOR,tests/Feature/Domain/Clinical/HealthClinicalSiteAuthorizationTest.php:1; tests/Feature/Domain/Clinical/ObservationRegisterTest.php:1,false,INCOMPLETE_GROUPED_DISCOVERY_CANDIDATE,"Static source locators only; no route execution, test result, browser result, benchmark match, ease score, or production-readiness credit."
CAP-CLIN-ASSESSMENT-PROTOCOL-LIFECYCLE,Care & Clinical,GROUPED_DISCOVERY_CANDIDATE_NOT_FINAL_DENOMINATOR,Clinical protocol services,NOT_ESTABLISHED_CURRENT_AUDIT,Create and run an assessment protocol,NOT_ADJUDICATED_CURRENT_AUDIT,NOT_ESTABLISHED_CURRENT_AUDIT,NOT_ESTABLISHED_CURRENT_AUDIT,NOT_ESTABLISHED_CURRENT_AUDIT,NOT_ESTABLISHED_CURRENT_AUDIT,routes/health-clinical.php:23-114; app/Http/Controllers/Clinical/HealthClinicalDashboardController.php:1; app/Domain/Clinical/Services/ClinicalObservationService.php:1; app/Domain/Clinical/Services/ClinicalEventService.php:1,NOT_ESTABLISHED_CURRENT_AUDIT,Static grouped user job only: Create and run an assessment protocol. Representative-role completion was not executed.,openmrs/openmrs-esm-form-engine-lib,NOT_SELECTED_CURRENT_AUDIT,https://github.com/openmrs/openmrs-esm-form-engine-lib@b7a344d184b2002dc0babbcb5bba1d37d29ea51b,PROVISIONAL_AGENT_EVIDENCE_ONLY; see evidence/benchmark/current-benchmark-wave-01.json,NOT_ESTABLISHED_CURRENT_AUDIT,NOT_DOCUMENTED_CURRENT_AUDIT,NOT_SCORED_CURRENT_AUDIT,NOT_SCORED_CURRENT_AUDIT,PARTIAL_STATIC_GROUPED_DISCOVERY_IDENTITY_NOT_FROZEN,NOT_STARTED_CURRENT_AUDIT,RUN-007_PROVISIONAL_OBSERVER_RELATION_NO_CREDIT,NOT_STARTED_CURRENT_AUDIT,NOT_STARTED_CURRENT_AUDIT,NOT_STARTED_CURRENT_AUDIT,NOT_STARTED_CURRENT_AUDIT,NOT_STARTED_CURRENT_AUDIT,NOT_LINKED_TO_CANDIDATE_CURRENT_AUDIT,LOW_PARTIAL_STATIC_DISCOVERY,H,GROUPED_DISCOVERY_CANDIDATE_NOT_FINAL_DENOMINATOR,tests/Feature/Domain/Clinical/HealthClinicalSiteAuthorizationTest.php:1; tests/Feature/Domain/Clinical/ObservationRegisterTest.php:1,false,INCOMPLETE_GROUPED_DISCOVERY_CANDIDATE,"Static source locators only; no route execution, test result, browser result, benchmark match, ease score, or production-readiness credit."
CAP-CLIN-TRENDS-SUMMARY-CARE-LENS,Care & Clinical,GROUPED_DISCOVERY_CANDIDATE_NOT_FINAL_DENOMINATOR,Clinical dashboard presenters,NOT_ESTABLISHED_CURRENT_AUDIT,Review trends and care-summary lenses,NOT_ADJUDICATED_CURRENT_AUDIT,NOT_ESTABLISHED_CURRENT_AUDIT,NOT_ESTABLISHED_CURRENT_AUDIT,NOT_ESTABLISHED_CURRENT_AUDIT,NOT_ESTABLISHED_CURRENT_AUDIT,routes/health-clinical.php:23-114; app/Http/Controllers/Clinical/HealthClinicalDashboardController.php:1; app/Domain/Clinical/Services/ClinicalObservationService.php:1; app/Domain/Clinical/Services/ClinicalEventService.php:1,NOT_ESTABLISHED_CURRENT_AUDIT,Static grouped user job only: Review trends and care-summary lenses. Representative-role completion was not executed.,NOT_ESTABLISHED_CURRENT_AUDIT,NOT_SELECTED_CURRENT_AUDIT,NOT_ESTABLISHED_CURRENT_AUDIT,NOT_ESTABLISHED_CURRENT_AUDIT,NOT_ESTABLISHED_CURRENT_AUDIT,NOT_DOCUMENTED_CURRENT_AUDIT,NOT_SCORED_CURRENT_AUDIT,NOT_SCORED_CURRENT_AUDIT,PARTIAL_STATIC_GROUPED_DISCOVERY_IDENTITY_NOT_FROZEN,NOT_STARTED_CURRENT_AUDIT,NOT_STARTED_CURRENT_AUDIT,NOT_STARTED_CURRENT_AUDIT,NOT_STARTED_CURRENT_AUDIT,NOT_STARTED_CURRENT_AUDIT,NOT_STARTED_CURRENT_AUDIT,NOT_STARTED_CURRENT_AUDIT,NOT_LINKED_TO_CANDIDATE_CURRENT_AUDIT,LOW_PARTIAL_STATIC_DISCOVERY,H,GROUPED_DISCOVERY_CANDIDATE_NOT_FINAL_DENOMINATOR,tests/Feature/Domain/Clinical/HealthClinicalSiteAuthorizationTest.php:1; tests/Feature/Domain/Clinical/ObservationRegisterTest.php:1,false,INCOMPLETE_GROUPED_DISCOVERY_CANDIDATE,"Static source locators only; no route execution, test result, browser result, benchmark match, ease score, or production-readiness credit."
CAP-CLIN-RECORD-WIZARD-CONTEXT-API,Care & Clinical,GROUPED_DISCOVERY_CANDIDATE_NOT_FINAL_DENOMINATOR,Clinical context API controllers,NOT_ESTABLISHED_CURRENT_AUDIT,Load governed context for a clinical record wizard,NOT_ADJUDICATED_CURRENT_AUDIT,NOT_ESTABLISHED_CURRENT_AUDIT,NOT_ESTABLISHED_CURRENT_AUDIT,NOT_ESTABLISHED_CURRENT_AUDIT,NOT_ESTABLISHED_CURRENT_AUDIT,routes/health-clinical.php:23-114; app/Http/Controllers/Clinical/HealthClinicalDashboardController.php:1; app/Domain/Clinical/Services/ClinicalObservationService.php:1; app/Domain/Clinical/Services/ClinicalEventService.php:1,NOT_ESTABLISHED_CURRENT_AUDIT,Static grouped user job only: Load governed context for a clinical record wizard. Representative-role completion was not executed.,openmrs/openmrs-esm-form-engine-lib; openmrs/openmrs-esm-patient-management,NOT_SELECTED_CURRENT_AUDIT,https://github.com/openmrs/openmrs-esm-form-engine-lib@b7a344d184b2002dc0babbcb5bba1d37d29ea51b; https://github.com/openmrs/openmrs-esm-patient-management@710bf9b201f0663ed6dd0afb7af0591a9db4f3d4,PROVISIONAL_AGENT_EVIDENCE_ONLY; see evidence/benchmark/current-benchmark-wave-01.json,"Subject search/context supports selection only; governed payload, approved-Site scope, and wizard authority remain unproved.",NOT_DOCUMENTED_CURRENT_AUDIT,NOT_SCORED_CURRENT_AUDIT,NOT_SCORED_CURRENT_AUDIT,PARTIAL_STATIC_GROUPED_DISCOVERY_IDENTITY_NOT_FROZEN,NOT_STARTED_CURRENT_AUDIT,RUN-007_PROVISIONAL_OBSERVER_RELATION_NO_CREDIT; RUN-008_PARTIAL_REQUIREMENT_ONLY_NO_CREDIT,NOT_STARTED_CURRENT_AUDIT,NOT_STARTED_CURRENT_AUDIT,NOT_STARTED_CURRENT_AUDIT,NOT_STARTED_CURRENT_AUDIT,NOT_STARTED_CURRENT_AUDIT,NOT_LINKED_TO_CANDIDATE_CURRENT_AUDIT,LOW_PARTIAL_STATIC_DISCOVERY,D,GROUPED_DISCOVERY_CANDIDATE_NOT_FINAL_DENOMINATOR,tests/Feature/Domain/Clinical/HealthClinicalSiteAuthorizationTest.php:1; tests/Feature/Domain/Clinical/ObservationRegisterTest.php:1,false,INCOMPLETE_GROUPED_DISCOVERY_CANDIDATE,"Static source locators only; no route execution, test result, browser result, benchmark match, ease score, or production-readiness credit."
CAP-MED-WORKER-TODAY-WORKLIST,eMAR,GROUPED_DISCOVERY_CANDIDATE_NOT_FINAL_DENOMINATOR,MyDayMedicationsController and medication scope owner,NOT_ESTABLISHED_CURRENT_AUDIT,Review today's authorised medication work,NOT_ADJUDICATED_CURRENT_AUDIT,NOT_ESTABLISHED_CURRENT_AUDIT,NOT_ESTABLISHED_CURRENT_AUDIT,NOT_ESTABLISHED_CURRENT_AUDIT,NOT_ESTABLISHED_CURRENT_AUDIT,routes/emar.php:30-395; app/Http/Controllers/Emar/EmarController.php:4023-4121; app/Services/Medication/MedicationScopeDecisionService.php:40-221; app/Services/Eligibility/Rules/MedicationCompetencyRule.php:1,NOT_ESTABLISHED_CURRENT_AUDIT,Static grouped user job only: Review today's authorised medication work. Representative-role completion was not executed.,Bahmni/openmrs-module-ipd-frontend,NOT_SELECTED_CURRENT_AUDIT,https://github.com/Bahmni/openmrs-module-ipd-frontend@cd5aff98be8b6b46cf85ac4e61964c5f27eb59d9,PROVISIONAL_AGENT_EVIDENCE_ONLY; see evidence/benchmark/current-benchmark-wave-01.json,NOT_ESTABLISHED_CURRENT_AUDIT,NOT_DOCUMENTED_CURRENT_AUDIT,NOT_SCORED_CURRENT_AUDIT,NOT_SCORED_CURRENT_AUDIT,PARTIAL_STATIC_GROUPED_DISCOVERY_IDENTITY_NOT_FROZEN,NOT_STARTED_CURRENT_AUDIT,RUN-007_PROVISIONAL_OBSERVER_RELATION_NO_CREDIT,NOT_STARTED_CURRENT_AUDIT,NOT_STARTED_CURRENT_AUDIT,NOT_STARTED_CURRENT_AUDIT,NOT_STARTED_CURRENT_AUDIT,NOT_STARTED_CURRENT_AUDIT,NOT_LINKED_TO_CANDIDATE_CURRENT_AUDIT,LOW_PARTIAL_STATIC_DISCOVERY,H,GROUPED_DISCOVERY_CANDIDATE_NOT_FINAL_DENOMINATOR,tests/Feature/Emar/MedicationScopeAuthorizationTest.php:1; tests/Feature/Emar/MedicationCompetencyPolicyTest.php:1; tests/Feature/Emar/ControlledDrugsTest.php:1,false,INCOMPLETE_GROUPED_DISCOVERY_CANDIDATE,"Static source locators only; no route execution, test result, browser result, benchmark match, ease score, or production-readiness credit."
CAP-MED-WORKER-DOSE-PRN-LIFECYCLE,eMAR,GROUPED_DISCOVERY_CANDIDATE_NOT_FINAL_DENOMINATOR,Medication administration lifecycle owner,NOT_ESTABLISHED_CURRENT_AUDIT,Record scheduled and PRN dose outcomes,NOT_ADJUDICATED_CURRENT_AUDIT,NOT_ESTABLISHED_CURRENT_AUDIT,NOT_ESTABLISHED_CURRENT_AUDIT,NOT_ESTABLISHED_CURRENT_AUDIT,NOT_ESTABLISHED_CURRENT_AUDIT,routes/emar.php:30-395; app/Http/Controllers/Emar/EmarController.php:4023-4121; app/Services/Medication/MedicationScopeDecisionService.php:40-221; app/Services/Eligibility/Rules/MedicationCompetencyRule.php:1,NOT_ESTABLISHED_CURRENT_AUDIT,Static grouped user job only: Record scheduled and PRN dose outcomes. Representative-role completion was not executed.,Bahmni/openmrs-module-medicationadministration,NOT_SELECTED_CURRENT_AUDIT,https://github.com/Bahmni/openmrs-module-medicationadministration@acb65f75d3515b4f2b36083345bfbafc2ee146b0,PROVISIONAL_AGENT_EVIDENCE_ONLY; see evidence/benchmark/current-benchmark-wave-01.json,NOT_ESTABLISHED_CURRENT_AUDIT,NOT_DOCUMENTED_CURRENT_AUDIT,NOT_SCORED_CURRENT_AUDIT,NOT_SCORED_CURRENT_AUDIT,PARTIAL_STATIC_GROUPED_DISCOVERY_IDENTITY_NOT_FROZEN,NOT_STARTED_CURRENT_AUDIT,RUN-007_PROVISIONAL_OBSERVER_RELATION_NO_CREDIT,NOT_STARTED_CURRENT_AUDIT,NOT_STARTED_CURRENT_AUDIT,NOT_STARTED_CURRENT_AUDIT,NOT_STARTED_CURRENT_AUDIT,NOT_STARTED_CURRENT_AUDIT,NOT_LINKED_TO_CANDIDATE_CURRENT_AUDIT,LOW_PARTIAL_STATIC_DISCOVERY,H,GROUPED_DISCOVERY_CANDIDATE_NOT_FINAL_DENOMINATOR,tests/Feature/Emar/MedicationScopeAuthorizationTest.php:1; tests/Feature/Emar/MedicationCompetencyPolicyTest.php:1; tests/Feature/Emar/ControlledDrugsTest.php:1,false,INCOMPLETE_GROUPED_DISCOVERY_CANDIDATE,"Static source locators only; no route execution, test result, browser result, benchmark match, ease score, or production-readiness credit."
CAP-MED-EMAR-WORKSPACE-ORDER-LIFECYCLE,eMAR,GROUPED_DISCOVERY_CANDIDATE_NOT_FINAL_DENOMINATOR,EmarController and medication order services,NOT_ESTABLISHED_CURRENT_AUDIT,Manage medication orders in the eMAR workspace,NOT_ADJUDICATED_CURRENT_AUDIT,NOT_ESTABLISHED_CURRENT_AUDIT,NOT_ESTABLISHED_CURRENT_AUDIT,NOT_ESTABLISHED_CURRENT_AUDIT,NOT_ESTABLISHED_CURRENT_AUDIT,routes/emar.php:30-395; app/Http/Controllers/Emar/EmarController.php:4023-4121; app/Services/Medication/MedicationScopeDecisionService.php:40-221; app/Services/Eligibility/Rules/MedicationCompetencyRule.php:1,NOT_ESTABLISHED_CURRENT_AUDIT,Static grouped user job only: Manage medication orders in the eMAR workspace. Representative-role completion was not executed.,Bahmni/openmrs-module-medicationadministration,NOT_SELECTED_CURRENT_AUDIT,https://github.com/Bahmni/openmrs-module-medicationadministration@acb65f75d3515b4f2b36083345bfbafc2ee146b0,PROVISIONAL_AGENT_EVIDENCE_ONLY; see evidence/benchmark/current-benchmark-wave-01.json,NOT_ESTABLISHED_CURRENT_AUDIT,NOT_DOCUMENTED_CURRENT_AUDIT,NOT_SCORED_CURRENT_AUDIT,NOT_SCORED_CURRENT_AUDIT,PARTIAL_STATIC_GROUPED_DISCOVERY_IDENTITY_NOT_FROZEN,NOT_STARTED_CURRENT_AUDIT,RUN-007_PROVISIONAL_OBSERVER_RELATION_NO_CREDIT,NOT_STARTED_CURRENT_AUDIT,NOT_STARTED_CURRENT_AUDIT,NOT_STARTED_CURRENT_AUDIT,NOT_STARTED_CURRENT_AUDIT,NOT_STARTED_CURRENT_AUDIT,NOT_LINKED_TO_CANDIDATE_CURRENT_AUDIT,LOW_PARTIAL_STATIC_DISCOVERY,H,GROUPED_DISCOVERY_CANDIDATE_NOT_FINAL_DENOMINATOR,tests/Feature/Emar/MedicationScopeAuthorizationTest.php:1; tests/Feature/Emar/MedicationCompetencyPolicyTest.php:1; tests/Feature/Emar/ControlledDrugsTest.php:1,false,INCOMPLETE_GROUPED_DISCOVERY_CANDIDATE,"Static source locators only; no route execution, test result, browser result, benchmark match, ease score, or production-readiness credit."
CAP-MED-MEDICATION-ORDER-VERIFICATION,eMAR,GROUPED_DISCOVERY_CANDIDATE_NOT_FINAL_DENOMINATOR,Medication order verification owner,NOT_ESTABLISHED_CURRENT_AUDIT,Verify a medication order before use,NOT_ADJUDICATED_CURRENT_AUDIT,NOT_ESTABLISHED_CURRENT_AUDIT,NOT_ESTABLISHED_CURRENT_AUDIT,NOT_ESTABLISHED_CURRENT_AUDIT,NOT_ESTABLISHED_CURRENT_AUDIT,routes/emar.php:30-395; app/Http/Controllers/Emar/EmarController.php:4023-4121; app/Services/Medication/MedicationScopeDecisionService.php:40-221; app/Services/Eligibility/Rules/MedicationCompetencyRule.php:1,NOT_ESTABLISHED_CURRENT_AUDIT,Static grouped user job only: Verify a medication order before use. Representative-role completion was not executed.,NOT_ESTABLISHED_CURRENT_AUDIT,NOT_SELECTED_CURRENT_AUDIT,NOT_ESTABLISHED_CURRENT_AUDIT,NOT_ESTABLISHED_CURRENT_AUDIT,NOT_ESTABLISHED_CURRENT_AUDIT,NOT_DOCUMENTED_CURRENT_AUDIT,NOT_SCORED_CURRENT_AUDIT,NOT_SCORED_CURRENT_AUDIT,PARTIAL_STATIC_GROUPED_DISCOVERY_IDENTITY_NOT_FROZEN,NOT_STARTED_CURRENT_AUDIT,NOT_STARTED_CURRENT_AUDIT,NOT_STARTED_CURRENT_AUDIT,NOT_STARTED_CURRENT_AUDIT,NOT_STARTED_CURRENT_AUDIT,NOT_STARTED_CURRENT_AUDIT,NOT_STARTED_CURRENT_AUDIT,NOT_LINKED_TO_CANDIDATE_CURRENT_AUDIT,LOW_PARTIAL_STATIC_DISCOVERY,H,GROUPED_DISCOVERY_CANDIDATE_NOT_FINAL_DENOMINATOR,tests/Feature/Emar/MedicationScopeAuthorizationTest.php:1; tests/Feature/Emar/MedicationCompetencyPolicyTest.php:1; tests/Feature/Emar/ControlledDrugsTest.php:1,false,INCOMPLETE_GROUPED_DISCOVERY_CANDIDATE,"Static source locators only; no route execution, test result, browser result, benchmark match, ease score, or production-readiness credit."
CAP-MED-REVIEW-COMPETENCY-ROUND-SELFADMIN,eMAR,GROUPED_DISCOVERY_CANDIDATE_NOT_FINAL_DENOMINATOR,Medication governance services,NOT_ESTABLISHED_CURRENT_AUDIT,"Manage reviews, competency, rounds, and self-administration",NOT_ADJUDICATED_CURRENT_AUDIT,NOT_ESTABLISHED_CURRENT_AUDIT,NOT_ESTABLISHED_CURRENT_AUDIT,NOT_ESTABLISHED_CURRENT_AUDIT,NOT_ESTABLISHED_CURRENT_AUDIT,routes/emar.php:30-395; app/Http/Controllers/Emar/EmarController.php:4023-4121; app/Services/Medication/MedicationScopeDecisionService.php:40-221; app/Services/Eligibility/Rules/MedicationCompetencyRule.php:1,NOT_ESTABLISHED_CURRENT_AUDIT,"Static grouped user job only: Manage reviews, competency, rounds, and self-administration. Representative-role completion was not executed.",moodle/moodle,NOT_SELECTED_CURRENT_AUDIT,https://github.com/moodle/moodle@3deaeb9e4d026b75ba8f2f4a9108f6340a85df7a,PROVISIONAL_AGENT_EVIDENCE_ONLY; see evidence/benchmark/current-benchmark-wave-01.json,NOT_ESTABLISHED_CURRENT_AUDIT,NOT_DOCUMENTED_CURRENT_AUDIT,NOT_SCORED_CURRENT_AUDIT,NOT_SCORED_CURRENT_AUDIT,PARTIAL_STATIC_GROUPED_DISCOVERY_IDENTITY_NOT_FROZEN,NOT_STARTED_CURRENT_AUDIT,RUN-007_PROVISIONAL_OBSERVER_RELATION_NO_CREDIT,NOT_STARTED_CURRENT_AUDIT,NOT_STARTED_CURRENT_AUDIT,NOT_STARTED_CURRENT_AUDIT,NOT_STARTED_CURRENT_AUDIT,NOT_STARTED_CURRENT_AUDIT,NOT_LINKED_TO_CANDIDATE_CURRENT_AUDIT,LOW_PARTIAL_STATIC_DISCOVERY,H,GROUPED_DISCOVERY_CANDIDATE_NOT_FINAL_DENOMINATOR,tests/Feature/Emar/MedicationScopeAuthorizationTest.php:1; tests/Feature/Emar/MedicationCompetencyPolicyTest.php:1; tests/Feature/Emar/ControlledDrugsTest.php:1,false,INCOMPLETE_GROUPED_DISCOVERY_CANDIDATE,"Static source locators only; no route execution, test result, browser result, benchmark match, ease score, or production-readiness credit."
CAP-MED-CD-REGISTER-BALANCE,eMAR,GROUPED_DISCOVERY_CANDIDATE_NOT_FINAL_DENOMINATOR,Controlled-drug register owner,NOT_ESTABLISHED_CURRENT_AUDIT,Maintain the controlled-drug register and balance,NOT_ADJUDICATED_CURRENT_AUDIT,NOT_ESTABLISHED_CURRENT_AUDIT,NOT_ESTABLISHED_CURRENT_AUDIT,NOT_ESTABLISHED_CURRENT_AUDIT,NOT_ESTABLISHED_CURRENT_AUDIT,routes/emar.php:30-395; app/Http/Controllers/Emar/EmarController.php:4023-4121; app/Services/Medication/MedicationScopeDecisionService.php:40-221; app/Services/Eligibility/Rules/MedicationCompetencyRule.php:1,NOT_ESTABLISHED_CURRENT_AUDIT,Static grouped user job only: Maintain the controlled-drug register and balance. Representative-role completion was not executed.,openemr/openemr,NOT_SELECTED_CURRENT_AUDIT,https://github.com/openemr/openemr@a6321a3e2978e62472dbb6c721b680ca2d65b592,PROVISIONAL_AGENT_EVIDENCE_ONLY; see evidence/benchmark/current-benchmark-wave-01.json,NOT_ESTABLISHED_CURRENT_AUDIT,NOT_DOCUMENTED_CURRENT_AUDIT,NOT_SCORED_CURRENT_AUDIT,NOT_SCORED_CURRENT_AUDIT,PARTIAL_STATIC_GROUPED_DISCOVERY_IDENTITY_NOT_FROZEN,NOT_STARTED_CURRENT_AUDIT,RUN-009_OBLIVION_SPECIFIC_GAP_PACKET_NO_CREDIT,NOT_STARTED_CURRENT_AUDIT,NOT_STARTED_CURRENT_AUDIT,NOT_STARTED_CURRENT_AUDIT,NOT_STARTED_CURRENT_AUDIT,NOT_STARTED_CURRENT_AUDIT,NOT_LINKED_TO_CANDIDATE_CURRENT_AUDIT,LOW_PARTIAL_STATIC_DISCOVERY,H,GROUPED_DISCOVERY_CANDIDATE_NOT_FINAL_DENOMINATOR,tests/Feature/Emar/MedicationScopeAuthorizationTest.php:1; tests/Feature/Emar/MedicationCompetencyPolicyTest.php:1; tests/Feature/Emar/ControlledDrugsTest.php:1,false,INCOMPLETE_GROUPED_DISCOVERY_CANDIDATE,"Static source locators only; no route execution, test result, browser result, benchmark match, ease score, or production-readiness credit."
CAP-MED-DESTRUCTION-STOCK-PHARMACY,eMAR,GROUPED_DISCOVERY_CANDIDATE_NOT_FINAL_DENOMINATOR,Medication stock and destruction owners,NOT_ESTABLISHED_CURRENT_AUDIT,"Record destruction, stock movement, and pharmacy actions",NOT_ADJUDICATED_CURRENT_AUDIT,NOT_ESTABLISHED_CURRENT_AUDIT,NOT_ESTABLISHED_CURRENT_AUDIT,NOT_ESTABLISHED_CURRENT_AUDIT,NOT_ESTABLISHED_CURRENT_AUDIT,routes/emar.php:30-395; app/Http/Controllers/Emar/EmarController.php:4023-4121; app/Services/Medication/MedicationScopeDecisionService.php:40-221; app/Services/Eligibility/Rules/MedicationCompetencyRule.php:1,NOT_ESTABLISHED_CURRENT_AUDIT,"Static grouped user job only: Record destruction, stock movement, and pharmacy actions. Representative-role completion was not executed.",inventree/InvenTree; openemr/openemr,NOT_SELECTED_CURRENT_AUDIT,https://github.com/inventree/InvenTree@55a193e5d794d747bcce64eb43554fdf8e339f38; https://github.com/openemr/openemr@a6321a3e2978e62472dbb6c721b680ca2d65b592,PROVISIONAL_AGENT_EVIDENCE_ONLY; see evidence/benchmark/current-benchmark-wave-01.json,NOT_ESTABLISHED_CURRENT_AUDIT,NOT_DOCUMENTED_CURRENT_AUDIT,NOT_SCORED_CURRENT_AUDIT,NOT_SCORED_CURRENT_AUDIT,PARTIAL_STATIC_GROUPED_DISCOVERY_IDENTITY_NOT_FROZEN,NOT_STARTED_CURRENT_AUDIT,RUN-007_PROVISIONAL_OBSERVER_RELATION_NO_CREDIT; RUN-009_OBLIVION_SPECIFIC_GAP_PACKET_NO_CREDIT,NOT_STARTED_CURRENT_AUDIT,NOT_STARTED_CURRENT_AUDIT,NOT_STARTED_CURRENT_AUDIT,NOT_STARTED_CURRENT_AUDIT,NOT_STARTED_CURRENT_AUDIT,NOT_LINKED_TO_CANDIDATE_CURRENT_AUDIT,LOW_PARTIAL_STATIC_DISCOVERY,H,GROUPED_DISCOVERY_CANDIDATE_NOT_FINAL_DENOMINATOR,tests/Feature/Emar/MedicationScopeAuthorizationTest.php:1; tests/Feature/Emar/MedicationCompetencyPolicyTest.php:1; tests/Feature/Emar/ControlledDrugsTest.php:1,false,INCOMPLETE_GROUPED_DISCOVERY_CANDIDATE,"Static source locators only; no route execution, test result, browser result, benchmark match, ease score, or production-readiness credit."
CAP-MED-HANDOVER-BREAKGLASS-CORRECTION-ERROR,eMAR,GROUPED_DISCOVERY_CANDIDATE_NOT_FINAL_DENOMINATOR,Medication governance lifecycle owners,NOT_ESTABLISHED_CURRENT_AUDIT,"Handle medication handover, emergency access, correction, and error",NOT_ADJUDICATED_CURRENT_AUDIT,NOT_ESTABLISHED_CURRENT_AUDIT,NOT_ESTABLISHED_CURRENT_AUDIT,NOT_ESTABLISHED_CURRENT_AUDIT,NOT_ESTABLISHED_CURRENT_AUDIT,routes/emar.php:30-395; app/Http/Controllers/Emar/EmarController.php:4023-4121; app/Services/Medication/MedicationScopeDecisionService.php:40-221; app/Services/Eligibility/Rules/MedicationCompetencyRule.php:1,NOT_ESTABLISHED_CURRENT_AUDIT,"Static grouped user job only: Handle medication handover, emergency access, correction, and error. Representative-role completion was not executed.",NOT_ESTABLISHED_CURRENT_AUDIT,NOT_SELECTED_CURRENT_AUDIT,NOT_ESTABLISHED_CURRENT_AUDIT,NOT_ESTABLISHED_CURRENT_AUDIT,NOT_ESTABLISHED_CURRENT_AUDIT,NOT_DOCUMENTED_CURRENT_AUDIT,NOT_SCORED_CURRENT_AUDIT,NOT_SCORED_CURRENT_AUDIT,PARTIAL_STATIC_GROUPED_DISCOVERY_IDENTITY_NOT_FROZEN,NOT_STARTED_CURRENT_AUDIT,NOT_STARTED_CURRENT_AUDIT,NOT_STARTED_CURRENT_AUDIT,NOT_STARTED_CURRENT_AUDIT,NOT_STARTED_CURRENT_AUDIT,NOT_STARTED_CURRENT_AUDIT,NOT_STARTED_CURRENT_AUDIT,NOT_LINKED_TO_CANDIDATE_CURRENT_AUDIT,LOW_PARTIAL_STATIC_DISCOVERY,H,GROUPED_DISCOVERY_CANDIDATE_NOT_FINAL_DENOMINATOR,tests/Feature/Emar/MedicationScopeAuthorizationTest.php:1; tests/Feature/Emar/MedicationCompetencyPolicyTest.php:1; tests/Feature/Emar/ControlledDrugsTest.php:1,false,INCOMPLETE_GROUPED_DISCOVERY_CANDIDATE,"Static source locators only; no route execution, test result, browser result, benchmark match, ease score, or production-readiness credit."
CAP-MED-REPORT-PDF-AUDIT-EXPORTS,eMAR,GROUPED_DISCOVERY_CANDIDATE_NOT_FINAL_DENOMINATOR,Medication reporting owner,NOT_ESTABLISHED_CURRENT_AUDIT,Generate authorised medication reports and audit exports,NOT_ADJUDICATED_CURRENT_AUDIT,NOT_ESTABLISHED_CURRENT_AUDIT,NOT_ESTABLISHED_CURRENT_AUDIT,NOT_ESTABLISHED_CURRENT_AUDIT,NOT_ESTABLISHED_CURRENT_AUDIT,routes/emar.php:30-395; app/Http/Controllers/Emar/EmarController.php:4023-4121; app/Services/Medication/MedicationScopeDecisionService.php:40-221; app/Services/Eligibility/Rules/MedicationCompetencyRule.php:1,NOT_ESTABLISHED_CURRENT_AUDIT,Static grouped user job only: Generate authorised medication reports and audit exports. Representative-role completion was not executed.,NOT_ESTABLISHED_CURRENT_AUDIT,NOT_SELECTED_CURRENT_AUDIT,NOT_ESTABLISHED_CURRENT_AUDIT,NOT_ESTABLISHED_CURRENT_AUDIT,NOT_ESTABLISHED_CURRENT_AUDIT,NOT_DOCUMENTED_CURRENT_AUDIT,NOT_SCORED_CURRENT_AUDIT,NOT_SCORED_CURRENT_AUDIT,PARTIAL_STATIC_GROUPED_DISCOVERY_IDENTITY_NOT_FROZEN,NOT_STARTED_CURRENT_AUDIT,NOT_STARTED_CURRENT_AUDIT,NOT_STARTED_CURRENT_AUDIT,NOT_STARTED_CURRENT_AUDIT,NOT_STARTED_CURRENT_AUDIT,NOT_STARTED_CURRENT_AUDIT,NOT_STARTED_CURRENT_AUDIT,NOT_LINKED_TO_CANDIDATE_CURRENT_AUDIT,LOW_PARTIAL_STATIC_DISCOVERY,D,GROUPED_DISCOVERY_CANDIDATE_NOT_FINAL_DENOMINATOR,tests/Feature/Emar/MedicationScopeAuthorizationTest.php:1; tests/Feature/Emar/MedicationCompetencyPolicyTest.php:1; tests/Feature/Emar/ControlledDrugsTest.php:1,false,INCOMPLETE_GROUPED_DISCOVERY_CANDIDATE,"Static source locators only; no route execution, test result, browser result, benchmark match, ease score, or production-readiness credit."
CAP-MED-API-CURRENT-SURFACES,eMAR,GROUPED_DISCOVERY_CANDIDATE_NOT_FINAL_DENOMINATOR,Medication API controllers,NOT_ESTABLISHED_CURRENT_AUDIT,Use current governed medication API surfaces,NOT_ADJUDICATED_CURRENT_AUDIT,NOT_ESTABLISHED_CURRENT_AUDIT,NOT_ESTABLISHED_CURRENT_AUDIT,NOT_ESTABLISHED_CURRENT_AUDIT,NOT_ESTABLISHED_CURRENT_AUDIT,routes/emar.php:30-395; app/Http/Controllers/Emar/EmarController.php:4023-4121; app/Services/Medication/MedicationScopeDecisionService.php:40-221; app/Services/Eligibility/Rules/MedicationCompetencyRule.php:1,NOT_ESTABLISHED_CURRENT_AUDIT,Static grouped user job only: Use current governed medication API surfaces. Representative-role completion was not executed.,NOT_ESTABLISHED_CURRENT_AUDIT,NOT_SELECTED_CURRENT_AUDIT,NOT_ESTABLISHED_CURRENT_AUDIT,NOT_ESTABLISHED_CURRENT_AUDIT,NOT_ESTABLISHED_CURRENT_AUDIT,NOT_DOCUMENTED_CURRENT_AUDIT,NOT_SCORED_CURRENT_AUDIT,NOT_SCORED_CURRENT_AUDIT,PARTIAL_STATIC_GROUPED_DISCOVERY_IDENTITY_NOT_FROZEN,NOT_STARTED_CURRENT_AUDIT,NOT_STARTED_CURRENT_AUDIT,NOT_STARTED_CURRENT_AUDIT,NOT_STARTED_CURRENT_AUDIT,NOT_STARTED_CURRENT_AUDIT,NOT_STARTED_CURRENT_AUDIT,NOT_STARTED_CURRENT_AUDIT,NOT_LINKED_TO_CANDIDATE_CURRENT_AUDIT,LOW_PARTIAL_STATIC_DISCOVERY,D,GROUPED_DISCOVERY_CANDIDATE_NOT_FINAL_DENOMINATOR,tests/Feature/Emar/MedicationScopeAuthorizationTest.php:1; tests/Feature/Emar/MedicationCompetencyPolicyTest.php:1; tests/Feature/Emar/ControlledDrugsTest.php:1,false,INCOMPLETE_GROUPED_DISCOVERY_CANDIDATE,"Static source locators only; no route execution, test result, browser result, benchmark match, ease score, or production-readiness credit."
CAP-INC-INCIDENT-AUTHOR-TEMPLATE,Incidents & Safeguarding,GROUPED_DISCOVERY_CANDIDATE_NOT_FINAL_DENOMINATOR,IncidentController and template owner,NOT_ESTABLISHED_CURRENT_AUDIT,Author an incident from an authorised template,NOT_ADJUDICATED_CURRENT_AUDIT,NOT_ESTABLISHED_CURRENT_AUDIT,NOT_ESTABLISHED_CURRENT_AUDIT,NOT_ESTABLISHED_CURRENT_AUDIT,NOT_ESTABLISHED_CURRENT_AUDIT,routes/incidents.php:16-139; routes/safeguarding.php:17-106; app/Http/Controllers/IncidentController.php:1475-1790; app/Services/Safeguarding/SafeguardingTerminalTransitionService.php:31-272,NOT_ESTABLISHED_CURRENT_AUDIT,Static grouped user job only: Author an incident from an authorised template. Representative-role completion was not executed.,NOT_ESTABLISHED_CURRENT_AUDIT,NOT_SELECTED_CURRENT_AUDIT,NOT_ESTABLISHED_CURRENT_AUDIT,NOT_ESTABLISHED_CURRENT_AUDIT,NOT_ESTABLISHED_CURRENT_AUDIT,NOT_DOCUMENTED_CURRENT_AUDIT,NOT_SCORED_CURRENT_AUDIT,NOT_SCORED_CURRENT_AUDIT,PARTIAL_STATIC_GROUPED_DISCOVERY_IDENTITY_NOT_FROZEN,NOT_STARTED_CURRENT_AUDIT,NOT_STARTED_CURRENT_AUDIT,NOT_STARTED_CURRENT_AUDIT,NOT_STARTED_CURRENT_AUDIT,NOT_STARTED_CURRENT_AUDIT,NOT_STARTED_CURRENT_AUDIT,NOT_STARTED_CURRENT_AUDIT,NOT_LINKED_TO_CANDIDATE_CURRENT_AUDIT,LOW_PARTIAL_STATIC_DISCOVERY,H,GROUPED_DISCOVERY_CANDIDATE_NOT_FINAL_DENOMINATOR,tests/Feature/IncidentControllerTest.php:1; tests/Architecture/IncidentAlertLifecycleOwnershipBoundaryTest.php:1; tests/Architecture/SafeguardingTerminalTransitionOwnershipTest.php:1,false,INCOMPLETE_GROUPED_DISCOVERY_CANDIDATE,"Static source locators only; no route execution, test result, browser result, benchmark match, ease score, or production-readiness credit."
CAP-INC-INCIDENT-EVIDENCE-FOLLOWUP,Incidents & Safeguarding,GROUPED_DISCOVERY_CANDIDATE_NOT_FINAL_DENOMINATOR,Incident evidence and journey owners,NOT_ESTABLISHED_CURRENT_AUDIT,Add incident evidence and follow-up actions,NOT_ADJUDICATED_CURRENT_AUDIT,NOT_ESTABLISHED_CURRENT_AUDIT,NOT_ESTABLISHED_CURRENT_AUDIT,NOT_ESTABLISHED_CURRENT_AUDIT,NOT_ESTABLISHED_CURRENT_AUDIT,routes/incidents.php:16-139; routes/safeguarding.php:17-106; app/Http/Controllers/IncidentController.php:1475-1790; app/Services/Safeguarding/SafeguardingTerminalTransitionService.php:31-272,NOT_ESTABLISHED_CURRENT_AUDIT,Static grouped user job only: Add incident evidence and follow-up actions. Representative-role completion was not executed.,braedonsaunders/beaconhs,NOT_SELECTED_CURRENT_AUDIT,https://github.com/braedonsaunders/beaconhs@7de18df3532a96883e1098dea0a4b4dba70909fd,PROVISIONAL_AGENT_EVIDENCE_ONLY; see evidence/benchmark/current-benchmark-wave-01.json,NOT_ESTABLISHED_CURRENT_AUDIT,NOT_DOCUMENTED_CURRENT_AUDIT,NOT_SCORED_CURRENT_AUDIT,NOT_SCORED_CURRENT_AUDIT,PARTIAL_STATIC_GROUPED_DISCOVERY_IDENTITY_NOT_FROZEN,NOT_STARTED_CURRENT_AUDIT,RUN-007_PROVISIONAL_OBSERVER_RELATION_NO_CREDIT,NOT_STARTED_CURRENT_AUDIT,NOT_STARTED_CURRENT_AUDIT,NOT_STARTED_CURRENT_AUDIT,NOT_STARTED_CURRENT_AUDIT,NOT_STARTED_CURRENT_AUDIT,NOT_LINKED_TO_CANDIDATE_CURRENT_AUDIT,LOW_PARTIAL_STATIC_DISCOVERY,H,GROUPED_DISCOVERY_CANDIDATE_NOT_FINAL_DENOMINATOR,tests/Feature/IncidentControllerTest.php:1; tests/Architecture/IncidentAlertLifecycleOwnershipBoundaryTest.php:1; tests/Architecture/SafeguardingTerminalTransitionOwnershipTest.php:1,false,INCOMPLETE_GROUPED_DISCOVERY_CANDIDATE,"Static source locators only; no route execution, test result, browser result, benchmark match, ease score, or production-readiness credit."
CAP-INC-INCIDENT-REVIEW-CLOSURE,Incidents & Safeguarding,GROUPED_DISCOVERY_CANDIDATE_NOT_FINAL_DENOMINATOR,IncidentController and IncidentJourney,NOT_ESTABLISHED_CURRENT_AUDIT,Review and close an incident,NOT_ADJUDICATED_CURRENT_AUDIT,NOT_ESTABLISHED_CURRENT_AUDIT,NOT_ESTABLISHED_CURRENT_AUDIT,NOT_ESTABLISHED_CURRENT_AUDIT,NOT_ESTABLISHED_CURRENT_AUDIT,routes/incidents.php:16-139; routes/safeguarding.php:17-106; app/Http/Controllers/IncidentController.php:1475-1790; app/Services/Safeguarding/SafeguardingTerminalTransitionService.php:31-272,NOT_ESTABLISHED_CURRENT_AUDIT,Static grouped user job only: Review and close an incident. Representative-role completion was not executed.,MeyerThorsten/QAtrial; braedonsaunders/beaconhs,NOT_SELECTED_CURRENT_AUDIT,https://github.com/MeyerThorsten/QAtrial@b10fab722caf9561bcf4fdb03cc9733156992635; https://github.com/braedonsaunders/beaconhs@7de18df3532a96883e1098dea0a4b4dba70909fd,PROVISIONAL_AGENT_EVIDENCE_ONLY; see evidence/benchmark/current-benchmark-wave-01.json,"Incident/action completion and closure evidence survive narrowly; Site, alert journey, reportability, and reopening remain native.",NOT_DOCUMENTED_CURRENT_AUDIT,NOT_SCORED_CURRENT_AUDIT,NOT_SCORED_CURRENT_AUDIT,PARTIAL_STATIC_GROUPED_DISCOVERY_IDENTITY_NOT_FROZEN,NOT_STARTED_CURRENT_AUDIT,RUN-007_PROVISIONAL_OBSERVER_RELATION_NO_CREDIT; RUN-008_SURVIVES_NARROW_STATIC_REQUIREMENT_NO_CREDIT,NOT_STARTED_CURRENT_AUDIT,NOT_STARTED_CURRENT_AUDIT,NOT_STARTED_CURRENT_AUDIT,NOT_STARTED_CURRENT_AUDIT,NOT_STARTED_CURRENT_AUDIT,NOT_LINKED_TO_CANDIDATE_CURRENT_AUDIT,LOW_PARTIAL_STATIC_DISCOVERY,H,GROUPED_DISCOVERY_CANDIDATE_NOT_FINAL_DENOMINATOR,tests/Feature/IncidentControllerTest.php:1; tests/Architecture/IncidentAlertLifecycleOwnershipBoundaryTest.php:1; tests/Architecture/SafeguardingTerminalTransitionOwnershipTest.php:1,false,INCOMPLETE_GROUPED_DISCOVERY_CANDIDATE,"Static source locators only; no route execution, test result, browser result, benchmark match, ease score, or production-readiness credit."
CAP-INC-SAFEGUARDING-INTAKE-TRIAGE-SENSITIVITY,Incidents & Safeguarding,GROUPED_DISCOVERY_CANDIDATE_NOT_FINAL_DENOMINATOR,Safeguarding intake owner,NOT_ESTABLISHED_CURRENT_AUDIT,Intake and triage a sensitivity-scoped safeguarding concern,NOT_ADJUDICATED_CURRENT_AUDIT,NOT_ESTABLISHED_CURRENT_AUDIT,NOT_ESTABLISHED_CURRENT_AUDIT,NOT_ESTABLISHED_CURRENT_AUDIT,NOT_ESTABLISHED_CURRENT_AUDIT,routes/incidents.php:16-139; routes/safeguarding.php:17-106; app/Http/Controllers/IncidentController.php:1475-1790; app/Services/Safeguarding/SafeguardingTerminalTransitionService.php:31-272,NOT_ESTABLISHED_CURRENT_AUDIT,Static grouped user job only: Intake and triage a sensitivity-scoped safeguarding concern. Representative-role completion was not executed.,NOT_ESTABLISHED_CURRENT_AUDIT,NOT_SELECTED_CURRENT_AUDIT,NOT_ESTABLISHED_CURRENT_AUDIT,NOT_ESTABLISHED_CURRENT_AUDIT,NOT_ESTABLISHED_CURRENT_AUDIT,NOT_DOCUMENTED_CURRENT_AUDIT,NOT_SCORED_CURRENT_AUDIT,NOT_SCORED_CURRENT_AUDIT,PARTIAL_STATIC_GROUPED_DISCOVERY_IDENTITY_NOT_FROZEN,NOT_STARTED_CURRENT_AUDIT,NOT_STARTED_CURRENT_AUDIT,NOT_STARTED_CURRENT_AUDIT,NOT_STARTED_CURRENT_AUDIT,NOT_STARTED_CURRENT_AUDIT,NOT_STARTED_CURRENT_AUDIT,NOT_STARTED_CURRENT_AUDIT,NOT_LINKED_TO_CANDIDATE_CURRENT_AUDIT,LOW_PARTIAL_STATIC_DISCOVERY,H,GROUPED_DISCOVERY_CANDIDATE_NOT_FINAL_DENOMINATOR,tests/Feature/IncidentControllerTest.php:1; tests/Architecture/IncidentAlertLifecycleOwnershipBoundaryTest.php:1; tests/Architecture/SafeguardingTerminalTransitionOwnershipTest.php:1,false,INCOMPLETE_GROUPED_DISCOVERY_CANDIDATE,"Static source locators only; no route execution, test result, browser result, benchmark match, ease score, or production-readiness credit."
CAP-INC-SAFEGUARDING-INVESTIGATION-TERMINAL,Incidents & Safeguarding,GROUPED_DISCOVERY_CANDIDATE_NOT_FINAL_DENOMINATOR,SafeguardingTerminalTransitionService,NOT_ESTABLISHED_CURRENT_AUDIT,Investigate and complete a safeguarding terminal transition,NOT_ADJUDICATED_CURRENT_AUDIT,NOT_ESTABLISHED_CURRENT_AUDIT,NOT_ESTABLISHED_CURRENT_AUDIT,NOT_ESTABLISHED_CURRENT_AUDIT,NOT_ESTABLISHED_CURRENT_AUDIT,routes/incidents.php:16-139; routes/safeguarding.php:17-106; app/Http/Controllers/IncidentController.php:1475-1790; app/Services/Safeguarding/SafeguardingTerminalTransitionService.php:31-272,NOT_ESTABLISHED_CURRENT_AUDIT,Static grouped user job only: Investigate and complete a safeguarding terminal transition. Representative-role completion was not executed.,MeyerThorsten/QAtrial,NOT_SELECTED_CURRENT_AUDIT,https://github.com/MeyerThorsten/QAtrial@b10fab722caf9561bcf4fdb03cc9733156992635,PROVISIONAL_AGENT_EVIDENCE_ONLY; see evidence/benchmark/current-benchmark-wave-01.json,NOT_ESTABLISHED_CURRENT_AUDIT,NOT_DOCUMENTED_CURRENT_AUDIT,NOT_SCORED_CURRENT_AUDIT,NOT_SCORED_CURRENT_AUDIT,PARTIAL_STATIC_GROUPED_DISCOVERY_IDENTITY_NOT_FROZEN,NOT_STARTED_CURRENT_AUDIT,RUN-007_PROVISIONAL_OBSERVER_RELATION_NO_CREDIT,NOT_STARTED_CURRENT_AUDIT,NOT_STARTED_CURRENT_AUDIT,NOT_STARTED_CURRENT_AUDIT,NOT_STARTED_CURRENT_AUDIT,NOT_STARTED_CURRENT_AUDIT,NOT_LINKED_TO_CANDIDATE_CURRENT_AUDIT,LOW_PARTIAL_STATIC_DISCOVERY,H,GROUPED_DISCOVERY_CANDIDATE_NOT_FINAL_DENOMINATOR,tests/Feature/IncidentControllerTest.php:1; tests/Architecture/IncidentAlertLifecycleOwnershipBoundaryTest.php:1; tests/Architecture/SafeguardingTerminalTransitionOwnershipTest.php:1,false,INCOMPLETE_GROUPED_DISCOVERY_CANDIDATE,"Static source locators only; no route execution, test result, browser result, benchmark match, ease score, or production-readiness credit."
CAP-INC-EVIDENCE-DOWNLOADS,Incidents & Safeguarding,GROUPED_DISCOVERY_CANDIDATE_NOT_FINAL_DENOMINATOR,Evidence download controllers,NOT_ESTABLISHED_CURRENT_AUDIT,Download authorised incident or safeguarding evidence,NOT_ADJUDICATED_CURRENT_AUDIT,NOT_ESTABLISHED_CURRENT_AUDIT,NOT_ESTABLISHED_CURRENT_AUDIT,NOT_ESTABLISHED_CURRENT_AUDIT,NOT_ESTABLISHED_CURRENT_AUDIT,routes/incidents.php:16-139; routes/safeguarding.php:17-106; app/Http/Controllers/IncidentController.php:1475-1790; app/Services/Safeguarding/SafeguardingTerminalTransitionService.php:31-272,NOT_ESTABLISHED_CURRENT_AUDIT,Static grouped user job only: Download authorised incident or safeguarding evidence. Representative-role completion was not executed.,NOT_ESTABLISHED_CURRENT_AUDIT,NOT_SELECTED_CURRENT_AUDIT,NOT_ESTABLISHED_CURRENT_AUDIT,NOT_ESTABLISHED_CURRENT_AUDIT,NOT_ESTABLISHED_CURRENT_AUDIT,NOT_DOCUMENTED_CURRENT_AUDIT,NOT_SCORED_CURRENT_AUDIT,NOT_SCORED_CURRENT_AUDIT,PARTIAL_STATIC_GROUPED_DISCOVERY_IDENTITY_NOT_FROZEN,NOT_STARTED_CURRENT_AUDIT,NOT_STARTED_CURRENT_AUDIT,NOT_STARTED_CURRENT_AUDIT,NOT_STARTED_CURRENT_AUDIT,NOT_STARTED_CURRENT_AUDIT,NOT_STARTED_CURRENT_AUDIT,NOT_STARTED_CURRENT_AUDIT,NOT_LINKED_TO_CANDIDATE_CURRENT_AUDIT,LOW_PARTIAL_STATIC_DISCOVERY,D,GROUPED_DISCOVERY_CANDIDATE_NOT_FINAL_DENOMINATOR,tests/Feature/IncidentControllerTest.php:1; tests/Architecture/IncidentAlertLifecycleOwnershipBoundaryTest.php:1; tests/Architecture/SafeguardingTerminalTransitionOwnershipTest.php:1,false,INCOMPLETE_GROUPED_DISCOVERY_CANDIDATE,"Static source locators only; no route execution, test result, browser result, benchmark match, ease score, or production-readiness credit."
CAP-INC-REPORT-AUDIT-EXPORTS,Incidents & Safeguarding,GROUPED_DISCOVERY_CANDIDATE_NOT_FINAL_DENOMINATOR,Incident reporting owners,NOT_ESTABLISHED_CURRENT_AUDIT,Export authorised incident and safeguarding audit evidence,NOT_ADJUDICATED_CURRENT_AUDIT,NOT_ESTABLISHED_CURRENT_AUDIT,NOT_ESTABLISHED_CURRENT_AUDIT,NOT_ESTABLISHED_CURRENT_AUDIT,NOT_ESTABLISHED_CURRENT_AUDIT,routes/incidents.php:16-139; routes/safeguarding.php:17-106; app/Http/Controllers/IncidentController.php:1475-1790; app/Services/Safeguarding/SafeguardingTerminalTransitionService.php:31-272,NOT_ESTABLISHED_CURRENT_AUDIT,Static grouped user job only: Export authorised incident and safeguarding audit evidence. Representative-role completion was not executed.,NOT_ESTABLISHED_CURRENT_AUDIT,NOT_SELECTED_CURRENT_AUDIT,NOT_ESTABLISHED_CURRENT_AUDIT,NOT_ESTABLISHED_CURRENT_AUDIT,NOT_ESTABLISHED_CURRENT_AUDIT,NOT_DOCUMENTED_CURRENT_AUDIT,NOT_SCORED_CURRENT_AUDIT,NOT_SCORED_CURRENT_AUDIT,PARTIAL_STATIC_GROUPED_DISCOVERY_IDENTITY_NOT_FROZEN,NOT_STARTED_CURRENT_AUDIT,NOT_STARTED_CURRENT_AUDIT,NOT_STARTED_CURRENT_AUDIT,NOT_STARTED_CURRENT_AUDIT,NOT_STARTED_CURRENT_AUDIT,NOT_STARTED_CURRENT_AUDIT,NOT_STARTED_CURRENT_AUDIT,NOT_LINKED_TO_CANDIDATE_CURRENT_AUDIT,LOW_PARTIAL_STATIC_DISCOVERY,D,GROUPED_DISCOVERY_CANDIDATE_NOT_FINAL_DENOMINATOR,tests/Feature/IncidentControllerTest.php:1; tests/Architecture/IncidentAlertLifecycleOwnershipBoundaryTest.php:1; tests/Architecture/SafeguardingTerminalTransitionOwnershipTest.php:1,false,INCOMPLETE_GROUPED_DISCOVERY_CANDIDATE,"Static source locators only; no route execution, test result, browser result, benchmark match, ease score, or production-readiness credit."
CAP-HR-EMPLOYEE-PROFILE-LIFECYCLE,HR,GROUPED_DISCOVERY_CANDIDATE_NOT_FINAL_DENOMINATOR,EmployeeProfileController and canonical HR identity owners,NOT_ESTABLISHED_CURRENT_AUDIT,Manage an employee profile through its lifecycle,NOT_ADJUDICATED_CURRENT_AUDIT,NOT_ESTABLISHED_CURRENT_AUDIT,NOT_ESTABLISHED_CURRENT_AUDIT,NOT_ESTABLISHED_CURRENT_AUDIT,NOT_ESTABLISHED_CURRENT_AUDIT,routes/hr.php:1-1420; app/Http/Controllers/Hr/EmployeeProfileController.php:1; app/Domain/Hr/Services/AttendanceService.php:1; app/Domain/Hr/Services/HrWebhookService.php:1,NOT_ESTABLISHED_CURRENT_AUDIT,Static grouped user job only: Manage an employee profile through its lifecycle. Representative-role completion was not executed.,frappe/erpnext,NOT_SELECTED_CURRENT_AUDIT,https://github.com/frappe/erpnext@c6d08979d3ffab119d1523ee2bdea2c8115a8bca,PROVISIONAL_AGENT_EVIDENCE_ONLY; see evidence/benchmark/current-benchmark-wave-01.json,"Identity/status lifecycle mechanics survive narrowly; Site, privacy, invitation, rehire, and canonical-user convergence do not transfer.",NOT_DOCUMENTED_CURRENT_AUDIT,NOT_SCORED_CURRENT_AUDIT,NOT_SCORED_CURRENT_AUDIT,PARTIAL_STATIC_GROUPED_DISCOVERY_IDENTITY_NOT_FROZEN,NOT_STARTED_CURRENT_AUDIT,RUN-008_SURVIVES_NARROW_STATIC_REQUIREMENT_NO_CREDIT,NOT_STARTED_CURRENT_AUDIT,NOT_STARTED_CURRENT_AUDIT,NOT_STARTED_CURRENT_AUDIT,NOT_STARTED_CURRENT_AUDIT,NOT_STARTED_CURRENT_AUDIT,NOT_LINKED_TO_CANDIDATE_CURRENT_AUDIT,LOW_PARTIAL_STATIC_DISCOVERY,H,GROUPED_DISCOVERY_CANDIDATE_NOT_FINAL_DENOMINATOR,tests/Architecture/HrStaffCreationWorkflowBoundaryTest.php:1; tests/Architecture/HrComplianceExportPermissionBoundaryTest.php:1; tests/Architecture/HrWebhookEgressBoundaryTest.php:1,false,INCOMPLETE_GROUPED_DISCOVERY_CANDIDATE,"Static source locators only; no route execution, test result, browser result, benchmark match, ease score, or production-readiness credit."
CAP-HR-RECRUITMENT-CANDIDATE-HIRE,HR,GROUPED_DISCOVERY_CANDIDATE_NOT_FINAL_DENOMINATOR,Recruitment and candidate controllers,NOT_ESTABLISHED_CURRENT_AUDIT,"Recruit, assess, and hire a candidate",NOT_ADJUDICATED_CURRENT_AUDIT,NOT_ESTABLISHED_CURRENT_AUDIT,NOT_ESTABLISHED_CURRENT_AUDIT,NOT_ESTABLISHED_CURRENT_AUDIT,NOT_ESTABLISHED_CURRENT_AUDIT,routes/hr.php:1-1420; app/Http/Controllers/Hr/EmployeeProfileController.php:1; app/Domain/Hr/Services/AttendanceService.php:1; app/Domain/Hr/Services/HrWebhookService.php:1,NOT_ESTABLISHED_CURRENT_AUDIT,"Static grouped user job only: Recruit, assess, and hire a candidate. Representative-role completion was not executed.",NOT_ESTABLISHED_CURRENT_AUDIT,NOT_SELECTED_CURRENT_AUDIT,NOT_ESTABLISHED_CURRENT_AUDIT,NOT_ESTABLISHED_CURRENT_AUDIT,NOT_ESTABLISHED_CURRENT_AUDIT,NOT_DOCUMENTED_CURRENT_AUDIT,NOT_SCORED_CURRENT_AUDIT,NOT_SCORED_CURRENT_AUDIT,PARTIAL_STATIC_GROUPED_DISCOVERY_IDENTITY_NOT_FROZEN,NOT_STARTED_CURRENT_AUDIT,NOT_STARTED_CURRENT_AUDIT,NOT_STARTED_CURRENT_AUDIT,NOT_STARTED_CURRENT_AUDIT,NOT_STARTED_CURRENT_AUDIT,NOT_STARTED_CURRENT_AUDIT,NOT_STARTED_CURRENT_AUDIT,NOT_LINKED_TO_CANDIDATE_CURRENT_AUDIT,LOW_PARTIAL_STATIC_DISCOVERY,H,GROUPED_DISCOVERY_CANDIDATE_NOT_FINAL_DENOMINATOR,tests/Architecture/HrStaffCreationWorkflowBoundaryTest.php:1; tests/Architecture/HrComplianceExportPermissionBoundaryTest.php:1; tests/Architecture/HrWebhookEgressBoundaryTest.php:1,false,INCOMPLETE_GROUPED_DISCOVERY_CANDIDATE,"Static source locators only; no route execution, test result, browser result, benchmark match, ease score, or production-readiness credit."
CAP-HR-ONBOARDING-OFFBOARDING,HR,GROUPED_DISCOVERY_CANDIDATE_NOT_FINAL_DENOMINATOR,Onboarding and offboarding controllers,NOT_ESTABLISHED_CURRENT_AUDIT,Onboard and offboard staff,NOT_ADJUDICATED_CURRENT_AUDIT,NOT_ESTABLISHED_CURRENT_AUDIT,NOT_ESTABLISHED_CURRENT_AUDIT,NOT_ESTABLISHED_CURRENT_AUDIT,NOT_ESTABLISHED_CURRENT_AUDIT,routes/hr.php:1-1420; app/Http/Controllers/Hr/EmployeeProfileController.php:1; app/Domain/Hr/Services/AttendanceService.php:1; app/Domain/Hr/Services/HrWebhookService.php:1,NOT_ESTABLISHED_CURRENT_AUDIT,Static grouped user job only: Onboard and offboard staff. Representative-role completion was not executed.,frappe/hrms,NOT_SELECTED_CURRENT_AUDIT,https://github.com/frappe/hrms@4f6ee8504003cf2ea36488cd4876b8b90a8bf68c,PROVISIONAL_AGENT_EVIDENCE_ONLY; see evidence/benchmark/current-benchmark-wave-01.json,NOT_ESTABLISHED_CURRENT_AUDIT,NOT_DOCUMENTED_CURRENT_AUDIT,NOT_SCORED_CURRENT_AUDIT,NOT_SCORED_CURRENT_AUDIT,PARTIAL_STATIC_GROUPED_DISCOVERY_IDENTITY_NOT_FROZEN,NOT_STARTED_CURRENT_AUDIT,RUN-007_PROVISIONAL_OBSERVER_RELATION_NO_CREDIT,NOT_STARTED_CURRENT_AUDIT,NOT_STARTED_CURRENT_AUDIT,NOT_STARTED_CURRENT_AUDIT,NOT_STARTED_CURRENT_AUDIT,NOT_STARTED_CURRENT_AUDIT,NOT_LINKED_TO_CANDIDATE_CURRENT_AUDIT,LOW_PARTIAL_STATIC_DISCOVERY,H,GROUPED_DISCOVERY_CANDIDATE_NOT_FINAL_DENOMINATOR,tests/Architecture/HrStaffCreationWorkflowBoundaryTest.php:1; tests/Architecture/HrComplianceExportPermissionBoundaryTest.php:1; tests/Architecture/HrWebhookEgressBoundaryTest.php:1,false,INCOMPLETE_GROUPED_DISCOVERY_CANDIDATE,"Static source locators only; no route execution, test result, browser result, benchmark match, ease score, or production-readiness credit."
CAP-HR-COMPLIANCE-VETTING-TRAINING,HR,GROUPED_DISCOVERY_CANDIDATE_NOT_FINAL_DENOMINATOR,HR compliance and training owners,NOT_ESTABLISHED_CURRENT_AUDIT,"Manage compliance, vetting, competency, and training",NOT_ADJUDICATED_CURRENT_AUDIT,NOT_ESTABLISHED_CURRENT_AUDIT,NOT_ESTABLISHED_CURRENT_AUDIT,NOT_ESTABLISHED_CURRENT_AUDIT,NOT_ESTABLISHED_CURRENT_AUDIT,routes/hr.php:1-1420; app/Http/Controllers/Hr/EmployeeProfileController.php:1; app/Domain/Hr/Services/AttendanceService.php:1; app/Domain/Hr/Services/HrWebhookService.php:1,NOT_ESTABLISHED_CURRENT_AUDIT,"Static grouped user job only: Manage compliance, vetting, competency, and training. Representative-role completion was not executed.",moodle/moodle,NOT_SELECTED_CURRENT_AUDIT,https://github.com/moodle/moodle@3deaeb9e4d026b75ba8f2f4a9108f6340a85df7a,PROVISIONAL_AGENT_EVIDENCE_ONLY; see evidence/benchmark/current-benchmark-wave-01.json,NOT_ESTABLISHED_CURRENT_AUDIT,NOT_DOCUMENTED_CURRENT_AUDIT,NOT_SCORED_CURRENT_AUDIT,NOT_SCORED_CURRENT_AUDIT,PARTIAL_STATIC_GROUPED_DISCOVERY_IDENTITY_NOT_FROZEN,NOT_STARTED_CURRENT_AUDIT,RUN-007_PROVISIONAL_OBSERVER_RELATION_NO_CREDIT,NOT_STARTED_CURRENT_AUDIT,NOT_STARTED_CURRENT_AUDIT,NOT_STARTED_CURRENT_AUDIT,NOT_STARTED_CURRENT_AUDIT,NOT_STARTED_CURRENT_AUDIT,NOT_LINKED_TO_CANDIDATE_CURRENT_AUDIT,LOW_PARTIAL_STATIC_DISCOVERY,H,GROUPED_DISCOVERY_CANDIDATE_NOT_FINAL_DENOMINATOR,tests/Architecture/HrStaffCreationWorkflowBoundaryTest.php:1; tests/Architecture/HrComplianceExportPermissionBoundaryTest.php:1; tests/Architecture/HrWebhookEgressBoundaryTest.php:1,false,INCOMPLETE_GROUPED_DISCOVERY_CANDIDATE,"Static source locators only; no route execution, test result, browser result, benchmark match, ease score, or production-readiness credit."
CAP-HR-LEAVE-TIME-PAYROLL,HR,GROUPED_DISCOVERY_CANDIDATE_NOT_FINAL_DENOMINATOR,"HR leave, time, and payroll owners",NOT_ESTABLISHED_CURRENT_AUDIT,"Manage leave, time, and payroll preparation",NOT_ADJUDICATED_CURRENT_AUDIT,NOT_ESTABLISHED_CURRENT_AUDIT,NOT_ESTABLISHED_CURRENT_AUDIT,NOT_ESTABLISHED_CURRENT_AUDIT,NOT_ESTABLISHED_CURRENT_AUDIT,routes/hr.php:1-1420; app/Http/Controllers/Hr/EmployeeProfileController.php:1; app/Domain/Hr/Services/AttendanceService.php:1; app/Domain/Hr/Services/HrWebhookService.php:1,NOT_ESTABLISHED_CURRENT_AUDIT,"Static grouped user job only: Manage leave, time, and payroll preparation. Representative-role completion was not executed.",horilla/horilla-hr,NOT_SELECTED_CURRENT_AUDIT,https://github.com/horilla/horilla-hr@53e65898c65cd3c4ff0418f81e9f0fb55e1045dc,PROVISIONAL_AGENT_EVIDENCE_ONLY; see evidence/benchmark/current-benchmark-wave-01.json,NOT_ESTABLISHED_CURRENT_AUDIT,NOT_DOCUMENTED_CURRENT_AUDIT,NOT_SCORED_CURRENT_AUDIT,NOT_SCORED_CURRENT_AUDIT,PARTIAL_STATIC_GROUPED_DISCOVERY_IDENTITY_NOT_FROZEN,NOT_STARTED_CURRENT_AUDIT,RUN-007_PROVISIONAL_OBSERVER_RELATION_NO_CREDIT,NOT_STARTED_CURRENT_AUDIT,NOT_STARTED_CURRENT_AUDIT,NOT_STARTED_CURRENT_AUDIT,NOT_STARTED_CURRENT_AUDIT,NOT_STARTED_CURRENT_AUDIT,NOT_LINKED_TO_CANDIDATE_CURRENT_AUDIT,LOW_PARTIAL_STATIC_DISCOVERY,H,GROUPED_DISCOVERY_CANDIDATE_NOT_FINAL_DENOMINATOR,tests/Architecture/HrStaffCreationWorkflowBoundaryTest.php:1; tests/Architecture/HrComplianceExportPermissionBoundaryTest.php:1; tests/Architecture/HrWebhookEgressBoundaryTest.php:1,false,INCOMPLETE_GROUPED_DISCOVERY_CANDIDATE,"Static source locators only; no route execution, test result, browser result, benchmark match, ease score, or production-readiness credit."
CAP-HR-DOCUMENT-POLICY-SIGNATURE,HR,GROUPED_DISCOVERY_CANDIDATE_NOT_FINAL_DENOMINATOR,"HR document, policy, and signature owners",NOT_ESTABLISHED_CURRENT_AUDIT,Publish documents and policies and obtain signatures,NOT_ADJUDICATED_CURRENT_AUDIT,NOT_ESTABLISHED_CURRENT_AUDIT,NOT_ESTABLISHED_CURRENT_AUDIT,NOT_ESTABLISHED_CURRENT_AUDIT,NOT_ESTABLISHED_CURRENT_AUDIT,routes/hr.php:1-1420; app/Http/Controllers/Hr/EmployeeProfileController.php:1; app/Domain/Hr/Services/AttendanceService.php:1; app/Domain/Hr/Services/HrWebhookService.php:1,NOT_ESTABLISHED_CURRENT_AUDIT,Static grouped user job only: Publish documents and policies and obtain signatures. Representative-role completion was not executed.,documenso/documenso,NOT_SELECTED_CURRENT_AUDIT,https://github.com/documenso/documenso@962cffc9f546be68860be3489247f67255c83a66,PROVISIONAL_AGENT_EVIDENCE_ONLY; see evidence/benchmark/current-benchmark-wave-01.json,NOT_ESTABLISHED_CURRENT_AUDIT,NOT_DOCUMENTED_CURRENT_AUDIT,NOT_SCORED_CURRENT_AUDIT,NOT_SCORED_CURRENT_AUDIT,PARTIAL_STATIC_GROUPED_DISCOVERY_IDENTITY_NOT_FROZEN,NOT_STARTED_CURRENT_AUDIT,RUN-007_PROVISIONAL_OBSERVER_RELATION_NO_CREDIT,NOT_STARTED_CURRENT_AUDIT,NOT_STARTED_CURRENT_AUDIT,NOT_STARTED_CURRENT_AUDIT,NOT_STARTED_CURRENT_AUDIT,NOT_STARTED_CURRENT_AUDIT,NOT_LINKED_TO_CANDIDATE_CURRENT_AUDIT,LOW_PARTIAL_STATIC_DISCOVERY,H,GROUPED_DISCOVERY_CANDIDATE_NOT_FINAL_DENOMINATOR,tests/Architecture/HrStaffCreationWorkflowBoundaryTest.php:1; tests/Architecture/HrComplianceExportPermissionBoundaryTest.php:1; tests/Architecture/HrWebhookEgressBoundaryTest.php:1,false,INCOMPLETE_GROUPED_DISCOVERY_CANDIDATE,"Static source locators only; no route execution, test result, browser result, benchmark match, ease score, or production-readiness credit."
CAP-HR-PERFORMANCE-PEOPLE-CASEWORK,HR,GROUPED_DISCOVERY_CANDIDATE_NOT_FINAL_DENOMINATOR,HR performance and casework owners,NOT_ESTABLISHED_CURRENT_AUDIT,Manage performance and people casework,NOT_ADJUDICATED_CURRENT_AUDIT,NOT_ESTABLISHED_CURRENT_AUDIT,NOT_ESTABLISHED_CURRENT_AUDIT,NOT_ESTABLISHED_CURRENT_AUDIT,NOT_ESTABLISHED_CURRENT_AUDIT,routes/hr.php:1-1420; app/Http/Controllers/Hr/EmployeeProfileController.php:1; app/Domain/Hr/Services/AttendanceService.php:1; app/Domain/Hr/Services/HrWebhookService.php:1,NOT_ESTABLISHED_CURRENT_AUDIT,Static grouped user job only: Manage performance and people casework. Representative-role completion was not executed.,NOT_ESTABLISHED_CURRENT_AUDIT,NOT_SELECTED_CURRENT_AUDIT,NOT_ESTABLISHED_CURRENT_AUDIT,NOT_ESTABLISHED_CURRENT_AUDIT,NOT_ESTABLISHED_CURRENT_AUDIT,NOT_DOCUMENTED_CURRENT_AUDIT,NOT_SCORED_CURRENT_AUDIT,NOT_SCORED_CURRENT_AUDIT,PARTIAL_STATIC_GROUPED_DISCOVERY_IDENTITY_NOT_FROZEN,NOT_STARTED_CURRENT_AUDIT,NOT_STARTED_CURRENT_AUDIT,NOT_STARTED_CURRENT_AUDIT,NOT_STARTED_CURRENT_AUDIT,NOT_STARTED_CURRENT_AUDIT,NOT_STARTED_CURRENT_AUDIT,NOT_STARTED_CURRENT_AUDIT,NOT_LINKED_TO_CANDIDATE_CURRENT_AUDIT,LOW_PARTIAL_STATIC_DISCOVERY,H,GROUPED_DISCOVERY_CANDIDATE_NOT_FINAL_DENOMINATOR,tests/Architecture/HrStaffCreationWorkflowBoundaryTest.php:1; tests/Architecture/HrComplianceExportPermissionBoundaryTest.php:1; tests/Architecture/HrWebhookEgressBoundaryTest.php:1,false,INCOMPLETE_GROUPED_DISCOVERY_CANDIDATE,"Static source locators only; no route execution, test result, browser result, benchmark match, ease score, or production-readiness credit."
CAP-HR-REPORTING-EXPORT,HR,GROUPED_DISCOVERY_CANDIDATE_NOT_FINAL_DENOMINATOR,HR report and export controllers,NOT_ESTABLISHED_CURRENT_AUDIT,Run governed HR reports and exports,NOT_ADJUDICATED_CURRENT_AUDIT,NOT_ESTABLISHED_CURRENT_AUDIT,NOT_ESTABLISHED_CURRENT_AUDIT,NOT_ESTABLISHED_CURRENT_AUDIT,NOT_ESTABLISHED_CURRENT_AUDIT,routes/hr.php:1-1420; app/Http/Controllers/Hr/EmployeeProfileController.php:1; app/Domain/Hr/Services/AttendanceService.php:1; app/Domain/Hr/Services/HrWebhookService.php:1,NOT_ESTABLISHED_CURRENT_AUDIT,Static grouped user job only: Run governed HR reports and exports. Representative-role completion was not executed.,apache/superset,NOT_SELECTED_CURRENT_AUDIT,https://github.com/apache/superset@5248367587051278d815c5d8ef8dc23f18264b0e,PROVISIONAL_AGENT_EVIDENCE_ONLY; see evidence/benchmark/current-benchmark-wave-01.json,NOT_ESTABLISHED_CURRENT_AUDIT,NOT_DOCUMENTED_CURRENT_AUDIT,NOT_SCORED_CURRENT_AUDIT,NOT_SCORED_CURRENT_AUDIT,PARTIAL_STATIC_GROUPED_DISCOVERY_IDENTITY_NOT_FROZEN,NOT_STARTED_CURRENT_AUDIT,RUN-007_PROVISIONAL_OBSERVER_RELATION_NO_CREDIT,NOT_STARTED_CURRENT_AUDIT,NOT_STARTED_CURRENT_AUDIT,NOT_STARTED_CURRENT_AUDIT,NOT_STARTED_CURRENT_AUDIT,NOT_STARTED_CURRENT_AUDIT,NOT_LINKED_TO_CANDIDATE_CURRENT_AUDIT,LOW_PARTIAL_STATIC_DISCOVERY,D,GROUPED_DISCOVERY_CANDIDATE_NOT_FINAL_DENOMINATOR,tests/Architecture/HrStaffCreationWorkflowBoundaryTest.php:1; tests/Architecture/HrComplianceExportPermissionBoundaryTest.php:1; tests/Architecture/HrWebhookEgressBoundaryTest.php:1,false,INCOMPLETE_GROUPED_DISCOVERY_CANDIDATE,"Static source locators only; no route execution, test result, browser result, benchmark match, ease score, or production-readiness credit."
CAP-HR-WEBHOOK-DELIVERY,HR,GROUPED_DISCOVERY_CANDIDATE_NOT_FINAL_DENOMINATOR,HrWebhookService and delivery job,NOT_ESTABLISHED_CURRENT_AUDIT,Configure and deliver governed HR webhooks,NOT_ADJUDICATED_CURRENT_AUDIT,NOT_ESTABLISHED_CURRENT_AUDIT,NOT_ESTABLISHED_CURRENT_AUDIT,NOT_ESTABLISHED_CURRENT_AUDIT,NOT_ESTABLISHED_CURRENT_AUDIT,routes/hr.php:1-1420; app/Http/Controllers/Hr/EmployeeProfileController.php:1; app/Domain/Hr/Services/AttendanceService.php:1; app/Domain/Hr/Services/HrWebhookService.php:1,NOT_ESTABLISHED_CURRENT_AUDIT,Static grouped user job only: Configure and deliver governed HR webhooks. Representative-role completion was not executed.,frappe/frappe,NOT_SELECTED_CURRENT_AUDIT,https://github.com/frappe/frappe@e97865c3212334a6b3112177ee0aa81620173f81,PROVISIONAL_AGENT_EVIDENCE_ONLY; see evidence/benchmark/current-benchmark-wave-01.json,NOT_ESTABLISHED_CURRENT_AUDIT,NOT_DOCUMENTED_CURRENT_AUDIT,NOT_SCORED_CURRENT_AUDIT,NOT_SCORED_CURRENT_AUDIT,PARTIAL_STATIC_GROUPED_DISCOVERY_IDENTITY_NOT_FROZEN,NOT_STARTED_CURRENT_AUDIT,RUN-007_PROVISIONAL_OBSERVER_RELATION_NO_CREDIT; RUN-009_OBLIVION_SPECIFIC_GAP_PACKET_NO_CREDIT,NOT_STARTED_CURRENT_AUDIT,NOT_STARTED_CURRENT_AUDIT,NOT_STARTED_CURRENT_AUDIT,NOT_STARTED_CURRENT_AUDIT,NOT_STARTED_CURRENT_AUDIT,NOT_LINKED_TO_CANDIDATE_CURRENT_AUDIT,LOW_PARTIAL_STATIC_DISCOVERY,H,GROUPED_DISCOVERY_CANDIDATE_NOT_FINAL_DENOMINATOR,tests/Architecture/HrStaffCreationWorkflowBoundaryTest.php:1; tests/Architecture/HrComplianceExportPermissionBoundaryTest.php:1; tests/Architecture/HrWebhookEgressBoundaryTest.php:1,false,INCOMPLETE_GROUPED_DISCOVERY_CANDIDATE,"Static source locators only; no route execution, test result, browser result, benchmark match, ease score, or production-readiness credit."
CAP-OPS-SHIFT-LIFECYCLE,Workforce,GROUPED_DISCOVERY_CANDIDATE_NOT_FINAL_DENOMINATOR,ShiftLifecycleService,NOT_ESTABLISHED_CURRENT_AUDIT,"Create, publish, start, and close a shift",NOT_ADJUDICATED_CURRENT_AUDIT,NOT_ESTABLISHED_CURRENT_AUDIT,NOT_ESTABLISHED_CURRENT_AUDIT,NOT_ESTABLISHED_CURRENT_AUDIT,NOT_ESTABLISHED_CURRENT_AUDIT,routes/shifts.php:1-127; routes/operations.php:1-1336; app/Domain/Shifts/Lifecycle/ShiftLifecycleService.php:1; app/Domain/Shifts/Timesheets/TimesheetApprovalService.php:1,NOT_ESTABLISHED_CURRENT_AUDIT,"Static grouped user job only: Create, publish, start, and close a shift. Representative-role completion was not executed.",NOT_ESTABLISHED_CURRENT_AUDIT,NOT_SELECTED_CURRENT_AUDIT,NOT_ESTABLISHED_CURRENT_AUDIT,NOT_ESTABLISHED_CURRENT_AUDIT,NOT_ESTABLISHED_CURRENT_AUDIT,NOT_DOCUMENTED_CURRENT_AUDIT,NOT_SCORED_CURRENT_AUDIT,NOT_SCORED_CURRENT_AUDIT,PARTIAL_STATIC_GROUPED_DISCOVERY_IDENTITY_NOT_FROZEN,NOT_STARTED_CURRENT_AUDIT,NOT_STARTED_CURRENT_AUDIT,NOT_STARTED_CURRENT_AUDIT,NOT_STARTED_CURRENT_AUDIT,NOT_STARTED_CURRENT_AUDIT,NOT_STARTED_CURRENT_AUDIT,NOT_STARTED_CURRENT_AUDIT,NOT_LINKED_TO_CANDIDATE_CURRENT_AUDIT,LOW_PARTIAL_STATIC_DISCOVERY,H,GROUPED_DISCOVERY_CANDIDATE_NOT_FINAL_DENOMINATOR,tests/Feature/ShiftLifecycleHardeningTest.php:1; tests/Feature/TimesheetSafetyGuardsTest.php:1; tests/Unit/Rostering/EligibilityScoringStrategyTest.php:1,false,INCOMPLETE_GROUPED_DISCOVERY_CANDIDATE,"Static source locators only; no route execution, test result, browser result, benchmark match, ease score, or production-readiness credit."
CAP-OPS-SHIFT-STAFFING-COVER,Workforce,GROUPED_DISCOVERY_CANDIDATE_NOT_FINAL_DENOMINATOR,Shift staffing and coverage services,NOT_ESTABLISHED_CURRENT_AUDIT,Assign staff and arrange shift cover,NOT_ADJUDICATED_CURRENT_AUDIT,NOT_ESTABLISHED_CURRENT_AUDIT,NOT_ESTABLISHED_CURRENT_AUDIT,NOT_ESTABLISHED_CURRENT_AUDIT,NOT_ESTABLISHED_CURRENT_AUDIT,routes/shifts.php:1-127; routes/operations.php:1-1336; app/Domain/Shifts/Lifecycle/ShiftLifecycleService.php:1; app/Domain/Shifts/Timesheets/TimesheetApprovalService.php:1,NOT_ESTABLISHED_CURRENT_AUDIT,Static grouped user job only: Assign staff and arrange shift cover. Representative-role completion was not executed.,lennystepn-hue/schichtplaner; TimefoldAI/timefold-solver,NOT_SELECTED_CURRENT_AUDIT,https://github.com/lennystepn-hue/schichtplaner@91a91bbfb33ff6ad2aee0832cca3a38643f1c1f2; https://github.com/TimefoldAI/timefold-solver@4f17e1389c70fdd86d9c8b92ae0c62c41dd43ea8,PROVISIONAL_AGENT_EVIDENCE_ONLY; see evidence/benchmark/current-benchmark-wave-01.json,"Planning scores do not prove assignment, cover acceptance, reservation, expiry, competency, or Site consequences.",NOT_DOCUMENTED_CURRENT_AUDIT,NOT_SCORED_CURRENT_AUDIT,NOT_SCORED_CURRENT_AUDIT,PARTIAL_STATIC_GROUPED_DISCOVERY_IDENTITY_NOT_FROZEN,NOT_STARTED_CURRENT_AUDIT,RUN-007_PROVISIONAL_OBSERVER_RELATION_NO_CREDIT; RUN-008_FAIL_SEMANTIC_COLLISION_NO_CREDIT,NOT_STARTED_CURRENT_AUDIT,NOT_STARTED_CURRENT_AUDIT,NOT_STARTED_CURRENT_AUDIT,NOT_STARTED_CURRENT_AUDIT,NOT_STARTED_CURRENT_AUDIT,NOT_LINKED_TO_CANDIDATE_CURRENT_AUDIT,LOW_PARTIAL_STATIC_DISCOVERY,H,GROUPED_DISCOVERY_CANDIDATE_NOT_FINAL_DENOMINATOR,tests/Feature/ShiftLifecycleHardeningTest.php:1; tests/Feature/TimesheetSafetyGuardsTest.php:1; tests/Unit/Rostering/EligibilityScoringStrategyTest.php:1,false,INCOMPLETE_GROUPED_DISCOVERY_CANDIDATE,"Static source locators only; no route execution, test result, browser result, benchmark match, ease score, or production-readiness credit."
CAP-OPS-ROSTER-PLAN-PUBLISH,Workforce,GROUPED_DISCOVERY_CANDIDATE_NOT_FINAL_DENOMINATOR,RosterPublishingService,NOT_ESTABLISHED_CURRENT_AUDIT,"Plan, validate, and publish a roster",NOT_ADJUDICATED_CURRENT_AUDIT,NOT_ESTABLISHED_CURRENT_AUDIT,NOT_ESTABLISHED_CURRENT_AUDIT,NOT_ESTABLISHED_CURRENT_AUDIT,NOT_ESTABLISHED_CURRENT_AUDIT,routes/shifts.php:1-127; routes/operations.php:1-1336; app/Domain/Shifts/Lifecycle/ShiftLifecycleService.php:1; app/Domain/Shifts/Timesheets/TimesheetApprovalService.php:1,NOT_ESTABLISHED_CURRENT_AUDIT,"Static grouped user job only: Plan, validate, and publish a roster. Representative-role completion was not executed.",TimefoldAI/timefold-solver,NOT_SELECTED_CURRENT_AUDIT,https://github.com/TimefoldAI/timefold-solver@4f17e1389c70fdd86d9c8b92ae0c62c41dd43ea8,PROVISIONAL_AGENT_EVIDENCE_ONLY; see evidence/benchmark/current-benchmark-wave-01.json,NOT_ESTABLISHED_CURRENT_AUDIT,NOT_DOCUMENTED_CURRENT_AUDIT,NOT_SCORED_CURRENT_AUDIT,NOT_SCORED_CURRENT_AUDIT,PARTIAL_STATIC_GROUPED_DISCOVERY_IDENTITY_NOT_FROZEN,NOT_STARTED_CURRENT_AUDIT,RUN-007_PROVISIONAL_OBSERVER_RELATION_NO_CREDIT,NOT_STARTED_CURRENT_AUDIT,NOT_STARTED_CURRENT_AUDIT,NOT_STARTED_CURRENT_AUDIT,NOT_STARTED_CURRENT_AUDIT,NOT_STARTED_CURRENT_AUDIT,NOT_LINKED_TO_CANDIDATE_CURRENT_AUDIT,LOW_PARTIAL_STATIC_DISCOVERY,H,GROUPED_DISCOVERY_CANDIDATE_NOT_FINAL_DENOMINATOR,tests/Feature/ShiftLifecycleHardeningTest.php:1; tests/Feature/TimesheetSafetyGuardsTest.php:1; tests/Unit/Rostering/EligibilityScoringStrategyTest.php:1,false,INCOMPLETE_GROUPED_DISCOVERY_CANDIDATE,"Static source locators only; no route execution, test result, browser result, benchmark match, ease score, or production-readiness credit."
CAP-OPS-ATTENDANCE-CLOCK-SESSION,Workforce,GROUPED_DISCOVERY_CANDIDATE_NOT_FINAL_DENOMINATOR,AttendanceService,NOT_ESTABLISHED_CURRENT_AUDIT,Clock attendance and end a governed session,NOT_ADJUDICATED_CURRENT_AUDIT,NOT_ESTABLISHED_CURRENT_AUDIT,NOT_ESTABLISHED_CURRENT_AUDIT,NOT_ESTABLISHED_CURRENT_AUDIT,NOT_ESTABLISHED_CURRENT_AUDIT,routes/shifts.php:1-127; routes/operations.php:1-1336; app/Domain/Shifts/Lifecycle/ShiftLifecycleService.php:1; app/Domain/Shifts/Timesheets/TimesheetApprovalService.php:1,NOT_ESTABLISHED_CURRENT_AUDIT,Static grouped user job only: Clock attendance and end a governed session. Representative-role completion was not executed.,orangehrm/orangehrm; kimai/kimai,NOT_SELECTED_CURRENT_AUDIT,https://github.com/orangehrm/orangehrm@56e23b3b09e7af29317a0943523b825843fff527; https://github.com/kimai/kimai@fd8989e9011aeff0a9ed573c294707140b4401b0,PROVISIONAL_AGENT_EVIDENCE_ONLY; see evidence/benchmark/current-benchmark-wave-01.json,Timesheet locking and voter checks do not prove a live attendance clock/break/correction lifecycle.,NOT_DOCUMENTED_CURRENT_AUDIT,NOT_SCORED_CURRENT_AUDIT,NOT_SCORED_CURRENT_AUDIT,PARTIAL_STATIC_GROUPED_DISCOVERY_IDENTITY_NOT_FROZEN,NOT_STARTED_CURRENT_AUDIT,RUN-007_PROVISIONAL_OBSERVER_RELATION_NO_CREDIT; RUN-008_FAIL_SEMANTIC_COLLISION_NO_CREDIT,NOT_STARTED_CURRENT_AUDIT,NOT_STARTED_CURRENT_AUDIT,NOT_STARTED_CURRENT_AUDIT,NOT_STARTED_CURRENT_AUDIT,NOT_STARTED_CURRENT_AUDIT,NOT_LINKED_TO_CANDIDATE_CURRENT_AUDIT,LOW_PARTIAL_STATIC_DISCOVERY,H,GROUPED_DISCOVERY_CANDIDATE_NOT_FINAL_DENOMINATOR,tests/Feature/ShiftLifecycleHardeningTest.php:1; tests/Feature/TimesheetSafetyGuardsTest.php:1; tests/Unit/Rostering/EligibilityScoringStrategyTest.php:1,false,INCOMPLETE_GROUPED_DISCOVERY_CANDIDATE,"Static source locators only; no route execution, test result, browser result, benchmark match, ease score, or production-readiness credit."
CAP-OPS-TIMESHEET-AUTHOR-SUBMIT,Workforce,GROUPED_DISCOVERY_CANDIDATE_NOT_FINAL_DENOMINATOR,DraftTimesheetService,NOT_ESTABLISHED_CURRENT_AUDIT,Author and submit a timesheet,NOT_ADJUDICATED_CURRENT_AUDIT,NOT_ESTABLISHED_CURRENT_AUDIT,NOT_ESTABLISHED_CURRENT_AUDIT,NOT_ESTABLISHED_CURRENT_AUDIT,NOT_ESTABLISHED_CURRENT_AUDIT,routes/shifts.php:1-127; routes/operations.php:1-1336; app/Domain/Shifts/Lifecycle/ShiftLifecycleService.php:1; app/Domain/Shifts/Timesheets/TimesheetApprovalService.php:1,NOT_ESTABLISHED_CURRENT_AUDIT,Static grouped user job only: Author and submit a timesheet. Representative-role completion was not executed.,NOT_ESTABLISHED_CURRENT_AUDIT,NOT_SELECTED_CURRENT_AUDIT,NOT_ESTABLISHED_CURRENT_AUDIT,NOT_ESTABLISHED_CURRENT_AUDIT,NOT_ESTABLISHED_CURRENT_AUDIT,NOT_DOCUMENTED_CURRENT_AUDIT,NOT_SCORED_CURRENT_AUDIT,NOT_SCORED_CURRENT_AUDIT,PARTIAL_STATIC_GROUPED_DISCOVERY_IDENTITY_NOT_FROZEN,NOT_STARTED_CURRENT_AUDIT,NOT_STARTED_CURRENT_AUDIT,NOT_STARTED_CURRENT_AUDIT,NOT_STARTED_CURRENT_AUDIT,NOT_STARTED_CURRENT_AUDIT,NOT_STARTED_CURRENT_AUDIT,NOT_STARTED_CURRENT_AUDIT,NOT_LINKED_TO_CANDIDATE_CURRENT_AUDIT,LOW_PARTIAL_STATIC_DISCOVERY,H,GROUPED_DISCOVERY_CANDIDATE_NOT_FINAL_DENOMINATOR,tests/Feature/ShiftLifecycleHardeningTest.php:1; tests/Feature/TimesheetSafetyGuardsTest.php:1; tests/Unit/Rostering/EligibilityScoringStrategyTest.php:1,false,INCOMPLETE_GROUPED_DISCOVERY_CANDIDATE,"Static source locators only; no route execution, test result, browser result, benchmark match, ease score, or production-readiness credit."
CAP-OPS-TIMESHEET-MANAGER-PAYROLL,Workforce,GROUPED_DISCOVERY_CANDIDATE_NOT_FINAL_DENOMINATOR,TimesheetApprovalService and operations reconciliation,NOT_ESTABLISHED_CURRENT_AUDIT,"Approve, amend, and prepare timesheets for payroll",NOT_ADJUDICATED_CURRENT_AUDIT,NOT_ESTABLISHED_CURRENT_AUDIT,NOT_ESTABLISHED_CURRENT_AUDIT,NOT_ESTABLISHED_CURRENT_AUDIT,NOT_ESTABLISHED_CURRENT_AUDIT,routes/shifts.php:1-127; routes/operations.php:1-1336; app/Domain/Shifts/Lifecycle/ShiftLifecycleService.php:1; app/Domain/Shifts/Timesheets/TimesheetApprovalService.php:1,NOT_ESTABLISHED_CURRENT_AUDIT,"Static grouped user job only: Approve, amend, and prepare timesheets for payroll. Representative-role completion was not executed.",kimai/kimai,NOT_SELECTED_CURRENT_AUDIT,https://github.com/kimai/kimai@fd8989e9011aeff0a9ed573c294707140b4401b0,PROVISIONAL_AGENT_EVIDENCE_ONLY; see evidence/benchmark/current-benchmark-wave-01.json,NOT_ESTABLISHED_CURRENT_AUDIT,NOT_DOCUMENTED_CURRENT_AUDIT,NOT_SCORED_CURRENT_AUDIT,NOT_SCORED_CURRENT_AUDIT,PARTIAL_STATIC_GROUPED_DISCOVERY_IDENTITY_NOT_FROZEN,NOT_STARTED_CURRENT_AUDIT,RUN-007_PROVISIONAL_OBSERVER_RELATION_NO_CREDIT,NOT_STARTED_CURRENT_AUDIT,NOT_STARTED_CURRENT_AUDIT,NOT_STARTED_CURRENT_AUDIT,NOT_STARTED_CURRENT_AUDIT,NOT_STARTED_CURRENT_AUDIT,NOT_LINKED_TO_CANDIDATE_CURRENT_AUDIT,LOW_PARTIAL_STATIC_DISCOVERY,H,GROUPED_DISCOVERY_CANDIDATE_NOT_FINAL_DENOMINATOR,tests/Feature/ShiftLifecycleHardeningTest.php:1; tests/Feature/TimesheetSafetyGuardsTest.php:1; tests/Unit/Rostering/EligibilityScoringStrategyTest.php:1,false,INCOMPLETE_GROUPED_DISCOVERY_CANDIDATE,"Static source locators only; no route execution, test result, browser result, benchmark match, ease score, or production-readiness credit."
CAP-OPS-STAFF-AVAILABILITY-TIME-OFF,Workforce,GROUPED_DISCOVERY_CANDIDATE_NOT_FINAL_DENOMINATOR,Availability and leave owners,NOT_ESTABLISHED_CURRENT_AUDIT,Manage staff availability and time off,NOT_ADJUDICATED_CURRENT_AUDIT,NOT_ESTABLISHED_CURRENT_AUDIT,NOT_ESTABLISHED_CURRENT_AUDIT,NOT_ESTABLISHED_CURRENT_AUDIT,NOT_ESTABLISHED_CURRENT_AUDIT,routes/shifts.php:1-127; routes/operations.php:1-1336; app/Domain/Shifts/Lifecycle/ShiftLifecycleService.php:1; app/Domain/Shifts/Timesheets/TimesheetApprovalService.php:1,NOT_ESTABLISHED_CURRENT_AUDIT,Static grouped user job only: Manage staff availability and time off. Representative-role completion was not executed.,lennystepn-hue/schichtplaner,NOT_SELECTED_CURRENT_AUDIT,https://github.com/lennystepn-hue/schichtplaner@91a91bbfb33ff6ad2aee0832cca3a38643f1c1f2,PROVISIONAL_AGENT_EVIDENCE_ONLY; see evidence/benchmark/current-benchmark-wave-01.json,NOT_ESTABLISHED_CURRENT_AUDIT,NOT_DOCUMENTED_CURRENT_AUDIT,NOT_SCORED_CURRENT_AUDIT,NOT_SCORED_CURRENT_AUDIT,PARTIAL_STATIC_GROUPED_DISCOVERY_IDENTITY_NOT_FROZEN,NOT_STARTED_CURRENT_AUDIT,RUN-007_PROVISIONAL_OBSERVER_RELATION_NO_CREDIT,NOT_STARTED_CURRENT_AUDIT,NOT_STARTED_CURRENT_AUDIT,NOT_STARTED_CURRENT_AUDIT,NOT_STARTED_CURRENT_AUDIT,NOT_STARTED_CURRENT_AUDIT,NOT_LINKED_TO_CANDIDATE_CURRENT_AUDIT,LOW_PARTIAL_STATIC_DISCOVERY,H,GROUPED_DISCOVERY_CANDIDATE_NOT_FINAL_DENOMINATOR,tests/Feature/ShiftLifecycleHardeningTest.php:1; tests/Feature/TimesheetSafetyGuardsTest.php:1; tests/Unit/Rostering/EligibilityScoringStrategyTest.php:1,false,INCOMPLETE_GROUPED_DISCOVERY_CANDIDATE,"Static source locators only; no route execution, test result, browser result, benchmark match, ease score, or production-readiness credit."
CAP-HR-STAFF-ASSIGNMENT-CREDENTIAL,Workforce,GROUPED_DISCOVERY_CANDIDATE_NOT_FINAL_DENOMINATOR,ShiftStaffEligibilityService and HR assignment owners,NOT_ESTABLISHED_CURRENT_AUDIT,Assign staff using governed credential and eligibility evidence,NOT_ADJUDICATED_CURRENT_AUDIT,NOT_ESTABLISHED_CURRENT_AUDIT,NOT_ESTABLISHED_CURRENT_AUDIT,NOT_ESTABLISHED_CURRENT_AUDIT,NOT_ESTABLISHED_CURRENT_AUDIT,routes/shifts.php:1-127; routes/operations.php:1-1336; app/Domain/Shifts/Lifecycle/ShiftLifecycleService.php:1; app/Domain/Shifts/Timesheets/TimesheetApprovalService.php:1,NOT_ESTABLISHED_CURRENT_AUDIT,Static grouped user job only: Assign staff using governed credential and eligibility evidence. Representative-role completion was not executed.,frappe/hrms,NOT_SELECTED_CURRENT_AUDIT,https://github.com/frappe/hrms@4f6ee8504003cf2ea36488cd4876b8b90a8bf68c,PROVISIONAL_AGENT_EVIDENCE_ONLY; see evidence/benchmark/current-benchmark-wave-01.json,NOT_ESTABLISHED_CURRENT_AUDIT,NOT_DOCUMENTED_CURRENT_AUDIT,NOT_SCORED_CURRENT_AUDIT,NOT_SCORED_CURRENT_AUDIT,PARTIAL_STATIC_GROUPED_DISCOVERY_IDENTITY_NOT_FROZEN,NOT_STARTED_CURRENT_AUDIT,RUN-007_PROVISIONAL_OBSERVER_RELATION_NO_CREDIT,NOT_STARTED_CURRENT_AUDIT,NOT_STARTED_CURRENT_AUDIT,NOT_STARTED_CURRENT_AUDIT,NOT_STARTED_CURRENT_AUDIT,NOT_STARTED_CURRENT_AUDIT,NOT_LINKED_TO_CANDIDATE_CURRENT_AUDIT,LOW_PARTIAL_STATIC_DISCOVERY,H,GROUPED_DISCOVERY_CANDIDATE_NOT_FINAL_DENOMINATOR,tests/Feature/ShiftLifecycleHardeningTest.php:1; tests/Feature/TimesheetSafetyGuardsTest.php:1; tests/Unit/Rostering/EligibilityScoringStrategyTest.php:1,false,INCOMPLETE_GROUPED_DISCOVERY_CANDIDATE,"Static source locators only; no route execution, test result, browser result, benchmark match, ease score, or production-readiness credit."
CAP-DAY-MY-DAY-WORKSPACE,Frontline Workspaces,GROUPED_DISCOVERY_CANDIDATE_NOT_FINAL_DENOMINATOR,My Day presenters with canonical action owners,NOT_ESTABLISHED_CURRENT_AUDIT,Use the personalised My Day workspace,NOT_ADJUDICATED_CURRENT_AUDIT,NOT_ESTABLISHED_CURRENT_AUDIT,NOT_ESTABLISHED_CURRENT_AUDIT,NOT_ESTABLISHED_CURRENT_AUDIT,NOT_ESTABLISHED_CURRENT_AUDIT,app/Http/Controllers/MyDayActionsController.php:1; app/Http/Controllers/MyDayMedicationsController.php:1; app/Http/Controllers/ControlRoom/ControlRoomTaskController.php:1; resources/js/hooks/use-my-day-labels.ts:1,NOT_ESTABLISHED_CURRENT_AUDIT,Static grouped user job only: Use the personalised My Day workspace. Representative-role completion was not executed.,medic/cht-core,NOT_SELECTED_CURRENT_AUDIT,https://github.com/medic/cht-core@1d7a4827b0f681b42fa67f1eebaa77e7b89349bc,PROVISIONAL_AGENT_EVIDENCE_ONLY; see evidence/benchmark/current-benchmark-wave-01.json,NOT_ESTABLISHED_CURRENT_AUDIT,NOT_DOCUMENTED_CURRENT_AUDIT,NOT_SCORED_CURRENT_AUDIT,NOT_SCORED_CURRENT_AUDIT,PARTIAL_STATIC_GROUPED_DISCOVERY_IDENTITY_NOT_FROZEN,NOT_STARTED_CURRENT_AUDIT,RUN-007_PROVISIONAL_OBSERVER_RELATION_NO_CREDIT,NOT_STARTED_CURRENT_AUDIT,NOT_STARTED_CURRENT_AUDIT,NOT_STARTED_CURRENT_AUDIT,NOT_STARTED_CURRENT_AUDIT,NOT_STARTED_CURRENT_AUDIT,NOT_LINKED_TO_CANDIDATE_CURRENT_AUDIT,LOW_PARTIAL_STATIC_DISCOVERY,H,GROUPED_DISCOVERY_CANDIDATE_NOT_FINAL_DENOMINATOR,tests/Feature/MyDayActiveSiteTest.php:1; tests/Feature/Tasks/AllTasksPermissionRecoveryTest.php:1; tests/Feature/Tasks/TaskNavigationFailureIsolationTest.php:1,false,INCOMPLETE_GROUPED_DISCOVERY_CANDIDATE,"Static source locators only; no route execution, test result, browser result, benchmark match, ease score, or production-readiness credit."
CAP-DAY-MY-ROSTER,Frontline Workspaces,GROUPED_DISCOVERY_CANDIDATE_NOT_FINAL_DENOMINATOR,Roster read lens,NOT_ESTABLISHED_CURRENT_AUDIT,Review the worker's roster,NOT_ADJUDICATED_CURRENT_AUDIT,NOT_ESTABLISHED_CURRENT_AUDIT,NOT_ESTABLISHED_CURRENT_AUDIT,NOT_ESTABLISHED_CURRENT_AUDIT,NOT_ESTABLISHED_CURRENT_AUDIT,app/Http/Controllers/MyDayActionsController.php:1; app/Http/Controllers/MyDayMedicationsController.php:1; app/Http/Controllers/ControlRoom/ControlRoomTaskController.php:1; resources/js/hooks/use-my-day-labels.ts:1,NOT_ESTABLISHED_CURRENT_AUDIT,Static grouped user job only: Review the worker's roster. Representative-role completion was not executed.,NOT_ESTABLISHED_CURRENT_AUDIT,NOT_SELECTED_CURRENT_AUDIT,NOT_ESTABLISHED_CURRENT_AUDIT,NOT_ESTABLISHED_CURRENT_AUDIT,NOT_ESTABLISHED_CURRENT_AUDIT,NOT_DOCUMENTED_CURRENT_AUDIT,NOT_SCORED_CURRENT_AUDIT,NOT_SCORED_CURRENT_AUDIT,PARTIAL_STATIC_GROUPED_DISCOVERY_IDENTITY_NOT_FROZEN,NOT_STARTED_CURRENT_AUDIT,NOT_STARTED_CURRENT_AUDIT,NOT_STARTED_CURRENT_AUDIT,NOT_STARTED_CURRENT_AUDIT,NOT_STARTED_CURRENT_AUDIT,NOT_STARTED_CURRENT_AUDIT,NOT_STARTED_CURRENT_AUDIT,NOT_LINKED_TO_CANDIDATE_CURRENT_AUDIT,LOW_PARTIAL_STATIC_DISCOVERY,H,GROUPED_DISCOVERY_CANDIDATE_NOT_FINAL_DENOMINATOR,tests/Feature/MyDayActiveSiteTest.php:1; tests/Feature/Tasks/AllTasksPermissionRecoveryTest.php:1; tests/Feature/Tasks/TaskNavigationFailureIsolationTest.php:1,false,INCOMPLETE_GROUPED_DISCOVERY_CANDIDATE,"Static source locators only; no route execution, test result, browser result, benchmark match, ease score, or production-readiness credit."
CAP-DAY-MY-CALENDAR,Frontline Workspaces,GROUPED_DISCOVERY_CANDIDATE_NOT_FINAL_DENOMINATOR,Calendar read lens,NOT_ESTABLISHED_CURRENT_AUDIT,Review the worker's calendar,NOT_ADJUDICATED_CURRENT_AUDIT,NOT_ESTABLISHED_CURRENT_AUDIT,NOT_ESTABLISHED_CURRENT_AUDIT,NOT_ESTABLISHED_CURRENT_AUDIT,NOT_ESTABLISHED_CURRENT_AUDIT,app/Http/Controllers/MyDayActionsController.php:1; app/Http/Controllers/MyDayMedicationsController.php:1; app/Http/Controllers/ControlRoom/ControlRoomTaskController.php:1; resources/js/hooks/use-my-day-labels.ts:1,NOT_ESTABLISHED_CURRENT_AUDIT,Static grouped user job only: Review the worker's calendar. Representative-role completion was not executed.,frappe/hrms,NOT_SELECTED_CURRENT_AUDIT,https://github.com/frappe/hrms@4f6ee8504003cf2ea36488cd4876b8b90a8bf68c,PROVISIONAL_AGENT_EVIDENCE_ONLY; see evidence/benchmark/current-benchmark-wave-01.json,"A worker event feed supports a narrow personal read need, not the full current calendar owner and scope.",NOT_DOCUMENTED_CURRENT_AUDIT,NOT_SCORED_CURRENT_AUDIT,NOT_SCORED_CURRENT_AUDIT,PARTIAL_STATIC_GROUPED_DISCOVERY_IDENTITY_NOT_FROZEN,NOT_STARTED_CURRENT_AUDIT,RUN-008_PARTIAL_REQUIREMENT_ONLY_NO_CREDIT,NOT_STARTED_CURRENT_AUDIT,NOT_STARTED_CURRENT_AUDIT,NOT_STARTED_CURRENT_AUDIT,NOT_STARTED_CURRENT_AUDIT,NOT_STARTED_CURRENT_AUDIT,NOT_LINKED_TO_CANDIDATE_CURRENT_AUDIT,LOW_PARTIAL_STATIC_DISCOVERY,H,GROUPED_DISCOVERY_CANDIDATE_NOT_FINAL_DENOMINATOR,tests/Feature/MyDayActiveSiteTest.php:1; tests/Feature/Tasks/AllTasksPermissionRecoveryTest.php:1; tests/Feature/Tasks/TaskNavigationFailureIsolationTest.php:1,false,INCOMPLETE_GROUPED_DISCOVERY_CANDIDATE,"Static source locators only; no route execution, test result, browser result, benchmark match, ease score, or production-readiness credit."
CAP-DAY-ALL-TASKS-WORKBENCH,Frontline Workspaces,GROUPED_DISCOVERY_CANDIDATE_NOT_FINAL_DENOMINATOR,Task providers and canonical linked-record owners,NOT_ESTABLISHED_CURRENT_AUDIT,Work authorised tasks across modules,NOT_ADJUDICATED_CURRENT_AUDIT,NOT_ESTABLISHED_CURRENT_AUDIT,NOT_ESTABLISHED_CURRENT_AUDIT,NOT_ESTABLISHED_CURRENT_AUDIT,NOT_ESTABLISHED_CURRENT_AUDIT,app/Http/Controllers/MyDayActionsController.php:1; app/Http/Controllers/MyDayMedicationsController.php:1; app/Http/Controllers/ControlRoom/ControlRoomTaskController.php:1; resources/js/hooks/use-my-day-labels.ts:1,NOT_ESTABLISHED_CURRENT_AUDIT,Static grouped user job only: Work authorised tasks across modules. Representative-role completion was not executed.,medic/cht-core; opf/openproject,NOT_SELECTED_CURRENT_AUDIT,https://github.com/medic/cht-core@1d7a4827b0f681b42fa67f1eebaa77e7b89349bc; https://github.com/opf/openproject@6717bde12ef269daac04726114c173f2b66b72d5,PROVISIONAL_AGENT_EVIDENCE_ONLY; see evidence/benchmark/current-benchmark-wave-01.json,Generic work-package mechanics do not prove cross-module authority or canonical mutation delegation.,NOT_DOCUMENTED_CURRENT_AUDIT,NOT_SCORED_CURRENT_AUDIT,NOT_SCORED_CURRENT_AUDIT,PARTIAL_STATIC_GROUPED_DISCOVERY_IDENTITY_NOT_FROZEN,NOT_STARTED_CURRENT_AUDIT,RUN-007_PROVISIONAL_OBSERVER_RELATION_NO_CREDIT; RUN-008_FAIL_GENERIC_WORK_ITEM_COLLISION_NO_CREDIT,NOT_STARTED_CURRENT_AUDIT,NOT_STARTED_CURRENT_AUDIT,NOT_STARTED_CURRENT_AUDIT,NOT_STARTED_CURRENT_AUDIT,NOT_STARTED_CURRENT_AUDIT,NOT_LINKED_TO_CANDIDATE_CURRENT_AUDIT,LOW_PARTIAL_STATIC_DISCOVERY,H,GROUPED_DISCOVERY_CANDIDATE_NOT_FINAL_DENOMINATOR,tests/Feature/MyDayActiveSiteTest.php:1; tests/Feature/Tasks/AllTasksPermissionRecoveryTest.php:1; tests/Feature/Tasks/TaskNavigationFailureIsolationTest.php:1,false,INCOMPLETE_GROUPED_DISCOVERY_CANDIDATE,"Static source locators only; no route execution, test result, browser result, benchmark match, ease score, or production-readiness credit."
CAP-DAY-TASK-REPORT,Frontline Workspaces,GROUPED_DISCOVERY_CANDIDATE_NOT_FINAL_DENOMINATOR,Task reporting owner,NOT_ESTABLISHED_CURRENT_AUDIT,Report task status without leaking linked records,NOT_ADJUDICATED_CURRENT_AUDIT,NOT_ESTABLISHED_CURRENT_AUDIT,NOT_ESTABLISHED_CURRENT_AUDIT,NOT_ESTABLISHED_CURRENT_AUDIT,NOT_ESTABLISHED_CURRENT_AUDIT,app/Http/Controllers/MyDayActionsController.php:1; app/Http/Controllers/MyDayMedicationsController.php:1; app/Http/Controllers/ControlRoom/ControlRoomTaskController.php:1; resources/js/hooks/use-my-day-labels.ts:1,NOT_ESTABLISHED_CURRENT_AUDIT,Static grouped user job only: Report task status without leaking linked records. Representative-role completion was not executed.,NOT_ESTABLISHED_CURRENT_AUDIT,NOT_SELECTED_CURRENT_AUDIT,NOT_ESTABLISHED_CURRENT_AUDIT,NOT_ESTABLISHED_CURRENT_AUDIT,NOT_ESTABLISHED_CURRENT_AUDIT,NOT_DOCUMENTED_CURRENT_AUDIT,NOT_SCORED_CURRENT_AUDIT,NOT_SCORED_CURRENT_AUDIT,PARTIAL_STATIC_GROUPED_DISCOVERY_IDENTITY_NOT_FROZEN,NOT_STARTED_CURRENT_AUDIT,NOT_STARTED_CURRENT_AUDIT,NOT_STARTED_CURRENT_AUDIT,NOT_STARTED_CURRENT_AUDIT,NOT_STARTED_CURRENT_AUDIT,NOT_STARTED_CURRENT_AUDIT,NOT_STARTED_CURRENT_AUDIT,NOT_LINKED_TO_CANDIDATE_CURRENT_AUDIT,LOW_PARTIAL_STATIC_DISCOVERY,H,GROUPED_DISCOVERY_CANDIDATE_NOT_FINAL_DENOMINATOR,tests/Feature/MyDayActiveSiteTest.php:1; tests/Feature/Tasks/AllTasksPermissionRecoveryTest.php:1; tests/Feature/Tasks/TaskNavigationFailureIsolationTest.php:1,false,INCOMPLETE_GROUPED_DISCOVERY_CANDIDATE,"Static source locators only; no route execution, test result, browser result, benchmark match, ease score, or production-readiness credit."
CAP-OPS-DASHBOARD-ACTIVITY,Operations,GROUPED_DISCOVERY_CANDIDATE_NOT_FINAL_DENOMINATOR,Operations dashboard presenters,NOT_ESTABLISHED_CURRENT_AUDIT,Review operations dashboard activity,NOT_ADJUDICATED_CURRENT_AUDIT,NOT_ESTABLISHED_CURRENT_AUDIT,NOT_ESTABLISHED_CURRENT_AUDIT,NOT_ESTABLISHED_CURRENT_AUDIT,NOT_ESTABLISHED_CURRENT_AUDIT,routes/operations.php:1-1336; app/Services/Operations/CarePlanService.php:1; app/Services/Operations/TimesheetReconciliationService.php:1; app/Services/ShiftHandoverService.php:1,NOT_ESTABLISHED_CURRENT_AUDIT,Static grouped user job only: Review operations dashboard activity. Representative-role completion was not executed.,NOT_ESTABLISHED_CURRENT_AUDIT,NOT_SELECTED_CURRENT_AUDIT,NOT_ESTABLISHED_CURRENT_AUDIT,NOT_ESTABLISHED_CURRENT_AUDIT,NOT_ESTABLISHED_CURRENT_AUDIT,NOT_DOCUMENTED_CURRENT_AUDIT,NOT_SCORED_CURRENT_AUDIT,NOT_SCORED_CURRENT_AUDIT,PARTIAL_STATIC_GROUPED_DISCOVERY_IDENTITY_NOT_FROZEN,NOT_STARTED_CURRENT_AUDIT,NOT_STARTED_CURRENT_AUDIT,NOT_STARTED_CURRENT_AUDIT,NOT_STARTED_CURRENT_AUDIT,NOT_STARTED_CURRENT_AUDIT,NOT_STARTED_CURRENT_AUDIT,NOT_STARTED_CURRENT_AUDIT,NOT_LINKED_TO_CANDIDATE_CURRENT_AUDIT,LOW_PARTIAL_STATIC_DISCOVERY,H,GROUPED_DISCOVERY_CANDIDATE_NOT_FINAL_DENOMINATOR,tests/Unit/Operations/ClientSafetyPayloadTest.php:1; tests/Unit/Operations/TimesheetReconciliationServiceTest.php:1; tests/Unit/Services/ShiftHandoverServiceTest.php:1,false,INCOMPLETE_GROUPED_DISCOVERY_CANDIDATE,"Static source locators only; no route execution, test result, browser result, benchmark match, ease score, or production-readiness credit."
CAP-OPS-CARE-PLAN-REVIEW-SIGNOFF,Operations,GROUPED_DISCOVERY_CANDIDATE_NOT_FINAL_DENOMINATOR,CarePlanService and CarePlanAttestationService,NOT_ESTABLISHED_CURRENT_AUDIT,Review and sign off a care plan,NOT_ADJUDICATED_CURRENT_AUDIT,NOT_ESTABLISHED_CURRENT_AUDIT,NOT_ESTABLISHED_CURRENT_AUDIT,NOT_ESTABLISHED_CURRENT_AUDIT,NOT_ESTABLISHED_CURRENT_AUDIT,routes/operations.php:1-1336; app/Services/Operations/CarePlanService.php:1; app/Services/Operations/TimesheetReconciliationService.php:1; app/Services/ShiftHandoverService.php:1,NOT_ESTABLISHED_CURRENT_AUDIT,Static grouped user job only: Review and sign off a care plan. Representative-role completion was not executed.,NOT_ESTABLISHED_CURRENT_AUDIT,NOT_SELECTED_CURRENT_AUDIT,NOT_ESTABLISHED_CURRENT_AUDIT,NOT_ESTABLISHED_CURRENT_AUDIT,NOT_ESTABLISHED_CURRENT_AUDIT,NOT_DOCUMENTED_CURRENT_AUDIT,NOT_SCORED_CURRENT_AUDIT,NOT_SCORED_CURRENT_AUDIT,PARTIAL_STATIC_GROUPED_DISCOVERY_IDENTITY_NOT_FROZEN,NOT_STARTED_CURRENT_AUDIT,NOT_STARTED_CURRENT_AUDIT,NOT_STARTED_CURRENT_AUDIT,NOT_STARTED_CURRENT_AUDIT,NOT_STARTED_CURRENT_AUDIT,NOT_STARTED_CURRENT_AUDIT,NOT_STARTED_CURRENT_AUDIT,NOT_LINKED_TO_CANDIDATE_CURRENT_AUDIT,LOW_PARTIAL_STATIC_DISCOVERY,H,GROUPED_DISCOVERY_CANDIDATE_NOT_FINAL_DENOMINATOR,tests/Unit/Operations/ClientSafetyPayloadTest.php:1; tests/Unit/Operations/TimesheetReconciliationServiceTest.php:1; tests/Unit/Services/ShiftHandoverServiceTest.php:1,false,INCOMPLETE_GROUPED_DISCOVERY_CANDIDATE,"Static source locators only; no route execution, test result, browser result, benchmark match, ease score, or production-readiness credit."
CAP-OPS-CLIENT-ONBOARDING,Operations,GROUPED_DISCOVERY_CANDIDATE_NOT_FINAL_DENOMINATOR,Client onboarding owner,NOT_ESTABLISHED_CURRENT_AUDIT,Run governed client onboarding,NOT_ADJUDICATED_CURRENT_AUDIT,NOT_ESTABLISHED_CURRENT_AUDIT,NOT_ESTABLISHED_CURRENT_AUDIT,NOT_ESTABLISHED_CURRENT_AUDIT,NOT_ESTABLISHED_CURRENT_AUDIT,routes/operations.php:1-1336; app/Services/Operations/CarePlanService.php:1; app/Services/Operations/TimesheetReconciliationService.php:1; app/Services/ShiftHandoverService.php:1,NOT_ESTABLISHED_CURRENT_AUDIT,Static grouped user job only: Run governed client onboarding. Representative-role completion was not executed.,NOT_ESTABLISHED_CURRENT_AUDIT,NOT_SELECTED_CURRENT_AUDIT,NOT_ESTABLISHED_CURRENT_AUDIT,NOT_ESTABLISHED_CURRENT_AUDIT,NOT_ESTABLISHED_CURRENT_AUDIT,NOT_DOCUMENTED_CURRENT_AUDIT,NOT_SCORED_CURRENT_AUDIT,NOT_SCORED_CURRENT_AUDIT,PARTIAL_STATIC_GROUPED_DISCOVERY_IDENTITY_NOT_FROZEN,NOT_STARTED_CURRENT_AUDIT,NOT_STARTED_CURRENT_AUDIT,NOT_STARTED_CURRENT_AUDIT,NOT_STARTED_CURRENT_AUDIT,NOT_STARTED_CURRENT_AUDIT,NOT_STARTED_CURRENT_AUDIT,NOT_STARTED_CURRENT_AUDIT,NOT_LINKED_TO_CANDIDATE_CURRENT_AUDIT,LOW_PARTIAL_STATIC_DISCOVERY,H,GROUPED_DISCOVERY_CANDIDATE_NOT_FINAL_DENOMINATOR,tests/Unit/Operations/ClientSafetyPayloadTest.php:1; tests/Unit/Operations/TimesheetReconciliationServiceTest.php:1; tests/Unit/Services/ShiftHandoverServiceTest.php:1,false,INCOMPLETE_GROUPED_DISCOVERY_CANDIDATE,"Static source locators only; no route execution, test result, browser result, benchmark match, ease score, or production-readiness credit."
CAP-OPS-HANDOVER-SHIFT-NOTES,Operations,GROUPED_DISCOVERY_CANDIDATE_NOT_FINAL_DENOMINATOR,ShiftHandoverService and shift-note owner,NOT_ESTABLISHED_CURRENT_AUDIT,Record handover and shift notes,NOT_ADJUDICATED_CURRENT_AUDIT,NOT_ESTABLISHED_CURRENT_AUDIT,NOT_ESTABLISHED_CURRENT_AUDIT,NOT_ESTABLISHED_CURRENT_AUDIT,NOT_ESTABLISHED_CURRENT_AUDIT,routes/operations.php:1-1336; app/Services/Operations/CarePlanService.php:1; app/Services/Operations/TimesheetReconciliationService.php:1; app/Services/ShiftHandoverService.php:1,NOT_ESTABLISHED_CURRENT_AUDIT,Static grouped user job only: Record handover and shift notes. Representative-role completion was not executed.,NOT_ESTABLISHED_CURRENT_AUDIT,NOT_SELECTED_CURRENT_AUDIT,NOT_ESTABLISHED_CURRENT_AUDIT,NOT_ESTABLISHED_CURRENT_AUDIT,NOT_ESTABLISHED_CURRENT_AUDIT,NOT_DOCUMENTED_CURRENT_AUDIT,NOT_SCORED_CURRENT_AUDIT,NOT_SCORED_CURRENT_AUDIT,PARTIAL_STATIC_GROUPED_DISCOVERY_IDENTITY_NOT_FROZEN,NOT_STARTED_CURRENT_AUDIT,NOT_STARTED_CURRENT_AUDIT,NOT_STARTED_CURRENT_AUDIT,NOT_STARTED_CURRENT_AUDIT,NOT_STARTED_CURRENT_AUDIT,NOT_STARTED_CURRENT_AUDIT,NOT_STARTED_CURRENT_AUDIT,NOT_LINKED_TO_CANDIDATE_CURRENT_AUDIT,LOW_PARTIAL_STATIC_DISCOVERY,H,GROUPED_DISCOVERY_CANDIDATE_NOT_FINAL_DENOMINATOR,tests/Unit/Operations/ClientSafetyPayloadTest.php:1; tests/Unit/Operations/TimesheetReconciliationServiceTest.php:1; tests/Unit/Services/ShiftHandoverServiceTest.php:1,false,INCOMPLETE_GROUPED_DISCOVERY_CANDIDATE,"Static source locators only; no route execution, test result, browser result, benchmark match, ease score, or production-readiness credit."
CAP-OPS-FUNDING-CLAIMS,Operations,GROUPED_DISCOVERY_CANDIDATE_NOT_FINAL_DENOMINATOR,Operations funding owner,NOT_ESTABLISHED_CURRENT_AUDIT,Prepare and manage governed funding claims,NOT_ADJUDICATED_CURRENT_AUDIT,NOT_ESTABLISHED_CURRENT_AUDIT,NOT_ESTABLISHED_CURRENT_AUDIT,NOT_ESTABLISHED_CURRENT_AUDIT,NOT_ESTABLISHED_CURRENT_AUDIT,routes/operations.php:1-1336; app/Services/Operations/CarePlanService.php:1; app/Services/Operations/TimesheetReconciliationService.php:1; app/Services/ShiftHandoverService.php:1,NOT_ESTABLISHED_CURRENT_AUDIT,Static grouped user job only: Prepare and manage governed funding claims. Representative-role completion was not executed.,NOT_ESTABLISHED_CURRENT_AUDIT,NOT_SELECTED_CURRENT_AUDIT,NOT_ESTABLISHED_CURRENT_AUDIT,NOT_ESTABLISHED_CURRENT_AUDIT,NOT_ESTABLISHED_CURRENT_AUDIT,NOT_DOCUMENTED_CURRENT_AUDIT,NOT_SCORED_CURRENT_AUDIT,NOT_SCORED_CURRENT_AUDIT,PARTIAL_STATIC_GROUPED_DISCOVERY_IDENTITY_NOT_FROZEN,NOT_STARTED_CURRENT_AUDIT,NOT_STARTED_CURRENT_AUDIT,NOT_STARTED_CURRENT_AUDIT,NOT_STARTED_CURRENT_AUDIT,NOT_STARTED_CURRENT_AUDIT,NOT_STARTED_CURRENT_AUDIT,NOT_STARTED_CURRENT_AUDIT,NOT_LINKED_TO_CANDIDATE_CURRENT_AUDIT,LOW_PARTIAL_STATIC_DISCOVERY,H,GROUPED_DISCOVERY_CANDIDATE_NOT_FINAL_DENOMINATOR,tests/Unit/Operations/ClientSafetyPayloadTest.php:1; tests/Unit/Operations/TimesheetReconciliationServiceTest.php:1; tests/Unit/Services/ShiftHandoverServiceTest.php:1,false,INCOMPLETE_GROUPED_DISCOVERY_CANDIDATE,"Static source locators only; no route execution, test result, browser result, benchmark match, ease score, or production-readiness credit."
CAP-OPS-REPORTING-EXPORT,Operations,GROUPED_DISCOVERY_CANDIDATE_NOT_FINAL_DENOMINATOR,Operations reporting owners,NOT_ESTABLISHED_CURRENT_AUDIT,Run governed operations reports and exports,NOT_ADJUDICATED_CURRENT_AUDIT,NOT_ESTABLISHED_CURRENT_AUDIT,NOT_ESTABLISHED_CURRENT_AUDIT,NOT_ESTABLISHED_CURRENT_AUDIT,NOT_ESTABLISHED_CURRENT_AUDIT,routes/operations.php:1-1336; app/Services/Operations/CarePlanService.php:1; app/Services/Operations/TimesheetReconciliationService.php:1; app/Services/ShiftHandoverService.php:1,NOT_ESTABLISHED_CURRENT_AUDIT,Static grouped user job only: Run governed operations reports and exports. Representative-role completion was not executed.,apache/superset,NOT_SELECTED_CURRENT_AUDIT,https://github.com/apache/superset@5248367587051278d815c5d8ef8dc23f18264b0e,PROVISIONAL_AGENT_EVIDENCE_ONLY; see evidence/benchmark/current-benchmark-wave-01.json,NOT_ESTABLISHED_CURRENT_AUDIT,NOT_DOCUMENTED_CURRENT_AUDIT,NOT_SCORED_CURRENT_AUDIT,NOT_SCORED_CURRENT_AUDIT,PARTIAL_STATIC_GROUPED_DISCOVERY_IDENTITY_NOT_FROZEN,NOT_STARTED_CURRENT_AUDIT,RUN-007_PROVISIONAL_OBSERVER_RELATION_NO_CREDIT,NOT_STARTED_CURRENT_AUDIT,NOT_STARTED_CURRENT_AUDIT,NOT_STARTED_CURRENT_AUDIT,NOT_STARTED_CURRENT_AUDIT,NOT_STARTED_CURRENT_AUDIT,NOT_LINKED_TO_CANDIDATE_CURRENT_AUDIT,LOW_PARTIAL_STATIC_DISCOVERY,D,GROUPED_DISCOVERY_CANDIDATE_NOT_FINAL_DENOMINATOR,tests/Unit/Operations/ClientSafetyPayloadTest.php:1; tests/Unit/Operations/TimesheetReconciliationServiceTest.php:1; tests/Unit/Services/ShiftHandoverServiceTest.php:1,false,INCOMPLETE_GROUPED_DISCOVERY_CANDIDATE,"Static source locators only; no route execution, test result, browser result, benchmark match, ease score, or production-readiness credit."
CAP-OPS-CALENDAR-SYNC,Operations,GROUPED_DISCOVERY_CANDIDATE_NOT_FINAL_DENOMINATOR,Calendar sync owner,NOT_ESTABLISHED_CURRENT_AUDIT,Synchronise authorised operational calendar obligations,NOT_ADJUDICATED_CURRENT_AUDIT,NOT_ESTABLISHED_CURRENT_AUDIT,NOT_ESTABLISHED_CURRENT_AUDIT,NOT_ESTABLISHED_CURRENT_AUDIT,NOT_ESTABLISHED_CURRENT_AUDIT,routes/operations.php:1-1336; app/Services/Operations/CarePlanService.php:1; app/Services/Operations/TimesheetReconciliationService.php:1; app/Services/ShiftHandoverService.php:1,NOT_ESTABLISHED_CURRENT_AUDIT,Static grouped user job only: Synchronise authorised operational calendar obligations. Representative-role completion was not executed.,NOT_ESTABLISHED_CURRENT_AUDIT,NOT_SELECTED_CURRENT_AUDIT,NOT_ESTABLISHED_CURRENT_AUDIT,NOT_ESTABLISHED_CURRENT_AUDIT,NOT_ESTABLISHED_CURRENT_AUDIT,NOT_DOCUMENTED_CURRENT_AUDIT,NOT_SCORED_CURRENT_AUDIT,NOT_SCORED_CURRENT_AUDIT,PARTIAL_STATIC_GROUPED_DISCOVERY_IDENTITY_NOT_FROZEN,NOT_STARTED_CURRENT_AUDIT,NOT_STARTED_CURRENT_AUDIT,NOT_STARTED_CURRENT_AUDIT,NOT_STARTED_CURRENT_AUDIT,NOT_STARTED_CURRENT_AUDIT,NOT_STARTED_CURRENT_AUDIT,NOT_STARTED_CURRENT_AUDIT,NOT_LINKED_TO_CANDIDATE_CURRENT_AUDIT,LOW_PARTIAL_STATIC_DISCOVERY,H,GROUPED_DISCOVERY_CANDIDATE_NOT_FINAL_DENOMINATOR,tests/Unit/Operations/ClientSafetyPayloadTest.php:1; tests/Unit/Operations/TimesheetReconciliationServiceTest.php:1; tests/Unit/Services/ShiftHandoverServiceTest.php:1,false,INCOMPLETE_GROUPED_DISCOVERY_CANDIDATE,"Static source locators only; no route execution, test result, browser result, benchmark match, ease score, or production-readiness credit."
CAP-FIN-DASHBOARD-INSIGHTS,Finance,GROUPED_DISCOVERY_CANDIDATE_NOT_FINAL_DENOMINATOR,FinancialInsightsScopeResolver and finance dashboard aggregators,NOT_ESTABLISHED_CURRENT_AUDIT,"Review organisation, Site, and Client financial position and obligations",NOT_ADJUDICATED_CURRENT_AUDIT,NOT_ESTABLISHED_CURRENT_AUDIT,NOT_ESTABLISHED_CURRENT_AUDIT,NOT_ESTABLISHED_CURRENT_AUDIT,NOT_ESTABLISHED_CURRENT_AUDIT,routes/finance.php:69-108,NOT_ESTABLISHED_CURRENT_AUDIT,"Static grouped user job only: Review organisation, Site, and Client financial position and obligations. Representative-role completion was not executed.",NOT_ESTABLISHED_CURRENT_AUDIT,NOT_SELECTED_CURRENT_AUDIT,NOT_ESTABLISHED_CURRENT_AUDIT,NOT_ESTABLISHED_CURRENT_AUDIT,NOT_ESTABLISHED_CURRENT_AUDIT,NOT_DOCUMENTED_CURRENT_AUDIT,NOT_SCORED_CURRENT_AUDIT,NOT_SCORED_CURRENT_AUDIT,PARTIAL_STATIC_GROUPED_DISCOVERY_IDENTITY_NOT_FROZEN,NOT_STARTED_CURRENT_AUDIT,NOT_STARTED_CURRENT_AUDIT,NOT_STARTED_CURRENT_AUDIT,NOT_STARTED_CURRENT_AUDIT,NOT_STARTED_CURRENT_AUDIT,NOT_STARTED_CURRENT_AUDIT,NOT_STARTED_CURRENT_AUDIT,NOT_LINKED_TO_CANDIDATE_CURRENT_AUDIT,LOW_PARTIAL_STATIC_DISCOVERY,H,GROUPED_DISCOVERY_CANDIDATE_NOT_FINAL_DENOMINATOR,tests/Feature/Finance/FinancialInsightsObjectScopeTest.php:128,false,INCOMPLETE_GROUPED_DISCOVERY_CANDIDATE,"Static source and test-presence evidence only; no runtime, test execution, browser, benchmark, ease, release, or completion credit."
CAP-FIN-LEDGER-CHART-PERIODS,Finance,GROUPED_DISCOVERY_CANDIDATE_NOT_FINAL_DENOMINATOR,ChartOfAccountsService and ledger administration controllers,NOT_ESTABLISHED_CURRENT_AUDIT,"Maintain ledger charts, periods, centres, streams, and currencies",NOT_ADJUDICATED_CURRENT_AUDIT,NOT_ESTABLISHED_CURRENT_AUDIT,NOT_ESTABLISHED_CURRENT_AUDIT,NOT_ESTABLISHED_CURRENT_AUDIT,NOT_ESTABLISHED_CURRENT_AUDIT,routes/finance.php:134-205,NOT_ESTABLISHED_CURRENT_AUDIT,"Static grouped user job only: Maintain ledger charts, periods, centres, streams, and currencies. Representative-role completion was not executed.",NOT_ESTABLISHED_CURRENT_AUDIT,NOT_SELECTED_CURRENT_AUDIT,NOT_ESTABLISHED_CURRENT_AUDIT,NOT_ESTABLISHED_CURRENT_AUDIT,NOT_ESTABLISHED_CURRENT_AUDIT,NOT_DOCUMENTED_CURRENT_AUDIT,NOT_SCORED_CURRENT_AUDIT,NOT_SCORED_CURRENT_AUDIT,PARTIAL_STATIC_GROUPED_DISCOVERY_IDENTITY_NOT_FROZEN,NOT_STARTED_CURRENT_AUDIT,NOT_STARTED_CURRENT_AUDIT,NOT_STARTED_CURRENT_AUDIT,NOT_STARTED_CURRENT_AUDIT,NOT_STARTED_CURRENT_AUDIT,NOT_STARTED_CURRENT_AUDIT,NOT_STARTED_CURRENT_AUDIT,NOT_LINKED_TO_CANDIDATE_CURRENT_AUDIT,LOW_PARTIAL_STATIC_DISCOVERY,H,GROUPED_DISCOVERY_CANDIDATE_NOT_FINAL_DENOMINATOR,tests/Feature/Finance/FinanceChartVerificationTest.php:1,false,INCOMPLETE_GROUPED_DISCOVERY_CANDIDATE,"Static source and test-presence evidence only; no runtime, test execution, browser, benchmark, ease, release, or completion credit."
CAP-FIN-JOURNAL-POST-REVERSE-RECUR,Finance,GROUPED_DISCOVERY_CANDIDATE_NOT_FINAL_DENOMINATOR,JournalPostingService and RecurringJournalService,NOT_ESTABLISHED_CURRENT_AUDIT,"Draft, post, reverse, and review manual or recurring journals",NOT_ADJUDICATED_CURRENT_AUDIT,NOT_ESTABLISHED_CURRENT_AUDIT,NOT_ESTABLISHED_CURRENT_AUDIT,NOT_ESTABLISHED_CURRENT_AUDIT,NOT_ESTABLISHED_CURRENT_AUDIT,app/Domain/Finance/Services/JournalPostingService.php:21-272,NOT_ESTABLISHED_CURRENT_AUDIT,"Static grouped user job only: Draft, post, reverse, and review manual or recurring journals. Representative-role completion was not executed.",NOT_ESTABLISHED_CURRENT_AUDIT,NOT_SELECTED_CURRENT_AUDIT,NOT_ESTABLISHED_CURRENT_AUDIT,NOT_ESTABLISHED_CURRENT_AUDIT,NOT_ESTABLISHED_CURRENT_AUDIT,NOT_DOCUMENTED_CURRENT_AUDIT,NOT_SCORED_CURRENT_AUDIT,NOT_SCORED_CURRENT_AUDIT,PARTIAL_STATIC_GROUPED_DISCOVERY_IDENTITY_NOT_FROZEN,NOT_STARTED_CURRENT_AUDIT,NOT_STARTED_CURRENT_AUDIT,NOT_STARTED_CURRENT_AUDIT,NOT_STARTED_CURRENT_AUDIT,NOT_STARTED_CURRENT_AUDIT,NOT_STARTED_CURRENT_AUDIT,NOT_STARTED_CURRENT_AUDIT,NOT_LINKED_TO_CANDIDATE_CURRENT_AUDIT,LOW_PARTIAL_STATIC_DISCOVERY,H,GROUPED_DISCOVERY_CANDIDATE_NOT_FINAL_DENOMINATOR,tests/Feature/Finance/JournalPostingReversalInvariantTest.php:81,false,INCOMPLETE_GROUPED_DISCOVERY_CANDIDATE,"Static source and test-presence evidence only; no runtime, test execution, browser, benchmark, ease, release, or completion credit."
CAP-FIN-AP-VENDOR-PO-BILL-CREDIT,Finance,GROUPED_DISCOVERY_CANDIDATE_NOT_FINAL_DENOMINATOR,AccountsPayableService and AP controllers,NOT_ESTABLISHED_CURRENT_AUDIT,"Manage suppliers, purchase orders, bills, credit notes, and approvals",NOT_ADJUDICATED_CURRENT_AUDIT,NOT_ESTABLISHED_CURRENT_AUDIT,NOT_ESTABLISHED_CURRENT_AUDIT,NOT_ESTABLISHED_CURRENT_AUDIT,NOT_ESTABLISHED_CURRENT_AUDIT,app/Domain/Finance/Services/AccountsPayableService.php:116-801,NOT_ESTABLISHED_CURRENT_AUDIT,"Static grouped user job only: Manage suppliers, purchase orders, bills, credit notes, and approvals. Representative-role completion was not executed.",NOT_ESTABLISHED_CURRENT_AUDIT,NOT_SELECTED_CURRENT_AUDIT,NOT_ESTABLISHED_CURRENT_AUDIT,NOT_ESTABLISHED_CURRENT_AUDIT,NOT_ESTABLISHED_CURRENT_AUDIT,NOT_DOCUMENTED_CURRENT_AUDIT,NOT_SCORED_CURRENT_AUDIT,NOT_SCORED_CURRENT_AUDIT,PARTIAL_STATIC_GROUPED_DISCOVERY_IDENTITY_NOT_FROZEN,NOT_STARTED_CURRENT_AUDIT,NOT_STARTED_CURRENT_AUDIT,NOT_STARTED_CURRENT_AUDIT,NOT_STARTED_CURRENT_AUDIT,NOT_STARTED_CURRENT_AUDIT,NOT_STARTED_CURRENT_AUDIT,NOT_STARTED_CURRENT_AUDIT,NOT_LINKED_TO_CANDIDATE_CURRENT_AUDIT,LOW_PARTIAL_STATIC_DISCOVERY,H,GROUPED_DISCOVERY_CANDIDATE_NOT_FINAL_DENOMINATOR,tests/Feature/Finance/BillSpendApprovalGateTest.php:156,false,INCOMPLETE_GROUPED_DISCOVERY_CANDIDATE,"Static source and test-presence evidence only; no runtime, test execution, browser, benchmark, ease, release, or completion credit."
CAP-FIN-PAYMENT-RUN-SETTLEMENT,Finance,GROUPED_DISCOVERY_CANDIDATE_NOT_FINAL_DENOMINATOR,PaymentRunService and PaymentSettlementRecorder,NOT_ESTABLISHED_CURRENT_AUDIT,"Prepare, approve, export, settle, and reconcile supplier payment runs",NOT_ADJUDICATED_CURRENT_AUDIT,NOT_ESTABLISHED_CURRENT_AUDIT,NOT_ESTABLISHED_CURRENT_AUDIT,NOT_ESTABLISHED_CURRENT_AUDIT,NOT_ESTABLISHED_CURRENT_AUDIT,routes/finance.php:304-336,NOT_ESTABLISHED_CURRENT_AUDIT,"Static grouped user job only: Prepare, approve, export, settle, and reconcile supplier payment runs. Representative-role completion was not executed.",NOT_ESTABLISHED_CURRENT_AUDIT,NOT_SELECTED_CURRENT_AUDIT,NOT_ESTABLISHED_CURRENT_AUDIT,NOT_ESTABLISHED_CURRENT_AUDIT,NOT_ESTABLISHED_CURRENT_AUDIT,NOT_DOCUMENTED_CURRENT_AUDIT,NOT_SCORED_CURRENT_AUDIT,NOT_SCORED_CURRENT_AUDIT,PARTIAL_STATIC_GROUPED_DISCOVERY_IDENTITY_NOT_FROZEN,NOT_STARTED_CURRENT_AUDIT,NOT_STARTED_CURRENT_AUDIT,NOT_STARTED_CURRENT_AUDIT,NOT_STARTED_CURRENT_AUDIT,NOT_STARTED_CURRENT_AUDIT,NOT_STARTED_CURRENT_AUDIT,NOT_STARTED_CURRENT_AUDIT,NOT_LINKED_TO_CANDIDATE_CURRENT_AUDIT,LOW_PARTIAL_STATIC_DISCOVERY,H,GROUPED_DISCOVERY_CANDIDATE_NOT_FINAL_DENOMINATOR,tests/Feature/Finance/BillAndPaymentRunJournalPostingTest.php:184,false,INCOMPLETE_GROUPED_DISCOVERY_CANDIDATE,"Static source and test-presence evidence only; no runtime, test execution, browser, benchmark, ease, release, or completion credit."
CAP-FIN-AR-QUOTE-INVOICE-BILLING,Finance,GROUPED_DISCOVERY_CANDIDATE_NOT_FINAL_DENOMINATOR,QuoteLifecycleService and AccountsReceivableService,NOT_ESTABLISHED_CURRENT_AUDIT,"Manage quotes, billing entries, invoices, statements, and receipts",NOT_ADJUDICATED_CURRENT_AUDIT,NOT_ESTABLISHED_CURRENT_AUDIT,NOT_ESTABLISHED_CURRENT_AUDIT,NOT_ESTABLISHED_CURRENT_AUDIT,NOT_ESTABLISHED_CURRENT_AUDIT,routes/finance.php:347-415,NOT_ESTABLISHED_CURRENT_AUDIT,"Static grouped user job only: Manage quotes, billing entries, invoices, statements, and receipts. Representative-role completion was not executed.",bigcapitalhq/bigcapital,NOT_SELECTED_CURRENT_AUDIT,https://github.com/bigcapitalhq/bigcapital@b9a431c1685a427b71b9bb757a97450b85ecb35f,PROVISIONAL_AGENT_EVIDENCE_ONLY; see evidence/benchmark/current-benchmark-wave-01.json,NOT_ESTABLISHED_CURRENT_AUDIT,NOT_DOCUMENTED_CURRENT_AUDIT,NOT_SCORED_CURRENT_AUDIT,NOT_SCORED_CURRENT_AUDIT,PARTIAL_STATIC_GROUPED_DISCOVERY_IDENTITY_NOT_FROZEN,NOT_STARTED_CURRENT_AUDIT,RUN-009_STRONGER_NATIVE_CONTROL_PACKET_NO_CREDIT,NOT_STARTED_CURRENT_AUDIT,NOT_STARTED_CURRENT_AUDIT,NOT_STARTED_CURRENT_AUDIT,NOT_STARTED_CURRENT_AUDIT,NOT_STARTED_CURRENT_AUDIT,NOT_LINKED_TO_CANDIDATE_CURRENT_AUDIT,LOW_PARTIAL_STATIC_DISCOVERY,H,GROUPED_DISCOVERY_CANDIDATE_NOT_FINAL_DENOMINATOR,tests/Feature/Finance/QuoteConversionIntegrityTest.php:92,false,INCOMPLETE_GROUPED_DISCOVERY_CANDIDATE,"Static source and test-presence evidence only; no runtime, test execution, browser, benchmark, ease, release, or completion credit."
CAP-FIN-ALLOCATION-MATCH-HISTORY,Finance,GROUPED_DISCOVERY_CANDIDATE_NOT_FINAL_DENOMINATOR,PaymentMatchingService and settlement owners,NOT_ESTABLISHED_CURRENT_AUDIT,Review allocation history and confirm or reject payment matches,NOT_ADJUDICATED_CURRENT_AUDIT,NOT_ESTABLISHED_CURRENT_AUDIT,NOT_ESTABLISHED_CURRENT_AUDIT,NOT_ESTABLISHED_CURRENT_AUDIT,NOT_ESTABLISHED_CURRENT_AUDIT,app/Domain/Finance/Services/PaymentMatchingService.php:300-421,NOT_ESTABLISHED_CURRENT_AUDIT,Static grouped user job only: Review allocation history and confirm or reject payment matches. Representative-role completion was not executed.,bigcapitalhq/bigcapital,NOT_SELECTED_CURRENT_AUDIT,https://github.com/bigcapitalhq/bigcapital@b9a431c1685a427b71b9bb757a97450b85ecb35f,PROVISIONAL_AGENT_EVIDENCE_ONLY; see evidence/benchmark/current-benchmark-wave-01.json,NOT_ESTABLISHED_CURRENT_AUDIT,NOT_DOCUMENTED_CURRENT_AUDIT,NOT_SCORED_CURRENT_AUDIT,NOT_SCORED_CURRENT_AUDIT,PARTIAL_STATIC_GROUPED_DISCOVERY_IDENTITY_NOT_FROZEN,NOT_STARTED_CURRENT_AUDIT,RUN-009_STRONGER_NATIVE_CONTROL_PACKET_NO_CREDIT,NOT_STARTED_CURRENT_AUDIT,NOT_STARTED_CURRENT_AUDIT,NOT_STARTED_CURRENT_AUDIT,NOT_STARTED_CURRENT_AUDIT,NOT_STARTED_CURRENT_AUDIT,NOT_LINKED_TO_CANDIDATE_CURRENT_AUDIT,LOW_PARTIAL_STATIC_DISCOVERY,H,GROUPED_DISCOVERY_CANDIDATE_NOT_FINAL_DENOMINATOR,tests/Feature/Finance/PaymentAllocationIntegrityTest.php:360,false,INCOMPLETE_GROUPED_DISCOVERY_CANDIDATE,"Static source and test-presence evidence only; no runtime, test execution, browser, benchmark, ease, release, or completion credit."
CAP-FIN-BANK-FEED-RECON-EFTPOS,Finance,GROUPED_DISCOVERY_CANDIDATE_NOT_FINAL_DENOMINATOR,"BankReconciliationService, BankFeedService, and EftposReconciliationService",NOT_ESTABLISHED_CURRENT_AUDIT,"Import bank activity, reconcile statements, and settle EFTPOS batches",NOT_ADJUDICATED_CURRENT_AUDIT,NOT_ESTABLISHED_CURRENT_AUDIT,NOT_ESTABLISHED_CURRENT_AUDIT,NOT_ESTABLISHED_CURRENT_AUDIT,NOT_ESTABLISHED_CURRENT_AUDIT,app/Domain/Finance/Services/BankReconciliationService.php:34-629,NOT_ESTABLISHED_CURRENT_AUDIT,"Static grouped user job only: Import bank activity, reconcile statements, and settle EFTPOS batches. Representative-role completion was not executed.",NOT_ESTABLISHED_CURRENT_AUDIT,NOT_SELECTED_CURRENT_AUDIT,NOT_ESTABLISHED_CURRENT_AUDIT,NOT_ESTABLISHED_CURRENT_AUDIT,NOT_ESTABLISHED_CURRENT_AUDIT,NOT_DOCUMENTED_CURRENT_AUDIT,NOT_SCORED_CURRENT_AUDIT,NOT_SCORED_CURRENT_AUDIT,PARTIAL_STATIC_GROUPED_DISCOVERY_IDENTITY_NOT_FROZEN,NOT_STARTED_CURRENT_AUDIT,NOT_STARTED_CURRENT_AUDIT,NOT_STARTED_CURRENT_AUDIT,NOT_STARTED_CURRENT_AUDIT,NOT_STARTED_CURRENT_AUDIT,NOT_STARTED_CURRENT_AUDIT,NOT_STARTED_CURRENT_AUDIT,NOT_LINKED_TO_CANDIDATE_CURRENT_AUDIT,LOW_PARTIAL_STATIC_DISCOVERY,H,GROUPED_DISCOVERY_CANDIDATE_NOT_FINAL_DENOMINATOR,tests/Feature/Finance/BankReconciliationAggregateTest.php:117,false,INCOMPLETE_GROUPED_DISCOVERY_CANDIDATE,"Static source and test-presence evidence only; no runtime, test execution, browser, benchmark, ease, release, or completion credit."
CAP-FIN-GST-IRD-COMPLIANCE,Finance,GROUPED_DISCOVERY_CANDIDATE_NOT_FINAL_DENOMINATOR,"GstReturnService, IrdFilingService, and NzComplianceService",NOT_ESTABLISHED_CURRENT_AUDIT,"Prepare, file, and amend GST and IRD obligations",NOT_ADJUDICATED_CURRENT_AUDIT,NOT_ESTABLISHED_CURRENT_AUDIT,NOT_ESTABLISHED_CURRENT_AUDIT,NOT_ESTABLISHED_CURRENT_AUDIT,NOT_ESTABLISHED_CURRENT_AUDIT,routes/finance.php:530-547,NOT_ESTABLISHED_CURRENT_AUDIT,"Static grouped user job only: Prepare, file, and amend GST and IRD obligations. Representative-role completion was not executed.",NOT_ESTABLISHED_CURRENT_AUDIT,NOT_SELECTED_CURRENT_AUDIT,NOT_ESTABLISHED_CURRENT_AUDIT,NOT_ESTABLISHED_CURRENT_AUDIT,NOT_ESTABLISHED_CURRENT_AUDIT,NOT_DOCUMENTED_CURRENT_AUDIT,NOT_SCORED_CURRENT_AUDIT,NOT_SCORED_CURRENT_AUDIT,PARTIAL_STATIC_GROUPED_DISCOVERY_IDENTITY_NOT_FROZEN,NOT_STARTED_CURRENT_AUDIT,NOT_STARTED_CURRENT_AUDIT,NOT_STARTED_CURRENT_AUDIT,NOT_STARTED_CURRENT_AUDIT,NOT_STARTED_CURRENT_AUDIT,NOT_STARTED_CURRENT_AUDIT,NOT_STARTED_CURRENT_AUDIT,NOT_LINKED_TO_CANDIDATE_CURRENT_AUDIT,LOW_PARTIAL_STATIC_DISCOVERY,H,GROUPED_DISCOVERY_CANDIDATE_NOT_FINAL_DENOMINATOR,tests/Feature/Finance/IrdFilingCanonicalAccessTest.php:72,false,INCOMPLETE_GROUPED_DISCOVERY_CANDIDATE,"Static source and test-presence evidence only; no runtime, test execution, browser, benchmark, ease, release, or completion credit."
CAP-FIN-FIXED-ASSET-LIFECYCLE,Finance,GROUPED_DISCOVERY_CANDIDATE_NOT_FINAL_DENOMINATOR,FixedAssetService,NOT_ESTABLISHED_CURRENT_AUDIT,"Register, capitalise, depreciate, and dispose of fixed assets",NOT_ADJUDICATED_CURRENT_AUDIT,NOT_ESTABLISHED_CURRENT_AUDIT,NOT_ESTABLISHED_CURRENT_AUDIT,NOT_ESTABLISHED_CURRENT_AUDIT,NOT_ESTABLISHED_CURRENT_AUDIT,app/Domain/Finance/Services/FixedAssetService.php:26-362,NOT_ESTABLISHED_CURRENT_AUDIT,"Static grouped user job only: Register, capitalise, depreciate, and dispose of fixed assets. Representative-role completion was not executed.",NOT_ESTABLISHED_CURRENT_AUDIT,NOT_SELECTED_CURRENT_AUDIT,NOT_ESTABLISHED_CURRENT_AUDIT,NOT_ESTABLISHED_CURRENT_AUDIT,NOT_ESTABLISHED_CURRENT_AUDIT,NOT_DOCUMENTED_CURRENT_AUDIT,NOT_SCORED_CURRENT_AUDIT,NOT_SCORED_CURRENT_AUDIT,PARTIAL_STATIC_GROUPED_DISCOVERY_IDENTITY_NOT_FROZEN,NOT_STARTED_CURRENT_AUDIT,NOT_STARTED_CURRENT_AUDIT,NOT_STARTED_CURRENT_AUDIT,NOT_STARTED_CURRENT_AUDIT,NOT_STARTED_CURRENT_AUDIT,NOT_STARTED_CURRENT_AUDIT,NOT_STARTED_CURRENT_AUDIT,NOT_LINKED_TO_CANDIDATE_CURRENT_AUDIT,LOW_PARTIAL_STATIC_DISCOVERY,H,GROUPED_DISCOVERY_CANDIDATE_NOT_FINAL_DENOMINATOR,tests/Feature/Finance/FixedAssetDisposalIntegrityTest.php:60,false,INCOMPLETE_GROUPED_DISCOVERY_CANDIDATE,"Static source and test-presence evidence only; no runtime, test execution, browser, benchmark, ease, release, or completion credit."
CAP-FIN-CLIENT-PETTY-DONOR-FUNDS,Finance,GROUPED_DISCOVERY_CANDIDATE_NOT_FINAL_DENOMINATOR,"ClientFundTransactionService, PettyCashService, and DonorFundService",NOT_ESTABLISHED_CURRENT_AUDIT,"Govern Client money, petty cash, and restricted donor funds",NOT_ADJUDICATED_CURRENT_AUDIT,NOT_ESTABLISHED_CURRENT_AUDIT,NOT_ESTABLISHED_CURRENT_AUDIT,NOT_ESTABLISHED_CURRENT_AUDIT,NOT_ESTABLISHED_CURRENT_AUDIT,app/Domain/Finance/Services/ClientFundTransactionService.php:144-304,NOT_ESTABLISHED_CURRENT_AUDIT,"Static grouped user job only: Govern Client money, petty cash, and restricted donor funds. Representative-role completion was not executed.",NOT_ESTABLISHED_CURRENT_AUDIT,NOT_SELECTED_CURRENT_AUDIT,NOT_ESTABLISHED_CURRENT_AUDIT,NOT_ESTABLISHED_CURRENT_AUDIT,NOT_ESTABLISHED_CURRENT_AUDIT,NOT_DOCUMENTED_CURRENT_AUDIT,NOT_SCORED_CURRENT_AUDIT,NOT_SCORED_CURRENT_AUDIT,PARTIAL_STATIC_GROUPED_DISCOVERY_IDENTITY_NOT_FROZEN,NOT_STARTED_CURRENT_AUDIT,NOT_STARTED_CURRENT_AUDIT,NOT_STARTED_CURRENT_AUDIT,NOT_STARTED_CURRENT_AUDIT,NOT_STARTED_CURRENT_AUDIT,NOT_STARTED_CURRENT_AUDIT,NOT_STARTED_CURRENT_AUDIT,NOT_LINKED_TO_CANDIDATE_CURRENT_AUDIT,LOW_PARTIAL_STATIC_DISCOVERY,H,GROUPED_DISCOVERY_CANDIDATE_NOT_FINAL_DENOMINATOR,tests/Feature/Finance/ClientFundGovernanceTest.php:100,false,INCOMPLETE_GROUPED_DISCOVERY_CANDIDATE,"Static source and test-presence evidence only; no runtime, test execution, browser, benchmark, ease, release, or completion credit."
CAP-FIN-BUDGET-ACTUAL-FORECAST,Finance,GROUPED_DISCOVERY_CANDIDATE_NOT_FINAL_DENOMINATOR,"BudgetActualsService, BudgetVarianceService, and CashFlowForecastService",NOT_ESTABLISHED_CURRENT_AUDIT,Compare budgets to actuals and create cash-flow forecasts,NOT_ADJUDICATED_CURRENT_AUDIT,NOT_ESTABLISHED_CURRENT_AUDIT,NOT_ESTABLISHED_CURRENT_AUDIT,NOT_ESTABLISHED_CURRENT_AUDIT,NOT_ESTABLISHED_CURRENT_AUDIT,routes/finance.php:628-640,NOT_ESTABLISHED_CURRENT_AUDIT,Static grouped user job only: Compare budgets to actuals and create cash-flow forecasts. Representative-role completion was not executed.,NOT_ESTABLISHED_CURRENT_AUDIT,NOT_SELECTED_CURRENT_AUDIT,NOT_ESTABLISHED_CURRENT_AUDIT,NOT_ESTABLISHED_CURRENT_AUDIT,NOT_ESTABLISHED_CURRENT_AUDIT,NOT_DOCUMENTED_CURRENT_AUDIT,NOT_SCORED_CURRENT_AUDIT,NOT_SCORED_CURRENT_AUDIT,PARTIAL_STATIC_GROUPED_DISCOVERY_IDENTITY_NOT_FROZEN,NOT_STARTED_CURRENT_AUDIT,NOT_STARTED_CURRENT_AUDIT,NOT_STARTED_CURRENT_AUDIT,NOT_STARTED_CURRENT_AUDIT,NOT_STARTED_CURRENT_AUDIT,NOT_STARTED_CURRENT_AUDIT,NOT_STARTED_CURRENT_AUDIT,NOT_LINKED_TO_CANDIDATE_CURRENT_AUDIT,LOW_PARTIAL_STATIC_DISCOVERY,H,GROUPED_DISCOVERY_CANDIDATE_NOT_FINAL_DENOMINATOR,tests/Feature/Finance/BudgetActualsLiveGlTest.php:16,false,INCOMPLETE_GROUPED_DISCOVERY_CANDIDATE,"Static source and test-presence evidence only; no runtime, test execution, browser, benchmark, ease, release, or completion credit."
CAP-FIN-REPORT-AUDIT-EXPORT,Finance,GROUPED_DISCOVERY_CANDIDATE_NOT_FINAL_DENOMINATOR,FinancialReportService and AuditExportService,NOT_ESTABLISHED_CURRENT_AUDIT,"Produce financial statements, list exports, and encrypted audit packs",NOT_ADJUDICATED_CURRENT_AUDIT,NOT_ESTABLISHED_CURRENT_AUDIT,NOT_ESTABLISHED_CURRENT_AUDIT,NOT_ESTABLISHED_CURRENT_AUDIT,NOT_ESTABLISHED_CURRENT_AUDIT,app/Domain/Finance/Services/AuditExportService.php:27-146,NOT_ESTABLISHED_CURRENT_AUDIT,"Static grouped user job only: Produce financial statements, list exports, and encrypted audit packs. Representative-role completion was not executed.",NOT_ESTABLISHED_CURRENT_AUDIT,NOT_SELECTED_CURRENT_AUDIT,NOT_ESTABLISHED_CURRENT_AUDIT,NOT_ESTABLISHED_CURRENT_AUDIT,NOT_ESTABLISHED_CURRENT_AUDIT,NOT_DOCUMENTED_CURRENT_AUDIT,NOT_SCORED_CURRENT_AUDIT,NOT_SCORED_CURRENT_AUDIT,PARTIAL_STATIC_GROUPED_DISCOVERY_IDENTITY_NOT_FROZEN,NOT_STARTED_CURRENT_AUDIT,NOT_STARTED_CURRENT_AUDIT,NOT_STARTED_CURRENT_AUDIT,NOT_STARTED_CURRENT_AUDIT,NOT_STARTED_CURRENT_AUDIT,NOT_STARTED_CURRENT_AUDIT,NOT_STARTED_CURRENT_AUDIT,NOT_LINKED_TO_CANDIDATE_CURRENT_AUDIT,LOW_PARTIAL_STATIC_DISCOVERY,D,GROUPED_DISCOVERY_CANDIDATE_NOT_FINAL_DENOMINATOR,tests/Feature/Finance/AuditExportSecurityTest.php:8,false,INCOMPLETE_GROUPED_DISCOVERY_CANDIDATE,"Static source and test-presence evidence only; no runtime, test execution, browser, benchmark, ease, release, or completion credit."
CAP-FIN-ACCOUNTING-SYNC-FX-CONSOLIDATION,Finance,GROUPED_DISCOVERY_CANDIDATE_NOT_FINAL_DENOMINATOR,"Accounting providers, FxRevaluationService, ConsolidationService, and IntercompanyService",NOT_ESTABLISHED_CURRENT_AUDIT,"Configure accounting sync, FX revaluation, and supported consolidation",NOT_ADJUDICATED_CURRENT_AUDIT,NOT_ESTABLISHED_CURRENT_AUDIT,NOT_ESTABLISHED_CURRENT_AUDIT,NOT_ESTABLISHED_CURRENT_AUDIT,NOT_ESTABLISHED_CURRENT_AUDIT,app/Domain/Finance/Services/AccountingSyncProviders/XeroSyncProvider.php:27-319,NOT_ESTABLISHED_CURRENT_AUDIT,"Static grouped user job only: Configure accounting sync, FX revaluation, and supported consolidation. Representative-role completion was not executed.",NOT_ESTABLISHED_CURRENT_AUDIT,NOT_SELECTED_CURRENT_AUDIT,NOT_ESTABLISHED_CURRENT_AUDIT,NOT_ESTABLISHED_CURRENT_AUDIT,NOT_ESTABLISHED_CURRENT_AUDIT,NOT_DOCUMENTED_CURRENT_AUDIT,NOT_SCORED_CURRENT_AUDIT,NOT_SCORED_CURRENT_AUDIT,PARTIAL_STATIC_GROUPED_DISCOVERY_IDENTITY_NOT_FROZEN,NOT_STARTED_CURRENT_AUDIT,NOT_STARTED_CURRENT_AUDIT,NOT_STARTED_CURRENT_AUDIT,NOT_STARTED_CURRENT_AUDIT,NOT_STARTED_CURRENT_AUDIT,NOT_STARTED_CURRENT_AUDIT,NOT_STARTED_CURRENT_AUDIT,NOT_LINKED_TO_CANDIDATE_CURRENT_AUDIT,LOW_PARTIAL_STATIC_DISCOVERY,D,GROUPED_DISCOVERY_CANDIDATE_NOT_FINAL_DENOMINATOR,tests/Feature/Finance/ConsolidationQuarantineTest.php:17,false,INCOMPLETE_GROUPED_DISCOVERY_CANDIDATE,"Static source and test-presence evidence only; no runtime, test execution, browser, benchmark, ease, release, or completion credit."
CAP-GOV-DASHBOARD-REPORT-EVIDENCE,Governance,GROUPED_DISCOVERY_CANDIDATE_NOT_FINAL_DENOMINATOR,"DashboardAggregatorService, ReportController, and AuditEvidencePackService",NOT_ESTABLISHED_CURRENT_AUDIT,"Review board, committee, risk, compliance, and evidence-pack reporting",NOT_ADJUDICATED_CURRENT_AUDIT,NOT_ESTABLISHED_CURRENT_AUDIT,NOT_ESTABLISHED_CURRENT_AUDIT,NOT_ESTABLISHED_CURRENT_AUDIT,NOT_ESTABLISHED_CURRENT_AUDIT,app/Domain/Governance/Http/Controllers/ReportController.php:27-183,NOT_ESTABLISHED_CURRENT_AUDIT,"Static grouped user job only: Review board, committee, risk, compliance, and evidence-pack reporting. Representative-role completion was not executed.",NOT_ESTABLISHED_CURRENT_AUDIT,NOT_SELECTED_CURRENT_AUDIT,NOT_ESTABLISHED_CURRENT_AUDIT,NOT_ESTABLISHED_CURRENT_AUDIT,NOT_ESTABLISHED_CURRENT_AUDIT,NOT_DOCUMENTED_CURRENT_AUDIT,NOT_SCORED_CURRENT_AUDIT,NOT_SCORED_CURRENT_AUDIT,PARTIAL_STATIC_GROUPED_DISCOVERY_IDENTITY_NOT_FROZEN,NOT_STARTED_CURRENT_AUDIT,NOT_STARTED_CURRENT_AUDIT,NOT_STARTED_CURRENT_AUDIT,NOT_STARTED_CURRENT_AUDIT,NOT_STARTED_CURRENT_AUDIT,NOT_STARTED_CURRENT_AUDIT,NOT_STARTED_CURRENT_AUDIT,NOT_LINKED_TO_CANDIDATE_CURRENT_AUDIT,LOW_PARTIAL_STATIC_DISCOVERY,D,GROUPED_DISCOVERY_CANDIDATE_NOT_FINAL_DENOMINATOR,tests/Feature/Governance/GovernanceReportsTest.php:20,false,INCOMPLETE_GROUPED_DISCOVERY_CANDIDATE,"Static source and test-presence evidence only; no runtime, test execution, browser, benchmark, ease, release, or completion credit."
CAP-GOV-MEETING-AGENDA-MINUTES-ATTENDANCE,Governance,GROUPED_DISCOVERY_CANDIDATE_NOT_FINAL_DENOMINATOR,GovernanceMeetingController and governance workflow services,NOT_ESTABLISHED_CURRENT_AUDIT,"Schedule meetings and manage agendas, attendance, minutes, and status",NOT_ADJUDICATED_CURRENT_AUDIT,NOT_ESTABLISHED_CURRENT_AUDIT,NOT_ESTABLISHED_CURRENT_AUDIT,NOT_ESTABLISHED_CURRENT_AUDIT,NOT_ESTABLISHED_CURRENT_AUDIT,app/Domain/Governance/Http/Controllers/GovernanceMeetingController.php:41-152,NOT_ESTABLISHED_CURRENT_AUDIT,"Static grouped user job only: Schedule meetings and manage agendas, attendance, minutes, and status. Representative-role completion was not executed.",NOT_ESTABLISHED_CURRENT_AUDIT,NOT_SELECTED_CURRENT_AUDIT,NOT_ESTABLISHED_CURRENT_AUDIT,NOT_ESTABLISHED_CURRENT_AUDIT,NOT_ESTABLISHED_CURRENT_AUDIT,NOT_DOCUMENTED_CURRENT_AUDIT,NOT_SCORED_CURRENT_AUDIT,NOT_SCORED_CURRENT_AUDIT,PARTIAL_STATIC_GROUPED_DISCOVERY_IDENTITY_NOT_FROZEN,NOT_STARTED_CURRENT_AUDIT,NOT_STARTED_CURRENT_AUDIT,NOT_STARTED_CURRENT_AUDIT,NOT_STARTED_CURRENT_AUDIT,NOT_STARTED_CURRENT_AUDIT,NOT_STARTED_CURRENT_AUDIT,NOT_STARTED_CURRENT_AUDIT,NOT_LINKED_TO_CANDIDATE_CURRENT_AUDIT,LOW_PARTIAL_STATIC_DISCOVERY,H,GROUPED_DISCOVERY_CANDIDATE_NOT_FINAL_DENOMINATOR,tests/Feature/Governance/GovernanceNestedBindingIntegrityTest.php:39,false,INCOMPLETE_GROUPED_DISCOVERY_CANDIDATE,"Static source and test-presence evidence only; no runtime, test execution, browser, benchmark, ease, release, or completion credit."
CAP-GOV-BOARD-PACK-DISTRIBUTION,Governance,GROUPED_DISCOVERY_CANDIDATE_NOT_FINAL_DENOMINATOR,BoardPackBuilderService and BoardPackController,NOT_ESTABLISHED_CURRENT_AUDIT,"Generate, distribute, read, and download board packs",NOT_ADJUDICATED_CURRENT_AUDIT,NOT_ESTABLISHED_CURRENT_AUDIT,NOT_ESTABLISHED_CURRENT_AUDIT,NOT_ESTABLISHED_CURRENT_AUDIT,NOT_ESTABLISHED_CURRENT_AUDIT,app/Domain/Governance/Http/Controllers/BoardPackController.php:23-90,NOT_ESTABLISHED_CURRENT_AUDIT,"Static grouped user job only: Generate, distribute, read, and download board packs. Representative-role completion was not executed.",OpenSlides/OpenSlides,NOT_SELECTED_CURRENT_AUDIT,https://github.com/OpenSlides/OpenSlides@c514bcd8c742053f08ef17741b5c9868cd2186f8,PROVISIONAL_AGENT_EVIDENCE_ONLY; see evidence/benchmark/current-benchmark-wave-01.json,NOT_ESTABLISHED_CURRENT_AUDIT,COMPARATOR_PACKET_NO_CREDIBLE_PROJECT_FOR_DOMAIN_NOT_FINAL_FEATURE_NO_MATCH,NOT_SCORED_CURRENT_AUDIT,NOT_SCORED_CURRENT_AUDIT,PARTIAL_STATIC_GROUPED_DISCOVERY_IDENTITY_NOT_FROZEN,NOT_STARTED_CURRENT_AUDIT,RUN-009_NO_CREDIBLE_COMPARISON_PACKET_NO_CREDIT,NOT_STARTED_CURRENT_AUDIT,NOT_STARTED_CURRENT_AUDIT,NOT_STARTED_CURRENT_AUDIT,NOT_STARTED_CURRENT_AUDIT,NOT_STARTED_CURRENT_AUDIT,NOT_LINKED_TO_CANDIDATE_CURRENT_AUDIT,LOW_PARTIAL_STATIC_DISCOVERY,H,GROUPED_DISCOVERY_CANDIDATE_NOT_FINAL_DENOMINATOR,tests/Feature/Governance/GovernanceBoardPacksTest.php:24,false,INCOMPLETE_GROUPED_DISCOVERY_CANDIDATE,"Static source and test-presence evidence only; no runtime, test execution, browser, benchmark, ease, release, or completion credit."
CAP-GOV-RESOLUTION-VOTE-QUORUM,Governance,GROUPED_DISCOVERY_CANDIDATE_NOT_FINAL_DENOMINATOR,VotingService and ResolutionController,NOT_ESTABLISHED_CURRENT_AUDIT,"Draft resolutions, declare conflicts, vote, enforce quorum, and close outcomes",NOT_ADJUDICATED_CURRENT_AUDIT,NOT_ESTABLISHED_CURRENT_AUDIT,NOT_ESTABLISHED_CURRENT_AUDIT,NOT_ESTABLISHED_CURRENT_AUDIT,NOT_ESTABLISHED_CURRENT_AUDIT,app/Domain/Governance/Services/VotingService.php:29-187,NOT_ESTABLISHED_CURRENT_AUDIT,"Static grouped user job only: Draft resolutions, declare conflicts, vote, enforce quorum, and close outcomes. Representative-role completion was not executed.",OpenSlides/OpenSlides,NOT_SELECTED_CURRENT_AUDIT,https://github.com/OpenSlides/OpenSlides@c514bcd8c742053f08ef17741b5c9868cd2186f8,PROVISIONAL_AGENT_EVIDENCE_ONLY; see evidence/benchmark/current-benchmark-wave-01.json,NOT_ESTABLISHED_CURRENT_AUDIT,NOT_DOCUMENTED_CURRENT_AUDIT,NOT_SCORED_CURRENT_AUDIT,NOT_SCORED_CURRENT_AUDIT,PARTIAL_STATIC_GROUPED_DISCOVERY_IDENTITY_NOT_FROZEN,NOT_STARTED_CURRENT_AUDIT,RUN-009_OBLIVION_SPECIFIC_GAP_PACKET_NO_CREDIT,NOT_STARTED_CURRENT_AUDIT,NOT_STARTED_CURRENT_AUDIT,NOT_STARTED_CURRENT_AUDIT,NOT_STARTED_CURRENT_AUDIT,NOT_STARTED_CURRENT_AUDIT,NOT_LINKED_TO_CANDIDATE_CURRENT_AUDIT,LOW_PARTIAL_STATIC_DISCOVERY,H,GROUPED_DISCOVERY_CANDIDATE_NOT_FINAL_DENOMINATOR,tests/Feature/Governance/GovernanceResolutionsTest.php:39,false,INCOMPLETE_GROUPED_DISCOVERY_CANDIDATE,"Static source and test-presence evidence only; no runtime, test execution, browser, benchmark, ease, release, or completion credit."
CAP-GOV-BOARD-MEMBER-INTEREST-EVALUATION,Governance,GROUPED_DISCOVERY_CANDIDATE_NOT_FINAL_DENOMINATOR,"Board member, interest, and evaluation controllers",NOT_ESTABLISHED_CURRENT_AUDIT,"Administer board membership, interests, and evaluations",NOT_ADJUDICATED_CURRENT_AUDIT,NOT_ESTABLISHED_CURRENT_AUDIT,NOT_ESTABLISHED_CURRENT_AUDIT,NOT_ESTABLISHED_CURRENT_AUDIT,NOT_ESTABLISHED_CURRENT_AUDIT,app/Domain/Governance/Http/Controllers/BoardEvaluationController.php:14-173,NOT_ESTABLISHED_CURRENT_AUDIT,"Static grouped user job only: Administer board membership, interests, and evaluations. Representative-role completion was not executed.",NOT_ESTABLISHED_CURRENT_AUDIT,NOT_SELECTED_CURRENT_AUDIT,NOT_ESTABLISHED_CURRENT_AUDIT,NOT_ESTABLISHED_CURRENT_AUDIT,NOT_ESTABLISHED_CURRENT_AUDIT,NOT_DOCUMENTED_CURRENT_AUDIT,NOT_SCORED_CURRENT_AUDIT,NOT_SCORED_CURRENT_AUDIT,PARTIAL_STATIC_GROUPED_DISCOVERY_IDENTITY_NOT_FROZEN,NOT_STARTED_CURRENT_AUDIT,NOT_STARTED_CURRENT_AUDIT,NOT_STARTED_CURRENT_AUDIT,NOT_STARTED_CURRENT_AUDIT,NOT_STARTED_CURRENT_AUDIT,NOT_STARTED_CURRENT_AUDIT,NOT_STARTED_CURRENT_AUDIT,NOT_LINKED_TO_CANDIDATE_CURRENT_AUDIT,LOW_PARTIAL_STATIC_DISCOVERY,H,GROUPED_DISCOVERY_CANDIDATE_NOT_FINAL_DENOMINATOR,tests/Feature/Governance/GovernanceBoardMemberSelfServiceTest.php:22,false,INCOMPLETE_GROUPED_DISCOVERY_CANDIDATE,"Static source and test-presence evidence only; no runtime, test execution, browser, benchmark, ease, release, or completion credit."
CAP-GOV-RISK-REGISTER-TREATMENT,Governance,GROUPED_DISCOVERY_CANDIDATE_NOT_FINAL_DENOMINATOR,RiskRegisterController and RiskScoringService,NOT_ESTABLISHED_CURRENT_AUDIT,"Score risks, add treatments, accept, and close records",NOT_ADJUDICATED_CURRENT_AUDIT,NOT_ESTABLISHED_CURRENT_AUDIT,NOT_ESTABLISHED_CURRENT_AUDIT,NOT_ESTABLISHED_CURRENT_AUDIT,NOT_ESTABLISHED_CURRENT_AUDIT,app/Domain/Governance/Http/Controllers/RiskRegisterController.php:31-277,NOT_ESTABLISHED_CURRENT_AUDIT,"Static grouped user job only: Score risks, add treatments, accept, and close records. Representative-role completion was not executed.",NOT_ESTABLISHED_CURRENT_AUDIT,NOT_SELECTED_CURRENT_AUDIT,NOT_ESTABLISHED_CURRENT_AUDIT,NOT_ESTABLISHED_CURRENT_AUDIT,NOT_ESTABLISHED_CURRENT_AUDIT,NOT_DOCUMENTED_CURRENT_AUDIT,NOT_SCORED_CURRENT_AUDIT,NOT_SCORED_CURRENT_AUDIT,PARTIAL_STATIC_GROUPED_DISCOVERY_IDENTITY_NOT_FROZEN,NOT_STARTED_CURRENT_AUDIT,NOT_STARTED_CURRENT_AUDIT,NOT_STARTED_CURRENT_AUDIT,NOT_STARTED_CURRENT_AUDIT,NOT_STARTED_CURRENT_AUDIT,NOT_STARTED_CURRENT_AUDIT,NOT_STARTED_CURRENT_AUDIT,NOT_LINKED_TO_CANDIDATE_CURRENT_AUDIT,LOW_PARTIAL_STATIC_DISCOVERY,H,GROUPED_DISCOVERY_CANDIDATE_NOT_FINAL_DENOMINATOR,tests/Feature/Governance/GovernanceRiskRegisterTest.php:23,false,INCOMPLETE_GROUPED_DISCOVERY_CANDIDATE,"Static source and test-presence evidence only; no runtime, test execution, browser, benchmark, ease, release, or completion credit."
CAP-GOV-COMPLIANCE-OBLIGATION-EVIDENCE,Governance,GROUPED_DISCOVERY_CANDIDATE_NOT_FINAL_DENOMINATOR,ComplianceController and ComplianceEngineService,NOT_ESTABLISHED_CURRENT_AUDIT,"Manage compliance obligations, evidence, and notifiable records",NOT_ADJUDICATED_CURRENT_AUDIT,NOT_ESTABLISHED_CURRENT_AUDIT,NOT_ESTABLISHED_CURRENT_AUDIT,NOT_ESTABLISHED_CURRENT_AUDIT,NOT_ESTABLISHED_CURRENT_AUDIT,app/Domain/Governance/Services/ComplianceEngineService.php:67-203,NOT_ESTABLISHED_CURRENT_AUDIT,"Static grouped user job only: Manage compliance obligations, evidence, and notifiable records. Representative-role completion was not executed.",NOT_ESTABLISHED_CURRENT_AUDIT,NOT_SELECTED_CURRENT_AUDIT,NOT_ESTABLISHED_CURRENT_AUDIT,NOT_ESTABLISHED_CURRENT_AUDIT,NOT_ESTABLISHED_CURRENT_AUDIT,NOT_DOCUMENTED_CURRENT_AUDIT,NOT_SCORED_CURRENT_AUDIT,NOT_SCORED_CURRENT_AUDIT,PARTIAL_STATIC_GROUPED_DISCOVERY_IDENTITY_NOT_FROZEN,NOT_STARTED_CURRENT_AUDIT,NOT_STARTED_CURRENT_AUDIT,NOT_STARTED_CURRENT_AUDIT,NOT_STARTED_CURRENT_AUDIT,NOT_STARTED_CURRENT_AUDIT,NOT_STARTED_CURRENT_AUDIT,NOT_STARTED_CURRENT_AUDIT,NOT_LINKED_TO_CANDIDATE_CURRENT_AUDIT,LOW_PARTIAL_STATIC_DISCOVERY,H,GROUPED_DISCOVERY_CANDIDATE_NOT_FINAL_DENOMINATOR,tests/Feature/Governance/GovernanceComplianceTest.php:26,false,INCOMPLETE_GROUPED_DISCOVERY_CANDIDATE,"Static source and test-presence evidence only; no runtime, test execution, browser, benchmark, ease, release, or completion credit."
CAP-GOV-POLICY-VERSION-ATTESTATION,Governance,GROUPED_DISCOVERY_CANDIDATE_NOT_FINAL_DENOMINATOR,GovernancePolicyController and policy,NOT_ESTABLISHED_CURRENT_AUDIT,"Draft, approve, version, and attest governance policies",NOT_ADJUDICATED_CURRENT_AUDIT,NOT_ESTABLISHED_CURRENT_AUDIT,NOT_ESTABLISHED_CURRENT_AUDIT,NOT_ESTABLISHED_CURRENT_AUDIT,NOT_ESTABLISHED_CURRENT_AUDIT,app/Domain/Governance/Http/Controllers/GovernancePolicyController.php:15-258,NOT_ESTABLISHED_CURRENT_AUDIT,"Static grouped user job only: Draft, approve, version, and attest governance policies. Representative-role completion was not executed.",NOT_ESTABLISHED_CURRENT_AUDIT,NOT_SELECTED_CURRENT_AUDIT,NOT_ESTABLISHED_CURRENT_AUDIT,NOT_ESTABLISHED_CURRENT_AUDIT,NOT_ESTABLISHED_CURRENT_AUDIT,NOT_DOCUMENTED_CURRENT_AUDIT,NOT_SCORED_CURRENT_AUDIT,NOT_SCORED_CURRENT_AUDIT,PARTIAL_STATIC_GROUPED_DISCOVERY_IDENTITY_NOT_FROZEN,NOT_STARTED_CURRENT_AUDIT,NOT_STARTED_CURRENT_AUDIT,NOT_STARTED_CURRENT_AUDIT,NOT_STARTED_CURRENT_AUDIT,NOT_STARTED_CURRENT_AUDIT,NOT_STARTED_CURRENT_AUDIT,NOT_STARTED_CURRENT_AUDIT,NOT_LINKED_TO_CANDIDATE_CURRENT_AUDIT,LOW_PARTIAL_STATIC_DISCOVERY,H,GROUPED_DISCOVERY_CANDIDATE_NOT_FINAL_DENOMINATOR,tests/Browser/Governance/GovernancePoliciesTest.php:6,false,INCOMPLETE_GROUPED_DISCOVERY_CANDIDATE,"Static source and test-presence evidence only; no runtime, test execution, browser, benchmark, ease, release, or completion credit."
CAP-GOV-ACTION-ITEM-WORKFLOW,Governance,GROUPED_DISCOVERY_CANDIDATE_NOT_FINAL_DENOMINATOR,ActionItemController and GovernanceWorkflowService,NOT_ESTABLISHED_CURRENT_AUDIT,"Create, progress, block, complete, and escalate governance actions",NOT_ADJUDICATED_CURRENT_AUDIT,NOT_ESTABLISHED_CURRENT_AUDIT,NOT_ESTABLISHED_CURRENT_AUDIT,NOT_ESTABLISHED_CURRENT_AUDIT,NOT_ESTABLISHED_CURRENT_AUDIT,app/Domain/Governance/Http/Controllers/ActionItemController.php:13-122,NOT_ESTABLISHED_CURRENT_AUDIT,"Static grouped user job only: Create, progress, block, complete, and escalate governance actions. Representative-role completion was not executed.",NOT_ESTABLISHED_CURRENT_AUDIT,NOT_SELECTED_CURRENT_AUDIT,NOT_ESTABLISHED_CURRENT_AUDIT,NOT_ESTABLISHED_CURRENT_AUDIT,NOT_ESTABLISHED_CURRENT_AUDIT,NOT_DOCUMENTED_CURRENT_AUDIT,NOT_SCORED_CURRENT_AUDIT,NOT_SCORED_CURRENT_AUDIT,PARTIAL_STATIC_GROUPED_DISCOVERY_IDENTITY_NOT_FROZEN,NOT_STARTED_CURRENT_AUDIT,NOT_STARTED_CURRENT_AUDIT,NOT_STARTED_CURRENT_AUDIT,NOT_STARTED_CURRENT_AUDIT,NOT_STARTED_CURRENT_AUDIT,NOT_STARTED_CURRENT_AUDIT,NOT_STARTED_CURRENT_AUDIT,NOT_LINKED_TO_CANDIDATE_CURRENT_AUDIT,LOW_PARTIAL_STATIC_DISCOVERY,H,GROUPED_DISCOVERY_CANDIDATE_NOT_FINAL_DENOMINATOR,tests/Feature/Governance/GovernanceActionItemsTest.php:20,false,INCOMPLETE_GROUPED_DISCOVERY_CANDIDATE,"Static source and test-presence evidence only; no runtime, test execution, browser, benchmark, ease, release, or completion credit."
CAP-GOV-STRATEGY-PLAN-GOALS,Governance,GROUPED_DISCOVERY_CANDIDATE_NOT_FINAL_DENOMINATOR,StrategicPlanController and policy,NOT_ESTABLISHED_CURRENT_AUDIT,"Create strategic plans, goals, versions, and approvals",NOT_ADJUDICATED_CURRENT_AUDIT,NOT_ESTABLISHED_CURRENT_AUDIT,NOT_ESTABLISHED_CURRENT_AUDIT,NOT_ESTABLISHED_CURRENT_AUDIT,NOT_ESTABLISHED_CURRENT_AUDIT,app/Domain/Governance/Http/Controllers/StrategicPlanController.php:19-167,NOT_ESTABLISHED_CURRENT_AUDIT,"Static grouped user job only: Create strategic plans, goals, versions, and approvals. Representative-role completion was not executed.",NOT_ESTABLISHED_CURRENT_AUDIT,NOT_SELECTED_CURRENT_AUDIT,NOT_ESTABLISHED_CURRENT_AUDIT,NOT_ESTABLISHED_CURRENT_AUDIT,NOT_ESTABLISHED_CURRENT_AUDIT,NOT_DOCUMENTED_CURRENT_AUDIT,NOT_SCORED_CURRENT_AUDIT,NOT_SCORED_CURRENT_AUDIT,PARTIAL_STATIC_GROUPED_DISCOVERY_IDENTITY_NOT_FROZEN,NOT_STARTED_CURRENT_AUDIT,NOT_STARTED_CURRENT_AUDIT,NOT_STARTED_CURRENT_AUDIT,NOT_STARTED_CURRENT_AUDIT,NOT_STARTED_CURRENT_AUDIT,NOT_STARTED_CURRENT_AUDIT,NOT_STARTED_CURRENT_AUDIT,NOT_LINKED_TO_CANDIDATE_CURRENT_AUDIT,LOW_PARTIAL_STATIC_DISCOVERY,H,GROUPED_DISCOVERY_CANDIDATE_NOT_FINAL_DENOMINATOR,tests/Feature/Governance/GovernanceStrategyTest.php:20,false,INCOMPLETE_GROUPED_DISCOVERY_CANDIDATE,"Static source and test-presence evidence only; no runtime, test execution, browser, benchmark, ease, release, or completion credit."
CAP-GOV-BUDGET-ALLOCATIONS-ADJUSTMENTS,Governance,GROUPED_DISCOVERY_CANDIDATE_NOT_FINAL_DENOMINATOR,BudgetController and GovernanceNestedMutationService,NOT_ESTABLISHED_CURRENT_AUDIT,"Manage governance budgets, allocations, actuals, and approvals",NOT_ADJUDICATED_CURRENT_AUDIT,NOT_ESTABLISHED_CURRENT_AUDIT,NOT_ESTABLISHED_CURRENT_AUDIT,NOT_ESTABLISHED_CURRENT_AUDIT,NOT_ESTABLISHED_CURRENT_AUDIT,app/Domain/Governance/Services/GovernanceNestedMutationService.php:143-406,NOT_ESTABLISHED_CURRENT_AUDIT,"Static grouped user job only: Manage governance budgets, allocations, actuals, and approvals. Representative-role completion was not executed.",NOT_ESTABLISHED_CURRENT_AUDIT,NOT_SELECTED_CURRENT_AUDIT,NOT_ESTABLISHED_CURRENT_AUDIT,NOT_ESTABLISHED_CURRENT_AUDIT,NOT_ESTABLISHED_CURRENT_AUDIT,NOT_DOCUMENTED_CURRENT_AUDIT,NOT_SCORED_CURRENT_AUDIT,NOT_SCORED_CURRENT_AUDIT,PARTIAL_STATIC_GROUPED_DISCOVERY_IDENTITY_NOT_FROZEN,NOT_STARTED_CURRENT_AUDIT,NOT_STARTED_CURRENT_AUDIT,NOT_STARTED_CURRENT_AUDIT,NOT_STARTED_CURRENT_AUDIT,NOT_STARTED_CURRENT_AUDIT,NOT_STARTED_CURRENT_AUDIT,NOT_STARTED_CURRENT_AUDIT,NOT_LINKED_TO_CANDIDATE_CURRENT_AUDIT,LOW_PARTIAL_STATIC_DISCOVERY,H,GROUPED_DISCOVERY_CANDIDATE_NOT_FINAL_DENOMINATOR,tests/Feature/Governance/GovernanceNestedBindingIntegrityTest.php:81,false,INCOMPLETE_GROUPED_DISCOVERY_CANDIDATE,"Static source and test-presence evidence only; no runtime, test execution, browser, benchmark, ease, release, or completion credit."
CAP-GOV-CEO-BOARD-REPORT,Governance,GROUPED_DISCOVERY_CANDIDATE_NOT_FINAL_DENOMINATOR,CeoBoardReportController and policy,NOT_ESTABLISHED_CURRENT_AUDIT,"Draft, submit, present, and evidence CEO board reports",NOT_ADJUDICATED_CURRENT_AUDIT,NOT_ESTABLISHED_CURRENT_AUDIT,NOT_ESTABLISHED_CURRENT_AUDIT,NOT_ESTABLISHED_CURRENT_AUDIT,NOT_ESTABLISHED_CURRENT_AUDIT,app/Domain/Governance/Http/Controllers/CeoBoardReportController.php:18-206,NOT_ESTABLISHED_CURRENT_AUDIT,"Static grouped user job only: Draft, submit, present, and evidence CEO board reports. Representative-role completion was not executed.",NOT_ESTABLISHED_CURRENT_AUDIT,NOT_SELECTED_CURRENT_AUDIT,NOT_ESTABLISHED_CURRENT_AUDIT,NOT_ESTABLISHED_CURRENT_AUDIT,NOT_ESTABLISHED_CURRENT_AUDIT,NOT_DOCUMENTED_CURRENT_AUDIT,NOT_SCORED_CURRENT_AUDIT,NOT_SCORED_CURRENT_AUDIT,PARTIAL_STATIC_GROUPED_DISCOVERY_IDENTITY_NOT_FROZEN,NOT_STARTED_CURRENT_AUDIT,NOT_STARTED_CURRENT_AUDIT,NOT_STARTED_CURRENT_AUDIT,NOT_STARTED_CURRENT_AUDIT,NOT_STARTED_CURRENT_AUDIT,NOT_STARTED_CURRENT_AUDIT,NOT_STARTED_CURRENT_AUDIT,NOT_LINKED_TO_CANDIDATE_CURRENT_AUDIT,LOW_PARTIAL_STATIC_DISCOVERY,H,GROUPED_DISCOVERY_CANDIDATE_NOT_FINAL_DENOMINATOR,tests/Browser/Governance/GovernanceMiscTest.php:116,false,INCOMPLETE_GROUPED_DISCOVERY_CANDIDATE,"Static source and test-presence evidence only; no runtime, test execution, browser, benchmark, ease, release, or completion credit."
CAP-GOV-SPEND-APPROVAL,Governance,GROUPED_DISCOVERY_CANDIDATE_NOT_FINAL_DENOMINATOR,SpendApprovalCommandService,NOT_ESTABLISHED_CURRENT_AUDIT,"Request, decide, and evidence board or committee spend approval",NOT_ADJUDICATED_CURRENT_AUDIT,NOT_ESTABLISHED_CURRENT_AUDIT,NOT_ESTABLISHED_CURRENT_AUDIT,NOT_ESTABLISHED_CURRENT_AUDIT,NOT_ESTABLISHED_CURRENT_AUDIT,app/Domain/Governance/Services/SpendApprovalCommandService.php:109-345,NOT_ESTABLISHED_CURRENT_AUDIT,"Static grouped user job only: Request, decide, and evidence board or committee spend approval. Representative-role completion was not executed.",NOT_ESTABLISHED_CURRENT_AUDIT,NOT_SELECTED_CURRENT_AUDIT,NOT_ESTABLISHED_CURRENT_AUDIT,NOT_ESTABLISHED_CURRENT_AUDIT,NOT_ESTABLISHED_CURRENT_AUDIT,NOT_DOCUMENTED_CURRENT_AUDIT,NOT_SCORED_CURRENT_AUDIT,NOT_SCORED_CURRENT_AUDIT,PARTIAL_STATIC_GROUPED_DISCOVERY_IDENTITY_NOT_FROZEN,NOT_STARTED_CURRENT_AUDIT,NOT_STARTED_CURRENT_AUDIT,NOT_STARTED_CURRENT_AUDIT,NOT_STARTED_CURRENT_AUDIT,NOT_STARTED_CURRENT_AUDIT,NOT_STARTED_CURRENT_AUDIT,NOT_STARTED_CURRENT_AUDIT,NOT_LINKED_TO_CANDIDATE_CURRENT_AUDIT,LOW_PARTIAL_STATIC_DISCOVERY,H,GROUPED_DISCOVERY_CANDIDATE_NOT_FINAL_DENOMINATOR,tests/Feature/Governance/SpendApprovalAuthorityTest.php:53,false,INCOMPLETE_GROUPED_DISCOVERY_CANDIDATE,"Static source and test-presence evidence only; no runtime, test execution, browser, benchmark, ease, release, or completion credit."
CAP-GOV-PERFORMANCE-REVIEW,Governance,GROUPED_DISCOVERY_CANDIDATE_NOT_FINAL_DENOMINATOR,PerformanceReviewService and controller,NOT_ESTABLISHED_CURRENT_AUDIT,Run board and CEO performance reviews and approvals,NOT_ADJUDICATED_CURRENT_AUDIT,NOT_ESTABLISHED_CURRENT_AUDIT,NOT_ESTABLISHED_CURRENT_AUDIT,NOT_ESTABLISHED_CURRENT_AUDIT,NOT_ESTABLISHED_CURRENT_AUDIT,app/Domain/Governance/Services/PerformanceReviewService.php:22-373,NOT_ESTABLISHED_CURRENT_AUDIT,Static grouped user job only: Run board and CEO performance reviews and approvals. Representative-role completion was not executed.,NOT_ESTABLISHED_CURRENT_AUDIT,NOT_SELECTED_CURRENT_AUDIT,NOT_ESTABLISHED_CURRENT_AUDIT,NOT_ESTABLISHED_CURRENT_AUDIT,NOT_ESTABLISHED_CURRENT_AUDIT,NOT_DOCUMENTED_CURRENT_AUDIT,NOT_SCORED_CURRENT_AUDIT,NOT_SCORED_CURRENT_AUDIT,PARTIAL_STATIC_GROUPED_DISCOVERY_IDENTITY_NOT_FROZEN,NOT_STARTED_CURRENT_AUDIT,NOT_STARTED_CURRENT_AUDIT,NOT_STARTED_CURRENT_AUDIT,NOT_STARTED_CURRENT_AUDIT,NOT_STARTED_CURRENT_AUDIT,NOT_STARTED_CURRENT_AUDIT,NOT_STARTED_CURRENT_AUDIT,NOT_LINKED_TO_CANDIDATE_CURRENT_AUDIT,LOW_PARTIAL_STATIC_DISCOVERY,H,GROUPED_DISCOVERY_CANDIDATE_NOT_FINAL_DENOMINATOR,tests/Feature/Governance/GovernancePerformanceReviewTest.php:21,false,INCOMPLETE_GROUPED_DISCOVERY_CANDIDATE,"Static source and test-presence evidence only; no runtime, test execution, browser, benchmark, ease, release, or completion credit."
CAP-GOV-DOCUMENT-LIBRARY,Governance,GROUPED_DISCOVERY_CANDIDATE_NOT_FINAL_DENOMINATOR,GovernanceDocumentController and policy,NOT_ESTABLISHED_CURRENT_AUDIT,"Store, browse, download, and remove governance documents",NOT_ADJUDICATED_CURRENT_AUDIT,NOT_ESTABLISHED_CURRENT_AUDIT,NOT_ESTABLISHED_CURRENT_AUDIT,NOT_ESTABLISHED_CURRENT_AUDIT,NOT_ESTABLISHED_CURRENT_AUDIT,app/Domain/Governance/Http/Controllers/GovernanceDocumentController.php:12-112,NOT_ESTABLISHED_CURRENT_AUDIT,"Static grouped user job only: Store, browse, download, and remove governance documents. Representative-role completion was not executed.",NOT_ESTABLISHED_CURRENT_AUDIT,NOT_SELECTED_CURRENT_AUDIT,NOT_ESTABLISHED_CURRENT_AUDIT,NOT_ESTABLISHED_CURRENT_AUDIT,NOT_ESTABLISHED_CURRENT_AUDIT,NOT_DOCUMENTED_CURRENT_AUDIT,NOT_SCORED_CURRENT_AUDIT,NOT_SCORED_CURRENT_AUDIT,PARTIAL_STATIC_GROUPED_DISCOVERY_IDENTITY_NOT_FROZEN,NOT_STARTED_CURRENT_AUDIT,NOT_STARTED_CURRENT_AUDIT,NOT_STARTED_CURRENT_AUDIT,NOT_STARTED_CURRENT_AUDIT,NOT_STARTED_CURRENT_AUDIT,NOT_STARTED_CURRENT_AUDIT,NOT_STARTED_CURRENT_AUDIT,NOT_LINKED_TO_CANDIDATE_CURRENT_AUDIT,LOW_PARTIAL_STATIC_DISCOVERY,H,GROUPED_DISCOVERY_CANDIDATE_NOT_FINAL_DENOMINATOR,tests/Browser/Governance/GovernanceMiscTest.php:6,false,INCOMPLETE_GROUPED_DISCOVERY_CANDIDATE,"Static source and test-presence evidence only; no runtime, test execution, browser, benchmark, ease, release, or completion credit."
CAP-GOV-CLINICAL-INDICATOR-SNAPSHOT,Governance,GROUPED_DISCOVERY_CANDIDATE_NOT_FINAL_DENOMINATOR,ClinicalGovernanceController and automation service,NOT_ESTABLISHED_CURRENT_AUDIT,Review clinical governance indicators and record snapshots,NOT_ADJUDICATED_CURRENT_AUDIT,NOT_ESTABLISHED_CURRENT_AUDIT,NOT_ESTABLISHED_CURRENT_AUDIT,NOT_ESTABLISHED_CURRENT_AUDIT,NOT_ESTABLISHED_CURRENT_AUDIT,app/Domain/Governance/Http/Controllers/ClinicalGovernanceController.php:20-88,NOT_ESTABLISHED_CURRENT_AUDIT,Static grouped user job only: Review clinical governance indicators and record snapshots. Representative-role completion was not executed.,NOT_ESTABLISHED_CURRENT_AUDIT,NOT_SELECTED_CURRENT_AUDIT,NOT_ESTABLISHED_CURRENT_AUDIT,NOT_ESTABLISHED_CURRENT_AUDIT,NOT_ESTABLISHED_CURRENT_AUDIT,NOT_DOCUMENTED_CURRENT_AUDIT,NOT_SCORED_CURRENT_AUDIT,NOT_SCORED_CURRENT_AUDIT,PARTIAL_STATIC_GROUPED_DISCOVERY_IDENTITY_NOT_FROZEN,NOT_STARTED_CURRENT_AUDIT,NOT_STARTED_CURRENT_AUDIT,NOT_STARTED_CURRENT_AUDIT,NOT_STARTED_CURRENT_AUDIT,NOT_STARTED_CURRENT_AUDIT,NOT_STARTED_CURRENT_AUDIT,NOT_STARTED_CURRENT_AUDIT,NOT_LINKED_TO_CANDIDATE_CURRENT_AUDIT,LOW_PARTIAL_STATIC_DISCOVERY,H,GROUPED_DISCOVERY_CANDIDATE_NOT_FINAL_DENOMINATOR,tests/Feature/Governance/ClinicalGovernanceAutomationTest.php:37,false,INCOMPLETE_GROUPED_DISCOVERY_CANDIDATE,"Static source and test-presence evidence only; no runtime, test execution, browser, benchmark, ease, release, or completion credit."
CAP-GOV-TE-TIRITI-OBLIGATION,Governance,GROUPED_DISCOVERY_CANDIDATE_NOT_FINAL_DENOMINATOR,TeTiritiController,NOT_ESTABLISHED_CURRENT_AUDIT,Record and maintain Te Tiriti governance obligations,NOT_ADJUDICATED_CURRENT_AUDIT,NOT_ESTABLISHED_CURRENT_AUDIT,NOT_ESTABLISHED_CURRENT_AUDIT,NOT_ESTABLISHED_CURRENT_AUDIT,NOT_ESTABLISHED_CURRENT_AUDIT,app/Domain/Governance/Http/Controllers/TeTiritiController.php:12-73,NOT_ESTABLISHED_CURRENT_AUDIT,Static grouped user job only: Record and maintain Te Tiriti governance obligations. Representative-role completion was not executed.,NOT_ESTABLISHED_CURRENT_AUDIT,NOT_SELECTED_CURRENT_AUDIT,NOT_ESTABLISHED_CURRENT_AUDIT,NOT_ESTABLISHED_CURRENT_AUDIT,NOT_ESTABLISHED_CURRENT_AUDIT,NOT_DOCUMENTED_CURRENT_AUDIT,NOT_SCORED_CURRENT_AUDIT,NOT_SCORED_CURRENT_AUDIT,PARTIAL_STATIC_GROUPED_DISCOVERY_IDENTITY_NOT_FROZEN,NOT_STARTED_CURRENT_AUDIT,NOT_STARTED_CURRENT_AUDIT,NOT_STARTED_CURRENT_AUDIT,NOT_STARTED_CURRENT_AUDIT,NOT_STARTED_CURRENT_AUDIT,NOT_STARTED_CURRENT_AUDIT,NOT_STARTED_CURRENT_AUDIT,NOT_LINKED_TO_CANDIDATE_CURRENT_AUDIT,LOW_PARTIAL_STATIC_DISCOVERY,H,GROUPED_DISCOVERY_CANDIDATE_NOT_FINAL_DENOMINATOR,tests/Browser/Governance/GovernanceMiscTest.php:146,false,INCOMPLETE_GROUPED_DISCOVERY_CANDIDATE,"Static source and test-presence evidence only; no runtime, test execution, browser, benchmark, ease, release, or completion credit."
CAP-GOV-AUDIT-LOG-EXPORT,Governance,GROUPED_DISCOVERY_CANDIDATE_NOT_FINAL_DENOMINATOR,GovernanceAuditLogController and GovernanceAuditService,NOT_ESTABLISHED_CURRENT_AUDIT,Review and export cross-module governance audit evidence,NOT_ADJUDICATED_CURRENT_AUDIT,NOT_ESTABLISHED_CURRENT_AUDIT,NOT_ESTABLISHED_CURRENT_AUDIT,NOT_ESTABLISHED_CURRENT_AUDIT,NOT_ESTABLISHED_CURRENT_AUDIT,app/Domain/Governance/Http/Controllers/GovernanceAuditLogController.php:21-70,NOT_ESTABLISHED_CURRENT_AUDIT,Static grouped user job only: Review and export cross-module governance audit evidence. Representative-role completion was not executed.,frappe/frappe,NOT_SELECTED_CURRENT_AUDIT,https://github.com/frappe/frappe@e97865c3212334a6b3112177ee0aa81620173f81,PROVISIONAL_AGENT_EVIDENCE_ONLY; see evidence/benchmark/current-benchmark-wave-01.json,"Generic export/logging does not prove immutable cross-module governance evidence, redaction, approval, retention, or integrity.",NOT_DOCUMENTED_CURRENT_AUDIT,NOT_SCORED_CURRENT_AUDIT,NOT_SCORED_CURRENT_AUDIT,PARTIAL_STATIC_GROUPED_DISCOVERY_IDENTITY_NOT_FROZEN,NOT_STARTED_CURRENT_AUDIT,RUN-008_PARTIAL_REQUIREMENT_ONLY_NO_CREDIT,NOT_STARTED_CURRENT_AUDIT,NOT_STARTED_CURRENT_AUDIT,NOT_STARTED_CURRENT_AUDIT,NOT_STARTED_CURRENT_AUDIT,NOT_STARTED_CURRENT_AUDIT,NOT_LINKED_TO_CANDIDATE_CURRENT_AUDIT,LOW_PARTIAL_STATIC_DISCOVERY,D,GROUPED_DISCOVERY_CANDIDATE_NOT_FINAL_DENOMINATOR,tests/Feature/Governance/GovernanceSpendApprovalsTest.php:231,false,INCOMPLETE_GROUPED_DISCOVERY_CANDIDATE,"Static source and test-presence evidence only; no runtime, test execution, browser, benchmark, ease, release, or completion credit."
CAP-GOV-SETTINGS-CONTROL,Governance,GROUPED_DISCOVERY_CANDIDATE_NOT_FINAL_DENOMINATOR,GovernanceSettingController,NOT_ESTABLISHED_CURRENT_AUDIT,"Configure governance escalation, spend, and workflow settings",NOT_ADJUDICATED_CURRENT_AUDIT,NOT_ESTABLISHED_CURRENT_AUDIT,NOT_ESTABLISHED_CURRENT_AUDIT,NOT_ESTABLISHED_CURRENT_AUDIT,NOT_ESTABLISHED_CURRENT_AUDIT,app/Domain/Governance/Http/Controllers/GovernanceSettingController.php:90-109,NOT_ESTABLISHED_CURRENT_AUDIT,"Static grouped user job only: Configure governance escalation, spend, and workflow settings. Representative-role completion was not executed.",NOT_ESTABLISHED_CURRENT_AUDIT,NOT_SELECTED_CURRENT_AUDIT,NOT_ESTABLISHED_CURRENT_AUDIT,NOT_ESTABLISHED_CURRENT_AUDIT,NOT_ESTABLISHED_CURRENT_AUDIT,NOT_DOCUMENTED_CURRENT_AUDIT,NOT_SCORED_CURRENT_AUDIT,NOT_SCORED_CURRENT_AUDIT,PARTIAL_STATIC_GROUPED_DISCOVERY_IDENTITY_NOT_FROZEN,NOT_STARTED_CURRENT_AUDIT,NOT_STARTED_CURRENT_AUDIT,NOT_STARTED_CURRENT_AUDIT,NOT_STARTED_CURRENT_AUDIT,NOT_STARTED_CURRENT_AUDIT,NOT_STARTED_CURRENT_AUDIT,NOT_STARTED_CURRENT_AUDIT,NOT_LINKED_TO_CANDIDATE_CURRENT_AUDIT,LOW_PARTIAL_STATIC_DISCOVERY,D,GROUPED_DISCOVERY_CANDIDATE_NOT_FINAL_DENOMINATOR,tests/Feature/Governance/GovernanceSpendApprovalsTest.php:214,false,INCOMPLETE_GROUPED_DISCOVERY_CANDIDATE,"Static source and test-presence evidence only; no runtime, test execution, browser, benchmark, ease, release, or completion credit."
CAP-HS-DASHBOARD-ANALYTICS,Health & Safety,GROUPED_DISCOVERY_CANDIDATE_NOT_FINAL_DENOMINATOR,HealthSafetyDashboardController and analytics services,NOT_ESTABLISHED_CURRENT_AUDIT,"Review Site-scoped safety KPIs, trends, and attention worklists",NOT_ADJUDICATED_CURRENT_AUDIT,NOT_ESTABLISHED_CURRENT_AUDIT,NOT_ESTABLISHED_CURRENT_AUDIT,NOT_ESTABLISHED_CURRENT_AUDIT,NOT_ESTABLISHED_CURRENT_AUDIT,app/Http/Controllers/HealthSafety/HealthSafetyDashboardController.php:52-67,NOT_ESTABLISHED_CURRENT_AUDIT,"Static grouped user job only: Review Site-scoped safety KPIs, trends, and attention worklists. Representative-role completion was not executed.",NOT_ESTABLISHED_CURRENT_AUDIT,NOT_SELECTED_CURRENT_AUDIT,NOT_ESTABLISHED_CURRENT_AUDIT,NOT_ESTABLISHED_CURRENT_AUDIT,NOT_ESTABLISHED_CURRENT_AUDIT,NOT_DOCUMENTED_CURRENT_AUDIT,NOT_SCORED_CURRENT_AUDIT,NOT_SCORED_CURRENT_AUDIT,PARTIAL_STATIC_GROUPED_DISCOVERY_IDENTITY_NOT_FROZEN,NOT_STARTED_CURRENT_AUDIT,NOT_STARTED_CURRENT_AUDIT,NOT_STARTED_CURRENT_AUDIT,NOT_STARTED_CURRENT_AUDIT,NOT_STARTED_CURRENT_AUDIT,NOT_STARTED_CURRENT_AUDIT,NOT_STARTED_CURRENT_AUDIT,NOT_LINKED_TO_CANDIDATE_CURRENT_AUDIT,LOW_PARTIAL_STATIC_DISCOVERY,H,GROUPED_DISCOVERY_CANDIDATE_NOT_FINAL_DENOMINATOR,tests/Feature/HealthSafety/HealthSafetyDashboardControllerTest.php:43-84,false,INCOMPLETE_GROUPED_DISCOVERY_CANDIDATE,"Static source and test-presence evidence only; no runtime, test execution, browser, benchmark, ease, release, or completion credit."
CAP-HS-EVENT-REGISTER-HANDOVER,Health & Safety,GROUPED_DISCOVERY_CANDIDATE_NOT_FINAL_DENOMINATOR,HsEventController and HsEventService,NOT_ESTABLISHED_CURRENT_AUDIT,Find safety events and accept incident handover,NOT_ADJUDICATED_CURRENT_AUDIT,NOT_ESTABLISHED_CURRENT_AUDIT,NOT_ESTABLISHED_CURRENT_AUDIT,NOT_ESTABLISHED_CURRENT_AUDIT,NOT_ESTABLISHED_CURRENT_AUDIT,app/Services/HealthSafety/HsEventService.php:269-322,NOT_ESTABLISHED_CURRENT_AUDIT,Static grouped user job only: Find safety events and accept incident handover. Representative-role completion was not executed.,NOT_ESTABLISHED_CURRENT_AUDIT,NOT_SELECTED_CURRENT_AUDIT,NOT_ESTABLISHED_CURRENT_AUDIT,NOT_ESTABLISHED_CURRENT_AUDIT,NOT_ESTABLISHED_CURRENT_AUDIT,NOT_DOCUMENTED_CURRENT_AUDIT,NOT_SCORED_CURRENT_AUDIT,NOT_SCORED_CURRENT_AUDIT,PARTIAL_STATIC_GROUPED_DISCOVERY_IDENTITY_NOT_FROZEN,NOT_STARTED_CURRENT_AUDIT,NOT_STARTED_CURRENT_AUDIT,NOT_STARTED_CURRENT_AUDIT,NOT_STARTED_CURRENT_AUDIT,NOT_STARTED_CURRENT_AUDIT,NOT_STARTED_CURRENT_AUDIT,NOT_STARTED_CURRENT_AUDIT,NOT_LINKED_TO_CANDIDATE_CURRENT_AUDIT,LOW_PARTIAL_STATIC_DISCOVERY,H,GROUPED_DISCOVERY_CANDIDATE_NOT_FINAL_DENOMINATOR,tests/Feature/HealthSafety/HsHandoverAcceptanceTest.php:37-94,false,INCOMPLETE_GROUPED_DISCOVERY_CANDIDATE,"Static source and test-presence evidence only; no runtime, test execution, browser, benchmark, ease, release, or completion credit."
CAP-HS-WORKSAFE-DECISION-NOTIFY-PRESERVE,Health & Safety,GROUPED_DISCOVERY_CANDIDATE_NOT_FINAL_DENOMINATOR,HsEventService and HsWorksafeDecisionController,NOT_ESTABLISHED_CURRENT_AUDIT,"Record notifiable decisions, WorkSafe notice, and Site preservation",NOT_ADJUDICATED_CURRENT_AUDIT,NOT_ESTABLISHED_CURRENT_AUDIT,NOT_ESTABLISHED_CURRENT_AUDIT,NOT_ESTABLISHED_CURRENT_AUDIT,NOT_ESTABLISHED_CURRENT_AUDIT,app/Services/HealthSafety/HsEventService.php:322-663,NOT_ESTABLISHED_CURRENT_AUDIT,"Static grouped user job only: Record notifiable decisions, WorkSafe notice, and Site preservation. Representative-role completion was not executed.",NOT_ESTABLISHED_CURRENT_AUDIT,NOT_SELECTED_CURRENT_AUDIT,NOT_ESTABLISHED_CURRENT_AUDIT,NOT_ESTABLISHED_CURRENT_AUDIT,NOT_ESTABLISHED_CURRENT_AUDIT,NOT_DOCUMENTED_CURRENT_AUDIT,NOT_SCORED_CURRENT_AUDIT,NOT_SCORED_CURRENT_AUDIT,PARTIAL_STATIC_GROUPED_DISCOVERY_IDENTITY_NOT_FROZEN,NOT_STARTED_CURRENT_AUDIT,NOT_STARTED_CURRENT_AUDIT,NOT_STARTED_CURRENT_AUDIT,NOT_STARTED_CURRENT_AUDIT,NOT_STARTED_CURRENT_AUDIT,NOT_STARTED_CURRENT_AUDIT,NOT_STARTED_CURRENT_AUDIT,NOT_LINKED_TO_CANDIDATE_CURRENT_AUDIT,LOW_PARTIAL_STATIC_DISCOVERY,H,GROUPED_DISCOVERY_CANDIDATE_NOT_FINAL_DENOMINATOR,tests/Feature/HealthSafety/HsEventWorksafeTest.php:197-256,false,INCOMPLETE_GROUPED_DISCOVERY_CANDIDATE,"Static source and test-presence evidence only; no runtime, test execution, browser, benchmark, ease, release, or completion credit."
CAP-HS-INVESTIGATION-ASSURANCE,Health & Safety,GROUPED_DISCOVERY_CANDIDATE_NOT_FINAL_DENOMINATOR,HsInvestigationService,NOT_ESTABLISHED_CURRENT_AUDIT,"Investigate, review, rework, and independently approve completion",NOT_ADJUDICATED_CURRENT_AUDIT,NOT_ESTABLISHED_CURRENT_AUDIT,NOT_ESTABLISHED_CURRENT_AUDIT,NOT_ESTABLISHED_CURRENT_AUDIT,NOT_ESTABLISHED_CURRENT_AUDIT,app/Services/HealthSafety/HsInvestigationService.php:185-332,NOT_ESTABLISHED_CURRENT_AUDIT,"Static grouped user job only: Investigate, review, rework, and independently approve completion. Representative-role completion was not executed.",NOT_ESTABLISHED_CURRENT_AUDIT,NOT_SELECTED_CURRENT_AUDIT,NOT_ESTABLISHED_CURRENT_AUDIT,NOT_ESTABLISHED_CURRENT_AUDIT,NOT_ESTABLISHED_CURRENT_AUDIT,NOT_DOCUMENTED_CURRENT_AUDIT,NOT_SCORED_CURRENT_AUDIT,NOT_SCORED_CURRENT_AUDIT,PARTIAL_STATIC_GROUPED_DISCOVERY_IDENTITY_NOT_FROZEN,NOT_STARTED_CURRENT_AUDIT,NOT_STARTED_CURRENT_AUDIT,NOT_STARTED_CURRENT_AUDIT,NOT_STARTED_CURRENT_AUDIT,NOT_STARTED_CURRENT_AUDIT,NOT_STARTED_CURRENT_AUDIT,NOT_STARTED_CURRENT_AUDIT,NOT_LINKED_TO_CANDIDATE_CURRENT_AUDIT,LOW_PARTIAL_STATIC_DISCOVERY,H,GROUPED_DISCOVERY_CANDIDATE_NOT_FINAL_DENOMINATOR,tests/Feature/HealthSafety/HsInvestigationAssuranceTest.php:28-83,false,INCOMPLETE_GROUPED_DISCOVERY_CANDIDATE,"Static source and test-presence evidence only; no runtime, test execution, browser, benchmark, ease, release, or completion credit."
CAP-HS-CORRECTIVE-ACTION-EVIDENCE,Health & Safety,GROUPED_DISCOVERY_CANDIDATE_NOT_FINAL_DENOMINATOR,HsCorrectiveActionService,NOT_ESTABLISHED_CURRENT_AUDIT,"Create, complete, verify, close, and evidence corrective actions",NOT_ADJUDICATED_CURRENT_AUDIT,NOT_ESTABLISHED_CURRENT_AUDIT,NOT_ESTABLISHED_CURRENT_AUDIT,NOT_ESTABLISHED_CURRENT_AUDIT,NOT_ESTABLISHED_CURRENT_AUDIT,app/Services/HealthSafety/HsCorrectiveActionService.php:53-592,NOT_ESTABLISHED_CURRENT_AUDIT,"Static grouped user job only: Create, complete, verify, close, and evidence corrective actions. Representative-role completion was not executed.",NOT_ESTABLISHED_CURRENT_AUDIT,NOT_SELECTED_CURRENT_AUDIT,NOT_ESTABLISHED_CURRENT_AUDIT,NOT_ESTABLISHED_CURRENT_AUDIT,NOT_ESTABLISHED_CURRENT_AUDIT,NOT_DOCUMENTED_CURRENT_AUDIT,NOT_SCORED_CURRENT_AUDIT,NOT_SCORED_CURRENT_AUDIT,PARTIAL_STATIC_GROUPED_DISCOVERY_IDENTITY_NOT_FROZEN,NOT_STARTED_CURRENT_AUDIT,NOT_STARTED_CURRENT_AUDIT,NOT_STARTED_CURRENT_AUDIT,NOT_STARTED_CURRENT_AUDIT,NOT_STARTED_CURRENT_AUDIT,NOT_STARTED_CURRENT_AUDIT,NOT_STARTED_CURRENT_AUDIT,NOT_LINKED_TO_CANDIDATE_CURRENT_AUDIT,LOW_PARTIAL_STATIC_DISCOVERY,H,GROUPED_DISCOVERY_CANDIDATE_NOT_FINAL_DENOMINATOR,tests/Feature/HealthSafety/HsCorrectiveActionEvidenceTest.php:31-99,false,INCOMPLETE_GROUPED_DISCOVERY_CANDIDATE,"Static source and test-presence evidence only; no runtime, test execution, browser, benchmark, ease, release, or completion credit."
CAP-HS-EVENT-CLOSURE-EXCEPTIONS,Health & Safety,GROUPED_DISCOVERY_CANDIDATE_NOT_FINAL_DENOMINATOR,HsEventClosureService,NOT_ESTABLISHED_CURRENT_AUDIT,Close safety events or approve narrow independent exceptions,NOT_ADJUDICATED_CURRENT_AUDIT,NOT_ESTABLISHED_CURRENT_AUDIT,NOT_ESTABLISHED_CURRENT_AUDIT,NOT_ESTABLISHED_CURRENT_AUDIT,NOT_ESTABLISHED_CURRENT_AUDIT,app/Services/HealthSafety/HsEventClosureService.php:251-590,NOT_ESTABLISHED_CURRENT_AUDIT,Static grouped user job only: Close safety events or approve narrow independent exceptions. Representative-role completion was not executed.,NOT_ESTABLISHED_CURRENT_AUDIT,NOT_SELECTED_CURRENT_AUDIT,NOT_ESTABLISHED_CURRENT_AUDIT,NOT_ESTABLISHED_CURRENT_AUDIT,NOT_ESTABLISHED_CURRENT_AUDIT,NOT_DOCUMENTED_CURRENT_AUDIT,NOT_SCORED_CURRENT_AUDIT,NOT_SCORED_CURRENT_AUDIT,PARTIAL_STATIC_GROUPED_DISCOVERY_IDENTITY_NOT_FROZEN,NOT_STARTED_CURRENT_AUDIT,NOT_STARTED_CURRENT_AUDIT,NOT_STARTED_CURRENT_AUDIT,NOT_STARTED_CURRENT_AUDIT,NOT_STARTED_CURRENT_AUDIT,NOT_STARTED_CURRENT_AUDIT,NOT_STARTED_CURRENT_AUDIT,NOT_LINKED_TO_CANDIDATE_CURRENT_AUDIT,LOW_PARTIAL_STATIC_DISCOVERY,H,GROUPED_DISCOVERY_CANDIDATE_NOT_FINAL_DENOMINATOR,tests/Feature/HealthSafety/HsEventClosureTest.php:41-128,false,INCOMPLETE_GROUPED_DISCOVERY_CANDIDATE,"Static source and test-presence evidence only; no runtime, test execution, browser, benchmark, ease, release, or completion credit."
CAP-HS-RISK-ASSESSMENT-LIFECYCLE,Health & Safety,GROUPED_DISCOVERY_CANDIDATE_NOT_FINAL_DENOMINATOR,HsRiskAssessmentController and service,NOT_ESTABLISHED_CURRENT_AUDIT,"Create, review, activate, supersede, and archive risk assessments",NOT_ADJUDICATED_CURRENT_AUDIT,NOT_ESTABLISHED_CURRENT_AUDIT,NOT_ESTABLISHED_CURRENT_AUDIT,NOT_ESTABLISHED_CURRENT_AUDIT,NOT_ESTABLISHED_CURRENT_AUDIT,app/Http/Controllers/HealthSafety/HsRiskAssessmentController.php:140-313,NOT_ESTABLISHED_CURRENT_AUDIT,"Static grouped user job only: Create, review, activate, supersede, and archive risk assessments. Representative-role completion was not executed.",NOT_ESTABLISHED_CURRENT_AUDIT,NOT_SELECTED_CURRENT_AUDIT,NOT_ESTABLISHED_CURRENT_AUDIT,NOT_ESTABLISHED_CURRENT_AUDIT,NOT_ESTABLISHED_CURRENT_AUDIT,NOT_DOCUMENTED_CURRENT_AUDIT,NOT_SCORED_CURRENT_AUDIT,NOT_SCORED_CURRENT_AUDIT,PARTIAL_STATIC_GROUPED_DISCOVERY_IDENTITY_NOT_FROZEN,NOT_STARTED_CURRENT_AUDIT,NOT_STARTED_CURRENT_AUDIT,NOT_STARTED_CURRENT_AUDIT,NOT_STARTED_CURRENT_AUDIT,NOT_STARTED_CURRENT_AUDIT,NOT_STARTED_CURRENT_AUDIT,NOT_STARTED_CURRENT_AUDIT,NOT_LINKED_TO_CANDIDATE_CURRENT_AUDIT,LOW_PARTIAL_STATIC_DISCOVERY,H,GROUPED_DISCOVERY_CANDIDATE_NOT_FINAL_DENOMINATOR,tests/Feature/HealthSafety/HsRiskAssessmentSiteAccessTest.php:30-128,false,INCOMPLETE_GROUPED_DISCOVERY_CANDIDATE,"Static source and test-presence evidence only; no runtime, test execution, browser, benchmark, ease, release, or completion credit."
CAP-HS-GOVERNANCE-REPORTS-EXPORT,Health & Safety,GROUPED_DISCOVERY_CANDIDATE_NOT_FINAL_DENOMINATOR,HsGovernanceReportController and export services,NOT_ESTABLISHED_CURRENT_AUDIT,"Produce board, WorkSafe, investigation, action, and risk evidence views",NOT_ADJUDICATED_CURRENT_AUDIT,NOT_ESTABLISHED_CURRENT_AUDIT,NOT_ESTABLISHED_CURRENT_AUDIT,NOT_ESTABLISHED_CURRENT_AUDIT,NOT_ESTABLISHED_CURRENT_AUDIT,app/Http/Controllers/HealthSafety/HsGovernanceReportController.php:25-100,NOT_ESTABLISHED_CURRENT_AUDIT,"Static grouped user job only: Produce board, WorkSafe, investigation, action, and risk evidence views. Representative-role completion was not executed.",NOT_ESTABLISHED_CURRENT_AUDIT,NOT_SELECTED_CURRENT_AUDIT,NOT_ESTABLISHED_CURRENT_AUDIT,NOT_ESTABLISHED_CURRENT_AUDIT,NOT_ESTABLISHED_CURRENT_AUDIT,NOT_DOCUMENTED_CURRENT_AUDIT,NOT_SCORED_CURRENT_AUDIT,NOT_SCORED_CURRENT_AUDIT,PARTIAL_STATIC_GROUPED_DISCOVERY_IDENTITY_NOT_FROZEN,NOT_STARTED_CURRENT_AUDIT,NOT_STARTED_CURRENT_AUDIT,NOT_STARTED_CURRENT_AUDIT,NOT_STARTED_CURRENT_AUDIT,NOT_STARTED_CURRENT_AUDIT,NOT_STARTED_CURRENT_AUDIT,NOT_STARTED_CURRENT_AUDIT,NOT_LINKED_TO_CANDIDATE_CURRENT_AUDIT,LOW_PARTIAL_STATIC_DISCOVERY,D,GROUPED_DISCOVERY_CANDIDATE_NOT_FINAL_DENOMINATOR,tests/Feature/HealthSafety/HsGovernanceTest.php:220-315,false,INCOMPLETE_GROUPED_DISCOVERY_CANDIDATE,"Static source and test-presence evidence only; no runtime, test execution, browser, benchmark, ease, release, or completion credit."
CAP-HS-FIRST-AID-REGISTER,Health & Safety,GROUPED_DISCOVERY_CANDIDATE_NOT_FINAL_DENOMINATOR,FirstAidController,NOT_ESTABLISHED_CURRENT_AUDIT,"Record first aid, follow-up, evidence, and linked incidents",NOT_ADJUDICATED_CURRENT_AUDIT,NOT_ESTABLISHED_CURRENT_AUDIT,NOT_ESTABLISHED_CURRENT_AUDIT,NOT_ESTABLISHED_CURRENT_AUDIT,NOT_ESTABLISHED_CURRENT_AUDIT,app/Http/Controllers/HealthSafety/FirstAidController.php:55-115,NOT_ESTABLISHED_CURRENT_AUDIT,"Static grouped user job only: Record first aid, follow-up, evidence, and linked incidents. Representative-role completion was not executed.",braedonsaunders/beaconhs,NOT_SELECTED_CURRENT_AUDIT,https://github.com/braedonsaunders/beaconhs@7de18df3532a96883e1098dea0a4b4dba70909fd,PROVISIONAL_AGENT_EVIDENCE_ONLY; see evidence/benchmark/current-benchmark-wave-01.json,NOT_ESTABLISHED_CURRENT_AUDIT,NOT_DOCUMENTED_CURRENT_AUDIT,NOT_SCORED_CURRENT_AUDIT,NOT_SCORED_CURRENT_AUDIT,PARTIAL_STATIC_GROUPED_DISCOVERY_IDENTITY_NOT_FROZEN,NOT_STARTED_CURRENT_AUDIT,RUN-009_OBLIVION_SPECIFIC_GAP_PACKET_NO_CREDIT,NOT_STARTED_CURRENT_AUDIT,NOT_STARTED_CURRENT_AUDIT,NOT_STARTED_CURRENT_AUDIT,NOT_STARTED_CURRENT_AUDIT,NOT_STARTED_CURRENT_AUDIT,NOT_LINKED_TO_CANDIDATE_CURRENT_AUDIT,LOW_PARTIAL_STATIC_DISCOVERY,H,GROUPED_DISCOVERY_CANDIDATE_NOT_FINAL_DENOMINATOR,tests/Feature/HealthSafety/FirstAidControllerTest.php:84-148,false,INCOMPLETE_GROUPED_DISCOVERY_CANDIDATE,"Static source and test-presence evidence only; no runtime, test execution, browser, benchmark, ease, release, or completion credit."
CAP-HS-RESTRAINT-REGISTER,Health & Safety,GROUPED_DISCOVERY_CANDIDATE_NOT_FINAL_DENOMINATOR,RestraintController,NOT_ESTABLISHED_CURRENT_AUDIT,"Record restraint, support-plan, review, and linked evidence",NOT_ADJUDICATED_CURRENT_AUDIT,NOT_ESTABLISHED_CURRENT_AUDIT,NOT_ESTABLISHED_CURRENT_AUDIT,NOT_ESTABLISHED_CURRENT_AUDIT,NOT_ESTABLISHED_CURRENT_AUDIT,app/Http/Controllers/HealthSafety/RestraintController.php:448-883,NOT_ESTABLISHED_CURRENT_AUDIT,"Static grouped user job only: Record restraint, support-plan, review, and linked evidence. Representative-role completion was not executed.",NOT_ESTABLISHED_CURRENT_AUDIT,NOT_SELECTED_CURRENT_AUDIT,NOT_ESTABLISHED_CURRENT_AUDIT,NOT_ESTABLISHED_CURRENT_AUDIT,NOT_ESTABLISHED_CURRENT_AUDIT,NOT_DOCUMENTED_CURRENT_AUDIT,NOT_SCORED_CURRENT_AUDIT,NOT_SCORED_CURRENT_AUDIT,PARTIAL_STATIC_GROUPED_DISCOVERY_IDENTITY_NOT_FROZEN,NOT_STARTED_CURRENT_AUDIT,NOT_STARTED_CURRENT_AUDIT,NOT_STARTED_CURRENT_AUDIT,NOT_STARTED_CURRENT_AUDIT,NOT_STARTED_CURRENT_AUDIT,NOT_STARTED_CURRENT_AUDIT,NOT_STARTED_CURRENT_AUDIT,NOT_LINKED_TO_CANDIDATE_CURRENT_AUDIT,LOW_PARTIAL_STATIC_DISCOVERY,H,GROUPED_DISCOVERY_CANDIDATE_NOT_FINAL_DENOMINATOR,tests/Feature/HealthSafety/RestraintRegisterTest.php:151-238,false,INCOMPLETE_GROUPED_DISCOVERY_CANDIDATE,"Static source and test-presence evidence only; no runtime, test execution, browser, benchmark, ease, release, or completion credit."
CAP-HS-SAFE-WORK-PROCEDURES,Health & Safety,GROUPED_DISCOVERY_CANDIDATE_NOT_FINAL_DENOMINATOR,SafeWorkProcedureController,NOT_ESTABLISHED_CURRENT_AUDIT,"Draft, approve, acknowledge, version, and archive procedures",NOT_ADJUDICATED_CURRENT_AUDIT,NOT_ESTABLISHED_CURRENT_AUDIT,NOT_ESTABLISHED_CURRENT_AUDIT,NOT_ESTABLISHED_CURRENT_AUDIT,NOT_ESTABLISHED_CURRENT_AUDIT,app/Http/Controllers/HealthSafety/SafeWorkProcedureController.php:143-338,NOT_ESTABLISHED_CURRENT_AUDIT,"Static grouped user job only: Draft, approve, acknowledge, version, and archive procedures. Representative-role completion was not executed.",NOT_ESTABLISHED_CURRENT_AUDIT,NOT_SELECTED_CURRENT_AUDIT,NOT_ESTABLISHED_CURRENT_AUDIT,NOT_ESTABLISHED_CURRENT_AUDIT,NOT_ESTABLISHED_CURRENT_AUDIT,NOT_DOCUMENTED_CURRENT_AUDIT,NOT_SCORED_CURRENT_AUDIT,NOT_SCORED_CURRENT_AUDIT,PARTIAL_STATIC_GROUPED_DISCOVERY_IDENTITY_NOT_FROZEN,NOT_STARTED_CURRENT_AUDIT,NOT_STARTED_CURRENT_AUDIT,NOT_STARTED_CURRENT_AUDIT,NOT_STARTED_CURRENT_AUDIT,NOT_STARTED_CURRENT_AUDIT,NOT_STARTED_CURRENT_AUDIT,NOT_STARTED_CURRENT_AUDIT,NOT_LINKED_TO_CANDIDATE_CURRENT_AUDIT,LOW_PARTIAL_STATIC_DISCOVERY,H,GROUPED_DISCOVERY_CANDIDATE_NOT_FINAL_DENOMINATOR,tests/Feature/HealthSafety/SafeWorkProcedureTest.php:118-208,false,INCOMPLETE_GROUPED_DISCOVERY_CANDIDATE,"Static source and test-presence evidence only; no runtime, test execution, browser, benchmark, ease, release, or completion credit."
CAP-HS-WORKER-PARTICIPATION,Health & Safety,GROUPED_DISCOVERY_CANDIDATE_NOT_FINAL_DENOMINATOR,WorkerParticipationController,NOT_ESTABLISHED_CURRENT_AUDIT,"Manage representatives, committees, meetings, and consultation evidence",NOT_ADJUDICATED_CURRENT_AUDIT,NOT_ESTABLISHED_CURRENT_AUDIT,NOT_ESTABLISHED_CURRENT_AUDIT,NOT_ESTABLISHED_CURRENT_AUDIT,NOT_ESTABLISHED_CURRENT_AUDIT,app/Http/Controllers/HealthSafety/WorkerParticipationController.php:63-147,NOT_ESTABLISHED_CURRENT_AUDIT,"Static grouped user job only: Manage representatives, committees, meetings, and consultation evidence. Representative-role completion was not executed.",braedonsaunders/beaconhs,NOT_SELECTED_CURRENT_AUDIT,https://github.com/braedonsaunders/beaconhs@7de18df3532a96883e1098dea0a4b4dba70909fd,PROVISIONAL_AGENT_EVIDENCE_ONLY; see evidence/benchmark/current-benchmark-wave-01.json,NOT_ESTABLISHED_CURRENT_AUDIT,NOT_DOCUMENTED_CURRENT_AUDIT,NOT_SCORED_CURRENT_AUDIT,NOT_SCORED_CURRENT_AUDIT,PARTIAL_STATIC_GROUPED_DISCOVERY_IDENTITY_NOT_FROZEN,NOT_STARTED_CURRENT_AUDIT,RUN-009_OBLIVION_SPECIFIC_GAP_PACKET_NO_CREDIT,NOT_STARTED_CURRENT_AUDIT,NOT_STARTED_CURRENT_AUDIT,NOT_STARTED_CURRENT_AUDIT,NOT_STARTED_CURRENT_AUDIT,NOT_STARTED_CURRENT_AUDIT,NOT_LINKED_TO_CANDIDATE_CURRENT_AUDIT,LOW_PARTIAL_STATIC_DISCOVERY,H,GROUPED_DISCOVERY_CANDIDATE_NOT_FINAL_DENOMINATOR,tests/Feature/HealthSafety/WorkerParticipationTest.php:149-254,false,INCOMPLETE_GROUPED_DISCOVERY_CANDIDATE,"Static source and test-presence evidence only; no runtime, test execution, browser, benchmark, ease, release, or completion credit."
CAP-HS-HAZARDOUS-SUBSTANCES-SDS,Health & Safety,GROUPED_DISCOVERY_CANDIDATE_NOT_FINAL_DENOMINATOR,HazardousSubstanceController,NOT_ESTABLISHED_CURRENT_AUDIT,"Maintain substances, SDS history, storage, exposure, and escalation",NOT_ADJUDICATED_CURRENT_AUDIT,NOT_ESTABLISHED_CURRENT_AUDIT,NOT_ESTABLISHED_CURRENT_AUDIT,NOT_ESTABLISHED_CURRENT_AUDIT,NOT_ESTABLISHED_CURRENT_AUDIT,app/Http/Controllers/HealthSafety/HazardousSubstanceController.php:211-435,NOT_ESTABLISHED_CURRENT_AUDIT,"Static grouped user job only: Maintain substances, SDS history, storage, exposure, and escalation. Representative-role completion was not executed.",braedonsaunders/beaconhs,NOT_SELECTED_CURRENT_AUDIT,https://github.com/braedonsaunders/beaconhs@7de18df3532a96883e1098dea0a4b4dba70909fd,PROVISIONAL_AGENT_EVIDENCE_ONLY; see evidence/benchmark/current-benchmark-wave-01.json,NOT_ESTABLISHED_CURRENT_AUDIT,NOT_DOCUMENTED_CURRENT_AUDIT,NOT_SCORED_CURRENT_AUDIT,NOT_SCORED_CURRENT_AUDIT,PARTIAL_STATIC_GROUPED_DISCOVERY_IDENTITY_NOT_FROZEN,NOT_STARTED_CURRENT_AUDIT,RUN-009_OBLIVION_SPECIFIC_GAP_PACKET_NO_CREDIT,NOT_STARTED_CURRENT_AUDIT,NOT_STARTED_CURRENT_AUDIT,NOT_STARTED_CURRENT_AUDIT,NOT_STARTED_CURRENT_AUDIT,NOT_STARTED_CURRENT_AUDIT,NOT_LINKED_TO_CANDIDATE_CURRENT_AUDIT,LOW_PARTIAL_STATIC_DISCOVERY,H,GROUPED_DISCOVERY_CANDIDATE_NOT_FINAL_DENOMINATOR,tests/Feature/HealthSafety/HazardousSubstanceControllerTest.php:138-220,false,INCOMPLETE_GROUPED_DISCOVERY_CANDIDATE,"Static source and test-presence evidence only; no runtime, test execution, browser, benchmark, ease, release, or completion credit."
CAP-HS-EMERGENCY-DRILLS,Health & Safety,GROUPED_DISCOVERY_CANDIDATE_NOT_FINAL_DENOMINATOR,EmergencyDrillController and DrillComplianceService,NOT_ESTABLISHED_CURRENT_AUDIT,"Schedule, execute, evidence, and review emergency drills",NOT_ADJUDICATED_CURRENT_AUDIT,NOT_ESTABLISHED_CURRENT_AUDIT,NOT_ESTABLISHED_CURRENT_AUDIT,NOT_ESTABLISHED_CURRENT_AUDIT,NOT_ESTABLISHED_CURRENT_AUDIT,app/Http/Controllers/HealthSafety/EmergencyDrillController.php:49-170,NOT_ESTABLISHED_CURRENT_AUDIT,"Static grouped user job only: Schedule, execute, evidence, and review emergency drills. Representative-role completion was not executed.",braedonsaunders/beaconhs,NOT_SELECTED_CURRENT_AUDIT,https://github.com/braedonsaunders/beaconhs@7de18df3532a96883e1098dea0a4b4dba70909fd,PROVISIONAL_AGENT_EVIDENCE_ONLY; see evidence/benchmark/current-benchmark-wave-01.json,NOT_ESTABLISHED_CURRENT_AUDIT,NOT_DOCUMENTED_CURRENT_AUDIT,NOT_SCORED_CURRENT_AUDIT,NOT_SCORED_CURRENT_AUDIT,PARTIAL_STATIC_GROUPED_DISCOVERY_IDENTITY_NOT_FROZEN,NOT_STARTED_CURRENT_AUDIT,RUN-009_OBLIVION_SPECIFIC_GAP_PACKET_NO_CREDIT,NOT_STARTED_CURRENT_AUDIT,NOT_STARTED_CURRENT_AUDIT,NOT_STARTED_CURRENT_AUDIT,NOT_STARTED_CURRENT_AUDIT,NOT_STARTED_CURRENT_AUDIT,NOT_LINKED_TO_CANDIDATE_CURRENT_AUDIT,LOW_PARTIAL_STATIC_DISCOVERY,H,GROUPED_DISCOVERY_CANDIDATE_NOT_FINAL_DENOMINATOR,tests/Feature/HealthSafety/EmergencyDrillTest.php:103-216,false,INCOMPLETE_GROUPED_DISCOVERY_CANDIDATE,"Static source and test-presence evidence only; no runtime, test execution, browser, benchmark, ease, release, or completion credit."
CAP-HS-WORKPLACE-INJURY-RTW,Health & Safety,GROUPED_DISCOVERY_CANDIDATE_NOT_FINAL_DENOMINATOR,ReturnToWorkController and WorkplaceInjuryJourneyService,NOT_ESTABLISHED_CURRENT_AUDIT,Record injury and govern return-to-work plans and capacity,NOT_ADJUDICATED_CURRENT_AUDIT,NOT_ESTABLISHED_CURRENT_AUDIT,NOT_ESTABLISHED_CURRENT_AUDIT,NOT_ESTABLISHED_CURRENT_AUDIT,NOT_ESTABLISHED_CURRENT_AUDIT,app/Http/Controllers/HealthSafety/ReturnToWorkController.php:485-837,NOT_ESTABLISHED_CURRENT_AUDIT,Static grouped user job only: Record injury and govern return-to-work plans and capacity. Representative-role completion was not executed.,NOT_ESTABLISHED_CURRENT_AUDIT,NOT_SELECTED_CURRENT_AUDIT,NOT_ESTABLISHED_CURRENT_AUDIT,NOT_ESTABLISHED_CURRENT_AUDIT,NOT_ESTABLISHED_CURRENT_AUDIT,NOT_DOCUMENTED_CURRENT_AUDIT,NOT_SCORED_CURRENT_AUDIT,NOT_SCORED_CURRENT_AUDIT,PARTIAL_STATIC_GROUPED_DISCOVERY_IDENTITY_NOT_FROZEN,NOT_STARTED_CURRENT_AUDIT,NOT_STARTED_CURRENT_AUDIT,NOT_STARTED_CURRENT_AUDIT,NOT_STARTED_CURRENT_AUDIT,NOT_STARTED_CURRENT_AUDIT,NOT_STARTED_CURRENT_AUDIT,NOT_STARTED_CURRENT_AUDIT,NOT_LINKED_TO_CANDIDATE_CURRENT_AUDIT,LOW_PARTIAL_STATIC_DISCOVERY,H,GROUPED_DISCOVERY_CANDIDATE_NOT_FINAL_DENOMINATOR,tests/Feature/HealthSafety/InjuriesControllerTest.php:150-259,false,INCOMPLETE_GROUPED_DISCOVERY_CANDIDATE,"Static source and test-presence evidence only; no runtime, test execution, browser, benchmark, ease, release, or completion credit."
CAP-HS-LONE-WORKER-SAFETY,Health & Safety,GROUPED_DISCOVERY_CANDIDATE_NOT_FINAL_DENOMINATOR,LoneWorkerController and LoneWorkerSignalService,NOT_ESTABLISHED_CURRENT_AUDIT,"Monitor lone-worker sessions, check-ins, location, and alerts",NOT_ADJUDICATED_CURRENT_AUDIT,NOT_ESTABLISHED_CURRENT_AUDIT,NOT_ESTABLISHED_CURRENT_AUDIT,NOT_ESTABLISHED_CURRENT_AUDIT,NOT_ESTABLISHED_CURRENT_AUDIT,app/Http/Controllers/HealthSafety/LoneWorkerController.php:227-778,NOT_ESTABLISHED_CURRENT_AUDIT,"Static grouped user job only: Monitor lone-worker sessions, check-ins, location, and alerts. Representative-role completion was not executed.",NOT_ESTABLISHED_CURRENT_AUDIT,NOT_SELECTED_CURRENT_AUDIT,NOT_ESTABLISHED_CURRENT_AUDIT,NOT_ESTABLISHED_CURRENT_AUDIT,NOT_ESTABLISHED_CURRENT_AUDIT,NOT_DOCUMENTED_CURRENT_AUDIT,NOT_SCORED_CURRENT_AUDIT,NOT_SCORED_CURRENT_AUDIT,PARTIAL_STATIC_GROUPED_DISCOVERY_IDENTITY_NOT_FROZEN,NOT_STARTED_CURRENT_AUDIT,NOT_STARTED_CURRENT_AUDIT,NOT_STARTED_CURRENT_AUDIT,NOT_STARTED_CURRENT_AUDIT,NOT_STARTED_CURRENT_AUDIT,NOT_STARTED_CURRENT_AUDIT,NOT_STARTED_CURRENT_AUDIT,NOT_LINKED_TO_CANDIDATE_CURRENT_AUDIT,LOW_PARTIAL_STATIC_DISCOVERY,H,GROUPED_DISCOVERY_CANDIDATE_NOT_FINAL_DENOMINATOR,tests/Feature/HealthSafety/LoneWorkerSiteAccessTest.php:30-158,false,INCOMPLETE_GROUPED_DISCOVERY_CANDIDATE,"Static source and test-presence evidence only; no runtime, test execution, browser, benchmark, ease, release, or completion credit."
CAP-HS-PPE-REGISTER,Health & Safety,GROUPED_DISCOVERY_CANDIDATE_NOT_FINAL_DENOMINATOR,PpeController,NOT_ESTABLISHED_CURRENT_AUDIT,"Manage PPE inventory, allocations, inspection, and disposal evidence",NOT_ADJUDICATED_CURRENT_AUDIT,NOT_ESTABLISHED_CURRENT_AUDIT,NOT_ESTABLISHED_CURRENT_AUDIT,NOT_ESTABLISHED_CURRENT_AUDIT,NOT_ESTABLISHED_CURRENT_AUDIT,app/Http/Controllers/HealthSafety/PpeController.php:37-112,NOT_ESTABLISHED_CURRENT_AUDIT,"Static grouped user job only: Manage PPE inventory, allocations, inspection, and disposal evidence. Representative-role completion was not executed.",braedonsaunders/beaconhs,NOT_SELECTED_CURRENT_AUDIT,https://github.com/braedonsaunders/beaconhs@7de18df3532a96883e1098dea0a4b4dba70909fd,PROVISIONAL_AGENT_EVIDENCE_ONLY; see evidence/benchmark/current-benchmark-wave-01.json,NOT_ESTABLISHED_CURRENT_AUDIT,NOT_DOCUMENTED_CURRENT_AUDIT,NOT_SCORED_CURRENT_AUDIT,NOT_SCORED_CURRENT_AUDIT,PARTIAL_STATIC_GROUPED_DISCOVERY_IDENTITY_NOT_FROZEN,NOT_STARTED_CURRENT_AUDIT,RUN-009_OBLIVION_SPECIFIC_GAP_PACKET_NO_CREDIT,NOT_STARTED_CURRENT_AUDIT,NOT_STARTED_CURRENT_AUDIT,NOT_STARTED_CURRENT_AUDIT,NOT_STARTED_CURRENT_AUDIT,NOT_STARTED_CURRENT_AUDIT,NOT_LINKED_TO_CANDIDATE_CURRENT_AUDIT,LOW_PARTIAL_STATIC_DISCOVERY,H,GROUPED_DISCOVERY_CANDIDATE_NOT_FINAL_DENOMINATOR,tests/Feature/HealthSafety/PpeRegisterTest.php:179-267,false,INCOMPLETE_GROUPED_DISCOVERY_CANDIDATE,"Static source and test-presence evidence only; no runtime, test execution, browser, benchmark, ease, release, or completion credit."
CAP-PRIV-DASHBOARD-WORKLIST,Privacy,GROUPED_DISCOVERY_CANDIDATE_NOT_FINAL_DENOMINATOR,PrivacyDashboardController,NOT_ESTABLISHED_CURRENT_AUDIT,"Review privacy requests, breaches, holds, retention, and deadlines",NOT_ADJUDICATED_CURRENT_AUDIT,NOT_ESTABLISHED_CURRENT_AUDIT,NOT_ESTABLISHED_CURRENT_AUDIT,NOT_ESTABLISHED_CURRENT_AUDIT,NOT_ESTABLISHED_CURRENT_AUDIT,app/Http/Controllers/PrivacyDashboardController.php:35-67,NOT_ESTABLISHED_CURRENT_AUDIT,"Static grouped user job only: Review privacy requests, breaches, holds, retention, and deadlines. Representative-role completion was not executed.",NOT_ESTABLISHED_CURRENT_AUDIT,NOT_SELECTED_CURRENT_AUDIT,NOT_ESTABLISHED_CURRENT_AUDIT,NOT_ESTABLISHED_CURRENT_AUDIT,NOT_ESTABLISHED_CURRENT_AUDIT,NOT_DOCUMENTED_CURRENT_AUDIT,NOT_SCORED_CURRENT_AUDIT,NOT_SCORED_CURRENT_AUDIT,PARTIAL_STATIC_GROUPED_DISCOVERY_IDENTITY_NOT_FROZEN,NOT_STARTED_CURRENT_AUDIT,NOT_STARTED_CURRENT_AUDIT,NOT_STARTED_CURRENT_AUDIT,NOT_STARTED_CURRENT_AUDIT,NOT_STARTED_CURRENT_AUDIT,NOT_STARTED_CURRENT_AUDIT,NOT_STARTED_CURRENT_AUDIT,NOT_LINKED_TO_CANDIDATE_CURRENT_AUDIT,LOW_PARTIAL_STATIC_DISCOVERY,H,GROUPED_DISCOVERY_CANDIDATE_NOT_FINAL_DENOMINATOR,tests/Feature/PrivacyControllerTest.php:1754-1769,false,INCOMPLETE_GROUPED_DISCOVERY_CANDIDATE,"Static source and test-presence evidence only; no runtime, test execution, browser, benchmark, ease, release, or completion credit."
CAP-PRIV-DSR-LIFECYCLE,Privacy,GROUPED_DISCOVERY_CANDIDATE_NOT_FINAL_DENOMINATOR,DataSubjectRequestLifecycleService,NOT_ESTABLISHED_CURRENT_AUDIT,"Intake, verify, assign, extend, complete, or refuse a DSR",NOT_ADJUDICATED_CURRENT_AUDIT,NOT_ESTABLISHED_CURRENT_AUDIT,NOT_ESTABLISHED_CURRENT_AUDIT,NOT_ESTABLISHED_CURRENT_AUDIT,NOT_ESTABLISHED_CURRENT_AUDIT,app/Domain/Privacy/Services/DataSubjectRequestLifecycleService.php:74-284,NOT_ESTABLISHED_CURRENT_AUDIT,"Static grouped user job only: Intake, verify, assign, extend, complete, or refuse a DSR. Representative-role completion was not executed.",NOT_ESTABLISHED_CURRENT_AUDIT,NOT_SELECTED_CURRENT_AUDIT,NOT_ESTABLISHED_CURRENT_AUDIT,NOT_ESTABLISHED_CURRENT_AUDIT,NOT_ESTABLISHED_CURRENT_AUDIT,NOT_DOCUMENTED_CURRENT_AUDIT,NOT_SCORED_CURRENT_AUDIT,NOT_SCORED_CURRENT_AUDIT,PARTIAL_STATIC_GROUPED_DISCOVERY_IDENTITY_NOT_FROZEN,NOT_STARTED_CURRENT_AUDIT,NOT_STARTED_CURRENT_AUDIT,NOT_STARTED_CURRENT_AUDIT,NOT_STARTED_CURRENT_AUDIT,NOT_STARTED_CURRENT_AUDIT,NOT_STARTED_CURRENT_AUDIT,NOT_STARTED_CURRENT_AUDIT,NOT_LINKED_TO_CANDIDATE_CURRENT_AUDIT,LOW_PARTIAL_STATIC_DISCOVERY,H,GROUPED_DISCOVERY_CANDIDATE_NOT_FINAL_DENOMINATOR,tests/Feature/Privacy/DataSubjectRequestLifecycleTest.php:59-103,false,INCOMPLETE_GROUPED_DISCOVERY_CANDIDATE,"Static source and test-presence evidence only; no runtime, test execution, browser, benchmark, ease, release, or completion credit."
CAP-PRIV-DSR-DATA-EXPORT,Privacy,GROUPED_DISCOVERY_CANDIDATE_NOT_FINAL_DENOMINATOR,DataSubjectRequestController export,NOT_ESTABLISHED_CURRENT_AUDIT,Produce a governed linked-subject privacy export,NOT_ADJUDICATED_CURRENT_AUDIT,NOT_ESTABLISHED_CURRENT_AUDIT,NOT_ESTABLISHED_CURRENT_AUDIT,NOT_ESTABLISHED_CURRENT_AUDIT,NOT_ESTABLISHED_CURRENT_AUDIT,app/Http/Controllers/DataSubjectRequestController.php:274-397,NOT_ESTABLISHED_CURRENT_AUDIT,Static grouped user job only: Produce a governed linked-subject privacy export. Representative-role completion was not executed.,NOT_ESTABLISHED_CURRENT_AUDIT,NOT_SELECTED_CURRENT_AUDIT,NOT_ESTABLISHED_CURRENT_AUDIT,NOT_ESTABLISHED_CURRENT_AUDIT,NOT_ESTABLISHED_CURRENT_AUDIT,NOT_DOCUMENTED_CURRENT_AUDIT,NOT_SCORED_CURRENT_AUDIT,NOT_SCORED_CURRENT_AUDIT,PARTIAL_STATIC_GROUPED_DISCOVERY_IDENTITY_NOT_FROZEN,NOT_STARTED_CURRENT_AUDIT,NOT_STARTED_CURRENT_AUDIT,NOT_STARTED_CURRENT_AUDIT,NOT_STARTED_CURRENT_AUDIT,NOT_STARTED_CURRENT_AUDIT,NOT_STARTED_CURRENT_AUDIT,NOT_STARTED_CURRENT_AUDIT,NOT_LINKED_TO_CANDIDATE_CURRENT_AUDIT,LOW_PARTIAL_STATIC_DISCOVERY,D,GROUPED_DISCOVERY_CANDIDATE_NOT_FINAL_DENOMINATOR,tests/Feature/PrivacyControllerTest.php:2574-2655,false,INCOMPLETE_GROUPED_DISCOVERY_CANDIDATE,"Static source and test-presence evidence only; no runtime, test execution, browser, benchmark, ease, release, or completion credit."
CAP-PRIV-RETENTION-POLICY-EXECUTION,Privacy,GROUPED_DISCOVERY_CANDIDATE_NOT_FINAL_DENOMINATOR,RetentionExecutionService and RetentionOwnerRegistry,NOT_ESTABLISHED_CURRENT_AUDIT,"Define, preview, approve, execute, and evidence retention",NOT_ADJUDICATED_CURRENT_AUDIT,NOT_ESTABLISHED_CURRENT_AUDIT,NOT_ESTABLISHED_CURRENT_AUDIT,NOT_ESTABLISHED_CURRENT_AUDIT,NOT_ESTABLISHED_CURRENT_AUDIT,app/Domain/Privacy/Retention/RetentionExecutionService.php:30-125,NOT_ESTABLISHED_CURRENT_AUDIT,"Static grouped user job only: Define, preview, approve, execute, and evidence retention. Representative-role completion was not executed.",NOT_ESTABLISHED_CURRENT_AUDIT,NOT_SELECTED_CURRENT_AUDIT,NOT_ESTABLISHED_CURRENT_AUDIT,NOT_ESTABLISHED_CURRENT_AUDIT,NOT_ESTABLISHED_CURRENT_AUDIT,NOT_DOCUMENTED_CURRENT_AUDIT,NOT_SCORED_CURRENT_AUDIT,NOT_SCORED_CURRENT_AUDIT,PARTIAL_STATIC_GROUPED_DISCOVERY_IDENTITY_NOT_FROZEN,NOT_STARTED_CURRENT_AUDIT,NOT_STARTED_CURRENT_AUDIT,NOT_STARTED_CURRENT_AUDIT,NOT_STARTED_CURRENT_AUDIT,NOT_STARTED_CURRENT_AUDIT,NOT_STARTED_CURRENT_AUDIT,NOT_STARTED_CURRENT_AUDIT,NOT_LINKED_TO_CANDIDATE_CURRENT_AUDIT,LOW_PARTIAL_STATIC_DISCOVERY,H,GROUPED_DISCOVERY_CANDIDATE_NOT_FINAL_DENOMINATOR,tests/Feature/Privacy/EnforceDataRetentionJobTest.php:65-159,false,INCOMPLETE_GROUPED_DISCOVERY_CANDIDATE,"Static source and test-presence evidence only; no runtime, test execution, browser, benchmark, ease, release, or completion credit."
CAP-PRIV-LEGAL-HOLD,Privacy,GROUPED_DISCOVERY_CANDIDATE_NOT_FINAL_DENOMINATOR,LegalHoldController and retention enforcement,NOT_ESTABLISHED_CURRENT_AUDIT,"Create, review, and release legal holds",NOT_ADJUDICATED_CURRENT_AUDIT,NOT_ESTABLISHED_CURRENT_AUDIT,NOT_ESTABLISHED_CURRENT_AUDIT,NOT_ESTABLISHED_CURRENT_AUDIT,NOT_ESTABLISHED_CURRENT_AUDIT,app/Http/Controllers/LegalHoldController.php:17-152,NOT_ESTABLISHED_CURRENT_AUDIT,"Static grouped user job only: Create, review, and release legal holds. Representative-role completion was not executed.",NOT_ESTABLISHED_CURRENT_AUDIT,NOT_SELECTED_CURRENT_AUDIT,NOT_ESTABLISHED_CURRENT_AUDIT,NOT_ESTABLISHED_CURRENT_AUDIT,NOT_ESTABLISHED_CURRENT_AUDIT,NOT_DOCUMENTED_CURRENT_AUDIT,NOT_SCORED_CURRENT_AUDIT,NOT_SCORED_CURRENT_AUDIT,PARTIAL_STATIC_GROUPED_DISCOVERY_IDENTITY_NOT_FROZEN,NOT_STARTED_CURRENT_AUDIT,NOT_STARTED_CURRENT_AUDIT,NOT_STARTED_CURRENT_AUDIT,NOT_STARTED_CURRENT_AUDIT,NOT_STARTED_CURRENT_AUDIT,NOT_STARTED_CURRENT_AUDIT,NOT_STARTED_CURRENT_AUDIT,NOT_LINKED_TO_CANDIDATE_CURRENT_AUDIT,LOW_PARTIAL_STATIC_DISCOVERY,H,GROUPED_DISCOVERY_CANDIDATE_NOT_FINAL_DENOMINATOR,tests/Feature/PrivacyControllerTest.php:1142-1215,false,INCOMPLETE_GROUPED_DISCOVERY_CANDIDATE,"Static source and test-presence evidence only; no runtime, test execution, browser, benchmark, ease, release, or completion credit."
CAP-PRIV-BREACH-LIFECYCLE,Privacy,GROUPED_DISCOVERY_CANDIDATE_NOT_FINAL_DENOMINATOR,DataBreachController,NOT_ESTABLISHED_CURRENT_AUDIT,"Report, investigate, notify, and resolve privacy breaches",NOT_ADJUDICATED_CURRENT_AUDIT,NOT_ESTABLISHED_CURRENT_AUDIT,NOT_ESTABLISHED_CURRENT_AUDIT,NOT_ESTABLISHED_CURRENT_AUDIT,NOT_ESTABLISHED_CURRENT_AUDIT,app/Http/Controllers/DataBreachController.php:76-238,NOT_ESTABLISHED_CURRENT_AUDIT,"Static grouped user job only: Report, investigate, notify, and resolve privacy breaches. Representative-role completion was not executed.",NOT_ESTABLISHED_CURRENT_AUDIT,NOT_SELECTED_CURRENT_AUDIT,NOT_ESTABLISHED_CURRENT_AUDIT,NOT_ESTABLISHED_CURRENT_AUDIT,NOT_ESTABLISHED_CURRENT_AUDIT,NOT_DOCUMENTED_CURRENT_AUDIT,NOT_SCORED_CURRENT_AUDIT,NOT_SCORED_CURRENT_AUDIT,PARTIAL_STATIC_GROUPED_DISCOVERY_IDENTITY_NOT_FROZEN,NOT_STARTED_CURRENT_AUDIT,NOT_STARTED_CURRENT_AUDIT,NOT_STARTED_CURRENT_AUDIT,NOT_STARTED_CURRENT_AUDIT,NOT_STARTED_CURRENT_AUDIT,NOT_STARTED_CURRENT_AUDIT,NOT_STARTED_CURRENT_AUDIT,NOT_LINKED_TO_CANDIDATE_CURRENT_AUDIT,LOW_PARTIAL_STATIC_DISCOVERY,H,GROUPED_DISCOVERY_CANDIDATE_NOT_FINAL_DENOMINATOR,tests/Feature/PrivacyControllerTest.php:1014-1028,false,INCOMPLETE_GROUPED_DISCOVERY_CANDIDATE,"Static source and test-presence evidence only; no runtime, test execution, browser, benchmark, ease, release, or completion credit."
CAP-PRIV-PIA-LIFECYCLE,Privacy,GROUPED_DISCOVERY_CANDIDATE_NOT_FINAL_DENOMINATOR,DPIAController,NOT_ESTABLISHED_CURRENT_AUDIT,"Create, assess, review, and approve privacy impact assessments",NOT_ADJUDICATED_CURRENT_AUDIT,NOT_ESTABLISHED_CURRENT_AUDIT,NOT_ESTABLISHED_CURRENT_AUDIT,NOT_ESTABLISHED_CURRENT_AUDIT,NOT_ESTABLISHED_CURRENT_AUDIT,app/Http/Controllers/DPIAController.php:68-188,NOT_ESTABLISHED_CURRENT_AUDIT,"Static grouped user job only: Create, assess, review, and approve privacy impact assessments. Representative-role completion was not executed.",NOT_ESTABLISHED_CURRENT_AUDIT,NOT_SELECTED_CURRENT_AUDIT,NOT_ESTABLISHED_CURRENT_AUDIT,NOT_ESTABLISHED_CURRENT_AUDIT,NOT_ESTABLISHED_CURRENT_AUDIT,NOT_DOCUMENTED_CURRENT_AUDIT,NOT_SCORED_CURRENT_AUDIT,NOT_SCORED_CURRENT_AUDIT,PARTIAL_STATIC_GROUPED_DISCOVERY_IDENTITY_NOT_FROZEN,NOT_STARTED_CURRENT_AUDIT,NOT_STARTED_CURRENT_AUDIT,NOT_STARTED_CURRENT_AUDIT,NOT_STARTED_CURRENT_AUDIT,NOT_STARTED_CURRENT_AUDIT,NOT_STARTED_CURRENT_AUDIT,NOT_STARTED_CURRENT_AUDIT,NOT_LINKED_TO_CANDIDATE_CURRENT_AUDIT,LOW_PARTIAL_STATIC_DISCOVERY,H,GROUPED_DISCOVERY_CANDIDATE_NOT_FINAL_DENOMINATOR,tests/Feature/PrivacyControllerTest.php:1280-1372,false,INCOMPLETE_GROUPED_DISCOVERY_CANDIDATE,"Static source and test-presence evidence only; no runtime, test execution, browser, benchmark, ease, release, or completion credit."
CAP-PRIV-EVIDENCE-ATTACHMENTS,Privacy,GROUPED_DISCOVERY_CANDIDATE_NOT_FINAL_DENOMINATOR,PrivacyAttachmentController,NOT_ESTABLISHED_CURRENT_AUDIT,"Upload, download, and remove private privacy evidence",NOT_ADJUDICATED_CURRENT_AUDIT,NOT_ESTABLISHED_CURRENT_AUDIT,NOT_ESTABLISHED_CURRENT_AUDIT,NOT_ESTABLISHED_CURRENT_AUDIT,NOT_ESTABLISHED_CURRENT_AUDIT,app/Http/Controllers/PrivacyAttachmentController.php:31-109,NOT_ESTABLISHED_CURRENT_AUDIT,"Static grouped user job only: Upload, download, and remove private privacy evidence. Representative-role completion was not executed.",NOT_ESTABLISHED_CURRENT_AUDIT,NOT_SELECTED_CURRENT_AUDIT,NOT_ESTABLISHED_CURRENT_AUDIT,NOT_ESTABLISHED_CURRENT_AUDIT,NOT_ESTABLISHED_CURRENT_AUDIT,NOT_DOCUMENTED_CURRENT_AUDIT,NOT_SCORED_CURRENT_AUDIT,NOT_SCORED_CURRENT_AUDIT,PARTIAL_STATIC_GROUPED_DISCOVERY_IDENTITY_NOT_FROZEN,NOT_STARTED_CURRENT_AUDIT,NOT_STARTED_CURRENT_AUDIT,NOT_STARTED_CURRENT_AUDIT,NOT_STARTED_CURRENT_AUDIT,NOT_STARTED_CURRENT_AUDIT,NOT_STARTED_CURRENT_AUDIT,NOT_STARTED_CURRENT_AUDIT,NOT_LINKED_TO_CANDIDATE_CURRENT_AUDIT,LOW_PARTIAL_STATIC_DISCOVERY,D,GROUPED_DISCOVERY_CANDIDATE_NOT_FINAL_DENOMINATOR,tests/Feature/Privacy/PrivacyAttachmentTest.php:44-120,false,INCOMPLETE_GROUPED_DISCOVERY_CANDIDATE,"Static source and test-presence evidence only; no runtime, test execution, browser, benchmark, ease, release, or completion credit."
CAP-PRIV-COMPLIANCE-REPORT-EXPORT,Privacy,GROUPED_DISCOVERY_CANDIDATE_NOT_FINAL_DENOMINATOR,PrivacyReportController,NOT_ESTABLISHED_CURRENT_AUDIT,View and export cross-domain privacy compliance reports,NOT_ADJUDICATED_CURRENT_AUDIT,NOT_ESTABLISHED_CURRENT_AUDIT,NOT_ESTABLISHED_CURRENT_AUDIT,NOT_ESTABLISHED_CURRENT_AUDIT,NOT_ESTABLISHED_CURRENT_AUDIT,app/Http/Controllers/PrivacyReportController.php:21-94,NOT_ESTABLISHED_CURRENT_AUDIT,Static grouped user job only: View and export cross-domain privacy compliance reports. Representative-role completion was not executed.,intuitem/ciso-assistant-community,NOT_SELECTED_CURRENT_AUDIT,https://github.com/intuitem/ciso-assistant-community@1ba187b0117f4dba9e00605bd7d5319ded61cee3,PROVISIONAL_AGENT_EVIDENCE_ONLY; see evidence/benchmark/current-benchmark-wave-01.json,Accessible-object privacy export mechanics survive narrowly; Oblivion action authority and Site/object scope do not transfer.,NOT_DOCUMENTED_CURRENT_AUDIT,NOT_SCORED_CURRENT_AUDIT,NOT_SCORED_CURRENT_AUDIT,PARTIAL_STATIC_GROUPED_DISCOVERY_IDENTITY_NOT_FROZEN,NOT_STARTED_CURRENT_AUDIT,RUN-008_SURVIVES_NARROW_STATIC_REQUIREMENT_NO_CREDIT; RUN-009_STRONGER_NATIVE_CONTROL_PACKET_NO_CREDIT,NOT_STARTED_CURRENT_AUDIT,NOT_STARTED_CURRENT_AUDIT,NOT_STARTED_CURRENT_AUDIT,NOT_STARTED_CURRENT_AUDIT,NOT_STARTED_CURRENT_AUDIT,NOT_LINKED_TO_CANDIDATE_CURRENT_AUDIT,LOW_PARTIAL_STATIC_DISCOVERY,D,GROUPED_DISCOVERY_CANDIDATE_NOT_FINAL_DENOMINATOR,tests/Feature/PrivacyControllerTest.php:1858-1924,false,INCOMPLETE_GROUPED_DISCOVERY_CANDIDATE,"Static source and test-presence evidence only; no runtime, test execution, browser, benchmark, ease, release, or completion credit."
CAP-SAFE-CONCERN-INTAKE-TRIAGE,Safeguarding,GROUPED_DISCOVERY_CANDIDATE_NOT_FINAL_DENOMINATOR,SafeguardingConcernController and lifecycle owners,NOT_ESTABLISHED_CURRENT_AUDIT,"Raise, assign, and triage a safeguarding concern",NOT_ADJUDICATED_CURRENT_AUDIT,NOT_ESTABLISHED_CURRENT_AUDIT,NOT_ESTABLISHED_CURRENT_AUDIT,NOT_ESTABLISHED_CURRENT_AUDIT,NOT_ESTABLISHED_CURRENT_AUDIT,app/Http/Controllers/SafeguardingConcernController.php:213-252,NOT_ESTABLISHED_CURRENT_AUDIT,"Static grouped user job only: Raise, assign, and triage a safeguarding concern. Representative-role completion was not executed.",primeroIMS/primero,NOT_SELECTED_CURRENT_AUDIT,https://github.com/primeroIMS/primero@9cea249d502269c258028844884d51e9a89bd00a,PROVISIONAL_AGENT_EVIDENCE_ONLY; see evidence/benchmark/current-benchmark-wave-01.json,NOT_ESTABLISHED_CURRENT_AUDIT,COMPARATOR_PACKET_NO_CREDIBLE_PROJECT_FOR_DOMAIN_NOT_FINAL_FEATURE_NO_MATCH,NOT_SCORED_CURRENT_AUDIT,NOT_SCORED_CURRENT_AUDIT,PARTIAL_STATIC_GROUPED_DISCOVERY_IDENTITY_NOT_FROZEN,NOT_STARTED_CURRENT_AUDIT,RUN-009_NO_CREDIBLE_COMPARISON_PACKET_NO_CREDIT,NOT_STARTED_CURRENT_AUDIT,NOT_STARTED_CURRENT_AUDIT,NOT_STARTED_CURRENT_AUDIT,NOT_STARTED_CURRENT_AUDIT,NOT_STARTED_CURRENT_AUDIT,NOT_LINKED_TO_CANDIDATE_CURRENT_AUDIT,LOW_PARTIAL_STATIC_DISCOVERY,H,GROUPED_DISCOVERY_CANDIDATE_NOT_FINAL_DENOMINATOR,tests/Feature/SafeguardingConcernControllerTest.php:228-301,false,INCOMPLETE_GROUPED_DISCOVERY_CANDIDATE,"Static source and test-presence evidence only; no runtime, test execution, browser, benchmark, ease, release, or completion credit."
CAP-SAFE-SENSITIVITY-DECLASSIFICATION,Safeguarding,GROUPED_DISCOVERY_CANDIDATE_NOT_FINAL_DENOMINATOR,SafeguardingSensitivityService,NOT_ESTABLISHED_CURRENT_AUDIT,"Restrict, preview, request, and decide governed declassification",NOT_ADJUDICATED_CURRENT_AUDIT,NOT_ESTABLISHED_CURRENT_AUDIT,NOT_ESTABLISHED_CURRENT_AUDIT,NOT_ESTABLISHED_CURRENT_AUDIT,NOT_ESTABLISHED_CURRENT_AUDIT,app/Services/Safeguarding/SafeguardingSensitivityService.php:35-287,NOT_ESTABLISHED_CURRENT_AUDIT,"Static grouped user job only: Restrict, preview, request, and decide governed declassification. Representative-role completion was not executed.",NOT_ESTABLISHED_CURRENT_AUDIT,NOT_SELECTED_CURRENT_AUDIT,NOT_ESTABLISHED_CURRENT_AUDIT,NOT_ESTABLISHED_CURRENT_AUDIT,NOT_ESTABLISHED_CURRENT_AUDIT,NOT_DOCUMENTED_CURRENT_AUDIT,NOT_SCORED_CURRENT_AUDIT,NOT_SCORED_CURRENT_AUDIT,PARTIAL_STATIC_GROUPED_DISCOVERY_IDENTITY_NOT_FROZEN,NOT_STARTED_CURRENT_AUDIT,NOT_STARTED_CURRENT_AUDIT,NOT_STARTED_CURRENT_AUDIT,NOT_STARTED_CURRENT_AUDIT,NOT_STARTED_CURRENT_AUDIT,NOT_STARTED_CURRENT_AUDIT,NOT_STARTED_CURRENT_AUDIT,NOT_LINKED_TO_CANDIDATE_CURRENT_AUDIT,LOW_PARTIAL_STATIC_DISCOVERY,H,GROUPED_DISCOVERY_CANDIDATE_NOT_FINAL_DENOMINATOR,tests/Feature/Safeguarding/SafeguardingSensitivityGovernanceTest.php:113-235,false,INCOMPLETE_GROUPED_DISCOVERY_CANDIDATE,"Static source and test-presence evidence only; no runtime, test execution, browser, benchmark, ease, release, or completion credit."
CAP-SAFE-INVESTIGATION-RISK,Safeguarding,GROUPED_DISCOVERY_CANDIDATE_NOT_FINAL_DENOMINATOR,Safeguarding investigation and risk controllers,NOT_ESTABLISHED_CURRENT_AUDIT,Open investigations and record safeguarding risk,NOT_ADJUDICATED_CURRENT_AUDIT,NOT_ESTABLISHED_CURRENT_AUDIT,NOT_ESTABLISHED_CURRENT_AUDIT,NOT_ESTABLISHED_CURRENT_AUDIT,NOT_ESTABLISHED_CURRENT_AUDIT,app/Http/Controllers/SafeguardingInvestigationController.php:15-62,NOT_ESTABLISHED_CURRENT_AUDIT,Static grouped user job only: Open investigations and record safeguarding risk. Representative-role completion was not executed.,NOT_ESTABLISHED_CURRENT_AUDIT,NOT_SELECTED_CURRENT_AUDIT,NOT_ESTABLISHED_CURRENT_AUDIT,NOT_ESTABLISHED_CURRENT_AUDIT,NOT_ESTABLISHED_CURRENT_AUDIT,NOT_DOCUMENTED_CURRENT_AUDIT,NOT_SCORED_CURRENT_AUDIT,NOT_SCORED_CURRENT_AUDIT,PARTIAL_STATIC_GROUPED_DISCOVERY_IDENTITY_NOT_FROZEN,NOT_STARTED_CURRENT_AUDIT,NOT_STARTED_CURRENT_AUDIT,NOT_STARTED_CURRENT_AUDIT,NOT_STARTED_CURRENT_AUDIT,NOT_STARTED_CURRENT_AUDIT,NOT_STARTED_CURRENT_AUDIT,NOT_STARTED_CURRENT_AUDIT,NOT_LINKED_TO_CANDIDATE_CURRENT_AUDIT,LOW_PARTIAL_STATIC_DISCOVERY,H,GROUPED_DISCOVERY_CANDIDATE_NOT_FINAL_DENOMINATOR,tests/Feature/Safeguarding/SafeguardingSubRecordTest.php:51-99,false,INCOMPLETE_GROUPED_DISCOVERY_CANDIDATE,"Static source and test-presence evidence only; no runtime, test execution, browser, benchmark, ease, release, or completion credit."
CAP-SAFE-EXTERNAL-REPORT,Safeguarding,GROUPED_DISCOVERY_CANDIDATE_NOT_FINAL_DENOMINATOR,SafeguardingExternalReportController,NOT_ESTABLISHED_CURRENT_AUDIT,Record reports to external safeguarding authorities,NOT_ADJUDICATED_CURRENT_AUDIT,NOT_ESTABLISHED_CURRENT_AUDIT,NOT_ESTABLISHED_CURRENT_AUDIT,NOT_ESTABLISHED_CURRENT_AUDIT,NOT_ESTABLISHED_CURRENT_AUDIT,app/Http/Controllers/SafeguardingExternalReportController.php:16-62,NOT_ESTABLISHED_CURRENT_AUDIT,Static grouped user job only: Record reports to external safeguarding authorities. Representative-role completion was not executed.,NOT_ESTABLISHED_CURRENT_AUDIT,NOT_SELECTED_CURRENT_AUDIT,NOT_ESTABLISHED_CURRENT_AUDIT,NOT_ESTABLISHED_CURRENT_AUDIT,NOT_ESTABLISHED_CURRENT_AUDIT,NOT_DOCUMENTED_CURRENT_AUDIT,NOT_SCORED_CURRENT_AUDIT,NOT_SCORED_CURRENT_AUDIT,PARTIAL_STATIC_GROUPED_DISCOVERY_IDENTITY_NOT_FROZEN,NOT_STARTED_CURRENT_AUDIT,NOT_STARTED_CURRENT_AUDIT,NOT_STARTED_CURRENT_AUDIT,NOT_STARTED_CURRENT_AUDIT,NOT_STARTED_CURRENT_AUDIT,NOT_STARTED_CURRENT_AUDIT,NOT_STARTED_CURRENT_AUDIT,NOT_LINKED_TO_CANDIDATE_CURRENT_AUDIT,LOW_PARTIAL_STATIC_DISCOVERY,H,GROUPED_DISCOVERY_CANDIDATE_NOT_FINAL_DENOMINATOR,tests/Feature/Safeguarding/SafeguardingSubRecordTest.php:104-120,false,INCOMPLETE_GROUPED_DISCOVERY_CANDIDATE,"Static source and test-presence evidence only; no runtime, test execution, browser, benchmark, ease, release, or completion credit."
CAP-SAFE-EVIDENCE-ACTION-PLAN,Safeguarding,GROUPED_DISCOVERY_CANDIDATE_NOT_FINAL_DENOMINATOR,Safeguarding attachment and action-plan controllers,NOT_ESTABLISHED_CURRENT_AUDIT,Manage need-to-know evidence and protective action plans,NOT_ADJUDICATED_CURRENT_AUDIT,NOT_ESTABLISHED_CURRENT_AUDIT,NOT_ESTABLISHED_CURRENT_AUDIT,NOT_ESTABLISHED_CURRENT_AUDIT,NOT_ESTABLISHED_CURRENT_AUDIT,app/Http/Controllers/SafeguardingAttachmentController.php:21-75,NOT_ESTABLISHED_CURRENT_AUDIT,Static grouped user job only: Manage need-to-know evidence and protective action plans. Representative-role completion was not executed.,NOT_ESTABLISHED_CURRENT_AUDIT,NOT_SELECTED_CURRENT_AUDIT,NOT_ESTABLISHED_CURRENT_AUDIT,NOT_ESTABLISHED_CURRENT_AUDIT,NOT_ESTABLISHED_CURRENT_AUDIT,NOT_DOCUMENTED_CURRENT_AUDIT,NOT_SCORED_CURRENT_AUDIT,NOT_SCORED_CURRENT_AUDIT,PARTIAL_STATIC_GROUPED_DISCOVERY_IDENTITY_NOT_FROZEN,NOT_STARTED_CURRENT_AUDIT,NOT_STARTED_CURRENT_AUDIT,NOT_STARTED_CURRENT_AUDIT,NOT_STARTED_CURRENT_AUDIT,NOT_STARTED_CURRENT_AUDIT,NOT_STARTED_CURRENT_AUDIT,NOT_STARTED_CURRENT_AUDIT,NOT_LINKED_TO_CANDIDATE_CURRENT_AUDIT,LOW_PARTIAL_STATIC_DISCOVERY,H,GROUPED_DISCOVERY_CANDIDATE_NOT_FINAL_DENOMINATOR,tests/Feature/Safeguarding/SafeguardingNestedAuthorizationTest.php:94-175,false,INCOMPLETE_GROUPED_DISCOVERY_CANDIDATE,"Static source and test-presence evidence only; no runtime, test execution, browser, benchmark, ease, release, or completion credit."
CAP-SAFE-TERMINAL-PROJECTION,Safeguarding,GROUPED_DISCOVERY_CANDIDATE_NOT_FINAL_DENOMINATOR,SafeguardingTerminalTransitionService,NOT_ESTABLISHED_CURRENT_AUDIT,Complete a safeguarding terminal transition across linked owners,NOT_ADJUDICATED_CURRENT_AUDIT,NOT_ESTABLISHED_CURRENT_AUDIT,NOT_ESTABLISHED_CURRENT_AUDIT,NOT_ESTABLISHED_CURRENT_AUDIT,NOT_ESTABLISHED_CURRENT_AUDIT,app/Services/Safeguarding/SafeguardingTerminalTransitionService.php:45-225,NOT_ESTABLISHED_CURRENT_AUDIT,Static grouped user job only: Complete a safeguarding terminal transition across linked owners. Representative-role completion was not executed.,primeroIMS/primero,NOT_SELECTED_CURRENT_AUDIT,https://github.com/primeroIMS/primero@9cea249d502269c258028844884d51e9a89bd00a,PROVISIONAL_AGENT_EVIDENCE_ONLY; see evidence/benchmark/current-benchmark-wave-01.json,NOT_ESTABLISHED_CURRENT_AUDIT,COMPARATOR_PACKET_NO_CREDIBLE_PROJECT_FOR_DOMAIN_NOT_FINAL_FEATURE_NO_MATCH,NOT_SCORED_CURRENT_AUDIT,NOT_SCORED_CURRENT_AUDIT,PARTIAL_STATIC_GROUPED_DISCOVERY_IDENTITY_NOT_FROZEN,NOT_STARTED_CURRENT_AUDIT,RUN-009_NO_CREDIBLE_COMPARISON_PACKET_NO_CREDIT,NOT_STARTED_CURRENT_AUDIT,NOT_STARTED_CURRENT_AUDIT,NOT_STARTED_CURRENT_AUDIT,NOT_STARTED_CURRENT_AUDIT,NOT_STARTED_CURRENT_AUDIT,NOT_LINKED_TO_CANDIDATE_CURRENT_AUDIT,LOW_PARTIAL_STATIC_DISCOVERY,H,GROUPED_DISCOVERY_CANDIDATE_NOT_FINAL_DENOMINATOR,tests/Feature/Safeguarding/SafeguardingTerminalTransitionTest.php:37-168,false,INCOMPLETE_GROUPED_DISCOVERY_CANDIDATE,"Static source and test-presence evidence only; no runtime, test execution, browser, benchmark, ease, release, or completion credit."
CAP-COMPLAINT-SITE-FEEDBACK,Complaints & Feedback,GROUPED_DISCOVERY_CANDIDATE_NOT_FINAL_DENOMINATOR,SiteComplianceController,NOT_ESTABLISHED_CURRENT_AUDIT,Record and respond to Site complaints or feedback,NOT_ADJUDICATED_CURRENT_AUDIT,NOT_ESTABLISHED_CURRENT_AUDIT,NOT_ESTABLISHED_CURRENT_AUDIT,NOT_ESTABLISHED_CURRENT_AUDIT,NOT_ESTABLISHED_CURRENT_AUDIT,app/Http/Controllers/Sites/SiteComplianceController.php:415-548,NOT_ESTABLISHED_CURRENT_AUDIT,Static grouped user job only: Record and respond to Site complaints or feedback. Representative-role completion was not executed.,NOT_ESTABLISHED_CURRENT_AUDIT,NOT_SELECTED_CURRENT_AUDIT,NOT_ESTABLISHED_CURRENT_AUDIT,NOT_ESTABLISHED_CURRENT_AUDIT,NOT_ESTABLISHED_CURRENT_AUDIT,NOT_DOCUMENTED_CURRENT_AUDIT,NOT_SCORED_CURRENT_AUDIT,NOT_SCORED_CURRENT_AUDIT,PARTIAL_STATIC_GROUPED_DISCOVERY_IDENTITY_NOT_FROZEN,NOT_STARTED_CURRENT_AUDIT,NOT_STARTED_CURRENT_AUDIT,NOT_STARTED_CURRENT_AUDIT,NOT_STARTED_CURRENT_AUDIT,NOT_STARTED_CURRENT_AUDIT,NOT_STARTED_CURRENT_AUDIT,NOT_STARTED_CURRENT_AUDIT,NOT_LINKED_TO_CANDIDATE_CURRENT_AUDIT,LOW_PARTIAL_STATIC_DISCOVERY,H,GROUPED_DISCOVERY_CANDIDATE_NOT_FINAL_DENOMINATOR,tests/Feature/Sites/SiteComplianceWorkflowTest.php:287-359,false,INCOMPLETE_GROUPED_DISCOVERY_CANDIDATE,"Static source and test-presence evidence only; no runtime, test execution, browser, benchmark, ease, release, or completion credit."
CAP-COMPLAINT-RESPITE-STAY,Complaints & Feedback,GROUPED_DISCOVERY_CANDIDATE_NOT_FINAL_DENOMINATOR,RespiteStayController and evidence-pack owner,NOT_ESTABLISHED_CURRENT_AUDIT,Record respite complaints and HDC escalation state,NOT_ADJUDICATED_CURRENT_AUDIT,NOT_ESTABLISHED_CURRENT_AUDIT,NOT_ESTABLISHED_CURRENT_AUDIT,NOT_ESTABLISHED_CURRENT_AUDIT,NOT_ESTABLISHED_CURRENT_AUDIT,app/Http/Controllers/Respite/RespiteStayController.php:544-574,NOT_ESTABLISHED_CURRENT_AUDIT,Static grouped user job only: Record respite complaints and HDC escalation state. Representative-role completion was not executed.,NOT_ESTABLISHED_CURRENT_AUDIT,NOT_SELECTED_CURRENT_AUDIT,NOT_ESTABLISHED_CURRENT_AUDIT,NOT_ESTABLISHED_CURRENT_AUDIT,NOT_ESTABLISHED_CURRENT_AUDIT,NOT_DOCUMENTED_CURRENT_AUDIT,NOT_SCORED_CURRENT_AUDIT,NOT_SCORED_CURRENT_AUDIT,PARTIAL_STATIC_GROUPED_DISCOVERY_IDENTITY_NOT_FROZEN,NOT_STARTED_CURRENT_AUDIT,NOT_STARTED_CURRENT_AUDIT,NOT_STARTED_CURRENT_AUDIT,NOT_STARTED_CURRENT_AUDIT,NOT_STARTED_CURRENT_AUDIT,NOT_STARTED_CURRENT_AUDIT,NOT_STARTED_CURRENT_AUDIT,NOT_LINKED_TO_CANDIDATE_CURRENT_AUDIT,LOW_PARTIAL_STATIC_DISCOVERY,H,GROUPED_DISCOVERY_CANDIDATE_NOT_FINAL_DENOMINATOR,tests/Feature/Respite/RespiteNzWorkflowCompletionTest.php:319-370,false,INCOMPLETE_GROUPED_DISCOVERY_CANDIDATE,"Static source and test-presence evidence only; no runtime, test execution, browser, benchmark, ease, release, or completion credit."
CAP-COMPLAINT-HR-CASEWORK,Complaints & Feedback,GROUPED_DISCOVERY_CANDIDATE_NOT_FINAL_DENOMINATOR,HrCaseController and HrCaseAccessService,NOT_ESTABLISHED_CURRENT_AUDIT,Manage confidential grievance and complaint casework,NOT_ADJUDICATED_CURRENT_AUDIT,NOT_ESTABLISHED_CURRENT_AUDIT,NOT_ESTABLISHED_CURRENT_AUDIT,NOT_ESTABLISHED_CURRENT_AUDIT,NOT_ESTABLISHED_CURRENT_AUDIT,app/Http/Controllers/Hr/HrCaseController.php:359-375,NOT_ESTABLISHED_CURRENT_AUDIT,Static grouped user job only: Manage confidential grievance and complaint casework. Representative-role completion was not executed.,NOT_ESTABLISHED_CURRENT_AUDIT,NOT_SELECTED_CURRENT_AUDIT,NOT_ESTABLISHED_CURRENT_AUDIT,NOT_ESTABLISHED_CURRENT_AUDIT,NOT_ESTABLISHED_CURRENT_AUDIT,NOT_DOCUMENTED_CURRENT_AUDIT,NOT_SCORED_CURRENT_AUDIT,NOT_SCORED_CURRENT_AUDIT,PARTIAL_STATIC_GROUPED_DISCOVERY_IDENTITY_NOT_FROZEN,NOT_STARTED_CURRENT_AUDIT,NOT_STARTED_CURRENT_AUDIT,NOT_STARTED_CURRENT_AUDIT,NOT_STARTED_CURRENT_AUDIT,NOT_STARTED_CURRENT_AUDIT,NOT_STARTED_CURRENT_AUDIT,NOT_STARTED_CURRENT_AUDIT,NOT_LINKED_TO_CANDIDATE_CURRENT_AUDIT,LOW_PARTIAL_STATIC_DISCOVERY,H,GROUPED_DISCOVERY_CANDIDATE_NOT_FINAL_DENOMINATOR,tests/Feature/Hr/AuditFixPayrollCasesTest.php:238-257,false,INCOMPLETE_GROUPED_DISCOVERY_CANDIDATE,"Static source and test-presence evidence only; no runtime, test execution, browser, benchmark, ease, release, or completion credit."
CAP-WHISTLE-PROTECTED-DISCLOSURE,Complaints & Feedback,GROUPED_DISCOVERY_CANDIDATE_NOT_FINAL_DENOMINATOR,No dedicated current-source owner found,NOT_ESTABLISHED_CURRENT_AUDIT,Govern confidential protected disclosures and anti-retaliation evidence,NOT_ADJUDICATED_CURRENT_AUDIT,NOT_ESTABLISHED_CURRENT_AUDIT,NOT_ESTABLISHED_CURRENT_AUDIT,NOT_ESTABLISHED_CURRENT_AUDIT,NOT_ESTABLISHED_CURRENT_AUDIT,app/Http/Controllers/Hr/HrCaseController.php:36-42,NOT_ESTABLISHED_CURRENT_AUDIT,Static grouped user job only: Govern confidential protected disclosures and anti-retaliation evidence. Representative-role completion was not executed.,NOT_ESTABLISHED_CURRENT_AUDIT,NOT_SELECTED_CURRENT_AUDIT,NOT_ESTABLISHED_CURRENT_AUDIT,NOT_ESTABLISHED_CURRENT_AUDIT,NOT_ESTABLISHED_CURRENT_AUDIT,NOT_DOCUMENTED_CURRENT_AUDIT,NOT_SCORED_CURRENT_AUDIT,NOT_SCORED_CURRENT_AUDIT,PARTIAL_STATIC_GROUPED_DISCOVERY_IDENTITY_NOT_FROZEN,NOT_STARTED_CURRENT_AUDIT,NOT_STARTED_CURRENT_AUDIT,NOT_STARTED_CURRENT_AUDIT,NOT_STARTED_CURRENT_AUDIT,NOT_STARTED_CURRENT_AUDIT,NOT_STARTED_CURRENT_AUDIT,NOT_STARTED_CURRENT_AUDIT,NOT_LINKED_TO_CANDIDATE_CURRENT_AUDIT,LOW_PARTIAL_STATIC_DISCOVERY,M,GROUPED_DISCOVERY_CANDIDATE_NOT_FINAL_DENOMINATOR,tests/Feature/Hr/HrCasesPageContractTest.php:66-129,false,INCOMPLETE_GROUPED_DISCOVERY_CANDIDATE,"Static source and test-presence evidence only; no runtime, test execution, browser, benchmark, ease, release, or completion credit."
CAP-SITE-PROFILE-LIFECYCLE,Sites & Locations,GROUPED_DISCOVERY_CANDIDATE_NOT_FINAL_DENOMINATOR,"SiteController, SiteProfileData, and UserSiteAccessService",NOT_ESTABLISHED_CURRENT_AUDIT,"Create, edit, archive, and restore an operational Site",NOT_ADJUDICATED_CURRENT_AUDIT,NOT_ESTABLISHED_CURRENT_AUDIT,NOT_ESTABLISHED_CURRENT_AUDIT,NOT_ESTABLISHED_CURRENT_AUDIT,NOT_ESTABLISHED_CURRENT_AUDIT,app/Services/Sites/SiteProfileData.php:30-102,NOT_ESTABLISHED_CURRENT_AUDIT,"Static grouped user job only: Create, edit, archive, and restore an operational Site. Representative-role completion was not executed.",NOT_ESTABLISHED_CURRENT_AUDIT,NOT_SELECTED_CURRENT_AUDIT,NOT_ESTABLISHED_CURRENT_AUDIT,NOT_ESTABLISHED_CURRENT_AUDIT,NOT_ESTABLISHED_CURRENT_AUDIT,NOT_DOCUMENTED_CURRENT_AUDIT,NOT_SCORED_CURRENT_AUDIT,NOT_SCORED_CURRENT_AUDIT,PARTIAL_STATIC_GROUPED_DISCOVERY_IDENTITY_NOT_FROZEN,NOT_STARTED_CURRENT_AUDIT,NOT_STARTED_CURRENT_AUDIT,NOT_STARTED_CURRENT_AUDIT,NOT_STARTED_CURRENT_AUDIT,NOT_STARTED_CURRENT_AUDIT,NOT_STARTED_CURRENT_AUDIT,NOT_STARTED_CURRENT_AUDIT,NOT_LINKED_TO_CANDIDATE_CURRENT_AUDIT,LOW_PARTIAL_STATIC_DISCOVERY,H,GROUPED_DISCOVERY_CANDIDATE_NOT_FINAL_DENOMINATOR,tests/Feature/Sites/SiteProfileAuthorizationTest.php:72-145,false,INCOMPLETE_GROUPED_DISCOVERY_CANDIDATE,"Static source and test-presence evidence only; no runtime, test execution, browser, benchmark, ease, release, or completion credit."
CAP-SITE-CALENDAR-RESOURCE-SCHEDULING,Sites & Locations,GROUPED_DISCOVERY_CANDIDATE_NOT_FINAL_DENOMINATOR,SiteCalendarController and SiteCalendarService,NOT_ESTABLISHED_CURRENT_AUDIT,"Schedule, approve, and maintain Site events and resources",NOT_ADJUDICATED_CURRENT_AUDIT,NOT_ESTABLISHED_CURRENT_AUDIT,NOT_ESTABLISHED_CURRENT_AUDIT,NOT_ESTABLISHED_CURRENT_AUDIT,NOT_ESTABLISHED_CURRENT_AUDIT,app/Services/Sites/SiteCalendarService.php:14-179,NOT_ESTABLISHED_CURRENT_AUDIT,"Static grouped user job only: Schedule, approve, and maintain Site events and resources. Representative-role completion was not executed.",NOT_ESTABLISHED_CURRENT_AUDIT,NOT_SELECTED_CURRENT_AUDIT,NOT_ESTABLISHED_CURRENT_AUDIT,NOT_ESTABLISHED_CURRENT_AUDIT,NOT_ESTABLISHED_CURRENT_AUDIT,NOT_DOCUMENTED_CURRENT_AUDIT,NOT_SCORED_CURRENT_AUDIT,NOT_SCORED_CURRENT_AUDIT,PARTIAL_STATIC_GROUPED_DISCOVERY_IDENTITY_NOT_FROZEN,NOT_STARTED_CURRENT_AUDIT,NOT_STARTED_CURRENT_AUDIT,NOT_STARTED_CURRENT_AUDIT,NOT_STARTED_CURRENT_AUDIT,NOT_STARTED_CURRENT_AUDIT,NOT_STARTED_CURRENT_AUDIT,NOT_STARTED_CURRENT_AUDIT,NOT_LINKED_TO_CANDIDATE_CURRENT_AUDIT,LOW_PARTIAL_STATIC_DISCOVERY,H,GROUPED_DISCOVERY_CANDIDATE_NOT_FINAL_DENOMINATOR,tests/Feature/Sites/Calendar/SiteCalendarWorkflowTest.php:97-250,false,INCOMPLETE_GROUPED_DISCOVERY_CANDIDATE,"Static source and test-presence evidence only; no runtime, test execution, browser, benchmark, ease, release, or completion credit."
CAP-SITE-PLAN-ROOM-HARDWARE,Sites & Locations,GROUPED_DISCOVERY_CANDIDATE_NOT_FINAL_DENOMINATOR,SiteTypePlanService and SitePhysicalRoomService,NOT_ESTABLISHED_CURRENT_AUDIT,"Maintain Site plans, rooms, zones, hardware, and emergency layout",NOT_ADJUDICATED_CURRENT_AUDIT,NOT_ESTABLISHED_CURRENT_AUDIT,NOT_ESTABLISHED_CURRENT_AUDIT,NOT_ESTABLISHED_CURRENT_AUDIT,NOT_ESTABLISHED_CURRENT_AUDIT,app/Services/Sites/SitePhysicalRoomService.php:28-448,NOT_ESTABLISHED_CURRENT_AUDIT,"Static grouped user job only: Maintain Site plans, rooms, zones, hardware, and emergency layout. Representative-role completion was not executed.",NOT_ESTABLISHED_CURRENT_AUDIT,NOT_SELECTED_CURRENT_AUDIT,NOT_ESTABLISHED_CURRENT_AUDIT,NOT_ESTABLISHED_CURRENT_AUDIT,NOT_ESTABLISHED_CURRENT_AUDIT,NOT_DOCUMENTED_CURRENT_AUDIT,NOT_SCORED_CURRENT_AUDIT,NOT_SCORED_CURRENT_AUDIT,PARTIAL_STATIC_GROUPED_DISCOVERY_IDENTITY_NOT_FROZEN,NOT_STARTED_CURRENT_AUDIT,NOT_STARTED_CURRENT_AUDIT,NOT_STARTED_CURRENT_AUDIT,NOT_STARTED_CURRENT_AUDIT,NOT_STARTED_CURRENT_AUDIT,NOT_STARTED_CURRENT_AUDIT,NOT_STARTED_CURRENT_AUDIT,NOT_LINKED_TO_CANDIDATE_CURRENT_AUDIT,LOW_PARTIAL_STATIC_DISCOVERY,H,GROUPED_DISCOVERY_CANDIDATE_NOT_FINAL_DENOMINATOR,tests/Feature/Sites/SitePhysicalRoomBridgeTest.php:48-221,false,INCOMPLETE_GROUPED_DISCOVERY_CANDIDATE,"Static source and test-presence evidence only; no runtime, test execution, browser, benchmark, ease, release, or completion credit."
CAP-SITE-CHECKLIST-HAZARD-COMPLIANCE,Sites & Locations,GROUPED_DISCOVERY_CANDIDATE_NOT_FINAL_DENOMINATOR,SiteChecklistRunExecutionService and compliance owners,NOT_ESTABLISHED_CURRENT_AUDIT,"Complete Site checklists, hazards, inspections, and compliance evidence",NOT_ADJUDICATED_CURRENT_AUDIT,NOT_ESTABLISHED_CURRENT_AUDIT,NOT_ESTABLISHED_CURRENT_AUDIT,NOT_ESTABLISHED_CURRENT_AUDIT,NOT_ESTABLISHED_CURRENT_AUDIT,app/Services/Sites/SiteChecklistRunExecutionService.php:37-200,NOT_ESTABLISHED_CURRENT_AUDIT,"Static grouped user job only: Complete Site checklists, hazards, inspections, and compliance evidence. Representative-role completion was not executed.",NOT_ESTABLISHED_CURRENT_AUDIT,NOT_SELECTED_CURRENT_AUDIT,NOT_ESTABLISHED_CURRENT_AUDIT,NOT_ESTABLISHED_CURRENT_AUDIT,NOT_ESTABLISHED_CURRENT_AUDIT,NOT_DOCUMENTED_CURRENT_AUDIT,NOT_SCORED_CURRENT_AUDIT,NOT_SCORED_CURRENT_AUDIT,PARTIAL_STATIC_GROUPED_DISCOVERY_IDENTITY_NOT_FROZEN,NOT_STARTED_CURRENT_AUDIT,NOT_STARTED_CURRENT_AUDIT,NOT_STARTED_CURRENT_AUDIT,NOT_STARTED_CURRENT_AUDIT,NOT_STARTED_CURRENT_AUDIT,NOT_STARTED_CURRENT_AUDIT,NOT_STARTED_CURRENT_AUDIT,NOT_LINKED_TO_CANDIDATE_CURRENT_AUDIT,LOW_PARTIAL_STATIC_DISCOVERY,H,GROUPED_DISCOVERY_CANDIDATE_NOT_FINAL_DENOMINATOR,tests/Feature/Checklists/ChecklistRunOwnershipTest.php:231-448,false,INCOMPLETE_GROUPED_DISCOVERY_CANDIDATE,"Static source and test-presence evidence only; no runtime, test execution, browser, benchmark, ease, release, or completion credit."
CAP-SITE-VAULT-VENDOR-LEDGER,Sites & Locations,GROUPED_DISCOVERY_CANDIDATE_NOT_FINAL_DENOMINATOR,SiteCredentialController and HouseLedgerService,NOT_ESTABLISHED_CURRENT_AUDIT,"Manage Site vendors, credentials, contacts, and ledger entries",NOT_ADJUDICATED_CURRENT_AUDIT,NOT_ESTABLISHED_CURRENT_AUDIT,NOT_ESTABLISHED_CURRENT_AUDIT,NOT_ESTABLISHED_CURRENT_AUDIT,NOT_ESTABLISHED_CURRENT_AUDIT,app/Http/Controllers/Sites/SiteCredentialController.php:38-469,NOT_ESTABLISHED_CURRENT_AUDIT,"Static grouped user job only: Manage Site vendors, credentials, contacts, and ledger entries. Representative-role completion was not executed.",NOT_ESTABLISHED_CURRENT_AUDIT,NOT_SELECTED_CURRENT_AUDIT,NOT_ESTABLISHED_CURRENT_AUDIT,NOT_ESTABLISHED_CURRENT_AUDIT,NOT_ESTABLISHED_CURRENT_AUDIT,NOT_DOCUMENTED_CURRENT_AUDIT,NOT_SCORED_CURRENT_AUDIT,NOT_SCORED_CURRENT_AUDIT,PARTIAL_STATIC_GROUPED_DISCOVERY_IDENTITY_NOT_FROZEN,NOT_STARTED_CURRENT_AUDIT,NOT_STARTED_CURRENT_AUDIT,NOT_STARTED_CURRENT_AUDIT,NOT_STARTED_CURRENT_AUDIT,NOT_STARTED_CURRENT_AUDIT,NOT_STARTED_CURRENT_AUDIT,NOT_STARTED_CURRENT_AUDIT,NOT_LINKED_TO_CANDIDATE_CURRENT_AUDIT,LOW_PARTIAL_STATIC_DISCOVERY,H,GROUPED_DISCOVERY_CANDIDATE_NOT_FINAL_DENOMINATOR,tests/Feature/Sites/SiteAccessVaultCanonicalAccessTest.php:63-166,false,INCOMPLETE_GROUPED_DISCOVERY_CANDIDATE,"Static source and test-presence evidence only; no runtime, test execution, browser, benchmark, ease, release, or completion credit."
CAP-SITE-REPORTING-EXPORT,Sites & Locations,GROUPED_DISCOVERY_CANDIDATE_NOT_FINAL_DENOMINATOR,SiteReportingController,NOT_ESTABLISHED_CURRENT_AUDIT,"Review and export Site, facility, checklist, and vendor reports",NOT_ADJUDICATED_CURRENT_AUDIT,NOT_ESTABLISHED_CURRENT_AUDIT,NOT_ESTABLISHED_CURRENT_AUDIT,NOT_ESTABLISHED_CURRENT_AUDIT,NOT_ESTABLISHED_CURRENT_AUDIT,app/Http/Controllers/Sites/SiteReportingController.php:153-432,NOT_ESTABLISHED_CURRENT_AUDIT,"Static grouped user job only: Review and export Site, facility, checklist, and vendor reports. Representative-role completion was not executed.",NOT_ESTABLISHED_CURRENT_AUDIT,NOT_SELECTED_CURRENT_AUDIT,NOT_ESTABLISHED_CURRENT_AUDIT,NOT_ESTABLISHED_CURRENT_AUDIT,NOT_ESTABLISHED_CURRENT_AUDIT,NOT_DOCUMENTED_CURRENT_AUDIT,NOT_SCORED_CURRENT_AUDIT,NOT_SCORED_CURRENT_AUDIT,PARTIAL_STATIC_GROUPED_DISCOVERY_IDENTITY_NOT_FROZEN,NOT_STARTED_CURRENT_AUDIT,NOT_STARTED_CURRENT_AUDIT,NOT_STARTED_CURRENT_AUDIT,NOT_STARTED_CURRENT_AUDIT,NOT_STARTED_CURRENT_AUDIT,NOT_STARTED_CURRENT_AUDIT,NOT_STARTED_CURRENT_AUDIT,NOT_LINKED_TO_CANDIDATE_CURRENT_AUDIT,LOW_PARTIAL_STATIC_DISCOVERY,D,GROUPED_DISCOVERY_CANDIDATE_NOT_FINAL_DENOMINATOR,tests/Feature/SitesModuleIntegrationTest.php:435,false,INCOMPLETE_GROUPED_DISCOVERY_CANDIDATE,"Static source and test-presence evidence only; no runtime, test execution, browser, benchmark, ease, release, or completion credit."
CAP-FLEET-ASSET-VEHICLE-REGISTER,Fleet & Assets,GROUPED_DISCOVERY_CANDIDATE_NOT_FINAL_DENOMINATOR,Asset and Vehicle controllers with AssetMutationIntegrityService,NOT_ESTABLISHED_CURRENT_AUDIT,Maintain asset and vehicle registers with custody provenance,NOT_ADJUDICATED_CURRENT_AUDIT,NOT_ESTABLISHED_CURRENT_AUDIT,NOT_ESTABLISHED_CURRENT_AUDIT,NOT_ESTABLISHED_CURRENT_AUDIT,NOT_ESTABLISHED_CURRENT_AUDIT,app/Services/Assets/AssetMutationIntegrityService.php:14-61,NOT_ESTABLISHED_CURRENT_AUDIT,Static grouped user job only: Maintain asset and vehicle registers with custody provenance. Representative-role completion was not executed.,NOT_ESTABLISHED_CURRENT_AUDIT,NOT_SELECTED_CURRENT_AUDIT,NOT_ESTABLISHED_CURRENT_AUDIT,NOT_ESTABLISHED_CURRENT_AUDIT,NOT_ESTABLISHED_CURRENT_AUDIT,NOT_DOCUMENTED_CURRENT_AUDIT,NOT_SCORED_CURRENT_AUDIT,NOT_SCORED_CURRENT_AUDIT,PARTIAL_STATIC_GROUPED_DISCOVERY_IDENTITY_NOT_FROZEN,NOT_STARTED_CURRENT_AUDIT,NOT_STARTED_CURRENT_AUDIT,NOT_STARTED_CURRENT_AUDIT,NOT_STARTED_CURRENT_AUDIT,NOT_STARTED_CURRENT_AUDIT,NOT_STARTED_CURRENT_AUDIT,NOT_STARTED_CURRENT_AUDIT,NOT_LINKED_TO_CANDIDATE_CURRENT_AUDIT,LOW_PARTIAL_STATIC_DISCOVERY,H,GROUPED_DISCOVERY_CANDIDATE_NOT_FINAL_DENOMINATOR,tests/Feature/FleetAssets/AssetMutationBoundaryTest.php:49-342,false,INCOMPLETE_GROUPED_DISCOVERY_CANDIDATE,"Static source and test-presence evidence only; no runtime, test execution, browser, benchmark, ease, release, or completion credit."
CAP-FLEET-VEHICLE-BOOKING,Fleet & Assets,GROUPED_DISCOVERY_CANDIDATE_NOT_FINAL_DENOMINATOR,VehicleBookingController and VehicleBookingAccessService,NOT_ESTABLISHED_CURRENT_AUDIT,"Book, approve, check out, return, reject, or cancel a vehicle",NOT_ADJUDICATED_CURRENT_AUDIT,NOT_ESTABLISHED_CURRENT_AUDIT,NOT_ESTABLISHED_CURRENT_AUDIT,NOT_ESTABLISHED_CURRENT_AUDIT,NOT_ESTABLISHED_CURRENT_AUDIT,app/Services/Fleet/VehicleBookingAccessService.php:30-127,NOT_ESTABLISHED_CURRENT_AUDIT,"Static grouped user job only: Book, approve, check out, return, reject, or cancel a vehicle. Representative-role completion was not executed.",NOT_ESTABLISHED_CURRENT_AUDIT,NOT_SELECTED_CURRENT_AUDIT,NOT_ESTABLISHED_CURRENT_AUDIT,NOT_ESTABLISHED_CURRENT_AUDIT,NOT_ESTABLISHED_CURRENT_AUDIT,NOT_DOCUMENTED_CURRENT_AUDIT,NOT_SCORED_CURRENT_AUDIT,NOT_SCORED_CURRENT_AUDIT,PARTIAL_STATIC_GROUPED_DISCOVERY_IDENTITY_NOT_FROZEN,NOT_STARTED_CURRENT_AUDIT,NOT_STARTED_CURRENT_AUDIT,NOT_STARTED_CURRENT_AUDIT,NOT_STARTED_CURRENT_AUDIT,NOT_STARTED_CURRENT_AUDIT,NOT_STARTED_CURRENT_AUDIT,NOT_STARTED_CURRENT_AUDIT,NOT_LINKED_TO_CANDIDATE_CURRENT_AUDIT,LOW_PARTIAL_STATIC_DISCOVERY,H,GROUPED_DISCOVERY_CANDIDATE_NOT_FINAL_DENOMINATOR,tests/Feature/FleetAssets/VehicleBookingSitePrivacyTest.php:139-353,false,INCOMPLETE_GROUPED_DISCOVERY_CANDIDATE,"Static source and test-presence evidence only; no runtime, test execution, browser, benchmark, ease, release, or completion credit."
CAP-FLEET-MAINTENANCE-COMPLIANCE,Fleet & Assets,GROUPED_DISCOVERY_CANDIDATE_NOT_FINAL_DENOMINATOR,WorkOrderController and fleet maintenance owners,NOT_ESTABLISHED_CURRENT_AUDIT,"Run checks, inspections, maintenance, and work orders",NOT_ADJUDICATED_CURRENT_AUDIT,NOT_ESTABLISHED_CURRENT_AUDIT,NOT_ESTABLISHED_CURRENT_AUDIT,NOT_ESTABLISHED_CURRENT_AUDIT,NOT_ESTABLISHED_CURRENT_AUDIT,app/Http/Controllers/FleetAssets/WorkOrderController.php:170-248,NOT_ESTABLISHED_CURRENT_AUDIT,"Static grouped user job only: Run checks, inspections, maintenance, and work orders. Representative-role completion was not executed.",NOT_ESTABLISHED_CURRENT_AUDIT,NOT_SELECTED_CURRENT_AUDIT,NOT_ESTABLISHED_CURRENT_AUDIT,NOT_ESTABLISHED_CURRENT_AUDIT,NOT_ESTABLISHED_CURRENT_AUDIT,NOT_DOCUMENTED_CURRENT_AUDIT,NOT_SCORED_CURRENT_AUDIT,NOT_SCORED_CURRENT_AUDIT,PARTIAL_STATIC_GROUPED_DISCOVERY_IDENTITY_NOT_FROZEN,NOT_STARTED_CURRENT_AUDIT,NOT_STARTED_CURRENT_AUDIT,NOT_STARTED_CURRENT_AUDIT,NOT_STARTED_CURRENT_AUDIT,NOT_STARTED_CURRENT_AUDIT,NOT_STARTED_CURRENT_AUDIT,NOT_STARTED_CURRENT_AUDIT,NOT_LINKED_TO_CANDIDATE_CURRENT_AUDIT,LOW_PARTIAL_STATIC_DISCOVERY,H,GROUPED_DISCOVERY_CANDIDATE_NOT_FINAL_DENOMINATOR,tests/Feature/FleetAssets/FleetMaintenanceWiringTest.php:39-113,false,INCOMPLETE_GROUPED_DISCOVERY_CANDIDATE,"Static source and test-presence evidence only; no runtime, test execution, browser, benchmark, ease, release, or completion credit."
CAP-FLEET-KEY-HANDOVER,Fleet & Assets,GROUPED_DISCOVERY_CANDIDATE_NOT_FINAL_DENOMINATOR,KeyController and HandoverController,NOT_ESTABLISHED_CURRENT_AUDIT,"Transfer keys and create, accept, or dispute handover",NOT_ADJUDICATED_CURRENT_AUDIT,NOT_ESTABLISHED_CURRENT_AUDIT,NOT_ESTABLISHED_CURRENT_AUDIT,NOT_ESTABLISHED_CURRENT_AUDIT,NOT_ESTABLISHED_CURRENT_AUDIT,app/Http/Controllers/FleetAssets/HandoverController.php:195-506,NOT_ESTABLISHED_CURRENT_AUDIT,"Static grouped user job only: Transfer keys and create, accept, or dispute handover. Representative-role completion was not executed.",NOT_ESTABLISHED_CURRENT_AUDIT,NOT_SELECTED_CURRENT_AUDIT,NOT_ESTABLISHED_CURRENT_AUDIT,NOT_ESTABLISHED_CURRENT_AUDIT,NOT_ESTABLISHED_CURRENT_AUDIT,NOT_DOCUMENTED_CURRENT_AUDIT,NOT_SCORED_CURRENT_AUDIT,NOT_SCORED_CURRENT_AUDIT,PARTIAL_STATIC_GROUPED_DISCOVERY_IDENTITY_NOT_FROZEN,NOT_STARTED_CURRENT_AUDIT,NOT_STARTED_CURRENT_AUDIT,NOT_STARTED_CURRENT_AUDIT,NOT_STARTED_CURRENT_AUDIT,NOT_STARTED_CURRENT_AUDIT,NOT_STARTED_CURRENT_AUDIT,NOT_STARTED_CURRENT_AUDIT,NOT_LINKED_TO_CANDIDATE_CURRENT_AUDIT,LOW_PARTIAL_STATIC_DISCOVERY,H,GROUPED_DISCOVERY_CANDIDATE_NOT_FINAL_DENOMINATOR,tests/Feature/FleetAssets/FleetHandoverMutationIntegrityTest.php:36-124,false,INCOMPLETE_GROUPED_DISCOVERY_CANDIDATE,"Static source and test-presence evidence only; no runtime, test execution, browser, benchmark, ease, release, or completion credit."
CAP-FLEET-RESIDENT-TRANSPORT,Fleet & Assets,GROUPED_DISCOVERY_CANDIDATE_NOT_FINAL_DENOMINATOR,ResidentTransportJourneyService and scope,NOT_ESTABLISHED_CURRENT_AUDIT,Run resident transport and govern medication custody in transit,NOT_ADJUDICATED_CURRENT_AUDIT,NOT_ESTABLISHED_CURRENT_AUDIT,NOT_ESTABLISHED_CURRENT_AUDIT,NOT_ESTABLISHED_CURRENT_AUDIT,NOT_ESTABLISHED_CURRENT_AUDIT,app/Services/Fleet/ResidentTransportJourneyService.php:47-431,NOT_ESTABLISHED_CURRENT_AUDIT,Static grouped user job only: Run resident transport and govern medication custody in transit. Representative-role completion was not executed.,NOT_ESTABLISHED_CURRENT_AUDIT,NOT_SELECTED_CURRENT_AUDIT,NOT_ESTABLISHED_CURRENT_AUDIT,NOT_ESTABLISHED_CURRENT_AUDIT,NOT_ESTABLISHED_CURRENT_AUDIT,NOT_DOCUMENTED_CURRENT_AUDIT,NOT_SCORED_CURRENT_AUDIT,NOT_SCORED_CURRENT_AUDIT,PARTIAL_STATIC_GROUPED_DISCOVERY_IDENTITY_NOT_FROZEN,NOT_STARTED_CURRENT_AUDIT,NOT_STARTED_CURRENT_AUDIT,NOT_STARTED_CURRENT_AUDIT,NOT_STARTED_CURRENT_AUDIT,NOT_STARTED_CURRENT_AUDIT,NOT_STARTED_CURRENT_AUDIT,NOT_STARTED_CURRENT_AUDIT,NOT_LINKED_TO_CANDIDATE_CURRENT_AUDIT,LOW_PARTIAL_STATIC_DISCOVERY,H,GROUPED_DISCOVERY_CANDIDATE_NOT_FINAL_DENOMINATOR,tests/Feature/FleetAssets/ResidentTransportJourneySecurityTest.php:146-832,false,INCOMPLETE_GROUPED_DISCOVERY_CANDIDATE,"Static source and test-presence evidence only; no runtime, test execution, browser, benchmark, ease, release, or completion credit."
CAP-FLEET-TRACKING-GEOFENCE-REALTIME,Fleet & Assets,GROUPED_DISCOVERY_CANDIDATE_NOT_FINAL_DENOMINATOR,ResidentTrackingController and realtime authorization owners,NOT_ESTABLISHED_CURRENT_AUDIT,"View consented resident tracking, geofences, and panic state",NOT_ADJUDICATED_CURRENT_AUDIT,NOT_ESTABLISHED_CURRENT_AUDIT,NOT_ESTABLISHED_CURRENT_AUDIT,NOT_ESTABLISHED_CURRENT_AUDIT,NOT_ESTABLISHED_CURRENT_AUDIT,app/Http/Controllers/FleetAssets/ResidentTrackingController.php:575-986,NOT_ESTABLISHED_CURRENT_AUDIT,"Static grouped user job only: View consented resident tracking, geofences, and panic state. Representative-role completion was not executed.",NOT_ESTABLISHED_CURRENT_AUDIT,NOT_SELECTED_CURRENT_AUDIT,NOT_ESTABLISHED_CURRENT_AUDIT,NOT_ESTABLISHED_CURRENT_AUDIT,NOT_ESTABLISHED_CURRENT_AUDIT,NOT_DOCUMENTED_CURRENT_AUDIT,NOT_SCORED_CURRENT_AUDIT,NOT_SCORED_CURRENT_AUDIT,PARTIAL_STATIC_GROUPED_DISCOVERY_IDENTITY_NOT_FROZEN,NOT_STARTED_CURRENT_AUDIT,NOT_STARTED_CURRENT_AUDIT,NOT_STARTED_CURRENT_AUDIT,NOT_STARTED_CURRENT_AUDIT,NOT_STARTED_CURRENT_AUDIT,NOT_STARTED_CURRENT_AUDIT,NOT_STARTED_CURRENT_AUDIT,NOT_LINKED_TO_CANDIDATE_CURRENT_AUDIT,LOW_PARTIAL_STATIC_DISCOVERY,H,GROUPED_DISCOVERY_CANDIDATE_NOT_FINAL_DENOMINATOR,tests/Feature/FleetAssets/FleetRealtimePrivacyTest.php:40-154,false,INCOMPLETE_GROUPED_DISCOVERY_CANDIDATE,"Static source and test-presence evidence only; no runtime, test execution, browser, benchmark, ease, release, or completion credit."
CAP-FLEET-INCIDENT-OUTING-MILEAGE,Fleet & Assets,GROUPED_DISCOVERY_CANDIDATE_NOT_FINAL_DENOMINATOR,"Fleet incident, outing, and mileage controllers",NOT_ESTABLISHED_CURRENT_AUDIT,"Record fleet incidents, outings, return, and mileage outcomes",NOT_ADJUDICATED_CURRENT_AUDIT,NOT_ESTABLISHED_CURRENT_AUDIT,NOT_ESTABLISHED_CURRENT_AUDIT,NOT_ESTABLISHED_CURRENT_AUDIT,NOT_ESTABLISHED_CURRENT_AUDIT,routes/fleet-assets.php:274-330,NOT_ESTABLISHED_CURRENT_AUDIT,"Static grouped user job only: Record fleet incidents, outings, return, and mileage outcomes. Representative-role completion was not executed.",NOT_ESTABLISHED_CURRENT_AUDIT,NOT_SELECTED_CURRENT_AUDIT,NOT_ESTABLISHED_CURRENT_AUDIT,NOT_ESTABLISHED_CURRENT_AUDIT,NOT_ESTABLISHED_CURRENT_AUDIT,NOT_DOCUMENTED_CURRENT_AUDIT,NOT_SCORED_CURRENT_AUDIT,NOT_SCORED_CURRENT_AUDIT,PARTIAL_STATIC_GROUPED_DISCOVERY_IDENTITY_NOT_FROZEN,NOT_STARTED_CURRENT_AUDIT,NOT_STARTED_CURRENT_AUDIT,NOT_STARTED_CURRENT_AUDIT,NOT_STARTED_CURRENT_AUDIT,NOT_STARTED_CURRENT_AUDIT,NOT_STARTED_CURRENT_AUDIT,NOT_STARTED_CURRENT_AUDIT,NOT_LINKED_TO_CANDIDATE_CURRENT_AUDIT,LOW_PARTIAL_STATIC_DISCOVERY,H,GROUPED_DISCOVERY_CANDIDATE_NOT_FINAL_DENOMINATOR,tests/Feature/FleetAssets/FleetIncidentTest.php:55-140,false,INCOMPLETE_GROUPED_DISCOVERY_CANDIDATE,"Static source and test-presence evidence only; no runtime, test execution, browser, benchmark, ease, release, or completion credit."
CAP-FLEET-REPORTING-EXPORT,Fleet & Assets,GROUPED_DISCOVERY_CANDIDATE_NOT_FINAL_DENOMINATOR,FleetAssets ReportController,NOT_ESTABLISHED_CURRENT_AUDIT,"Review and export fleet trips, maintenance, cost, and access reports",NOT_ADJUDICATED_CURRENT_AUDIT,NOT_ESTABLISHED_CURRENT_AUDIT,NOT_ESTABLISHED_CURRENT_AUDIT,NOT_ESTABLISHED_CURRENT_AUDIT,NOT_ESTABLISHED_CURRENT_AUDIT,app/Http/Controllers/FleetAssets/ReportController.php:24-648,NOT_ESTABLISHED_CURRENT_AUDIT,"Static grouped user job only: Review and export fleet trips, maintenance, cost, and access reports. Representative-role completion was not executed.",NOT_ESTABLISHED_CURRENT_AUDIT,NOT_SELECTED_CURRENT_AUDIT,NOT_ESTABLISHED_CURRENT_AUDIT,NOT_ESTABLISHED_CURRENT_AUDIT,NOT_ESTABLISHED_CURRENT_AUDIT,NOT_DOCUMENTED_CURRENT_AUDIT,NOT_SCORED_CURRENT_AUDIT,NOT_SCORED_CURRENT_AUDIT,PARTIAL_STATIC_GROUPED_DISCOVERY_IDENTITY_NOT_FROZEN,NOT_STARTED_CURRENT_AUDIT,NOT_STARTED_CURRENT_AUDIT,NOT_STARTED_CURRENT_AUDIT,NOT_STARTED_CURRENT_AUDIT,NOT_STARTED_CURRENT_AUDIT,NOT_STARTED_CURRENT_AUDIT,NOT_STARTED_CURRENT_AUDIT,NOT_LINKED_TO_CANDIDATE_CURRENT_AUDIT,LOW_PARTIAL_STATIC_DISCOVERY,D,GROUPED_DISCOVERY_CANDIDATE_NOT_FINAL_DENOMINATOR,tests/Unit/FleetAssets/FleetReportPeriodTest.php:19-46,false,INCOMPLETE_GROUPED_DISCOVERY_CANDIDATE,"Static source and test-presence evidence only; no runtime, test execution, browser, benchmark, ease, release, or completion credit."
CAP-SEC-DEVICE-REGISTRY-CUSTODY,Security Devices,GROUPED_DISCOVERY_CANDIDATE_NOT_FINAL_DENOMINATOR,DeviceRegistryService and SecurityDevicesAccessService,NOT_ESTABLISHED_CURRENT_AUDIT,"Register, assign, release, link, and decommission devices",NOT_ADJUDICATED_CURRENT_AUDIT,NOT_ESTABLISHED_CURRENT_AUDIT,NOT_ESTABLISHED_CURRENT_AUDIT,NOT_ESTABLISHED_CURRENT_AUDIT,NOT_ESTABLISHED_CURRENT_AUDIT,app/Domain/SecurityDevices/Services/SecurityDevicesAccessService.php:35-1272,NOT_ESTABLISHED_CURRENT_AUDIT,"Static grouped user job only: Register, assign, release, link, and decommission devices. Representative-role completion was not executed.",NOT_ESTABLISHED_CURRENT_AUDIT,NOT_SELECTED_CURRENT_AUDIT,NOT_ESTABLISHED_CURRENT_AUDIT,NOT_ESTABLISHED_CURRENT_AUDIT,NOT_ESTABLISHED_CURRENT_AUDIT,NOT_DOCUMENTED_CURRENT_AUDIT,NOT_SCORED_CURRENT_AUDIT,NOT_SCORED_CURRENT_AUDIT,PARTIAL_STATIC_GROUPED_DISCOVERY_IDENTITY_NOT_FROZEN,NOT_STARTED_CURRENT_AUDIT,NOT_STARTED_CURRENT_AUDIT,NOT_STARTED_CURRENT_AUDIT,NOT_STARTED_CURRENT_AUDIT,NOT_STARTED_CURRENT_AUDIT,NOT_STARTED_CURRENT_AUDIT,NOT_STARTED_CURRENT_AUDIT,NOT_LINKED_TO_CANDIDATE_CURRENT_AUDIT,LOW_PARTIAL_STATIC_DISCOVERY,H,GROUPED_DISCOVERY_CANDIDATE_NOT_FINAL_DENOMINATOR,tests/Feature/SecurityDevices/DeviceCustodyAuthorizationTest.php:33-137,false,INCOMPLETE_GROUPED_DISCOVERY_CANDIDATE,"Static source and test-presence evidence only; no runtime, test execution, browser, benchmark, ease, release, or completion credit."
CAP-SEC-GROUP-TOPOLOGY,Security Devices,GROUPED_DISCOVERY_CANDIDATE_NOT_FINAL_DENOMINATOR,DeviceGroupController and relationship services,NOT_ESTABLISHED_CURRENT_AUDIT,"Build device groups, rules, links, and topology",NOT_ADJUDICATED_CURRENT_AUDIT,NOT_ESTABLISHED_CURRENT_AUDIT,NOT_ESTABLISHED_CURRENT_AUDIT,NOT_ESTABLISHED_CURRENT_AUDIT,NOT_ESTABLISHED_CURRENT_AUDIT,app/Domain/SecurityDevices/Services/DeviceGroupAutoRuleService.php:50-214,NOT_ESTABLISHED_CURRENT_AUDIT,"Static grouped user job only: Build device groups, rules, links, and topology. Representative-role completion was not executed.",NOT_ESTABLISHED_CURRENT_AUDIT,NOT_SELECTED_CURRENT_AUDIT,NOT_ESTABLISHED_CURRENT_AUDIT,NOT_ESTABLISHED_CURRENT_AUDIT,NOT_ESTABLISHED_CURRENT_AUDIT,NOT_DOCUMENTED_CURRENT_AUDIT,NOT_SCORED_CURRENT_AUDIT,NOT_SCORED_CURRENT_AUDIT,PARTIAL_STATIC_GROUPED_DISCOVERY_IDENTITY_NOT_FROZEN,NOT_STARTED_CURRENT_AUDIT,NOT_STARTED_CURRENT_AUDIT,NOT_STARTED_CURRENT_AUDIT,NOT_STARTED_CURRENT_AUDIT,NOT_STARTED_CURRENT_AUDIT,NOT_STARTED_CURRENT_AUDIT,NOT_STARTED_CURRENT_AUDIT,NOT_LINKED_TO_CANDIDATE_CURRENT_AUDIT,LOW_PARTIAL_STATIC_DISCOVERY,H,GROUPED_DISCOVERY_CANDIDATE_NOT_FINAL_DENOMINATOR,tests/Feature/SecurityDevices/DeviceGroupControllerTest.php:110-160,false,INCOMPLETE_GROUPED_DISCOVERY_CANDIDATE,"Static source and test-presence evidence only; no runtime, test execution, browser, benchmark, ease, release, or completion credit."
CAP-SEC-GOVERNED-COMMAND,Security Devices,GROUPED_DISCOVERY_CANDIDATE_NOT_FINAL_DENOMINATOR,DeviceManagementAuthorizationService and GovernedCommandDispatchService,NOT_ESTABLISHED_CURRENT_AUDIT,"Request, approve, dispatch, and reconcile device commands",NOT_ADJUDICATED_CURRENT_AUDIT,NOT_ESTABLISHED_CURRENT_AUDIT,NOT_ESTABLISHED_CURRENT_AUDIT,NOT_ESTABLISHED_CURRENT_AUDIT,NOT_ESTABLISHED_CURRENT_AUDIT,app/Domain/SecurityDevices/Management/Services/GovernedCommandDispatchService.php:48-508,NOT_ESTABLISHED_CURRENT_AUDIT,"Static grouped user job only: Request, approve, dispatch, and reconcile device commands. Representative-role completion was not executed.",NOT_ESTABLISHED_CURRENT_AUDIT,NOT_SELECTED_CURRENT_AUDIT,NOT_ESTABLISHED_CURRENT_AUDIT,NOT_ESTABLISHED_CURRENT_AUDIT,NOT_ESTABLISHED_CURRENT_AUDIT,NOT_DOCUMENTED_CURRENT_AUDIT,NOT_SCORED_CURRENT_AUDIT,NOT_SCORED_CURRENT_AUDIT,PARTIAL_STATIC_GROUPED_DISCOVERY_IDENTITY_NOT_FROZEN,NOT_STARTED_CURRENT_AUDIT,NOT_STARTED_CURRENT_AUDIT,NOT_STARTED_CURRENT_AUDIT,NOT_STARTED_CURRENT_AUDIT,NOT_STARTED_CURRENT_AUDIT,NOT_STARTED_CURRENT_AUDIT,NOT_STARTED_CURRENT_AUDIT,NOT_LINKED_TO_CANDIDATE_CURRENT_AUDIT,LOW_PARTIAL_STATIC_DISCOVERY,H,GROUPED_DISCOVERY_CANDIDATE_NOT_FINAL_DENOMINATOR,tests/Feature/SecurityDevices/DeviceManagementAuthorizationTest.php:65-266,false,INCOMPLETE_GROUPED_DISCOVERY_CANDIDATE,"Static source and test-presence evidence only; no runtime, test execution, browser, benchmark, ease, release, or completion credit."
CAP-SEC-ACCESS-CONTROL,Security Devices,GROUPED_DISCOVERY_CANDIDATE_NOT_FINAL_DENOMINATOR,AccessControlLifecycleService,NOT_ESTABLISHED_CURRENT_AUDIT,Version access schedules and issue or revoke credentials,NOT_ADJUDICATED_CURRENT_AUDIT,NOT_ESTABLISHED_CURRENT_AUDIT,NOT_ESTABLISHED_CURRENT_AUDIT,NOT_ESTABLISHED_CURRENT_AUDIT,NOT_ESTABLISHED_CURRENT_AUDIT,app/Domain/SecurityDevices/AccessControl/Services/AccessControlLifecycleService.php:26-378,NOT_ESTABLISHED_CURRENT_AUDIT,Static grouped user job only: Version access schedules and issue or revoke credentials. Representative-role completion was not executed.,NOT_ESTABLISHED_CURRENT_AUDIT,NOT_SELECTED_CURRENT_AUDIT,NOT_ESTABLISHED_CURRENT_AUDIT,NOT_ESTABLISHED_CURRENT_AUDIT,NOT_ESTABLISHED_CURRENT_AUDIT,NOT_DOCUMENTED_CURRENT_AUDIT,NOT_SCORED_CURRENT_AUDIT,NOT_SCORED_CURRENT_AUDIT,PARTIAL_STATIC_GROUPED_DISCOVERY_IDENTITY_NOT_FROZEN,NOT_STARTED_CURRENT_AUDIT,NOT_STARTED_CURRENT_AUDIT,NOT_STARTED_CURRENT_AUDIT,NOT_STARTED_CURRENT_AUDIT,NOT_STARTED_CURRENT_AUDIT,NOT_STARTED_CURRENT_AUDIT,NOT_STARTED_CURRENT_AUDIT,NOT_LINKED_TO_CANDIDATE_CURRENT_AUDIT,LOW_PARTIAL_STATIC_DISCOVERY,H,GROUPED_DISCOVERY_CANDIDATE_NOT_FINAL_DENOMINATOR,tests/Feature/SecurityDevices/AccessControlWorkflowTest.php:144-451,false,INCOMPLETE_GROUPED_DISCOVERY_CANDIDATE,"Static source and test-presence evidence only; no runtime, test execution, browser, benchmark, ease, release, or completion credit."
CAP-SEC-MONITORING-POLICY,Security Devices,GROUPED_DISCOVERY_CANDIDATE_NOT_FINAL_DENOMINATOR,NativeMonitoringDefinitionService and monitoring policy owners,NOT_ESTABLISHED_CURRENT_AUDIT,"Author monitors, coverage, maintenance, and retention policies",NOT_ADJUDICATED_CURRENT_AUDIT,NOT_ESTABLISHED_CURRENT_AUDIT,NOT_ESTABLISHED_CURRENT_AUDIT,NOT_ESTABLISHED_CURRENT_AUDIT,NOT_ESTABLISHED_CURRENT_AUDIT,app/Domain/Monitoring/Services/NativeMonitoringDefinitionService.php:86-282,NOT_ESTABLISHED_CURRENT_AUDIT,"Static grouped user job only: Author monitors, coverage, maintenance, and retention policies. Representative-role completion was not executed.",NOT_ESTABLISHED_CURRENT_AUDIT,NOT_SELECTED_CURRENT_AUDIT,NOT_ESTABLISHED_CURRENT_AUDIT,NOT_ESTABLISHED_CURRENT_AUDIT,NOT_ESTABLISHED_CURRENT_AUDIT,NOT_DOCUMENTED_CURRENT_AUDIT,NOT_SCORED_CURRENT_AUDIT,NOT_SCORED_CURRENT_AUDIT,PARTIAL_STATIC_GROUPED_DISCOVERY_IDENTITY_NOT_FROZEN,NOT_STARTED_CURRENT_AUDIT,NOT_STARTED_CURRENT_AUDIT,NOT_STARTED_CURRENT_AUDIT,NOT_STARTED_CURRENT_AUDIT,NOT_STARTED_CURRENT_AUDIT,NOT_STARTED_CURRENT_AUDIT,NOT_STARTED_CURRENT_AUDIT,NOT_LINKED_TO_CANDIDATE_CURRENT_AUDIT,LOW_PARTIAL_STATIC_DISCOVERY,H,GROUPED_DISCOVERY_CANDIDATE_NOT_FINAL_DENOMINATOR,tests/Feature/Monitoring/MonitoringPolicyAuthoringServiceTest.php:27-312,false,INCOMPLETE_GROUPED_DISCOVERY_CANDIDATE,"Static source and test-presence evidence only; no runtime, test execution, browser, benchmark, ease, release, or completion credit."
CAP-SEC-DISCOVERY-COLLECTOR,Security Devices,GROUPED_DISCOVERY_CANDIDATE_NOT_FINAL_DENOMINATOR,Discovery services and MonitoringCollectorLifecycleController,NOT_ESTABLISHED_CURRENT_AUDIT,Define discovery scope and govern Site-scoped collectors,NOT_ADJUDICATED_CURRENT_AUDIT,NOT_ESTABLISHED_CURRENT_AUDIT,NOT_ESTABLISHED_CURRENT_AUDIT,NOT_ESTABLISHED_CURRENT_AUDIT,NOT_ESTABLISHED_CURRENT_AUDIT,app/Domain/Monitoring/Services/NativeMonitoringDefinitionService.php:240-282,NOT_ESTABLISHED_CURRENT_AUDIT,Static grouped user job only: Define discovery scope and govern Site-scoped collectors. Representative-role completion was not executed.,NOT_ESTABLISHED_CURRENT_AUDIT,NOT_SELECTED_CURRENT_AUDIT,NOT_ESTABLISHED_CURRENT_AUDIT,NOT_ESTABLISHED_CURRENT_AUDIT,NOT_ESTABLISHED_CURRENT_AUDIT,NOT_DOCUMENTED_CURRENT_AUDIT,NOT_SCORED_CURRENT_AUDIT,NOT_SCORED_CURRENT_AUDIT,PARTIAL_STATIC_GROUPED_DISCOVERY_IDENTITY_NOT_FROZEN,NOT_STARTED_CURRENT_AUDIT,NOT_STARTED_CURRENT_AUDIT,NOT_STARTED_CURRENT_AUDIT,NOT_STARTED_CURRENT_AUDIT,NOT_STARTED_CURRENT_AUDIT,NOT_STARTED_CURRENT_AUDIT,NOT_STARTED_CURRENT_AUDIT,NOT_LINKED_TO_CANDIDATE_CURRENT_AUDIT,LOW_PARTIAL_STATIC_DISCOVERY,H,GROUPED_DISCOVERY_CANDIDATE_NOT_FINAL_DENOMINATOR,tests/Feature/Monitoring/DiscoveryRunTest.php:135-482,false,INCOMPLETE_GROUPED_DISCOVERY_CANDIDATE,"Static source and test-presence evidence only; no runtime, test execution, browser, benchmark, ease, release, or completion credit."
CAP-SEC-PROVIDER-INTEGRATIONS,Security Devices,GROUPED_DISCOVERY_CANDIDATE_NOT_FINAL_DENOMINATOR,Integration controllers and IntegrationSecretManager,NOT_ESTABLISHED_CURRENT_AUDIT,"Configure UniFi, Queclink, and Milesight provider workflows",NOT_ADJUDICATED_CURRENT_AUDIT,NOT_ESTABLISHED_CURRENT_AUDIT,NOT_ESTABLISHED_CURRENT_AUDIT,NOT_ESTABLISHED_CURRENT_AUDIT,NOT_ESTABLISHED_CURRENT_AUDIT,app/Services/Integration/IntegrationSecretManager.php:41-600,NOT_ESTABLISHED_CURRENT_AUDIT,"Static grouped user job only: Configure UniFi, Queclink, and Milesight provider workflows. Representative-role completion was not executed.",NOT_ESTABLISHED_CURRENT_AUDIT,NOT_SELECTED_CURRENT_AUDIT,NOT_ESTABLISHED_CURRENT_AUDIT,NOT_ESTABLISHED_CURRENT_AUDIT,NOT_ESTABLISHED_CURRENT_AUDIT,NOT_DOCUMENTED_CURRENT_AUDIT,NOT_SCORED_CURRENT_AUDIT,NOT_SCORED_CURRENT_AUDIT,PARTIAL_STATIC_GROUPED_DISCOVERY_IDENTITY_NOT_FROZEN,NOT_STARTED_CURRENT_AUDIT,NOT_STARTED_CURRENT_AUDIT,NOT_STARTED_CURRENT_AUDIT,NOT_STARTED_CURRENT_AUDIT,NOT_STARTED_CURRENT_AUDIT,NOT_STARTED_CURRENT_AUDIT,NOT_STARTED_CURRENT_AUDIT,NOT_LINKED_TO_CANDIDATE_CURRENT_AUDIT,LOW_PARTIAL_STATIC_DISCOVERY,H,GROUPED_DISCOVERY_CANDIDATE_NOT_FINAL_DENOMINATOR,tests/Feature/Integrations/UnifiTransportSecurityTest.php:51-166,false,INCOMPLETE_GROUPED_DISCOVERY_CANDIDATE,"Static source and test-presence evidence only; no runtime, test execution, browser, benchmark, ease, release, or completion credit."
CAP-SEC-REPORTING-EXPORT,Security Devices,GROUPED_DISCOVERY_CANDIDATE_NOT_FINAL_DENOMINATOR,SecurityDevices ReportsController,NOT_ESTABLISHED_CURRENT_AUDIT,"Export visible device, event, and maintenance registers",NOT_ADJUDICATED_CURRENT_AUDIT,NOT_ESTABLISHED_CURRENT_AUDIT,NOT_ESTABLISHED_CURRENT_AUDIT,NOT_ESTABLISHED_CURRENT_AUDIT,NOT_ESTABLISHED_CURRENT_AUDIT,app/Domain/SecurityDevices/Http/Controllers/ReportsController.php:65-237,NOT_ESTABLISHED_CURRENT_AUDIT,"Static grouped user job only: Export visible device, event, and maintenance registers. Representative-role completion was not executed.",NOT_ESTABLISHED_CURRENT_AUDIT,NOT_SELECTED_CURRENT_AUDIT,NOT_ESTABLISHED_CURRENT_AUDIT,NOT_ESTABLISHED_CURRENT_AUDIT,NOT_ESTABLISHED_CURRENT_AUDIT,NOT_DOCUMENTED_CURRENT_AUDIT,NOT_SCORED_CURRENT_AUDIT,NOT_SCORED_CURRENT_AUDIT,PARTIAL_STATIC_GROUPED_DISCOVERY_IDENTITY_NOT_FROZEN,NOT_STARTED_CURRENT_AUDIT,NOT_STARTED_CURRENT_AUDIT,NOT_STARTED_CURRENT_AUDIT,NOT_STARTED_CURRENT_AUDIT,NOT_STARTED_CURRENT_AUDIT,NOT_STARTED_CURRENT_AUDIT,NOT_STARTED_CURRENT_AUDIT,NOT_LINKED_TO_CANDIDATE_CURRENT_AUDIT,LOW_PARTIAL_STATIC_DISCOVERY,D,GROUPED_DISCOVERY_CANDIDATE_NOT_FINAL_DENOMINATOR,tests/Feature/SecurityDevices/ReportsExportTest.php:47-190,false,INCOMPLETE_GROUPED_DISCOVERY_CANDIDATE,"Static source and test-presence evidence only; no runtime, test execution, browser, benchmark, ease, release, or completion credit."
CAP-IT-SELF-SERVICE-TICKET-KB,IT & Support,GROUPED_DISCOVERY_CANDIDATE_NOT_FINAL_DENOMINATOR,"ItTicketController, ItWorkAccessService, and policy",NOT_ESTABLISHED_CURRENT_AUDIT,Raise and track owned support work and use published knowledge,NOT_ADJUDICATED_CURRENT_AUDIT,NOT_ESTABLISHED_CURRENT_AUDIT,NOT_ESTABLISHED_CURRENT_AUDIT,NOT_ESTABLISHED_CURRENT_AUDIT,NOT_ESTABLISHED_CURRENT_AUDIT,app/Domain/It/Services/ItWorkAccessService.php:78-356,NOT_ESTABLISHED_CURRENT_AUDIT,Static grouped user job only: Raise and track owned support work and use published knowledge. Representative-role completion was not executed.,NOT_ESTABLISHED_CURRENT_AUDIT,NOT_SELECTED_CURRENT_AUDIT,NOT_ESTABLISHED_CURRENT_AUDIT,NOT_ESTABLISHED_CURRENT_AUDIT,NOT_ESTABLISHED_CURRENT_AUDIT,NOT_DOCUMENTED_CURRENT_AUDIT,NOT_SCORED_CURRENT_AUDIT,NOT_SCORED_CURRENT_AUDIT,PARTIAL_STATIC_GROUPED_DISCOVERY_IDENTITY_NOT_FROZEN,NOT_STARTED_CURRENT_AUDIT,NOT_STARTED_CURRENT_AUDIT,NOT_STARTED_CURRENT_AUDIT,NOT_STARTED_CURRENT_AUDIT,NOT_STARTED_CURRENT_AUDIT,NOT_STARTED_CURRENT_AUDIT,NOT_STARTED_CURRENT_AUDIT,NOT_LINKED_TO_CANDIDATE_CURRENT_AUDIT,LOW_PARTIAL_STATIC_DISCOVERY,H,GROUPED_DISCOVERY_CANDIDATE_NOT_FINAL_DENOMINATOR,tests/Feature/It/ItTicketAuthzTest.php:37-172,false,INCOMPLETE_GROUPED_DISCOVERY_CANDIDATE,"Static source and test-presence evidence only; no runtime, test execution, browser, benchmark, ease, release, or completion credit."
CAP-IT-AGENT-TICKET-WORKFLOW,IT & Support,GROUPED_DISCOVERY_CANDIDATE_NOT_FINAL_DENOMINATOR,ItTicketTriageService and work-task services,NOT_ESTABLISHED_CURRENT_AUDIT,"Triage, assign, merge, approve, and complete authorised IT work",NOT_ADJUDICATED_CURRENT_AUDIT,NOT_ESTABLISHED_CURRENT_AUDIT,NOT_ESTABLISHED_CURRENT_AUDIT,NOT_ESTABLISHED_CURRENT_AUDIT,NOT_ESTABLISHED_CURRENT_AUDIT,app/Domain/It/Services/ItTicketTriageService.php:51-397,NOT_ESTABLISHED_CURRENT_AUDIT,"Static grouped user job only: Triage, assign, merge, approve, and complete authorised IT work. Representative-role completion was not executed.",NOT_ESTABLISHED_CURRENT_AUDIT,NOT_SELECTED_CURRENT_AUDIT,NOT_ESTABLISHED_CURRENT_AUDIT,NOT_ESTABLISHED_CURRENT_AUDIT,NOT_ESTABLISHED_CURRENT_AUDIT,NOT_DOCUMENTED_CURRENT_AUDIT,NOT_SCORED_CURRENT_AUDIT,NOT_SCORED_CURRENT_AUDIT,PARTIAL_STATIC_GROUPED_DISCOVERY_IDENTITY_NOT_FROZEN,NOT_STARTED_CURRENT_AUDIT,NOT_STARTED_CURRENT_AUDIT,NOT_STARTED_CURRENT_AUDIT,NOT_STARTED_CURRENT_AUDIT,NOT_STARTED_CURRENT_AUDIT,NOT_STARTED_CURRENT_AUDIT,NOT_STARTED_CURRENT_AUDIT,NOT_LINKED_TO_CANDIDATE_CURRENT_AUDIT,LOW_PARTIAL_STATIC_DISCOVERY,H,GROUPED_DISCOVERY_CANDIDATE_NOT_FINAL_DENOMINATOR,tests/Feature/It/ItWorkAccessControllerTest.php:113-409,false,INCOMPLETE_GROUPED_DISCOVERY_CANDIDATE,"Static source and test-presence evidence only; no runtime, test execution, browser, benchmark, ease, release, or completion credit."
CAP-IT-PROVISIONING-LIFECYCLE,IT & Support,GROUPED_DISCOVERY_CANDIDATE_NOT_FINAL_DENOMINATOR,ItProvisioningRequestLifecycleService,NOT_ESTABLISHED_CURRENT_AUDIT,"Create, approve, fulfil, fail, or cancel provisioning requests",NOT_ADJUDICATED_CURRENT_AUDIT,NOT_ESTABLISHED_CURRENT_AUDIT,NOT_ESTABLISHED_CURRENT_AUDIT,NOT_ESTABLISHED_CURRENT_AUDIT,NOT_ESTABLISHED_CURRENT_AUDIT,app/Domain/It/Services/ItProvisioningRequestLifecycleService.php:32-392,NOT_ESTABLISHED_CURRENT_AUDIT,"Static grouped user job only: Create, approve, fulfil, fail, or cancel provisioning requests. Representative-role completion was not executed.",NOT_ESTABLISHED_CURRENT_AUDIT,NOT_SELECTED_CURRENT_AUDIT,NOT_ESTABLISHED_CURRENT_AUDIT,NOT_ESTABLISHED_CURRENT_AUDIT,NOT_ESTABLISHED_CURRENT_AUDIT,NOT_DOCUMENTED_CURRENT_AUDIT,NOT_SCORED_CURRENT_AUDIT,NOT_SCORED_CURRENT_AUDIT,PARTIAL_STATIC_GROUPED_DISCOVERY_IDENTITY_NOT_FROZEN,NOT_STARTED_CURRENT_AUDIT,NOT_STARTED_CURRENT_AUDIT,NOT_STARTED_CURRENT_AUDIT,NOT_STARTED_CURRENT_AUDIT,NOT_STARTED_CURRENT_AUDIT,NOT_STARTED_CURRENT_AUDIT,NOT_STARTED_CURRENT_AUDIT,NOT_LINKED_TO_CANDIDATE_CURRENT_AUDIT,LOW_PARTIAL_STATIC_DISCOVERY,H,GROUPED_DISCOVERY_CANDIDATE_NOT_FINAL_DENOMINATOR,tests/Feature/It/ItProvisioningTest.php:150-248,false,INCOMPLETE_GROUPED_DISCOVERY_CANDIDATE,"Static source and test-presence evidence only; no runtime, test execution, browser, benchmark, ease, release, or completion credit."
CAP-IT-CHANGE-PROBLEM-MAJOR-INCIDENT,IT & Support,GROUPED_DISCOVERY_CANDIDATE_NOT_FINAL_DENOMINATOR,"IT service, change, problem, and major-incident services",NOT_ESTABLISHED_CURRENT_AUDIT,"Manage service setup, changes, problems, and major incidents",NOT_ADJUDICATED_CURRENT_AUDIT,NOT_ESTABLISHED_CURRENT_AUDIT,NOT_ESTABLISHED_CURRENT_AUDIT,NOT_ESTABLISHED_CURRENT_AUDIT,NOT_ESTABLISHED_CURRENT_AUDIT,app/Domain/It/Services/ItMajorIncidentService.php:33-397,NOT_ESTABLISHED_CURRENT_AUDIT,"Static grouped user job only: Manage service setup, changes, problems, and major incidents. Representative-role completion was not executed.",NOT_ESTABLISHED_CURRENT_AUDIT,NOT_SELECTED_CURRENT_AUDIT,NOT_ESTABLISHED_CURRENT_AUDIT,NOT_ESTABLISHED_CURRENT_AUDIT,NOT_ESTABLISHED_CURRENT_AUDIT,NOT_DOCUMENTED_CURRENT_AUDIT,NOT_SCORED_CURRENT_AUDIT,NOT_SCORED_CURRENT_AUDIT,PARTIAL_STATIC_GROUPED_DISCOVERY_IDENTITY_NOT_FROZEN,NOT_STARTED_CURRENT_AUDIT,NOT_STARTED_CURRENT_AUDIT,NOT_STARTED_CURRENT_AUDIT,NOT_STARTED_CURRENT_AUDIT,NOT_STARTED_CURRENT_AUDIT,NOT_STARTED_CURRENT_AUDIT,NOT_STARTED_CURRENT_AUDIT,NOT_LINKED_TO_CANDIDATE_CURRENT_AUDIT,LOW_PARTIAL_STATIC_DISCOVERY,H,GROUPED_DISCOVERY_CANDIDATE_NOT_FINAL_DENOMINATOR,tests/Feature/It/ItWorkAccessControllerTest.php:441-477,false,INCOMPLETE_GROUPED_DISCOVERY_CANDIDATE,"Static source and test-presence evidence only; no runtime, test execution, browser, benchmark, ease, release, or completion credit."
CAP-IT-REPORTING-EXPORT,IT & Support,GROUPED_DISCOVERY_CANDIDATE_NOT_FINAL_DENOMINATOR,ItReportsController,NOT_ESTABLISHED_CURRENT_AUDIT,Review and export scoped IT and reliability reports,NOT_ADJUDICATED_CURRENT_AUDIT,NOT_ESTABLISHED_CURRENT_AUDIT,NOT_ESTABLISHED_CURRENT_AUDIT,NOT_ESTABLISHED_CURRENT_AUDIT,NOT_ESTABLISHED_CURRENT_AUDIT,app/Http/Controllers/It/ItReportsController.php:40-712,NOT_ESTABLISHED_CURRENT_AUDIT,Static grouped user job only: Review and export scoped IT and reliability reports. Representative-role completion was not executed.,NOT_ESTABLISHED_CURRENT_AUDIT,NOT_SELECTED_CURRENT_AUDIT,NOT_ESTABLISHED_CURRENT_AUDIT,NOT_ESTABLISHED_CURRENT_AUDIT,NOT_ESTABLISHED_CURRENT_AUDIT,NOT_DOCUMENTED_CURRENT_AUDIT,NOT_SCORED_CURRENT_AUDIT,NOT_SCORED_CURRENT_AUDIT,PARTIAL_STATIC_GROUPED_DISCOVERY_IDENTITY_NOT_FROZEN,NOT_STARTED_CURRENT_AUDIT,NOT_STARTED_CURRENT_AUDIT,NOT_STARTED_CURRENT_AUDIT,NOT_STARTED_CURRENT_AUDIT,NOT_STARTED_CURRENT_AUDIT,NOT_STARTED_CURRENT_AUDIT,NOT_STARTED_CURRENT_AUDIT,NOT_LINKED_TO_CANDIDATE_CURRENT_AUDIT,LOW_PARTIAL_STATIC_DISCOVERY,D,GROUPED_DISCOVERY_CANDIDATE_NOT_FINAL_DENOMINATOR,tests/Feature/It/ItReportsTest.php:93-266,false,INCOMPLETE_GROUPED_DISCOVERY_CANDIDATE,"Static source and test-presence evidence only; no runtime, test execution, browser, benchmark, ease, release, or completion credit."
CAP-INT-INBOUND-PROVIDER-WEBHOOK,Integrations,GROUPED_DISCOVERY_CANDIDATE_NOT_FINAL_DENOMINATOR,WebhookReceiverController and provider binding/projector services,NOT_ESTABLISHED_CURRENT_AUDIT,Receive signed provider events and project them idempotently,NOT_ADJUDICATED_CURRENT_AUDIT,NOT_ESTABLISHED_CURRENT_AUDIT,NOT_ESTABLISHED_CURRENT_AUDIT,NOT_ESTABLISHED_CURRENT_AUDIT,NOT_ESTABLISHED_CURRENT_AUDIT,app/Http/Controllers/Api/WebhookReceiverController.php:41-222,NOT_ESTABLISHED_CURRENT_AUDIT,Static grouped user job only: Receive signed provider events and project them idempotently. Representative-role completion was not executed.,NOT_ESTABLISHED_CURRENT_AUDIT,NOT_SELECTED_CURRENT_AUDIT,NOT_ESTABLISHED_CURRENT_AUDIT,NOT_ESTABLISHED_CURRENT_AUDIT,NOT_ESTABLISHED_CURRENT_AUDIT,NOT_DOCUMENTED_CURRENT_AUDIT,NOT_SCORED_CURRENT_AUDIT,NOT_SCORED_CURRENT_AUDIT,PARTIAL_STATIC_GROUPED_DISCOVERY_IDENTITY_NOT_FROZEN,NOT_STARTED_CURRENT_AUDIT,NOT_STARTED_CURRENT_AUDIT,NOT_STARTED_CURRENT_AUDIT,NOT_STARTED_CURRENT_AUDIT,NOT_STARTED_CURRENT_AUDIT,NOT_STARTED_CURRENT_AUDIT,NOT_STARTED_CURRENT_AUDIT,NOT_LINKED_TO_CANDIDATE_CURRENT_AUDIT,LOW_PARTIAL_STATIC_DISCOVERY,D,GROUPED_DISCOVERY_CANDIDATE_NOT_FINAL_DENOMINATOR,tests/Feature/Integrations/WebhookReceiverTest.php:51-298,false,INCOMPLETE_GROUPED_DISCOVERY_CANDIDATE,"Static source and test-presence evidence only; no runtime, test execution, browser, benchmark, ease, release, or completion credit."
CAP-INT-SITE-PROVIDER-SYNC-SECRETS,Integrations,GROUPED_DISCOVERY_CANDIDATE_NOT_FINAL_DENOMINATOR,SiteIntegrationController and IntegrationSecretManager,NOT_ESTABLISHED_CURRENT_AUDIT,"Configure Site provider connections, secrets, mappings, and sync",NOT_ADJUDICATED_CURRENT_AUDIT,NOT_ESTABLISHED_CURRENT_AUDIT,NOT_ESTABLISHED_CURRENT_AUDIT,NOT_ESTABLISHED_CURRENT_AUDIT,NOT_ESTABLISHED_CURRENT_AUDIT,app/Http/Controllers/Sites/SiteIntegrationController.php:94-603,NOT_ESTABLISHED_CURRENT_AUDIT,"Static grouped user job only: Configure Site provider connections, secrets, mappings, and sync. Representative-role completion was not executed.",NOT_ESTABLISHED_CURRENT_AUDIT,NOT_SELECTED_CURRENT_AUDIT,NOT_ESTABLISHED_CURRENT_AUDIT,NOT_ESTABLISHED_CURRENT_AUDIT,NOT_ESTABLISHED_CURRENT_AUDIT,NOT_DOCUMENTED_CURRENT_AUDIT,NOT_SCORED_CURRENT_AUDIT,NOT_SCORED_CURRENT_AUDIT,PARTIAL_STATIC_GROUPED_DISCOVERY_IDENTITY_NOT_FROZEN,NOT_STARTED_CURRENT_AUDIT,NOT_STARTED_CURRENT_AUDIT,NOT_STARTED_CURRENT_AUDIT,NOT_STARTED_CURRENT_AUDIT,NOT_STARTED_CURRENT_AUDIT,NOT_STARTED_CURRENT_AUDIT,NOT_STARTED_CURRENT_AUDIT,NOT_LINKED_TO_CANDIDATE_CURRENT_AUDIT,LOW_PARTIAL_STATIC_DISCOVERY,D,GROUPED_DISCOVERY_CANDIDATE_NOT_FINAL_DENOMINATOR,tests/Feature/Sites/SiteIntegrationMutationSafetyTest.php:74-189,false,INCOMPLETE_GROUPED_DISCOVERY_CANDIDATE,"Static source and test-presence evidence only; no runtime, test execution, browser, benchmark, ease, release, or completion credit."
CAP-INT-ADMIN-CONNECTIONS,Integrations,GROUPED_DISCOVERY_CANDIDATE_NOT_FINAL_DENOMINATOR,ApiSettingsController and integration settings owners,NOT_ESTABLISHED_CURRENT_AUDIT,"Manage API keys, outbound webhooks, calendars, and mailboxes",NOT_ADJUDICATED_CURRENT_AUDIT,NOT_ESTABLISHED_CURRENT_AUDIT,NOT_ESTABLISHED_CURRENT_AUDIT,NOT_ESTABLISHED_CURRENT_AUDIT,NOT_ESTABLISHED_CURRENT_AUDIT,routes/settings.php:201-219,NOT_ESTABLISHED_CURRENT_AUDIT,"Static grouped user job only: Manage API keys, outbound webhooks, calendars, and mailboxes. Representative-role completion was not executed.",frappe/frappe,NOT_SELECTED_CURRENT_AUDIT,https://github.com/frappe/frappe@e97865c3212334a6b3112177ee0aa81620173f81,PROVISIONAL_AGENT_EVIDENCE_ONLY; see evidence/benchmark/current-benchmark-wave-01.json,NOT_ESTABLISHED_CURRENT_AUDIT,NOT_DOCUMENTED_CURRENT_AUDIT,NOT_SCORED_CURRENT_AUDIT,NOT_SCORED_CURRENT_AUDIT,PARTIAL_STATIC_GROUPED_DISCOVERY_IDENTITY_NOT_FROZEN,NOT_STARTED_CURRENT_AUDIT,RUN-009_OBLIVION_SPECIFIC_GAP_PACKET_NO_CREDIT,NOT_STARTED_CURRENT_AUDIT,NOT_STARTED_CURRENT_AUDIT,NOT_STARTED_CURRENT_AUDIT,NOT_STARTED_CURRENT_AUDIT,NOT_STARTED_CURRENT_AUDIT,NOT_LINKED_TO_CANDIDATE_CURRENT_AUDIT,LOW_PARTIAL_STATIC_DISCOVERY,D,GROUPED_DISCOVERY_CANDIDATE_NOT_FINAL_DENOMINATOR,tests/Browser/Settings/ApiSettingsInteractionTest.php:22-116,false,INCOMPLETE_GROUPED_DISCOVERY_CANDIDATE,"Static source and test-presence evidence only; no runtime, test execution, browser, benchmark, ease, release, or completion credit."
CAP-CR-ALERT-WORKLIST-LIFECYCLE,Control Room,GROUPED_DISCOVERY_CANDIDATE_NOT_FINAL_DENOMINATOR,ControlRoomAlertAccessService and lifecycle service,NOT_ESTABLISHED_CURRENT_AUDIT,"Inspect, acknowledge, triage, resolve, close, or reopen alerts",NOT_ADJUDICATED_CURRENT_AUDIT,NOT_ESTABLISHED_CURRENT_AUDIT,NOT_ESTABLISHED_CURRENT_AUDIT,NOT_ESTABLISHED_CURRENT_AUDIT,NOT_ESTABLISHED_CURRENT_AUDIT,app/Services/ControlRoom/ControlRoomAlertLifecycleService.php:45-777,NOT_ESTABLISHED_CURRENT_AUDIT,"Static grouped user job only: Inspect, acknowledge, triage, resolve, close, or reopen alerts. Representative-role completion was not executed.",NOT_ESTABLISHED_CURRENT_AUDIT,NOT_SELECTED_CURRENT_AUDIT,NOT_ESTABLISHED_CURRENT_AUDIT,NOT_ESTABLISHED_CURRENT_AUDIT,NOT_ESTABLISHED_CURRENT_AUDIT,NOT_DOCUMENTED_CURRENT_AUDIT,NOT_SCORED_CURRENT_AUDIT,NOT_SCORED_CURRENT_AUDIT,PARTIAL_STATIC_GROUPED_DISCOVERY_IDENTITY_NOT_FROZEN,NOT_STARTED_CURRENT_AUDIT,NOT_STARTED_CURRENT_AUDIT,NOT_STARTED_CURRENT_AUDIT,NOT_STARTED_CURRENT_AUDIT,NOT_STARTED_CURRENT_AUDIT,NOT_STARTED_CURRENT_AUDIT,NOT_STARTED_CURRENT_AUDIT,NOT_LINKED_TO_CANDIDATE_CURRENT_AUDIT,LOW_PARTIAL_STATIC_DISCOVERY,H,GROUPED_DISCOVERY_CANDIDATE_NOT_FINAL_DENOMINATOR,tests/Feature/ControlRoom/ControlRoomAlertViewScopeTest.php:29-188,false,INCOMPLETE_GROUPED_DISCOVERY_CANDIDATE,"Static source and test-presence evidence only; no runtime, test execution, browser, benchmark, ease, release, or completion credit."
CAP-CR-TASK-ESCALATION-MY-QUEUE,Control Room,GROUPED_DISCOVERY_CANDIDATE_NOT_FINAL_DENOMINATOR,Control Room task/escalation owners,NOT_ESTABLISHED_CURRENT_AUDIT,"Work follow-ups, alert tasks, escalations, and H&S transfer",NOT_ADJUDICATED_CURRENT_AUDIT,NOT_ESTABLISHED_CURRENT_AUDIT,NOT_ESTABLISHED_CURRENT_AUDIT,NOT_ESTABLISHED_CURRENT_AUDIT,NOT_ESTABLISHED_CURRENT_AUDIT,routes/control-room.php:143-180,NOT_ESTABLISHED_CURRENT_AUDIT,"Static grouped user job only: Work follow-ups, alert tasks, escalations, and H&S transfer. Representative-role completion was not executed.",NOT_ESTABLISHED_CURRENT_AUDIT,NOT_SELECTED_CURRENT_AUDIT,NOT_ESTABLISHED_CURRENT_AUDIT,NOT_ESTABLISHED_CURRENT_AUDIT,NOT_ESTABLISHED_CURRENT_AUDIT,NOT_DOCUMENTED_CURRENT_AUDIT,NOT_SCORED_CURRENT_AUDIT,NOT_SCORED_CURRENT_AUDIT,PARTIAL_STATIC_GROUPED_DISCOVERY_IDENTITY_NOT_FROZEN,NOT_STARTED_CURRENT_AUDIT,NOT_STARTED_CURRENT_AUDIT,NOT_STARTED_CURRENT_AUDIT,NOT_STARTED_CURRENT_AUDIT,NOT_STARTED_CURRENT_AUDIT,NOT_STARTED_CURRENT_AUDIT,NOT_STARTED_CURRENT_AUDIT,NOT_LINKED_TO_CANDIDATE_CURRENT_AUDIT,LOW_PARTIAL_STATIC_DISCOVERY,H,GROUPED_DISCOVERY_CANDIDATE_NOT_FINAL_DENOMINATOR,tests/Feature/ControlRoom/ControlRoomNestedRecordAuthorizationTest.php:63-216,false,INCOMPLETE_GROUPED_DISCOVERY_CANDIDATE,"Static source and test-presence evidence only; no runtime, test execution, browser, benchmark, ease, release, or completion credit."
CAP-CR-SHIFT-HANDOVER,Control Room,GROUPED_DISCOVERY_CANDIDATE_NOT_FINAL_DENOMINATOR,ControlRoomHandoverScopeService and shift handover service,NOT_ESTABLISHED_CURRENT_AUDIT,"Prepare, hand over, accept, and acknowledge complete shift state",NOT_ADJUDICATED_CURRENT_AUDIT,NOT_ESTABLISHED_CURRENT_AUDIT,NOT_ESTABLISHED_CURRENT_AUDIT,NOT_ESTABLISHED_CURRENT_AUDIT,NOT_ESTABLISHED_CURRENT_AUDIT,app/Services/ControlRoom/ControlRoomHandoverScopeService.php:65-547,NOT_ESTABLISHED_CURRENT_AUDIT,"Static grouped user job only: Prepare, hand over, accept, and acknowledge complete shift state. Representative-role completion was not executed.",NOT_ESTABLISHED_CURRENT_AUDIT,NOT_SELECTED_CURRENT_AUDIT,NOT_ESTABLISHED_CURRENT_AUDIT,NOT_ESTABLISHED_CURRENT_AUDIT,NOT_ESTABLISHED_CURRENT_AUDIT,NOT_DOCUMENTED_CURRENT_AUDIT,NOT_SCORED_CURRENT_AUDIT,NOT_SCORED_CURRENT_AUDIT,PARTIAL_STATIC_GROUPED_DISCOVERY_IDENTITY_NOT_FROZEN,NOT_STARTED_CURRENT_AUDIT,NOT_STARTED_CURRENT_AUDIT,NOT_STARTED_CURRENT_AUDIT,NOT_STARTED_CURRENT_AUDIT,NOT_STARTED_CURRENT_AUDIT,NOT_STARTED_CURRENT_AUDIT,NOT_STARTED_CURRENT_AUDIT,NOT_LINKED_TO_CANDIDATE_CURRENT_AUDIT,LOW_PARTIAL_STATIC_DISCOVERY,H,GROUPED_DISCOVERY_CANDIDATE_NOT_FINAL_DENOMINATOR,tests/Feature/ControlRoom/ControlRoomShiftHandoverScopeTest.php:57-487,false,INCOMPLETE_GROUPED_DISCOVERY_CANDIDATE,"Static source and test-presence evidence only; no runtime, test execution, browser, benchmark, ease, release, or completion credit."
CAP-CR-COMMUNICATION-COLLABORATION,Control Room,GROUPED_DISCOVERY_CANDIDATE_NOT_FINAL_DENOMINATOR,ControlRoomMessagingController and collaboration owners,NOT_ESTABLISHED_CURRENT_AUDIT,"Broadcast, message, discuss, watch, and record time",NOT_ADJUDICATED_CURRENT_AUDIT,NOT_ESTABLISHED_CURRENT_AUDIT,NOT_ESTABLISHED_CURRENT_AUDIT,NOT_ESTABLISHED_CURRENT_AUDIT,NOT_ESTABLISHED_CURRENT_AUDIT,app/Http/Controllers/ControlRoom/ControlRoomMessagingController.php:24-304,NOT_ESTABLISHED_CURRENT_AUDIT,"Static grouped user job only: Broadcast, message, discuss, watch, and record time. Representative-role completion was not executed.",NOT_ESTABLISHED_CURRENT_AUDIT,NOT_SELECTED_CURRENT_AUDIT,NOT_ESTABLISHED_CURRENT_AUDIT,NOT_ESTABLISHED_CURRENT_AUDIT,NOT_ESTABLISHED_CURRENT_AUDIT,NOT_DOCUMENTED_CURRENT_AUDIT,NOT_SCORED_CURRENT_AUDIT,NOT_SCORED_CURRENT_AUDIT,PARTIAL_STATIC_GROUPED_DISCOVERY_IDENTITY_NOT_FROZEN,NOT_STARTED_CURRENT_AUDIT,NOT_STARTED_CURRENT_AUDIT,NOT_STARTED_CURRENT_AUDIT,NOT_STARTED_CURRENT_AUDIT,NOT_STARTED_CURRENT_AUDIT,NOT_STARTED_CURRENT_AUDIT,NOT_STARTED_CURRENT_AUDIT,NOT_LINKED_TO_CANDIDATE_CURRENT_AUDIT,LOW_PARTIAL_STATIC_DISCOVERY,H,GROUPED_DISCOVERY_CANDIDATE_NOT_FINAL_DENOMINATOR,tests/Feature/ControlRoom/ControlRoomMessagingAuthorizationTest.php:110-307,false,INCOMPLETE_GROUPED_DISCOVERY_CANDIDATE,"Static source and test-presence evidence only; no runtime, test execution, browser, benchmark, ease, release, or completion credit."
CAP-CR-EVIDENCE-REPORT-SLA,Control Room,GROUPED_DISCOVERY_CANDIDATE_NOT_FINAL_DENOMINATOR,ControlRoomEvidenceController and ControlRoomReportService,NOT_ESTABLISHED_CURRENT_AUDIT,Build evidence packs and export scoped SLA reports,NOT_ADJUDICATED_CURRENT_AUDIT,NOT_ESTABLISHED_CURRENT_AUDIT,NOT_ESTABLISHED_CURRENT_AUDIT,NOT_ESTABLISHED_CURRENT_AUDIT,NOT_ESTABLISHED_CURRENT_AUDIT,app/Services/ControlRoom/ControlRoomReportService.php:38-641,NOT_ESTABLISHED_CURRENT_AUDIT,Static grouped user job only: Build evidence packs and export scoped SLA reports. Representative-role completion was not executed.,NOT_ESTABLISHED_CURRENT_AUDIT,NOT_SELECTED_CURRENT_AUDIT,NOT_ESTABLISHED_CURRENT_AUDIT,NOT_ESTABLISHED_CURRENT_AUDIT,NOT_ESTABLISHED_CURRENT_AUDIT,NOT_DOCUMENTED_CURRENT_AUDIT,NOT_SCORED_CURRENT_AUDIT,NOT_SCORED_CURRENT_AUDIT,PARTIAL_STATIC_GROUPED_DISCOVERY_IDENTITY_NOT_FROZEN,NOT_STARTED_CURRENT_AUDIT,NOT_STARTED_CURRENT_AUDIT,NOT_STARTED_CURRENT_AUDIT,NOT_STARTED_CURRENT_AUDIT,NOT_STARTED_CURRENT_AUDIT,NOT_STARTED_CURRENT_AUDIT,NOT_STARTED_CURRENT_AUDIT,NOT_LINKED_TO_CANDIDATE_CURRENT_AUDIT,LOW_PARTIAL_STATIC_DISCOVERY,D,GROUPED_DISCOVERY_CANDIDATE_NOT_FINAL_DENOMINATOR,tests/Feature/ControlRoom/ControlRoomReportScopeTest.php:40-143,false,INCOMPLETE_GROUPED_DISCOVERY_CANDIDATE,"Static source and test-presence evidence only; no runtime, test execution, browser, benchmark, ease, release, or completion credit."
CAP-CR-DEVICE-MAP-PLAYBOOK-SETTINGS,Control Room,GROUPED_DISCOVERY_CANDIDATE_NOT_FINAL_DENOMINATOR,"Device visibility, playbook, and settings owners",NOT_ESTABLISHED_CURRENT_AUDIT,"Use live maps and manage playbooks, signals, queues, and recovery",NOT_ADJUDICATED_CURRENT_AUDIT,NOT_ESTABLISHED_CURRENT_AUDIT,NOT_ESTABLISHED_CURRENT_AUDIT,NOT_ESTABLISHED_CURRENT_AUDIT,NOT_ESTABLISHED_CURRENT_AUDIT,routes/control-room.php:329-408,NOT_ESTABLISHED_CURRENT_AUDIT,"Static grouped user job only: Use live maps and manage playbooks, signals, queues, and recovery. Representative-role completion was not executed.",NOT_ESTABLISHED_CURRENT_AUDIT,NOT_SELECTED_CURRENT_AUDIT,NOT_ESTABLISHED_CURRENT_AUDIT,NOT_ESTABLISHED_CURRENT_AUDIT,NOT_ESTABLISHED_CURRENT_AUDIT,NOT_DOCUMENTED_CURRENT_AUDIT,NOT_SCORED_CURRENT_AUDIT,NOT_SCORED_CURRENT_AUDIT,PARTIAL_STATIC_GROUPED_DISCOVERY_IDENTITY_NOT_FROZEN,NOT_STARTED_CURRENT_AUDIT,NOT_STARTED_CURRENT_AUDIT,NOT_STARTED_CURRENT_AUDIT,NOT_STARTED_CURRENT_AUDIT,NOT_STARTED_CURRENT_AUDIT,NOT_STARTED_CURRENT_AUDIT,NOT_STARTED_CURRENT_AUDIT,NOT_LINKED_TO_CANDIDATE_CURRENT_AUDIT,LOW_PARTIAL_STATIC_DISCOVERY,H,GROUPED_DISCOVERY_CANDIDATE_NOT_FINAL_DENOMINATOR,tests/Feature/ControlRoom/ControlRoomOperationalSurfaceSiteIsolationTest.php:275-534,false,INCOMPLETE_GROUPED_DISCOVERY_CANDIDATE,"Static source and test-presence evidence only; no runtime, test execution, browser, benchmark, ease, release, or completion credit."
CAP-SET-PERSONAL-ACCOUNT-SECURITY,Public & Settings Platform,GROUPED_DISCOVERY_CANDIDATE_NOT_FINAL_DENOMINATOR,"Profile, password, appearance, and two-factor controllers",NOT_ESTABLISHED_CURRENT_AUDIT,"Maintain own profile, password, preferences, and two-factor setup",NOT_ADJUDICATED_CURRENT_AUDIT,NOT_ESTABLISHED_CURRENT_AUDIT,NOT_ESTABLISHED_CURRENT_AUDIT,NOT_ESTABLISHED_CURRENT_AUDIT,NOT_ESTABLISHED_CURRENT_AUDIT,routes/settings.php:33-60,NOT_ESTABLISHED_CURRENT_AUDIT,"Static grouped user job only: Maintain own profile, password, preferences, and two-factor setup. Representative-role completion was not executed.",NOT_ESTABLISHED_CURRENT_AUDIT,NOT_SELECTED_CURRENT_AUDIT,NOT_ESTABLISHED_CURRENT_AUDIT,NOT_ESTABLISHED_CURRENT_AUDIT,NOT_ESTABLISHED_CURRENT_AUDIT,NOT_DOCUMENTED_CURRENT_AUDIT,NOT_SCORED_CURRENT_AUDIT,NOT_SCORED_CURRENT_AUDIT,PARTIAL_STATIC_GROUPED_DISCOVERY_IDENTITY_NOT_FROZEN,NOT_STARTED_CURRENT_AUDIT,NOT_STARTED_CURRENT_AUDIT,NOT_STARTED_CURRENT_AUDIT,NOT_STARTED_CURRENT_AUDIT,NOT_STARTED_CURRENT_AUDIT,NOT_STARTED_CURRENT_AUDIT,NOT_STARTED_CURRENT_AUDIT,NOT_LINKED_TO_CANDIDATE_CURRENT_AUDIT,LOW_PARTIAL_STATIC_DISCOVERY,H,GROUPED_DISCOVERY_CANDIDATE_NOT_FINAL_DENOMINATOR,tests/Feature/Settings/ProfileUpdateTest.php:9-117,false,INCOMPLETE_GROUPED_DISCOVERY_CANDIDATE,"Static source and test-presence evidence only; no runtime, test execution, browser, benchmark, ease, release, or completion credit."
CAP-SET-ACCESS-ROLE-USER-SSO,Public & Settings Platform,GROUPED_DISCOVERY_CANDIDATE_NOT_FINAL_DENOMINATOR,"Access, roles, users, and SSO controllers",NOT_ESTABLISHED_CURRENT_AUDIT,"Administer roles, users, sessions, membership, and SSO mappings",NOT_ADJUDICATED_CURRENT_AUDIT,NOT_ESTABLISHED_CURRENT_AUDIT,NOT_ESTABLISHED_CURRENT_AUDIT,NOT_ESTABLISHED_CURRENT_AUDIT,NOT_ESTABLISHED_CURRENT_AUDIT,app/Http/Controllers/Settings/AccessController.php:53-271,NOT_ESTABLISHED_CURRENT_AUDIT,"Static grouped user job only: Administer roles, users, sessions, membership, and SSO mappings. Representative-role completion was not executed.",NOT_ESTABLISHED_CURRENT_AUDIT,NOT_SELECTED_CURRENT_AUDIT,NOT_ESTABLISHED_CURRENT_AUDIT,NOT_ESTABLISHED_CURRENT_AUDIT,NOT_ESTABLISHED_CURRENT_AUDIT,NOT_DOCUMENTED_CURRENT_AUDIT,NOT_SCORED_CURRENT_AUDIT,NOT_SCORED_CURRENT_AUDIT,PARTIAL_STATIC_GROUPED_DISCOVERY_IDENTITY_NOT_FROZEN,NOT_STARTED_CURRENT_AUDIT,NOT_STARTED_CURRENT_AUDIT,NOT_STARTED_CURRENT_AUDIT,NOT_STARTED_CURRENT_AUDIT,NOT_STARTED_CURRENT_AUDIT,NOT_STARTED_CURRENT_AUDIT,NOT_STARTED_CURRENT_AUDIT,NOT_LINKED_TO_CANDIDATE_CURRENT_AUDIT,LOW_PARTIAL_STATIC_DISCOVERY,H,GROUPED_DISCOVERY_CANDIDATE_NOT_FINAL_DENOMINATOR,tests/Feature/System/AccessControlControllerTest.php:31-111,false,INCOMPLETE_GROUPED_DISCOVERY_CANDIDATE,"Static source and test-presence evidence only; no runtime, test execution, browser, benchmark, ease, release, or completion credit."
CAP-SET-ORG-NOTIFICATION-CONFIG,Public & Settings Platform,GROUPED_DISCOVERY_CANDIDATE_NOT_FINAL_DENOMINATOR,Dedicated settings controllers,NOT_ESTABLISHED_CURRENT_AUDIT,"Configure terminology, notifications, email, security, and modules",NOT_ADJUDICATED_CURRENT_AUDIT,NOT_ESTABLISHED_CURRENT_AUDIT,NOT_ESTABLISHED_CURRENT_AUDIT,NOT_ESTABLISHED_CURRENT_AUDIT,NOT_ESTABLISHED_CURRENT_AUDIT,app/Http/Controllers/Settings/NotificationPreferencesController.php:15-238,NOT_ESTABLISHED_CURRENT_AUDIT,"Static grouped user job only: Configure terminology, notifications, email, security, and modules. Representative-role completion was not executed.",NOT_ESTABLISHED_CURRENT_AUDIT,NOT_SELECTED_CURRENT_AUDIT,NOT_ESTABLISHED_CURRENT_AUDIT,NOT_ESTABLISHED_CURRENT_AUDIT,NOT_ESTABLISHED_CURRENT_AUDIT,NOT_DOCUMENTED_CURRENT_AUDIT,NOT_SCORED_CURRENT_AUDIT,NOT_SCORED_CURRENT_AUDIT,PARTIAL_STATIC_GROUPED_DISCOVERY_IDENTITY_NOT_FROZEN,NOT_STARTED_CURRENT_AUDIT,NOT_STARTED_CURRENT_AUDIT,NOT_STARTED_CURRENT_AUDIT,NOT_STARTED_CURRENT_AUDIT,NOT_STARTED_CURRENT_AUDIT,NOT_STARTED_CURRENT_AUDIT,NOT_STARTED_CURRENT_AUDIT,NOT_LINKED_TO_CANDIDATE_CURRENT_AUDIT,LOW_PARTIAL_STATIC_DISCOVERY,H,GROUPED_DISCOVERY_CANDIDATE_NOT_FINAL_DENOMINATOR,tests/Feature/Settings/SecurityPolicyEnforcementTest.php:14-80,false,INCOMPLETE_GROUPED_DISCOVERY_CANDIDATE,"Static source and test-presence evidence only; no runtime, test execution, browser, benchmark, ease, release, or completion credit."
CAP-SET-DATA-PRIVACY-AUDIT,Public & Settings Platform,GROUPED_DISCOVERY_CANDIDATE_NOT_FINAL_DENOMINATOR,DataSettingsController and AuditLogSettingsController,NOT_ESTABLISHED_CURRENT_AUDIT,Configure data governance and review or export audit history,NOT_ADJUDICATED_CURRENT_AUDIT,NOT_ESTABLISHED_CURRENT_AUDIT,NOT_ESTABLISHED_CURRENT_AUDIT,NOT_ESTABLISHED_CURRENT_AUDIT,NOT_ESTABLISHED_CURRENT_AUDIT,app/Http/Controllers/Settings/AuditLogSettingsController.php:14-118,NOT_ESTABLISHED_CURRENT_AUDIT,Static grouped user job only: Configure data governance and review or export audit history. Representative-role completion was not executed.,NOT_ESTABLISHED_CURRENT_AUDIT,NOT_SELECTED_CURRENT_AUDIT,NOT_ESTABLISHED_CURRENT_AUDIT,NOT_ESTABLISHED_CURRENT_AUDIT,NOT_ESTABLISHED_CURRENT_AUDIT,NOT_DOCUMENTED_CURRENT_AUDIT,NOT_SCORED_CURRENT_AUDIT,NOT_SCORED_CURRENT_AUDIT,PARTIAL_STATIC_GROUPED_DISCOVERY_IDENTITY_NOT_FROZEN,NOT_STARTED_CURRENT_AUDIT,NOT_STARTED_CURRENT_AUDIT,NOT_STARTED_CURRENT_AUDIT,NOT_STARTED_CURRENT_AUDIT,NOT_STARTED_CURRENT_AUDIT,NOT_STARTED_CURRENT_AUDIT,NOT_STARTED_CURRENT_AUDIT,NOT_LINKED_TO_CANDIDATE_CURRENT_AUDIT,LOW_PARTIAL_STATIC_DISCOVERY,D,GROUPED_DISCOVERY_CANDIDATE_NOT_FINAL_DENOMINATOR,tests/Browser/Settings/AuditLogsInteractionTest.php:42-94,false,INCOMPLETE_GROUPED_DISCOVERY_CANDIDATE,"Static source and test-presence evidence only; no runtime, test execution, browser, benchmark, ease, release, or completion credit."
CAP-PUB-MARKETING-CONTACT-CAREERS,Public & Settings Platform,GROUPED_DISCOVERY_CANDIDATE_NOT_FINAL_DENOMINATOR,"Public routes, ContactController, and careers controllers",NOT_ESTABLISHED_CURRENT_AUDIT,Read public pages and submit contact or token-bound career forms,NOT_ADJUDICATED_CURRENT_AUDIT,NOT_ESTABLISHED_CURRENT_AUDIT,NOT_ESTABLISHED_CURRENT_AUDIT,NOT_ESTABLISHED_CURRENT_AUDIT,NOT_ESTABLISHED_CURRENT_AUDIT,routes/web.php:68-124,NOT_ESTABLISHED_CURRENT_AUDIT,Static grouped user job only: Read public pages and submit contact or token-bound career forms. Representative-role completion was not executed.,NOT_ESTABLISHED_CURRENT_AUDIT,NOT_SELECTED_CURRENT_AUDIT,NOT_ESTABLISHED_CURRENT_AUDIT,NOT_ESTABLISHED_CURRENT_AUDIT,NOT_ESTABLISHED_CURRENT_AUDIT,NOT_DOCUMENTED_CURRENT_AUDIT,NOT_SCORED_CURRENT_AUDIT,NOT_SCORED_CURRENT_AUDIT,PARTIAL_STATIC_GROUPED_DISCOVERY_IDENTITY_NOT_FROZEN,NOT_STARTED_CURRENT_AUDIT,NOT_STARTED_CURRENT_AUDIT,NOT_STARTED_CURRENT_AUDIT,NOT_STARTED_CURRENT_AUDIT,NOT_STARTED_CURRENT_AUDIT,NOT_STARTED_CURRENT_AUDIT,NOT_STARTED_CURRENT_AUDIT,NOT_LINKED_TO_CANDIDATE_CURRENT_AUDIT,LOW_PARTIAL_STATIC_DISCOVERY,H,GROUPED_DISCOVERY_CANDIDATE_NOT_FINAL_DENOMINATOR,tests/Feature/Hr/CareersPortalTest.php:15-143,false,INCOMPLETE_GROUPED_DISCOVERY_CANDIDATE,"Static source and test-presence evidence only; no runtime, test execution, browser, benchmark, ease, release, or completion credit."
CAP-PLAT-ADMIN-DASHBOARD,Platform Dashboards,GROUPED_DISCOVERY_CANDIDATE_NOT_FINAL_DENOMINATOR,DashboardController,NOT_ESTABLISHED_CURRENT_AUDIT,Review the authorised organisation and Site operational overview,NOT_ADJUDICATED_CURRENT_AUDIT,NOT_ESTABLISHED_CURRENT_AUDIT,NOT_ESTABLISHED_CURRENT_AUDIT,NOT_ESTABLISHED_CURRENT_AUDIT,NOT_ESTABLISHED_CURRENT_AUDIT,routes/web.php:128; app/Http/Controllers/DashboardController.php:24-480,NOT_ESTABLISHED_CURRENT_AUDIT,Static grouped user job only: Review the authorised organisation and Site operational overview. Representative-role completion was not executed.,NOT_ESTABLISHED_CURRENT_AUDIT,NOT_SELECTED_CURRENT_AUDIT,NOT_ESTABLISHED_CURRENT_AUDIT,NOT_ESTABLISHED_CURRENT_AUDIT,NOT_ESTABLISHED_CURRENT_AUDIT,NOT_DOCUMENTED_CURRENT_AUDIT,NOT_SCORED_CURRENT_AUDIT,NOT_SCORED_CURRENT_AUDIT,PARTIAL_STATIC_GROUPED_DISCOVERY_IDENTITY_NOT_FROZEN,NOT_STARTED_CURRENT_AUDIT,NOT_STARTED_CURRENT_AUDIT,NOT_STARTED_CURRENT_AUDIT,NOT_STARTED_CURRENT_AUDIT,NOT_STARTED_CURRENT_AUDIT,NOT_STARTED_CURRENT_AUDIT,NOT_STARTED_CURRENT_AUDIT,NOT_LINKED_TO_CANDIDATE_CURRENT_AUDIT,LOW_PARTIAL_STATIC_DISCOVERY,H,GROUPED_DISCOVERY_CANDIDATE_NOT_FINAL_DENOMINATOR,tests/Feature/DashboardControllerTest.php,false,INCOMPLETE_GROUPED_DISCOVERY_CANDIDATE,"Owner-backed static source and test-presence evidence only; no runtime, test execution, browser, benchmark, ease, release, final feature identity, or completion credit."
CAP-DAY-TODAY-OPERATIONS-OVERVIEW,Frontline Workspaces,GROUPED_DISCOVERY_CANDIDATE_NOT_FINAL_DENOMINATOR,TodayDashboardController,NOT_ESTABLISHED_CURRENT_AUDIT,"Review today's authorised shifts, medication work, and attention items",NOT_ADJUDICATED_CURRENT_AUDIT,NOT_ESTABLISHED_CURRENT_AUDIT,NOT_ESTABLISHED_CURRENT_AUDIT,NOT_ESTABLISHED_CURRENT_AUDIT,NOT_ESTABLISHED_CURRENT_AUDIT,routes/web.php:129; app/Http/Controllers/TodayDashboardController.php:13-124,NOT_ESTABLISHED_CURRENT_AUDIT,"Static grouped user job only: Review today's authorised shifts, medication work, and attention items. Representative-role completion was not executed.",NOT_ESTABLISHED_CURRENT_AUDIT,NOT_SELECTED_CURRENT_AUDIT,NOT_ESTABLISHED_CURRENT_AUDIT,NOT_ESTABLISHED_CURRENT_AUDIT,NOT_ESTABLISHED_CURRENT_AUDIT,NOT_DOCUMENTED_CURRENT_AUDIT,NOT_SCORED_CURRENT_AUDIT,NOT_SCORED_CURRENT_AUDIT,PARTIAL_STATIC_GROUPED_DISCOVERY_IDENTITY_NOT_FROZEN,NOT_STARTED_CURRENT_AUDIT,NOT_STARTED_CURRENT_AUDIT,NOT_STARTED_CURRENT_AUDIT,NOT_STARTED_CURRENT_AUDIT,NOT_STARTED_CURRENT_AUDIT,NOT_STARTED_CURRENT_AUDIT,NOT_STARTED_CURRENT_AUDIT,NOT_LINKED_TO_CANDIDATE_CURRENT_AUDIT,LOW_PARTIAL_STATIC_DISCOVERY,H,GROUPED_DISCOVERY_CANDIDATE_NOT_FINAL_DENOMINATOR,tests/Browser/Pages/TodayTest.php,false,INCOMPLETE_GROUPED_DISCOVERY_CANDIDATE,"Owner-backed static source and test-presence evidence only; no runtime, test execution, browser, benchmark, ease, release, final feature identity, or completion credit."
CAP-NOTIF-PERSONAL-INBOX-ACK,Notifications,GROUPED_DISCOVERY_CANDIDATE_NOT_FINAL_DENOMINATOR,NotificationInboxController and the canonical user notification relation,NOT_ESTABLISHED_CURRENT_AUDIT,"Read, mark, and acknowledge owned notifications",NOT_ADJUDICATED_CURRENT_AUDIT,NOT_ESTABLISHED_CURRENT_AUDIT,NOT_ESTABLISHED_CURRENT_AUDIT,NOT_ESTABLISHED_CURRENT_AUDIT,NOT_ESTABLISHED_CURRENT_AUDIT,routes/portal.php:181-231; app/Http/Controllers/NotificationInboxController.php:9-45,NOT_ESTABLISHED_CURRENT_AUDIT,"Static grouped user job only: Read, mark, and acknowledge owned notifications. Representative-role completion was not executed.",NOT_ESTABLISHED_CURRENT_AUDIT,NOT_SELECTED_CURRENT_AUDIT,NOT_ESTABLISHED_CURRENT_AUDIT,NOT_ESTABLISHED_CURRENT_AUDIT,NOT_ESTABLISHED_CURRENT_AUDIT,NOT_DOCUMENTED_CURRENT_AUDIT,NOT_SCORED_CURRENT_AUDIT,NOT_SCORED_CURRENT_AUDIT,PARTIAL_STATIC_GROUPED_DISCOVERY_IDENTITY_NOT_FROZEN,NOT_STARTED_CURRENT_AUDIT,NOT_STARTED_CURRENT_AUDIT,NOT_STARTED_CURRENT_AUDIT,NOT_STARTED_CURRENT_AUDIT,NOT_STARTED_CURRENT_AUDIT,NOT_STARTED_CURRENT_AUDIT,NOT_STARTED_CURRENT_AUDIT,NOT_LINKED_TO_CANDIDATE_CURRENT_AUDIT,LOW_PARTIAL_STATIC_DISCOVERY,H,GROUPED_DISCOVERY_CANDIDATE_NOT_FINAL_DENOMINATOR,tests/Browser/Notifications/NotificationsTest.php,false,INCOMPLETE_GROUPED_DISCOVERY_CANDIDATE,"Owner-backed static source and test-presence evidence only; no runtime, test execution, browser, benchmark, ease, release, final feature identity, or completion credit."
CAP-SITE-MEAL-PLANNER-RECIPE-INVENTORY,Catering,GROUPED_DISCOVERY_CANDIDATE_NOT_FINAL_DENOMINATOR,Site meal-planning and Catering domain owners,NOT_ESTABLISHED_CURRENT_AUDIT,"Plan meals and govern recipes, restrictions, inventory, and shopping",NOT_ADJUDICATED_CURRENT_AUDIT,NOT_ESTABLISHED_CURRENT_AUDIT,NOT_ESTABLISHED_CURRENT_AUDIT,NOT_ESTABLISHED_CURRENT_AUDIT,NOT_ESTABLISHED_CURRENT_AUDIT,routes/catering.php:20-72; routes/sites.php:295-421; app/Http/Controllers/Catering/DashboardController.php:41,NOT_ESTABLISHED_CURRENT_AUDIT,"Static grouped user job only: Plan meals and govern recipes, restrictions, inventory, and shopping. Representative-role completion was not executed.",NOT_ESTABLISHED_CURRENT_AUDIT,NOT_SELECTED_CURRENT_AUDIT,NOT_ESTABLISHED_CURRENT_AUDIT,NOT_ESTABLISHED_CURRENT_AUDIT,NOT_ESTABLISHED_CURRENT_AUDIT,NOT_DOCUMENTED_CURRENT_AUDIT,NOT_SCORED_CURRENT_AUDIT,NOT_SCORED_CURRENT_AUDIT,PARTIAL_STATIC_GROUPED_DISCOVERY_IDENTITY_NOT_FROZEN,NOT_STARTED_CURRENT_AUDIT,NOT_STARTED_CURRENT_AUDIT,NOT_STARTED_CURRENT_AUDIT,NOT_STARTED_CURRENT_AUDIT,NOT_STARTED_CURRENT_AUDIT,NOT_STARTED_CURRENT_AUDIT,NOT_STARTED_CURRENT_AUDIT,NOT_LINKED_TO_CANDIDATE_CURRENT_AUDIT,LOW_PARTIAL_STATIC_DISCOVERY,H,GROUPED_DISCOVERY_CANDIDATE_NOT_FINAL_DENOMINATOR,tests/Feature/Catering/SiteMealPlannerSiteAccessTest.php; tests/Feature/Catering/SiteMealPlanScopeIntegrityTest.php,false,INCOMPLETE_GROUPED_DISCOVERY_CANDIDATE,"Owner-backed static source and test-presence evidence only; no runtime, test execution, browser, benchmark, ease, release, final feature identity, or completion credit."
CAP-COMP-EXCEPTION-COMMAND-CENTRE,Compliance,GROUPED_DISCOVERY_CANDIDATE_NOT_FINAL_DENOMINATOR,ComplianceDashboardController and ComplianceMetricsService,NOT_ESTABLISHED_CURRENT_AUDIT,"Review Site-scoped compliance exceptions, due work, and triage",NOT_ADJUDICATED_CURRENT_AUDIT,NOT_ESTABLISHED_CURRENT_AUDIT,NOT_ESTABLISHED_CURRENT_AUDIT,NOT_ESTABLISHED_CURRENT_AUDIT,NOT_ESTABLISHED_CURRENT_AUDIT,routes/compliance.php:15-18; app/Http/Controllers/Compliance/ComplianceDashboardController.php:24-89,NOT_ESTABLISHED_CURRENT_AUDIT,"Static grouped user job only: Review Site-scoped compliance exceptions, due work, and triage. Representative-role completion was not executed.",NOT_ESTABLISHED_CURRENT_AUDIT,NOT_SELECTED_CURRENT_AUDIT,NOT_ESTABLISHED_CURRENT_AUDIT,NOT_ESTABLISHED_CURRENT_AUDIT,NOT_ESTABLISHED_CURRENT_AUDIT,NOT_DOCUMENTED_CURRENT_AUDIT,NOT_SCORED_CURRENT_AUDIT,NOT_SCORED_CURRENT_AUDIT,PARTIAL_STATIC_GROUPED_DISCOVERY_IDENTITY_NOT_FROZEN,NOT_STARTED_CURRENT_AUDIT,NOT_STARTED_CURRENT_AUDIT,NOT_STARTED_CURRENT_AUDIT,NOT_STARTED_CURRENT_AUDIT,NOT_STARTED_CURRENT_AUDIT,NOT_STARTED_CURRENT_AUDIT,NOT_STARTED_CURRENT_AUDIT,NOT_LINKED_TO_CANDIDATE_CURRENT_AUDIT,LOW_PARTIAL_STATIC_DISCOVERY,H,GROUPED_DISCOVERY_CANDIDATE_NOT_FINAL_DENOMINATOR,tests/Feature/Compliance/ComplianceDashboardTest.php; tests/Feature/Compliance/ComplianceDashboardSiteScopeTest.php,false,INCOMPLETE_GROUPED_DISCOVERY_CANDIDATE,"Owner-backed static source and test-presence evidence only; no runtime, test execution, browser, benchmark, ease, release, final feature identity, or completion credit."
CAP-PORT-CLIENT-FAMILY-WORKSPACE,Portal,GROUPED_DISCOVERY_CANDIDATE_NOT_FINAL_DENOMINATOR,PortalClientController and FamilyDashboardController read projections,NOT_ESTABLISHED_CURRENT_AUDIT,"Use the authorised client or family dashboard, timeline, calendar, documents, photos, health, and location",NOT_ADJUDICATED_CURRENT_AUDIT,NOT_ESTABLISHED_CURRENT_AUDIT,NOT_ESTABLISHED_CURRENT_AUDIT,NOT_ESTABLISHED_CURRENT_AUDIT,NOT_ESTABLISHED_CURRENT_AUDIT,routes/portal.php:49-180; routes/portal.php:232-302; app/Http/Controllers/PortalClientController.php:147; app/Http/Controllers/Portal/FamilyDashboardController.php:371,NOT_ESTABLISHED_CURRENT_AUDIT,"Static grouped user job only: Use the authorised client or family dashboard, timeline, calendar, documents, photos, health, and location. Representative-role completion was not executed.",NOT_ESTABLISHED_CURRENT_AUDIT,NOT_SELECTED_CURRENT_AUDIT,NOT_ESTABLISHED_CURRENT_AUDIT,NOT_ESTABLISHED_CURRENT_AUDIT,NOT_ESTABLISHED_CURRENT_AUDIT,NOT_DOCUMENTED_CURRENT_AUDIT,NOT_SCORED_CURRENT_AUDIT,NOT_SCORED_CURRENT_AUDIT,PARTIAL_STATIC_GROUPED_DISCOVERY_IDENTITY_NOT_FROZEN,NOT_STARTED_CURRENT_AUDIT,NOT_STARTED_CURRENT_AUDIT,NOT_STARTED_CURRENT_AUDIT,NOT_STARTED_CURRENT_AUDIT,NOT_STARTED_CURRENT_AUDIT,NOT_STARTED_CURRENT_AUDIT,NOT_STARTED_CURRENT_AUDIT,NOT_LINKED_TO_CANDIDATE_CURRENT_AUDIT,LOW_PARTIAL_STATIC_DISCOVERY,H,GROUPED_DISCOVERY_CANDIDATE_NOT_FINAL_DENOMINATOR,tests/Feature/Portal/PortalSurfaceTest.php; tests/Feature/Portal/PortalDirectRouteAuthorizationTest.php,false,INCOMPLETE_GROUPED_DISCOVERY_CANDIDATE,"Owner-backed static source and test-presence evidence only; no runtime, test execution, browser, benchmark, ease, release, final feature identity, or completion credit."
CAP-PORT-FAMILY-MESSAGING-NOTES,Portal,GROUPED_DISCOVERY_CANDIDATE_NOT_FINAL_DENOMINATOR,PortalMessageController and PortalFamilyNoteController,NOT_ESTABLISHED_CURRENT_AUDIT,Exchange authorised portal messages and family notes,NOT_ADJUDICATED_CURRENT_AUDIT,NOT_ESTABLISHED_CURRENT_AUDIT,NOT_ESTABLISHED_CURRENT_AUDIT,NOT_ESTABLISHED_CURRENT_AUDIT,NOT_ESTABLISHED_CURRENT_AUDIT,app/Http/Controllers/Portal/PortalMessageController.php; app/Http/Controllers/Portal/PortalFamilyNoteController.php,NOT_ESTABLISHED_CURRENT_AUDIT,Static grouped user job only: Exchange authorised portal messages and family notes. Representative-role completion was not executed.,NOT_ESTABLISHED_CURRENT_AUDIT,NOT_SELECTED_CURRENT_AUDIT,NOT_ESTABLISHED_CURRENT_AUDIT,NOT_ESTABLISHED_CURRENT_AUDIT,NOT_ESTABLISHED_CURRENT_AUDIT,NOT_DOCUMENTED_CURRENT_AUDIT,NOT_SCORED_CURRENT_AUDIT,NOT_SCORED_CURRENT_AUDIT,PARTIAL_STATIC_GROUPED_DISCOVERY_IDENTITY_NOT_FROZEN,NOT_STARTED_CURRENT_AUDIT,NOT_STARTED_CURRENT_AUDIT,NOT_STARTED_CURRENT_AUDIT,NOT_STARTED_CURRENT_AUDIT,NOT_STARTED_CURRENT_AUDIT,NOT_STARTED_CURRENT_AUDIT,NOT_STARTED_CURRENT_AUDIT,NOT_LINKED_TO_CANDIDATE_CURRENT_AUDIT,LOW_PARTIAL_STATIC_DISCOVERY,H,GROUPED_DISCOVERY_CANDIDATE_NOT_FINAL_DENOMINATOR,tests/Feature/Portal/PortalMessageMediaSecurityTest.php; tests/Feature/Operations/ClientFamilyCommunicationSecurityTest.php,false,INCOMPLETE_GROUPED_DISCOVERY_CANDIDATE,"Owner-backed static source and test-presence evidence only; no runtime, test execution, browser, benchmark, ease, release, final feature identity, or completion credit."
CAP-RESP-REFERRAL-REQUEST-BOOKING,Respite,GROUPED_DISCOVERY_CANDIDATE_NOT_FINAL_DENOMINATOR,"Respite referral, request, and booking controllers",NOT_ESTABLISHED_CURRENT_AUDIT,"Intake, review, approve, and book respite",NOT_ADJUDICATED_CURRENT_AUDIT,NOT_ESTABLISHED_CURRENT_AUDIT,NOT_ESTABLISHED_CURRENT_AUDIT,NOT_ESTABLISHED_CURRENT_AUDIT,NOT_ESTABLISHED_CURRENT_AUDIT,routes/respite.php:20-77,NOT_ESTABLISHED_CURRENT_AUDIT,"Static grouped user job only: Intake, review, approve, and book respite. Representative-role completion was not executed.",NOT_ESTABLISHED_CURRENT_AUDIT,NOT_SELECTED_CURRENT_AUDIT,NOT_ESTABLISHED_CURRENT_AUDIT,NOT_ESTABLISHED_CURRENT_AUDIT,NOT_ESTABLISHED_CURRENT_AUDIT,NOT_DOCUMENTED_CURRENT_AUDIT,NOT_SCORED_CURRENT_AUDIT,NOT_SCORED_CURRENT_AUDIT,PARTIAL_STATIC_GROUPED_DISCOVERY_IDENTITY_NOT_FROZEN,NOT_STARTED_CURRENT_AUDIT,NOT_STARTED_CURRENT_AUDIT,NOT_STARTED_CURRENT_AUDIT,NOT_STARTED_CURRENT_AUDIT,NOT_STARTED_CURRENT_AUDIT,NOT_STARTED_CURRENT_AUDIT,NOT_STARTED_CURRENT_AUDIT,NOT_LINKED_TO_CANDIDATE_CURRENT_AUDIT,LOW_PARTIAL_STATIC_DISCOVERY,H,GROUPED_DISCOVERY_CANDIDATE_NOT_FINAL_DENOMINATOR,tests/Feature/Respite/RespiteIntakeTest.php; tests/Feature/Respite/RespiteScopeIntegrityTest.php,false,INCOMPLETE_GROUPED_DISCOVERY_CANDIDATE,"Owner-backed static source and test-presence evidence only; no runtime, test execution, browser, benchmark, ease, release, final feature identity, or completion credit."
CAP-RESP-STAY-CARE-DISCHARGE,Respite,GROUPED_DISCOVERY_CANDIDATE_NOT_FINAL_DENOMINATOR,"Respite stay, daily-note, and risk-plan owners",NOT_ESTABLISHED_CURRENT_AUDIT,"Check in, document daily care and risk, extend, and discharge a respite stay",NOT_ADJUDICATED_CURRENT_AUDIT,NOT_ESTABLISHED_CURRENT_AUDIT,NOT_ESTABLISHED_CURRENT_AUDIT,NOT_ESTABLISHED_CURRENT_AUDIT,NOT_ESTABLISHED_CURRENT_AUDIT,routes/respite.php:80-95; routes/respite.php:196-227,NOT_ESTABLISHED_CURRENT_AUDIT,"Static grouped user job only: Check in, document daily care and risk, extend, and discharge a respite stay. Representative-role completion was not executed.",NOT_ESTABLISHED_CURRENT_AUDIT,NOT_SELECTED_CURRENT_AUDIT,NOT_ESTABLISHED_CURRENT_AUDIT,NOT_ESTABLISHED_CURRENT_AUDIT,NOT_ESTABLISHED_CURRENT_AUDIT,NOT_DOCUMENTED_CURRENT_AUDIT,NOT_SCORED_CURRENT_AUDIT,NOT_SCORED_CURRENT_AUDIT,PARTIAL_STATIC_GROUPED_DISCOVERY_IDENTITY_NOT_FROZEN,NOT_STARTED_CURRENT_AUDIT,NOT_STARTED_CURRENT_AUDIT,NOT_STARTED_CURRENT_AUDIT,NOT_STARTED_CURRENT_AUDIT,NOT_STARTED_CURRENT_AUDIT,NOT_STARTED_CURRENT_AUDIT,NOT_STARTED_CURRENT_AUDIT,NOT_LINKED_TO_CANDIDATE_CURRENT_AUDIT,LOW_PARTIAL_STATIC_DISCOVERY,H,GROUPED_DISCOVERY_CANDIDATE_NOT_FINAL_DENOMINATOR,tests/Feature/Respite/RespiteAdmissionSafetyTest.php; tests/Feature/Respite/RespiteStateTransitionIntegrityTest.php,false,INCOMPLETE_GROUPED_DISCOVERY_CANDIDATE,"Owner-backed static source and test-presence evidence only; no runtime, test execution, browser, benchmark, ease, release, final feature identity, or completion credit."
CAP-RESP-PROCEDURE-TASK-HANDOVER,Respite,GROUPED_DISCOVERY_CANDIDATE_NOT_FINAL_DENOMINATOR,"Respite procedure, task, communication, and handover controllers",NOT_ESTABLISHED_CURRENT_AUDIT,"Run respite procedures, tasks, communications, and handovers",NOT_ADJUDICATED_CURRENT_AUDIT,NOT_ESTABLISHED_CURRENT_AUDIT,NOT_ESTABLISHED_CURRENT_AUDIT,NOT_ESTABLISHED_CURRENT_AUDIT,NOT_ESTABLISHED_CURRENT_AUDIT,routes/respite.php:107-175,NOT_ESTABLISHED_CURRENT_AUDIT,"Static grouped user job only: Run respite procedures, tasks, communications, and handovers. Representative-role completion was not executed.",NOT_ESTABLISHED_CURRENT_AUDIT,NOT_SELECTED_CURRENT_AUDIT,NOT_ESTABLISHED_CURRENT_AUDIT,NOT_ESTABLISHED_CURRENT_AUDIT,NOT_ESTABLISHED_CURRENT_AUDIT,NOT_DOCUMENTED_CURRENT_AUDIT,NOT_SCORED_CURRENT_AUDIT,NOT_SCORED_CURRENT_AUDIT,PARTIAL_STATIC_GROUPED_DISCOVERY_IDENTITY_NOT_FROZEN,NOT_STARTED_CURRENT_AUDIT,NOT_STARTED_CURRENT_AUDIT,NOT_STARTED_CURRENT_AUDIT,NOT_STARTED_CURRENT_AUDIT,NOT_STARTED_CURRENT_AUDIT,NOT_STARTED_CURRENT_AUDIT,NOT_STARTED_CURRENT_AUDIT,NOT_LINKED_TO_CANDIDATE_CURRENT_AUDIT,LOW_PARTIAL_STATIC_DISCOVERY,H,GROUPED_DISCOVERY_CANDIDATE_NOT_FINAL_DENOMINATOR,tests/Feature/Respite/RespiteActionsTest.php; tests/Feature/Respite/RespiteNzWorkflowCompletionTest.php,false,INCOMPLETE_GROUPED_DISCOVERY_CANDIDATE,"Owner-backed static source and test-presence evidence only; no runtime, test execution, browser, benchmark, ease, release, final feature identity, or completion credit."
CAP-RESP-EVIDENCE-PACK-EXPORT,Respite,GROUPED_DISCOVERY_CANDIDATE_NOT_FINAL_DENOMINATOR,RespiteEvidencePackController,NOT_ESTABLISHED_CURRENT_AUDIT,"Assemble, seal, and export governed respite evidence",NOT_ADJUDICATED_CURRENT_AUDIT,NOT_ESTABLISHED_CURRENT_AUDIT,NOT_ESTABLISHED_CURRENT_AUDIT,NOT_ESTABLISHED_CURRENT_AUDIT,NOT_ESTABLISHED_CURRENT_AUDIT,routes/respite.php:178-194; app/Http/Controllers/Respite/RespiteEvidencePackController.php,NOT_ESTABLISHED_CURRENT_AUDIT,"Static grouped user job only: Assemble, seal, and export governed respite evidence. Representative-role completion was not executed.",NOT_ESTABLISHED_CURRENT_AUDIT,NOT_SELECTED_CURRENT_AUDIT,NOT_ESTABLISHED_CURRENT_AUDIT,NOT_ESTABLISHED_CURRENT_AUDIT,NOT_ESTABLISHED_CURRENT_AUDIT,NOT_DOCUMENTED_CURRENT_AUDIT,NOT_SCORED_CURRENT_AUDIT,NOT_SCORED_CURRENT_AUDIT,PARTIAL_STATIC_GROUPED_DISCOVERY_IDENTITY_NOT_FROZEN,NOT_STARTED_CURRENT_AUDIT,NOT_STARTED_CURRENT_AUDIT,NOT_STARTED_CURRENT_AUDIT,NOT_STARTED_CURRENT_AUDIT,NOT_STARTED_CURRENT_AUDIT,NOT_STARTED_CURRENT_AUDIT,NOT_STARTED_CURRENT_AUDIT,NOT_LINKED_TO_CANDIDATE_CURRENT_AUDIT,LOW_PARTIAL_STATIC_DISCOVERY,D,GROUPED_DISCOVERY_CANDIDATE_NOT_FINAL_DENOMINATOR,tests/Feature/Respite/RespiteScopeIntegrityTest.php; tests/Feature/Respite/RespiteNzWorkflowCompletionTest.php,false,INCOMPLETE_GROUPED_DISCOVERY_CANDIDATE,"Owner-backed static source and test-presence evidence only; no runtime, test execution, browser, benchmark, ease, release, final feature identity, or completion credit."
CAP-ROAD-INITIATIVE-QUARTERLY-DECISION,Roadmap,GROUPED_DISCOVERY_CANDIDATE_NOT_FINAL_DENOMINATOR,Roadmap domain controllers and services,NOT_ESTABLISHED_CURRENT_AUDIT,"Manage suggestions, initiatives, quarterly plans, decisions, and approvals",NOT_ADJUDICATED_CURRENT_AUDIT,NOT_ESTABLISHED_CURRENT_AUDIT,NOT_ESTABLISHED_CURRENT_AUDIT,NOT_ESTABLISHED_CURRENT_AUDIT,NOT_ESTABLISHED_CURRENT_AUDIT,routes/roadmap.php:1-97; app/Domain/Roadmap/Http/Controllers/RoadmapDashboardController.php,NOT_ESTABLISHED_CURRENT_AUDIT,"Static grouped user job only: Manage suggestions, initiatives, quarterly plans, decisions, and approvals. Representative-role completion was not executed.",NOT_ESTABLISHED_CURRENT_AUDIT,NOT_SELECTED_CURRENT_AUDIT,NOT_ESTABLISHED_CURRENT_AUDIT,NOT_ESTABLISHED_CURRENT_AUDIT,NOT_ESTABLISHED_CURRENT_AUDIT,NOT_DOCUMENTED_CURRENT_AUDIT,NOT_SCORED_CURRENT_AUDIT,NOT_SCORED_CURRENT_AUDIT,PARTIAL_STATIC_GROUPED_DISCOVERY_IDENTITY_NOT_FROZEN,NOT_STARTED_CURRENT_AUDIT,NOT_STARTED_CURRENT_AUDIT,NOT_STARTED_CURRENT_AUDIT,NOT_STARTED_CURRENT_AUDIT,NOT_STARTED_CURRENT_AUDIT,NOT_STARTED_CURRENT_AUDIT,NOT_STARTED_CURRENT_AUDIT,NOT_LINKED_TO_CANDIDATE_CURRENT_AUDIT,LOW_PARTIAL_STATIC_DISCOVERY,H,GROUPED_DISCOVERY_CANDIDATE_NOT_FINAL_DENOMINATOR,tests/Feature/Roadmap/RoadmapWorkflowTest.php; tests/Feature/Roadmap/RoadmapPermissionsTest.php,false,INCOMPLETE_GROUPED_DISCOVERY_CANDIDATE,"Owner-backed static source and test-presence evidence only; no runtime, test execution, browser, benchmark, ease, release, final feature identity, or completion credit."
CAP-REP-CROSS-MODULE-REPORT-HUB,Reporting,GROUPED_DISCOVERY_CANDIDATE_NOT_FINAL_DENOMINATOR,"ReportsController, CombinedReportController, and ModuleReportController",NOT_ESTABLISHED_CURRENT_AUDIT,Browse authorised report families and combined summaries,NOT_ADJUDICATED_CURRENT_AUDIT,NOT_ESTABLISHED_CURRENT_AUDIT,NOT_ESTABLISHED_CURRENT_AUDIT,NOT_ESTABLISHED_CURRENT_AUDIT,NOT_ESTABLISHED_CURRENT_AUDIT,routes/reports.php:1-62; app/Http/Controllers/ReportsController.php; app/Http/Controllers/CombinedReportController.php; app/Http/Controllers/ModuleReportController.php,NOT_ESTABLISHED_CURRENT_AUDIT,Static grouped user job only: Browse authorised report families and combined summaries. Representative-role completion was not executed.,NOT_ESTABLISHED_CURRENT_AUDIT,NOT_SELECTED_CURRENT_AUDIT,NOT_ESTABLISHED_CURRENT_AUDIT,NOT_ESTABLISHED_CURRENT_AUDIT,NOT_ESTABLISHED_CURRENT_AUDIT,NOT_DOCUMENTED_CURRENT_AUDIT,NOT_SCORED_CURRENT_AUDIT,NOT_SCORED_CURRENT_AUDIT,PARTIAL_STATIC_GROUPED_DISCOVERY_IDENTITY_NOT_FROZEN,NOT_STARTED_CURRENT_AUDIT,NOT_STARTED_CURRENT_AUDIT,NOT_STARTED_CURRENT_AUDIT,NOT_STARTED_CURRENT_AUDIT,NOT_STARTED_CURRENT_AUDIT,NOT_STARTED_CURRENT_AUDIT,NOT_STARTED_CURRENT_AUDIT,NOT_LINKED_TO_CANDIDATE_CURRENT_AUDIT,LOW_PARTIAL_STATIC_DISCOVERY,H,GROUPED_DISCOVERY_CANDIDATE_NOT_FINAL_DENOMINATOR,tests/Browser/Reports/ReportsTest.php,false,INCOMPLETE_GROUPED_DISCOVERY_CANDIDATE,"Owner-backed static source and test-presence evidence only; no runtime, test execution, browser, benchmark, ease, release, final feature identity, or completion credit."
CAP-QUAL-INTERNAL-QUALITY-CHECKLIST,Quality/Internal,GROUPED_DISCOVERY_CANDIDATE_NOT_FINAL_DENOMINATOR,QualityChecklistController,NOT_ESTABLISHED_CURRENT_AUDIT,Review the authenticated internal quality checklist,NOT_ADJUDICATED_CURRENT_AUDIT,NOT_ESTABLISHED_CURRENT_AUDIT,NOT_ESTABLISHED_CURRENT_AUDIT,NOT_ESTABLISHED_CURRENT_AUDIT,NOT_ESTABLISHED_CURRENT_AUDIT,routes/web.php:130; app/Http/Controllers/QualityChecklistController.php:7-15,NOT_ESTABLISHED_CURRENT_AUDIT,Static grouped user job only: Review the authenticated internal quality checklist. Representative-role completion was not executed.,NOT_ESTABLISHED_CURRENT_AUDIT,NOT_SELECTED_CURRENT_AUDIT,NOT_ESTABLISHED_CURRENT_AUDIT,NOT_ESTABLISHED_CURRENT_AUDIT,NOT_ESTABLISHED_CURRENT_AUDIT,NOT_DOCUMENTED_CURRENT_AUDIT,NOT_SCORED_CURRENT_AUDIT,NOT_SCORED_CURRENT_AUDIT,PARTIAL_STATIC_GROUPED_DISCOVERY_IDENTITY_NOT_FROZEN,NOT_STARTED_CURRENT_AUDIT,NOT_STARTED_CURRENT_AUDIT,NOT_STARTED_CURRENT_AUDIT,NOT_STARTED_CURRENT_AUDIT,NOT_STARTED_CURRENT_AUDIT,NOT_STARTED_CURRENT_AUDIT,NOT_STARTED_CURRENT_AUDIT,NOT_LINKED_TO_CANDIDATE_CURRENT_AUDIT,LOW_PARTIAL_STATIC_DISCOVERY,M,GROUPED_DISCOVERY_CANDIDATE_NOT_FINAL_DENOMINATOR,tests/Browser/Misc/MiscPagesTest.php:76-80,false,INCOMPLETE_GROUPED_DISCOVERY_CANDIDATE,"Owner-backed static source and test-presence evidence only; no runtime, test execution, browser, benchmark, ease, release, final feature identity, or completion credit."
