task_script_id,feature_id,module,actor,task,start_condition,goal,prerequisites,observed_or_inferred,validation_status,score_measurement_status,score_scale,discoverability,comprehension,learnability,efficiency,error_prevention,recovery,accessibility,safety_and_trust,consistency,cross_module_continuity,completion_time,step_count,required_field_count,decision_count,context_switches,dead_ends,recovery_path,target_scores,independent_review,finding_ids,target_discoverability,target_comprehension,target_learnability,target_efficiency,target_error_prevention,target_recovery,target_accessibility,target_safety_and_trust,target_consistency,target_cross_module_continuity,task_success,feature_class,submodule,matrix_owning_actor,matrix_secondary_actors,user_job,criticality,matrix_current_ease_score,matrix_target_ease_score,feature_identity_status,matrix_completion_status,risk_adjudication_status,safety_adjudication_status,high_risk_alternative_status,architecture_scope,navigation_entry,route_names,route_paths,page_files,backend_anchors,test_anchors,current_states,current_workflow_summary,entry_point_status,source_anchor_status,task_script_path,application_source_commit,application_source_tree,source_matrix_sha256,canonical_identity_sha256,representative_role_execution,browser_observation,executed_test_evidence,ease_credit,completion_credit,evidence_limit
TASK-CAP-CATER-DIETARY-TAG-LIBRARY,CAP-CATER-DIETARY-TAG-LIBRARY,Catering,NOT_ESTABLISHED_CURRENT_AUDIT,Maintain dietary and allergen tags,NOT_ESTABLISHED_CURRENT_AUDIT,Maintain dietary and allergen tags,"NOT_ESTABLISHED_CURRENT_AUDIT; execution requires a documented representative role, approved Site/record scope where applicable, and resettable synthetic data.",SOURCE_BOUND_STATIC_IDENTITY_ONLY,NOT_EXECUTED_REPRESENTATIVE_ROLE,NOT_MEASURED,0-5; NOT_MEASURED is not 0,NOT_MEASURED,NOT_MEASURED,NOT_MEASURED,NOT_MEASURED,NOT_MEASURED,NOT_MEASURED,NOT_MEASURED,NOT_MEASURED,NOT_MEASURED,NOT_MEASURED,NOT_MEASURED,NOT_MEASURED,NOT_MEASURED,NOT_MEASURED,NOT_MEASURED,NOT_MEASURED,NOT_MEASURED,"{""discoverability"":""NOT_MEASURED"",""comprehension"":""NOT_MEASURED"",""learnability"":""NOT_MEASURED"",""efficiency"":""NOT_MEASURED"",""error_prevention"":""NOT_MEASURED"",""recovery"":""NOT_MEASURED"",""accessibility"":""NOT_MEASURED"",""safety_and_trust"":""NOT_MEASURED"",""consistency"":""NOT_MEASURED"",""cross_module_continuity"":""NOT_MEASURED""}",NOT_PERFORMED,NOT_LINKED_TO_CANONICAL_TARGET_CURRENT_AUDIT,NOT_MEASURED,NOT_MEASURED,NOT_MEASURED,NOT_MEASURED,NOT_MEASURED,NOT_MEASURED,NOT_MEASURED,NOT_MEASURED,NOT_MEASURED,NOT_MEASURED,NOT_MEASURED,H,CANONICAL_STATIC_IDENTITY_DENOMINATOR,DietaryTagController,NOT_ESTABLISHED_CURRENT_AUDIT,Maintain dietary and allergen tags,NOT_ADJUDICATED_CURRENT_AUDIT,NOT_SCORED_CURRENT_AUDIT,NOT_SCORED_CURRENT_AUDIT,STATIC_CANONICAL_IDENTITY_FROZEN,INCOMPLETE_CANONICAL_STATIC_IDENTITY_ONLY,NOT_ADJUDICATED_CURRENT_AUDIT,NOT_ADJUDICATED_CURRENT_AUDIT,NOT_DETERMINED_CURRENT_AUDIT,ONE_OPERATING_ORGANISATION_MULTIPLE_SITES; FEATURE_SPECIFIC_ROLE_PERMISSION_SITE_OWNERSHIP_DIRECT_OBJECT_PRIVACY_BOUNDARY_NOT_ADJUDICATED,NOT_ESTABLISHED_CURRENT_AUDIT,NOT_ESTABLISHED_CURRENT_AUDIT,routes/catering.php:62-72; routes/catering.php:62-73,resources/js/pages/catering/tags/index.tsx,app/Http/Controllers/Catering/DietaryTagController.php:10-80,NOT_ESTABLISHED_CURRENT_AUDIT,NOT_ESTABLISHED_CURRENT_AUDIT,Static canonical identity only: Maintain dietary and allergen tags. Representative-role completion was not executed.,ROUTE_AND_PAGE_SOURCE_ANCHORS_PRESENT_UNVALIDATED,ROUTE_AND_PAGE_SOURCE_ANCHORS_PRESENT_UNVALIDATED,task-scripts/cap-cater-dietary-tag-library.md,a0493442b9e392d324055c35bf25b69421dc2d35,f8cdaf81d83c71e4f5d064fdf88872b908ffaaa1,df6e1b1b357439ad1fd829bebf4e2d33d20d067d515eb945c352e2350a4194a4,f4feae2598622afe346b1163fed2bb842305a8d973a89ec890c02746d99b5999,false,false,false,false,false,"Static identity and source ownership only; no runtime, browser, executed-test, benchmark, ease, release, or completion credit."
TASK-CAP-CATER-MEAL-PLAN-LIFECYCLE,CAP-CATER-MEAL-PLAN-LIFECYCLE,Catering,NOT_ESTABLISHED_CURRENT_AUDIT,"Plan, copy, serve, and govern meals for an approved Site",NOT_ESTABLISHED_CURRENT_AUDIT,"Plan, copy, serve, and govern meals for an approved Site","NOT_ESTABLISHED_CURRENT_AUDIT; execution requires a documented representative role, approved Site/record scope where applicable, and resettable synthetic data.",SOURCE_BOUND_STATIC_IDENTITY_ONLY,NOT_EXECUTED_REPRESENTATIVE_ROLE,NOT_MEASURED,0-5; NOT_MEASURED is not 0,NOT_MEASURED,NOT_MEASURED,NOT_MEASURED,NOT_MEASURED,NOT_MEASURED,NOT_MEASURED,NOT_MEASURED,NOT_MEASURED,NOT_MEASURED,NOT_MEASURED,NOT_MEASURED,NOT_MEASURED,NOT_MEASURED,NOT_MEASURED,NOT_MEASURED,NOT_MEASURED,NOT_MEASURED,"{""discoverability"":""NOT_MEASURED"",""comprehension"":""NOT_MEASURED"",""learnability"":""NOT_MEASURED"",""efficiency"":""NOT_MEASURED"",""error_prevention"":""NOT_MEASURED"",""recovery"":""NOT_MEASURED"",""accessibility"":""NOT_MEASURED"",""safety_and_trust"":""NOT_MEASURED"",""consistency"":""NOT_MEASURED"",""cross_module_continuity"":""NOT_MEASURED""}",NOT_PERFORMED,NOT_LINKED_TO_CANONICAL_TARGET_CURRENT_AUDIT,NOT_MEASURED,NOT_MEASURED,NOT_MEASURED,NOT_MEASURED,NOT_MEASURED,NOT_MEASURED,NOT_MEASURED,NOT_MEASURED,NOT_MEASURED,NOT_MEASURED,NOT_MEASURED,H,CANONICAL_STATIC_IDENTITY_DENOMINATOR,Site meal-plan owner,NOT_ESTABLISHED_CURRENT_AUDIT,"Plan, copy, serve, and govern meals for an approved Site",NOT_ADJUDICATED_CURRENT_AUDIT,NOT_SCORED_CURRENT_AUDIT,NOT_SCORED_CURRENT_AUDIT,STATIC_CANONICAL_IDENTITY_FROZEN,INCOMPLETE_CANONICAL_STATIC_IDENTITY_ONLY,NOT_ADJUDICATED_CURRENT_AUDIT,NOT_ADJUDICATED_CURRENT_AUDIT,NOT_DETERMINED_CURRENT_AUDIT,ONE_OPERATING_ORGANISATION_MULTIPLE_SITES; FEATURE_SPECIFIC_ROLE_PERMISSION_SITE_OWNERSHIP_DIRECT_OBJECT_PRIVACY_BOUNDARY_NOT_ADJUDICATED,NOT_ESTABLISHED_CURRENT_AUDIT,NOT_ESTABLISHED_CURRENT_AUDIT,routes/catering.php:20-27; routes/sites.php:295-361; routes/sites.php:295-421,resources/js/pages/catering/meal-planner.tsx,app/Http/Controllers/Sites/SiteMealPlanController.php:27-703,NOT_ESTABLISHED_CURRENT_AUDIT,NOT_ESTABLISHED_CURRENT_AUDIT,"Static canonical identity only: Plan, copy, serve, and govern meals for an approved Site. Representative-role completion was not executed.",ROUTE_AND_PAGE_SOURCE_ANCHORS_PRESENT_UNVALIDATED,ROUTE_AND_PAGE_SOURCE_ANCHORS_PRESENT_UNVALIDATED,task-scripts/cap-cater-meal-plan-lifecycle.md,a0493442b9e392d324055c35bf25b69421dc2d35,f8cdaf81d83c71e4f5d064fdf88872b908ffaaa1,df6e1b1b357439ad1fd829bebf4e2d33d20d067d515eb945c352e2350a4194a4,f4feae2598622afe346b1163fed2bb842305a8d973a89ec890c02746d99b5999,false,false,false,false,false,"Static identity and source ownership only; no runtime, browser, executed-test, benchmark, ease, release, or completion credit."
TASK-CAP-CATER-PRODUCT-CATALOG,CAP-CATER-PRODUCT-CATALOG,Catering,NOT_ESTABLISHED_CURRENT_AUDIT,Maintain the catering product catalog,NOT_ESTABLISHED_CURRENT_AUDIT,Maintain the catering product catalog,"NOT_ESTABLISHED_CURRENT_AUDIT; execution requires a documented representative role, approved Site/record scope where applicable, and resettable synthetic data.",SOURCE_BOUND_STATIC_IDENTITY_ONLY,NOT_EXECUTED_REPRESENTATIVE_ROLE,NOT_MEASURED,0-5; NOT_MEASURED is not 0,NOT_MEASURED,NOT_MEASURED,NOT_MEASURED,NOT_MEASURED,NOT_MEASURED,NOT_MEASURED,NOT_MEASURED,NOT_MEASURED,NOT_MEASURED,NOT_MEASURED,NOT_MEASURED,NOT_MEASURED,NOT_MEASURED,NOT_MEASURED,NOT_MEASURED,NOT_MEASURED,NOT_MEASURED,"{""discoverability"":""NOT_MEASURED"",""comprehension"":""NOT_MEASURED"",""learnability"":""NOT_MEASURED"",""efficiency"":""NOT_MEASURED"",""error_prevention"":""NOT_MEASURED"",""recovery"":""NOT_MEASURED"",""accessibility"":""NOT_MEASURED"",""safety_and_trust"":""NOT_MEASURED"",""consistency"":""NOT_MEASURED"",""cross_module_continuity"":""NOT_MEASURED""}",NOT_PERFORMED,NOT_LINKED_TO_CANONICAL_TARGET_CURRENT_AUDIT,NOT_MEASURED,NOT_MEASURED,NOT_MEASURED,NOT_MEASURED,NOT_MEASURED,NOT_MEASURED,NOT_MEASURED,NOT_MEASURED,NOT_MEASURED,NOT_MEASURED,NOT_MEASURED,H,CANONICAL_STATIC_IDENTITY_DENOMINATOR,Site meal-planning and Catering domain owners,NOT_ESTABLISHED_CURRENT_AUDIT,Maintain the catering product catalog,NOT_ADJUDICATED_CURRENT_AUDIT,NOT_SCORED_CURRENT_AUDIT,NOT_SCORED_CURRENT_AUDIT,STATIC_CANONICAL_IDENTITY_FROZEN,INCOMPLETE_CANONICAL_STATIC_IDENTITY_ONLY,NOT_ADJUDICATED_CURRENT_AUDIT,NOT_ADJUDICATED_CURRENT_AUDIT,NOT_DETERMINED_CURRENT_AUDIT,ONE_OPERATING_ORGANISATION_MULTIPLE_SITES; FEATURE_SPECIFIC_ROLE_PERMISSION_SITE_OWNERSHIP_DIRECT_OBJECT_PRIVACY_BOUNDARY_NOT_ADJUDICATED,NOT_ESTABLISHED_CURRENT_AUDIT,NOT_ESTABLISHED_CURRENT_AUDIT,routes/catering.php:49-60,NOT_ESTABLISHED_CURRENT_AUDIT,app/Http/Controllers/Catering/ProductController.php:10-99,NOT_ESTABLISHED_CURRENT_AUDIT,NOT_ESTABLISHED_CURRENT_AUDIT,Static canonical identity only: Maintain the catering product catalog. Representative-role completion was not executed.,ROUTE_SOURCE_ANCHOR_ONLY_UNVALIDATED,ROUTE_SOURCE_ANCHOR_ONLY_UNVALIDATED,task-scripts/cap-cater-product-catalog.md,a0493442b9e392d324055c35bf25b69421dc2d35,f8cdaf81d83c71e4f5d064fdf88872b908ffaaa1,df6e1b1b357439ad1fd829bebf4e2d33d20d067d515eb945c352e2350a4194a4,f4feae2598622afe346b1163fed2bb842305a8d973a89ec890c02746d99b5999,false,false,false,false,false,"Static identity and source ownership only; no runtime, browser, executed-test, benchmark, ease, release, or completion credit."
TASK-CAP-CATER-RECIPE-LIBRARY,CAP-CATER-RECIPE-LIBRARY,Catering,NOT_ESTABLISHED_CURRENT_AUDIT,Maintain the authorised recipe library,NOT_ESTABLISHED_CURRENT_AUDIT,Maintain the authorised recipe library,"NOT_ESTABLISHED_CURRENT_AUDIT; execution requires a documented representative role, approved Site/record scope where applicable, and resettable synthetic data.",SOURCE_BOUND_STATIC_IDENTITY_ONLY,NOT_EXECUTED_REPRESENTATIVE_ROLE,NOT_MEASURED,0-5; NOT_MEASURED is not 0,NOT_MEASURED,NOT_MEASURED,NOT_MEASURED,NOT_MEASURED,NOT_MEASURED,NOT_MEASURED,NOT_MEASURED,NOT_MEASURED,NOT_MEASURED,NOT_MEASURED,NOT_MEASURED,NOT_MEASURED,NOT_MEASURED,NOT_MEASURED,NOT_MEASURED,NOT_MEASURED,NOT_MEASURED,"{""discoverability"":""NOT_MEASURED"",""comprehension"":""NOT_MEASURED"",""learnability"":""NOT_MEASURED"",""efficiency"":""NOT_MEASURED"",""error_prevention"":""NOT_MEASURED"",""recovery"":""NOT_MEASURED"",""accessibility"":""NOT_MEASURED"",""safety_and_trust"":""NOT_MEASURED"",""consistency"":""NOT_MEASURED"",""cross_module_continuity"":""NOT_MEASURED""}",NOT_PERFORMED,NOT_LINKED_TO_CANONICAL_TARGET_CURRENT_AUDIT,NOT_MEASURED,NOT_MEASURED,NOT_MEASURED,NOT_MEASURED,NOT_MEASURED,NOT_MEASURED,NOT_MEASURED,NOT_MEASURED,NOT_MEASURED,NOT_MEASURED,NOT_MEASURED,H,CANONICAL_STATIC_IDENTITY_DENOMINATOR,RecipeController,NOT_ESTABLISHED_CURRENT_AUDIT,Maintain the authorised recipe library,NOT_ADJUDICATED_CURRENT_AUDIT,NOT_SCORED_CURRENT_AUDIT,NOT_SCORED_CURRENT_AUDIT,STATIC_CANONICAL_IDENTITY_FROZEN,INCOMPLETE_CANONICAL_STATIC_IDENTITY_ONLY,NOT_ADJUDICATED_CURRENT_AUDIT,NOT_ADJUDICATED_CURRENT_AUDIT,NOT_DETERMINED_CURRENT_AUDIT,ONE_OPERATING_ORGANISATION_MULTIPLE_SITES; FEATURE_SPECIFIC_ROLE_PERMISSION_SITE_OWNERSHIP_DIRECT_OBJECT_PRIVACY_BOUNDARY_NOT_ADJUDICATED,NOT_ESTABLISHED_CURRENT_AUDIT,NOT_ESTABLISHED_CURRENT_AUDIT,routes/catering.php:29-46; routes/catering.php:29-47,resources/js/pages/catering/recipes/index.tsx,app/Http/Controllers/Catering/RecipeController.php:11-178,NOT_ESTABLISHED_CURRENT_AUDIT,NOT_ESTABLISHED_CURRENT_AUDIT,Static canonical identity only: Maintain the authorised recipe library. Representative-role completion was not executed.,ROUTE_AND_PAGE_SOURCE_ANCHORS_PRESENT_UNVALIDATED,ROUTE_AND_PAGE_SOURCE_ANCHORS_PRESENT_UNVALIDATED,task-scripts/cap-cater-recipe-library.md,a0493442b9e392d324055c35bf25b69421dc2d35,f8cdaf81d83c71e4f5d064fdf88872b908ffaaa1,df6e1b1b357439ad1fd829bebf4e2d33d20d067d515eb945c352e2350a4194a4,f4feae2598622afe346b1163fed2bb842305a8d973a89ec890c02746d99b5999,false,false,false,false,false,"Static identity and source ownership only; no runtime, browser, executed-test, benchmark, ease, release, or completion credit."
TASK-CAP-CATER-SITE-INVENTORY-LIFECYCLE,CAP-CATER-SITE-INVENTORY-LIFECYCLE,Catering,NOT_ESTABLISHED_CURRENT_AUDIT,"Maintain, adjust, and stocktake approved-Site meal inventory",NOT_ESTABLISHED_CURRENT_AUDIT,"Maintain, adjust, and stocktake approved-Site meal inventory","NOT_ESTABLISHED_CURRENT_AUDIT; execution requires a documented representative role, approved Site/record scope where applicable, and resettable synthetic data.",SOURCE_BOUND_STATIC_IDENTITY_ONLY,NOT_EXECUTED_REPRESENTATIVE_ROLE,NOT_MEASURED,0-5; NOT_MEASURED is not 0,NOT_MEASURED,NOT_MEASURED,NOT_MEASURED,NOT_MEASURED,NOT_MEASURED,NOT_MEASURED,NOT_MEASURED,NOT_MEASURED,NOT_MEASURED,NOT_MEASURED,NOT_MEASURED,NOT_MEASURED,NOT_MEASURED,NOT_MEASURED,NOT_MEASURED,NOT_MEASURED,NOT_MEASURED,"{""discoverability"":""NOT_MEASURED"",""comprehension"":""NOT_MEASURED"",""learnability"":""NOT_MEASURED"",""efficiency"":""NOT_MEASURED"",""error_prevention"":""NOT_MEASURED"",""recovery"":""NOT_MEASURED"",""accessibility"":""NOT_MEASURED"",""safety_and_trust"":""NOT_MEASURED"",""consistency"":""NOT_MEASURED"",""cross_module_continuity"":""NOT_MEASURED""}",NOT_PERFORMED,NOT_LINKED_TO_CANONICAL_TARGET_CURRENT_AUDIT,NOT_MEASURED,NOT_MEASURED,NOT_MEASURED,NOT_MEASURED,NOT_MEASURED,NOT_MEASURED,NOT_MEASURED,NOT_MEASURED,NOT_MEASURED,NOT_MEASURED,NOT_MEASURED,H,CANONICAL_STATIC_IDENTITY_DENOMINATOR,Site meal-planning and Catering domain owners,NOT_ESTABLISHED_CURRENT_AUDIT,"Maintain, adjust, and stocktake approved-Site meal inventory",NOT_ADJUDICATED_CURRENT_AUDIT,NOT_SCORED_CURRENT_AUDIT,NOT_SCORED_CURRENT_AUDIT,STATIC_CANONICAL_IDENTITY_FROZEN,INCOMPLETE_CANONICAL_STATIC_IDENTITY_ONLY,NOT_ADJUDICATED_CURRENT_AUDIT,NOT_ADJUDICATED_CURRENT_AUDIT,NOT_DETERMINED_CURRENT_AUDIT,ONE_OPERATING_ORGANISATION_MULTIPLE_SITES; FEATURE_SPECIFIC_ROLE_PERMISSION_SITE_OWNERSHIP_DIRECT_OBJECT_PRIVACY_BOUNDARY_NOT_ADJUDICATED,NOT_ESTABLISHED_CURRENT_AUDIT,NOT_ESTABLISHED_CURRENT_AUDIT,routes/sites.php:363-383,NOT_ESTABLISHED_CURRENT_AUDIT,app/Http/Controllers/Sites/SiteMealInventoryController.php:13-168,NOT_ESTABLISHED_CURRENT_AUDIT,NOT_ESTABLISHED_CURRENT_AUDIT,"Static canonical identity only: Maintain, adjust, and stocktake approved-Site meal inventory. Representative-role completion was not executed.",ROUTE_SOURCE_ANCHOR_ONLY_UNVALIDATED,ROUTE_SOURCE_ANCHOR_ONLY_UNVALIDATED,task-scripts/cap-cater-site-inventory-lifecycle.md,a0493442b9e392d324055c35bf25b69421dc2d35,f8cdaf81d83c71e4f5d064fdf88872b908ffaaa1,df6e1b1b357439ad1fd829bebf4e2d33d20d067d515eb945c352e2350a4194a4,f4feae2598622afe346b1163fed2bb842305a8d973a89ec890c02746d99b5999,false,false,false,false,false,"Static identity and source ownership only; no runtime, browser, executed-test, benchmark, ease, release, or completion credit."
TASK-CAP-CATER-SITE-SHOPPING-LIST,CAP-CATER-SITE-SHOPPING-LIST,Catering,NOT_ESTABLISHED_CURRENT_AUDIT,"Generate, maintain, receive, and close approved-Site shopping lists",NOT_ESTABLISHED_CURRENT_AUDIT,"Generate, maintain, receive, and close approved-Site shopping lists","NOT_ESTABLISHED_CURRENT_AUDIT; execution requires a documented representative role, approved Site/record scope where applicable, and resettable synthetic data.",SOURCE_BOUND_STATIC_IDENTITY_ONLY,NOT_EXECUTED_REPRESENTATIVE_ROLE,NOT_MEASURED,0-5; NOT_MEASURED is not 0,NOT_MEASURED,NOT_MEASURED,NOT_MEASURED,NOT_MEASURED,NOT_MEASURED,NOT_MEASURED,NOT_MEASURED,NOT_MEASURED,NOT_MEASURED,NOT_MEASURED,NOT_MEASURED,NOT_MEASURED,NOT_MEASURED,NOT_MEASURED,NOT_MEASURED,NOT_MEASURED,NOT_MEASURED,"{""discoverability"":""NOT_MEASURED"",""comprehension"":""NOT_MEASURED"",""learnability"":""NOT_MEASURED"",""efficiency"":""NOT_MEASURED"",""error_prevention"":""NOT_MEASURED"",""recovery"":""NOT_MEASURED"",""accessibility"":""NOT_MEASURED"",""safety_and_trust"":""NOT_MEASURED"",""consistency"":""NOT_MEASURED"",""cross_module_continuity"":""NOT_MEASURED""}",NOT_PERFORMED,NOT_LINKED_TO_CANONICAL_TARGET_CURRENT_AUDIT,NOT_MEASURED,NOT_MEASURED,NOT_MEASURED,NOT_MEASURED,NOT_MEASURED,NOT_MEASURED,NOT_MEASURED,NOT_MEASURED,NOT_MEASURED,NOT_MEASURED,NOT_MEASURED,H,CANONICAL_STATIC_IDENTITY_DENOMINATOR,Site meal-planning owner,NOT_ESTABLISHED_CURRENT_AUDIT,"Generate, maintain, receive, and close approved-Site shopping lists",NOT_ADJUDICATED_CURRENT_AUDIT,NOT_SCORED_CURRENT_AUDIT,NOT_SCORED_CURRENT_AUDIT,STATIC_CANONICAL_IDENTITY_FROZEN,INCOMPLETE_CANONICAL_STATIC_IDENTITY_ONLY,NOT_ADJUDICATED_CURRENT_AUDIT,NOT_ADJUDICATED_CURRENT_AUDIT,NOT_DETERMINED_CURRENT_AUDIT,ONE_OPERATING_ORGANISATION_MULTIPLE_SITES; FEATURE_SPECIFIC_ROLE_PERMISSION_SITE_OWNERSHIP_DIRECT_OBJECT_PRIVACY_BOUNDARY_NOT_ADJUDICATED,NOT_ESTABLISHED_CURRENT_AUDIT,NOT_ESTABLISHED_CURRENT_AUDIT,routes/sites.php:295-421; routes/sites.php:385-410,resources/js/pages/sites/meal-planner/index.tsx,app/Http/Controllers/Sites/SiteMealShoppingListController.php:19-262,NOT_ESTABLISHED_CURRENT_AUDIT,NOT_ESTABLISHED_CURRENT_AUDIT,"Static canonical identity only: Generate, maintain, receive, and close approved-Site shopping lists. Representative-role completion was not executed.",ROUTE_AND_PAGE_SOURCE_ANCHORS_PRESENT_UNVALIDATED,ROUTE_AND_PAGE_SOURCE_ANCHORS_PRESENT_UNVALIDATED,task-scripts/cap-cater-site-shopping-list.md,a0493442b9e392d324055c35bf25b69421dc2d35,f8cdaf81d83c71e4f5d064fdf88872b908ffaaa1,df6e1b1b357439ad1fd829bebf4e2d33d20d067d515eb945c352e2350a4194a4,f4feae2598622afe346b1163fed2bb842305a8d973a89ec890c02746d99b5999,false,false,false,false,false,"Static identity and source ownership only; no runtime, browser, executed-test, benchmark, ease, release, or completion credit."
TASK-CAP-CLI-CLIENT-ASSESSMENT,CAP-CLI-CLIENT-ASSESSMENT,Clients,NOT_ESTABLISHED_CURRENT_AUDIT,"Create, update, and remove client assessments",NOT_ESTABLISHED_CURRENT_AUDIT,"Create, update, and remove client assessments","NOT_ESTABLISHED_CURRENT_AUDIT; execution requires a documented representative role, approved Site/record scope where applicable, and resettable synthetic data.",SOURCE_BOUND_STATIC_IDENTITY_ONLY,NOT_EXECUTED_REPRESENTATIVE_ROLE,NOT_MEASURED,0-5; NOT_MEASURED is not 0,NOT_MEASURED,NOT_MEASURED,NOT_MEASURED,NOT_MEASURED,NOT_MEASURED,NOT_MEASURED,NOT_MEASURED,NOT_MEASURED,NOT_MEASURED,NOT_MEASURED,NOT_MEASURED,NOT_MEASURED,NOT_MEASURED,NOT_MEASURED,NOT_MEASURED,NOT_MEASURED,NOT_MEASURED,"{""discoverability"":""NOT_MEASURED"",""comprehension"":""NOT_MEASURED"",""learnability"":""NOT_MEASURED"",""efficiency"":""NOT_MEASURED"",""error_prevention"":""NOT_MEASURED"",""recovery"":""NOT_MEASURED"",""accessibility"":""NOT_MEASURED"",""safety_and_trust"":""NOT_MEASURED"",""consistency"":""NOT_MEASURED"",""cross_module_continuity"":""NOT_MEASURED""}",NOT_PERFORMED,NOT_LINKED_TO_CANONICAL_TARGET_CURRENT_AUDIT,NOT_MEASURED,NOT_MEASURED,NOT_MEASURED,NOT_MEASURED,NOT_MEASURED,NOT_MEASURED,NOT_MEASURED,NOT_MEASURED,NOT_MEASURED,NOT_MEASURED,NOT_MEASURED,H,CANONICAL_STATIC_IDENTITY_DENOMINATOR,ClientAssessmentController,NOT_ESTABLISHED_CURRENT_AUDIT,"Create, update, and remove client assessments",NOT_ADJUDICATED_CURRENT_AUDIT,NOT_SCORED_CURRENT_AUDIT,NOT_SCORED_CURRENT_AUDIT,STATIC_CANONICAL_IDENTITY_FROZEN,INCOMPLETE_CANONICAL_STATIC_IDENTITY_ONLY,NOT_ADJUDICATED_CURRENT_AUDIT,NOT_ADJUDICATED_CURRENT_AUDIT,NOT_DETERMINED_CURRENT_AUDIT,ONE_OPERATING_ORGANISATION_MULTIPLE_SITES; FEATURE_SPECIFIC_ROLE_PERMISSION_SITE_OWNERSHIP_DIRECT_OBJECT_PRIVACY_BOUNDARY_NOT_ADJUDICATED,NOT_ESTABLISHED_CURRENT_AUDIT,NOT_ESTABLISHED_CURRENT_AUDIT,routes/clients.php:160-165,NOT_ESTABLISHED_CURRENT_AUDIT,app/Http/Controllers/ClientAssessmentController.php; app/Http/Controllers/ClientAssessmentController.php:10,NOT_ESTABLISHED_CURRENT_AUDIT,NOT_ESTABLISHED_CURRENT_AUDIT,"Static canonical identity only: Create, update, and remove client assessments. Representative-role completion was not executed.",ROUTE_SOURCE_ANCHOR_ONLY_UNVALIDATED,ROUTE_SOURCE_ANCHOR_ONLY_UNVALIDATED,task-scripts/cap-cli-client-assessment.md,a0493442b9e392d324055c35bf25b69421dc2d35,f8cdaf81d83c71e4f5d064fdf88872b908ffaaa1,df6e1b1b357439ad1fd829bebf4e2d33d20d067d515eb945c352e2350a4194a4,f4feae2598622afe346b1163fed2bb842305a8d973a89ec890c02746d99b5999,false,false,false,false,false,"Static identity and source ownership only; no runtime, browser, executed-test, benchmark, ease, release, or completion credit."
TASK-CAP-CLI-CLIENT-ASSIGNMENT,CAP-CLI-CLIENT-ASSIGNMENT,Clients,NOT_ESTABLISHED_CURRENT_AUDIT,Maintain authorised staff assignments for a client,NOT_ESTABLISHED_CURRENT_AUDIT,Maintain authorised staff assignments for a client,"NOT_ESTABLISHED_CURRENT_AUDIT; execution requires a documented representative role, approved Site/record scope where applicable, and resettable synthetic data.",SOURCE_BOUND_STATIC_IDENTITY_ONLY,NOT_EXECUTED_REPRESENTATIVE_ROLE,NOT_MEASURED,0-5; NOT_MEASURED is not 0,NOT_MEASURED,NOT_MEASURED,NOT_MEASURED,NOT_MEASURED,NOT_MEASURED,NOT_MEASURED,NOT_MEASURED,NOT_MEASURED,NOT_MEASURED,NOT_MEASURED,NOT_MEASURED,NOT_MEASURED,NOT_MEASURED,NOT_MEASURED,NOT_MEASURED,NOT_MEASURED,NOT_MEASURED,"{""discoverability"":""NOT_MEASURED"",""comprehension"":""NOT_MEASURED"",""learnability"":""NOT_MEASURED"",""efficiency"":""NOT_MEASURED"",""error_prevention"":""NOT_MEASURED"",""recovery"":""NOT_MEASURED"",""accessibility"":""NOT_MEASURED"",""safety_and_trust"":""NOT_MEASURED"",""consistency"":""NOT_MEASURED"",""cross_module_continuity"":""NOT_MEASURED""}",NOT_PERFORMED,NOT_LINKED_TO_CANONICAL_TARGET_CURRENT_AUDIT,NOT_MEASURED,NOT_MEASURED,NOT_MEASURED,NOT_MEASURED,NOT_MEASURED,NOT_MEASURED,NOT_MEASURED,NOT_MEASURED,NOT_MEASURED,NOT_MEASURED,NOT_MEASURED,H,CANONICAL_STATIC_IDENTITY_DENOMINATOR,ClientAssignmentController,NOT_ESTABLISHED_CURRENT_AUDIT,Maintain authorised staff assignments for a client,NOT_ADJUDICATED_CURRENT_AUDIT,NOT_SCORED_CURRENT_AUDIT,NOT_SCORED_CURRENT_AUDIT,STATIC_CANONICAL_IDENTITY_FROZEN,INCOMPLETE_CANONICAL_STATIC_IDENTITY_ONLY,NOT_ADJUDICATED_CURRENT_AUDIT,NOT_ADJUDICATED_CURRENT_AUDIT,NOT_DETERMINED_CURRENT_AUDIT,ONE_OPERATING_ORGANISATION_MULTIPLE_SITES; FEATURE_SPECIFIC_ROLE_PERMISSION_SITE_OWNERSHIP_DIRECT_OBJECT_PRIVACY_BOUNDARY_NOT_ADJUDICATED,NOT_ESTABLISHED_CURRENT_AUDIT,NOT_ESTABLISHED_CURRENT_AUDIT,routes/clients.php:172-177; routes/clients.php:173-177,resources/js/pages/operations/clients/assignments.tsx,app/Http/Controllers/ClientAssignmentController.php:10,NOT_ESTABLISHED_CURRENT_AUDIT,NOT_ESTABLISHED_CURRENT_AUDIT,Static canonical identity only: Maintain authorised staff assignments for a client. Representative-role completion was not executed.,ROUTE_AND_PAGE_SOURCE_ANCHORS_PRESENT_UNVALIDATED,ROUTE_AND_PAGE_SOURCE_ANCHORS_PRESENT_UNVALIDATED,task-scripts/cap-cli-client-assignment.md,a0493442b9e392d324055c35bf25b69421dc2d35,f8cdaf81d83c71e4f5d064fdf88872b908ffaaa1,df6e1b1b357439ad1fd829bebf4e2d33d20d067d515eb945c352e2350a4194a4,f4feae2598622afe346b1163fed2bb842305a8d973a89ec890c02746d99b5999,false,false,false,false,false,"Static identity and source ownership only; no runtime, browser, executed-test, benchmark, ease, release, or completion credit."
TASK-CAP-CLI-CLIENT-CONSENT-LIFECYCLE,CAP-CLI-CLIENT-CONSENT-LIFECYCLE,Clients,NOT_ESTABLISHED_CURRENT_AUDIT,"Request, decide, validate, withdraw, and evidence client consent",NOT_ESTABLISHED_CURRENT_AUDIT,"Request, decide, validate, withdraw, and evidence client consent","NOT_ESTABLISHED_CURRENT_AUDIT; execution requires a documented representative role, approved Site/record scope where applicable, and resettable synthetic data.",SOURCE_BOUND_STATIC_IDENTITY_ONLY,NOT_EXECUTED_REPRESENTATIVE_ROLE,NOT_MEASURED,0-5; NOT_MEASURED is not 0,NOT_MEASURED,NOT_MEASURED,NOT_MEASURED,NOT_MEASURED,NOT_MEASURED,NOT_MEASURED,NOT_MEASURED,NOT_MEASURED,NOT_MEASURED,NOT_MEASURED,NOT_MEASURED,NOT_MEASURED,NOT_MEASURED,NOT_MEASURED,NOT_MEASURED,NOT_MEASURED,NOT_MEASURED,"{""discoverability"":""NOT_MEASURED"",""comprehension"":""NOT_MEASURED"",""learnability"":""NOT_MEASURED"",""efficiency"":""NOT_MEASURED"",""error_prevention"":""NOT_MEASURED"",""recovery"":""NOT_MEASURED"",""accessibility"":""NOT_MEASURED"",""safety_and_trust"":""NOT_MEASURED"",""consistency"":""NOT_MEASURED"",""cross_module_continuity"":""NOT_MEASURED""}",NOT_PERFORMED,NOT_LINKED_TO_CANONICAL_TARGET_CURRENT_AUDIT,NOT_MEASURED,NOT_MEASURED,NOT_MEASURED,NOT_MEASURED,NOT_MEASURED,NOT_MEASURED,NOT_MEASURED,NOT_MEASURED,NOT_MEASURED,NOT_MEASURED,NOT_MEASURED,H,CANONICAL_STATIC_IDENTITY_DENOMINATOR,ConsentRequestService and ConsentDecisionEvidenceService,NOT_ESTABLISHED_CURRENT_AUDIT,"Request, decide, validate, withdraw, and evidence client consent",NOT_ADJUDICATED_CURRENT_AUDIT,NOT_SCORED_CURRENT_AUDIT,NOT_SCORED_CURRENT_AUDIT,STATIC_CANONICAL_IDENTITY_FROZEN,INCOMPLETE_CANONICAL_STATIC_IDENTITY_ONLY,NOT_ADJUDICATED_CURRENT_AUDIT,NOT_ADJUDICATED_CURRENT_AUDIT,NOT_DETERMINED_CURRENT_AUDIT,ONE_OPERATING_ORGANISATION_MULTIPLE_SITES; FEATURE_SPECIFIC_ROLE_PERMISSION_SITE_OWNERSHIP_DIRECT_OBJECT_PRIVACY_BOUNDARY_NOT_ADJUDICATED,NOT_ESTABLISHED_CURRENT_AUDIT,NOT_ESTABLISHED_CURRENT_AUDIT,routes/operations.php:180-208; routes/operations.php:355-364,resources/js/pages/operations/clients/consent-requests/Show.tsx; resources/js/pages/operations/clients/consents/Index.tsx; resources/js/pages/operations/clients/tabs/_groups.ts,app/Services/ConsentDecisionEvidenceService.php; app/Services/ConsentDecisionEvidenceService.php:18-220; app/Services/ConsentRequestService.php; app/Services/ConsentRequestService.php:30-1158,tests/Feature/Consents/ConsentRequestIntegrityTest.php,NOT_ESTABLISHED_CURRENT_AUDIT,"Static canonical identity only: Request, decide, validate, withdraw, and evidence client consent. Representative-role completion was not executed.",ROUTE_AND_PAGE_SOURCE_ANCHORS_PRESENT_UNVALIDATED,ROUTE_AND_PAGE_SOURCE_ANCHORS_PRESENT_UNVALIDATED,task-scripts/cap-cli-client-consent-lifecycle.md,a0493442b9e392d324055c35bf25b69421dc2d35,f8cdaf81d83c71e4f5d064fdf88872b908ffaaa1,df6e1b1b357439ad1fd829bebf4e2d33d20d067d515eb945c352e2350a4194a4,f4feae2598622afe346b1163fed2bb842305a8d973a89ec890c02746d99b5999,false,false,false,false,false,"Static identity and source ownership only; no runtime, browser, executed-test, benchmark, ease, release, or completion credit."
TASK-CAP-CLI-CLIENT-DOCUMENT-STAFF-LIBRARY,CAP-CLI-CLIENT-DOCUMENT-STAFF-LIBRARY,Clients,NOT_ESTABLISHED_CURRENT_AUDIT,Manage the authorised client's staff document library,NOT_ESTABLISHED_CURRENT_AUDIT,Manage the authorised client's staff document library,"NOT_ESTABLISHED_CURRENT_AUDIT; execution requires a documented representative role, approved Site/record scope where applicable, and resettable synthetic data.",SOURCE_BOUND_STATIC_IDENTITY_ONLY,NOT_EXECUTED_REPRESENTATIVE_ROLE,NOT_MEASURED,0-5; NOT_MEASURED is not 0,NOT_MEASURED,NOT_MEASURED,NOT_MEASURED,NOT_MEASURED,NOT_MEASURED,NOT_MEASURED,NOT_MEASURED,NOT_MEASURED,NOT_MEASURED,NOT_MEASURED,NOT_MEASURED,NOT_MEASURED,NOT_MEASURED,NOT_MEASURED,NOT_MEASURED,NOT_MEASURED,NOT_MEASURED,"{""discoverability"":""NOT_MEASURED"",""comprehension"":""NOT_MEASURED"",""learnability"":""NOT_MEASURED"",""efficiency"":""NOT_MEASURED"",""error_prevention"":""NOT_MEASURED"",""recovery"":""NOT_MEASURED"",""accessibility"":""NOT_MEASURED"",""safety_and_trust"":""NOT_MEASURED"",""consistency"":""NOT_MEASURED"",""cross_module_continuity"":""NOT_MEASURED""}",NOT_PERFORMED,NOT_LINKED_TO_CANONICAL_TARGET_CURRENT_AUDIT,NOT_MEASURED,NOT_MEASURED,NOT_MEASURED,NOT_MEASURED,NOT_MEASURED,NOT_MEASURED,NOT_MEASURED,NOT_MEASURED,NOT_MEASURED,NOT_MEASURED,NOT_MEASURED,H,CANONICAL_STATIC_IDENTITY_DENOMINATOR,Client document controllers and storage services,NOT_ESTABLISHED_CURRENT_AUDIT,Manage the authorised client's staff document library,NOT_ADJUDICATED_CURRENT_AUDIT,NOT_SCORED_CURRENT_AUDIT,NOT_SCORED_CURRENT_AUDIT,STATIC_CANONICAL_IDENTITY_FROZEN,INCOMPLETE_CANONICAL_STATIC_IDENTITY_ONLY,NOT_ADJUDICATED_CURRENT_AUDIT,NOT_ADJUDICATED_CURRENT_AUDIT,NOT_DETERMINED_CURRENT_AUDIT,ONE_OPERATING_ORGANISATION_MULTIPLE_SITES; FEATURE_SPECIFIC_ROLE_PERMISSION_SITE_OWNERSHIP_DIRECT_OBJECT_PRIVACY_BOUNDARY_NOT_ADJUDICATED,NOT_ESTABLISHED_CURRENT_AUDIT,NOT_ESTABLISHED_CURRENT_AUDIT,routes/clients.php:28-39; routes/clients.php:30-259; routes/operations.php:147-153,resources/js/pages/operations/clients/documents.tsx:335-1333,app/Http/Controllers/ClientController.php:1; app/Http/Controllers/ClientDocumentController.php:23-278; app/Http/Controllers/ClientDocumentController.php:23-78; app/Http/Controllers/ClientDocumentController.php:84-278; app/Policies/ClientPolicy.php:20-42; app/Services/Clients/ClientProfileSectionAccess.php:34-52; app/Services/Clients/ClientProfileSectionAccess.php:88-93; app/Services/ConsentDecisionEvidenceService.php:1; app/Services/ConsentRequestService.php:1,tests/Feature/ClientControllerTest.php:1; tests/Feature/ClientControllerTest.php:647-704; tests/Feature/Consents/ConsentRequestIntegrityTest.php:1; tests/Feature/Portal/PortalDirectRouteAuthorizationTest.php:153-205; tests/Feature/Security/ClientProfileClinicalDirectRouteTest.php:105-149,NOT_ESTABLISHED_CURRENT_AUDIT,Static canonical identity only: Manage the authorised client's staff document library. Representative-role completion was not executed.,ROUTE_AND_PAGE_SOURCE_ANCHORS_PRESENT_UNVALIDATED,ROUTE_AND_PAGE_SOURCE_ANCHORS_PRESENT_UNVALIDATED,task-scripts/cap-cli-client-document-staff-library.md,a0493442b9e392d324055c35bf25b69421dc2d35,f8cdaf81d83c71e4f5d064fdf88872b908ffaaa1,df6e1b1b357439ad1fd829bebf4e2d33d20d067d515eb945c352e2350a4194a4,f4feae2598622afe346b1163fed2bb842305a8d973a89ec890c02746d99b5999,false,false,false,false,false,"Static identity and source ownership only; no runtime, browser, executed-test, benchmark, ease, release, or completion credit."
TASK-CAP-CLI-CLIENT-NOTES,CAP-CLI-CLIENT-NOTES,Clients,NOT_ESTABLISHED_CURRENT_AUDIT,Create and pin privacy-scoped client timeline notes,NOT_ESTABLISHED_CURRENT_AUDIT,Create and pin privacy-scoped client timeline notes,"NOT_ESTABLISHED_CURRENT_AUDIT; execution requires a documented representative role, approved Site/record scope where applicable, and resettable synthetic data.",SOURCE_BOUND_STATIC_IDENTITY_ONLY,NOT_EXECUTED_REPRESENTATIVE_ROLE,NOT_MEASURED,0-5; NOT_MEASURED is not 0,NOT_MEASURED,NOT_MEASURED,NOT_MEASURED,NOT_MEASURED,NOT_MEASURED,NOT_MEASURED,NOT_MEASURED,NOT_MEASURED,NOT_MEASURED,NOT_MEASURED,NOT_MEASURED,NOT_MEASURED,NOT_MEASURED,NOT_MEASURED,NOT_MEASURED,NOT_MEASURED,NOT_MEASURED,"{""discoverability"":""NOT_MEASURED"",""comprehension"":""NOT_MEASURED"",""learnability"":""NOT_MEASURED"",""efficiency"":""NOT_MEASURED"",""error_prevention"":""NOT_MEASURED"",""recovery"":""NOT_MEASURED"",""accessibility"":""NOT_MEASURED"",""safety_and_trust"":""NOT_MEASURED"",""consistency"":""NOT_MEASURED"",""cross_module_continuity"":""NOT_MEASURED""}",NOT_PERFORMED,NOT_LINKED_TO_CANONICAL_TARGET_CURRENT_AUDIT,NOT_MEASURED,NOT_MEASURED,NOT_MEASURED,NOT_MEASURED,NOT_MEASURED,NOT_MEASURED,NOT_MEASURED,NOT_MEASURED,NOT_MEASURED,NOT_MEASURED,NOT_MEASURED,H,CANONICAL_STATIC_IDENTITY_DENOMINATOR,ClientNoteController,NOT_ESTABLISHED_CURRENT_AUDIT,Create and pin privacy-scoped client timeline notes,NOT_ADJUDICATED_CURRENT_AUDIT,NOT_SCORED_CURRENT_AUDIT,NOT_SCORED_CURRENT_AUDIT,STATIC_CANONICAL_IDENTITY_FROZEN,INCOMPLETE_CANONICAL_STATIC_IDENTITY_ONLY,NOT_ADJUDICATED_CURRENT_AUDIT,NOT_ADJUDICATED_CURRENT_AUDIT,NOT_DETERMINED_CURRENT_AUDIT,ONE_OPERATING_ORGANISATION_MULTIPLE_SITES; FEATURE_SPECIFIC_ROLE_PERMISSION_SITE_OWNERSHIP_DIRECT_OBJECT_PRIVACY_BOUNDARY_NOT_ADJUDICATED,NOT_ESTABLISHED_CURRENT_AUDIT,NOT_ESTABLISHED_CURRENT_AUDIT,routes/clients.php:180-186; routes/clients.php:181-186,resources/js/pages/operations/clients/tabs/communication-notes.tsx,app/Http/Controllers/ClientNoteController.php:11,NOT_ESTABLISHED_CURRENT_AUDIT,NOT_ESTABLISHED_CURRENT_AUDIT,Static canonical identity only: Create and pin privacy-scoped client timeline notes. Representative-role completion was not executed.,ROUTE_AND_PAGE_SOURCE_ANCHORS_PRESENT_UNVALIDATED,ROUTE_AND_PAGE_SOURCE_ANCHORS_PRESENT_UNVALIDATED,task-scripts/cap-cli-client-notes.md,a0493442b9e392d324055c35bf25b69421dc2d35,f8cdaf81d83c71e4f5d064fdf88872b908ffaaa1,df6e1b1b357439ad1fd829bebf4e2d33d20d067d515eb945c352e2350a4194a4,f4feae2598622afe346b1163fed2bb842305a8d973a89ec890c02746d99b5999,false,false,false,false,false,"Static identity and source ownership only; no runtime, browser, executed-test, benchmark, ease, release, or completion credit."
TASK-CAP-CLI-CLIENT-RISK-REGISTER,CAP-CLI-CLIENT-RISK-REGISTER,Clients,NOT_ESTABLISHED_CURRENT_AUDIT,View and maintain the client's risk register,NOT_ESTABLISHED_CURRENT_AUDIT,View and maintain the client's risk register,"NOT_ESTABLISHED_CURRENT_AUDIT; execution requires a documented representative role, approved Site/record scope where applicable, and resettable synthetic data.",SOURCE_BOUND_STATIC_IDENTITY_ONLY,NOT_EXECUTED_REPRESENTATIVE_ROLE,NOT_MEASURED,0-5; NOT_MEASURED is not 0,NOT_MEASURED,NOT_MEASURED,NOT_MEASURED,NOT_MEASURED,NOT_MEASURED,NOT_MEASURED,NOT_MEASURED,NOT_MEASURED,NOT_MEASURED,NOT_MEASURED,NOT_MEASURED,NOT_MEASURED,NOT_MEASURED,NOT_MEASURED,NOT_MEASURED,NOT_MEASURED,NOT_MEASURED,"{""discoverability"":""NOT_MEASURED"",""comprehension"":""NOT_MEASURED"",""learnability"":""NOT_MEASURED"",""efficiency"":""NOT_MEASURED"",""error_prevention"":""NOT_MEASURED"",""recovery"":""NOT_MEASURED"",""accessibility"":""NOT_MEASURED"",""safety_and_trust"":""NOT_MEASURED"",""consistency"":""NOT_MEASURED"",""cross_module_continuity"":""NOT_MEASURED""}",NOT_PERFORMED,NOT_LINKED_TO_CANONICAL_TARGET_CURRENT_AUDIT,NOT_MEASURED,NOT_MEASURED,NOT_MEASURED,NOT_MEASURED,NOT_MEASURED,NOT_MEASURED,NOT_MEASURED,NOT_MEASURED,NOT_MEASURED,NOT_MEASURED,NOT_MEASURED,H,CANONICAL_STATIC_IDENTITY_DENOMINATOR,ClientRiskController,NOT_ESTABLISHED_CURRENT_AUDIT,View and maintain the client's risk register,NOT_ADJUDICATED_CURRENT_AUDIT,NOT_SCORED_CURRENT_AUDIT,NOT_SCORED_CURRENT_AUDIT,STATIC_CANONICAL_IDENTITY_FROZEN,INCOMPLETE_CANONICAL_STATIC_IDENTITY_ONLY,NOT_ADJUDICATED_CURRENT_AUDIT,NOT_ADJUDICATED_CURRENT_AUDIT,NOT_DETERMINED_CURRENT_AUDIT,ONE_OPERATING_ORGANISATION_MULTIPLE_SITES; FEATURE_SPECIFIC_ROLE_PERMISSION_SITE_OWNERSHIP_DIRECT_OBJECT_PRIVACY_BOUNDARY_NOT_ADJUDICATED,NOT_ESTABLISHED_CURRENT_AUDIT,NOT_ESTABLISHED_CURRENT_AUDIT,routes/clients.php:242-259,resources/js/pages/operations/clients/tabs/risk-management.tsx,app/Http/Controllers/ClientRiskController.php:10,NOT_ESTABLISHED_CURRENT_AUDIT,NOT_ESTABLISHED_CURRENT_AUDIT,Static canonical identity only: View and maintain the client's risk register. Representative-role completion was not executed.,ROUTE_AND_PAGE_SOURCE_ANCHORS_PRESENT_UNVALIDATED,ROUTE_AND_PAGE_SOURCE_ANCHORS_PRESENT_UNVALIDATED,task-scripts/cap-cli-client-risk-register.md,a0493442b9e392d324055c35bf25b69421dc2d35,f8cdaf81d83c71e4f5d064fdf88872b908ffaaa1,df6e1b1b357439ad1fd829bebf4e2d33d20d067d515eb945c352e2350a4194a4,f4feae2598622afe346b1163fed2bb842305a8d973a89ec890c02746d99b5999,false,false,false,false,false,"Static identity and source ownership only; no runtime, browser, executed-test, benchmark, ease, release, or completion credit."
TASK-CAP-CLI-CLIENT-SUPPORT-PLAN,CAP-CLI-CLIENT-SUPPORT-PLAN,Clients,NOT_ESTABLISHED_CURRENT_AUDIT,Maintain the client's support plan,NOT_ESTABLISHED_CURRENT_AUDIT,Maintain the client's support plan,"NOT_ESTABLISHED_CURRENT_AUDIT; execution requires a documented representative role, approved Site/record scope where applicable, and resettable synthetic data.",SOURCE_BOUND_STATIC_IDENTITY_ONLY,NOT_EXECUTED_REPRESENTATIVE_ROLE,NOT_MEASURED,0-5; NOT_MEASURED is not 0,NOT_MEASURED,NOT_MEASURED,NOT_MEASURED,NOT_MEASURED,NOT_MEASURED,NOT_MEASURED,NOT_MEASURED,NOT_MEASURED,NOT_MEASURED,NOT_MEASURED,NOT_MEASURED,NOT_MEASURED,NOT_MEASURED,NOT_MEASURED,NOT_MEASURED,NOT_MEASURED,NOT_MEASURED,"{""discoverability"":""NOT_MEASURED"",""comprehension"":""NOT_MEASURED"",""learnability"":""NOT_MEASURED"",""efficiency"":""NOT_MEASURED"",""error_prevention"":""NOT_MEASURED"",""recovery"":""NOT_MEASURED"",""accessibility"":""NOT_MEASURED"",""safety_and_trust"":""NOT_MEASURED"",""consistency"":""NOT_MEASURED"",""cross_module_continuity"":""NOT_MEASURED""}",NOT_PERFORMED,NOT_LINKED_TO_CANONICAL_TARGET_CURRENT_AUDIT,NOT_MEASURED,NOT_MEASURED,NOT_MEASURED,NOT_MEASURED,NOT_MEASURED,NOT_MEASURED,NOT_MEASURED,NOT_MEASURED,NOT_MEASURED,NOT_MEASURED,NOT_MEASURED,H,CANONICAL_STATIC_IDENTITY_DENOMINATOR,ClientSupportPlanController,NOT_ESTABLISHED_CURRENT_AUDIT,Maintain the client's support plan,NOT_ADJUDICATED_CURRENT_AUDIT,NOT_SCORED_CURRENT_AUDIT,NOT_SCORED_CURRENT_AUDIT,STATIC_CANONICAL_IDENTITY_FROZEN,INCOMPLETE_CANONICAL_STATIC_IDENTITY_ONLY,NOT_ADJUDICATED_CURRENT_AUDIT,NOT_ADJUDICATED_CURRENT_AUDIT,NOT_DETERMINED_CURRENT_AUDIT,ONE_OPERATING_ORGANISATION_MULTIPLE_SITES; FEATURE_SPECIFIC_ROLE_PERMISSION_SITE_OWNERSHIP_DIRECT_OBJECT_PRIVACY_BOUNDARY_NOT_ADJUDICATED,NOT_ESTABLISHED_CURRENT_AUDIT,NOT_ESTABLISHED_CURRENT_AUDIT,routes/clients.php:156-157,resources/js/pages/operations/clients/tabs/care-support-plan.tsx,app/Http/Controllers/ClientSupportPlanController.php:10,NOT_ESTABLISHED_CURRENT_AUDIT,NOT_ESTABLISHED_CURRENT_AUDIT,Static canonical identity only: Maintain the client's support plan. Representative-role completion was not executed.,ROUTE_AND_PAGE_SOURCE_ANCHORS_PRESENT_UNVALIDATED,ROUTE_AND_PAGE_SOURCE_ANCHORS_PRESENT_UNVALIDATED,task-scripts/cap-cli-client-support-plan.md,a0493442b9e392d324055c35bf25b69421dc2d35,f8cdaf81d83c71e4f5d064fdf88872b908ffaaa1,df6e1b1b357439ad1fd829bebf4e2d33d20d067d515eb945c352e2350a4194a4,f4feae2598622afe346b1163fed2bb842305a8d973a89ec890c02746d99b5999,false,false,false,false,false,"Static identity and source ownership only; no runtime, browser, executed-test, benchmark, ease, release, or completion credit."
TASK-CAP-CLIN-ASSESSMENT-RECORD,CAP-CLIN-ASSESSMENT-RECORD,Care & Clinical,NOT_ESTABLISHED_CURRENT_AUDIT,Record and review a client clinical assessment,NOT_ESTABLISHED_CURRENT_AUDIT,Record and review a client clinical assessment,"NOT_ESTABLISHED_CURRENT_AUDIT; execution requires a documented representative role, approved Site/record scope where applicable, and resettable synthetic data.",SOURCE_BOUND_STATIC_IDENTITY_ONLY,NOT_EXECUTED_REPRESENTATIVE_ROLE,NOT_MEASURED,0-5; NOT_MEASURED is not 0,NOT_MEASURED,NOT_MEASURED,NOT_MEASURED,NOT_MEASURED,NOT_MEASURED,NOT_MEASURED,NOT_MEASURED,NOT_MEASURED,NOT_MEASURED,NOT_MEASURED,NOT_MEASURED,NOT_MEASURED,NOT_MEASURED,NOT_MEASURED,NOT_MEASURED,NOT_MEASURED,NOT_MEASURED,"{""discoverability"":""NOT_MEASURED"",""comprehension"":""NOT_MEASURED"",""learnability"":""NOT_MEASURED"",""efficiency"":""NOT_MEASURED"",""error_prevention"":""NOT_MEASURED"",""recovery"":""NOT_MEASURED"",""accessibility"":""NOT_MEASURED"",""safety_and_trust"":""NOT_MEASURED"",""consistency"":""NOT_MEASURED"",""cross_module_continuity"":""NOT_MEASURED""}",NOT_PERFORMED,NOT_LINKED_TO_CANONICAL_TARGET_CURRENT_AUDIT,NOT_MEASURED,NOT_MEASURED,NOT_MEASURED,NOT_MEASURED,NOT_MEASURED,NOT_MEASURED,NOT_MEASURED,NOT_MEASURED,NOT_MEASURED,NOT_MEASURED,NOT_MEASURED,H,CANONICAL_STATIC_IDENTITY_DENOMINATOR,HealthClinicalDashboardController,NOT_ESTABLISHED_CURRENT_AUDIT,Record and review a client clinical assessment,NOT_ADJUDICATED_CURRENT_AUDIT,NOT_SCORED_CURRENT_AUDIT,NOT_SCORED_CURRENT_AUDIT,STATIC_CANONICAL_IDENTITY_FROZEN,INCOMPLETE_CANONICAL_STATIC_IDENTITY_ONLY,NOT_ADJUDICATED_CURRENT_AUDIT,NOT_ADJUDICATED_CURRENT_AUDIT,NOT_DETERMINED_CURRENT_AUDIT,ONE_OPERATING_ORGANISATION_MULTIPLE_SITES; FEATURE_SPECIFIC_ROLE_PERMISSION_SITE_OWNERSHIP_DIRECT_OBJECT_PRIVACY_BOUNDARY_NOT_ADJUDICATED,NOT_ESTABLISHED_CURRENT_AUDIT,NOT_ESTABLISHED_CURRENT_AUDIT,routes/health-clinical.php:63-68,resources/js/pages/health-clinical/Assessments.tsx; resources/js/pages/health-clinical/components/record-assessment-dialog.tsx:40-398,app/Http/Controllers/Clinical/HealthClinicalDashboardController.php:377-471,NOT_ESTABLISHED_CURRENT_AUDIT,NOT_ESTABLISHED_CURRENT_AUDIT,Static canonical identity only: Record and review a client clinical assessment. Representative-role completion was not executed.,ROUTE_AND_PAGE_SOURCE_ANCHORS_PRESENT_UNVALIDATED,ROUTE_AND_PAGE_SOURCE_ANCHORS_PRESENT_UNVALIDATED,task-scripts/cap-clin-assessment-record.md,a0493442b9e392d324055c35bf25b69421dc2d35,f8cdaf81d83c71e4f5d064fdf88872b908ffaaa1,df6e1b1b357439ad1fd829bebf4e2d33d20d067d515eb945c352e2350a4194a4,f4feae2598622afe346b1163fed2bb842305a8d973a89ec890c02746d99b5999,false,false,false,false,false,"Static identity and source ownership only; no runtime, browser, executed-test, benchmark, ease, release, or completion credit."
TASK-CAP-CLIN-BEHAVIOUR-REGISTER,CAP-CLIN-BEHAVIOUR-REGISTER,Care & Clinical,NOT_ESTABLISHED_CURRENT_AUDIT,Record and review ABC behaviour evidence,NOT_ESTABLISHED_CURRENT_AUDIT,Record and review ABC behaviour evidence,"NOT_ESTABLISHED_CURRENT_AUDIT; execution requires a documented representative role, approved Site/record scope where applicable, and resettable synthetic data.",SOURCE_BOUND_STATIC_IDENTITY_ONLY,NOT_EXECUTED_REPRESENTATIVE_ROLE,NOT_MEASURED,0-5; NOT_MEASURED is not 0,NOT_MEASURED,NOT_MEASURED,NOT_MEASURED,NOT_MEASURED,NOT_MEASURED,NOT_MEASURED,NOT_MEASURED,NOT_MEASURED,NOT_MEASURED,NOT_MEASURED,NOT_MEASURED,NOT_MEASURED,NOT_MEASURED,NOT_MEASURED,NOT_MEASURED,NOT_MEASURED,NOT_MEASURED,"{""discoverability"":""NOT_MEASURED"",""comprehension"":""NOT_MEASURED"",""learnability"":""NOT_MEASURED"",""efficiency"":""NOT_MEASURED"",""error_prevention"":""NOT_MEASURED"",""recovery"":""NOT_MEASURED"",""accessibility"":""NOT_MEASURED"",""safety_and_trust"":""NOT_MEASURED"",""consistency"":""NOT_MEASURED"",""cross_module_continuity"":""NOT_MEASURED""}",NOT_PERFORMED,NOT_LINKED_TO_CANONICAL_TARGET_CURRENT_AUDIT,NOT_MEASURED,NOT_MEASURED,NOT_MEASURED,NOT_MEASURED,NOT_MEASURED,NOT_MEASURED,NOT_MEASURED,NOT_MEASURED,NOT_MEASURED,NOT_MEASURED,NOT_MEASURED,H,CANONICAL_STATIC_IDENTITY_DENOMINATOR,BehaviourAbcController and clinical behaviour owner,NOT_ESTABLISHED_CURRENT_AUDIT,Record and review ABC behaviour evidence,NOT_ADJUDICATED_CURRENT_AUDIT,NOT_SCORED_CURRENT_AUDIT,NOT_SCORED_CURRENT_AUDIT,STATIC_CANONICAL_IDENTITY_FROZEN,INCOMPLETE_CANONICAL_STATIC_IDENTITY_ONLY,NOT_ADJUDICATED_CURRENT_AUDIT,NOT_ADJUDICATED_CURRENT_AUDIT,NOT_DETERMINED_CURRENT_AUDIT,ONE_OPERATING_ORGANISATION_MULTIPLE_SITES; FEATURE_SPECIFIC_ROLE_PERMISSION_SITE_OWNERSHIP_DIRECT_OBJECT_PRIVACY_BOUNDARY_NOT_ADJUDICATED,NOT_ESTABLISHED_CURRENT_AUDIT,NOT_ESTABLISHED_CURRENT_AUDIT,routes/health-clinical.php:108-113; routes/health-clinical.php:51-53,resources/js/pages/health-clinical/Behaviour.tsx; resources/js/pages/health-clinical/components/record-abc-dialog.tsx:27-266,app/Http/Controllers/Clinical/BehaviourAbcController.php:22,NOT_ESTABLISHED_CURRENT_AUDIT,NOT_ESTABLISHED_CURRENT_AUDIT,Static canonical identity only: Record and review ABC behaviour evidence. Representative-role completion was not executed.,ROUTE_AND_PAGE_SOURCE_ANCHORS_PRESENT_UNVALIDATED,ROUTE_AND_PAGE_SOURCE_ANCHORS_PRESENT_UNVALIDATED,task-scripts/cap-clin-behaviour-register.md,a0493442b9e392d324055c35bf25b69421dc2d35,f8cdaf81d83c71e4f5d064fdf88872b908ffaaa1,df6e1b1b357439ad1fd829bebf4e2d33d20d067d515eb945c352e2350a4194a4,f4feae2598622afe346b1163fed2bb842305a8d973a89ec890c02746d99b5999,false,false,false,false,false,"Static identity and source ownership only; no runtime, browser, executed-test, benchmark, ease, release, or completion credit."
TASK-CAP-CLIN-CARE-PLAN-REVIEW-LENS,CAP-CLIN-CARE-PLAN-REVIEW-LENS,Care & Clinical,NOT_ESTABLISHED_CURRENT_AUDIT,Review Site-scoped active care plans due for review or sign-off through the read-only clinical lens.,NOT_ESTABLISHED_CURRENT_AUDIT,Review Site-scoped active care plans due for review or sign-off through the read-only clinical lens.,"NOT_ESTABLISHED_CURRENT_AUDIT; execution requires a documented representative role, approved Site/record scope where applicable, and resettable synthetic data.",SOURCE_BOUND_STATIC_IDENTITY_ONLY,NOT_EXECUTED_REPRESENTATIVE_ROLE,NOT_MEASURED,0-5; NOT_MEASURED is not 0,NOT_MEASURED,NOT_MEASURED,NOT_MEASURED,NOT_MEASURED,NOT_MEASURED,NOT_MEASURED,NOT_MEASURED,NOT_MEASURED,NOT_MEASURED,NOT_MEASURED,NOT_MEASURED,NOT_MEASURED,NOT_MEASURED,NOT_MEASURED,NOT_MEASURED,NOT_MEASURED,NOT_MEASURED,"{""discoverability"":""NOT_MEASURED"",""comprehension"":""NOT_MEASURED"",""learnability"":""NOT_MEASURED"",""efficiency"":""NOT_MEASURED"",""error_prevention"":""NOT_MEASURED"",""recovery"":""NOT_MEASURED"",""accessibility"":""NOT_MEASURED"",""safety_and_trust"":""NOT_MEASURED"",""consistency"":""NOT_MEASURED"",""cross_module_continuity"":""NOT_MEASURED""}",NOT_PERFORMED,NOT_LINKED_TO_CANONICAL_TARGET_CURRENT_AUDIT,NOT_MEASURED,NOT_MEASURED,NOT_MEASURED,NOT_MEASURED,NOT_MEASURED,NOT_MEASURED,NOT_MEASURED,NOT_MEASURED,NOT_MEASURED,NOT_MEASURED,NOT_MEASURED,H,CANONICAL_STATIC_IDENTITY_DENOMINATOR,HealthClinicalDashboardController::carePlans and ClinicalDashboardService::getCarePlanLens,NOT_ESTABLISHED_CURRENT_AUDIT,Review Site-scoped active care plans due for review or sign-off through the read-only clinical lens.,NOT_ADJUDICATED_CURRENT_AUDIT,NOT_SCORED_CURRENT_AUDIT,NOT_SCORED_CURRENT_AUDIT,STATIC_CANONICAL_IDENTITY_FROZEN,INCOMPLETE_CANONICAL_STATIC_IDENTITY_ONLY,NOT_ADJUDICATED_CURRENT_AUDIT,NOT_ADJUDICATED_CURRENT_AUDIT,NOT_DETERMINED_CURRENT_AUDIT,ONE_OPERATING_ORGANISATION_MULTIPLE_SITES; FEATURE_SPECIFIC_ROLE_PERMISSION_SITE_OWNERSHIP_DIRECT_OBJECT_PRIVACY_BOUNDARY_NOT_ADJUDICATED,NOT_ESTABLISHED_CURRENT_AUDIT,NOT_ESTABLISHED_CURRENT_AUDIT,routes/health-clinical.php:54-56,resources/js/pages/health-clinical/CarePlans.tsx,app/Http/Controllers/Clinical/HealthClinicalDashboardController.php:221-241,NOT_ESTABLISHED_CURRENT_AUDIT,NOT_ESTABLISHED_CURRENT_AUDIT,Static canonical identity only: Review Site-scoped active care plans due for review or sign-off through the read-only clinical lens.. Representative-role completion was not executed.,ROUTE_AND_PAGE_SOURCE_ANCHORS_PRESENT_UNVALIDATED,ROUTE_AND_PAGE_SOURCE_ANCHORS_PRESENT_UNVALIDATED,task-scripts/cap-clin-care-plan-review-lens.md,a0493442b9e392d324055c35bf25b69421dc2d35,f8cdaf81d83c71e4f5d064fdf88872b908ffaaa1,df6e1b1b357439ad1fd829bebf4e2d33d20d067d515eb945c352e2350a4194a4,f4feae2598622afe346b1163fed2bb842305a8d973a89ec890c02746d99b5999,false,false,false,false,false,"Static identity and source ownership only; no runtime, browser, executed-test, benchmark, ease, release, or completion credit."
TASK-CAP-CLIN-CLIENT-SUMMARY-LENS,CAP-CLIN-CLIENT-SUMMARY-LENS,Care & Clinical,NOT_ESTABLISHED_CURRENT_AUDIT,Review the authorised client clinical summary,NOT_ESTABLISHED_CURRENT_AUDIT,Review the authorised client clinical summary,"NOT_ESTABLISHED_CURRENT_AUDIT; execution requires a documented representative role, approved Site/record scope where applicable, and resettable synthetic data.",SOURCE_BOUND_STATIC_IDENTITY_ONLY,NOT_EXECUTED_REPRESENTATIVE_ROLE,NOT_MEASURED,0-5; NOT_MEASURED is not 0,NOT_MEASURED,NOT_MEASURED,NOT_MEASURED,NOT_MEASURED,NOT_MEASURED,NOT_MEASURED,NOT_MEASURED,NOT_MEASURED,NOT_MEASURED,NOT_MEASURED,NOT_MEASURED,NOT_MEASURED,NOT_MEASURED,NOT_MEASURED,NOT_MEASURED,NOT_MEASURED,NOT_MEASURED,"{""discoverability"":""NOT_MEASURED"",""comprehension"":""NOT_MEASURED"",""learnability"":""NOT_MEASURED"",""efficiency"":""NOT_MEASURED"",""error_prevention"":""NOT_MEASURED"",""recovery"":""NOT_MEASURED"",""accessibility"":""NOT_MEASURED"",""safety_and_trust"":""NOT_MEASURED"",""consistency"":""NOT_MEASURED"",""cross_module_continuity"":""NOT_MEASURED""}",NOT_PERFORMED,NOT_LINKED_TO_CANONICAL_TARGET_CURRENT_AUDIT,NOT_MEASURED,NOT_MEASURED,NOT_MEASURED,NOT_MEASURED,NOT_MEASURED,NOT_MEASURED,NOT_MEASURED,NOT_MEASURED,NOT_MEASURED,NOT_MEASURED,NOT_MEASURED,H,CANONICAL_STATIC_IDENTITY_DENOMINATOR,HealthClinicalController,NOT_ESTABLISHED_CURRENT_AUDIT,Review the authorised client clinical summary,NOT_ADJUDICATED_CURRENT_AUDIT,NOT_SCORED_CURRENT_AUDIT,NOT_SCORED_CURRENT_AUDIT,STATIC_CANONICAL_IDENTITY_FROZEN,INCOMPLETE_CANONICAL_STATIC_IDENTITY_ONLY,NOT_ADJUDICATED_CURRENT_AUDIT,NOT_ADJUDICATED_CURRENT_AUDIT,NOT_DETERMINED_CURRENT_AUDIT,ONE_OPERATING_ORGANISATION_MULTIPLE_SITES; FEATURE_SPECIFIC_ROLE_PERMISSION_SITE_OWNERSHIP_DIRECT_OBJECT_PRIVACY_BOUNDARY_NOT_ADJUDICATED,NOT_ESTABLISHED_CURRENT_AUDIT,NOT_ESTABLISHED_CURRENT_AUDIT,routes/health-clinical.php:95-97,resources/js/pages/health-clinical/ClientSummary.tsx,app/Http/Controllers/HealthClinical/HealthClinicalController.php:25,NOT_ESTABLISHED_CURRENT_AUDIT,NOT_ESTABLISHED_CURRENT_AUDIT,Static canonical identity only: Review the authorised client clinical summary. Representative-role completion was not executed.,ROUTE_AND_PAGE_SOURCE_ANCHORS_PRESENT_UNVALIDATED,ROUTE_AND_PAGE_SOURCE_ANCHORS_PRESENT_UNVALIDATED,task-scripts/cap-clin-client-summary-lens.md,a0493442b9e392d324055c35bf25b69421dc2d35,f8cdaf81d83c71e4f5d064fdf88872b908ffaaa1,df6e1b1b357439ad1fd829bebf4e2d33d20d067d515eb945c352e2350a4194a4,f4feae2598622afe346b1163fed2bb842305a8d973a89ec890c02746d99b5999,false,false,false,false,false,"Static identity and source ownership only; no runtime, browser, executed-test, benchmark, ease, release, or completion credit."
TASK-CAP-CLIN-EVENT-REGISTER-RECORD,CAP-CLIN-EVENT-REGISTER-RECORD,Care & Clinical,NOT_ESTABLISHED_CURRENT_AUDIT,Record a clinical event,NOT_ESTABLISHED_CURRENT_AUDIT,Record a clinical event,"NOT_ESTABLISHED_CURRENT_AUDIT; execution requires a documented representative role, approved Site/record scope where applicable, and resettable synthetic data.",SOURCE_BOUND_STATIC_IDENTITY_ONLY,NOT_EXECUTED_REPRESENTATIVE_ROLE,NOT_MEASURED,0-5; NOT_MEASURED is not 0,NOT_MEASURED,NOT_MEASURED,NOT_MEASURED,NOT_MEASURED,NOT_MEASURED,NOT_MEASURED,NOT_MEASURED,NOT_MEASURED,NOT_MEASURED,NOT_MEASURED,NOT_MEASURED,NOT_MEASURED,NOT_MEASURED,NOT_MEASURED,NOT_MEASURED,NOT_MEASURED,NOT_MEASURED,"{""discoverability"":""NOT_MEASURED"",""comprehension"":""NOT_MEASURED"",""learnability"":""NOT_MEASURED"",""efficiency"":""NOT_MEASURED"",""error_prevention"":""NOT_MEASURED"",""recovery"":""NOT_MEASURED"",""accessibility"":""NOT_MEASURED"",""safety_and_trust"":""NOT_MEASURED"",""consistency"":""NOT_MEASURED"",""cross_module_continuity"":""NOT_MEASURED""}",NOT_PERFORMED,NOT_LINKED_TO_CANONICAL_TARGET_CURRENT_AUDIT,NOT_MEASURED,NOT_MEASURED,NOT_MEASURED,NOT_MEASURED,NOT_MEASURED,NOT_MEASURED,NOT_MEASURED,NOT_MEASURED,NOT_MEASURED,NOT_MEASURED,NOT_MEASURED,H,CANONICAL_STATIC_IDENTITY_DENOMINATOR,ClinicalEventService,NOT_ESTABLISHED_CURRENT_AUDIT,Record a clinical event,NOT_ADJUDICATED_CURRENT_AUDIT,NOT_SCORED_CURRENT_AUDIT,NOT_SCORED_CURRENT_AUDIT,STATIC_CANONICAL_IDENTITY_FROZEN,INCOMPLETE_CANONICAL_STATIC_IDENTITY_ONLY,NOT_ADJUDICATED_CURRENT_AUDIT,NOT_ADJUDICATED_CURRENT_AUDIT,NOT_DETERMINED_CURRENT_AUDIT,ONE_OPERATING_ORGANISATION_MULTIPLE_SITES; FEATURE_SPECIFIC_ROLE_PERMISSION_SITE_OWNERSHIP_DIRECT_OBJECT_PRIVACY_BOUNDARY_NOT_ADJUDICATED,NOT_ESTABLISHED_CURRENT_AUDIT,NOT_ESTABLISHED_CURRENT_AUDIT,routes/health-clinical.php:23-114; routes/health-clinical.php:36-41,resources/js/pages/health-clinical/components/record-event-dialog.tsx:27-248,app/Domain/Clinical/Services/ClinicalEventService.php:1; app/Domain/Clinical/Services/ClinicalObservationService.php:1; app/Http/Controllers/Clinical/HealthClinicalDashboardController.php:1,tests/Feature/Domain/Clinical/HealthClinicalSiteAuthorizationTest.php:1; tests/Feature/Domain/Clinical/ObservationRegisterTest.php:1,NOT_ESTABLISHED_CURRENT_AUDIT,Static canonical identity only: Record a clinical event. Representative-role completion was not executed.,ROUTE_AND_PAGE_SOURCE_ANCHORS_PRESENT_UNVALIDATED,ROUTE_AND_PAGE_SOURCE_ANCHORS_PRESENT_UNVALIDATED,task-scripts/cap-clin-event-register-record.md,a0493442b9e392d324055c35bf25b69421dc2d35,f8cdaf81d83c71e4f5d064fdf88872b908ffaaa1,df6e1b1b357439ad1fd829bebf4e2d33d20d067d515eb945c352e2350a4194a4,f4feae2598622afe346b1163fed2bb842305a8d973a89ec890c02746d99b5999,false,false,false,false,false,"Static identity and source ownership only; no runtime, browser, executed-test, benchmark, ease, release, or completion credit."
TASK-CAP-CLIN-EVENT-REVIEW-ESCALATION-CLOSURE,CAP-CLIN-EVENT-REVIEW-ESCALATION-CLOSURE,Care & Clinical,NOT_ESTABLISHED_CURRENT_AUDIT,"Review, escalate, and close a clinical event",NOT_ESTABLISHED_CURRENT_AUDIT,"Review, escalate, and close a clinical event","NOT_ESTABLISHED_CURRENT_AUDIT; execution requires a documented representative role, approved Site/record scope where applicable, and resettable synthetic data.",SOURCE_BOUND_STATIC_IDENTITY_ONLY,NOT_EXECUTED_REPRESENTATIVE_ROLE,NOT_MEASURED,0-5; NOT_MEASURED is not 0,NOT_MEASURED,NOT_MEASURED,NOT_MEASURED,NOT_MEASURED,NOT_MEASURED,NOT_MEASURED,NOT_MEASURED,NOT_MEASURED,NOT_MEASURED,NOT_MEASURED,NOT_MEASURED,NOT_MEASURED,NOT_MEASURED,NOT_MEASURED,NOT_MEASURED,NOT_MEASURED,NOT_MEASURED,"{""discoverability"":""NOT_MEASURED"",""comprehension"":""NOT_MEASURED"",""learnability"":""NOT_MEASURED"",""efficiency"":""NOT_MEASURED"",""error_prevention"":""NOT_MEASURED"",""recovery"":""NOT_MEASURED"",""accessibility"":""NOT_MEASURED"",""safety_and_trust"":""NOT_MEASURED"",""consistency"":""NOT_MEASURED"",""cross_module_continuity"":""NOT_MEASURED""}",NOT_PERFORMED,NOT_LINKED_TO_CANONICAL_TARGET_CURRENT_AUDIT,NOT_MEASURED,NOT_MEASURED,NOT_MEASURED,NOT_MEASURED,NOT_MEASURED,NOT_MEASURED,NOT_MEASURED,NOT_MEASURED,NOT_MEASURED,NOT_MEASURED,NOT_MEASURED,H,CANONICAL_STATIC_IDENTITY_DENOMINATOR,Clinical event lifecycle owner,NOT_ESTABLISHED_CURRENT_AUDIT,"Review, escalate, and close a clinical event",NOT_ADJUDICATED_CURRENT_AUDIT,NOT_SCORED_CURRENT_AUDIT,NOT_SCORED_CURRENT_AUDIT,STATIC_CANONICAL_IDENTITY_FROZEN,INCOMPLETE_CANONICAL_STATIC_IDENTITY_ONLY,NOT_ADJUDICATED_CURRENT_AUDIT,NOT_ADJUDICATED_CURRENT_AUDIT,NOT_DETERMINED_CURRENT_AUDIT,ONE_OPERATING_ORGANISATION_MULTIPLE_SITES; FEATURE_SPECIFIC_ROLE_PERMISSION_SITE_OWNERSHIP_DIRECT_OBJECT_PRIVACY_BOUNDARY_NOT_ADJUDICATED,NOT_ESTABLISHED_CURRENT_AUDIT,NOT_ESTABLISHED_CURRENT_AUDIT,routes/health-clinical.php:23-114,NOT_ESTABLISHED_CURRENT_AUDIT,app/Domain/Clinical/Services/ClinicalEventService.php:1; app/Domain/Clinical/Services/ClinicalObservationService.php:1; app/Http/Controllers/Clinical/HealthClinicalDashboardController.php:1,tests/Feature/Domain/Clinical/HealthClinicalSiteAuthorizationTest.php:1; tests/Feature/Domain/Clinical/ObservationRegisterTest.php:1,NOT_ESTABLISHED_CURRENT_AUDIT,"Static canonical identity only: Review, escalate, and close a clinical event. Representative-role completion was not executed.",ROUTE_SOURCE_ANCHOR_ONLY_UNVALIDATED,ROUTE_SOURCE_ANCHOR_ONLY_UNVALIDATED,task-scripts/cap-clin-event-review-escalation-closure.md,a0493442b9e392d324055c35bf25b69421dc2d35,f8cdaf81d83c71e4f5d064fdf88872b908ffaaa1,df6e1b1b357439ad1fd829bebf4e2d33d20d067d515eb945c352e2350a4194a4,f4feae2598622afe346b1163fed2bb842305a8d973a89ec890c02746d99b5999,false,false,false,false,false,"Static identity and source ownership only; no runtime, browser, executed-test, benchmark, ease, release, or completion credit."
TASK-CAP-CLIN-HEALTH-MONITORING-LENS,CAP-CLIN-HEALTH-MONITORING-LENS,Care & Clinical,NOT_ESTABLISHED_CURRENT_AUDIT,Review the authorised health-monitoring rollup,NOT_ESTABLISHED_CURRENT_AUDIT,Review the authorised health-monitoring rollup,"NOT_ESTABLISHED_CURRENT_AUDIT; execution requires a documented representative role, approved Site/record scope where applicable, and resettable synthetic data.",SOURCE_BOUND_STATIC_IDENTITY_ONLY,NOT_EXECUTED_REPRESENTATIVE_ROLE,NOT_MEASURED,0-5; NOT_MEASURED is not 0,NOT_MEASURED,NOT_MEASURED,NOT_MEASURED,NOT_MEASURED,NOT_MEASURED,NOT_MEASURED,NOT_MEASURED,NOT_MEASURED,NOT_MEASURED,NOT_MEASURED,NOT_MEASURED,NOT_MEASURED,NOT_MEASURED,NOT_MEASURED,NOT_MEASURED,NOT_MEASURED,NOT_MEASURED,"{""discoverability"":""NOT_MEASURED"",""comprehension"":""NOT_MEASURED"",""learnability"":""NOT_MEASURED"",""efficiency"":""NOT_MEASURED"",""error_prevention"":""NOT_MEASURED"",""recovery"":""NOT_MEASURED"",""accessibility"":""NOT_MEASURED"",""safety_and_trust"":""NOT_MEASURED"",""consistency"":""NOT_MEASURED"",""cross_module_continuity"":""NOT_MEASURED""}",NOT_PERFORMED,NOT_LINKED_TO_CANONICAL_TARGET_CURRENT_AUDIT,NOT_MEASURED,NOT_MEASURED,NOT_MEASURED,NOT_MEASURED,NOT_MEASURED,NOT_MEASURED,NOT_MEASURED,NOT_MEASURED,NOT_MEASURED,NOT_MEASURED,NOT_MEASURED,H,CANONICAL_STATIC_IDENTITY_DENOMINATOR,Clinical recording services,NOT_ESTABLISHED_CURRENT_AUDIT,Review the authorised health-monitoring rollup,NOT_ADJUDICATED_CURRENT_AUDIT,NOT_SCORED_CURRENT_AUDIT,NOT_SCORED_CURRENT_AUDIT,STATIC_CANONICAL_IDENTITY_FROZEN,INCOMPLETE_CANONICAL_STATIC_IDENTITY_ONLY,NOT_ADJUDICATED_CURRENT_AUDIT,NOT_ADJUDICATED_CURRENT_AUDIT,NOT_DETERMINED_CURRENT_AUDIT,ONE_OPERATING_ORGANISATION_MULTIPLE_SITES; FEATURE_SPECIFIC_ROLE_PERMISSION_SITE_OWNERSHIP_DIRECT_OBJECT_PRIVACY_BOUNDARY_NOT_ADJUDICATED,NOT_ESTABLISHED_CURRENT_AUDIT,NOT_ESTABLISHED_CURRENT_AUDIT,routes/health-clinical.php:57-59,NOT_ESTABLISHED_CURRENT_AUDIT,app/Domain/Clinical/Services/ClinicalDashboardService.php:584; app/Http/Controllers/Clinical/HealthClinicalDashboardController.php:246,NOT_ESTABLISHED_CURRENT_AUDIT,NOT_ESTABLISHED_CURRENT_AUDIT,Static canonical identity only: Review the authorised health-monitoring rollup. Representative-role completion was not executed.,ROUTE_SOURCE_ANCHOR_ONLY_UNVALIDATED,ROUTE_SOURCE_ANCHOR_ONLY_UNVALIDATED,task-scripts/cap-clin-health-monitoring-lens.md,a0493442b9e392d324055c35bf25b69421dc2d35,f8cdaf81d83c71e4f5d064fdf88872b908ffaaa1,df6e1b1b357439ad1fd829bebf4e2d33d20d067d515eb945c352e2350a4194a4,f4feae2598622afe346b1163fed2bb842305a8d973a89ec890c02746d99b5999,false,false,false,false,false,"Static identity and source ownership only; no runtime, browser, executed-test, benchmark, ease, release, or completion credit."
TASK-CAP-CLIN-MODULE-DASHBOARD,CAP-CLIN-MODULE-DASHBOARD,Care & Clinical,NOT_ESTABLISHED_CURRENT_AUDIT,Review the clinical module dashboard for approved Sites,NOT_ESTABLISHED_CURRENT_AUDIT,Review the clinical module dashboard for approved Sites,"NOT_ESTABLISHED_CURRENT_AUDIT; execution requires a documented representative role, approved Site/record scope where applicable, and resettable synthetic data.",SOURCE_BOUND_STATIC_IDENTITY_ONLY,NOT_EXECUTED_REPRESENTATIVE_ROLE,NOT_MEASURED,0-5; NOT_MEASURED is not 0,NOT_MEASURED,NOT_MEASURED,NOT_MEASURED,NOT_MEASURED,NOT_MEASURED,NOT_MEASURED,NOT_MEASURED,NOT_MEASURED,NOT_MEASURED,NOT_MEASURED,NOT_MEASURED,NOT_MEASURED,NOT_MEASURED,NOT_MEASURED,NOT_MEASURED,NOT_MEASURED,NOT_MEASURED,"{""discoverability"":""NOT_MEASURED"",""comprehension"":""NOT_MEASURED"",""learnability"":""NOT_MEASURED"",""efficiency"":""NOT_MEASURED"",""error_prevention"":""NOT_MEASURED"",""recovery"":""NOT_MEASURED"",""accessibility"":""NOT_MEASURED"",""safety_and_trust"":""NOT_MEASURED"",""consistency"":""NOT_MEASURED"",""cross_module_continuity"":""NOT_MEASURED""}",NOT_PERFORMED,NOT_LINKED_TO_CANONICAL_TARGET_CURRENT_AUDIT,NOT_MEASURED,NOT_MEASURED,NOT_MEASURED,NOT_MEASURED,NOT_MEASURED,NOT_MEASURED,NOT_MEASURED,NOT_MEASURED,NOT_MEASURED,NOT_MEASURED,NOT_MEASURED,H,CANONICAL_STATIC_IDENTITY_DENOMINATOR,HealthClinicalDashboardController,NOT_ESTABLISHED_CURRENT_AUDIT,Review the clinical module dashboard for approved Sites,NOT_ADJUDICATED_CURRENT_AUDIT,NOT_SCORED_CURRENT_AUDIT,NOT_SCORED_CURRENT_AUDIT,STATIC_CANONICAL_IDENTITY_FROZEN,INCOMPLETE_CANONICAL_STATIC_IDENTITY_ONLY,NOT_ADJUDICATED_CURRENT_AUDIT,NOT_ADJUDICATED_CURRENT_AUDIT,NOT_DETERMINED_CURRENT_AUDIT,ONE_OPERATING_ORGANISATION_MULTIPLE_SITES; FEATURE_SPECIFIC_ROLE_PERMISSION_SITE_OWNERSHIP_DIRECT_OBJECT_PRIVACY_BOUNDARY_NOT_ADJUDICATED,NOT_ESTABLISHED_CURRENT_AUDIT,NOT_ESTABLISHED_CURRENT_AUDIT,routes/health-clinical.php:23-114,NOT_ESTABLISHED_CURRENT_AUDIT,app/Domain/Clinical/Services/ClinicalEventService.php:1; app/Domain/Clinical/Services/ClinicalObservationService.php:1; app/Http/Controllers/Clinical/HealthClinicalDashboardController.php:1,tests/Feature/Domain/Clinical/HealthClinicalSiteAuthorizationTest.php:1; tests/Feature/Domain/Clinical/ObservationRegisterTest.php:1,NOT_ESTABLISHED_CURRENT_AUDIT,Static canonical identity only: Review the clinical module dashboard for approved Sites. Representative-role completion was not executed.,ROUTE_SOURCE_ANCHOR_ONLY_UNVALIDATED,ROUTE_SOURCE_ANCHOR_ONLY_UNVALIDATED,task-scripts/cap-clin-module-dashboard.md,a0493442b9e392d324055c35bf25b69421dc2d35,f8cdaf81d83c71e4f5d064fdf88872b908ffaaa1,df6e1b1b357439ad1fd829bebf4e2d33d20d067d515eb945c352e2350a4194a4,f4feae2598622afe346b1163fed2bb842305a8d973a89ec890c02746d99b5999,false,false,false,false,false,"Static identity and source ownership only; no runtime, browser, executed-test, benchmark, ease, release, or completion credit."
TASK-CAP-CLIN-OBSERVATION-REGISTER-RECORD,CAP-CLIN-OBSERVATION-REGISTER-RECORD,Care & Clinical,NOT_ESTABLISHED_CURRENT_AUDIT,Record and review a clinical observation,NOT_ESTABLISHED_CURRENT_AUDIT,Record and review a clinical observation,"NOT_ESTABLISHED_CURRENT_AUDIT; execution requires a documented representative role, approved Site/record scope where applicable, and resettable synthetic data.",SOURCE_BOUND_STATIC_IDENTITY_ONLY,NOT_EXECUTED_REPRESENTATIVE_ROLE,NOT_MEASURED,0-5; NOT_MEASURED is not 0,NOT_MEASURED,NOT_MEASURED,NOT_MEASURED,NOT_MEASURED,NOT_MEASURED,NOT_MEASURED,NOT_MEASURED,NOT_MEASURED,NOT_MEASURED,NOT_MEASURED,NOT_MEASURED,NOT_MEASURED,NOT_MEASURED,NOT_MEASURED,NOT_MEASURED,NOT_MEASURED,NOT_MEASURED,"{""discoverability"":""NOT_MEASURED"",""comprehension"":""NOT_MEASURED"",""learnability"":""NOT_MEASURED"",""efficiency"":""NOT_MEASURED"",""error_prevention"":""NOT_MEASURED"",""recovery"":""NOT_MEASURED"",""accessibility"":""NOT_MEASURED"",""safety_and_trust"":""NOT_MEASURED"",""consistency"":""NOT_MEASURED"",""cross_module_continuity"":""NOT_MEASURED""}",NOT_PERFORMED,NOT_LINKED_TO_CANONICAL_TARGET_CURRENT_AUDIT,NOT_MEASURED,NOT_MEASURED,NOT_MEASURED,NOT_MEASURED,NOT_MEASURED,NOT_MEASURED,NOT_MEASURED,NOT_MEASURED,NOT_MEASURED,NOT_MEASURED,NOT_MEASURED,H,CANONICAL_STATIC_IDENTITY_DENOMINATOR,ClinicalObservationService,NOT_ESTABLISHED_CURRENT_AUDIT,Record and review a clinical observation,NOT_ADJUDICATED_CURRENT_AUDIT,NOT_SCORED_CURRENT_AUDIT,NOT_SCORED_CURRENT_AUDIT,STATIC_CANONICAL_IDENTITY_FROZEN,INCOMPLETE_CANONICAL_STATIC_IDENTITY_ONLY,NOT_ADJUDICATED_CURRENT_AUDIT,NOT_ADJUDICATED_CURRENT_AUDIT,NOT_DETERMINED_CURRENT_AUDIT,ONE_OPERATING_ORGANISATION_MULTIPLE_SITES; FEATURE_SPECIFIC_ROLE_PERMISSION_SITE_OWNERSHIP_DIRECT_OBJECT_PRIVACY_BOUNDARY_NOT_ADJUDICATED,NOT_ESTABLISHED_CURRENT_AUDIT,NOT_ESTABLISHED_CURRENT_AUDIT,routes/health-clinical.php:23-114; routes/health-clinical.php:30-35,resources/js/pages/health-clinical/components/record-observation-dialog.tsx:27-336,app/Domain/Clinical/Services/ClinicalEventService.php:1; app/Domain/Clinical/Services/ClinicalObservationService.php:1; app/Http/Controllers/Clinical/HealthClinicalDashboardController.php:1,tests/Feature/Domain/Clinical/HealthClinicalSiteAuthorizationTest.php:1; tests/Feature/Domain/Clinical/ObservationRegisterTest.php:1,NOT_ESTABLISHED_CURRENT_AUDIT,Static canonical identity only: Record and review a clinical observation. Representative-role completion was not executed.,ROUTE_AND_PAGE_SOURCE_ANCHORS_PRESENT_UNVALIDATED,ROUTE_AND_PAGE_SOURCE_ANCHORS_PRESENT_UNVALIDATED,task-scripts/cap-clin-observation-register-record.md,a0493442b9e392d324055c35bf25b69421dc2d35,f8cdaf81d83c71e4f5d064fdf88872b908ffaaa1,df6e1b1b357439ad1fd829bebf4e2d33d20d067d515eb945c352e2350a4194a4,f4feae2598622afe346b1163fed2bb842305a8d973a89ec890c02746d99b5999,false,false,false,false,false,"Static identity and source ownership only; no runtime, browser, executed-test, benchmark, ease, release, or completion credit."
TASK-CAP-CLIN-PROTOCOL-LIFECYCLE,CAP-CLIN-PROTOCOL-LIFECYCLE,Care & Clinical,NOT_ESTABLISHED_CURRENT_AUDIT,"Create, update, activate, and run clinical protocols",NOT_ESTABLISHED_CURRENT_AUDIT,"Create, update, activate, and run clinical protocols","NOT_ESTABLISHED_CURRENT_AUDIT; execution requires a documented representative role, approved Site/record scope where applicable, and resettable synthetic data.",SOURCE_BOUND_STATIC_IDENTITY_ONLY,NOT_EXECUTED_REPRESENTATIVE_ROLE,NOT_MEASURED,0-5; NOT_MEASURED is not 0,NOT_MEASURED,NOT_MEASURED,NOT_MEASURED,NOT_MEASURED,NOT_MEASURED,NOT_MEASURED,NOT_MEASURED,NOT_MEASURED,NOT_MEASURED,NOT_MEASURED,NOT_MEASURED,NOT_MEASURED,NOT_MEASURED,NOT_MEASURED,NOT_MEASURED,NOT_MEASURED,NOT_MEASURED,"{""discoverability"":""NOT_MEASURED"",""comprehension"":""NOT_MEASURED"",""learnability"":""NOT_MEASURED"",""efficiency"":""NOT_MEASURED"",""error_prevention"":""NOT_MEASURED"",""recovery"":""NOT_MEASURED"",""accessibility"":""NOT_MEASURED"",""safety_and_trust"":""NOT_MEASURED"",""consistency"":""NOT_MEASURED"",""cross_module_continuity"":""NOT_MEASURED""}",NOT_PERFORMED,NOT_LINKED_TO_CANONICAL_TARGET_CURRENT_AUDIT,NOT_MEASURED,NOT_MEASURED,NOT_MEASURED,NOT_MEASURED,NOT_MEASURED,NOT_MEASURED,NOT_MEASURED,NOT_MEASURED,NOT_MEASURED,NOT_MEASURED,NOT_MEASURED,H,CANONICAL_STATIC_IDENTITY_DENOMINATOR,HealthClinicalProtocolController,NOT_ESTABLISHED_CURRENT_AUDIT,"Create, update, activate, and run clinical protocols",NOT_ADJUDICATED_CURRENT_AUDIT,NOT_SCORED_CURRENT_AUDIT,NOT_SCORED_CURRENT_AUDIT,STATIC_CANONICAL_IDENTITY_FROZEN,INCOMPLETE_CANONICAL_STATIC_IDENTITY_ONLY,NOT_ADJUDICATED_CURRENT_AUDIT,NOT_ADJUDICATED_CURRENT_AUDIT,NOT_DETERMINED_CURRENT_AUDIT,ONE_OPERATING_ORGANISATION_MULTIPLE_SITES; FEATURE_SPECIFIC_ROLE_PERMISSION_SITE_OWNERSHIP_DIRECT_OBJECT_PRIVACY_BOUNDARY_NOT_ADJUDICATED,NOT_ESTABLISHED_CURRENT_AUDIT,NOT_ESTABLISHED_CURRENT_AUDIT,routes/health-clinical.php:69-86,resources/js/pages/health-clinical/Protocols.tsx,app/Domain/Clinical/Services/ClinicalProtocolService.php:41; app/Http/Controllers/Clinical/HealthClinicalProtocolController.php:20-247,NOT_ESTABLISHED_CURRENT_AUDIT,NOT_ESTABLISHED_CURRENT_AUDIT,"Static canonical identity only: Create, update, activate, and run clinical protocols. Representative-role completion was not executed.",ROUTE_AND_PAGE_SOURCE_ANCHORS_PRESENT_UNVALIDATED,ROUTE_AND_PAGE_SOURCE_ANCHORS_PRESENT_UNVALIDATED,task-scripts/cap-clin-protocol-lifecycle.md,a0493442b9e392d324055c35bf25b69421dc2d35,f8cdaf81d83c71e4f5d064fdf88872b908ffaaa1,df6e1b1b357439ad1fd829bebf4e2d33d20d067d515eb945c352e2350a4194a4,f4feae2598622afe346b1163fed2bb842305a8d973a89ec890c02746d99b5999,false,false,false,false,false,"Static identity and source ownership only; no runtime, browser, executed-test, benchmark, ease, release, or completion credit."
TASK-CAP-CLIN-TRENDS-LENS,CAP-CLIN-TRENDS-LENS,Care & Clinical,NOT_ESTABLISHED_CURRENT_AUDIT,Review permission-filtered client clinical trends,NOT_ESTABLISHED_CURRENT_AUDIT,Review permission-filtered client clinical trends,"NOT_ESTABLISHED_CURRENT_AUDIT; execution requires a documented representative role, approved Site/record scope where applicable, and resettable synthetic data.",SOURCE_BOUND_STATIC_IDENTITY_ONLY,NOT_EXECUTED_REPRESENTATIVE_ROLE,NOT_MEASURED,0-5; NOT_MEASURED is not 0,NOT_MEASURED,NOT_MEASURED,NOT_MEASURED,NOT_MEASURED,NOT_MEASURED,NOT_MEASURED,NOT_MEASURED,NOT_MEASURED,NOT_MEASURED,NOT_MEASURED,NOT_MEASURED,NOT_MEASURED,NOT_MEASURED,NOT_MEASURED,NOT_MEASURED,NOT_MEASURED,NOT_MEASURED,"{""discoverability"":""NOT_MEASURED"",""comprehension"":""NOT_MEASURED"",""learnability"":""NOT_MEASURED"",""efficiency"":""NOT_MEASURED"",""error_prevention"":""NOT_MEASURED"",""recovery"":""NOT_MEASURED"",""accessibility"":""NOT_MEASURED"",""safety_and_trust"":""NOT_MEASURED"",""consistency"":""NOT_MEASURED"",""cross_module_continuity"":""NOT_MEASURED""}",NOT_PERFORMED,NOT_LINKED_TO_CANONICAL_TARGET_CURRENT_AUDIT,NOT_MEASURED,NOT_MEASURED,NOT_MEASURED,NOT_MEASURED,NOT_MEASURED,NOT_MEASURED,NOT_MEASURED,NOT_MEASURED,NOT_MEASURED,NOT_MEASURED,NOT_MEASURED,H,CANONICAL_STATIC_IDENTITY_DENOMINATOR,HealthClinicalClientTrendsController,NOT_ESTABLISHED_CURRENT_AUDIT,Review permission-filtered client clinical trends,NOT_ADJUDICATED_CURRENT_AUDIT,NOT_SCORED_CURRENT_AUDIT,NOT_SCORED_CURRENT_AUDIT,STATIC_CANONICAL_IDENTITY_FROZEN,INCOMPLETE_CANONICAL_STATIC_IDENTITY_ONLY,NOT_ADJUDICATED_CURRENT_AUDIT,NOT_ADJUDICATED_CURRENT_AUDIT,NOT_DETERMINED_CURRENT_AUDIT,ONE_OPERATING_ORGANISATION_MULTIPLE_SITES; FEATURE_SPECIFIC_ROLE_PERMISSION_SITE_OWNERSHIP_DIRECT_OBJECT_PRIVACY_BOUNDARY_NOT_ADJUDICATED,NOT_ESTABLISHED_CURRENT_AUDIT,NOT_ESTABLISHED_CURRENT_AUDIT,routes/health-clinical.php:60-62; routes/health-clinical.php:92-94,resources/js/pages/health-clinical/Trends.tsx,app/Http/Controllers/Clinical/HealthClinicalClientTrendsController.php:12,NOT_ESTABLISHED_CURRENT_AUDIT,NOT_ESTABLISHED_CURRENT_AUDIT,Static canonical identity only: Review permission-filtered client clinical trends. Representative-role completion was not executed.,ROUTE_AND_PAGE_SOURCE_ANCHORS_PRESENT_UNVALIDATED,ROUTE_AND_PAGE_SOURCE_ANCHORS_PRESENT_UNVALIDATED,task-scripts/cap-clin-trends-lens.md,a0493442b9e392d324055c35bf25b69421dc2d35,f8cdaf81d83c71e4f5d064fdf88872b908ffaaa1,df6e1b1b357439ad1fd829bebf4e2d33d20d067d515eb945c352e2350a4194a4,f4feae2598622afe346b1163fed2bb842305a8d973a89ec890c02746d99b5999,false,false,false,false,false,"Static identity and source ownership only; no runtime, browser, executed-test, benchmark, ease, release, or completion credit."
TASK-CAP-COMP-EXCEPTION-COMMAND-CENTRE,CAP-COMP-EXCEPTION-COMMAND-CENTRE,Compliance,NOT_ESTABLISHED_CURRENT_AUDIT,"Review Site-scoped compliance exceptions, due work, and triage",NOT_ESTABLISHED_CURRENT_AUDIT,"Review Site-scoped compliance exceptions, due work, and triage","NOT_ESTABLISHED_CURRENT_AUDIT; execution requires a documented representative role, approved Site/record scope where applicable, and resettable synthetic data.",SOURCE_BOUND_STATIC_IDENTITY_ONLY,NOT_EXECUTED_REPRESENTATIVE_ROLE,NOT_MEASURED,0-5; NOT_MEASURED is not 0,NOT_MEASURED,NOT_MEASURED,NOT_MEASURED,NOT_MEASURED,NOT_MEASURED,NOT_MEASURED,NOT_MEASURED,NOT_MEASURED,NOT_MEASURED,NOT_MEASURED,NOT_MEASURED,NOT_MEASURED,NOT_MEASURED,NOT_MEASURED,NOT_MEASURED,NOT_MEASURED,NOT_MEASURED,"{""discoverability"":""NOT_MEASURED"",""comprehension"":""NOT_MEASURED"",""learnability"":""NOT_MEASURED"",""efficiency"":""NOT_MEASURED"",""error_prevention"":""NOT_MEASURED"",""recovery"":""NOT_MEASURED"",""accessibility"":""NOT_MEASURED"",""safety_and_trust"":""NOT_MEASURED"",""consistency"":""NOT_MEASURED"",""cross_module_continuity"":""NOT_MEASURED""}",NOT_PERFORMED,NOT_LINKED_TO_CANONICAL_TARGET_CURRENT_AUDIT,NOT_MEASURED,NOT_MEASURED,NOT_MEASURED,NOT_MEASURED,NOT_MEASURED,NOT_MEASURED,NOT_MEASURED,NOT_MEASURED,NOT_MEASURED,NOT_MEASURED,NOT_MEASURED,H,CANONICAL_STATIC_IDENTITY_DENOMINATOR,ComplianceDashboardController and ComplianceMetricsService,NOT_ESTABLISHED_CURRENT_AUDIT,"Review Site-scoped compliance exceptions, due work, and triage",NOT_ADJUDICATED_CURRENT_AUDIT,NOT_SCORED_CURRENT_AUDIT,NOT_SCORED_CURRENT_AUDIT,STATIC_CANONICAL_IDENTITY_FROZEN,INCOMPLETE_CANONICAL_STATIC_IDENTITY_ONLY,NOT_ADJUDICATED_CURRENT_AUDIT,NOT_ADJUDICATED_CURRENT_AUDIT,NOT_DETERMINED_CURRENT_AUDIT,ONE_OPERATING_ORGANISATION_MULTIPLE_SITES; FEATURE_SPECIFIC_ROLE_PERMISSION_SITE_OWNERSHIP_DIRECT_OBJECT_PRIVACY_BOUNDARY_NOT_ADJUDICATED,NOT_ESTABLISHED_CURRENT_AUDIT,NOT_ESTABLISHED_CURRENT_AUDIT,routes/compliance.php:15-18,NOT_ESTABLISHED_CURRENT_AUDIT,app/Http/Controllers/Compliance/ComplianceDashboardController.php:24-89,tests/Feature/Compliance/ComplianceDashboardSiteScopeTest.php; tests/Feature/Compliance/ComplianceDashboardTest.php,NOT_ESTABLISHED_CURRENT_AUDIT,"Static canonical identity only: Review Site-scoped compliance exceptions, due work, and triage. Representative-role completion was not executed.",ROUTE_SOURCE_ANCHOR_ONLY_UNVALIDATED,ROUTE_SOURCE_ANCHOR_ONLY_UNVALIDATED,task-scripts/cap-comp-exception-command-centre.md,a0493442b9e392d324055c35bf25b69421dc2d35,f8cdaf81d83c71e4f5d064fdf88872b908ffaaa1,df6e1b1b357439ad1fd829bebf4e2d33d20d067d515eb945c352e2350a4194a4,f4feae2598622afe346b1163fed2bb842305a8d973a89ec890c02746d99b5999,false,false,false,false,false,"Static identity and source ownership only; no runtime, browser, executed-test, benchmark, ease, release, or completion credit."
TASK-CAP-COMPLAINT-RESPITE-STAY,CAP-COMPLAINT-RESPITE-STAY,Respite,NOT_ESTABLISHED_CURRENT_AUDIT,Record a respite-stay complaint and HDC escalation state,NOT_ESTABLISHED_CURRENT_AUDIT,Record a respite-stay complaint and HDC escalation state,"NOT_ESTABLISHED_CURRENT_AUDIT; execution requires a documented representative role, approved Site/record scope where applicable, and resettable synthetic data.",SOURCE_BOUND_STATIC_IDENTITY_ONLY,NOT_EXECUTED_REPRESENTATIVE_ROLE,NOT_MEASURED,0-5; NOT_MEASURED is not 0,NOT_MEASURED,NOT_MEASURED,NOT_MEASURED,NOT_MEASURED,NOT_MEASURED,NOT_MEASURED,NOT_MEASURED,NOT_MEASURED,NOT_MEASURED,NOT_MEASURED,NOT_MEASURED,NOT_MEASURED,NOT_MEASURED,NOT_MEASURED,NOT_MEASURED,NOT_MEASURED,NOT_MEASURED,"{""discoverability"":""NOT_MEASURED"",""comprehension"":""NOT_MEASURED"",""learnability"":""NOT_MEASURED"",""efficiency"":""NOT_MEASURED"",""error_prevention"":""NOT_MEASURED"",""recovery"":""NOT_MEASURED"",""accessibility"":""NOT_MEASURED"",""safety_and_trust"":""NOT_MEASURED"",""consistency"":""NOT_MEASURED"",""cross_module_continuity"":""NOT_MEASURED""}",NOT_PERFORMED,NOT_LINKED_TO_CANONICAL_TARGET_CURRENT_AUDIT,NOT_MEASURED,NOT_MEASURED,NOT_MEASURED,NOT_MEASURED,NOT_MEASURED,NOT_MEASURED,NOT_MEASURED,NOT_MEASURED,NOT_MEASURED,NOT_MEASURED,NOT_MEASURED,H,CANONICAL_STATIC_IDENTITY_DENOMINATOR,RespiteStayController and evidence-pack owner,NOT_ESTABLISHED_CURRENT_AUDIT,Record a respite-stay complaint and HDC escalation state,NOT_ADJUDICATED_CURRENT_AUDIT,NOT_SCORED_CURRENT_AUDIT,NOT_SCORED_CURRENT_AUDIT,STATIC_CANONICAL_IDENTITY_FROZEN,INCOMPLETE_CANONICAL_STATIC_IDENTITY_ONLY,NOT_ADJUDICATED_CURRENT_AUDIT,NOT_ADJUDICATED_CURRENT_AUDIT,NOT_DETERMINED_CURRENT_AUDIT,ONE_OPERATING_ORGANISATION_MULTIPLE_SITES; FEATURE_SPECIFIC_ROLE_PERMISSION_SITE_OWNERSHIP_DIRECT_OBJECT_PRIVACY_BOUNDARY_NOT_ADJUDICATED,NOT_ESTABLISHED_CURRENT_AUDIT,NOT_ESTABLISHED_CURRENT_AUDIT,routes/respite.php:80-93; routes/respite.php:89,resources/js/pages/respite/stays/show.tsx,app/Http/Controllers/Respite/RespiteStayController.php:544-574,tests/Feature/Respite/RespiteNzWorkflowCompletionTest.php:319-370,NOT_ESTABLISHED_CURRENT_AUDIT,Static canonical identity only: Record a respite-stay complaint and HDC escalation state. Representative-role completion was not executed.,ROUTE_AND_PAGE_SOURCE_ANCHORS_PRESENT_UNVALIDATED,ROUTE_AND_PAGE_SOURCE_ANCHORS_PRESENT_UNVALIDATED,task-scripts/cap-complaint-respite-stay.md,a0493442b9e392d324055c35bf25b69421dc2d35,f8cdaf81d83c71e4f5d064fdf88872b908ffaaa1,df6e1b1b357439ad1fd829bebf4e2d33d20d067d515eb945c352e2350a4194a4,f4feae2598622afe346b1163fed2bb842305a8d973a89ec890c02746d99b5999,false,false,false,false,false,"Static identity and source ownership only; no runtime, browser, executed-test, benchmark, ease, release, or completion credit."
TASK-CAP-COMPLAINT-SITE-FEEDBACK,CAP-COMPLAINT-SITE-FEEDBACK,Sites & Locations,NOT_ESTABLISHED_CURRENT_AUDIT,Record and respond to an approved-Site complaint or feedback record,NOT_ESTABLISHED_CURRENT_AUDIT,Record and respond to an approved-Site complaint or feedback record,"NOT_ESTABLISHED_CURRENT_AUDIT; execution requires a documented representative role, approved Site/record scope where applicable, and resettable synthetic data.",SOURCE_BOUND_STATIC_IDENTITY_ONLY,NOT_EXECUTED_REPRESENTATIVE_ROLE,NOT_MEASURED,0-5; NOT_MEASURED is not 0,NOT_MEASURED,NOT_MEASURED,NOT_MEASURED,NOT_MEASURED,NOT_MEASURED,NOT_MEASURED,NOT_MEASURED,NOT_MEASURED,NOT_MEASURED,NOT_MEASURED,NOT_MEASURED,NOT_MEASURED,NOT_MEASURED,NOT_MEASURED,NOT_MEASURED,NOT_MEASURED,NOT_MEASURED,"{""discoverability"":""NOT_MEASURED"",""comprehension"":""NOT_MEASURED"",""learnability"":""NOT_MEASURED"",""efficiency"":""NOT_MEASURED"",""error_prevention"":""NOT_MEASURED"",""recovery"":""NOT_MEASURED"",""accessibility"":""NOT_MEASURED"",""safety_and_trust"":""NOT_MEASURED"",""consistency"":""NOT_MEASURED"",""cross_module_continuity"":""NOT_MEASURED""}",NOT_PERFORMED,NOT_LINKED_TO_CANONICAL_TARGET_CURRENT_AUDIT,NOT_MEASURED,NOT_MEASURED,NOT_MEASURED,NOT_MEASURED,NOT_MEASURED,NOT_MEASURED,NOT_MEASURED,NOT_MEASURED,NOT_MEASURED,NOT_MEASURED,NOT_MEASURED,H,CANONICAL_STATIC_IDENTITY_DENOMINATOR,SiteComplianceController,NOT_ESTABLISHED_CURRENT_AUDIT,Record and respond to an approved-Site complaint or feedback record,NOT_ADJUDICATED_CURRENT_AUDIT,NOT_SCORED_CURRENT_AUDIT,NOT_SCORED_CURRENT_AUDIT,STATIC_CANONICAL_IDENTITY_FROZEN,INCOMPLETE_CANONICAL_STATIC_IDENTITY_ONLY,NOT_ADJUDICATED_CURRENT_AUDIT,NOT_ADJUDICATED_CURRENT_AUDIT,NOT_DETERMINED_CURRENT_AUDIT,ONE_OPERATING_ORGANISATION_MULTIPLE_SITES; FEATURE_SPECIFIC_ROLE_PERMISSION_SITE_OWNERSHIP_DIRECT_OBJECT_PRIVACY_BOUNDARY_NOT_ADJUDICATED,NOT_ESTABLISHED_CURRENT_AUDIT,NOT_ESTABLISHED_CURRENT_AUDIT,routes/sites.php,NOT_ESTABLISHED_CURRENT_AUDIT,app/Http/Controllers/Sites/SiteComplianceController.php:415-548,tests/Feature/Sites/SiteComplianceWorkflowTest.php:287-359,NOT_ESTABLISHED_CURRENT_AUDIT,Static canonical identity only: Record and respond to an approved-Site complaint or feedback record. Representative-role completion was not executed.,ROUTE_SOURCE_ANCHOR_ONLY_UNVALIDATED,ROUTE_SOURCE_ANCHOR_ONLY_UNVALIDATED,task-scripts/cap-complaint-site-feedback.md,a0493442b9e392d324055c35bf25b69421dc2d35,f8cdaf81d83c71e4f5d064fdf88872b908ffaaa1,df6e1b1b357439ad1fd829bebf4e2d33d20d067d515eb945c352e2350a4194a4,f4feae2598622afe346b1163fed2bb842305a8d973a89ec890c02746d99b5999,false,false,false,false,false,"Static identity and source ownership only; no runtime, browser, executed-test, benchmark, ease, release, or completion credit."
TASK-CAP-CR-ALERT-TASK-LIFECYCLE,CAP-CR-ALERT-TASK-LIFECYCLE,Control Room,NOT_ESTABLISHED_CURRENT_AUDIT,"Create, assign, progress, and complete an alert follow-up task",NOT_ESTABLISHED_CURRENT_AUDIT,"Create, assign, progress, and complete an alert follow-up task","NOT_ESTABLISHED_CURRENT_AUDIT; execution requires a documented representative role, approved Site/record scope where applicable, and resettable synthetic data.",SOURCE_BOUND_STATIC_IDENTITY_ONLY,NOT_EXECUTED_REPRESENTATIVE_ROLE,NOT_MEASURED,0-5; NOT_MEASURED is not 0,NOT_MEASURED,NOT_MEASURED,NOT_MEASURED,NOT_MEASURED,NOT_MEASURED,NOT_MEASURED,NOT_MEASURED,NOT_MEASURED,NOT_MEASURED,NOT_MEASURED,NOT_MEASURED,NOT_MEASURED,NOT_MEASURED,NOT_MEASURED,NOT_MEASURED,NOT_MEASURED,NOT_MEASURED,"{""discoverability"":""NOT_MEASURED"",""comprehension"":""NOT_MEASURED"",""learnability"":""NOT_MEASURED"",""efficiency"":""NOT_MEASURED"",""error_prevention"":""NOT_MEASURED"",""recovery"":""NOT_MEASURED"",""accessibility"":""NOT_MEASURED"",""safety_and_trust"":""NOT_MEASURED"",""consistency"":""NOT_MEASURED"",""cross_module_continuity"":""NOT_MEASURED""}",NOT_PERFORMED,NOT_LINKED_TO_CANONICAL_TARGET_CURRENT_AUDIT,NOT_MEASURED,NOT_MEASURED,NOT_MEASURED,NOT_MEASURED,NOT_MEASURED,NOT_MEASURED,NOT_MEASURED,NOT_MEASURED,NOT_MEASURED,NOT_MEASURED,NOT_MEASURED,H,CANONICAL_STATIC_IDENTITY_DENOMINATOR,Control Room task/escalation owners,NOT_ESTABLISHED_CURRENT_AUDIT,"Create, assign, progress, and complete an alert follow-up task",NOT_ADJUDICATED_CURRENT_AUDIT,NOT_SCORED_CURRENT_AUDIT,NOT_SCORED_CURRENT_AUDIT,STATIC_CANONICAL_IDENTITY_FROZEN,INCOMPLETE_CANONICAL_STATIC_IDENTITY_ONLY,NOT_ADJUDICATED_CURRENT_AUDIT,NOT_ADJUDICATED_CURRENT_AUDIT,NOT_DETERMINED_CURRENT_AUDIT,ONE_OPERATING_ORGANISATION_MULTIPLE_SITES; FEATURE_SPECIFIC_ROLE_PERMISSION_SITE_OWNERSHIP_DIRECT_OBJECT_PRIVACY_BOUNDARY_NOT_ADJUDICATED,NOT_ESTABLISHED_CURRENT_AUDIT,NOT_ESTABLISHED_CURRENT_AUDIT,routes/control-room.php:143-163,NOT_ESTABLISHED_CURRENT_AUDIT,app/Http/Controllers/ControlRoom/ControlRoomTaskController.php:18-418,NOT_ESTABLISHED_CURRENT_AUDIT,NOT_ESTABLISHED_CURRENT_AUDIT,"Static canonical identity only: Create, assign, progress, and complete an alert follow-up task. Representative-role completion was not executed.",ROUTE_SOURCE_ANCHOR_ONLY_UNVALIDATED,ROUTE_SOURCE_ANCHOR_ONLY_UNVALIDATED,task-scripts/cap-cr-alert-task-lifecycle.md,a0493442b9e392d324055c35bf25b69421dc2d35,f8cdaf81d83c71e4f5d064fdf88872b908ffaaa1,df6e1b1b357439ad1fd829bebf4e2d33d20d067d515eb945c352e2350a4194a4,f4feae2598622afe346b1163fed2bb842305a8d973a89ec890c02746d99b5999,false,false,false,false,false,"Static identity and source ownership only; no runtime, browser, executed-test, benchmark, ease, release, or completion credit."
TASK-CAP-CR-ALERT-WATCH,CAP-CR-ALERT-WATCH,Control Room,NOT_ESTABLISHED_CURRENT_AUDIT,Subscribe or unsubscribe authorised alert watchers,NOT_ESTABLISHED_CURRENT_AUDIT,Subscribe or unsubscribe authorised alert watchers,"NOT_ESTABLISHED_CURRENT_AUDIT; execution requires a documented representative role, approved Site/record scope where applicable, and resettable synthetic data.",SOURCE_BOUND_STATIC_IDENTITY_ONLY,NOT_EXECUTED_REPRESENTATIVE_ROLE,NOT_MEASURED,0-5; NOT_MEASURED is not 0,NOT_MEASURED,NOT_MEASURED,NOT_MEASURED,NOT_MEASURED,NOT_MEASURED,NOT_MEASURED,NOT_MEASURED,NOT_MEASURED,NOT_MEASURED,NOT_MEASURED,NOT_MEASURED,NOT_MEASURED,NOT_MEASURED,NOT_MEASURED,NOT_MEASURED,NOT_MEASURED,NOT_MEASURED,"{""discoverability"":""NOT_MEASURED"",""comprehension"":""NOT_MEASURED"",""learnability"":""NOT_MEASURED"",""efficiency"":""NOT_MEASURED"",""error_prevention"":""NOT_MEASURED"",""recovery"":""NOT_MEASURED"",""accessibility"":""NOT_MEASURED"",""safety_and_trust"":""NOT_MEASURED"",""consistency"":""NOT_MEASURED"",""cross_module_continuity"":""NOT_MEASURED""}",NOT_PERFORMED,NOT_LINKED_TO_CANONICAL_TARGET_CURRENT_AUDIT,NOT_MEASURED,NOT_MEASURED,NOT_MEASURED,NOT_MEASURED,NOT_MEASURED,NOT_MEASURED,NOT_MEASURED,NOT_MEASURED,NOT_MEASURED,NOT_MEASURED,NOT_MEASURED,H,CANONICAL_STATIC_IDENTITY_DENOMINATOR,Control Room alert collaboration owner,NOT_ESTABLISHED_CURRENT_AUDIT,Subscribe or unsubscribe authorised alert watchers,NOT_ADJUDICATED_CURRENT_AUDIT,NOT_SCORED_CURRENT_AUDIT,NOT_SCORED_CURRENT_AUDIT,STATIC_CANONICAL_IDENTITY_FROZEN,INCOMPLETE_CANONICAL_STATIC_IDENTITY_ONLY,NOT_ADJUDICATED_CURRENT_AUDIT,NOT_ADJUDICATED_CURRENT_AUDIT,NOT_DETERMINED_CURRENT_AUDIT,ONE_OPERATING_ORGANISATION_MULTIPLE_SITES; FEATURE_SPECIFIC_ROLE_PERMISSION_SITE_OWNERSHIP_DIRECT_OBJECT_PRIVACY_BOUNDARY_NOT_ADJUDICATED,NOT_ESTABLISHED_CURRENT_AUDIT,NOT_ESTABLISHED_CURRENT_AUDIT,routes/control-room.php; routes/control-room.php:433-444,resources/js/pages/control-room/show.tsx,app/Http/Controllers/ControlRoom/ControlRoomWatcherController.php:15,NOT_ESTABLISHED_CURRENT_AUDIT,NOT_ESTABLISHED_CURRENT_AUDIT,Static canonical identity only: Subscribe or unsubscribe authorised alert watchers. Representative-role completion was not executed.,ROUTE_AND_PAGE_SOURCE_ANCHORS_PRESENT_UNVALIDATED,ROUTE_AND_PAGE_SOURCE_ANCHORS_PRESENT_UNVALIDATED,task-scripts/cap-cr-alert-watch.md,a0493442b9e392d324055c35bf25b69421dc2d35,f8cdaf81d83c71e4f5d064fdf88872b908ffaaa1,df6e1b1b357439ad1fd829bebf4e2d33d20d067d515eb945c352e2350a4194a4,f4feae2598622afe346b1163fed2bb842305a8d973a89ec890c02746d99b5999,false,false,false,false,false,"Static identity and source ownership only; no runtime, browser, executed-test, benchmark, ease, release, or completion credit."
TASK-CAP-CR-ALERT-WORKLIST-LIFECYCLE,CAP-CR-ALERT-WORKLIST-LIFECYCLE,Control Room,NOT_ESTABLISHED_CURRENT_AUDIT,"Inspect, acknowledge, triage, resolve, close, or reopen alerts",NOT_ESTABLISHED_CURRENT_AUDIT,"Inspect, acknowledge, triage, resolve, close, or reopen alerts","NOT_ESTABLISHED_CURRENT_AUDIT; execution requires a documented representative role, approved Site/record scope where applicable, and resettable synthetic data.",SOURCE_BOUND_STATIC_IDENTITY_ONLY,NOT_EXECUTED_REPRESENTATIVE_ROLE,NOT_MEASURED,0-5; NOT_MEASURED is not 0,NOT_MEASURED,NOT_MEASURED,NOT_MEASURED,NOT_MEASURED,NOT_MEASURED,NOT_MEASURED,NOT_MEASURED,NOT_MEASURED,NOT_MEASURED,NOT_MEASURED,NOT_MEASURED,NOT_MEASURED,NOT_MEASURED,NOT_MEASURED,NOT_MEASURED,NOT_MEASURED,NOT_MEASURED,"{""discoverability"":""NOT_MEASURED"",""comprehension"":""NOT_MEASURED"",""learnability"":""NOT_MEASURED"",""efficiency"":""NOT_MEASURED"",""error_prevention"":""NOT_MEASURED"",""recovery"":""NOT_MEASURED"",""accessibility"":""NOT_MEASURED"",""safety_and_trust"":""NOT_MEASURED"",""consistency"":""NOT_MEASURED"",""cross_module_continuity"":""NOT_MEASURED""}",NOT_PERFORMED,NOT_LINKED_TO_CANONICAL_TARGET_CURRENT_AUDIT,NOT_MEASURED,NOT_MEASURED,NOT_MEASURED,NOT_MEASURED,NOT_MEASURED,NOT_MEASURED,NOT_MEASURED,NOT_MEASURED,NOT_MEASURED,NOT_MEASURED,NOT_MEASURED,H,CANONICAL_STATIC_IDENTITY_DENOMINATOR,ControlRoomAlertAccessService and lifecycle service,NOT_ESTABLISHED_CURRENT_AUDIT,"Inspect, acknowledge, triage, resolve, close, or reopen alerts",NOT_ADJUDICATED_CURRENT_AUDIT,NOT_SCORED_CURRENT_AUDIT,NOT_SCORED_CURRENT_AUDIT,STATIC_CANONICAL_IDENTITY_FROZEN,INCOMPLETE_CANONICAL_STATIC_IDENTITY_ONLY,NOT_ADJUDICATED_CURRENT_AUDIT,NOT_ADJUDICATED_CURRENT_AUDIT,NOT_DETERMINED_CURRENT_AUDIT,ONE_OPERATING_ORGANISATION_MULTIPLE_SITES; FEATURE_SPECIFIC_ROLE_PERMISSION_SITE_OWNERSHIP_DIRECT_OBJECT_PRIVACY_BOUNDARY_NOT_ADJUDICATED,NOT_ESTABLISHED_CURRENT_AUDIT,NOT_ESTABLISHED_CURRENT_AUDIT,NOT_ESTABLISHED_CURRENT_AUDIT,NOT_ESTABLISHED_CURRENT_AUDIT,app/Services/ControlRoom/ControlRoomAlertLifecycleService.php:45-777,tests/Feature/ControlRoom/ControlRoomAlertViewScopeTest.php:29-188,NOT_ESTABLISHED_CURRENT_AUDIT,"Static canonical identity only: Inspect, acknowledge, triage, resolve, close, or reopen alerts. Representative-role completion was not executed.",NOT_ESTABLISHED_CURRENT_AUDIT_NO_ROUTE_OR_PAGE_ANCHOR,NOT_ESTABLISHED_CURRENT_AUDIT_NO_ROUTE_OR_PAGE_ANCHOR,task-scripts/cap-cr-alert-worklist-lifecycle.md,a0493442b9e392d324055c35bf25b69421dc2d35,f8cdaf81d83c71e4f5d064fdf88872b908ffaaa1,df6e1b1b357439ad1fd829bebf4e2d33d20d067d515eb945c352e2350a4194a4,f4feae2598622afe346b1163fed2bb842305a8d973a89ec890c02746d99b5999,false,false,false,false,false,"Static identity and source ownership only; no runtime, browser, executed-test, benchmark, ease, release, or completion credit."
TASK-CAP-CR-BROADCAST,CAP-CR-BROADCAST,Control Room,NOT_ESTABLISHED_CURRENT_AUDIT,Create and manage authorised Control Room broadcasts,NOT_ESTABLISHED_CURRENT_AUDIT,Create and manage authorised Control Room broadcasts,"NOT_ESTABLISHED_CURRENT_AUDIT; execution requires a documented representative role, approved Site/record scope where applicable, and resettable synthetic data.",SOURCE_BOUND_STATIC_IDENTITY_ONLY,NOT_EXECUTED_REPRESENTATIVE_ROLE,NOT_MEASURED,0-5; NOT_MEASURED is not 0,NOT_MEASURED,NOT_MEASURED,NOT_MEASURED,NOT_MEASURED,NOT_MEASURED,NOT_MEASURED,NOT_MEASURED,NOT_MEASURED,NOT_MEASURED,NOT_MEASURED,NOT_MEASURED,NOT_MEASURED,NOT_MEASURED,NOT_MEASURED,NOT_MEASURED,NOT_MEASURED,NOT_MEASURED,"{""discoverability"":""NOT_MEASURED"",""comprehension"":""NOT_MEASURED"",""learnability"":""NOT_MEASURED"",""efficiency"":""NOT_MEASURED"",""error_prevention"":""NOT_MEASURED"",""recovery"":""NOT_MEASURED"",""accessibility"":""NOT_MEASURED"",""safety_and_trust"":""NOT_MEASURED"",""consistency"":""NOT_MEASURED"",""cross_module_continuity"":""NOT_MEASURED""}",NOT_PERFORMED,NOT_LINKED_TO_CANONICAL_TARGET_CURRENT_AUDIT,NOT_MEASURED,NOT_MEASURED,NOT_MEASURED,NOT_MEASURED,NOT_MEASURED,NOT_MEASURED,NOT_MEASURED,NOT_MEASURED,NOT_MEASURED,NOT_MEASURED,NOT_MEASURED,H,CANONICAL_STATIC_IDENTITY_DENOMINATOR,ControlRoomMessagingController,NOT_ESTABLISHED_CURRENT_AUDIT,Create and manage authorised Control Room broadcasts,NOT_ADJUDICATED_CURRENT_AUDIT,NOT_SCORED_CURRENT_AUDIT,NOT_SCORED_CURRENT_AUDIT,STATIC_CANONICAL_IDENTITY_FROZEN,INCOMPLETE_CANONICAL_STATIC_IDENTITY_ONLY,NOT_ADJUDICATED_CURRENT_AUDIT,NOT_ADJUDICATED_CURRENT_AUDIT,NOT_DETERMINED_CURRENT_AUDIT,ONE_OPERATING_ORGANISATION_MULTIPLE_SITES; FEATURE_SPECIFIC_ROLE_PERMISSION_SITE_OWNERSHIP_DIRECT_OBJECT_PRIVACY_BOUNDARY_NOT_ADJUDICATED,NOT_ESTABLISHED_CURRENT_AUDIT,NOT_ESTABLISHED_CURRENT_AUDIT,routes/control-room.php:279-286,resources/js/pages/control-room/broadcast.tsx,app/Http/Controllers/ControlRoom/ControlRoomBroadcastController.php:16; app/Http/Controllers/ControlRoom/ControlRoomMessagingController.php:24-304,NOT_ESTABLISHED_CURRENT_AUDIT,NOT_ESTABLISHED_CURRENT_AUDIT,Static canonical identity only: Create and manage authorised Control Room broadcasts. Representative-role completion was not executed.,ROUTE_AND_PAGE_SOURCE_ANCHORS_PRESENT_UNVALIDATED,ROUTE_AND_PAGE_SOURCE_ANCHORS_PRESENT_UNVALIDATED,task-scripts/cap-cr-broadcast.md,a0493442b9e392d324055c35bf25b69421dc2d35,f8cdaf81d83c71e4f5d064fdf88872b908ffaaa1,df6e1b1b357439ad1fd829bebf4e2d33d20d067d515eb945c352e2350a4194a4,f4feae2598622afe346b1163fed2bb842305a8d973a89ec890c02746d99b5999,false,false,false,false,false,"Static identity and source ownership only; no runtime, browser, executed-test, benchmark, ease, release, or completion credit."
TASK-CAP-CR-ESCALATION-QUEUE-LIFECYCLE,CAP-CR-ESCALATION-QUEUE-LIFECYCLE,Control Room,NOT_ESTABLISHED_CURRENT_AUDIT,"Queue, acknowledge, resolve, and govern alert escalations",NOT_ESTABLISHED_CURRENT_AUDIT,"Queue, acknowledge, resolve, and govern alert escalations","NOT_ESTABLISHED_CURRENT_AUDIT; execution requires a documented representative role, approved Site/record scope where applicable, and resettable synthetic data.",SOURCE_BOUND_STATIC_IDENTITY_ONLY,NOT_EXECUTED_REPRESENTATIVE_ROLE,NOT_MEASURED,0-5; NOT_MEASURED is not 0,NOT_MEASURED,NOT_MEASURED,NOT_MEASURED,NOT_MEASURED,NOT_MEASURED,NOT_MEASURED,NOT_MEASURED,NOT_MEASURED,NOT_MEASURED,NOT_MEASURED,NOT_MEASURED,NOT_MEASURED,NOT_MEASURED,NOT_MEASURED,NOT_MEASURED,NOT_MEASURED,NOT_MEASURED,"{""discoverability"":""NOT_MEASURED"",""comprehension"":""NOT_MEASURED"",""learnability"":""NOT_MEASURED"",""efficiency"":""NOT_MEASURED"",""error_prevention"":""NOT_MEASURED"",""recovery"":""NOT_MEASURED"",""accessibility"":""NOT_MEASURED"",""safety_and_trust"":""NOT_MEASURED"",""consistency"":""NOT_MEASURED"",""cross_module_continuity"":""NOT_MEASURED""}",NOT_PERFORMED,NOT_LINKED_TO_CANONICAL_TARGET_CURRENT_AUDIT,NOT_MEASURED,NOT_MEASURED,NOT_MEASURED,NOT_MEASURED,NOT_MEASURED,NOT_MEASURED,NOT_MEASURED,NOT_MEASURED,NOT_MEASURED,NOT_MEASURED,NOT_MEASURED,H,CANONICAL_STATIC_IDENTITY_DENOMINATOR,Control Room task/escalation owners,NOT_ESTABLISHED_CURRENT_AUDIT,"Queue, acknowledge, resolve, and govern alert escalations",NOT_ADJUDICATED_CURRENT_AUDIT,NOT_SCORED_CURRENT_AUDIT,NOT_SCORED_CURRENT_AUDIT,STATIC_CANONICAL_IDENTITY_FROZEN,INCOMPLETE_CANONICAL_STATIC_IDENTITY_ONLY,NOT_ADJUDICATED_CURRENT_AUDIT,NOT_ADJUDICATED_CURRENT_AUDIT,NOT_DETERMINED_CURRENT_AUDIT,ONE_OPERATING_ORGANISATION_MULTIPLE_SITES; FEATURE_SPECIFIC_ROLE_PERMISSION_SITE_OWNERSHIP_DIRECT_OBJECT_PRIVACY_BOUNDARY_NOT_ADJUDICATED,NOT_ESTABLISHED_CURRENT_AUDIT,NOT_ESTABLISHED_CURRENT_AUDIT,routes/control-room.php:177-181; routes/control-room.php:241-258,NOT_ESTABLISHED_CURRENT_AUDIT,app/Http/Controllers/ControlRoom/ControlRoomEscalationController.php:22,NOT_ESTABLISHED_CURRENT_AUDIT,NOT_ESTABLISHED_CURRENT_AUDIT,"Static canonical identity only: Queue, acknowledge, resolve, and govern alert escalations. Representative-role completion was not executed.",ROUTE_SOURCE_ANCHOR_ONLY_UNVALIDATED,ROUTE_SOURCE_ANCHOR_ONLY_UNVALIDATED,task-scripts/cap-cr-escalation-queue-lifecycle.md,a0493442b9e392d324055c35bf25b69421dc2d35,f8cdaf81d83c71e4f5d064fdf88872b908ffaaa1,df6e1b1b357439ad1fd829bebf4e2d33d20d067d515eb945c352e2350a4194a4,f4feae2598622afe346b1163fed2bb842305a8d973a89ec890c02746d99b5999,false,false,false,false,false,"Static identity and source ownership only; no runtime, browser, executed-test, benchmark, ease, release, or completion credit."
TASK-CAP-CR-EVIDENCE-PACK-LIFECYCLE,CAP-CR-EVIDENCE-PACK-LIFECYCLE,Control Room,NOT_ESTABLISHED_CURRENT_AUDIT,Assemble and govern a Control Room evidence pack,NOT_ESTABLISHED_CURRENT_AUDIT,Assemble and govern a Control Room evidence pack,"NOT_ESTABLISHED_CURRENT_AUDIT; execution requires a documented representative role, approved Site/record scope where applicable, and resettable synthetic data.",SOURCE_BOUND_STATIC_IDENTITY_ONLY,NOT_EXECUTED_REPRESENTATIVE_ROLE,NOT_MEASURED,0-5; NOT_MEASURED is not 0,NOT_MEASURED,NOT_MEASURED,NOT_MEASURED,NOT_MEASURED,NOT_MEASURED,NOT_MEASURED,NOT_MEASURED,NOT_MEASURED,NOT_MEASURED,NOT_MEASURED,NOT_MEASURED,NOT_MEASURED,NOT_MEASURED,NOT_MEASURED,NOT_MEASURED,NOT_MEASURED,NOT_MEASURED,"{""discoverability"":""NOT_MEASURED"",""comprehension"":""NOT_MEASURED"",""learnability"":""NOT_MEASURED"",""efficiency"":""NOT_MEASURED"",""error_prevention"":""NOT_MEASURED"",""recovery"":""NOT_MEASURED"",""accessibility"":""NOT_MEASURED"",""safety_and_trust"":""NOT_MEASURED"",""consistency"":""NOT_MEASURED"",""cross_module_continuity"":""NOT_MEASURED""}",NOT_PERFORMED,NOT_LINKED_TO_CANONICAL_TARGET_CURRENT_AUDIT,NOT_MEASURED,NOT_MEASURED,NOT_MEASURED,NOT_MEASURED,NOT_MEASURED,NOT_MEASURED,NOT_MEASURED,NOT_MEASURED,NOT_MEASURED,NOT_MEASURED,NOT_MEASURED,H,CANONICAL_STATIC_IDENTITY_DENOMINATOR,ControlRoomEvidenceController and ControlRoomReportService,NOT_ESTABLISHED_CURRENT_AUDIT,Assemble and govern a Control Room evidence pack,NOT_ADJUDICATED_CURRENT_AUDIT,NOT_SCORED_CURRENT_AUDIT,NOT_SCORED_CURRENT_AUDIT,STATIC_CANONICAL_IDENTITY_FROZEN,INCOMPLETE_CANONICAL_STATIC_IDENTITY_ONLY,NOT_ADJUDICATED_CURRENT_AUDIT,NOT_ADJUDICATED_CURRENT_AUDIT,NOT_DETERMINED_CURRENT_AUDIT,ONE_OPERATING_ORGANISATION_MULTIPLE_SITES; FEATURE_SPECIFIC_ROLE_PERMISSION_SITE_OWNERSHIP_DIRECT_OBJECT_PRIVACY_BOUNDARY_NOT_ADJUDICATED,NOT_ESTABLISHED_CURRENT_AUDIT,NOT_ESTABLISHED_CURRENT_AUDIT,routes/control-room.php:304-324,NOT_ESTABLISHED_CURRENT_AUDIT,app/Http/Controllers/ControlRoom/ControlRoomEvidenceController.php:16-381,NOT_ESTABLISHED_CURRENT_AUDIT,NOT_ESTABLISHED_CURRENT_AUDIT,Static canonical identity only: Assemble and govern a Control Room evidence pack. Representative-role completion was not executed.,ROUTE_SOURCE_ANCHOR_ONLY_UNVALIDATED,ROUTE_SOURCE_ANCHOR_ONLY_UNVALIDATED,task-scripts/cap-cr-evidence-pack-lifecycle.md,a0493442b9e392d324055c35bf25b69421dc2d35,f8cdaf81d83c71e4f5d064fdf88872b908ffaaa1,df6e1b1b357439ad1fd829bebf4e2d33d20d067d515eb945c352e2350a4194a4,f4feae2598622afe346b1163fed2bb842305a8d973a89ec890c02746d99b5999,false,false,false,false,false,"Static identity and source ownership only; no runtime, browser, executed-test, benchmark, ease, release, or completion credit."
TASK-CAP-CR-LIVE-DEVICE-MAP,CAP-CR-LIVE-DEVICE-MAP,Control Room,NOT_ESTABLISHED_CURRENT_AUDIT,View the authorised live device map and its device projection,NOT_ESTABLISHED_CURRENT_AUDIT,View the authorised live device map and its device projection,"NOT_ESTABLISHED_CURRENT_AUDIT; execution requires a documented representative role, approved Site/record scope where applicable, and resettable synthetic data.",SOURCE_BOUND_STATIC_IDENTITY_ONLY,NOT_EXECUTED_REPRESENTATIVE_ROLE,NOT_MEASURED,0-5; NOT_MEASURED is not 0,NOT_MEASURED,NOT_MEASURED,NOT_MEASURED,NOT_MEASURED,NOT_MEASURED,NOT_MEASURED,NOT_MEASURED,NOT_MEASURED,NOT_MEASURED,NOT_MEASURED,NOT_MEASURED,NOT_MEASURED,NOT_MEASURED,NOT_MEASURED,NOT_MEASURED,NOT_MEASURED,NOT_MEASURED,"{""discoverability"":""NOT_MEASURED"",""comprehension"":""NOT_MEASURED"",""learnability"":""NOT_MEASURED"",""efficiency"":""NOT_MEASURED"",""error_prevention"":""NOT_MEASURED"",""recovery"":""NOT_MEASURED"",""accessibility"":""NOT_MEASURED"",""safety_and_trust"":""NOT_MEASURED"",""consistency"":""NOT_MEASURED"",""cross_module_continuity"":""NOT_MEASURED""}",NOT_PERFORMED,NOT_LINKED_TO_CANONICAL_TARGET_CURRENT_AUDIT,NOT_MEASURED,NOT_MEASURED,NOT_MEASURED,NOT_MEASURED,NOT_MEASURED,NOT_MEASURED,NOT_MEASURED,NOT_MEASURED,NOT_MEASURED,NOT_MEASURED,NOT_MEASURED,H,CANONICAL_STATIC_IDENTITY_DENOMINATOR,"Device visibility, playbook, and settings owners",NOT_ESTABLISHED_CURRENT_AUDIT,View the authorised live device map and its device projection,NOT_ADJUDICATED_CURRENT_AUDIT,NOT_SCORED_CURRENT_AUDIT,NOT_SCORED_CURRENT_AUDIT,STATIC_CANONICAL_IDENTITY_FROZEN,INCOMPLETE_CANONICAL_STATIC_IDENTITY_ONLY,NOT_ADJUDICATED_CURRENT_AUDIT,NOT_ADJUDICATED_CURRENT_AUDIT,NOT_DETERMINED_CURRENT_AUDIT,ONE_OPERATING_ORGANISATION_MULTIPLE_SITES; FEATURE_SPECIFIC_ROLE_PERMISSION_SITE_OWNERSHIP_DIRECT_OBJECT_PRIVACY_BOUNDARY_NOT_ADJUDICATED,NOT_ESTABLISHED_CURRENT_AUDIT,NOT_ESTABLISHED_CURRENT_AUDIT,routes/control-room.php:214; routes/control-room.php:379-386,NOT_ESTABLISHED_CURRENT_AUDIT,app/Http/Controllers/ControlRoom/ControlRoomDeviceController.php:16-288; app/Http/Controllers/ControlRoom/ControlRoomMapController.php:21-111,NOT_ESTABLISHED_CURRENT_AUDIT,NOT_ESTABLISHED_CURRENT_AUDIT,Static canonical identity only: View the authorised live device map and its device projection. Representative-role completion was not executed.,ROUTE_SOURCE_ANCHOR_ONLY_UNVALIDATED,ROUTE_SOURCE_ANCHOR_ONLY_UNVALIDATED,task-scripts/cap-cr-live-device-map.md,a0493442b9e392d324055c35bf25b69421dc2d35,f8cdaf81d83c71e4f5d064fdf88872b908ffaaa1,df6e1b1b357439ad1fd829bebf4e2d33d20d067d515eb945c352e2350a4194a4,f4feae2598622afe346b1163fed2bb842305a8d973a89ec890c02746d99b5999,false,false,false,false,false,"Static identity and source ownership only; no runtime, browser, executed-test, benchmark, ease, release, or completion credit."
TASK-CAP-CR-MESSAGING-DISCUSSION,CAP-CR-MESSAGING-DISCUSSION,Control Room,NOT_ESTABLISHED_CURRENT_AUDIT,Exchange authorised alert messages and discussion,NOT_ESTABLISHED_CURRENT_AUDIT,Exchange authorised alert messages and discussion,"NOT_ESTABLISHED_CURRENT_AUDIT; execution requires a documented representative role, approved Site/record scope where applicable, and resettable synthetic data.",SOURCE_BOUND_STATIC_IDENTITY_ONLY,NOT_EXECUTED_REPRESENTATIVE_ROLE,NOT_MEASURED,0-5; NOT_MEASURED is not 0,NOT_MEASURED,NOT_MEASURED,NOT_MEASURED,NOT_MEASURED,NOT_MEASURED,NOT_MEASURED,NOT_MEASURED,NOT_MEASURED,NOT_MEASURED,NOT_MEASURED,NOT_MEASURED,NOT_MEASURED,NOT_MEASURED,NOT_MEASURED,NOT_MEASURED,NOT_MEASURED,NOT_MEASURED,"{""discoverability"":""NOT_MEASURED"",""comprehension"":""NOT_MEASURED"",""learnability"":""NOT_MEASURED"",""efficiency"":""NOT_MEASURED"",""error_prevention"":""NOT_MEASURED"",""recovery"":""NOT_MEASURED"",""accessibility"":""NOT_MEASURED"",""safety_and_trust"":""NOT_MEASURED"",""consistency"":""NOT_MEASURED"",""cross_module_continuity"":""NOT_MEASURED""}",NOT_PERFORMED,NOT_LINKED_TO_CANONICAL_TARGET_CURRENT_AUDIT,NOT_MEASURED,NOT_MEASURED,NOT_MEASURED,NOT_MEASURED,NOT_MEASURED,NOT_MEASURED,NOT_MEASURED,NOT_MEASURED,NOT_MEASURED,NOT_MEASURED,NOT_MEASURED,H,CANONICAL_STATIC_IDENTITY_DENOMINATOR,ControlRoomMessagingController,NOT_ESTABLISHED_CURRENT_AUDIT,Exchange authorised alert messages and discussion,NOT_ADJUDICATED_CURRENT_AUDIT,NOT_SCORED_CURRENT_AUDIT,NOT_SCORED_CURRENT_AUDIT,STATIC_CANONICAL_IDENTITY_FROZEN,INCOMPLETE_CANONICAL_STATIC_IDENTITY_ONLY,NOT_ADJUDICATED_CURRENT_AUDIT,NOT_ADJUDICATED_CURRENT_AUDIT,NOT_DETERMINED_CURRENT_AUDIT,ONE_OPERATING_ORGANISATION_MULTIPLE_SITES; FEATURE_SPECIFIC_ROLE_PERMISSION_SITE_OWNERSHIP_DIRECT_OBJECT_PRIVACY_BOUNDARY_NOT_ADJUDICATED,NOT_ESTABLISHED_CURRENT_AUDIT,NOT_ESTABLISHED_CURRENT_AUDIT,routes/control-room.php:263-277,resources/js/pages/control-room/messaging.tsx,app/Http/Controllers/ControlRoom/ControlRoomMessagingController.php:17; app/Http/Controllers/ControlRoom/ControlRoomMessagingController.php:24-304,NOT_ESTABLISHED_CURRENT_AUDIT,NOT_ESTABLISHED_CURRENT_AUDIT,Static canonical identity only: Exchange authorised alert messages and discussion. Representative-role completion was not executed.,ROUTE_AND_PAGE_SOURCE_ANCHORS_PRESENT_UNVALIDATED,ROUTE_AND_PAGE_SOURCE_ANCHORS_PRESENT_UNVALIDATED,task-scripts/cap-cr-messaging-discussion.md,a0493442b9e392d324055c35bf25b69421dc2d35,f8cdaf81d83c71e4f5d064fdf88872b908ffaaa1,df6e1b1b357439ad1fd829bebf4e2d33d20d067d515eb945c352e2350a4194a4,f4feae2598622afe346b1163fed2bb842305a8d973a89ec890c02746d99b5999,false,false,false,false,false,"Static identity and source ownership only; no runtime, browser, executed-test, benchmark, ease, release, or completion credit."
TASK-CAP-CR-PLAYBOOK-LIFECYCLE,CAP-CR-PLAYBOOK-LIFECYCLE,Control Room,NOT_ESTABLISHED_CURRENT_AUDIT,"Create, activate, start, advance, and skip alert playbooks",NOT_ESTABLISHED_CURRENT_AUDIT,"Create, activate, start, advance, and skip alert playbooks","NOT_ESTABLISHED_CURRENT_AUDIT; execution requires a documented representative role, approved Site/record scope where applicable, and resettable synthetic data.",SOURCE_BOUND_STATIC_IDENTITY_ONLY,NOT_EXECUTED_REPRESENTATIVE_ROLE,NOT_MEASURED,0-5; NOT_MEASURED is not 0,NOT_MEASURED,NOT_MEASURED,NOT_MEASURED,NOT_MEASURED,NOT_MEASURED,NOT_MEASURED,NOT_MEASURED,NOT_MEASURED,NOT_MEASURED,NOT_MEASURED,NOT_MEASURED,NOT_MEASURED,NOT_MEASURED,NOT_MEASURED,NOT_MEASURED,NOT_MEASURED,NOT_MEASURED,"{""discoverability"":""NOT_MEASURED"",""comprehension"":""NOT_MEASURED"",""learnability"":""NOT_MEASURED"",""efficiency"":""NOT_MEASURED"",""error_prevention"":""NOT_MEASURED"",""recovery"":""NOT_MEASURED"",""accessibility"":""NOT_MEASURED"",""safety_and_trust"":""NOT_MEASURED"",""consistency"":""NOT_MEASURED"",""cross_module_continuity"":""NOT_MEASURED""}",NOT_PERFORMED,NOT_LINKED_TO_CANONICAL_TARGET_CURRENT_AUDIT,NOT_MEASURED,NOT_MEASURED,NOT_MEASURED,NOT_MEASURED,NOT_MEASURED,NOT_MEASURED,NOT_MEASURED,NOT_MEASURED,NOT_MEASURED,NOT_MEASURED,NOT_MEASURED,H,CANONICAL_STATIC_IDENTITY_DENOMINATOR,Control Room playbook owner,NOT_ESTABLISHED_CURRENT_AUDIT,"Create, activate, start, advance, and skip alert playbooks",NOT_ADJUDICATED_CURRENT_AUDIT,NOT_SCORED_CURRENT_AUDIT,NOT_SCORED_CURRENT_AUDIT,STATIC_CANONICAL_IDENTITY_FROZEN,INCOMPLETE_CANONICAL_STATIC_IDENTITY_ONLY,NOT_ADJUDICATED_CURRENT_AUDIT,NOT_ADJUDICATED_CURRENT_AUDIT,NOT_DETERMINED_CURRENT_AUDIT,ONE_OPERATING_ORGANISATION_MULTIPLE_SITES; FEATURE_SPECIFIC_ROLE_PERMISSION_SITE_OWNERSHIP_DIRECT_OBJECT_PRIVACY_BOUNDARY_NOT_ADJUDICATED,NOT_ESTABLISHED_CURRENT_AUDIT,NOT_ESTABLISHED_CURRENT_AUDIT,routes/control-room.php:329-408; routes/control-room.php:388-410,resources/js/pages/control-room/playbooks/index.tsx,app/Http/Controllers/ControlRoom/ControlRoomPlaybookController.php:18-552,NOT_ESTABLISHED_CURRENT_AUDIT,NOT_ESTABLISHED_CURRENT_AUDIT,"Static canonical identity only: Create, activate, start, advance, and skip alert playbooks. Representative-role completion was not executed.",ROUTE_AND_PAGE_SOURCE_ANCHORS_PRESENT_UNVALIDATED,ROUTE_AND_PAGE_SOURCE_ANCHORS_PRESENT_UNVALIDATED,task-scripts/cap-cr-playbook-lifecycle.md,a0493442b9e392d324055c35bf25b69421dc2d35,f8cdaf81d83c71e4f5d064fdf88872b908ffaaa1,df6e1b1b357439ad1fd829bebf4e2d33d20d067d515eb945c352e2350a4194a4,f4feae2598622afe346b1163fed2bb842305a8d973a89ec890c02746d99b5999,false,false,false,false,false,"Static identity and source ownership only; no runtime, browser, executed-test, benchmark, ease, release, or completion credit."
TASK-CAP-CR-RECOVERY-CONFIGURATION,CAP-CR-RECOVERY-CONFIGURATION,Control Room,NOT_ESTABLISHED_CURRENT_AUDIT,"Configure maintenance, outbox recovery, and Control Room options",NOT_ESTABLISHED_CURRENT_AUDIT,"Configure maintenance, outbox recovery, and Control Room options","NOT_ESTABLISHED_CURRENT_AUDIT; execution requires a documented representative role, approved Site/record scope where applicable, and resettable synthetic data.",SOURCE_BOUND_STATIC_IDENTITY_ONLY,NOT_EXECUTED_REPRESENTATIVE_ROLE,NOT_MEASURED,0-5; NOT_MEASURED is not 0,NOT_MEASURED,NOT_MEASURED,NOT_MEASURED,NOT_MEASURED,NOT_MEASURED,NOT_MEASURED,NOT_MEASURED,NOT_MEASURED,NOT_MEASURED,NOT_MEASURED,NOT_MEASURED,NOT_MEASURED,NOT_MEASURED,NOT_MEASURED,NOT_MEASURED,NOT_MEASURED,NOT_MEASURED,"{""discoverability"":""NOT_MEASURED"",""comprehension"":""NOT_MEASURED"",""learnability"":""NOT_MEASURED"",""efficiency"":""NOT_MEASURED"",""error_prevention"":""NOT_MEASURED"",""recovery"":""NOT_MEASURED"",""accessibility"":""NOT_MEASURED"",""safety_and_trust"":""NOT_MEASURED"",""consistency"":""NOT_MEASURED"",""cross_module_continuity"":""NOT_MEASURED""}",NOT_PERFORMED,NOT_LINKED_TO_CANONICAL_TARGET_CURRENT_AUDIT,NOT_MEASURED,NOT_MEASURED,NOT_MEASURED,NOT_MEASURED,NOT_MEASURED,NOT_MEASURED,NOT_MEASURED,NOT_MEASURED,NOT_MEASURED,NOT_MEASURED,NOT_MEASURED,H,CANONICAL_STATIC_IDENTITY_DENOMINATOR,"Device visibility, playbook, and settings owners",NOT_ESTABLISHED_CURRENT_AUDIT,"Configure maintenance, outbox recovery, and Control Room options",NOT_ADJUDICATED_CURRENT_AUDIT,NOT_SCORED_CURRENT_AUDIT,NOT_SCORED_CURRENT_AUDIT,STATIC_CANONICAL_IDENTITY_FROZEN,INCOMPLETE_CANONICAL_STATIC_IDENTITY_ONLY,NOT_ADJUDICATED_CURRENT_AUDIT,NOT_ADJUDICATED_CURRENT_AUDIT,NOT_DETERMINED_CURRENT_AUDIT,ONE_OPERATING_ORGANISATION_MULTIPLE_SITES; FEATURE_SPECIFIC_ROLE_PERMISSION_SITE_OWNERSHIP_DIRECT_OBJECT_PRIVACY_BOUNDARY_NOT_ADJUDICATED,NOT_ESTABLISHED_CURRENT_AUDIT,NOT_ESTABLISHED_CURRENT_AUDIT,routes/control-room.php:344-360,NOT_ESTABLISHED_CURRENT_AUDIT,app/Http/Controllers/ControlRoom/ControlRoomSettingsController.php:20,NOT_ESTABLISHED_CURRENT_AUDIT,NOT_ESTABLISHED_CURRENT_AUDIT,"Static canonical identity only: Configure maintenance, outbox recovery, and Control Room options. Representative-role completion was not executed.",ROUTE_SOURCE_ANCHOR_ONLY_UNVALIDATED,ROUTE_SOURCE_ANCHOR_ONLY_UNVALIDATED,task-scripts/cap-cr-recovery-configuration.md,a0493442b9e392d324055c35bf25b69421dc2d35,f8cdaf81d83c71e4f5d064fdf88872b908ffaaa1,df6e1b1b357439ad1fd829bebf4e2d33d20d067d515eb945c352e2350a4194a4,f4feae2598622afe346b1163fed2bb842305a8d973a89ec890c02746d99b5999,false,false,false,false,false,"Static identity and source ownership only; no runtime, browser, executed-test, benchmark, ease, release, or completion credit."
TASK-CAP-CR-SHIFT-HANDOVER,CAP-CR-SHIFT-HANDOVER,Control Room,NOT_ESTABLISHED_CURRENT_AUDIT,"Prepare, hand over, accept, and acknowledge complete shift state",NOT_ESTABLISHED_CURRENT_AUDIT,"Prepare, hand over, accept, and acknowledge complete shift state","NOT_ESTABLISHED_CURRENT_AUDIT; execution requires a documented representative role, approved Site/record scope where applicable, and resettable synthetic data.",SOURCE_BOUND_STATIC_IDENTITY_ONLY,NOT_EXECUTED_REPRESENTATIVE_ROLE,NOT_MEASURED,0-5; NOT_MEASURED is not 0,NOT_MEASURED,NOT_MEASURED,NOT_MEASURED,NOT_MEASURED,NOT_MEASURED,NOT_MEASURED,NOT_MEASURED,NOT_MEASURED,NOT_MEASURED,NOT_MEASURED,NOT_MEASURED,NOT_MEASURED,NOT_MEASURED,NOT_MEASURED,NOT_MEASURED,NOT_MEASURED,NOT_MEASURED,"{""discoverability"":""NOT_MEASURED"",""comprehension"":""NOT_MEASURED"",""learnability"":""NOT_MEASURED"",""efficiency"":""NOT_MEASURED"",""error_prevention"":""NOT_MEASURED"",""recovery"":""NOT_MEASURED"",""accessibility"":""NOT_MEASURED"",""safety_and_trust"":""NOT_MEASURED"",""consistency"":""NOT_MEASURED"",""cross_module_continuity"":""NOT_MEASURED""}",NOT_PERFORMED,NOT_LINKED_TO_CANONICAL_TARGET_CURRENT_AUDIT,NOT_MEASURED,NOT_MEASURED,NOT_MEASURED,NOT_MEASURED,NOT_MEASURED,NOT_MEASURED,NOT_MEASURED,NOT_MEASURED,NOT_MEASURED,NOT_MEASURED,NOT_MEASURED,H,CANONICAL_STATIC_IDENTITY_DENOMINATOR,ControlRoomHandoverScopeService and shift handover service,NOT_ESTABLISHED_CURRENT_AUDIT,"Prepare, hand over, accept, and acknowledge complete shift state",NOT_ADJUDICATED_CURRENT_AUDIT,NOT_SCORED_CURRENT_AUDIT,NOT_SCORED_CURRENT_AUDIT,STATIC_CANONICAL_IDENTITY_FROZEN,INCOMPLETE_CANONICAL_STATIC_IDENTITY_ONLY,NOT_ADJUDICATED_CURRENT_AUDIT,NOT_ADJUDICATED_CURRENT_AUDIT,NOT_DETERMINED_CURRENT_AUDIT,ONE_OPERATING_ORGANISATION_MULTIPLE_SITES; FEATURE_SPECIFIC_ROLE_PERMISSION_SITE_OWNERSHIP_DIRECT_OBJECT_PRIVACY_BOUNDARY_NOT_ADJUDICATED,NOT_ESTABLISHED_CURRENT_AUDIT,NOT_ESTABLISHED_CURRENT_AUDIT,NOT_ESTABLISHED_CURRENT_AUDIT,NOT_ESTABLISHED_CURRENT_AUDIT,app/Services/ControlRoom/ControlRoomHandoverScopeService.php:65-547,tests/Feature/ControlRoom/ControlRoomShiftHandoverScopeTest.php:57-487,NOT_ESTABLISHED_CURRENT_AUDIT,"Static canonical identity only: Prepare, hand over, accept, and acknowledge complete shift state. Representative-role completion was not executed.",NOT_ESTABLISHED_CURRENT_AUDIT_NO_ROUTE_OR_PAGE_ANCHOR,NOT_ESTABLISHED_CURRENT_AUDIT_NO_ROUTE_OR_PAGE_ANCHOR,task-scripts/cap-cr-shift-handover.md,a0493442b9e392d324055c35bf25b69421dc2d35,f8cdaf81d83c71e4f5d064fdf88872b908ffaaa1,df6e1b1b357439ad1fd829bebf4e2d33d20d067d515eb945c352e2350a4194a4,f4feae2598622afe346b1163fed2bb842305a8d973a89ec890c02746d99b5999,false,false,false,false,false,"Static identity and source ownership only; no runtime, browser, executed-test, benchmark, ease, release, or completion credit."
TASK-CAP-CR-SIGNAL-QUEUE-CONFIGURATION,CAP-CR-SIGNAL-QUEUE-CONFIGURATION,Control Room,NOT_ESTABLISHED_CURRENT_AUDIT,Configure signal rules and triage queues,NOT_ESTABLISHED_CURRENT_AUDIT,Configure signal rules and triage queues,"NOT_ESTABLISHED_CURRENT_AUDIT; execution requires a documented representative role, approved Site/record scope where applicable, and resettable synthetic data.",SOURCE_BOUND_STATIC_IDENTITY_ONLY,NOT_EXECUTED_REPRESENTATIVE_ROLE,NOT_MEASURED,0-5; NOT_MEASURED is not 0,NOT_MEASURED,NOT_MEASURED,NOT_MEASURED,NOT_MEASURED,NOT_MEASURED,NOT_MEASURED,NOT_MEASURED,NOT_MEASURED,NOT_MEASURED,NOT_MEASURED,NOT_MEASURED,NOT_MEASURED,NOT_MEASURED,NOT_MEASURED,NOT_MEASURED,NOT_MEASURED,NOT_MEASURED,"{""discoverability"":""NOT_MEASURED"",""comprehension"":""NOT_MEASURED"",""learnability"":""NOT_MEASURED"",""efficiency"":""NOT_MEASURED"",""error_prevention"":""NOT_MEASURED"",""recovery"":""NOT_MEASURED"",""accessibility"":""NOT_MEASURED"",""safety_and_trust"":""NOT_MEASURED"",""consistency"":""NOT_MEASURED"",""cross_module_continuity"":""NOT_MEASURED""}",NOT_PERFORMED,NOT_LINKED_TO_CANONICAL_TARGET_CURRENT_AUDIT,NOT_MEASURED,NOT_MEASURED,NOT_MEASURED,NOT_MEASURED,NOT_MEASURED,NOT_MEASURED,NOT_MEASURED,NOT_MEASURED,NOT_MEASURED,NOT_MEASURED,NOT_MEASURED,H,CANONICAL_STATIC_IDENTITY_DENOMINATOR,Control Room settings owner,NOT_ESTABLISHED_CURRENT_AUDIT,Configure signal rules and triage queues,NOT_ADJUDICATED_CURRENT_AUDIT,NOT_SCORED_CURRENT_AUDIT,NOT_SCORED_CURRENT_AUDIT,STATIC_CANONICAL_IDENTITY_FROZEN,INCOMPLETE_CANONICAL_STATIC_IDENTITY_ONLY,NOT_ADJUDICATED_CURRENT_AUDIT,NOT_ADJUDICATED_CURRENT_AUDIT,NOT_DETERMINED_CURRENT_AUDIT,ONE_OPERATING_ORGANISATION_MULTIPLE_SITES; FEATURE_SPECIFIC_ROLE_PERMISSION_SITE_OWNERSHIP_DIRECT_OBJECT_PRIVACY_BOUNDARY_NOT_ADJUDICATED,NOT_ESTABLISHED_CURRENT_AUDIT,NOT_ESTABLISHED_CURRENT_AUDIT,routes/control-room.php:329-343; routes/control-room.php:329-408,resources/js/pages/control-room/settings.tsx,app/Http/Controllers/ControlRoom/ControlRoomSettingsController.php:20,NOT_ESTABLISHED_CURRENT_AUDIT,NOT_ESTABLISHED_CURRENT_AUDIT,Static canonical identity only: Configure signal rules and triage queues. Representative-role completion was not executed.,ROUTE_AND_PAGE_SOURCE_ANCHORS_PRESENT_UNVALIDATED,ROUTE_AND_PAGE_SOURCE_ANCHORS_PRESENT_UNVALIDATED,task-scripts/cap-cr-signal-queue-configuration.md,a0493442b9e392d324055c35bf25b69421dc2d35,f8cdaf81d83c71e4f5d064fdf88872b908ffaaa1,df6e1b1b357439ad1fd829bebf4e2d33d20d067d515eb945c352e2350a4194a4,f4feae2598622afe346b1163fed2bb842305a8d973a89ec890c02746d99b5999,false,false,false,false,false,"Static identity and source ownership only; no runtime, browser, executed-test, benchmark, ease, release, or completion credit."
TASK-CAP-CR-TASK-TO-HS-CORRECTIVE-ACTION-TRANSFER,CAP-CR-TASK-TO-HS-CORRECTIVE-ACTION-TRANSFER,Control Room,NOT_ESTABLISHED_CURRENT_AUDIT,Transfer an active Control Room task into a canonical Health & Safety corrective action.,NOT_ESTABLISHED_CURRENT_AUDIT,Transfer an active Control Room task into a canonical Health & Safety corrective action.,"NOT_ESTABLISHED_CURRENT_AUDIT; execution requires a documented representative role, approved Site/record scope where applicable, and resettable synthetic data.",SOURCE_BOUND_STATIC_IDENTITY_ONLY,NOT_EXECUTED_REPRESENTATIVE_ROLE,NOT_MEASURED,0-5; NOT_MEASURED is not 0,NOT_MEASURED,NOT_MEASURED,NOT_MEASURED,NOT_MEASURED,NOT_MEASURED,NOT_MEASURED,NOT_MEASURED,NOT_MEASURED,NOT_MEASURED,NOT_MEASURED,NOT_MEASURED,NOT_MEASURED,NOT_MEASURED,NOT_MEASURED,NOT_MEASURED,NOT_MEASURED,NOT_MEASURED,"{""discoverability"":""NOT_MEASURED"",""comprehension"":""NOT_MEASURED"",""learnability"":""NOT_MEASURED"",""efficiency"":""NOT_MEASURED"",""error_prevention"":""NOT_MEASURED"",""recovery"":""NOT_MEASURED"",""accessibility"":""NOT_MEASURED"",""safety_and_trust"":""NOT_MEASURED"",""consistency"":""NOT_MEASURED"",""cross_module_continuity"":""NOT_MEASURED""}",NOT_PERFORMED,NOT_LINKED_TO_CANONICAL_TARGET_CURRENT_AUDIT,NOT_MEASURED,NOT_MEASURED,NOT_MEASURED,NOT_MEASURED,NOT_MEASURED,NOT_MEASURED,NOT_MEASURED,NOT_MEASURED,NOT_MEASURED,NOT_MEASURED,NOT_MEASURED,H,CANONICAL_STATIC_IDENTITY_DENOMINATOR,ControlRoomTaskController::transferToHealthSafety and ControlRoomAlertLifecycleService::transferTaskToHealthSafety,NOT_ESTABLISHED_CURRENT_AUDIT,Transfer an active Control Room task into a canonical Health & Safety corrective action.,NOT_ADJUDICATED_CURRENT_AUDIT,NOT_SCORED_CURRENT_AUDIT,NOT_SCORED_CURRENT_AUDIT,STATIC_CANONICAL_IDENTITY_FROZEN,INCOMPLETE_CANONICAL_STATIC_IDENTITY_ONLY,NOT_ADJUDICATED_CURRENT_AUDIT,NOT_ADJUDICATED_CURRENT_AUDIT,NOT_DETERMINED_CURRENT_AUDIT,ONE_OPERATING_ORGANISATION_MULTIPLE_SITES; FEATURE_SPECIFIC_ROLE_PERMISSION_SITE_OWNERSHIP_DIRECT_OBJECT_PRIVACY_BOUNDARY_NOT_ADJUDICATED,NOT_ESTABLISHED_CURRENT_AUDIT,NOT_ESTABLISHED_CURRENT_AUDIT,routes/control-room.php:155-157,NOT_ESTABLISHED_CURRENT_AUDIT,app/Http/Controllers/ControlRoom/ControlRoomTaskController.php:261-285; app/Services/ControlRoom/ControlRoomAlertLifecycleService.php:936-1005,NOT_ESTABLISHED_CURRENT_AUDIT,NOT_ESTABLISHED_CURRENT_AUDIT,Static canonical identity only: Transfer an active Control Room task into a canonical Health & Safety corrective action.. Representative-role completion was not executed.,ROUTE_SOURCE_ANCHOR_ONLY_UNVALIDATED,ROUTE_SOURCE_ANCHOR_ONLY_UNVALIDATED,task-scripts/cap-cr-task-to-hs-corrective-action-transfer.md,a0493442b9e392d324055c35bf25b69421dc2d35,f8cdaf81d83c71e4f5d064fdf88872b908ffaaa1,df6e1b1b357439ad1fd829bebf4e2d33d20d067d515eb945c352e2350a4194a4,f4feae2598622afe346b1163fed2bb842305a8d973a89ec890c02746d99b5999,false,false,false,false,false,"Static identity and source ownership only; no runtime, browser, executed-test, benchmark, ease, release, or completion credit."
TASK-CAP-CR-TIME-RECORDING,CAP-CR-TIME-RECORDING,Control Room,NOT_ESTABLISHED_CURRENT_AUDIT,Record time against an authorised Control Room alert,NOT_ESTABLISHED_CURRENT_AUDIT,Record time against an authorised Control Room alert,"NOT_ESTABLISHED_CURRENT_AUDIT; execution requires a documented representative role, approved Site/record scope where applicable, and resettable synthetic data.",SOURCE_BOUND_STATIC_IDENTITY_ONLY,NOT_EXECUTED_REPRESENTATIVE_ROLE,NOT_MEASURED,0-5; NOT_MEASURED is not 0,NOT_MEASURED,NOT_MEASURED,NOT_MEASURED,NOT_MEASURED,NOT_MEASURED,NOT_MEASURED,NOT_MEASURED,NOT_MEASURED,NOT_MEASURED,NOT_MEASURED,NOT_MEASURED,NOT_MEASURED,NOT_MEASURED,NOT_MEASURED,NOT_MEASURED,NOT_MEASURED,NOT_MEASURED,"{""discoverability"":""NOT_MEASURED"",""comprehension"":""NOT_MEASURED"",""learnability"":""NOT_MEASURED"",""efficiency"":""NOT_MEASURED"",""error_prevention"":""NOT_MEASURED"",""recovery"":""NOT_MEASURED"",""accessibility"":""NOT_MEASURED"",""safety_and_trust"":""NOT_MEASURED"",""consistency"":""NOT_MEASURED"",""cross_module_continuity"":""NOT_MEASURED""}",NOT_PERFORMED,NOT_LINKED_TO_CANONICAL_TARGET_CURRENT_AUDIT,NOT_MEASURED,NOT_MEASURED,NOT_MEASURED,NOT_MEASURED,NOT_MEASURED,NOT_MEASURED,NOT_MEASURED,NOT_MEASURED,NOT_MEASURED,NOT_MEASURED,NOT_MEASURED,H,CANONICAL_STATIC_IDENTITY_DENOMINATOR,Control Room time-recording owner,NOT_ESTABLISHED_CURRENT_AUDIT,Record time against an authorised Control Room alert,NOT_ADJUDICATED_CURRENT_AUDIT,NOT_SCORED_CURRENT_AUDIT,NOT_SCORED_CURRENT_AUDIT,STATIC_CANONICAL_IDENTITY_FROZEN,INCOMPLETE_CANONICAL_STATIC_IDENTITY_ONLY,NOT_ADJUDICATED_CURRENT_AUDIT,NOT_ADJUDICATED_CURRENT_AUDIT,NOT_DETERMINED_CURRENT_AUDIT,ONE_OPERATING_ORGANISATION_MULTIPLE_SITES; FEATURE_SPECIFIC_ROLE_PERMISSION_SITE_OWNERSHIP_DIRECT_OBJECT_PRIVACY_BOUNDARY_NOT_ADJUDICATED,NOT_ESTABLISHED_CURRENT_AUDIT,NOT_ESTABLISHED_CURRENT_AUDIT,routes/control-room.php; routes/control-room.php:289-300,resources/js/pages/control-room/show.tsx,app/Http/Controllers/ControlRoom/ControlRoomTimeEntryController.php:17,NOT_ESTABLISHED_CURRENT_AUDIT,NOT_ESTABLISHED_CURRENT_AUDIT,Static canonical identity only: Record time against an authorised Control Room alert. Representative-role completion was not executed.,ROUTE_AND_PAGE_SOURCE_ANCHORS_PRESENT_UNVALIDATED,ROUTE_AND_PAGE_SOURCE_ANCHORS_PRESENT_UNVALIDATED,task-scripts/cap-cr-time-recording.md,a0493442b9e392d324055c35bf25b69421dc2d35,f8cdaf81d83c71e4f5d064fdf88872b908ffaaa1,df6e1b1b357439ad1fd829bebf4e2d33d20d067d515eb945c352e2350a4194a4,f4feae2598622afe346b1163fed2bb842305a8d973a89ec890c02746d99b5999,false,false,false,false,false,"Static identity and source ownership only; no runtime, browser, executed-test, benchmark, ease, release, or completion credit."
TASK-CAP-DAY-ALL-TASKS-WORKBENCH,CAP-DAY-ALL-TASKS-WORKBENCH,Frontline Workspaces,NOT_ESTABLISHED_CURRENT_AUDIT,"Find, inspect, assign, watch, split, and report authorised tasks across canonical providers",NOT_ESTABLISHED_CURRENT_AUDIT,"Find, inspect, assign, watch, split, and report authorised tasks across canonical providers","NOT_ESTABLISHED_CURRENT_AUDIT; execution requires a documented representative role, approved Site/record scope where applicable, and resettable synthetic data.",SOURCE_BOUND_STATIC_IDENTITY_ONLY,NOT_EXECUTED_REPRESENTATIVE_ROLE,NOT_MEASURED,0-5; NOT_MEASURED is not 0,NOT_MEASURED,NOT_MEASURED,NOT_MEASURED,NOT_MEASURED,NOT_MEASURED,NOT_MEASURED,NOT_MEASURED,NOT_MEASURED,NOT_MEASURED,NOT_MEASURED,NOT_MEASURED,NOT_MEASURED,NOT_MEASURED,NOT_MEASURED,NOT_MEASURED,NOT_MEASURED,NOT_MEASURED,"{""discoverability"":""NOT_MEASURED"",""comprehension"":""NOT_MEASURED"",""learnability"":""NOT_MEASURED"",""efficiency"":""NOT_MEASURED"",""error_prevention"":""NOT_MEASURED"",""recovery"":""NOT_MEASURED"",""accessibility"":""NOT_MEASURED"",""safety_and_trust"":""NOT_MEASURED"",""consistency"":""NOT_MEASURED"",""cross_module_continuity"":""NOT_MEASURED""}",NOT_PERFORMED,NOT_LINKED_TO_CANONICAL_TARGET_CURRENT_AUDIT,NOT_MEASURED,NOT_MEASURED,NOT_MEASURED,NOT_MEASURED,NOT_MEASURED,NOT_MEASURED,NOT_MEASURED,NOT_MEASURED,NOT_MEASURED,NOT_MEASURED,NOT_MEASURED,H,CANONICAL_STATIC_IDENTITY_DENOMINATOR,Task providers and canonical linked-record owners,NOT_ESTABLISHED_CURRENT_AUDIT,"Find, inspect, assign, watch, split, and report authorised tasks across canonical providers",NOT_ADJUDICATED_CURRENT_AUDIT,NOT_SCORED_CURRENT_AUDIT,NOT_SCORED_CURRENT_AUDIT,STATIC_CANONICAL_IDENTITY_FROZEN,INCOMPLETE_CANONICAL_STATIC_IDENTITY_ONLY,NOT_ADJUDICATED_CURRENT_AUDIT,NOT_ADJUDICATED_CURRENT_AUDIT,NOT_DETERMINED_CURRENT_AUDIT,ONE_OPERATING_ORGANISATION_MULTIPLE_SITES; FEATURE_SPECIFIC_ROLE_PERMISSION_SITE_OWNERSHIP_DIRECT_OBJECT_PRIVACY_BOUNDARY_NOT_ADJUDICATED,resources/js/components/app-sidebar.tsx:415-430; tests/Feature/Tasks/TaskNavigationFailureIsolationTest.php:1,NOT_ESTABLISHED_CURRENT_AUDIT,routes/tasks.php:16-29; routes/tasks.php:6-30,resources/js/pages/tasks/index.tsx:266-755; resources/js/pages/tasks/index.tsx:284-755; resources/js/pages/tasks/task-detail-dialog.tsx:352-425,app/Http/Controllers/AllTasksController.php:126-216; app/Http/Controllers/AllTasksController.php:218-383; app/Http/Controllers/AllTasksController.php:28-125; app/Http/Controllers/AllTasksController.php:28-383; app/Http/Controllers/AllTasksController.php:35-614; app/Http/Controllers/ControlRoom/ControlRoomTaskController.php:1; app/Http/Controllers/MyDayActionsController.php:1; app/Http/Controllers/MyDayMedicationsController.php:1; app/Services/Tasks/Contracts/AssignableTaskProvider.php; app/Services/Tasks/Contracts/SplittableTaskProvider.php; app/Services/Tasks/Contracts/TaskProvider.php; app/Services/Tasks/TaskAggregator.php:104-160; app/Services/Tasks/TaskAggregator.php:22-692; app/Services/Tasks/TaskAggregator.php:42-160; app/Services/Tasks/TaskAggregator.php:42-78; app/Services/Tasks/TaskAggregator.php:430-475,tests/Feature/MyDayActiveSiteTest.php:1; tests/Feature/Tasks/AllTasksDashboardTest.php:92-448; tests/Feature/Tasks/AllTasksPermissionRecoveryTest.php:1; tests/Feature/Tasks/AllTasksPermissionRecoveryTest.php:75-436; tests/Feature/Tasks/TaskNavigationFailureIsolationTest.php:1; tests/Feature/Tasks/TaskProviderAuthorizationArchitectureTest.php:127-170; tests/Feature/Tasks/TaskProviderRowScopeTest.php:698-860; tests/Feature/Tasks/TaskWatchersTest.php:79-488,NOT_ESTABLISHED_CURRENT_AUDIT,"Static canonical identity only: Find, inspect, assign, watch, split, and report authorised tasks across canonical providers. Representative-role completion was not executed.",ROUTE_AND_PAGE_SOURCE_ANCHORS_PRESENT_UNVALIDATED,ROUTE_AND_PAGE_SOURCE_ANCHORS_PRESENT_UNVALIDATED,task-scripts/cap-day-all-tasks-workbench.md,a0493442b9e392d324055c35bf25b69421dc2d35,f8cdaf81d83c71e4f5d064fdf88872b908ffaaa1,df6e1b1b357439ad1fd829bebf4e2d33d20d067d515eb945c352e2350a4194a4,f4feae2598622afe346b1163fed2bb842305a8d973a89ec890c02746d99b5999,false,false,false,false,false,"Static identity and source ownership only; no runtime, browser, executed-test, benchmark, ease, release, or completion credit."
TASK-CAP-DAY-MY-CALENDAR,CAP-DAY-MY-CALENDAR,Frontline Workspaces,NOT_ESTABLISHED_CURRENT_AUDIT,Review the worker's calendar,NOT_ESTABLISHED_CURRENT_AUDIT,Review the worker's calendar,"NOT_ESTABLISHED_CURRENT_AUDIT; execution requires a documented representative role, approved Site/record scope where applicable, and resettable synthetic data.",SOURCE_BOUND_STATIC_IDENTITY_ONLY,NOT_EXECUTED_REPRESENTATIVE_ROLE,NOT_MEASURED,0-5; NOT_MEASURED is not 0,NOT_MEASURED,NOT_MEASURED,NOT_MEASURED,NOT_MEASURED,NOT_MEASURED,NOT_MEASURED,NOT_MEASURED,NOT_MEASURED,NOT_MEASURED,NOT_MEASURED,NOT_MEASURED,NOT_MEASURED,NOT_MEASURED,NOT_MEASURED,NOT_MEASURED,NOT_MEASURED,NOT_MEASURED,"{""discoverability"":""NOT_MEASURED"",""comprehension"":""NOT_MEASURED"",""learnability"":""NOT_MEASURED"",""efficiency"":""NOT_MEASURED"",""error_prevention"":""NOT_MEASURED"",""recovery"":""NOT_MEASURED"",""accessibility"":""NOT_MEASURED"",""safety_and_trust"":""NOT_MEASURED"",""consistency"":""NOT_MEASURED"",""cross_module_continuity"":""NOT_MEASURED""}",NOT_PERFORMED,NOT_LINKED_TO_CANONICAL_TARGET_CURRENT_AUDIT,NOT_MEASURED,NOT_MEASURED,NOT_MEASURED,NOT_MEASURED,NOT_MEASURED,NOT_MEASURED,NOT_MEASURED,NOT_MEASURED,NOT_MEASURED,NOT_MEASURED,NOT_MEASURED,H,CANONICAL_STATIC_IDENTITY_DENOMINATOR,Calendar read lens,NOT_ESTABLISHED_CURRENT_AUDIT,Review the worker's calendar,NOT_ADJUDICATED_CURRENT_AUDIT,NOT_SCORED_CURRENT_AUDIT,NOT_SCORED_CURRENT_AUDIT,STATIC_CANONICAL_IDENTITY_FROZEN,INCOMPLETE_CANONICAL_STATIC_IDENTITY_ONLY,NOT_ADJUDICATED_CURRENT_AUDIT,NOT_ADJUDICATED_CURRENT_AUDIT,NOT_DETERMINED_CURRENT_AUDIT,ONE_OPERATING_ORGANISATION_MULTIPLE_SITES; FEATURE_SPECIFIC_ROLE_PERMISSION_SITE_OWNERSHIP_DIRECT_OBJECT_PRIVACY_BOUNDARY_NOT_ADJUDICATED,tests/Feature/Tasks/TaskNavigationFailureIsolationTest.php:1,NOT_ESTABLISHED_CURRENT_AUDIT,NOT_ESTABLISHED_CURRENT_AUDIT,NOT_ESTABLISHED_CURRENT_AUDIT,app/Http/Controllers/ControlRoom/ControlRoomTaskController.php:1; app/Http/Controllers/MyDayActionsController.php:1; app/Http/Controllers/MyDayMedicationsController.php:1,tests/Feature/MyDayActiveSiteTest.php:1; tests/Feature/Tasks/AllTasksPermissionRecoveryTest.php:1; tests/Feature/Tasks/TaskNavigationFailureIsolationTest.php:1,NOT_ESTABLISHED_CURRENT_AUDIT,Static canonical identity only: Review the worker's calendar. Representative-role completion was not executed.,NOT_ESTABLISHED_CURRENT_AUDIT_NO_ROUTE_OR_PAGE_ANCHOR,NOT_ESTABLISHED_CURRENT_AUDIT_NO_ROUTE_OR_PAGE_ANCHOR,task-scripts/cap-day-my-calendar.md,a0493442b9e392d324055c35bf25b69421dc2d35,f8cdaf81d83c71e4f5d064fdf88872b908ffaaa1,df6e1b1b357439ad1fd829bebf4e2d33d20d067d515eb945c352e2350a4194a4,f4feae2598622afe346b1163fed2bb842305a8d973a89ec890c02746d99b5999,false,false,false,false,false,"Static identity and source ownership only; no runtime, browser, executed-test, benchmark, ease, release, or completion credit."
TASK-CAP-DAY-MY-DAY-WORKSPACE,CAP-DAY-MY-DAY-WORKSPACE,Frontline Workspaces,NOT_ESTABLISHED_CURRENT_AUDIT,"Work a personal Site-scoped day view of shifts, tasks, medication, and due actions",NOT_ESTABLISHED_CURRENT_AUDIT,"Work a personal Site-scoped day view of shifts, tasks, medication, and due actions","NOT_ESTABLISHED_CURRENT_AUDIT; execution requires a documented representative role, approved Site/record scope where applicable, and resettable synthetic data.",SOURCE_BOUND_STATIC_IDENTITY_ONLY,NOT_EXECUTED_REPRESENTATIVE_ROLE,NOT_MEASURED,0-5; NOT_MEASURED is not 0,NOT_MEASURED,NOT_MEASURED,NOT_MEASURED,NOT_MEASURED,NOT_MEASURED,NOT_MEASURED,NOT_MEASURED,NOT_MEASURED,NOT_MEASURED,NOT_MEASURED,NOT_MEASURED,NOT_MEASURED,NOT_MEASURED,NOT_MEASURED,NOT_MEASURED,NOT_MEASURED,NOT_MEASURED,"{""discoverability"":""NOT_MEASURED"",""comprehension"":""NOT_MEASURED"",""learnability"":""NOT_MEASURED"",""efficiency"":""NOT_MEASURED"",""error_prevention"":""NOT_MEASURED"",""recovery"":""NOT_MEASURED"",""accessibility"":""NOT_MEASURED"",""safety_and_trust"":""NOT_MEASURED"",""consistency"":""NOT_MEASURED"",""cross_module_continuity"":""NOT_MEASURED""}",NOT_PERFORMED,NOT_LINKED_TO_CANONICAL_TARGET_CURRENT_AUDIT,NOT_MEASURED,NOT_MEASURED,NOT_MEASURED,NOT_MEASURED,NOT_MEASURED,NOT_MEASURED,NOT_MEASURED,NOT_MEASURED,NOT_MEASURED,NOT_MEASURED,NOT_MEASURED,H,CANONICAL_STATIC_IDENTITY_DENOMINATOR,My Day presenters with canonical action owners,NOT_ESTABLISHED_CURRENT_AUDIT,"Work a personal Site-scoped day view of shifts, tasks, medication, and due actions",NOT_ADJUDICATED_CURRENT_AUDIT,NOT_SCORED_CURRENT_AUDIT,NOT_SCORED_CURRENT_AUDIT,STATIC_CANONICAL_IDENTITY_FROZEN,INCOMPLETE_CANONICAL_STATIC_IDENTITY_ONLY,NOT_ADJUDICATED_CURRENT_AUDIT,NOT_ADJUDICATED_CURRENT_AUDIT,NOT_DETERMINED_CURRENT_AUDIT,ONE_OPERATING_ORGANISATION_MULTIPLE_SITES; FEATURE_SPECIFIC_ROLE_PERMISSION_SITE_OWNERSHIP_DIRECT_OBJECT_PRIVACY_BOUNDARY_NOT_ADJUDICATED,tests/Feature/Tasks/TaskNavigationFailureIsolationTest.php:1,NOT_ESTABLISHED_CURRENT_AUDIT,routes/web.php:151,resources/js/pages/my-day/index.tsx:1,app/Http/Controllers/ControlRoom/ControlRoomTaskController.php:1; app/Http/Controllers/MyDayActionsController.php:1; app/Http/Controllers/MyDayMedicationsController.php:1; app/Http/Controllers/MyTasksController.php:45-145,tests/Feature/MyDayActiveSiteTest.php:1; tests/Feature/Tasks/AllTasksPermissionRecoveryTest.php:1; tests/Feature/Tasks/TaskNavigationFailureIsolationTest.php:1,NOT_ESTABLISHED_CURRENT_AUDIT,"Static canonical identity only: Work a personal Site-scoped day view of shifts, tasks, medication, and due actions. Representative-role completion was not executed.",ROUTE_AND_PAGE_SOURCE_ANCHORS_PRESENT_UNVALIDATED,ROUTE_AND_PAGE_SOURCE_ANCHORS_PRESENT_UNVALIDATED,task-scripts/cap-day-my-day-workspace.md,a0493442b9e392d324055c35bf25b69421dc2d35,f8cdaf81d83c71e4f5d064fdf88872b908ffaaa1,df6e1b1b357439ad1fd829bebf4e2d33d20d067d515eb945c352e2350a4194a4,f4feae2598622afe346b1163fed2bb842305a8d973a89ec890c02746d99b5999,false,false,false,false,false,"Static identity and source ownership only; no runtime, browser, executed-test, benchmark, ease, release, or completion credit."
TASK-CAP-DAY-MY-ROSTER,CAP-DAY-MY-ROSTER,Frontline Workspaces,NOT_ESTABLISHED_CURRENT_AUDIT,Review the worker's roster,NOT_ESTABLISHED_CURRENT_AUDIT,Review the worker's roster,"NOT_ESTABLISHED_CURRENT_AUDIT; execution requires a documented representative role, approved Site/record scope where applicable, and resettable synthetic data.",SOURCE_BOUND_STATIC_IDENTITY_ONLY,NOT_EXECUTED_REPRESENTATIVE_ROLE,NOT_MEASURED,0-5; NOT_MEASURED is not 0,NOT_MEASURED,NOT_MEASURED,NOT_MEASURED,NOT_MEASURED,NOT_MEASURED,NOT_MEASURED,NOT_MEASURED,NOT_MEASURED,NOT_MEASURED,NOT_MEASURED,NOT_MEASURED,NOT_MEASURED,NOT_MEASURED,NOT_MEASURED,NOT_MEASURED,NOT_MEASURED,NOT_MEASURED,"{""discoverability"":""NOT_MEASURED"",""comprehension"":""NOT_MEASURED"",""learnability"":""NOT_MEASURED"",""efficiency"":""NOT_MEASURED"",""error_prevention"":""NOT_MEASURED"",""recovery"":""NOT_MEASURED"",""accessibility"":""NOT_MEASURED"",""safety_and_trust"":""NOT_MEASURED"",""consistency"":""NOT_MEASURED"",""cross_module_continuity"":""NOT_MEASURED""}",NOT_PERFORMED,NOT_LINKED_TO_CANONICAL_TARGET_CURRENT_AUDIT,NOT_MEASURED,NOT_MEASURED,NOT_MEASURED,NOT_MEASURED,NOT_MEASURED,NOT_MEASURED,NOT_MEASURED,NOT_MEASURED,NOT_MEASURED,NOT_MEASURED,NOT_MEASURED,H,CANONICAL_STATIC_IDENTITY_DENOMINATOR,Roster read lens,NOT_ESTABLISHED_CURRENT_AUDIT,Review the worker's roster,NOT_ADJUDICATED_CURRENT_AUDIT,NOT_SCORED_CURRENT_AUDIT,NOT_SCORED_CURRENT_AUDIT,STATIC_CANONICAL_IDENTITY_FROZEN,INCOMPLETE_CANONICAL_STATIC_IDENTITY_ONLY,NOT_ADJUDICATED_CURRENT_AUDIT,NOT_ADJUDICATED_CURRENT_AUDIT,NOT_DETERMINED_CURRENT_AUDIT,ONE_OPERATING_ORGANISATION_MULTIPLE_SITES; FEATURE_SPECIFIC_ROLE_PERMISSION_SITE_OWNERSHIP_DIRECT_OBJECT_PRIVACY_BOUNDARY_NOT_ADJUDICATED,tests/Feature/Tasks/TaskNavigationFailureIsolationTest.php:1,NOT_ESTABLISHED_CURRENT_AUDIT,NOT_ESTABLISHED_CURRENT_AUDIT,NOT_ESTABLISHED_CURRENT_AUDIT,app/Http/Controllers/ControlRoom/ControlRoomTaskController.php:1; app/Http/Controllers/MyDayActionsController.php:1; app/Http/Controllers/MyDayMedicationsController.php:1,tests/Feature/MyDayActiveSiteTest.php:1; tests/Feature/Tasks/AllTasksPermissionRecoveryTest.php:1; tests/Feature/Tasks/TaskNavigationFailureIsolationTest.php:1,NOT_ESTABLISHED_CURRENT_AUDIT,Static canonical identity only: Review the worker's roster. Representative-role completion was not executed.,NOT_ESTABLISHED_CURRENT_AUDIT_NO_ROUTE_OR_PAGE_ANCHOR,NOT_ESTABLISHED_CURRENT_AUDIT_NO_ROUTE_OR_PAGE_ANCHOR,task-scripts/cap-day-my-roster.md,a0493442b9e392d324055c35bf25b69421dc2d35,f8cdaf81d83c71e4f5d064fdf88872b908ffaaa1,df6e1b1b357439ad1fd829bebf4e2d33d20d067d515eb945c352e2350a4194a4,f4feae2598622afe346b1163fed2bb842305a8d973a89ec890c02746d99b5999,false,false,false,false,false,"Static identity and source ownership only; no runtime, browser, executed-test, benchmark, ease, release, or completion credit."
TASK-CAP-DAY-TASK-REPORT,CAP-DAY-TASK-REPORT,Frontline Workspaces,NOT_ESTABLISHED_CURRENT_AUDIT,Report task status without leaking linked records,NOT_ESTABLISHED_CURRENT_AUDIT,Report task status without leaking linked records,"NOT_ESTABLISHED_CURRENT_AUDIT; execution requires a documented representative role, approved Site/record scope where applicable, and resettable synthetic data.",SOURCE_BOUND_STATIC_IDENTITY_ONLY,NOT_EXECUTED_REPRESENTATIVE_ROLE,NOT_MEASURED,0-5; NOT_MEASURED is not 0,NOT_MEASURED,NOT_MEASURED,NOT_MEASURED,NOT_MEASURED,NOT_MEASURED,NOT_MEASURED,NOT_MEASURED,NOT_MEASURED,NOT_MEASURED,NOT_MEASURED,NOT_MEASURED,NOT_MEASURED,NOT_MEASURED,NOT_MEASURED,NOT_MEASURED,NOT_MEASURED,NOT_MEASURED,"{""discoverability"":""NOT_MEASURED"",""comprehension"":""NOT_MEASURED"",""learnability"":""NOT_MEASURED"",""efficiency"":""NOT_MEASURED"",""error_prevention"":""NOT_MEASURED"",""recovery"":""NOT_MEASURED"",""accessibility"":""NOT_MEASURED"",""safety_and_trust"":""NOT_MEASURED"",""consistency"":""NOT_MEASURED"",""cross_module_continuity"":""NOT_MEASURED""}",NOT_PERFORMED,NOT_LINKED_TO_CANONICAL_TARGET_CURRENT_AUDIT,NOT_MEASURED,NOT_MEASURED,NOT_MEASURED,NOT_MEASURED,NOT_MEASURED,NOT_MEASURED,NOT_MEASURED,NOT_MEASURED,NOT_MEASURED,NOT_MEASURED,NOT_MEASURED,H,CANONICAL_STATIC_IDENTITY_DENOMINATOR,Task reporting owner,NOT_ESTABLISHED_CURRENT_AUDIT,Report task status without leaking linked records,NOT_ADJUDICATED_CURRENT_AUDIT,NOT_SCORED_CURRENT_AUDIT,NOT_SCORED_CURRENT_AUDIT,STATIC_CANONICAL_IDENTITY_FROZEN,INCOMPLETE_CANONICAL_STATIC_IDENTITY_ONLY,NOT_ADJUDICATED_CURRENT_AUDIT,NOT_ADJUDICATED_CURRENT_AUDIT,NOT_DETERMINED_CURRENT_AUDIT,ONE_OPERATING_ORGANISATION_MULTIPLE_SITES; FEATURE_SPECIFIC_ROLE_PERMISSION_SITE_OWNERSHIP_DIRECT_OBJECT_PRIVACY_BOUNDARY_NOT_ADJUDICATED,tests/Feature/Tasks/TaskNavigationFailureIsolationTest.php:1,NOT_ESTABLISHED_CURRENT_AUDIT,NOT_ESTABLISHED_CURRENT_AUDIT,NOT_ESTABLISHED_CURRENT_AUDIT,app/Http/Controllers/ControlRoom/ControlRoomTaskController.php:1; app/Http/Controllers/MyDayActionsController.php:1; app/Http/Controllers/MyDayMedicationsController.php:1,tests/Feature/MyDayActiveSiteTest.php:1; tests/Feature/Tasks/AllTasksPermissionRecoveryTest.php:1; tests/Feature/Tasks/TaskNavigationFailureIsolationTest.php:1,NOT_ESTABLISHED_CURRENT_AUDIT,Static canonical identity only: Report task status without leaking linked records. Representative-role completion was not executed.,NOT_ESTABLISHED_CURRENT_AUDIT_NO_ROUTE_OR_PAGE_ANCHOR,NOT_ESTABLISHED_CURRENT_AUDIT_NO_ROUTE_OR_PAGE_ANCHOR,task-scripts/cap-day-task-report.md,a0493442b9e392d324055c35bf25b69421dc2d35,f8cdaf81d83c71e4f5d064fdf88872b908ffaaa1,df6e1b1b357439ad1fd829bebf4e2d33d20d067d515eb945c352e2350a4194a4,f4feae2598622afe346b1163fed2bb842305a8d973a89ec890c02746d99b5999,false,false,false,false,false,"Static identity and source ownership only; no runtime, browser, executed-test, benchmark, ease, release, or completion credit."
TASK-CAP-DAY-TODAY-OPERATIONS-OVERVIEW,CAP-DAY-TODAY-OPERATIONS-OVERVIEW,Frontline Workspaces,NOT_ESTABLISHED_CURRENT_AUDIT,"Review today's authorised shifts, medication work, and attention items",NOT_ESTABLISHED_CURRENT_AUDIT,"Review today's authorised shifts, medication work, and attention items","NOT_ESTABLISHED_CURRENT_AUDIT; execution requires a documented representative role, approved Site/record scope where applicable, and resettable synthetic data.",SOURCE_BOUND_STATIC_IDENTITY_ONLY,NOT_EXECUTED_REPRESENTATIVE_ROLE,NOT_MEASURED,0-5; NOT_MEASURED is not 0,NOT_MEASURED,NOT_MEASURED,NOT_MEASURED,NOT_MEASURED,NOT_MEASURED,NOT_MEASURED,NOT_MEASURED,NOT_MEASURED,NOT_MEASURED,NOT_MEASURED,NOT_MEASURED,NOT_MEASURED,NOT_MEASURED,NOT_MEASURED,NOT_MEASURED,NOT_MEASURED,NOT_MEASURED,"{""discoverability"":""NOT_MEASURED"",""comprehension"":""NOT_MEASURED"",""learnability"":""NOT_MEASURED"",""efficiency"":""NOT_MEASURED"",""error_prevention"":""NOT_MEASURED"",""recovery"":""NOT_MEASURED"",""accessibility"":""NOT_MEASURED"",""safety_and_trust"":""NOT_MEASURED"",""consistency"":""NOT_MEASURED"",""cross_module_continuity"":""NOT_MEASURED""}",NOT_PERFORMED,NOT_LINKED_TO_CANONICAL_TARGET_CURRENT_AUDIT,NOT_MEASURED,NOT_MEASURED,NOT_MEASURED,NOT_MEASURED,NOT_MEASURED,NOT_MEASURED,NOT_MEASURED,NOT_MEASURED,NOT_MEASURED,NOT_MEASURED,NOT_MEASURED,H,CANONICAL_STATIC_IDENTITY_DENOMINATOR,TodayDashboardController,NOT_ESTABLISHED_CURRENT_AUDIT,"Review today's authorised shifts, medication work, and attention items",NOT_ADJUDICATED_CURRENT_AUDIT,NOT_SCORED_CURRENT_AUDIT,NOT_SCORED_CURRENT_AUDIT,STATIC_CANONICAL_IDENTITY_FROZEN,INCOMPLETE_CANONICAL_STATIC_IDENTITY_ONLY,NOT_ADJUDICATED_CURRENT_AUDIT,NOT_ADJUDICATED_CURRENT_AUDIT,NOT_DETERMINED_CURRENT_AUDIT,ONE_OPERATING_ORGANISATION_MULTIPLE_SITES; FEATURE_SPECIFIC_ROLE_PERMISSION_SITE_OWNERSHIP_DIRECT_OBJECT_PRIVACY_BOUNDARY_NOT_ADJUDICATED,NOT_ESTABLISHED_CURRENT_AUDIT,NOT_ESTABLISHED_CURRENT_AUDIT,routes/web.php:129,NOT_ESTABLISHED_CURRENT_AUDIT,app/Http/Controllers/TodayDashboardController.php:13-124,tests/Browser/Pages/TodayTest.php,NOT_ESTABLISHED_CURRENT_AUDIT,"Static canonical identity only: Review today's authorised shifts, medication work, and attention items. Representative-role completion was not executed.",ROUTE_SOURCE_ANCHOR_ONLY_UNVALIDATED,ROUTE_SOURCE_ANCHOR_ONLY_UNVALIDATED,task-scripts/cap-day-today-operations-overview.md,a0493442b9e392d324055c35bf25b69421dc2d35,f8cdaf81d83c71e4f5d064fdf88872b908ffaaa1,df6e1b1b357439ad1fd829bebf4e2d33d20d067d515eb945c352e2350a4194a4,f4feae2598622afe346b1163fed2bb842305a8d973a89ec890c02746d99b5999,false,false,false,false,false,"Static identity and source ownership only; no runtime, browser, executed-test, benchmark, ease, release, or completion credit."
TASK-CAP-FIN-ACCOUNTING-INTEGRATION-CONFIGURATION,CAP-FIN-ACCOUNTING-INTEGRATION-CONFIGURATION,Finance,NOT_ESTABLISHED_CURRENT_AUDIT,"Configure an accounting integration, test its connection, manage mappings, disconnect it, and manually request a sync.",NOT_ESTABLISHED_CURRENT_AUDIT,"Configure an accounting integration, test its connection, manage mappings, disconnect it, and manually request a sync.","NOT_ESTABLISHED_CURRENT_AUDIT; execution requires a documented representative role, approved Site/record scope where applicable, and resettable synthetic data.",SOURCE_BOUND_STATIC_IDENTITY_ONLY,NOT_EXECUTED_REPRESENTATIVE_ROLE,NOT_MEASURED,0-5; NOT_MEASURED is not 0,NOT_MEASURED,NOT_MEASURED,NOT_MEASURED,NOT_MEASURED,NOT_MEASURED,NOT_MEASURED,NOT_MEASURED,NOT_MEASURED,NOT_MEASURED,NOT_MEASURED,NOT_MEASURED,NOT_MEASURED,NOT_MEASURED,NOT_MEASURED,NOT_MEASURED,NOT_MEASURED,NOT_MEASURED,"{""discoverability"":""NOT_MEASURED"",""comprehension"":""NOT_MEASURED"",""learnability"":""NOT_MEASURED"",""efficiency"":""NOT_MEASURED"",""error_prevention"":""NOT_MEASURED"",""recovery"":""NOT_MEASURED"",""accessibility"":""NOT_MEASURED"",""safety_and_trust"":""NOT_MEASURED"",""consistency"":""NOT_MEASURED"",""cross_module_continuity"":""NOT_MEASURED""}",NOT_PERFORMED,NOT_LINKED_TO_CANONICAL_TARGET_CURRENT_AUDIT,NOT_MEASURED,NOT_MEASURED,NOT_MEASURED,NOT_MEASURED,NOT_MEASURED,NOT_MEASURED,NOT_MEASURED,NOT_MEASURED,NOT_MEASURED,NOT_MEASURED,NOT_MEASURED,H,CANONICAL_STATIC_IDENTITY_DENOMINATOR,AccountingIntegrationController,NOT_ESTABLISHED_CURRENT_AUDIT,"Configure an accounting integration, test its connection, manage mappings, disconnect it, and manually request a sync.",NOT_ADJUDICATED_CURRENT_AUDIT,NOT_SCORED_CURRENT_AUDIT,NOT_SCORED_CURRENT_AUDIT,STATIC_CANONICAL_IDENTITY_FROZEN,INCOMPLETE_CANONICAL_STATIC_IDENTITY_ONLY,NOT_ADJUDICATED_CURRENT_AUDIT,NOT_ADJUDICATED_CURRENT_AUDIT,NOT_DETERMINED_CURRENT_AUDIT,ONE_OPERATING_ORGANISATION_MULTIPLE_SITES; FEATURE_SPECIFIC_ROLE_PERMISSION_SITE_OWNERSHIP_DIRECT_OBJECT_PRIVACY_BOUNDARY_NOT_ADJUDICATED,NOT_ESTABLISHED_CURRENT_AUDIT,NOT_ESTABLISHED_CURRENT_AUDIT,routes/finance.php:602-612,resources/js/pages/finance/Integrations/Index.tsx:1-570,app/Domain/Finance/Http/Controllers/AccountingIntegrationController.php:14-241; app/Domain/Finance/Models/FinAccountingIntegration.php:13-108,tests/Browser/Finance/FinanceIntegrationMappingInteractionTest.php:8-72,NOT_ESTABLISHED_CURRENT_AUDIT,"Static canonical identity only: Configure an accounting integration, test its connection, manage mappings, disconnect it, and manually request a sync.. Representative-role completion was not executed.",ROUTE_AND_PAGE_SOURCE_ANCHORS_PRESENT_UNVALIDATED,ROUTE_AND_PAGE_SOURCE_ANCHORS_PRESENT_UNVALIDATED,task-scripts/cap-fin-accounting-integration-configuration.md,a0493442b9e392d324055c35bf25b69421dc2d35,f8cdaf81d83c71e4f5d064fdf88872b908ffaaa1,df6e1b1b357439ad1fd829bebf4e2d33d20d067d515eb945c352e2350a4194a4,f4feae2598622afe346b1163fed2bb842305a8d973a89ec890c02746d99b5999,false,false,false,false,false,"Static identity and source ownership only; no runtime, browser, executed-test, benchmark, ease, release, or completion credit."
TASK-CAP-FIN-ACCOUNTING-PERIOD-LIFECYCLE,CAP-FIN-ACCOUNTING-PERIOD-LIFECYCLE,Finance,NOT_ESTABLISHED_CURRENT_AUDIT,"Open, maintain, and close fiscal periods",NOT_ESTABLISHED_CURRENT_AUDIT,"Open, maintain, and close fiscal periods","NOT_ESTABLISHED_CURRENT_AUDIT; execution requires a documented representative role, approved Site/record scope where applicable, and resettable synthetic data.",SOURCE_BOUND_STATIC_IDENTITY_ONLY,NOT_EXECUTED_REPRESENTATIVE_ROLE,NOT_MEASURED,0-5; NOT_MEASURED is not 0,NOT_MEASURED,NOT_MEASURED,NOT_MEASURED,NOT_MEASURED,NOT_MEASURED,NOT_MEASURED,NOT_MEASURED,NOT_MEASURED,NOT_MEASURED,NOT_MEASURED,NOT_MEASURED,NOT_MEASURED,NOT_MEASURED,NOT_MEASURED,NOT_MEASURED,NOT_MEASURED,NOT_MEASURED,"{""discoverability"":""NOT_MEASURED"",""comprehension"":""NOT_MEASURED"",""learnability"":""NOT_MEASURED"",""efficiency"":""NOT_MEASURED"",""error_prevention"":""NOT_MEASURED"",""recovery"":""NOT_MEASURED"",""accessibility"":""NOT_MEASURED"",""safety_and_trust"":""NOT_MEASURED"",""consistency"":""NOT_MEASURED"",""cross_module_continuity"":""NOT_MEASURED""}",NOT_PERFORMED,NOT_LINKED_TO_CANONICAL_TARGET_CURRENT_AUDIT,NOT_MEASURED,NOT_MEASURED,NOT_MEASURED,NOT_MEASURED,NOT_MEASURED,NOT_MEASURED,NOT_MEASURED,NOT_MEASURED,NOT_MEASURED,NOT_MEASURED,NOT_MEASURED,H,CANONICAL_STATIC_IDENTITY_DENOMINATOR,ChartOfAccountsService and ledger administration controllers,NOT_ESTABLISHED_CURRENT_AUDIT,"Open, maintain, and close fiscal periods",NOT_ADJUDICATED_CURRENT_AUDIT,NOT_SCORED_CURRENT_AUDIT,NOT_SCORED_CURRENT_AUDIT,STATIC_CANONICAL_IDENTITY_FROZEN,INCOMPLETE_CANONICAL_STATIC_IDENTITY_ONLY,NOT_ADJUDICATED_CURRENT_AUDIT,NOT_ADJUDICATED_CURRENT_AUDIT,NOT_DETERMINED_CURRENT_AUDIT,ONE_OPERATING_ORGANISATION_MULTIPLE_SITES; FEATURE_SPECIFIC_ROLE_PERMISSION_SITE_OWNERSHIP_DIRECT_OBJECT_PRIVACY_BOUNDARY_NOT_ADJUDICATED,NOT_ESTABLISHED_CURRENT_AUDIT,NOT_ESTABLISHED_CURRENT_AUDIT,routes/finance.php:181,NOT_ESTABLISHED_CURRENT_AUDIT,app/Domain/Finance/Http/Controllers/FiscalPeriodController.php:11,NOT_ESTABLISHED_CURRENT_AUDIT,NOT_ESTABLISHED_CURRENT_AUDIT,"Static canonical identity only: Open, maintain, and close fiscal periods. Representative-role completion was not executed.",ROUTE_SOURCE_ANCHOR_ONLY_UNVALIDATED,ROUTE_SOURCE_ANCHOR_ONLY_UNVALIDATED,task-scripts/cap-fin-accounting-period-lifecycle.md,a0493442b9e392d324055c35bf25b69421dc2d35,f8cdaf81d83c71e4f5d064fdf88872b908ffaaa1,df6e1b1b357439ad1fd829bebf4e2d33d20d067d515eb945c352e2350a4194a4,f4feae2598622afe346b1163fed2bb842305a8d973a89ec890c02746d99b5999,false,false,false,false,false,"Static identity and source ownership only; no runtime, browser, executed-test, benchmark, ease, release, or completion credit."
TASK-CAP-FIN-ALLOCATION-MATCH-HISTORY,CAP-FIN-ALLOCATION-MATCH-HISTORY,Finance,NOT_ESTABLISHED_CURRENT_AUDIT,Review allocation history and confirm or reject payment matches,NOT_ESTABLISHED_CURRENT_AUDIT,Review allocation history and confirm or reject payment matches,"NOT_ESTABLISHED_CURRENT_AUDIT; execution requires a documented representative role, approved Site/record scope where applicable, and resettable synthetic data.",SOURCE_BOUND_STATIC_IDENTITY_ONLY,NOT_EXECUTED_REPRESENTATIVE_ROLE,NOT_MEASURED,0-5; NOT_MEASURED is not 0,NOT_MEASURED,NOT_MEASURED,NOT_MEASURED,NOT_MEASURED,NOT_MEASURED,NOT_MEASURED,NOT_MEASURED,NOT_MEASURED,NOT_MEASURED,NOT_MEASURED,NOT_MEASURED,NOT_MEASURED,NOT_MEASURED,NOT_MEASURED,NOT_MEASURED,NOT_MEASURED,NOT_MEASURED,"{""discoverability"":""NOT_MEASURED"",""comprehension"":""NOT_MEASURED"",""learnability"":""NOT_MEASURED"",""efficiency"":""NOT_MEASURED"",""error_prevention"":""NOT_MEASURED"",""recovery"":""NOT_MEASURED"",""accessibility"":""NOT_MEASURED"",""safety_and_trust"":""NOT_MEASURED"",""consistency"":""NOT_MEASURED"",""cross_module_continuity"":""NOT_MEASURED""}",NOT_PERFORMED,NOT_LINKED_TO_CANONICAL_TARGET_CURRENT_AUDIT,NOT_MEASURED,NOT_MEASURED,NOT_MEASURED,NOT_MEASURED,NOT_MEASURED,NOT_MEASURED,NOT_MEASURED,NOT_MEASURED,NOT_MEASURED,NOT_MEASURED,NOT_MEASURED,H,CANONICAL_STATIC_IDENTITY_DENOMINATOR,PaymentMatchingService and settlement owners,NOT_ESTABLISHED_CURRENT_AUDIT,Review allocation history and confirm or reject payment matches,NOT_ADJUDICATED_CURRENT_AUDIT,NOT_SCORED_CURRENT_AUDIT,NOT_SCORED_CURRENT_AUDIT,STATIC_CANONICAL_IDENTITY_FROZEN,INCOMPLETE_CANONICAL_STATIC_IDENTITY_ONLY,NOT_ADJUDICATED_CURRENT_AUDIT,NOT_ADJUDICATED_CURRENT_AUDIT,NOT_DETERMINED_CURRENT_AUDIT,ONE_OPERATING_ORGANISATION_MULTIPLE_SITES; FEATURE_SPECIFIC_ROLE_PERMISSION_SITE_OWNERSHIP_DIRECT_OBJECT_PRIVACY_BOUNDARY_NOT_ADJUDICATED,NOT_ESTABLISHED_CURRENT_AUDIT,NOT_ESTABLISHED_CURRENT_AUDIT,NOT_ESTABLISHED_CURRENT_AUDIT,NOT_ESTABLISHED_CURRENT_AUDIT,app/Domain/Finance/Services/PaymentMatchingService.php:300-421,tests/Feature/Finance/PaymentAllocationIntegrityTest.php:360,NOT_ESTABLISHED_CURRENT_AUDIT,Static canonical identity only: Review allocation history and confirm or reject payment matches. Representative-role completion was not executed.,NOT_ESTABLISHED_CURRENT_AUDIT_NO_ROUTE_OR_PAGE_ANCHOR,NOT_ESTABLISHED_CURRENT_AUDIT_NO_ROUTE_OR_PAGE_ANCHOR,task-scripts/cap-fin-allocation-match-history.md,a0493442b9e392d324055c35bf25b69421dc2d35,f8cdaf81d83c71e4f5d064fdf88872b908ffaaa1,df6e1b1b357439ad1fd829bebf4e2d33d20d067d515eb945c352e2350a4194a4,f4feae2598622afe346b1163fed2bb842305a8d973a89ec890c02746d99b5999,false,false,false,false,false,"Static identity and source ownership only; no runtime, browser, executed-test, benchmark, ease, release, or completion credit."
TASK-CAP-FIN-BANK-STATEMENT-RECONCILIATION,CAP-FIN-BANK-STATEMENT-RECONCILIATION,Finance,NOT_ESTABLISHED_CURRENT_AUDIT,"Match, unmatch, complete, and amend bank reconciliations",NOT_ESTABLISHED_CURRENT_AUDIT,"Match, unmatch, complete, and amend bank reconciliations","NOT_ESTABLISHED_CURRENT_AUDIT; execution requires a documented representative role, approved Site/record scope where applicable, and resettable synthetic data.",SOURCE_BOUND_STATIC_IDENTITY_ONLY,NOT_EXECUTED_REPRESENTATIVE_ROLE,NOT_MEASURED,0-5; NOT_MEASURED is not 0,NOT_MEASURED,NOT_MEASURED,NOT_MEASURED,NOT_MEASURED,NOT_MEASURED,NOT_MEASURED,NOT_MEASURED,NOT_MEASURED,NOT_MEASURED,NOT_MEASURED,NOT_MEASURED,NOT_MEASURED,NOT_MEASURED,NOT_MEASURED,NOT_MEASURED,NOT_MEASURED,NOT_MEASURED,"{""discoverability"":""NOT_MEASURED"",""comprehension"":""NOT_MEASURED"",""learnability"":""NOT_MEASURED"",""efficiency"":""NOT_MEASURED"",""error_prevention"":""NOT_MEASURED"",""recovery"":""NOT_MEASURED"",""accessibility"":""NOT_MEASURED"",""safety_and_trust"":""NOT_MEASURED"",""consistency"":""NOT_MEASURED"",""cross_module_continuity"":""NOT_MEASURED""}",NOT_PERFORMED,NOT_LINKED_TO_CANONICAL_TARGET_CURRENT_AUDIT,NOT_MEASURED,NOT_MEASURED,NOT_MEASURED,NOT_MEASURED,NOT_MEASURED,NOT_MEASURED,NOT_MEASURED,NOT_MEASURED,NOT_MEASURED,NOT_MEASURED,NOT_MEASURED,H,CANONICAL_STATIC_IDENTITY_DENOMINATOR,"BankReconciliationService, BankFeedService, and EftposReconciliationService",NOT_ESTABLISHED_CURRENT_AUDIT,"Match, unmatch, complete, and amend bank reconciliations",NOT_ADJUDICATED_CURRENT_AUDIT,NOT_SCORED_CURRENT_AUDIT,NOT_SCORED_CURRENT_AUDIT,STATIC_CANONICAL_IDENTITY_FROZEN,INCOMPLETE_CANONICAL_STATIC_IDENTITY_ONLY,NOT_ADJUDICATED_CURRENT_AUDIT,NOT_ADJUDICATED_CURRENT_AUDIT,NOT_DETERMINED_CURRENT_AUDIT,ONE_OPERATING_ORGANISATION_MULTIPLE_SITES; FEATURE_SPECIFIC_ROLE_PERMISSION_SITE_OWNERSHIP_DIRECT_OBJECT_PRIVACY_BOUNDARY_NOT_ADJUDICATED,NOT_ESTABLISHED_CURRENT_AUDIT,NOT_ESTABLISHED_CURRENT_AUDIT,routes/finance.php:495,NOT_ESTABLISHED_CURRENT_AUDIT,app/Domain/Finance/Http/Controllers/BankReconciliationController.php:14; app/Domain/Finance/Services/BankReconciliationService.php:34-629,tests/Feature/Finance/BankReconciliationAggregateTest.php:117,NOT_ESTABLISHED_CURRENT_AUDIT,"Static canonical identity only: Match, unmatch, complete, and amend bank reconciliations. Representative-role completion was not executed.",ROUTE_SOURCE_ANCHOR_ONLY_UNVALIDATED,ROUTE_SOURCE_ANCHOR_ONLY_UNVALIDATED,task-scripts/cap-fin-bank-statement-reconciliation.md,a0493442b9e392d324055c35bf25b69421dc2d35,f8cdaf81d83c71e4f5d064fdf88872b908ffaaa1,df6e1b1b357439ad1fd829bebf4e2d33d20d067d515eb945c352e2350a4194a4,f4feae2598622afe346b1163fed2bb842305a8d973a89ec890c02746d99b5999,false,false,false,false,false,"Static identity and source ownership only; no runtime, browser, executed-test, benchmark, ease, release, or completion credit."
TASK-CAP-FIN-BILL-LIFECYCLE,CAP-FIN-BILL-LIFECYCLE,Finance,NOT_ESTABLISHED_CURRENT_AUDIT,"Capture, approve, and settle supplier bills",NOT_ESTABLISHED_CURRENT_AUDIT,"Capture, approve, and settle supplier bills","NOT_ESTABLISHED_CURRENT_AUDIT; execution requires a documented representative role, approved Site/record scope where applicable, and resettable synthetic data.",SOURCE_BOUND_STATIC_IDENTITY_ONLY,NOT_EXECUTED_REPRESENTATIVE_ROLE,NOT_MEASURED,0-5; NOT_MEASURED is not 0,NOT_MEASURED,NOT_MEASURED,NOT_MEASURED,NOT_MEASURED,NOT_MEASURED,NOT_MEASURED,NOT_MEASURED,NOT_MEASURED,NOT_MEASURED,NOT_MEASURED,NOT_MEASURED,NOT_MEASURED,NOT_MEASURED,NOT_MEASURED,NOT_MEASURED,NOT_MEASURED,NOT_MEASURED,"{""discoverability"":""NOT_MEASURED"",""comprehension"":""NOT_MEASURED"",""learnability"":""NOT_MEASURED"",""efficiency"":""NOT_MEASURED"",""error_prevention"":""NOT_MEASURED"",""recovery"":""NOT_MEASURED"",""accessibility"":""NOT_MEASURED"",""safety_and_trust"":""NOT_MEASURED"",""consistency"":""NOT_MEASURED"",""cross_module_continuity"":""NOT_MEASURED""}",NOT_PERFORMED,NOT_LINKED_TO_CANONICAL_TARGET_CURRENT_AUDIT,NOT_MEASURED,NOT_MEASURED,NOT_MEASURED,NOT_MEASURED,NOT_MEASURED,NOT_MEASURED,NOT_MEASURED,NOT_MEASURED,NOT_MEASURED,NOT_MEASURED,NOT_MEASURED,H,CANONICAL_STATIC_IDENTITY_DENOMINATOR,AccountsPayableService and AP controllers,NOT_ESTABLISHED_CURRENT_AUDIT,"Capture, approve, and settle supplier bills",NOT_ADJUDICATED_CURRENT_AUDIT,NOT_SCORED_CURRENT_AUDIT,NOT_SCORED_CURRENT_AUDIT,STATIC_CANONICAL_IDENTITY_FROZEN,INCOMPLETE_CANONICAL_STATIC_IDENTITY_ONLY,NOT_ADJUDICATED_CURRENT_AUDIT,NOT_ADJUDICATED_CURRENT_AUDIT,NOT_DETERMINED_CURRENT_AUDIT,ONE_OPERATING_ORGANISATION_MULTIPLE_SITES; FEATURE_SPECIFIC_ROLE_PERMISSION_SITE_OWNERSHIP_DIRECT_OBJECT_PRIVACY_BOUNDARY_NOT_ADJUDICATED,NOT_ESTABLISHED_CURRENT_AUDIT,NOT_ESTABLISHED_CURRENT_AUDIT,NOT_ESTABLISHED_CURRENT_AUDIT,NOT_ESTABLISHED_CURRENT_AUDIT,app/Domain/Finance/Http/Controllers/BillController.php:19; app/Domain/Finance/Services/AccountsPayableService.php:116,NOT_ESTABLISHED_CURRENT_AUDIT,NOT_ESTABLISHED_CURRENT_AUDIT,"Static canonical identity only: Capture, approve, and settle supplier bills. Representative-role completion was not executed.",NOT_ESTABLISHED_CURRENT_AUDIT_NO_ROUTE_OR_PAGE_ANCHOR,NOT_ESTABLISHED_CURRENT_AUDIT_NO_ROUTE_OR_PAGE_ANCHOR,task-scripts/cap-fin-bill-lifecycle.md,a0493442b9e392d324055c35bf25b69421dc2d35,f8cdaf81d83c71e4f5d064fdf88872b908ffaaa1,df6e1b1b357439ad1fd829bebf4e2d33d20d067d515eb945c352e2350a4194a4,f4feae2598622afe346b1163fed2bb842305a8d973a89ec890c02746d99b5999,false,false,false,false,false,"Static identity and source ownership only; no runtime, browser, executed-test, benchmark, ease, release, or completion credit."
TASK-CAP-FIN-BILLING-INVOICE-LIFECYCLE,CAP-FIN-BILLING-INVOICE-LIFECYCLE,Finance,NOT_ESTABLISHED_CURRENT_AUDIT,"Create, send, pay, and cancel invoices",NOT_ESTABLISHED_CURRENT_AUDIT,"Create, send, pay, and cancel invoices","NOT_ESTABLISHED_CURRENT_AUDIT; execution requires a documented representative role, approved Site/record scope where applicable, and resettable synthetic data.",SOURCE_BOUND_STATIC_IDENTITY_ONLY,NOT_EXECUTED_REPRESENTATIVE_ROLE,NOT_MEASURED,0-5; NOT_MEASURED is not 0,NOT_MEASURED,NOT_MEASURED,NOT_MEASURED,NOT_MEASURED,NOT_MEASURED,NOT_MEASURED,NOT_MEASURED,NOT_MEASURED,NOT_MEASURED,NOT_MEASURED,NOT_MEASURED,NOT_MEASURED,NOT_MEASURED,NOT_MEASURED,NOT_MEASURED,NOT_MEASURED,NOT_MEASURED,"{""discoverability"":""NOT_MEASURED"",""comprehension"":""NOT_MEASURED"",""learnability"":""NOT_MEASURED"",""efficiency"":""NOT_MEASURED"",""error_prevention"":""NOT_MEASURED"",""recovery"":""NOT_MEASURED"",""accessibility"":""NOT_MEASURED"",""safety_and_trust"":""NOT_MEASURED"",""consistency"":""NOT_MEASURED"",""cross_module_continuity"":""NOT_MEASURED""}",NOT_PERFORMED,NOT_LINKED_TO_CANONICAL_TARGET_CURRENT_AUDIT,NOT_MEASURED,NOT_MEASURED,NOT_MEASURED,NOT_MEASURED,NOT_MEASURED,NOT_MEASURED,NOT_MEASURED,NOT_MEASURED,NOT_MEASURED,NOT_MEASURED,NOT_MEASURED,H,CANONICAL_STATIC_IDENTITY_DENOMINATOR,QuoteLifecycleService and AccountsReceivableService,NOT_ESTABLISHED_CURRENT_AUDIT,"Create, send, pay, and cancel invoices",NOT_ADJUDICATED_CURRENT_AUDIT,NOT_SCORED_CURRENT_AUDIT,NOT_SCORED_CURRENT_AUDIT,STATIC_CANONICAL_IDENTITY_FROZEN,INCOMPLETE_CANONICAL_STATIC_IDENTITY_ONLY,NOT_ADJUDICATED_CURRENT_AUDIT,NOT_ADJUDICATED_CURRENT_AUDIT,NOT_DETERMINED_CURRENT_AUDIT,ONE_OPERATING_ORGANISATION_MULTIPLE_SITES; FEATURE_SPECIFIC_ROLE_PERMISSION_SITE_OWNERSHIP_DIRECT_OBJECT_PRIVACY_BOUNDARY_NOT_ADJUDICATED,NOT_ESTABLISHED_CURRENT_AUDIT,NOT_ESTABLISHED_CURRENT_AUDIT,routes/finance.php:347-415; routes/finance.php:675,NOT_ESTABLISHED_CURRENT_AUDIT,app/Domain/Finance/Http/Controllers/InvoiceController.php:33,tests/Feature/Finance/QuoteConversionIntegrityTest.php:92,NOT_ESTABLISHED_CURRENT_AUDIT,"Static canonical identity only: Create, send, pay, and cancel invoices. Representative-role completion was not executed.",ROUTE_SOURCE_ANCHOR_ONLY_UNVALIDATED,ROUTE_SOURCE_ANCHOR_ONLY_UNVALIDATED,task-scripts/cap-fin-billing-invoice-lifecycle.md,a0493442b9e392d324055c35bf25b69421dc2d35,f8cdaf81d83c71e4f5d064fdf88872b908ffaaa1,df6e1b1b357439ad1fd829bebf4e2d33d20d067d515eb945c352e2350a4194a4,f4feae2598622afe346b1163fed2bb842305a8d973a89ec890c02746d99b5999,false,false,false,false,false,"Static identity and source ownership only; no runtime, browser, executed-test, benchmark, ease, release, or completion credit."
TASK-CAP-FIN-CASH-FLOW-FORECAST-LIFECYCLE,CAP-FIN-CASH-FLOW-FORECAST-LIFECYCLE,Finance,NOT_ESTABLISHED_CURRENT_AUDIT,Create and review cash-flow forecasts,NOT_ESTABLISHED_CURRENT_AUDIT,Create and review cash-flow forecasts,"NOT_ESTABLISHED_CURRENT_AUDIT; execution requires a documented representative role, approved Site/record scope where applicable, and resettable synthetic data.",SOURCE_BOUND_STATIC_IDENTITY_ONLY,NOT_EXECUTED_REPRESENTATIVE_ROLE,NOT_MEASURED,0-5; NOT_MEASURED is not 0,NOT_MEASURED,NOT_MEASURED,NOT_MEASURED,NOT_MEASURED,NOT_MEASURED,NOT_MEASURED,NOT_MEASURED,NOT_MEASURED,NOT_MEASURED,NOT_MEASURED,NOT_MEASURED,NOT_MEASURED,NOT_MEASURED,NOT_MEASURED,NOT_MEASURED,NOT_MEASURED,NOT_MEASURED,"{""discoverability"":""NOT_MEASURED"",""comprehension"":""NOT_MEASURED"",""learnability"":""NOT_MEASURED"",""efficiency"":""NOT_MEASURED"",""error_prevention"":""NOT_MEASURED"",""recovery"":""NOT_MEASURED"",""accessibility"":""NOT_MEASURED"",""safety_and_trust"":""NOT_MEASURED"",""consistency"":""NOT_MEASURED"",""cross_module_continuity"":""NOT_MEASURED""}",NOT_PERFORMED,NOT_LINKED_TO_CANONICAL_TARGET_CURRENT_AUDIT,NOT_MEASURED,NOT_MEASURED,NOT_MEASURED,NOT_MEASURED,NOT_MEASURED,NOT_MEASURED,NOT_MEASURED,NOT_MEASURED,NOT_MEASURED,NOT_MEASURED,NOT_MEASURED,H,CANONICAL_STATIC_IDENTITY_DENOMINATOR,"BudgetActualsService, BudgetVarianceService, and CashFlowForecastService",NOT_ESTABLISHED_CURRENT_AUDIT,Create and review cash-flow forecasts,NOT_ADJUDICATED_CURRENT_AUDIT,NOT_SCORED_CURRENT_AUDIT,NOT_SCORED_CURRENT_AUDIT,STATIC_CANONICAL_IDENTITY_FROZEN,INCOMPLETE_CANONICAL_STATIC_IDENTITY_ONLY,NOT_ADJUDICATED_CURRENT_AUDIT,NOT_ADJUDICATED_CURRENT_AUDIT,NOT_DETERMINED_CURRENT_AUDIT,ONE_OPERATING_ORGANISATION_MULTIPLE_SITES; FEATURE_SPECIFIC_ROLE_PERMISSION_SITE_OWNERSHIP_DIRECT_OBJECT_PRIVACY_BOUNDARY_NOT_ADJUDICATED,NOT_ESTABLISHED_CURRENT_AUDIT,NOT_ESTABLISHED_CURRENT_AUDIT,NOT_ESTABLISHED_CURRENT_AUDIT,NOT_ESTABLISHED_CURRENT_AUDIT,app/Domain/Finance/Http/Controllers/CashFlowForecastController.php:11; app/Domain/Finance/Services/CashFlowForecastService.php:14,NOT_ESTABLISHED_CURRENT_AUDIT,NOT_ESTABLISHED_CURRENT_AUDIT,Static canonical identity only: Create and review cash-flow forecasts. Representative-role completion was not executed.,NOT_ESTABLISHED_CURRENT_AUDIT_NO_ROUTE_OR_PAGE_ANCHOR,NOT_ESTABLISHED_CURRENT_AUDIT_NO_ROUTE_OR_PAGE_ANCHOR,task-scripts/cap-fin-cash-flow-forecast-lifecycle.md,a0493442b9e392d324055c35bf25b69421dc2d35,f8cdaf81d83c71e4f5d064fdf88872b908ffaaa1,df6e1b1b357439ad1fd829bebf4e2d33d20d067d515eb945c352e2350a4194a4,f4feae2598622afe346b1163fed2bb842305a8d973a89ec890c02746d99b5999,false,false,false,false,false,"Static identity and source ownership only; no runtime, browser, executed-test, benchmark, ease, release, or completion credit."
TASK-CAP-FIN-CASH-POSITION,CAP-FIN-CASH-POSITION,Finance,NOT_ESTABLISHED_CURRENT_AUDIT,Review live bank balances and near-term financial obligations.,NOT_ESTABLISHED_CURRENT_AUDIT,Review live bank balances and near-term financial obligations.,"NOT_ESTABLISHED_CURRENT_AUDIT; execution requires a documented representative role, approved Site/record scope where applicable, and resettable synthetic data.",SOURCE_BOUND_STATIC_IDENTITY_ONLY,NOT_EXECUTED_REPRESENTATIVE_ROLE,NOT_MEASURED,0-5; NOT_MEASURED is not 0,NOT_MEASURED,NOT_MEASURED,NOT_MEASURED,NOT_MEASURED,NOT_MEASURED,NOT_MEASURED,NOT_MEASURED,NOT_MEASURED,NOT_MEASURED,NOT_MEASURED,NOT_MEASURED,NOT_MEASURED,NOT_MEASURED,NOT_MEASURED,NOT_MEASURED,NOT_MEASURED,NOT_MEASURED,"{""discoverability"":""NOT_MEASURED"",""comprehension"":""NOT_MEASURED"",""learnability"":""NOT_MEASURED"",""efficiency"":""NOT_MEASURED"",""error_prevention"":""NOT_MEASURED"",""recovery"":""NOT_MEASURED"",""accessibility"":""NOT_MEASURED"",""safety_and_trust"":""NOT_MEASURED"",""consistency"":""NOT_MEASURED"",""cross_module_continuity"":""NOT_MEASURED""}",NOT_PERFORMED,NOT_LINKED_TO_CANONICAL_TARGET_CURRENT_AUDIT,NOT_MEASURED,NOT_MEASURED,NOT_MEASURED,NOT_MEASURED,NOT_MEASURED,NOT_MEASURED,NOT_MEASURED,NOT_MEASURED,NOT_MEASURED,NOT_MEASURED,NOT_MEASURED,H,CANONICAL_STATIC_IDENTITY_DENOMINATOR,CashPositionController,NOT_ESTABLISHED_CURRENT_AUDIT,Review live bank balances and near-term financial obligations.,NOT_ADJUDICATED_CURRENT_AUDIT,NOT_SCORED_CURRENT_AUDIT,NOT_SCORED_CURRENT_AUDIT,STATIC_CANONICAL_IDENTITY_FROZEN,INCOMPLETE_CANONICAL_STATIC_IDENTITY_ONLY,NOT_ADJUDICATED_CURRENT_AUDIT,NOT_ADJUDICATED_CURRENT_AUDIT,NOT_DETERMINED_CURRENT_AUDIT,ONE_OPERATING_ORGANISATION_MULTIPLE_SITES; FEATURE_SPECIFIC_ROLE_PERMISSION_SITE_OWNERSHIP_DIRECT_OBJECT_PRIVACY_BOUNDARY_NOT_ADJUDICATED,NOT_ESTABLISHED_CURRENT_AUDIT,NOT_ESTABLISHED_CURRENT_AUDIT,routes/finance.php:79-82,resources/js/pages/finance/cash-position/Index.tsx:1-330,app/Domain/Finance/Http/Controllers/CashPositionController.php:18-79; app/Domain/Finance/Models/FinBankAccount.php:1,tests/Feature/Finance/OverviewHubTest.php:40-57,NOT_ESTABLISHED_CURRENT_AUDIT,Static canonical identity only: Review live bank balances and near-term financial obligations.. Representative-role completion was not executed.,ROUTE_AND_PAGE_SOURCE_ANCHORS_PRESENT_UNVALIDATED,ROUTE_AND_PAGE_SOURCE_ANCHORS_PRESENT_UNVALIDATED,task-scripts/cap-fin-cash-position.md,a0493442b9e392d324055c35bf25b69421dc2d35,f8cdaf81d83c71e4f5d064fdf88872b908ffaaa1,df6e1b1b357439ad1fd829bebf4e2d33d20d067d515eb945c352e2350a4194a4,f4feae2598622afe346b1163fed2bb842305a8d973a89ec890c02746d99b5999,false,false,false,false,false,"Static identity and source ownership only; no runtime, browser, executed-test, benchmark, ease, release, or completion credit."
TASK-CAP-FIN-CHART-OF-ACCOUNTS,CAP-FIN-CHART-OF-ACCOUNTS,Finance,NOT_ESTABLISHED_CURRENT_AUDIT,Maintain ledger accounts,NOT_ESTABLISHED_CURRENT_AUDIT,Maintain ledger accounts,"NOT_ESTABLISHED_CURRENT_AUDIT; execution requires a documented representative role, approved Site/record scope where applicable, and resettable synthetic data.",SOURCE_BOUND_STATIC_IDENTITY_ONLY,NOT_EXECUTED_REPRESENTATIVE_ROLE,NOT_MEASURED,0-5; NOT_MEASURED is not 0,NOT_MEASURED,NOT_MEASURED,NOT_MEASURED,NOT_MEASURED,NOT_MEASURED,NOT_MEASURED,NOT_MEASURED,NOT_MEASURED,NOT_MEASURED,NOT_MEASURED,NOT_MEASURED,NOT_MEASURED,NOT_MEASURED,NOT_MEASURED,NOT_MEASURED,NOT_MEASURED,NOT_MEASURED,"{""discoverability"":""NOT_MEASURED"",""comprehension"":""NOT_MEASURED"",""learnability"":""NOT_MEASURED"",""efficiency"":""NOT_MEASURED"",""error_prevention"":""NOT_MEASURED"",""recovery"":""NOT_MEASURED"",""accessibility"":""NOT_MEASURED"",""safety_and_trust"":""NOT_MEASURED"",""consistency"":""NOT_MEASURED"",""cross_module_continuity"":""NOT_MEASURED""}",NOT_PERFORMED,NOT_LINKED_TO_CANONICAL_TARGET_CURRENT_AUDIT,NOT_MEASURED,NOT_MEASURED,NOT_MEASURED,NOT_MEASURED,NOT_MEASURED,NOT_MEASURED,NOT_MEASURED,NOT_MEASURED,NOT_MEASURED,NOT_MEASURED,NOT_MEASURED,H,CANONICAL_STATIC_IDENTITY_DENOMINATOR,ChartOfAccountsService and ledger administration controllers,NOT_ESTABLISHED_CURRENT_AUDIT,Maintain ledger accounts,NOT_ADJUDICATED_CURRENT_AUDIT,NOT_SCORED_CURRENT_AUDIT,NOT_SCORED_CURRENT_AUDIT,STATIC_CANONICAL_IDENTITY_FROZEN,INCOMPLETE_CANONICAL_STATIC_IDENTITY_ONLY,NOT_ADJUDICATED_CURRENT_AUDIT,NOT_ADJUDICATED_CURRENT_AUDIT,NOT_DETERMINED_CURRENT_AUDIT,ONE_OPERATING_ORGANISATION_MULTIPLE_SITES; FEATURE_SPECIFIC_ROLE_PERMISSION_SITE_OWNERSHIP_DIRECT_OBJECT_PRIVACY_BOUNDARY_NOT_ADJUDICATED,NOT_ESTABLISHED_CURRENT_AUDIT,NOT_ESTABLISHED_CURRENT_AUDIT,routes/finance.php:134-205,NOT_ESTABLISHED_CURRENT_AUDIT,app/Domain/Finance/Services/ChartOfAccountsService.php:9,tests/Feature/Finance/FinanceChartVerificationTest.php:1,NOT_ESTABLISHED_CURRENT_AUDIT,Static canonical identity only: Maintain ledger accounts. Representative-role completion was not executed.,ROUTE_SOURCE_ANCHOR_ONLY_UNVALIDATED,ROUTE_SOURCE_ANCHOR_ONLY_UNVALIDATED,task-scripts/cap-fin-chart-of-accounts.md,a0493442b9e392d324055c35bf25b69421dc2d35,f8cdaf81d83c71e4f5d064fdf88872b908ffaaa1,df6e1b1b357439ad1fd829bebf4e2d33d20d067d515eb945c352e2350a4194a4,f4feae2598622afe346b1163fed2bb842305a8d973a89ec890c02746d99b5999,false,false,false,false,false,"Static identity and source ownership only; no runtime, browser, executed-test, benchmark, ease, release, or completion credit."
TASK-CAP-FIN-CLIENT-FINANCIAL-SUMMARY,CAP-FIN-CLIENT-FINANCIAL-SUMMARY,Finance,NOT_ESTABLISHED_CURRENT_AUDIT,"Review the scoped costs, funding, invoices, and ledger summary for one Client.",NOT_ESTABLISHED_CURRENT_AUDIT,"Review the scoped costs, funding, invoices, and ledger summary for one Client.","NOT_ESTABLISHED_CURRENT_AUDIT; execution requires a documented representative role, approved Site/record scope where applicable, and resettable synthetic data.",SOURCE_BOUND_STATIC_IDENTITY_ONLY,NOT_EXECUTED_REPRESENTATIVE_ROLE,NOT_MEASURED,0-5; NOT_MEASURED is not 0,NOT_MEASURED,NOT_MEASURED,NOT_MEASURED,NOT_MEASURED,NOT_MEASURED,NOT_MEASURED,NOT_MEASURED,NOT_MEASURED,NOT_MEASURED,NOT_MEASURED,NOT_MEASURED,NOT_MEASURED,NOT_MEASURED,NOT_MEASURED,NOT_MEASURED,NOT_MEASURED,NOT_MEASURED,"{""discoverability"":""NOT_MEASURED"",""comprehension"":""NOT_MEASURED"",""learnability"":""NOT_MEASURED"",""efficiency"":""NOT_MEASURED"",""error_prevention"":""NOT_MEASURED"",""recovery"":""NOT_MEASURED"",""accessibility"":""NOT_MEASURED"",""safety_and_trust"":""NOT_MEASURED"",""consistency"":""NOT_MEASURED"",""cross_module_continuity"":""NOT_MEASURED""}",NOT_PERFORMED,NOT_LINKED_TO_CANONICAL_TARGET_CURRENT_AUDIT,NOT_MEASURED,NOT_MEASURED,NOT_MEASURED,NOT_MEASURED,NOT_MEASURED,NOT_MEASURED,NOT_MEASURED,NOT_MEASURED,NOT_MEASURED,NOT_MEASURED,NOT_MEASURED,H,CANONICAL_STATIC_IDENTITY_DENOMINATOR,ClientFinancialsController and ClientFinancialSummaryService,NOT_ESTABLISHED_CURRENT_AUDIT,"Review the scoped costs, funding, invoices, and ledger summary for one Client.",NOT_ADJUDICATED_CURRENT_AUDIT,NOT_SCORED_CURRENT_AUDIT,NOT_SCORED_CURRENT_AUDIT,STATIC_CANONICAL_IDENTITY_FROZEN,INCOMPLETE_CANONICAL_STATIC_IDENTITY_ONLY,NOT_ADJUDICATED_CURRENT_AUDIT,NOT_ADJUDICATED_CURRENT_AUDIT,NOT_DETERMINED_CURRENT_AUDIT,ONE_OPERATING_ORGANISATION_MULTIPLE_SITES; FEATURE_SPECIFIC_ROLE_PERMISSION_SITE_OWNERSHIP_DIRECT_OBJECT_PRIVACY_BOUNDARY_NOT_ADJUDICATED,NOT_ESTABLISHED_CURRENT_AUDIT,NOT_ESTABLISHED_CURRENT_AUDIT,routes/finance.php:104-108,resources/js/pages/clients/Financials.tsx:1-452,app/Domain/Finance/Http/Controllers/ClientFinancialsController.php:14-45; app/Domain/Finance/Services/ClientFinancialSummaryService.php:15-211,tests/Feature/Finance/FinancialInsightsObjectScopeTest.php:256-292,NOT_ESTABLISHED_CURRENT_AUDIT,"Static canonical identity only: Review the scoped costs, funding, invoices, and ledger summary for one Client.. Representative-role completion was not executed.",ROUTE_AND_PAGE_SOURCE_ANCHORS_PRESENT_UNVALIDATED,ROUTE_AND_PAGE_SOURCE_ANCHORS_PRESENT_UNVALIDATED,task-scripts/cap-fin-client-financial-summary.md,a0493442b9e392d324055c35bf25b69421dc2d35,f8cdaf81d83c71e4f5d064fdf88872b908ffaaa1,df6e1b1b357439ad1fd829bebf4e2d33d20d067d515eb945c352e2350a4194a4,f4feae2598622afe346b1163fed2bb842305a8d973a89ec890c02746d99b5999,false,false,false,false,false,"Static identity and source ownership only; no runtime, browser, executed-test, benchmark, ease, release, or completion credit."
TASK-CAP-FIN-CLIENT-FUND-LIFECYCLE,CAP-FIN-CLIENT-FUND-LIFECYCLE,Finance,NOT_ESTABLISHED_CURRENT_AUDIT,Govern Client-fund transactions and approvals,NOT_ESTABLISHED_CURRENT_AUDIT,Govern Client-fund transactions and approvals,"NOT_ESTABLISHED_CURRENT_AUDIT; execution requires a documented representative role, approved Site/record scope where applicable, and resettable synthetic data.",SOURCE_BOUND_STATIC_IDENTITY_ONLY,NOT_EXECUTED_REPRESENTATIVE_ROLE,NOT_MEASURED,0-5; NOT_MEASURED is not 0,NOT_MEASURED,NOT_MEASURED,NOT_MEASURED,NOT_MEASURED,NOT_MEASURED,NOT_MEASURED,NOT_MEASURED,NOT_MEASURED,NOT_MEASURED,NOT_MEASURED,NOT_MEASURED,NOT_MEASURED,NOT_MEASURED,NOT_MEASURED,NOT_MEASURED,NOT_MEASURED,NOT_MEASURED,"{""discoverability"":""NOT_MEASURED"",""comprehension"":""NOT_MEASURED"",""learnability"":""NOT_MEASURED"",""efficiency"":""NOT_MEASURED"",""error_prevention"":""NOT_MEASURED"",""recovery"":""NOT_MEASURED"",""accessibility"":""NOT_MEASURED"",""safety_and_trust"":""NOT_MEASURED"",""consistency"":""NOT_MEASURED"",""cross_module_continuity"":""NOT_MEASURED""}",NOT_PERFORMED,NOT_LINKED_TO_CANONICAL_TARGET_CURRENT_AUDIT,NOT_MEASURED,NOT_MEASURED,NOT_MEASURED,NOT_MEASURED,NOT_MEASURED,NOT_MEASURED,NOT_MEASURED,NOT_MEASURED,NOT_MEASURED,NOT_MEASURED,NOT_MEASURED,H,CANONICAL_STATIC_IDENTITY_DENOMINATOR,"ClientFundTransactionService, PettyCashService, and DonorFundService",NOT_ESTABLISHED_CURRENT_AUDIT,Govern Client-fund transactions and approvals,NOT_ADJUDICATED_CURRENT_AUDIT,NOT_SCORED_CURRENT_AUDIT,NOT_SCORED_CURRENT_AUDIT,STATIC_CANONICAL_IDENTITY_FROZEN,INCOMPLETE_CANONICAL_STATIC_IDENTITY_ONLY,NOT_ADJUDICATED_CURRENT_AUDIT,NOT_ADJUDICATED_CURRENT_AUDIT,NOT_DETERMINED_CURRENT_AUDIT,ONE_OPERATING_ORGANISATION_MULTIPLE_SITES; FEATURE_SPECIFIC_ROLE_PERMISSION_SITE_OWNERSHIP_DIRECT_OBJECT_PRIVACY_BOUNDARY_NOT_ADJUDICATED,NOT_ESTABLISHED_CURRENT_AUDIT,NOT_ESTABLISHED_CURRENT_AUDIT,NOT_ESTABLISHED_CURRENT_AUDIT,NOT_ESTABLISHED_CURRENT_AUDIT,app/Domain/Finance/Services/ClientFundTransactionService.php:144-304; app/Domain/Finance/Services/ClientFundTransactionService.php:16,tests/Feature/Finance/ClientFundGovernanceTest.php:100,NOT_ESTABLISHED_CURRENT_AUDIT,Static canonical identity only: Govern Client-fund transactions and approvals. Representative-role completion was not executed.,NOT_ESTABLISHED_CURRENT_AUDIT_NO_ROUTE_OR_PAGE_ANCHOR,NOT_ESTABLISHED_CURRENT_AUDIT_NO_ROUTE_OR_PAGE_ANCHOR,task-scripts/cap-fin-client-fund-lifecycle.md,a0493442b9e392d324055c35bf25b69421dc2d35,f8cdaf81d83c71e4f5d064fdf88872b908ffaaa1,df6e1b1b357439ad1fd829bebf4e2d33d20d067d515eb945c352e2350a4194a4,f4feae2598622afe346b1163fed2bb842305a8d973a89ec890c02746d99b5999,false,false,false,false,false,"Static identity and source ownership only; no runtime, browser, executed-test, benchmark, ease, release, or completion credit."
TASK-CAP-FIN-COST-CENTRE-ADMIN,CAP-FIN-COST-CENTRE-ADMIN,Finance,NOT_ESTABLISHED_CURRENT_AUDIT,Maintain cost centres,NOT_ESTABLISHED_CURRENT_AUDIT,Maintain cost centres,"NOT_ESTABLISHED_CURRENT_AUDIT; execution requires a documented representative role, approved Site/record scope where applicable, and resettable synthetic data.",SOURCE_BOUND_STATIC_IDENTITY_ONLY,NOT_EXECUTED_REPRESENTATIVE_ROLE,NOT_MEASURED,0-5; NOT_MEASURED is not 0,NOT_MEASURED,NOT_MEASURED,NOT_MEASURED,NOT_MEASURED,NOT_MEASURED,NOT_MEASURED,NOT_MEASURED,NOT_MEASURED,NOT_MEASURED,NOT_MEASURED,NOT_MEASURED,NOT_MEASURED,NOT_MEASURED,NOT_MEASURED,NOT_MEASURED,NOT_MEASURED,NOT_MEASURED,"{""discoverability"":""NOT_MEASURED"",""comprehension"":""NOT_MEASURED"",""learnability"":""NOT_MEASURED"",""efficiency"":""NOT_MEASURED"",""error_prevention"":""NOT_MEASURED"",""recovery"":""NOT_MEASURED"",""accessibility"":""NOT_MEASURED"",""safety_and_trust"":""NOT_MEASURED"",""consistency"":""NOT_MEASURED"",""cross_module_continuity"":""NOT_MEASURED""}",NOT_PERFORMED,NOT_LINKED_TO_CANONICAL_TARGET_CURRENT_AUDIT,NOT_MEASURED,NOT_MEASURED,NOT_MEASURED,NOT_MEASURED,NOT_MEASURED,NOT_MEASURED,NOT_MEASURED,NOT_MEASURED,NOT_MEASURED,NOT_MEASURED,NOT_MEASURED,H,CANONICAL_STATIC_IDENTITY_DENOMINATOR,ChartOfAccountsService and ledger administration controllers,NOT_ESTABLISHED_CURRENT_AUDIT,Maintain cost centres,NOT_ADJUDICATED_CURRENT_AUDIT,NOT_SCORED_CURRENT_AUDIT,NOT_SCORED_CURRENT_AUDIT,STATIC_CANONICAL_IDENTITY_FROZEN,INCOMPLETE_CANONICAL_STATIC_IDENTITY_ONLY,NOT_ADJUDICATED_CURRENT_AUDIT,NOT_ADJUDICATED_CURRENT_AUDIT,NOT_DETERMINED_CURRENT_AUDIT,ONE_OPERATING_ORGANISATION_MULTIPLE_SITES; FEATURE_SPECIFIC_ROLE_PERMISSION_SITE_OWNERSHIP_DIRECT_OBJECT_PRIVACY_BOUNDARY_NOT_ADJUDICATED,NOT_ESTABLISHED_CURRENT_AUDIT,NOT_ESTABLISHED_CURRENT_AUDIT,routes/finance.php:189,NOT_ESTABLISHED_CURRENT_AUDIT,app/Domain/Finance/Http/Controllers/CostCentreController.php:10,NOT_ESTABLISHED_CURRENT_AUDIT,NOT_ESTABLISHED_CURRENT_AUDIT,Static canonical identity only: Maintain cost centres. Representative-role completion was not executed.,ROUTE_SOURCE_ANCHOR_ONLY_UNVALIDATED,ROUTE_SOURCE_ANCHOR_ONLY_UNVALIDATED,task-scripts/cap-fin-cost-centre-admin.md,a0493442b9e392d324055c35bf25b69421dc2d35,f8cdaf81d83c71e4f5d064fdf88872b908ffaaa1,df6e1b1b357439ad1fd829bebf4e2d33d20d067d515eb945c352e2350a4194a4,f4feae2598622afe346b1163fed2bb842305a8d973a89ec890c02746d99b5999,false,false,false,false,false,"Static identity and source ownership only; no runtime, browser, executed-test, benchmark, ease, release, or completion credit."
TASK-CAP-FIN-CREDIT-NOTE-LIFECYCLE,CAP-FIN-CREDIT-NOTE-LIFECYCLE,Finance,NOT_ESTABLISHED_CURRENT_AUDIT,Create and approve supplier credit notes,NOT_ESTABLISHED_CURRENT_AUDIT,Create and approve supplier credit notes,"NOT_ESTABLISHED_CURRENT_AUDIT; execution requires a documented representative role, approved Site/record scope where applicable, and resettable synthetic data.",SOURCE_BOUND_STATIC_IDENTITY_ONLY,NOT_EXECUTED_REPRESENTATIVE_ROLE,NOT_MEASURED,0-5; NOT_MEASURED is not 0,NOT_MEASURED,NOT_MEASURED,NOT_MEASURED,NOT_MEASURED,NOT_MEASURED,NOT_MEASURED,NOT_MEASURED,NOT_MEASURED,NOT_MEASURED,NOT_MEASURED,NOT_MEASURED,NOT_MEASURED,NOT_MEASURED,NOT_MEASURED,NOT_MEASURED,NOT_MEASURED,NOT_MEASURED,"{""discoverability"":""NOT_MEASURED"",""comprehension"":""NOT_MEASURED"",""learnability"":""NOT_MEASURED"",""efficiency"":""NOT_MEASURED"",""error_prevention"":""NOT_MEASURED"",""recovery"":""NOT_MEASURED"",""accessibility"":""NOT_MEASURED"",""safety_and_trust"":""NOT_MEASURED"",""consistency"":""NOT_MEASURED"",""cross_module_continuity"":""NOT_MEASURED""}",NOT_PERFORMED,NOT_LINKED_TO_CANONICAL_TARGET_CURRENT_AUDIT,NOT_MEASURED,NOT_MEASURED,NOT_MEASURED,NOT_MEASURED,NOT_MEASURED,NOT_MEASURED,NOT_MEASURED,NOT_MEASURED,NOT_MEASURED,NOT_MEASURED,NOT_MEASURED,H,CANONICAL_STATIC_IDENTITY_DENOMINATOR,AccountsPayableService and AP controllers,NOT_ESTABLISHED_CURRENT_AUDIT,Create and approve supplier credit notes,NOT_ADJUDICATED_CURRENT_AUDIT,NOT_SCORED_CURRENT_AUDIT,NOT_SCORED_CURRENT_AUDIT,STATIC_CANONICAL_IDENTITY_FROZEN,INCOMPLETE_CANONICAL_STATIC_IDENTITY_ONLY,NOT_ADJUDICATED_CURRENT_AUDIT,NOT_ADJUDICATED_CURRENT_AUDIT,NOT_DETERMINED_CURRENT_AUDIT,ONE_OPERATING_ORGANISATION_MULTIPLE_SITES; FEATURE_SPECIFIC_ROLE_PERMISSION_SITE_OWNERSHIP_DIRECT_OBJECT_PRIVACY_BOUNDARY_NOT_ADJUDICATED,NOT_ESTABLISHED_CURRENT_AUDIT,NOT_ESTABLISHED_CURRENT_AUDIT,NOT_ESTABLISHED_CURRENT_AUDIT,NOT_ESTABLISHED_CURRENT_AUDIT,app/Domain/Finance/Http/Controllers/CreditNoteController.php:17; app/Domain/Finance/Services/AccountsPayableService.php:731,NOT_ESTABLISHED_CURRENT_AUDIT,NOT_ESTABLISHED_CURRENT_AUDIT,Static canonical identity only: Create and approve supplier credit notes. Representative-role completion was not executed.,NOT_ESTABLISHED_CURRENT_AUDIT_NO_ROUTE_OR_PAGE_ANCHOR,NOT_ESTABLISHED_CURRENT_AUDIT_NO_ROUTE_OR_PAGE_ANCHOR,task-scripts/cap-fin-credit-note-lifecycle.md,a0493442b9e392d324055c35bf25b69421dc2d35,f8cdaf81d83c71e4f5d064fdf88872b908ffaaa1,df6e1b1b357439ad1fd829bebf4e2d33d20d067d515eb945c352e2350a4194a4,f4feae2598622afe346b1163fed2bb842305a8d973a89ec890c02746d99b5999,false,false,false,false,false,"Static identity and source ownership only; no runtime, browser, executed-test, benchmark, ease, release, or completion credit."
TASK-CAP-FIN-CURRENCY-ADMIN,CAP-FIN-CURRENCY-ADMIN,Finance,NOT_ESTABLISHED_CURRENT_AUDIT,Maintain supported currencies,NOT_ESTABLISHED_CURRENT_AUDIT,Maintain supported currencies,"NOT_ESTABLISHED_CURRENT_AUDIT; execution requires a documented representative role, approved Site/record scope where applicable, and resettable synthetic data.",SOURCE_BOUND_STATIC_IDENTITY_ONLY,NOT_EXECUTED_REPRESENTATIVE_ROLE,NOT_MEASURED,0-5; NOT_MEASURED is not 0,NOT_MEASURED,NOT_MEASURED,NOT_MEASURED,NOT_MEASURED,NOT_MEASURED,NOT_MEASURED,NOT_MEASURED,NOT_MEASURED,NOT_MEASURED,NOT_MEASURED,NOT_MEASURED,NOT_MEASURED,NOT_MEASURED,NOT_MEASURED,NOT_MEASURED,NOT_MEASURED,NOT_MEASURED,"{""discoverability"":""NOT_MEASURED"",""comprehension"":""NOT_MEASURED"",""learnability"":""NOT_MEASURED"",""efficiency"":""NOT_MEASURED"",""error_prevention"":""NOT_MEASURED"",""recovery"":""NOT_MEASURED"",""accessibility"":""NOT_MEASURED"",""safety_and_trust"":""NOT_MEASURED"",""consistency"":""NOT_MEASURED"",""cross_module_continuity"":""NOT_MEASURED""}",NOT_PERFORMED,NOT_LINKED_TO_CANONICAL_TARGET_CURRENT_AUDIT,NOT_MEASURED,NOT_MEASURED,NOT_MEASURED,NOT_MEASURED,NOT_MEASURED,NOT_MEASURED,NOT_MEASURED,NOT_MEASURED,NOT_MEASURED,NOT_MEASURED,NOT_MEASURED,H,CANONICAL_STATIC_IDENTITY_DENOMINATOR,ChartOfAccountsService and ledger administration controllers,NOT_ESTABLISHED_CURRENT_AUDIT,Maintain supported currencies,NOT_ADJUDICATED_CURRENT_AUDIT,NOT_SCORED_CURRENT_AUDIT,NOT_SCORED_CURRENT_AUDIT,STATIC_CANONICAL_IDENTITY_FROZEN,INCOMPLETE_CANONICAL_STATIC_IDENTITY_ONLY,NOT_ADJUDICATED_CURRENT_AUDIT,NOT_ADJUDICATED_CURRENT_AUDIT,NOT_DETERMINED_CURRENT_AUDIT,ONE_OPERATING_ORGANISATION_MULTIPLE_SITES; FEATURE_SPECIFIC_ROLE_PERMISSION_SITE_OWNERSHIP_DIRECT_OBJECT_PRIVACY_BOUNDARY_NOT_ADJUDICATED,NOT_ESTABLISHED_CURRENT_AUDIT,NOT_ESTABLISHED_CURRENT_AUDIT,routes/finance.php:205,NOT_ESTABLISHED_CURRENT_AUDIT,app/Domain/Finance/Http/Controllers/CurrencyController.php:10,NOT_ESTABLISHED_CURRENT_AUDIT,NOT_ESTABLISHED_CURRENT_AUDIT,Static canonical identity only: Maintain supported currencies. Representative-role completion was not executed.,ROUTE_SOURCE_ANCHOR_ONLY_UNVALIDATED,ROUTE_SOURCE_ANCHOR_ONLY_UNVALIDATED,task-scripts/cap-fin-currency-admin.md,a0493442b9e392d324055c35bf25b69421dc2d35,f8cdaf81d83c71e4f5d064fdf88872b908ffaaa1,df6e1b1b357439ad1fd829bebf4e2d33d20d067d515eb945c352e2350a4194a4,f4feae2598622afe346b1163fed2bb842305a8d973a89ec890c02746d99b5999,false,false,false,false,false,"Static identity and source ownership only; no runtime, browser, executed-test, benchmark, ease, release, or completion credit."
TASK-CAP-FIN-DONOR-FUND-LIFECYCLE,CAP-FIN-DONOR-FUND-LIFECYCLE,Finance,NOT_ESTABLISHED_CURRENT_AUDIT,Maintain restricted donor funds and transactions,NOT_ESTABLISHED_CURRENT_AUDIT,Maintain restricted donor funds and transactions,"NOT_ESTABLISHED_CURRENT_AUDIT; execution requires a documented representative role, approved Site/record scope where applicable, and resettable synthetic data.",SOURCE_BOUND_STATIC_IDENTITY_ONLY,NOT_EXECUTED_REPRESENTATIVE_ROLE,NOT_MEASURED,0-5; NOT_MEASURED is not 0,NOT_MEASURED,NOT_MEASURED,NOT_MEASURED,NOT_MEASURED,NOT_MEASURED,NOT_MEASURED,NOT_MEASURED,NOT_MEASURED,NOT_MEASURED,NOT_MEASURED,NOT_MEASURED,NOT_MEASURED,NOT_MEASURED,NOT_MEASURED,NOT_MEASURED,NOT_MEASURED,NOT_MEASURED,"{""discoverability"":""NOT_MEASURED"",""comprehension"":""NOT_MEASURED"",""learnability"":""NOT_MEASURED"",""efficiency"":""NOT_MEASURED"",""error_prevention"":""NOT_MEASURED"",""recovery"":""NOT_MEASURED"",""accessibility"":""NOT_MEASURED"",""safety_and_trust"":""NOT_MEASURED"",""consistency"":""NOT_MEASURED"",""cross_module_continuity"":""NOT_MEASURED""}",NOT_PERFORMED,NOT_LINKED_TO_CANONICAL_TARGET_CURRENT_AUDIT,NOT_MEASURED,NOT_MEASURED,NOT_MEASURED,NOT_MEASURED,NOT_MEASURED,NOT_MEASURED,NOT_MEASURED,NOT_MEASURED,NOT_MEASURED,NOT_MEASURED,NOT_MEASURED,H,CANONICAL_STATIC_IDENTITY_DENOMINATOR,"ClientFundTransactionService, PettyCashService, and DonorFundService",NOT_ESTABLISHED_CURRENT_AUDIT,Maintain restricted donor funds and transactions,NOT_ADJUDICATED_CURRENT_AUDIT,NOT_SCORED_CURRENT_AUDIT,NOT_SCORED_CURRENT_AUDIT,STATIC_CANONICAL_IDENTITY_FROZEN,INCOMPLETE_CANONICAL_STATIC_IDENTITY_ONLY,NOT_ADJUDICATED_CURRENT_AUDIT,NOT_ADJUDICATED_CURRENT_AUDIT,NOT_DETERMINED_CURRENT_AUDIT,ONE_OPERATING_ORGANISATION_MULTIPLE_SITES; FEATURE_SPECIFIC_ROLE_PERMISSION_SITE_OWNERSHIP_DIRECT_OBJECT_PRIVACY_BOUNDARY_NOT_ADJUDICATED,NOT_ESTABLISHED_CURRENT_AUDIT,NOT_ESTABLISHED_CURRENT_AUDIT,NOT_ESTABLISHED_CURRENT_AUDIT,NOT_ESTABLISHED_CURRENT_AUDIT,app/Domain/Finance/Http/Controllers/DonorFundController.php:24; app/Domain/Finance/Services/ClientFundTransactionService.php:144-304; app/Domain/Finance/Services/DonorFundService.php:23,tests/Feature/Finance/ClientFundGovernanceTest.php:100,NOT_ESTABLISHED_CURRENT_AUDIT,Static canonical identity only: Maintain restricted donor funds and transactions. Representative-role completion was not executed.,NOT_ESTABLISHED_CURRENT_AUDIT_NO_ROUTE_OR_PAGE_ANCHOR,NOT_ESTABLISHED_CURRENT_AUDIT_NO_ROUTE_OR_PAGE_ANCHOR,task-scripts/cap-fin-donor-fund-lifecycle.md,a0493442b9e392d324055c35bf25b69421dc2d35,f8cdaf81d83c71e4f5d064fdf88872b908ffaaa1,df6e1b1b357439ad1fd829bebf4e2d33d20d067d515eb945c352e2350a4194a4,f4feae2598622afe346b1163fed2bb842305a8d973a89ec890c02746d99b5999,false,false,false,false,false,"Static identity and source ownership only; no runtime, browser, executed-test, benchmark, ease, release, or completion credit."
TASK-CAP-FIN-EFTPOS-BATCH-RECONCILIATION,CAP-FIN-EFTPOS-BATCH-RECONCILIATION,Finance,NOT_ESTABLISHED_CURRENT_AUDIT,Import and reconcile EFTPOS batches,NOT_ESTABLISHED_CURRENT_AUDIT,Import and reconcile EFTPOS batches,"NOT_ESTABLISHED_CURRENT_AUDIT; execution requires a documented representative role, approved Site/record scope where applicable, and resettable synthetic data.",SOURCE_BOUND_STATIC_IDENTITY_ONLY,NOT_EXECUTED_REPRESENTATIVE_ROLE,NOT_MEASURED,0-5; NOT_MEASURED is not 0,NOT_MEASURED,NOT_MEASURED,NOT_MEASURED,NOT_MEASURED,NOT_MEASURED,NOT_MEASURED,NOT_MEASURED,NOT_MEASURED,NOT_MEASURED,NOT_MEASURED,NOT_MEASURED,NOT_MEASURED,NOT_MEASURED,NOT_MEASURED,NOT_MEASURED,NOT_MEASURED,NOT_MEASURED,"{""discoverability"":""NOT_MEASURED"",""comprehension"":""NOT_MEASURED"",""learnability"":""NOT_MEASURED"",""efficiency"":""NOT_MEASURED"",""error_prevention"":""NOT_MEASURED"",""recovery"":""NOT_MEASURED"",""accessibility"":""NOT_MEASURED"",""safety_and_trust"":""NOT_MEASURED"",""consistency"":""NOT_MEASURED"",""cross_module_continuity"":""NOT_MEASURED""}",NOT_PERFORMED,NOT_LINKED_TO_CANONICAL_TARGET_CURRENT_AUDIT,NOT_MEASURED,NOT_MEASURED,NOT_MEASURED,NOT_MEASURED,NOT_MEASURED,NOT_MEASURED,NOT_MEASURED,NOT_MEASURED,NOT_MEASURED,NOT_MEASURED,NOT_MEASURED,H,CANONICAL_STATIC_IDENTITY_DENOMINATOR,"BankReconciliationService, BankFeedService, and EftposReconciliationService",NOT_ESTABLISHED_CURRENT_AUDIT,Import and reconcile EFTPOS batches,NOT_ADJUDICATED_CURRENT_AUDIT,NOT_SCORED_CURRENT_AUDIT,NOT_SCORED_CURRENT_AUDIT,STATIC_CANONICAL_IDENTITY_FROZEN,INCOMPLETE_CANONICAL_STATIC_IDENTITY_ONLY,NOT_ADJUDICATED_CURRENT_AUDIT,NOT_ADJUDICATED_CURRENT_AUDIT,NOT_DETERMINED_CURRENT_AUDIT,ONE_OPERATING_ORGANISATION_MULTIPLE_SITES; FEATURE_SPECIFIC_ROLE_PERMISSION_SITE_OWNERSHIP_DIRECT_OBJECT_PRIVACY_BOUNDARY_NOT_ADJUDICATED,NOT_ESTABLISHED_CURRENT_AUDIT,NOT_ESTABLISHED_CURRENT_AUDIT,NOT_ESTABLISHED_CURRENT_AUDIT,NOT_ESTABLISHED_CURRENT_AUDIT,app/Domain/Finance/Http/Controllers/EftposController.php:15; app/Domain/Finance/Services/EftposReconciliationService.php:17,NOT_ESTABLISHED_CURRENT_AUDIT,NOT_ESTABLISHED_CURRENT_AUDIT,Static canonical identity only: Import and reconcile EFTPOS batches. Representative-role completion was not executed.,NOT_ESTABLISHED_CURRENT_AUDIT_NO_ROUTE_OR_PAGE_ANCHOR,NOT_ESTABLISHED_CURRENT_AUDIT_NO_ROUTE_OR_PAGE_ANCHOR,task-scripts/cap-fin-eftpos-batch-reconciliation.md,a0493442b9e392d324055c35bf25b69421dc2d35,f8cdaf81d83c71e4f5d064fdf88872b908ffaaa1,df6e1b1b357439ad1fd829bebf4e2d33d20d067d515eb945c352e2350a4194a4,f4feae2598622afe346b1163fed2bb842305a8d973a89ec890c02746d99b5999,false,false,false,false,false,"Static identity and source ownership only; no runtime, browser, executed-test, benchmark, ease, release, or completion credit."
TASK-CAP-FIN-EXECUTIVE-INSIGHTS,CAP-FIN-EXECUTIVE-INSIGHTS,Finance,NOT_ESTABLISHED_CURRENT_AUDIT,"Review scoped executive KPIs, insights, and Site summaries.",NOT_ESTABLISHED_CURRENT_AUDIT,"Review scoped executive KPIs, insights, and Site summaries.","NOT_ESTABLISHED_CURRENT_AUDIT; execution requires a documented representative role, approved Site/record scope where applicable, and resettable synthetic data.",SOURCE_BOUND_STATIC_IDENTITY_ONLY,NOT_EXECUTED_REPRESENTATIVE_ROLE,NOT_MEASURED,0-5; NOT_MEASURED is not 0,NOT_MEASURED,NOT_MEASURED,NOT_MEASURED,NOT_MEASURED,NOT_MEASURED,NOT_MEASURED,NOT_MEASURED,NOT_MEASURED,NOT_MEASURED,NOT_MEASURED,NOT_MEASURED,NOT_MEASURED,NOT_MEASURED,NOT_MEASURED,NOT_MEASURED,NOT_MEASURED,NOT_MEASURED,"{""discoverability"":""NOT_MEASURED"",""comprehension"":""NOT_MEASURED"",""learnability"":""NOT_MEASURED"",""efficiency"":""NOT_MEASURED"",""error_prevention"":""NOT_MEASURED"",""recovery"":""NOT_MEASURED"",""accessibility"":""NOT_MEASURED"",""safety_and_trust"":""NOT_MEASURED"",""consistency"":""NOT_MEASURED"",""cross_module_continuity"":""NOT_MEASURED""}",NOT_PERFORMED,NOT_LINKED_TO_CANONICAL_TARGET_CURRENT_AUDIT,NOT_MEASURED,NOT_MEASURED,NOT_MEASURED,NOT_MEASURED,NOT_MEASURED,NOT_MEASURED,NOT_MEASURED,NOT_MEASURED,NOT_MEASURED,NOT_MEASURED,NOT_MEASURED,H,CANONICAL_STATIC_IDENTITY_DENOMINATOR,ExecutiveFinancialDashboardController and FinancialInsightsScopeResolver,NOT_ESTABLISHED_CURRENT_AUDIT,"Review scoped executive KPIs, insights, and Site summaries.",NOT_ADJUDICATED_CURRENT_AUDIT,NOT_SCORED_CURRENT_AUDIT,NOT_SCORED_CURRENT_AUDIT,STATIC_CANONICAL_IDENTITY_FROZEN,INCOMPLETE_CANONICAL_STATIC_IDENTITY_ONLY,NOT_ADJUDICATED_CURRENT_AUDIT,NOT_ADJUDICATED_CURRENT_AUDIT,NOT_DETERMINED_CURRENT_AUDIT,ONE_OPERATING_ORGANISATION_MULTIPLE_SITES; FEATURE_SPECIFIC_ROLE_PERMISSION_SITE_OWNERSHIP_DIRECT_OBJECT_PRIVACY_BOUNDARY_NOT_ADJUDICATED,NOT_ESTABLISHED_CURRENT_AUDIT,NOT_ESTABLISHED_CURRENT_AUDIT,routes/finance.php:74-77,resources/js/pages/finance/executive-dashboard/Index.tsx:1-343,app/Domain/Finance/Http/Controllers/ExecutiveFinancialDashboardController.php:14-44; app/Domain/Finance/Services/FinancialInsightsScopeResolver.php:25-128,tests/Architecture/FinancialInsightsObjectScopeBoundaryTest.php:1-145,NOT_ESTABLISHED_CURRENT_AUDIT,"Static canonical identity only: Review scoped executive KPIs, insights, and Site summaries.. Representative-role completion was not executed.",ROUTE_AND_PAGE_SOURCE_ANCHORS_PRESENT_UNVALIDATED,ROUTE_AND_PAGE_SOURCE_ANCHORS_PRESENT_UNVALIDATED,task-scripts/cap-fin-executive-insights.md,a0493442b9e392d324055c35bf25b69421dc2d35,f8cdaf81d83c71e4f5d064fdf88872b908ffaaa1,df6e1b1b357439ad1fd829bebf4e2d33d20d067d515eb945c352e2350a4194a4,f4feae2598622afe346b1163fed2bb842305a8d973a89ec890c02746d99b5999,false,false,false,false,false,"Static identity and source ownership only; no runtime, browser, executed-test, benchmark, ease, release, or completion credit."
TASK-CAP-FIN-FIXED-ASSET-LIFECYCLE,CAP-FIN-FIXED-ASSET-LIFECYCLE,Finance,NOT_ESTABLISHED_CURRENT_AUDIT,"Register, capitalise, depreciate, and dispose of fixed assets",NOT_ESTABLISHED_CURRENT_AUDIT,"Register, capitalise, depreciate, and dispose of fixed assets","NOT_ESTABLISHED_CURRENT_AUDIT; execution requires a documented representative role, approved Site/record scope where applicable, and resettable synthetic data.",SOURCE_BOUND_STATIC_IDENTITY_ONLY,NOT_EXECUTED_REPRESENTATIVE_ROLE,NOT_MEASURED,0-5; NOT_MEASURED is not 0,NOT_MEASURED,NOT_MEASURED,NOT_MEASURED,NOT_MEASURED,NOT_MEASURED,NOT_MEASURED,NOT_MEASURED,NOT_MEASURED,NOT_MEASURED,NOT_MEASURED,NOT_MEASURED,NOT_MEASURED,NOT_MEASURED,NOT_MEASURED,NOT_MEASURED,NOT_MEASURED,NOT_MEASURED,"{""discoverability"":""NOT_MEASURED"",""comprehension"":""NOT_MEASURED"",""learnability"":""NOT_MEASURED"",""efficiency"":""NOT_MEASURED"",""error_prevention"":""NOT_MEASURED"",""recovery"":""NOT_MEASURED"",""accessibility"":""NOT_MEASURED"",""safety_and_trust"":""NOT_MEASURED"",""consistency"":""NOT_MEASURED"",""cross_module_continuity"":""NOT_MEASURED""}",NOT_PERFORMED,NOT_LINKED_TO_CANONICAL_TARGET_CURRENT_AUDIT,NOT_MEASURED,NOT_MEASURED,NOT_MEASURED,NOT_MEASURED,NOT_MEASURED,NOT_MEASURED,NOT_MEASURED,NOT_MEASURED,NOT_MEASURED,NOT_MEASURED,NOT_MEASURED,H,CANONICAL_STATIC_IDENTITY_DENOMINATOR,FixedAssetService,NOT_ESTABLISHED_CURRENT_AUDIT,"Register, capitalise, depreciate, and dispose of fixed assets",NOT_ADJUDICATED_CURRENT_AUDIT,NOT_SCORED_CURRENT_AUDIT,NOT_SCORED_CURRENT_AUDIT,STATIC_CANONICAL_IDENTITY_FROZEN,INCOMPLETE_CANONICAL_STATIC_IDENTITY_ONLY,NOT_ADJUDICATED_CURRENT_AUDIT,NOT_ADJUDICATED_CURRENT_AUDIT,NOT_DETERMINED_CURRENT_AUDIT,ONE_OPERATING_ORGANISATION_MULTIPLE_SITES; FEATURE_SPECIFIC_ROLE_PERMISSION_SITE_OWNERSHIP_DIRECT_OBJECT_PRIVACY_BOUNDARY_NOT_ADJUDICATED,NOT_ESTABLISHED_CURRENT_AUDIT,NOT_ESTABLISHED_CURRENT_AUDIT,NOT_ESTABLISHED_CURRENT_AUDIT,NOT_ESTABLISHED_CURRENT_AUDIT,app/Domain/Finance/Services/FixedAssetService.php:26-362,tests/Feature/Finance/FixedAssetDisposalIntegrityTest.php:60,NOT_ESTABLISHED_CURRENT_AUDIT,"Static canonical identity only: Register, capitalise, depreciate, and dispose of fixed assets. Representative-role completion was not executed.",NOT_ESTABLISHED_CURRENT_AUDIT_NO_ROUTE_OR_PAGE_ANCHOR,NOT_ESTABLISHED_CURRENT_AUDIT_NO_ROUTE_OR_PAGE_ANCHOR,task-scripts/cap-fin-fixed-asset-lifecycle.md,a0493442b9e392d324055c35bf25b69421dc2d35,f8cdaf81d83c71e4f5d064fdf88872b908ffaaa1,df6e1b1b357439ad1fd829bebf4e2d33d20d067d515eb945c352e2350a4194a4,f4feae2598622afe346b1163fed2bb842305a8d973a89ec890c02746d99b5999,false,false,false,false,false,"Static identity and source ownership only; no runtime, browser, executed-test, benchmark, ease, release, or completion credit."
TASK-CAP-FIN-FUNDING-STREAM-ADMIN,CAP-FIN-FUNDING-STREAM-ADMIN,Finance,NOT_ESTABLISHED_CURRENT_AUDIT,Maintain funding streams,NOT_ESTABLISHED_CURRENT_AUDIT,Maintain funding streams,"NOT_ESTABLISHED_CURRENT_AUDIT; execution requires a documented representative role, approved Site/record scope where applicable, and resettable synthetic data.",SOURCE_BOUND_STATIC_IDENTITY_ONLY,NOT_EXECUTED_REPRESENTATIVE_ROLE,NOT_MEASURED,0-5; NOT_MEASURED is not 0,NOT_MEASURED,NOT_MEASURED,NOT_MEASURED,NOT_MEASURED,NOT_MEASURED,NOT_MEASURED,NOT_MEASURED,NOT_MEASURED,NOT_MEASURED,NOT_MEASURED,NOT_MEASURED,NOT_MEASURED,NOT_MEASURED,NOT_MEASURED,NOT_MEASURED,NOT_MEASURED,NOT_MEASURED,"{""discoverability"":""NOT_MEASURED"",""comprehension"":""NOT_MEASURED"",""learnability"":""NOT_MEASURED"",""efficiency"":""NOT_MEASURED"",""error_prevention"":""NOT_MEASURED"",""recovery"":""NOT_MEASURED"",""accessibility"":""NOT_MEASURED"",""safety_and_trust"":""NOT_MEASURED"",""consistency"":""NOT_MEASURED"",""cross_module_continuity"":""NOT_MEASURED""}",NOT_PERFORMED,NOT_LINKED_TO_CANONICAL_TARGET_CURRENT_AUDIT,NOT_MEASURED,NOT_MEASURED,NOT_MEASURED,NOT_MEASURED,NOT_MEASURED,NOT_MEASURED,NOT_MEASURED,NOT_MEASURED,NOT_MEASURED,NOT_MEASURED,NOT_MEASURED,H,CANONICAL_STATIC_IDENTITY_DENOMINATOR,ChartOfAccountsService and ledger administration controllers,NOT_ESTABLISHED_CURRENT_AUDIT,Maintain funding streams,NOT_ADJUDICATED_CURRENT_AUDIT,NOT_SCORED_CURRENT_AUDIT,NOT_SCORED_CURRENT_AUDIT,STATIC_CANONICAL_IDENTITY_FROZEN,INCOMPLETE_CANONICAL_STATIC_IDENTITY_ONLY,NOT_ADJUDICATED_CURRENT_AUDIT,NOT_ADJUDICATED_CURRENT_AUDIT,NOT_DETERMINED_CURRENT_AUDIT,ONE_OPERATING_ORGANISATION_MULTIPLE_SITES; FEATURE_SPECIFIC_ROLE_PERMISSION_SITE_OWNERSHIP_DIRECT_OBJECT_PRIVACY_BOUNDARY_NOT_ADJUDICATED,NOT_ESTABLISHED_CURRENT_AUDIT,NOT_ESTABLISHED_CURRENT_AUDIT,routes/finance.php:197,NOT_ESTABLISHED_CURRENT_AUDIT,app/Domain/Finance/Http/Controllers/FundingStreamController.php:11,NOT_ESTABLISHED_CURRENT_AUDIT,NOT_ESTABLISHED_CURRENT_AUDIT,Static canonical identity only: Maintain funding streams. Representative-role completion was not executed.,ROUTE_SOURCE_ANCHOR_ONLY_UNVALIDATED,ROUTE_SOURCE_ANCHOR_ONLY_UNVALIDATED,task-scripts/cap-fin-funding-stream-admin.md,a0493442b9e392d324055c35bf25b69421dc2d35,f8cdaf81d83c71e4f5d064fdf88872b908ffaaa1,df6e1b1b357439ad1fd829bebf4e2d33d20d067d515eb945c352e2350a4194a4,f4feae2598622afe346b1163fed2bb842305a8d973a89ec890c02746d99b5999,false,false,false,false,false,"Static identity and source ownership only; no runtime, browser, executed-test, benchmark, ease, release, or completion credit."
TASK-CAP-FIN-FX-REVALUATION,CAP-FIN-FX-REVALUATION,Finance,NOT_ESTABLISHED_CURRENT_AUDIT,"Preview, create, and post an FX revaluation to the general ledger.",NOT_ESTABLISHED_CURRENT_AUDIT,"Preview, create, and post an FX revaluation to the general ledger.","NOT_ESTABLISHED_CURRENT_AUDIT; execution requires a documented representative role, approved Site/record scope where applicable, and resettable synthetic data.",SOURCE_BOUND_STATIC_IDENTITY_ONLY,NOT_EXECUTED_REPRESENTATIVE_ROLE,NOT_MEASURED,0-5; NOT_MEASURED is not 0,NOT_MEASURED,NOT_MEASURED,NOT_MEASURED,NOT_MEASURED,NOT_MEASURED,NOT_MEASURED,NOT_MEASURED,NOT_MEASURED,NOT_MEASURED,NOT_MEASURED,NOT_MEASURED,NOT_MEASURED,NOT_MEASURED,NOT_MEASURED,NOT_MEASURED,NOT_MEASURED,NOT_MEASURED,"{""discoverability"":""NOT_MEASURED"",""comprehension"":""NOT_MEASURED"",""learnability"":""NOT_MEASURED"",""efficiency"":""NOT_MEASURED"",""error_prevention"":""NOT_MEASURED"",""recovery"":""NOT_MEASURED"",""accessibility"":""NOT_MEASURED"",""safety_and_trust"":""NOT_MEASURED"",""consistency"":""NOT_MEASURED"",""cross_module_continuity"":""NOT_MEASURED""}",NOT_PERFORMED,NOT_LINKED_TO_CANONICAL_TARGET_CURRENT_AUDIT,NOT_MEASURED,NOT_MEASURED,NOT_MEASURED,NOT_MEASURED,NOT_MEASURED,NOT_MEASURED,NOT_MEASURED,NOT_MEASURED,NOT_MEASURED,NOT_MEASURED,NOT_MEASURED,H,CANONICAL_STATIC_IDENTITY_DENOMINATOR,FxRevaluationController and FxRevaluationService,NOT_ESTABLISHED_CURRENT_AUDIT,"Preview, create, and post an FX revaluation to the general ledger.",NOT_ADJUDICATED_CURRENT_AUDIT,NOT_SCORED_CURRENT_AUDIT,NOT_SCORED_CURRENT_AUDIT,STATIC_CANONICAL_IDENTITY_FROZEN,INCOMPLETE_CANONICAL_STATIC_IDENTITY_ONLY,NOT_ADJUDICATED_CURRENT_AUDIT,NOT_ADJUDICATED_CURRENT_AUDIT,NOT_DETERMINED_CURRENT_AUDIT,ONE_OPERATING_ORGANISATION_MULTIPLE_SITES; FEATURE_SPECIFIC_ROLE_PERMISSION_SITE_OWNERSHIP_DIRECT_OBJECT_PRIVACY_BOUNDARY_NOT_ADJUDICATED,NOT_ESTABLISHED_CURRENT_AUDIT,NOT_ESTABLISHED_CURRENT_AUDIT,routes/finance.php:594-600,resources/js/pages/finance/fx-revaluations/Index.tsx:1-351,app/Domain/Finance/Http/Controllers/FxRevaluationController.php:11-82; app/Domain/Finance/Services/AccountingSyncProviders/XeroSyncProvider.php:27-319; app/Domain/Finance/Services/FxRevaluationService.php:12-190,tests/Browser/Finance/FinanceMiscTest.php:210-214; tests/Feature/Finance/ConsolidationQuarantineTest.php:17,NOT_ESTABLISHED_CURRENT_AUDIT,"Static canonical identity only: Preview, create, and post an FX revaluation to the general ledger.. Representative-role completion was not executed.",ROUTE_AND_PAGE_SOURCE_ANCHORS_PRESENT_UNVALIDATED,ROUTE_AND_PAGE_SOURCE_ANCHORS_PRESENT_UNVALIDATED,task-scripts/cap-fin-fx-revaluation.md,a0493442b9e392d324055c35bf25b69421dc2d35,f8cdaf81d83c71e4f5d064fdf88872b908ffaaa1,df6e1b1b357439ad1fd829bebf4e2d33d20d067d515eb945c352e2350a4194a4,f4feae2598622afe346b1163fed2bb842305a8d973a89ec890c02746d99b5999,false,false,false,false,false,"Static identity and source ownership only; no runtime, browser, executed-test, benchmark, ease, release, or completion credit."
TASK-CAP-FIN-GST-RETURN-LIFECYCLE,CAP-FIN-GST-RETURN-LIFECYCLE,Finance,NOT_ESTABLISHED_CURRENT_AUDIT,"Prepare, file, and amend GST returns",NOT_ESTABLISHED_CURRENT_AUDIT,"Prepare, file, and amend GST returns","NOT_ESTABLISHED_CURRENT_AUDIT; execution requires a documented representative role, approved Site/record scope where applicable, and resettable synthetic data.",SOURCE_BOUND_STATIC_IDENTITY_ONLY,NOT_EXECUTED_REPRESENTATIVE_ROLE,NOT_MEASURED,0-5; NOT_MEASURED is not 0,NOT_MEASURED,NOT_MEASURED,NOT_MEASURED,NOT_MEASURED,NOT_MEASURED,NOT_MEASURED,NOT_MEASURED,NOT_MEASURED,NOT_MEASURED,NOT_MEASURED,NOT_MEASURED,NOT_MEASURED,NOT_MEASURED,NOT_MEASURED,NOT_MEASURED,NOT_MEASURED,NOT_MEASURED,"{""discoverability"":""NOT_MEASURED"",""comprehension"":""NOT_MEASURED"",""learnability"":""NOT_MEASURED"",""efficiency"":""NOT_MEASURED"",""error_prevention"":""NOT_MEASURED"",""recovery"":""NOT_MEASURED"",""accessibility"":""NOT_MEASURED"",""safety_and_trust"":""NOT_MEASURED"",""consistency"":""NOT_MEASURED"",""cross_module_continuity"":""NOT_MEASURED""}",NOT_PERFORMED,NOT_LINKED_TO_CANONICAL_TARGET_CURRENT_AUDIT,NOT_MEASURED,NOT_MEASURED,NOT_MEASURED,NOT_MEASURED,NOT_MEASURED,NOT_MEASURED,NOT_MEASURED,NOT_MEASURED,NOT_MEASURED,NOT_MEASURED,NOT_MEASURED,H,CANONICAL_STATIC_IDENTITY_DENOMINATOR,"GstReturnService, IrdFilingService, and NzComplianceService",NOT_ESTABLISHED_CURRENT_AUDIT,"Prepare, file, and amend GST returns",NOT_ADJUDICATED_CURRENT_AUDIT,NOT_SCORED_CURRENT_AUDIT,NOT_SCORED_CURRENT_AUDIT,STATIC_CANONICAL_IDENTITY_FROZEN,INCOMPLETE_CANONICAL_STATIC_IDENTITY_ONLY,NOT_ADJUDICATED_CURRENT_AUDIT,NOT_ADJUDICATED_CURRENT_AUDIT,NOT_DETERMINED_CURRENT_AUDIT,ONE_OPERATING_ORGANISATION_MULTIPLE_SITES; FEATURE_SPECIFIC_ROLE_PERMISSION_SITE_OWNERSHIP_DIRECT_OBJECT_PRIVACY_BOUNDARY_NOT_ADJUDICATED,NOT_ESTABLISHED_CURRENT_AUDIT,NOT_ESTABLISHED_CURRENT_AUDIT,routes/finance.php:530-547,NOT_ESTABLISHED_CURRENT_AUDIT,app/Domain/Finance/Http/Controllers/GstReturnController.php:14; app/Domain/Finance/Services/GstReturnService.php:21,tests/Feature/Finance/IrdFilingCanonicalAccessTest.php:72,NOT_ESTABLISHED_CURRENT_AUDIT,"Static canonical identity only: Prepare, file, and amend GST returns. Representative-role completion was not executed.",ROUTE_SOURCE_ANCHOR_ONLY_UNVALIDATED,ROUTE_SOURCE_ANCHOR_ONLY_UNVALIDATED,task-scripts/cap-fin-gst-return-lifecycle.md,a0493442b9e392d324055c35bf25b69421dc2d35,f8cdaf81d83c71e4f5d064fdf88872b908ffaaa1,df6e1b1b357439ad1fd829bebf4e2d33d20d067d515eb945c352e2350a4194a4,f4feae2598622afe346b1163fed2bb842305a8d973a89ec890c02746d99b5999,false,false,false,false,false,"Static identity and source ownership only; no runtime, browser, executed-test, benchmark, ease, release, or completion credit."
TASK-CAP-FIN-IRD-FILING-LIFECYCLE,CAP-FIN-IRD-FILING-LIFECYCLE,Finance,NOT_ESTABLISHED_CURRENT_AUDIT,"Create, validate, and submit IRD filings",NOT_ESTABLISHED_CURRENT_AUDIT,"Create, validate, and submit IRD filings","NOT_ESTABLISHED_CURRENT_AUDIT; execution requires a documented representative role, approved Site/record scope where applicable, and resettable synthetic data.",SOURCE_BOUND_STATIC_IDENTITY_ONLY,NOT_EXECUTED_REPRESENTATIVE_ROLE,NOT_MEASURED,0-5; NOT_MEASURED is not 0,NOT_MEASURED,NOT_MEASURED,NOT_MEASURED,NOT_MEASURED,NOT_MEASURED,NOT_MEASURED,NOT_MEASURED,NOT_MEASURED,NOT_MEASURED,NOT_MEASURED,NOT_MEASURED,NOT_MEASURED,NOT_MEASURED,NOT_MEASURED,NOT_MEASURED,NOT_MEASURED,NOT_MEASURED,"{""discoverability"":""NOT_MEASURED"",""comprehension"":""NOT_MEASURED"",""learnability"":""NOT_MEASURED"",""efficiency"":""NOT_MEASURED"",""error_prevention"":""NOT_MEASURED"",""recovery"":""NOT_MEASURED"",""accessibility"":""NOT_MEASURED"",""safety_and_trust"":""NOT_MEASURED"",""consistency"":""NOT_MEASURED"",""cross_module_continuity"":""NOT_MEASURED""}",NOT_PERFORMED,NOT_LINKED_TO_CANONICAL_TARGET_CURRENT_AUDIT,NOT_MEASURED,NOT_MEASURED,NOT_MEASURED,NOT_MEASURED,NOT_MEASURED,NOT_MEASURED,NOT_MEASURED,NOT_MEASURED,NOT_MEASURED,NOT_MEASURED,NOT_MEASURED,H,CANONICAL_STATIC_IDENTITY_DENOMINATOR,"GstReturnService, IrdFilingService, and NzComplianceService",NOT_ESTABLISHED_CURRENT_AUDIT,"Create, validate, and submit IRD filings",NOT_ADJUDICATED_CURRENT_AUDIT,NOT_SCORED_CURRENT_AUDIT,NOT_SCORED_CURRENT_AUDIT,STATIC_CANONICAL_IDENTITY_FROZEN,INCOMPLETE_CANONICAL_STATIC_IDENTITY_ONLY,NOT_ADJUDICATED_CURRENT_AUDIT,NOT_ADJUDICATED_CURRENT_AUDIT,NOT_DETERMINED_CURRENT_AUDIT,ONE_OPERATING_ORGANISATION_MULTIPLE_SITES; FEATURE_SPECIFIC_ROLE_PERMISSION_SITE_OWNERSHIP_DIRECT_OBJECT_PRIVACY_BOUNDARY_NOT_ADJUDICATED,NOT_ESTABLISHED_CURRENT_AUDIT,NOT_ESTABLISHED_CURRENT_AUDIT,routes/finance.php:530-547,NOT_ESTABLISHED_CURRENT_AUDIT,app/Domain/Finance/Http/Controllers/IrdFilingController.php:15; app/Domain/Finance/Services/IrdFilingService.php:12,tests/Feature/Finance/IrdFilingCanonicalAccessTest.php:72,NOT_ESTABLISHED_CURRENT_AUDIT,"Static canonical identity only: Create, validate, and submit IRD filings. Representative-role completion was not executed.",ROUTE_SOURCE_ANCHOR_ONLY_UNVALIDATED,ROUTE_SOURCE_ANCHOR_ONLY_UNVALIDATED,task-scripts/cap-fin-ird-filing-lifecycle.md,a0493442b9e392d324055c35bf25b69421dc2d35,f8cdaf81d83c71e4f5d064fdf88872b908ffaaa1,df6e1b1b357439ad1fd829bebf4e2d33d20d067d515eb945c352e2350a4194a4,f4feae2598622afe346b1163fed2bb842305a8d973a89ec890c02746d99b5999,false,false,false,false,false,"Static identity and source ownership only; no runtime, browser, executed-test, benchmark, ease, release, or completion credit."
TASK-CAP-FIN-MANUAL-JOURNAL-LIFECYCLE,CAP-FIN-MANUAL-JOURNAL-LIFECYCLE,Finance,NOT_ESTABLISHED_CURRENT_AUDIT,"Draft, post, and reverse manual journals",NOT_ESTABLISHED_CURRENT_AUDIT,"Draft, post, and reverse manual journals","NOT_ESTABLISHED_CURRENT_AUDIT; execution requires a documented representative role, approved Site/record scope where applicable, and resettable synthetic data.",SOURCE_BOUND_STATIC_IDENTITY_ONLY,NOT_EXECUTED_REPRESENTATIVE_ROLE,NOT_MEASURED,0-5; NOT_MEASURED is not 0,NOT_MEASURED,NOT_MEASURED,NOT_MEASURED,NOT_MEASURED,NOT_MEASURED,NOT_MEASURED,NOT_MEASURED,NOT_MEASURED,NOT_MEASURED,NOT_MEASURED,NOT_MEASURED,NOT_MEASURED,NOT_MEASURED,NOT_MEASURED,NOT_MEASURED,NOT_MEASURED,NOT_MEASURED,"{""discoverability"":""NOT_MEASURED"",""comprehension"":""NOT_MEASURED"",""learnability"":""NOT_MEASURED"",""efficiency"":""NOT_MEASURED"",""error_prevention"":""NOT_MEASURED"",""recovery"":""NOT_MEASURED"",""accessibility"":""NOT_MEASURED"",""safety_and_trust"":""NOT_MEASURED"",""consistency"":""NOT_MEASURED"",""cross_module_continuity"":""NOT_MEASURED""}",NOT_PERFORMED,NOT_LINKED_TO_CANONICAL_TARGET_CURRENT_AUDIT,NOT_MEASURED,NOT_MEASURED,NOT_MEASURED,NOT_MEASURED,NOT_MEASURED,NOT_MEASURED,NOT_MEASURED,NOT_MEASURED,NOT_MEASURED,NOT_MEASURED,NOT_MEASURED,H,CANONICAL_STATIC_IDENTITY_DENOMINATOR,JournalPostingService and RecurringJournalService,NOT_ESTABLISHED_CURRENT_AUDIT,"Draft, post, and reverse manual journals",NOT_ADJUDICATED_CURRENT_AUDIT,NOT_SCORED_CURRENT_AUDIT,NOT_SCORED_CURRENT_AUDIT,STATIC_CANONICAL_IDENTITY_FROZEN,INCOMPLETE_CANONICAL_STATIC_IDENTITY_ONLY,NOT_ADJUDICATED_CURRENT_AUDIT,NOT_ADJUDICATED_CURRENT_AUDIT,NOT_DETERMINED_CURRENT_AUDIT,ONE_OPERATING_ORGANISATION_MULTIPLE_SITES; FEATURE_SPECIFIC_ROLE_PERMISSION_SITE_OWNERSHIP_DIRECT_OBJECT_PRIVACY_BOUNDARY_NOT_ADJUDICATED,NOT_ESTABLISHED_CURRENT_AUDIT,NOT_ESTABLISHED_CURRENT_AUDIT,routes/finance.php:160,NOT_ESTABLISHED_CURRENT_AUDIT,app/Domain/Finance/Services/JournalPostingService.php:21; app/Domain/Finance/Services/JournalPostingService.php:21-272,tests/Feature/Finance/JournalPostingReversalInvariantTest.php:81,NOT_ESTABLISHED_CURRENT_AUDIT,"Static canonical identity only: Draft, post, and reverse manual journals. Representative-role completion was not executed.",ROUTE_SOURCE_ANCHOR_ONLY_UNVALIDATED,ROUTE_SOURCE_ANCHOR_ONLY_UNVALIDATED,task-scripts/cap-fin-manual-journal-lifecycle.md,a0493442b9e392d324055c35bf25b69421dc2d35,f8cdaf81d83c71e4f5d064fdf88872b908ffaaa1,df6e1b1b357439ad1fd829bebf4e2d33d20d067d515eb945c352e2350a4194a4,f4feae2598622afe346b1163fed2bb842305a8d973a89ec890c02746d99b5999,false,false,false,false,false,"Static identity and source ownership only; no runtime, browser, executed-test, benchmark, ease, release, or completion credit."
TASK-CAP-FIN-MODULE-OVERVIEW,CAP-FIN-MODULE-OVERVIEW,Finance,NOT_ESTABLISHED_CURRENT_AUDIT,"Review the finance module overview, selected period, cash, receivables, payables, funding, and attention items.",NOT_ESTABLISHED_CURRENT_AUDIT,"Review the finance module overview, selected period, cash, receivables, payables, funding, and attention items.","NOT_ESTABLISHED_CURRENT_AUDIT; execution requires a documented representative role, approved Site/record scope where applicable, and resettable synthetic data.",SOURCE_BOUND_STATIC_IDENTITY_ONLY,NOT_EXECUTED_REPRESENTATIVE_ROLE,NOT_MEASURED,0-5; NOT_MEASURED is not 0,NOT_MEASURED,NOT_MEASURED,NOT_MEASURED,NOT_MEASURED,NOT_MEASURED,NOT_MEASURED,NOT_MEASURED,NOT_MEASURED,NOT_MEASURED,NOT_MEASURED,NOT_MEASURED,NOT_MEASURED,NOT_MEASURED,NOT_MEASURED,NOT_MEASURED,NOT_MEASURED,NOT_MEASURED,"{""discoverability"":""NOT_MEASURED"",""comprehension"":""NOT_MEASURED"",""learnability"":""NOT_MEASURED"",""efficiency"":""NOT_MEASURED"",""error_prevention"":""NOT_MEASURED"",""recovery"":""NOT_MEASURED"",""accessibility"":""NOT_MEASURED"",""safety_and_trust"":""NOT_MEASURED"",""consistency"":""NOT_MEASURED"",""cross_module_continuity"":""NOT_MEASURED""}",NOT_PERFORMED,NOT_LINKED_TO_CANONICAL_TARGET_CURRENT_AUDIT,NOT_MEASURED,NOT_MEASURED,NOT_MEASURED,NOT_MEASURED,NOT_MEASURED,NOT_MEASURED,NOT_MEASURED,NOT_MEASURED,NOT_MEASURED,NOT_MEASURED,NOT_MEASURED,H,CANONICAL_STATIC_IDENTITY_DENOMINATOR,FinanceDashboardController and DashboardAggregatorService,NOT_ESTABLISHED_CURRENT_AUDIT,"Review the finance module overview, selected period, cash, receivables, payables, funding, and attention items.",NOT_ADJUDICATED_CURRENT_AUDIT,NOT_SCORED_CURRENT_AUDIT,NOT_SCORED_CURRENT_AUDIT,STATIC_CANONICAL_IDENTITY_FROZEN,INCOMPLETE_CANONICAL_STATIC_IDENTITY_ONLY,NOT_ADJUDICATED_CURRENT_AUDIT,NOT_ADJUDICATED_CURRENT_AUDIT,NOT_DETERMINED_CURRENT_AUDIT,ONE_OPERATING_ORGANISATION_MULTIPLE_SITES; FEATURE_SPECIFIC_ROLE_PERMISSION_SITE_OWNERSHIP_DIRECT_OBJECT_PRIVACY_BOUNDARY_NOT_ADJUDICATED,NOT_ESTABLISHED_CURRENT_AUDIT,NOT_ESTABLISHED_CURRENT_AUDIT,routes/finance.php:64-72,resources/js/pages/finance/Dashboard.tsx:1-1425,app/Domain/Finance/Http/Controllers/FinanceDashboardController.php:19-76; app/Domain/Finance/Services/DashboardAggregatorService.php:19-517,tests/Feature/Finance/OverviewHubTest.php:9-57,NOT_ESTABLISHED_CURRENT_AUDIT,"Static canonical identity only: Review the finance module overview, selected period, cash, receivables, payables, funding, and attention items.. Representative-role completion was not executed.",ROUTE_AND_PAGE_SOURCE_ANCHORS_PRESENT_UNVALIDATED,ROUTE_AND_PAGE_SOURCE_ANCHORS_PRESENT_UNVALIDATED,task-scripts/cap-fin-module-overview.md,a0493442b9e392d324055c35bf25b69421dc2d35,f8cdaf81d83c71e4f5d064fdf88872b908ffaaa1,df6e1b1b357439ad1fd829bebf4e2d33d20d067d515eb945c352e2350a4194a4,f4feae2598622afe346b1163fed2bb842305a8d973a89ec890c02746d99b5999,false,false,false,false,false,"Static identity and source ownership only; no runtime, browser, executed-test, benchmark, ease, release, or completion credit."
TASK-CAP-FIN-OBLIGATION-CALENDAR,CAP-FIN-OBLIGATION-CALENDAR,Finance,NOT_ESTABLISHED_CURRENT_AUDIT,Review finance obligations over a selected calendar range.,NOT_ESTABLISHED_CURRENT_AUDIT,Review finance obligations over a selected calendar range.,"NOT_ESTABLISHED_CURRENT_AUDIT; execution requires a documented representative role, approved Site/record scope where applicable, and resettable synthetic data.",SOURCE_BOUND_STATIC_IDENTITY_ONLY,NOT_EXECUTED_REPRESENTATIVE_ROLE,NOT_MEASURED,0-5; NOT_MEASURED is not 0,NOT_MEASURED,NOT_MEASURED,NOT_MEASURED,NOT_MEASURED,NOT_MEASURED,NOT_MEASURED,NOT_MEASURED,NOT_MEASURED,NOT_MEASURED,NOT_MEASURED,NOT_MEASURED,NOT_MEASURED,NOT_MEASURED,NOT_MEASURED,NOT_MEASURED,NOT_MEASURED,NOT_MEASURED,"{""discoverability"":""NOT_MEASURED"",""comprehension"":""NOT_MEASURED"",""learnability"":""NOT_MEASURED"",""efficiency"":""NOT_MEASURED"",""error_prevention"":""NOT_MEASURED"",""recovery"":""NOT_MEASURED"",""accessibility"":""NOT_MEASURED"",""safety_and_trust"":""NOT_MEASURED"",""consistency"":""NOT_MEASURED"",""cross_module_continuity"":""NOT_MEASURED""}",NOT_PERFORMED,NOT_LINKED_TO_CANONICAL_TARGET_CURRENT_AUDIT,NOT_MEASURED,NOT_MEASURED,NOT_MEASURED,NOT_MEASURED,NOT_MEASURED,NOT_MEASURED,NOT_MEASURED,NOT_MEASURED,NOT_MEASURED,NOT_MEASURED,NOT_MEASURED,H,CANONICAL_STATIC_IDENTITY_DENOMINATOR,FinanceCalendarController and FinanceCalendarAggregator,NOT_ESTABLISHED_CURRENT_AUDIT,Review finance obligations over a selected calendar range.,NOT_ADJUDICATED_CURRENT_AUDIT,NOT_SCORED_CURRENT_AUDIT,NOT_SCORED_CURRENT_AUDIT,STATIC_CANONICAL_IDENTITY_FROZEN,INCOMPLETE_CANONICAL_STATIC_IDENTITY_ONLY,NOT_ADJUDICATED_CURRENT_AUDIT,NOT_ADJUDICATED_CURRENT_AUDIT,NOT_DETERMINED_CURRENT_AUDIT,ONE_OPERATING_ORGANISATION_MULTIPLE_SITES; FEATURE_SPECIFIC_ROLE_PERMISSION_SITE_OWNERSHIP_DIRECT_OBJECT_PRIVACY_BOUNDARY_NOT_ADJUDICATED,NOT_ESTABLISHED_CURRENT_AUDIT,NOT_ESTABLISHED_CURRENT_AUDIT,routes/finance.php:84-91,resources/js/pages/finance/Calendar.tsx:1-393,app/Domain/Finance/Http/Controllers/FinanceCalendarController.php:18-63; app/Domain/Finance/Services/Calendar/FinanceCalendarAggregator.php:26-113,tests/Feature/Finance/FinanceCalendarTest.php:122-164,NOT_ESTABLISHED_CURRENT_AUDIT,Static canonical identity only: Review finance obligations over a selected calendar range.. Representative-role completion was not executed.,ROUTE_AND_PAGE_SOURCE_ANCHORS_PRESENT_UNVALIDATED,ROUTE_AND_PAGE_SOURCE_ANCHORS_PRESENT_UNVALIDATED,task-scripts/cap-fin-obligation-calendar.md,a0493442b9e392d324055c35bf25b69421dc2d35,f8cdaf81d83c71e4f5d064fdf88872b908ffaaa1,df6e1b1b357439ad1fd829bebf4e2d33d20d067d515eb945c352e2350a4194a4,f4feae2598622afe346b1163fed2bb842305a8d973a89ec890c02746d99b5999,false,false,false,false,false,"Static identity and source ownership only; no runtime, browser, executed-test, benchmark, ease, release, or completion credit."
TASK-CAP-FIN-PAYMENT-RUN-EXTERNAL-SETTLEMENT,CAP-FIN-PAYMENT-RUN-EXTERNAL-SETTLEMENT,Finance,NOT_ESTABLISHED_CURRENT_AUDIT,"Accept, reject, settle, and reconcile an external payment run",NOT_ESTABLISHED_CURRENT_AUDIT,"Accept, reject, settle, and reconcile an external payment run","NOT_ESTABLISHED_CURRENT_AUDIT; execution requires a documented representative role, approved Site/record scope where applicable, and resettable synthetic data.",SOURCE_BOUND_STATIC_IDENTITY_ONLY,NOT_EXECUTED_REPRESENTATIVE_ROLE,NOT_MEASURED,0-5; NOT_MEASURED is not 0,NOT_MEASURED,NOT_MEASURED,NOT_MEASURED,NOT_MEASURED,NOT_MEASURED,NOT_MEASURED,NOT_MEASURED,NOT_MEASURED,NOT_MEASURED,NOT_MEASURED,NOT_MEASURED,NOT_MEASURED,NOT_MEASURED,NOT_MEASURED,NOT_MEASURED,NOT_MEASURED,NOT_MEASURED,"{""discoverability"":""NOT_MEASURED"",""comprehension"":""NOT_MEASURED"",""learnability"":""NOT_MEASURED"",""efficiency"":""NOT_MEASURED"",""error_prevention"":""NOT_MEASURED"",""recovery"":""NOT_MEASURED"",""accessibility"":""NOT_MEASURED"",""safety_and_trust"":""NOT_MEASURED"",""consistency"":""NOT_MEASURED"",""cross_module_continuity"":""NOT_MEASURED""}",NOT_PERFORMED,NOT_LINKED_TO_CANONICAL_TARGET_CURRENT_AUDIT,NOT_MEASURED,NOT_MEASURED,NOT_MEASURED,NOT_MEASURED,NOT_MEASURED,NOT_MEASURED,NOT_MEASURED,NOT_MEASURED,NOT_MEASURED,NOT_MEASURED,NOT_MEASURED,H,CANONICAL_STATIC_IDENTITY_DENOMINATOR,PaymentRunService and PaymentSettlementRecorder,NOT_ESTABLISHED_CURRENT_AUDIT,"Accept, reject, settle, and reconcile an external payment run",NOT_ADJUDICATED_CURRENT_AUDIT,NOT_SCORED_CURRENT_AUDIT,NOT_SCORED_CURRENT_AUDIT,STATIC_CANONICAL_IDENTITY_FROZEN,INCOMPLETE_CANONICAL_STATIC_IDENTITY_ONLY,NOT_ADJUDICATED_CURRENT_AUDIT,NOT_ADJUDICATED_CURRENT_AUDIT,NOT_DETERMINED_CURRENT_AUDIT,ONE_OPERATING_ORGANISATION_MULTIPLE_SITES; FEATURE_SPECIFIC_ROLE_PERMISSION_SITE_OWNERSHIP_DIRECT_OBJECT_PRIVACY_BOUNDARY_NOT_ADJUDICATED,NOT_ESTABLISHED_CURRENT_AUDIT,NOT_ESTABLISHED_CURRENT_AUDIT,NOT_ESTABLISHED_CURRENT_AUDIT,NOT_ESTABLISHED_CURRENT_AUDIT,app/Domain/Finance/Services/ExternalSettlementService.php:334; app/Domain/Finance/Services/ExternalSettlementService.php:490; app/Domain/Finance/Services/ExternalSettlementService.php:725,NOT_ESTABLISHED_CURRENT_AUDIT,NOT_ESTABLISHED_CURRENT_AUDIT,"Static canonical identity only: Accept, reject, settle, and reconcile an external payment run. Representative-role completion was not executed.",NOT_ESTABLISHED_CURRENT_AUDIT_NO_ROUTE_OR_PAGE_ANCHOR,NOT_ESTABLISHED_CURRENT_AUDIT_NO_ROUTE_OR_PAGE_ANCHOR,task-scripts/cap-fin-payment-run-external-settlement.md,a0493442b9e392d324055c35bf25b69421dc2d35,f8cdaf81d83c71e4f5d064fdf88872b908ffaaa1,df6e1b1b357439ad1fd829bebf4e2d33d20d067d515eb945c352e2350a4194a4,f4feae2598622afe346b1163fed2bb842305a8d973a89ec890c02746d99b5999,false,false,false,false,false,"Static identity and source ownership only; no runtime, browser, executed-test, benchmark, ease, release, or completion credit."
TASK-CAP-FIN-PAYMENT-RUN-LIFECYCLE,CAP-FIN-PAYMENT-RUN-LIFECYCLE,Finance,NOT_ESTABLISHED_CURRENT_AUDIT,"Prepare, approve, and process supplier payment runs",NOT_ESTABLISHED_CURRENT_AUDIT,"Prepare, approve, and process supplier payment runs","NOT_ESTABLISHED_CURRENT_AUDIT; execution requires a documented representative role, approved Site/record scope where applicable, and resettable synthetic data.",SOURCE_BOUND_STATIC_IDENTITY_ONLY,NOT_EXECUTED_REPRESENTATIVE_ROLE,NOT_MEASURED,0-5; NOT_MEASURED is not 0,NOT_MEASURED,NOT_MEASURED,NOT_MEASURED,NOT_MEASURED,NOT_MEASURED,NOT_MEASURED,NOT_MEASURED,NOT_MEASURED,NOT_MEASURED,NOT_MEASURED,NOT_MEASURED,NOT_MEASURED,NOT_MEASURED,NOT_MEASURED,NOT_MEASURED,NOT_MEASURED,NOT_MEASURED,"{""discoverability"":""NOT_MEASURED"",""comprehension"":""NOT_MEASURED"",""learnability"":""NOT_MEASURED"",""efficiency"":""NOT_MEASURED"",""error_prevention"":""NOT_MEASURED"",""recovery"":""NOT_MEASURED"",""accessibility"":""NOT_MEASURED"",""safety_and_trust"":""NOT_MEASURED"",""consistency"":""NOT_MEASURED"",""cross_module_continuity"":""NOT_MEASURED""}",NOT_PERFORMED,NOT_LINKED_TO_CANONICAL_TARGET_CURRENT_AUDIT,NOT_MEASURED,NOT_MEASURED,NOT_MEASURED,NOT_MEASURED,NOT_MEASURED,NOT_MEASURED,NOT_MEASURED,NOT_MEASURED,NOT_MEASURED,NOT_MEASURED,NOT_MEASURED,H,CANONICAL_STATIC_IDENTITY_DENOMINATOR,PaymentRunService and PaymentSettlementRecorder,NOT_ESTABLISHED_CURRENT_AUDIT,"Prepare, approve, and process supplier payment runs",NOT_ADJUDICATED_CURRENT_AUDIT,NOT_SCORED_CURRENT_AUDIT,NOT_SCORED_CURRENT_AUDIT,STATIC_CANONICAL_IDENTITY_FROZEN,INCOMPLETE_CANONICAL_STATIC_IDENTITY_ONLY,NOT_ADJUDICATED_CURRENT_AUDIT,NOT_ADJUDICATED_CURRENT_AUDIT,NOT_DETERMINED_CURRENT_AUDIT,ONE_OPERATING_ORGANISATION_MULTIPLE_SITES; FEATURE_SPECIFIC_ROLE_PERMISSION_SITE_OWNERSHIP_DIRECT_OBJECT_PRIVACY_BOUNDARY_NOT_ADJUDICATED,NOT_ESTABLISHED_CURRENT_AUDIT,NOT_ESTABLISHED_CURRENT_AUDIT,routes/finance.php:304-336,NOT_ESTABLISHED_CURRENT_AUDIT,app/Domain/Finance/Http/Controllers/PaymentRunController.php:13; app/Domain/Finance/Services/PaymentRunService.php:15,tests/Feature/Finance/BillAndPaymentRunJournalPostingTest.php:184,NOT_ESTABLISHED_CURRENT_AUDIT,"Static canonical identity only: Prepare, approve, and process supplier payment runs. Representative-role completion was not executed.",ROUTE_SOURCE_ANCHOR_ONLY_UNVALIDATED,ROUTE_SOURCE_ANCHOR_ONLY_UNVALIDATED,task-scripts/cap-fin-payment-run-lifecycle.md,a0493442b9e392d324055c35bf25b69421dc2d35,f8cdaf81d83c71e4f5d064fdf88872b908ffaaa1,df6e1b1b357439ad1fd829bebf4e2d33d20d067d515eb945c352e2350a4194a4,f4feae2598622afe346b1163fed2bb842305a8d973a89ec890c02746d99b5999,false,false,false,false,false,"Static identity and source ownership only; no runtime, browser, executed-test, benchmark, ease, release, or completion credit."
TASK-CAP-FIN-PETTY-CASH-LIFECYCLE,CAP-FIN-PETTY-CASH-LIFECYCLE,Finance,NOT_ESTABLISHED_CURRENT_AUDIT,Maintain petty-cash funds and transactions,NOT_ESTABLISHED_CURRENT_AUDIT,Maintain petty-cash funds and transactions,"NOT_ESTABLISHED_CURRENT_AUDIT; execution requires a documented representative role, approved Site/record scope where applicable, and resettable synthetic data.",SOURCE_BOUND_STATIC_IDENTITY_ONLY,NOT_EXECUTED_REPRESENTATIVE_ROLE,NOT_MEASURED,0-5; NOT_MEASURED is not 0,NOT_MEASURED,NOT_MEASURED,NOT_MEASURED,NOT_MEASURED,NOT_MEASURED,NOT_MEASURED,NOT_MEASURED,NOT_MEASURED,NOT_MEASURED,NOT_MEASURED,NOT_MEASURED,NOT_MEASURED,NOT_MEASURED,NOT_MEASURED,NOT_MEASURED,NOT_MEASURED,NOT_MEASURED,"{""discoverability"":""NOT_MEASURED"",""comprehension"":""NOT_MEASURED"",""learnability"":""NOT_MEASURED"",""efficiency"":""NOT_MEASURED"",""error_prevention"":""NOT_MEASURED"",""recovery"":""NOT_MEASURED"",""accessibility"":""NOT_MEASURED"",""safety_and_trust"":""NOT_MEASURED"",""consistency"":""NOT_MEASURED"",""cross_module_continuity"":""NOT_MEASURED""}",NOT_PERFORMED,NOT_LINKED_TO_CANONICAL_TARGET_CURRENT_AUDIT,NOT_MEASURED,NOT_MEASURED,NOT_MEASURED,NOT_MEASURED,NOT_MEASURED,NOT_MEASURED,NOT_MEASURED,NOT_MEASURED,NOT_MEASURED,NOT_MEASURED,NOT_MEASURED,H,CANONICAL_STATIC_IDENTITY_DENOMINATOR,"ClientFundTransactionService, PettyCashService, and DonorFundService",NOT_ESTABLISHED_CURRENT_AUDIT,Maintain petty-cash funds and transactions,NOT_ADJUDICATED_CURRENT_AUDIT,NOT_SCORED_CURRENT_AUDIT,NOT_SCORED_CURRENT_AUDIT,STATIC_CANONICAL_IDENTITY_FROZEN,INCOMPLETE_CANONICAL_STATIC_IDENTITY_ONLY,NOT_ADJUDICATED_CURRENT_AUDIT,NOT_ADJUDICATED_CURRENT_AUDIT,NOT_DETERMINED_CURRENT_AUDIT,ONE_OPERATING_ORGANISATION_MULTIPLE_SITES; FEATURE_SPECIFIC_ROLE_PERMISSION_SITE_OWNERSHIP_DIRECT_OBJECT_PRIVACY_BOUNDARY_NOT_ADJUDICATED,NOT_ESTABLISHED_CURRENT_AUDIT,NOT_ESTABLISHED_CURRENT_AUDIT,NOT_ESTABLISHED_CURRENT_AUDIT,NOT_ESTABLISHED_CURRENT_AUDIT,app/Domain/Finance/Http/Controllers/PettyCashController.php:14; app/Domain/Finance/Services/ClientFundTransactionService.php:144-304,tests/Feature/Finance/ClientFundGovernanceTest.php:100,NOT_ESTABLISHED_CURRENT_AUDIT,Static canonical identity only: Maintain petty-cash funds and transactions. Representative-role completion was not executed.,NOT_ESTABLISHED_CURRENT_AUDIT_NO_ROUTE_OR_PAGE_ANCHOR,NOT_ESTABLISHED_CURRENT_AUDIT_NO_ROUTE_OR_PAGE_ANCHOR,task-scripts/cap-fin-petty-cash-lifecycle.md,a0493442b9e392d324055c35bf25b69421dc2d35,f8cdaf81d83c71e4f5d064fdf88872b908ffaaa1,df6e1b1b357439ad1fd829bebf4e2d33d20d067d515eb945c352e2350a4194a4,f4feae2598622afe346b1163fed2bb842305a8d973a89ec890c02746d99b5999,false,false,false,false,false,"Static identity and source ownership only; no runtime, browser, executed-test, benchmark, ease, release, or completion credit."
TASK-CAP-FIN-PURCHASE-ORDER-LIFECYCLE,CAP-FIN-PURCHASE-ORDER-LIFECYCLE,Finance,NOT_ESTABLISHED_CURRENT_AUDIT,Create and govern purchase orders,NOT_ESTABLISHED_CURRENT_AUDIT,Create and govern purchase orders,"NOT_ESTABLISHED_CURRENT_AUDIT; execution requires a documented representative role, approved Site/record scope where applicable, and resettable synthetic data.",SOURCE_BOUND_STATIC_IDENTITY_ONLY,NOT_EXECUTED_REPRESENTATIVE_ROLE,NOT_MEASURED,0-5; NOT_MEASURED is not 0,NOT_MEASURED,NOT_MEASURED,NOT_MEASURED,NOT_MEASURED,NOT_MEASURED,NOT_MEASURED,NOT_MEASURED,NOT_MEASURED,NOT_MEASURED,NOT_MEASURED,NOT_MEASURED,NOT_MEASURED,NOT_MEASURED,NOT_MEASURED,NOT_MEASURED,NOT_MEASURED,NOT_MEASURED,"{""discoverability"":""NOT_MEASURED"",""comprehension"":""NOT_MEASURED"",""learnability"":""NOT_MEASURED"",""efficiency"":""NOT_MEASURED"",""error_prevention"":""NOT_MEASURED"",""recovery"":""NOT_MEASURED"",""accessibility"":""NOT_MEASURED"",""safety_and_trust"":""NOT_MEASURED"",""consistency"":""NOT_MEASURED"",""cross_module_continuity"":""NOT_MEASURED""}",NOT_PERFORMED,NOT_LINKED_TO_CANONICAL_TARGET_CURRENT_AUDIT,NOT_MEASURED,NOT_MEASURED,NOT_MEASURED,NOT_MEASURED,NOT_MEASURED,NOT_MEASURED,NOT_MEASURED,NOT_MEASURED,NOT_MEASURED,NOT_MEASURED,NOT_MEASURED,H,CANONICAL_STATIC_IDENTITY_DENOMINATOR,AccountsPayableService and AP controllers,NOT_ESTABLISHED_CURRENT_AUDIT,Create and govern purchase orders,NOT_ADJUDICATED_CURRENT_AUDIT,NOT_SCORED_CURRENT_AUDIT,NOT_SCORED_CURRENT_AUDIT,STATIC_CANONICAL_IDENTITY_FROZEN,INCOMPLETE_CANONICAL_STATIC_IDENTITY_ONLY,NOT_ADJUDICATED_CURRENT_AUDIT,NOT_ADJUDICATED_CURRENT_AUDIT,NOT_DETERMINED_CURRENT_AUDIT,ONE_OPERATING_ORGANISATION_MULTIPLE_SITES; FEATURE_SPECIFIC_ROLE_PERMISSION_SITE_OWNERSHIP_DIRECT_OBJECT_PRIVACY_BOUNDARY_NOT_ADJUDICATED,NOT_ESTABLISHED_CURRENT_AUDIT,NOT_ESTABLISHED_CURRENT_AUDIT,NOT_ESTABLISHED_CURRENT_AUDIT,NOT_ESTABLISHED_CURRENT_AUDIT,app/Domain/Finance/Http/Controllers/PurchaseOrderController.php:19; app/Domain/Finance/Services/AccountsPayableService.php:116-801,tests/Feature/Finance/BillSpendApprovalGateTest.php:156,NOT_ESTABLISHED_CURRENT_AUDIT,Static canonical identity only: Create and govern purchase orders. Representative-role completion was not executed.,NOT_ESTABLISHED_CURRENT_AUDIT_NO_ROUTE_OR_PAGE_ANCHOR,NOT_ESTABLISHED_CURRENT_AUDIT_NO_ROUTE_OR_PAGE_ANCHOR,task-scripts/cap-fin-purchase-order-lifecycle.md,a0493442b9e392d324055c35bf25b69421dc2d35,f8cdaf81d83c71e4f5d064fdf88872b908ffaaa1,df6e1b1b357439ad1fd829bebf4e2d33d20d067d515eb945c352e2350a4194a4,f4feae2598622afe346b1163fed2bb842305a8d973a89ec890c02746d99b5999,false,false,false,false,false,"Static identity and source ownership only; no runtime, browser, executed-test, benchmark, ease, release, or completion credit."
TASK-CAP-FIN-QUOTE-LIFECYCLE,CAP-FIN-QUOTE-LIFECYCLE,Finance,NOT_ESTABLISHED_CURRENT_AUDIT,"Create, send, accept, and convert quotes",NOT_ESTABLISHED_CURRENT_AUDIT,"Create, send, accept, and convert quotes","NOT_ESTABLISHED_CURRENT_AUDIT; execution requires a documented representative role, approved Site/record scope where applicable, and resettable synthetic data.",SOURCE_BOUND_STATIC_IDENTITY_ONLY,NOT_EXECUTED_REPRESENTATIVE_ROLE,NOT_MEASURED,0-5; NOT_MEASURED is not 0,NOT_MEASURED,NOT_MEASURED,NOT_MEASURED,NOT_MEASURED,NOT_MEASURED,NOT_MEASURED,NOT_MEASURED,NOT_MEASURED,NOT_MEASURED,NOT_MEASURED,NOT_MEASURED,NOT_MEASURED,NOT_MEASURED,NOT_MEASURED,NOT_MEASURED,NOT_MEASURED,NOT_MEASURED,"{""discoverability"":""NOT_MEASURED"",""comprehension"":""NOT_MEASURED"",""learnability"":""NOT_MEASURED"",""efficiency"":""NOT_MEASURED"",""error_prevention"":""NOT_MEASURED"",""recovery"":""NOT_MEASURED"",""accessibility"":""NOT_MEASURED"",""safety_and_trust"":""NOT_MEASURED"",""consistency"":""NOT_MEASURED"",""cross_module_continuity"":""NOT_MEASURED""}",NOT_PERFORMED,NOT_LINKED_TO_CANONICAL_TARGET_CURRENT_AUDIT,NOT_MEASURED,NOT_MEASURED,NOT_MEASURED,NOT_MEASURED,NOT_MEASURED,NOT_MEASURED,NOT_MEASURED,NOT_MEASURED,NOT_MEASURED,NOT_MEASURED,NOT_MEASURED,H,CANONICAL_STATIC_IDENTITY_DENOMINATOR,QuoteLifecycleService and AccountsReceivableService,NOT_ESTABLISHED_CURRENT_AUDIT,"Create, send, accept, and convert quotes",NOT_ADJUDICATED_CURRENT_AUDIT,NOT_SCORED_CURRENT_AUDIT,NOT_SCORED_CURRENT_AUDIT,STATIC_CANONICAL_IDENTITY_FROZEN,INCOMPLETE_CANONICAL_STATIC_IDENTITY_ONLY,NOT_ADJUDICATED_CURRENT_AUDIT,NOT_ADJUDICATED_CURRENT_AUDIT,NOT_DETERMINED_CURRENT_AUDIT,ONE_OPERATING_ORGANISATION_MULTIPLE_SITES; FEATURE_SPECIFIC_ROLE_PERMISSION_SITE_OWNERSHIP_DIRECT_OBJECT_PRIVACY_BOUNDARY_NOT_ADJUDICATED,NOT_ESTABLISHED_CURRENT_AUDIT,NOT_ESTABLISHED_CURRENT_AUDIT,routes/finance.php:347-415; routes/finance.php:389,NOT_ESTABLISHED_CURRENT_AUDIT,app/Domain/Finance/Services/QuoteLifecycleService.php:16,tests/Feature/Finance/QuoteConversionIntegrityTest.php:92,NOT_ESTABLISHED_CURRENT_AUDIT,"Static canonical identity only: Create, send, accept, and convert quotes. Representative-role completion was not executed.",ROUTE_SOURCE_ANCHOR_ONLY_UNVALIDATED,ROUTE_SOURCE_ANCHOR_ONLY_UNVALIDATED,task-scripts/cap-fin-quote-lifecycle.md,a0493442b9e392d324055c35bf25b69421dc2d35,f8cdaf81d83c71e4f5d064fdf88872b908ffaaa1,df6e1b1b357439ad1fd829bebf4e2d33d20d067d515eb945c352e2350a4194a4,f4feae2598622afe346b1163fed2bb842305a8d973a89ec890c02746d99b5999,false,false,false,false,false,"Static identity and source ownership only; no runtime, browser, executed-test, benchmark, ease, release, or completion credit."
TASK-CAP-FIN-RECEIPT-ALLOCATION-LIFECYCLE,CAP-FIN-RECEIPT-ALLOCATION-LIFECYCLE,Finance,NOT_ESTABLISHED_CURRENT_AUDIT,Capture and allocate an idempotent receipt,NOT_ESTABLISHED_CURRENT_AUDIT,Capture and allocate an idempotent receipt,"NOT_ESTABLISHED_CURRENT_AUDIT; execution requires a documented representative role, approved Site/record scope where applicable, and resettable synthetic data.",SOURCE_BOUND_STATIC_IDENTITY_ONLY,NOT_EXECUTED_REPRESENTATIVE_ROLE,NOT_MEASURED,0-5; NOT_MEASURED is not 0,NOT_MEASURED,NOT_MEASURED,NOT_MEASURED,NOT_MEASURED,NOT_MEASURED,NOT_MEASURED,NOT_MEASURED,NOT_MEASURED,NOT_MEASURED,NOT_MEASURED,NOT_MEASURED,NOT_MEASURED,NOT_MEASURED,NOT_MEASURED,NOT_MEASURED,NOT_MEASURED,NOT_MEASURED,"{""discoverability"":""NOT_MEASURED"",""comprehension"":""NOT_MEASURED"",""learnability"":""NOT_MEASURED"",""efficiency"":""NOT_MEASURED"",""error_prevention"":""NOT_MEASURED"",""recovery"":""NOT_MEASURED"",""accessibility"":""NOT_MEASURED"",""safety_and_trust"":""NOT_MEASURED"",""consistency"":""NOT_MEASURED"",""cross_module_continuity"":""NOT_MEASURED""}",NOT_PERFORMED,NOT_LINKED_TO_CANONICAL_TARGET_CURRENT_AUDIT,NOT_MEASURED,NOT_MEASURED,NOT_MEASURED,NOT_MEASURED,NOT_MEASURED,NOT_MEASURED,NOT_MEASURED,NOT_MEASURED,NOT_MEASURED,NOT_MEASURED,NOT_MEASURED,H,CANONICAL_STATIC_IDENTITY_DENOMINATOR,QuoteLifecycleService and AccountsReceivableService,NOT_ESTABLISHED_CURRENT_AUDIT,Capture and allocate an idempotent receipt,NOT_ADJUDICATED_CURRENT_AUDIT,NOT_SCORED_CURRENT_AUDIT,NOT_SCORED_CURRENT_AUDIT,STATIC_CANONICAL_IDENTITY_FROZEN,INCOMPLETE_CANONICAL_STATIC_IDENTITY_ONLY,NOT_ADJUDICATED_CURRENT_AUDIT,NOT_ADJUDICATED_CURRENT_AUDIT,NOT_DETERMINED_CURRENT_AUDIT,ONE_OPERATING_ORGANISATION_MULTIPLE_SITES; FEATURE_SPECIFIC_ROLE_PERMISSION_SITE_OWNERSHIP_DIRECT_OBJECT_PRIVACY_BOUNDARY_NOT_ADJUDICATED,NOT_ESTABLISHED_CURRENT_AUDIT,NOT_ESTABLISHED_CURRENT_AUDIT,NOT_ESTABLISHED_CURRENT_AUDIT,NOT_ESTABLISHED_CURRENT_AUDIT,app/Domain/Finance/Http/Controllers/AccountsReceivableController.php:127; app/Domain/Finance/Services/AccountsReceivableService.php:296,NOT_ESTABLISHED_CURRENT_AUDIT,NOT_ESTABLISHED_CURRENT_AUDIT,Static canonical identity only: Capture and allocate an idempotent receipt. Representative-role completion was not executed.,NOT_ESTABLISHED_CURRENT_AUDIT_NO_ROUTE_OR_PAGE_ANCHOR,NOT_ESTABLISHED_CURRENT_AUDIT_NO_ROUTE_OR_PAGE_ANCHOR,task-scripts/cap-fin-receipt-allocation-lifecycle.md,a0493442b9e392d324055c35bf25b69421dc2d35,f8cdaf81d83c71e4f5d064fdf88872b908ffaaa1,df6e1b1b357439ad1fd829bebf4e2d33d20d067d515eb945c352e2350a4194a4,f4feae2598622afe346b1163fed2bb842305a8d973a89ec890c02746d99b5999,false,false,false,false,false,"Static identity and source ownership only; no runtime, browser, executed-test, benchmark, ease, release, or completion credit."
TASK-CAP-FIN-SITE-FINANCIAL-DASHBOARD,CAP-FIN-SITE-FINANCIAL-DASHBOARD,Finance,NOT_ESTABLISHED_CURRENT_AUDIT,Review the financial position of one authorised Site.,NOT_ESTABLISHED_CURRENT_AUDIT,Review the financial position of one authorised Site.,"NOT_ESTABLISHED_CURRENT_AUDIT; execution requires a documented representative role, approved Site/record scope where applicable, and resettable synthetic data.",SOURCE_BOUND_STATIC_IDENTITY_ONLY,NOT_EXECUTED_REPRESENTATIVE_ROLE,NOT_MEASURED,0-5; NOT_MEASURED is not 0,NOT_MEASURED,NOT_MEASURED,NOT_MEASURED,NOT_MEASURED,NOT_MEASURED,NOT_MEASURED,NOT_MEASURED,NOT_MEASURED,NOT_MEASURED,NOT_MEASURED,NOT_MEASURED,NOT_MEASURED,NOT_MEASURED,NOT_MEASURED,NOT_MEASURED,NOT_MEASURED,NOT_MEASURED,"{""discoverability"":""NOT_MEASURED"",""comprehension"":""NOT_MEASURED"",""learnability"":""NOT_MEASURED"",""efficiency"":""NOT_MEASURED"",""error_prevention"":""NOT_MEASURED"",""recovery"":""NOT_MEASURED"",""accessibility"":""NOT_MEASURED"",""safety_and_trust"":""NOT_MEASURED"",""consistency"":""NOT_MEASURED"",""cross_module_continuity"":""NOT_MEASURED""}",NOT_PERFORMED,NOT_LINKED_TO_CANONICAL_TARGET_CURRENT_AUDIT,NOT_MEASURED,NOT_MEASURED,NOT_MEASURED,NOT_MEASURED,NOT_MEASURED,NOT_MEASURED,NOT_MEASURED,NOT_MEASURED,NOT_MEASURED,NOT_MEASURED,NOT_MEASURED,H,CANONICAL_STATIC_IDENTITY_DENOMINATOR,SiteFinancialDashboardController and SiteFinancialDashboardService,NOT_ESTABLISHED_CURRENT_AUDIT,Review the financial position of one authorised Site.,NOT_ADJUDICATED_CURRENT_AUDIT,NOT_SCORED_CURRENT_AUDIT,NOT_SCORED_CURRENT_AUDIT,STATIC_CANONICAL_IDENTITY_FROZEN,INCOMPLETE_CANONICAL_STATIC_IDENTITY_ONLY,NOT_ADJUDICATED_CURRENT_AUDIT,NOT_ADJUDICATED_CURRENT_AUDIT,NOT_DETERMINED_CURRENT_AUDIT,ONE_OPERATING_ORGANISATION_MULTIPLE_SITES; FEATURE_SPECIFIC_ROLE_PERMISSION_SITE_OWNERSHIP_DIRECT_OBJECT_PRIVACY_BOUNDARY_NOT_ADJUDICATED,NOT_ESTABLISHED_CURRENT_AUDIT,NOT_ESTABLISHED_CURRENT_AUDIT,routes/finance.php:98-102,resources/js/pages/finance/site-dashboard/Show.tsx:1-524,app/Domain/Finance/Http/Controllers/SiteFinancialDashboardController.php:15-52; app/Domain/Finance/Services/SiteFinancialDashboardService.php:14-144,tests/Feature/Finance/FinancialInsightsObjectScopeTest.php:471-480,NOT_ESTABLISHED_CURRENT_AUDIT,Static canonical identity only: Review the financial position of one authorised Site.. Representative-role completion was not executed.,ROUTE_AND_PAGE_SOURCE_ANCHORS_PRESENT_UNVALIDATED,ROUTE_AND_PAGE_SOURCE_ANCHORS_PRESENT_UNVALIDATED,task-scripts/cap-fin-site-financial-dashboard.md,a0493442b9e392d324055c35bf25b69421dc2d35,f8cdaf81d83c71e4f5d064fdf88872b908ffaaa1,df6e1b1b357439ad1fd829bebf4e2d33d20d067d515eb945c352e2350a4194a4,f4feae2598622afe346b1163fed2bb842305a8d973a89ec890c02746d99b5999,false,false,false,false,false,"Static identity and source ownership only; no runtime, browser, executed-test, benchmark, ease, release, or completion credit."
TASK-CAP-FIN-SITE-PORTFOLIO-OVERVIEW,CAP-FIN-SITE-PORTFOLIO-OVERVIEW,Finance,NOT_ESTABLISHED_CURRENT_AUDIT,Compare financial summaries for every Site visible to the viewer.,NOT_ESTABLISHED_CURRENT_AUDIT,Compare financial summaries for every Site visible to the viewer.,"NOT_ESTABLISHED_CURRENT_AUDIT; execution requires a documented representative role, approved Site/record scope where applicable, and resettable synthetic data.",SOURCE_BOUND_STATIC_IDENTITY_ONLY,NOT_EXECUTED_REPRESENTATIVE_ROLE,NOT_MEASURED,0-5; NOT_MEASURED is not 0,NOT_MEASURED,NOT_MEASURED,NOT_MEASURED,NOT_MEASURED,NOT_MEASURED,NOT_MEASURED,NOT_MEASURED,NOT_MEASURED,NOT_MEASURED,NOT_MEASURED,NOT_MEASURED,NOT_MEASURED,NOT_MEASURED,NOT_MEASURED,NOT_MEASURED,NOT_MEASURED,NOT_MEASURED,"{""discoverability"":""NOT_MEASURED"",""comprehension"":""NOT_MEASURED"",""learnability"":""NOT_MEASURED"",""efficiency"":""NOT_MEASURED"",""error_prevention"":""NOT_MEASURED"",""recovery"":""NOT_MEASURED"",""accessibility"":""NOT_MEASURED"",""safety_and_trust"":""NOT_MEASURED"",""consistency"":""NOT_MEASURED"",""cross_module_continuity"":""NOT_MEASURED""}",NOT_PERFORMED,NOT_LINKED_TO_CANONICAL_TARGET_CURRENT_AUDIT,NOT_MEASURED,NOT_MEASURED,NOT_MEASURED,NOT_MEASURED,NOT_MEASURED,NOT_MEASURED,NOT_MEASURED,NOT_MEASURED,NOT_MEASURED,NOT_MEASURED,NOT_MEASURED,H,CANONICAL_STATIC_IDENTITY_DENOMINATOR,SitesFinancialOverviewController and FinancialInsightsScopeResolver,NOT_ESTABLISHED_CURRENT_AUDIT,Compare financial summaries for every Site visible to the viewer.,NOT_ADJUDICATED_CURRENT_AUDIT,NOT_SCORED_CURRENT_AUDIT,NOT_SCORED_CURRENT_AUDIT,STATIC_CANONICAL_IDENTITY_FROZEN,INCOMPLETE_CANONICAL_STATIC_IDENTITY_ONLY,NOT_ADJUDICATED_CURRENT_AUDIT,NOT_ADJUDICATED_CURRENT_AUDIT,NOT_DETERMINED_CURRENT_AUDIT,ONE_OPERATING_ORGANISATION_MULTIPLE_SITES; FEATURE_SPECIFIC_ROLE_PERMISSION_SITE_OWNERSHIP_DIRECT_OBJECT_PRIVACY_BOUNDARY_NOT_ADJUDICATED,NOT_ESTABLISHED_CURRENT_AUDIT,NOT_ESTABLISHED_CURRENT_AUDIT,routes/finance.php:93-96,resources/js/pages/finance/sites-overview/Show.tsx:1-571,app/Domain/Finance/Http/Controllers/SitesFinancialOverviewController.php:14-154; app/Domain/Finance/Services/FinancialInsightsScopeResolver.php:35-70,tests/Feature/Finance/SitesFinancialOverviewTest.php:1,NOT_ESTABLISHED_CURRENT_AUDIT,Static canonical identity only: Compare financial summaries for every Site visible to the viewer.. Representative-role completion was not executed.,ROUTE_AND_PAGE_SOURCE_ANCHORS_PRESENT_UNVALIDATED,ROUTE_AND_PAGE_SOURCE_ANCHORS_PRESENT_UNVALIDATED,task-scripts/cap-fin-site-portfolio-overview.md,a0493442b9e392d324055c35bf25b69421dc2d35,f8cdaf81d83c71e4f5d064fdf88872b908ffaaa1,df6e1b1b357439ad1fd829bebf4e2d33d20d067d515eb945c352e2350a4194a4,f4feae2598622afe346b1163fed2bb842305a8d973a89ec890c02746d99b5999,false,false,false,false,false,"Static identity and source ownership only; no runtime, browser, executed-test, benchmark, ease, release, or completion credit."
TASK-CAP-FIN-VENDOR-MASTER,CAP-FIN-VENDOR-MASTER,Finance,NOT_ESTABLISHED_CURRENT_AUDIT,Maintain vendor master records,NOT_ESTABLISHED_CURRENT_AUDIT,Maintain vendor master records,"NOT_ESTABLISHED_CURRENT_AUDIT; execution requires a documented representative role, approved Site/record scope where applicable, and resettable synthetic data.",SOURCE_BOUND_STATIC_IDENTITY_ONLY,NOT_EXECUTED_REPRESENTATIVE_ROLE,NOT_MEASURED,0-5; NOT_MEASURED is not 0,NOT_MEASURED,NOT_MEASURED,NOT_MEASURED,NOT_MEASURED,NOT_MEASURED,NOT_MEASURED,NOT_MEASURED,NOT_MEASURED,NOT_MEASURED,NOT_MEASURED,NOT_MEASURED,NOT_MEASURED,NOT_MEASURED,NOT_MEASURED,NOT_MEASURED,NOT_MEASURED,NOT_MEASURED,"{""discoverability"":""NOT_MEASURED"",""comprehension"":""NOT_MEASURED"",""learnability"":""NOT_MEASURED"",""efficiency"":""NOT_MEASURED"",""error_prevention"":""NOT_MEASURED"",""recovery"":""NOT_MEASURED"",""accessibility"":""NOT_MEASURED"",""safety_and_trust"":""NOT_MEASURED"",""consistency"":""NOT_MEASURED"",""cross_module_continuity"":""NOT_MEASURED""}",NOT_PERFORMED,NOT_LINKED_TO_CANONICAL_TARGET_CURRENT_AUDIT,NOT_MEASURED,NOT_MEASURED,NOT_MEASURED,NOT_MEASURED,NOT_MEASURED,NOT_MEASURED,NOT_MEASURED,NOT_MEASURED,NOT_MEASURED,NOT_MEASURED,NOT_MEASURED,H,CANONICAL_STATIC_IDENTITY_DENOMINATOR,AccountsPayableService and AP controllers,NOT_ESTABLISHED_CURRENT_AUDIT,Maintain vendor master records,NOT_ADJUDICATED_CURRENT_AUDIT,NOT_SCORED_CURRENT_AUDIT,NOT_SCORED_CURRENT_AUDIT,STATIC_CANONICAL_IDENTITY_FROZEN,INCOMPLETE_CANONICAL_STATIC_IDENTITY_ONLY,NOT_ADJUDICATED_CURRENT_AUDIT,NOT_ADJUDICATED_CURRENT_AUDIT,NOT_DETERMINED_CURRENT_AUDIT,ONE_OPERATING_ORGANISATION_MULTIPLE_SITES; FEATURE_SPECIFIC_ROLE_PERMISSION_SITE_OWNERSHIP_DIRECT_OBJECT_PRIVACY_BOUNDARY_NOT_ADJUDICATED,NOT_ESTABLISHED_CURRENT_AUDIT,NOT_ESTABLISHED_CURRENT_AUDIT,NOT_ESTABLISHED_CURRENT_AUDIT,NOT_ESTABLISHED_CURRENT_AUDIT,app/Domain/Finance/Http/Controllers/VendorController.php:14,NOT_ESTABLISHED_CURRENT_AUDIT,NOT_ESTABLISHED_CURRENT_AUDIT,Static canonical identity only: Maintain vendor master records. Representative-role completion was not executed.,NOT_ESTABLISHED_CURRENT_AUDIT_NO_ROUTE_OR_PAGE_ANCHOR,NOT_ESTABLISHED_CURRENT_AUDIT_NO_ROUTE_OR_PAGE_ANCHOR,task-scripts/cap-fin-vendor-master.md,a0493442b9e392d324055c35bf25b69421dc2d35,f8cdaf81d83c71e4f5d064fdf88872b908ffaaa1,df6e1b1b357439ad1fd829bebf4e2d33d20d067d515eb945c352e2350a4194a4,f4feae2598622afe346b1163fed2bb842305a8d973a89ec890c02746d99b5999,false,false,false,false,false,"Static identity and source ownership only; no runtime, browser, executed-test, benchmark, ease, release, or completion credit."
TASK-CAP-FLEET-ASSET-REGISTER,CAP-FLEET-ASSET-REGISTER,Fleet & Assets,NOT_ESTABLISHED_CURRENT_AUDIT,Maintain assets with custody provenance,NOT_ESTABLISHED_CURRENT_AUDIT,Maintain assets with custody provenance,"NOT_ESTABLISHED_CURRENT_AUDIT; execution requires a documented representative role, approved Site/record scope where applicable, and resettable synthetic data.",SOURCE_BOUND_STATIC_IDENTITY_ONLY,NOT_EXECUTED_REPRESENTATIVE_ROLE,NOT_MEASURED,0-5; NOT_MEASURED is not 0,NOT_MEASURED,NOT_MEASURED,NOT_MEASURED,NOT_MEASURED,NOT_MEASURED,NOT_MEASURED,NOT_MEASURED,NOT_MEASURED,NOT_MEASURED,NOT_MEASURED,NOT_MEASURED,NOT_MEASURED,NOT_MEASURED,NOT_MEASURED,NOT_MEASURED,NOT_MEASURED,NOT_MEASURED,"{""discoverability"":""NOT_MEASURED"",""comprehension"":""NOT_MEASURED"",""learnability"":""NOT_MEASURED"",""efficiency"":""NOT_MEASURED"",""error_prevention"":""NOT_MEASURED"",""recovery"":""NOT_MEASURED"",""accessibility"":""NOT_MEASURED"",""safety_and_trust"":""NOT_MEASURED"",""consistency"":""NOT_MEASURED"",""cross_module_continuity"":""NOT_MEASURED""}",NOT_PERFORMED,NOT_LINKED_TO_CANONICAL_TARGET_CURRENT_AUDIT,NOT_MEASURED,NOT_MEASURED,NOT_MEASURED,NOT_MEASURED,NOT_MEASURED,NOT_MEASURED,NOT_MEASURED,NOT_MEASURED,NOT_MEASURED,NOT_MEASURED,NOT_MEASURED,H,CANONICAL_STATIC_IDENTITY_DENOMINATOR,AssetController and AssetMutationIntegrityService,NOT_ESTABLISHED_CURRENT_AUDIT,Maintain assets with custody provenance,NOT_ADJUDICATED_CURRENT_AUDIT,NOT_SCORED_CURRENT_AUDIT,NOT_SCORED_CURRENT_AUDIT,STATIC_CANONICAL_IDENTITY_FROZEN,INCOMPLETE_CANONICAL_STATIC_IDENTITY_ONLY,NOT_ADJUDICATED_CURRENT_AUDIT,NOT_ADJUDICATED_CURRENT_AUDIT,NOT_DETERMINED_CURRENT_AUDIT,ONE_OPERATING_ORGANISATION_MULTIPLE_SITES; FEATURE_SPECIFIC_ROLE_PERMISSION_SITE_OWNERSHIP_DIRECT_OBJECT_PRIVACY_BOUNDARY_NOT_ADJUDICATED,NOT_ESTABLISHED_CURRENT_AUDIT,NOT_ESTABLISHED_CURRENT_AUDIT,routes/fleet-assets.php:71-80,resources/js/pages/fleet-assets/assets/index.tsx,NOT_ESTABLISHED_CURRENT_AUDIT,NOT_ESTABLISHED_CURRENT_AUDIT,NOT_ESTABLISHED_CURRENT_AUDIT,Static canonical identity only: Maintain assets with custody provenance. Representative-role completion was not executed.,ROUTE_AND_PAGE_SOURCE_ANCHORS_PRESENT_UNVALIDATED,ROUTE_AND_PAGE_SOURCE_ANCHORS_PRESENT_UNVALIDATED,task-scripts/cap-fleet-asset-register.md,a0493442b9e392d324055c35bf25b69421dc2d35,f8cdaf81d83c71e4f5d064fdf88872b908ffaaa1,df6e1b1b357439ad1fd829bebf4e2d33d20d067d515eb945c352e2350a4194a4,f4feae2598622afe346b1163fed2bb842305a8d973a89ec890c02746d99b5999,false,false,false,false,false,"Static identity and source ownership only; no runtime, browser, executed-test, benchmark, ease, release, or completion credit."
TASK-CAP-FLEET-DAILY-VEHICLE-CHECK,CAP-FLEET-DAILY-VEHICLE-CHECK,Fleet & Assets,NOT_ESTABLISHED_CURRENT_AUDIT,Record a daily vehicle check against its authorised template,NOT_ESTABLISHED_CURRENT_AUDIT,Record a daily vehicle check against its authorised template,"NOT_ESTABLISHED_CURRENT_AUDIT; execution requires a documented representative role, approved Site/record scope where applicable, and resettable synthetic data.",SOURCE_BOUND_STATIC_IDENTITY_ONLY,NOT_EXECUTED_REPRESENTATIVE_ROLE,NOT_MEASURED,0-5; NOT_MEASURED is not 0,NOT_MEASURED,NOT_MEASURED,NOT_MEASURED,NOT_MEASURED,NOT_MEASURED,NOT_MEASURED,NOT_MEASURED,NOT_MEASURED,NOT_MEASURED,NOT_MEASURED,NOT_MEASURED,NOT_MEASURED,NOT_MEASURED,NOT_MEASURED,NOT_MEASURED,NOT_MEASURED,NOT_MEASURED,"{""discoverability"":""NOT_MEASURED"",""comprehension"":""NOT_MEASURED"",""learnability"":""NOT_MEASURED"",""efficiency"":""NOT_MEASURED"",""error_prevention"":""NOT_MEASURED"",""recovery"":""NOT_MEASURED"",""accessibility"":""NOT_MEASURED"",""safety_and_trust"":""NOT_MEASURED"",""consistency"":""NOT_MEASURED"",""cross_module_continuity"":""NOT_MEASURED""}",NOT_PERFORMED,NOT_LINKED_TO_CANONICAL_TARGET_CURRENT_AUDIT,NOT_MEASURED,NOT_MEASURED,NOT_MEASURED,NOT_MEASURED,NOT_MEASURED,NOT_MEASURED,NOT_MEASURED,NOT_MEASURED,NOT_MEASURED,NOT_MEASURED,NOT_MEASURED,H,CANONICAL_STATIC_IDENTITY_DENOMINATOR,WorkOrderController and fleet maintenance owners,NOT_ESTABLISHED_CURRENT_AUDIT,Record a daily vehicle check against its authorised template,NOT_ADJUDICATED_CURRENT_AUDIT,NOT_SCORED_CURRENT_AUDIT,NOT_SCORED_CURRENT_AUDIT,STATIC_CANONICAL_IDENTITY_FROZEN,INCOMPLETE_CANONICAL_STATIC_IDENTITY_ONLY,NOT_ADJUDICATED_CURRENT_AUDIT,NOT_ADJUDICATED_CURRENT_AUDIT,NOT_DETERMINED_CURRENT_AUDIT,ONE_OPERATING_ORGANISATION_MULTIPLE_SITES; FEATURE_SPECIFIC_ROLE_PERMISSION_SITE_OWNERSHIP_DIRECT_OBJECT_PRIVACY_BOUNDARY_NOT_ADJUDICATED,NOT_ESTABLISHED_CURRENT_AUDIT,NOT_ESTABLISHED_CURRENT_AUDIT,routes/fleet-assets.php:45-46,NOT_ESTABLISHED_CURRENT_AUDIT,app/Http/Controllers/FleetAssets/DailyCheckController.php:15-189,NOT_ESTABLISHED_CURRENT_AUDIT,NOT_ESTABLISHED_CURRENT_AUDIT,Static canonical identity only: Record a daily vehicle check against its authorised template. Representative-role completion was not executed.,ROUTE_SOURCE_ANCHOR_ONLY_UNVALIDATED,ROUTE_SOURCE_ANCHOR_ONLY_UNVALIDATED,task-scripts/cap-fleet-daily-vehicle-check.md,a0493442b9e392d324055c35bf25b69421dc2d35,f8cdaf81d83c71e4f5d064fdf88872b908ffaaa1,df6e1b1b357439ad1fd829bebf4e2d33d20d067d515eb945c352e2350a4194a4,f4feae2598622afe346b1163fed2bb842305a8d973a89ec890c02746d99b5999,false,false,false,false,false,"Static identity and source ownership only; no runtime, browser, executed-test, benchmark, ease, release, or completion credit."
TASK-CAP-FLEET-GEOFENCE-LIFECYCLE,CAP-FLEET-GEOFENCE-LIFECYCLE,Fleet & Assets,NOT_ESTABLISHED_CURRENT_AUDIT,"Create, update, and remove authorised fleet geofences",NOT_ESTABLISHED_CURRENT_AUDIT,"Create, update, and remove authorised fleet geofences","NOT_ESTABLISHED_CURRENT_AUDIT; execution requires a documented representative role, approved Site/record scope where applicable, and resettable synthetic data.",SOURCE_BOUND_STATIC_IDENTITY_ONLY,NOT_EXECUTED_REPRESENTATIVE_ROLE,NOT_MEASURED,0-5; NOT_MEASURED is not 0,NOT_MEASURED,NOT_MEASURED,NOT_MEASURED,NOT_MEASURED,NOT_MEASURED,NOT_MEASURED,NOT_MEASURED,NOT_MEASURED,NOT_MEASURED,NOT_MEASURED,NOT_MEASURED,NOT_MEASURED,NOT_MEASURED,NOT_MEASURED,NOT_MEASURED,NOT_MEASURED,NOT_MEASURED,"{""discoverability"":""NOT_MEASURED"",""comprehension"":""NOT_MEASURED"",""learnability"":""NOT_MEASURED"",""efficiency"":""NOT_MEASURED"",""error_prevention"":""NOT_MEASURED"",""recovery"":""NOT_MEASURED"",""accessibility"":""NOT_MEASURED"",""safety_and_trust"":""NOT_MEASURED"",""consistency"":""NOT_MEASURED"",""cross_module_continuity"":""NOT_MEASURED""}",NOT_PERFORMED,NOT_LINKED_TO_CANONICAL_TARGET_CURRENT_AUDIT,NOT_MEASURED,NOT_MEASURED,NOT_MEASURED,NOT_MEASURED,NOT_MEASURED,NOT_MEASURED,NOT_MEASURED,NOT_MEASURED,NOT_MEASURED,NOT_MEASURED,NOT_MEASURED,H,CANONICAL_STATIC_IDENTITY_DENOMINATOR,ResidentTrackingController and realtime authorization owners,NOT_ESTABLISHED_CURRENT_AUDIT,"Create, update, and remove authorised fleet geofences",NOT_ADJUDICATED_CURRENT_AUDIT,NOT_SCORED_CURRENT_AUDIT,NOT_SCORED_CURRENT_AUDIT,STATIC_CANONICAL_IDENTITY_FROZEN,INCOMPLETE_CANONICAL_STATIC_IDENTITY_ONLY,NOT_ADJUDICATED_CURRENT_AUDIT,NOT_ADJUDICATED_CURRENT_AUDIT,NOT_DETERMINED_CURRENT_AUDIT,ONE_OPERATING_ORGANISATION_MULTIPLE_SITES; FEATURE_SPECIFIC_ROLE_PERMISSION_SITE_OWNERSHIP_DIRECT_OBJECT_PRIVACY_BOUNDARY_NOT_ADJUDICATED,NOT_ESTABLISHED_CURRENT_AUDIT,NOT_ESTABLISHED_CURRENT_AUDIT,routes/fleet-assets.php:145-157,NOT_ESTABLISHED_CURRENT_AUDIT,app/Http/Controllers/FleetAssets/GeofenceController.php:18-212,NOT_ESTABLISHED_CURRENT_AUDIT,NOT_ESTABLISHED_CURRENT_AUDIT,"Static canonical identity only: Create, update, and remove authorised fleet geofences. Representative-role completion was not executed.",ROUTE_SOURCE_ANCHOR_ONLY_UNVALIDATED,ROUTE_SOURCE_ANCHOR_ONLY_UNVALIDATED,task-scripts/cap-fleet-geofence-lifecycle.md,a0493442b9e392d324055c35bf25b69421dc2d35,f8cdaf81d83c71e4f5d064fdf88872b908ffaaa1,df6e1b1b357439ad1fd829bebf4e2d33d20d067d515eb945c352e2350a4194a4,f4feae2598622afe346b1163fed2bb842305a8d973a89ec890c02746d99b5999,false,false,false,false,false,"Static identity and source ownership only; no runtime, browser, executed-test, benchmark, ease, release, or completion credit."
TASK-CAP-FLEET-HANDOVER-LIFECYCLE,CAP-FLEET-HANDOVER-LIFECYCLE,Fleet & Assets,NOT_ESTABLISHED_CURRENT_AUDIT,"Create, accept, or dispute a fleet handover",NOT_ESTABLISHED_CURRENT_AUDIT,"Create, accept, or dispute a fleet handover","NOT_ESTABLISHED_CURRENT_AUDIT; execution requires a documented representative role, approved Site/record scope where applicable, and resettable synthetic data.",SOURCE_BOUND_STATIC_IDENTITY_ONLY,NOT_EXECUTED_REPRESENTATIVE_ROLE,NOT_MEASURED,0-5; NOT_MEASURED is not 0,NOT_MEASURED,NOT_MEASURED,NOT_MEASURED,NOT_MEASURED,NOT_MEASURED,NOT_MEASURED,NOT_MEASURED,NOT_MEASURED,NOT_MEASURED,NOT_MEASURED,NOT_MEASURED,NOT_MEASURED,NOT_MEASURED,NOT_MEASURED,NOT_MEASURED,NOT_MEASURED,NOT_MEASURED,"{""discoverability"":""NOT_MEASURED"",""comprehension"":""NOT_MEASURED"",""learnability"":""NOT_MEASURED"",""efficiency"":""NOT_MEASURED"",""error_prevention"":""NOT_MEASURED"",""recovery"":""NOT_MEASURED"",""accessibility"":""NOT_MEASURED"",""safety_and_trust"":""NOT_MEASURED"",""consistency"":""NOT_MEASURED"",""cross_module_continuity"":""NOT_MEASURED""}",NOT_PERFORMED,NOT_LINKED_TO_CANONICAL_TARGET_CURRENT_AUDIT,NOT_MEASURED,NOT_MEASURED,NOT_MEASURED,NOT_MEASURED,NOT_MEASURED,NOT_MEASURED,NOT_MEASURED,NOT_MEASURED,NOT_MEASURED,NOT_MEASURED,NOT_MEASURED,H,CANONICAL_STATIC_IDENTITY_DENOMINATOR,HandoverController,NOT_ESTABLISHED_CURRENT_AUDIT,"Create, accept, or dispute a fleet handover",NOT_ADJUDICATED_CURRENT_AUDIT,NOT_SCORED_CURRENT_AUDIT,NOT_SCORED_CURRENT_AUDIT,STATIC_CANONICAL_IDENTITY_FROZEN,INCOMPLETE_CANONICAL_STATIC_IDENTITY_ONLY,NOT_ADJUDICATED_CURRENT_AUDIT,NOT_ADJUDICATED_CURRENT_AUDIT,NOT_DETERMINED_CURRENT_AUDIT,ONE_OPERATING_ORGANISATION_MULTIPLE_SITES; FEATURE_SPECIFIC_ROLE_PERMISSION_SITE_OWNERSHIP_DIRECT_OBJECT_PRIVACY_BOUNDARY_NOT_ADJUDICATED,NOT_ESTABLISHED_CURRENT_AUDIT,NOT_ESTABLISHED_CURRENT_AUDIT,routes/fleet-assets.php:254-270; routes/fleet-assets.php:254-272,resources/js/pages/fleet-assets/handovers/index.tsx,app/Http/Controllers/FleetAssets/HandoverController.php:19-536,NOT_ESTABLISHED_CURRENT_AUDIT,NOT_ESTABLISHED_CURRENT_AUDIT,"Static canonical identity only: Create, accept, or dispute a fleet handover. Representative-role completion was not executed.",ROUTE_AND_PAGE_SOURCE_ANCHORS_PRESENT_UNVALIDATED,ROUTE_AND_PAGE_SOURCE_ANCHORS_PRESENT_UNVALIDATED,task-scripts/cap-fleet-handover-lifecycle.md,a0493442b9e392d324055c35bf25b69421dc2d35,f8cdaf81d83c71e4f5d064fdf88872b908ffaaa1,df6e1b1b357439ad1fd829bebf4e2d33d20d067d515eb945c352e2350a4194a4,f4feae2598622afe346b1163fed2bb842305a8d973a89ec890c02746d99b5999,false,false,false,false,false,"Static identity and source ownership only; no runtime, browser, executed-test, benchmark, ease, release, or completion credit."
TASK-CAP-FLEET-INCIDENT-RECORD,CAP-FLEET-INCIDENT-RECORD,Fleet & Assets,NOT_ESTABLISHED_CURRENT_AUDIT,Record and govern a fleet incident,NOT_ESTABLISHED_CURRENT_AUDIT,Record and govern a fleet incident,"NOT_ESTABLISHED_CURRENT_AUDIT; execution requires a documented representative role, approved Site/record scope where applicable, and resettable synthetic data.",SOURCE_BOUND_STATIC_IDENTITY_ONLY,NOT_EXECUTED_REPRESENTATIVE_ROLE,NOT_MEASURED,0-5; NOT_MEASURED is not 0,NOT_MEASURED,NOT_MEASURED,NOT_MEASURED,NOT_MEASURED,NOT_MEASURED,NOT_MEASURED,NOT_MEASURED,NOT_MEASURED,NOT_MEASURED,NOT_MEASURED,NOT_MEASURED,NOT_MEASURED,NOT_MEASURED,NOT_MEASURED,NOT_MEASURED,NOT_MEASURED,NOT_MEASURED,"{""discoverability"":""NOT_MEASURED"",""comprehension"":""NOT_MEASURED"",""learnability"":""NOT_MEASURED"",""efficiency"":""NOT_MEASURED"",""error_prevention"":""NOT_MEASURED"",""recovery"":""NOT_MEASURED"",""accessibility"":""NOT_MEASURED"",""safety_and_trust"":""NOT_MEASURED"",""consistency"":""NOT_MEASURED"",""cross_module_continuity"":""NOT_MEASURED""}",NOT_PERFORMED,NOT_LINKED_TO_CANONICAL_TARGET_CURRENT_AUDIT,NOT_MEASURED,NOT_MEASURED,NOT_MEASURED,NOT_MEASURED,NOT_MEASURED,NOT_MEASURED,NOT_MEASURED,NOT_MEASURED,NOT_MEASURED,NOT_MEASURED,NOT_MEASURED,H,CANONICAL_STATIC_IDENTITY_DENOMINATOR,Fleet incident controller,NOT_ESTABLISHED_CURRENT_AUDIT,Record and govern a fleet incident,NOT_ADJUDICATED_CURRENT_AUDIT,NOT_SCORED_CURRENT_AUDIT,NOT_SCORED_CURRENT_AUDIT,STATIC_CANONICAL_IDENTITY_FROZEN,INCOMPLETE_CANONICAL_STATIC_IDENTITY_ONLY,NOT_ADJUDICATED_CURRENT_AUDIT,NOT_ADJUDICATED_CURRENT_AUDIT,NOT_DETERMINED_CURRENT_AUDIT,ONE_OPERATING_ORGANISATION_MULTIPLE_SITES; FEATURE_SPECIFIC_ROLE_PERMISSION_SITE_OWNERSHIP_DIRECT_OBJECT_PRIVACY_BOUNDARY_NOT_ADJUDICATED,NOT_ESTABLISHED_CURRENT_AUDIT,NOT_ESTABLISHED_CURRENT_AUDIT,routes/fleet-assets.php:274-302,resources/js/pages/fleet-assets/incidents/index.tsx,app/Http/Controllers/FleetAssets/IncidentController.php:33,NOT_ESTABLISHED_CURRENT_AUDIT,NOT_ESTABLISHED_CURRENT_AUDIT,Static canonical identity only: Record and govern a fleet incident. Representative-role completion was not executed.,ROUTE_AND_PAGE_SOURCE_ANCHORS_PRESENT_UNVALIDATED,ROUTE_AND_PAGE_SOURCE_ANCHORS_PRESENT_UNVALIDATED,task-scripts/cap-fleet-incident-record.md,a0493442b9e392d324055c35bf25b69421dc2d35,f8cdaf81d83c71e4f5d064fdf88872b908ffaaa1,df6e1b1b357439ad1fd829bebf4e2d33d20d067d515eb945c352e2350a4194a4,f4feae2598622afe346b1163fed2bb842305a8d973a89ec890c02746d99b5999,false,false,false,false,false,"Static identity and source ownership only; no runtime, browser, executed-test, benchmark, ease, release, or completion credit."
TASK-CAP-FLEET-KEY-CUSTODY,CAP-FLEET-KEY-CUSTODY,Fleet & Assets,NOT_ESTABLISHED_CURRENT_AUDIT,"Issue, return, and reconcile vehicle-key custody",NOT_ESTABLISHED_CURRENT_AUDIT,"Issue, return, and reconcile vehicle-key custody","NOT_ESTABLISHED_CURRENT_AUDIT; execution requires a documented representative role, approved Site/record scope where applicable, and resettable synthetic data.",SOURCE_BOUND_STATIC_IDENTITY_ONLY,NOT_EXECUTED_REPRESENTATIVE_ROLE,NOT_MEASURED,0-5; NOT_MEASURED is not 0,NOT_MEASURED,NOT_MEASURED,NOT_MEASURED,NOT_MEASURED,NOT_MEASURED,NOT_MEASURED,NOT_MEASURED,NOT_MEASURED,NOT_MEASURED,NOT_MEASURED,NOT_MEASURED,NOT_MEASURED,NOT_MEASURED,NOT_MEASURED,NOT_MEASURED,NOT_MEASURED,NOT_MEASURED,"{""discoverability"":""NOT_MEASURED"",""comprehension"":""NOT_MEASURED"",""learnability"":""NOT_MEASURED"",""efficiency"":""NOT_MEASURED"",""error_prevention"":""NOT_MEASURED"",""recovery"":""NOT_MEASURED"",""accessibility"":""NOT_MEASURED"",""safety_and_trust"":""NOT_MEASURED"",""consistency"":""NOT_MEASURED"",""cross_module_continuity"":""NOT_MEASURED""}",NOT_PERFORMED,NOT_LINKED_TO_CANONICAL_TARGET_CURRENT_AUDIT,NOT_MEASURED,NOT_MEASURED,NOT_MEASURED,NOT_MEASURED,NOT_MEASURED,NOT_MEASURED,NOT_MEASURED,NOT_MEASURED,NOT_MEASURED,NOT_MEASURED,NOT_MEASURED,H,CANONICAL_STATIC_IDENTITY_DENOMINATOR,KeyController,NOT_ESTABLISHED_CURRENT_AUDIT,"Issue, return, and reconcile vehicle-key custody",NOT_ADJUDICATED_CURRENT_AUDIT,NOT_SCORED_CURRENT_AUDIT,NOT_SCORED_CURRENT_AUDIT,STATIC_CANONICAL_IDENTITY_FROZEN,INCOMPLETE_CANONICAL_STATIC_IDENTITY_ONLY,NOT_ADJUDICATED_CURRENT_AUDIT,NOT_ADJUDICATED_CURRENT_AUDIT,NOT_DETERMINED_CURRENT_AUDIT,ONE_OPERATING_ORGANISATION_MULTIPLE_SITES; FEATURE_SPECIFIC_ROLE_PERMISSION_SITE_OWNERSHIP_DIRECT_OBJECT_PRIVACY_BOUNDARY_NOT_ADJUDICATED,NOT_ESTABLISHED_CURRENT_AUDIT,NOT_ESTABLISHED_CURRENT_AUDIT,routes/fleet-assets.php:195-205; routes/fleet-assets.php:197-204,resources/js/pages/fleet-assets/keys/index.tsx,app/Http/Controllers/FleetAssets/KeyController.php:18-586,NOT_ESTABLISHED_CURRENT_AUDIT,NOT_ESTABLISHED_CURRENT_AUDIT,"Static canonical identity only: Issue, return, and reconcile vehicle-key custody. Representative-role completion was not executed.",ROUTE_AND_PAGE_SOURCE_ANCHORS_PRESENT_UNVALIDATED,ROUTE_AND_PAGE_SOURCE_ANCHORS_PRESENT_UNVALIDATED,task-scripts/cap-fleet-key-custody.md,a0493442b9e392d324055c35bf25b69421dc2d35,f8cdaf81d83c71e4f5d064fdf88872b908ffaaa1,df6e1b1b357439ad1fd829bebf4e2d33d20d067d515eb945c352e2350a4194a4,f4feae2598622afe346b1163fed2bb842305a8d973a89ec890c02746d99b5999,false,false,false,false,false,"Static identity and source ownership only; no runtime, browser, executed-test, benchmark, ease, release, or completion credit."
TASK-CAP-FLEET-MAINTENANCE-SCHEDULE,CAP-FLEET-MAINTENANCE-SCHEDULE,Fleet & Assets,NOT_ESTABLISHED_CURRENT_AUDIT,Create and maintain vehicle service schedules,NOT_ESTABLISHED_CURRENT_AUDIT,Create and maintain vehicle service schedules,"NOT_ESTABLISHED_CURRENT_AUDIT; execution requires a documented representative role, approved Site/record scope where applicable, and resettable synthetic data.",SOURCE_BOUND_STATIC_IDENTITY_ONLY,NOT_EXECUTED_REPRESENTATIVE_ROLE,NOT_MEASURED,0-5; NOT_MEASURED is not 0,NOT_MEASURED,NOT_MEASURED,NOT_MEASURED,NOT_MEASURED,NOT_MEASURED,NOT_MEASURED,NOT_MEASURED,NOT_MEASURED,NOT_MEASURED,NOT_MEASURED,NOT_MEASURED,NOT_MEASURED,NOT_MEASURED,NOT_MEASURED,NOT_MEASURED,NOT_MEASURED,NOT_MEASURED,"{""discoverability"":""NOT_MEASURED"",""comprehension"":""NOT_MEASURED"",""learnability"":""NOT_MEASURED"",""efficiency"":""NOT_MEASURED"",""error_prevention"":""NOT_MEASURED"",""recovery"":""NOT_MEASURED"",""accessibility"":""NOT_MEASURED"",""safety_and_trust"":""NOT_MEASURED"",""consistency"":""NOT_MEASURED"",""cross_module_continuity"":""NOT_MEASURED""}",NOT_PERFORMED,NOT_LINKED_TO_CANONICAL_TARGET_CURRENT_AUDIT,NOT_MEASURED,NOT_MEASURED,NOT_MEASURED,NOT_MEASURED,NOT_MEASURED,NOT_MEASURED,NOT_MEASURED,NOT_MEASURED,NOT_MEASURED,NOT_MEASURED,NOT_MEASURED,H,CANONICAL_STATIC_IDENTITY_DENOMINATOR,Fleet maintenance schedule owner,NOT_ESTABLISHED_CURRENT_AUDIT,Create and maintain vehicle service schedules,NOT_ADJUDICATED_CURRENT_AUDIT,NOT_SCORED_CURRENT_AUDIT,NOT_SCORED_CURRENT_AUDIT,STATIC_CANONICAL_IDENTITY_FROZEN,INCOMPLETE_CANONICAL_STATIC_IDENTITY_ONLY,NOT_ADJUDICATED_CURRENT_AUDIT,NOT_ADJUDICATED_CURRENT_AUDIT,NOT_DETERMINED_CURRENT_AUDIT,ONE_OPERATING_ORGANISATION_MULTIPLE_SITES; FEATURE_SPECIFIC_ROLE_PERMISSION_SITE_OWNERSHIP_DIRECT_OBJECT_PRIVACY_BOUNDARY_NOT_ADJUDICATED,NOT_ESTABLISHED_CURRENT_AUDIT,NOT_ESTABLISHED_CURRENT_AUDIT,routes/fleet-assets.php:170; routes/fleet-assets.php:188-190,resources/js/pages/fleet-assets/maintenance/schedules/index.tsx,app/Http/Controllers/FleetAssets/ServiceScheduleController.php:14-225,NOT_ESTABLISHED_CURRENT_AUDIT,NOT_ESTABLISHED_CURRENT_AUDIT,Static canonical identity only: Create and maintain vehicle service schedules. Representative-role completion was not executed.,ROUTE_AND_PAGE_SOURCE_ANCHORS_PRESENT_UNVALIDATED,ROUTE_AND_PAGE_SOURCE_ANCHORS_PRESENT_UNVALIDATED,task-scripts/cap-fleet-maintenance-schedule.md,a0493442b9e392d324055c35bf25b69421dc2d35,f8cdaf81d83c71e4f5d064fdf88872b908ffaaa1,df6e1b1b357439ad1fd829bebf4e2d33d20d067d515eb945c352e2350a4194a4,f4feae2598622afe346b1163fed2bb842305a8d973a89ec890c02746d99b5999,false,false,false,false,false,"Static identity and source ownership only; no runtime, browser, executed-test, benchmark, ease, release, or completion credit."
TASK-CAP-FLEET-MILEAGE-RECORD,CAP-FLEET-MILEAGE-RECORD,Fleet & Assets,NOT_ESTABLISHED_CURRENT_AUDIT,Record authorised vehicle mileage,NOT_ESTABLISHED_CURRENT_AUDIT,Record authorised vehicle mileage,"NOT_ESTABLISHED_CURRENT_AUDIT; execution requires a documented representative role, approved Site/record scope where applicable, and resettable synthetic data.",SOURCE_BOUND_STATIC_IDENTITY_ONLY,NOT_EXECUTED_REPRESENTATIVE_ROLE,NOT_MEASURED,0-5; NOT_MEASURED is not 0,NOT_MEASURED,NOT_MEASURED,NOT_MEASURED,NOT_MEASURED,NOT_MEASURED,NOT_MEASURED,NOT_MEASURED,NOT_MEASURED,NOT_MEASURED,NOT_MEASURED,NOT_MEASURED,NOT_MEASURED,NOT_MEASURED,NOT_MEASURED,NOT_MEASURED,NOT_MEASURED,NOT_MEASURED,"{""discoverability"":""NOT_MEASURED"",""comprehension"":""NOT_MEASURED"",""learnability"":""NOT_MEASURED"",""efficiency"":""NOT_MEASURED"",""error_prevention"":""NOT_MEASURED"",""recovery"":""NOT_MEASURED"",""accessibility"":""NOT_MEASURED"",""safety_and_trust"":""NOT_MEASURED"",""consistency"":""NOT_MEASURED"",""cross_module_continuity"":""NOT_MEASURED""}",NOT_PERFORMED,NOT_LINKED_TO_CANONICAL_TARGET_CURRENT_AUDIT,NOT_MEASURED,NOT_MEASURED,NOT_MEASURED,NOT_MEASURED,NOT_MEASURED,NOT_MEASURED,NOT_MEASURED,NOT_MEASURED,NOT_MEASURED,NOT_MEASURED,NOT_MEASURED,H,CANONICAL_STATIC_IDENTITY_DENOMINATOR,MileageController,NOT_ESTABLISHED_CURRENT_AUDIT,Record authorised vehicle mileage,NOT_ADJUDICATED_CURRENT_AUDIT,NOT_SCORED_CURRENT_AUDIT,NOT_SCORED_CURRENT_AUDIT,STATIC_CANONICAL_IDENTITY_FROZEN,INCOMPLETE_CANONICAL_STATIC_IDENTITY_ONLY,NOT_ADJUDICATED_CURRENT_AUDIT,NOT_ADJUDICATED_CURRENT_AUDIT,NOT_DETERMINED_CURRENT_AUDIT,ONE_OPERATING_ORGANISATION_MULTIPLE_SITES; FEATURE_SPECIFIC_ROLE_PERMISSION_SITE_OWNERSHIP_DIRECT_OBJECT_PRIVACY_BOUNDARY_NOT_ADJUDICATED,NOT_ESTABLISHED_CURRENT_AUDIT,NOT_ESTABLISHED_CURRENT_AUDIT,routes/fleet-assets.php:320-330,resources/js/pages/fleet-assets/mileage/index.tsx,app/Http/Controllers/FleetAssets/MileageController.php:14,NOT_ESTABLISHED_CURRENT_AUDIT,NOT_ESTABLISHED_CURRENT_AUDIT,Static canonical identity only: Record authorised vehicle mileage. Representative-role completion was not executed.,ROUTE_AND_PAGE_SOURCE_ANCHORS_PRESENT_UNVALIDATED,ROUTE_AND_PAGE_SOURCE_ANCHORS_PRESENT_UNVALIDATED,task-scripts/cap-fleet-mileage-record.md,a0493442b9e392d324055c35bf25b69421dc2d35,f8cdaf81d83c71e4f5d064fdf88872b908ffaaa1,df6e1b1b357439ad1fd829bebf4e2d33d20d067d515eb945c352e2350a4194a4,f4feae2598622afe346b1163fed2bb842305a8d973a89ec890c02746d99b5999,false,false,false,false,false,"Static identity and source ownership only; no runtime, browser, executed-test, benchmark, ease, release, or completion credit."
TASK-CAP-FLEET-OUTING-LIFECYCLE,CAP-FLEET-OUTING-LIFECYCLE,Fleet & Assets,NOT_ESTABLISHED_CURRENT_AUDIT,"Create, progress, and record return for a fleet outing",NOT_ESTABLISHED_CURRENT_AUDIT,"Create, progress, and record return for a fleet outing","NOT_ESTABLISHED_CURRENT_AUDIT; execution requires a documented representative role, approved Site/record scope where applicable, and resettable synthetic data.",SOURCE_BOUND_STATIC_IDENTITY_ONLY,NOT_EXECUTED_REPRESENTATIVE_ROLE,NOT_MEASURED,0-5; NOT_MEASURED is not 0,NOT_MEASURED,NOT_MEASURED,NOT_MEASURED,NOT_MEASURED,NOT_MEASURED,NOT_MEASURED,NOT_MEASURED,NOT_MEASURED,NOT_MEASURED,NOT_MEASURED,NOT_MEASURED,NOT_MEASURED,NOT_MEASURED,NOT_MEASURED,NOT_MEASURED,NOT_MEASURED,NOT_MEASURED,"{""discoverability"":""NOT_MEASURED"",""comprehension"":""NOT_MEASURED"",""learnability"":""NOT_MEASURED"",""efficiency"":""NOT_MEASURED"",""error_prevention"":""NOT_MEASURED"",""recovery"":""NOT_MEASURED"",""accessibility"":""NOT_MEASURED"",""safety_and_trust"":""NOT_MEASURED"",""consistency"":""NOT_MEASURED"",""cross_module_continuity"":""NOT_MEASURED""}",NOT_PERFORMED,NOT_LINKED_TO_CANONICAL_TARGET_CURRENT_AUDIT,NOT_MEASURED,NOT_MEASURED,NOT_MEASURED,NOT_MEASURED,NOT_MEASURED,NOT_MEASURED,NOT_MEASURED,NOT_MEASURED,NOT_MEASURED,NOT_MEASURED,NOT_MEASURED,H,CANONICAL_STATIC_IDENTITY_DENOMINATOR,OutingController,NOT_ESTABLISHED_CURRENT_AUDIT,"Create, progress, and record return for a fleet outing",NOT_ADJUDICATED_CURRENT_AUDIT,NOT_SCORED_CURRENT_AUDIT,NOT_SCORED_CURRENT_AUDIT,STATIC_CANONICAL_IDENTITY_FROZEN,INCOMPLETE_CANONICAL_STATIC_IDENTITY_ONLY,NOT_ADJUDICATED_CURRENT_AUDIT,NOT_ADJUDICATED_CURRENT_AUDIT,NOT_DETERMINED_CURRENT_AUDIT,ONE_OPERATING_ORGANISATION_MULTIPLE_SITES; FEATURE_SPECIFIC_ROLE_PERMISSION_SITE_OWNERSHIP_DIRECT_OBJECT_PRIVACY_BOUNDARY_NOT_ADJUDICATED,NOT_ESTABLISHED_CURRENT_AUDIT,NOT_ESTABLISHED_CURRENT_AUDIT,routes/fleet-assets.php:303-315,resources/js/pages/fleet-assets/outings/index.tsx,app/Http/Controllers/FleetAssets/OutingController.php:21,NOT_ESTABLISHED_CURRENT_AUDIT,NOT_ESTABLISHED_CURRENT_AUDIT,"Static canonical identity only: Create, progress, and record return for a fleet outing. Representative-role completion was not executed.",ROUTE_AND_PAGE_SOURCE_ANCHORS_PRESENT_UNVALIDATED,ROUTE_AND_PAGE_SOURCE_ANCHORS_PRESENT_UNVALIDATED,task-scripts/cap-fleet-outing-lifecycle.md,a0493442b9e392d324055c35bf25b69421dc2d35,f8cdaf81d83c71e4f5d064fdf88872b908ffaaa1,df6e1b1b357439ad1fd829bebf4e2d33d20d067d515eb945c352e2350a4194a4,f4feae2598622afe346b1163fed2bb842305a8d973a89ec890c02746d99b5999,false,false,false,false,false,"Static identity and source ownership only; no runtime, browser, executed-test, benchmark, ease, release, or completion credit."
TASK-CAP-FLEET-PANIC-RESPONSE,CAP-FLEET-PANIC-RESPONSE,Fleet & Assets,NOT_ESTABLISHED_CURRENT_AUDIT,Raise and respond to a transport panic event,NOT_ESTABLISHED_CURRENT_AUDIT,Raise and respond to a transport panic event,"NOT_ESTABLISHED_CURRENT_AUDIT; execution requires a documented representative role, approved Site/record scope where applicable, and resettable synthetic data.",SOURCE_BOUND_STATIC_IDENTITY_ONLY,NOT_EXECUTED_REPRESENTATIVE_ROLE,NOT_MEASURED,0-5; NOT_MEASURED is not 0,NOT_MEASURED,NOT_MEASURED,NOT_MEASURED,NOT_MEASURED,NOT_MEASURED,NOT_MEASURED,NOT_MEASURED,NOT_MEASURED,NOT_MEASURED,NOT_MEASURED,NOT_MEASURED,NOT_MEASURED,NOT_MEASURED,NOT_MEASURED,NOT_MEASURED,NOT_MEASURED,NOT_MEASURED,"{""discoverability"":""NOT_MEASURED"",""comprehension"":""NOT_MEASURED"",""learnability"":""NOT_MEASURED"",""efficiency"":""NOT_MEASURED"",""error_prevention"":""NOT_MEASURED"",""recovery"":""NOT_MEASURED"",""accessibility"":""NOT_MEASURED"",""safety_and_trust"":""NOT_MEASURED"",""consistency"":""NOT_MEASURED"",""cross_module_continuity"":""NOT_MEASURED""}",NOT_PERFORMED,NOT_LINKED_TO_CANONICAL_TARGET_CURRENT_AUDIT,NOT_MEASURED,NOT_MEASURED,NOT_MEASURED,NOT_MEASURED,NOT_MEASURED,NOT_MEASURED,NOT_MEASURED,NOT_MEASURED,NOT_MEASURED,NOT_MEASURED,NOT_MEASURED,H,CANONICAL_STATIC_IDENTITY_DENOMINATOR,ResidentTrackingController and realtime authorization owners,NOT_ESTABLISHED_CURRENT_AUDIT,Raise and respond to a transport panic event,NOT_ADJUDICATED_CURRENT_AUDIT,NOT_SCORED_CURRENT_AUDIT,NOT_SCORED_CURRENT_AUDIT,STATIC_CANONICAL_IDENTITY_FROZEN,INCOMPLETE_CANONICAL_STATIC_IDENTITY_ONLY,NOT_ADJUDICATED_CURRENT_AUDIT,NOT_ADJUDICATED_CURRENT_AUDIT,NOT_DETERMINED_CURRENT_AUDIT,ONE_OPERATING_ORGANISATION_MULTIPLE_SITES; FEATURE_SPECIFIC_ROLE_PERMISSION_SITE_OWNERSHIP_DIRECT_OBJECT_PRIVACY_BOUNDARY_NOT_ADJUDICATED,NOT_ESTABLISHED_CURRENT_AUDIT,NOT_ESTABLISHED_CURRENT_AUDIT,routes/fleet-assets.php:224,NOT_ESTABLISHED_CURRENT_AUDIT,app/Http/Controllers/FleetAssets/ResidentTrackingController.php:775-829,NOT_ESTABLISHED_CURRENT_AUDIT,NOT_ESTABLISHED_CURRENT_AUDIT,Static canonical identity only: Raise and respond to a transport panic event. Representative-role completion was not executed.,ROUTE_SOURCE_ANCHOR_ONLY_UNVALIDATED,ROUTE_SOURCE_ANCHOR_ONLY_UNVALIDATED,task-scripts/cap-fleet-panic-response.md,a0493442b9e392d324055c35bf25b69421dc2d35,f8cdaf81d83c71e4f5d064fdf88872b908ffaaa1,df6e1b1b357439ad1fd829bebf4e2d33d20d067d515eb945c352e2350a4194a4,f4feae2598622afe346b1163fed2bb842305a8d973a89ec890c02746d99b5999,false,false,false,false,false,"Static identity and source ownership only; no runtime, browser, executed-test, benchmark, ease, release, or completion credit."
TASK-CAP-FLEET-RESIDENT-TRACKING,CAP-FLEET-RESIDENT-TRACKING,Fleet & Assets,NOT_ESTABLISHED_CURRENT_AUDIT,"View consented, authorised resident transport tracking",NOT_ESTABLISHED_CURRENT_AUDIT,"View consented, authorised resident transport tracking","NOT_ESTABLISHED_CURRENT_AUDIT; execution requires a documented representative role, approved Site/record scope where applicable, and resettable synthetic data.",SOURCE_BOUND_STATIC_IDENTITY_ONLY,NOT_EXECUTED_REPRESENTATIVE_ROLE,NOT_MEASURED,0-5; NOT_MEASURED is not 0,NOT_MEASURED,NOT_MEASURED,NOT_MEASURED,NOT_MEASURED,NOT_MEASURED,NOT_MEASURED,NOT_MEASURED,NOT_MEASURED,NOT_MEASURED,NOT_MEASURED,NOT_MEASURED,NOT_MEASURED,NOT_MEASURED,NOT_MEASURED,NOT_MEASURED,NOT_MEASURED,NOT_MEASURED,"{""discoverability"":""NOT_MEASURED"",""comprehension"":""NOT_MEASURED"",""learnability"":""NOT_MEASURED"",""efficiency"":""NOT_MEASURED"",""error_prevention"":""NOT_MEASURED"",""recovery"":""NOT_MEASURED"",""accessibility"":""NOT_MEASURED"",""safety_and_trust"":""NOT_MEASURED"",""consistency"":""NOT_MEASURED"",""cross_module_continuity"":""NOT_MEASURED""}",NOT_PERFORMED,NOT_LINKED_TO_CANONICAL_TARGET_CURRENT_AUDIT,NOT_MEASURED,NOT_MEASURED,NOT_MEASURED,NOT_MEASURED,NOT_MEASURED,NOT_MEASURED,NOT_MEASURED,NOT_MEASURED,NOT_MEASURED,NOT_MEASURED,NOT_MEASURED,H,CANONICAL_STATIC_IDENTITY_DENOMINATOR,ResidentTrackingController,NOT_ESTABLISHED_CURRENT_AUDIT,"View consented, authorised resident transport tracking",NOT_ADJUDICATED_CURRENT_AUDIT,NOT_SCORED_CURRENT_AUDIT,NOT_SCORED_CURRENT_AUDIT,STATIC_CANONICAL_IDENTITY_FROZEN,INCOMPLETE_CANONICAL_STATIC_IDENTITY_ONLY,NOT_ADJUDICATED_CURRENT_AUDIT,NOT_ADJUDICATED_CURRENT_AUDIT,NOT_DETERMINED_CURRENT_AUDIT,ONE_OPERATING_ORGANISATION_MULTIPLE_SITES; FEATURE_SPECIFIC_ROLE_PERMISSION_SITE_OWNERSHIP_DIRECT_OBJECT_PRIVACY_BOUNDARY_NOT_ADJUDICATED,NOT_ESTABLISHED_CURRENT_AUDIT,NOT_ESTABLISHED_CURRENT_AUDIT,routes/fleet-assets.php:207-224; routes/fleet-assets.php:212-223,resources/js/pages/fleet-assets/resident-tracking/index.tsx,app/Http/Controllers/FleetAssets/ResidentTrackingController.php:34-754,NOT_ESTABLISHED_CURRENT_AUDIT,NOT_ESTABLISHED_CURRENT_AUDIT,"Static canonical identity only: View consented, authorised resident transport tracking. Representative-role completion was not executed.",ROUTE_AND_PAGE_SOURCE_ANCHORS_PRESENT_UNVALIDATED,ROUTE_AND_PAGE_SOURCE_ANCHORS_PRESENT_UNVALIDATED,task-scripts/cap-fleet-resident-tracking.md,a0493442b9e392d324055c35bf25b69421dc2d35,f8cdaf81d83c71e4f5d064fdf88872b908ffaaa1,df6e1b1b357439ad1fd829bebf4e2d33d20d067d515eb945c352e2350a4194a4,f4feae2598622afe346b1163fed2bb842305a8d973a89ec890c02746d99b5999,false,false,false,false,false,"Static identity and source ownership only; no runtime, browser, executed-test, benchmark, ease, release, or completion credit."
TASK-CAP-FLEET-RESIDENT-TRANSPORT,CAP-FLEET-RESIDENT-TRANSPORT,Fleet & Assets,NOT_ESTABLISHED_CURRENT_AUDIT,Run resident transport and govern medication custody in transit,NOT_ESTABLISHED_CURRENT_AUDIT,Run resident transport and govern medication custody in transit,"NOT_ESTABLISHED_CURRENT_AUDIT; execution requires a documented representative role, approved Site/record scope where applicable, and resettable synthetic data.",SOURCE_BOUND_STATIC_IDENTITY_ONLY,NOT_EXECUTED_REPRESENTATIVE_ROLE,NOT_MEASURED,0-5; NOT_MEASURED is not 0,NOT_MEASURED,NOT_MEASURED,NOT_MEASURED,NOT_MEASURED,NOT_MEASURED,NOT_MEASURED,NOT_MEASURED,NOT_MEASURED,NOT_MEASURED,NOT_MEASURED,NOT_MEASURED,NOT_MEASURED,NOT_MEASURED,NOT_MEASURED,NOT_MEASURED,NOT_MEASURED,NOT_MEASURED,"{""discoverability"":""NOT_MEASURED"",""comprehension"":""NOT_MEASURED"",""learnability"":""NOT_MEASURED"",""efficiency"":""NOT_MEASURED"",""error_prevention"":""NOT_MEASURED"",""recovery"":""NOT_MEASURED"",""accessibility"":""NOT_MEASURED"",""safety_and_trust"":""NOT_MEASURED"",""consistency"":""NOT_MEASURED"",""cross_module_continuity"":""NOT_MEASURED""}",NOT_PERFORMED,NOT_LINKED_TO_CANONICAL_TARGET_CURRENT_AUDIT,NOT_MEASURED,NOT_MEASURED,NOT_MEASURED,NOT_MEASURED,NOT_MEASURED,NOT_MEASURED,NOT_MEASURED,NOT_MEASURED,NOT_MEASURED,NOT_MEASURED,NOT_MEASURED,H,CANONICAL_STATIC_IDENTITY_DENOMINATOR,ResidentTransportJourneyService and scope,NOT_ESTABLISHED_CURRENT_AUDIT,Run resident transport and govern medication custody in transit,NOT_ADJUDICATED_CURRENT_AUDIT,NOT_SCORED_CURRENT_AUDIT,NOT_SCORED_CURRENT_AUDIT,STATIC_CANONICAL_IDENTITY_FROZEN,INCOMPLETE_CANONICAL_STATIC_IDENTITY_ONLY,NOT_ADJUDICATED_CURRENT_AUDIT,NOT_ADJUDICATED_CURRENT_AUDIT,NOT_DETERMINED_CURRENT_AUDIT,ONE_OPERATING_ORGANISATION_MULTIPLE_SITES; FEATURE_SPECIFIC_ROLE_PERMISSION_SITE_OWNERSHIP_DIRECT_OBJECT_PRIVACY_BOUNDARY_NOT_ADJUDICATED,NOT_ESTABLISHED_CURRENT_AUDIT,NOT_ESTABLISHED_CURRENT_AUDIT,NOT_ESTABLISHED_CURRENT_AUDIT,NOT_ESTABLISHED_CURRENT_AUDIT,app/Services/Fleet/ResidentTransportJourneyService.php:47-431,tests/Feature/FleetAssets/ResidentTransportJourneySecurityTest.php:146-832,NOT_ESTABLISHED_CURRENT_AUDIT,Static canonical identity only: Run resident transport and govern medication custody in transit. Representative-role completion was not executed.,NOT_ESTABLISHED_CURRENT_AUDIT_NO_ROUTE_OR_PAGE_ANCHOR,NOT_ESTABLISHED_CURRENT_AUDIT_NO_ROUTE_OR_PAGE_ANCHOR,task-scripts/cap-fleet-resident-transport.md,a0493442b9e392d324055c35bf25b69421dc2d35,f8cdaf81d83c71e4f5d064fdf88872b908ffaaa1,df6e1b1b357439ad1fd829bebf4e2d33d20d067d515eb945c352e2350a4194a4,f4feae2598622afe346b1163fed2bb842305a8d973a89ec890c02746d99b5999,false,false,false,false,false,"Static identity and source ownership only; no runtime, browser, executed-test, benchmark, ease, release, or completion credit."
TASK-CAP-FLEET-VEHICLE-BOOKING,CAP-FLEET-VEHICLE-BOOKING,Fleet & Assets,NOT_ESTABLISHED_CURRENT_AUDIT,"Book, approve, check out, return, reject, or cancel a vehicle",NOT_ESTABLISHED_CURRENT_AUDIT,"Book, approve, check out, return, reject, or cancel a vehicle","NOT_ESTABLISHED_CURRENT_AUDIT; execution requires a documented representative role, approved Site/record scope where applicable, and resettable synthetic data.",SOURCE_BOUND_STATIC_IDENTITY_ONLY,NOT_EXECUTED_REPRESENTATIVE_ROLE,NOT_MEASURED,0-5; NOT_MEASURED is not 0,NOT_MEASURED,NOT_MEASURED,NOT_MEASURED,NOT_MEASURED,NOT_MEASURED,NOT_MEASURED,NOT_MEASURED,NOT_MEASURED,NOT_MEASURED,NOT_MEASURED,NOT_MEASURED,NOT_MEASURED,NOT_MEASURED,NOT_MEASURED,NOT_MEASURED,NOT_MEASURED,NOT_MEASURED,"{""discoverability"":""NOT_MEASURED"",""comprehension"":""NOT_MEASURED"",""learnability"":""NOT_MEASURED"",""efficiency"":""NOT_MEASURED"",""error_prevention"":""NOT_MEASURED"",""recovery"":""NOT_MEASURED"",""accessibility"":""NOT_MEASURED"",""safety_and_trust"":""NOT_MEASURED"",""consistency"":""NOT_MEASURED"",""cross_module_continuity"":""NOT_MEASURED""}",NOT_PERFORMED,NOT_LINKED_TO_CANONICAL_TARGET_CURRENT_AUDIT,NOT_MEASURED,NOT_MEASURED,NOT_MEASURED,NOT_MEASURED,NOT_MEASURED,NOT_MEASURED,NOT_MEASURED,NOT_MEASURED,NOT_MEASURED,NOT_MEASURED,NOT_MEASURED,H,CANONICAL_STATIC_IDENTITY_DENOMINATOR,VehicleBookingController and VehicleBookingAccessService,NOT_ESTABLISHED_CURRENT_AUDIT,"Book, approve, check out, return, reject, or cancel a vehicle",NOT_ADJUDICATED_CURRENT_AUDIT,NOT_SCORED_CURRENT_AUDIT,NOT_SCORED_CURRENT_AUDIT,STATIC_CANONICAL_IDENTITY_FROZEN,INCOMPLETE_CANONICAL_STATIC_IDENTITY_ONLY,NOT_ADJUDICATED_CURRENT_AUDIT,NOT_ADJUDICATED_CURRENT_AUDIT,NOT_DETERMINED_CURRENT_AUDIT,ONE_OPERATING_ORGANISATION_MULTIPLE_SITES; FEATURE_SPECIFIC_ROLE_PERMISSION_SITE_OWNERSHIP_DIRECT_OBJECT_PRIVACY_BOUNDARY_NOT_ADJUDICATED,NOT_ESTABLISHED_CURRENT_AUDIT,NOT_ESTABLISHED_CURRENT_AUDIT,NOT_ESTABLISHED_CURRENT_AUDIT,NOT_ESTABLISHED_CURRENT_AUDIT,app/Services/Fleet/VehicleBookingAccessService.php:30-127,tests/Feature/FleetAssets/VehicleBookingSitePrivacyTest.php:139-353,NOT_ESTABLISHED_CURRENT_AUDIT,"Static canonical identity only: Book, approve, check out, return, reject, or cancel a vehicle. Representative-role completion was not executed.",NOT_ESTABLISHED_CURRENT_AUDIT_NO_ROUTE_OR_PAGE_ANCHOR,NOT_ESTABLISHED_CURRENT_AUDIT_NO_ROUTE_OR_PAGE_ANCHOR,task-scripts/cap-fleet-vehicle-booking.md,a0493442b9e392d324055c35bf25b69421dc2d35,f8cdaf81d83c71e4f5d064fdf88872b908ffaaa1,df6e1b1b357439ad1fd829bebf4e2d33d20d067d515eb945c352e2350a4194a4,f4feae2598622afe346b1163fed2bb842305a8d973a89ec890c02746d99b5999,false,false,false,false,false,"Static identity and source ownership only; no runtime, browser, executed-test, benchmark, ease, release, or completion credit."
TASK-CAP-FLEET-VEHICLE-INSPECTION,CAP-FLEET-VEHICLE-INSPECTION,Fleet & Assets,NOT_ESTABLISHED_CURRENT_AUDIT,Create and complete a governed vehicle inspection,NOT_ESTABLISHED_CURRENT_AUDIT,Create and complete a governed vehicle inspection,"NOT_ESTABLISHED_CURRENT_AUDIT; execution requires a documented representative role, approved Site/record scope where applicable, and resettable synthetic data.",SOURCE_BOUND_STATIC_IDENTITY_ONLY,NOT_EXECUTED_REPRESENTATIVE_ROLE,NOT_MEASURED,0-5; NOT_MEASURED is not 0,NOT_MEASURED,NOT_MEASURED,NOT_MEASURED,NOT_MEASURED,NOT_MEASURED,NOT_MEASURED,NOT_MEASURED,NOT_MEASURED,NOT_MEASURED,NOT_MEASURED,NOT_MEASURED,NOT_MEASURED,NOT_MEASURED,NOT_MEASURED,NOT_MEASURED,NOT_MEASURED,NOT_MEASURED,"{""discoverability"":""NOT_MEASURED"",""comprehension"":""NOT_MEASURED"",""learnability"":""NOT_MEASURED"",""efficiency"":""NOT_MEASURED"",""error_prevention"":""NOT_MEASURED"",""recovery"":""NOT_MEASURED"",""accessibility"":""NOT_MEASURED"",""safety_and_trust"":""NOT_MEASURED"",""consistency"":""NOT_MEASURED"",""cross_module_continuity"":""NOT_MEASURED""}",NOT_PERFORMED,NOT_LINKED_TO_CANONICAL_TARGET_CURRENT_AUDIT,NOT_MEASURED,NOT_MEASURED,NOT_MEASURED,NOT_MEASURED,NOT_MEASURED,NOT_MEASURED,NOT_MEASURED,NOT_MEASURED,NOT_MEASURED,NOT_MEASURED,NOT_MEASURED,H,CANONICAL_STATIC_IDENTITY_DENOMINATOR,WorkOrderController and fleet maintenance owners,NOT_ESTABLISHED_CURRENT_AUDIT,Create and complete a governed vehicle inspection,NOT_ADJUDICATED_CURRENT_AUDIT,NOT_SCORED_CURRENT_AUDIT,NOT_SCORED_CURRENT_AUDIT,STATIC_CANONICAL_IDENTITY_FROZEN,INCOMPLETE_CANONICAL_STATIC_IDENTITY_ONLY,NOT_ADJUDICATED_CURRENT_AUDIT,NOT_ADJUDICATED_CURRENT_AUDIT,NOT_DETERMINED_CURRENT_AUDIT,ONE_OPERATING_ORGANISATION_MULTIPLE_SITES; FEATURE_SPECIFIC_ROLE_PERMISSION_SITE_OWNERSHIP_DIRECT_OBJECT_PRIVACY_BOUNDARY_NOT_ADJUDICATED,NOT_ESTABLISHED_CURRENT_AUDIT,NOT_ESTABLISHED_CURRENT_AUDIT,routes/fleet-assets.php:172-175; routes/fleet-assets.php:192,NOT_ESTABLISHED_CURRENT_AUDIT,app/Http/Controllers/FleetAssets/InspectionController.php:14-277,NOT_ESTABLISHED_CURRENT_AUDIT,NOT_ESTABLISHED_CURRENT_AUDIT,Static canonical identity only: Create and complete a governed vehicle inspection. Representative-role completion was not executed.,ROUTE_SOURCE_ANCHOR_ONLY_UNVALIDATED,ROUTE_SOURCE_ANCHOR_ONLY_UNVALIDATED,task-scripts/cap-fleet-vehicle-inspection.md,a0493442b9e392d324055c35bf25b69421dc2d35,f8cdaf81d83c71e4f5d064fdf88872b908ffaaa1,df6e1b1b357439ad1fd829bebf4e2d33d20d067d515eb945c352e2350a4194a4,f4feae2598622afe346b1163fed2bb842305a8d973a89ec890c02746d99b5999,false,false,false,false,false,"Static identity and source ownership only; no runtime, browser, executed-test, benchmark, ease, release, or completion credit."
TASK-CAP-FLEET-VEHICLE-REGISTER,CAP-FLEET-VEHICLE-REGISTER,Fleet & Assets,NOT_ESTABLISHED_CURRENT_AUDIT,Maintain vehicles and vehicle-specific state,NOT_ESTABLISHED_CURRENT_AUDIT,Maintain vehicles and vehicle-specific state,"NOT_ESTABLISHED_CURRENT_AUDIT; execution requires a documented representative role, approved Site/record scope where applicable, and resettable synthetic data.",SOURCE_BOUND_STATIC_IDENTITY_ONLY,NOT_EXECUTED_REPRESENTATIVE_ROLE,NOT_MEASURED,0-5; NOT_MEASURED is not 0,NOT_MEASURED,NOT_MEASURED,NOT_MEASURED,NOT_MEASURED,NOT_MEASURED,NOT_MEASURED,NOT_MEASURED,NOT_MEASURED,NOT_MEASURED,NOT_MEASURED,NOT_MEASURED,NOT_MEASURED,NOT_MEASURED,NOT_MEASURED,NOT_MEASURED,NOT_MEASURED,NOT_MEASURED,"{""discoverability"":""NOT_MEASURED"",""comprehension"":""NOT_MEASURED"",""learnability"":""NOT_MEASURED"",""efficiency"":""NOT_MEASURED"",""error_prevention"":""NOT_MEASURED"",""recovery"":""NOT_MEASURED"",""accessibility"":""NOT_MEASURED"",""safety_and_trust"":""NOT_MEASURED"",""consistency"":""NOT_MEASURED"",""cross_module_continuity"":""NOT_MEASURED""}",NOT_PERFORMED,NOT_LINKED_TO_CANONICAL_TARGET_CURRENT_AUDIT,NOT_MEASURED,NOT_MEASURED,NOT_MEASURED,NOT_MEASURED,NOT_MEASURED,NOT_MEASURED,NOT_MEASURED,NOT_MEASURED,NOT_MEASURED,NOT_MEASURED,NOT_MEASURED,H,CANONICAL_STATIC_IDENTITY_DENOMINATOR,VehicleController,NOT_ESTABLISHED_CURRENT_AUDIT,Maintain vehicles and vehicle-specific state,NOT_ADJUDICATED_CURRENT_AUDIT,NOT_SCORED_CURRENT_AUDIT,NOT_SCORED_CURRENT_AUDIT,STATIC_CANONICAL_IDENTITY_FROZEN,INCOMPLETE_CANONICAL_STATIC_IDENTITY_ONLY,NOT_ADJUDICATED_CURRENT_AUDIT,NOT_ADJUDICATED_CURRENT_AUDIT,NOT_DETERMINED_CURRENT_AUDIT,ONE_OPERATING_ORGANISATION_MULTIPLE_SITES; FEATURE_SPECIFIC_ROLE_PERMISSION_SITE_OWNERSHIP_DIRECT_OBJECT_PRIVACY_BOUNDARY_NOT_ADJUDICATED,NOT_ESTABLISHED_CURRENT_AUDIT,NOT_ESTABLISHED_CURRENT_AUDIT,routes/fleet-assets.php:51-66,resources/js/pages/fleet-assets/vehicles/index.tsx,NOT_ESTABLISHED_CURRENT_AUDIT,NOT_ESTABLISHED_CURRENT_AUDIT,NOT_ESTABLISHED_CURRENT_AUDIT,Static canonical identity only: Maintain vehicles and vehicle-specific state. Representative-role completion was not executed.,ROUTE_AND_PAGE_SOURCE_ANCHORS_PRESENT_UNVALIDATED,ROUTE_AND_PAGE_SOURCE_ANCHORS_PRESENT_UNVALIDATED,task-scripts/cap-fleet-vehicle-register.md,a0493442b9e392d324055c35bf25b69421dc2d35,f8cdaf81d83c71e4f5d064fdf88872b908ffaaa1,df6e1b1b357439ad1fd829bebf4e2d33d20d067d515eb945c352e2350a4194a4,f4feae2598622afe346b1163fed2bb842305a8d973a89ec890c02746d99b5999,false,false,false,false,false,"Static identity and source ownership only; no runtime, browser, executed-test, benchmark, ease, release, or completion credit."
TASK-CAP-FLEET-WORK-ORDER-LIFECYCLE,CAP-FLEET-WORK-ORDER-LIFECYCLE,Fleet & Assets,NOT_ESTABLISHED_CURRENT_AUDIT,"Create, progress, and close a fleet work order",NOT_ESTABLISHED_CURRENT_AUDIT,"Create, progress, and close a fleet work order","NOT_ESTABLISHED_CURRENT_AUDIT; execution requires a documented representative role, approved Site/record scope where applicable, and resettable synthetic data.",SOURCE_BOUND_STATIC_IDENTITY_ONLY,NOT_EXECUTED_REPRESENTATIVE_ROLE,NOT_MEASURED,0-5; NOT_MEASURED is not 0,NOT_MEASURED,NOT_MEASURED,NOT_MEASURED,NOT_MEASURED,NOT_MEASURED,NOT_MEASURED,NOT_MEASURED,NOT_MEASURED,NOT_MEASURED,NOT_MEASURED,NOT_MEASURED,NOT_MEASURED,NOT_MEASURED,NOT_MEASURED,NOT_MEASURED,NOT_MEASURED,NOT_MEASURED,"{""discoverability"":""NOT_MEASURED"",""comprehension"":""NOT_MEASURED"",""learnability"":""NOT_MEASURED"",""efficiency"":""NOT_MEASURED"",""error_prevention"":""NOT_MEASURED"",""recovery"":""NOT_MEASURED"",""accessibility"":""NOT_MEASURED"",""safety_and_trust"":""NOT_MEASURED"",""consistency"":""NOT_MEASURED"",""cross_module_continuity"":""NOT_MEASURED""}",NOT_PERFORMED,NOT_LINKED_TO_CANONICAL_TARGET_CURRENT_AUDIT,NOT_MEASURED,NOT_MEASURED,NOT_MEASURED,NOT_MEASURED,NOT_MEASURED,NOT_MEASURED,NOT_MEASURED,NOT_MEASURED,NOT_MEASURED,NOT_MEASURED,NOT_MEASURED,H,CANONICAL_STATIC_IDENTITY_DENOMINATOR,WorkOrderController,NOT_ESTABLISHED_CURRENT_AUDIT,"Create, progress, and close a fleet work order",NOT_ADJUDICATED_CURRENT_AUDIT,NOT_SCORED_CURRENT_AUDIT,NOT_SCORED_CURRENT_AUDIT,STATIC_CANONICAL_IDENTITY_FROZEN,INCOMPLETE_CANONICAL_STATIC_IDENTITY_ONLY,NOT_ADJUDICATED_CURRENT_AUDIT,NOT_ADJUDICATED_CURRENT_AUDIT,NOT_DETERMINED_CURRENT_AUDIT,ONE_OPERATING_ORGANISATION_MULTIPLE_SITES; FEATURE_SPECIFIC_ROLE_PERMISSION_SITE_OWNERSHIP_DIRECT_OBJECT_PRIVACY_BOUNDARY_NOT_ADJUDICATED,NOT_ESTABLISHED_CURRENT_AUDIT,NOT_ESTABLISHED_CURRENT_AUDIT,routes/fleet-assets.php:163-165; routes/fleet-assets.php:163-183; routes/fleet-assets.php:180-183,resources/js/pages/fleet-assets/maintenance/work-orders/index.tsx,app/Http/Controllers/FleetAssets/WorkOrderController.php:13-281,NOT_ESTABLISHED_CURRENT_AUDIT,NOT_ESTABLISHED_CURRENT_AUDIT,"Static canonical identity only: Create, progress, and close a fleet work order. Representative-role completion was not executed.",ROUTE_AND_PAGE_SOURCE_ANCHORS_PRESENT_UNVALIDATED,ROUTE_AND_PAGE_SOURCE_ANCHORS_PRESENT_UNVALIDATED,task-scripts/cap-fleet-work-order-lifecycle.md,a0493442b9e392d324055c35bf25b69421dc2d35,f8cdaf81d83c71e4f5d064fdf88872b908ffaaa1,df6e1b1b357439ad1fd829bebf4e2d33d20d067d515eb945c352e2350a4194a4,f4feae2598622afe346b1163fed2bb842305a8d973a89ec890c02746d99b5999,false,false,false,false,false,"Static identity and source ownership only; no runtime, browser, executed-test, benchmark, ease, release, or completion credit."
TASK-CAP-GOV-ACTION-ITEM-WORKFLOW,CAP-GOV-ACTION-ITEM-WORKFLOW,Governance,NOT_ESTABLISHED_CURRENT_AUDIT,"Create, progress, block, complete, and escalate governance actions",NOT_ESTABLISHED_CURRENT_AUDIT,"Create, progress, block, complete, and escalate governance actions","NOT_ESTABLISHED_CURRENT_AUDIT; execution requires a documented representative role, approved Site/record scope where applicable, and resettable synthetic data.",SOURCE_BOUND_STATIC_IDENTITY_ONLY,NOT_EXECUTED_REPRESENTATIVE_ROLE,NOT_MEASURED,0-5; NOT_MEASURED is not 0,NOT_MEASURED,NOT_MEASURED,NOT_MEASURED,NOT_MEASURED,NOT_MEASURED,NOT_MEASURED,NOT_MEASURED,NOT_MEASURED,NOT_MEASURED,NOT_MEASURED,NOT_MEASURED,NOT_MEASURED,NOT_MEASURED,NOT_MEASURED,NOT_MEASURED,NOT_MEASURED,NOT_MEASURED,"{""discoverability"":""NOT_MEASURED"",""comprehension"":""NOT_MEASURED"",""learnability"":""NOT_MEASURED"",""efficiency"":""NOT_MEASURED"",""error_prevention"":""NOT_MEASURED"",""recovery"":""NOT_MEASURED"",""accessibility"":""NOT_MEASURED"",""safety_and_trust"":""NOT_MEASURED"",""consistency"":""NOT_MEASURED"",""cross_module_continuity"":""NOT_MEASURED""}",NOT_PERFORMED,NOT_LINKED_TO_CANONICAL_TARGET_CURRENT_AUDIT,NOT_MEASURED,NOT_MEASURED,NOT_MEASURED,NOT_MEASURED,NOT_MEASURED,NOT_MEASURED,NOT_MEASURED,NOT_MEASURED,NOT_MEASURED,NOT_MEASURED,NOT_MEASURED,H,CANONICAL_STATIC_IDENTITY_DENOMINATOR,ActionItemController and GovernanceWorkflowService,NOT_ESTABLISHED_CURRENT_AUDIT,"Create, progress, block, complete, and escalate governance actions",NOT_ADJUDICATED_CURRENT_AUDIT,NOT_SCORED_CURRENT_AUDIT,NOT_SCORED_CURRENT_AUDIT,STATIC_CANONICAL_IDENTITY_FROZEN,INCOMPLETE_CANONICAL_STATIC_IDENTITY_ONLY,NOT_ADJUDICATED_CURRENT_AUDIT,NOT_ADJUDICATED_CURRENT_AUDIT,NOT_DETERMINED_CURRENT_AUDIT,ONE_OPERATING_ORGANISATION_MULTIPLE_SITES; FEATURE_SPECIFIC_ROLE_PERMISSION_SITE_OWNERSHIP_DIRECT_OBJECT_PRIVACY_BOUNDARY_NOT_ADJUDICATED,NOT_ESTABLISHED_CURRENT_AUDIT,NOT_ESTABLISHED_CURRENT_AUDIT,NOT_ESTABLISHED_CURRENT_AUDIT,NOT_ESTABLISHED_CURRENT_AUDIT,app/Domain/Governance/Http/Controllers/ActionItemController.php:13-122,tests/Feature/Governance/GovernanceActionItemsTest.php:20,NOT_ESTABLISHED_CURRENT_AUDIT,"Static canonical identity only: Create, progress, block, complete, and escalate governance actions. Representative-role completion was not executed.",NOT_ESTABLISHED_CURRENT_AUDIT_NO_ROUTE_OR_PAGE_ANCHOR,NOT_ESTABLISHED_CURRENT_AUDIT_NO_ROUTE_OR_PAGE_ANCHOR,task-scripts/cap-gov-action-item-workflow.md,a0493442b9e392d324055c35bf25b69421dc2d35,f8cdaf81d83c71e4f5d064fdf88872b908ffaaa1,df6e1b1b357439ad1fd829bebf4e2d33d20d067d515eb945c352e2350a4194a4,f4feae2598622afe346b1163fed2bb842305a8d973a89ec890c02746d99b5999,false,false,false,false,false,"Static identity and source ownership only; no runtime, browser, executed-test, benchmark, ease, release, or completion credit."
TASK-CAP-GOV-BOARD-EVALUATION,CAP-GOV-BOARD-EVALUATION,Governance,NOT_ESTABLISHED_CURRENT_AUDIT,Conduct board evaluations,NOT_ESTABLISHED_CURRENT_AUDIT,Conduct board evaluations,"NOT_ESTABLISHED_CURRENT_AUDIT; execution requires a documented representative role, approved Site/record scope where applicable, and resettable synthetic data.",SOURCE_BOUND_STATIC_IDENTITY_ONLY,NOT_EXECUTED_REPRESENTATIVE_ROLE,NOT_MEASURED,0-5; NOT_MEASURED is not 0,NOT_MEASURED,NOT_MEASURED,NOT_MEASURED,NOT_MEASURED,NOT_MEASURED,NOT_MEASURED,NOT_MEASURED,NOT_MEASURED,NOT_MEASURED,NOT_MEASURED,NOT_MEASURED,NOT_MEASURED,NOT_MEASURED,NOT_MEASURED,NOT_MEASURED,NOT_MEASURED,NOT_MEASURED,"{""discoverability"":""NOT_MEASURED"",""comprehension"":""NOT_MEASURED"",""learnability"":""NOT_MEASURED"",""efficiency"":""NOT_MEASURED"",""error_prevention"":""NOT_MEASURED"",""recovery"":""NOT_MEASURED"",""accessibility"":""NOT_MEASURED"",""safety_and_trust"":""NOT_MEASURED"",""consistency"":""NOT_MEASURED"",""cross_module_continuity"":""NOT_MEASURED""}",NOT_PERFORMED,NOT_LINKED_TO_CANONICAL_TARGET_CURRENT_AUDIT,NOT_MEASURED,NOT_MEASURED,NOT_MEASURED,NOT_MEASURED,NOT_MEASURED,NOT_MEASURED,NOT_MEASURED,NOT_MEASURED,NOT_MEASURED,NOT_MEASURED,NOT_MEASURED,H,CANONICAL_STATIC_IDENTITY_DENOMINATOR,"Board member, interest, and evaluation controllers",NOT_ESTABLISHED_CURRENT_AUDIT,Conduct board evaluations,NOT_ADJUDICATED_CURRENT_AUDIT,NOT_SCORED_CURRENT_AUDIT,NOT_SCORED_CURRENT_AUDIT,STATIC_CANONICAL_IDENTITY_FROZEN,INCOMPLETE_CANONICAL_STATIC_IDENTITY_ONLY,NOT_ADJUDICATED_CURRENT_AUDIT,NOT_ADJUDICATED_CURRENT_AUDIT,NOT_DETERMINED_CURRENT_AUDIT,ONE_OPERATING_ORGANISATION_MULTIPLE_SITES; FEATURE_SPECIFIC_ROLE_PERMISSION_SITE_OWNERSHIP_DIRECT_OBJECT_PRIVACY_BOUNDARY_NOT_ADJUDICATED,NOT_ESTABLISHED_CURRENT_AUDIT,NOT_ESTABLISHED_CURRENT_AUDIT,NOT_ESTABLISHED_CURRENT_AUDIT,NOT_ESTABLISHED_CURRENT_AUDIT,app/Domain/Governance/Http/Controllers/BoardEvaluationController.php:12; app/Domain/Governance/Http/Controllers/BoardEvaluationController.php:14-173,tests/Feature/Governance/GovernanceBoardMemberSelfServiceTest.php:22,NOT_ESTABLISHED_CURRENT_AUDIT,Static canonical identity only: Conduct board evaluations. Representative-role completion was not executed.,NOT_ESTABLISHED_CURRENT_AUDIT_NO_ROUTE_OR_PAGE_ANCHOR,NOT_ESTABLISHED_CURRENT_AUDIT_NO_ROUTE_OR_PAGE_ANCHOR,task-scripts/cap-gov-board-evaluation.md,a0493442b9e392d324055c35bf25b69421dc2d35,f8cdaf81d83c71e4f5d064fdf88872b908ffaaa1,df6e1b1b357439ad1fd829bebf4e2d33d20d067d515eb945c352e2350a4194a4,f4feae2598622afe346b1163fed2bb842305a8d973a89ec890c02746d99b5999,false,false,false,false,false,"Static identity and source ownership only; no runtime, browser, executed-test, benchmark, ease, release, or completion credit."
TASK-CAP-GOV-BOARD-MEMBERSHIP,CAP-GOV-BOARD-MEMBERSHIP,Governance,NOT_ESTABLISHED_CURRENT_AUDIT,Administer board membership,NOT_ESTABLISHED_CURRENT_AUDIT,Administer board membership,"NOT_ESTABLISHED_CURRENT_AUDIT; execution requires a documented representative role, approved Site/record scope where applicable, and resettable synthetic data.",SOURCE_BOUND_STATIC_IDENTITY_ONLY,NOT_EXECUTED_REPRESENTATIVE_ROLE,NOT_MEASURED,0-5; NOT_MEASURED is not 0,NOT_MEASURED,NOT_MEASURED,NOT_MEASURED,NOT_MEASURED,NOT_MEASURED,NOT_MEASURED,NOT_MEASURED,NOT_MEASURED,NOT_MEASURED,NOT_MEASURED,NOT_MEASURED,NOT_MEASURED,NOT_MEASURED,NOT_MEASURED,NOT_MEASURED,NOT_MEASURED,NOT_MEASURED,"{""discoverability"":""NOT_MEASURED"",""comprehension"":""NOT_MEASURED"",""learnability"":""NOT_MEASURED"",""efficiency"":""NOT_MEASURED"",""error_prevention"":""NOT_MEASURED"",""recovery"":""NOT_MEASURED"",""accessibility"":""NOT_MEASURED"",""safety_and_trust"":""NOT_MEASURED"",""consistency"":""NOT_MEASURED"",""cross_module_continuity"":""NOT_MEASURED""}",NOT_PERFORMED,NOT_LINKED_TO_CANONICAL_TARGET_CURRENT_AUDIT,NOT_MEASURED,NOT_MEASURED,NOT_MEASURED,NOT_MEASURED,NOT_MEASURED,NOT_MEASURED,NOT_MEASURED,NOT_MEASURED,NOT_MEASURED,NOT_MEASURED,NOT_MEASURED,H,CANONICAL_STATIC_IDENTITY_DENOMINATOR,"Board member, interest, and evaluation controllers",NOT_ESTABLISHED_CURRENT_AUDIT,Administer board membership,NOT_ADJUDICATED_CURRENT_AUDIT,NOT_SCORED_CURRENT_AUDIT,NOT_SCORED_CURRENT_AUDIT,STATIC_CANONICAL_IDENTITY_FROZEN,INCOMPLETE_CANONICAL_STATIC_IDENTITY_ONLY,NOT_ADJUDICATED_CURRENT_AUDIT,NOT_ADJUDICATED_CURRENT_AUDIT,NOT_DETERMINED_CURRENT_AUDIT,ONE_OPERATING_ORGANISATION_MULTIPLE_SITES; FEATURE_SPECIFIC_ROLE_PERMISSION_SITE_OWNERSHIP_DIRECT_OBJECT_PRIVACY_BOUNDARY_NOT_ADJUDICATED,NOT_ESTABLISHED_CURRENT_AUDIT,NOT_ESTABLISHED_CURRENT_AUDIT,NOT_ESTABLISHED_CURRENT_AUDIT,NOT_ESTABLISHED_CURRENT_AUDIT,app/Domain/Governance/Http/Controllers/BoardMemberAdminController.php:12,NOT_ESTABLISHED_CURRENT_AUDIT,NOT_ESTABLISHED_CURRENT_AUDIT,Static canonical identity only: Administer board membership. Representative-role completion was not executed.,NOT_ESTABLISHED_CURRENT_AUDIT_NO_ROUTE_OR_PAGE_ANCHOR,NOT_ESTABLISHED_CURRENT_AUDIT_NO_ROUTE_OR_PAGE_ANCHOR,task-scripts/cap-gov-board-membership.md,a0493442b9e392d324055c35bf25b69421dc2d35,f8cdaf81d83c71e4f5d064fdf88872b908ffaaa1,df6e1b1b357439ad1fd829bebf4e2d33d20d067d515eb945c352e2350a4194a4,f4feae2598622afe346b1163fed2bb842305a8d973a89ec890c02746d99b5999,false,false,false,false,false,"Static identity and source ownership only; no runtime, browser, executed-test, benchmark, ease, release, or completion credit."
TASK-CAP-GOV-BOARD-PACK-DISTRIBUTION,CAP-GOV-BOARD-PACK-DISTRIBUTION,Governance,NOT_ESTABLISHED_CURRENT_AUDIT,"Generate, distribute, read, and download board packs",NOT_ESTABLISHED_CURRENT_AUDIT,"Generate, distribute, read, and download board packs","NOT_ESTABLISHED_CURRENT_AUDIT; execution requires a documented representative role, approved Site/record scope where applicable, and resettable synthetic data.",SOURCE_BOUND_STATIC_IDENTITY_ONLY,NOT_EXECUTED_REPRESENTATIVE_ROLE,NOT_MEASURED,0-5; NOT_MEASURED is not 0,NOT_MEASURED,NOT_MEASURED,NOT_MEASURED,NOT_MEASURED,NOT_MEASURED,NOT_MEASURED,NOT_MEASURED,NOT_MEASURED,NOT_MEASURED,NOT_MEASURED,NOT_MEASURED,NOT_MEASURED,NOT_MEASURED,NOT_MEASURED,NOT_MEASURED,NOT_MEASURED,NOT_MEASURED,"{""discoverability"":""NOT_MEASURED"",""comprehension"":""NOT_MEASURED"",""learnability"":""NOT_MEASURED"",""efficiency"":""NOT_MEASURED"",""error_prevention"":""NOT_MEASURED"",""recovery"":""NOT_MEASURED"",""accessibility"":""NOT_MEASURED"",""safety_and_trust"":""NOT_MEASURED"",""consistency"":""NOT_MEASURED"",""cross_module_continuity"":""NOT_MEASURED""}",NOT_PERFORMED,NOT_LINKED_TO_CANONICAL_TARGET_CURRENT_AUDIT,NOT_MEASURED,NOT_MEASURED,NOT_MEASURED,NOT_MEASURED,NOT_MEASURED,NOT_MEASURED,NOT_MEASURED,NOT_MEASURED,NOT_MEASURED,NOT_MEASURED,NOT_MEASURED,H,CANONICAL_STATIC_IDENTITY_DENOMINATOR,BoardPackBuilderService and BoardPackController,NOT_ESTABLISHED_CURRENT_AUDIT,"Generate, distribute, read, and download board packs",NOT_ADJUDICATED_CURRENT_AUDIT,NOT_SCORED_CURRENT_AUDIT,NOT_SCORED_CURRENT_AUDIT,STATIC_CANONICAL_IDENTITY_FROZEN,INCOMPLETE_CANONICAL_STATIC_IDENTITY_ONLY,NOT_ADJUDICATED_CURRENT_AUDIT,NOT_ADJUDICATED_CURRENT_AUDIT,NOT_DETERMINED_CURRENT_AUDIT,ONE_OPERATING_ORGANISATION_MULTIPLE_SITES; FEATURE_SPECIFIC_ROLE_PERMISSION_SITE_OWNERSHIP_DIRECT_OBJECT_PRIVACY_BOUNDARY_NOT_ADJUDICATED,NOT_ESTABLISHED_CURRENT_AUDIT,NOT_ESTABLISHED_CURRENT_AUDIT,NOT_ESTABLISHED_CURRENT_AUDIT,NOT_ESTABLISHED_CURRENT_AUDIT,app/Domain/Governance/Http/Controllers/BoardPackController.php:23-90,tests/Feature/Governance/GovernanceBoardPacksTest.php:24,NOT_ESTABLISHED_CURRENT_AUDIT,"Static canonical identity only: Generate, distribute, read, and download board packs. Representative-role completion was not executed.",NOT_ESTABLISHED_CURRENT_AUDIT_NO_ROUTE_OR_PAGE_ANCHOR,NOT_ESTABLISHED_CURRENT_AUDIT_NO_ROUTE_OR_PAGE_ANCHOR,task-scripts/cap-gov-board-pack-distribution.md,a0493442b9e392d324055c35bf25b69421dc2d35,f8cdaf81d83c71e4f5d064fdf88872b908ffaaa1,df6e1b1b357439ad1fd829bebf4e2d33d20d067d515eb945c352e2350a4194a4,f4feae2598622afe346b1163fed2bb842305a8d973a89ec890c02746d99b5999,false,false,false,false,false,"Static identity and source ownership only; no runtime, browser, executed-test, benchmark, ease, release, or completion credit."
TASK-CAP-GOV-BUDGET-ALLOCATIONS-ADJUSTMENTS,CAP-GOV-BUDGET-ALLOCATIONS-ADJUSTMENTS,Governance,NOT_ESTABLISHED_CURRENT_AUDIT,"Manage governance budgets, allocations, actuals, and approvals",NOT_ESTABLISHED_CURRENT_AUDIT,"Manage governance budgets, allocations, actuals, and approvals","NOT_ESTABLISHED_CURRENT_AUDIT; execution requires a documented representative role, approved Site/record scope where applicable, and resettable synthetic data.",SOURCE_BOUND_STATIC_IDENTITY_ONLY,NOT_EXECUTED_REPRESENTATIVE_ROLE,NOT_MEASURED,0-5; NOT_MEASURED is not 0,NOT_MEASURED,NOT_MEASURED,NOT_MEASURED,NOT_MEASURED,NOT_MEASURED,NOT_MEASURED,NOT_MEASURED,NOT_MEASURED,NOT_MEASURED,NOT_MEASURED,NOT_MEASURED,NOT_MEASURED,NOT_MEASURED,NOT_MEASURED,NOT_MEASURED,NOT_MEASURED,NOT_MEASURED,"{""discoverability"":""NOT_MEASURED"",""comprehension"":""NOT_MEASURED"",""learnability"":""NOT_MEASURED"",""efficiency"":""NOT_MEASURED"",""error_prevention"":""NOT_MEASURED"",""recovery"":""NOT_MEASURED"",""accessibility"":""NOT_MEASURED"",""safety_and_trust"":""NOT_MEASURED"",""consistency"":""NOT_MEASURED"",""cross_module_continuity"":""NOT_MEASURED""}",NOT_PERFORMED,NOT_LINKED_TO_CANONICAL_TARGET_CURRENT_AUDIT,NOT_MEASURED,NOT_MEASURED,NOT_MEASURED,NOT_MEASURED,NOT_MEASURED,NOT_MEASURED,NOT_MEASURED,NOT_MEASURED,NOT_MEASURED,NOT_MEASURED,NOT_MEASURED,H,CANONICAL_STATIC_IDENTITY_DENOMINATOR,BudgetController and GovernanceNestedMutationService,NOT_ESTABLISHED_CURRENT_AUDIT,"Manage governance budgets, allocations, actuals, and approvals",NOT_ADJUDICATED_CURRENT_AUDIT,NOT_SCORED_CURRENT_AUDIT,NOT_SCORED_CURRENT_AUDIT,STATIC_CANONICAL_IDENTITY_FROZEN,INCOMPLETE_CANONICAL_STATIC_IDENTITY_ONLY,NOT_ADJUDICATED_CURRENT_AUDIT,NOT_ADJUDICATED_CURRENT_AUDIT,NOT_DETERMINED_CURRENT_AUDIT,ONE_OPERATING_ORGANISATION_MULTIPLE_SITES; FEATURE_SPECIFIC_ROLE_PERMISSION_SITE_OWNERSHIP_DIRECT_OBJECT_PRIVACY_BOUNDARY_NOT_ADJUDICATED,NOT_ESTABLISHED_CURRENT_AUDIT,NOT_ESTABLISHED_CURRENT_AUDIT,NOT_ESTABLISHED_CURRENT_AUDIT,NOT_ESTABLISHED_CURRENT_AUDIT,app/Domain/Governance/Services/GovernanceNestedMutationService.php:143-406,tests/Feature/Governance/GovernanceNestedBindingIntegrityTest.php:81,NOT_ESTABLISHED_CURRENT_AUDIT,"Static canonical identity only: Manage governance budgets, allocations, actuals, and approvals. Representative-role completion was not executed.",NOT_ESTABLISHED_CURRENT_AUDIT_NO_ROUTE_OR_PAGE_ANCHOR,NOT_ESTABLISHED_CURRENT_AUDIT_NO_ROUTE_OR_PAGE_ANCHOR,task-scripts/cap-gov-budget-allocations-adjustments.md,a0493442b9e392d324055c35bf25b69421dc2d35,f8cdaf81d83c71e4f5d064fdf88872b908ffaaa1,df6e1b1b357439ad1fd829bebf4e2d33d20d067d515eb945c352e2350a4194a4,f4feae2598622afe346b1163fed2bb842305a8d973a89ec890c02746d99b5999,false,false,false,false,false,"Static identity and source ownership only; no runtime, browser, executed-test, benchmark, ease, release, or completion credit."
TASK-CAP-GOV-CEO-BOARD-REPORT,CAP-GOV-CEO-BOARD-REPORT,Governance,NOT_ESTABLISHED_CURRENT_AUDIT,"Draft, submit, present, and evidence CEO board reports",NOT_ESTABLISHED_CURRENT_AUDIT,"Draft, submit, present, and evidence CEO board reports","NOT_ESTABLISHED_CURRENT_AUDIT; execution requires a documented representative role, approved Site/record scope where applicable, and resettable synthetic data.",SOURCE_BOUND_STATIC_IDENTITY_ONLY,NOT_EXECUTED_REPRESENTATIVE_ROLE,NOT_MEASURED,0-5; NOT_MEASURED is not 0,NOT_MEASURED,NOT_MEASURED,NOT_MEASURED,NOT_MEASURED,NOT_MEASURED,NOT_MEASURED,NOT_MEASURED,NOT_MEASURED,NOT_MEASURED,NOT_MEASURED,NOT_MEASURED,NOT_MEASURED,NOT_MEASURED,NOT_MEASURED,NOT_MEASURED,NOT_MEASURED,NOT_MEASURED,"{""discoverability"":""NOT_MEASURED"",""comprehension"":""NOT_MEASURED"",""learnability"":""NOT_MEASURED"",""efficiency"":""NOT_MEASURED"",""error_prevention"":""NOT_MEASURED"",""recovery"":""NOT_MEASURED"",""accessibility"":""NOT_MEASURED"",""safety_and_trust"":""NOT_MEASURED"",""consistency"":""NOT_MEASURED"",""cross_module_continuity"":""NOT_MEASURED""}",NOT_PERFORMED,NOT_LINKED_TO_CANONICAL_TARGET_CURRENT_AUDIT,NOT_MEASURED,NOT_MEASURED,NOT_MEASURED,NOT_MEASURED,NOT_MEASURED,NOT_MEASURED,NOT_MEASURED,NOT_MEASURED,NOT_MEASURED,NOT_MEASURED,NOT_MEASURED,H,CANONICAL_STATIC_IDENTITY_DENOMINATOR,CeoBoardReportController and policy,NOT_ESTABLISHED_CURRENT_AUDIT,"Draft, submit, present, and evidence CEO board reports",NOT_ADJUDICATED_CURRENT_AUDIT,NOT_SCORED_CURRENT_AUDIT,NOT_SCORED_CURRENT_AUDIT,STATIC_CANONICAL_IDENTITY_FROZEN,INCOMPLETE_CANONICAL_STATIC_IDENTITY_ONLY,NOT_ADJUDICATED_CURRENT_AUDIT,NOT_ADJUDICATED_CURRENT_AUDIT,NOT_DETERMINED_CURRENT_AUDIT,ONE_OPERATING_ORGANISATION_MULTIPLE_SITES; FEATURE_SPECIFIC_ROLE_PERMISSION_SITE_OWNERSHIP_DIRECT_OBJECT_PRIVACY_BOUNDARY_NOT_ADJUDICATED,NOT_ESTABLISHED_CURRENT_AUDIT,NOT_ESTABLISHED_CURRENT_AUDIT,NOT_ESTABLISHED_CURRENT_AUDIT,NOT_ESTABLISHED_CURRENT_AUDIT,app/Domain/Governance/Http/Controllers/CeoBoardReportController.php:18-206,tests/Browser/Governance/GovernanceMiscTest.php:116,NOT_ESTABLISHED_CURRENT_AUDIT,"Static canonical identity only: Draft, submit, present, and evidence CEO board reports. Representative-role completion was not executed.",NOT_ESTABLISHED_CURRENT_AUDIT_NO_ROUTE_OR_PAGE_ANCHOR,NOT_ESTABLISHED_CURRENT_AUDIT_NO_ROUTE_OR_PAGE_ANCHOR,task-scripts/cap-gov-ceo-board-report.md,a0493442b9e392d324055c35bf25b69421dc2d35,f8cdaf81d83c71e4f5d064fdf88872b908ffaaa1,df6e1b1b357439ad1fd829bebf4e2d33d20d067d515eb945c352e2350a4194a4,f4feae2598622afe346b1163fed2bb842305a8d973a89ec890c02746d99b5999,false,false,false,false,false,"Static identity and source ownership only; no runtime, browser, executed-test, benchmark, ease, release, or completion credit."
TASK-CAP-GOV-CLINICAL-INDICATOR-SNAPSHOT,CAP-GOV-CLINICAL-INDICATOR-SNAPSHOT,Governance,NOT_ESTABLISHED_CURRENT_AUDIT,Review clinical governance indicators and record snapshots,NOT_ESTABLISHED_CURRENT_AUDIT,Review clinical governance indicators and record snapshots,"NOT_ESTABLISHED_CURRENT_AUDIT; execution requires a documented representative role, approved Site/record scope where applicable, and resettable synthetic data.",SOURCE_BOUND_STATIC_IDENTITY_ONLY,NOT_EXECUTED_REPRESENTATIVE_ROLE,NOT_MEASURED,0-5; NOT_MEASURED is not 0,NOT_MEASURED,NOT_MEASURED,NOT_MEASURED,NOT_MEASURED,NOT_MEASURED,NOT_MEASURED,NOT_MEASURED,NOT_MEASURED,NOT_MEASURED,NOT_MEASURED,NOT_MEASURED,NOT_MEASURED,NOT_MEASURED,NOT_MEASURED,NOT_MEASURED,NOT_MEASURED,NOT_MEASURED,"{""discoverability"":""NOT_MEASURED"",""comprehension"":""NOT_MEASURED"",""learnability"":""NOT_MEASURED"",""efficiency"":""NOT_MEASURED"",""error_prevention"":""NOT_MEASURED"",""recovery"":""NOT_MEASURED"",""accessibility"":""NOT_MEASURED"",""safety_and_trust"":""NOT_MEASURED"",""consistency"":""NOT_MEASURED"",""cross_module_continuity"":""NOT_MEASURED""}",NOT_PERFORMED,NOT_LINKED_TO_CANONICAL_TARGET_CURRENT_AUDIT,NOT_MEASURED,NOT_MEASURED,NOT_MEASURED,NOT_MEASURED,NOT_MEASURED,NOT_MEASURED,NOT_MEASURED,NOT_MEASURED,NOT_MEASURED,NOT_MEASURED,NOT_MEASURED,H,CANONICAL_STATIC_IDENTITY_DENOMINATOR,ClinicalGovernanceController and automation service,NOT_ESTABLISHED_CURRENT_AUDIT,Review clinical governance indicators and record snapshots,NOT_ADJUDICATED_CURRENT_AUDIT,NOT_SCORED_CURRENT_AUDIT,NOT_SCORED_CURRENT_AUDIT,STATIC_CANONICAL_IDENTITY_FROZEN,INCOMPLETE_CANONICAL_STATIC_IDENTITY_ONLY,NOT_ADJUDICATED_CURRENT_AUDIT,NOT_ADJUDICATED_CURRENT_AUDIT,NOT_DETERMINED_CURRENT_AUDIT,ONE_OPERATING_ORGANISATION_MULTIPLE_SITES; FEATURE_SPECIFIC_ROLE_PERMISSION_SITE_OWNERSHIP_DIRECT_OBJECT_PRIVACY_BOUNDARY_NOT_ADJUDICATED,NOT_ESTABLISHED_CURRENT_AUDIT,NOT_ESTABLISHED_CURRENT_AUDIT,NOT_ESTABLISHED_CURRENT_AUDIT,NOT_ESTABLISHED_CURRENT_AUDIT,app/Domain/Governance/Http/Controllers/ClinicalGovernanceController.php:20-88,tests/Feature/Governance/ClinicalGovernanceAutomationTest.php:37,NOT_ESTABLISHED_CURRENT_AUDIT,Static canonical identity only: Review clinical governance indicators and record snapshots. Representative-role completion was not executed.,NOT_ESTABLISHED_CURRENT_AUDIT_NO_ROUTE_OR_PAGE_ANCHOR,NOT_ESTABLISHED_CURRENT_AUDIT_NO_ROUTE_OR_PAGE_ANCHOR,task-scripts/cap-gov-clinical-indicator-snapshot.md,a0493442b9e392d324055c35bf25b69421dc2d35,f8cdaf81d83c71e4f5d064fdf88872b908ffaaa1,df6e1b1b357439ad1fd829bebf4e2d33d20d067d515eb945c352e2350a4194a4,f4feae2598622afe346b1163fed2bb842305a8d973a89ec890c02746d99b5999,false,false,false,false,false,"Static identity and source ownership only; no runtime, browser, executed-test, benchmark, ease, release, or completion credit."
TASK-CAP-GOV-COMPLIANCE-OBLIGATION-EVIDENCE,CAP-GOV-COMPLIANCE-OBLIGATION-EVIDENCE,Governance,NOT_ESTABLISHED_CURRENT_AUDIT,"Manage compliance obligations, evidence, and notifiable records",NOT_ESTABLISHED_CURRENT_AUDIT,"Manage compliance obligations, evidence, and notifiable records","NOT_ESTABLISHED_CURRENT_AUDIT; execution requires a documented representative role, approved Site/record scope where applicable, and resettable synthetic data.",SOURCE_BOUND_STATIC_IDENTITY_ONLY,NOT_EXECUTED_REPRESENTATIVE_ROLE,NOT_MEASURED,0-5; NOT_MEASURED is not 0,NOT_MEASURED,NOT_MEASURED,NOT_MEASURED,NOT_MEASURED,NOT_MEASURED,NOT_MEASURED,NOT_MEASURED,NOT_MEASURED,NOT_MEASURED,NOT_MEASURED,NOT_MEASURED,NOT_MEASURED,NOT_MEASURED,NOT_MEASURED,NOT_MEASURED,NOT_MEASURED,NOT_MEASURED,"{""discoverability"":""NOT_MEASURED"",""comprehension"":""NOT_MEASURED"",""learnability"":""NOT_MEASURED"",""efficiency"":""NOT_MEASURED"",""error_prevention"":""NOT_MEASURED"",""recovery"":""NOT_MEASURED"",""accessibility"":""NOT_MEASURED"",""safety_and_trust"":""NOT_MEASURED"",""consistency"":""NOT_MEASURED"",""cross_module_continuity"":""NOT_MEASURED""}",NOT_PERFORMED,NOT_LINKED_TO_CANONICAL_TARGET_CURRENT_AUDIT,NOT_MEASURED,NOT_MEASURED,NOT_MEASURED,NOT_MEASURED,NOT_MEASURED,NOT_MEASURED,NOT_MEASURED,NOT_MEASURED,NOT_MEASURED,NOT_MEASURED,NOT_MEASURED,H,CANONICAL_STATIC_IDENTITY_DENOMINATOR,ComplianceController and ComplianceEngineService,NOT_ESTABLISHED_CURRENT_AUDIT,"Manage compliance obligations, evidence, and notifiable records",NOT_ADJUDICATED_CURRENT_AUDIT,NOT_SCORED_CURRENT_AUDIT,NOT_SCORED_CURRENT_AUDIT,STATIC_CANONICAL_IDENTITY_FROZEN,INCOMPLETE_CANONICAL_STATIC_IDENTITY_ONLY,NOT_ADJUDICATED_CURRENT_AUDIT,NOT_ADJUDICATED_CURRENT_AUDIT,NOT_DETERMINED_CURRENT_AUDIT,ONE_OPERATING_ORGANISATION_MULTIPLE_SITES; FEATURE_SPECIFIC_ROLE_PERMISSION_SITE_OWNERSHIP_DIRECT_OBJECT_PRIVACY_BOUNDARY_NOT_ADJUDICATED,NOT_ESTABLISHED_CURRENT_AUDIT,NOT_ESTABLISHED_CURRENT_AUDIT,NOT_ESTABLISHED_CURRENT_AUDIT,NOT_ESTABLISHED_CURRENT_AUDIT,app/Domain/Governance/Services/ComplianceEngineService.php:67-203,tests/Feature/Governance/GovernanceComplianceTest.php:26,NOT_ESTABLISHED_CURRENT_AUDIT,"Static canonical identity only: Manage compliance obligations, evidence, and notifiable records. Representative-role completion was not executed.",NOT_ESTABLISHED_CURRENT_AUDIT_NO_ROUTE_OR_PAGE_ANCHOR,NOT_ESTABLISHED_CURRENT_AUDIT_NO_ROUTE_OR_PAGE_ANCHOR,task-scripts/cap-gov-compliance-obligation-evidence.md,a0493442b9e392d324055c35bf25b69421dc2d35,f8cdaf81d83c71e4f5d064fdf88872b908ffaaa1,df6e1b1b357439ad1fd829bebf4e2d33d20d067d515eb945c352e2350a4194a4,f4feae2598622afe346b1163fed2bb842305a8d973a89ec890c02746d99b5999,false,false,false,false,false,"Static identity and source ownership only; no runtime, browser, executed-test, benchmark, ease, release, or completion credit."
TASK-CAP-GOV-DASHBOARD-READ-LENS,CAP-GOV-DASHBOARD-READ-LENS,Governance,NOT_ESTABLISHED_CURRENT_AUDIT,Review the authorised governance overview,NOT_ESTABLISHED_CURRENT_AUDIT,Review the authorised governance overview,"NOT_ESTABLISHED_CURRENT_AUDIT; execution requires a documented representative role, approved Site/record scope where applicable, and resettable synthetic data.",SOURCE_BOUND_STATIC_IDENTITY_ONLY,NOT_EXECUTED_REPRESENTATIVE_ROLE,NOT_MEASURED,0-5; NOT_MEASURED is not 0,NOT_MEASURED,NOT_MEASURED,NOT_MEASURED,NOT_MEASURED,NOT_MEASURED,NOT_MEASURED,NOT_MEASURED,NOT_MEASURED,NOT_MEASURED,NOT_MEASURED,NOT_MEASURED,NOT_MEASURED,NOT_MEASURED,NOT_MEASURED,NOT_MEASURED,NOT_MEASURED,NOT_MEASURED,"{""discoverability"":""NOT_MEASURED"",""comprehension"":""NOT_MEASURED"",""learnability"":""NOT_MEASURED"",""efficiency"":""NOT_MEASURED"",""error_prevention"":""NOT_MEASURED"",""recovery"":""NOT_MEASURED"",""accessibility"":""NOT_MEASURED"",""safety_and_trust"":""NOT_MEASURED"",""consistency"":""NOT_MEASURED"",""cross_module_continuity"":""NOT_MEASURED""}",NOT_PERFORMED,NOT_LINKED_TO_CANONICAL_TARGET_CURRENT_AUDIT,NOT_MEASURED,NOT_MEASURED,NOT_MEASURED,NOT_MEASURED,NOT_MEASURED,NOT_MEASURED,NOT_MEASURED,NOT_MEASURED,NOT_MEASURED,NOT_MEASURED,NOT_MEASURED,H,CANONICAL_STATIC_IDENTITY_DENOMINATOR,"DashboardAggregatorService, ReportController, and AuditEvidencePackService",NOT_ESTABLISHED_CURRENT_AUDIT,Review the authorised governance overview,NOT_ADJUDICATED_CURRENT_AUDIT,NOT_SCORED_CURRENT_AUDIT,NOT_SCORED_CURRENT_AUDIT,STATIC_CANONICAL_IDENTITY_FROZEN,INCOMPLETE_CANONICAL_STATIC_IDENTITY_ONLY,NOT_ADJUDICATED_CURRENT_AUDIT,NOT_ADJUDICATED_CURRENT_AUDIT,NOT_DETERMINED_CURRENT_AUDIT,ONE_OPERATING_ORGANISATION_MULTIPLE_SITES; FEATURE_SPECIFIC_ROLE_PERMISSION_SITE_OWNERSHIP_DIRECT_OBJECT_PRIVACY_BOUNDARY_NOT_ADJUDICATED,NOT_ESTABLISHED_CURRENT_AUDIT,NOT_ESTABLISHED_CURRENT_AUDIT,NOT_ESTABLISHED_CURRENT_AUDIT,NOT_ESTABLISHED_CURRENT_AUDIT,app/Domain/Governance/Http/Controllers/DashboardController.php:13; app/Domain/Governance/Services/DashboardAggregatorService.php:29,NOT_ESTABLISHED_CURRENT_AUDIT,NOT_ESTABLISHED_CURRENT_AUDIT,Static canonical identity only: Review the authorised governance overview. Representative-role completion was not executed.,NOT_ESTABLISHED_CURRENT_AUDIT_NO_ROUTE_OR_PAGE_ANCHOR,NOT_ESTABLISHED_CURRENT_AUDIT_NO_ROUTE_OR_PAGE_ANCHOR,task-scripts/cap-gov-dashboard-read-lens.md,a0493442b9e392d324055c35bf25b69421dc2d35,f8cdaf81d83c71e4f5d064fdf88872b908ffaaa1,df6e1b1b357439ad1fd829bebf4e2d33d20d067d515eb945c352e2350a4194a4,f4feae2598622afe346b1163fed2bb842305a8d973a89ec890c02746d99b5999,false,false,false,false,false,"Static identity and source ownership only; no runtime, browser, executed-test, benchmark, ease, release, or completion credit."
TASK-CAP-GOV-DOCUMENT-LIBRARY,CAP-GOV-DOCUMENT-LIBRARY,Governance,NOT_ESTABLISHED_CURRENT_AUDIT,"Store, browse, download, and remove governance documents",NOT_ESTABLISHED_CURRENT_AUDIT,"Store, browse, download, and remove governance documents","NOT_ESTABLISHED_CURRENT_AUDIT; execution requires a documented representative role, approved Site/record scope where applicable, and resettable synthetic data.",SOURCE_BOUND_STATIC_IDENTITY_ONLY,NOT_EXECUTED_REPRESENTATIVE_ROLE,NOT_MEASURED,0-5; NOT_MEASURED is not 0,NOT_MEASURED,NOT_MEASURED,NOT_MEASURED,NOT_MEASURED,NOT_MEASURED,NOT_MEASURED,NOT_MEASURED,NOT_MEASURED,NOT_MEASURED,NOT_MEASURED,NOT_MEASURED,NOT_MEASURED,NOT_MEASURED,NOT_MEASURED,NOT_MEASURED,NOT_MEASURED,NOT_MEASURED,"{""discoverability"":""NOT_MEASURED"",""comprehension"":""NOT_MEASURED"",""learnability"":""NOT_MEASURED"",""efficiency"":""NOT_MEASURED"",""error_prevention"":""NOT_MEASURED"",""recovery"":""NOT_MEASURED"",""accessibility"":""NOT_MEASURED"",""safety_and_trust"":""NOT_MEASURED"",""consistency"":""NOT_MEASURED"",""cross_module_continuity"":""NOT_MEASURED""}",NOT_PERFORMED,NOT_LINKED_TO_CANONICAL_TARGET_CURRENT_AUDIT,NOT_MEASURED,NOT_MEASURED,NOT_MEASURED,NOT_MEASURED,NOT_MEASURED,NOT_MEASURED,NOT_MEASURED,NOT_MEASURED,NOT_MEASURED,NOT_MEASURED,NOT_MEASURED,H,CANONICAL_STATIC_IDENTITY_DENOMINATOR,GovernanceDocumentController and policy,NOT_ESTABLISHED_CURRENT_AUDIT,"Store, browse, download, and remove governance documents",NOT_ADJUDICATED_CURRENT_AUDIT,NOT_SCORED_CURRENT_AUDIT,NOT_SCORED_CURRENT_AUDIT,STATIC_CANONICAL_IDENTITY_FROZEN,INCOMPLETE_CANONICAL_STATIC_IDENTITY_ONLY,NOT_ADJUDICATED_CURRENT_AUDIT,NOT_ADJUDICATED_CURRENT_AUDIT,NOT_DETERMINED_CURRENT_AUDIT,ONE_OPERATING_ORGANISATION_MULTIPLE_SITES; FEATURE_SPECIFIC_ROLE_PERMISSION_SITE_OWNERSHIP_DIRECT_OBJECT_PRIVACY_BOUNDARY_NOT_ADJUDICATED,NOT_ESTABLISHED_CURRENT_AUDIT,NOT_ESTABLISHED_CURRENT_AUDIT,NOT_ESTABLISHED_CURRENT_AUDIT,NOT_ESTABLISHED_CURRENT_AUDIT,app/Domain/Governance/Http/Controllers/GovernanceDocumentController.php:12-112,tests/Browser/Governance/GovernanceMiscTest.php:6,NOT_ESTABLISHED_CURRENT_AUDIT,"Static canonical identity only: Store, browse, download, and remove governance documents. Representative-role completion was not executed.",NOT_ESTABLISHED_CURRENT_AUDIT_NO_ROUTE_OR_PAGE_ANCHOR,NOT_ESTABLISHED_CURRENT_AUDIT_NO_ROUTE_OR_PAGE_ANCHOR,task-scripts/cap-gov-document-library.md,a0493442b9e392d324055c35bf25b69421dc2d35,f8cdaf81d83c71e4f5d064fdf88872b908ffaaa1,df6e1b1b357439ad1fd829bebf4e2d33d20d067d515eb945c352e2350a4194a4,f4feae2598622afe346b1163fed2bb842305a8d973a89ec890c02746d99b5999,false,false,false,false,false,"Static identity and source ownership only; no runtime, browser, executed-test, benchmark, ease, release, or completion credit."
TASK-CAP-GOV-INTEREST-REGISTER,CAP-GOV-INTEREST-REGISTER,Governance,NOT_ESTABLISHED_CURRENT_AUDIT,Record and govern board-member interests,NOT_ESTABLISHED_CURRENT_AUDIT,Record and govern board-member interests,"NOT_ESTABLISHED_CURRENT_AUDIT; execution requires a documented representative role, approved Site/record scope where applicable, and resettable synthetic data.",SOURCE_BOUND_STATIC_IDENTITY_ONLY,NOT_EXECUTED_REPRESENTATIVE_ROLE,NOT_MEASURED,0-5; NOT_MEASURED is not 0,NOT_MEASURED,NOT_MEASURED,NOT_MEASURED,NOT_MEASURED,NOT_MEASURED,NOT_MEASURED,NOT_MEASURED,NOT_MEASURED,NOT_MEASURED,NOT_MEASURED,NOT_MEASURED,NOT_MEASURED,NOT_MEASURED,NOT_MEASURED,NOT_MEASURED,NOT_MEASURED,NOT_MEASURED,"{""discoverability"":""NOT_MEASURED"",""comprehension"":""NOT_MEASURED"",""learnability"":""NOT_MEASURED"",""efficiency"":""NOT_MEASURED"",""error_prevention"":""NOT_MEASURED"",""recovery"":""NOT_MEASURED"",""accessibility"":""NOT_MEASURED"",""safety_and_trust"":""NOT_MEASURED"",""consistency"":""NOT_MEASURED"",""cross_module_continuity"":""NOT_MEASURED""}",NOT_PERFORMED,NOT_LINKED_TO_CANONICAL_TARGET_CURRENT_AUDIT,NOT_MEASURED,NOT_MEASURED,NOT_MEASURED,NOT_MEASURED,NOT_MEASURED,NOT_MEASURED,NOT_MEASURED,NOT_MEASURED,NOT_MEASURED,NOT_MEASURED,NOT_MEASURED,H,CANONICAL_STATIC_IDENTITY_DENOMINATOR,"Board member, interest, and evaluation controllers",NOT_ESTABLISHED_CURRENT_AUDIT,Record and govern board-member interests,NOT_ADJUDICATED_CURRENT_AUDIT,NOT_SCORED_CURRENT_AUDIT,NOT_SCORED_CURRENT_AUDIT,STATIC_CANONICAL_IDENTITY_FROZEN,INCOMPLETE_CANONICAL_STATIC_IDENTITY_ONLY,NOT_ADJUDICATED_CURRENT_AUDIT,NOT_ADJUDICATED_CURRENT_AUDIT,NOT_DETERMINED_CURRENT_AUDIT,ONE_OPERATING_ORGANISATION_MULTIPLE_SITES; FEATURE_SPECIFIC_ROLE_PERMISSION_SITE_OWNERSHIP_DIRECT_OBJECT_PRIVACY_BOUNDARY_NOT_ADJUDICATED,NOT_ESTABLISHED_CURRENT_AUDIT,NOT_ESTABLISHED_CURRENT_AUDIT,NOT_ESTABLISHED_CURRENT_AUDIT,NOT_ESTABLISHED_CURRENT_AUDIT,app/Domain/Governance/Http/Controllers/BoardEvaluationController.php:14-173; app/Domain/Governance/Http/Controllers/BoardInterestController.php:11,tests/Feature/Governance/GovernanceBoardMemberSelfServiceTest.php:22,NOT_ESTABLISHED_CURRENT_AUDIT,Static canonical identity only: Record and govern board-member interests. Representative-role completion was not executed.,NOT_ESTABLISHED_CURRENT_AUDIT_NO_ROUTE_OR_PAGE_ANCHOR,NOT_ESTABLISHED_CURRENT_AUDIT_NO_ROUTE_OR_PAGE_ANCHOR,task-scripts/cap-gov-interest-register.md,a0493442b9e392d324055c35bf25b69421dc2d35,f8cdaf81d83c71e4f5d064fdf88872b908ffaaa1,df6e1b1b357439ad1fd829bebf4e2d33d20d067d515eb945c352e2350a4194a4,f4feae2598622afe346b1163fed2bb842305a8d973a89ec890c02746d99b5999,false,false,false,false,false,"Static identity and source ownership only; no runtime, browser, executed-test, benchmark, ease, release, or completion credit."
TASK-CAP-GOV-MEETING-AGENDA-MINUTES-ATTENDANCE,CAP-GOV-MEETING-AGENDA-MINUTES-ATTENDANCE,Governance,NOT_ESTABLISHED_CURRENT_AUDIT,"Schedule meetings and manage agendas, attendance, minutes, and status",NOT_ESTABLISHED_CURRENT_AUDIT,"Schedule meetings and manage agendas, attendance, minutes, and status","NOT_ESTABLISHED_CURRENT_AUDIT; execution requires a documented representative role, approved Site/record scope where applicable, and resettable synthetic data.",SOURCE_BOUND_STATIC_IDENTITY_ONLY,NOT_EXECUTED_REPRESENTATIVE_ROLE,NOT_MEASURED,0-5; NOT_MEASURED is not 0,NOT_MEASURED,NOT_MEASURED,NOT_MEASURED,NOT_MEASURED,NOT_MEASURED,NOT_MEASURED,NOT_MEASURED,NOT_MEASURED,NOT_MEASURED,NOT_MEASURED,NOT_MEASURED,NOT_MEASURED,NOT_MEASURED,NOT_MEASURED,NOT_MEASURED,NOT_MEASURED,NOT_MEASURED,"{""discoverability"":""NOT_MEASURED"",""comprehension"":""NOT_MEASURED"",""learnability"":""NOT_MEASURED"",""efficiency"":""NOT_MEASURED"",""error_prevention"":""NOT_MEASURED"",""recovery"":""NOT_MEASURED"",""accessibility"":""NOT_MEASURED"",""safety_and_trust"":""NOT_MEASURED"",""consistency"":""NOT_MEASURED"",""cross_module_continuity"":""NOT_MEASURED""}",NOT_PERFORMED,NOT_LINKED_TO_CANONICAL_TARGET_CURRENT_AUDIT,NOT_MEASURED,NOT_MEASURED,NOT_MEASURED,NOT_MEASURED,NOT_MEASURED,NOT_MEASURED,NOT_MEASURED,NOT_MEASURED,NOT_MEASURED,NOT_MEASURED,NOT_MEASURED,H,CANONICAL_STATIC_IDENTITY_DENOMINATOR,GovernanceMeetingController and governance workflow services,NOT_ESTABLISHED_CURRENT_AUDIT,"Schedule meetings and manage agendas, attendance, minutes, and status",NOT_ADJUDICATED_CURRENT_AUDIT,NOT_SCORED_CURRENT_AUDIT,NOT_SCORED_CURRENT_AUDIT,STATIC_CANONICAL_IDENTITY_FROZEN,INCOMPLETE_CANONICAL_STATIC_IDENTITY_ONLY,NOT_ADJUDICATED_CURRENT_AUDIT,NOT_ADJUDICATED_CURRENT_AUDIT,NOT_DETERMINED_CURRENT_AUDIT,ONE_OPERATING_ORGANISATION_MULTIPLE_SITES; FEATURE_SPECIFIC_ROLE_PERMISSION_SITE_OWNERSHIP_DIRECT_OBJECT_PRIVACY_BOUNDARY_NOT_ADJUDICATED,NOT_ESTABLISHED_CURRENT_AUDIT,NOT_ESTABLISHED_CURRENT_AUDIT,NOT_ESTABLISHED_CURRENT_AUDIT,NOT_ESTABLISHED_CURRENT_AUDIT,app/Domain/Governance/Http/Controllers/GovernanceMeetingController.php:41-152,tests/Feature/Governance/GovernanceNestedBindingIntegrityTest.php:39,NOT_ESTABLISHED_CURRENT_AUDIT,"Static canonical identity only: Schedule meetings and manage agendas, attendance, minutes, and status. Representative-role completion was not executed.",NOT_ESTABLISHED_CURRENT_AUDIT_NO_ROUTE_OR_PAGE_ANCHOR,NOT_ESTABLISHED_CURRENT_AUDIT_NO_ROUTE_OR_PAGE_ANCHOR,task-scripts/cap-gov-meeting-agenda-minutes-attendance.md,a0493442b9e392d324055c35bf25b69421dc2d35,f8cdaf81d83c71e4f5d064fdf88872b908ffaaa1,df6e1b1b357439ad1fd829bebf4e2d33d20d067d515eb945c352e2350a4194a4,f4feae2598622afe346b1163fed2bb842305a8d973a89ec890c02746d99b5999,false,false,false,false,false,"Static identity and source ownership only; no runtime, browser, executed-test, benchmark, ease, release, or completion credit."
TASK-CAP-GOV-PERFORMANCE-REVIEW,CAP-GOV-PERFORMANCE-REVIEW,Governance,NOT_ESTABLISHED_CURRENT_AUDIT,Run board and CEO performance reviews and approvals,NOT_ESTABLISHED_CURRENT_AUDIT,Run board and CEO performance reviews and approvals,"NOT_ESTABLISHED_CURRENT_AUDIT; execution requires a documented representative role, approved Site/record scope where applicable, and resettable synthetic data.",SOURCE_BOUND_STATIC_IDENTITY_ONLY,NOT_EXECUTED_REPRESENTATIVE_ROLE,NOT_MEASURED,0-5; NOT_MEASURED is not 0,NOT_MEASURED,NOT_MEASURED,NOT_MEASURED,NOT_MEASURED,NOT_MEASURED,NOT_MEASURED,NOT_MEASURED,NOT_MEASURED,NOT_MEASURED,NOT_MEASURED,NOT_MEASURED,NOT_MEASURED,NOT_MEASURED,NOT_MEASURED,NOT_MEASURED,NOT_MEASURED,NOT_MEASURED,"{""discoverability"":""NOT_MEASURED"",""comprehension"":""NOT_MEASURED"",""learnability"":""NOT_MEASURED"",""efficiency"":""NOT_MEASURED"",""error_prevention"":""NOT_MEASURED"",""recovery"":""NOT_MEASURED"",""accessibility"":""NOT_MEASURED"",""safety_and_trust"":""NOT_MEASURED"",""consistency"":""NOT_MEASURED"",""cross_module_continuity"":""NOT_MEASURED""}",NOT_PERFORMED,NOT_LINKED_TO_CANONICAL_TARGET_CURRENT_AUDIT,NOT_MEASURED,NOT_MEASURED,NOT_MEASURED,NOT_MEASURED,NOT_MEASURED,NOT_MEASURED,NOT_MEASURED,NOT_MEASURED,NOT_MEASURED,NOT_MEASURED,NOT_MEASURED,H,CANONICAL_STATIC_IDENTITY_DENOMINATOR,PerformanceReviewService and controller,NOT_ESTABLISHED_CURRENT_AUDIT,Run board and CEO performance reviews and approvals,NOT_ADJUDICATED_CURRENT_AUDIT,NOT_SCORED_CURRENT_AUDIT,NOT_SCORED_CURRENT_AUDIT,STATIC_CANONICAL_IDENTITY_FROZEN,INCOMPLETE_CANONICAL_STATIC_IDENTITY_ONLY,NOT_ADJUDICATED_CURRENT_AUDIT,NOT_ADJUDICATED_CURRENT_AUDIT,NOT_DETERMINED_CURRENT_AUDIT,ONE_OPERATING_ORGANISATION_MULTIPLE_SITES; FEATURE_SPECIFIC_ROLE_PERMISSION_SITE_OWNERSHIP_DIRECT_OBJECT_PRIVACY_BOUNDARY_NOT_ADJUDICATED,NOT_ESTABLISHED_CURRENT_AUDIT,NOT_ESTABLISHED_CURRENT_AUDIT,NOT_ESTABLISHED_CURRENT_AUDIT,NOT_ESTABLISHED_CURRENT_AUDIT,app/Domain/Governance/Services/PerformanceReviewService.php:22-373,tests/Feature/Governance/GovernancePerformanceReviewTest.php:21,NOT_ESTABLISHED_CURRENT_AUDIT,Static canonical identity only: Run board and CEO performance reviews and approvals. Representative-role completion was not executed.,NOT_ESTABLISHED_CURRENT_AUDIT_NO_ROUTE_OR_PAGE_ANCHOR,NOT_ESTABLISHED_CURRENT_AUDIT_NO_ROUTE_OR_PAGE_ANCHOR,task-scripts/cap-gov-performance-review.md,a0493442b9e392d324055c35bf25b69421dc2d35,f8cdaf81d83c71e4f5d064fdf88872b908ffaaa1,df6e1b1b357439ad1fd829bebf4e2d33d20d067d515eb945c352e2350a4194a4,f4feae2598622afe346b1163fed2bb842305a8d973a89ec890c02746d99b5999,false,false,false,false,false,"Static identity and source ownership only; no runtime, browser, executed-test, benchmark, ease, release, or completion credit."
TASK-CAP-GOV-POLICY-ATTESTATION,CAP-GOV-POLICY-ATTESTATION,Governance,NOT_ESTABLISHED_CURRENT_AUDIT,Acknowledge and evidence governance policy attestations,NOT_ESTABLISHED_CURRENT_AUDIT,Acknowledge and evidence governance policy attestations,"NOT_ESTABLISHED_CURRENT_AUDIT; execution requires a documented representative role, approved Site/record scope where applicable, and resettable synthetic data.",SOURCE_BOUND_STATIC_IDENTITY_ONLY,NOT_EXECUTED_REPRESENTATIVE_ROLE,NOT_MEASURED,0-5; NOT_MEASURED is not 0,NOT_MEASURED,NOT_MEASURED,NOT_MEASURED,NOT_MEASURED,NOT_MEASURED,NOT_MEASURED,NOT_MEASURED,NOT_MEASURED,NOT_MEASURED,NOT_MEASURED,NOT_MEASURED,NOT_MEASURED,NOT_MEASURED,NOT_MEASURED,NOT_MEASURED,NOT_MEASURED,NOT_MEASURED,"{""discoverability"":""NOT_MEASURED"",""comprehension"":""NOT_MEASURED"",""learnability"":""NOT_MEASURED"",""efficiency"":""NOT_MEASURED"",""error_prevention"":""NOT_MEASURED"",""recovery"":""NOT_MEASURED"",""accessibility"":""NOT_MEASURED"",""safety_and_trust"":""NOT_MEASURED"",""consistency"":""NOT_MEASURED"",""cross_module_continuity"":""NOT_MEASURED""}",NOT_PERFORMED,NOT_LINKED_TO_CANONICAL_TARGET_CURRENT_AUDIT,NOT_MEASURED,NOT_MEASURED,NOT_MEASURED,NOT_MEASURED,NOT_MEASURED,NOT_MEASURED,NOT_MEASURED,NOT_MEASURED,NOT_MEASURED,NOT_MEASURED,NOT_MEASURED,H,CANONICAL_STATIC_IDENTITY_DENOMINATOR,GovernancePolicyController and policy,NOT_ESTABLISHED_CURRENT_AUDIT,Acknowledge and evidence governance policy attestations,NOT_ADJUDICATED_CURRENT_AUDIT,NOT_SCORED_CURRENT_AUDIT,NOT_SCORED_CURRENT_AUDIT,STATIC_CANONICAL_IDENTITY_FROZEN,INCOMPLETE_CANONICAL_STATIC_IDENTITY_ONLY,NOT_ADJUDICATED_CURRENT_AUDIT,NOT_ADJUDICATED_CURRENT_AUDIT,NOT_DETERMINED_CURRENT_AUDIT,ONE_OPERATING_ORGANISATION_MULTIPLE_SITES; FEATURE_SPECIFIC_ROLE_PERMISSION_SITE_OWNERSHIP_DIRECT_OBJECT_PRIVACY_BOUNDARY_NOT_ADJUDICATED,NOT_ESTABLISHED_CURRENT_AUDIT,NOT_ESTABLISHED_CURRENT_AUDIT,NOT_ESTABLISHED_CURRENT_AUDIT,NOT_ESTABLISHED_CURRENT_AUDIT,app/Domain/Governance/Http/Controllers/GovernancePolicyController.php:15-258; app/Domain/Governance/Http/Controllers/GovernancePolicyController.php:171; app/Domain/Governance/Models/PolicyAttestation.php:10,tests/Browser/Governance/GovernancePoliciesTest.php:6,NOT_ESTABLISHED_CURRENT_AUDIT,Static canonical identity only: Acknowledge and evidence governance policy attestations. Representative-role completion was not executed.,NOT_ESTABLISHED_CURRENT_AUDIT_NO_ROUTE_OR_PAGE_ANCHOR,NOT_ESTABLISHED_CURRENT_AUDIT_NO_ROUTE_OR_PAGE_ANCHOR,task-scripts/cap-gov-policy-attestation.md,a0493442b9e392d324055c35bf25b69421dc2d35,f8cdaf81d83c71e4f5d064fdf88872b908ffaaa1,df6e1b1b357439ad1fd829bebf4e2d33d20d067d515eb945c352e2350a4194a4,f4feae2598622afe346b1163fed2bb842305a8d973a89ec890c02746d99b5999,false,false,false,false,false,"Static identity and source ownership only; no runtime, browser, executed-test, benchmark, ease, release, or completion credit."
TASK-CAP-GOV-POLICY-LIFECYCLE,CAP-GOV-POLICY-LIFECYCLE,Governance,NOT_ESTABLISHED_CURRENT_AUDIT,"Draft, approve, publish, and version governance policies",NOT_ESTABLISHED_CURRENT_AUDIT,"Draft, approve, publish, and version governance policies","NOT_ESTABLISHED_CURRENT_AUDIT; execution requires a documented representative role, approved Site/record scope where applicable, and resettable synthetic data.",SOURCE_BOUND_STATIC_IDENTITY_ONLY,NOT_EXECUTED_REPRESENTATIVE_ROLE,NOT_MEASURED,0-5; NOT_MEASURED is not 0,NOT_MEASURED,NOT_MEASURED,NOT_MEASURED,NOT_MEASURED,NOT_MEASURED,NOT_MEASURED,NOT_MEASURED,NOT_MEASURED,NOT_MEASURED,NOT_MEASURED,NOT_MEASURED,NOT_MEASURED,NOT_MEASURED,NOT_MEASURED,NOT_MEASURED,NOT_MEASURED,NOT_MEASURED,"{""discoverability"":""NOT_MEASURED"",""comprehension"":""NOT_MEASURED"",""learnability"":""NOT_MEASURED"",""efficiency"":""NOT_MEASURED"",""error_prevention"":""NOT_MEASURED"",""recovery"":""NOT_MEASURED"",""accessibility"":""NOT_MEASURED"",""safety_and_trust"":""NOT_MEASURED"",""consistency"":""NOT_MEASURED"",""cross_module_continuity"":""NOT_MEASURED""}",NOT_PERFORMED,NOT_LINKED_TO_CANONICAL_TARGET_CURRENT_AUDIT,NOT_MEASURED,NOT_MEASURED,NOT_MEASURED,NOT_MEASURED,NOT_MEASURED,NOT_MEASURED,NOT_MEASURED,NOT_MEASURED,NOT_MEASURED,NOT_MEASURED,NOT_MEASURED,H,CANONICAL_STATIC_IDENTITY_DENOMINATOR,GovernancePolicyController and policy,NOT_ESTABLISHED_CURRENT_AUDIT,"Draft, approve, publish, and version governance policies",NOT_ADJUDICATED_CURRENT_AUDIT,NOT_SCORED_CURRENT_AUDIT,NOT_SCORED_CURRENT_AUDIT,STATIC_CANONICAL_IDENTITY_FROZEN,INCOMPLETE_CANONICAL_STATIC_IDENTITY_ONLY,NOT_ADJUDICATED_CURRENT_AUDIT,NOT_ADJUDICATED_CURRENT_AUDIT,NOT_DETERMINED_CURRENT_AUDIT,ONE_OPERATING_ORGANISATION_MULTIPLE_SITES; FEATURE_SPECIFIC_ROLE_PERMISSION_SITE_OWNERSHIP_DIRECT_OBJECT_PRIVACY_BOUNDARY_NOT_ADJUDICATED,NOT_ESTABLISHED_CURRENT_AUDIT,NOT_ESTABLISHED_CURRENT_AUDIT,NOT_ESTABLISHED_CURRENT_AUDIT,NOT_ESTABLISHED_CURRENT_AUDIT,app/Domain/Governance/Http/Controllers/GovernancePolicyController.php:13; app/Domain/Governance/Http/Controllers/GovernancePolicyController.php:15-258; app/Domain/Governance/Http/Controllers/GovernancePolicyController.php:156,tests/Browser/Governance/GovernancePoliciesTest.php:6,NOT_ESTABLISHED_CURRENT_AUDIT,"Static canonical identity only: Draft, approve, publish, and version governance policies. Representative-role completion was not executed.",NOT_ESTABLISHED_CURRENT_AUDIT_NO_ROUTE_OR_PAGE_ANCHOR,NOT_ESTABLISHED_CURRENT_AUDIT_NO_ROUTE_OR_PAGE_ANCHOR,task-scripts/cap-gov-policy-lifecycle.md,a0493442b9e392d324055c35bf25b69421dc2d35,f8cdaf81d83c71e4f5d064fdf88872b908ffaaa1,df6e1b1b357439ad1fd829bebf4e2d33d20d067d515eb945c352e2350a4194a4,f4feae2598622afe346b1163fed2bb842305a8d973a89ec890c02746d99b5999,false,false,false,false,false,"Static identity and source ownership only; no runtime, browser, executed-test, benchmark, ease, release, or completion credit."
TASK-CAP-GOV-RESOLUTION-VOTE-QUORUM,CAP-GOV-RESOLUTION-VOTE-QUORUM,Governance,NOT_ESTABLISHED_CURRENT_AUDIT,"Draft resolutions, declare conflicts, vote, enforce quorum, and close outcomes",NOT_ESTABLISHED_CURRENT_AUDIT,"Draft resolutions, declare conflicts, vote, enforce quorum, and close outcomes","NOT_ESTABLISHED_CURRENT_AUDIT; execution requires a documented representative role, approved Site/record scope where applicable, and resettable synthetic data.",SOURCE_BOUND_STATIC_IDENTITY_ONLY,NOT_EXECUTED_REPRESENTATIVE_ROLE,NOT_MEASURED,0-5; NOT_MEASURED is not 0,NOT_MEASURED,NOT_MEASURED,NOT_MEASURED,NOT_MEASURED,NOT_MEASURED,NOT_MEASURED,NOT_MEASURED,NOT_MEASURED,NOT_MEASURED,NOT_MEASURED,NOT_MEASURED,NOT_MEASURED,NOT_MEASURED,NOT_MEASURED,NOT_MEASURED,NOT_MEASURED,NOT_MEASURED,"{""discoverability"":""NOT_MEASURED"",""comprehension"":""NOT_MEASURED"",""learnability"":""NOT_MEASURED"",""efficiency"":""NOT_MEASURED"",""error_prevention"":""NOT_MEASURED"",""recovery"":""NOT_MEASURED"",""accessibility"":""NOT_MEASURED"",""safety_and_trust"":""NOT_MEASURED"",""consistency"":""NOT_MEASURED"",""cross_module_continuity"":""NOT_MEASURED""}",NOT_PERFORMED,NOT_LINKED_TO_CANONICAL_TARGET_CURRENT_AUDIT,NOT_MEASURED,NOT_MEASURED,NOT_MEASURED,NOT_MEASURED,NOT_MEASURED,NOT_MEASURED,NOT_MEASURED,NOT_MEASURED,NOT_MEASURED,NOT_MEASURED,NOT_MEASURED,H,CANONICAL_STATIC_IDENTITY_DENOMINATOR,VotingService and ResolutionController,NOT_ESTABLISHED_CURRENT_AUDIT,"Draft resolutions, declare conflicts, vote, enforce quorum, and close outcomes",NOT_ADJUDICATED_CURRENT_AUDIT,NOT_SCORED_CURRENT_AUDIT,NOT_SCORED_CURRENT_AUDIT,STATIC_CANONICAL_IDENTITY_FROZEN,INCOMPLETE_CANONICAL_STATIC_IDENTITY_ONLY,NOT_ADJUDICATED_CURRENT_AUDIT,NOT_ADJUDICATED_CURRENT_AUDIT,NOT_DETERMINED_CURRENT_AUDIT,ONE_OPERATING_ORGANISATION_MULTIPLE_SITES; FEATURE_SPECIFIC_ROLE_PERMISSION_SITE_OWNERSHIP_DIRECT_OBJECT_PRIVACY_BOUNDARY_NOT_ADJUDICATED,NOT_ESTABLISHED_CURRENT_AUDIT,NOT_ESTABLISHED_CURRENT_AUDIT,NOT_ESTABLISHED_CURRENT_AUDIT,NOT_ESTABLISHED_CURRENT_AUDIT,app/Domain/Governance/Services/VotingService.php:29-187,tests/Feature/Governance/GovernanceResolutionsTest.php:39,NOT_ESTABLISHED_CURRENT_AUDIT,"Static canonical identity only: Draft resolutions, declare conflicts, vote, enforce quorum, and close outcomes. Representative-role completion was not executed.",NOT_ESTABLISHED_CURRENT_AUDIT_NO_ROUTE_OR_PAGE_ANCHOR,NOT_ESTABLISHED_CURRENT_AUDIT_NO_ROUTE_OR_PAGE_ANCHOR,task-scripts/cap-gov-resolution-vote-quorum.md,a0493442b9e392d324055c35bf25b69421dc2d35,f8cdaf81d83c71e4f5d064fdf88872b908ffaaa1,df6e1b1b357439ad1fd829bebf4e2d33d20d067d515eb945c352e2350a4194a4,f4feae2598622afe346b1163fed2bb842305a8d973a89ec890c02746d99b5999,false,false,false,false,false,"Static identity and source ownership only; no runtime, browser, executed-test, benchmark, ease, release, or completion credit."
TASK-CAP-GOV-RISK-REGISTER-TREATMENT,CAP-GOV-RISK-REGISTER-TREATMENT,Governance,NOT_ESTABLISHED_CURRENT_AUDIT,"Score risks, add treatments, accept, and close records",NOT_ESTABLISHED_CURRENT_AUDIT,"Score risks, add treatments, accept, and close records","NOT_ESTABLISHED_CURRENT_AUDIT; execution requires a documented representative role, approved Site/record scope where applicable, and resettable synthetic data.",SOURCE_BOUND_STATIC_IDENTITY_ONLY,NOT_EXECUTED_REPRESENTATIVE_ROLE,NOT_MEASURED,0-5; NOT_MEASURED is not 0,NOT_MEASURED,NOT_MEASURED,NOT_MEASURED,NOT_MEASURED,NOT_MEASURED,NOT_MEASURED,NOT_MEASURED,NOT_MEASURED,NOT_MEASURED,NOT_MEASURED,NOT_MEASURED,NOT_MEASURED,NOT_MEASURED,NOT_MEASURED,NOT_MEASURED,NOT_MEASURED,NOT_MEASURED,"{""discoverability"":""NOT_MEASURED"",""comprehension"":""NOT_MEASURED"",""learnability"":""NOT_MEASURED"",""efficiency"":""NOT_MEASURED"",""error_prevention"":""NOT_MEASURED"",""recovery"":""NOT_MEASURED"",""accessibility"":""NOT_MEASURED"",""safety_and_trust"":""NOT_MEASURED"",""consistency"":""NOT_MEASURED"",""cross_module_continuity"":""NOT_MEASURED""}",NOT_PERFORMED,NOT_LINKED_TO_CANONICAL_TARGET_CURRENT_AUDIT,NOT_MEASURED,NOT_MEASURED,NOT_MEASURED,NOT_MEASURED,NOT_MEASURED,NOT_MEASURED,NOT_MEASURED,NOT_MEASURED,NOT_MEASURED,NOT_MEASURED,NOT_MEASURED,H,CANONICAL_STATIC_IDENTITY_DENOMINATOR,RiskRegisterController and RiskScoringService,NOT_ESTABLISHED_CURRENT_AUDIT,"Score risks, add treatments, accept, and close records",NOT_ADJUDICATED_CURRENT_AUDIT,NOT_SCORED_CURRENT_AUDIT,NOT_SCORED_CURRENT_AUDIT,STATIC_CANONICAL_IDENTITY_FROZEN,INCOMPLETE_CANONICAL_STATIC_IDENTITY_ONLY,NOT_ADJUDICATED_CURRENT_AUDIT,NOT_ADJUDICATED_CURRENT_AUDIT,NOT_DETERMINED_CURRENT_AUDIT,ONE_OPERATING_ORGANISATION_MULTIPLE_SITES; FEATURE_SPECIFIC_ROLE_PERMISSION_SITE_OWNERSHIP_DIRECT_OBJECT_PRIVACY_BOUNDARY_NOT_ADJUDICATED,NOT_ESTABLISHED_CURRENT_AUDIT,NOT_ESTABLISHED_CURRENT_AUDIT,NOT_ESTABLISHED_CURRENT_AUDIT,NOT_ESTABLISHED_CURRENT_AUDIT,app/Domain/Governance/Http/Controllers/RiskRegisterController.php:31-277,tests/Feature/Governance/GovernanceRiskRegisterTest.php:23,NOT_ESTABLISHED_CURRENT_AUDIT,"Static canonical identity only: Score risks, add treatments, accept, and close records. Representative-role completion was not executed.",NOT_ESTABLISHED_CURRENT_AUDIT_NO_ROUTE_OR_PAGE_ANCHOR,NOT_ESTABLISHED_CURRENT_AUDIT_NO_ROUTE_OR_PAGE_ANCHOR,task-scripts/cap-gov-risk-register-treatment.md,a0493442b9e392d324055c35bf25b69421dc2d35,f8cdaf81d83c71e4f5d064fdf88872b908ffaaa1,df6e1b1b357439ad1fd829bebf4e2d33d20d067d515eb945c352e2350a4194a4,f4feae2598622afe346b1163fed2bb842305a8d973a89ec890c02746d99b5999,false,false,false,false,false,"Static identity and source ownership only; no runtime, browser, executed-test, benchmark, ease, release, or completion credit."
TASK-CAP-GOV-SETTINGS-CONTROL,CAP-GOV-SETTINGS-CONTROL,Governance,NOT_ESTABLISHED_CURRENT_AUDIT,"Configure governed spend, escalation, and variance settings",NOT_ESTABLISHED_CURRENT_AUDIT,"Configure governed spend, escalation, and variance settings","NOT_ESTABLISHED_CURRENT_AUDIT; execution requires a documented representative role, approved Site/record scope where applicable, and resettable synthetic data.",SOURCE_BOUND_STATIC_IDENTITY_ONLY,NOT_EXECUTED_REPRESENTATIVE_ROLE,NOT_MEASURED,0-5; NOT_MEASURED is not 0,NOT_MEASURED,NOT_MEASURED,NOT_MEASURED,NOT_MEASURED,NOT_MEASURED,NOT_MEASURED,NOT_MEASURED,NOT_MEASURED,NOT_MEASURED,NOT_MEASURED,NOT_MEASURED,NOT_MEASURED,NOT_MEASURED,NOT_MEASURED,NOT_MEASURED,NOT_MEASURED,NOT_MEASURED,"{""discoverability"":""NOT_MEASURED"",""comprehension"":""NOT_MEASURED"",""learnability"":""NOT_MEASURED"",""efficiency"":""NOT_MEASURED"",""error_prevention"":""NOT_MEASURED"",""recovery"":""NOT_MEASURED"",""accessibility"":""NOT_MEASURED"",""safety_and_trust"":""NOT_MEASURED"",""consistency"":""NOT_MEASURED"",""cross_module_continuity"":""NOT_MEASURED""}",NOT_PERFORMED,NOT_LINKED_TO_CANONICAL_TARGET_CURRENT_AUDIT,NOT_MEASURED,NOT_MEASURED,NOT_MEASURED,NOT_MEASURED,NOT_MEASURED,NOT_MEASURED,NOT_MEASURED,NOT_MEASURED,NOT_MEASURED,NOT_MEASURED,NOT_MEASURED,H,CANONICAL_STATIC_IDENTITY_DENOMINATOR,GovernanceSettingController,NOT_ESTABLISHED_CURRENT_AUDIT,"Configure governed spend, escalation, and variance settings",NOT_ADJUDICATED_CURRENT_AUDIT,NOT_SCORED_CURRENT_AUDIT,NOT_SCORED_CURRENT_AUDIT,STATIC_CANONICAL_IDENTITY_FROZEN,INCOMPLETE_CANONICAL_STATIC_IDENTITY_ONLY,NOT_ADJUDICATED_CURRENT_AUDIT,NOT_ADJUDICATED_CURRENT_AUDIT,NOT_DETERMINED_CURRENT_AUDIT,ONE_OPERATING_ORGANISATION_MULTIPLE_SITES; FEATURE_SPECIFIC_ROLE_PERMISSION_SITE_OWNERSHIP_DIRECT_OBJECT_PRIVACY_BOUNDARY_NOT_ADJUDICATED,NOT_ESTABLISHED_CURRENT_AUDIT,NOT_ESTABLISHED_CURRENT_AUDIT,NOT_ESTABLISHED_CURRENT_AUDIT,NOT_ESTABLISHED_CURRENT_AUDIT,app/Domain/Governance/Http/Controllers/GovernanceSettingController.php:109; app/Domain/Governance/Http/Controllers/GovernanceSettingController.php:13; app/Domain/Governance/Http/Controllers/GovernanceSettingController.php:25; app/Domain/Governance/Http/Controllers/GovernanceSettingController.php:90-109,tests/Feature/Governance/GovernanceSpendApprovalsTest.php:214,NOT_ESTABLISHED_CURRENT_AUDIT,"Static canonical identity only: Configure governed spend, escalation, and variance settings. Representative-role completion was not executed.",NOT_ESTABLISHED_CURRENT_AUDIT_NO_ROUTE_OR_PAGE_ANCHOR,NOT_ESTABLISHED_CURRENT_AUDIT_NO_ROUTE_OR_PAGE_ANCHOR,task-scripts/cap-gov-settings-control.md,a0493442b9e392d324055c35bf25b69421dc2d35,f8cdaf81d83c71e4f5d064fdf88872b908ffaaa1,df6e1b1b357439ad1fd829bebf4e2d33d20d067d515eb945c352e2350a4194a4,f4feae2598622afe346b1163fed2bb842305a8d973a89ec890c02746d99b5999,false,false,false,false,false,"Static identity and source ownership only; no runtime, browser, executed-test, benchmark, ease, release, or completion credit."
TASK-CAP-GOV-SPEND-APPROVAL,CAP-GOV-SPEND-APPROVAL,Governance,NOT_ESTABLISHED_CURRENT_AUDIT,"Request, decide, and evidence board or committee spend approval",NOT_ESTABLISHED_CURRENT_AUDIT,"Request, decide, and evidence board or committee spend approval","NOT_ESTABLISHED_CURRENT_AUDIT; execution requires a documented representative role, approved Site/record scope where applicable, and resettable synthetic data.",SOURCE_BOUND_STATIC_IDENTITY_ONLY,NOT_EXECUTED_REPRESENTATIVE_ROLE,NOT_MEASURED,0-5; NOT_MEASURED is not 0,NOT_MEASURED,NOT_MEASURED,NOT_MEASURED,NOT_MEASURED,NOT_MEASURED,NOT_MEASURED,NOT_MEASURED,NOT_MEASURED,NOT_MEASURED,NOT_MEASURED,NOT_MEASURED,NOT_MEASURED,NOT_MEASURED,NOT_MEASURED,NOT_MEASURED,NOT_MEASURED,NOT_MEASURED,"{""discoverability"":""NOT_MEASURED"",""comprehension"":""NOT_MEASURED"",""learnability"":""NOT_MEASURED"",""efficiency"":""NOT_MEASURED"",""error_prevention"":""NOT_MEASURED"",""recovery"":""NOT_MEASURED"",""accessibility"":""NOT_MEASURED"",""safety_and_trust"":""NOT_MEASURED"",""consistency"":""NOT_MEASURED"",""cross_module_continuity"":""NOT_MEASURED""}",NOT_PERFORMED,NOT_LINKED_TO_CANONICAL_TARGET_CURRENT_AUDIT,NOT_MEASURED,NOT_MEASURED,NOT_MEASURED,NOT_MEASURED,NOT_MEASURED,NOT_MEASURED,NOT_MEASURED,NOT_MEASURED,NOT_MEASURED,NOT_MEASURED,NOT_MEASURED,H,CANONICAL_STATIC_IDENTITY_DENOMINATOR,SpendApprovalCommandService,NOT_ESTABLISHED_CURRENT_AUDIT,"Request, decide, and evidence board or committee spend approval",NOT_ADJUDICATED_CURRENT_AUDIT,NOT_SCORED_CURRENT_AUDIT,NOT_SCORED_CURRENT_AUDIT,STATIC_CANONICAL_IDENTITY_FROZEN,INCOMPLETE_CANONICAL_STATIC_IDENTITY_ONLY,NOT_ADJUDICATED_CURRENT_AUDIT,NOT_ADJUDICATED_CURRENT_AUDIT,NOT_DETERMINED_CURRENT_AUDIT,ONE_OPERATING_ORGANISATION_MULTIPLE_SITES; FEATURE_SPECIFIC_ROLE_PERMISSION_SITE_OWNERSHIP_DIRECT_OBJECT_PRIVACY_BOUNDARY_NOT_ADJUDICATED,NOT_ESTABLISHED_CURRENT_AUDIT,NOT_ESTABLISHED_CURRENT_AUDIT,NOT_ESTABLISHED_CURRENT_AUDIT,NOT_ESTABLISHED_CURRENT_AUDIT,app/Domain/Governance/Services/SpendApprovalCommandService.php:109-345,tests/Feature/Governance/SpendApprovalAuthorityTest.php:53,NOT_ESTABLISHED_CURRENT_AUDIT,"Static canonical identity only: Request, decide, and evidence board or committee spend approval. Representative-role completion was not executed.",NOT_ESTABLISHED_CURRENT_AUDIT_NO_ROUTE_OR_PAGE_ANCHOR,NOT_ESTABLISHED_CURRENT_AUDIT_NO_ROUTE_OR_PAGE_ANCHOR,task-scripts/cap-gov-spend-approval.md,a0493442b9e392d324055c35bf25b69421dc2d35,f8cdaf81d83c71e4f5d064fdf88872b908ffaaa1,df6e1b1b357439ad1fd829bebf4e2d33d20d067d515eb945c352e2350a4194a4,f4feae2598622afe346b1163fed2bb842305a8d973a89ec890c02746d99b5999,false,false,false,false,false,"Static identity and source ownership only; no runtime, browser, executed-test, benchmark, ease, release, or completion credit."
TASK-CAP-GOV-STRATEGY-PLAN-GOALS,CAP-GOV-STRATEGY-PLAN-GOALS,Governance,NOT_ESTABLISHED_CURRENT_AUDIT,"Create strategic plans, goals, versions, and approvals",NOT_ESTABLISHED_CURRENT_AUDIT,"Create strategic plans, goals, versions, and approvals","NOT_ESTABLISHED_CURRENT_AUDIT; execution requires a documented representative role, approved Site/record scope where applicable, and resettable synthetic data.",SOURCE_BOUND_STATIC_IDENTITY_ONLY,NOT_EXECUTED_REPRESENTATIVE_ROLE,NOT_MEASURED,0-5; NOT_MEASURED is not 0,NOT_MEASURED,NOT_MEASURED,NOT_MEASURED,NOT_MEASURED,NOT_MEASURED,NOT_MEASURED,NOT_MEASURED,NOT_MEASURED,NOT_MEASURED,NOT_MEASURED,NOT_MEASURED,NOT_MEASURED,NOT_MEASURED,NOT_MEASURED,NOT_MEASURED,NOT_MEASURED,NOT_MEASURED,"{""discoverability"":""NOT_MEASURED"",""comprehension"":""NOT_MEASURED"",""learnability"":""NOT_MEASURED"",""efficiency"":""NOT_MEASURED"",""error_prevention"":""NOT_MEASURED"",""recovery"":""NOT_MEASURED"",""accessibility"":""NOT_MEASURED"",""safety_and_trust"":""NOT_MEASURED"",""consistency"":""NOT_MEASURED"",""cross_module_continuity"":""NOT_MEASURED""}",NOT_PERFORMED,NOT_LINKED_TO_CANONICAL_TARGET_CURRENT_AUDIT,NOT_MEASURED,NOT_MEASURED,NOT_MEASURED,NOT_MEASURED,NOT_MEASURED,NOT_MEASURED,NOT_MEASURED,NOT_MEASURED,NOT_MEASURED,NOT_MEASURED,NOT_MEASURED,H,CANONICAL_STATIC_IDENTITY_DENOMINATOR,StrategicPlanController and policy,NOT_ESTABLISHED_CURRENT_AUDIT,"Create strategic plans, goals, versions, and approvals",NOT_ADJUDICATED_CURRENT_AUDIT,NOT_SCORED_CURRENT_AUDIT,NOT_SCORED_CURRENT_AUDIT,STATIC_CANONICAL_IDENTITY_FROZEN,INCOMPLETE_CANONICAL_STATIC_IDENTITY_ONLY,NOT_ADJUDICATED_CURRENT_AUDIT,NOT_ADJUDICATED_CURRENT_AUDIT,NOT_DETERMINED_CURRENT_AUDIT,ONE_OPERATING_ORGANISATION_MULTIPLE_SITES; FEATURE_SPECIFIC_ROLE_PERMISSION_SITE_OWNERSHIP_DIRECT_OBJECT_PRIVACY_BOUNDARY_NOT_ADJUDICATED,NOT_ESTABLISHED_CURRENT_AUDIT,NOT_ESTABLISHED_CURRENT_AUDIT,NOT_ESTABLISHED_CURRENT_AUDIT,NOT_ESTABLISHED_CURRENT_AUDIT,app/Domain/Governance/Http/Controllers/StrategicPlanController.php:19-167,tests/Feature/Governance/GovernanceStrategyTest.php:20,NOT_ESTABLISHED_CURRENT_AUDIT,"Static canonical identity only: Create strategic plans, goals, versions, and approvals. Representative-role completion was not executed.",NOT_ESTABLISHED_CURRENT_AUDIT_NO_ROUTE_OR_PAGE_ANCHOR,NOT_ESTABLISHED_CURRENT_AUDIT_NO_ROUTE_OR_PAGE_ANCHOR,task-scripts/cap-gov-strategy-plan-goals.md,a0493442b9e392d324055c35bf25b69421dc2d35,f8cdaf81d83c71e4f5d064fdf88872b908ffaaa1,df6e1b1b357439ad1fd829bebf4e2d33d20d067d515eb945c352e2350a4194a4,f4feae2598622afe346b1163fed2bb842305a8d973a89ec890c02746d99b5999,false,false,false,false,false,"Static identity and source ownership only; no runtime, browser, executed-test, benchmark, ease, release, or completion credit."
TASK-CAP-GOV-TE-TIRITI-OBLIGATION,CAP-GOV-TE-TIRITI-OBLIGATION,Governance,NOT_ESTABLISHED_CURRENT_AUDIT,Record and maintain Te Tiriti governance obligations,NOT_ESTABLISHED_CURRENT_AUDIT,Record and maintain Te Tiriti governance obligations,"NOT_ESTABLISHED_CURRENT_AUDIT; execution requires a documented representative role, approved Site/record scope where applicable, and resettable synthetic data.",SOURCE_BOUND_STATIC_IDENTITY_ONLY,NOT_EXECUTED_REPRESENTATIVE_ROLE,NOT_MEASURED,0-5; NOT_MEASURED is not 0,NOT_MEASURED,NOT_MEASURED,NOT_MEASURED,NOT_MEASURED,NOT_MEASURED,NOT_MEASURED,NOT_MEASURED,NOT_MEASURED,NOT_MEASURED,NOT_MEASURED,NOT_MEASURED,NOT_MEASURED,NOT_MEASURED,NOT_MEASURED,NOT_MEASURED,NOT_MEASURED,NOT_MEASURED,"{""discoverability"":""NOT_MEASURED"",""comprehension"":""NOT_MEASURED"",""learnability"":""NOT_MEASURED"",""efficiency"":""NOT_MEASURED"",""error_prevention"":""NOT_MEASURED"",""recovery"":""NOT_MEASURED"",""accessibility"":""NOT_MEASURED"",""safety_and_trust"":""NOT_MEASURED"",""consistency"":""NOT_MEASURED"",""cross_module_continuity"":""NOT_MEASURED""}",NOT_PERFORMED,NOT_LINKED_TO_CANONICAL_TARGET_CURRENT_AUDIT,NOT_MEASURED,NOT_MEASURED,NOT_MEASURED,NOT_MEASURED,NOT_MEASURED,NOT_MEASURED,NOT_MEASURED,NOT_MEASURED,NOT_MEASURED,NOT_MEASURED,NOT_MEASURED,H,CANONICAL_STATIC_IDENTITY_DENOMINATOR,TeTiritiController,NOT_ESTABLISHED_CURRENT_AUDIT,Record and maintain Te Tiriti governance obligations,NOT_ADJUDICATED_CURRENT_AUDIT,NOT_SCORED_CURRENT_AUDIT,NOT_SCORED_CURRENT_AUDIT,STATIC_CANONICAL_IDENTITY_FROZEN,INCOMPLETE_CANONICAL_STATIC_IDENTITY_ONLY,NOT_ADJUDICATED_CURRENT_AUDIT,NOT_ADJUDICATED_CURRENT_AUDIT,NOT_DETERMINED_CURRENT_AUDIT,ONE_OPERATING_ORGANISATION_MULTIPLE_SITES; FEATURE_SPECIFIC_ROLE_PERMISSION_SITE_OWNERSHIP_DIRECT_OBJECT_PRIVACY_BOUNDARY_NOT_ADJUDICATED,NOT_ESTABLISHED_CURRENT_AUDIT,NOT_ESTABLISHED_CURRENT_AUDIT,NOT_ESTABLISHED_CURRENT_AUDIT,NOT_ESTABLISHED_CURRENT_AUDIT,app/Domain/Governance/Http/Controllers/TeTiritiController.php:12-73,tests/Browser/Governance/GovernanceMiscTest.php:146,NOT_ESTABLISHED_CURRENT_AUDIT,Static canonical identity only: Record and maintain Te Tiriti governance obligations. Representative-role completion was not executed.,NOT_ESTABLISHED_CURRENT_AUDIT_NO_ROUTE_OR_PAGE_ANCHOR,NOT_ESTABLISHED_CURRENT_AUDIT_NO_ROUTE_OR_PAGE_ANCHOR,task-scripts/cap-gov-te-tiriti-obligation.md,a0493442b9e392d324055c35bf25b69421dc2d35,f8cdaf81d83c71e4f5d064fdf88872b908ffaaa1,df6e1b1b357439ad1fd829bebf4e2d33d20d067d515eb945c352e2350a4194a4,f4feae2598622afe346b1163fed2bb842305a8d973a89ec890c02746d99b5999,false,false,false,false,false,"Static identity and source ownership only; no runtime, browser, executed-test, benchmark, ease, release, or completion credit."
TASK-CAP-HR-CANDIDATE-APPLICATION-LIFECYCLE,CAP-HR-CANDIDATE-APPLICATION-LIFECYCLE,HR,NOT_ESTABLISHED_CURRENT_AUDIT,"Create and maintain a candidate, move or reject applications, manage the talent pool, communications, tags, and candidate documents.",NOT_ESTABLISHED_CURRENT_AUDIT,"Create and maintain a candidate, move or reject applications, manage the talent pool, communications, tags, and candidate documents.","NOT_ESTABLISHED_CURRENT_AUDIT; execution requires a documented representative role, approved Site/record scope where applicable, and resettable synthetic data.",SOURCE_BOUND_STATIC_IDENTITY_ONLY,NOT_EXECUTED_REPRESENTATIVE_ROLE,NOT_MEASURED,0-5; NOT_MEASURED is not 0,NOT_MEASURED,NOT_MEASURED,NOT_MEASURED,NOT_MEASURED,NOT_MEASURED,NOT_MEASURED,NOT_MEASURED,NOT_MEASURED,NOT_MEASURED,NOT_MEASURED,NOT_MEASURED,NOT_MEASURED,NOT_MEASURED,NOT_MEASURED,NOT_MEASURED,NOT_MEASURED,NOT_MEASURED,"{""discoverability"":""NOT_MEASURED"",""comprehension"":""NOT_MEASURED"",""learnability"":""NOT_MEASURED"",""efficiency"":""NOT_MEASURED"",""error_prevention"":""NOT_MEASURED"",""recovery"":""NOT_MEASURED"",""accessibility"":""NOT_MEASURED"",""safety_and_trust"":""NOT_MEASURED"",""consistency"":""NOT_MEASURED"",""cross_module_continuity"":""NOT_MEASURED""}",NOT_PERFORMED,NOT_LINKED_TO_CANONICAL_TARGET_CURRENT_AUDIT,NOT_MEASURED,NOT_MEASURED,NOT_MEASURED,NOT_MEASURED,NOT_MEASURED,NOT_MEASURED,NOT_MEASURED,NOT_MEASURED,NOT_MEASURED,NOT_MEASURED,NOT_MEASURED,H,CANONICAL_STATIC_IDENTITY_DENOMINATOR,CandidateController and HrRecruitmentAccessService,NOT_ESTABLISHED_CURRENT_AUDIT,"Create and maintain a candidate, move or reject applications, manage the talent pool, communications, tags, and candidate documents.",NOT_ADJUDICATED_CURRENT_AUDIT,NOT_SCORED_CURRENT_AUDIT,NOT_SCORED_CURRENT_AUDIT,STATIC_CANONICAL_IDENTITY_FROZEN,INCOMPLETE_CANONICAL_STATIC_IDENTITY_ONLY,NOT_ADJUDICATED_CURRENT_AUDIT,NOT_ADJUDICATED_CURRENT_AUDIT,NOT_DETERMINED_CURRENT_AUDIT,ONE_OPERATING_ORGANISATION_MULTIPLE_SITES; FEATURE_SPECIFIC_ROLE_PERMISSION_SITE_OWNERSHIP_DIRECT_OBJECT_PRIVACY_BOUNDARY_NOT_ADJUDICATED,NOT_ESTABLISHED_CURRENT_AUDIT,NOT_ESTABLISHED_CURRENT_AUDIT,routes/hr.php:151-166,resources/js/pages/hr/candidates/show.tsx:1-2547,app/Domain/Hr/Models/HrApplication.php:1; app/Http/Controllers/Hr/CandidateController.php:44-916,tests/Feature/Hr/RecruitmentCanonicalAccessTest.php:92-229,NOT_ESTABLISHED_CURRENT_AUDIT,"Static canonical identity only: Create and maintain a candidate, move or reject applications, manage the talent pool, communications, tags, and candidate documents.. Representative-role completion was not executed.",ROUTE_AND_PAGE_SOURCE_ANCHORS_PRESENT_UNVALIDATED,ROUTE_AND_PAGE_SOURCE_ANCHORS_PRESENT_UNVALIDATED,task-scripts/cap-hr-candidate-application-lifecycle.md,a0493442b9e392d324055c35bf25b69421dc2d35,f8cdaf81d83c71e4f5d064fdf88872b908ffaaa1,df6e1b1b357439ad1fd829bebf4e2d33d20d067d515eb945c352e2350a4194a4,f4feae2598622afe346b1163fed2bb842305a8d973a89ec890c02746d99b5999,false,false,false,false,false,"Static identity and source ownership only; no runtime, browser, executed-test, benchmark, ease, release, or completion credit."
TASK-CAP-HR-CANDIDATE-ASSESSMENT,CAP-HR-CANDIDATE-ASSESSMENT,HR,NOT_ESTABLISHED_CURRENT_AUDIT,"Define interview kits and conduct governed interviews, scorecards, and reference checks for an application.",NOT_ESTABLISHED_CURRENT_AUDIT,"Define interview kits and conduct governed interviews, scorecards, and reference checks for an application.","NOT_ESTABLISHED_CURRENT_AUDIT; execution requires a documented representative role, approved Site/record scope where applicable, and resettable synthetic data.",SOURCE_BOUND_STATIC_IDENTITY_ONLY,NOT_EXECUTED_REPRESENTATIVE_ROLE,NOT_MEASURED,0-5; NOT_MEASURED is not 0,NOT_MEASURED,NOT_MEASURED,NOT_MEASURED,NOT_MEASURED,NOT_MEASURED,NOT_MEASURED,NOT_MEASURED,NOT_MEASURED,NOT_MEASURED,NOT_MEASURED,NOT_MEASURED,NOT_MEASURED,NOT_MEASURED,NOT_MEASURED,NOT_MEASURED,NOT_MEASURED,NOT_MEASURED,"{""discoverability"":""NOT_MEASURED"",""comprehension"":""NOT_MEASURED"",""learnability"":""NOT_MEASURED"",""efficiency"":""NOT_MEASURED"",""error_prevention"":""NOT_MEASURED"",""recovery"":""NOT_MEASURED"",""accessibility"":""NOT_MEASURED"",""safety_and_trust"":""NOT_MEASURED"",""consistency"":""NOT_MEASURED"",""cross_module_continuity"":""NOT_MEASURED""}",NOT_PERFORMED,NOT_LINKED_TO_CANONICAL_TARGET_CURRENT_AUDIT,NOT_MEASURED,NOT_MEASURED,NOT_MEASURED,NOT_MEASURED,NOT_MEASURED,NOT_MEASURED,NOT_MEASURED,NOT_MEASURED,NOT_MEASURED,NOT_MEASURED,NOT_MEASURED,H,CANONICAL_STATIC_IDENTITY_DENOMINATOR,CandidateController and InterviewKitController,NOT_ESTABLISHED_CURRENT_AUDIT,"Define interview kits and conduct governed interviews, scorecards, and reference checks for an application.",NOT_ADJUDICATED_CURRENT_AUDIT,NOT_SCORED_CURRENT_AUDIT,NOT_SCORED_CURRENT_AUDIT,STATIC_CANONICAL_IDENTITY_FROZEN,INCOMPLETE_CANONICAL_STATIC_IDENTITY_ONLY,NOT_ADJUDICATED_CURRENT_AUDIT,NOT_ADJUDICATED_CURRENT_AUDIT,NOT_DETERMINED_CURRENT_AUDIT,ONE_OPERATING_ORGANISATION_MULTIPLE_SITES; FEATURE_SPECIFIC_ROLE_PERMISSION_SITE_OWNERSHIP_DIRECT_OBJECT_PRIVACY_BOUNDARY_NOT_ADJUDICATED,NOT_ESTABLISHED_CURRENT_AUDIT,NOT_ESTABLISHED_CURRENT_AUDIT,routes/hr.php:167-179,resources/js/pages/hr/candidates/show.tsx:1-2547,app/Domain/Hr/Models/HrInterview.php:1; app/Http/Controllers/Hr/InterviewKitController.php:11-100,tests/Feature/Hr/RecruitmentDeferredLifecycleTest.php:185-247,NOT_ESTABLISHED_CURRENT_AUDIT,"Static canonical identity only: Define interview kits and conduct governed interviews, scorecards, and reference checks for an application.. Representative-role completion was not executed.",ROUTE_AND_PAGE_SOURCE_ANCHORS_PRESENT_UNVALIDATED,ROUTE_AND_PAGE_SOURCE_ANCHORS_PRESENT_UNVALIDATED,task-scripts/cap-hr-candidate-assessment.md,a0493442b9e392d324055c35bf25b69421dc2d35,f8cdaf81d83c71e4f5d064fdf88872b908ffaaa1,df6e1b1b357439ad1fd829bebf4e2d33d20d067d515eb945c352e2350a4194a4,f4feae2598622afe346b1163fed2bb842305a8d973a89ec890c02746d99b5999,false,false,false,false,false,"Static identity and source ownership only; no runtime, browser, executed-test, benchmark, ease, release, or completion credit."
TASK-CAP-HR-CASEWORK-LIFECYCLE,CAP-HR-CASEWORK-LIFECYCLE,HR,NOT_ESTABLISHED_CURRENT_AUDIT,Manage confidential HR casework,NOT_ESTABLISHED_CURRENT_AUDIT,Manage confidential HR casework,"NOT_ESTABLISHED_CURRENT_AUDIT; execution requires a documented representative role, approved Site/record scope where applicable, and resettable synthetic data.",SOURCE_BOUND_STATIC_IDENTITY_ONLY,NOT_EXECUTED_REPRESENTATIVE_ROLE,NOT_MEASURED,0-5; NOT_MEASURED is not 0,NOT_MEASURED,NOT_MEASURED,NOT_MEASURED,NOT_MEASURED,NOT_MEASURED,NOT_MEASURED,NOT_MEASURED,NOT_MEASURED,NOT_MEASURED,NOT_MEASURED,NOT_MEASURED,NOT_MEASURED,NOT_MEASURED,NOT_MEASURED,NOT_MEASURED,NOT_MEASURED,NOT_MEASURED,"{""discoverability"":""NOT_MEASURED"",""comprehension"":""NOT_MEASURED"",""learnability"":""NOT_MEASURED"",""efficiency"":""NOT_MEASURED"",""error_prevention"":""NOT_MEASURED"",""recovery"":""NOT_MEASURED"",""accessibility"":""NOT_MEASURED"",""safety_and_trust"":""NOT_MEASURED"",""consistency"":""NOT_MEASURED"",""cross_module_continuity"":""NOT_MEASURED""}",NOT_PERFORMED,NOT_LINKED_TO_CANONICAL_TARGET_CURRENT_AUDIT,NOT_MEASURED,NOT_MEASURED,NOT_MEASURED,NOT_MEASURED,NOT_MEASURED,NOT_MEASURED,NOT_MEASURED,NOT_MEASURED,NOT_MEASURED,NOT_MEASURED,NOT_MEASURED,H,CANONICAL_STATIC_IDENTITY_DENOMINATOR,HR performance and casework owners,NOT_ESTABLISHED_CURRENT_AUDIT,Manage confidential HR casework,NOT_ADJUDICATED_CURRENT_AUDIT,NOT_SCORED_CURRENT_AUDIT,NOT_SCORED_CURRENT_AUDIT,STATIC_CANONICAL_IDENTITY_FROZEN,INCOMPLETE_CANONICAL_STATIC_IDENTITY_ONLY,NOT_ADJUDICATED_CURRENT_AUDIT,NOT_ADJUDICATED_CURRENT_AUDIT,NOT_DETERMINED_CURRENT_AUDIT,ONE_OPERATING_ORGANISATION_MULTIPLE_SITES; FEATURE_SPECIFIC_ROLE_PERMISSION_SITE_OWNERSHIP_DIRECT_OBJECT_PRIVACY_BOUNDARY_NOT_ADJUDICATED,NOT_ESTABLISHED_CURRENT_AUDIT,NOT_ESTABLISHED_CURRENT_AUDIT,routes/hr.php:539-567,resources/js/pages/hr/cases/index.tsx:106-579,app/Http/Controllers/Hr/HrCaseController.php:25; app/Http/Controllers/Hr/HrCaseController.php:25-584,tests/Feature/Hr/HrCasesPageContractTest.php:66-202,NOT_ESTABLISHED_CURRENT_AUDIT,Static canonical identity only: Manage confidential HR casework. Representative-role completion was not executed.,ROUTE_AND_PAGE_SOURCE_ANCHORS_PRESENT_UNVALIDATED,ROUTE_AND_PAGE_SOURCE_ANCHORS_PRESENT_UNVALIDATED,task-scripts/cap-hr-casework-lifecycle.md,a0493442b9e392d324055c35bf25b69421dc2d35,f8cdaf81d83c71e4f5d064fdf88872b908ffaaa1,df6e1b1b357439ad1fd829bebf4e2d33d20d067d515eb945c352e2350a4194a4,f4feae2598622afe346b1163fed2bb842305a8d973a89ec890c02746d99b5999,false,false,false,false,false,"Static identity and source ownership only; no runtime, browser, executed-test, benchmark, ease, release, or completion credit."
TASK-CAP-HR-COMPETENCY-ASSESSMENT,CAP-HR-COMPETENCY-ASSESSMENT,HR,NOT_ESTABLISHED_CURRENT_AUDIT,Assess and govern staff competencies,NOT_ESTABLISHED_CURRENT_AUDIT,Assess and govern staff competencies,"NOT_ESTABLISHED_CURRENT_AUDIT; execution requires a documented representative role, approved Site/record scope where applicable, and resettable synthetic data.",SOURCE_BOUND_STATIC_IDENTITY_ONLY,NOT_EXECUTED_REPRESENTATIVE_ROLE,NOT_MEASURED,0-5; NOT_MEASURED is not 0,NOT_MEASURED,NOT_MEASURED,NOT_MEASURED,NOT_MEASURED,NOT_MEASURED,NOT_MEASURED,NOT_MEASURED,NOT_MEASURED,NOT_MEASURED,NOT_MEASURED,NOT_MEASURED,NOT_MEASURED,NOT_MEASURED,NOT_MEASURED,NOT_MEASURED,NOT_MEASURED,NOT_MEASURED,"{""discoverability"":""NOT_MEASURED"",""comprehension"":""NOT_MEASURED"",""learnability"":""NOT_MEASURED"",""efficiency"":""NOT_MEASURED"",""error_prevention"":""NOT_MEASURED"",""recovery"":""NOT_MEASURED"",""accessibility"":""NOT_MEASURED"",""safety_and_trust"":""NOT_MEASURED"",""consistency"":""NOT_MEASURED"",""cross_module_continuity"":""NOT_MEASURED""}",NOT_PERFORMED,NOT_LINKED_TO_CANONICAL_TARGET_CURRENT_AUDIT,NOT_MEASURED,NOT_MEASURED,NOT_MEASURED,NOT_MEASURED,NOT_MEASURED,NOT_MEASURED,NOT_MEASURED,NOT_MEASURED,NOT_MEASURED,NOT_MEASURED,NOT_MEASURED,H,CANONICAL_STATIC_IDENTITY_DENOMINATOR,HR compliance and training owners,NOT_ESTABLISHED_CURRENT_AUDIT,Assess and govern staff competencies,NOT_ADJUDICATED_CURRENT_AUDIT,NOT_SCORED_CURRENT_AUDIT,NOT_SCORED_CURRENT_AUDIT,STATIC_CANONICAL_IDENTITY_FROZEN,INCOMPLETE_CANONICAL_STATIC_IDENTITY_ONLY,NOT_ADJUDICATED_CURRENT_AUDIT,NOT_ADJUDICATED_CURRENT_AUDIT,NOT_DETERMINED_CURRENT_AUDIT,ONE_OPERATING_ORGANISATION_MULTIPLE_SITES; FEATURE_SPECIFIC_ROLE_PERMISSION_SITE_OWNERSHIP_DIRECT_OBJECT_PRIVACY_BOUNDARY_NOT_ADJUDICATED,NOT_ESTABLISHED_CURRENT_AUDIT,NOT_ESTABLISHED_CURRENT_AUDIT,NOT_ESTABLISHED_CURRENT_AUDIT,NOT_ESTABLISHED_CURRENT_AUDIT,app/Http/Controllers/Hr/CompetencyController.php:20,NOT_ESTABLISHED_CURRENT_AUDIT,NOT_ESTABLISHED_CURRENT_AUDIT,Static canonical identity only: Assess and govern staff competencies. Representative-role completion was not executed.,NOT_ESTABLISHED_CURRENT_AUDIT_NO_ROUTE_OR_PAGE_ANCHOR,NOT_ESTABLISHED_CURRENT_AUDIT_NO_ROUTE_OR_PAGE_ANCHOR,task-scripts/cap-hr-competency-assessment.md,a0493442b9e392d324055c35bf25b69421dc2d35,f8cdaf81d83c71e4f5d064fdf88872b908ffaaa1,df6e1b1b357439ad1fd829bebf4e2d33d20d067d515eb945c352e2350a4194a4,f4feae2598622afe346b1163fed2bb842305a8d973a89ec890c02746d99b5999,false,false,false,false,false,"Static identity and source ownership only; no runtime, browser, executed-test, benchmark, ease, release, or completion credit."
TASK-CAP-HR-COMPLIANCE-RECORDS,CAP-HR-COMPLIANCE-RECORDS,HR,NOT_ESTABLISHED_CURRENT_AUDIT,Manage staff compliance records,NOT_ESTABLISHED_CURRENT_AUDIT,Manage staff compliance records,"NOT_ESTABLISHED_CURRENT_AUDIT; execution requires a documented representative role, approved Site/record scope where applicable, and resettable synthetic data.",SOURCE_BOUND_STATIC_IDENTITY_ONLY,NOT_EXECUTED_REPRESENTATIVE_ROLE,NOT_MEASURED,0-5; NOT_MEASURED is not 0,NOT_MEASURED,NOT_MEASURED,NOT_MEASURED,NOT_MEASURED,NOT_MEASURED,NOT_MEASURED,NOT_MEASURED,NOT_MEASURED,NOT_MEASURED,NOT_MEASURED,NOT_MEASURED,NOT_MEASURED,NOT_MEASURED,NOT_MEASURED,NOT_MEASURED,NOT_MEASURED,NOT_MEASURED,"{""discoverability"":""NOT_MEASURED"",""comprehension"":""NOT_MEASURED"",""learnability"":""NOT_MEASURED"",""efficiency"":""NOT_MEASURED"",""error_prevention"":""NOT_MEASURED"",""recovery"":""NOT_MEASURED"",""accessibility"":""NOT_MEASURED"",""safety_and_trust"":""NOT_MEASURED"",""consistency"":""NOT_MEASURED"",""cross_module_continuity"":""NOT_MEASURED""}",NOT_PERFORMED,NOT_LINKED_TO_CANONICAL_TARGET_CURRENT_AUDIT,NOT_MEASURED,NOT_MEASURED,NOT_MEASURED,NOT_MEASURED,NOT_MEASURED,NOT_MEASURED,NOT_MEASURED,NOT_MEASURED,NOT_MEASURED,NOT_MEASURED,NOT_MEASURED,H,CANONICAL_STATIC_IDENTITY_DENOMINATOR,HR compliance and training owners,NOT_ESTABLISHED_CURRENT_AUDIT,Manage staff compliance records,NOT_ADJUDICATED_CURRENT_AUDIT,NOT_SCORED_CURRENT_AUDIT,NOT_SCORED_CURRENT_AUDIT,STATIC_CANONICAL_IDENTITY_FROZEN,INCOMPLETE_CANONICAL_STATIC_IDENTITY_ONLY,NOT_ADJUDICATED_CURRENT_AUDIT,NOT_ADJUDICATED_CURRENT_AUDIT,NOT_DETERMINED_CURRENT_AUDIT,ONE_OPERATING_ORGANISATION_MULTIPLE_SITES; FEATURE_SPECIFIC_ROLE_PERMISSION_SITE_OWNERSHIP_DIRECT_OBJECT_PRIVACY_BOUNDARY_NOT_ADJUDICATED,NOT_ESTABLISHED_CURRENT_AUDIT,NOT_ESTABLISHED_CURRENT_AUDIT,routes/hr.php:1-1420,NOT_ESTABLISHED_CURRENT_AUDIT,app/Domain/Hr/Services/AttendanceService.php:1; app/Domain/Hr/Services/HrWebhookService.php:1; app/Http/Controllers/Hr/ComplianceController.php:33; app/Http/Controllers/Hr/EmployeeProfileController.php:1,tests/Architecture/HrComplianceExportPermissionBoundaryTest.php:1; tests/Architecture/HrStaffCreationWorkflowBoundaryTest.php:1; tests/Architecture/HrWebhookEgressBoundaryTest.php:1,NOT_ESTABLISHED_CURRENT_AUDIT,Static canonical identity only: Manage staff compliance records. Representative-role completion was not executed.,ROUTE_SOURCE_ANCHOR_ONLY_UNVALIDATED,ROUTE_SOURCE_ANCHOR_ONLY_UNVALIDATED,task-scripts/cap-hr-compliance-records.md,a0493442b9e392d324055c35bf25b69421dc2d35,f8cdaf81d83c71e4f5d064fdf88872b908ffaaa1,df6e1b1b357439ad1fd829bebf4e2d33d20d067d515eb945c352e2350a4194a4,f4feae2598622afe346b1163fed2bb842305a8d973a89ec890c02746d99b5999,false,false,false,false,false,"Static identity and source ownership only; no runtime, browser, executed-test, benchmark, ease, release, or completion credit."
TASK-CAP-HR-DOCUMENT-LIBRARY,CAP-HR-DOCUMENT-LIBRARY,HR,NOT_ESTABLISHED_CURRENT_AUDIT,Manage governed HR documents,NOT_ESTABLISHED_CURRENT_AUDIT,Manage governed HR documents,"NOT_ESTABLISHED_CURRENT_AUDIT; execution requires a documented representative role, approved Site/record scope where applicable, and resettable synthetic data.",SOURCE_BOUND_STATIC_IDENTITY_ONLY,NOT_EXECUTED_REPRESENTATIVE_ROLE,NOT_MEASURED,0-5; NOT_MEASURED is not 0,NOT_MEASURED,NOT_MEASURED,NOT_MEASURED,NOT_MEASURED,NOT_MEASURED,NOT_MEASURED,NOT_MEASURED,NOT_MEASURED,NOT_MEASURED,NOT_MEASURED,NOT_MEASURED,NOT_MEASURED,NOT_MEASURED,NOT_MEASURED,NOT_MEASURED,NOT_MEASURED,NOT_MEASURED,"{""discoverability"":""NOT_MEASURED"",""comprehension"":""NOT_MEASURED"",""learnability"":""NOT_MEASURED"",""efficiency"":""NOT_MEASURED"",""error_prevention"":""NOT_MEASURED"",""recovery"":""NOT_MEASURED"",""accessibility"":""NOT_MEASURED"",""safety_and_trust"":""NOT_MEASURED"",""consistency"":""NOT_MEASURED"",""cross_module_continuity"":""NOT_MEASURED""}",NOT_PERFORMED,NOT_LINKED_TO_CANONICAL_TARGET_CURRENT_AUDIT,NOT_MEASURED,NOT_MEASURED,NOT_MEASURED,NOT_MEASURED,NOT_MEASURED,NOT_MEASURED,NOT_MEASURED,NOT_MEASURED,NOT_MEASURED,NOT_MEASURED,NOT_MEASURED,H,CANONICAL_STATIC_IDENTITY_DENOMINATOR,"HR document, policy, and signature owners",NOT_ESTABLISHED_CURRENT_AUDIT,Manage governed HR documents,NOT_ADJUDICATED_CURRENT_AUDIT,NOT_SCORED_CURRENT_AUDIT,NOT_SCORED_CURRENT_AUDIT,STATIC_CANONICAL_IDENTITY_FROZEN,INCOMPLETE_CANONICAL_STATIC_IDENTITY_ONLY,NOT_ADJUDICATED_CURRENT_AUDIT,NOT_ADJUDICATED_CURRENT_AUDIT,NOT_DETERMINED_CURRENT_AUDIT,ONE_OPERATING_ORGANISATION_MULTIPLE_SITES; FEATURE_SPECIFIC_ROLE_PERMISSION_SITE_OWNERSHIP_DIRECT_OBJECT_PRIVACY_BOUNDARY_NOT_ADJUDICATED,NOT_ESTABLISHED_CURRENT_AUDIT,NOT_ESTABLISHED_CURRENT_AUDIT,routes/hr.php:1-1420,NOT_ESTABLISHED_CURRENT_AUDIT,app/Domain/Hr/Services/AttendanceService.php:1; app/Domain/Hr/Services/HrWebhookService.php:1; app/Http/Controllers/Hr/EmployeeProfileController.php:1; app/Http/Controllers/Hr/HrDocumentController.php:35,tests/Architecture/HrComplianceExportPermissionBoundaryTest.php:1; tests/Architecture/HrStaffCreationWorkflowBoundaryTest.php:1; tests/Architecture/HrWebhookEgressBoundaryTest.php:1,NOT_ESTABLISHED_CURRENT_AUDIT,Static canonical identity only: Manage governed HR documents. Representative-role completion was not executed.,ROUTE_SOURCE_ANCHOR_ONLY_UNVALIDATED,ROUTE_SOURCE_ANCHOR_ONLY_UNVALIDATED,task-scripts/cap-hr-document-library.md,a0493442b9e392d324055c35bf25b69421dc2d35,f8cdaf81d83c71e4f5d064fdf88872b908ffaaa1,df6e1b1b357439ad1fd829bebf4e2d33d20d067d515eb945c352e2350a4194a4,f4feae2598622afe346b1163fed2bb842305a8d973a89ec890c02746d99b5999,false,false,false,false,false,"Static identity and source ownership only; no runtime, browser, executed-test, benchmark, ease, release, or completion credit."
TASK-CAP-HR-DOCUMENT-SIGNATURE,CAP-HR-DOCUMENT-SIGNATURE,HR,NOT_ESTABLISHED_CURRENT_AUDIT,Request and record document signatures,NOT_ESTABLISHED_CURRENT_AUDIT,Request and record document signatures,"NOT_ESTABLISHED_CURRENT_AUDIT; execution requires a documented representative role, approved Site/record scope where applicable, and resettable synthetic data.",SOURCE_BOUND_STATIC_IDENTITY_ONLY,NOT_EXECUTED_REPRESENTATIVE_ROLE,NOT_MEASURED,0-5; NOT_MEASURED is not 0,NOT_MEASURED,NOT_MEASURED,NOT_MEASURED,NOT_MEASURED,NOT_MEASURED,NOT_MEASURED,NOT_MEASURED,NOT_MEASURED,NOT_MEASURED,NOT_MEASURED,NOT_MEASURED,NOT_MEASURED,NOT_MEASURED,NOT_MEASURED,NOT_MEASURED,NOT_MEASURED,NOT_MEASURED,"{""discoverability"":""NOT_MEASURED"",""comprehension"":""NOT_MEASURED"",""learnability"":""NOT_MEASURED"",""efficiency"":""NOT_MEASURED"",""error_prevention"":""NOT_MEASURED"",""recovery"":""NOT_MEASURED"",""accessibility"":""NOT_MEASURED"",""safety_and_trust"":""NOT_MEASURED"",""consistency"":""NOT_MEASURED"",""cross_module_continuity"":""NOT_MEASURED""}",NOT_PERFORMED,NOT_LINKED_TO_CANONICAL_TARGET_CURRENT_AUDIT,NOT_MEASURED,NOT_MEASURED,NOT_MEASURED,NOT_MEASURED,NOT_MEASURED,NOT_MEASURED,NOT_MEASURED,NOT_MEASURED,NOT_MEASURED,NOT_MEASURED,NOT_MEASURED,H,CANONICAL_STATIC_IDENTITY_DENOMINATOR,"HR document, policy, and signature owners",NOT_ESTABLISHED_CURRENT_AUDIT,Request and record document signatures,NOT_ADJUDICATED_CURRENT_AUDIT,NOT_SCORED_CURRENT_AUDIT,NOT_SCORED_CURRENT_AUDIT,STATIC_CANONICAL_IDENTITY_FROZEN,INCOMPLETE_CANONICAL_STATIC_IDENTITY_ONLY,NOT_ADJUDICATED_CURRENT_AUDIT,NOT_ADJUDICATED_CURRENT_AUDIT,NOT_DETERMINED_CURRENT_AUDIT,ONE_OPERATING_ORGANISATION_MULTIPLE_SITES; FEATURE_SPECIFIC_ROLE_PERMISSION_SITE_OWNERSHIP_DIRECT_OBJECT_PRIVACY_BOUNDARY_NOT_ADJUDICATED,NOT_ESTABLISHED_CURRENT_AUDIT,NOT_ESTABLISHED_CURRENT_AUDIT,NOT_ESTABLISHED_CURRENT_AUDIT,NOT_ESTABLISHED_CURRENT_AUDIT,app/Domain/Hr/Models/HrDocumentSignature.php:13; app/Http/Controllers/Hr/ESignatureController.php:17,NOT_ESTABLISHED_CURRENT_AUDIT,NOT_ESTABLISHED_CURRENT_AUDIT,Static canonical identity only: Request and record document signatures. Representative-role completion was not executed.,NOT_ESTABLISHED_CURRENT_AUDIT_NO_ROUTE_OR_PAGE_ANCHOR,NOT_ESTABLISHED_CURRENT_AUDIT_NO_ROUTE_OR_PAGE_ANCHOR,task-scripts/cap-hr-document-signature.md,a0493442b9e392d324055c35bf25b69421dc2d35,f8cdaf81d83c71e4f5d064fdf88872b908ffaaa1,df6e1b1b357439ad1fd829bebf4e2d33d20d067d515eb945c352e2350a4194a4,f4feae2598622afe346b1163fed2bb842305a8d973a89ec890c02746d99b5999,false,false,false,false,false,"Static identity and source ownership only; no runtime, browser, executed-test, benchmark, ease, release, or completion credit."
TASK-CAP-HR-EMPLOYEE-PROFILE-LIFECYCLE,CAP-HR-EMPLOYEE-PROFILE-LIFECYCLE,HR,NOT_ESTABLISHED_CURRENT_AUDIT,"Create, view, update, activate, deactivate, rehire, and invite an employee profile through the canonical identity seam.",NOT_ESTABLISHED_CURRENT_AUDIT,"Create, view, update, activate, deactivate, rehire, and invite an employee profile through the canonical identity seam.","NOT_ESTABLISHED_CURRENT_AUDIT; execution requires a documented representative role, approved Site/record scope where applicable, and resettable synthetic data.",SOURCE_BOUND_STATIC_IDENTITY_ONLY,NOT_EXECUTED_REPRESENTATIVE_ROLE,NOT_MEASURED,0-5; NOT_MEASURED is not 0,NOT_MEASURED,NOT_MEASURED,NOT_MEASURED,NOT_MEASURED,NOT_MEASURED,NOT_MEASURED,NOT_MEASURED,NOT_MEASURED,NOT_MEASURED,NOT_MEASURED,NOT_MEASURED,NOT_MEASURED,NOT_MEASURED,NOT_MEASURED,NOT_MEASURED,NOT_MEASURED,NOT_MEASURED,"{""discoverability"":""NOT_MEASURED"",""comprehension"":""NOT_MEASURED"",""learnability"":""NOT_MEASURED"",""efficiency"":""NOT_MEASURED"",""error_prevention"":""NOT_MEASURED"",""recovery"":""NOT_MEASURED"",""accessibility"":""NOT_MEASURED"",""safety_and_trust"":""NOT_MEASURED"",""consistency"":""NOT_MEASURED"",""cross_module_continuity"":""NOT_MEASURED""}",NOT_PERFORMED,NOT_LINKED_TO_CANONICAL_TARGET_CURRENT_AUDIT,NOT_MEASURED,NOT_MEASURED,NOT_MEASURED,NOT_MEASURED,NOT_MEASURED,NOT_MEASURED,NOT_MEASURED,NOT_MEASURED,NOT_MEASURED,NOT_MEASURED,NOT_MEASURED,H,CANONICAL_STATIC_IDENTITY_DENOMINATOR,"EmployeeProfileController, EmployeeIntakeService, and HrLifecycleAccessService",NOT_ESTABLISHED_CURRENT_AUDIT,"Create, view, update, activate, deactivate, rehire, and invite an employee profile through the canonical identity seam.",NOT_ADJUDICATED_CURRENT_AUDIT,NOT_SCORED_CURRENT_AUDIT,NOT_SCORED_CURRENT_AUDIT,STATIC_CANONICAL_IDENTITY_FROZEN,INCOMPLETE_CANONICAL_STATIC_IDENTITY_ONLY,NOT_ADJUDICATED_CURRENT_AUDIT,NOT_ADJUDICATED_CURRENT_AUDIT,NOT_DETERMINED_CURRENT_AUDIT,ONE_OPERATING_ORGANISATION_MULTIPLE_SITES; FEATURE_SPECIFIC_ROLE_PERMISSION_SITE_OWNERSHIP_DIRECT_OBJECT_PRIVACY_BOUNDARY_NOT_ADJUDICATED,NOT_ESTABLISHED_CURRENT_AUDIT,NOT_ESTABLISHED_CURRENT_AUDIT,routes/hr.php:1-1420; routes/hr.php:259-287,resources/js/pages/hr/employees/show.tsx:1,app/Domain/Hr/Policies/HrEmployeeProfilePolicy.php:8-36; app/Domain/Hr/Services/AttendanceService.php:1; app/Domain/Hr/Services/HrWebhookService.php:1; app/Http/Controllers/Hr/EmployeeProfileController.php:1; app/Http/Controllers/Hr/EmployeeProfileController.php:61-442,tests/Architecture/HrComplianceExportPermissionBoundaryTest.php:1; tests/Architecture/HrStaffCreationWorkflowBoundaryTest.php:1; tests/Architecture/HrWebhookEgressBoundaryTest.php:1; tests/Feature/Hr/EmployeeProfileSitePrivacyTest.php:133-251,NOT_ESTABLISHED_CURRENT_AUDIT,"Static canonical identity only: Create, view, update, activate, deactivate, rehire, and invite an employee profile through the canonical identity seam.. Representative-role completion was not executed.",ROUTE_AND_PAGE_SOURCE_ANCHORS_PRESENT_UNVALIDATED,ROUTE_AND_PAGE_SOURCE_ANCHORS_PRESENT_UNVALIDATED,task-scripts/cap-hr-employee-profile-lifecycle.md,a0493442b9e392d324055c35bf25b69421dc2d35,f8cdaf81d83c71e4f5d064fdf88872b908ffaaa1,df6e1b1b357439ad1fd829bebf4e2d33d20d067d515eb945c352e2350a4194a4,f4feae2598622afe346b1163fed2bb842305a8d973a89ec890c02746d99b5999,false,false,false,false,false,"Static identity and source ownership only; no runtime, browser, executed-test, benchmark, ease, release, or completion credit."
TASK-CAP-HR-LEAVE-LIFECYCLE,CAP-HR-LEAVE-LIFECYCLE,HR,NOT_ESTABLISHED_CURRENT_AUDIT,"Request, approve, decline, and cancel leave",NOT_ESTABLISHED_CURRENT_AUDIT,"Request, approve, decline, and cancel leave","NOT_ESTABLISHED_CURRENT_AUDIT; execution requires a documented representative role, approved Site/record scope where applicable, and resettable synthetic data.",SOURCE_BOUND_STATIC_IDENTITY_ONLY,NOT_EXECUTED_REPRESENTATIVE_ROLE,NOT_MEASURED,0-5; NOT_MEASURED is not 0,NOT_MEASURED,NOT_MEASURED,NOT_MEASURED,NOT_MEASURED,NOT_MEASURED,NOT_MEASURED,NOT_MEASURED,NOT_MEASURED,NOT_MEASURED,NOT_MEASURED,NOT_MEASURED,NOT_MEASURED,NOT_MEASURED,NOT_MEASURED,NOT_MEASURED,NOT_MEASURED,NOT_MEASURED,"{""discoverability"":""NOT_MEASURED"",""comprehension"":""NOT_MEASURED"",""learnability"":""NOT_MEASURED"",""efficiency"":""NOT_MEASURED"",""error_prevention"":""NOT_MEASURED"",""recovery"":""NOT_MEASURED"",""accessibility"":""NOT_MEASURED"",""safety_and_trust"":""NOT_MEASURED"",""consistency"":""NOT_MEASURED"",""cross_module_continuity"":""NOT_MEASURED""}",NOT_PERFORMED,NOT_LINKED_TO_CANONICAL_TARGET_CURRENT_AUDIT,NOT_MEASURED,NOT_MEASURED,NOT_MEASURED,NOT_MEASURED,NOT_MEASURED,NOT_MEASURED,NOT_MEASURED,NOT_MEASURED,NOT_MEASURED,NOT_MEASURED,NOT_MEASURED,H,CANONICAL_STATIC_IDENTITY_DENOMINATOR,"HR leave, time, and payroll owners",NOT_ESTABLISHED_CURRENT_AUDIT,"Request, approve, decline, and cancel leave",NOT_ADJUDICATED_CURRENT_AUDIT,NOT_SCORED_CURRENT_AUDIT,NOT_SCORED_CURRENT_AUDIT,STATIC_CANONICAL_IDENTITY_FROZEN,INCOMPLETE_CANONICAL_STATIC_IDENTITY_ONLY,NOT_ADJUDICATED_CURRENT_AUDIT,NOT_ADJUDICATED_CURRENT_AUDIT,NOT_DETERMINED_CURRENT_AUDIT,ONE_OPERATING_ORGANISATION_MULTIPLE_SITES; FEATURE_SPECIFIC_ROLE_PERMISSION_SITE_OWNERSHIP_DIRECT_OBJECT_PRIVACY_BOUNDARY_NOT_ADJUDICATED,NOT_ESTABLISHED_CURRENT_AUDIT,NOT_ESTABLISHED_CURRENT_AUDIT,routes/hr.php:1-1420; routes/operations.php:1-1336; routes/shifts.php:1-127,NOT_ESTABLISHED_CURRENT_AUDIT,app/Domain/Hr/Services/AttendanceService.php:1; app/Domain/Hr/Services/HrWebhookService.php:1; app/Domain/Hr/Services/LeaveService.php:24; app/Domain/Hr/Services/WorkforceAvailabilityCoverageService.php:38; app/Domain/Shifts/Lifecycle/ShiftLifecycleService.php:1; app/Domain/Shifts/Timesheets/TimesheetApprovalService.php:1; app/Http/Controllers/Hr/EmployeeProfileController.php:1; app/Http/Controllers/Hr/LeaveController.php:21; app/Http/Controllers/StaffTimeOffController.php:40,tests/Architecture/HrComplianceExportPermissionBoundaryTest.php:1; tests/Architecture/HrStaffCreationWorkflowBoundaryTest.php:1; tests/Architecture/HrWebhookEgressBoundaryTest.php:1; tests/Feature/ShiftLifecycleHardeningTest.php:1; tests/Feature/TimesheetSafetyGuardsTest.php:1; tests/Unit/Rostering/EligibilityScoringStrategyTest.php:1,NOT_ESTABLISHED_CURRENT_AUDIT,"Static canonical identity only: Request, approve, decline, and cancel leave. Representative-role completion was not executed.",ROUTE_SOURCE_ANCHOR_ONLY_UNVALIDATED,ROUTE_SOURCE_ANCHOR_ONLY_UNVALIDATED,task-scripts/cap-hr-leave-lifecycle.md,a0493442b9e392d324055c35bf25b69421dc2d35,f8cdaf81d83c71e4f5d064fdf88872b908ffaaa1,df6e1b1b357439ad1fd829bebf4e2d33d20d067d515eb945c352e2350a4194a4,f4feae2598622afe346b1163fed2bb842305a8d973a89ec890c02746d99b5999,false,false,false,false,false,"Static identity and source ownership only; no runtime, browser, executed-test, benchmark, ease, release, or completion credit."
TASK-CAP-HR-OFFBOARDING-LIFECYCLE,CAP-HR-OFFBOARDING-LIFECYCLE,HR,NOT_ESTABLISHED_CURRENT_AUDIT,Offboard staff through governed terminal tasks,NOT_ESTABLISHED_CURRENT_AUDIT,Offboard staff through governed terminal tasks,"NOT_ESTABLISHED_CURRENT_AUDIT; execution requires a documented representative role, approved Site/record scope where applicable, and resettable synthetic data.",SOURCE_BOUND_STATIC_IDENTITY_ONLY,NOT_EXECUTED_REPRESENTATIVE_ROLE,NOT_MEASURED,0-5; NOT_MEASURED is not 0,NOT_MEASURED,NOT_MEASURED,NOT_MEASURED,NOT_MEASURED,NOT_MEASURED,NOT_MEASURED,NOT_MEASURED,NOT_MEASURED,NOT_MEASURED,NOT_MEASURED,NOT_MEASURED,NOT_MEASURED,NOT_MEASURED,NOT_MEASURED,NOT_MEASURED,NOT_MEASURED,NOT_MEASURED,"{""discoverability"":""NOT_MEASURED"",""comprehension"":""NOT_MEASURED"",""learnability"":""NOT_MEASURED"",""efficiency"":""NOT_MEASURED"",""error_prevention"":""NOT_MEASURED"",""recovery"":""NOT_MEASURED"",""accessibility"":""NOT_MEASURED"",""safety_and_trust"":""NOT_MEASURED"",""consistency"":""NOT_MEASURED"",""cross_module_continuity"":""NOT_MEASURED""}",NOT_PERFORMED,NOT_LINKED_TO_CANONICAL_TARGET_CURRENT_AUDIT,NOT_MEASURED,NOT_MEASURED,NOT_MEASURED,NOT_MEASURED,NOT_MEASURED,NOT_MEASURED,NOT_MEASURED,NOT_MEASURED,NOT_MEASURED,NOT_MEASURED,NOT_MEASURED,H,CANONICAL_STATIC_IDENTITY_DENOMINATOR,Onboarding and offboarding controllers,NOT_ESTABLISHED_CURRENT_AUDIT,Offboard staff through governed terminal tasks,NOT_ADJUDICATED_CURRENT_AUDIT,NOT_SCORED_CURRENT_AUDIT,NOT_SCORED_CURRENT_AUDIT,STATIC_CANONICAL_IDENTITY_FROZEN,INCOMPLETE_CANONICAL_STATIC_IDENTITY_ONLY,NOT_ADJUDICATED_CURRENT_AUDIT,NOT_ADJUDICATED_CURRENT_AUDIT,NOT_DETERMINED_CURRENT_AUDIT,ONE_OPERATING_ORGANISATION_MULTIPLE_SITES; FEATURE_SPECIFIC_ROLE_PERMISSION_SITE_OWNERSHIP_DIRECT_OBJECT_PRIVACY_BOUNDARY_NOT_ADJUDICATED,NOT_ESTABLISHED_CURRENT_AUDIT,NOT_ESTABLISHED_CURRENT_AUDIT,routes/hr.php:1-1420,NOT_ESTABLISHED_CURRENT_AUDIT,app/Domain/Hr/Services/AttendanceService.php:1; app/Domain/Hr/Services/HrWebhookService.php:1; app/Http/Controllers/Hr/EmployeeProfileController.php:1; app/Http/Controllers/Hr/OffboardingController.php:19,tests/Architecture/HrComplianceExportPermissionBoundaryTest.php:1; tests/Architecture/HrStaffCreationWorkflowBoundaryTest.php:1; tests/Architecture/HrWebhookEgressBoundaryTest.php:1,NOT_ESTABLISHED_CURRENT_AUDIT,Static canonical identity only: Offboard staff through governed terminal tasks. Representative-role completion was not executed.,ROUTE_SOURCE_ANCHOR_ONLY_UNVALIDATED,ROUTE_SOURCE_ANCHOR_ONLY_UNVALIDATED,task-scripts/cap-hr-offboarding-lifecycle.md,a0493442b9e392d324055c35bf25b69421dc2d35,f8cdaf81d83c71e4f5d064fdf88872b908ffaaa1,df6e1b1b357439ad1fd829bebf4e2d33d20d067d515eb945c352e2350a4194a4,f4feae2598622afe346b1163fed2bb842305a8d973a89ec890c02746d99b5999,false,false,false,false,false,"Static identity and source ownership only; no runtime, browser, executed-test, benchmark, ease, release, or completion credit."
TASK-CAP-HR-ONBOARDING-LIFECYCLE,CAP-HR-ONBOARDING-LIFECYCLE,HR,NOT_ESTABLISHED_CURRENT_AUDIT,Onboard staff through governed checklists and tasks,NOT_ESTABLISHED_CURRENT_AUDIT,Onboard staff through governed checklists and tasks,"NOT_ESTABLISHED_CURRENT_AUDIT; execution requires a documented representative role, approved Site/record scope where applicable, and resettable synthetic data.",SOURCE_BOUND_STATIC_IDENTITY_ONLY,NOT_EXECUTED_REPRESENTATIVE_ROLE,NOT_MEASURED,0-5; NOT_MEASURED is not 0,NOT_MEASURED,NOT_MEASURED,NOT_MEASURED,NOT_MEASURED,NOT_MEASURED,NOT_MEASURED,NOT_MEASURED,NOT_MEASURED,NOT_MEASURED,NOT_MEASURED,NOT_MEASURED,NOT_MEASURED,NOT_MEASURED,NOT_MEASURED,NOT_MEASURED,NOT_MEASURED,NOT_MEASURED,"{""discoverability"":""NOT_MEASURED"",""comprehension"":""NOT_MEASURED"",""learnability"":""NOT_MEASURED"",""efficiency"":""NOT_MEASURED"",""error_prevention"":""NOT_MEASURED"",""recovery"":""NOT_MEASURED"",""accessibility"":""NOT_MEASURED"",""safety_and_trust"":""NOT_MEASURED"",""consistency"":""NOT_MEASURED"",""cross_module_continuity"":""NOT_MEASURED""}",NOT_PERFORMED,NOT_LINKED_TO_CANONICAL_TARGET_CURRENT_AUDIT,NOT_MEASURED,NOT_MEASURED,NOT_MEASURED,NOT_MEASURED,NOT_MEASURED,NOT_MEASURED,NOT_MEASURED,NOT_MEASURED,NOT_MEASURED,NOT_MEASURED,NOT_MEASURED,H,CANONICAL_STATIC_IDENTITY_DENOMINATOR,Onboarding and offboarding controllers,NOT_ESTABLISHED_CURRENT_AUDIT,Onboard staff through governed checklists and tasks,NOT_ADJUDICATED_CURRENT_AUDIT,NOT_SCORED_CURRENT_AUDIT,NOT_SCORED_CURRENT_AUDIT,STATIC_CANONICAL_IDENTITY_FROZEN,INCOMPLETE_CANONICAL_STATIC_IDENTITY_ONLY,NOT_ADJUDICATED_CURRENT_AUDIT,NOT_ADJUDICATED_CURRENT_AUDIT,NOT_DETERMINED_CURRENT_AUDIT,ONE_OPERATING_ORGANISATION_MULTIPLE_SITES; FEATURE_SPECIFIC_ROLE_PERMISSION_SITE_OWNERSHIP_DIRECT_OBJECT_PRIVACY_BOUNDARY_NOT_ADJUDICATED,NOT_ESTABLISHED_CURRENT_AUDIT,NOT_ESTABLISHED_CURRENT_AUDIT,routes/hr.php:1-1420,NOT_ESTABLISHED_CURRENT_AUDIT,app/Domain/Hr/Services/AttendanceService.php:1; app/Domain/Hr/Services/HrWebhookService.php:1; app/Domain/Hr/Services/OnboardingService.php:36; app/Http/Controllers/Hr/EmployeeProfileController.php:1; app/Http/Controllers/Hr/OnboardingController.php:41,tests/Architecture/HrComplianceExportPermissionBoundaryTest.php:1; tests/Architecture/HrStaffCreationWorkflowBoundaryTest.php:1; tests/Architecture/HrWebhookEgressBoundaryTest.php:1,NOT_ESTABLISHED_CURRENT_AUDIT,Static canonical identity only: Onboard staff through governed checklists and tasks. Representative-role completion was not executed.,ROUTE_SOURCE_ANCHOR_ONLY_UNVALIDATED,ROUTE_SOURCE_ANCHOR_ONLY_UNVALIDATED,task-scripts/cap-hr-onboarding-lifecycle.md,a0493442b9e392d324055c35bf25b69421dc2d35,f8cdaf81d83c71e4f5d064fdf88872b908ffaaa1,df6e1b1b357439ad1fd829bebf4e2d33d20d067d515eb945c352e2350a4194a4,f4feae2598622afe346b1163fed2bb842305a8d973a89ec890c02746d99b5999,false,false,false,false,false,"Static identity and source ownership only; no runtime, browser, executed-test, benchmark, ease, release, or completion credit."
TASK-CAP-HR-PAYROLL-RUN-LIFECYCLE,CAP-HR-PAYROLL-RUN-LIFECYCLE,HR,NOT_ESTABLISHED_CURRENT_AUDIT,Prepare and govern payroll runs,NOT_ESTABLISHED_CURRENT_AUDIT,Prepare and govern payroll runs,"NOT_ESTABLISHED_CURRENT_AUDIT; execution requires a documented representative role, approved Site/record scope where applicable, and resettable synthetic data.",SOURCE_BOUND_STATIC_IDENTITY_ONLY,NOT_EXECUTED_REPRESENTATIVE_ROLE,NOT_MEASURED,0-5; NOT_MEASURED is not 0,NOT_MEASURED,NOT_MEASURED,NOT_MEASURED,NOT_MEASURED,NOT_MEASURED,NOT_MEASURED,NOT_MEASURED,NOT_MEASURED,NOT_MEASURED,NOT_MEASURED,NOT_MEASURED,NOT_MEASURED,NOT_MEASURED,NOT_MEASURED,NOT_MEASURED,NOT_MEASURED,NOT_MEASURED,"{""discoverability"":""NOT_MEASURED"",""comprehension"":""NOT_MEASURED"",""learnability"":""NOT_MEASURED"",""efficiency"":""NOT_MEASURED"",""error_prevention"":""NOT_MEASURED"",""recovery"":""NOT_MEASURED"",""accessibility"":""NOT_MEASURED"",""safety_and_trust"":""NOT_MEASURED"",""consistency"":""NOT_MEASURED"",""cross_module_continuity"":""NOT_MEASURED""}",NOT_PERFORMED,NOT_LINKED_TO_CANONICAL_TARGET_CURRENT_AUDIT,NOT_MEASURED,NOT_MEASURED,NOT_MEASURED,NOT_MEASURED,NOT_MEASURED,NOT_MEASURED,NOT_MEASURED,NOT_MEASURED,NOT_MEASURED,NOT_MEASURED,NOT_MEASURED,H,CANONICAL_STATIC_IDENTITY_DENOMINATOR,"HR leave, time, and payroll owners",NOT_ESTABLISHED_CURRENT_AUDIT,Prepare and govern payroll runs,NOT_ADJUDICATED_CURRENT_AUDIT,NOT_SCORED_CURRENT_AUDIT,NOT_SCORED_CURRENT_AUDIT,STATIC_CANONICAL_IDENTITY_FROZEN,INCOMPLETE_CANONICAL_STATIC_IDENTITY_ONLY,NOT_ADJUDICATED_CURRENT_AUDIT,NOT_ADJUDICATED_CURRENT_AUDIT,NOT_DETERMINED_CURRENT_AUDIT,ONE_OPERATING_ORGANISATION_MULTIPLE_SITES; FEATURE_SPECIFIC_ROLE_PERMISSION_SITE_OWNERSHIP_DIRECT_OBJECT_PRIVACY_BOUNDARY_NOT_ADJUDICATED,NOT_ESTABLISHED_CURRENT_AUDIT,NOT_ESTABLISHED_CURRENT_AUDIT,NOT_ESTABLISHED_CURRENT_AUDIT,NOT_ESTABLISHED_CURRENT_AUDIT,app/Domain/Hr/Models/HrPayrollRun.php:18; app/Http/Controllers/Hr/PayrollExportController.php:239; app/Http/Controllers/Hr/PayrollExportController.php:25,NOT_ESTABLISHED_CURRENT_AUDIT,NOT_ESTABLISHED_CURRENT_AUDIT,Static canonical identity only: Prepare and govern payroll runs. Representative-role completion was not executed.,NOT_ESTABLISHED_CURRENT_AUDIT_NO_ROUTE_OR_PAGE_ANCHOR,NOT_ESTABLISHED_CURRENT_AUDIT_NO_ROUTE_OR_PAGE_ANCHOR,task-scripts/cap-hr-payroll-run-lifecycle.md,a0493442b9e392d324055c35bf25b69421dc2d35,f8cdaf81d83c71e4f5d064fdf88872b908ffaaa1,df6e1b1b357439ad1fd829bebf4e2d33d20d067d515eb945c352e2350a4194a4,f4feae2598622afe346b1163fed2bb842305a8d973a89ec890c02746d99b5999,false,false,false,false,false,"Static identity and source ownership only; no runtime, browser, executed-test, benchmark, ease, release, or completion credit."
TASK-CAP-HR-PERFORMANCE-REVIEW,CAP-HR-PERFORMANCE-REVIEW,HR,NOT_ESTABLISHED_CURRENT_AUDIT,Manage staff performance reviews,NOT_ESTABLISHED_CURRENT_AUDIT,Manage staff performance reviews,"NOT_ESTABLISHED_CURRENT_AUDIT; execution requires a documented representative role, approved Site/record scope where applicable, and resettable synthetic data.",SOURCE_BOUND_STATIC_IDENTITY_ONLY,NOT_EXECUTED_REPRESENTATIVE_ROLE,NOT_MEASURED,0-5; NOT_MEASURED is not 0,NOT_MEASURED,NOT_MEASURED,NOT_MEASURED,NOT_MEASURED,NOT_MEASURED,NOT_MEASURED,NOT_MEASURED,NOT_MEASURED,NOT_MEASURED,NOT_MEASURED,NOT_MEASURED,NOT_MEASURED,NOT_MEASURED,NOT_MEASURED,NOT_MEASURED,NOT_MEASURED,NOT_MEASURED,"{""discoverability"":""NOT_MEASURED"",""comprehension"":""NOT_MEASURED"",""learnability"":""NOT_MEASURED"",""efficiency"":""NOT_MEASURED"",""error_prevention"":""NOT_MEASURED"",""recovery"":""NOT_MEASURED"",""accessibility"":""NOT_MEASURED"",""safety_and_trust"":""NOT_MEASURED"",""consistency"":""NOT_MEASURED"",""cross_module_continuity"":""NOT_MEASURED""}",NOT_PERFORMED,NOT_LINKED_TO_CANONICAL_TARGET_CURRENT_AUDIT,NOT_MEASURED,NOT_MEASURED,NOT_MEASURED,NOT_MEASURED,NOT_MEASURED,NOT_MEASURED,NOT_MEASURED,NOT_MEASURED,NOT_MEASURED,NOT_MEASURED,NOT_MEASURED,H,CANONICAL_STATIC_IDENTITY_DENOMINATOR,HR performance and casework owners,NOT_ESTABLISHED_CURRENT_AUDIT,Manage staff performance reviews,NOT_ADJUDICATED_CURRENT_AUDIT,NOT_SCORED_CURRENT_AUDIT,NOT_SCORED_CURRENT_AUDIT,STATIC_CANONICAL_IDENTITY_FROZEN,INCOMPLETE_CANONICAL_STATIC_IDENTITY_ONLY,NOT_ADJUDICATED_CURRENT_AUDIT,NOT_ADJUDICATED_CURRENT_AUDIT,NOT_DETERMINED_CURRENT_AUDIT,ONE_OPERATING_ORGANISATION_MULTIPLE_SITES; FEATURE_SPECIFIC_ROLE_PERMISSION_SITE_OWNERSHIP_DIRECT_OBJECT_PRIVACY_BOUNDARY_NOT_ADJUDICATED,NOT_ESTABLISHED_CURRENT_AUDIT,NOT_ESTABLISHED_CURRENT_AUDIT,routes/hr.php:1-1420,NOT_ESTABLISHED_CURRENT_AUDIT,app/Domain/Hr/Services/AttendanceService.php:1; app/Domain/Hr/Services/HrWebhookService.php:1; app/Http/Controllers/Hr/EmployeeProfileController.php:1; app/Http/Controllers/Hr/PerformanceReviewController.php:24,tests/Architecture/HrComplianceExportPermissionBoundaryTest.php:1; tests/Architecture/HrStaffCreationWorkflowBoundaryTest.php:1; tests/Architecture/HrWebhookEgressBoundaryTest.php:1,NOT_ESTABLISHED_CURRENT_AUDIT,Static canonical identity only: Manage staff performance reviews. Representative-role completion was not executed.,ROUTE_SOURCE_ANCHOR_ONLY_UNVALIDATED,ROUTE_SOURCE_ANCHOR_ONLY_UNVALIDATED,task-scripts/cap-hr-performance-review.md,a0493442b9e392d324055c35bf25b69421dc2d35,f8cdaf81d83c71e4f5d064fdf88872b908ffaaa1,df6e1b1b357439ad1fd829bebf4e2d33d20d067d515eb945c352e2350a4194a4,f4feae2598622afe346b1163fed2bb842305a8d973a89ec890c02746d99b5999,false,false,false,false,false,"Static identity and source ownership only; no runtime, browser, executed-test, benchmark, ease, release, or completion credit."
TASK-CAP-HR-POLICY-ATTESTATION,CAP-HR-POLICY-ATTESTATION,HR,NOT_ESTABLISHED_CURRENT_AUDIT,Acknowledge and evidence HR policy attestations,NOT_ESTABLISHED_CURRENT_AUDIT,Acknowledge and evidence HR policy attestations,"NOT_ESTABLISHED_CURRENT_AUDIT; execution requires a documented representative role, approved Site/record scope where applicable, and resettable synthetic data.",SOURCE_BOUND_STATIC_IDENTITY_ONLY,NOT_EXECUTED_REPRESENTATIVE_ROLE,NOT_MEASURED,0-5; NOT_MEASURED is not 0,NOT_MEASURED,NOT_MEASURED,NOT_MEASURED,NOT_MEASURED,NOT_MEASURED,NOT_MEASURED,NOT_MEASURED,NOT_MEASURED,NOT_MEASURED,NOT_MEASURED,NOT_MEASURED,NOT_MEASURED,NOT_MEASURED,NOT_MEASURED,NOT_MEASURED,NOT_MEASURED,NOT_MEASURED,"{""discoverability"":""NOT_MEASURED"",""comprehension"":""NOT_MEASURED"",""learnability"":""NOT_MEASURED"",""efficiency"":""NOT_MEASURED"",""error_prevention"":""NOT_MEASURED"",""recovery"":""NOT_MEASURED"",""accessibility"":""NOT_MEASURED"",""safety_and_trust"":""NOT_MEASURED"",""consistency"":""NOT_MEASURED"",""cross_module_continuity"":""NOT_MEASURED""}",NOT_PERFORMED,NOT_LINKED_TO_CANONICAL_TARGET_CURRENT_AUDIT,NOT_MEASURED,NOT_MEASURED,NOT_MEASURED,NOT_MEASURED,NOT_MEASURED,NOT_MEASURED,NOT_MEASURED,NOT_MEASURED,NOT_MEASURED,NOT_MEASURED,NOT_MEASURED,H,CANONICAL_STATIC_IDENTITY_DENOMINATOR,"HR document, policy, and signature owners",NOT_ESTABLISHED_CURRENT_AUDIT,Acknowledge and evidence HR policy attestations,NOT_ADJUDICATED_CURRENT_AUDIT,NOT_SCORED_CURRENT_AUDIT,NOT_SCORED_CURRENT_AUDIT,STATIC_CANONICAL_IDENTITY_FROZEN,INCOMPLETE_CANONICAL_STATIC_IDENTITY_ONLY,NOT_ADJUDICATED_CURRENT_AUDIT,NOT_ADJUDICATED_CURRENT_AUDIT,NOT_DETERMINED_CURRENT_AUDIT,ONE_OPERATING_ORGANISATION_MULTIPLE_SITES; FEATURE_SPECIFIC_ROLE_PERMISSION_SITE_OWNERSHIP_DIRECT_OBJECT_PRIVACY_BOUNDARY_NOT_ADJUDICATED,NOT_ESTABLISHED_CURRENT_AUDIT,NOT_ESTABLISHED_CURRENT_AUDIT,NOT_ESTABLISHED_CURRENT_AUDIT,NOT_ESTABLISHED_CURRENT_AUDIT,app/Domain/Hr/Models/HrPolicyAttestation.php:12; app/Http/Controllers/Hr/PolicyAttestationController.php:12,NOT_ESTABLISHED_CURRENT_AUDIT,NOT_ESTABLISHED_CURRENT_AUDIT,Static canonical identity only: Acknowledge and evidence HR policy attestations. Representative-role completion was not executed.,NOT_ESTABLISHED_CURRENT_AUDIT_NO_ROUTE_OR_PAGE_ANCHOR,NOT_ESTABLISHED_CURRENT_AUDIT_NO_ROUTE_OR_PAGE_ANCHOR,task-scripts/cap-hr-policy-attestation.md,a0493442b9e392d324055c35bf25b69421dc2d35,f8cdaf81d83c71e4f5d064fdf88872b908ffaaa1,df6e1b1b357439ad1fd829bebf4e2d33d20d067d515eb945c352e2350a4194a4,f4feae2598622afe346b1163fed2bb842305a8d973a89ec890c02746d99b5999,false,false,false,false,false,"Static identity and source ownership only; no runtime, browser, executed-test, benchmark, ease, release, or completion credit."
TASK-CAP-HR-POLICY-LIFECYCLE,CAP-HR-POLICY-LIFECYCLE,HR,NOT_ESTABLISHED_CURRENT_AUDIT,"Draft, version, publish, and retire HR policies",NOT_ESTABLISHED_CURRENT_AUDIT,"Draft, version, publish, and retire HR policies","NOT_ESTABLISHED_CURRENT_AUDIT; execution requires a documented representative role, approved Site/record scope where applicable, and resettable synthetic data.",SOURCE_BOUND_STATIC_IDENTITY_ONLY,NOT_EXECUTED_REPRESENTATIVE_ROLE,NOT_MEASURED,0-5; NOT_MEASURED is not 0,NOT_MEASURED,NOT_MEASURED,NOT_MEASURED,NOT_MEASURED,NOT_MEASURED,NOT_MEASURED,NOT_MEASURED,NOT_MEASURED,NOT_MEASURED,NOT_MEASURED,NOT_MEASURED,NOT_MEASURED,NOT_MEASURED,NOT_MEASURED,NOT_MEASURED,NOT_MEASURED,NOT_MEASURED,"{""discoverability"":""NOT_MEASURED"",""comprehension"":""NOT_MEASURED"",""learnability"":""NOT_MEASURED"",""efficiency"":""NOT_MEASURED"",""error_prevention"":""NOT_MEASURED"",""recovery"":""NOT_MEASURED"",""accessibility"":""NOT_MEASURED"",""safety_and_trust"":""NOT_MEASURED"",""consistency"":""NOT_MEASURED"",""cross_module_continuity"":""NOT_MEASURED""}",NOT_PERFORMED,NOT_LINKED_TO_CANONICAL_TARGET_CURRENT_AUDIT,NOT_MEASURED,NOT_MEASURED,NOT_MEASURED,NOT_MEASURED,NOT_MEASURED,NOT_MEASURED,NOT_MEASURED,NOT_MEASURED,NOT_MEASURED,NOT_MEASURED,NOT_MEASURED,H,CANONICAL_STATIC_IDENTITY_DENOMINATOR,"HR document, policy, and signature owners",NOT_ESTABLISHED_CURRENT_AUDIT,"Draft, version, publish, and retire HR policies",NOT_ADJUDICATED_CURRENT_AUDIT,NOT_SCORED_CURRENT_AUDIT,NOT_SCORED_CURRENT_AUDIT,STATIC_CANONICAL_IDENTITY_FROZEN,INCOMPLETE_CANONICAL_STATIC_IDENTITY_ONLY,NOT_ADJUDICATED_CURRENT_AUDIT,NOT_ADJUDICATED_CURRENT_AUDIT,NOT_DETERMINED_CURRENT_AUDIT,ONE_OPERATING_ORGANISATION_MULTIPLE_SITES; FEATURE_SPECIFIC_ROLE_PERMISSION_SITE_OWNERSHIP_DIRECT_OBJECT_PRIVACY_BOUNDARY_NOT_ADJUDICATED,NOT_ESTABLISHED_CURRENT_AUDIT,NOT_ESTABLISHED_CURRENT_AUDIT,routes/hr.php:1-1420,NOT_ESTABLISHED_CURRENT_AUDIT,app/Domain/Hr/Services/AttendanceService.php:1; app/Domain/Hr/Services/HrWebhookService.php:1; app/Http/Controllers/Hr/EmployeeProfileController.php:1; app/Http/Controllers/Hr/PolicyController.php:21,tests/Architecture/HrComplianceExportPermissionBoundaryTest.php:1; tests/Architecture/HrStaffCreationWorkflowBoundaryTest.php:1; tests/Architecture/HrWebhookEgressBoundaryTest.php:1,NOT_ESTABLISHED_CURRENT_AUDIT,"Static canonical identity only: Draft, version, publish, and retire HR policies. Representative-role completion was not executed.",ROUTE_SOURCE_ANCHOR_ONLY_UNVALIDATED,ROUTE_SOURCE_ANCHOR_ONLY_UNVALIDATED,task-scripts/cap-hr-policy-lifecycle.md,a0493442b9e392d324055c35bf25b69421dc2d35,f8cdaf81d83c71e4f5d064fdf88872b908ffaaa1,df6e1b1b357439ad1fd829bebf4e2d33d20d067d515eb945c352e2350a4194a4,f4feae2598622afe346b1163fed2bb842305a8d973a89ec890c02746d99b5999,false,false,false,false,false,"Static identity and source ownership only; no runtime, browser, executed-test, benchmark, ease, release, or completion credit."
TASK-CAP-HR-RECRUITMENT-OFFER-HIRE-LIFECYCLE,CAP-HR-RECRUITMENT-OFFER-HIRE-LIFECYCLE,HR,NOT_ESTABLISHED_CURRENT_AUDIT,"Create, approve, send, accept or decline an offer and convert an accepted offer through the canonical employee-intake seam.",NOT_ESTABLISHED_CURRENT_AUDIT,"Create, approve, send, accept or decline an offer and convert an accepted offer through the canonical employee-intake seam.","NOT_ESTABLISHED_CURRENT_AUDIT; execution requires a documented representative role, approved Site/record scope where applicable, and resettable synthetic data.",SOURCE_BOUND_STATIC_IDENTITY_ONLY,NOT_EXECUTED_REPRESENTATIVE_ROLE,NOT_MEASURED,0-5; NOT_MEASURED is not 0,NOT_MEASURED,NOT_MEASURED,NOT_MEASURED,NOT_MEASURED,NOT_MEASURED,NOT_MEASURED,NOT_MEASURED,NOT_MEASURED,NOT_MEASURED,NOT_MEASURED,NOT_MEASURED,NOT_MEASURED,NOT_MEASURED,NOT_MEASURED,NOT_MEASURED,NOT_MEASURED,NOT_MEASURED,"{""discoverability"":""NOT_MEASURED"",""comprehension"":""NOT_MEASURED"",""learnability"":""NOT_MEASURED"",""efficiency"":""NOT_MEASURED"",""error_prevention"":""NOT_MEASURED"",""recovery"":""NOT_MEASURED"",""accessibility"":""NOT_MEASURED"",""safety_and_trust"":""NOT_MEASURED"",""consistency"":""NOT_MEASURED"",""cross_module_continuity"":""NOT_MEASURED""}",NOT_PERFORMED,NOT_LINKED_TO_CANONICAL_TARGET_CURRENT_AUDIT,NOT_MEASURED,NOT_MEASURED,NOT_MEASURED,NOT_MEASURED,NOT_MEASURED,NOT_MEASURED,NOT_MEASURED,NOT_MEASURED,NOT_MEASURED,NOT_MEASURED,NOT_MEASURED,H,CANONICAL_STATIC_IDENTITY_DENOMINATOR,"CandidateController, RecruitmentService, and EmployeeIntakeService",NOT_ESTABLISHED_CURRENT_AUDIT,"Create, approve, send, accept or decline an offer and convert an accepted offer through the canonical employee-intake seam.",NOT_ADJUDICATED_CURRENT_AUDIT,NOT_SCORED_CURRENT_AUDIT,NOT_SCORED_CURRENT_AUDIT,STATIC_CANONICAL_IDENTITY_FROZEN,INCOMPLETE_CANONICAL_STATIC_IDENTITY_ONLY,NOT_ADJUDICATED_CURRENT_AUDIT,NOT_ADJUDICATED_CURRENT_AUDIT,NOT_DETERMINED_CURRENT_AUDIT,ONE_OPERATING_ORGANISATION_MULTIPLE_SITES; FEATURE_SPECIFIC_ROLE_PERMISSION_SITE_OWNERSHIP_DIRECT_OBJECT_PRIVACY_BOUNDARY_NOT_ADJUDICATED,NOT_ESTABLISHED_CURRENT_AUDIT,NOT_ESTABLISHED_CURRENT_AUDIT,routes/hr.php:206-228,resources/js/pages/hr/candidates/create-offer.tsx:1-842,app/Domain/Hr/Models/HrOffer.php:1; app/Domain/Hr/Services/RecruitmentService.php:283-449,tests/Feature/Hr/RecruitmentOfferLifecycleTest.php:51-206,NOT_ESTABLISHED_CURRENT_AUDIT,"Static canonical identity only: Create, approve, send, accept or decline an offer and convert an accepted offer through the canonical employee-intake seam.. Representative-role completion was not executed.",ROUTE_AND_PAGE_SOURCE_ANCHORS_PRESENT_UNVALIDATED,ROUTE_AND_PAGE_SOURCE_ANCHORS_PRESENT_UNVALIDATED,task-scripts/cap-hr-recruitment-offer-hire-lifecycle.md,a0493442b9e392d324055c35bf25b69421dc2d35,f8cdaf81d83c71e4f5d064fdf88872b908ffaaa1,df6e1b1b357439ad1fd829bebf4e2d33d20d067d515eb945c352e2350a4194a4,f4feae2598622afe346b1163fed2bb842305a8d973a89ec890c02746d99b5999,false,false,false,false,false,"Static identity and source ownership only; no runtime, browser, executed-test, benchmark, ease, release, or completion credit."
TASK-CAP-HR-RECRUITMENT-REQUISITION-LIFECYCLE,CAP-HR-RECRUITMENT-REQUISITION-LIFECYCLE,HR,NOT_ESTABLISHED_CURRENT_AUDIT,"Create, approve, publish, synchronise, close, and unpublish a recruitment requisition.",NOT_ESTABLISHED_CURRENT_AUDIT,"Create, approve, publish, synchronise, close, and unpublish a recruitment requisition.","NOT_ESTABLISHED_CURRENT_AUDIT; execution requires a documented representative role, approved Site/record scope where applicable, and resettable synthetic data.",SOURCE_BOUND_STATIC_IDENTITY_ONLY,NOT_EXECUTED_REPRESENTATIVE_ROLE,NOT_MEASURED,0-5; NOT_MEASURED is not 0,NOT_MEASURED,NOT_MEASURED,NOT_MEASURED,NOT_MEASURED,NOT_MEASURED,NOT_MEASURED,NOT_MEASURED,NOT_MEASURED,NOT_MEASURED,NOT_MEASURED,NOT_MEASURED,NOT_MEASURED,NOT_MEASURED,NOT_MEASURED,NOT_MEASURED,NOT_MEASURED,NOT_MEASURED,"{""discoverability"":""NOT_MEASURED"",""comprehension"":""NOT_MEASURED"",""learnability"":""NOT_MEASURED"",""efficiency"":""NOT_MEASURED"",""error_prevention"":""NOT_MEASURED"",""recovery"":""NOT_MEASURED"",""accessibility"":""NOT_MEASURED"",""safety_and_trust"":""NOT_MEASURED"",""consistency"":""NOT_MEASURED"",""cross_module_continuity"":""NOT_MEASURED""}",NOT_PERFORMED,NOT_LINKED_TO_CANONICAL_TARGET_CURRENT_AUDIT,NOT_MEASURED,NOT_MEASURED,NOT_MEASURED,NOT_MEASURED,NOT_MEASURED,NOT_MEASURED,NOT_MEASURED,NOT_MEASURED,NOT_MEASURED,NOT_MEASURED,NOT_MEASURED,H,CANONICAL_STATIC_IDENTITY_DENOMINATOR,RecruitmentJobController and HrRecruitmentAccessService,NOT_ESTABLISHED_CURRENT_AUDIT,"Create, approve, publish, synchronise, close, and unpublish a recruitment requisition.",NOT_ADJUDICATED_CURRENT_AUDIT,NOT_SCORED_CURRENT_AUDIT,NOT_SCORED_CURRENT_AUDIT,STATIC_CANONICAL_IDENTITY_FROZEN,INCOMPLETE_CANONICAL_STATIC_IDENTITY_ONLY,NOT_ADJUDICATED_CURRENT_AUDIT,NOT_ADJUDICATED_CURRENT_AUDIT,NOT_DETERMINED_CURRENT_AUDIT,ONE_OPERATING_ORGANISATION_MULTIPLE_SITES; FEATURE_SPECIFIC_ROLE_PERMISSION_SITE_OWNERSHIP_DIRECT_OBJECT_PRIVACY_BOUNDARY_NOT_ADJUDICATED,NOT_ESTABLISHED_CURRENT_AUDIT,NOT_ESTABLISHED_CURRENT_AUDIT,routes/hr.php:230-248,resources/js/pages/hr/recruitment/index.tsx:1-2824,app/Domain/Hr/Models/HrJobRequisition.php:1; app/Http/Controllers/Hr/RecruitmentJobController.php:21-540,tests/Feature/Hr/RecruitmentCanonicalAccessTest.php:92-229,NOT_ESTABLISHED_CURRENT_AUDIT,"Static canonical identity only: Create, approve, publish, synchronise, close, and unpublish a recruitment requisition.. Representative-role completion was not executed.",ROUTE_AND_PAGE_SOURCE_ANCHORS_PRESENT_UNVALIDATED,ROUTE_AND_PAGE_SOURCE_ANCHORS_PRESENT_UNVALIDATED,task-scripts/cap-hr-recruitment-requisition-lifecycle.md,a0493442b9e392d324055c35bf25b69421dc2d35,f8cdaf81d83c71e4f5d064fdf88872b908ffaaa1,df6e1b1b357439ad1fd829bebf4e2d33d20d067d515eb945c352e2350a4194a4,f4feae2598622afe346b1163fed2bb842305a8d973a89ec890c02746d99b5999,false,false,false,false,false,"Static identity and source ownership only; no runtime, browser, executed-test, benchmark, ease, release, or completion credit."
TASK-CAP-HR-REPORT-SUBSCRIPTION,CAP-HR-REPORT-SUBSCRIPTION,HR,NOT_ESTABLISHED_CURRENT_AUDIT,"Configure, update, pause, and resume a governed scheduled-report subscription and its recipients.",NOT_ESTABLISHED_CURRENT_AUDIT,"Configure, update, pause, and resume a governed scheduled-report subscription and its recipients.","NOT_ESTABLISHED_CURRENT_AUDIT; execution requires a documented representative role, approved Site/record scope where applicable, and resettable synthetic data.",SOURCE_BOUND_STATIC_IDENTITY_ONLY,NOT_EXECUTED_REPRESENTATIVE_ROLE,NOT_MEASURED,0-5; NOT_MEASURED is not 0,NOT_MEASURED,NOT_MEASURED,NOT_MEASURED,NOT_MEASURED,NOT_MEASURED,NOT_MEASURED,NOT_MEASURED,NOT_MEASURED,NOT_MEASURED,NOT_MEASURED,NOT_MEASURED,NOT_MEASURED,NOT_MEASURED,NOT_MEASURED,NOT_MEASURED,NOT_MEASURED,NOT_MEASURED,"{""discoverability"":""NOT_MEASURED"",""comprehension"":""NOT_MEASURED"",""learnability"":""NOT_MEASURED"",""efficiency"":""NOT_MEASURED"",""error_prevention"":""NOT_MEASURED"",""recovery"":""NOT_MEASURED"",""accessibility"":""NOT_MEASURED"",""safety_and_trust"":""NOT_MEASURED"",""consistency"":""NOT_MEASURED"",""cross_module_continuity"":""NOT_MEASURED""}",NOT_PERFORMED,NOT_LINKED_TO_CANONICAL_TARGET_CURRENT_AUDIT,NOT_MEASURED,NOT_MEASURED,NOT_MEASURED,NOT_MEASURED,NOT_MEASURED,NOT_MEASURED,NOT_MEASURED,NOT_MEASURED,NOT_MEASURED,NOT_MEASURED,NOT_MEASURED,H,CANONICAL_STATIC_IDENTITY_DENOMINATOR,HrReportController and HrReportingService,NOT_ESTABLISHED_CURRENT_AUDIT,"Configure, update, pause, and resume a governed scheduled-report subscription and its recipients.",NOT_ADJUDICATED_CURRENT_AUDIT,NOT_SCORED_CURRENT_AUDIT,NOT_SCORED_CURRENT_AUDIT,STATIC_CANONICAL_IDENTITY_FROZEN,INCOMPLETE_CANONICAL_STATIC_IDENTITY_ONLY,NOT_ADJUDICATED_CURRENT_AUDIT,NOT_ADJUDICATED_CURRENT_AUDIT,NOT_DETERMINED_CURRENT_AUDIT,ONE_OPERATING_ORGANISATION_MULTIPLE_SITES; FEATURE_SPECIFIC_ROLE_PERMISSION_SITE_OWNERSHIP_DIRECT_OBJECT_PRIVACY_BOUNDARY_NOT_ADJUDICATED,NOT_ESTABLISHED_CURRENT_AUDIT,NOT_ESTABLISHED_CURRENT_AUDIT,routes/hr.php:747-752,resources/js/pages/hr/reports/index.tsx:1-583,app/Domain/Hr/Models/HrReportSubscription.php:14-64; app/Http/Controllers/Hr/HrReportController.php:234-383,tests/Feature/Hr/HrReportAutomationTest.php:45-74,NOT_ESTABLISHED_CURRENT_AUDIT,"Static canonical identity only: Configure, update, pause, and resume a governed scheduled-report subscription and its recipients.. Representative-role completion was not executed.",ROUTE_AND_PAGE_SOURCE_ANCHORS_PRESENT_UNVALIDATED,ROUTE_AND_PAGE_SOURCE_ANCHORS_PRESENT_UNVALIDATED,task-scripts/cap-hr-report-subscription.md,a0493442b9e392d324055c35bf25b69421dc2d35,f8cdaf81d83c71e4f5d064fdf88872b908ffaaa1,df6e1b1b357439ad1fd829bebf4e2d33d20d067d515eb945c352e2350a4194a4,f4feae2598622afe346b1163fed2bb842305a8d973a89ec890c02746d99b5999,false,false,false,false,false,"Static identity and source ownership only; no runtime, browser, executed-test, benchmark, ease, release, or completion credit."
TASK-CAP-HR-SAVED-REPORT-LIFECYCLE,CAP-HR-SAVED-REPORT-LIFECYCLE,HR,NOT_ESTABLISHED_CURRENT_AUDIT,"Define, preview, save, run, and remove a creator-owned custom HR report.",NOT_ESTABLISHED_CURRENT_AUDIT,"Define, preview, save, run, and remove a creator-owned custom HR report.","NOT_ESTABLISHED_CURRENT_AUDIT; execution requires a documented representative role, approved Site/record scope where applicable, and resettable synthetic data.",SOURCE_BOUND_STATIC_IDENTITY_ONLY,NOT_EXECUTED_REPRESENTATIVE_ROLE,NOT_MEASURED,0-5; NOT_MEASURED is not 0,NOT_MEASURED,NOT_MEASURED,NOT_MEASURED,NOT_MEASURED,NOT_MEASURED,NOT_MEASURED,NOT_MEASURED,NOT_MEASURED,NOT_MEASURED,NOT_MEASURED,NOT_MEASURED,NOT_MEASURED,NOT_MEASURED,NOT_MEASURED,NOT_MEASURED,NOT_MEASURED,NOT_MEASURED,"{""discoverability"":""NOT_MEASURED"",""comprehension"":""NOT_MEASURED"",""learnability"":""NOT_MEASURED"",""efficiency"":""NOT_MEASURED"",""error_prevention"":""NOT_MEASURED"",""recovery"":""NOT_MEASURED"",""accessibility"":""NOT_MEASURED"",""safety_and_trust"":""NOT_MEASURED"",""consistency"":""NOT_MEASURED"",""cross_module_continuity"":""NOT_MEASURED""}",NOT_PERFORMED,NOT_LINKED_TO_CANONICAL_TARGET_CURRENT_AUDIT,NOT_MEASURED,NOT_MEASURED,NOT_MEASURED,NOT_MEASURED,NOT_MEASURED,NOT_MEASURED,NOT_MEASURED,NOT_MEASURED,NOT_MEASURED,NOT_MEASURED,NOT_MEASURED,H,CANONICAL_STATIC_IDENTITY_DENOMINATOR,ReportBuilderController and ReportBuilderService,NOT_ESTABLISHED_CURRENT_AUDIT,"Define, preview, save, run, and remove a creator-owned custom HR report.",NOT_ADJUDICATED_CURRENT_AUDIT,NOT_SCORED_CURRENT_AUDIT,NOT_SCORED_CURRENT_AUDIT,STATIC_CANONICAL_IDENTITY_FROZEN,INCOMPLETE_CANONICAL_STATIC_IDENTITY_ONLY,NOT_ADJUDICATED_CURRENT_AUDIT,NOT_ADJUDICATED_CURRENT_AUDIT,NOT_DETERMINED_CURRENT_AUDIT,ONE_OPERATING_ORGANISATION_MULTIPLE_SITES; FEATURE_SPECIFIC_ROLE_PERMISSION_SITE_OWNERSHIP_DIRECT_OBJECT_PRIVACY_BOUNDARY_NOT_ADJUDICATED,NOT_ESTABLISHED_CURRENT_AUDIT,NOT_ESTABLISHED_CURRENT_AUDIT,routes/hr.php:1365-1375,resources/js/pages/hr/reports/builder.tsx:1-601,app/Domain/Hr/Models/HrSavedReport.php:1; app/Http/Controllers/Hr/ReportBuilderController.php:14-155,tests/Feature/Hr/ReportBuilderCanonicalAccessTest.php:93-215,NOT_ESTABLISHED_CURRENT_AUDIT,"Static canonical identity only: Define, preview, save, run, and remove a creator-owned custom HR report.. Representative-role completion was not executed.",ROUTE_AND_PAGE_SOURCE_ANCHORS_PRESENT_UNVALIDATED,ROUTE_AND_PAGE_SOURCE_ANCHORS_PRESENT_UNVALIDATED,task-scripts/cap-hr-saved-report-lifecycle.md,a0493442b9e392d324055c35bf25b69421dc2d35,f8cdaf81d83c71e4f5d064fdf88872b908ffaaa1,df6e1b1b357439ad1fd829bebf4e2d33d20d067d515eb945c352e2350a4194a4,f4feae2598622afe346b1163fed2bb842305a8d973a89ec890c02746d99b5999,false,false,false,false,false,"Static identity and source ownership only; no runtime, browser, executed-test, benchmark, ease, release, or completion credit."
TASK-CAP-HR-TIME-ENTRY-LIFECYCLE,CAP-HR-TIME-ENTRY-LIFECYCLE,HR,NOT_ESTABLISHED_CURRENT_AUDIT,Administer HR time entries and amendments,NOT_ESTABLISHED_CURRENT_AUDIT,Administer HR time entries and amendments,"NOT_ESTABLISHED_CURRENT_AUDIT; execution requires a documented representative role, approved Site/record scope where applicable, and resettable synthetic data.",SOURCE_BOUND_STATIC_IDENTITY_ONLY,NOT_EXECUTED_REPRESENTATIVE_ROLE,NOT_MEASURED,0-5; NOT_MEASURED is not 0,NOT_MEASURED,NOT_MEASURED,NOT_MEASURED,NOT_MEASURED,NOT_MEASURED,NOT_MEASURED,NOT_MEASURED,NOT_MEASURED,NOT_MEASURED,NOT_MEASURED,NOT_MEASURED,NOT_MEASURED,NOT_MEASURED,NOT_MEASURED,NOT_MEASURED,NOT_MEASURED,NOT_MEASURED,"{""discoverability"":""NOT_MEASURED"",""comprehension"":""NOT_MEASURED"",""learnability"":""NOT_MEASURED"",""efficiency"":""NOT_MEASURED"",""error_prevention"":""NOT_MEASURED"",""recovery"":""NOT_MEASURED"",""accessibility"":""NOT_MEASURED"",""safety_and_trust"":""NOT_MEASURED"",""consistency"":""NOT_MEASURED"",""cross_module_continuity"":""NOT_MEASURED""}",NOT_PERFORMED,NOT_LINKED_TO_CANONICAL_TARGET_CURRENT_AUDIT,NOT_MEASURED,NOT_MEASURED,NOT_MEASURED,NOT_MEASURED,NOT_MEASURED,NOT_MEASURED,NOT_MEASURED,NOT_MEASURED,NOT_MEASURED,NOT_MEASURED,NOT_MEASURED,H,CANONICAL_STATIC_IDENTITY_DENOMINATOR,"HR leave, time, and payroll owners",NOT_ESTABLISHED_CURRENT_AUDIT,Administer HR time entries and amendments,NOT_ADJUDICATED_CURRENT_AUDIT,NOT_SCORED_CURRENT_AUDIT,NOT_SCORED_CURRENT_AUDIT,STATIC_CANONICAL_IDENTITY_FROZEN,INCOMPLETE_CANONICAL_STATIC_IDENTITY_ONLY,NOT_ADJUDICATED_CURRENT_AUDIT,NOT_ADJUDICATED_CURRENT_AUDIT,NOT_DETERMINED_CURRENT_AUDIT,ONE_OPERATING_ORGANISATION_MULTIPLE_SITES; FEATURE_SPECIFIC_ROLE_PERMISSION_SITE_OWNERSHIP_DIRECT_OBJECT_PRIVACY_BOUNDARY_NOT_ADJUDICATED,NOT_ESTABLISHED_CURRENT_AUDIT,NOT_ESTABLISHED_CURRENT_AUDIT,NOT_ESTABLISHED_CURRENT_AUDIT,NOT_ESTABLISHED_CURRENT_AUDIT,app/Domain/Hr/Services/TimeTrackingService.php:17; app/Http/Controllers/Hr/TimeTrackingController.php:21,NOT_ESTABLISHED_CURRENT_AUDIT,NOT_ESTABLISHED_CURRENT_AUDIT,Static canonical identity only: Administer HR time entries and amendments. Representative-role completion was not executed.,NOT_ESTABLISHED_CURRENT_AUDIT_NO_ROUTE_OR_PAGE_ANCHOR,NOT_ESTABLISHED_CURRENT_AUDIT_NO_ROUTE_OR_PAGE_ANCHOR,task-scripts/cap-hr-time-entry-lifecycle.md,a0493442b9e392d324055c35bf25b69421dc2d35,f8cdaf81d83c71e4f5d064fdf88872b908ffaaa1,df6e1b1b357439ad1fd829bebf4e2d33d20d067d515eb945c352e2350a4194a4,f4feae2598622afe346b1163fed2bb842305a8d973a89ec890c02746d99b5999,false,false,false,false,false,"Static identity and source ownership only; no runtime, browser, executed-test, benchmark, ease, release, or completion credit."
TASK-CAP-HR-TRAINING-LIFECYCLE,CAP-HR-TRAINING-LIFECYCLE,HR,NOT_ESTABLISHED_CURRENT_AUDIT,Assign and complete staff training,NOT_ESTABLISHED_CURRENT_AUDIT,Assign and complete staff training,"NOT_ESTABLISHED_CURRENT_AUDIT; execution requires a documented representative role, approved Site/record scope where applicable, and resettable synthetic data.",SOURCE_BOUND_STATIC_IDENTITY_ONLY,NOT_EXECUTED_REPRESENTATIVE_ROLE,NOT_MEASURED,0-5; NOT_MEASURED is not 0,NOT_MEASURED,NOT_MEASURED,NOT_MEASURED,NOT_MEASURED,NOT_MEASURED,NOT_MEASURED,NOT_MEASURED,NOT_MEASURED,NOT_MEASURED,NOT_MEASURED,NOT_MEASURED,NOT_MEASURED,NOT_MEASURED,NOT_MEASURED,NOT_MEASURED,NOT_MEASURED,NOT_MEASURED,"{""discoverability"":""NOT_MEASURED"",""comprehension"":""NOT_MEASURED"",""learnability"":""NOT_MEASURED"",""efficiency"":""NOT_MEASURED"",""error_prevention"":""NOT_MEASURED"",""recovery"":""NOT_MEASURED"",""accessibility"":""NOT_MEASURED"",""safety_and_trust"":""NOT_MEASURED"",""consistency"":""NOT_MEASURED"",""cross_module_continuity"":""NOT_MEASURED""}",NOT_PERFORMED,NOT_LINKED_TO_CANONICAL_TARGET_CURRENT_AUDIT,NOT_MEASURED,NOT_MEASURED,NOT_MEASURED,NOT_MEASURED,NOT_MEASURED,NOT_MEASURED,NOT_MEASURED,NOT_MEASURED,NOT_MEASURED,NOT_MEASURED,NOT_MEASURED,H,CANONICAL_STATIC_IDENTITY_DENOMINATOR,HR compliance and training owners,NOT_ESTABLISHED_CURRENT_AUDIT,Assign and complete staff training,NOT_ADJUDICATED_CURRENT_AUDIT,NOT_SCORED_CURRENT_AUDIT,NOT_SCORED_CURRENT_AUDIT,STATIC_CANONICAL_IDENTITY_FROZEN,INCOMPLETE_CANONICAL_STATIC_IDENTITY_ONLY,NOT_ADJUDICATED_CURRENT_AUDIT,NOT_ADJUDICATED_CURRENT_AUDIT,NOT_DETERMINED_CURRENT_AUDIT,ONE_OPERATING_ORGANISATION_MULTIPLE_SITES; FEATURE_SPECIFIC_ROLE_PERMISSION_SITE_OWNERSHIP_DIRECT_OBJECT_PRIVACY_BOUNDARY_NOT_ADJUDICATED,NOT_ESTABLISHED_CURRENT_AUDIT,NOT_ESTABLISHED_CURRENT_AUDIT,NOT_ESTABLISHED_CURRENT_AUDIT,NOT_ESTABLISHED_CURRENT_AUDIT,app/Domain/Hr/Services/TrainingService.php:24; app/Http/Controllers/Hr/TrainingController.php:35,NOT_ESTABLISHED_CURRENT_AUDIT,NOT_ESTABLISHED_CURRENT_AUDIT,Static canonical identity only: Assign and complete staff training. Representative-role completion was not executed.,NOT_ESTABLISHED_CURRENT_AUDIT_NO_ROUTE_OR_PAGE_ANCHOR,NOT_ESTABLISHED_CURRENT_AUDIT_NO_ROUTE_OR_PAGE_ANCHOR,task-scripts/cap-hr-training-lifecycle.md,a0493442b9e392d324055c35bf25b69421dc2d35,f8cdaf81d83c71e4f5d064fdf88872b908ffaaa1,df6e1b1b357439ad1fd829bebf4e2d33d20d067d515eb945c352e2350a4194a4,f4feae2598622afe346b1163fed2bb842305a8d973a89ec890c02746d99b5999,false,false,false,false,false,"Static identity and source ownership only; no runtime, browser, executed-test, benchmark, ease, release, or completion credit."
TASK-CAP-HR-VETTING-LIFECYCLE,CAP-HR-VETTING-LIFECYCLE,HR,NOT_ESTABLISHED_CURRENT_AUDIT,Manage staff vetting decisions,NOT_ESTABLISHED_CURRENT_AUDIT,Manage staff vetting decisions,"NOT_ESTABLISHED_CURRENT_AUDIT; execution requires a documented representative role, approved Site/record scope where applicable, and resettable synthetic data.",SOURCE_BOUND_STATIC_IDENTITY_ONLY,NOT_EXECUTED_REPRESENTATIVE_ROLE,NOT_MEASURED,0-5; NOT_MEASURED is not 0,NOT_MEASURED,NOT_MEASURED,NOT_MEASURED,NOT_MEASURED,NOT_MEASURED,NOT_MEASURED,NOT_MEASURED,NOT_MEASURED,NOT_MEASURED,NOT_MEASURED,NOT_MEASURED,NOT_MEASURED,NOT_MEASURED,NOT_MEASURED,NOT_MEASURED,NOT_MEASURED,NOT_MEASURED,"{""discoverability"":""NOT_MEASURED"",""comprehension"":""NOT_MEASURED"",""learnability"":""NOT_MEASURED"",""efficiency"":""NOT_MEASURED"",""error_prevention"":""NOT_MEASURED"",""recovery"":""NOT_MEASURED"",""accessibility"":""NOT_MEASURED"",""safety_and_trust"":""NOT_MEASURED"",""consistency"":""NOT_MEASURED"",""cross_module_continuity"":""NOT_MEASURED""}",NOT_PERFORMED,NOT_LINKED_TO_CANONICAL_TARGET_CURRENT_AUDIT,NOT_MEASURED,NOT_MEASURED,NOT_MEASURED,NOT_MEASURED,NOT_MEASURED,NOT_MEASURED,NOT_MEASURED,NOT_MEASURED,NOT_MEASURED,NOT_MEASURED,NOT_MEASURED,H,CANONICAL_STATIC_IDENTITY_DENOMINATOR,HR compliance and training owners,NOT_ESTABLISHED_CURRENT_AUDIT,Manage staff vetting decisions,NOT_ADJUDICATED_CURRENT_AUDIT,NOT_SCORED_CURRENT_AUDIT,NOT_SCORED_CURRENT_AUDIT,STATIC_CANONICAL_IDENTITY_FROZEN,INCOMPLETE_CANONICAL_STATIC_IDENTITY_ONLY,NOT_ADJUDICATED_CURRENT_AUDIT,NOT_ADJUDICATED_CURRENT_AUDIT,NOT_DETERMINED_CURRENT_AUDIT,ONE_OPERATING_ORGANISATION_MULTIPLE_SITES; FEATURE_SPECIFIC_ROLE_PERMISSION_SITE_OWNERSHIP_DIRECT_OBJECT_PRIVACY_BOUNDARY_NOT_ADJUDICATED,NOT_ESTABLISHED_CURRENT_AUDIT,NOT_ESTABLISHED_CURRENT_AUDIT,routes/hr.php:1-1420,NOT_ESTABLISHED_CURRENT_AUDIT,app/Domain/Hr/Services/AttendanceService.php:1; app/Domain/Hr/Services/HrWebhookService.php:1; app/Http/Controllers/Hr/EmployeeProfileController.php:1; app/Http/Controllers/Hr/VettingController.php:21,tests/Architecture/HrComplianceExportPermissionBoundaryTest.php:1; tests/Architecture/HrStaffCreationWorkflowBoundaryTest.php:1; tests/Architecture/HrWebhookEgressBoundaryTest.php:1,NOT_ESTABLISHED_CURRENT_AUDIT,Static canonical identity only: Manage staff vetting decisions. Representative-role completion was not executed.,ROUTE_SOURCE_ANCHOR_ONLY_UNVALIDATED,ROUTE_SOURCE_ANCHOR_ONLY_UNVALIDATED,task-scripts/cap-hr-vetting-lifecycle.md,a0493442b9e392d324055c35bf25b69421dc2d35,f8cdaf81d83c71e4f5d064fdf88872b908ffaaa1,df6e1b1b357439ad1fd829bebf4e2d33d20d067d515eb945c352e2350a4194a4,f4feae2598622afe346b1163fed2bb842305a8d973a89ec890c02746d99b5999,false,false,false,false,false,"Static identity and source ownership only; no runtime, browser, executed-test, benchmark, ease, release, or completion credit."
TASK-CAP-HR-WEBHOOK-CONFIGURATION,CAP-HR-WEBHOOK-CONFIGURATION,HR,NOT_ESTABLISHED_CURRENT_AUDIT,Configure governed HR webhook endpoints,NOT_ESTABLISHED_CURRENT_AUDIT,Configure governed HR webhook endpoints,"NOT_ESTABLISHED_CURRENT_AUDIT; execution requires a documented representative role, approved Site/record scope where applicable, and resettable synthetic data.",SOURCE_BOUND_STATIC_IDENTITY_ONLY,NOT_EXECUTED_REPRESENTATIVE_ROLE,NOT_MEASURED,0-5; NOT_MEASURED is not 0,NOT_MEASURED,NOT_MEASURED,NOT_MEASURED,NOT_MEASURED,NOT_MEASURED,NOT_MEASURED,NOT_MEASURED,NOT_MEASURED,NOT_MEASURED,NOT_MEASURED,NOT_MEASURED,NOT_MEASURED,NOT_MEASURED,NOT_MEASURED,NOT_MEASURED,NOT_MEASURED,NOT_MEASURED,"{""discoverability"":""NOT_MEASURED"",""comprehension"":""NOT_MEASURED"",""learnability"":""NOT_MEASURED"",""efficiency"":""NOT_MEASURED"",""error_prevention"":""NOT_MEASURED"",""recovery"":""NOT_MEASURED"",""accessibility"":""NOT_MEASURED"",""safety_and_trust"":""NOT_MEASURED"",""consistency"":""NOT_MEASURED"",""cross_module_continuity"":""NOT_MEASURED""}",NOT_PERFORMED,NOT_LINKED_TO_CANONICAL_TARGET_CURRENT_AUDIT,NOT_MEASURED,NOT_MEASURED,NOT_MEASURED,NOT_MEASURED,NOT_MEASURED,NOT_MEASURED,NOT_MEASURED,NOT_MEASURED,NOT_MEASURED,NOT_MEASURED,NOT_MEASURED,H,CANONICAL_STATIC_IDENTITY_DENOMINATOR,HrWebhookService and delivery job,NOT_ESTABLISHED_CURRENT_AUDIT,Configure governed HR webhook endpoints,NOT_ADJUDICATED_CURRENT_AUDIT,NOT_SCORED_CURRENT_AUDIT,NOT_SCORED_CURRENT_AUDIT,STATIC_CANONICAL_IDENTITY_FROZEN,INCOMPLETE_CANONICAL_STATIC_IDENTITY_ONLY,NOT_ADJUDICATED_CURRENT_AUDIT,NOT_ADJUDICATED_CURRENT_AUDIT,NOT_DETERMINED_CURRENT_AUDIT,ONE_OPERATING_ORGANISATION_MULTIPLE_SITES; FEATURE_SPECIFIC_ROLE_PERMISSION_SITE_OWNERSHIP_DIRECT_OBJECT_PRIVACY_BOUNDARY_NOT_ADJUDICATED,NOT_ESTABLISHED_CURRENT_AUDIT,NOT_ESTABLISHED_CURRENT_AUDIT,routes/hr.php:1-1420,NOT_ESTABLISHED_CURRENT_AUDIT,app/Domain/Hr/Models/HrWebhookEndpoint.php:13; app/Domain/Hr/Services/AttendanceService.php:1; app/Domain/Hr/Services/HrWebhookService.php:1; app/Domain/Hr/Services/HrWebhookService.php:190; app/Http/Controllers/Hr/EmployeeProfileController.php:1,tests/Architecture/HrComplianceExportPermissionBoundaryTest.php:1; tests/Architecture/HrStaffCreationWorkflowBoundaryTest.php:1; tests/Architecture/HrWebhookEgressBoundaryTest.php:1,NOT_ESTABLISHED_CURRENT_AUDIT,Static canonical identity only: Configure governed HR webhook endpoints. Representative-role completion was not executed.,ROUTE_SOURCE_ANCHOR_ONLY_UNVALIDATED,ROUTE_SOURCE_ANCHOR_ONLY_UNVALIDATED,task-scripts/cap-hr-webhook-configuration.md,a0493442b9e392d324055c35bf25b69421dc2d35,f8cdaf81d83c71e4f5d064fdf88872b908ffaaa1,df6e1b1b357439ad1fd829bebf4e2d33d20d067d515eb945c352e2350a4194a4,f4feae2598622afe346b1163fed2bb842305a8d973a89ec890c02746d99b5999,false,false,false,false,false,"Static identity and source ownership only; no runtime, browser, executed-test, benchmark, ease, release, or completion credit."
TASK-CAP-HR-WORKFORCE-REPORT-RUN,CAP-HR-WORKFORCE-REPORT-RUN,HR,NOT_ESTABLISHED_CURRENT_AUDIT,Select and run a governed standard workforce report.,NOT_ESTABLISHED_CURRENT_AUDIT,Select and run a governed standard workforce report.,"NOT_ESTABLISHED_CURRENT_AUDIT; execution requires a documented representative role, approved Site/record scope where applicable, and resettable synthetic data.",SOURCE_BOUND_STATIC_IDENTITY_ONLY,NOT_EXECUTED_REPRESENTATIVE_ROLE,NOT_MEASURED,0-5; NOT_MEASURED is not 0,NOT_MEASURED,NOT_MEASURED,NOT_MEASURED,NOT_MEASURED,NOT_MEASURED,NOT_MEASURED,NOT_MEASURED,NOT_MEASURED,NOT_MEASURED,NOT_MEASURED,NOT_MEASURED,NOT_MEASURED,NOT_MEASURED,NOT_MEASURED,NOT_MEASURED,NOT_MEASURED,NOT_MEASURED,"{""discoverability"":""NOT_MEASURED"",""comprehension"":""NOT_MEASURED"",""learnability"":""NOT_MEASURED"",""efficiency"":""NOT_MEASURED"",""error_prevention"":""NOT_MEASURED"",""recovery"":""NOT_MEASURED"",""accessibility"":""NOT_MEASURED"",""safety_and_trust"":""NOT_MEASURED"",""consistency"":""NOT_MEASURED"",""cross_module_continuity"":""NOT_MEASURED""}",NOT_PERFORMED,NOT_LINKED_TO_CANONICAL_TARGET_CURRENT_AUDIT,NOT_MEASURED,NOT_MEASURED,NOT_MEASURED,NOT_MEASURED,NOT_MEASURED,NOT_MEASURED,NOT_MEASURED,NOT_MEASURED,NOT_MEASURED,NOT_MEASURED,NOT_MEASURED,H,CANONICAL_STATIC_IDENTITY_DENOMINATOR,HrReportController and HrReportingService,NOT_ESTABLISHED_CURRENT_AUDIT,Select and run a governed standard workforce report.,NOT_ADJUDICATED_CURRENT_AUDIT,NOT_SCORED_CURRENT_AUDIT,NOT_SCORED_CURRENT_AUDIT,STATIC_CANONICAL_IDENTITY_FROZEN,INCOMPLETE_CANONICAL_STATIC_IDENTITY_ONLY,NOT_ADJUDICATED_CURRENT_AUDIT,NOT_ADJUDICATED_CURRENT_AUDIT,NOT_DETERMINED_CURRENT_AUDIT,ONE_OPERATING_ORGANISATION_MULTIPLE_SITES; FEATURE_SPECIFIC_ROLE_PERMISSION_SITE_OWNERSHIP_DIRECT_OBJECT_PRIVACY_BOUNDARY_NOT_ADJUDICATED,NOT_ESTABLISHED_CURRENT_AUDIT,NOT_ESTABLISHED_CURRENT_AUDIT,routes/hr.php:739-745,resources/js/pages/hr/reports/index.tsx:1-583,app/Domain/Hr/Models/HrEmployeeProfile.php:17-226; app/Http/Controllers/Hr/HrReportController.php:16-159,tests/Feature/Hr/HrReportingExpandedTypesTest.php:123-155,NOT_ESTABLISHED_CURRENT_AUDIT,Static canonical identity only: Select and run a governed standard workforce report.. Representative-role completion was not executed.,ROUTE_AND_PAGE_SOURCE_ANCHORS_PRESENT_UNVALIDATED,ROUTE_AND_PAGE_SOURCE_ANCHORS_PRESENT_UNVALIDATED,task-scripts/cap-hr-workforce-report-run.md,a0493442b9e392d324055c35bf25b69421dc2d35,f8cdaf81d83c71e4f5d064fdf88872b908ffaaa1,df6e1b1b357439ad1fd829bebf4e2d33d20d067d515eb945c352e2350a4194a4,f4feae2598622afe346b1163fed2bb842305a8d973a89ec890c02746d99b5999,false,false,false,false,false,"Static identity and source ownership only; no runtime, browser, executed-test, benchmark, ease, release, or completion credit."
TASK-CAP-HS-CORRECTIVE-ACTION-EVIDENCE,CAP-HS-CORRECTIVE-ACTION-EVIDENCE,Health & Safety,NOT_ESTABLISHED_CURRENT_AUDIT,"Create, complete, verify, close, and evidence corrective actions",NOT_ESTABLISHED_CURRENT_AUDIT,"Create, complete, verify, close, and evidence corrective actions","NOT_ESTABLISHED_CURRENT_AUDIT; execution requires a documented representative role, approved Site/record scope where applicable, and resettable synthetic data.",SOURCE_BOUND_STATIC_IDENTITY_ONLY,NOT_EXECUTED_REPRESENTATIVE_ROLE,NOT_MEASURED,0-5; NOT_MEASURED is not 0,NOT_MEASURED,NOT_MEASURED,NOT_MEASURED,NOT_MEASURED,NOT_MEASURED,NOT_MEASURED,NOT_MEASURED,NOT_MEASURED,NOT_MEASURED,NOT_MEASURED,NOT_MEASURED,NOT_MEASURED,NOT_MEASURED,NOT_MEASURED,NOT_MEASURED,NOT_MEASURED,NOT_MEASURED,"{""discoverability"":""NOT_MEASURED"",""comprehension"":""NOT_MEASURED"",""learnability"":""NOT_MEASURED"",""efficiency"":""NOT_MEASURED"",""error_prevention"":""NOT_MEASURED"",""recovery"":""NOT_MEASURED"",""accessibility"":""NOT_MEASURED"",""safety_and_trust"":""NOT_MEASURED"",""consistency"":""NOT_MEASURED"",""cross_module_continuity"":""NOT_MEASURED""}",NOT_PERFORMED,NOT_LINKED_TO_CANONICAL_TARGET_CURRENT_AUDIT,NOT_MEASURED,NOT_MEASURED,NOT_MEASURED,NOT_MEASURED,NOT_MEASURED,NOT_MEASURED,NOT_MEASURED,NOT_MEASURED,NOT_MEASURED,NOT_MEASURED,NOT_MEASURED,H,CANONICAL_STATIC_IDENTITY_DENOMINATOR,HsCorrectiveActionService,NOT_ESTABLISHED_CURRENT_AUDIT,"Create, complete, verify, close, and evidence corrective actions",NOT_ADJUDICATED_CURRENT_AUDIT,NOT_SCORED_CURRENT_AUDIT,NOT_SCORED_CURRENT_AUDIT,STATIC_CANONICAL_IDENTITY_FROZEN,INCOMPLETE_CANONICAL_STATIC_IDENTITY_ONLY,NOT_ADJUDICATED_CURRENT_AUDIT,NOT_ADJUDICATED_CURRENT_AUDIT,NOT_DETERMINED_CURRENT_AUDIT,ONE_OPERATING_ORGANISATION_MULTIPLE_SITES; FEATURE_SPECIFIC_ROLE_PERMISSION_SITE_OWNERSHIP_DIRECT_OBJECT_PRIVACY_BOUNDARY_NOT_ADJUDICATED,NOT_ESTABLISHED_CURRENT_AUDIT,NOT_ESTABLISHED_CURRENT_AUDIT,NOT_ESTABLISHED_CURRENT_AUDIT,NOT_ESTABLISHED_CURRENT_AUDIT,app/Services/HealthSafety/HsCorrectiveActionService.php:53-592,tests/Feature/HealthSafety/HsCorrectiveActionEvidenceTest.php:31-99,NOT_ESTABLISHED_CURRENT_AUDIT,"Static canonical identity only: Create, complete, verify, close, and evidence corrective actions. Representative-role completion was not executed.",NOT_ESTABLISHED_CURRENT_AUDIT_NO_ROUTE_OR_PAGE_ANCHOR,NOT_ESTABLISHED_CURRENT_AUDIT_NO_ROUTE_OR_PAGE_ANCHOR,task-scripts/cap-hs-corrective-action-evidence.md,a0493442b9e392d324055c35bf25b69421dc2d35,f8cdaf81d83c71e4f5d064fdf88872b908ffaaa1,df6e1b1b357439ad1fd829bebf4e2d33d20d067d515eb945c352e2350a4194a4,f4feae2598622afe346b1163fed2bb842305a8d973a89ec890c02746d99b5999,false,false,false,false,false,"Static identity and source ownership only; no runtime, browser, executed-test, benchmark, ease, release, or completion credit."
TASK-CAP-HS-DASHBOARD-ANALYTICS,CAP-HS-DASHBOARD-ANALYTICS,Health & Safety,NOT_ESTABLISHED_CURRENT_AUDIT,"Review Site-scoped safety KPIs, trends, and attention worklists",NOT_ESTABLISHED_CURRENT_AUDIT,"Review Site-scoped safety KPIs, trends, and attention worklists","NOT_ESTABLISHED_CURRENT_AUDIT; execution requires a documented representative role, approved Site/record scope where applicable, and resettable synthetic data.",SOURCE_BOUND_STATIC_IDENTITY_ONLY,NOT_EXECUTED_REPRESENTATIVE_ROLE,NOT_MEASURED,0-5; NOT_MEASURED is not 0,NOT_MEASURED,NOT_MEASURED,NOT_MEASURED,NOT_MEASURED,NOT_MEASURED,NOT_MEASURED,NOT_MEASURED,NOT_MEASURED,NOT_MEASURED,NOT_MEASURED,NOT_MEASURED,NOT_MEASURED,NOT_MEASURED,NOT_MEASURED,NOT_MEASURED,NOT_MEASURED,NOT_MEASURED,"{""discoverability"":""NOT_MEASURED"",""comprehension"":""NOT_MEASURED"",""learnability"":""NOT_MEASURED"",""efficiency"":""NOT_MEASURED"",""error_prevention"":""NOT_MEASURED"",""recovery"":""NOT_MEASURED"",""accessibility"":""NOT_MEASURED"",""safety_and_trust"":""NOT_MEASURED"",""consistency"":""NOT_MEASURED"",""cross_module_continuity"":""NOT_MEASURED""}",NOT_PERFORMED,NOT_LINKED_TO_CANONICAL_TARGET_CURRENT_AUDIT,NOT_MEASURED,NOT_MEASURED,NOT_MEASURED,NOT_MEASURED,NOT_MEASURED,NOT_MEASURED,NOT_MEASURED,NOT_MEASURED,NOT_MEASURED,NOT_MEASURED,NOT_MEASURED,H,CANONICAL_STATIC_IDENTITY_DENOMINATOR,HealthSafetyDashboardController and analytics services,NOT_ESTABLISHED_CURRENT_AUDIT,"Review Site-scoped safety KPIs, trends, and attention worklists",NOT_ADJUDICATED_CURRENT_AUDIT,NOT_SCORED_CURRENT_AUDIT,NOT_SCORED_CURRENT_AUDIT,STATIC_CANONICAL_IDENTITY_FROZEN,INCOMPLETE_CANONICAL_STATIC_IDENTITY_ONLY,NOT_ADJUDICATED_CURRENT_AUDIT,NOT_ADJUDICATED_CURRENT_AUDIT,NOT_DETERMINED_CURRENT_AUDIT,ONE_OPERATING_ORGANISATION_MULTIPLE_SITES; FEATURE_SPECIFIC_ROLE_PERMISSION_SITE_OWNERSHIP_DIRECT_OBJECT_PRIVACY_BOUNDARY_NOT_ADJUDICATED,NOT_ESTABLISHED_CURRENT_AUDIT,NOT_ESTABLISHED_CURRENT_AUDIT,NOT_ESTABLISHED_CURRENT_AUDIT,NOT_ESTABLISHED_CURRENT_AUDIT,app/Http/Controllers/HealthSafety/HealthSafetyDashboardController.php:52-67,tests/Feature/HealthSafety/HealthSafetyDashboardControllerTest.php:43-84,NOT_ESTABLISHED_CURRENT_AUDIT,"Static canonical identity only: Review Site-scoped safety KPIs, trends, and attention worklists. Representative-role completion was not executed.",NOT_ESTABLISHED_CURRENT_AUDIT_NO_ROUTE_OR_PAGE_ANCHOR,NOT_ESTABLISHED_CURRENT_AUDIT_NO_ROUTE_OR_PAGE_ANCHOR,task-scripts/cap-hs-dashboard-analytics.md,a0493442b9e392d324055c35bf25b69421dc2d35,f8cdaf81d83c71e4f5d064fdf88872b908ffaaa1,df6e1b1b357439ad1fd829bebf4e2d33d20d067d515eb945c352e2350a4194a4,f4feae2598622afe346b1163fed2bb842305a8d973a89ec890c02746d99b5999,false,false,false,false,false,"Static identity and source ownership only; no runtime, browser, executed-test, benchmark, ease, release, or completion credit."
TASK-CAP-HS-EMERGENCY-DRILLS,CAP-HS-EMERGENCY-DRILLS,Health & Safety,NOT_ESTABLISHED_CURRENT_AUDIT,"Schedule, execute, evidence, and review emergency drills",NOT_ESTABLISHED_CURRENT_AUDIT,"Schedule, execute, evidence, and review emergency drills","NOT_ESTABLISHED_CURRENT_AUDIT; execution requires a documented representative role, approved Site/record scope where applicable, and resettable synthetic data.",SOURCE_BOUND_STATIC_IDENTITY_ONLY,NOT_EXECUTED_REPRESENTATIVE_ROLE,NOT_MEASURED,0-5; NOT_MEASURED is not 0,NOT_MEASURED,NOT_MEASURED,NOT_MEASURED,NOT_MEASURED,NOT_MEASURED,NOT_MEASURED,NOT_MEASURED,NOT_MEASURED,NOT_MEASURED,NOT_MEASURED,NOT_MEASURED,NOT_MEASURED,NOT_MEASURED,NOT_MEASURED,NOT_MEASURED,NOT_MEASURED,NOT_MEASURED,"{""discoverability"":""NOT_MEASURED"",""comprehension"":""NOT_MEASURED"",""learnability"":""NOT_MEASURED"",""efficiency"":""NOT_MEASURED"",""error_prevention"":""NOT_MEASURED"",""recovery"":""NOT_MEASURED"",""accessibility"":""NOT_MEASURED"",""safety_and_trust"":""NOT_MEASURED"",""consistency"":""NOT_MEASURED"",""cross_module_continuity"":""NOT_MEASURED""}",NOT_PERFORMED,NOT_LINKED_TO_CANONICAL_TARGET_CURRENT_AUDIT,NOT_MEASURED,NOT_MEASURED,NOT_MEASURED,NOT_MEASURED,NOT_MEASURED,NOT_MEASURED,NOT_MEASURED,NOT_MEASURED,NOT_MEASURED,NOT_MEASURED,NOT_MEASURED,H,CANONICAL_STATIC_IDENTITY_DENOMINATOR,EmergencyDrillController and DrillComplianceService,NOT_ESTABLISHED_CURRENT_AUDIT,"Schedule, execute, evidence, and review emergency drills",NOT_ADJUDICATED_CURRENT_AUDIT,NOT_SCORED_CURRENT_AUDIT,NOT_SCORED_CURRENT_AUDIT,STATIC_CANONICAL_IDENTITY_FROZEN,INCOMPLETE_CANONICAL_STATIC_IDENTITY_ONLY,NOT_ADJUDICATED_CURRENT_AUDIT,NOT_ADJUDICATED_CURRENT_AUDIT,NOT_DETERMINED_CURRENT_AUDIT,ONE_OPERATING_ORGANISATION_MULTIPLE_SITES; FEATURE_SPECIFIC_ROLE_PERMISSION_SITE_OWNERSHIP_DIRECT_OBJECT_PRIVACY_BOUNDARY_NOT_ADJUDICATED,NOT_ESTABLISHED_CURRENT_AUDIT,NOT_ESTABLISHED_CURRENT_AUDIT,NOT_ESTABLISHED_CURRENT_AUDIT,NOT_ESTABLISHED_CURRENT_AUDIT,app/Http/Controllers/HealthSafety/EmergencyDrillController.php:49-170,tests/Feature/HealthSafety/EmergencyDrillTest.php:103-216,NOT_ESTABLISHED_CURRENT_AUDIT,"Static canonical identity only: Schedule, execute, evidence, and review emergency drills. Representative-role completion was not executed.",NOT_ESTABLISHED_CURRENT_AUDIT_NO_ROUTE_OR_PAGE_ANCHOR,NOT_ESTABLISHED_CURRENT_AUDIT_NO_ROUTE_OR_PAGE_ANCHOR,task-scripts/cap-hs-emergency-drills.md,a0493442b9e392d324055c35bf25b69421dc2d35,f8cdaf81d83c71e4f5d064fdf88872b908ffaaa1,df6e1b1b357439ad1fd829bebf4e2d33d20d067d515eb945c352e2350a4194a4,f4feae2598622afe346b1163fed2bb842305a8d973a89ec890c02746d99b5999,false,false,false,false,false,"Static identity and source ownership only; no runtime, browser, executed-test, benchmark, ease, release, or completion credit."
TASK-CAP-HS-EVENT-CLOSURE-EXCEPTIONS,CAP-HS-EVENT-CLOSURE-EXCEPTIONS,Health & Safety,NOT_ESTABLISHED_CURRENT_AUDIT,Close safety events or approve narrow independent exceptions,NOT_ESTABLISHED_CURRENT_AUDIT,Close safety events or approve narrow independent exceptions,"NOT_ESTABLISHED_CURRENT_AUDIT; execution requires a documented representative role, approved Site/record scope where applicable, and resettable synthetic data.",SOURCE_BOUND_STATIC_IDENTITY_ONLY,NOT_EXECUTED_REPRESENTATIVE_ROLE,NOT_MEASURED,0-5; NOT_MEASURED is not 0,NOT_MEASURED,NOT_MEASURED,NOT_MEASURED,NOT_MEASURED,NOT_MEASURED,NOT_MEASURED,NOT_MEASURED,NOT_MEASURED,NOT_MEASURED,NOT_MEASURED,NOT_MEASURED,NOT_MEASURED,NOT_MEASURED,NOT_MEASURED,NOT_MEASURED,NOT_MEASURED,NOT_MEASURED,"{""discoverability"":""NOT_MEASURED"",""comprehension"":""NOT_MEASURED"",""learnability"":""NOT_MEASURED"",""efficiency"":""NOT_MEASURED"",""error_prevention"":""NOT_MEASURED"",""recovery"":""NOT_MEASURED"",""accessibility"":""NOT_MEASURED"",""safety_and_trust"":""NOT_MEASURED"",""consistency"":""NOT_MEASURED"",""cross_module_continuity"":""NOT_MEASURED""}",NOT_PERFORMED,NOT_LINKED_TO_CANONICAL_TARGET_CURRENT_AUDIT,NOT_MEASURED,NOT_MEASURED,NOT_MEASURED,NOT_MEASURED,NOT_MEASURED,NOT_MEASURED,NOT_MEASURED,NOT_MEASURED,NOT_MEASURED,NOT_MEASURED,NOT_MEASURED,H,CANONICAL_STATIC_IDENTITY_DENOMINATOR,HsEventClosureService,NOT_ESTABLISHED_CURRENT_AUDIT,Close safety events or approve narrow independent exceptions,NOT_ADJUDICATED_CURRENT_AUDIT,NOT_SCORED_CURRENT_AUDIT,NOT_SCORED_CURRENT_AUDIT,STATIC_CANONICAL_IDENTITY_FROZEN,INCOMPLETE_CANONICAL_STATIC_IDENTITY_ONLY,NOT_ADJUDICATED_CURRENT_AUDIT,NOT_ADJUDICATED_CURRENT_AUDIT,NOT_DETERMINED_CURRENT_AUDIT,ONE_OPERATING_ORGANISATION_MULTIPLE_SITES; FEATURE_SPECIFIC_ROLE_PERMISSION_SITE_OWNERSHIP_DIRECT_OBJECT_PRIVACY_BOUNDARY_NOT_ADJUDICATED,NOT_ESTABLISHED_CURRENT_AUDIT,NOT_ESTABLISHED_CURRENT_AUDIT,NOT_ESTABLISHED_CURRENT_AUDIT,NOT_ESTABLISHED_CURRENT_AUDIT,app/Services/HealthSafety/HsEventClosureService.php:251-590,tests/Feature/HealthSafety/HsEventClosureTest.php:41-128,NOT_ESTABLISHED_CURRENT_AUDIT,Static canonical identity only: Close safety events or approve narrow independent exceptions. Representative-role completion was not executed.,NOT_ESTABLISHED_CURRENT_AUDIT_NO_ROUTE_OR_PAGE_ANCHOR,NOT_ESTABLISHED_CURRENT_AUDIT_NO_ROUTE_OR_PAGE_ANCHOR,task-scripts/cap-hs-event-closure-exceptions.md,a0493442b9e392d324055c35bf25b69421dc2d35,f8cdaf81d83c71e4f5d064fdf88872b908ffaaa1,df6e1b1b357439ad1fd829bebf4e2d33d20d067d515eb945c352e2350a4194a4,f4feae2598622afe346b1163fed2bb842305a8d973a89ec890c02746d99b5999,false,false,false,false,false,"Static identity and source ownership only; no runtime, browser, executed-test, benchmark, ease, release, or completion credit."
TASK-CAP-HS-EVENT-REGISTER,CAP-HS-EVENT-REGISTER,Health & Safety,NOT_ESTABLISHED_CURRENT_AUDIT,Find and review safety events,NOT_ESTABLISHED_CURRENT_AUDIT,Find and review safety events,"NOT_ESTABLISHED_CURRENT_AUDIT; execution requires a documented representative role, approved Site/record scope where applicable, and resettable synthetic data.",SOURCE_BOUND_STATIC_IDENTITY_ONLY,NOT_EXECUTED_REPRESENTATIVE_ROLE,NOT_MEASURED,0-5; NOT_MEASURED is not 0,NOT_MEASURED,NOT_MEASURED,NOT_MEASURED,NOT_MEASURED,NOT_MEASURED,NOT_MEASURED,NOT_MEASURED,NOT_MEASURED,NOT_MEASURED,NOT_MEASURED,NOT_MEASURED,NOT_MEASURED,NOT_MEASURED,NOT_MEASURED,NOT_MEASURED,NOT_MEASURED,NOT_MEASURED,"{""discoverability"":""NOT_MEASURED"",""comprehension"":""NOT_MEASURED"",""learnability"":""NOT_MEASURED"",""efficiency"":""NOT_MEASURED"",""error_prevention"":""NOT_MEASURED"",""recovery"":""NOT_MEASURED"",""accessibility"":""NOT_MEASURED"",""safety_and_trust"":""NOT_MEASURED"",""consistency"":""NOT_MEASURED"",""cross_module_continuity"":""NOT_MEASURED""}",NOT_PERFORMED,NOT_LINKED_TO_CANONICAL_TARGET_CURRENT_AUDIT,NOT_MEASURED,NOT_MEASURED,NOT_MEASURED,NOT_MEASURED,NOT_MEASURED,NOT_MEASURED,NOT_MEASURED,NOT_MEASURED,NOT_MEASURED,NOT_MEASURED,NOT_MEASURED,H,CANONICAL_STATIC_IDENTITY_DENOMINATOR,HsEventController,NOT_ESTABLISHED_CURRENT_AUDIT,Find and review safety events,NOT_ADJUDICATED_CURRENT_AUDIT,NOT_SCORED_CURRENT_AUDIT,NOT_SCORED_CURRENT_AUDIT,STATIC_CANONICAL_IDENTITY_FROZEN,INCOMPLETE_CANONICAL_STATIC_IDENTITY_ONLY,NOT_ADJUDICATED_CURRENT_AUDIT,NOT_ADJUDICATED_CURRENT_AUDIT,NOT_DETERMINED_CURRENT_AUDIT,ONE_OPERATING_ORGANISATION_MULTIPLE_SITES; FEATURE_SPECIFIC_ROLE_PERMISSION_SITE_OWNERSHIP_DIRECT_OBJECT_PRIVACY_BOUNDARY_NOT_ADJUDICATED,NOT_ESTABLISHED_CURRENT_AUDIT,NOT_ESTABLISHED_CURRENT_AUDIT,routes/health-safety.php:44-48,resources/js/pages/health-safety/events/index.tsx,NOT_ESTABLISHED_CURRENT_AUDIT,NOT_ESTABLISHED_CURRENT_AUDIT,NOT_ESTABLISHED_CURRENT_AUDIT,Static canonical identity only: Find and review safety events. Representative-role completion was not executed.,ROUTE_AND_PAGE_SOURCE_ANCHORS_PRESENT_UNVALIDATED,ROUTE_AND_PAGE_SOURCE_ANCHORS_PRESENT_UNVALIDATED,task-scripts/cap-hs-event-register.md,a0493442b9e392d324055c35bf25b69421dc2d35,f8cdaf81d83c71e4f5d064fdf88872b908ffaaa1,df6e1b1b357439ad1fd829bebf4e2d33d20d067d515eb945c352e2350a4194a4,f4feae2598622afe346b1163fed2bb842305a8d973a89ec890c02746d99b5999,false,false,false,false,false,"Static identity and source ownership only; no runtime, browser, executed-test, benchmark, ease, release, or completion credit."
TASK-CAP-HS-FIRST-AID-REGISTER,CAP-HS-FIRST-AID-REGISTER,Health & Safety,NOT_ESTABLISHED_CURRENT_AUDIT,"Record first aid, follow-up, evidence, and linked incidents",NOT_ESTABLISHED_CURRENT_AUDIT,"Record first aid, follow-up, evidence, and linked incidents","NOT_ESTABLISHED_CURRENT_AUDIT; execution requires a documented representative role, approved Site/record scope where applicable, and resettable synthetic data.",SOURCE_BOUND_STATIC_IDENTITY_ONLY,NOT_EXECUTED_REPRESENTATIVE_ROLE,NOT_MEASURED,0-5; NOT_MEASURED is not 0,NOT_MEASURED,NOT_MEASURED,NOT_MEASURED,NOT_MEASURED,NOT_MEASURED,NOT_MEASURED,NOT_MEASURED,NOT_MEASURED,NOT_MEASURED,NOT_MEASURED,NOT_MEASURED,NOT_MEASURED,NOT_MEASURED,NOT_MEASURED,NOT_MEASURED,NOT_MEASURED,NOT_MEASURED,"{""discoverability"":""NOT_MEASURED"",""comprehension"":""NOT_MEASURED"",""learnability"":""NOT_MEASURED"",""efficiency"":""NOT_MEASURED"",""error_prevention"":""NOT_MEASURED"",""recovery"":""NOT_MEASURED"",""accessibility"":""NOT_MEASURED"",""safety_and_trust"":""NOT_MEASURED"",""consistency"":""NOT_MEASURED"",""cross_module_continuity"":""NOT_MEASURED""}",NOT_PERFORMED,NOT_LINKED_TO_CANONICAL_TARGET_CURRENT_AUDIT,NOT_MEASURED,NOT_MEASURED,NOT_MEASURED,NOT_MEASURED,NOT_MEASURED,NOT_MEASURED,NOT_MEASURED,NOT_MEASURED,NOT_MEASURED,NOT_MEASURED,NOT_MEASURED,H,CANONICAL_STATIC_IDENTITY_DENOMINATOR,FirstAidController,NOT_ESTABLISHED_CURRENT_AUDIT,"Record first aid, follow-up, evidence, and linked incidents",NOT_ADJUDICATED_CURRENT_AUDIT,NOT_SCORED_CURRENT_AUDIT,NOT_SCORED_CURRENT_AUDIT,STATIC_CANONICAL_IDENTITY_FROZEN,INCOMPLETE_CANONICAL_STATIC_IDENTITY_ONLY,NOT_ADJUDICATED_CURRENT_AUDIT,NOT_ADJUDICATED_CURRENT_AUDIT,NOT_DETERMINED_CURRENT_AUDIT,ONE_OPERATING_ORGANISATION_MULTIPLE_SITES; FEATURE_SPECIFIC_ROLE_PERMISSION_SITE_OWNERSHIP_DIRECT_OBJECT_PRIVACY_BOUNDARY_NOT_ADJUDICATED,NOT_ESTABLISHED_CURRENT_AUDIT,NOT_ESTABLISHED_CURRENT_AUDIT,NOT_ESTABLISHED_CURRENT_AUDIT,NOT_ESTABLISHED_CURRENT_AUDIT,app/Http/Controllers/HealthSafety/FirstAidController.php:55-115,tests/Feature/HealthSafety/FirstAidControllerTest.php:84-148,NOT_ESTABLISHED_CURRENT_AUDIT,"Static canonical identity only: Record first aid, follow-up, evidence, and linked incidents. Representative-role completion was not executed.",NOT_ESTABLISHED_CURRENT_AUDIT_NO_ROUTE_OR_PAGE_ANCHOR,NOT_ESTABLISHED_CURRENT_AUDIT_NO_ROUTE_OR_PAGE_ANCHOR,task-scripts/cap-hs-first-aid-register.md,a0493442b9e392d324055c35bf25b69421dc2d35,f8cdaf81d83c71e4f5d064fdf88872b908ffaaa1,df6e1b1b357439ad1fd829bebf4e2d33d20d067d515eb945c352e2350a4194a4,f4feae2598622afe346b1163fed2bb842305a8d973a89ec890c02746d99b5999,false,false,false,false,false,"Static identity and source ownership only; no runtime, browser, executed-test, benchmark, ease, release, or completion credit."
TASK-CAP-HS-HAZARDOUS-SUBSTANCES-SDS,CAP-HS-HAZARDOUS-SUBSTANCES-SDS,Health & Safety,NOT_ESTABLISHED_CURRENT_AUDIT,"Maintain substances, SDS history, storage, exposure, and escalation",NOT_ESTABLISHED_CURRENT_AUDIT,"Maintain substances, SDS history, storage, exposure, and escalation","NOT_ESTABLISHED_CURRENT_AUDIT; execution requires a documented representative role, approved Site/record scope where applicable, and resettable synthetic data.",SOURCE_BOUND_STATIC_IDENTITY_ONLY,NOT_EXECUTED_REPRESENTATIVE_ROLE,NOT_MEASURED,0-5; NOT_MEASURED is not 0,NOT_MEASURED,NOT_MEASURED,NOT_MEASURED,NOT_MEASURED,NOT_MEASURED,NOT_MEASURED,NOT_MEASURED,NOT_MEASURED,NOT_MEASURED,NOT_MEASURED,NOT_MEASURED,NOT_MEASURED,NOT_MEASURED,NOT_MEASURED,NOT_MEASURED,NOT_MEASURED,NOT_MEASURED,"{""discoverability"":""NOT_MEASURED"",""comprehension"":""NOT_MEASURED"",""learnability"":""NOT_MEASURED"",""efficiency"":""NOT_MEASURED"",""error_prevention"":""NOT_MEASURED"",""recovery"":""NOT_MEASURED"",""accessibility"":""NOT_MEASURED"",""safety_and_trust"":""NOT_MEASURED"",""consistency"":""NOT_MEASURED"",""cross_module_continuity"":""NOT_MEASURED""}",NOT_PERFORMED,NOT_LINKED_TO_CANONICAL_TARGET_CURRENT_AUDIT,NOT_MEASURED,NOT_MEASURED,NOT_MEASURED,NOT_MEASURED,NOT_MEASURED,NOT_MEASURED,NOT_MEASURED,NOT_MEASURED,NOT_MEASURED,NOT_MEASURED,NOT_MEASURED,H,CANONICAL_STATIC_IDENTITY_DENOMINATOR,HazardousSubstanceController,NOT_ESTABLISHED_CURRENT_AUDIT,"Maintain substances, SDS history, storage, exposure, and escalation",NOT_ADJUDICATED_CURRENT_AUDIT,NOT_SCORED_CURRENT_AUDIT,NOT_SCORED_CURRENT_AUDIT,STATIC_CANONICAL_IDENTITY_FROZEN,INCOMPLETE_CANONICAL_STATIC_IDENTITY_ONLY,NOT_ADJUDICATED_CURRENT_AUDIT,NOT_ADJUDICATED_CURRENT_AUDIT,NOT_DETERMINED_CURRENT_AUDIT,ONE_OPERATING_ORGANISATION_MULTIPLE_SITES; FEATURE_SPECIFIC_ROLE_PERMISSION_SITE_OWNERSHIP_DIRECT_OBJECT_PRIVACY_BOUNDARY_NOT_ADJUDICATED,NOT_ESTABLISHED_CURRENT_AUDIT,NOT_ESTABLISHED_CURRENT_AUDIT,NOT_ESTABLISHED_CURRENT_AUDIT,NOT_ESTABLISHED_CURRENT_AUDIT,app/Http/Controllers/HealthSafety/HazardousSubstanceController.php:211-435,tests/Feature/HealthSafety/HazardousSubstanceControllerTest.php:138-220,NOT_ESTABLISHED_CURRENT_AUDIT,"Static canonical identity only: Maintain substances, SDS history, storage, exposure, and escalation. Representative-role completion was not executed.",NOT_ESTABLISHED_CURRENT_AUDIT_NO_ROUTE_OR_PAGE_ANCHOR,NOT_ESTABLISHED_CURRENT_AUDIT_NO_ROUTE_OR_PAGE_ANCHOR,task-scripts/cap-hs-hazardous-substances-sds.md,a0493442b9e392d324055c35bf25b69421dc2d35,f8cdaf81d83c71e4f5d064fdf88872b908ffaaa1,df6e1b1b357439ad1fd829bebf4e2d33d20d067d515eb945c352e2350a4194a4,f4feae2598622afe346b1163fed2bb842305a8d973a89ec890c02746d99b5999,false,false,false,false,false,"Static identity and source ownership only; no runtime, browser, executed-test, benchmark, ease, release, or completion credit."
TASK-CAP-HS-INCIDENT-HANDOVER-ACCEPTANCE,CAP-HS-INCIDENT-HANDOVER-ACCEPTANCE,Health & Safety,NOT_ESTABLISHED_CURRENT_AUDIT,Accept an incident into canonical H&S ownership,NOT_ESTABLISHED_CURRENT_AUDIT,Accept an incident into canonical H&S ownership,"NOT_ESTABLISHED_CURRENT_AUDIT; execution requires a documented representative role, approved Site/record scope where applicable, and resettable synthetic data.",SOURCE_BOUND_STATIC_IDENTITY_ONLY,NOT_EXECUTED_REPRESENTATIVE_ROLE,NOT_MEASURED,0-5; NOT_MEASURED is not 0,NOT_MEASURED,NOT_MEASURED,NOT_MEASURED,NOT_MEASURED,NOT_MEASURED,NOT_MEASURED,NOT_MEASURED,NOT_MEASURED,NOT_MEASURED,NOT_MEASURED,NOT_MEASURED,NOT_MEASURED,NOT_MEASURED,NOT_MEASURED,NOT_MEASURED,NOT_MEASURED,NOT_MEASURED,"{""discoverability"":""NOT_MEASURED"",""comprehension"":""NOT_MEASURED"",""learnability"":""NOT_MEASURED"",""efficiency"":""NOT_MEASURED"",""error_prevention"":""NOT_MEASURED"",""recovery"":""NOT_MEASURED"",""accessibility"":""NOT_MEASURED"",""safety_and_trust"":""NOT_MEASURED"",""consistency"":""NOT_MEASURED"",""cross_module_continuity"":""NOT_MEASURED""}",NOT_PERFORMED,NOT_LINKED_TO_CANONICAL_TARGET_CURRENT_AUDIT,NOT_MEASURED,NOT_MEASURED,NOT_MEASURED,NOT_MEASURED,NOT_MEASURED,NOT_MEASURED,NOT_MEASURED,NOT_MEASURED,NOT_MEASURED,NOT_MEASURED,NOT_MEASURED,H,CANONICAL_STATIC_IDENTITY_DENOMINATOR,HsEventController and HsEventService,NOT_ESTABLISHED_CURRENT_AUDIT,Accept an incident into canonical H&S ownership,NOT_ADJUDICATED_CURRENT_AUDIT,NOT_SCORED_CURRENT_AUDIT,NOT_SCORED_CURRENT_AUDIT,STATIC_CANONICAL_IDENTITY_FROZEN,INCOMPLETE_CANONICAL_STATIC_IDENTITY_ONLY,NOT_ADJUDICATED_CURRENT_AUDIT,NOT_ADJUDICATED_CURRENT_AUDIT,NOT_DETERMINED_CURRENT_AUDIT,ONE_OPERATING_ORGANISATION_MULTIPLE_SITES; FEATURE_SPECIFIC_ROLE_PERMISSION_SITE_OWNERSHIP_DIRECT_OBJECT_PRIVACY_BOUNDARY_NOT_ADJUDICATED,NOT_ESTABLISHED_CURRENT_AUDIT,NOT_ESTABLISHED_CURRENT_AUDIT,routes/health-safety.php:66,NOT_ESTABLISHED_CURRENT_AUDIT,app/Http/Controllers/HealthSafety/HsEventController.php:408-443; app/Services/HealthSafety/HsEventService.php:269-322,NOT_ESTABLISHED_CURRENT_AUDIT,NOT_ESTABLISHED_CURRENT_AUDIT,Static canonical identity only: Accept an incident into canonical H&S ownership. Representative-role completion was not executed.,ROUTE_SOURCE_ANCHOR_ONLY_UNVALIDATED,ROUTE_SOURCE_ANCHOR_ONLY_UNVALIDATED,task-scripts/cap-hs-incident-handover-acceptance.md,a0493442b9e392d324055c35bf25b69421dc2d35,f8cdaf81d83c71e4f5d064fdf88872b908ffaaa1,df6e1b1b357439ad1fd829bebf4e2d33d20d067d515eb945c352e2350a4194a4,f4feae2598622afe346b1163fed2bb842305a8d973a89ec890c02746d99b5999,false,false,false,false,false,"Static identity and source ownership only; no runtime, browser, executed-test, benchmark, ease, release, or completion credit."
TASK-CAP-HS-INVESTIGATION-ASSURANCE,CAP-HS-INVESTIGATION-ASSURANCE,Health & Safety,NOT_ESTABLISHED_CURRENT_AUDIT,"Investigate, review, rework, and independently approve completion",NOT_ESTABLISHED_CURRENT_AUDIT,"Investigate, review, rework, and independently approve completion","NOT_ESTABLISHED_CURRENT_AUDIT; execution requires a documented representative role, approved Site/record scope where applicable, and resettable synthetic data.",SOURCE_BOUND_STATIC_IDENTITY_ONLY,NOT_EXECUTED_REPRESENTATIVE_ROLE,NOT_MEASURED,0-5; NOT_MEASURED is not 0,NOT_MEASURED,NOT_MEASURED,NOT_MEASURED,NOT_MEASURED,NOT_MEASURED,NOT_MEASURED,NOT_MEASURED,NOT_MEASURED,NOT_MEASURED,NOT_MEASURED,NOT_MEASURED,NOT_MEASURED,NOT_MEASURED,NOT_MEASURED,NOT_MEASURED,NOT_MEASURED,NOT_MEASURED,"{""discoverability"":""NOT_MEASURED"",""comprehension"":""NOT_MEASURED"",""learnability"":""NOT_MEASURED"",""efficiency"":""NOT_MEASURED"",""error_prevention"":""NOT_MEASURED"",""recovery"":""NOT_MEASURED"",""accessibility"":""NOT_MEASURED"",""safety_and_trust"":""NOT_MEASURED"",""consistency"":""NOT_MEASURED"",""cross_module_continuity"":""NOT_MEASURED""}",NOT_PERFORMED,NOT_LINKED_TO_CANONICAL_TARGET_CURRENT_AUDIT,NOT_MEASURED,NOT_MEASURED,NOT_MEASURED,NOT_MEASURED,NOT_MEASURED,NOT_MEASURED,NOT_MEASURED,NOT_MEASURED,NOT_MEASURED,NOT_MEASURED,NOT_MEASURED,H,CANONICAL_STATIC_IDENTITY_DENOMINATOR,HsInvestigationService,NOT_ESTABLISHED_CURRENT_AUDIT,"Investigate, review, rework, and independently approve completion",NOT_ADJUDICATED_CURRENT_AUDIT,NOT_SCORED_CURRENT_AUDIT,NOT_SCORED_CURRENT_AUDIT,STATIC_CANONICAL_IDENTITY_FROZEN,INCOMPLETE_CANONICAL_STATIC_IDENTITY_ONLY,NOT_ADJUDICATED_CURRENT_AUDIT,NOT_ADJUDICATED_CURRENT_AUDIT,NOT_DETERMINED_CURRENT_AUDIT,ONE_OPERATING_ORGANISATION_MULTIPLE_SITES; FEATURE_SPECIFIC_ROLE_PERMISSION_SITE_OWNERSHIP_DIRECT_OBJECT_PRIVACY_BOUNDARY_NOT_ADJUDICATED,NOT_ESTABLISHED_CURRENT_AUDIT,NOT_ESTABLISHED_CURRENT_AUDIT,NOT_ESTABLISHED_CURRENT_AUDIT,NOT_ESTABLISHED_CURRENT_AUDIT,app/Services/HealthSafety/HsInvestigationService.php:185-332,tests/Feature/HealthSafety/HsInvestigationAssuranceTest.php:28-83,NOT_ESTABLISHED_CURRENT_AUDIT,"Static canonical identity only: Investigate, review, rework, and independently approve completion. Representative-role completion was not executed.",NOT_ESTABLISHED_CURRENT_AUDIT_NO_ROUTE_OR_PAGE_ANCHOR,NOT_ESTABLISHED_CURRENT_AUDIT_NO_ROUTE_OR_PAGE_ANCHOR,task-scripts/cap-hs-investigation-assurance.md,a0493442b9e392d324055c35bf25b69421dc2d35,f8cdaf81d83c71e4f5d064fdf88872b908ffaaa1,df6e1b1b357439ad1fd829bebf4e2d33d20d067d515eb945c352e2350a4194a4,f4feae2598622afe346b1163fed2bb842305a8d973a89ec890c02746d99b5999,false,false,false,false,false,"Static identity and source ownership only; no runtime, browser, executed-test, benchmark, ease, release, or completion credit."
TASK-CAP-HS-LONE-WORKER-SAFETY,CAP-HS-LONE-WORKER-SAFETY,Health & Safety,NOT_ESTABLISHED_CURRENT_AUDIT,"Monitor lone-worker sessions, check-ins, location, and alerts",NOT_ESTABLISHED_CURRENT_AUDIT,"Monitor lone-worker sessions, check-ins, location, and alerts","NOT_ESTABLISHED_CURRENT_AUDIT; execution requires a documented representative role, approved Site/record scope where applicable, and resettable synthetic data.",SOURCE_BOUND_STATIC_IDENTITY_ONLY,NOT_EXECUTED_REPRESENTATIVE_ROLE,NOT_MEASURED,0-5; NOT_MEASURED is not 0,NOT_MEASURED,NOT_MEASURED,NOT_MEASURED,NOT_MEASURED,NOT_MEASURED,NOT_MEASURED,NOT_MEASURED,NOT_MEASURED,NOT_MEASURED,NOT_MEASURED,NOT_MEASURED,NOT_MEASURED,NOT_MEASURED,NOT_MEASURED,NOT_MEASURED,NOT_MEASURED,NOT_MEASURED,"{""discoverability"":""NOT_MEASURED"",""comprehension"":""NOT_MEASURED"",""learnability"":""NOT_MEASURED"",""efficiency"":""NOT_MEASURED"",""error_prevention"":""NOT_MEASURED"",""recovery"":""NOT_MEASURED"",""accessibility"":""NOT_MEASURED"",""safety_and_trust"":""NOT_MEASURED"",""consistency"":""NOT_MEASURED"",""cross_module_continuity"":""NOT_MEASURED""}",NOT_PERFORMED,NOT_LINKED_TO_CANONICAL_TARGET_CURRENT_AUDIT,NOT_MEASURED,NOT_MEASURED,NOT_MEASURED,NOT_MEASURED,NOT_MEASURED,NOT_MEASURED,NOT_MEASURED,NOT_MEASURED,NOT_MEASURED,NOT_MEASURED,NOT_MEASURED,H,CANONICAL_STATIC_IDENTITY_DENOMINATOR,LoneWorkerController and LoneWorkerSignalService,NOT_ESTABLISHED_CURRENT_AUDIT,"Monitor lone-worker sessions, check-ins, location, and alerts",NOT_ADJUDICATED_CURRENT_AUDIT,NOT_SCORED_CURRENT_AUDIT,NOT_SCORED_CURRENT_AUDIT,STATIC_CANONICAL_IDENTITY_FROZEN,INCOMPLETE_CANONICAL_STATIC_IDENTITY_ONLY,NOT_ADJUDICATED_CURRENT_AUDIT,NOT_ADJUDICATED_CURRENT_AUDIT,NOT_DETERMINED_CURRENT_AUDIT,ONE_OPERATING_ORGANISATION_MULTIPLE_SITES; FEATURE_SPECIFIC_ROLE_PERMISSION_SITE_OWNERSHIP_DIRECT_OBJECT_PRIVACY_BOUNDARY_NOT_ADJUDICATED,NOT_ESTABLISHED_CURRENT_AUDIT,NOT_ESTABLISHED_CURRENT_AUDIT,NOT_ESTABLISHED_CURRENT_AUDIT,NOT_ESTABLISHED_CURRENT_AUDIT,app/Http/Controllers/HealthSafety/LoneWorkerController.php:227-778,tests/Feature/HealthSafety/LoneWorkerSiteAccessTest.php:30-158,NOT_ESTABLISHED_CURRENT_AUDIT,"Static canonical identity only: Monitor lone-worker sessions, check-ins, location, and alerts. Representative-role completion was not executed.",NOT_ESTABLISHED_CURRENT_AUDIT_NO_ROUTE_OR_PAGE_ANCHOR,NOT_ESTABLISHED_CURRENT_AUDIT_NO_ROUTE_OR_PAGE_ANCHOR,task-scripts/cap-hs-lone-worker-safety.md,a0493442b9e392d324055c35bf25b69421dc2d35,f8cdaf81d83c71e4f5d064fdf88872b908ffaaa1,df6e1b1b357439ad1fd829bebf4e2d33d20d067d515eb945c352e2350a4194a4,f4feae2598622afe346b1163fed2bb842305a8d973a89ec890c02746d99b5999,false,false,false,false,false,"Static identity and source ownership only; no runtime, browser, executed-test, benchmark, ease, release, or completion credit."
TASK-CAP-HS-PPE-REGISTER,CAP-HS-PPE-REGISTER,Health & Safety,NOT_ESTABLISHED_CURRENT_AUDIT,"Manage PPE inventory, allocations, inspection, and disposal evidence",NOT_ESTABLISHED_CURRENT_AUDIT,"Manage PPE inventory, allocations, inspection, and disposal evidence","NOT_ESTABLISHED_CURRENT_AUDIT; execution requires a documented representative role, approved Site/record scope where applicable, and resettable synthetic data.",SOURCE_BOUND_STATIC_IDENTITY_ONLY,NOT_EXECUTED_REPRESENTATIVE_ROLE,NOT_MEASURED,0-5; NOT_MEASURED is not 0,NOT_MEASURED,NOT_MEASURED,NOT_MEASURED,NOT_MEASURED,NOT_MEASURED,NOT_MEASURED,NOT_MEASURED,NOT_MEASURED,NOT_MEASURED,NOT_MEASURED,NOT_MEASURED,NOT_MEASURED,NOT_MEASURED,NOT_MEASURED,NOT_MEASURED,NOT_MEASURED,NOT_MEASURED,"{""discoverability"":""NOT_MEASURED"",""comprehension"":""NOT_MEASURED"",""learnability"":""NOT_MEASURED"",""efficiency"":""NOT_MEASURED"",""error_prevention"":""NOT_MEASURED"",""recovery"":""NOT_MEASURED"",""accessibility"":""NOT_MEASURED"",""safety_and_trust"":""NOT_MEASURED"",""consistency"":""NOT_MEASURED"",""cross_module_continuity"":""NOT_MEASURED""}",NOT_PERFORMED,NOT_LINKED_TO_CANONICAL_TARGET_CURRENT_AUDIT,NOT_MEASURED,NOT_MEASURED,NOT_MEASURED,NOT_MEASURED,NOT_MEASURED,NOT_MEASURED,NOT_MEASURED,NOT_MEASURED,NOT_MEASURED,NOT_MEASURED,NOT_MEASURED,H,CANONICAL_STATIC_IDENTITY_DENOMINATOR,PpeController,NOT_ESTABLISHED_CURRENT_AUDIT,"Manage PPE inventory, allocations, inspection, and disposal evidence",NOT_ADJUDICATED_CURRENT_AUDIT,NOT_SCORED_CURRENT_AUDIT,NOT_SCORED_CURRENT_AUDIT,STATIC_CANONICAL_IDENTITY_FROZEN,INCOMPLETE_CANONICAL_STATIC_IDENTITY_ONLY,NOT_ADJUDICATED_CURRENT_AUDIT,NOT_ADJUDICATED_CURRENT_AUDIT,NOT_DETERMINED_CURRENT_AUDIT,ONE_OPERATING_ORGANISATION_MULTIPLE_SITES; FEATURE_SPECIFIC_ROLE_PERMISSION_SITE_OWNERSHIP_DIRECT_OBJECT_PRIVACY_BOUNDARY_NOT_ADJUDICATED,NOT_ESTABLISHED_CURRENT_AUDIT,NOT_ESTABLISHED_CURRENT_AUDIT,NOT_ESTABLISHED_CURRENT_AUDIT,NOT_ESTABLISHED_CURRENT_AUDIT,app/Http/Controllers/HealthSafety/PpeController.php:37-112,tests/Feature/HealthSafety/PpeRegisterTest.php:179-267,NOT_ESTABLISHED_CURRENT_AUDIT,"Static canonical identity only: Manage PPE inventory, allocations, inspection, and disposal evidence. Representative-role completion was not executed.",NOT_ESTABLISHED_CURRENT_AUDIT_NO_ROUTE_OR_PAGE_ANCHOR,NOT_ESTABLISHED_CURRENT_AUDIT_NO_ROUTE_OR_PAGE_ANCHOR,task-scripts/cap-hs-ppe-register.md,a0493442b9e392d324055c35bf25b69421dc2d35,f8cdaf81d83c71e4f5d064fdf88872b908ffaaa1,df6e1b1b357439ad1fd829bebf4e2d33d20d067d515eb945c352e2350a4194a4,f4feae2598622afe346b1163fed2bb842305a8d973a89ec890c02746d99b5999,false,false,false,false,false,"Static identity and source ownership only; no runtime, browser, executed-test, benchmark, ease, release, or completion credit."
TASK-CAP-HS-RESTRAINT-REGISTER,CAP-HS-RESTRAINT-REGISTER,Health & Safety,NOT_ESTABLISHED_CURRENT_AUDIT,"Record restraint, support-plan, review, and linked evidence",NOT_ESTABLISHED_CURRENT_AUDIT,"Record restraint, support-plan, review, and linked evidence","NOT_ESTABLISHED_CURRENT_AUDIT; execution requires a documented representative role, approved Site/record scope where applicable, and resettable synthetic data.",SOURCE_BOUND_STATIC_IDENTITY_ONLY,NOT_EXECUTED_REPRESENTATIVE_ROLE,NOT_MEASURED,0-5; NOT_MEASURED is not 0,NOT_MEASURED,NOT_MEASURED,NOT_MEASURED,NOT_MEASURED,NOT_MEASURED,NOT_MEASURED,NOT_MEASURED,NOT_MEASURED,NOT_MEASURED,NOT_MEASURED,NOT_MEASURED,NOT_MEASURED,NOT_MEASURED,NOT_MEASURED,NOT_MEASURED,NOT_MEASURED,NOT_MEASURED,"{""discoverability"":""NOT_MEASURED"",""comprehension"":""NOT_MEASURED"",""learnability"":""NOT_MEASURED"",""efficiency"":""NOT_MEASURED"",""error_prevention"":""NOT_MEASURED"",""recovery"":""NOT_MEASURED"",""accessibility"":""NOT_MEASURED"",""safety_and_trust"":""NOT_MEASURED"",""consistency"":""NOT_MEASURED"",""cross_module_continuity"":""NOT_MEASURED""}",NOT_PERFORMED,NOT_LINKED_TO_CANONICAL_TARGET_CURRENT_AUDIT,NOT_MEASURED,NOT_MEASURED,NOT_MEASURED,NOT_MEASURED,NOT_MEASURED,NOT_MEASURED,NOT_MEASURED,NOT_MEASURED,NOT_MEASURED,NOT_MEASURED,NOT_MEASURED,H,CANONICAL_STATIC_IDENTITY_DENOMINATOR,RestraintController,NOT_ESTABLISHED_CURRENT_AUDIT,"Record restraint, support-plan, review, and linked evidence",NOT_ADJUDICATED_CURRENT_AUDIT,NOT_SCORED_CURRENT_AUDIT,NOT_SCORED_CURRENT_AUDIT,STATIC_CANONICAL_IDENTITY_FROZEN,INCOMPLETE_CANONICAL_STATIC_IDENTITY_ONLY,NOT_ADJUDICATED_CURRENT_AUDIT,NOT_ADJUDICATED_CURRENT_AUDIT,NOT_DETERMINED_CURRENT_AUDIT,ONE_OPERATING_ORGANISATION_MULTIPLE_SITES; FEATURE_SPECIFIC_ROLE_PERMISSION_SITE_OWNERSHIP_DIRECT_OBJECT_PRIVACY_BOUNDARY_NOT_ADJUDICATED,NOT_ESTABLISHED_CURRENT_AUDIT,NOT_ESTABLISHED_CURRENT_AUDIT,NOT_ESTABLISHED_CURRENT_AUDIT,NOT_ESTABLISHED_CURRENT_AUDIT,app/Http/Controllers/HealthSafety/RestraintController.php:448-883,tests/Feature/HealthSafety/RestraintRegisterTest.php:151-238,NOT_ESTABLISHED_CURRENT_AUDIT,"Static canonical identity only: Record restraint, support-plan, review, and linked evidence. Representative-role completion was not executed.",NOT_ESTABLISHED_CURRENT_AUDIT_NO_ROUTE_OR_PAGE_ANCHOR,NOT_ESTABLISHED_CURRENT_AUDIT_NO_ROUTE_OR_PAGE_ANCHOR,task-scripts/cap-hs-restraint-register.md,a0493442b9e392d324055c35bf25b69421dc2d35,f8cdaf81d83c71e4f5d064fdf88872b908ffaaa1,df6e1b1b357439ad1fd829bebf4e2d33d20d067d515eb945c352e2350a4194a4,f4feae2598622afe346b1163fed2bb842305a8d973a89ec890c02746d99b5999,false,false,false,false,false,"Static identity and source ownership only; no runtime, browser, executed-test, benchmark, ease, release, or completion credit."
TASK-CAP-HS-RISK-ASSESSMENT-LIFECYCLE,CAP-HS-RISK-ASSESSMENT-LIFECYCLE,Health & Safety,NOT_ESTABLISHED_CURRENT_AUDIT,"Create, review, activate, supersede, and archive risk assessments",NOT_ESTABLISHED_CURRENT_AUDIT,"Create, review, activate, supersede, and archive risk assessments","NOT_ESTABLISHED_CURRENT_AUDIT; execution requires a documented representative role, approved Site/record scope where applicable, and resettable synthetic data.",SOURCE_BOUND_STATIC_IDENTITY_ONLY,NOT_EXECUTED_REPRESENTATIVE_ROLE,NOT_MEASURED,0-5; NOT_MEASURED is not 0,NOT_MEASURED,NOT_MEASURED,NOT_MEASURED,NOT_MEASURED,NOT_MEASURED,NOT_MEASURED,NOT_MEASURED,NOT_MEASURED,NOT_MEASURED,NOT_MEASURED,NOT_MEASURED,NOT_MEASURED,NOT_MEASURED,NOT_MEASURED,NOT_MEASURED,NOT_MEASURED,NOT_MEASURED,"{""discoverability"":""NOT_MEASURED"",""comprehension"":""NOT_MEASURED"",""learnability"":""NOT_MEASURED"",""efficiency"":""NOT_MEASURED"",""error_prevention"":""NOT_MEASURED"",""recovery"":""NOT_MEASURED"",""accessibility"":""NOT_MEASURED"",""safety_and_trust"":""NOT_MEASURED"",""consistency"":""NOT_MEASURED"",""cross_module_continuity"":""NOT_MEASURED""}",NOT_PERFORMED,NOT_LINKED_TO_CANONICAL_TARGET_CURRENT_AUDIT,NOT_MEASURED,NOT_MEASURED,NOT_MEASURED,NOT_MEASURED,NOT_MEASURED,NOT_MEASURED,NOT_MEASURED,NOT_MEASURED,NOT_MEASURED,NOT_MEASURED,NOT_MEASURED,H,CANONICAL_STATIC_IDENTITY_DENOMINATOR,HsRiskAssessmentController and service,NOT_ESTABLISHED_CURRENT_AUDIT,"Create, review, activate, supersede, and archive risk assessments",NOT_ADJUDICATED_CURRENT_AUDIT,NOT_SCORED_CURRENT_AUDIT,NOT_SCORED_CURRENT_AUDIT,STATIC_CANONICAL_IDENTITY_FROZEN,INCOMPLETE_CANONICAL_STATIC_IDENTITY_ONLY,NOT_ADJUDICATED_CURRENT_AUDIT,NOT_ADJUDICATED_CURRENT_AUDIT,NOT_DETERMINED_CURRENT_AUDIT,ONE_OPERATING_ORGANISATION_MULTIPLE_SITES; FEATURE_SPECIFIC_ROLE_PERMISSION_SITE_OWNERSHIP_DIRECT_OBJECT_PRIVACY_BOUNDARY_NOT_ADJUDICATED,NOT_ESTABLISHED_CURRENT_AUDIT,NOT_ESTABLISHED_CURRENT_AUDIT,NOT_ESTABLISHED_CURRENT_AUDIT,NOT_ESTABLISHED_CURRENT_AUDIT,app/Http/Controllers/HealthSafety/HsRiskAssessmentController.php:140-313,tests/Feature/HealthSafety/HsRiskAssessmentSiteAccessTest.php:30-128,NOT_ESTABLISHED_CURRENT_AUDIT,"Static canonical identity only: Create, review, activate, supersede, and archive risk assessments. Representative-role completion was not executed.",NOT_ESTABLISHED_CURRENT_AUDIT_NO_ROUTE_OR_PAGE_ANCHOR,NOT_ESTABLISHED_CURRENT_AUDIT_NO_ROUTE_OR_PAGE_ANCHOR,task-scripts/cap-hs-risk-assessment-lifecycle.md,a0493442b9e392d324055c35bf25b69421dc2d35,f8cdaf81d83c71e4f5d064fdf88872b908ffaaa1,df6e1b1b357439ad1fd829bebf4e2d33d20d067d515eb945c352e2350a4194a4,f4feae2598622afe346b1163fed2bb842305a8d973a89ec890c02746d99b5999,false,false,false,false,false,"Static identity and source ownership only; no runtime, browser, executed-test, benchmark, ease, release, or completion credit."
TASK-CAP-HS-SAFE-WORK-PROCEDURES,CAP-HS-SAFE-WORK-PROCEDURES,Health & Safety,NOT_ESTABLISHED_CURRENT_AUDIT,"Draft, approve, acknowledge, version, and archive procedures",NOT_ESTABLISHED_CURRENT_AUDIT,"Draft, approve, acknowledge, version, and archive procedures","NOT_ESTABLISHED_CURRENT_AUDIT; execution requires a documented representative role, approved Site/record scope where applicable, and resettable synthetic data.",SOURCE_BOUND_STATIC_IDENTITY_ONLY,NOT_EXECUTED_REPRESENTATIVE_ROLE,NOT_MEASURED,0-5; NOT_MEASURED is not 0,NOT_MEASURED,NOT_MEASURED,NOT_MEASURED,NOT_MEASURED,NOT_MEASURED,NOT_MEASURED,NOT_MEASURED,NOT_MEASURED,NOT_MEASURED,NOT_MEASURED,NOT_MEASURED,NOT_MEASURED,NOT_MEASURED,NOT_MEASURED,NOT_MEASURED,NOT_MEASURED,NOT_MEASURED,"{""discoverability"":""NOT_MEASURED"",""comprehension"":""NOT_MEASURED"",""learnability"":""NOT_MEASURED"",""efficiency"":""NOT_MEASURED"",""error_prevention"":""NOT_MEASURED"",""recovery"":""NOT_MEASURED"",""accessibility"":""NOT_MEASURED"",""safety_and_trust"":""NOT_MEASURED"",""consistency"":""NOT_MEASURED"",""cross_module_continuity"":""NOT_MEASURED""}",NOT_PERFORMED,NOT_LINKED_TO_CANONICAL_TARGET_CURRENT_AUDIT,NOT_MEASURED,NOT_MEASURED,NOT_MEASURED,NOT_MEASURED,NOT_MEASURED,NOT_MEASURED,NOT_MEASURED,NOT_MEASURED,NOT_MEASURED,NOT_MEASURED,NOT_MEASURED,H,CANONICAL_STATIC_IDENTITY_DENOMINATOR,SafeWorkProcedureController,NOT_ESTABLISHED_CURRENT_AUDIT,"Draft, approve, acknowledge, version, and archive procedures",NOT_ADJUDICATED_CURRENT_AUDIT,NOT_SCORED_CURRENT_AUDIT,NOT_SCORED_CURRENT_AUDIT,STATIC_CANONICAL_IDENTITY_FROZEN,INCOMPLETE_CANONICAL_STATIC_IDENTITY_ONLY,NOT_ADJUDICATED_CURRENT_AUDIT,NOT_ADJUDICATED_CURRENT_AUDIT,NOT_DETERMINED_CURRENT_AUDIT,ONE_OPERATING_ORGANISATION_MULTIPLE_SITES; FEATURE_SPECIFIC_ROLE_PERMISSION_SITE_OWNERSHIP_DIRECT_OBJECT_PRIVACY_BOUNDARY_NOT_ADJUDICATED,NOT_ESTABLISHED_CURRENT_AUDIT,NOT_ESTABLISHED_CURRENT_AUDIT,NOT_ESTABLISHED_CURRENT_AUDIT,NOT_ESTABLISHED_CURRENT_AUDIT,app/Http/Controllers/HealthSafety/SafeWorkProcedureController.php:143-338,tests/Feature/HealthSafety/SafeWorkProcedureTest.php:118-208,NOT_ESTABLISHED_CURRENT_AUDIT,"Static canonical identity only: Draft, approve, acknowledge, version, and archive procedures. Representative-role completion was not executed.",NOT_ESTABLISHED_CURRENT_AUDIT_NO_ROUTE_OR_PAGE_ANCHOR,NOT_ESTABLISHED_CURRENT_AUDIT_NO_ROUTE_OR_PAGE_ANCHOR,task-scripts/cap-hs-safe-work-procedures.md,a0493442b9e392d324055c35bf25b69421dc2d35,f8cdaf81d83c71e4f5d064fdf88872b908ffaaa1,df6e1b1b357439ad1fd829bebf4e2d33d20d067d515eb945c352e2350a4194a4,f4feae2598622afe346b1163fed2bb842305a8d973a89ec890c02746d99b5999,false,false,false,false,false,"Static identity and source ownership only; no runtime, browser, executed-test, benchmark, ease, release, or completion credit."
TASK-CAP-HS-WORKER-PARTICIPATION,CAP-HS-WORKER-PARTICIPATION,Health & Safety,NOT_ESTABLISHED_CURRENT_AUDIT,"Govern representatives, committees, meetings, consultation, and participation evidence",NOT_ESTABLISHED_CURRENT_AUDIT,"Govern representatives, committees, meetings, consultation, and participation evidence","NOT_ESTABLISHED_CURRENT_AUDIT; execution requires a documented representative role, approved Site/record scope where applicable, and resettable synthetic data.",SOURCE_BOUND_STATIC_IDENTITY_ONLY,NOT_EXECUTED_REPRESENTATIVE_ROLE,NOT_MEASURED,0-5; NOT_MEASURED is not 0,NOT_MEASURED,NOT_MEASURED,NOT_MEASURED,NOT_MEASURED,NOT_MEASURED,NOT_MEASURED,NOT_MEASURED,NOT_MEASURED,NOT_MEASURED,NOT_MEASURED,NOT_MEASURED,NOT_MEASURED,NOT_MEASURED,NOT_MEASURED,NOT_MEASURED,NOT_MEASURED,NOT_MEASURED,"{""discoverability"":""NOT_MEASURED"",""comprehension"":""NOT_MEASURED"",""learnability"":""NOT_MEASURED"",""efficiency"":""NOT_MEASURED"",""error_prevention"":""NOT_MEASURED"",""recovery"":""NOT_MEASURED"",""accessibility"":""NOT_MEASURED"",""safety_and_trust"":""NOT_MEASURED"",""consistency"":""NOT_MEASURED"",""cross_module_continuity"":""NOT_MEASURED""}",NOT_PERFORMED,NOT_LINKED_TO_CANONICAL_TARGET_CURRENT_AUDIT,NOT_MEASURED,NOT_MEASURED,NOT_MEASURED,NOT_MEASURED,NOT_MEASURED,NOT_MEASURED,NOT_MEASURED,NOT_MEASURED,NOT_MEASURED,NOT_MEASURED,NOT_MEASURED,H,CANONICAL_STATIC_IDENTITY_DENOMINATOR,WorkerParticipationController,NOT_ESTABLISHED_CURRENT_AUDIT,"Govern representatives, committees, meetings, consultation, and participation evidence",NOT_ADJUDICATED_CURRENT_AUDIT,NOT_SCORED_CURRENT_AUDIT,NOT_SCORED_CURRENT_AUDIT,STATIC_CANONICAL_IDENTITY_FROZEN,INCOMPLETE_CANONICAL_STATIC_IDENTITY_ONLY,NOT_ADJUDICATED_CURRENT_AUDIT,NOT_ADJUDICATED_CURRENT_AUDIT,NOT_DETERMINED_CURRENT_AUDIT,ONE_OPERATING_ORGANISATION_MULTIPLE_SITES; FEATURE_SPECIFIC_ROLE_PERMISSION_SITE_OWNERSHIP_DIRECT_OBJECT_PRIVACY_BOUNDARY_NOT_ADJUDICATED,NOT_ESTABLISHED_CURRENT_AUDIT,NOT_ESTABLISHED_CURRENT_AUDIT,routes/health-safety.php:234-352,NOT_ESTABLISHED_CURRENT_AUDIT,app/Http/Controllers/HealthSafety/WorkerParticipationController.php:43-749; app/Http/Controllers/HealthSafety/WorkerParticipationController.php:63-147,tests/Feature/HealthSafety/WorkerParticipationTest.php:149-254,NOT_ESTABLISHED_CURRENT_AUDIT,"Static canonical identity only: Govern representatives, committees, meetings, consultation, and participation evidence. Representative-role completion was not executed.",ROUTE_SOURCE_ANCHOR_ONLY_UNVALIDATED,ROUTE_SOURCE_ANCHOR_ONLY_UNVALIDATED,task-scripts/cap-hs-worker-participation.md,a0493442b9e392d324055c35bf25b69421dc2d35,f8cdaf81d83c71e4f5d064fdf88872b908ffaaa1,df6e1b1b357439ad1fd829bebf4e2d33d20d067d515eb945c352e2350a4194a4,f4feae2598622afe346b1163fed2bb842305a8d973a89ec890c02746d99b5999,false,false,false,false,false,"Static identity and source ownership only; no runtime, browser, executed-test, benchmark, ease, release, or completion credit."
TASK-CAP-HS-WORKPLACE-INJURY-RTW,CAP-HS-WORKPLACE-INJURY-RTW,Health & Safety,NOT_ESTABLISHED_CURRENT_AUDIT,"Record a workplace injury and govern its return-to-work plan, capacity, duties, evidence, and completion",NOT_ESTABLISHED_CURRENT_AUDIT,"Record a workplace injury and govern its return-to-work plan, capacity, duties, evidence, and completion","NOT_ESTABLISHED_CURRENT_AUDIT; execution requires a documented representative role, approved Site/record scope where applicable, and resettable synthetic data.",SOURCE_BOUND_STATIC_IDENTITY_ONLY,NOT_EXECUTED_REPRESENTATIVE_ROLE,NOT_MEASURED,0-5; NOT_MEASURED is not 0,NOT_MEASURED,NOT_MEASURED,NOT_MEASURED,NOT_MEASURED,NOT_MEASURED,NOT_MEASURED,NOT_MEASURED,NOT_MEASURED,NOT_MEASURED,NOT_MEASURED,NOT_MEASURED,NOT_MEASURED,NOT_MEASURED,NOT_MEASURED,NOT_MEASURED,NOT_MEASURED,NOT_MEASURED,"{""discoverability"":""NOT_MEASURED"",""comprehension"":""NOT_MEASURED"",""learnability"":""NOT_MEASURED"",""efficiency"":""NOT_MEASURED"",""error_prevention"":""NOT_MEASURED"",""recovery"":""NOT_MEASURED"",""accessibility"":""NOT_MEASURED"",""safety_and_trust"":""NOT_MEASURED"",""consistency"":""NOT_MEASURED"",""cross_module_continuity"":""NOT_MEASURED""}",NOT_PERFORMED,NOT_LINKED_TO_CANONICAL_TARGET_CURRENT_AUDIT,NOT_MEASURED,NOT_MEASURED,NOT_MEASURED,NOT_MEASURED,NOT_MEASURED,NOT_MEASURED,NOT_MEASURED,NOT_MEASURED,NOT_MEASURED,NOT_MEASURED,NOT_MEASURED,H,CANONICAL_STATIC_IDENTITY_DENOMINATOR,ReturnToWorkController and WorkplaceInjuryJourneyService,NOT_ESTABLISHED_CURRENT_AUDIT,"Record a workplace injury and govern its return-to-work plan, capacity, duties, evidence, and completion",NOT_ADJUDICATED_CURRENT_AUDIT,NOT_SCORED_CURRENT_AUDIT,NOT_SCORED_CURRENT_AUDIT,STATIC_CANONICAL_IDENTITY_FROZEN,INCOMPLETE_CANONICAL_STATIC_IDENTITY_ONLY,NOT_ADJUDICATED_CURRENT_AUDIT,NOT_ADJUDICATED_CURRENT_AUDIT,NOT_DETERMINED_CURRENT_AUDIT,ONE_OPERATING_ORGANISATION_MULTIPLE_SITES; FEATURE_SPECIFIC_ROLE_PERMISSION_SITE_OWNERSHIP_DIRECT_OBJECT_PRIVACY_BOUNDARY_NOT_ADJUDICATED,NOT_ESTABLISHED_CURRENT_AUDIT,NOT_ESTABLISHED_CURRENT_AUDIT,routes/health-safety.php:354-399,NOT_ESTABLISHED_CURRENT_AUDIT,app/Http/Controllers/HealthSafety/ReturnToWorkController.php:37-893; app/Http/Controllers/HealthSafety/ReturnToWorkController.php:485-837,tests/Feature/HealthSafety/InjuriesControllerTest.php:150-259,NOT_ESTABLISHED_CURRENT_AUDIT,"Static canonical identity only: Record a workplace injury and govern its return-to-work plan, capacity, duties, evidence, and completion. Representative-role completion was not executed.",ROUTE_SOURCE_ANCHOR_ONLY_UNVALIDATED,ROUTE_SOURCE_ANCHOR_ONLY_UNVALIDATED,task-scripts/cap-hs-workplace-injury-rtw.md,a0493442b9e392d324055c35bf25b69421dc2d35,f8cdaf81d83c71e4f5d064fdf88872b908ffaaa1,df6e1b1b357439ad1fd829bebf4e2d33d20d067d515eb945c352e2350a4194a4,f4feae2598622afe346b1163fed2bb842305a8d973a89ec890c02746d99b5999,false,false,false,false,false,"Static identity and source ownership only; no runtime, browser, executed-test, benchmark, ease, release, or completion credit."
TASK-CAP-HS-WORKSAFE-DECISION-NOTIFY-PRESERVE,CAP-HS-WORKSAFE-DECISION-NOTIFY-PRESERVE,Health & Safety,NOT_ESTABLISHED_CURRENT_AUDIT,"Record notifiable decisions, WorkSafe notice, and Site preservation",NOT_ESTABLISHED_CURRENT_AUDIT,"Record notifiable decisions, WorkSafe notice, and Site preservation","NOT_ESTABLISHED_CURRENT_AUDIT; execution requires a documented representative role, approved Site/record scope where applicable, and resettable synthetic data.",SOURCE_BOUND_STATIC_IDENTITY_ONLY,NOT_EXECUTED_REPRESENTATIVE_ROLE,NOT_MEASURED,0-5; NOT_MEASURED is not 0,NOT_MEASURED,NOT_MEASURED,NOT_MEASURED,NOT_MEASURED,NOT_MEASURED,NOT_MEASURED,NOT_MEASURED,NOT_MEASURED,NOT_MEASURED,NOT_MEASURED,NOT_MEASURED,NOT_MEASURED,NOT_MEASURED,NOT_MEASURED,NOT_MEASURED,NOT_MEASURED,NOT_MEASURED,"{""discoverability"":""NOT_MEASURED"",""comprehension"":""NOT_MEASURED"",""learnability"":""NOT_MEASURED"",""efficiency"":""NOT_MEASURED"",""error_prevention"":""NOT_MEASURED"",""recovery"":""NOT_MEASURED"",""accessibility"":""NOT_MEASURED"",""safety_and_trust"":""NOT_MEASURED"",""consistency"":""NOT_MEASURED"",""cross_module_continuity"":""NOT_MEASURED""}",NOT_PERFORMED,NOT_LINKED_TO_CANONICAL_TARGET_CURRENT_AUDIT,NOT_MEASURED,NOT_MEASURED,NOT_MEASURED,NOT_MEASURED,NOT_MEASURED,NOT_MEASURED,NOT_MEASURED,NOT_MEASURED,NOT_MEASURED,NOT_MEASURED,NOT_MEASURED,H,CANONICAL_STATIC_IDENTITY_DENOMINATOR,HsEventService and HsWorksafeDecisionController,NOT_ESTABLISHED_CURRENT_AUDIT,"Record notifiable decisions, WorkSafe notice, and Site preservation",NOT_ADJUDICATED_CURRENT_AUDIT,NOT_SCORED_CURRENT_AUDIT,NOT_SCORED_CURRENT_AUDIT,STATIC_CANONICAL_IDENTITY_FROZEN,INCOMPLETE_CANONICAL_STATIC_IDENTITY_ONLY,NOT_ADJUDICATED_CURRENT_AUDIT,NOT_ADJUDICATED_CURRENT_AUDIT,NOT_DETERMINED_CURRENT_AUDIT,ONE_OPERATING_ORGANISATION_MULTIPLE_SITES; FEATURE_SPECIFIC_ROLE_PERMISSION_SITE_OWNERSHIP_DIRECT_OBJECT_PRIVACY_BOUNDARY_NOT_ADJUDICATED,NOT_ESTABLISHED_CURRENT_AUDIT,NOT_ESTABLISHED_CURRENT_AUDIT,NOT_ESTABLISHED_CURRENT_AUDIT,NOT_ESTABLISHED_CURRENT_AUDIT,app/Services/HealthSafety/HsEventService.php:322-663,tests/Feature/HealthSafety/HsEventWorksafeTest.php:197-256,NOT_ESTABLISHED_CURRENT_AUDIT,"Static canonical identity only: Record notifiable decisions, WorkSafe notice, and Site preservation. Representative-role completion was not executed.",NOT_ESTABLISHED_CURRENT_AUDIT_NO_ROUTE_OR_PAGE_ANCHOR,NOT_ESTABLISHED_CURRENT_AUDIT_NO_ROUTE_OR_PAGE_ANCHOR,task-scripts/cap-hs-worksafe-decision-notify-preserve.md,a0493442b9e392d324055c35bf25b69421dc2d35,f8cdaf81d83c71e4f5d064fdf88872b908ffaaa1,df6e1b1b357439ad1fd829bebf4e2d33d20d067d515eb945c352e2350a4194a4,f4feae2598622afe346b1163fed2bb842305a8d973a89ec890c02746d99b5999,false,false,false,false,false,"Static identity and source ownership only; no runtime, browser, executed-test, benchmark, ease, release, or completion credit."
TASK-CAP-INC-INCIDENT-AUTHOR-TEMPLATE,CAP-INC-INCIDENT-AUTHOR-TEMPLATE,Incidents,NOT_ESTABLISHED_CURRENT_AUDIT,Author an incident from an authorised incident template,NOT_ESTABLISHED_CURRENT_AUDIT,Author an incident from an authorised incident template,"NOT_ESTABLISHED_CURRENT_AUDIT; execution requires a documented representative role, approved Site/record scope where applicable, and resettable synthetic data.",SOURCE_BOUND_STATIC_IDENTITY_ONLY,NOT_EXECUTED_REPRESENTATIVE_ROLE,NOT_MEASURED,0-5; NOT_MEASURED is not 0,NOT_MEASURED,NOT_MEASURED,NOT_MEASURED,NOT_MEASURED,NOT_MEASURED,NOT_MEASURED,NOT_MEASURED,NOT_MEASURED,NOT_MEASURED,NOT_MEASURED,NOT_MEASURED,NOT_MEASURED,NOT_MEASURED,NOT_MEASURED,NOT_MEASURED,NOT_MEASURED,NOT_MEASURED,"{""discoverability"":""NOT_MEASURED"",""comprehension"":""NOT_MEASURED"",""learnability"":""NOT_MEASURED"",""efficiency"":""NOT_MEASURED"",""error_prevention"":""NOT_MEASURED"",""recovery"":""NOT_MEASURED"",""accessibility"":""NOT_MEASURED"",""safety_and_trust"":""NOT_MEASURED"",""consistency"":""NOT_MEASURED"",""cross_module_continuity"":""NOT_MEASURED""}",NOT_PERFORMED,NOT_LINKED_TO_CANONICAL_TARGET_CURRENT_AUDIT,NOT_MEASURED,NOT_MEASURED,NOT_MEASURED,NOT_MEASURED,NOT_MEASURED,NOT_MEASURED,NOT_MEASURED,NOT_MEASURED,NOT_MEASURED,NOT_MEASURED,NOT_MEASURED,H,CANONICAL_STATIC_IDENTITY_DENOMINATOR,IncidentController and the incident-template owner,NOT_ESTABLISHED_CURRENT_AUDIT,Author an incident from an authorised incident template,NOT_ADJUDICATED_CURRENT_AUDIT,NOT_SCORED_CURRENT_AUDIT,NOT_SCORED_CURRENT_AUDIT,STATIC_CANONICAL_IDENTITY_FROZEN,INCOMPLETE_CANONICAL_STATIC_IDENTITY_ONLY,NOT_ADJUDICATED_CURRENT_AUDIT,NOT_ADJUDICATED_CURRENT_AUDIT,NOT_DETERMINED_CURRENT_AUDIT,ONE_OPERATING_ORGANISATION_MULTIPLE_SITES; FEATURE_SPECIFIC_ROLE_PERMISSION_SITE_OWNERSHIP_DIRECT_OBJECT_PRIVACY_BOUNDARY_NOT_ADJUDICATED,resources/js/components/app-sidebar.tsx,NOT_ESTABLISHED_CURRENT_AUDIT,routes/incidents.php:16-139; routes/incidents.php:18-48,resources/js/pages/incidents/index.tsx; resources/js/pages/incidents/templates/index.tsx,app/Http/Controllers/IncidentController.php:1475-1790; app/Http/Controllers/IncidentController.php:36; app/Http/Controllers/IncidentTemplateController.php:8,tests/Feature/IncidentControllerTest.php,NOT_ESTABLISHED_CURRENT_AUDIT,Static canonical identity only: Author an incident from an authorised incident template. Representative-role completion was not executed.,ROUTE_AND_PAGE_SOURCE_ANCHORS_PRESENT_UNVALIDATED,ROUTE_AND_PAGE_SOURCE_ANCHORS_PRESENT_UNVALIDATED,task-scripts/cap-inc-incident-author-template.md,a0493442b9e392d324055c35bf25b69421dc2d35,f8cdaf81d83c71e4f5d064fdf88872b908ffaaa1,df6e1b1b357439ad1fd829bebf4e2d33d20d067d515eb945c352e2350a4194a4,f4feae2598622afe346b1163fed2bb842305a8d973a89ec890c02746d99b5999,false,false,false,false,false,"Static identity and source ownership only; no runtime, browser, executed-test, benchmark, ease, release, or completion credit."
TASK-CAP-INC-INCIDENT-EVIDENCE-LIFECYCLE,CAP-INC-INCIDENT-EVIDENCE-LIFECYCLE,Incidents,NOT_ESTABLISHED_CURRENT_AUDIT,"Add, update, and remove governed incident evidence",NOT_ESTABLISHED_CURRENT_AUDIT,"Add, update, and remove governed incident evidence","NOT_ESTABLISHED_CURRENT_AUDIT; execution requires a documented representative role, approved Site/record scope where applicable, and resettable synthetic data.",SOURCE_BOUND_STATIC_IDENTITY_ONLY,NOT_EXECUTED_REPRESENTATIVE_ROLE,NOT_MEASURED,0-5; NOT_MEASURED is not 0,NOT_MEASURED,NOT_MEASURED,NOT_MEASURED,NOT_MEASURED,NOT_MEASURED,NOT_MEASURED,NOT_MEASURED,NOT_MEASURED,NOT_MEASURED,NOT_MEASURED,NOT_MEASURED,NOT_MEASURED,NOT_MEASURED,NOT_MEASURED,NOT_MEASURED,NOT_MEASURED,NOT_MEASURED,"{""discoverability"":""NOT_MEASURED"",""comprehension"":""NOT_MEASURED"",""learnability"":""NOT_MEASURED"",""efficiency"":""NOT_MEASURED"",""error_prevention"":""NOT_MEASURED"",""recovery"":""NOT_MEASURED"",""accessibility"":""NOT_MEASURED"",""safety_and_trust"":""NOT_MEASURED"",""consistency"":""NOT_MEASURED"",""cross_module_continuity"":""NOT_MEASURED""}",NOT_PERFORMED,NOT_LINKED_TO_CANONICAL_TARGET_CURRENT_AUDIT,NOT_MEASURED,NOT_MEASURED,NOT_MEASURED,NOT_MEASURED,NOT_MEASURED,NOT_MEASURED,NOT_MEASURED,NOT_MEASURED,NOT_MEASURED,NOT_MEASURED,NOT_MEASURED,H,CANONICAL_STATIC_IDENTITY_DENOMINATOR,Incident evidence and journey owners,NOT_ESTABLISHED_CURRENT_AUDIT,"Add, update, and remove governed incident evidence",NOT_ADJUDICATED_CURRENT_AUDIT,NOT_SCORED_CURRENT_AUDIT,NOT_SCORED_CURRENT_AUDIT,STATIC_CANONICAL_IDENTITY_FROZEN,INCOMPLETE_CANONICAL_STATIC_IDENTITY_ONLY,NOT_ADJUDICATED_CURRENT_AUDIT,NOT_ADJUDICATED_CURRENT_AUDIT,NOT_DETERMINED_CURRENT_AUDIT,ONE_OPERATING_ORGANISATION_MULTIPLE_SITES; FEATURE_SPECIFIC_ROLE_PERMISSION_SITE_OWNERSHIP_DIRECT_OBJECT_PRIVACY_BOUNDARY_NOT_ADJUDICATED,NOT_ESTABLISHED_CURRENT_AUDIT,NOT_ESTABLISHED_CURRENT_AUDIT,routes/incidents.php:59-86,NOT_ESTABLISHED_CURRENT_AUDIT,app/Http/Controllers/IncidentController.php:1457; app/Http/Controllers/IncidentController.php:1861-1915,NOT_ESTABLISHED_CURRENT_AUDIT,NOT_ESTABLISHED_CURRENT_AUDIT,"Static canonical identity only: Add, update, and remove governed incident evidence. Representative-role completion was not executed.",ROUTE_SOURCE_ANCHOR_ONLY_UNVALIDATED,ROUTE_SOURCE_ANCHOR_ONLY_UNVALIDATED,task-scripts/cap-inc-incident-evidence-lifecycle.md,a0493442b9e392d324055c35bf25b69421dc2d35,f8cdaf81d83c71e4f5d064fdf88872b908ffaaa1,df6e1b1b357439ad1fd829bebf4e2d33d20d067d515eb945c352e2350a4194a4,f4feae2598622afe346b1163fed2bb842305a8d973a89ec890c02746d99b5999,false,false,false,false,false,"Static identity and source ownership only; no runtime, browser, executed-test, benchmark, ease, release, or completion credit."
TASK-CAP-INC-INCIDENT-FOLLOWUP-LIFECYCLE,CAP-INC-INCIDENT-FOLLOWUP-LIFECYCLE,Incidents,NOT_ESTABLISHED_CURRENT_AUDIT,"Create, update, and complete incident follow-up actions",NOT_ESTABLISHED_CURRENT_AUDIT,"Create, update, and complete incident follow-up actions","NOT_ESTABLISHED_CURRENT_AUDIT; execution requires a documented representative role, approved Site/record scope where applicable, and resettable synthetic data.",SOURCE_BOUND_STATIC_IDENTITY_ONLY,NOT_EXECUTED_REPRESENTATIVE_ROLE,NOT_MEASURED,0-5; NOT_MEASURED is not 0,NOT_MEASURED,NOT_MEASURED,NOT_MEASURED,NOT_MEASURED,NOT_MEASURED,NOT_MEASURED,NOT_MEASURED,NOT_MEASURED,NOT_MEASURED,NOT_MEASURED,NOT_MEASURED,NOT_MEASURED,NOT_MEASURED,NOT_MEASURED,NOT_MEASURED,NOT_MEASURED,NOT_MEASURED,"{""discoverability"":""NOT_MEASURED"",""comprehension"":""NOT_MEASURED"",""learnability"":""NOT_MEASURED"",""efficiency"":""NOT_MEASURED"",""error_prevention"":""NOT_MEASURED"",""recovery"":""NOT_MEASURED"",""accessibility"":""NOT_MEASURED"",""safety_and_trust"":""NOT_MEASURED"",""consistency"":""NOT_MEASURED"",""cross_module_continuity"":""NOT_MEASURED""}",NOT_PERFORMED,NOT_LINKED_TO_CANONICAL_TARGET_CURRENT_AUDIT,NOT_MEASURED,NOT_MEASURED,NOT_MEASURED,NOT_MEASURED,NOT_MEASURED,NOT_MEASURED,NOT_MEASURED,NOT_MEASURED,NOT_MEASURED,NOT_MEASURED,NOT_MEASURED,H,CANONICAL_STATIC_IDENTITY_DENOMINATOR,Incident evidence and journey owners,NOT_ESTABLISHED_CURRENT_AUDIT,"Create, update, and complete incident follow-up actions",NOT_ADJUDICATED_CURRENT_AUDIT,NOT_SCORED_CURRENT_AUDIT,NOT_SCORED_CURRENT_AUDIT,STATIC_CANONICAL_IDENTITY_FROZEN,INCOMPLETE_CANONICAL_STATIC_IDENTITY_ONLY,NOT_ADJUDICATED_CURRENT_AUDIT,NOT_ADJUDICATED_CURRENT_AUDIT,NOT_DETERMINED_CURRENT_AUDIT,ONE_OPERATING_ORGANISATION_MULTIPLE_SITES; FEATURE_SPECIFIC_ROLE_PERMISSION_SITE_OWNERSHIP_DIRECT_OBJECT_PRIVACY_BOUNDARY_NOT_ADJUDICATED,NOT_ESTABLISHED_CURRENT_AUDIT,NOT_ESTABLISHED_CURRENT_AUDIT,routes/incidents.php:106-118,NOT_ESTABLISHED_CURRENT_AUDIT,app/Http/Controllers/IncidentFollowupController.php:13,NOT_ESTABLISHED_CURRENT_AUDIT,NOT_ESTABLISHED_CURRENT_AUDIT,"Static canonical identity only: Create, update, and complete incident follow-up actions. Representative-role completion was not executed.",ROUTE_SOURCE_ANCHOR_ONLY_UNVALIDATED,ROUTE_SOURCE_ANCHOR_ONLY_UNVALIDATED,task-scripts/cap-inc-incident-followup-lifecycle.md,a0493442b9e392d324055c35bf25b69421dc2d35,f8cdaf81d83c71e4f5d064fdf88872b908ffaaa1,df6e1b1b357439ad1fd829bebf4e2d33d20d067d515eb945c352e2350a4194a4,f4feae2598622afe346b1163fed2bb842305a8d973a89ec890c02746d99b5999,false,false,false,false,false,"Static identity and source ownership only; no runtime, browser, executed-test, benchmark, ease, release, or completion credit."
TASK-CAP-INC-INCIDENT-REVIEW-CLOSURE,CAP-INC-INCIDENT-REVIEW-CLOSURE,Incidents,NOT_ESTABLISHED_CURRENT_AUDIT,Review and close an incident under incident journey rules,NOT_ESTABLISHED_CURRENT_AUDIT,Review and close an incident under incident journey rules,"NOT_ESTABLISHED_CURRENT_AUDIT; execution requires a documented representative role, approved Site/record scope where applicable, and resettable synthetic data.",SOURCE_BOUND_STATIC_IDENTITY_ONLY,NOT_EXECUTED_REPRESENTATIVE_ROLE,NOT_MEASURED,0-5; NOT_MEASURED is not 0,NOT_MEASURED,NOT_MEASURED,NOT_MEASURED,NOT_MEASURED,NOT_MEASURED,NOT_MEASURED,NOT_MEASURED,NOT_MEASURED,NOT_MEASURED,NOT_MEASURED,NOT_MEASURED,NOT_MEASURED,NOT_MEASURED,NOT_MEASURED,NOT_MEASURED,NOT_MEASURED,NOT_MEASURED,"{""discoverability"":""NOT_MEASURED"",""comprehension"":""NOT_MEASURED"",""learnability"":""NOT_MEASURED"",""efficiency"":""NOT_MEASURED"",""error_prevention"":""NOT_MEASURED"",""recovery"":""NOT_MEASURED"",""accessibility"":""NOT_MEASURED"",""safety_and_trust"":""NOT_MEASURED"",""consistency"":""NOT_MEASURED"",""cross_module_continuity"":""NOT_MEASURED""}",NOT_PERFORMED,NOT_LINKED_TO_CANONICAL_TARGET_CURRENT_AUDIT,NOT_MEASURED,NOT_MEASURED,NOT_MEASURED,NOT_MEASURED,NOT_MEASURED,NOT_MEASURED,NOT_MEASURED,NOT_MEASURED,NOT_MEASURED,NOT_MEASURED,NOT_MEASURED,H,CANONICAL_STATIC_IDENTITY_DENOMINATOR,IncidentController and IncidentJourney,NOT_ESTABLISHED_CURRENT_AUDIT,Review and close an incident under incident journey rules,NOT_ADJUDICATED_CURRENT_AUDIT,NOT_SCORED_CURRENT_AUDIT,NOT_SCORED_CURRENT_AUDIT,STATIC_CANONICAL_IDENTITY_FROZEN,INCOMPLETE_CANONICAL_STATIC_IDENTITY_ONLY,NOT_ADJUDICATED_CURRENT_AUDIT,NOT_ADJUDICATED_CURRENT_AUDIT,NOT_DETERMINED_CURRENT_AUDIT,ONE_OPERATING_ORGANISATION_MULTIPLE_SITES; FEATURE_SPECIFIC_ROLE_PERMISSION_SITE_OWNERSHIP_DIRECT_OBJECT_PRIVACY_BOUNDARY_NOT_ADJUDICATED,NOT_ESTABLISHED_CURRENT_AUDIT,NOT_ESTABLISHED_CURRENT_AUDIT,routes/incidents.php:16-139; routes/incidents.php:88-104,resources/js/pages/incidents/show.tsx,app/Http/Controllers/IncidentController.php:1475-1790; app/Services/Incidents/IncidentJourneyService.php:21,tests/Architecture/IncidentAlertLifecycleOwnershipBoundaryTest.php,NOT_ESTABLISHED_CURRENT_AUDIT,Static canonical identity only: Review and close an incident under incident journey rules. Representative-role completion was not executed.,ROUTE_AND_PAGE_SOURCE_ANCHORS_PRESENT_UNVALIDATED,ROUTE_AND_PAGE_SOURCE_ANCHORS_PRESENT_UNVALIDATED,task-scripts/cap-inc-incident-review-closure.md,a0493442b9e392d324055c35bf25b69421dc2d35,f8cdaf81d83c71e4f5d064fdf88872b908ffaaa1,df6e1b1b357439ad1fd829bebf4e2d33d20d067d515eb945c352e2350a4194a4,f4feae2598622afe346b1163fed2bb842305a8d973a89ec890c02746d99b5999,false,false,false,false,false,"Static identity and source ownership only; no runtime, browser, executed-test, benchmark, ease, release, or completion credit."
TASK-CAP-INT-API-KEY-ADMIN,CAP-INT-API-KEY-ADMIN,Integrations,NOT_ESTABLISHED_CURRENT_AUDIT,Issue and revoke API keys,NOT_ESTABLISHED_CURRENT_AUDIT,Issue and revoke API keys,"NOT_ESTABLISHED_CURRENT_AUDIT; execution requires a documented representative role, approved Site/record scope where applicable, and resettable synthetic data.",SOURCE_BOUND_STATIC_IDENTITY_ONLY,NOT_EXECUTED_REPRESENTATIVE_ROLE,NOT_MEASURED,0-5; NOT_MEASURED is not 0,NOT_MEASURED,NOT_MEASURED,NOT_MEASURED,NOT_MEASURED,NOT_MEASURED,NOT_MEASURED,NOT_MEASURED,NOT_MEASURED,NOT_MEASURED,NOT_MEASURED,NOT_MEASURED,NOT_MEASURED,NOT_MEASURED,NOT_MEASURED,NOT_MEASURED,NOT_MEASURED,NOT_MEASURED,"{""discoverability"":""NOT_MEASURED"",""comprehension"":""NOT_MEASURED"",""learnability"":""NOT_MEASURED"",""efficiency"":""NOT_MEASURED"",""error_prevention"":""NOT_MEASURED"",""recovery"":""NOT_MEASURED"",""accessibility"":""NOT_MEASURED"",""safety_and_trust"":""NOT_MEASURED"",""consistency"":""NOT_MEASURED"",""cross_module_continuity"":""NOT_MEASURED""}",NOT_PERFORMED,NOT_LINKED_TO_CANONICAL_TARGET_CURRENT_AUDIT,NOT_MEASURED,NOT_MEASURED,NOT_MEASURED,NOT_MEASURED,NOT_MEASURED,NOT_MEASURED,NOT_MEASURED,NOT_MEASURED,NOT_MEASURED,NOT_MEASURED,NOT_MEASURED,H,CANONICAL_STATIC_IDENTITY_DENOMINATOR,ApiSettingsController and integration settings owners,NOT_ESTABLISHED_CURRENT_AUDIT,Issue and revoke API keys,NOT_ADJUDICATED_CURRENT_AUDIT,NOT_SCORED_CURRENT_AUDIT,NOT_SCORED_CURRENT_AUDIT,STATIC_CANONICAL_IDENTITY_FROZEN,INCOMPLETE_CANONICAL_STATIC_IDENTITY_ONLY,NOT_ADJUDICATED_CURRENT_AUDIT,NOT_ADJUDICATED_CURRENT_AUDIT,NOT_DETERMINED_CURRENT_AUDIT,ONE_OPERATING_ORGANISATION_MULTIPLE_SITES; FEATURE_SPECIFIC_ROLE_PERMISSION_SITE_OWNERSHIP_DIRECT_OBJECT_PRIVACY_BOUNDARY_NOT_ADJUDICATED,NOT_ESTABLISHED_CURRENT_AUDIT,NOT_ESTABLISHED_CURRENT_AUDIT,routes/settings.php:201-219; routes/settings.php:205,NOT_ESTABLISHED_CURRENT_AUDIT,app/Http/Controllers/Settings/ApiSettingsController.php:17,tests/Browser/Settings/ApiSettingsInteractionTest.php:22-116,NOT_ESTABLISHED_CURRENT_AUDIT,Static canonical identity only: Issue and revoke API keys. Representative-role completion was not executed.,ROUTE_SOURCE_ANCHOR_ONLY_UNVALIDATED,ROUTE_SOURCE_ANCHOR_ONLY_UNVALIDATED,task-scripts/cap-int-api-key-admin.md,a0493442b9e392d324055c35bf25b69421dc2d35,f8cdaf81d83c71e4f5d064fdf88872b908ffaaa1,df6e1b1b357439ad1fd829bebf4e2d33d20d067d515eb945c352e2350a4194a4,f4feae2598622afe346b1163fed2bb842305a8d973a89ec890c02746d99b5999,false,false,false,false,false,"Static identity and source ownership only; no runtime, browser, executed-test, benchmark, ease, release, or completion credit."
TASK-CAP-INT-MAILBOX-CONNECTION,CAP-INT-MAILBOX-CONNECTION,Integrations,NOT_ESTABLISHED_CURRENT_AUDIT,Configure IT mailbox connections,NOT_ESTABLISHED_CURRENT_AUDIT,Configure IT mailbox connections,"NOT_ESTABLISHED_CURRENT_AUDIT; execution requires a documented representative role, approved Site/record scope where applicable, and resettable synthetic data.",SOURCE_BOUND_STATIC_IDENTITY_ONLY,NOT_EXECUTED_REPRESENTATIVE_ROLE,NOT_MEASURED,0-5; NOT_MEASURED is not 0,NOT_MEASURED,NOT_MEASURED,NOT_MEASURED,NOT_MEASURED,NOT_MEASURED,NOT_MEASURED,NOT_MEASURED,NOT_MEASURED,NOT_MEASURED,NOT_MEASURED,NOT_MEASURED,NOT_MEASURED,NOT_MEASURED,NOT_MEASURED,NOT_MEASURED,NOT_MEASURED,NOT_MEASURED,"{""discoverability"":""NOT_MEASURED"",""comprehension"":""NOT_MEASURED"",""learnability"":""NOT_MEASURED"",""efficiency"":""NOT_MEASURED"",""error_prevention"":""NOT_MEASURED"",""recovery"":""NOT_MEASURED"",""accessibility"":""NOT_MEASURED"",""safety_and_trust"":""NOT_MEASURED"",""consistency"":""NOT_MEASURED"",""cross_module_continuity"":""NOT_MEASURED""}",NOT_PERFORMED,NOT_LINKED_TO_CANONICAL_TARGET_CURRENT_AUDIT,NOT_MEASURED,NOT_MEASURED,NOT_MEASURED,NOT_MEASURED,NOT_MEASURED,NOT_MEASURED,NOT_MEASURED,NOT_MEASURED,NOT_MEASURED,NOT_MEASURED,NOT_MEASURED,H,CANONICAL_STATIC_IDENTITY_DENOMINATOR,ApiSettingsController and integration settings owners,NOT_ESTABLISHED_CURRENT_AUDIT,Configure IT mailbox connections,NOT_ADJUDICATED_CURRENT_AUDIT,NOT_SCORED_CURRENT_AUDIT,NOT_SCORED_CURRENT_AUDIT,STATIC_CANONICAL_IDENTITY_FROZEN,INCOMPLETE_CANONICAL_STATIC_IDENTITY_ONLY,NOT_ADJUDICATED_CURRENT_AUDIT,NOT_ADJUDICATED_CURRENT_AUDIT,NOT_DETERMINED_CURRENT_AUDIT,ONE_OPERATING_ORGANISATION_MULTIPLE_SITES; FEATURE_SPECIFIC_ROLE_PERMISSION_SITE_OWNERSHIP_DIRECT_OBJECT_PRIVACY_BOUNDARY_NOT_ADJUDICATED,NOT_ESTABLISHED_CURRENT_AUDIT,NOT_ESTABLISHED_CURRENT_AUDIT,routes/settings.php:201-219,NOT_ESTABLISHED_CURRENT_AUDIT,app/Http/Controllers/Settings/ItMailboxSettingsController.php:21,tests/Browser/Settings/ApiSettingsInteractionTest.php:22-116,NOT_ESTABLISHED_CURRENT_AUDIT,Static canonical identity only: Configure IT mailbox connections. Representative-role completion was not executed.,ROUTE_SOURCE_ANCHOR_ONLY_UNVALIDATED,ROUTE_SOURCE_ANCHOR_ONLY_UNVALIDATED,task-scripts/cap-int-mailbox-connection.md,a0493442b9e392d324055c35bf25b69421dc2d35,f8cdaf81d83c71e4f5d064fdf88872b908ffaaa1,df6e1b1b357439ad1fd829bebf4e2d33d20d067d515eb945c352e2350a4194a4,f4feae2598622afe346b1163fed2bb842305a8d973a89ec890c02746d99b5999,false,false,false,false,false,"Static identity and source ownership only; no runtime, browser, executed-test, benchmark, ease, release, or completion credit."
TASK-CAP-INT-OUTBOUND-WEBHOOK-CONNECTION,CAP-INT-OUTBOUND-WEBHOOK-CONNECTION,Integrations,NOT_ESTABLISHED_CURRENT_AUDIT,Configure and test outbound webhooks,NOT_ESTABLISHED_CURRENT_AUDIT,Configure and test outbound webhooks,"NOT_ESTABLISHED_CURRENT_AUDIT; execution requires a documented representative role, approved Site/record scope where applicable, and resettable synthetic data.",SOURCE_BOUND_STATIC_IDENTITY_ONLY,NOT_EXECUTED_REPRESENTATIVE_ROLE,NOT_MEASURED,0-5; NOT_MEASURED is not 0,NOT_MEASURED,NOT_MEASURED,NOT_MEASURED,NOT_MEASURED,NOT_MEASURED,NOT_MEASURED,NOT_MEASURED,NOT_MEASURED,NOT_MEASURED,NOT_MEASURED,NOT_MEASURED,NOT_MEASURED,NOT_MEASURED,NOT_MEASURED,NOT_MEASURED,NOT_MEASURED,NOT_MEASURED,"{""discoverability"":""NOT_MEASURED"",""comprehension"":""NOT_MEASURED"",""learnability"":""NOT_MEASURED"",""efficiency"":""NOT_MEASURED"",""error_prevention"":""NOT_MEASURED"",""recovery"":""NOT_MEASURED"",""accessibility"":""NOT_MEASURED"",""safety_and_trust"":""NOT_MEASURED"",""consistency"":""NOT_MEASURED"",""cross_module_continuity"":""NOT_MEASURED""}",NOT_PERFORMED,NOT_LINKED_TO_CANONICAL_TARGET_CURRENT_AUDIT,NOT_MEASURED,NOT_MEASURED,NOT_MEASURED,NOT_MEASURED,NOT_MEASURED,NOT_MEASURED,NOT_MEASURED,NOT_MEASURED,NOT_MEASURED,NOT_MEASURED,NOT_MEASURED,H,CANONICAL_STATIC_IDENTITY_DENOMINATOR,ApiSettingsController and integration settings owners,NOT_ESTABLISHED_CURRENT_AUDIT,Configure and test outbound webhooks,NOT_ADJUDICATED_CURRENT_AUDIT,NOT_SCORED_CURRENT_AUDIT,NOT_SCORED_CURRENT_AUDIT,STATIC_CANONICAL_IDENTITY_FROZEN,INCOMPLETE_CANONICAL_STATIC_IDENTITY_ONLY,NOT_ADJUDICATED_CURRENT_AUDIT,NOT_ADJUDICATED_CURRENT_AUDIT,NOT_DETERMINED_CURRENT_AUDIT,ONE_OPERATING_ORGANISATION_MULTIPLE_SITES; FEATURE_SPECIFIC_ROLE_PERMISSION_SITE_OWNERSHIP_DIRECT_OBJECT_PRIVACY_BOUNDARY_NOT_ADJUDICATED,NOT_ESTABLISHED_CURRENT_AUDIT,NOT_ESTABLISHED_CURRENT_AUDIT,routes/settings.php:201-219; routes/settings.php:211,NOT_ESTABLISHED_CURRENT_AUDIT,app/Http/Controllers/Settings/ApiSettingsController.php:17,tests/Browser/Settings/ApiSettingsInteractionTest.php:22-116,NOT_ESTABLISHED_CURRENT_AUDIT,Static canonical identity only: Configure and test outbound webhooks. Representative-role completion was not executed.,ROUTE_SOURCE_ANCHOR_ONLY_UNVALIDATED,ROUTE_SOURCE_ANCHOR_ONLY_UNVALIDATED,task-scripts/cap-int-outbound-webhook-connection.md,a0493442b9e392d324055c35bf25b69421dc2d35,f8cdaf81d83c71e4f5d064fdf88872b908ffaaa1,df6e1b1b357439ad1fd829bebf4e2d33d20d067d515eb945c352e2350a4194a4,f4feae2598622afe346b1163fed2bb842305a8d973a89ec890c02746d99b5999,false,false,false,false,false,"Static identity and source ownership only; no runtime, browser, executed-test, benchmark, ease, release, or completion credit."
TASK-CAP-INT-SITE-PROVIDER-CONNECTION,CAP-INT-SITE-PROVIDER-CONNECTION,Integrations,NOT_ESTABLISHED_CURRENT_AUDIT,Configure Site provider connections and governed secrets,NOT_ESTABLISHED_CURRENT_AUDIT,Configure Site provider connections and governed secrets,"NOT_ESTABLISHED_CURRENT_AUDIT; execution requires a documented representative role, approved Site/record scope where applicable, and resettable synthetic data.",SOURCE_BOUND_STATIC_IDENTITY_ONLY,NOT_EXECUTED_REPRESENTATIVE_ROLE,NOT_MEASURED,0-5; NOT_MEASURED is not 0,NOT_MEASURED,NOT_MEASURED,NOT_MEASURED,NOT_MEASURED,NOT_MEASURED,NOT_MEASURED,NOT_MEASURED,NOT_MEASURED,NOT_MEASURED,NOT_MEASURED,NOT_MEASURED,NOT_MEASURED,NOT_MEASURED,NOT_MEASURED,NOT_MEASURED,NOT_MEASURED,NOT_MEASURED,"{""discoverability"":""NOT_MEASURED"",""comprehension"":""NOT_MEASURED"",""learnability"":""NOT_MEASURED"",""efficiency"":""NOT_MEASURED"",""error_prevention"":""NOT_MEASURED"",""recovery"":""NOT_MEASURED"",""accessibility"":""NOT_MEASURED"",""safety_and_trust"":""NOT_MEASURED"",""consistency"":""NOT_MEASURED"",""cross_module_continuity"":""NOT_MEASURED""}",NOT_PERFORMED,NOT_LINKED_TO_CANONICAL_TARGET_CURRENT_AUDIT,NOT_MEASURED,NOT_MEASURED,NOT_MEASURED,NOT_MEASURED,NOT_MEASURED,NOT_MEASURED,NOT_MEASURED,NOT_MEASURED,NOT_MEASURED,NOT_MEASURED,NOT_MEASURED,H,CANONICAL_STATIC_IDENTITY_DENOMINATOR,Integration controllers and IntegrationSecretManager,NOT_ESTABLISHED_CURRENT_AUDIT,Configure Site provider connections and governed secrets,NOT_ADJUDICATED_CURRENT_AUDIT,NOT_SCORED_CURRENT_AUDIT,NOT_SCORED_CURRENT_AUDIT,STATIC_CANONICAL_IDENTITY_FROZEN,INCOMPLETE_CANONICAL_STATIC_IDENTITY_ONLY,NOT_ADJUDICATED_CURRENT_AUDIT,NOT_ADJUDICATED_CURRENT_AUDIT,NOT_DETERMINED_CURRENT_AUDIT,ONE_OPERATING_ORGANISATION_MULTIPLE_SITES; FEATURE_SPECIFIC_ROLE_PERMISSION_SITE_OWNERSHIP_DIRECT_OBJECT_PRIVACY_BOUNDARY_NOT_ADJUDICATED,resources/js/components/app-sidebar.tsx:1970-1975,NOT_ESTABLISHED_CURRENT_AUDIT,routes/security-devices.php:385-387; routes/security-devices.php:504; routes/security-devices.php:504-520; routes/security-devices.php:508-509; routes/security-devices.php:598-599; routes/security-devices.php:598-614; routes/sites.php:423-447; routes/sites.php:77-78,resources/js/pages/security-devices/integrations.tsx:468-555; resources/js/pages/security-devices/integrations/milesight.tsx:146-790; resources/js/pages/security-devices/integrations/unifi.tsx:263-683,app/Domain/SecurityDevices/Http/Controllers/Integrations/MilesightController.php:39-381; app/Domain/SecurityDevices/Http/Controllers/Integrations/UnifiController.php:53-513; app/Http/Controllers/Sites/SiteIntegrationController.php:253-290; app/Http/Controllers/Sites/SiteIntegrationController.php:29-162; app/Http/Controllers/Sites/SiteIntegrationController.php:504-582; app/Http/Controllers/Sites/SiteIntegrationController.php:94-101; app/Http/Controllers/Sites/SiteIntegrationController.php:94-603; app/Models/Integration/IntegrationProviderConnection.php:20-99; app/Models/Integration/IntegrationSiteConfig.php:15-88; app/Models/Integration/IntegrationSiteSecret.php:14-75; app/Policies/SitePolicy.php:20-34; app/Services/Integration/IntegrationSecretManager.php:21; app/Services/Integration/IntegrationSecretManager.php:21-130; app/Services/Integration/IntegrationSecretManager.php:41-600,tests/Feature/Integrations/UnifiTransportSecurityTest.php:51-166; tests/Feature/SecurityDevices/IntegrationProviderSecretCutoverTest.php:267-445; tests/Feature/SecurityDevices/MilesightCommonContractTest.php:38-91; tests/Feature/SecurityDevices/UnifiSettingsRefactorTest.php:67-317; tests/Feature/Sites/SiteIntegrationMutationSafetyTest.php:74-189; tests/Feature/Sites/SiteIntegrationReadBoundaryTest.php:20-94,NOT_ESTABLISHED_CURRENT_AUDIT,Static canonical identity only: Configure Site provider connections and governed secrets. Representative-role completion was not executed.,ROUTE_AND_PAGE_SOURCE_ANCHORS_PRESENT_UNVALIDATED,ROUTE_AND_PAGE_SOURCE_ANCHORS_PRESENT_UNVALIDATED,task-scripts/cap-int-site-provider-connection.md,a0493442b9e392d324055c35bf25b69421dc2d35,f8cdaf81d83c71e4f5d064fdf88872b908ffaaa1,df6e1b1b357439ad1fd829bebf4e2d33d20d067d515eb945c352e2350a4194a4,f4feae2598622afe346b1163fed2bb842305a8d973a89ec890c02746d99b5999,false,false,false,false,false,"Static identity and source ownership only; no runtime, browser, executed-test, benchmark, ease, release, or completion credit."
TASK-CAP-INT-SITE-RESOURCE-CALENDAR-CONNECTION,CAP-INT-SITE-RESOURCE-CALENDAR-CONNECTION,Integrations,NOT_ESTABLISHED_CURRENT_AUDIT,"Configure application-level calendar provider connections, approved-Site resource mappings, cadence, and conflict policy.",NOT_ESTABLISHED_CURRENT_AUDIT,"Configure application-level calendar provider connections, approved-Site resource mappings, cadence, and conflict policy.","NOT_ESTABLISHED_CURRENT_AUDIT; execution requires a documented representative role, approved Site/record scope where applicable, and resettable synthetic data.",SOURCE_BOUND_STATIC_IDENTITY_ONLY,NOT_EXECUTED_REPRESENTATIVE_ROLE,NOT_MEASURED,0-5; NOT_MEASURED is not 0,NOT_MEASURED,NOT_MEASURED,NOT_MEASURED,NOT_MEASURED,NOT_MEASURED,NOT_MEASURED,NOT_MEASURED,NOT_MEASURED,NOT_MEASURED,NOT_MEASURED,NOT_MEASURED,NOT_MEASURED,NOT_MEASURED,NOT_MEASURED,NOT_MEASURED,NOT_MEASURED,NOT_MEASURED,"{""discoverability"":""NOT_MEASURED"",""comprehension"":""NOT_MEASURED"",""learnability"":""NOT_MEASURED"",""efficiency"":""NOT_MEASURED"",""error_prevention"":""NOT_MEASURED"",""recovery"":""NOT_MEASURED"",""accessibility"":""NOT_MEASURED"",""safety_and_trust"":""NOT_MEASURED"",""consistency"":""NOT_MEASURED"",""cross_module_continuity"":""NOT_MEASURED""}",NOT_PERFORMED,NOT_LINKED_TO_CANONICAL_TARGET_CURRENT_AUDIT,NOT_MEASURED,NOT_MEASURED,NOT_MEASURED,NOT_MEASURED,NOT_MEASURED,NOT_MEASURED,NOT_MEASURED,NOT_MEASURED,NOT_MEASURED,NOT_MEASURED,NOT_MEASURED,H,CANONICAL_STATIC_IDENTITY_DENOMINATOR,CalendarSyncSettingsController and CalendarSyncOAuthController,NOT_ESTABLISHED_CURRENT_AUDIT,"Configure application-level calendar provider connections, approved-Site resource mappings, cadence, and conflict policy.",NOT_ADJUDICATED_CURRENT_AUDIT,NOT_SCORED_CURRENT_AUDIT,NOT_SCORED_CURRENT_AUDIT,STATIC_CANONICAL_IDENTITY_FROZEN,INCOMPLETE_CANONICAL_STATIC_IDENTITY_ONLY,NOT_ADJUDICATED_CURRENT_AUDIT,NOT_ADJUDICATED_CURRENT_AUDIT,NOT_DETERMINED_CURRENT_AUDIT,ONE_OPERATING_ORGANISATION_MULTIPLE_SITES; FEATURE_SPECIFIC_ROLE_PERMISSION_SITE_OWNERSHIP_DIRECT_OBJECT_PRIVACY_BOUNDARY_NOT_ADJUDICATED,NOT_ESTABLISHED_CURRENT_AUDIT,NOT_ESTABLISHED_CURRENT_AUDIT,routes/settings.php:312-331,NOT_ESTABLISHED_CURRENT_AUDIT,app/Http/Controllers/Settings/CalendarSyncOAuthController.php:12-109; app/Http/Controllers/Settings/CalendarSyncSettingsController.php:22-260,NOT_ESTABLISHED_CURRENT_AUDIT,NOT_ESTABLISHED_CURRENT_AUDIT,"Static canonical identity only: Configure application-level calendar provider connections, approved-Site resource mappings, cadence, and conflict policy.. Representative-role completion was not executed.",ROUTE_SOURCE_ANCHOR_ONLY_UNVALIDATED,ROUTE_SOURCE_ANCHOR_ONLY_UNVALIDATED,task-scripts/cap-int-site-resource-calendar-connection.md,a0493442b9e392d324055c35bf25b69421dc2d35,f8cdaf81d83c71e4f5d064fdf88872b908ffaaa1,df6e1b1b357439ad1fd829bebf4e2d33d20d067d515eb945c352e2350a4194a4,f4feae2598622afe346b1163fed2bb842305a8d973a89ec890c02746d99b5999,false,false,false,false,false,"Static identity and source ownership only; no runtime, browser, executed-test, benchmark, ease, release, or completion credit."
TASK-CAP-IT-AGENT-TICKET-WORKFLOW,CAP-IT-AGENT-TICKET-WORKFLOW,IT & Support,NOT_ESTABLISHED_CURRENT_AUDIT,"Triage, assign, merge, approve, and complete authorised IT work",NOT_ESTABLISHED_CURRENT_AUDIT,"Triage, assign, merge, approve, and complete authorised IT work","NOT_ESTABLISHED_CURRENT_AUDIT; execution requires a documented representative role, approved Site/record scope where applicable, and resettable synthetic data.",SOURCE_BOUND_STATIC_IDENTITY_ONLY,NOT_EXECUTED_REPRESENTATIVE_ROLE,NOT_MEASURED,0-5; NOT_MEASURED is not 0,NOT_MEASURED,NOT_MEASURED,NOT_MEASURED,NOT_MEASURED,NOT_MEASURED,NOT_MEASURED,NOT_MEASURED,NOT_MEASURED,NOT_MEASURED,NOT_MEASURED,NOT_MEASURED,NOT_MEASURED,NOT_MEASURED,NOT_MEASURED,NOT_MEASURED,NOT_MEASURED,NOT_MEASURED,"{""discoverability"":""NOT_MEASURED"",""comprehension"":""NOT_MEASURED"",""learnability"":""NOT_MEASURED"",""efficiency"":""NOT_MEASURED"",""error_prevention"":""NOT_MEASURED"",""recovery"":""NOT_MEASURED"",""accessibility"":""NOT_MEASURED"",""safety_and_trust"":""NOT_MEASURED"",""consistency"":""NOT_MEASURED"",""cross_module_continuity"":""NOT_MEASURED""}",NOT_PERFORMED,NOT_LINKED_TO_CANONICAL_TARGET_CURRENT_AUDIT,NOT_MEASURED,NOT_MEASURED,NOT_MEASURED,NOT_MEASURED,NOT_MEASURED,NOT_MEASURED,NOT_MEASURED,NOT_MEASURED,NOT_MEASURED,NOT_MEASURED,NOT_MEASURED,H,CANONICAL_STATIC_IDENTITY_DENOMINATOR,ItTicketTriageService and work-task services,NOT_ESTABLISHED_CURRENT_AUDIT,"Triage, assign, merge, approve, and complete authorised IT work",NOT_ADJUDICATED_CURRENT_AUDIT,NOT_SCORED_CURRENT_AUDIT,NOT_SCORED_CURRENT_AUDIT,STATIC_CANONICAL_IDENTITY_FROZEN,INCOMPLETE_CANONICAL_STATIC_IDENTITY_ONLY,NOT_ADJUDICATED_CURRENT_AUDIT,NOT_ADJUDICATED_CURRENT_AUDIT,NOT_DETERMINED_CURRENT_AUDIT,ONE_OPERATING_ORGANISATION_MULTIPLE_SITES; FEATURE_SPECIFIC_ROLE_PERMISSION_SITE_OWNERSHIP_DIRECT_OBJECT_PRIVACY_BOUNDARY_NOT_ADJUDICATED,NOT_ESTABLISHED_CURRENT_AUDIT,NOT_ESTABLISHED_CURRENT_AUDIT,NOT_ESTABLISHED_CURRENT_AUDIT,NOT_ESTABLISHED_CURRENT_AUDIT,app/Domain/It/Services/ItTicketTriageService.php:51-397,tests/Feature/It/ItWorkAccessControllerTest.php:113-409,NOT_ESTABLISHED_CURRENT_AUDIT,"Static canonical identity only: Triage, assign, merge, approve, and complete authorised IT work. Representative-role completion was not executed.",NOT_ESTABLISHED_CURRENT_AUDIT_NO_ROUTE_OR_PAGE_ANCHOR,NOT_ESTABLISHED_CURRENT_AUDIT_NO_ROUTE_OR_PAGE_ANCHOR,task-scripts/cap-it-agent-ticket-workflow.md,a0493442b9e392d324055c35bf25b69421dc2d35,f8cdaf81d83c71e4f5d064fdf88872b908ffaaa1,df6e1b1b357439ad1fd829bebf4e2d33d20d067d515eb945c352e2350a4194a4,f4feae2598622afe346b1163fed2bb842305a8d973a89ec890c02746d99b5999,false,false,false,false,false,"Static identity and source ownership only; no runtime, browser, executed-test, benchmark, ease, release, or completion credit."
TASK-CAP-IT-CHANGE-LIFECYCLE,CAP-IT-CHANGE-LIFECYCLE,IT & Support,NOT_ESTABLISHED_CURRENT_AUDIT,Create and transition IT changes,NOT_ESTABLISHED_CURRENT_AUDIT,Create and transition IT changes,"NOT_ESTABLISHED_CURRENT_AUDIT; execution requires a documented representative role, approved Site/record scope where applicable, and resettable synthetic data.",SOURCE_BOUND_STATIC_IDENTITY_ONLY,NOT_EXECUTED_REPRESENTATIVE_ROLE,NOT_MEASURED,0-5; NOT_MEASURED is not 0,NOT_MEASURED,NOT_MEASURED,NOT_MEASURED,NOT_MEASURED,NOT_MEASURED,NOT_MEASURED,NOT_MEASURED,NOT_MEASURED,NOT_MEASURED,NOT_MEASURED,NOT_MEASURED,NOT_MEASURED,NOT_MEASURED,NOT_MEASURED,NOT_MEASURED,NOT_MEASURED,NOT_MEASURED,"{""discoverability"":""NOT_MEASURED"",""comprehension"":""NOT_MEASURED"",""learnability"":""NOT_MEASURED"",""efficiency"":""NOT_MEASURED"",""error_prevention"":""NOT_MEASURED"",""recovery"":""NOT_MEASURED"",""accessibility"":""NOT_MEASURED"",""safety_and_trust"":""NOT_MEASURED"",""consistency"":""NOT_MEASURED"",""cross_module_continuity"":""NOT_MEASURED""}",NOT_PERFORMED,NOT_LINKED_TO_CANONICAL_TARGET_CURRENT_AUDIT,NOT_MEASURED,NOT_MEASURED,NOT_MEASURED,NOT_MEASURED,NOT_MEASURED,NOT_MEASURED,NOT_MEASURED,NOT_MEASURED,NOT_MEASURED,NOT_MEASURED,NOT_MEASURED,H,CANONICAL_STATIC_IDENTITY_DENOMINATOR,"IT service, change, problem, and major-incident services",NOT_ESTABLISHED_CURRENT_AUDIT,Create and transition IT changes,NOT_ADJUDICATED_CURRENT_AUDIT,NOT_SCORED_CURRENT_AUDIT,NOT_SCORED_CURRENT_AUDIT,STATIC_CANONICAL_IDENTITY_FROZEN,INCOMPLETE_CANONICAL_STATIC_IDENTITY_ONLY,NOT_ADJUDICATED_CURRENT_AUDIT,NOT_ADJUDICATED_CURRENT_AUDIT,NOT_DETERMINED_CURRENT_AUDIT,ONE_OPERATING_ORGANISATION_MULTIPLE_SITES; FEATURE_SPECIFIC_ROLE_PERMISSION_SITE_OWNERSHIP_DIRECT_OBJECT_PRIVACY_BOUNDARY_NOT_ADJUDICATED,NOT_ESTABLISHED_CURRENT_AUDIT,NOT_ESTABLISHED_CURRENT_AUDIT,NOT_ESTABLISHED_CURRENT_AUDIT,NOT_ESTABLISHED_CURRENT_AUDIT,app/Domain/It/Services/ItChangeService.php:21; app/Domain/It/Services/ItMajorIncidentService.php:33-397,tests/Feature/It/ItWorkAccessControllerTest.php:441-477,NOT_ESTABLISHED_CURRENT_AUDIT,Static canonical identity only: Create and transition IT changes. Representative-role completion was not executed.,NOT_ESTABLISHED_CURRENT_AUDIT_NO_ROUTE_OR_PAGE_ANCHOR,NOT_ESTABLISHED_CURRENT_AUDIT_NO_ROUTE_OR_PAGE_ANCHOR,task-scripts/cap-it-change-lifecycle.md,a0493442b9e392d324055c35bf25b69421dc2d35,f8cdaf81d83c71e4f5d064fdf88872b908ffaaa1,df6e1b1b357439ad1fd829bebf4e2d33d20d067d515eb945c352e2350a4194a4,f4feae2598622afe346b1163fed2bb842305a8d973a89ec890c02746d99b5999,false,false,false,false,false,"Static identity and source ownership only; no runtime, browser, executed-test, benchmark, ease, release, or completion credit."
TASK-CAP-IT-KNOWLEDGE-BASE,CAP-IT-KNOWLEDGE-BASE,IT & Support,NOT_ESTABLISHED_CURRENT_AUDIT,Browse Site-eligible published guidance and provide feedback; authorised IT managers govern article lifecycle.,NOT_ESTABLISHED_CURRENT_AUDIT,Browse Site-eligible published guidance and provide feedback; authorised IT managers govern article lifecycle.,"NOT_ESTABLISHED_CURRENT_AUDIT; execution requires a documented representative role, approved Site/record scope where applicable, and resettable synthetic data.",SOURCE_BOUND_STATIC_IDENTITY_ONLY,NOT_EXECUTED_REPRESENTATIVE_ROLE,NOT_MEASURED,0-5; NOT_MEASURED is not 0,NOT_MEASURED,NOT_MEASURED,NOT_MEASURED,NOT_MEASURED,NOT_MEASURED,NOT_MEASURED,NOT_MEASURED,NOT_MEASURED,NOT_MEASURED,NOT_MEASURED,NOT_MEASURED,NOT_MEASURED,NOT_MEASURED,NOT_MEASURED,NOT_MEASURED,NOT_MEASURED,NOT_MEASURED,"{""discoverability"":""NOT_MEASURED"",""comprehension"":""NOT_MEASURED"",""learnability"":""NOT_MEASURED"",""efficiency"":""NOT_MEASURED"",""error_prevention"":""NOT_MEASURED"",""recovery"":""NOT_MEASURED"",""accessibility"":""NOT_MEASURED"",""safety_and_trust"":""NOT_MEASURED"",""consistency"":""NOT_MEASURED"",""cross_module_continuity"":""NOT_MEASURED""}",NOT_PERFORMED,NOT_LINKED_TO_CANONICAL_TARGET_CURRENT_AUDIT,NOT_MEASURED,NOT_MEASURED,NOT_MEASURED,NOT_MEASURED,NOT_MEASURED,NOT_MEASURED,NOT_MEASURED,NOT_MEASURED,NOT_MEASURED,NOT_MEASURED,NOT_MEASURED,H,CANONICAL_STATIC_IDENTITY_DENOMINATOR,record: ItKbArticle; controller: ItKbController; service: ItKbLifecycleService; policy: ItKbLifecycleService authority and audience guards,NOT_ESTABLISHED_CURRENT_AUDIT,Browse Site-eligible published guidance and provide feedback; authorised IT managers govern article lifecycle.,NOT_ADJUDICATED_CURRENT_AUDIT,NOT_SCORED_CURRENT_AUDIT,NOT_SCORED_CURRENT_AUDIT,STATIC_CANONICAL_IDENTITY_FROZEN,INCOMPLETE_CANONICAL_STATIC_IDENTITY_ONLY,NOT_ADJUDICATED_CURRENT_AUDIT,NOT_ADJUDICATED_CURRENT_AUDIT,NOT_DETERMINED_CURRENT_AUDIT,ONE_OPERATING_ORGANISATION_MULTIPLE_SITES; FEATURE_SPECIFIC_ROLE_PERMISSION_SITE_OWNERSHIP_DIRECT_OBJECT_PRIVACY_BOUNDARY_NOT_ADJUDICATED,app/Domain/It/ItModuleNavigation.php:29-43; resources/js/components/app-sidebar.tsx:582-591,NOT_ESTABLISHED_CURRENT_AUDIT,routes/web.php:163-164; routes/web.php:212-215; routes/web.php:217-278; routes/web.php:271-278,resources/js/pages/it/index.tsx:2692-2918,app/Domain/It/ItModuleNavigation.php:29-43; app/Domain/It/Services/ItKbLifecycleService.php:26-316; app/Domain/It/Services/ItKbLifecycleService.php:263-316; app/Domain/It/Services/ItWorkAccessService.php:78-356; app/Http/Controllers/It/ItKbController.php:28-141; app/Http/Controllers/It/ItProvisioningController.php:1310-1404; app/Models/ItKbArticle.php:17-99,tests/Feature/It/ItKbTest.php:25-205; tests/Feature/It/ItTicketAuthzTest.php:37-172; tests/Feature/It/ItTicketWorkspaceTest.php:682-708,NOT_ESTABLISHED_CURRENT_AUDIT,Static canonical identity only: Browse Site-eligible published guidance and provide feedback; authorised IT managers govern article lifecycle.. Representative-role completion was not executed.,ROUTE_AND_PAGE_SOURCE_ANCHORS_PRESENT_UNVALIDATED,ROUTE_AND_PAGE_SOURCE_ANCHORS_PRESENT_UNVALIDATED,task-scripts/cap-it-knowledge-base.md,a0493442b9e392d324055c35bf25b69421dc2d35,f8cdaf81d83c71e4f5d064fdf88872b908ffaaa1,df6e1b1b357439ad1fd829bebf4e2d33d20d067d515eb945c352e2350a4194a4,f4feae2598622afe346b1163fed2bb842305a8d973a89ec890c02746d99b5999,false,false,false,false,false,"Static identity and source ownership only; no runtime, browser, executed-test, benchmark, ease, release, or completion credit."
TASK-CAP-IT-MAJOR-INCIDENT-LIFECYCLE,CAP-IT-MAJOR-INCIDENT-LIFECYCLE,IT & Support,NOT_ESTABLISHED_CURRENT_AUDIT,"Create, update, and transition major IT incidents",NOT_ESTABLISHED_CURRENT_AUDIT,"Create, update, and transition major IT incidents","NOT_ESTABLISHED_CURRENT_AUDIT; execution requires a documented representative role, approved Site/record scope where applicable, and resettable synthetic data.",SOURCE_BOUND_STATIC_IDENTITY_ONLY,NOT_EXECUTED_REPRESENTATIVE_ROLE,NOT_MEASURED,0-5; NOT_MEASURED is not 0,NOT_MEASURED,NOT_MEASURED,NOT_MEASURED,NOT_MEASURED,NOT_MEASURED,NOT_MEASURED,NOT_MEASURED,NOT_MEASURED,NOT_MEASURED,NOT_MEASURED,NOT_MEASURED,NOT_MEASURED,NOT_MEASURED,NOT_MEASURED,NOT_MEASURED,NOT_MEASURED,NOT_MEASURED,"{""discoverability"":""NOT_MEASURED"",""comprehension"":""NOT_MEASURED"",""learnability"":""NOT_MEASURED"",""efficiency"":""NOT_MEASURED"",""error_prevention"":""NOT_MEASURED"",""recovery"":""NOT_MEASURED"",""accessibility"":""NOT_MEASURED"",""safety_and_trust"":""NOT_MEASURED"",""consistency"":""NOT_MEASURED"",""cross_module_continuity"":""NOT_MEASURED""}",NOT_PERFORMED,NOT_LINKED_TO_CANONICAL_TARGET_CURRENT_AUDIT,NOT_MEASURED,NOT_MEASURED,NOT_MEASURED,NOT_MEASURED,NOT_MEASURED,NOT_MEASURED,NOT_MEASURED,NOT_MEASURED,NOT_MEASURED,NOT_MEASURED,NOT_MEASURED,H,CANONICAL_STATIC_IDENTITY_DENOMINATOR,"IT service, change, problem, and major-incident services",NOT_ESTABLISHED_CURRENT_AUDIT,"Create, update, and transition major IT incidents",NOT_ADJUDICATED_CURRENT_AUDIT,NOT_SCORED_CURRENT_AUDIT,NOT_SCORED_CURRENT_AUDIT,STATIC_CANONICAL_IDENTITY_FROZEN,INCOMPLETE_CANONICAL_STATIC_IDENTITY_ONLY,NOT_ADJUDICATED_CURRENT_AUDIT,NOT_ADJUDICATED_CURRENT_AUDIT,NOT_DETERMINED_CURRENT_AUDIT,ONE_OPERATING_ORGANISATION_MULTIPLE_SITES; FEATURE_SPECIFIC_ROLE_PERMISSION_SITE_OWNERSHIP_DIRECT_OBJECT_PRIVACY_BOUNDARY_NOT_ADJUDICATED,NOT_ESTABLISHED_CURRENT_AUDIT,NOT_ESTABLISHED_CURRENT_AUDIT,NOT_ESTABLISHED_CURRENT_AUDIT,NOT_ESTABLISHED_CURRENT_AUDIT,app/Domain/It/Services/ItMajorIncidentService.php:24; app/Domain/It/Services/ItMajorIncidentService.php:33-397,tests/Feature/It/ItWorkAccessControllerTest.php:441-477,NOT_ESTABLISHED_CURRENT_AUDIT,"Static canonical identity only: Create, update, and transition major IT incidents. Representative-role completion was not executed.",NOT_ESTABLISHED_CURRENT_AUDIT_NO_ROUTE_OR_PAGE_ANCHOR,NOT_ESTABLISHED_CURRENT_AUDIT_NO_ROUTE_OR_PAGE_ANCHOR,task-scripts/cap-it-major-incident-lifecycle.md,a0493442b9e392d324055c35bf25b69421dc2d35,f8cdaf81d83c71e4f5d064fdf88872b908ffaaa1,df6e1b1b357439ad1fd829bebf4e2d33d20d067d515eb945c352e2350a4194a4,f4feae2598622afe346b1163fed2bb842305a8d973a89ec890c02746d99b5999,false,false,false,false,false,"Static identity and source ownership only; no runtime, browser, executed-test, benchmark, ease, release, or completion credit."
TASK-CAP-IT-PROBLEM-LIFECYCLE,CAP-IT-PROBLEM-LIFECYCLE,IT & Support,NOT_ESTABLISHED_CURRENT_AUDIT,Create and transition IT problems,NOT_ESTABLISHED_CURRENT_AUDIT,Create and transition IT problems,"NOT_ESTABLISHED_CURRENT_AUDIT; execution requires a documented representative role, approved Site/record scope where applicable, and resettable synthetic data.",SOURCE_BOUND_STATIC_IDENTITY_ONLY,NOT_EXECUTED_REPRESENTATIVE_ROLE,NOT_MEASURED,0-5; NOT_MEASURED is not 0,NOT_MEASURED,NOT_MEASURED,NOT_MEASURED,NOT_MEASURED,NOT_MEASURED,NOT_MEASURED,NOT_MEASURED,NOT_MEASURED,NOT_MEASURED,NOT_MEASURED,NOT_MEASURED,NOT_MEASURED,NOT_MEASURED,NOT_MEASURED,NOT_MEASURED,NOT_MEASURED,NOT_MEASURED,"{""discoverability"":""NOT_MEASURED"",""comprehension"":""NOT_MEASURED"",""learnability"":""NOT_MEASURED"",""efficiency"":""NOT_MEASURED"",""error_prevention"":""NOT_MEASURED"",""recovery"":""NOT_MEASURED"",""accessibility"":""NOT_MEASURED"",""safety_and_trust"":""NOT_MEASURED"",""consistency"":""NOT_MEASURED"",""cross_module_continuity"":""NOT_MEASURED""}",NOT_PERFORMED,NOT_LINKED_TO_CANONICAL_TARGET_CURRENT_AUDIT,NOT_MEASURED,NOT_MEASURED,NOT_MEASURED,NOT_MEASURED,NOT_MEASURED,NOT_MEASURED,NOT_MEASURED,NOT_MEASURED,NOT_MEASURED,NOT_MEASURED,NOT_MEASURED,H,CANONICAL_STATIC_IDENTITY_DENOMINATOR,"IT service, change, problem, and major-incident services",NOT_ESTABLISHED_CURRENT_AUDIT,Create and transition IT problems,NOT_ADJUDICATED_CURRENT_AUDIT,NOT_SCORED_CURRENT_AUDIT,NOT_SCORED_CURRENT_AUDIT,STATIC_CANONICAL_IDENTITY_FROZEN,INCOMPLETE_CANONICAL_STATIC_IDENTITY_ONLY,NOT_ADJUDICATED_CURRENT_AUDIT,NOT_ADJUDICATED_CURRENT_AUDIT,NOT_DETERMINED_CURRENT_AUDIT,ONE_OPERATING_ORGANISATION_MULTIPLE_SITES; FEATURE_SPECIFIC_ROLE_PERMISSION_SITE_OWNERSHIP_DIRECT_OBJECT_PRIVACY_BOUNDARY_NOT_ADJUDICATED,NOT_ESTABLISHED_CURRENT_AUDIT,NOT_ESTABLISHED_CURRENT_AUDIT,NOT_ESTABLISHED_CURRENT_AUDIT,NOT_ESTABLISHED_CURRENT_AUDIT,app/Domain/It/Services/ItMajorIncidentService.php:33-397; app/Domain/It/Services/ItProblemService.php:16,tests/Feature/It/ItWorkAccessControllerTest.php:441-477,NOT_ESTABLISHED_CURRENT_AUDIT,Static canonical identity only: Create and transition IT problems. Representative-role completion was not executed.,NOT_ESTABLISHED_CURRENT_AUDIT_NO_ROUTE_OR_PAGE_ANCHOR,NOT_ESTABLISHED_CURRENT_AUDIT_NO_ROUTE_OR_PAGE_ANCHOR,task-scripts/cap-it-problem-lifecycle.md,a0493442b9e392d324055c35bf25b69421dc2d35,f8cdaf81d83c71e4f5d064fdf88872b908ffaaa1,df6e1b1b357439ad1fd829bebf4e2d33d20d067d515eb945c352e2350a4194a4,f4feae2598622afe346b1163fed2bb842305a8d973a89ec890c02746d99b5999,false,false,false,false,false,"Static identity and source ownership only; no runtime, browser, executed-test, benchmark, ease, release, or completion credit."
TASK-CAP-IT-PROVISIONING-LIFECYCLE,CAP-IT-PROVISIONING-LIFECYCLE,IT & Support,NOT_ESTABLISHED_CURRENT_AUDIT,"Create, approve, fulfil, fail, or cancel provisioning requests",NOT_ESTABLISHED_CURRENT_AUDIT,"Create, approve, fulfil, fail, or cancel provisioning requests","NOT_ESTABLISHED_CURRENT_AUDIT; execution requires a documented representative role, approved Site/record scope where applicable, and resettable synthetic data.",SOURCE_BOUND_STATIC_IDENTITY_ONLY,NOT_EXECUTED_REPRESENTATIVE_ROLE,NOT_MEASURED,0-5; NOT_MEASURED is not 0,NOT_MEASURED,NOT_MEASURED,NOT_MEASURED,NOT_MEASURED,NOT_MEASURED,NOT_MEASURED,NOT_MEASURED,NOT_MEASURED,NOT_MEASURED,NOT_MEASURED,NOT_MEASURED,NOT_MEASURED,NOT_MEASURED,NOT_MEASURED,NOT_MEASURED,NOT_MEASURED,NOT_MEASURED,"{""discoverability"":""NOT_MEASURED"",""comprehension"":""NOT_MEASURED"",""learnability"":""NOT_MEASURED"",""efficiency"":""NOT_MEASURED"",""error_prevention"":""NOT_MEASURED"",""recovery"":""NOT_MEASURED"",""accessibility"":""NOT_MEASURED"",""safety_and_trust"":""NOT_MEASURED"",""consistency"":""NOT_MEASURED"",""cross_module_continuity"":""NOT_MEASURED""}",NOT_PERFORMED,NOT_LINKED_TO_CANONICAL_TARGET_CURRENT_AUDIT,NOT_MEASURED,NOT_MEASURED,NOT_MEASURED,NOT_MEASURED,NOT_MEASURED,NOT_MEASURED,NOT_MEASURED,NOT_MEASURED,NOT_MEASURED,NOT_MEASURED,NOT_MEASURED,H,CANONICAL_STATIC_IDENTITY_DENOMINATOR,ItProvisioningRequestLifecycleService,NOT_ESTABLISHED_CURRENT_AUDIT,"Create, approve, fulfil, fail, or cancel provisioning requests",NOT_ADJUDICATED_CURRENT_AUDIT,NOT_SCORED_CURRENT_AUDIT,NOT_SCORED_CURRENT_AUDIT,STATIC_CANONICAL_IDENTITY_FROZEN,INCOMPLETE_CANONICAL_STATIC_IDENTITY_ONLY,NOT_ADJUDICATED_CURRENT_AUDIT,NOT_ADJUDICATED_CURRENT_AUDIT,NOT_DETERMINED_CURRENT_AUDIT,ONE_OPERATING_ORGANISATION_MULTIPLE_SITES; FEATURE_SPECIFIC_ROLE_PERMISSION_SITE_OWNERSHIP_DIRECT_OBJECT_PRIVACY_BOUNDARY_NOT_ADJUDICATED,NOT_ESTABLISHED_CURRENT_AUDIT,NOT_ESTABLISHED_CURRENT_AUDIT,NOT_ESTABLISHED_CURRENT_AUDIT,NOT_ESTABLISHED_CURRENT_AUDIT,app/Domain/It/Services/ItProvisioningRequestLifecycleService.php:32-392,tests/Feature/It/ItProvisioningTest.php:150-248,NOT_ESTABLISHED_CURRENT_AUDIT,"Static canonical identity only: Create, approve, fulfil, fail, or cancel provisioning requests. Representative-role completion was not executed.",NOT_ESTABLISHED_CURRENT_AUDIT_NO_ROUTE_OR_PAGE_ANCHOR,NOT_ESTABLISHED_CURRENT_AUDIT_NO_ROUTE_OR_PAGE_ANCHOR,task-scripts/cap-it-provisioning-lifecycle.md,a0493442b9e392d324055c35bf25b69421dc2d35,f8cdaf81d83c71e4f5d064fdf88872b908ffaaa1,df6e1b1b357439ad1fd829bebf4e2d33d20d067d515eb945c352e2350a4194a4,f4feae2598622afe346b1163fed2bb842305a8d973a89ec890c02746d99b5999,false,false,false,false,false,"Static identity and source ownership only; no runtime, browser, executed-test, benchmark, ease, release, or completion credit."
TASK-CAP-IT-SELF-SERVICE-TICKET,CAP-IT-SELF-SERVICE-TICKET,IT & Support,NOT_ESTABLISHED_CURRENT_AUDIT,"Raise a support ticket and track, comment on, reopen, or rate the actor's own ticket.",NOT_ESTABLISHED_CURRENT_AUDIT,"Raise a support ticket and track, comment on, reopen, or rate the actor's own ticket.","NOT_ESTABLISHED_CURRENT_AUDIT; execution requires a documented representative role, approved Site/record scope where applicable, and resettable synthetic data.",SOURCE_BOUND_STATIC_IDENTITY_ONLY,NOT_EXECUTED_REPRESENTATIVE_ROLE,NOT_MEASURED,0-5; NOT_MEASURED is not 0,NOT_MEASURED,NOT_MEASURED,NOT_MEASURED,NOT_MEASURED,NOT_MEASURED,NOT_MEASURED,NOT_MEASURED,NOT_MEASURED,NOT_MEASURED,NOT_MEASURED,NOT_MEASURED,NOT_MEASURED,NOT_MEASURED,NOT_MEASURED,NOT_MEASURED,NOT_MEASURED,NOT_MEASURED,"{""discoverability"":""NOT_MEASURED"",""comprehension"":""NOT_MEASURED"",""learnability"":""NOT_MEASURED"",""efficiency"":""NOT_MEASURED"",""error_prevention"":""NOT_MEASURED"",""recovery"":""NOT_MEASURED"",""accessibility"":""NOT_MEASURED"",""safety_and_trust"":""NOT_MEASURED"",""consistency"":""NOT_MEASURED"",""cross_module_continuity"":""NOT_MEASURED""}",NOT_PERFORMED,NOT_LINKED_TO_CANONICAL_TARGET_CURRENT_AUDIT,NOT_MEASURED,NOT_MEASURED,NOT_MEASURED,NOT_MEASURED,NOT_MEASURED,NOT_MEASURED,NOT_MEASURED,NOT_MEASURED,NOT_MEASURED,NOT_MEASURED,NOT_MEASURED,H,CANONICAL_STATIC_IDENTITY_DENOMINATOR,record: ItTicket; controller: ItProvisioningController and ItTicketController; service: ItTicketIntakeService and ItWorkAccessService; policy: ItTicketPolicy,NOT_ESTABLISHED_CURRENT_AUDIT,"Raise a support ticket and track, comment on, reopen, or rate the actor's own ticket.",NOT_ADJUDICATED_CURRENT_AUDIT,NOT_SCORED_CURRENT_AUDIT,NOT_SCORED_CURRENT_AUDIT,STATIC_CANONICAL_IDENTITY_FROZEN,INCOMPLETE_CANONICAL_STATIC_IDENTITY_ONLY,NOT_ADJUDICATED_CURRENT_AUDIT,NOT_ADJUDICATED_CURRENT_AUDIT,NOT_DETERMINED_CURRENT_AUDIT,ONE_OPERATING_ORGANISATION_MULTIPLE_SITES; FEATURE_SPECIFIC_ROLE_PERMISSION_SITE_OWNERSHIP_DIRECT_OBJECT_PRIVACY_BOUNDARY_NOT_ADJUDICATED,app/Domain/It/ItModuleNavigation.php:26-31; resources/js/components/app-sidebar.tsx:582-591,NOT_ESTABLISHED_CURRENT_AUDIT,routes/web.php:159-194,resources/js/pages/it/index.tsx:2606-2681; resources/js/pages/it/tickets/show.tsx:207-310,app/Domain/It/ItModuleNavigation.php:26-31; app/Domain/It/Services/ItTicketIntakeService.php:42-298; app/Domain/It/Services/ItWorkAccessService.php:78-356; app/Http/Controllers/It/ItProvisioningController.php:637-666; app/Http/Controllers/It/ItProvisioningController.php:984-1018; app/Http/Controllers/It/ItTicketController.php:445-715; app/Http/Controllers/It/ItTicketController.php:76-87; app/Models/ItTicket.php:25-390; app/Policies/ItTicketPolicy.php:23-120,tests/Feature/It/ItTicketAuthzTest.php:37-170; tests/Feature/It/ItTicketAuthzTest.php:37-172; tests/Feature/It/ItWorkAccessControllerTest.php:80-225,NOT_ESTABLISHED_CURRENT_AUDIT,"Static canonical identity only: Raise a support ticket and track, comment on, reopen, or rate the actor's own ticket.. Representative-role completion was not executed.",ROUTE_AND_PAGE_SOURCE_ANCHORS_PRESENT_UNVALIDATED,ROUTE_AND_PAGE_SOURCE_ANCHORS_PRESENT_UNVALIDATED,task-scripts/cap-it-self-service-ticket.md,a0493442b9e392d324055c35bf25b69421dc2d35,f8cdaf81d83c71e4f5d064fdf88872b908ffaaa1,df6e1b1b357439ad1fd829bebf4e2d33d20d067d515eb945c352e2350a4194a4,f4feae2598622afe346b1163fed2bb842305a8d973a89ec890c02746d99b5999,false,false,false,false,false,"Static identity and source ownership only; no runtime, browser, executed-test, benchmark, ease, release, or completion credit."
TASK-CAP-IT-SERVICE-MANAGEMENT-SETUP,CAP-IT-SERVICE-MANAGEMENT-SETUP,IT & Support,NOT_ESTABLISHED_CURRENT_AUDIT,"Configure IT teams, queues, and services",NOT_ESTABLISHED_CURRENT_AUDIT,"Configure IT teams, queues, and services","NOT_ESTABLISHED_CURRENT_AUDIT; execution requires a documented representative role, approved Site/record scope where applicable, and resettable synthetic data.",SOURCE_BOUND_STATIC_IDENTITY_ONLY,NOT_EXECUTED_REPRESENTATIVE_ROLE,NOT_MEASURED,0-5; NOT_MEASURED is not 0,NOT_MEASURED,NOT_MEASURED,NOT_MEASURED,NOT_MEASURED,NOT_MEASURED,NOT_MEASURED,NOT_MEASURED,NOT_MEASURED,NOT_MEASURED,NOT_MEASURED,NOT_MEASURED,NOT_MEASURED,NOT_MEASURED,NOT_MEASURED,NOT_MEASURED,NOT_MEASURED,NOT_MEASURED,"{""discoverability"":""NOT_MEASURED"",""comprehension"":""NOT_MEASURED"",""learnability"":""NOT_MEASURED"",""efficiency"":""NOT_MEASURED"",""error_prevention"":""NOT_MEASURED"",""recovery"":""NOT_MEASURED"",""accessibility"":""NOT_MEASURED"",""safety_and_trust"":""NOT_MEASURED"",""consistency"":""NOT_MEASURED"",""cross_module_continuity"":""NOT_MEASURED""}",NOT_PERFORMED,NOT_LINKED_TO_CANONICAL_TARGET_CURRENT_AUDIT,NOT_MEASURED,NOT_MEASURED,NOT_MEASURED,NOT_MEASURED,NOT_MEASURED,NOT_MEASURED,NOT_MEASURED,NOT_MEASURED,NOT_MEASURED,NOT_MEASURED,NOT_MEASURED,H,CANONICAL_STATIC_IDENTITY_DENOMINATOR,"IT service, change, problem, and major-incident services",NOT_ESTABLISHED_CURRENT_AUDIT,"Configure IT teams, queues, and services",NOT_ADJUDICATED_CURRENT_AUDIT,NOT_SCORED_CURRENT_AUDIT,NOT_SCORED_CURRENT_AUDIT,STATIC_CANONICAL_IDENTITY_FROZEN,INCOMPLETE_CANONICAL_STATIC_IDENTITY_ONLY,NOT_ADJUDICATED_CURRENT_AUDIT,NOT_ADJUDICATED_CURRENT_AUDIT,NOT_DETERMINED_CURRENT_AUDIT,ONE_OPERATING_ORGANISATION_MULTIPLE_SITES; FEATURE_SPECIFIC_ROLE_PERMISSION_SITE_OWNERSHIP_DIRECT_OBJECT_PRIVACY_BOUNDARY_NOT_ADJUDICATED,NOT_ESTABLISHED_CURRENT_AUDIT,NOT_ESTABLISHED_CURRENT_AUDIT,NOT_ESTABLISHED_CURRENT_AUDIT,NOT_ESTABLISHED_CURRENT_AUDIT,app/Domain/It/Services/ItServiceManagementSetupService.php:16,NOT_ESTABLISHED_CURRENT_AUDIT,NOT_ESTABLISHED_CURRENT_AUDIT,"Static canonical identity only: Configure IT teams, queues, and services. Representative-role completion was not executed.",NOT_ESTABLISHED_CURRENT_AUDIT_NO_ROUTE_OR_PAGE_ANCHOR,NOT_ESTABLISHED_CURRENT_AUDIT_NO_ROUTE_OR_PAGE_ANCHOR,task-scripts/cap-it-service-management-setup.md,a0493442b9e392d324055c35bf25b69421dc2d35,f8cdaf81d83c71e4f5d064fdf88872b908ffaaa1,df6e1b1b357439ad1fd829bebf4e2d33d20d067d515eb945c352e2350a4194a4,f4feae2598622afe346b1163fed2bb842305a8d973a89ec890c02746d99b5999,false,false,false,false,false,"Static identity and source ownership only; no runtime, browser, executed-test, benchmark, ease, release, or completion credit."
TASK-CAP-MED-ADMINISTRATION-CORRECTION,CAP-MED-ADMINISTRATION-CORRECTION,eMAR,NOT_ESTABLISHED_CURRENT_AUDIT,"Request, approve, or reject a medication-administration correction",NOT_ESTABLISHED_CURRENT_AUDIT,"Request, approve, or reject a medication-administration correction","NOT_ESTABLISHED_CURRENT_AUDIT; execution requires a documented representative role, approved Site/record scope where applicable, and resettable synthetic data.",SOURCE_BOUND_STATIC_IDENTITY_ONLY,NOT_EXECUTED_REPRESENTATIVE_ROLE,NOT_MEASURED,0-5; NOT_MEASURED is not 0,NOT_MEASURED,NOT_MEASURED,NOT_MEASURED,NOT_MEASURED,NOT_MEASURED,NOT_MEASURED,NOT_MEASURED,NOT_MEASURED,NOT_MEASURED,NOT_MEASURED,NOT_MEASURED,NOT_MEASURED,NOT_MEASURED,NOT_MEASURED,NOT_MEASURED,NOT_MEASURED,NOT_MEASURED,"{""discoverability"":""NOT_MEASURED"",""comprehension"":""NOT_MEASURED"",""learnability"":""NOT_MEASURED"",""efficiency"":""NOT_MEASURED"",""error_prevention"":""NOT_MEASURED"",""recovery"":""NOT_MEASURED"",""accessibility"":""NOT_MEASURED"",""safety_and_trust"":""NOT_MEASURED"",""consistency"":""NOT_MEASURED"",""cross_module_continuity"":""NOT_MEASURED""}",NOT_PERFORMED,NOT_LINKED_TO_CANONICAL_TARGET_CURRENT_AUDIT,NOT_MEASURED,NOT_MEASURED,NOT_MEASURED,NOT_MEASURED,NOT_MEASURED,NOT_MEASURED,NOT_MEASURED,NOT_MEASURED,NOT_MEASURED,NOT_MEASURED,NOT_MEASURED,H,CANONICAL_STATIC_IDENTITY_DENOMINATOR,MedicationAdministrationCorrectionController,NOT_ESTABLISHED_CURRENT_AUDIT,"Request, approve, or reject a medication-administration correction",NOT_ADJUDICATED_CURRENT_AUDIT,NOT_SCORED_CURRENT_AUDIT,NOT_SCORED_CURRENT_AUDIT,STATIC_CANONICAL_IDENTITY_FROZEN,INCOMPLETE_CANONICAL_STATIC_IDENTITY_ONLY,NOT_ADJUDICATED_CURRENT_AUDIT,NOT_ADJUDICATED_CURRENT_AUDIT,NOT_DETERMINED_CURRENT_AUDIT,ONE_OPERATING_ORGANISATION_MULTIPLE_SITES; FEATURE_SPECIFIC_ROLE_PERMISSION_SITE_OWNERSHIP_DIRECT_OBJECT_PRIVACY_BOUNDARY_NOT_ADJUDICATED,NOT_ESTABLISHED_CURRENT_AUDIT,NOT_ESTABLISHED_CURRENT_AUDIT,routes/api_medications.php:63-65; routes/clients.php:198-201; routes/clients.php:199-201; routes/emar.php:320-325,NOT_ESTABLISHED_CURRENT_AUDIT,app/Http/Controllers/Api/MedicationsApiController.php:913-1003; app/Http/Controllers/MedicationAdministrationCorrectionController.php; app/Http/Controllers/MedicationAdministrationCorrectionController.php:12,NOT_ESTABLISHED_CURRENT_AUDIT,NOT_ESTABLISHED_CURRENT_AUDIT,"Static canonical identity only: Request, approve, or reject a medication-administration correction. Representative-role completion was not executed.",ROUTE_SOURCE_ANCHOR_ONLY_UNVALIDATED,ROUTE_SOURCE_ANCHOR_ONLY_UNVALIDATED,task-scripts/cap-med-administration-correction.md,a0493442b9e392d324055c35bf25b69421dc2d35,f8cdaf81d83c71e4f5d064fdf88872b908ffaaa1,df6e1b1b357439ad1fd829bebf4e2d33d20d067d515eb945c352e2350a4194a4,f4feae2598622afe346b1163fed2bb842305a8d973a89ec890c02746d99b5999,false,false,false,false,false,"Static identity and source ownership only; no runtime, browser, executed-test, benchmark, ease, release, or completion credit."
TASK-CAP-MED-BREAK-GLASS-ACCESS,CAP-MED-BREAK-GLASS-ACCESS,eMAR,NOT_ESTABLISHED_CURRENT_AUDIT,"Open, revoke, extend, and review emergency medication access",NOT_ESTABLISHED_CURRENT_AUDIT,"Open, revoke, extend, and review emergency medication access","NOT_ESTABLISHED_CURRENT_AUDIT; execution requires a documented representative role, approved Site/record scope where applicable, and resettable synthetic data.",SOURCE_BOUND_STATIC_IDENTITY_ONLY,NOT_EXECUTED_REPRESENTATIVE_ROLE,NOT_MEASURED,0-5; NOT_MEASURED is not 0,NOT_MEASURED,NOT_MEASURED,NOT_MEASURED,NOT_MEASURED,NOT_MEASURED,NOT_MEASURED,NOT_MEASURED,NOT_MEASURED,NOT_MEASURED,NOT_MEASURED,NOT_MEASURED,NOT_MEASURED,NOT_MEASURED,NOT_MEASURED,NOT_MEASURED,NOT_MEASURED,NOT_MEASURED,"{""discoverability"":""NOT_MEASURED"",""comprehension"":""NOT_MEASURED"",""learnability"":""NOT_MEASURED"",""efficiency"":""NOT_MEASURED"",""error_prevention"":""NOT_MEASURED"",""recovery"":""NOT_MEASURED"",""accessibility"":""NOT_MEASURED"",""safety_and_trust"":""NOT_MEASURED"",""consistency"":""NOT_MEASURED"",""cross_module_continuity"":""NOT_MEASURED""}",NOT_PERFORMED,NOT_LINKED_TO_CANONICAL_TARGET_CURRENT_AUDIT,NOT_MEASURED,NOT_MEASURED,NOT_MEASURED,NOT_MEASURED,NOT_MEASURED,NOT_MEASURED,NOT_MEASURED,NOT_MEASURED,NOT_MEASURED,NOT_MEASURED,NOT_MEASURED,H,CANONICAL_STATIC_IDENTITY_DENOMINATOR,BreakGlassController,NOT_ESTABLISHED_CURRENT_AUDIT,"Open, revoke, extend, and review emergency medication access",NOT_ADJUDICATED_CURRENT_AUDIT,NOT_SCORED_CURRENT_AUDIT,NOT_SCORED_CURRENT_AUDIT,STATIC_CANONICAL_IDENTITY_FROZEN,INCOMPLETE_CANONICAL_STATIC_IDENTITY_ONLY,NOT_ADJUDICATED_CURRENT_AUDIT,NOT_ADJUDICATED_CURRENT_AUDIT,NOT_DETERMINED_CURRENT_AUDIT,ONE_OPERATING_ORGANISATION_MULTIPLE_SITES; FEATURE_SPECIFIC_ROLE_PERMISSION_SITE_OWNERSHIP_DIRECT_OBJECT_PRIVACY_BOUNDARY_NOT_ADJUDICATED,NOT_ESTABLISHED_CURRENT_AUDIT,NOT_ESTABLISHED_CURRENT_AUDIT,routes/clients.php:204-209; routes/emar.php:295-315,NOT_ESTABLISHED_CURRENT_AUDIT,app/Http/Controllers/BreakGlassController.php; app/Http/Controllers/BreakGlassController.php:24,NOT_ESTABLISHED_CURRENT_AUDIT,NOT_ESTABLISHED_CURRENT_AUDIT,"Static canonical identity only: Open, revoke, extend, and review emergency medication access. Representative-role completion was not executed.",ROUTE_SOURCE_ANCHOR_ONLY_UNVALIDATED,ROUTE_SOURCE_ANCHOR_ONLY_UNVALIDATED,task-scripts/cap-med-break-glass-access.md,a0493442b9e392d324055c35bf25b69421dc2d35,f8cdaf81d83c71e4f5d064fdf88872b908ffaaa1,df6e1b1b357439ad1fd829bebf4e2d33d20d067d515eb945c352e2350a4194a4,f4feae2598622afe346b1163fed2bb842305a8d973a89ec890c02746d99b5999,false,false,false,false,false,"Static identity and source ownership only; no runtime, browser, executed-test, benchmark, ease, release, or completion credit."
TASK-CAP-MED-CD-REGISTER-BALANCE,CAP-MED-CD-REGISTER-BALANCE,eMAR,NOT_ESTABLISHED_CURRENT_AUDIT,Maintain the controlled-drug register and balance,NOT_ESTABLISHED_CURRENT_AUDIT,Maintain the controlled-drug register and balance,"NOT_ESTABLISHED_CURRENT_AUDIT; execution requires a documented representative role, approved Site/record scope where applicable, and resettable synthetic data.",SOURCE_BOUND_STATIC_IDENTITY_ONLY,NOT_EXECUTED_REPRESENTATIVE_ROLE,NOT_MEASURED,0-5; NOT_MEASURED is not 0,NOT_MEASURED,NOT_MEASURED,NOT_MEASURED,NOT_MEASURED,NOT_MEASURED,NOT_MEASURED,NOT_MEASURED,NOT_MEASURED,NOT_MEASURED,NOT_MEASURED,NOT_MEASURED,NOT_MEASURED,NOT_MEASURED,NOT_MEASURED,NOT_MEASURED,NOT_MEASURED,NOT_MEASURED,"{""discoverability"":""NOT_MEASURED"",""comprehension"":""NOT_MEASURED"",""learnability"":""NOT_MEASURED"",""efficiency"":""NOT_MEASURED"",""error_prevention"":""NOT_MEASURED"",""recovery"":""NOT_MEASURED"",""accessibility"":""NOT_MEASURED"",""safety_and_trust"":""NOT_MEASURED"",""consistency"":""NOT_MEASURED"",""cross_module_continuity"":""NOT_MEASURED""}",NOT_PERFORMED,NOT_LINKED_TO_CANONICAL_TARGET_CURRENT_AUDIT,NOT_MEASURED,NOT_MEASURED,NOT_MEASURED,NOT_MEASURED,NOT_MEASURED,NOT_MEASURED,NOT_MEASURED,NOT_MEASURED,NOT_MEASURED,NOT_MEASURED,NOT_MEASURED,H,CANONICAL_STATIC_IDENTITY_DENOMINATOR,Controlled-drug register owner,NOT_ESTABLISHED_CURRENT_AUDIT,Maintain the controlled-drug register and balance,NOT_ADJUDICATED_CURRENT_AUDIT,NOT_SCORED_CURRENT_AUDIT,NOT_SCORED_CURRENT_AUDIT,STATIC_CANONICAL_IDENTITY_FROZEN,INCOMPLETE_CANONICAL_STATIC_IDENTITY_ONLY,NOT_ADJUDICATED_CURRENT_AUDIT,NOT_ADJUDICATED_CURRENT_AUDIT,NOT_DETERMINED_CURRENT_AUDIT,ONE_OPERATING_ORGANISATION_MULTIPLE_SITES; FEATURE_SPECIFIC_ROLE_PERMISSION_SITE_OWNERSHIP_DIRECT_OBJECT_PRIVACY_BOUNDARY_NOT_ADJUDICATED,NOT_ESTABLISHED_CURRENT_AUDIT,NOT_ESTABLISHED_CURRENT_AUDIT,routes/emar.php:30-395,NOT_ESTABLISHED_CURRENT_AUDIT,app/Http/Controllers/Emar/EmarController.php:4023-4121; app/Services/Eligibility/Rules/MedicationCompetencyRule.php:1; app/Services/Medication/MedicationScopeDecisionService.php:40-221,tests/Feature/Emar/ControlledDrugsTest.php:1; tests/Feature/Emar/MedicationCompetencyPolicyTest.php:1; tests/Feature/Emar/MedicationScopeAuthorizationTest.php:1,NOT_ESTABLISHED_CURRENT_AUDIT,Static canonical identity only: Maintain the controlled-drug register and balance. Representative-role completion was not executed.,ROUTE_SOURCE_ANCHOR_ONLY_UNVALIDATED,ROUTE_SOURCE_ANCHOR_ONLY_UNVALIDATED,task-scripts/cap-med-cd-register-balance.md,a0493442b9e392d324055c35bf25b69421dc2d35,f8cdaf81d83c71e4f5d064fdf88872b908ffaaa1,df6e1b1b357439ad1fd829bebf4e2d33d20d067d515eb945c352e2350a4194a4,f4feae2598622afe346b1163fed2bb842305a8d973a89ec890c02746d99b5999,false,false,false,false,false,"Static identity and source ownership only; no runtime, browser, executed-test, benchmark, ease, release, or completion credit."
TASK-CAP-MED-CLIENT-MEDICAL-PROFILE,CAP-MED-CLIENT-MEDICAL-PROFILE,Clients,NOT_ESTABLISHED_CURRENT_AUDIT,"Complete and maintain the authorised client's health and medical profile, including GP details, allergies, disabilities, histories and notes, within the client profile workflow.",NOT_ESTABLISHED_CURRENT_AUDIT,"Complete and maintain the authorised client's health and medical profile, including GP details, allergies, disabilities, histories and notes, within the client profile workflow.","NOT_ESTABLISHED_CURRENT_AUDIT; execution requires a documented representative role, approved Site/record scope where applicable, and resettable synthetic data.",SOURCE_BOUND_STATIC_IDENTITY_ONLY,NOT_EXECUTED_REPRESENTATIVE_ROLE,NOT_MEASURED,0-5; NOT_MEASURED is not 0,NOT_MEASURED,NOT_MEASURED,NOT_MEASURED,NOT_MEASURED,NOT_MEASURED,NOT_MEASURED,NOT_MEASURED,NOT_MEASURED,NOT_MEASURED,NOT_MEASURED,NOT_MEASURED,NOT_MEASURED,NOT_MEASURED,NOT_MEASURED,NOT_MEASURED,NOT_MEASURED,NOT_MEASURED,"{""discoverability"":""NOT_MEASURED"",""comprehension"":""NOT_MEASURED"",""learnability"":""NOT_MEASURED"",""efficiency"":""NOT_MEASURED"",""error_prevention"":""NOT_MEASURED"",""recovery"":""NOT_MEASURED"",""accessibility"":""NOT_MEASURED"",""safety_and_trust"":""NOT_MEASURED"",""consistency"":""NOT_MEASURED"",""cross_module_continuity"":""NOT_MEASURED""}",NOT_PERFORMED,NOT_LINKED_TO_CANONICAL_TARGET_CURRENT_AUDIT,NOT_MEASURED,NOT_MEASURED,NOT_MEASURED,NOT_MEASURED,NOT_MEASURED,NOT_MEASURED,NOT_MEASURED,NOT_MEASURED,NOT_MEASURED,NOT_MEASURED,NOT_MEASURED,H,CANONICAL_STATIC_IDENTITY_DENOMINATOR,ClientController and ClientMedicalProfile,NOT_ESTABLISHED_CURRENT_AUDIT,"Complete and maintain the authorised client's health and medical profile, including GP details, allergies, disabilities, histories and notes, within the client profile workflow.",NOT_ADJUDICATED_CURRENT_AUDIT,NOT_SCORED_CURRENT_AUDIT,NOT_SCORED_CURRENT_AUDIT,STATIC_CANONICAL_IDENTITY_FROZEN,INCOMPLETE_CANONICAL_STATIC_IDENTITY_ONLY,NOT_ADJUDICATED_CURRENT_AUDIT,NOT_ADJUDICATED_CURRENT_AUDIT,NOT_DETERMINED_CURRENT_AUDIT,ONE_OPERATING_ORGANISATION_MULTIPLE_SITES; FEATURE_SPECIFIC_ROLE_PERMISSION_SITE_OWNERSHIP_DIRECT_OBJECT_PRIVACY_BOUNDARY_NOT_ADJUDICATED,NOT_ESTABLISHED_CURRENT_AUDIT,NOT_ESTABLISHED_CURRENT_AUDIT,routes/clients.php:122-124; routes/clients.php:41-44; routes/operations.php:166-169; routes/operations.php:251-254; routes/operations.php:308-310,resources/js/pages/operations/clients/show.tsx:3173-3375,app/Http/Controllers/ClientController.php:2632-2732; app/Http/Controllers/ClientController.php:2737-2828; app/Http/Controllers/ClientController.php:2831-2941; app/Http/Controllers/ClientController.php:431-438; app/Http/Controllers/ClientController.php:799-804; app/Http/Controllers/ClientMedicalController.php:89-94; app/Http/Controllers/ClientMedicalController.php:96-132; app/Http/Requests/UpdateClientRequest.php:83-99; app/Models/Client.php:180-183; app/Models/ClientMedicalProfile.php:10-13; app/Models/ClientMedicalProfile.php:81-106; app/Policies/ClientPolicy.php:121-124; app/Support/EmarUrl.php:17-22,resources/js/test/client-profile-edit-dialog.test.tsx:32-78; tests/Feature/ClientControllerTest.php:1510-1556; tests/Feature/ClientControllerTest.php:2122-2205; tests/Feature/ClientMedicalControllerTest.php:53-58; tests/Feature/Operations/ClientProfileFoundationTest.php:139-360; tests/Feature/Operations/ClientProfileFoundationTest.php:80-137,NOT_ESTABLISHED_CURRENT_AUDIT,"Static canonical identity only: Complete and maintain the authorised client's health and medical profile, including GP details, allergies, disabilities, histories and notes, within the client profile workflow.. Representative-role completion was not executed.",ROUTE_AND_PAGE_SOURCE_ANCHORS_PRESENT_UNVALIDATED,ROUTE_AND_PAGE_SOURCE_ANCHORS_PRESENT_UNVALIDATED,task-scripts/cap-med-client-medical-profile.md,a0493442b9e392d324055c35bf25b69421dc2d35,f8cdaf81d83c71e4f5d064fdf88872b908ffaaa1,df6e1b1b357439ad1fd829bebf4e2d33d20d067d515eb945c352e2350a4194a4,f4feae2598622afe346b1163fed2bb842305a8d973a89ec890c02746d99b5999,false,false,false,false,false,"Static identity and source ownership only; no runtime, browser, executed-test, benchmark, ease, release, or completion credit."
TASK-CAP-MED-DESTRUCTION-LIFECYCLE,CAP-MED-DESTRUCTION-LIFECYCLE,eMAR,NOT_ESTABLISHED_CURRENT_AUDIT,"Record and, under authority, void a medication destruction",NOT_ESTABLISHED_CURRENT_AUDIT,"Record and, under authority, void a medication destruction","NOT_ESTABLISHED_CURRENT_AUDIT; execution requires a documented representative role, approved Site/record scope where applicable, and resettable synthetic data.",SOURCE_BOUND_STATIC_IDENTITY_ONLY,NOT_EXECUTED_REPRESENTATIVE_ROLE,NOT_MEASURED,0-5; NOT_MEASURED is not 0,NOT_MEASURED,NOT_MEASURED,NOT_MEASURED,NOT_MEASURED,NOT_MEASURED,NOT_MEASURED,NOT_MEASURED,NOT_MEASURED,NOT_MEASURED,NOT_MEASURED,NOT_MEASURED,NOT_MEASURED,NOT_MEASURED,NOT_MEASURED,NOT_MEASURED,NOT_MEASURED,NOT_MEASURED,"{""discoverability"":""NOT_MEASURED"",""comprehension"":""NOT_MEASURED"",""learnability"":""NOT_MEASURED"",""efficiency"":""NOT_MEASURED"",""error_prevention"":""NOT_MEASURED"",""recovery"":""NOT_MEASURED"",""accessibility"":""NOT_MEASURED"",""safety_and_trust"":""NOT_MEASURED"",""consistency"":""NOT_MEASURED"",""cross_module_continuity"":""NOT_MEASURED""}",NOT_PERFORMED,NOT_LINKED_TO_CANONICAL_TARGET_CURRENT_AUDIT,NOT_MEASURED,NOT_MEASURED,NOT_MEASURED,NOT_MEASURED,NOT_MEASURED,NOT_MEASURED,NOT_MEASURED,NOT_MEASURED,NOT_MEASURED,NOT_MEASURED,NOT_MEASURED,H,CANONICAL_STATIC_IDENTITY_DENOMINATOR,Medication destruction owner,NOT_ESTABLISHED_CURRENT_AUDIT,"Record and, under authority, void a medication destruction",NOT_ADJUDICATED_CURRENT_AUDIT,NOT_SCORED_CURRENT_AUDIT,NOT_SCORED_CURRENT_AUDIT,STATIC_CANONICAL_IDENTITY_FROZEN,INCOMPLETE_CANONICAL_STATIC_IDENTITY_ONLY,NOT_ADJUDICATED_CURRENT_AUDIT,NOT_ADJUDICATED_CURRENT_AUDIT,NOT_DETERMINED_CURRENT_AUDIT,ONE_OPERATING_ORGANISATION_MULTIPLE_SITES; FEATURE_SPECIFIC_ROLE_PERMISSION_SITE_OWNERSHIP_DIRECT_OBJECT_PRIVACY_BOUNDARY_NOT_ADJUDICATED,NOT_ESTABLISHED_CURRENT_AUDIT,NOT_ESTABLISHED_CURRENT_AUDIT,routes/emar.php:139-141; routes/emar.php:217-218,resources/js/pages/emar/Destructions.tsx,app/Http/Controllers/Emar/EmarController.php:4023,NOT_ESTABLISHED_CURRENT_AUDIT,NOT_ESTABLISHED_CURRENT_AUDIT,"Static canonical identity only: Record and, under authority, void a medication destruction. Representative-role completion was not executed.",ROUTE_AND_PAGE_SOURCE_ANCHORS_PRESENT_UNVALIDATED,ROUTE_AND_PAGE_SOURCE_ANCHORS_PRESENT_UNVALIDATED,task-scripts/cap-med-destruction-lifecycle.md,a0493442b9e392d324055c35bf25b69421dc2d35,f8cdaf81d83c71e4f5d064fdf88872b908ffaaa1,df6e1b1b357439ad1fd829bebf4e2d33d20d067d515eb945c352e2350a4194a4,f4feae2598622afe346b1163fed2bb842305a8d973a89ec890c02746d99b5999,false,false,false,false,false,"Static identity and source ownership only; no runtime, browser, executed-test, benchmark, ease, release, or completion credit."
TASK-CAP-MED-EMAR-WORKSPACE-ORDER-LIFECYCLE,CAP-MED-EMAR-WORKSPACE-ORDER-LIFECYCLE,eMAR,NOT_ESTABLISHED_CURRENT_AUDIT,Manage medication orders in the eMAR workspace,NOT_ESTABLISHED_CURRENT_AUDIT,Manage medication orders in the eMAR workspace,"NOT_ESTABLISHED_CURRENT_AUDIT; execution requires a documented representative role, approved Site/record scope where applicable, and resettable synthetic data.",SOURCE_BOUND_STATIC_IDENTITY_ONLY,NOT_EXECUTED_REPRESENTATIVE_ROLE,NOT_MEASURED,0-5; NOT_MEASURED is not 0,NOT_MEASURED,NOT_MEASURED,NOT_MEASURED,NOT_MEASURED,NOT_MEASURED,NOT_MEASURED,NOT_MEASURED,NOT_MEASURED,NOT_MEASURED,NOT_MEASURED,NOT_MEASURED,NOT_MEASURED,NOT_MEASURED,NOT_MEASURED,NOT_MEASURED,NOT_MEASURED,NOT_MEASURED,"{""discoverability"":""NOT_MEASURED"",""comprehension"":""NOT_MEASURED"",""learnability"":""NOT_MEASURED"",""efficiency"":""NOT_MEASURED"",""error_prevention"":""NOT_MEASURED"",""recovery"":""NOT_MEASURED"",""accessibility"":""NOT_MEASURED"",""safety_and_trust"":""NOT_MEASURED"",""consistency"":""NOT_MEASURED"",""cross_module_continuity"":""NOT_MEASURED""}",NOT_PERFORMED,NOT_LINKED_TO_CANONICAL_TARGET_CURRENT_AUDIT,NOT_MEASURED,NOT_MEASURED,NOT_MEASURED,NOT_MEASURED,NOT_MEASURED,NOT_MEASURED,NOT_MEASURED,NOT_MEASURED,NOT_MEASURED,NOT_MEASURED,NOT_MEASURED,H,CANONICAL_STATIC_IDENTITY_DENOMINATOR,EmarController and medication order services,NOT_ESTABLISHED_CURRENT_AUDIT,Manage medication orders in the eMAR workspace,NOT_ADJUDICATED_CURRENT_AUDIT,NOT_SCORED_CURRENT_AUDIT,NOT_SCORED_CURRENT_AUDIT,STATIC_CANONICAL_IDENTITY_FROZEN,INCOMPLETE_CANONICAL_STATIC_IDENTITY_ONLY,NOT_ADJUDICATED_CURRENT_AUDIT,NOT_ADJUDICATED_CURRENT_AUDIT,NOT_DETERMINED_CURRENT_AUDIT,ONE_OPERATING_ORGANISATION_MULTIPLE_SITES; FEATURE_SPECIFIC_ROLE_PERMISSION_SITE_OWNERSHIP_DIRECT_OBJECT_PRIVACY_BOUNDARY_NOT_ADJUDICATED,NOT_ESTABLISHED_CURRENT_AUDIT,NOT_ESTABLISHED_CURRENT_AUDIT,routes/api_medications.php:107-114; routes/api_medications.php:116-119; routes/api_medications.php:13-16; routes/api_medications.php:76-91; routes/emar.php:30-395,resources/js/pages/emar/_dialogs.tsx:114-146,app/Http/Controllers/Api/MedicationsApiController.php:1218-1275; app/Http/Controllers/Api/MedicationsApiController.php:1218-1279; app/Http/Controllers/Emar/EmarController.php:4023-4121; app/Models/MedicationAllergy.php:11-39; app/Services/Eligibility/Rules/MedicationCompetencyRule.php:1; app/Services/Medication/MedicationScopeDecisionService.php:40-221,tests/Feature/Emar/ControlledDrugsTest.php:1; tests/Feature/Emar/MedicationCompetencyPolicyTest.php:1; tests/Feature/Emar/MedicationScopeAuthorizationTest.php:1,NOT_ESTABLISHED_CURRENT_AUDIT,Static canonical identity only: Manage medication orders in the eMAR workspace. Representative-role completion was not executed.,ROUTE_AND_PAGE_SOURCE_ANCHORS_PRESENT_UNVALIDATED,ROUTE_AND_PAGE_SOURCE_ANCHORS_PRESENT_UNVALIDATED,task-scripts/cap-med-emar-workspace-order-lifecycle.md,a0493442b9e392d324055c35bf25b69421dc2d35,f8cdaf81d83c71e4f5d064fdf88872b908ffaaa1,df6e1b1b357439ad1fd829bebf4e2d33d20d067d515eb945c352e2350a4194a4,f4feae2598622afe346b1163fed2bb842305a8d973a89ec890c02746d99b5999,false,false,false,false,false,"Static identity and source ownership only; no runtime, browser, executed-test, benchmark, ease, release, or completion credit."
TASK-CAP-MED-MEDICATION-ERROR-LIFECYCLE,CAP-MED-MEDICATION-ERROR-LIFECYCLE,eMAR,NOT_ESTABLISHED_CURRENT_AUDIT,"Record, investigate, review, and close a medication error",NOT_ESTABLISHED_CURRENT_AUDIT,"Record, investigate, review, and close a medication error","NOT_ESTABLISHED_CURRENT_AUDIT; execution requires a documented representative role, approved Site/record scope where applicable, and resettable synthetic data.",SOURCE_BOUND_STATIC_IDENTITY_ONLY,NOT_EXECUTED_REPRESENTATIVE_ROLE,NOT_MEASURED,0-5; NOT_MEASURED is not 0,NOT_MEASURED,NOT_MEASURED,NOT_MEASURED,NOT_MEASURED,NOT_MEASURED,NOT_MEASURED,NOT_MEASURED,NOT_MEASURED,NOT_MEASURED,NOT_MEASURED,NOT_MEASURED,NOT_MEASURED,NOT_MEASURED,NOT_MEASURED,NOT_MEASURED,NOT_MEASURED,NOT_MEASURED,"{""discoverability"":""NOT_MEASURED"",""comprehension"":""NOT_MEASURED"",""learnability"":""NOT_MEASURED"",""efficiency"":""NOT_MEASURED"",""error_prevention"":""NOT_MEASURED"",""recovery"":""NOT_MEASURED"",""accessibility"":""NOT_MEASURED"",""safety_and_trust"":""NOT_MEASURED"",""consistency"":""NOT_MEASURED"",""cross_module_continuity"":""NOT_MEASURED""}",NOT_PERFORMED,NOT_LINKED_TO_CANONICAL_TARGET_CURRENT_AUDIT,NOT_MEASURED,NOT_MEASURED,NOT_MEASURED,NOT_MEASURED,NOT_MEASURED,NOT_MEASURED,NOT_MEASURED,NOT_MEASURED,NOT_MEASURED,NOT_MEASURED,NOT_MEASURED,H,CANONICAL_STATIC_IDENTITY_DENOMINATOR,Medication error lifecycle owner,NOT_ESTABLISHED_CURRENT_AUDIT,"Record, investigate, review, and close a medication error",NOT_ADJUDICATED_CURRENT_AUDIT,NOT_SCORED_CURRENT_AUDIT,NOT_SCORED_CURRENT_AUDIT,STATIC_CANONICAL_IDENTITY_FROZEN,INCOMPLETE_CANONICAL_STATIC_IDENTITY_ONLY,NOT_ADJUDICATED_CURRENT_AUDIT,NOT_ADJUDICATED_CURRENT_AUDIT,NOT_DETERMINED_CURRENT_AUDIT,ONE_OPERATING_ORGANISATION_MULTIPLE_SITES; FEATURE_SPECIFIC_ROLE_PERMISSION_SITE_OWNERSHIP_DIRECT_OBJECT_PRIVACY_BOUNDARY_NOT_ADJUDICATED,NOT_ESTABLISHED_CURRENT_AUDIT,NOT_ESTABLISHED_CURRENT_AUDIT,routes/emar.php:365-386,resources/js/pages/emar/MedicationErrors.tsx; resources/js/pages/emar/_error-dialogs.tsx,app/Http/Controllers/Emar/MedicationErrorController.php:26,NOT_ESTABLISHED_CURRENT_AUDIT,NOT_ESTABLISHED_CURRENT_AUDIT,"Static canonical identity only: Record, investigate, review, and close a medication error. Representative-role completion was not executed.",ROUTE_AND_PAGE_SOURCE_ANCHORS_PRESENT_UNVALIDATED,ROUTE_AND_PAGE_SOURCE_ANCHORS_PRESENT_UNVALIDATED,task-scripts/cap-med-medication-error-lifecycle.md,a0493442b9e392d324055c35bf25b69421dc2d35,f8cdaf81d83c71e4f5d064fdf88872b908ffaaa1,df6e1b1b357439ad1fd829bebf4e2d33d20d067d515eb945c352e2350a4194a4,f4feae2598622afe346b1163fed2bb842305a8d973a89ec890c02746d99b5999,false,false,false,false,false,"Static identity and source ownership only; no runtime, browser, executed-test, benchmark, ease, release, or completion credit."
TASK-CAP-MED-MEDICATION-ORDER-VERIFICATION,CAP-MED-MEDICATION-ORDER-VERIFICATION,eMAR,NOT_ESTABLISHED_CURRENT_AUDIT,Verify a medication order before use,NOT_ESTABLISHED_CURRENT_AUDIT,Verify a medication order before use,"NOT_ESTABLISHED_CURRENT_AUDIT; execution requires a documented representative role, approved Site/record scope where applicable, and resettable synthetic data.",SOURCE_BOUND_STATIC_IDENTITY_ONLY,NOT_EXECUTED_REPRESENTATIVE_ROLE,NOT_MEASURED,0-5; NOT_MEASURED is not 0,NOT_MEASURED,NOT_MEASURED,NOT_MEASURED,NOT_MEASURED,NOT_MEASURED,NOT_MEASURED,NOT_MEASURED,NOT_MEASURED,NOT_MEASURED,NOT_MEASURED,NOT_MEASURED,NOT_MEASURED,NOT_MEASURED,NOT_MEASURED,NOT_MEASURED,NOT_MEASURED,NOT_MEASURED,"{""discoverability"":""NOT_MEASURED"",""comprehension"":""NOT_MEASURED"",""learnability"":""NOT_MEASURED"",""efficiency"":""NOT_MEASURED"",""error_prevention"":""NOT_MEASURED"",""recovery"":""NOT_MEASURED"",""accessibility"":""NOT_MEASURED"",""safety_and_trust"":""NOT_MEASURED"",""consistency"":""NOT_MEASURED"",""cross_module_continuity"":""NOT_MEASURED""}",NOT_PERFORMED,NOT_LINKED_TO_CANONICAL_TARGET_CURRENT_AUDIT,NOT_MEASURED,NOT_MEASURED,NOT_MEASURED,NOT_MEASURED,NOT_MEASURED,NOT_MEASURED,NOT_MEASURED,NOT_MEASURED,NOT_MEASURED,NOT_MEASURED,NOT_MEASURED,H,CANONICAL_STATIC_IDENTITY_DENOMINATOR,Medication order verification owner,NOT_ESTABLISHED_CURRENT_AUDIT,Verify a medication order before use,NOT_ADJUDICATED_CURRENT_AUDIT,NOT_SCORED_CURRENT_AUDIT,NOT_SCORED_CURRENT_AUDIT,STATIC_CANONICAL_IDENTITY_FROZEN,INCOMPLETE_CANONICAL_STATIC_IDENTITY_ONLY,NOT_ADJUDICATED_CURRENT_AUDIT,NOT_ADJUDICATED_CURRENT_AUDIT,NOT_DETERMINED_CURRENT_AUDIT,ONE_OPERATING_ORGANISATION_MULTIPLE_SITES; FEATURE_SPECIFIC_ROLE_PERMISSION_SITE_OWNERSHIP_DIRECT_OBJECT_PRIVACY_BOUNDARY_NOT_ADJUDICATED,NOT_ESTABLISHED_CURRENT_AUDIT,NOT_ESTABLISHED_CURRENT_AUDIT,routes/api_medications.php:134-141; routes/api_medications.php:23-33; routes/api_medications.php:67-70; routes/emar.php:30-395,NOT_ESTABLISHED_CURRENT_AUDIT,app/Http/Controllers/Emar/EmarController.php:4023-4121; app/Services/Eligibility/Rules/MedicationCompetencyRule.php:1; app/Services/Medication/MedicationScopeDecisionService.php:40-221,tests/Feature/Emar/ControlledDrugsTest.php:1; tests/Feature/Emar/MedicationCompetencyPolicyTest.php:1; tests/Feature/Emar/MedicationScopeAuthorizationTest.php:1,NOT_ESTABLISHED_CURRENT_AUDIT,Static canonical identity only: Verify a medication order before use. Representative-role completion was not executed.,ROUTE_SOURCE_ANCHOR_ONLY_UNVALIDATED,ROUTE_SOURCE_ANCHOR_ONLY_UNVALIDATED,task-scripts/cap-med-medication-order-verification.md,a0493442b9e392d324055c35bf25b69421dc2d35,f8cdaf81d83c71e4f5d064fdf88872b908ffaaa1,df6e1b1b357439ad1fd829bebf4e2d33d20d067d515eb945c352e2350a4194a4,f4feae2598622afe346b1163fed2bb842305a8d973a89ec890c02746d99b5999,false,false,false,false,false,"Static identity and source ownership only; no runtime, browser, executed-test, benchmark, ease, release, or completion credit."
TASK-CAP-MED-MEDICATION-REVIEW,CAP-MED-MEDICATION-REVIEW,eMAR,NOT_ESTABLISHED_CURRENT_AUDIT,"Create, progress, complete, and remove medication reviews",NOT_ESTABLISHED_CURRENT_AUDIT,"Create, progress, complete, and remove medication reviews","NOT_ESTABLISHED_CURRENT_AUDIT; execution requires a documented representative role, approved Site/record scope where applicable, and resettable synthetic data.",SOURCE_BOUND_STATIC_IDENTITY_ONLY,NOT_EXECUTED_REPRESENTATIVE_ROLE,NOT_MEASURED,0-5; NOT_MEASURED is not 0,NOT_MEASURED,NOT_MEASURED,NOT_MEASURED,NOT_MEASURED,NOT_MEASURED,NOT_MEASURED,NOT_MEASURED,NOT_MEASURED,NOT_MEASURED,NOT_MEASURED,NOT_MEASURED,NOT_MEASURED,NOT_MEASURED,NOT_MEASURED,NOT_MEASURED,NOT_MEASURED,NOT_MEASURED,"{""discoverability"":""NOT_MEASURED"",""comprehension"":""NOT_MEASURED"",""learnability"":""NOT_MEASURED"",""efficiency"":""NOT_MEASURED"",""error_prevention"":""NOT_MEASURED"",""recovery"":""NOT_MEASURED"",""accessibility"":""NOT_MEASURED"",""safety_and_trust"":""NOT_MEASURED"",""consistency"":""NOT_MEASURED"",""cross_module_continuity"":""NOT_MEASURED""}",NOT_PERFORMED,NOT_LINKED_TO_CANONICAL_TARGET_CURRENT_AUDIT,NOT_MEASURED,NOT_MEASURED,NOT_MEASURED,NOT_MEASURED,NOT_MEASURED,NOT_MEASURED,NOT_MEASURED,NOT_MEASURED,NOT_MEASURED,NOT_MEASURED,NOT_MEASURED,H,CANONICAL_STATIC_IDENTITY_DENOMINATOR,Medication review owner,NOT_ESTABLISHED_CURRENT_AUDIT,"Create, progress, complete, and remove medication reviews",NOT_ADJUDICATED_CURRENT_AUDIT,NOT_SCORED_CURRENT_AUDIT,NOT_SCORED_CURRENT_AUDIT,STATIC_CANONICAL_IDENTITY_FROZEN,INCOMPLETE_CANONICAL_STATIC_IDENTITY_ONLY,NOT_ADJUDICATED_CURRENT_AUDIT,NOT_ADJUDICATED_CURRENT_AUDIT,NOT_DETERMINED_CURRENT_AUDIT,ONE_OPERATING_ORGANISATION_MULTIPLE_SITES; FEATURE_SPECIFIC_ROLE_PERMISSION_SITE_OWNERSHIP_DIRECT_OBJECT_PRIVACY_BOUNDARY_NOT_ADJUDICATED,NOT_ESTABLISHED_CURRENT_AUDIT,NOT_ESTABLISHED_CURRENT_AUDIT,routes/emar.php:109-111; routes/emar.php:167-169; routes/emar.php:167-171,resources/js/pages/emar/Reviews.tsx,NOT_ESTABLISHED_CURRENT_AUDIT,NOT_ESTABLISHED_CURRENT_AUDIT,NOT_ESTABLISHED_CURRENT_AUDIT,"Static canonical identity only: Create, progress, complete, and remove medication reviews. Representative-role completion was not executed.",ROUTE_AND_PAGE_SOURCE_ANCHORS_PRESENT_UNVALIDATED,ROUTE_AND_PAGE_SOURCE_ANCHORS_PRESENT_UNVALIDATED,task-scripts/cap-med-medication-review.md,a0493442b9e392d324055c35bf25b69421dc2d35,f8cdaf81d83c71e4f5d064fdf88872b908ffaaa1,df6e1b1b357439ad1fd829bebf4e2d33d20d067d515eb945c352e2350a4194a4,f4feae2598622afe346b1163fed2bb842305a8d973a89ec890c02746d99b5999,false,false,false,false,false,"Static identity and source ownership only; no runtime, browser, executed-test, benchmark, ease, release, or completion credit."
TASK-CAP-MED-PHARMACY-ACTIONS,CAP-MED-PHARMACY-ACTIONS,eMAR,NOT_ESTABLISHED_CURRENT_AUDIT,"Create, update, and advance pharmacy orders",NOT_ESTABLISHED_CURRENT_AUDIT,"Create, update, and advance pharmacy orders","NOT_ESTABLISHED_CURRENT_AUDIT; execution requires a documented representative role, approved Site/record scope where applicable, and resettable synthetic data.",SOURCE_BOUND_STATIC_IDENTITY_ONLY,NOT_EXECUTED_REPRESENTATIVE_ROLE,NOT_MEASURED,0-5; NOT_MEASURED is not 0,NOT_MEASURED,NOT_MEASURED,NOT_MEASURED,NOT_MEASURED,NOT_MEASURED,NOT_MEASURED,NOT_MEASURED,NOT_MEASURED,NOT_MEASURED,NOT_MEASURED,NOT_MEASURED,NOT_MEASURED,NOT_MEASURED,NOT_MEASURED,NOT_MEASURED,NOT_MEASURED,NOT_MEASURED,"{""discoverability"":""NOT_MEASURED"",""comprehension"":""NOT_MEASURED"",""learnability"":""NOT_MEASURED"",""efficiency"":""NOT_MEASURED"",""error_prevention"":""NOT_MEASURED"",""recovery"":""NOT_MEASURED"",""accessibility"":""NOT_MEASURED"",""safety_and_trust"":""NOT_MEASURED"",""consistency"":""NOT_MEASURED"",""cross_module_continuity"":""NOT_MEASURED""}",NOT_PERFORMED,NOT_LINKED_TO_CANONICAL_TARGET_CURRENT_AUDIT,NOT_MEASURED,NOT_MEASURED,NOT_MEASURED,NOT_MEASURED,NOT_MEASURED,NOT_MEASURED,NOT_MEASURED,NOT_MEASURED,NOT_MEASURED,NOT_MEASURED,NOT_MEASURED,H,CANONICAL_STATIC_IDENTITY_DENOMINATOR,EmarController and pharmacy action services,NOT_ESTABLISHED_CURRENT_AUDIT,"Create, update, and advance pharmacy orders",NOT_ADJUDICATED_CURRENT_AUDIT,NOT_SCORED_CURRENT_AUDIT,NOT_SCORED_CURRENT_AUDIT,STATIC_CANONICAL_IDENTITY_FROZEN,INCOMPLETE_CANONICAL_STATIC_IDENTITY_ONLY,NOT_ADJUDICATED_CURRENT_AUDIT,NOT_ADJUDICATED_CURRENT_AUDIT,NOT_DETERMINED_CURRENT_AUDIT,ONE_OPERATING_ORGANISATION_MULTIPLE_SITES; FEATURE_SPECIFIC_ROLE_PERMISSION_SITE_OWNERSHIP_DIRECT_OBJECT_PRIVACY_BOUNDARY_NOT_ADJUDICATED,NOT_ESTABLISHED_CURRENT_AUDIT,NOT_ESTABLISHED_CURRENT_AUDIT,routes/emar.php:221-223,resources/js/pages/emar/Medications.tsx,app/Http/Controllers/Emar/EmarController.php:1954-2279; app/Http/Controllers/Emar/EmarController.php:22,NOT_ESTABLISHED_CURRENT_AUDIT,NOT_ESTABLISHED_CURRENT_AUDIT,"Static canonical identity only: Create, update, and advance pharmacy orders. Representative-role completion was not executed.",ROUTE_AND_PAGE_SOURCE_ANCHORS_PRESENT_UNVALIDATED,ROUTE_AND_PAGE_SOURCE_ANCHORS_PRESENT_UNVALIDATED,task-scripts/cap-med-pharmacy-actions.md,a0493442b9e392d324055c35bf25b69421dc2d35,f8cdaf81d83c71e4f5d064fdf88872b908ffaaa1,df6e1b1b357439ad1fd829bebf4e2d33d20d067d515eb945c352e2350a4194a4,f4feae2598622afe346b1163fed2bb842305a8d973a89ec890c02746d99b5999,false,false,false,false,false,"Static identity and source ownership only; no runtime, browser, executed-test, benchmark, ease, release, or completion credit."
TASK-CAP-MED-ROUND-LIFECYCLE,CAP-MED-ROUND-LIFECYCLE,eMAR,NOT_ESTABLISHED_CURRENT_AUDIT,"Generate, assign, conduct, and complete a medication round",NOT_ESTABLISHED_CURRENT_AUDIT,"Generate, assign, conduct, and complete a medication round","NOT_ESTABLISHED_CURRENT_AUDIT; execution requires a documented representative role, approved Site/record scope where applicable, and resettable synthetic data.",SOURCE_BOUND_STATIC_IDENTITY_ONLY,NOT_EXECUTED_REPRESENTATIVE_ROLE,NOT_MEASURED,0-5; NOT_MEASURED is not 0,NOT_MEASURED,NOT_MEASURED,NOT_MEASURED,NOT_MEASURED,NOT_MEASURED,NOT_MEASURED,NOT_MEASURED,NOT_MEASURED,NOT_MEASURED,NOT_MEASURED,NOT_MEASURED,NOT_MEASURED,NOT_MEASURED,NOT_MEASURED,NOT_MEASURED,NOT_MEASURED,NOT_MEASURED,"{""discoverability"":""NOT_MEASURED"",""comprehension"":""NOT_MEASURED"",""learnability"":""NOT_MEASURED"",""efficiency"":""NOT_MEASURED"",""error_prevention"":""NOT_MEASURED"",""recovery"":""NOT_MEASURED"",""accessibility"":""NOT_MEASURED"",""safety_and_trust"":""NOT_MEASURED"",""consistency"":""NOT_MEASURED"",""cross_module_continuity"":""NOT_MEASURED""}",NOT_PERFORMED,NOT_LINKED_TO_CANONICAL_TARGET_CURRENT_AUDIT,NOT_MEASURED,NOT_MEASURED,NOT_MEASURED,NOT_MEASURED,NOT_MEASURED,NOT_MEASURED,NOT_MEASURED,NOT_MEASURED,NOT_MEASURED,NOT_MEASURED,NOT_MEASURED,H,CANONICAL_STATIC_IDENTITY_DENOMINATOR,GuidedRoundController and medication-round owner,NOT_ESTABLISHED_CURRENT_AUDIT,"Generate, assign, conduct, and complete a medication round",NOT_ADJUDICATED_CURRENT_AUDIT,NOT_SCORED_CURRENT_AUDIT,NOT_SCORED_CURRENT_AUDIT,STATIC_CANONICAL_IDENTITY_FROZEN,INCOMPLETE_CANONICAL_STATIC_IDENTITY_ONLY,NOT_ADJUDICATED_CURRENT_AUDIT,NOT_ADJUDICATED_CURRENT_AUDIT,NOT_DETERMINED_CURRENT_AUDIT,ONE_OPERATING_ORGANISATION_MULTIPLE_SITES; FEATURE_SPECIFIC_ROLE_PERMISSION_SITE_OWNERSHIP_DIRECT_OBJECT_PRIVACY_BOUNDARY_NOT_ADJUDICATED,NOT_ESTABLISHED_CURRENT_AUDIT,NOT_ESTABLISHED_CURRENT_AUDIT,routes/emar.php:118-130; routes/emar.php:191-197,resources/js/pages/emar/Rounds.tsx,app/Http/Controllers/Emar/GuidedRoundController.php:22,NOT_ESTABLISHED_CURRENT_AUDIT,NOT_ESTABLISHED_CURRENT_AUDIT,"Static canonical identity only: Generate, assign, conduct, and complete a medication round. Representative-role completion was not executed.",ROUTE_AND_PAGE_SOURCE_ANCHORS_PRESENT_UNVALIDATED,ROUTE_AND_PAGE_SOURCE_ANCHORS_PRESENT_UNVALIDATED,task-scripts/cap-med-round-lifecycle.md,a0493442b9e392d324055c35bf25b69421dc2d35,f8cdaf81d83c71e4f5d064fdf88872b908ffaaa1,df6e1b1b357439ad1fd829bebf4e2d33d20d067d515eb945c352e2350a4194a4,f4feae2598622afe346b1163fed2bb842305a8d973a89ec890c02746d99b5999,false,false,false,false,false,"Static identity and source ownership only; no runtime, browser, executed-test, benchmark, ease, release, or completion credit."
TASK-CAP-MED-SELF-ADMINISTRATION,CAP-MED-SELF-ADMINISTRATION,eMAR,NOT_ESTABLISHED_CURRENT_AUDIT,Assess and maintain client self-administration authority,NOT_ESTABLISHED_CURRENT_AUDIT,Assess and maintain client self-administration authority,"NOT_ESTABLISHED_CURRENT_AUDIT; execution requires a documented representative role, approved Site/record scope where applicable, and resettable synthetic data.",SOURCE_BOUND_STATIC_IDENTITY_ONLY,NOT_EXECUTED_REPRESENTATIVE_ROLE,NOT_MEASURED,0-5; NOT_MEASURED is not 0,NOT_MEASURED,NOT_MEASURED,NOT_MEASURED,NOT_MEASURED,NOT_MEASURED,NOT_MEASURED,NOT_MEASURED,NOT_MEASURED,NOT_MEASURED,NOT_MEASURED,NOT_MEASURED,NOT_MEASURED,NOT_MEASURED,NOT_MEASURED,NOT_MEASURED,NOT_MEASURED,NOT_MEASURED,"{""discoverability"":""NOT_MEASURED"",""comprehension"":""NOT_MEASURED"",""learnability"":""NOT_MEASURED"",""efficiency"":""NOT_MEASURED"",""error_prevention"":""NOT_MEASURED"",""recovery"":""NOT_MEASURED"",""accessibility"":""NOT_MEASURED"",""safety_and_trust"":""NOT_MEASURED"",""consistency"":""NOT_MEASURED"",""cross_module_continuity"":""NOT_MEASURED""}",NOT_PERFORMED,NOT_LINKED_TO_CANONICAL_TARGET_CURRENT_AUDIT,NOT_MEASURED,NOT_MEASURED,NOT_MEASURED,NOT_MEASURED,NOT_MEASURED,NOT_MEASURED,NOT_MEASURED,NOT_MEASURED,NOT_MEASURED,NOT_MEASURED,NOT_MEASURED,H,CANONICAL_STATIC_IDENTITY_DENOMINATOR,Medication self-administration owner,NOT_ESTABLISHED_CURRENT_AUDIT,Assess and maintain client self-administration authority,NOT_ADJUDICATED_CURRENT_AUDIT,NOT_SCORED_CURRENT_AUDIT,NOT_SCORED_CURRENT_AUDIT,STATIC_CANONICAL_IDENTITY_FROZEN,INCOMPLETE_CANONICAL_STATIC_IDENTITY_ONLY,NOT_ADJUDICATED_CURRENT_AUDIT,NOT_ADJUDICATED_CURRENT_AUDIT,NOT_DETERMINED_CURRENT_AUDIT,ONE_OPERATING_ORGANISATION_MULTIPLE_SITES; FEATURE_SPECIFIC_ROLE_PERMISSION_SITE_OWNERSHIP_DIRECT_OBJECT_PRIVACY_BOUNDARY_NOT_ADJUDICATED,NOT_ESTABLISHED_CURRENT_AUDIT,NOT_ESTABLISHED_CURRENT_AUDIT,routes/emar.php:134-136; routes/emar.php:200-202,resources/js/pages/emar/SelfAdmin.tsx,NOT_ESTABLISHED_CURRENT_AUDIT,NOT_ESTABLISHED_CURRENT_AUDIT,NOT_ESTABLISHED_CURRENT_AUDIT,Static canonical identity only: Assess and maintain client self-administration authority. Representative-role completion was not executed.,ROUTE_AND_PAGE_SOURCE_ANCHORS_PRESENT_UNVALIDATED,ROUTE_AND_PAGE_SOURCE_ANCHORS_PRESENT_UNVALIDATED,task-scripts/cap-med-self-administration.md,a0493442b9e392d324055c35bf25b69421dc2d35,f8cdaf81d83c71e4f5d064fdf88872b908ffaaa1,df6e1b1b357439ad1fd829bebf4e2d33d20d067d515eb945c352e2350a4194a4,f4feae2598622afe346b1163fed2bb842305a8d973a89ec890c02746d99b5999,false,false,false,false,false,"Static identity and source ownership only; no runtime, browser, executed-test, benchmark, ease, release, or completion credit."
TASK-CAP-MED-SHIFT-HANDOVER,CAP-MED-SHIFT-HANDOVER,eMAR,NOT_ESTABLISHED_CURRENT_AUDIT,"Create, submit, acknowledge, lock, and govern a medication shift handover",NOT_ESTABLISHED_CURRENT_AUDIT,"Create, submit, acknowledge, lock, and govern a medication shift handover","NOT_ESTABLISHED_CURRENT_AUDIT; execution requires a documented representative role, approved Site/record scope where applicable, and resettable synthetic data.",SOURCE_BOUND_STATIC_IDENTITY_ONLY,NOT_EXECUTED_REPRESENTATIVE_ROLE,NOT_MEASURED,0-5; NOT_MEASURED is not 0,NOT_MEASURED,NOT_MEASURED,NOT_MEASURED,NOT_MEASURED,NOT_MEASURED,NOT_MEASURED,NOT_MEASURED,NOT_MEASURED,NOT_MEASURED,NOT_MEASURED,NOT_MEASURED,NOT_MEASURED,NOT_MEASURED,NOT_MEASURED,NOT_MEASURED,NOT_MEASURED,NOT_MEASURED,"{""discoverability"":""NOT_MEASURED"",""comprehension"":""NOT_MEASURED"",""learnability"":""NOT_MEASURED"",""efficiency"":""NOT_MEASURED"",""error_prevention"":""NOT_MEASURED"",""recovery"":""NOT_MEASURED"",""accessibility"":""NOT_MEASURED"",""safety_and_trust"":""NOT_MEASURED"",""consistency"":""NOT_MEASURED"",""cross_module_continuity"":""NOT_MEASURED""}",NOT_PERFORMED,NOT_LINKED_TO_CANONICAL_TARGET_CURRENT_AUDIT,NOT_MEASURED,NOT_MEASURED,NOT_MEASURED,NOT_MEASURED,NOT_MEASURED,NOT_MEASURED,NOT_MEASURED,NOT_MEASURED,NOT_MEASURED,NOT_MEASURED,NOT_MEASURED,H,CANONICAL_STATIC_IDENTITY_DENOMINATOR,Medication handover owner,NOT_ESTABLISHED_CURRENT_AUDIT,"Create, submit, acknowledge, lock, and govern a medication shift handover",NOT_ADJUDICATED_CURRENT_AUDIT,NOT_SCORED_CURRENT_AUDIT,NOT_SCORED_CURRENT_AUDIT,STATIC_CANONICAL_IDENTITY_FROZEN,INCOMPLETE_CANONICAL_STATIC_IDENTITY_ONLY,NOT_ADJUDICATED_CURRENT_AUDIT,NOT_ADJUDICATED_CURRENT_AUDIT,NOT_DETERMINED_CURRENT_AUDIT,ONE_OPERATING_ORGANISATION_MULTIPLE_SITES; FEATURE_SPECIFIC_ROLE_PERMISSION_SITE_OWNERSHIP_DIRECT_OBJECT_PRIVACY_BOUNDARY_NOT_ADJUDICATED,NOT_ESTABLISHED_CURRENT_AUDIT,NOT_ESTABLISHED_CURRENT_AUDIT,routes/api_medications.php:102-105; routes/emar.php:144-150; routes/emar.php:249-270,resources/js/pages/emar/Handovers.tsx,app/Http/Controllers/Api/MedicationsApiController.php:1197-1217,NOT_ESTABLISHED_CURRENT_AUDIT,NOT_ESTABLISHED_CURRENT_AUDIT,"Static canonical identity only: Create, submit, acknowledge, lock, and govern a medication shift handover. Representative-role completion was not executed.",ROUTE_AND_PAGE_SOURCE_ANCHORS_PRESENT_UNVALIDATED,ROUTE_AND_PAGE_SOURCE_ANCHORS_PRESENT_UNVALIDATED,task-scripts/cap-med-shift-handover.md,a0493442b9e392d324055c35bf25b69421dc2d35,f8cdaf81d83c71e4f5d064fdf88872b908ffaaa1,df6e1b1b357439ad1fd829bebf4e2d33d20d067d515eb945c352e2350a4194a4,f4feae2598622afe346b1163fed2bb842305a8d973a89ec890c02746d99b5999,false,false,false,false,false,"Static identity and source ownership only; no runtime, browser, executed-test, benchmark, ease, release, or completion credit."
TASK-CAP-MED-STAFF-COMPETENCY,CAP-MED-STAFF-COMPETENCY,eMAR,NOT_ESTABLISHED_CURRENT_AUDIT,Assess and maintain staff medication competency,NOT_ESTABLISHED_CURRENT_AUDIT,Assess and maintain staff medication competency,"NOT_ESTABLISHED_CURRENT_AUDIT; execution requires a documented representative role, approved Site/record scope where applicable, and resettable synthetic data.",SOURCE_BOUND_STATIC_IDENTITY_ONLY,NOT_EXECUTED_REPRESENTATIVE_ROLE,NOT_MEASURED,0-5; NOT_MEASURED is not 0,NOT_MEASURED,NOT_MEASURED,NOT_MEASURED,NOT_MEASURED,NOT_MEASURED,NOT_MEASURED,NOT_MEASURED,NOT_MEASURED,NOT_MEASURED,NOT_MEASURED,NOT_MEASURED,NOT_MEASURED,NOT_MEASURED,NOT_MEASURED,NOT_MEASURED,NOT_MEASURED,NOT_MEASURED,"{""discoverability"":""NOT_MEASURED"",""comprehension"":""NOT_MEASURED"",""learnability"":""NOT_MEASURED"",""efficiency"":""NOT_MEASURED"",""error_prevention"":""NOT_MEASURED"",""recovery"":""NOT_MEASURED"",""accessibility"":""NOT_MEASURED"",""safety_and_trust"":""NOT_MEASURED"",""consistency"":""NOT_MEASURED"",""cross_module_continuity"":""NOT_MEASURED""}",NOT_PERFORMED,NOT_LINKED_TO_CANONICAL_TARGET_CURRENT_AUDIT,NOT_MEASURED,NOT_MEASURED,NOT_MEASURED,NOT_MEASURED,NOT_MEASURED,NOT_MEASURED,NOT_MEASURED,NOT_MEASURED,NOT_MEASURED,NOT_MEASURED,NOT_MEASURED,H,CANONICAL_STATIC_IDENTITY_DENOMINATOR,Medication competency owner,NOT_ESTABLISHED_CURRENT_AUDIT,Assess and maintain staff medication competency,NOT_ADJUDICATED_CURRENT_AUDIT,NOT_SCORED_CURRENT_AUDIT,NOT_SCORED_CURRENT_AUDIT,STATIC_CANONICAL_IDENTITY_FROZEN,INCOMPLETE_CANONICAL_STATIC_IDENTITY_ONLY,NOT_ADJUDICATED_CURRENT_AUDIT,NOT_ADJUDICATED_CURRENT_AUDIT,NOT_DETERMINED_CURRENT_AUDIT,ONE_OPERATING_ORGANISATION_MULTIPLE_SITES; FEATURE_SPECIFIC_ROLE_PERMISSION_SITE_OWNERSHIP_DIRECT_OBJECT_PRIVACY_BOUNDARY_NOT_ADJUDICATED,NOT_ESTABLISHED_CURRENT_AUDIT,NOT_ESTABLISHED_CURRENT_AUDIT,routes/emar.php:104-106; routes/emar.php:186-188,resources/js/pages/emar/Competency.tsx,NOT_ESTABLISHED_CURRENT_AUDIT,NOT_ESTABLISHED_CURRENT_AUDIT,NOT_ESTABLISHED_CURRENT_AUDIT,Static canonical identity only: Assess and maintain staff medication competency. Representative-role completion was not executed.,ROUTE_AND_PAGE_SOURCE_ANCHORS_PRESENT_UNVALIDATED,ROUTE_AND_PAGE_SOURCE_ANCHORS_PRESENT_UNVALIDATED,task-scripts/cap-med-staff-competency.md,a0493442b9e392d324055c35bf25b69421dc2d35,f8cdaf81d83c71e4f5d064fdf88872b908ffaaa1,df6e1b1b357439ad1fd829bebf4e2d33d20d067d515eb945c352e2350a4194a4,f4feae2598622afe346b1163fed2bb842305a8d973a89ec890c02746d99b5999,false,false,false,false,false,"Static identity and source ownership only; no runtime, browser, executed-test, benchmark, ease, release, or completion credit."
TASK-CAP-MED-STOCK-MOVEMENT,CAP-MED-STOCK-MOVEMENT,eMAR,NOT_ESTABLISHED_CURRENT_AUDIT,"Receive, adjust, and inspect medication stock movements",NOT_ESTABLISHED_CURRENT_AUDIT,"Receive, adjust, and inspect medication stock movements","NOT_ESTABLISHED_CURRENT_AUDIT; execution requires a documented representative role, approved Site/record scope where applicable, and resettable synthetic data.",SOURCE_BOUND_STATIC_IDENTITY_ONLY,NOT_EXECUTED_REPRESENTATIVE_ROLE,NOT_MEASURED,0-5; NOT_MEASURED is not 0,NOT_MEASURED,NOT_MEASURED,NOT_MEASURED,NOT_MEASURED,NOT_MEASURED,NOT_MEASURED,NOT_MEASURED,NOT_MEASURED,NOT_MEASURED,NOT_MEASURED,NOT_MEASURED,NOT_MEASURED,NOT_MEASURED,NOT_MEASURED,NOT_MEASURED,NOT_MEASURED,NOT_MEASURED,"{""discoverability"":""NOT_MEASURED"",""comprehension"":""NOT_MEASURED"",""learnability"":""NOT_MEASURED"",""efficiency"":""NOT_MEASURED"",""error_prevention"":""NOT_MEASURED"",""recovery"":""NOT_MEASURED"",""accessibility"":""NOT_MEASURED"",""safety_and_trust"":""NOT_MEASURED"",""consistency"":""NOT_MEASURED"",""cross_module_continuity"":""NOT_MEASURED""}",NOT_PERFORMED,NOT_LINKED_TO_CANONICAL_TARGET_CURRENT_AUDIT,NOT_MEASURED,NOT_MEASURED,NOT_MEASURED,NOT_MEASURED,NOT_MEASURED,NOT_MEASURED,NOT_MEASURED,NOT_MEASURED,NOT_MEASURED,NOT_MEASURED,NOT_MEASURED,H,CANONICAL_STATIC_IDENTITY_DENOMINATOR,Medication stock owner,NOT_ESTABLISHED_CURRENT_AUDIT,"Receive, adjust, and inspect medication stock movements",NOT_ADJUDICATED_CURRENT_AUDIT,NOT_SCORED_CURRENT_AUDIT,NOT_SCORED_CURRENT_AUDIT,STATIC_CANONICAL_IDENTITY_FROZEN,INCOMPLETE_CANONICAL_STATIC_IDENTITY_ONLY,NOT_ADJUDICATED_CURRENT_AUDIT,NOT_ADJUDICATED_CURRENT_AUDIT,NOT_DETERMINED_CURRENT_AUDIT,ONE_OPERATING_ORGANISATION_MULTIPLE_SITES; FEATURE_SPECIFIC_ROLE_PERMISSION_SITE_OWNERSHIP_DIRECT_OBJECT_PRIVACY_BOUNDARY_NOT_ADJUDICATED,NOT_ESTABLISHED_CURRENT_AUDIT,NOT_ESTABLISHED_CURRENT_AUDIT,routes/api_medications.php:121-132; routes/emar.php:224-226; routes/emar.php:94-96,resources/js/pages/emar/StockManagement.tsx,app/Http/Controllers/Api/MedicationsApiController.php:1315-1497,NOT_ESTABLISHED_CURRENT_AUDIT,NOT_ESTABLISHED_CURRENT_AUDIT,"Static canonical identity only: Receive, adjust, and inspect medication stock movements. Representative-role completion was not executed.",ROUTE_AND_PAGE_SOURCE_ANCHORS_PRESENT_UNVALIDATED,ROUTE_AND_PAGE_SOURCE_ANCHORS_PRESENT_UNVALIDATED,task-scripts/cap-med-stock-movement.md,a0493442b9e392d324055c35bf25b69421dc2d35,f8cdaf81d83c71e4f5d064fdf88872b908ffaaa1,df6e1b1b357439ad1fd829bebf4e2d33d20d067d515eb945c352e2350a4194a4,f4feae2598622afe346b1163fed2bb842305a8d973a89ec890c02746d99b5999,false,false,false,false,false,"Static identity and source ownership only; no runtime, browser, executed-test, benchmark, ease, release, or completion credit."
TASK-CAP-MED-WORKER-DOSE-PRN-LIFECYCLE,CAP-MED-WORKER-DOSE-PRN-LIFECYCLE,eMAR,NOT_ESTABLISHED_CURRENT_AUDIT,Record scheduled and PRN dose outcomes,NOT_ESTABLISHED_CURRENT_AUDIT,Record scheduled and PRN dose outcomes,"NOT_ESTABLISHED_CURRENT_AUDIT; execution requires a documented representative role, approved Site/record scope where applicable, and resettable synthetic data.",SOURCE_BOUND_STATIC_IDENTITY_ONLY,NOT_EXECUTED_REPRESENTATIVE_ROLE,NOT_MEASURED,0-5; NOT_MEASURED is not 0,NOT_MEASURED,NOT_MEASURED,NOT_MEASURED,NOT_MEASURED,NOT_MEASURED,NOT_MEASURED,NOT_MEASURED,NOT_MEASURED,NOT_MEASURED,NOT_MEASURED,NOT_MEASURED,NOT_MEASURED,NOT_MEASURED,NOT_MEASURED,NOT_MEASURED,NOT_MEASURED,NOT_MEASURED,"{""discoverability"":""NOT_MEASURED"",""comprehension"":""NOT_MEASURED"",""learnability"":""NOT_MEASURED"",""efficiency"":""NOT_MEASURED"",""error_prevention"":""NOT_MEASURED"",""recovery"":""NOT_MEASURED"",""accessibility"":""NOT_MEASURED"",""safety_and_trust"":""NOT_MEASURED"",""consistency"":""NOT_MEASURED"",""cross_module_continuity"":""NOT_MEASURED""}",NOT_PERFORMED,NOT_LINKED_TO_CANONICAL_TARGET_CURRENT_AUDIT,NOT_MEASURED,NOT_MEASURED,NOT_MEASURED,NOT_MEASURED,NOT_MEASURED,NOT_MEASURED,NOT_MEASURED,NOT_MEASURED,NOT_MEASURED,NOT_MEASURED,NOT_MEASURED,H,CANONICAL_STATIC_IDENTITY_DENOMINATOR,Medication administration lifecycle owner,NOT_ESTABLISHED_CURRENT_AUDIT,Record scheduled and PRN dose outcomes,NOT_ADJUDICATED_CURRENT_AUDIT,NOT_SCORED_CURRENT_AUDIT,NOT_SCORED_CURRENT_AUDIT,STATIC_CANONICAL_IDENTITY_FROZEN,INCOMPLETE_CANONICAL_STATIC_IDENTITY_ONLY,NOT_ADJUDICATED_CURRENT_AUDIT,NOT_ADJUDICATED_CURRENT_AUDIT,NOT_DETERMINED_CURRENT_AUDIT,ONE_OPERATING_ORGANISATION_MULTIPLE_SITES; FEATURE_SPECIFIC_ROLE_PERMISSION_SITE_OWNERSHIP_DIRECT_OBJECT_PRIVACY_BOUNDARY_NOT_ADJUDICATED,NOT_ESTABLISHED_CURRENT_AUDIT,NOT_ESTABLISHED_CURRENT_AUDIT,routes/api_medications.php:18-37; routes/api_medications.php:67-74; routes/emar.php:30-395,NOT_ESTABLISHED_CURRENT_AUDIT,app/Http/Controllers/Api/MedicationsApiController.php:302-999; app/Http/Controllers/Emar/EmarController.php:4023-4121; app/Services/Eligibility/Rules/MedicationCompetencyRule.php:1; app/Services/Medication/MedicationScopeDecisionService.php:40-221,tests/Feature/Emar/ControlledDrugsTest.php:1; tests/Feature/Emar/MedicationCompetencyPolicyTest.php:1; tests/Feature/Emar/MedicationScopeAuthorizationTest.php:1,NOT_ESTABLISHED_CURRENT_AUDIT,Static canonical identity only: Record scheduled and PRN dose outcomes. Representative-role completion was not executed.,ROUTE_SOURCE_ANCHOR_ONLY_UNVALIDATED,ROUTE_SOURCE_ANCHOR_ONLY_UNVALIDATED,task-scripts/cap-med-worker-dose-prn-lifecycle.md,a0493442b9e392d324055c35bf25b69421dc2d35,f8cdaf81d83c71e4f5d064fdf88872b908ffaaa1,df6e1b1b357439ad1fd829bebf4e2d33d20d067d515eb945c352e2350a4194a4,f4feae2598622afe346b1163fed2bb842305a8d973a89ec890c02746d99b5999,false,false,false,false,false,"Static identity and source ownership only; no runtime, browser, executed-test, benchmark, ease, release, or completion credit."
TASK-CAP-MED-WORKER-TODAY-WORKLIST,CAP-MED-WORKER-TODAY-WORKLIST,eMAR,NOT_ESTABLISHED_CURRENT_AUDIT,Review today's authorised medication work,NOT_ESTABLISHED_CURRENT_AUDIT,Review today's authorised medication work,"NOT_ESTABLISHED_CURRENT_AUDIT; execution requires a documented representative role, approved Site/record scope where applicable, and resettable synthetic data.",SOURCE_BOUND_STATIC_IDENTITY_ONLY,NOT_EXECUTED_REPRESENTATIVE_ROLE,NOT_MEASURED,0-5; NOT_MEASURED is not 0,NOT_MEASURED,NOT_MEASURED,NOT_MEASURED,NOT_MEASURED,NOT_MEASURED,NOT_MEASURED,NOT_MEASURED,NOT_MEASURED,NOT_MEASURED,NOT_MEASURED,NOT_MEASURED,NOT_MEASURED,NOT_MEASURED,NOT_MEASURED,NOT_MEASURED,NOT_MEASURED,NOT_MEASURED,"{""discoverability"":""NOT_MEASURED"",""comprehension"":""NOT_MEASURED"",""learnability"":""NOT_MEASURED"",""efficiency"":""NOT_MEASURED"",""error_prevention"":""NOT_MEASURED"",""recovery"":""NOT_MEASURED"",""accessibility"":""NOT_MEASURED"",""safety_and_trust"":""NOT_MEASURED"",""consistency"":""NOT_MEASURED"",""cross_module_continuity"":""NOT_MEASURED""}",NOT_PERFORMED,NOT_LINKED_TO_CANONICAL_TARGET_CURRENT_AUDIT,NOT_MEASURED,NOT_MEASURED,NOT_MEASURED,NOT_MEASURED,NOT_MEASURED,NOT_MEASURED,NOT_MEASURED,NOT_MEASURED,NOT_MEASURED,NOT_MEASURED,NOT_MEASURED,H,CANONICAL_STATIC_IDENTITY_DENOMINATOR,MyDayMedicationsController and medication scope owner,NOT_ESTABLISHED_CURRENT_AUDIT,Review today's authorised medication work,NOT_ADJUDICATED_CURRENT_AUDIT,NOT_SCORED_CURRENT_AUDIT,NOT_SCORED_CURRENT_AUDIT,STATIC_CANONICAL_IDENTITY_FROZEN,INCOMPLETE_CANONICAL_STATIC_IDENTITY_ONLY,NOT_ADJUDICATED_CURRENT_AUDIT,NOT_ADJUDICATED_CURRENT_AUDIT,NOT_DETERMINED_CURRENT_AUDIT,ONE_OPERATING_ORGANISATION_MULTIPLE_SITES; FEATURE_SPECIFIC_ROLE_PERMISSION_SITE_OWNERSHIP_DIRECT_OBJECT_PRIVACY_BOUNDARY_NOT_ADJUDICATED,NOT_ESTABLISHED_CURRENT_AUDIT,NOT_ESTABLISHED_CURRENT_AUDIT,routes/emar.php:30-395,NOT_ESTABLISHED_CURRENT_AUDIT,app/Http/Controllers/Emar/EmarController.php:4023-4121; app/Services/Eligibility/Rules/MedicationCompetencyRule.php:1; app/Services/Medication/MedicationScopeDecisionService.php:40-221,tests/Feature/Emar/ControlledDrugsTest.php:1; tests/Feature/Emar/MedicationCompetencyPolicyTest.php:1; tests/Feature/Emar/MedicationScopeAuthorizationTest.php:1,NOT_ESTABLISHED_CURRENT_AUDIT,Static canonical identity only: Review today's authorised medication work. Representative-role completion was not executed.,ROUTE_SOURCE_ANCHOR_ONLY_UNVALIDATED,ROUTE_SOURCE_ANCHOR_ONLY_UNVALIDATED,task-scripts/cap-med-worker-today-worklist.md,a0493442b9e392d324055c35bf25b69421dc2d35,f8cdaf81d83c71e4f5d064fdf88872b908ffaaa1,df6e1b1b357439ad1fd829bebf4e2d33d20d067d515eb945c352e2350a4194a4,f4feae2598622afe346b1163fed2bb842305a8d973a89ec890c02746d99b5999,false,false,false,false,false,"Static identity and source ownership only; no runtime, browser, executed-test, benchmark, ease, release, or completion credit."
TASK-CAP-NOTIF-PERSONAL-INBOX-ACK,CAP-NOTIF-PERSONAL-INBOX-ACK,Notifications,NOT_ESTABLISHED_CURRENT_AUDIT,"Read, mark, and acknowledge owned notifications",NOT_ESTABLISHED_CURRENT_AUDIT,"Read, mark, and acknowledge owned notifications","NOT_ESTABLISHED_CURRENT_AUDIT; execution requires a documented representative role, approved Site/record scope where applicable, and resettable synthetic data.",SOURCE_BOUND_STATIC_IDENTITY_ONLY,NOT_EXECUTED_REPRESENTATIVE_ROLE,NOT_MEASURED,0-5; NOT_MEASURED is not 0,NOT_MEASURED,NOT_MEASURED,NOT_MEASURED,NOT_MEASURED,NOT_MEASURED,NOT_MEASURED,NOT_MEASURED,NOT_MEASURED,NOT_MEASURED,NOT_MEASURED,NOT_MEASURED,NOT_MEASURED,NOT_MEASURED,NOT_MEASURED,NOT_MEASURED,NOT_MEASURED,NOT_MEASURED,"{""discoverability"":""NOT_MEASURED"",""comprehension"":""NOT_MEASURED"",""learnability"":""NOT_MEASURED"",""efficiency"":""NOT_MEASURED"",""error_prevention"":""NOT_MEASURED"",""recovery"":""NOT_MEASURED"",""accessibility"":""NOT_MEASURED"",""safety_and_trust"":""NOT_MEASURED"",""consistency"":""NOT_MEASURED"",""cross_module_continuity"":""NOT_MEASURED""}",NOT_PERFORMED,NOT_LINKED_TO_CANONICAL_TARGET_CURRENT_AUDIT,NOT_MEASURED,NOT_MEASURED,NOT_MEASURED,NOT_MEASURED,NOT_MEASURED,NOT_MEASURED,NOT_MEASURED,NOT_MEASURED,NOT_MEASURED,NOT_MEASURED,NOT_MEASURED,H,CANONICAL_STATIC_IDENTITY_DENOMINATOR,NotificationInboxController and the canonical user notification relation,NOT_ESTABLISHED_CURRENT_AUDIT,"Read, mark, and acknowledge owned notifications",NOT_ADJUDICATED_CURRENT_AUDIT,NOT_SCORED_CURRENT_AUDIT,NOT_SCORED_CURRENT_AUDIT,STATIC_CANONICAL_IDENTITY_FROZEN,INCOMPLETE_CANONICAL_STATIC_IDENTITY_ONLY,NOT_ADJUDICATED_CURRENT_AUDIT,NOT_ADJUDICATED_CURRENT_AUDIT,NOT_DETERMINED_CURRENT_AUDIT,ONE_OPERATING_ORGANISATION_MULTIPLE_SITES; FEATURE_SPECIFIC_ROLE_PERMISSION_SITE_OWNERSHIP_DIRECT_OBJECT_PRIVACY_BOUNDARY_NOT_ADJUDICATED,NOT_ESTABLISHED_CURRENT_AUDIT,NOT_ESTABLISHED_CURRENT_AUDIT,routes/portal.php:181-231,NOT_ESTABLISHED_CURRENT_AUDIT,app/Http/Controllers/NotificationInboxController.php:9-45,tests/Browser/Notifications/NotificationsTest.php,NOT_ESTABLISHED_CURRENT_AUDIT,"Static canonical identity only: Read, mark, and acknowledge owned notifications. Representative-role completion was not executed.",ROUTE_SOURCE_ANCHOR_ONLY_UNVALIDATED,ROUTE_SOURCE_ANCHOR_ONLY_UNVALIDATED,task-scripts/cap-notif-personal-inbox-ack.md,a0493442b9e392d324055c35bf25b69421dc2d35,f8cdaf81d83c71e4f5d064fdf88872b908ffaaa1,df6e1b1b357439ad1fd829bebf4e2d33d20d067d515eb945c352e2350a4194a4,f4feae2598622afe346b1163fed2bb842305a8d973a89ec890c02746d99b5999,false,false,false,false,false,"Static identity and source ownership only; no runtime, browser, executed-test, benchmark, ease, release, or completion credit."
TASK-CAP-OPS-ATTENDANCE-CLOCK-SESSION,CAP-OPS-ATTENDANCE-CLOCK-SESSION,Workforce,NOT_ESTABLISHED_CURRENT_AUDIT,"Clock in, take breaks, clock out, and create or reconcile the worker's attendance-backed draft timesheet.",NOT_ESTABLISHED_CURRENT_AUDIT,"Clock in, take breaks, clock out, and create or reconcile the worker's attendance-backed draft timesheet.","NOT_ESTABLISHED_CURRENT_AUDIT; execution requires a documented representative role, approved Site/record scope where applicable, and resettable synthetic data.",SOURCE_BOUND_STATIC_IDENTITY_ONLY,NOT_EXECUTED_REPRESENTATIVE_ROLE,NOT_MEASURED,0-5; NOT_MEASURED is not 0,NOT_MEASURED,NOT_MEASURED,NOT_MEASURED,NOT_MEASURED,NOT_MEASURED,NOT_MEASURED,NOT_MEASURED,NOT_MEASURED,NOT_MEASURED,NOT_MEASURED,NOT_MEASURED,NOT_MEASURED,NOT_MEASURED,NOT_MEASURED,NOT_MEASURED,NOT_MEASURED,NOT_MEASURED,"{""discoverability"":""NOT_MEASURED"",""comprehension"":""NOT_MEASURED"",""learnability"":""NOT_MEASURED"",""efficiency"":""NOT_MEASURED"",""error_prevention"":""NOT_MEASURED"",""recovery"":""NOT_MEASURED"",""accessibility"":""NOT_MEASURED"",""safety_and_trust"":""NOT_MEASURED"",""consistency"":""NOT_MEASURED"",""cross_module_continuity"":""NOT_MEASURED""}",NOT_PERFORMED,NOT_LINKED_TO_CANONICAL_TARGET_CURRENT_AUDIT,NOT_MEASURED,NOT_MEASURED,NOT_MEASURED,NOT_MEASURED,NOT_MEASURED,NOT_MEASURED,NOT_MEASURED,NOT_MEASURED,NOT_MEASURED,NOT_MEASURED,NOT_MEASURED,H,CANONICAL_STATIC_IDENTITY_DENOMINATOR,AttendanceController and AttendanceService,NOT_ESTABLISHED_CURRENT_AUDIT,"Clock in, take breaks, clock out, and create or reconcile the worker's attendance-backed draft timesheet.",NOT_ADJUDICATED_CURRENT_AUDIT,NOT_SCORED_CURRENT_AUDIT,NOT_SCORED_CURRENT_AUDIT,STATIC_CANONICAL_IDENTITY_FROZEN,INCOMPLETE_CANONICAL_STATIC_IDENTITY_ONLY,NOT_ADJUDICATED_CURRENT_AUDIT,NOT_ADJUDICATED_CURRENT_AUDIT,NOT_DETERMINED_CURRENT_AUDIT,ONE_OPERATING_ORGANISATION_MULTIPLE_SITES; FEATURE_SPECIFIC_ROLE_PERMISSION_SITE_OWNERSHIP_DIRECT_OBJECT_PRIVACY_BOUNDARY_NOT_ADJUDICATED,NOT_ESTABLISHED_CURRENT_AUDIT,NOT_ESTABLISHED_CURRENT_AUDIT,routes/operations.php:1-1336; routes/shifts.php:1-127; routes/shifts.php:96-104,resources/js/pages/attendance/index.tsx:1-1601,app/Domain/Hr/Models/HrAttendanceSession.php:1; app/Domain/Hr/Services/AttendanceService.php:30-273; app/Domain/Shifts/Lifecycle/ShiftLifecycleService.php:1; app/Domain/Shifts/Timesheets/TimesheetApprovalService.php:1,tests/Feature/Hr/AttendanceClockWorkflowTest.php:40-480; tests/Feature/ShiftLifecycleHardeningTest.php:1; tests/Feature/TimesheetSafetyGuardsTest.php:1; tests/Unit/Rostering/EligibilityScoringStrategyTest.php:1,NOT_ESTABLISHED_CURRENT_AUDIT,"Static canonical identity only: Clock in, take breaks, clock out, and create or reconcile the worker's attendance-backed draft timesheet.. Representative-role completion was not executed.",ROUTE_AND_PAGE_SOURCE_ANCHORS_PRESENT_UNVALIDATED,ROUTE_AND_PAGE_SOURCE_ANCHORS_PRESENT_UNVALIDATED,task-scripts/cap-ops-attendance-clock-session.md,a0493442b9e392d324055c35bf25b69421dc2d35,f8cdaf81d83c71e4f5d064fdf88872b908ffaaa1,df6e1b1b357439ad1fd829bebf4e2d33d20d067d515eb945c352e2350a4194a4,f4feae2598622afe346b1163fed2bb842305a8d973a89ec890c02746d99b5999,false,false,false,false,false,"Static identity and source ownership only; no runtime, browser, executed-test, benchmark, ease, release, or completion credit."
TASK-CAP-OPS-ATTENDANCE-SESSION-CORRECTION,CAP-OPS-ATTENDANCE-SESSION-CORRECTION,Workforce,NOT_ESTABLISHED_CURRENT_AUDIT,"Correct a missed or inaccurate attendance session, or end a stale session under explicit manager authority.",NOT_ESTABLISHED_CURRENT_AUDIT,"Correct a missed or inaccurate attendance session, or end a stale session under explicit manager authority.","NOT_ESTABLISHED_CURRENT_AUDIT; execution requires a documented representative role, approved Site/record scope where applicable, and resettable synthetic data.",SOURCE_BOUND_STATIC_IDENTITY_ONLY,NOT_EXECUTED_REPRESENTATIVE_ROLE,NOT_MEASURED,0-5; NOT_MEASURED is not 0,NOT_MEASURED,NOT_MEASURED,NOT_MEASURED,NOT_MEASURED,NOT_MEASURED,NOT_MEASURED,NOT_MEASURED,NOT_MEASURED,NOT_MEASURED,NOT_MEASURED,NOT_MEASURED,NOT_MEASURED,NOT_MEASURED,NOT_MEASURED,NOT_MEASURED,NOT_MEASURED,NOT_MEASURED,"{""discoverability"":""NOT_MEASURED"",""comprehension"":""NOT_MEASURED"",""learnability"":""NOT_MEASURED"",""efficiency"":""NOT_MEASURED"",""error_prevention"":""NOT_MEASURED"",""recovery"":""NOT_MEASURED"",""accessibility"":""NOT_MEASURED"",""safety_and_trust"":""NOT_MEASURED"",""consistency"":""NOT_MEASURED"",""cross_module_continuity"":""NOT_MEASURED""}",NOT_PERFORMED,NOT_LINKED_TO_CANONICAL_TARGET_CURRENT_AUDIT,NOT_MEASURED,NOT_MEASURED,NOT_MEASURED,NOT_MEASURED,NOT_MEASURED,NOT_MEASURED,NOT_MEASURED,NOT_MEASURED,NOT_MEASURED,NOT_MEASURED,NOT_MEASURED,H,CANONICAL_STATIC_IDENTITY_DENOMINATOR,AttendanceController and AttendanceService,NOT_ESTABLISHED_CURRENT_AUDIT,"Correct a missed or inaccurate attendance session, or end a stale session under explicit manager authority.",NOT_ADJUDICATED_CURRENT_AUDIT,NOT_SCORED_CURRENT_AUDIT,NOT_SCORED_CURRENT_AUDIT,STATIC_CANONICAL_IDENTITY_FROZEN,INCOMPLETE_CANONICAL_STATIC_IDENTITY_ONLY,NOT_ADJUDICATED_CURRENT_AUDIT,NOT_ADJUDICATED_CURRENT_AUDIT,NOT_DETERMINED_CURRENT_AUDIT,ONE_OPERATING_ORGANISATION_MULTIPLE_SITES; FEATURE_SPECIFIC_ROLE_PERMISSION_SITE_OWNERSHIP_DIRECT_OBJECT_PRIVACY_BOUNDARY_NOT_ADJUDICATED,NOT_ESTABLISHED_CURRENT_AUDIT,NOT_ESTABLISHED_CURRENT_AUDIT,routes/shifts.php:105-114,resources/js/pages/attendance/index.tsx:1-1601,app/Domain/Hr/Models/HrAttendanceSession.php:1; app/Domain/Hr/Services/AttendanceService.php:274-499,tests/Feature/Hr/AttendanceSessionSiteBoundaryTest.php:77-327,NOT_ESTABLISHED_CURRENT_AUDIT,"Static canonical identity only: Correct a missed or inaccurate attendance session, or end a stale session under explicit manager authority.. Representative-role completion was not executed.",ROUTE_AND_PAGE_SOURCE_ANCHORS_PRESENT_UNVALIDATED,ROUTE_AND_PAGE_SOURCE_ANCHORS_PRESENT_UNVALIDATED,task-scripts/cap-ops-attendance-session-correction.md,a0493442b9e392d324055c35bf25b69421dc2d35,f8cdaf81d83c71e4f5d064fdf88872b908ffaaa1,df6e1b1b357439ad1fd829bebf4e2d33d20d067d515eb945c352e2350a4194a4,f4feae2598622afe346b1163fed2bb842305a8d973a89ec890c02746d99b5999,false,false,false,false,false,"Static identity and source ownership only; no runtime, browser, executed-test, benchmark, ease, release, or completion credit."
TASK-CAP-OPS-CARE-PLAN-LIFECYCLE,CAP-OPS-CARE-PLAN-LIFECYCLE,Operations,NOT_ESTABLISHED_CURRENT_AUDIT,"Create, review, attest, export, and close a care plan",NOT_ESTABLISHED_CURRENT_AUDIT,"Create, review, attest, export, and close a care plan","NOT_ESTABLISHED_CURRENT_AUDIT; execution requires a documented representative role, approved Site/record scope where applicable, and resettable synthetic data.",SOURCE_BOUND_STATIC_IDENTITY_ONLY,NOT_EXECUTED_REPRESENTATIVE_ROLE,NOT_MEASURED,0-5; NOT_MEASURED is not 0,NOT_MEASURED,NOT_MEASURED,NOT_MEASURED,NOT_MEASURED,NOT_MEASURED,NOT_MEASURED,NOT_MEASURED,NOT_MEASURED,NOT_MEASURED,NOT_MEASURED,NOT_MEASURED,NOT_MEASURED,NOT_MEASURED,NOT_MEASURED,NOT_MEASURED,NOT_MEASURED,NOT_MEASURED,"{""discoverability"":""NOT_MEASURED"",""comprehension"":""NOT_MEASURED"",""learnability"":""NOT_MEASURED"",""efficiency"":""NOT_MEASURED"",""error_prevention"":""NOT_MEASURED"",""recovery"":""NOT_MEASURED"",""accessibility"":""NOT_MEASURED"",""safety_and_trust"":""NOT_MEASURED"",""consistency"":""NOT_MEASURED"",""cross_module_continuity"":""NOT_MEASURED""}",NOT_PERFORMED,NOT_LINKED_TO_CANONICAL_TARGET_CURRENT_AUDIT,NOT_MEASURED,NOT_MEASURED,NOT_MEASURED,NOT_MEASURED,NOT_MEASURED,NOT_MEASURED,NOT_MEASURED,NOT_MEASURED,NOT_MEASURED,NOT_MEASURED,NOT_MEASURED,H,CANONICAL_STATIC_IDENTITY_DENOMINATOR,"CarePlanController, CarePlanService, and CarePlanAttestationService",NOT_ESTABLISHED_CURRENT_AUDIT,"Create, review, attest, export, and close a care plan",NOT_ADJUDICATED_CURRENT_AUDIT,NOT_SCORED_CURRENT_AUDIT,NOT_SCORED_CURRENT_AUDIT,STATIC_CANONICAL_IDENTITY_FROZEN,INCOMPLETE_CANONICAL_STATIC_IDENTITY_ONLY,NOT_ADJUDICATED_CURRENT_AUDIT,NOT_ADJUDICATED_CURRENT_AUDIT,NOT_DETERMINED_CURRENT_AUDIT,ONE_OPERATING_ORGANISATION_MULTIPLE_SITES; FEATURE_SPECIFIC_ROLE_PERMISSION_SITE_OWNERSHIP_DIRECT_OBJECT_PRIVACY_BOUNDARY_NOT_ADJUDICATED,NOT_ESTABLISHED_CURRENT_AUDIT,NOT_ESTABLISHED_CURRENT_AUDIT,routes/operations.php:638-686,resources/js/pages/operations/care-plans/Index.tsx; resources/js/pages/operations/care-plans/Show.tsx,app/Services/Operations/CarePlanAttestationService.php:19-392; app/Services/Operations/CarePlanService.php:9,NOT_ESTABLISHED_CURRENT_AUDIT,NOT_ESTABLISHED_CURRENT_AUDIT,"Static canonical identity only: Create, review, attest, export, and close a care plan. Representative-role completion was not executed.",ROUTE_AND_PAGE_SOURCE_ANCHORS_PRESENT_UNVALIDATED,ROUTE_AND_PAGE_SOURCE_ANCHORS_PRESENT_UNVALIDATED,task-scripts/cap-ops-care-plan-lifecycle.md,a0493442b9e392d324055c35bf25b69421dc2d35,f8cdaf81d83c71e4f5d064fdf88872b908ffaaa1,df6e1b1b357439ad1fd829bebf4e2d33d20d067d515eb945c352e2350a4194a4,f4feae2598622afe346b1163fed2bb842305a8d973a89ec890c02746d99b5999,false,false,false,false,false,"Static identity and source ownership only; no runtime, browser, executed-test, benchmark, ease, release, or completion credit."
TASK-CAP-OPS-CLIENT-ONBOARDING,CAP-OPS-CLIENT-ONBOARDING,Operations,NOT_ESTABLISHED_CURRENT_AUDIT,Run governed client onboarding,NOT_ESTABLISHED_CURRENT_AUDIT,Run governed client onboarding,"NOT_ESTABLISHED_CURRENT_AUDIT; execution requires a documented representative role, approved Site/record scope where applicable, and resettable synthetic data.",SOURCE_BOUND_STATIC_IDENTITY_ONLY,NOT_EXECUTED_REPRESENTATIVE_ROLE,NOT_MEASURED,0-5; NOT_MEASURED is not 0,NOT_MEASURED,NOT_MEASURED,NOT_MEASURED,NOT_MEASURED,NOT_MEASURED,NOT_MEASURED,NOT_MEASURED,NOT_MEASURED,NOT_MEASURED,NOT_MEASURED,NOT_MEASURED,NOT_MEASURED,NOT_MEASURED,NOT_MEASURED,NOT_MEASURED,NOT_MEASURED,NOT_MEASURED,"{""discoverability"":""NOT_MEASURED"",""comprehension"":""NOT_MEASURED"",""learnability"":""NOT_MEASURED"",""efficiency"":""NOT_MEASURED"",""error_prevention"":""NOT_MEASURED"",""recovery"":""NOT_MEASURED"",""accessibility"":""NOT_MEASURED"",""safety_and_trust"":""NOT_MEASURED"",""consistency"":""NOT_MEASURED"",""cross_module_continuity"":""NOT_MEASURED""}",NOT_PERFORMED,NOT_LINKED_TO_CANONICAL_TARGET_CURRENT_AUDIT,NOT_MEASURED,NOT_MEASURED,NOT_MEASURED,NOT_MEASURED,NOT_MEASURED,NOT_MEASURED,NOT_MEASURED,NOT_MEASURED,NOT_MEASURED,NOT_MEASURED,NOT_MEASURED,H,CANONICAL_STATIC_IDENTITY_DENOMINATOR,Client onboarding owner,NOT_ESTABLISHED_CURRENT_AUDIT,Run governed client onboarding,NOT_ADJUDICATED_CURRENT_AUDIT,NOT_SCORED_CURRENT_AUDIT,NOT_SCORED_CURRENT_AUDIT,STATIC_CANONICAL_IDENTITY_FROZEN,INCOMPLETE_CANONICAL_STATIC_IDENTITY_ONLY,NOT_ADJUDICATED_CURRENT_AUDIT,NOT_ADJUDICATED_CURRENT_AUDIT,NOT_DETERMINED_CURRENT_AUDIT,ONE_OPERATING_ORGANISATION_MULTIPLE_SITES; FEATURE_SPECIFIC_ROLE_PERMISSION_SITE_OWNERSHIP_DIRECT_OBJECT_PRIVACY_BOUNDARY_NOT_ADJUDICATED,NOT_ESTABLISHED_CURRENT_AUDIT,NOT_ESTABLISHED_CURRENT_AUDIT,routes/operations.php:1-1336,NOT_ESTABLISHED_CURRENT_AUDIT,app/Services/Operations/CarePlanService.php:1; app/Services/Operations/TimesheetReconciliationService.php:1; app/Services/ShiftHandoverService.php:1,tests/Unit/Operations/ClientSafetyPayloadTest.php:1; tests/Unit/Operations/TimesheetReconciliationServiceTest.php:1; tests/Unit/Services/ShiftHandoverServiceTest.php:1,NOT_ESTABLISHED_CURRENT_AUDIT,Static canonical identity only: Run governed client onboarding. Representative-role completion was not executed.,ROUTE_SOURCE_ANCHOR_ONLY_UNVALIDATED,ROUTE_SOURCE_ANCHOR_ONLY_UNVALIDATED,task-scripts/cap-ops-client-onboarding.md,a0493442b9e392d324055c35bf25b69421dc2d35,f8cdaf81d83c71e4f5d064fdf88872b908ffaaa1,df6e1b1b357439ad1fd829bebf4e2d33d20d067d515eb945c352e2350a4194a4,f4feae2598622afe346b1163fed2bb842305a8d973a89ec890c02746d99b5999,false,false,false,false,false,"Static identity and source ownership only; no runtime, browser, executed-test, benchmark, ease, release, or completion credit."
TASK-CAP-OPS-CLIENT-RECORD-LIFECYCLE,CAP-OPS-CLIENT-RECORD-LIFECYCLE,Clients,NOT_ESTABLISHED_CURRENT_AUDIT,"Create, view, update, and archive an authorised client record",NOT_ESTABLISHED_CURRENT_AUDIT,"Create, view, update, and archive an authorised client record","NOT_ESTABLISHED_CURRENT_AUDIT; execution requires a documented representative role, approved Site/record scope where applicable, and resettable synthetic data.",SOURCE_BOUND_STATIC_IDENTITY_ONLY,NOT_EXECUTED_REPRESENTATIVE_ROLE,NOT_MEASURED,0-5; NOT_MEASURED is not 0,NOT_MEASURED,NOT_MEASURED,NOT_MEASURED,NOT_MEASURED,NOT_MEASURED,NOT_MEASURED,NOT_MEASURED,NOT_MEASURED,NOT_MEASURED,NOT_MEASURED,NOT_MEASURED,NOT_MEASURED,NOT_MEASURED,NOT_MEASURED,NOT_MEASURED,NOT_MEASURED,NOT_MEASURED,"{""discoverability"":""NOT_MEASURED"",""comprehension"":""NOT_MEASURED"",""learnability"":""NOT_MEASURED"",""efficiency"":""NOT_MEASURED"",""error_prevention"":""NOT_MEASURED"",""recovery"":""NOT_MEASURED"",""accessibility"":""NOT_MEASURED"",""safety_and_trust"":""NOT_MEASURED"",""consistency"":""NOT_MEASURED"",""cross_module_continuity"":""NOT_MEASURED""}",NOT_PERFORMED,NOT_LINKED_TO_CANONICAL_TARGET_CURRENT_AUDIT,NOT_MEASURED,NOT_MEASURED,NOT_MEASURED,NOT_MEASURED,NOT_MEASURED,NOT_MEASURED,NOT_MEASURED,NOT_MEASURED,NOT_MEASURED,NOT_MEASURED,NOT_MEASURED,H,CANONICAL_STATIC_IDENTITY_DENOMINATOR,ClientController and client lifecycle services,NOT_ESTABLISHED_CURRENT_AUDIT,"Create, view, update, and archive an authorised client record",NOT_ADJUDICATED_CURRENT_AUDIT,NOT_SCORED_CURRENT_AUDIT,NOT_SCORED_CURRENT_AUDIT,STATIC_CANONICAL_IDENTITY_FROZEN,INCOMPLETE_CANONICAL_STATIC_IDENTITY_ONLY,NOT_ADJUDICATED_CURRENT_AUDIT,NOT_ADJUDICATED_CURRENT_AUDIT,NOT_DETERMINED_CURRENT_AUDIT,ONE_OPERATING_ORGANISATION_MULTIPLE_SITES; FEATURE_SPECIFIC_ROLE_PERMISSION_SITE_OWNERSHIP_DIRECT_OBJECT_PRIVACY_BOUNDARY_NOT_ADJUDICATED,NOT_ESTABLISHED_CURRENT_AUDIT,NOT_ESTABLISHED_CURRENT_AUDIT,routes/clients.php:30-259,NOT_ESTABLISHED_CURRENT_AUDIT,app/Http/Controllers/ClientController.php:1; app/Services/ConsentDecisionEvidenceService.php:1; app/Services/ConsentRequestService.php:1,tests/Feature/ClientControllerTest.php:1; tests/Feature/Consents/ConsentRequestIntegrityTest.php:1,NOT_ESTABLISHED_CURRENT_AUDIT,"Static canonical identity only: Create, view, update, and archive an authorised client record. Representative-role completion was not executed.",ROUTE_SOURCE_ANCHOR_ONLY_UNVALIDATED,ROUTE_SOURCE_ANCHOR_ONLY_UNVALIDATED,task-scripts/cap-ops-client-record-lifecycle.md,a0493442b9e392d324055c35bf25b69421dc2d35,f8cdaf81d83c71e4f5d064fdf88872b908ffaaa1,df6e1b1b357439ad1fd829bebf4e2d33d20d067d515eb945c352e2350a4194a4,f4feae2598622afe346b1163fed2bb842305a8d973a89ec890c02746d99b5999,false,false,false,false,false,"Static identity and source ownership only; no runtime, browser, executed-test, benchmark, ease, release, or completion credit."
TASK-CAP-OPS-DASHBOARD-ACTIVITY,CAP-OPS-DASHBOARD-ACTIVITY,Operations,NOT_ESTABLISHED_CURRENT_AUDIT,Review operations dashboard activity,NOT_ESTABLISHED_CURRENT_AUDIT,Review operations dashboard activity,"NOT_ESTABLISHED_CURRENT_AUDIT; execution requires a documented representative role, approved Site/record scope where applicable, and resettable synthetic data.",SOURCE_BOUND_STATIC_IDENTITY_ONLY,NOT_EXECUTED_REPRESENTATIVE_ROLE,NOT_MEASURED,0-5; NOT_MEASURED is not 0,NOT_MEASURED,NOT_MEASURED,NOT_MEASURED,NOT_MEASURED,NOT_MEASURED,NOT_MEASURED,NOT_MEASURED,NOT_MEASURED,NOT_MEASURED,NOT_MEASURED,NOT_MEASURED,NOT_MEASURED,NOT_MEASURED,NOT_MEASURED,NOT_MEASURED,NOT_MEASURED,NOT_MEASURED,"{""discoverability"":""NOT_MEASURED"",""comprehension"":""NOT_MEASURED"",""learnability"":""NOT_MEASURED"",""efficiency"":""NOT_MEASURED"",""error_prevention"":""NOT_MEASURED"",""recovery"":""NOT_MEASURED"",""accessibility"":""NOT_MEASURED"",""safety_and_trust"":""NOT_MEASURED"",""consistency"":""NOT_MEASURED"",""cross_module_continuity"":""NOT_MEASURED""}",NOT_PERFORMED,NOT_LINKED_TO_CANONICAL_TARGET_CURRENT_AUDIT,NOT_MEASURED,NOT_MEASURED,NOT_MEASURED,NOT_MEASURED,NOT_MEASURED,NOT_MEASURED,NOT_MEASURED,NOT_MEASURED,NOT_MEASURED,NOT_MEASURED,NOT_MEASURED,H,CANONICAL_STATIC_IDENTITY_DENOMINATOR,Operations dashboard presenters,NOT_ESTABLISHED_CURRENT_AUDIT,Review operations dashboard activity,NOT_ADJUDICATED_CURRENT_AUDIT,NOT_SCORED_CURRENT_AUDIT,NOT_SCORED_CURRENT_AUDIT,STATIC_CANONICAL_IDENTITY_FROZEN,INCOMPLETE_CANONICAL_STATIC_IDENTITY_ONLY,NOT_ADJUDICATED_CURRENT_AUDIT,NOT_ADJUDICATED_CURRENT_AUDIT,NOT_DETERMINED_CURRENT_AUDIT,ONE_OPERATING_ORGANISATION_MULTIPLE_SITES; FEATURE_SPECIFIC_ROLE_PERMISSION_SITE_OWNERSHIP_DIRECT_OBJECT_PRIVACY_BOUNDARY_NOT_ADJUDICATED,NOT_ESTABLISHED_CURRENT_AUDIT,NOT_ESTABLISHED_CURRENT_AUDIT,routes/operations.php:1-1336,NOT_ESTABLISHED_CURRENT_AUDIT,app/Services/Operations/CarePlanService.php:1; app/Services/Operations/TimesheetReconciliationService.php:1; app/Services/ShiftHandoverService.php:1,tests/Unit/Operations/ClientSafetyPayloadTest.php:1; tests/Unit/Operations/TimesheetReconciliationServiceTest.php:1; tests/Unit/Services/ShiftHandoverServiceTest.php:1,NOT_ESTABLISHED_CURRENT_AUDIT,Static canonical identity only: Review operations dashboard activity. Representative-role completion was not executed.,ROUTE_SOURCE_ANCHOR_ONLY_UNVALIDATED,ROUTE_SOURCE_ANCHOR_ONLY_UNVALIDATED,task-scripts/cap-ops-dashboard-activity.md,a0493442b9e392d324055c35bf25b69421dc2d35,f8cdaf81d83c71e4f5d064fdf88872b908ffaaa1,df6e1b1b357439ad1fd829bebf4e2d33d20d067d515eb945c352e2350a4194a4,f4feae2598622afe346b1163fed2bb842305a8d973a89ec890c02746d99b5999,false,false,false,false,false,"Static identity and source ownership only; no runtime, browser, executed-test, benchmark, ease, release, or completion credit."
TASK-CAP-OPS-FUNDING-CLAIMS,CAP-OPS-FUNDING-CLAIMS,Operations,NOT_ESTABLISHED_CURRENT_AUDIT,Prepare and manage governed funding claims,NOT_ESTABLISHED_CURRENT_AUDIT,Prepare and manage governed funding claims,"NOT_ESTABLISHED_CURRENT_AUDIT; execution requires a documented representative role, approved Site/record scope where applicable, and resettable synthetic data.",SOURCE_BOUND_STATIC_IDENTITY_ONLY,NOT_EXECUTED_REPRESENTATIVE_ROLE,NOT_MEASURED,0-5; NOT_MEASURED is not 0,NOT_MEASURED,NOT_MEASURED,NOT_MEASURED,NOT_MEASURED,NOT_MEASURED,NOT_MEASURED,NOT_MEASURED,NOT_MEASURED,NOT_MEASURED,NOT_MEASURED,NOT_MEASURED,NOT_MEASURED,NOT_MEASURED,NOT_MEASURED,NOT_MEASURED,NOT_MEASURED,NOT_MEASURED,"{""discoverability"":""NOT_MEASURED"",""comprehension"":""NOT_MEASURED"",""learnability"":""NOT_MEASURED"",""efficiency"":""NOT_MEASURED"",""error_prevention"":""NOT_MEASURED"",""recovery"":""NOT_MEASURED"",""accessibility"":""NOT_MEASURED"",""safety_and_trust"":""NOT_MEASURED"",""consistency"":""NOT_MEASURED"",""cross_module_continuity"":""NOT_MEASURED""}",NOT_PERFORMED,NOT_LINKED_TO_CANONICAL_TARGET_CURRENT_AUDIT,NOT_MEASURED,NOT_MEASURED,NOT_MEASURED,NOT_MEASURED,NOT_MEASURED,NOT_MEASURED,NOT_MEASURED,NOT_MEASURED,NOT_MEASURED,NOT_MEASURED,NOT_MEASURED,H,CANONICAL_STATIC_IDENTITY_DENOMINATOR,Operations funding owner,NOT_ESTABLISHED_CURRENT_AUDIT,Prepare and manage governed funding claims,NOT_ADJUDICATED_CURRENT_AUDIT,NOT_SCORED_CURRENT_AUDIT,NOT_SCORED_CURRENT_AUDIT,STATIC_CANONICAL_IDENTITY_FROZEN,INCOMPLETE_CANONICAL_STATIC_IDENTITY_ONLY,NOT_ADJUDICATED_CURRENT_AUDIT,NOT_ADJUDICATED_CURRENT_AUDIT,NOT_DETERMINED_CURRENT_AUDIT,ONE_OPERATING_ORGANISATION_MULTIPLE_SITES; FEATURE_SPECIFIC_ROLE_PERMISSION_SITE_OWNERSHIP_DIRECT_OBJECT_PRIVACY_BOUNDARY_NOT_ADJUDICATED,NOT_ESTABLISHED_CURRENT_AUDIT,NOT_ESTABLISHED_CURRENT_AUDIT,routes/operations.php:1-1336,NOT_ESTABLISHED_CURRENT_AUDIT,app/Services/Operations/CarePlanService.php:1; app/Services/Operations/TimesheetReconciliationService.php:1; app/Services/ShiftHandoverService.php:1,tests/Unit/Operations/ClientSafetyPayloadTest.php:1; tests/Unit/Operations/TimesheetReconciliationServiceTest.php:1; tests/Unit/Services/ShiftHandoverServiceTest.php:1,NOT_ESTABLISHED_CURRENT_AUDIT,Static canonical identity only: Prepare and manage governed funding claims. Representative-role completion was not executed.,ROUTE_SOURCE_ANCHOR_ONLY_UNVALIDATED,ROUTE_SOURCE_ANCHOR_ONLY_UNVALIDATED,task-scripts/cap-ops-funding-claims.md,a0493442b9e392d324055c35bf25b69421dc2d35,f8cdaf81d83c71e4f5d064fdf88872b908ffaaa1,df6e1b1b357439ad1fd829bebf4e2d33d20d067d515eb945c352e2350a4194a4,f4feae2598622afe346b1163fed2bb842305a8d973a89ec890c02746d99b5999,false,false,false,false,false,"Static identity and source ownership only; no runtime, browser, executed-test, benchmark, ease, release, or completion credit."
TASK-CAP-OPS-PERSONAL-CALENDAR-CONNECTION,CAP-OPS-PERSONAL-CALENDAR-CONNECTION,Operations,NOT_ESTABLISHED_CURRENT_AUDIT,"Create, list, remove, and timestamp trigger attempts for user-owned personal calendar connection metadata.",NOT_ESTABLISHED_CURRENT_AUDIT,"Create, list, remove, and timestamp trigger attempts for user-owned personal calendar connection metadata.","NOT_ESTABLISHED_CURRENT_AUDIT; execution requires a documented representative role, approved Site/record scope where applicable, and resettable synthetic data.",SOURCE_BOUND_STATIC_IDENTITY_ONLY,NOT_EXECUTED_REPRESENTATIVE_ROLE,NOT_MEASURED,0-5; NOT_MEASURED is not 0,NOT_MEASURED,NOT_MEASURED,NOT_MEASURED,NOT_MEASURED,NOT_MEASURED,NOT_MEASURED,NOT_MEASURED,NOT_MEASURED,NOT_MEASURED,NOT_MEASURED,NOT_MEASURED,NOT_MEASURED,NOT_MEASURED,NOT_MEASURED,NOT_MEASURED,NOT_MEASURED,NOT_MEASURED,"{""discoverability"":""NOT_MEASURED"",""comprehension"":""NOT_MEASURED"",""learnability"":""NOT_MEASURED"",""efficiency"":""NOT_MEASURED"",""error_prevention"":""NOT_MEASURED"",""recovery"":""NOT_MEASURED"",""accessibility"":""NOT_MEASURED"",""safety_and_trust"":""NOT_MEASURED"",""consistency"":""NOT_MEASURED"",""cross_module_continuity"":""NOT_MEASURED""}",NOT_PERFORMED,NOT_LINKED_TO_CANONICAL_TARGET_CURRENT_AUDIT,NOT_MEASURED,NOT_MEASURED,NOT_MEASURED,NOT_MEASURED,NOT_MEASURED,NOT_MEASURED,NOT_MEASURED,NOT_MEASURED,NOT_MEASURED,NOT_MEASURED,NOT_MEASURED,H,CANONICAL_STATIC_IDENTITY_DENOMINATOR,Operations\CalendarSyncController and CalendarSync,NOT_ESTABLISHED_CURRENT_AUDIT,"Create, list, remove, and timestamp trigger attempts for user-owned personal calendar connection metadata.",NOT_ADJUDICATED_CURRENT_AUDIT,NOT_SCORED_CURRENT_AUDIT,NOT_SCORED_CURRENT_AUDIT,STATIC_CANONICAL_IDENTITY_FROZEN,INCOMPLETE_CANONICAL_STATIC_IDENTITY_ONLY,NOT_ADJUDICATED_CURRENT_AUDIT,NOT_ADJUDICATED_CURRENT_AUDIT,NOT_DETERMINED_CURRENT_AUDIT,ONE_OPERATING_ORGANISATION_MULTIPLE_SITES; FEATURE_SPECIFIC_ROLE_PERMISSION_SITE_OWNERSHIP_DIRECT_OBJECT_PRIVACY_BOUNDARY_NOT_ADJUDICATED,NOT_ESTABLISHED_CURRENT_AUDIT,NOT_ESTABLISHED_CURRENT_AUDIT,routes/operations.php:1318-1322,resources/js/pages/operations/calendar-sync/Index.tsx:72-134,app/Http/Controllers/Operations/CalendarSyncController.php:9-91,NOT_ESTABLISHED_CURRENT_AUDIT,NOT_ESTABLISHED_CURRENT_AUDIT,"Static canonical identity only: Create, list, remove, and timestamp trigger attempts for user-owned personal calendar connection metadata.. Representative-role completion was not executed.",ROUTE_AND_PAGE_SOURCE_ANCHORS_PRESENT_UNVALIDATED,ROUTE_AND_PAGE_SOURCE_ANCHORS_PRESENT_UNVALIDATED,task-scripts/cap-ops-personal-calendar-connection.md,a0493442b9e392d324055c35bf25b69421dc2d35,f8cdaf81d83c71e4f5d064fdf88872b908ffaaa1,df6e1b1b357439ad1fd829bebf4e2d33d20d067d515eb945c352e2350a4194a4,f4feae2598622afe346b1163fed2bb842305a8d973a89ec890c02746d99b5999,false,false,false,false,false,"Static identity and source ownership only; no runtime, browser, executed-test, benchmark, ease, release, or completion credit."
TASK-CAP-OPS-ROSTER-AUTO-SCHEDULE-SUGGESTIONS,CAP-OPS-ROSTER-AUTO-SCHEDULE-SUGGESTIONS,Workforce,NOT_ESTABLISHED_CURRENT_AUDIT,"Generate, review, accept, dismiss, and apply roster suggestions.",NOT_ESTABLISHED_CURRENT_AUDIT,"Generate, review, accept, dismiss, and apply roster suggestions.","NOT_ESTABLISHED_CURRENT_AUDIT; execution requires a documented representative role, approved Site/record scope where applicable, and resettable synthetic data.",SOURCE_BOUND_STATIC_IDENTITY_ONLY,NOT_EXECUTED_REPRESENTATIVE_ROLE,NOT_MEASURED,0-5; NOT_MEASURED is not 0,NOT_MEASURED,NOT_MEASURED,NOT_MEASURED,NOT_MEASURED,NOT_MEASURED,NOT_MEASURED,NOT_MEASURED,NOT_MEASURED,NOT_MEASURED,NOT_MEASURED,NOT_MEASURED,NOT_MEASURED,NOT_MEASURED,NOT_MEASURED,NOT_MEASURED,NOT_MEASURED,NOT_MEASURED,"{""discoverability"":""NOT_MEASURED"",""comprehension"":""NOT_MEASURED"",""learnability"":""NOT_MEASURED"",""efficiency"":""NOT_MEASURED"",""error_prevention"":""NOT_MEASURED"",""recovery"":""NOT_MEASURED"",""accessibility"":""NOT_MEASURED"",""safety_and_trust"":""NOT_MEASURED"",""consistency"":""NOT_MEASURED"",""cross_module_continuity"":""NOT_MEASURED""}",NOT_PERFORMED,NOT_LINKED_TO_CANONICAL_TARGET_CURRENT_AUDIT,NOT_MEASURED,NOT_MEASURED,NOT_MEASURED,NOT_MEASURED,NOT_MEASURED,NOT_MEASURED,NOT_MEASURED,NOT_MEASURED,NOT_MEASURED,NOT_MEASURED,NOT_MEASURED,H,CANONICAL_STATIC_IDENTITY_DENOMINATOR,RosterSuggestionController and RosterSuggestionService,NOT_ESTABLISHED_CURRENT_AUDIT,"Generate, review, accept, dismiss, and apply roster suggestions.",NOT_ADJUDICATED_CURRENT_AUDIT,NOT_SCORED_CURRENT_AUDIT,NOT_SCORED_CURRENT_AUDIT,STATIC_CANONICAL_IDENTITY_FROZEN,INCOMPLETE_CANONICAL_STATIC_IDENTITY_ONLY,NOT_ADJUDICATED_CURRENT_AUDIT,NOT_ADJUDICATED_CURRENT_AUDIT,NOT_DETERMINED_CURRENT_AUDIT,ONE_OPERATING_ORGANISATION_MULTIPLE_SITES; FEATURE_SPECIFIC_ROLE_PERMISSION_SITE_OWNERSHIP_DIRECT_OBJECT_PRIVACY_BOUNDARY_NOT_ADJUDICATED,NOT_ESTABLISHED_CURRENT_AUDIT,NOT_ESTABLISHED_CURRENT_AUDIT,routes/operations.php:983-994,resources/js/pages/operations/rostering/suggestions/Show.tsx:1-480,app/Domain/Rostering/AutoSchedule/RosterSuggestionService.php:12-286; app/Models/RosterSuggestion.php:1,tests/Feature/Rostering/SuggestionEndToEndTest.php:39-124,NOT_ESTABLISHED_CURRENT_AUDIT,"Static canonical identity only: Generate, review, accept, dismiss, and apply roster suggestions.. Representative-role completion was not executed.",ROUTE_AND_PAGE_SOURCE_ANCHORS_PRESENT_UNVALIDATED,ROUTE_AND_PAGE_SOURCE_ANCHORS_PRESENT_UNVALIDATED,task-scripts/cap-ops-roster-auto-schedule-suggestions.md,a0493442b9e392d324055c35bf25b69421dc2d35,f8cdaf81d83c71e4f5d064fdf88872b908ffaaa1,df6e1b1b357439ad1fd829bebf4e2d33d20d067d515eb945c352e2350a4194a4,f4feae2598622afe346b1163fed2bb842305a8d973a89ec890c02746d99b5999,false,false,false,false,false,"Static identity and source ownership only; no runtime, browser, executed-test, benchmark, ease, release, or completion credit."
TASK-CAP-OPS-ROSTER-PERIOD-PUBLICATION,CAP-OPS-ROSTER-PERIOD-PUBLICATION,Workforce,NOT_ESTABLISHED_CURRENT_AUDIT,"Review, validate, publish, compare, republish, and unpublish a Site roster period.",NOT_ESTABLISHED_CURRENT_AUDIT,"Review, validate, publish, compare, republish, and unpublish a Site roster period.","NOT_ESTABLISHED_CURRENT_AUDIT; execution requires a documented representative role, approved Site/record scope where applicable, and resettable synthetic data.",SOURCE_BOUND_STATIC_IDENTITY_ONLY,NOT_EXECUTED_REPRESENTATIVE_ROLE,NOT_MEASURED,0-5; NOT_MEASURED is not 0,NOT_MEASURED,NOT_MEASURED,NOT_MEASURED,NOT_MEASURED,NOT_MEASURED,NOT_MEASURED,NOT_MEASURED,NOT_MEASURED,NOT_MEASURED,NOT_MEASURED,NOT_MEASURED,NOT_MEASURED,NOT_MEASURED,NOT_MEASURED,NOT_MEASURED,NOT_MEASURED,NOT_MEASURED,"{""discoverability"":""NOT_MEASURED"",""comprehension"":""NOT_MEASURED"",""learnability"":""NOT_MEASURED"",""efficiency"":""NOT_MEASURED"",""error_prevention"":""NOT_MEASURED"",""recovery"":""NOT_MEASURED"",""accessibility"":""NOT_MEASURED"",""safety_and_trust"":""NOT_MEASURED"",""consistency"":""NOT_MEASURED"",""cross_module_continuity"":""NOT_MEASURED""}",NOT_PERFORMED,NOT_LINKED_TO_CANONICAL_TARGET_CURRENT_AUDIT,NOT_MEASURED,NOT_MEASURED,NOT_MEASURED,NOT_MEASURED,NOT_MEASURED,NOT_MEASURED,NOT_MEASURED,NOT_MEASURED,NOT_MEASURED,NOT_MEASURED,NOT_MEASURED,H,CANONICAL_STATIC_IDENTITY_DENOMINATOR,RosteringController and RosterPublishingService,NOT_ESTABLISHED_CURRENT_AUDIT,"Review, validate, publish, compare, republish, and unpublish a Site roster period.",NOT_ADJUDICATED_CURRENT_AUDIT,NOT_SCORED_CURRENT_AUDIT,NOT_SCORED_CURRENT_AUDIT,STATIC_CANONICAL_IDENTITY_FROZEN,INCOMPLETE_CANONICAL_STATIC_IDENTITY_ONLY,NOT_ADJUDICATED_CURRENT_AUDIT,NOT_ADJUDICATED_CURRENT_AUDIT,NOT_DETERMINED_CURRENT_AUDIT,ONE_OPERATING_ORGANISATION_MULTIPLE_SITES; FEATURE_SPECIFIC_ROLE_PERMISSION_SITE_OWNERSHIP_DIRECT_OBJECT_PRIVACY_BOUNDARY_NOT_ADJUDICATED,NOT_ESTABLISHED_CURRENT_AUDIT,NOT_ESTABLISHED_CURRENT_AUDIT,routes/operations.php:968-981,resources/js/pages/operations/rostering/publish/Review.tsx:1-485,app/Domain/Rostering/RosterPublishingService.php:12-354; app/Models/RosterPeriod.php:1,tests/Feature/Rostering/RosterPublishingTest.php:11-133,NOT_ESTABLISHED_CURRENT_AUDIT,"Static canonical identity only: Review, validate, publish, compare, republish, and unpublish a Site roster period.. Representative-role completion was not executed.",ROUTE_AND_PAGE_SOURCE_ANCHORS_PRESENT_UNVALIDATED,ROUTE_AND_PAGE_SOURCE_ANCHORS_PRESENT_UNVALIDATED,task-scripts/cap-ops-roster-period-publication.md,a0493442b9e392d324055c35bf25b69421dc2d35,f8cdaf81d83c71e4f5d064fdf88872b908ffaaa1,df6e1b1b357439ad1fd829bebf4e2d33d20d067d515eb945c352e2350a4194a4,f4feae2598622afe346b1163fed2bb842305a8d973a89ec890c02746d99b5999,false,false,false,false,false,"Static identity and source ownership only; no runtime, browser, executed-test, benchmark, ease, release, or completion credit."
TASK-CAP-OPS-ROSTER-PLANNING-WORKSPACE,CAP-OPS-ROSTER-PLANNING-WORKSPACE,Workforce,NOT_ESTABLISHED_CURRENT_AUDIT,"Review and plan a Site roster, calendar, conflicts, coverage, and open shifts.",NOT_ESTABLISHED_CURRENT_AUDIT,"Review and plan a Site roster, calendar, conflicts, coverage, and open shifts.","NOT_ESTABLISHED_CURRENT_AUDIT; execution requires a documented representative role, approved Site/record scope where applicable, and resettable synthetic data.",SOURCE_BOUND_STATIC_IDENTITY_ONLY,NOT_EXECUTED_REPRESENTATIVE_ROLE,NOT_MEASURED,0-5; NOT_MEASURED is not 0,NOT_MEASURED,NOT_MEASURED,NOT_MEASURED,NOT_MEASURED,NOT_MEASURED,NOT_MEASURED,NOT_MEASURED,NOT_MEASURED,NOT_MEASURED,NOT_MEASURED,NOT_MEASURED,NOT_MEASURED,NOT_MEASURED,NOT_MEASURED,NOT_MEASURED,NOT_MEASURED,NOT_MEASURED,"{""discoverability"":""NOT_MEASURED"",""comprehension"":""NOT_MEASURED"",""learnability"":""NOT_MEASURED"",""efficiency"":""NOT_MEASURED"",""error_prevention"":""NOT_MEASURED"",""recovery"":""NOT_MEASURED"",""accessibility"":""NOT_MEASURED"",""safety_and_trust"":""NOT_MEASURED"",""consistency"":""NOT_MEASURED"",""cross_module_continuity"":""NOT_MEASURED""}",NOT_PERFORMED,NOT_LINKED_TO_CANONICAL_TARGET_CURRENT_AUDIT,NOT_MEASURED,NOT_MEASURED,NOT_MEASURED,NOT_MEASURED,NOT_MEASURED,NOT_MEASURED,NOT_MEASURED,NOT_MEASURED,NOT_MEASURED,NOT_MEASURED,NOT_MEASURED,H,CANONICAL_STATIC_IDENTITY_DENOMINATOR,RosteringController and RosterPeriodService,NOT_ESTABLISHED_CURRENT_AUDIT,"Review and plan a Site roster, calendar, conflicts, coverage, and open shifts.",NOT_ADJUDICATED_CURRENT_AUDIT,NOT_SCORED_CURRENT_AUDIT,NOT_SCORED_CURRENT_AUDIT,STATIC_CANONICAL_IDENTITY_FROZEN,INCOMPLETE_CANONICAL_STATIC_IDENTITY_ONLY,NOT_ADJUDICATED_CURRENT_AUDIT,NOT_ADJUDICATED_CURRENT_AUDIT,NOT_DETERMINED_CURRENT_AUDIT,ONE_OPERATING_ORGANISATION_MULTIPLE_SITES; FEATURE_SPECIFIC_ROLE_PERMISSION_SITE_OWNERSHIP_DIRECT_OBJECT_PRIVACY_BOUNDARY_NOT_ADJUDICATED,NOT_ESTABLISHED_CURRENT_AUDIT,NOT_ESTABLISHED_CURRENT_AUDIT,routes/operations.php:900-928,resources/js/pages/operations/rostering/index.tsx:1-3233,app/Http/Controllers/RosteringController.php:38-1063; app/Models/RosterPeriod.php:1,tests/Feature/Rostering/RosterPeriodSiteAccessTest.php:10-35,NOT_ESTABLISHED_CURRENT_AUDIT,"Static canonical identity only: Review and plan a Site roster, calendar, conflicts, coverage, and open shifts.. Representative-role completion was not executed.",ROUTE_AND_PAGE_SOURCE_ANCHORS_PRESENT_UNVALIDATED,ROUTE_AND_PAGE_SOURCE_ANCHORS_PRESENT_UNVALIDATED,task-scripts/cap-ops-roster-planning-workspace.md,a0493442b9e392d324055c35bf25b69421dc2d35,f8cdaf81d83c71e4f5d064fdf88872b908ffaaa1,df6e1b1b357439ad1fd829bebf4e2d33d20d067d515eb945c352e2350a4194a4,f4feae2598622afe346b1163fed2bb842305a8d973a89ec890c02746d99b5999,false,false,false,false,false,"Static identity and source ownership only; no runtime, browser, executed-test, benchmark, ease, release, or completion credit."
TASK-CAP-OPS-ROSTER-TEMPLATE-LIFECYCLE,CAP-OPS-ROSTER-TEMPLATE-LIFECYCLE,Workforce,NOT_ESTABLISHED_CURRENT_AUDIT,"Create, duplicate, update, apply, and remove a roster template.",NOT_ESTABLISHED_CURRENT_AUDIT,"Create, duplicate, update, apply, and remove a roster template.","NOT_ESTABLISHED_CURRENT_AUDIT; execution requires a documented representative role, approved Site/record scope where applicable, and resettable synthetic data.",SOURCE_BOUND_STATIC_IDENTITY_ONLY,NOT_EXECUTED_REPRESENTATIVE_ROLE,NOT_MEASURED,0-5; NOT_MEASURED is not 0,NOT_MEASURED,NOT_MEASURED,NOT_MEASURED,NOT_MEASURED,NOT_MEASURED,NOT_MEASURED,NOT_MEASURED,NOT_MEASURED,NOT_MEASURED,NOT_MEASURED,NOT_MEASURED,NOT_MEASURED,NOT_MEASURED,NOT_MEASURED,NOT_MEASURED,NOT_MEASURED,NOT_MEASURED,"{""discoverability"":""NOT_MEASURED"",""comprehension"":""NOT_MEASURED"",""learnability"":""NOT_MEASURED"",""efficiency"":""NOT_MEASURED"",""error_prevention"":""NOT_MEASURED"",""recovery"":""NOT_MEASURED"",""accessibility"":""NOT_MEASURED"",""safety_and_trust"":""NOT_MEASURED"",""consistency"":""NOT_MEASURED"",""cross_module_continuity"":""NOT_MEASURED""}",NOT_PERFORMED,NOT_LINKED_TO_CANONICAL_TARGET_CURRENT_AUDIT,NOT_MEASURED,NOT_MEASURED,NOT_MEASURED,NOT_MEASURED,NOT_MEASURED,NOT_MEASURED,NOT_MEASURED,NOT_MEASURED,NOT_MEASURED,NOT_MEASURED,NOT_MEASURED,H,CANONICAL_STATIC_IDENTITY_DENOMINATOR,RosterTemplateController,NOT_ESTABLISHED_CURRENT_AUDIT,"Create, duplicate, update, apply, and remove a roster template.",NOT_ADJUDICATED_CURRENT_AUDIT,NOT_SCORED_CURRENT_AUDIT,NOT_SCORED_CURRENT_AUDIT,STATIC_CANONICAL_IDENTITY_FROZEN,INCOMPLETE_CANONICAL_STATIC_IDENTITY_ONLY,NOT_ADJUDICATED_CURRENT_AUDIT,NOT_ADJUDICATED_CURRENT_AUDIT,NOT_DETERMINED_CURRENT_AUDIT,ONE_OPERATING_ORGANISATION_MULTIPLE_SITES; FEATURE_SPECIFIC_ROLE_PERMISSION_SITE_OWNERSHIP_DIRECT_OBJECT_PRIVACY_BOUNDARY_NOT_ADJUDICATED,NOT_ESTABLISHED_CURRENT_AUDIT,NOT_ESTABLISHED_CURRENT_AUDIT,routes/operations.php:930-953,NOT_ESTABLISHED_CURRENT_AUDIT,app/Http/Controllers/Operations/RosterTemplateController.php:1-463; app/Models/RosterTemplate.php:1,tests/Feature/Rostering/TemplateApplyTest.php:18-230,NOT_ESTABLISHED_CURRENT_AUDIT,"Static canonical identity only: Create, duplicate, update, apply, and remove a roster template.. Representative-role completion was not executed.",ROUTE_SOURCE_ANCHOR_ONLY_UNVALIDATED,ROUTE_SOURCE_ANCHOR_ONLY_UNVALIDATED,task-scripts/cap-ops-roster-template-lifecycle.md,a0493442b9e392d324055c35bf25b69421dc2d35,f8cdaf81d83c71e4f5d064fdf88872b908ffaaa1,df6e1b1b357439ad1fd829bebf4e2d33d20d067d515eb945c352e2350a4194a4,f4feae2598622afe346b1163fed2bb842305a8d973a89ec890c02746d99b5999,false,false,false,false,false,"Static identity and source ownership only; no runtime, browser, executed-test, benchmark, ease, release, or completion credit."
TASK-CAP-OPS-ROSTER-TIME-OFF,CAP-OPS-ROSTER-TIME-OFF,Workforce,NOT_ESTABLISHED_CURRENT_AUDIT,Maintain non-leave roster unavailability and training blocks,NOT_ESTABLISHED_CURRENT_AUDIT,Maintain non-leave roster unavailability and training blocks,"NOT_ESTABLISHED_CURRENT_AUDIT; execution requires a documented representative role, approved Site/record scope where applicable, and resettable synthetic data.",SOURCE_BOUND_STATIC_IDENTITY_ONLY,NOT_EXECUTED_REPRESENTATIVE_ROLE,NOT_MEASURED,0-5; NOT_MEASURED is not 0,NOT_MEASURED,NOT_MEASURED,NOT_MEASURED,NOT_MEASURED,NOT_MEASURED,NOT_MEASURED,NOT_MEASURED,NOT_MEASURED,NOT_MEASURED,NOT_MEASURED,NOT_MEASURED,NOT_MEASURED,NOT_MEASURED,NOT_MEASURED,NOT_MEASURED,NOT_MEASURED,NOT_MEASURED,"{""discoverability"":""NOT_MEASURED"",""comprehension"":""NOT_MEASURED"",""learnability"":""NOT_MEASURED"",""efficiency"":""NOT_MEASURED"",""error_prevention"":""NOT_MEASURED"",""recovery"":""NOT_MEASURED"",""accessibility"":""NOT_MEASURED"",""safety_and_trust"":""NOT_MEASURED"",""consistency"":""NOT_MEASURED"",""cross_module_continuity"":""NOT_MEASURED""}",NOT_PERFORMED,NOT_LINKED_TO_CANONICAL_TARGET_CURRENT_AUDIT,NOT_MEASURED,NOT_MEASURED,NOT_MEASURED,NOT_MEASURED,NOT_MEASURED,NOT_MEASURED,NOT_MEASURED,NOT_MEASURED,NOT_MEASURED,NOT_MEASURED,NOT_MEASURED,H,CANONICAL_STATIC_IDENTITY_DENOMINATOR,Availability and leave owners,NOT_ESTABLISHED_CURRENT_AUDIT,Maintain non-leave roster unavailability and training blocks,NOT_ADJUDICATED_CURRENT_AUDIT,NOT_SCORED_CURRENT_AUDIT,NOT_SCORED_CURRENT_AUDIT,STATIC_CANONICAL_IDENTITY_FROZEN,INCOMPLETE_CANONICAL_STATIC_IDENTITY_ONLY,NOT_ADJUDICATED_CURRENT_AUDIT,NOT_ADJUDICATED_CURRENT_AUDIT,NOT_DETERMINED_CURRENT_AUDIT,ONE_OPERATING_ORGANISATION_MULTIPLE_SITES; FEATURE_SPECIFIC_ROLE_PERMISSION_SITE_OWNERSHIP_DIRECT_OBJECT_PRIVACY_BOUNDARY_NOT_ADJUDICATED,NOT_ESTABLISHED_CURRENT_AUDIT,NOT_ESTABLISHED_CURRENT_AUDIT,NOT_ESTABLISHED_CURRENT_AUDIT,NOT_ESTABLISHED_CURRENT_AUDIT,app/Http/Controllers/StaffTimeOffController.php:10; app/Models/StaffTimeOff.php:11,NOT_ESTABLISHED_CURRENT_AUDIT,NOT_ESTABLISHED_CURRENT_AUDIT,Static canonical identity only: Maintain non-leave roster unavailability and training blocks. Representative-role completion was not executed.,NOT_ESTABLISHED_CURRENT_AUDIT_NO_ROUTE_OR_PAGE_ANCHOR,NOT_ESTABLISHED_CURRENT_AUDIT_NO_ROUTE_OR_PAGE_ANCHOR,task-scripts/cap-ops-roster-time-off.md,a0493442b9e392d324055c35bf25b69421dc2d35,f8cdaf81d83c71e4f5d064fdf88872b908ffaaa1,df6e1b1b357439ad1fd829bebf4e2d33d20d067d515eb945c352e2350a4194a4,f4feae2598622afe346b1163fed2bb842305a8d973a89ec890c02746d99b5999,false,false,false,false,false,"Static identity and source ownership only; no runtime, browser, executed-test, benchmark, ease, release, or completion credit."
TASK-CAP-OPS-SHIFT-COVER-LIFECYCLE,CAP-OPS-SHIFT-COVER-LIFECYCLE,Workforce,NOT_ESTABLISHED_CURRENT_AUDIT,"Request, claim, approve, and resolve shift cover",NOT_ESTABLISHED_CURRENT_AUDIT,"Request, claim, approve, and resolve shift cover","NOT_ESTABLISHED_CURRENT_AUDIT; execution requires a documented representative role, approved Site/record scope where applicable, and resettable synthetic data.",SOURCE_BOUND_STATIC_IDENTITY_ONLY,NOT_EXECUTED_REPRESENTATIVE_ROLE,NOT_MEASURED,0-5; NOT_MEASURED is not 0,NOT_MEASURED,NOT_MEASURED,NOT_MEASURED,NOT_MEASURED,NOT_MEASURED,NOT_MEASURED,NOT_MEASURED,NOT_MEASURED,NOT_MEASURED,NOT_MEASURED,NOT_MEASURED,NOT_MEASURED,NOT_MEASURED,NOT_MEASURED,NOT_MEASURED,NOT_MEASURED,NOT_MEASURED,"{""discoverability"":""NOT_MEASURED"",""comprehension"":""NOT_MEASURED"",""learnability"":""NOT_MEASURED"",""efficiency"":""NOT_MEASURED"",""error_prevention"":""NOT_MEASURED"",""recovery"":""NOT_MEASURED"",""accessibility"":""NOT_MEASURED"",""safety_and_trust"":""NOT_MEASURED"",""consistency"":""NOT_MEASURED"",""cross_module_continuity"":""NOT_MEASURED""}",NOT_PERFORMED,NOT_LINKED_TO_CANONICAL_TARGET_CURRENT_AUDIT,NOT_MEASURED,NOT_MEASURED,NOT_MEASURED,NOT_MEASURED,NOT_MEASURED,NOT_MEASURED,NOT_MEASURED,NOT_MEASURED,NOT_MEASURED,NOT_MEASURED,NOT_MEASURED,H,CANONICAL_STATIC_IDENTITY_DENOMINATOR,Shift staffing and coverage services,NOT_ESTABLISHED_CURRENT_AUDIT,"Request, claim, approve, and resolve shift cover",NOT_ADJUDICATED_CURRENT_AUDIT,NOT_SCORED_CURRENT_AUDIT,NOT_SCORED_CURRENT_AUDIT,STATIC_CANONICAL_IDENTITY_FROZEN,INCOMPLETE_CANONICAL_STATIC_IDENTITY_ONLY,NOT_ADJUDICATED_CURRENT_AUDIT,NOT_ADJUDICATED_CURRENT_AUDIT,NOT_DETERMINED_CURRENT_AUDIT,ONE_OPERATING_ORGANISATION_MULTIPLE_SITES; FEATURE_SPECIFIC_ROLE_PERMISSION_SITE_OWNERSHIP_DIRECT_OBJECT_PRIVACY_BOUNDARY_NOT_ADJUDICATED,NOT_ESTABLISHED_CURRENT_AUDIT,NOT_ESTABLISHED_CURRENT_AUDIT,routes/operations.php:1-1336; routes/shifts.php:1-127,NOT_ESTABLISHED_CURRENT_AUDIT,app/Domain/Shifts/Lifecycle/ShiftLifecycleService.php:1; app/Domain/Shifts/Timesheets/TimesheetApprovalService.php:1; app/Services/ShiftReplacementService.php:31,tests/Feature/ShiftLifecycleHardeningTest.php:1; tests/Feature/TimesheetSafetyGuardsTest.php:1; tests/Unit/Rostering/EligibilityScoringStrategyTest.php:1,NOT_ESTABLISHED_CURRENT_AUDIT,"Static canonical identity only: Request, claim, approve, and resolve shift cover. Representative-role completion was not executed.",ROUTE_SOURCE_ANCHOR_ONLY_UNVALIDATED,ROUTE_SOURCE_ANCHOR_ONLY_UNVALIDATED,task-scripts/cap-ops-shift-cover-lifecycle.md,a0493442b9e392d324055c35bf25b69421dc2d35,f8cdaf81d83c71e4f5d064fdf88872b908ffaaa1,df6e1b1b357439ad1fd829bebf4e2d33d20d067d515eb945c352e2350a4194a4,f4feae2598622afe346b1163fed2bb842305a8d973a89ec890c02746d99b5999,false,false,false,false,false,"Static identity and source ownership only; no runtime, browser, executed-test, benchmark, ease, release, or completion credit."
TASK-CAP-OPS-SHIFT-HANDOVER,CAP-OPS-SHIFT-HANDOVER,Operations,NOT_ESTABLISHED_CURRENT_AUDIT,Prepare and accept shift handover,NOT_ESTABLISHED_CURRENT_AUDIT,Prepare and accept shift handover,"NOT_ESTABLISHED_CURRENT_AUDIT; execution requires a documented representative role, approved Site/record scope where applicable, and resettable synthetic data.",SOURCE_BOUND_STATIC_IDENTITY_ONLY,NOT_EXECUTED_REPRESENTATIVE_ROLE,NOT_MEASURED,0-5; NOT_MEASURED is not 0,NOT_MEASURED,NOT_MEASURED,NOT_MEASURED,NOT_MEASURED,NOT_MEASURED,NOT_MEASURED,NOT_MEASURED,NOT_MEASURED,NOT_MEASURED,NOT_MEASURED,NOT_MEASURED,NOT_MEASURED,NOT_MEASURED,NOT_MEASURED,NOT_MEASURED,NOT_MEASURED,NOT_MEASURED,"{""discoverability"":""NOT_MEASURED"",""comprehension"":""NOT_MEASURED"",""learnability"":""NOT_MEASURED"",""efficiency"":""NOT_MEASURED"",""error_prevention"":""NOT_MEASURED"",""recovery"":""NOT_MEASURED"",""accessibility"":""NOT_MEASURED"",""safety_and_trust"":""NOT_MEASURED"",""consistency"":""NOT_MEASURED"",""cross_module_continuity"":""NOT_MEASURED""}",NOT_PERFORMED,NOT_LINKED_TO_CANONICAL_TARGET_CURRENT_AUDIT,NOT_MEASURED,NOT_MEASURED,NOT_MEASURED,NOT_MEASURED,NOT_MEASURED,NOT_MEASURED,NOT_MEASURED,NOT_MEASURED,NOT_MEASURED,NOT_MEASURED,NOT_MEASURED,H,CANONICAL_STATIC_IDENTITY_DENOMINATOR,ShiftHandoverService,NOT_ESTABLISHED_CURRENT_AUDIT,Prepare and accept shift handover,NOT_ADJUDICATED_CURRENT_AUDIT,NOT_SCORED_CURRENT_AUDIT,NOT_SCORED_CURRENT_AUDIT,STATIC_CANONICAL_IDENTITY_FROZEN,INCOMPLETE_CANONICAL_STATIC_IDENTITY_ONLY,NOT_ADJUDICATED_CURRENT_AUDIT,NOT_ADJUDICATED_CURRENT_AUDIT,NOT_DETERMINED_CURRENT_AUDIT,ONE_OPERATING_ORGANISATION_MULTIPLE_SITES; FEATURE_SPECIFIC_ROLE_PERMISSION_SITE_OWNERSHIP_DIRECT_OBJECT_PRIVACY_BOUNDARY_NOT_ADJUDICATED,NOT_ESTABLISHED_CURRENT_AUDIT,NOT_ESTABLISHED_CURRENT_AUDIT,routes/shifts.php:121-126,resources/js/pages/operations/handovers/Index.tsx,app/Http/Controllers/AttendanceController.php:509-637; app/Services/ShiftHandoverService.php; app/Services/ShiftHandoverService.php:1,NOT_ESTABLISHED_CURRENT_AUDIT,NOT_ESTABLISHED_CURRENT_AUDIT,Static canonical identity only: Prepare and accept shift handover. Representative-role completion was not executed.,ROUTE_AND_PAGE_SOURCE_ANCHORS_PRESENT_UNVALIDATED,ROUTE_AND_PAGE_SOURCE_ANCHORS_PRESENT_UNVALIDATED,task-scripts/cap-ops-shift-handover.md,a0493442b9e392d324055c35bf25b69421dc2d35,f8cdaf81d83c71e4f5d064fdf88872b908ffaaa1,df6e1b1b357439ad1fd829bebf4e2d33d20d067d515eb945c352e2350a4194a4,f4feae2598622afe346b1163fed2bb842305a8d973a89ec890c02746d99b5999,false,false,false,false,false,"Static identity and source ownership only; no runtime, browser, executed-test, benchmark, ease, release, or completion credit."
TASK-CAP-OPS-SHIFT-LIFECYCLE,CAP-OPS-SHIFT-LIFECYCLE,Workforce,NOT_ESTABLISHED_CURRENT_AUDIT,"Create, publish, start, and close a shift",NOT_ESTABLISHED_CURRENT_AUDIT,"Create, publish, start, and close a shift","NOT_ESTABLISHED_CURRENT_AUDIT; execution requires a documented representative role, approved Site/record scope where applicable, and resettable synthetic data.",SOURCE_BOUND_STATIC_IDENTITY_ONLY,NOT_EXECUTED_REPRESENTATIVE_ROLE,NOT_MEASURED,0-5; NOT_MEASURED is not 0,NOT_MEASURED,NOT_MEASURED,NOT_MEASURED,NOT_MEASURED,NOT_MEASURED,NOT_MEASURED,NOT_MEASURED,NOT_MEASURED,NOT_MEASURED,NOT_MEASURED,NOT_MEASURED,NOT_MEASURED,NOT_MEASURED,NOT_MEASURED,NOT_MEASURED,NOT_MEASURED,NOT_MEASURED,"{""discoverability"":""NOT_MEASURED"",""comprehension"":""NOT_MEASURED"",""learnability"":""NOT_MEASURED"",""efficiency"":""NOT_MEASURED"",""error_prevention"":""NOT_MEASURED"",""recovery"":""NOT_MEASURED"",""accessibility"":""NOT_MEASURED"",""safety_and_trust"":""NOT_MEASURED"",""consistency"":""NOT_MEASURED"",""cross_module_continuity"":""NOT_MEASURED""}",NOT_PERFORMED,NOT_LINKED_TO_CANONICAL_TARGET_CURRENT_AUDIT,NOT_MEASURED,NOT_MEASURED,NOT_MEASURED,NOT_MEASURED,NOT_MEASURED,NOT_MEASURED,NOT_MEASURED,NOT_MEASURED,NOT_MEASURED,NOT_MEASURED,NOT_MEASURED,H,CANONICAL_STATIC_IDENTITY_DENOMINATOR,ShiftLifecycleService,NOT_ESTABLISHED_CURRENT_AUDIT,"Create, publish, start, and close a shift",NOT_ADJUDICATED_CURRENT_AUDIT,NOT_SCORED_CURRENT_AUDIT,NOT_SCORED_CURRENT_AUDIT,STATIC_CANONICAL_IDENTITY_FROZEN,INCOMPLETE_CANONICAL_STATIC_IDENTITY_ONLY,NOT_ADJUDICATED_CURRENT_AUDIT,NOT_ADJUDICATED_CURRENT_AUDIT,NOT_DETERMINED_CURRENT_AUDIT,ONE_OPERATING_ORGANISATION_MULTIPLE_SITES; FEATURE_SPECIFIC_ROLE_PERMISSION_SITE_OWNERSHIP_DIRECT_OBJECT_PRIVACY_BOUNDARY_NOT_ADJUDICATED,NOT_ESTABLISHED_CURRENT_AUDIT,NOT_ESTABLISHED_CURRENT_AUDIT,routes/operations.php:1-1336; routes/shifts.php:1-127,NOT_ESTABLISHED_CURRENT_AUDIT,app/Domain/Shifts/Lifecycle/ShiftLifecycleService.php:1; app/Domain/Shifts/Timesheets/TimesheetApprovalService.php:1,tests/Feature/ShiftLifecycleHardeningTest.php:1; tests/Feature/TimesheetSafetyGuardsTest.php:1; tests/Unit/Rostering/EligibilityScoringStrategyTest.php:1,NOT_ESTABLISHED_CURRENT_AUDIT,"Static canonical identity only: Create, publish, start, and close a shift. Representative-role completion was not executed.",ROUTE_SOURCE_ANCHOR_ONLY_UNVALIDATED,ROUTE_SOURCE_ANCHOR_ONLY_UNVALIDATED,task-scripts/cap-ops-shift-lifecycle.md,a0493442b9e392d324055c35bf25b69421dc2d35,f8cdaf81d83c71e4f5d064fdf88872b908ffaaa1,df6e1b1b357439ad1fd829bebf4e2d33d20d067d515eb945c352e2350a4194a4,f4feae2598622afe346b1163fed2bb842305a8d973a89ec890c02746d99b5999,false,false,false,false,false,"Static identity and source ownership only; no runtime, browser, executed-test, benchmark, ease, release, or completion credit."
TASK-CAP-OPS-SHIFT-NOTES,CAP-OPS-SHIFT-NOTES,Operations,NOT_ESTABLISHED_CURRENT_AUDIT,Record and review shift notes,NOT_ESTABLISHED_CURRENT_AUDIT,Record and review shift notes,"NOT_ESTABLISHED_CURRENT_AUDIT; execution requires a documented representative role, approved Site/record scope where applicable, and resettable synthetic data.",SOURCE_BOUND_STATIC_IDENTITY_ONLY,NOT_EXECUTED_REPRESENTATIVE_ROLE,NOT_MEASURED,0-5; NOT_MEASURED is not 0,NOT_MEASURED,NOT_MEASURED,NOT_MEASURED,NOT_MEASURED,NOT_MEASURED,NOT_MEASURED,NOT_MEASURED,NOT_MEASURED,NOT_MEASURED,NOT_MEASURED,NOT_MEASURED,NOT_MEASURED,NOT_MEASURED,NOT_MEASURED,NOT_MEASURED,NOT_MEASURED,NOT_MEASURED,"{""discoverability"":""NOT_MEASURED"",""comprehension"":""NOT_MEASURED"",""learnability"":""NOT_MEASURED"",""efficiency"":""NOT_MEASURED"",""error_prevention"":""NOT_MEASURED"",""recovery"":""NOT_MEASURED"",""accessibility"":""NOT_MEASURED"",""safety_and_trust"":""NOT_MEASURED"",""consistency"":""NOT_MEASURED"",""cross_module_continuity"":""NOT_MEASURED""}",NOT_PERFORMED,NOT_LINKED_TO_CANONICAL_TARGET_CURRENT_AUDIT,NOT_MEASURED,NOT_MEASURED,NOT_MEASURED,NOT_MEASURED,NOT_MEASURED,NOT_MEASURED,NOT_MEASURED,NOT_MEASURED,NOT_MEASURED,NOT_MEASURED,NOT_MEASURED,H,CANONICAL_STATIC_IDENTITY_DENOMINATOR,Shift-note owner,NOT_ESTABLISHED_CURRENT_AUDIT,Record and review shift notes,NOT_ADJUDICATED_CURRENT_AUDIT,NOT_SCORED_CURRENT_AUDIT,NOT_SCORED_CURRENT_AUDIT,STATIC_CANONICAL_IDENTITY_FROZEN,INCOMPLETE_CANONICAL_STATIC_IDENTITY_ONLY,NOT_ADJUDICATED_CURRENT_AUDIT,NOT_ADJUDICATED_CURRENT_AUDIT,NOT_DETERMINED_CURRENT_AUDIT,ONE_OPERATING_ORGANISATION_MULTIPLE_SITES; FEATURE_SPECIFIC_ROLE_PERMISSION_SITE_OWNERSHIP_DIRECT_OBJECT_PRIVACY_BOUNDARY_NOT_ADJUDICATED,NOT_ESTABLISHED_CURRENT_AUDIT,NOT_ESTABLISHED_CURRENT_AUDIT,NOT_ESTABLISHED_CURRENT_AUDIT,resources/js/pages/operations/shift-notes/Index.tsx,NOT_ESTABLISHED_CURRENT_AUDIT,NOT_ESTABLISHED_CURRENT_AUDIT,NOT_ESTABLISHED_CURRENT_AUDIT,Static canonical identity only: Record and review shift notes. Representative-role completion was not executed.,PAGE_SOURCE_ANCHOR_ONLY_UNVALIDATED,PAGE_SOURCE_ANCHOR_ONLY_UNVALIDATED,task-scripts/cap-ops-shift-notes.md,a0493442b9e392d324055c35bf25b69421dc2d35,f8cdaf81d83c71e4f5d064fdf88872b908ffaaa1,df6e1b1b357439ad1fd829bebf4e2d33d20d067d515eb945c352e2350a4194a4,f4feae2598622afe346b1163fed2bb842305a8d973a89ec890c02746d99b5999,false,false,false,false,false,"Static identity and source ownership only; no runtime, browser, executed-test, benchmark, ease, release, or completion credit."
TASK-CAP-OPS-SHIFT-STAFF-ASSIGNMENT,CAP-OPS-SHIFT-STAFF-ASSIGNMENT,Workforce,NOT_ESTABLISHED_CURRENT_AUDIT,Assign eligible staff to shifts,NOT_ESTABLISHED_CURRENT_AUDIT,Assign eligible staff to shifts,"NOT_ESTABLISHED_CURRENT_AUDIT; execution requires a documented representative role, approved Site/record scope where applicable, and resettable synthetic data.",SOURCE_BOUND_STATIC_IDENTITY_ONLY,NOT_EXECUTED_REPRESENTATIVE_ROLE,NOT_MEASURED,0-5; NOT_MEASURED is not 0,NOT_MEASURED,NOT_MEASURED,NOT_MEASURED,NOT_MEASURED,NOT_MEASURED,NOT_MEASURED,NOT_MEASURED,NOT_MEASURED,NOT_MEASURED,NOT_MEASURED,NOT_MEASURED,NOT_MEASURED,NOT_MEASURED,NOT_MEASURED,NOT_MEASURED,NOT_MEASURED,NOT_MEASURED,"{""discoverability"":""NOT_MEASURED"",""comprehension"":""NOT_MEASURED"",""learnability"":""NOT_MEASURED"",""efficiency"":""NOT_MEASURED"",""error_prevention"":""NOT_MEASURED"",""recovery"":""NOT_MEASURED"",""accessibility"":""NOT_MEASURED"",""safety_and_trust"":""NOT_MEASURED"",""consistency"":""NOT_MEASURED"",""cross_module_continuity"":""NOT_MEASURED""}",NOT_PERFORMED,NOT_LINKED_TO_CANONICAL_TARGET_CURRENT_AUDIT,NOT_MEASURED,NOT_MEASURED,NOT_MEASURED,NOT_MEASURED,NOT_MEASURED,NOT_MEASURED,NOT_MEASURED,NOT_MEASURED,NOT_MEASURED,NOT_MEASURED,NOT_MEASURED,H,CANONICAL_STATIC_IDENTITY_DENOMINATOR,Shift staffing and coverage services,NOT_ESTABLISHED_CURRENT_AUDIT,Assign eligible staff to shifts,NOT_ADJUDICATED_CURRENT_AUDIT,NOT_SCORED_CURRENT_AUDIT,NOT_SCORED_CURRENT_AUDIT,STATIC_CANONICAL_IDENTITY_FROZEN,INCOMPLETE_CANONICAL_STATIC_IDENTITY_ONLY,NOT_ADJUDICATED_CURRENT_AUDIT,NOT_ADJUDICATED_CURRENT_AUDIT,NOT_DETERMINED_CURRENT_AUDIT,ONE_OPERATING_ORGANISATION_MULTIPLE_SITES; FEATURE_SPECIFIC_ROLE_PERMISSION_SITE_OWNERSHIP_DIRECT_OBJECT_PRIVACY_BOUNDARY_NOT_ADJUDICATED,NOT_ESTABLISHED_CURRENT_AUDIT,NOT_ESTABLISHED_CURRENT_AUDIT,routes/operations.php:1-1336; routes/operations.php:807-819; routes/shifts.php:1-127,NOT_ESTABLISHED_CURRENT_AUDIT,app/Domain/Shifts/Lifecycle/ShiftLifecycleService.php:1; app/Domain/Shifts/Lifecycle/ShiftLifecycleService.php:456; app/Domain/Shifts/Timesheets/TimesheetApprovalService.php:1; app/Models/Shift.php:1; app/Services/Eligibility/AssignmentEligibilityGateway.php:11-37; app/Services/ShiftStaffEligibilityService.php:21-449,tests/Feature/ShiftLifecycleHardeningTest.php:1; tests/Feature/TimesheetSafetyGuardsTest.php:1; tests/Unit/Rostering/EligibilityScoringStrategyTest.php:1; tests/Unit/Services/AssignmentEligibilityGatewayTest.php:17-88,NOT_ESTABLISHED_CURRENT_AUDIT,Static canonical identity only: Assign eligible staff to shifts. Representative-role completion was not executed.,ROUTE_SOURCE_ANCHOR_ONLY_UNVALIDATED,ROUTE_SOURCE_ANCHOR_ONLY_UNVALIDATED,task-scripts/cap-ops-shift-staff-assignment.md,a0493442b9e392d324055c35bf25b69421dc2d35,f8cdaf81d83c71e4f5d064fdf88872b908ffaaa1,df6e1b1b357439ad1fd829bebf4e2d33d20d067d515eb945c352e2350a4194a4,f4feae2598622afe346b1163fed2bb842305a8d973a89ec890c02746d99b5999,false,false,false,false,false,"Static identity and source ownership only; no runtime, browser, executed-test, benchmark, ease, release, or completion credit."
TASK-CAP-OPS-STAFF-AVAILABILITY,CAP-OPS-STAFF-AVAILABILITY,Workforce,NOT_ESTABLISHED_CURRENT_AUDIT,Maintain recurring staff availability,NOT_ESTABLISHED_CURRENT_AUDIT,Maintain recurring staff availability,"NOT_ESTABLISHED_CURRENT_AUDIT; execution requires a documented representative role, approved Site/record scope where applicable, and resettable synthetic data.",SOURCE_BOUND_STATIC_IDENTITY_ONLY,NOT_EXECUTED_REPRESENTATIVE_ROLE,NOT_MEASURED,0-5; NOT_MEASURED is not 0,NOT_MEASURED,NOT_MEASURED,NOT_MEASURED,NOT_MEASURED,NOT_MEASURED,NOT_MEASURED,NOT_MEASURED,NOT_MEASURED,NOT_MEASURED,NOT_MEASURED,NOT_MEASURED,NOT_MEASURED,NOT_MEASURED,NOT_MEASURED,NOT_MEASURED,NOT_MEASURED,NOT_MEASURED,"{""discoverability"":""NOT_MEASURED"",""comprehension"":""NOT_MEASURED"",""learnability"":""NOT_MEASURED"",""efficiency"":""NOT_MEASURED"",""error_prevention"":""NOT_MEASURED"",""recovery"":""NOT_MEASURED"",""accessibility"":""NOT_MEASURED"",""safety_and_trust"":""NOT_MEASURED"",""consistency"":""NOT_MEASURED"",""cross_module_continuity"":""NOT_MEASURED""}",NOT_PERFORMED,NOT_LINKED_TO_CANONICAL_TARGET_CURRENT_AUDIT,NOT_MEASURED,NOT_MEASURED,NOT_MEASURED,NOT_MEASURED,NOT_MEASURED,NOT_MEASURED,NOT_MEASURED,NOT_MEASURED,NOT_MEASURED,NOT_MEASURED,NOT_MEASURED,H,CANONICAL_STATIC_IDENTITY_DENOMINATOR,Availability and leave owners,NOT_ESTABLISHED_CURRENT_AUDIT,Maintain recurring staff availability,NOT_ADJUDICATED_CURRENT_AUDIT,NOT_SCORED_CURRENT_AUDIT,NOT_SCORED_CURRENT_AUDIT,STATIC_CANONICAL_IDENTITY_FROZEN,INCOMPLETE_CANONICAL_STATIC_IDENTITY_ONLY,NOT_ADJUDICATED_CURRENT_AUDIT,NOT_ADJUDICATED_CURRENT_AUDIT,NOT_DETERMINED_CURRENT_AUDIT,ONE_OPERATING_ORGANISATION_MULTIPLE_SITES; FEATURE_SPECIFIC_ROLE_PERMISSION_SITE_OWNERSHIP_DIRECT_OBJECT_PRIVACY_BOUNDARY_NOT_ADJUDICATED,NOT_ESTABLISHED_CURRENT_AUDIT,NOT_ESTABLISHED_CURRENT_AUDIT,routes/operations.php:1-1336; routes/shifts.php:1-127,NOT_ESTABLISHED_CURRENT_AUDIT,app/Domain/Shifts/Lifecycle/ShiftLifecycleService.php:1; app/Domain/Shifts/Timesheets/TimesheetApprovalService.php:1; app/Http/Controllers/StaffAvailabilityController.php:9,tests/Feature/ShiftLifecycleHardeningTest.php:1; tests/Feature/TimesheetSafetyGuardsTest.php:1; tests/Unit/Rostering/EligibilityScoringStrategyTest.php:1,NOT_ESTABLISHED_CURRENT_AUDIT,Static canonical identity only: Maintain recurring staff availability. Representative-role completion was not executed.,ROUTE_SOURCE_ANCHOR_ONLY_UNVALIDATED,ROUTE_SOURCE_ANCHOR_ONLY_UNVALIDATED,task-scripts/cap-ops-staff-availability.md,a0493442b9e392d324055c35bf25b69421dc2d35,f8cdaf81d83c71e4f5d064fdf88872b908ffaaa1,df6e1b1b357439ad1fd829bebf4e2d33d20d067d515eb945c352e2350a4194a4,f4feae2598622afe346b1163fed2bb842305a8d973a89ec890c02746d99b5999,false,false,false,false,false,"Static identity and source ownership only; no runtime, browser, executed-test, benchmark, ease, release, or completion credit."
TASK-CAP-OPS-TIMESHEET-AUTHOR-SUBMIT,CAP-OPS-TIMESHEET-AUTHOR-SUBMIT,Workforce,NOT_ESTABLISHED_CURRENT_AUDIT,Create or edit a shift/manual timesheet and submit or atomically resubmit it for approval.,NOT_ESTABLISHED_CURRENT_AUDIT,Create or edit a shift/manual timesheet and submit or atomically resubmit it for approval.,"NOT_ESTABLISHED_CURRENT_AUDIT; execution requires a documented representative role, approved Site/record scope where applicable, and resettable synthetic data.",SOURCE_BOUND_STATIC_IDENTITY_ONLY,NOT_EXECUTED_REPRESENTATIVE_ROLE,NOT_MEASURED,0-5; NOT_MEASURED is not 0,NOT_MEASURED,NOT_MEASURED,NOT_MEASURED,NOT_MEASURED,NOT_MEASURED,NOT_MEASURED,NOT_MEASURED,NOT_MEASURED,NOT_MEASURED,NOT_MEASURED,NOT_MEASURED,NOT_MEASURED,NOT_MEASURED,NOT_MEASURED,NOT_MEASURED,NOT_MEASURED,NOT_MEASURED,"{""discoverability"":""NOT_MEASURED"",""comprehension"":""NOT_MEASURED"",""learnability"":""NOT_MEASURED"",""efficiency"":""NOT_MEASURED"",""error_prevention"":""NOT_MEASURED"",""recovery"":""NOT_MEASURED"",""accessibility"":""NOT_MEASURED"",""safety_and_trust"":""NOT_MEASURED"",""consistency"":""NOT_MEASURED"",""cross_module_continuity"":""NOT_MEASURED""}",NOT_PERFORMED,NOT_LINKED_TO_CANONICAL_TARGET_CURRENT_AUDIT,NOT_MEASURED,NOT_MEASURED,NOT_MEASURED,NOT_MEASURED,NOT_MEASURED,NOT_MEASURED,NOT_MEASURED,NOT_MEASURED,NOT_MEASURED,NOT_MEASURED,NOT_MEASURED,H,CANONICAL_STATIC_IDENTITY_DENOMINATOR,TimesheetController and TimesheetApprovalService,NOT_ESTABLISHED_CURRENT_AUDIT,Create or edit a shift/manual timesheet and submit or atomically resubmit it for approval.,NOT_ADJUDICATED_CURRENT_AUDIT,NOT_SCORED_CURRENT_AUDIT,NOT_SCORED_CURRENT_AUDIT,STATIC_CANONICAL_IDENTITY_FROZEN,INCOMPLETE_CANONICAL_STATIC_IDENTITY_ONLY,NOT_ADJUDICATED_CURRENT_AUDIT,NOT_ADJUDICATED_CURRENT_AUDIT,NOT_DETERMINED_CURRENT_AUDIT,ONE_OPERATING_ORGANISATION_MULTIPLE_SITES; FEATURE_SPECIFIC_ROLE_PERMISSION_SITE_OWNERSHIP_DIRECT_OBJECT_PRIVACY_BOUNDARY_NOT_ADJUDICATED,NOT_ESTABLISHED_CURRENT_AUDIT,NOT_ESTABLISHED_CURRENT_AUDIT,routes/operations.php:1-1336; routes/operations.php:1032-1050; routes/shifts.php:1-127,resources/js/pages/operations/timesheets/index.tsx:1-1325,app/Domain/Shifts/Lifecycle/ShiftLifecycleService.php:1; app/Domain/Shifts/Timesheets/TimesheetApprovalService.php:1; app/Domain/Shifts/Timesheets/TimesheetApprovalService.php:18-116; app/Models/Timesheet.php:1,tests/Feature/ShiftLifecycleHardeningTest.php:1; tests/Feature/TimesheetSafetyGuardsTest.php:1; tests/Feature/TimesheetSafetyGuardsTest.php:165-228; tests/Unit/Rostering/EligibilityScoringStrategyTest.php:1,NOT_ESTABLISHED_CURRENT_AUDIT,Static canonical identity only: Create or edit a shift/manual timesheet and submit or atomically resubmit it for approval.. Representative-role completion was not executed.,ROUTE_AND_PAGE_SOURCE_ANCHORS_PRESENT_UNVALIDATED,ROUTE_AND_PAGE_SOURCE_ANCHORS_PRESENT_UNVALIDATED,task-scripts/cap-ops-timesheet-author-submit.md,a0493442b9e392d324055c35bf25b69421dc2d35,f8cdaf81d83c71e4f5d064fdf88872b908ffaaa1,df6e1b1b357439ad1fd829bebf4e2d33d20d067d515eb945c352e2350a4194a4,f4feae2598622afe346b1163fed2bb842305a8d973a89ec890c02746d99b5999,false,false,false,false,false,"Static identity and source ownership only; no runtime, browser, executed-test, benchmark, ease, release, or completion credit."
TASK-CAP-OPS-TIMESHEET-MANAGER-LIFECYCLE,CAP-OPS-TIMESHEET-MANAGER-LIFECYCLE,Workforce,NOT_ESTABLISHED_CURRENT_AUDIT,"Approve, reject, return, and amend timesheets",NOT_ESTABLISHED_CURRENT_AUDIT,"Approve, reject, return, and amend timesheets","NOT_ESTABLISHED_CURRENT_AUDIT; execution requires a documented representative role, approved Site/record scope where applicable, and resettable synthetic data.",SOURCE_BOUND_STATIC_IDENTITY_ONLY,NOT_EXECUTED_REPRESENTATIVE_ROLE,NOT_MEASURED,0-5; NOT_MEASURED is not 0,NOT_MEASURED,NOT_MEASURED,NOT_MEASURED,NOT_MEASURED,NOT_MEASURED,NOT_MEASURED,NOT_MEASURED,NOT_MEASURED,NOT_MEASURED,NOT_MEASURED,NOT_MEASURED,NOT_MEASURED,NOT_MEASURED,NOT_MEASURED,NOT_MEASURED,NOT_MEASURED,NOT_MEASURED,"{""discoverability"":""NOT_MEASURED"",""comprehension"":""NOT_MEASURED"",""learnability"":""NOT_MEASURED"",""efficiency"":""NOT_MEASURED"",""error_prevention"":""NOT_MEASURED"",""recovery"":""NOT_MEASURED"",""accessibility"":""NOT_MEASURED"",""safety_and_trust"":""NOT_MEASURED"",""consistency"":""NOT_MEASURED"",""cross_module_continuity"":""NOT_MEASURED""}",NOT_PERFORMED,NOT_LINKED_TO_CANONICAL_TARGET_CURRENT_AUDIT,NOT_MEASURED,NOT_MEASURED,NOT_MEASURED,NOT_MEASURED,NOT_MEASURED,NOT_MEASURED,NOT_MEASURED,NOT_MEASURED,NOT_MEASURED,NOT_MEASURED,NOT_MEASURED,H,CANONICAL_STATIC_IDENTITY_DENOMINATOR,TimesheetApprovalService and operations reconciliation,NOT_ESTABLISHED_CURRENT_AUDIT,"Approve, reject, return, and amend timesheets",NOT_ADJUDICATED_CURRENT_AUDIT,NOT_SCORED_CURRENT_AUDIT,NOT_SCORED_CURRENT_AUDIT,STATIC_CANONICAL_IDENTITY_FROZEN,INCOMPLETE_CANONICAL_STATIC_IDENTITY_ONLY,NOT_ADJUDICATED_CURRENT_AUDIT,NOT_ADJUDICATED_CURRENT_AUDIT,NOT_DETERMINED_CURRENT_AUDIT,ONE_OPERATING_ORGANISATION_MULTIPLE_SITES; FEATURE_SPECIFIC_ROLE_PERMISSION_SITE_OWNERSHIP_DIRECT_OBJECT_PRIVACY_BOUNDARY_NOT_ADJUDICATED,NOT_ESTABLISHED_CURRENT_AUDIT,NOT_ESTABLISHED_CURRENT_AUDIT,NOT_ESTABLISHED_CURRENT_AUDIT,NOT_ESTABLISHED_CURRENT_AUDIT,app/Domain/Shifts/Timesheets/TimesheetApprovalService.php:118; app/Http/Controllers/TimesheetController.php:1237,NOT_ESTABLISHED_CURRENT_AUDIT,NOT_ESTABLISHED_CURRENT_AUDIT,"Static canonical identity only: Approve, reject, return, and amend timesheets. Representative-role completion was not executed.",NOT_ESTABLISHED_CURRENT_AUDIT_NO_ROUTE_OR_PAGE_ANCHOR,NOT_ESTABLISHED_CURRENT_AUDIT_NO_ROUTE_OR_PAGE_ANCHOR,task-scripts/cap-ops-timesheet-manager-lifecycle.md,a0493442b9e392d324055c35bf25b69421dc2d35,f8cdaf81d83c71e4f5d064fdf88872b908ffaaa1,df6e1b1b357439ad1fd829bebf4e2d33d20d067d515eb945c352e2350a4194a4,f4feae2598622afe346b1163fed2bb842305a8d973a89ec890c02746d99b5999,false,false,false,false,false,"Static identity and source ownership only; no runtime, browser, executed-test, benchmark, ease, release, or completion credit."
TASK-CAP-PLAT-ADMIN-DASHBOARD,CAP-PLAT-ADMIN-DASHBOARD,Platform Dashboards,NOT_ESTABLISHED_CURRENT_AUDIT,Review the authorised organisation and Site operational overview,NOT_ESTABLISHED_CURRENT_AUDIT,Review the authorised organisation and Site operational overview,"NOT_ESTABLISHED_CURRENT_AUDIT; execution requires a documented representative role, approved Site/record scope where applicable, and resettable synthetic data.",SOURCE_BOUND_STATIC_IDENTITY_ONLY,NOT_EXECUTED_REPRESENTATIVE_ROLE,NOT_MEASURED,0-5; NOT_MEASURED is not 0,NOT_MEASURED,NOT_MEASURED,NOT_MEASURED,NOT_MEASURED,NOT_MEASURED,NOT_MEASURED,NOT_MEASURED,NOT_MEASURED,NOT_MEASURED,NOT_MEASURED,NOT_MEASURED,NOT_MEASURED,NOT_MEASURED,NOT_MEASURED,NOT_MEASURED,NOT_MEASURED,NOT_MEASURED,"{""discoverability"":""NOT_MEASURED"",""comprehension"":""NOT_MEASURED"",""learnability"":""NOT_MEASURED"",""efficiency"":""NOT_MEASURED"",""error_prevention"":""NOT_MEASURED"",""recovery"":""NOT_MEASURED"",""accessibility"":""NOT_MEASURED"",""safety_and_trust"":""NOT_MEASURED"",""consistency"":""NOT_MEASURED"",""cross_module_continuity"":""NOT_MEASURED""}",NOT_PERFORMED,NOT_LINKED_TO_CANONICAL_TARGET_CURRENT_AUDIT,NOT_MEASURED,NOT_MEASURED,NOT_MEASURED,NOT_MEASURED,NOT_MEASURED,NOT_MEASURED,NOT_MEASURED,NOT_MEASURED,NOT_MEASURED,NOT_MEASURED,NOT_MEASURED,H,CANONICAL_STATIC_IDENTITY_DENOMINATOR,DashboardController,NOT_ESTABLISHED_CURRENT_AUDIT,Review the authorised organisation and Site operational overview,NOT_ADJUDICATED_CURRENT_AUDIT,NOT_SCORED_CURRENT_AUDIT,NOT_SCORED_CURRENT_AUDIT,STATIC_CANONICAL_IDENTITY_FROZEN,INCOMPLETE_CANONICAL_STATIC_IDENTITY_ONLY,NOT_ADJUDICATED_CURRENT_AUDIT,NOT_ADJUDICATED_CURRENT_AUDIT,NOT_DETERMINED_CURRENT_AUDIT,ONE_OPERATING_ORGANISATION_MULTIPLE_SITES; FEATURE_SPECIFIC_ROLE_PERMISSION_SITE_OWNERSHIP_DIRECT_OBJECT_PRIVACY_BOUNDARY_NOT_ADJUDICATED,NOT_ESTABLISHED_CURRENT_AUDIT,NOT_ESTABLISHED_CURRENT_AUDIT,routes/web.php:128,NOT_ESTABLISHED_CURRENT_AUDIT,app/Http/Controllers/DashboardController.php:24-480,tests/Feature/DashboardControllerTest.php,NOT_ESTABLISHED_CURRENT_AUDIT,Static canonical identity only: Review the authorised organisation and Site operational overview. Representative-role completion was not executed.,ROUTE_SOURCE_ANCHOR_ONLY_UNVALIDATED,ROUTE_SOURCE_ANCHOR_ONLY_UNVALIDATED,task-scripts/cap-plat-admin-dashboard.md,a0493442b9e392d324055c35bf25b69421dc2d35,f8cdaf81d83c71e4f5d064fdf88872b908ffaaa1,df6e1b1b357439ad1fd829bebf4e2d33d20d067d515eb945c352e2350a4194a4,f4feae2598622afe346b1163fed2bb842305a8d973a89ec890c02746d99b5999,false,false,false,false,false,"Static identity and source ownership only; no runtime, browser, executed-test, benchmark, ease, release, or completion credit."
TASK-CAP-PORT-CLIENT-WORKSPACE,CAP-PORT-CLIENT-WORKSPACE,Portal,NOT_ESTABLISHED_CURRENT_AUDIT,Use the authorised portal client workspace and section-gated summary,NOT_ESTABLISHED_CURRENT_AUDIT,Use the authorised portal client workspace and section-gated summary,"NOT_ESTABLISHED_CURRENT_AUDIT; execution requires a documented representative role, approved Site/record scope where applicable, and resettable synthetic data.",SOURCE_BOUND_STATIC_IDENTITY_ONLY,NOT_EXECUTED_REPRESENTATIVE_ROLE,NOT_MEASURED,0-5; NOT_MEASURED is not 0,NOT_MEASURED,NOT_MEASURED,NOT_MEASURED,NOT_MEASURED,NOT_MEASURED,NOT_MEASURED,NOT_MEASURED,NOT_MEASURED,NOT_MEASURED,NOT_MEASURED,NOT_MEASURED,NOT_MEASURED,NOT_MEASURED,NOT_MEASURED,NOT_MEASURED,NOT_MEASURED,NOT_MEASURED,"{""discoverability"":""NOT_MEASURED"",""comprehension"":""NOT_MEASURED"",""learnability"":""NOT_MEASURED"",""efficiency"":""NOT_MEASURED"",""error_prevention"":""NOT_MEASURED"",""recovery"":""NOT_MEASURED"",""accessibility"":""NOT_MEASURED"",""safety_and_trust"":""NOT_MEASURED"",""consistency"":""NOT_MEASURED"",""cross_module_continuity"":""NOT_MEASURED""}",NOT_PERFORMED,NOT_LINKED_TO_CANONICAL_TARGET_CURRENT_AUDIT,NOT_MEASURED,NOT_MEASURED,NOT_MEASURED,NOT_MEASURED,NOT_MEASURED,NOT_MEASURED,NOT_MEASURED,NOT_MEASURED,NOT_MEASURED,NOT_MEASURED,NOT_MEASURED,H,CANONICAL_STATIC_IDENTITY_DENOMINATOR,PortalClientController,NOT_ESTABLISHED_CURRENT_AUDIT,Use the authorised portal client workspace and section-gated summary,NOT_ADJUDICATED_CURRENT_AUDIT,NOT_SCORED_CURRENT_AUDIT,NOT_SCORED_CURRENT_AUDIT,STATIC_CANONICAL_IDENTITY_FROZEN,INCOMPLETE_CANONICAL_STATIC_IDENTITY_ONLY,NOT_ADJUDICATED_CURRENT_AUDIT,NOT_ADJUDICATED_CURRENT_AUDIT,NOT_DETERMINED_CURRENT_AUDIT,ONE_OPERATING_ORGANISATION_MULTIPLE_SITES; FEATURE_SPECIFIC_ROLE_PERMISSION_SITE_OWNERSHIP_DIRECT_OBJECT_PRIVACY_BOUNDARY_NOT_ADJUDICATED,NOT_ESTABLISHED_CURRENT_AUDIT,NOT_ESTABLISHED_CURRENT_AUDIT,routes/portal.php:49-180; routes/portal.php:57-65,resources/js/pages/portal/client.tsx,app/Http/Controllers/PortalClientController.php:13-147; app/Services/Portal/PortalClientSectionAccess.php:15-180,NOT_ESTABLISHED_CURRENT_AUDIT,NOT_ESTABLISHED_CURRENT_AUDIT,Static canonical identity only: Use the authorised portal client workspace and section-gated summary. Representative-role completion was not executed.,ROUTE_AND_PAGE_SOURCE_ANCHORS_PRESENT_UNVALIDATED,ROUTE_AND_PAGE_SOURCE_ANCHORS_PRESENT_UNVALIDATED,task-scripts/cap-port-client-workspace.md,a0493442b9e392d324055c35bf25b69421dc2d35,f8cdaf81d83c71e4f5d064fdf88872b908ffaaa1,df6e1b1b357439ad1fd829bebf4e2d33d20d067d515eb945c352e2350a4194a4,f4feae2598622afe346b1163fed2bb842305a8d973a89ec890c02746d99b5999,false,false,false,false,false,"Static identity and source ownership only; no runtime, browser, executed-test, benchmark, ease, release, or completion credit."
TASK-CAP-PORT-FAMILY-CALENDAR,CAP-PORT-FAMILY-CALENDAR,Portal,NOT_ESTABLISHED_CURRENT_AUDIT,Review the section-filtered family calendar and events,NOT_ESTABLISHED_CURRENT_AUDIT,Review the section-filtered family calendar and events,"NOT_ESTABLISHED_CURRENT_AUDIT; execution requires a documented representative role, approved Site/record scope where applicable, and resettable synthetic data.",SOURCE_BOUND_STATIC_IDENTITY_ONLY,NOT_EXECUTED_REPRESENTATIVE_ROLE,NOT_MEASURED,0-5; NOT_MEASURED is not 0,NOT_MEASURED,NOT_MEASURED,NOT_MEASURED,NOT_MEASURED,NOT_MEASURED,NOT_MEASURED,NOT_MEASURED,NOT_MEASURED,NOT_MEASURED,NOT_MEASURED,NOT_MEASURED,NOT_MEASURED,NOT_MEASURED,NOT_MEASURED,NOT_MEASURED,NOT_MEASURED,NOT_MEASURED,"{""discoverability"":""NOT_MEASURED"",""comprehension"":""NOT_MEASURED"",""learnability"":""NOT_MEASURED"",""efficiency"":""NOT_MEASURED"",""error_prevention"":""NOT_MEASURED"",""recovery"":""NOT_MEASURED"",""accessibility"":""NOT_MEASURED"",""safety_and_trust"":""NOT_MEASURED"",""consistency"":""NOT_MEASURED"",""cross_module_continuity"":""NOT_MEASURED""}",NOT_PERFORMED,NOT_LINKED_TO_CANONICAL_TARGET_CURRENT_AUDIT,NOT_MEASURED,NOT_MEASURED,NOT_MEASURED,NOT_MEASURED,NOT_MEASURED,NOT_MEASURED,NOT_MEASURED,NOT_MEASURED,NOT_MEASURED,NOT_MEASURED,NOT_MEASURED,H,CANONICAL_STATIC_IDENTITY_DENOMINATOR,PortalClientController and FamilyDashboardController read projections,NOT_ESTABLISHED_CURRENT_AUDIT,Review the section-filtered family calendar and events,NOT_ADJUDICATED_CURRENT_AUDIT,NOT_SCORED_CURRENT_AUDIT,NOT_SCORED_CURRENT_AUDIT,STATIC_CANONICAL_IDENTITY_FROZEN,INCOMPLETE_CANONICAL_STATIC_IDENTITY_ONLY,NOT_ADJUDICATED_CURRENT_AUDIT,NOT_ADJUDICATED_CURRENT_AUDIT,NOT_DETERMINED_CURRENT_AUDIT,ONE_OPERATING_ORGANISATION_MULTIPLE_SITES; FEATURE_SPECIFIC_ROLE_PERMISSION_SITE_OWNERSHIP_DIRECT_OBJECT_PRIVACY_BOUNDARY_NOT_ADJUDICATED,NOT_ESTABLISHED_CURRENT_AUDIT,NOT_ESTABLISHED_CURRENT_AUDIT,routes/portal.php:88-90,NOT_ESTABLISHED_CURRENT_AUDIT,app/Http/Controllers/Portal/PortalCalendarController.php:17-225,NOT_ESTABLISHED_CURRENT_AUDIT,NOT_ESTABLISHED_CURRENT_AUDIT,Static canonical identity only: Review the section-filtered family calendar and events. Representative-role completion was not executed.,ROUTE_SOURCE_ANCHOR_ONLY_UNVALIDATED,ROUTE_SOURCE_ANCHOR_ONLY_UNVALIDATED,task-scripts/cap-port-family-calendar.md,a0493442b9e392d324055c35bf25b69421dc2d35,f8cdaf81d83c71e4f5d064fdf88872b908ffaaa1,df6e1b1b357439ad1fd829bebf4e2d33d20d067d515eb945c352e2350a4194a4,f4feae2598622afe346b1163fed2bb842305a8d973a89ec890c02746d99b5999,false,false,false,false,false,"Static identity and source ownership only; no runtime, browser, executed-test, benchmark, ease, release, or completion credit."
TASK-CAP-PORT-FAMILY-DASHBOARD,CAP-PORT-FAMILY-DASHBOARD,Portal,NOT_ESTABLISHED_CURRENT_AUDIT,Use the family dashboard and create or cancel visit requests,NOT_ESTABLISHED_CURRENT_AUDIT,Use the family dashboard and create or cancel visit requests,"NOT_ESTABLISHED_CURRENT_AUDIT; execution requires a documented representative role, approved Site/record scope where applicable, and resettable synthetic data.",SOURCE_BOUND_STATIC_IDENTITY_ONLY,NOT_EXECUTED_REPRESENTATIVE_ROLE,NOT_MEASURED,0-5; NOT_MEASURED is not 0,NOT_MEASURED,NOT_MEASURED,NOT_MEASURED,NOT_MEASURED,NOT_MEASURED,NOT_MEASURED,NOT_MEASURED,NOT_MEASURED,NOT_MEASURED,NOT_MEASURED,NOT_MEASURED,NOT_MEASURED,NOT_MEASURED,NOT_MEASURED,NOT_MEASURED,NOT_MEASURED,NOT_MEASURED,"{""discoverability"":""NOT_MEASURED"",""comprehension"":""NOT_MEASURED"",""learnability"":""NOT_MEASURED"",""efficiency"":""NOT_MEASURED"",""error_prevention"":""NOT_MEASURED"",""recovery"":""NOT_MEASURED"",""accessibility"":""NOT_MEASURED"",""safety_and_trust"":""NOT_MEASURED"",""consistency"":""NOT_MEASURED"",""cross_module_continuity"":""NOT_MEASURED""}",NOT_PERFORMED,NOT_LINKED_TO_CANONICAL_TARGET_CURRENT_AUDIT,NOT_MEASURED,NOT_MEASURED,NOT_MEASURED,NOT_MEASURED,NOT_MEASURED,NOT_MEASURED,NOT_MEASURED,NOT_MEASURED,NOT_MEASURED,NOT_MEASURED,NOT_MEASURED,H,CANONICAL_STATIC_IDENTITY_DENOMINATOR,PortalClientController and FamilyDashboardController read projections,NOT_ESTABLISHED_CURRENT_AUDIT,Use the family dashboard and create or cancel visit requests,NOT_ADJUDICATED_CURRENT_AUDIT,NOT_SCORED_CURRENT_AUDIT,NOT_SCORED_CURRENT_AUDIT,STATIC_CANONICAL_IDENTITY_FROZEN,INCOMPLETE_CANONICAL_STATIC_IDENTITY_ONLY,NOT_ADJUDICATED_CURRENT_AUDIT,NOT_ADJUDICATED_CURRENT_AUDIT,NOT_DETERMINED_CURRENT_AUDIT,ONE_OPERATING_ORGANISATION_MULTIPLE_SITES; FEATURE_SPECIFIC_ROLE_PERMISSION_SITE_OWNERSHIP_DIRECT_OBJECT_PRIVACY_BOUNDARY_NOT_ADJUDICATED,NOT_ESTABLISHED_CURRENT_AUDIT,NOT_ESTABLISHED_CURRENT_AUDIT,routes/portal.php:69-73,NOT_ESTABLISHED_CURRENT_AUDIT,app/Http/Controllers/Portal/FamilyDashboardController.php:22-572,NOT_ESTABLISHED_CURRENT_AUDIT,NOT_ESTABLISHED_CURRENT_AUDIT,Static canonical identity only: Use the family dashboard and create or cancel visit requests. Representative-role completion was not executed.,ROUTE_SOURCE_ANCHOR_ONLY_UNVALIDATED,ROUTE_SOURCE_ANCHOR_ONLY_UNVALIDATED,task-scripts/cap-port-family-dashboard.md,a0493442b9e392d324055c35bf25b69421dc2d35,f8cdaf81d83c71e4f5d064fdf88872b908ffaaa1,df6e1b1b357439ad1fd829bebf4e2d33d20d067d515eb945c352e2350a4194a4,f4feae2598622afe346b1163fed2bb842305a8d973a89ec890c02746d99b5999,false,false,false,false,false,"Static identity and source ownership only; no runtime, browser, executed-test, benchmark, ease, release, or completion credit."
TASK-CAP-PORT-FAMILY-DOCUMENTS,CAP-PORT-FAMILY-DOCUMENTS,Portal,NOT_ESTABLISHED_CURRENT_AUDIT,Review and upload authorised family-shared documents,NOT_ESTABLISHED_CURRENT_AUDIT,Review and upload authorised family-shared documents,"NOT_ESTABLISHED_CURRENT_AUDIT; execution requires a documented representative role, approved Site/record scope where applicable, and resettable synthetic data.",SOURCE_BOUND_STATIC_IDENTITY_ONLY,NOT_EXECUTED_REPRESENTATIVE_ROLE,NOT_MEASURED,0-5; NOT_MEASURED is not 0,NOT_MEASURED,NOT_MEASURED,NOT_MEASURED,NOT_MEASURED,NOT_MEASURED,NOT_MEASURED,NOT_MEASURED,NOT_MEASURED,NOT_MEASURED,NOT_MEASURED,NOT_MEASURED,NOT_MEASURED,NOT_MEASURED,NOT_MEASURED,NOT_MEASURED,NOT_MEASURED,NOT_MEASURED,"{""discoverability"":""NOT_MEASURED"",""comprehension"":""NOT_MEASURED"",""learnability"":""NOT_MEASURED"",""efficiency"":""NOT_MEASURED"",""error_prevention"":""NOT_MEASURED"",""recovery"":""NOT_MEASURED"",""accessibility"":""NOT_MEASURED"",""safety_and_trust"":""NOT_MEASURED"",""consistency"":""NOT_MEASURED"",""cross_module_continuity"":""NOT_MEASURED""}",NOT_PERFORMED,NOT_LINKED_TO_CANONICAL_TARGET_CURRENT_AUDIT,NOT_MEASURED,NOT_MEASURED,NOT_MEASURED,NOT_MEASURED,NOT_MEASURED,NOT_MEASURED,NOT_MEASURED,NOT_MEASURED,NOT_MEASURED,NOT_MEASURED,NOT_MEASURED,H,CANONICAL_STATIC_IDENTITY_DENOMINATOR,PortalClientController and FamilyDashboardController read projections,NOT_ESTABLISHED_CURRENT_AUDIT,Review and upload authorised family-shared documents,NOT_ADJUDICATED_CURRENT_AUDIT,NOT_SCORED_CURRENT_AUDIT,NOT_SCORED_CURRENT_AUDIT,STATIC_CANONICAL_IDENTITY_FROZEN,INCOMPLETE_CANONICAL_STATIC_IDENTITY_ONLY,NOT_ADJUDICATED_CURRENT_AUDIT,NOT_ADJUDICATED_CURRENT_AUDIT,NOT_DETERMINED_CURRENT_AUDIT,ONE_OPERATING_ORGANISATION_MULTIPLE_SITES; FEATURE_SPECIFIC_ROLE_PERMISSION_SITE_OWNERSHIP_DIRECT_OBJECT_PRIVACY_BOUNDARY_NOT_ADJUDICATED,NOT_ESTABLISHED_CURRENT_AUDIT,NOT_ESTABLISHED_CURRENT_AUDIT,routes/portal.php:120-122,NOT_ESTABLISHED_CURRENT_AUDIT,app/Http/Controllers/Portal/PortalDocumentController.php:13-124,NOT_ESTABLISHED_CURRENT_AUDIT,NOT_ESTABLISHED_CURRENT_AUDIT,Static canonical identity only: Review and upload authorised family-shared documents. Representative-role completion was not executed.,ROUTE_SOURCE_ANCHOR_ONLY_UNVALIDATED,ROUTE_SOURCE_ANCHOR_ONLY_UNVALIDATED,task-scripts/cap-port-family-documents.md,a0493442b9e392d324055c35bf25b69421dc2d35,f8cdaf81d83c71e4f5d064fdf88872b908ffaaa1,df6e1b1b357439ad1fd829bebf4e2d33d20d067d515eb945c352e2350a4194a4,f4feae2598622afe346b1163fed2bb842305a8d973a89ec890c02746d99b5999,false,false,false,false,false,"Static identity and source ownership only; no runtime, browser, executed-test, benchmark, ease, release, or completion credit."
TASK-CAP-PORT-FAMILY-HEALTH-LENS,CAP-PORT-FAMILY-HEALTH-LENS,Portal,NOT_ESTABLISHED_CURRENT_AUDIT,Review the consent and section-filtered family health lens,NOT_ESTABLISHED_CURRENT_AUDIT,Review the consent and section-filtered family health lens,"NOT_ESTABLISHED_CURRENT_AUDIT; execution requires a documented representative role, approved Site/record scope where applicable, and resettable synthetic data.",SOURCE_BOUND_STATIC_IDENTITY_ONLY,NOT_EXECUTED_REPRESENTATIVE_ROLE,NOT_MEASURED,0-5; NOT_MEASURED is not 0,NOT_MEASURED,NOT_MEASURED,NOT_MEASURED,NOT_MEASURED,NOT_MEASURED,NOT_MEASURED,NOT_MEASURED,NOT_MEASURED,NOT_MEASURED,NOT_MEASURED,NOT_MEASURED,NOT_MEASURED,NOT_MEASURED,NOT_MEASURED,NOT_MEASURED,NOT_MEASURED,NOT_MEASURED,"{""discoverability"":""NOT_MEASURED"",""comprehension"":""NOT_MEASURED"",""learnability"":""NOT_MEASURED"",""efficiency"":""NOT_MEASURED"",""error_prevention"":""NOT_MEASURED"",""recovery"":""NOT_MEASURED"",""accessibility"":""NOT_MEASURED"",""safety_and_trust"":""NOT_MEASURED"",""consistency"":""NOT_MEASURED"",""cross_module_continuity"":""NOT_MEASURED""}",NOT_PERFORMED,NOT_LINKED_TO_CANONICAL_TARGET_CURRENT_AUDIT,NOT_MEASURED,NOT_MEASURED,NOT_MEASURED,NOT_MEASURED,NOT_MEASURED,NOT_MEASURED,NOT_MEASURED,NOT_MEASURED,NOT_MEASURED,NOT_MEASURED,NOT_MEASURED,H,CANONICAL_STATIC_IDENTITY_DENOMINATOR,PortalClientController and FamilyDashboardController read projections,NOT_ESTABLISHED_CURRENT_AUDIT,Review the consent and section-filtered family health lens,NOT_ADJUDICATED_CURRENT_AUDIT,NOT_SCORED_CURRENT_AUDIT,NOT_SCORED_CURRENT_AUDIT,STATIC_CANONICAL_IDENTITY_FROZEN,INCOMPLETE_CANONICAL_STATIC_IDENTITY_ONLY,NOT_ADJUDICATED_CURRENT_AUDIT,NOT_ADJUDICATED_CURRENT_AUDIT,NOT_DETERMINED_CURRENT_AUDIT,ONE_OPERATING_ORGANISATION_MULTIPLE_SITES; FEATURE_SPECIFIC_ROLE_PERMISSION_SITE_OWNERSHIP_DIRECT_OBJECT_PRIVACY_BOUNDARY_NOT_ADJUDICATED,NOT_ESTABLISHED_CURRENT_AUDIT,NOT_ESTABLISHED_CURRENT_AUDIT,routes/portal.php:116,NOT_ESTABLISHED_CURRENT_AUDIT,app/Http/Controllers/Portal/PortalHealthController.php:10-45,NOT_ESTABLISHED_CURRENT_AUDIT,NOT_ESTABLISHED_CURRENT_AUDIT,Static canonical identity only: Review the consent and section-filtered family health lens. Representative-role completion was not executed.,ROUTE_SOURCE_ANCHOR_ONLY_UNVALIDATED,ROUTE_SOURCE_ANCHOR_ONLY_UNVALIDATED,task-scripts/cap-port-family-health-lens.md,a0493442b9e392d324055c35bf25b69421dc2d35,f8cdaf81d83c71e4f5d064fdf88872b908ffaaa1,df6e1b1b357439ad1fd829bebf4e2d33d20d067d515eb945c352e2350a4194a4,f4feae2598622afe346b1163fed2bb842305a8d973a89ec890c02746d99b5999,false,false,false,false,false,"Static identity and source ownership only; no runtime, browser, executed-test, benchmark, ease, release, or completion credit."
TASK-CAP-PORT-FAMILY-LOCATION-LENS,CAP-PORT-FAMILY-LOCATION-LENS,Portal,NOT_ESTABLISHED_CURRENT_AUDIT,"Review consented location, history, and privacy status",NOT_ESTABLISHED_CURRENT_AUDIT,"Review consented location, history, and privacy status","NOT_ESTABLISHED_CURRENT_AUDIT; execution requires a documented representative role, approved Site/record scope where applicable, and resettable synthetic data.",SOURCE_BOUND_STATIC_IDENTITY_ONLY,NOT_EXECUTED_REPRESENTATIVE_ROLE,NOT_MEASURED,0-5; NOT_MEASURED is not 0,NOT_MEASURED,NOT_MEASURED,NOT_MEASURED,NOT_MEASURED,NOT_MEASURED,NOT_MEASURED,NOT_MEASURED,NOT_MEASURED,NOT_MEASURED,NOT_MEASURED,NOT_MEASURED,NOT_MEASURED,NOT_MEASURED,NOT_MEASURED,NOT_MEASURED,NOT_MEASURED,NOT_MEASURED,"{""discoverability"":""NOT_MEASURED"",""comprehension"":""NOT_MEASURED"",""learnability"":""NOT_MEASURED"",""efficiency"":""NOT_MEASURED"",""error_prevention"":""NOT_MEASURED"",""recovery"":""NOT_MEASURED"",""accessibility"":""NOT_MEASURED"",""safety_and_trust"":""NOT_MEASURED"",""consistency"":""NOT_MEASURED"",""cross_module_continuity"":""NOT_MEASURED""}",NOT_PERFORMED,NOT_LINKED_TO_CANONICAL_TARGET_CURRENT_AUDIT,NOT_MEASURED,NOT_MEASURED,NOT_MEASURED,NOT_MEASURED,NOT_MEASURED,NOT_MEASURED,NOT_MEASURED,NOT_MEASURED,NOT_MEASURED,NOT_MEASURED,NOT_MEASURED,H,CANONICAL_STATIC_IDENTITY_DENOMINATOR,PortalClientController and FamilyDashboardController read projections,NOT_ESTABLISHED_CURRENT_AUDIT,"Review consented location, history, and privacy status",NOT_ADJUDICATED_CURRENT_AUDIT,NOT_SCORED_CURRENT_AUDIT,NOT_SCORED_CURRENT_AUDIT,STATIC_CANONICAL_IDENTITY_FROZEN,INCOMPLETE_CANONICAL_STATIC_IDENTITY_ONLY,NOT_ADJUDICATED_CURRENT_AUDIT,NOT_ADJUDICATED_CURRENT_AUDIT,NOT_DETERMINED_CURRENT_AUDIT,ONE_OPERATING_ORGANISATION_MULTIPLE_SITES; FEATURE_SPECIFIC_ROLE_PERMISSION_SITE_OWNERSHIP_DIRECT_OBJECT_PRIVACY_BOUNDARY_NOT_ADJUDICATED,NOT_ESTABLISHED_CURRENT_AUDIT,NOT_ESTABLISHED_CURRENT_AUDIT,routes/portal.php:126-130,NOT_ESTABLISHED_CURRENT_AUDIT,app/Http/Controllers/Portal/PortalLocationController.php:13-163,NOT_ESTABLISHED_CURRENT_AUDIT,NOT_ESTABLISHED_CURRENT_AUDIT,"Static canonical identity only: Review consented location, history, and privacy status. Representative-role completion was not executed.",ROUTE_SOURCE_ANCHOR_ONLY_UNVALIDATED,ROUTE_SOURCE_ANCHOR_ONLY_UNVALIDATED,task-scripts/cap-port-family-location-lens.md,a0493442b9e392d324055c35bf25b69421dc2d35,f8cdaf81d83c71e4f5d064fdf88872b908ffaaa1,df6e1b1b357439ad1fd829bebf4e2d33d20d067d515eb945c352e2350a4194a4,f4feae2598622afe346b1163fed2bb842305a8d973a89ec890c02746d99b5999,false,false,false,false,false,"Static identity and source ownership only; no runtime, browser, executed-test, benchmark, ease, release, or completion credit."
TASK-CAP-PORT-FAMILY-MESSAGING,CAP-PORT-FAMILY-MESSAGING,Portal,NOT_ESTABLISHED_CURRENT_AUDIT,Exchange messages within an authorised client relationship,NOT_ESTABLISHED_CURRENT_AUDIT,Exchange messages within an authorised client relationship,"NOT_ESTABLISHED_CURRENT_AUDIT; execution requires a documented representative role, approved Site/record scope where applicable, and resettable synthetic data.",SOURCE_BOUND_STATIC_IDENTITY_ONLY,NOT_EXECUTED_REPRESENTATIVE_ROLE,NOT_MEASURED,0-5; NOT_MEASURED is not 0,NOT_MEASURED,NOT_MEASURED,NOT_MEASURED,NOT_MEASURED,NOT_MEASURED,NOT_MEASURED,NOT_MEASURED,NOT_MEASURED,NOT_MEASURED,NOT_MEASURED,NOT_MEASURED,NOT_MEASURED,NOT_MEASURED,NOT_MEASURED,NOT_MEASURED,NOT_MEASURED,NOT_MEASURED,"{""discoverability"":""NOT_MEASURED"",""comprehension"":""NOT_MEASURED"",""learnability"":""NOT_MEASURED"",""efficiency"":""NOT_MEASURED"",""error_prevention"":""NOT_MEASURED"",""recovery"":""NOT_MEASURED"",""accessibility"":""NOT_MEASURED"",""safety_and_trust"":""NOT_MEASURED"",""consistency"":""NOT_MEASURED"",""cross_module_continuity"":""NOT_MEASURED""}",NOT_PERFORMED,NOT_LINKED_TO_CANONICAL_TARGET_CURRENT_AUDIT,NOT_MEASURED,NOT_MEASURED,NOT_MEASURED,NOT_MEASURED,NOT_MEASURED,NOT_MEASURED,NOT_MEASURED,NOT_MEASURED,NOT_MEASURED,NOT_MEASURED,NOT_MEASURED,H,CANONICAL_STATIC_IDENTITY_DENOMINATOR,PortalMessageController,NOT_ESTABLISHED_CURRENT_AUDIT,Exchange messages within an authorised client relationship,NOT_ADJUDICATED_CURRENT_AUDIT,NOT_SCORED_CURRENT_AUDIT,NOT_SCORED_CURRENT_AUDIT,STATIC_CANONICAL_IDENTITY_FROZEN,INCOMPLETE_CANONICAL_STATIC_IDENTITY_ONLY,NOT_ADJUDICATED_CURRENT_AUDIT,NOT_ADJUDICATED_CURRENT_AUDIT,NOT_DETERMINED_CURRENT_AUDIT,ONE_OPERATING_ORGANISATION_MULTIPLE_SITES; FEATURE_SPECIFIC_ROLE_PERMISSION_SITE_OWNERSHIP_DIRECT_OBJECT_PRIVACY_BOUNDARY_NOT_ADJUDICATED,NOT_ESTABLISHED_CURRENT_AUDIT,NOT_ESTABLISHED_CURRENT_AUDIT,NOT_ESTABLISHED_CURRENT_AUDIT,resources/js/pages/portal/messages.tsx,app/Http/Controllers/Portal/PortalMessageController.php,NOT_ESTABLISHED_CURRENT_AUDIT,NOT_ESTABLISHED_CURRENT_AUDIT,Static canonical identity only: Exchange messages within an authorised client relationship. Representative-role completion was not executed.,PAGE_SOURCE_ANCHOR_ONLY_UNVALIDATED,PAGE_SOURCE_ANCHOR_ONLY_UNVALIDATED,task-scripts/cap-port-family-messaging.md,a0493442b9e392d324055c35bf25b69421dc2d35,f8cdaf81d83c71e4f5d064fdf88872b908ffaaa1,df6e1b1b357439ad1fd829bebf4e2d33d20d067d515eb945c352e2350a4194a4,f4feae2598622afe346b1163fed2bb842305a8d973a89ec890c02746d99b5999,false,false,false,false,false,"Static identity and source ownership only; no runtime, browser, executed-test, benchmark, ease, release, or completion credit."
TASK-CAP-PORT-FAMILY-NOTES,CAP-PORT-FAMILY-NOTES,Portal,NOT_ESTABLISHED_CURRENT_AUDIT,Record and review authorised family notes,NOT_ESTABLISHED_CURRENT_AUDIT,Record and review authorised family notes,"NOT_ESTABLISHED_CURRENT_AUDIT; execution requires a documented representative role, approved Site/record scope where applicable, and resettable synthetic data.",SOURCE_BOUND_STATIC_IDENTITY_ONLY,NOT_EXECUTED_REPRESENTATIVE_ROLE,NOT_MEASURED,0-5; NOT_MEASURED is not 0,NOT_MEASURED,NOT_MEASURED,NOT_MEASURED,NOT_MEASURED,NOT_MEASURED,NOT_MEASURED,NOT_MEASURED,NOT_MEASURED,NOT_MEASURED,NOT_MEASURED,NOT_MEASURED,NOT_MEASURED,NOT_MEASURED,NOT_MEASURED,NOT_MEASURED,NOT_MEASURED,NOT_MEASURED,"{""discoverability"":""NOT_MEASURED"",""comprehension"":""NOT_MEASURED"",""learnability"":""NOT_MEASURED"",""efficiency"":""NOT_MEASURED"",""error_prevention"":""NOT_MEASURED"",""recovery"":""NOT_MEASURED"",""accessibility"":""NOT_MEASURED"",""safety_and_trust"":""NOT_MEASURED"",""consistency"":""NOT_MEASURED"",""cross_module_continuity"":""NOT_MEASURED""}",NOT_PERFORMED,NOT_LINKED_TO_CANONICAL_TARGET_CURRENT_AUDIT,NOT_MEASURED,NOT_MEASURED,NOT_MEASURED,NOT_MEASURED,NOT_MEASURED,NOT_MEASURED,NOT_MEASURED,NOT_MEASURED,NOT_MEASURED,NOT_MEASURED,NOT_MEASURED,H,CANONICAL_STATIC_IDENTITY_DENOMINATOR,PortalFamilyNoteController,NOT_ESTABLISHED_CURRENT_AUDIT,Record and review authorised family notes,NOT_ADJUDICATED_CURRENT_AUDIT,NOT_SCORED_CURRENT_AUDIT,NOT_SCORED_CURRENT_AUDIT,STATIC_CANONICAL_IDENTITY_FROZEN,INCOMPLETE_CANONICAL_STATIC_IDENTITY_ONLY,NOT_ADJUDICATED_CURRENT_AUDIT,NOT_ADJUDICATED_CURRENT_AUDIT,NOT_DETERMINED_CURRENT_AUDIT,ONE_OPERATING_ORGANISATION_MULTIPLE_SITES; FEATURE_SPECIFIC_ROLE_PERMISSION_SITE_OWNERSHIP_DIRECT_OBJECT_PRIVACY_BOUNDARY_NOT_ADJUDICATED,NOT_ESTABLISHED_CURRENT_AUDIT,NOT_ESTABLISHED_CURRENT_AUDIT,NOT_ESTABLISHED_CURRENT_AUDIT,resources/js/pages/portal/family-notes.tsx,app/Http/Controllers/Portal/PortalFamilyNoteController.php,NOT_ESTABLISHED_CURRENT_AUDIT,NOT_ESTABLISHED_CURRENT_AUDIT,Static canonical identity only: Record and review authorised family notes. Representative-role completion was not executed.,PAGE_SOURCE_ANCHOR_ONLY_UNVALIDATED,PAGE_SOURCE_ANCHOR_ONLY_UNVALIDATED,task-scripts/cap-port-family-notes.md,a0493442b9e392d324055c35bf25b69421dc2d35,f8cdaf81d83c71e4f5d064fdf88872b908ffaaa1,df6e1b1b357439ad1fd829bebf4e2d33d20d067d515eb945c352e2350a4194a4,f4feae2598622afe346b1163fed2bb842305a8d973a89ec890c02746d99b5999,false,false,false,false,false,"Static identity and source ownership only; no runtime, browser, executed-test, benchmark, ease, release, or completion credit."
TASK-CAP-PORT-FAMILY-PHOTOS,CAP-PORT-FAMILY-PHOTOS,Portal,NOT_ESTABLISHED_CURRENT_AUDIT,Review and upload authorised family-shared photos,NOT_ESTABLISHED_CURRENT_AUDIT,Review and upload authorised family-shared photos,"NOT_ESTABLISHED_CURRENT_AUDIT; execution requires a documented representative role, approved Site/record scope where applicable, and resettable synthetic data.",SOURCE_BOUND_STATIC_IDENTITY_ONLY,NOT_EXECUTED_REPRESENTATIVE_ROLE,NOT_MEASURED,0-5; NOT_MEASURED is not 0,NOT_MEASURED,NOT_MEASURED,NOT_MEASURED,NOT_MEASURED,NOT_MEASURED,NOT_MEASURED,NOT_MEASURED,NOT_MEASURED,NOT_MEASURED,NOT_MEASURED,NOT_MEASURED,NOT_MEASURED,NOT_MEASURED,NOT_MEASURED,NOT_MEASURED,NOT_MEASURED,NOT_MEASURED,"{""discoverability"":""NOT_MEASURED"",""comprehension"":""NOT_MEASURED"",""learnability"":""NOT_MEASURED"",""efficiency"":""NOT_MEASURED"",""error_prevention"":""NOT_MEASURED"",""recovery"":""NOT_MEASURED"",""accessibility"":""NOT_MEASURED"",""safety_and_trust"":""NOT_MEASURED"",""consistency"":""NOT_MEASURED"",""cross_module_continuity"":""NOT_MEASURED""}",NOT_PERFORMED,NOT_LINKED_TO_CANONICAL_TARGET_CURRENT_AUDIT,NOT_MEASURED,NOT_MEASURED,NOT_MEASURED,NOT_MEASURED,NOT_MEASURED,NOT_MEASURED,NOT_MEASURED,NOT_MEASURED,NOT_MEASURED,NOT_MEASURED,NOT_MEASURED,H,CANONICAL_STATIC_IDENTITY_DENOMINATOR,PortalClientController and FamilyDashboardController read projections,NOT_ESTABLISHED_CURRENT_AUDIT,Review and upload authorised family-shared photos,NOT_ADJUDICATED_CURRENT_AUDIT,NOT_SCORED_CURRENT_AUDIT,NOT_SCORED_CURRENT_AUDIT,STATIC_CANONICAL_IDENTITY_FROZEN,INCOMPLETE_CANONICAL_STATIC_IDENTITY_ONLY,NOT_ADJUDICATED_CURRENT_AUDIT,NOT_ADJUDICATED_CURRENT_AUDIT,NOT_DETERMINED_CURRENT_AUDIT,ONE_OPERATING_ORGANISATION_MULTIPLE_SITES; FEATURE_SPECIFIC_ROLE_PERMISSION_SITE_OWNERSHIP_DIRECT_OBJECT_PRIVACY_BOUNDARY_NOT_ADJUDICATED,NOT_ESTABLISHED_CURRENT_AUDIT,NOT_ESTABLISHED_CURRENT_AUDIT,routes/portal.php:134-142,NOT_ESTABLISHED_CURRENT_AUDIT,app/Http/Controllers/Portal/PortalPhotoController.php:16-115,NOT_ESTABLISHED_CURRENT_AUDIT,NOT_ESTABLISHED_CURRENT_AUDIT,Static canonical identity only: Review and upload authorised family-shared photos. Representative-role completion was not executed.,ROUTE_SOURCE_ANCHOR_ONLY_UNVALIDATED,ROUTE_SOURCE_ANCHOR_ONLY_UNVALIDATED,task-scripts/cap-port-family-photos.md,a0493442b9e392d324055c35bf25b69421dc2d35,f8cdaf81d83c71e4f5d064fdf88872b908ffaaa1,df6e1b1b357439ad1fd829bebf4e2d33d20d067d515eb945c352e2350a4194a4,f4feae2598622afe346b1163fed2bb842305a8d973a89ec890c02746d99b5999,false,false,false,false,false,"Static identity and source ownership only; no runtime, browser, executed-test, benchmark, ease, release, or completion credit."
TASK-CAP-PORT-FAMILY-SCHEDULE,CAP-PORT-FAMILY-SCHEDULE,Portal,NOT_ESTABLISHED_CURRENT_AUDIT,Review the authorised family shift and respite schedule,NOT_ESTABLISHED_CURRENT_AUDIT,Review the authorised family shift and respite schedule,"NOT_ESTABLISHED_CURRENT_AUDIT; execution requires a documented representative role, approved Site/record scope where applicable, and resettable synthetic data.",SOURCE_BOUND_STATIC_IDENTITY_ONLY,NOT_EXECUTED_REPRESENTATIVE_ROLE,NOT_MEASURED,0-5; NOT_MEASURED is not 0,NOT_MEASURED,NOT_MEASURED,NOT_MEASURED,NOT_MEASURED,NOT_MEASURED,NOT_MEASURED,NOT_MEASURED,NOT_MEASURED,NOT_MEASURED,NOT_MEASURED,NOT_MEASURED,NOT_MEASURED,NOT_MEASURED,NOT_MEASURED,NOT_MEASURED,NOT_MEASURED,NOT_MEASURED,"{""discoverability"":""NOT_MEASURED"",""comprehension"":""NOT_MEASURED"",""learnability"":""NOT_MEASURED"",""efficiency"":""NOT_MEASURED"",""error_prevention"":""NOT_MEASURED"",""recovery"":""NOT_MEASURED"",""accessibility"":""NOT_MEASURED"",""safety_and_trust"":""NOT_MEASURED"",""consistency"":""NOT_MEASURED"",""cross_module_continuity"":""NOT_MEASURED""}",NOT_PERFORMED,NOT_LINKED_TO_CANONICAL_TARGET_CURRENT_AUDIT,NOT_MEASURED,NOT_MEASURED,NOT_MEASURED,NOT_MEASURED,NOT_MEASURED,NOT_MEASURED,NOT_MEASURED,NOT_MEASURED,NOT_MEASURED,NOT_MEASURED,NOT_MEASURED,H,CANONICAL_STATIC_IDENTITY_DENOMINATOR,PortalClientController and FamilyDashboardController read projections,NOT_ESTABLISHED_CURRENT_AUDIT,Review the authorised family shift and respite schedule,NOT_ADJUDICATED_CURRENT_AUDIT,NOT_SCORED_CURRENT_AUDIT,NOT_SCORED_CURRENT_AUDIT,STATIC_CANONICAL_IDENTITY_FROZEN,INCOMPLETE_CANONICAL_STATIC_IDENTITY_ONLY,NOT_ADJUDICATED_CURRENT_AUDIT,NOT_ADJUDICATED_CURRENT_AUDIT,NOT_DETERMINED_CURRENT_AUDIT,ONE_OPERATING_ORGANISATION_MULTIPLE_SITES; FEATURE_SPECIFIC_ROLE_PERMISSION_SITE_OWNERSHIP_DIRECT_OBJECT_PRIVACY_BOUNDARY_NOT_ADJUDICATED,NOT_ESTABLISHED_CURRENT_AUDIT,NOT_ESTABLISHED_CURRENT_AUDIT,routes/portal.php:118,NOT_ESTABLISHED_CURRENT_AUDIT,app/Http/Controllers/Portal/PortalScheduleController.php:13-103,NOT_ESTABLISHED_CURRENT_AUDIT,NOT_ESTABLISHED_CURRENT_AUDIT,Static canonical identity only: Review the authorised family shift and respite schedule. Representative-role completion was not executed.,ROUTE_SOURCE_ANCHOR_ONLY_UNVALIDATED,ROUTE_SOURCE_ANCHOR_ONLY_UNVALIDATED,task-scripts/cap-port-family-schedule.md,a0493442b9e392d324055c35bf25b69421dc2d35,f8cdaf81d83c71e4f5d064fdf88872b908ffaaa1,df6e1b1b357439ad1fd829bebf4e2d33d20d067d515eb945c352e2350a4194a4,f4feae2598622afe346b1163fed2bb842305a8d973a89ec890c02746d99b5999,false,false,false,false,false,"Static identity and source ownership only; no runtime, browser, executed-test, benchmark, ease, release, or completion credit."
TASK-CAP-PORT-FAMILY-TIMELINE,CAP-PORT-FAMILY-TIMELINE,Portal,NOT_ESTABLISHED_CURRENT_AUDIT,Review and interact with the authorised family timeline,NOT_ESTABLISHED_CURRENT_AUDIT,Review and interact with the authorised family timeline,"NOT_ESTABLISHED_CURRENT_AUDIT; execution requires a documented representative role, approved Site/record scope where applicable, and resettable synthetic data.",SOURCE_BOUND_STATIC_IDENTITY_ONLY,NOT_EXECUTED_REPRESENTATIVE_ROLE,NOT_MEASURED,0-5; NOT_MEASURED is not 0,NOT_MEASURED,NOT_MEASURED,NOT_MEASURED,NOT_MEASURED,NOT_MEASURED,NOT_MEASURED,NOT_MEASURED,NOT_MEASURED,NOT_MEASURED,NOT_MEASURED,NOT_MEASURED,NOT_MEASURED,NOT_MEASURED,NOT_MEASURED,NOT_MEASURED,NOT_MEASURED,NOT_MEASURED,"{""discoverability"":""NOT_MEASURED"",""comprehension"":""NOT_MEASURED"",""learnability"":""NOT_MEASURED"",""efficiency"":""NOT_MEASURED"",""error_prevention"":""NOT_MEASURED"",""recovery"":""NOT_MEASURED"",""accessibility"":""NOT_MEASURED"",""safety_and_trust"":""NOT_MEASURED"",""consistency"":""NOT_MEASURED"",""cross_module_continuity"":""NOT_MEASURED""}",NOT_PERFORMED,NOT_LINKED_TO_CANONICAL_TARGET_CURRENT_AUDIT,NOT_MEASURED,NOT_MEASURED,NOT_MEASURED,NOT_MEASURED,NOT_MEASURED,NOT_MEASURED,NOT_MEASURED,NOT_MEASURED,NOT_MEASURED,NOT_MEASURED,NOT_MEASURED,H,CANONICAL_STATIC_IDENTITY_DENOMINATOR,PortalClientController and FamilyDashboardController read projections,NOT_ESTABLISHED_CURRENT_AUDIT,Review and interact with the authorised family timeline,NOT_ADJUDICATED_CURRENT_AUDIT,NOT_SCORED_CURRENT_AUDIT,NOT_SCORED_CURRENT_AUDIT,STATIC_CANONICAL_IDENTITY_FROZEN,INCOMPLETE_CANONICAL_STATIC_IDENTITY_ONLY,NOT_ADJUDICATED_CURRENT_AUDIT,NOT_ADJUDICATED_CURRENT_AUDIT,NOT_DETERMINED_CURRENT_AUDIT,ONE_OPERATING_ORGANISATION_MULTIPLE_SITES; FEATURE_SPECIFIC_ROLE_PERMISSION_SITE_OWNERSHIP_DIRECT_OBJECT_PRIVACY_BOUNDARY_NOT_ADJUDICATED,NOT_ESTABLISHED_CURRENT_AUDIT,NOT_ESTABLISHED_CURRENT_AUDIT,routes/portal.php:104-114,NOT_ESTABLISHED_CURRENT_AUDIT,app/Http/Controllers/Portal/PortalTimelineController.php:13-88; app/Http/Controllers/Portal/PortalTimelineInteractionController.php:16-140,NOT_ESTABLISHED_CURRENT_AUDIT,NOT_ESTABLISHED_CURRENT_AUDIT,Static canonical identity only: Review and interact with the authorised family timeline. Representative-role completion was not executed.,ROUTE_SOURCE_ANCHOR_ONLY_UNVALIDATED,ROUTE_SOURCE_ANCHOR_ONLY_UNVALIDATED,task-scripts/cap-port-family-timeline.md,a0493442b9e392d324055c35bf25b69421dc2d35,f8cdaf81d83c71e4f5d064fdf88872b908ffaaa1,df6e1b1b357439ad1fd829bebf4e2d33d20d067d515eb945c352e2350a4194a4,f4feae2598622afe346b1163fed2bb842305a8d973a89ec890c02746d99b5999,false,false,false,false,false,"Static identity and source ownership only; no runtime, browser, executed-test, benchmark, ease, release, or completion credit."
TASK-CAP-PRIV-BREACH-LIFECYCLE,CAP-PRIV-BREACH-LIFECYCLE,Privacy,NOT_ESTABLISHED_CURRENT_AUDIT,"Report, investigate, notify, and resolve privacy breaches",NOT_ESTABLISHED_CURRENT_AUDIT,"Report, investigate, notify, and resolve privacy breaches","NOT_ESTABLISHED_CURRENT_AUDIT; execution requires a documented representative role, approved Site/record scope where applicable, and resettable synthetic data.",SOURCE_BOUND_STATIC_IDENTITY_ONLY,NOT_EXECUTED_REPRESENTATIVE_ROLE,NOT_MEASURED,0-5; NOT_MEASURED is not 0,NOT_MEASURED,NOT_MEASURED,NOT_MEASURED,NOT_MEASURED,NOT_MEASURED,NOT_MEASURED,NOT_MEASURED,NOT_MEASURED,NOT_MEASURED,NOT_MEASURED,NOT_MEASURED,NOT_MEASURED,NOT_MEASURED,NOT_MEASURED,NOT_MEASURED,NOT_MEASURED,NOT_MEASURED,"{""discoverability"":""NOT_MEASURED"",""comprehension"":""NOT_MEASURED"",""learnability"":""NOT_MEASURED"",""efficiency"":""NOT_MEASURED"",""error_prevention"":""NOT_MEASURED"",""recovery"":""NOT_MEASURED"",""accessibility"":""NOT_MEASURED"",""safety_and_trust"":""NOT_MEASURED"",""consistency"":""NOT_MEASURED"",""cross_module_continuity"":""NOT_MEASURED""}",NOT_PERFORMED,NOT_LINKED_TO_CANONICAL_TARGET_CURRENT_AUDIT,NOT_MEASURED,NOT_MEASURED,NOT_MEASURED,NOT_MEASURED,NOT_MEASURED,NOT_MEASURED,NOT_MEASURED,NOT_MEASURED,NOT_MEASURED,NOT_MEASURED,NOT_MEASURED,H,CANONICAL_STATIC_IDENTITY_DENOMINATOR,DataBreachController,NOT_ESTABLISHED_CURRENT_AUDIT,"Report, investigate, notify, and resolve privacy breaches",NOT_ADJUDICATED_CURRENT_AUDIT,NOT_SCORED_CURRENT_AUDIT,NOT_SCORED_CURRENT_AUDIT,STATIC_CANONICAL_IDENTITY_FROZEN,INCOMPLETE_CANONICAL_STATIC_IDENTITY_ONLY,NOT_ADJUDICATED_CURRENT_AUDIT,NOT_ADJUDICATED_CURRENT_AUDIT,NOT_DETERMINED_CURRENT_AUDIT,ONE_OPERATING_ORGANISATION_MULTIPLE_SITES; FEATURE_SPECIFIC_ROLE_PERMISSION_SITE_OWNERSHIP_DIRECT_OBJECT_PRIVACY_BOUNDARY_NOT_ADJUDICATED,NOT_ESTABLISHED_CURRENT_AUDIT,NOT_ESTABLISHED_CURRENT_AUDIT,routes/settings.php:237-239,NOT_ESTABLISHED_CURRENT_AUDIT,app/Http/Controllers/DataBreachController.php:76-238,tests/Feature/PrivacyControllerTest.php:1014-1028,NOT_ESTABLISHED_CURRENT_AUDIT,"Static canonical identity only: Report, investigate, notify, and resolve privacy breaches. Representative-role completion was not executed.",ROUTE_SOURCE_ANCHOR_ONLY_UNVALIDATED,ROUTE_SOURCE_ANCHOR_ONLY_UNVALIDATED,task-scripts/cap-priv-breach-lifecycle.md,a0493442b9e392d324055c35bf25b69421dc2d35,f8cdaf81d83c71e4f5d064fdf88872b908ffaaa1,df6e1b1b357439ad1fd829bebf4e2d33d20d067d515eb945c352e2350a4194a4,f4feae2598622afe346b1163fed2bb842305a8d973a89ec890c02746d99b5999,false,false,false,false,false,"Static identity and source ownership only; no runtime, browser, executed-test, benchmark, ease, release, or completion credit."
TASK-CAP-PRIV-DASHBOARD-WORKLIST,CAP-PRIV-DASHBOARD-WORKLIST,Privacy,NOT_ESTABLISHED_CURRENT_AUDIT,"Review privacy requests, breaches, holds, retention, and deadlines",NOT_ESTABLISHED_CURRENT_AUDIT,"Review privacy requests, breaches, holds, retention, and deadlines","NOT_ESTABLISHED_CURRENT_AUDIT; execution requires a documented representative role, approved Site/record scope where applicable, and resettable synthetic data.",SOURCE_BOUND_STATIC_IDENTITY_ONLY,NOT_EXECUTED_REPRESENTATIVE_ROLE,NOT_MEASURED,0-5; NOT_MEASURED is not 0,NOT_MEASURED,NOT_MEASURED,NOT_MEASURED,NOT_MEASURED,NOT_MEASURED,NOT_MEASURED,NOT_MEASURED,NOT_MEASURED,NOT_MEASURED,NOT_MEASURED,NOT_MEASURED,NOT_MEASURED,NOT_MEASURED,NOT_MEASURED,NOT_MEASURED,NOT_MEASURED,NOT_MEASURED,"{""discoverability"":""NOT_MEASURED"",""comprehension"":""NOT_MEASURED"",""learnability"":""NOT_MEASURED"",""efficiency"":""NOT_MEASURED"",""error_prevention"":""NOT_MEASURED"",""recovery"":""NOT_MEASURED"",""accessibility"":""NOT_MEASURED"",""safety_and_trust"":""NOT_MEASURED"",""consistency"":""NOT_MEASURED"",""cross_module_continuity"":""NOT_MEASURED""}",NOT_PERFORMED,NOT_LINKED_TO_CANONICAL_TARGET_CURRENT_AUDIT,NOT_MEASURED,NOT_MEASURED,NOT_MEASURED,NOT_MEASURED,NOT_MEASURED,NOT_MEASURED,NOT_MEASURED,NOT_MEASURED,NOT_MEASURED,NOT_MEASURED,NOT_MEASURED,H,CANONICAL_STATIC_IDENTITY_DENOMINATOR,PrivacyDashboardController,NOT_ESTABLISHED_CURRENT_AUDIT,"Review privacy requests, breaches, holds, retention, and deadlines",NOT_ADJUDICATED_CURRENT_AUDIT,NOT_SCORED_CURRENT_AUDIT,NOT_SCORED_CURRENT_AUDIT,STATIC_CANONICAL_IDENTITY_FROZEN,INCOMPLETE_CANONICAL_STATIC_IDENTITY_ONLY,NOT_ADJUDICATED_CURRENT_AUDIT,NOT_ADJUDICATED_CURRENT_AUDIT,NOT_DETERMINED_CURRENT_AUDIT,ONE_OPERATING_ORGANISATION_MULTIPLE_SITES; FEATURE_SPECIFIC_ROLE_PERMISSION_SITE_OWNERSHIP_DIRECT_OBJECT_PRIVACY_BOUNDARY_NOT_ADJUDICATED,NOT_ESTABLISHED_CURRENT_AUDIT,NOT_ESTABLISHED_CURRENT_AUDIT,NOT_ESTABLISHED_CURRENT_AUDIT,NOT_ESTABLISHED_CURRENT_AUDIT,app/Http/Controllers/PrivacyDashboardController.php:35-67,tests/Feature/PrivacyControllerTest.php:1754-1769,NOT_ESTABLISHED_CURRENT_AUDIT,"Static canonical identity only: Review privacy requests, breaches, holds, retention, and deadlines. Representative-role completion was not executed.",NOT_ESTABLISHED_CURRENT_AUDIT_NO_ROUTE_OR_PAGE_ANCHOR,NOT_ESTABLISHED_CURRENT_AUDIT_NO_ROUTE_OR_PAGE_ANCHOR,task-scripts/cap-priv-dashboard-worklist.md,a0493442b9e392d324055c35bf25b69421dc2d35,f8cdaf81d83c71e4f5d064fdf88872b908ffaaa1,df6e1b1b357439ad1fd829bebf4e2d33d20d067d515eb945c352e2350a4194a4,f4feae2598622afe346b1163fed2bb842305a8d973a89ec890c02746d99b5999,false,false,false,false,false,"Static identity and source ownership only; no runtime, browser, executed-test, benchmark, ease, release, or completion credit."
TASK-CAP-PRIV-DSR-LIFECYCLE,CAP-PRIV-DSR-LIFECYCLE,Privacy,NOT_ESTABLISHED_CURRENT_AUDIT,"Intake, verify, assign, extend, complete, or refuse a DSR",NOT_ESTABLISHED_CURRENT_AUDIT,"Intake, verify, assign, extend, complete, or refuse a DSR","NOT_ESTABLISHED_CURRENT_AUDIT; execution requires a documented representative role, approved Site/record scope where applicable, and resettable synthetic data.",SOURCE_BOUND_STATIC_IDENTITY_ONLY,NOT_EXECUTED_REPRESENTATIVE_ROLE,NOT_MEASURED,0-5; NOT_MEASURED is not 0,NOT_MEASURED,NOT_MEASURED,NOT_MEASURED,NOT_MEASURED,NOT_MEASURED,NOT_MEASURED,NOT_MEASURED,NOT_MEASURED,NOT_MEASURED,NOT_MEASURED,NOT_MEASURED,NOT_MEASURED,NOT_MEASURED,NOT_MEASURED,NOT_MEASURED,NOT_MEASURED,NOT_MEASURED,"{""discoverability"":""NOT_MEASURED"",""comprehension"":""NOT_MEASURED"",""learnability"":""NOT_MEASURED"",""efficiency"":""NOT_MEASURED"",""error_prevention"":""NOT_MEASURED"",""recovery"":""NOT_MEASURED"",""accessibility"":""NOT_MEASURED"",""safety_and_trust"":""NOT_MEASURED"",""consistency"":""NOT_MEASURED"",""cross_module_continuity"":""NOT_MEASURED""}",NOT_PERFORMED,NOT_LINKED_TO_CANONICAL_TARGET_CURRENT_AUDIT,NOT_MEASURED,NOT_MEASURED,NOT_MEASURED,NOT_MEASURED,NOT_MEASURED,NOT_MEASURED,NOT_MEASURED,NOT_MEASURED,NOT_MEASURED,NOT_MEASURED,NOT_MEASURED,H,CANONICAL_STATIC_IDENTITY_DENOMINATOR,DataSubjectRequestLifecycleService,NOT_ESTABLISHED_CURRENT_AUDIT,"Intake, verify, assign, extend, complete, or refuse a DSR",NOT_ADJUDICATED_CURRENT_AUDIT,NOT_SCORED_CURRENT_AUDIT,NOT_SCORED_CURRENT_AUDIT,STATIC_CANONICAL_IDENTITY_FROZEN,INCOMPLETE_CANONICAL_STATIC_IDENTITY_ONLY,NOT_ADJUDICATED_CURRENT_AUDIT,NOT_ADJUDICATED_CURRENT_AUDIT,NOT_DETERMINED_CURRENT_AUDIT,ONE_OPERATING_ORGANISATION_MULTIPLE_SITES; FEATURE_SPECIFIC_ROLE_PERMISSION_SITE_OWNERSHIP_DIRECT_OBJECT_PRIVACY_BOUNDARY_NOT_ADJUDICATED,NOT_ESTABLISHED_CURRENT_AUDIT,NOT_ESTABLISHED_CURRENT_AUDIT,routes/settings.php:234-236,NOT_ESTABLISHED_CURRENT_AUDIT,app/Domain/Privacy/Services/DataSubjectRequestLifecycleService.php:74-284,tests/Feature/Privacy/DataSubjectRequestLifecycleTest.php:59-103,NOT_ESTABLISHED_CURRENT_AUDIT,"Static canonical identity only: Intake, verify, assign, extend, complete, or refuse a DSR. Representative-role completion was not executed.",ROUTE_SOURCE_ANCHOR_ONLY_UNVALIDATED,ROUTE_SOURCE_ANCHOR_ONLY_UNVALIDATED,task-scripts/cap-priv-dsr-lifecycle.md,a0493442b9e392d324055c35bf25b69421dc2d35,f8cdaf81d83c71e4f5d064fdf88872b908ffaaa1,df6e1b1b357439ad1fd829bebf4e2d33d20d067d515eb945c352e2350a4194a4,f4feae2598622afe346b1163fed2bb842305a8d973a89ec890c02746d99b5999,false,false,false,false,false,"Static identity and source ownership only; no runtime, browser, executed-test, benchmark, ease, release, or completion credit."
TASK-CAP-PRIV-LEGAL-HOLD,CAP-PRIV-LEGAL-HOLD,Privacy,NOT_ESTABLISHED_CURRENT_AUDIT,"Create, review, and release legal holds",NOT_ESTABLISHED_CURRENT_AUDIT,"Create, review, and release legal holds","NOT_ESTABLISHED_CURRENT_AUDIT; execution requires a documented representative role, approved Site/record scope where applicable, and resettable synthetic data.",SOURCE_BOUND_STATIC_IDENTITY_ONLY,NOT_EXECUTED_REPRESENTATIVE_ROLE,NOT_MEASURED,0-5; NOT_MEASURED is not 0,NOT_MEASURED,NOT_MEASURED,NOT_MEASURED,NOT_MEASURED,NOT_MEASURED,NOT_MEASURED,NOT_MEASURED,NOT_MEASURED,NOT_MEASURED,NOT_MEASURED,NOT_MEASURED,NOT_MEASURED,NOT_MEASURED,NOT_MEASURED,NOT_MEASURED,NOT_MEASURED,NOT_MEASURED,"{""discoverability"":""NOT_MEASURED"",""comprehension"":""NOT_MEASURED"",""learnability"":""NOT_MEASURED"",""efficiency"":""NOT_MEASURED"",""error_prevention"":""NOT_MEASURED"",""recovery"":""NOT_MEASURED"",""accessibility"":""NOT_MEASURED"",""safety_and_trust"":""NOT_MEASURED"",""consistency"":""NOT_MEASURED"",""cross_module_continuity"":""NOT_MEASURED""}",NOT_PERFORMED,NOT_LINKED_TO_CANONICAL_TARGET_CURRENT_AUDIT,NOT_MEASURED,NOT_MEASURED,NOT_MEASURED,NOT_MEASURED,NOT_MEASURED,NOT_MEASURED,NOT_MEASURED,NOT_MEASURED,NOT_MEASURED,NOT_MEASURED,NOT_MEASURED,H,CANONICAL_STATIC_IDENTITY_DENOMINATOR,LegalHoldController and retention enforcement,NOT_ESTABLISHED_CURRENT_AUDIT,"Create, review, and release legal holds",NOT_ADJUDICATED_CURRENT_AUDIT,NOT_SCORED_CURRENT_AUDIT,NOT_SCORED_CURRENT_AUDIT,STATIC_CANONICAL_IDENTITY_FROZEN,INCOMPLETE_CANONICAL_STATIC_IDENTITY_ONLY,NOT_ADJUDICATED_CURRENT_AUDIT,NOT_ADJUDICATED_CURRENT_AUDIT,NOT_DETERMINED_CURRENT_AUDIT,ONE_OPERATING_ORGANISATION_MULTIPLE_SITES; FEATURE_SPECIFIC_ROLE_PERMISSION_SITE_OWNERSHIP_DIRECT_OBJECT_PRIVACY_BOUNDARY_NOT_ADJUDICATED,NOT_ESTABLISHED_CURRENT_AUDIT,NOT_ESTABLISHED_CURRENT_AUDIT,NOT_ESTABLISHED_CURRENT_AUDIT,NOT_ESTABLISHED_CURRENT_AUDIT,app/Http/Controllers/LegalHoldController.php:17-152,tests/Feature/PrivacyControllerTest.php:1142-1215,NOT_ESTABLISHED_CURRENT_AUDIT,"Static canonical identity only: Create, review, and release legal holds. Representative-role completion was not executed.",NOT_ESTABLISHED_CURRENT_AUDIT_NO_ROUTE_OR_PAGE_ANCHOR,NOT_ESTABLISHED_CURRENT_AUDIT_NO_ROUTE_OR_PAGE_ANCHOR,task-scripts/cap-priv-legal-hold.md,a0493442b9e392d324055c35bf25b69421dc2d35,f8cdaf81d83c71e4f5d064fdf88872b908ffaaa1,df6e1b1b357439ad1fd829bebf4e2d33d20d067d515eb945c352e2350a4194a4,f4feae2598622afe346b1163fed2bb842305a8d973a89ec890c02746d99b5999,false,false,false,false,false,"Static identity and source ownership only; no runtime, browser, executed-test, benchmark, ease, release, or completion credit."
TASK-CAP-PRIV-PIA-LIFECYCLE,CAP-PRIV-PIA-LIFECYCLE,Privacy,NOT_ESTABLISHED_CURRENT_AUDIT,"Create, assess, review, and approve privacy impact assessments",NOT_ESTABLISHED_CURRENT_AUDIT,"Create, assess, review, and approve privacy impact assessments","NOT_ESTABLISHED_CURRENT_AUDIT; execution requires a documented representative role, approved Site/record scope where applicable, and resettable synthetic data.",SOURCE_BOUND_STATIC_IDENTITY_ONLY,NOT_EXECUTED_REPRESENTATIVE_ROLE,NOT_MEASURED,0-5; NOT_MEASURED is not 0,NOT_MEASURED,NOT_MEASURED,NOT_MEASURED,NOT_MEASURED,NOT_MEASURED,NOT_MEASURED,NOT_MEASURED,NOT_MEASURED,NOT_MEASURED,NOT_MEASURED,NOT_MEASURED,NOT_MEASURED,NOT_MEASURED,NOT_MEASURED,NOT_MEASURED,NOT_MEASURED,NOT_MEASURED,"{""discoverability"":""NOT_MEASURED"",""comprehension"":""NOT_MEASURED"",""learnability"":""NOT_MEASURED"",""efficiency"":""NOT_MEASURED"",""error_prevention"":""NOT_MEASURED"",""recovery"":""NOT_MEASURED"",""accessibility"":""NOT_MEASURED"",""safety_and_trust"":""NOT_MEASURED"",""consistency"":""NOT_MEASURED"",""cross_module_continuity"":""NOT_MEASURED""}",NOT_PERFORMED,NOT_LINKED_TO_CANONICAL_TARGET_CURRENT_AUDIT,NOT_MEASURED,NOT_MEASURED,NOT_MEASURED,NOT_MEASURED,NOT_MEASURED,NOT_MEASURED,NOT_MEASURED,NOT_MEASURED,NOT_MEASURED,NOT_MEASURED,NOT_MEASURED,H,CANONICAL_STATIC_IDENTITY_DENOMINATOR,DPIAController,NOT_ESTABLISHED_CURRENT_AUDIT,"Create, assess, review, and approve privacy impact assessments",NOT_ADJUDICATED_CURRENT_AUDIT,NOT_SCORED_CURRENT_AUDIT,NOT_SCORED_CURRENT_AUDIT,STATIC_CANONICAL_IDENTITY_FROZEN,INCOMPLETE_CANONICAL_STATIC_IDENTITY_ONLY,NOT_ADJUDICATED_CURRENT_AUDIT,NOT_ADJUDICATED_CURRENT_AUDIT,NOT_DETERMINED_CURRENT_AUDIT,ONE_OPERATING_ORGANISATION_MULTIPLE_SITES; FEATURE_SPECIFIC_ROLE_PERMISSION_SITE_OWNERSHIP_DIRECT_OBJECT_PRIVACY_BOUNDARY_NOT_ADJUDICATED,NOT_ESTABLISHED_CURRENT_AUDIT,NOT_ESTABLISHED_CURRENT_AUDIT,NOT_ESTABLISHED_CURRENT_AUDIT,NOT_ESTABLISHED_CURRENT_AUDIT,app/Http/Controllers/DPIAController.php:68-188,tests/Feature/PrivacyControllerTest.php:1280-1372,NOT_ESTABLISHED_CURRENT_AUDIT,"Static canonical identity only: Create, assess, review, and approve privacy impact assessments. Representative-role completion was not executed.",NOT_ESTABLISHED_CURRENT_AUDIT_NO_ROUTE_OR_PAGE_ANCHOR,NOT_ESTABLISHED_CURRENT_AUDIT_NO_ROUTE_OR_PAGE_ANCHOR,task-scripts/cap-priv-pia-lifecycle.md,a0493442b9e392d324055c35bf25b69421dc2d35,f8cdaf81d83c71e4f5d064fdf88872b908ffaaa1,df6e1b1b357439ad1fd829bebf4e2d33d20d067d515eb945c352e2350a4194a4,f4feae2598622afe346b1163fed2bb842305a8d973a89ec890c02746d99b5999,false,false,false,false,false,"Static identity and source ownership only; no runtime, browser, executed-test, benchmark, ease, release, or completion credit."
TASK-CAP-PRIV-RETENTION-POLICY-LIFECYCLE,CAP-PRIV-RETENTION-POLICY-LIFECYCLE,Privacy,NOT_ESTABLISHED_CURRENT_AUDIT,"Define, preview, approve, and revise retention policies",NOT_ESTABLISHED_CURRENT_AUDIT,"Define, preview, approve, and revise retention policies","NOT_ESTABLISHED_CURRENT_AUDIT; execution requires a documented representative role, approved Site/record scope where applicable, and resettable synthetic data.",SOURCE_BOUND_STATIC_IDENTITY_ONLY,NOT_EXECUTED_REPRESENTATIVE_ROLE,NOT_MEASURED,0-5; NOT_MEASURED is not 0,NOT_MEASURED,NOT_MEASURED,NOT_MEASURED,NOT_MEASURED,NOT_MEASURED,NOT_MEASURED,NOT_MEASURED,NOT_MEASURED,NOT_MEASURED,NOT_MEASURED,NOT_MEASURED,NOT_MEASURED,NOT_MEASURED,NOT_MEASURED,NOT_MEASURED,NOT_MEASURED,NOT_MEASURED,"{""discoverability"":""NOT_MEASURED"",""comprehension"":""NOT_MEASURED"",""learnability"":""NOT_MEASURED"",""efficiency"":""NOT_MEASURED"",""error_prevention"":""NOT_MEASURED"",""recovery"":""NOT_MEASURED"",""accessibility"":""NOT_MEASURED"",""safety_and_trust"":""NOT_MEASURED"",""consistency"":""NOT_MEASURED"",""cross_module_continuity"":""NOT_MEASURED""}",NOT_PERFORMED,NOT_LINKED_TO_CANONICAL_TARGET_CURRENT_AUDIT,NOT_MEASURED,NOT_MEASURED,NOT_MEASURED,NOT_MEASURED,NOT_MEASURED,NOT_MEASURED,NOT_MEASURED,NOT_MEASURED,NOT_MEASURED,NOT_MEASURED,NOT_MEASURED,H,CANONICAL_STATIC_IDENTITY_DENOMINATOR,RetentionExecutionService and RetentionOwnerRegistry,NOT_ESTABLISHED_CURRENT_AUDIT,"Define, preview, approve, and revise retention policies",NOT_ADJUDICATED_CURRENT_AUDIT,NOT_SCORED_CURRENT_AUDIT,NOT_SCORED_CURRENT_AUDIT,STATIC_CANONICAL_IDENTITY_FROZEN,INCOMPLETE_CANONICAL_STATIC_IDENTITY_ONLY,NOT_ADJUDICATED_CURRENT_AUDIT,NOT_ADJUDICATED_CURRENT_AUDIT,NOT_DETERMINED_CURRENT_AUDIT,ONE_OPERATING_ORGANISATION_MULTIPLE_SITES; FEATURE_SPECIFIC_ROLE_PERMISSION_SITE_OWNERSHIP_DIRECT_OBJECT_PRIVACY_BOUNDARY_NOT_ADJUDICATED,NOT_ESTABLISHED_CURRENT_AUDIT,NOT_ESTABLISHED_CURRENT_AUDIT,routes/settings.php:225-227,NOT_ESTABLISHED_CURRENT_AUDIT,app/Http/Controllers/DataRetentionPolicyController.php:16; app/Http/Controllers/DataRetentionPolicyController.php:66,NOT_ESTABLISHED_CURRENT_AUDIT,NOT_ESTABLISHED_CURRENT_AUDIT,"Static canonical identity only: Define, preview, approve, and revise retention policies. Representative-role completion was not executed.",ROUTE_SOURCE_ANCHOR_ONLY_UNVALIDATED,ROUTE_SOURCE_ANCHOR_ONLY_UNVALIDATED,task-scripts/cap-priv-retention-policy-lifecycle.md,a0493442b9e392d324055c35bf25b69421dc2d35,f8cdaf81d83c71e4f5d064fdf88872b908ffaaa1,df6e1b1b357439ad1fd829bebf4e2d33d20d067d515eb945c352e2350a4194a4,f4feae2598622afe346b1163fed2bb842305a8d973a89ec890c02746d99b5999,false,false,false,false,false,"Static identity and source ownership only; no runtime, browser, executed-test, benchmark, ease, release, or completion credit."
TASK-CAP-PUB-CAREERS-APPLICATION-LIFECYCLE,CAP-PUB-CAREERS-APPLICATION-LIFECYCLE,Public & Settings Platform,NOT_ESTABLISHED_CURRENT_AUDIT,"Apply for a role and use token-bound application, offer, and reference flows",NOT_ESTABLISHED_CURRENT_AUDIT,"Apply for a role and use token-bound application, offer, and reference flows","NOT_ESTABLISHED_CURRENT_AUDIT; execution requires a documented representative role, approved Site/record scope where applicable, and resettable synthetic data.",SOURCE_BOUND_STATIC_IDENTITY_ONLY,NOT_EXECUTED_REPRESENTATIVE_ROLE,NOT_MEASURED,0-5; NOT_MEASURED is not 0,NOT_MEASURED,NOT_MEASURED,NOT_MEASURED,NOT_MEASURED,NOT_MEASURED,NOT_MEASURED,NOT_MEASURED,NOT_MEASURED,NOT_MEASURED,NOT_MEASURED,NOT_MEASURED,NOT_MEASURED,NOT_MEASURED,NOT_MEASURED,NOT_MEASURED,NOT_MEASURED,NOT_MEASURED,"{""discoverability"":""NOT_MEASURED"",""comprehension"":""NOT_MEASURED"",""learnability"":""NOT_MEASURED"",""efficiency"":""NOT_MEASURED"",""error_prevention"":""NOT_MEASURED"",""recovery"":""NOT_MEASURED"",""accessibility"":""NOT_MEASURED"",""safety_and_trust"":""NOT_MEASURED"",""consistency"":""NOT_MEASURED"",""cross_module_continuity"":""NOT_MEASURED""}",NOT_PERFORMED,NOT_LINKED_TO_CANONICAL_TARGET_CURRENT_AUDIT,NOT_MEASURED,NOT_MEASURED,NOT_MEASURED,NOT_MEASURED,NOT_MEASURED,NOT_MEASURED,NOT_MEASURED,NOT_MEASURED,NOT_MEASURED,NOT_MEASURED,NOT_MEASURED,H,CANONICAL_STATIC_IDENTITY_DENOMINATOR,"Public routes, ContactController, and careers controllers",NOT_ESTABLISHED_CURRENT_AUDIT,"Apply for a role and use token-bound application, offer, and reference flows",NOT_ADJUDICATED_CURRENT_AUDIT,NOT_SCORED_CURRENT_AUDIT,NOT_SCORED_CURRENT_AUDIT,STATIC_CANONICAL_IDENTITY_FROZEN,INCOMPLETE_CANONICAL_STATIC_IDENTITY_ONLY,NOT_ADJUDICATED_CURRENT_AUDIT,NOT_ADJUDICATED_CURRENT_AUDIT,NOT_DETERMINED_CURRENT_AUDIT,ONE_OPERATING_ORGANISATION_MULTIPLE_SITES; FEATURE_SPECIFIC_ROLE_PERMISSION_SITE_OWNERSHIP_DIRECT_OBJECT_PRIVACY_BOUNDARY_NOT_ADJUDICATED,NOT_ESTABLISHED_CURRENT_AUDIT,NOT_ESTABLISHED_CURRENT_AUDIT,routes/web.php:114,NOT_ESTABLISHED_CURRENT_AUDIT,app/Http/Controllers/Careers/CareerPortalController.php:148; app/Http/Controllers/Careers/CareerPortalController.php:21,NOT_ESTABLISHED_CURRENT_AUDIT,NOT_ESTABLISHED_CURRENT_AUDIT,"Static canonical identity only: Apply for a role and use token-bound application, offer, and reference flows. Representative-role completion was not executed.",ROUTE_SOURCE_ANCHOR_ONLY_UNVALIDATED,ROUTE_SOURCE_ANCHOR_ONLY_UNVALIDATED,task-scripts/cap-pub-careers-application-lifecycle.md,a0493442b9e392d324055c35bf25b69421dc2d35,f8cdaf81d83c71e4f5d064fdf88872b908ffaaa1,df6e1b1b357439ad1fd829bebf4e2d33d20d067d515eb945c352e2350a4194a4,f4feae2598622afe346b1163fed2bb842305a8d973a89ec890c02746d99b5999,false,false,false,false,false,"Static identity and source ownership only; no runtime, browser, executed-test, benchmark, ease, release, or completion credit."
TASK-CAP-PUB-CONTACT-SUBMISSION,CAP-PUB-CONTACT-SUBMISSION,Public & Settings Platform,NOT_ESTABLISHED_CURRENT_AUDIT,Submit a public contact request,NOT_ESTABLISHED_CURRENT_AUDIT,Submit a public contact request,"NOT_ESTABLISHED_CURRENT_AUDIT; execution requires a documented representative role, approved Site/record scope where applicable, and resettable synthetic data.",SOURCE_BOUND_STATIC_IDENTITY_ONLY,NOT_EXECUTED_REPRESENTATIVE_ROLE,NOT_MEASURED,0-5; NOT_MEASURED is not 0,NOT_MEASURED,NOT_MEASURED,NOT_MEASURED,NOT_MEASURED,NOT_MEASURED,NOT_MEASURED,NOT_MEASURED,NOT_MEASURED,NOT_MEASURED,NOT_MEASURED,NOT_MEASURED,NOT_MEASURED,NOT_MEASURED,NOT_MEASURED,NOT_MEASURED,NOT_MEASURED,NOT_MEASURED,"{""discoverability"":""NOT_MEASURED"",""comprehension"":""NOT_MEASURED"",""learnability"":""NOT_MEASURED"",""efficiency"":""NOT_MEASURED"",""error_prevention"":""NOT_MEASURED"",""recovery"":""NOT_MEASURED"",""accessibility"":""NOT_MEASURED"",""safety_and_trust"":""NOT_MEASURED"",""consistency"":""NOT_MEASURED"",""cross_module_continuity"":""NOT_MEASURED""}",NOT_PERFORMED,NOT_LINKED_TO_CANONICAL_TARGET_CURRENT_AUDIT,NOT_MEASURED,NOT_MEASURED,NOT_MEASURED,NOT_MEASURED,NOT_MEASURED,NOT_MEASURED,NOT_MEASURED,NOT_MEASURED,NOT_MEASURED,NOT_MEASURED,NOT_MEASURED,H,CANONICAL_STATIC_IDENTITY_DENOMINATOR,"Public routes, ContactController, and careers controllers",NOT_ESTABLISHED_CURRENT_AUDIT,Submit a public contact request,NOT_ADJUDICATED_CURRENT_AUDIT,NOT_SCORED_CURRENT_AUDIT,NOT_SCORED_CURRENT_AUDIT,STATIC_CANONICAL_IDENTITY_FROZEN,INCOMPLETE_CANONICAL_STATIC_IDENTITY_ONLY,NOT_ADJUDICATED_CURRENT_AUDIT,NOT_ADJUDICATED_CURRENT_AUDIT,NOT_DETERMINED_CURRENT_AUDIT,ONE_OPERATING_ORGANISATION_MULTIPLE_SITES; FEATURE_SPECIFIC_ROLE_PERMISSION_SITE_OWNERSHIP_DIRECT_OBJECT_PRIVACY_BOUNDARY_NOT_ADJUDICATED,NOT_ESTABLISHED_CURRENT_AUDIT,NOT_ESTABLISHED_CURRENT_AUDIT,routes/web.php:108; routes/web.php:68-124,NOT_ESTABLISHED_CURRENT_AUDIT,app/Http/Controllers/ContactController.php:14,tests/Feature/Hr/CareersPortalTest.php:15-143,NOT_ESTABLISHED_CURRENT_AUDIT,Static canonical identity only: Submit a public contact request. Representative-role completion was not executed.,ROUTE_SOURCE_ANCHOR_ONLY_UNVALIDATED,ROUTE_SOURCE_ANCHOR_ONLY_UNVALIDATED,task-scripts/cap-pub-contact-submission.md,a0493442b9e392d324055c35bf25b69421dc2d35,f8cdaf81d83c71e4f5d064fdf88872b908ffaaa1,df6e1b1b357439ad1fd829bebf4e2d33d20d067d515eb945c352e2350a4194a4,f4feae2598622afe346b1163fed2bb842305a8d973a89ec890c02746d99b5999,false,false,false,false,false,"Static identity and source ownership only; no runtime, browser, executed-test, benchmark, ease, release, or completion credit."
TASK-CAP-PUB-MARKETING-PAGES,CAP-PUB-MARKETING-PAGES,Public & Settings Platform,NOT_ESTABLISHED_CURRENT_AUDIT,Read public product and policy pages,NOT_ESTABLISHED_CURRENT_AUDIT,Read public product and policy pages,"NOT_ESTABLISHED_CURRENT_AUDIT; execution requires a documented representative role, approved Site/record scope where applicable, and resettable synthetic data.",SOURCE_BOUND_STATIC_IDENTITY_ONLY,NOT_EXECUTED_REPRESENTATIVE_ROLE,NOT_MEASURED,0-5; NOT_MEASURED is not 0,NOT_MEASURED,NOT_MEASURED,NOT_MEASURED,NOT_MEASURED,NOT_MEASURED,NOT_MEASURED,NOT_MEASURED,NOT_MEASURED,NOT_MEASURED,NOT_MEASURED,NOT_MEASURED,NOT_MEASURED,NOT_MEASURED,NOT_MEASURED,NOT_MEASURED,NOT_MEASURED,NOT_MEASURED,"{""discoverability"":""NOT_MEASURED"",""comprehension"":""NOT_MEASURED"",""learnability"":""NOT_MEASURED"",""efficiency"":""NOT_MEASURED"",""error_prevention"":""NOT_MEASURED"",""recovery"":""NOT_MEASURED"",""accessibility"":""NOT_MEASURED"",""safety_and_trust"":""NOT_MEASURED"",""consistency"":""NOT_MEASURED"",""cross_module_continuity"":""NOT_MEASURED""}",NOT_PERFORMED,NOT_LINKED_TO_CANONICAL_TARGET_CURRENT_AUDIT,NOT_MEASURED,NOT_MEASURED,NOT_MEASURED,NOT_MEASURED,NOT_MEASURED,NOT_MEASURED,NOT_MEASURED,NOT_MEASURED,NOT_MEASURED,NOT_MEASURED,NOT_MEASURED,H,CANONICAL_STATIC_IDENTITY_DENOMINATOR,"Public routes, ContactController, and careers controllers",NOT_ESTABLISHED_CURRENT_AUDIT,Read public product and policy pages,NOT_ADJUDICATED_CURRENT_AUDIT,NOT_SCORED_CURRENT_AUDIT,NOT_SCORED_CURRENT_AUDIT,STATIC_CANONICAL_IDENTITY_FROZEN,INCOMPLETE_CANONICAL_STATIC_IDENTITY_ONLY,NOT_ADJUDICATED_CURRENT_AUDIT,NOT_ADJUDICATED_CURRENT_AUDIT,NOT_DETERMINED_CURRENT_AUDIT,ONE_OPERATING_ORGANISATION_MULTIPLE_SITES; FEATURE_SPECIFIC_ROLE_PERMISSION_SITE_OWNERSHIP_DIRECT_OBJECT_PRIVACY_BOUNDARY_NOT_ADJUDICATED,NOT_ESTABLISHED_CURRENT_AUDIT,NOT_ESTABLISHED_CURRENT_AUDIT,routes/web.php:68-124; routes/web.php:74; routes/web.php:82; routes/web.php:96,NOT_ESTABLISHED_CURRENT_AUDIT,NOT_ESTABLISHED_CURRENT_AUDIT,tests/Feature/Hr/CareersPortalTest.php:15-143,NOT_ESTABLISHED_CURRENT_AUDIT,Static canonical identity only: Read public product and policy pages. Representative-role completion was not executed.,ROUTE_SOURCE_ANCHOR_ONLY_UNVALIDATED,ROUTE_SOURCE_ANCHOR_ONLY_UNVALIDATED,task-scripts/cap-pub-marketing-pages.md,a0493442b9e392d324055c35bf25b69421dc2d35,f8cdaf81d83c71e4f5d064fdf88872b908ffaaa1,df6e1b1b357439ad1fd829bebf4e2d33d20d067d515eb945c352e2350a4194a4,f4feae2598622afe346b1163fed2bb842305a8d973a89ec890c02746d99b5999,false,false,false,false,false,"Static identity and source ownership only; no runtime, browser, executed-test, benchmark, ease, release, or completion credit."
TASK-CAP-QUAL-INTERNAL-QUALITY-CHECKLIST,CAP-QUAL-INTERNAL-QUALITY-CHECKLIST,Quality/Internal,NOT_ESTABLISHED_CURRENT_AUDIT,Review the authenticated internal quality checklist,NOT_ESTABLISHED_CURRENT_AUDIT,Review the authenticated internal quality checklist,"NOT_ESTABLISHED_CURRENT_AUDIT; execution requires a documented representative role, approved Site/record scope where applicable, and resettable synthetic data.",SOURCE_BOUND_STATIC_IDENTITY_ONLY,NOT_EXECUTED_REPRESENTATIVE_ROLE,NOT_MEASURED,0-5; NOT_MEASURED is not 0,NOT_MEASURED,NOT_MEASURED,NOT_MEASURED,NOT_MEASURED,NOT_MEASURED,NOT_MEASURED,NOT_MEASURED,NOT_MEASURED,NOT_MEASURED,NOT_MEASURED,NOT_MEASURED,NOT_MEASURED,NOT_MEASURED,NOT_MEASURED,NOT_MEASURED,NOT_MEASURED,NOT_MEASURED,"{""discoverability"":""NOT_MEASURED"",""comprehension"":""NOT_MEASURED"",""learnability"":""NOT_MEASURED"",""efficiency"":""NOT_MEASURED"",""error_prevention"":""NOT_MEASURED"",""recovery"":""NOT_MEASURED"",""accessibility"":""NOT_MEASURED"",""safety_and_trust"":""NOT_MEASURED"",""consistency"":""NOT_MEASURED"",""cross_module_continuity"":""NOT_MEASURED""}",NOT_PERFORMED,NOT_LINKED_TO_CANONICAL_TARGET_CURRENT_AUDIT,NOT_MEASURED,NOT_MEASURED,NOT_MEASURED,NOT_MEASURED,NOT_MEASURED,NOT_MEASURED,NOT_MEASURED,NOT_MEASURED,NOT_MEASURED,NOT_MEASURED,NOT_MEASURED,H,CANONICAL_STATIC_IDENTITY_DENOMINATOR,QualityChecklistController,NOT_ESTABLISHED_CURRENT_AUDIT,Review the authenticated internal quality checklist,NOT_ADJUDICATED_CURRENT_AUDIT,NOT_SCORED_CURRENT_AUDIT,NOT_SCORED_CURRENT_AUDIT,STATIC_CANONICAL_IDENTITY_FROZEN,INCOMPLETE_CANONICAL_STATIC_IDENTITY_ONLY,NOT_ADJUDICATED_CURRENT_AUDIT,NOT_ADJUDICATED_CURRENT_AUDIT,NOT_DETERMINED_CURRENT_AUDIT,ONE_OPERATING_ORGANISATION_MULTIPLE_SITES; FEATURE_SPECIFIC_ROLE_PERMISSION_SITE_OWNERSHIP_DIRECT_OBJECT_PRIVACY_BOUNDARY_NOT_ADJUDICATED,NOT_ESTABLISHED_CURRENT_AUDIT,NOT_ESTABLISHED_CURRENT_AUDIT,routes/web.php:126-130; routes/web.php:130,resources/js/pages/quality/checklist.tsx:6-153,app/Http/Controllers/QualityChecklistController.php:11-12; app/Http/Controllers/QualityChecklistController.php:7-15,tests/Browser/Misc/MiscPagesTest.php:76-80; tests/Browser/Misc/MiscPagesTest.php:76-83,NOT_ESTABLISHED_CURRENT_AUDIT,Static canonical identity only: Review the authenticated internal quality checklist. Representative-role completion was not executed.,ROUTE_AND_PAGE_SOURCE_ANCHORS_PRESENT_UNVALIDATED,ROUTE_AND_PAGE_SOURCE_ANCHORS_PRESENT_UNVALIDATED,task-scripts/cap-qual-internal-quality-checklist.md,a0493442b9e392d324055c35bf25b69421dc2d35,f8cdaf81d83c71e4f5d064fdf88872b908ffaaa1,df6e1b1b357439ad1fd829bebf4e2d33d20d067d515eb945c352e2350a4194a4,f4feae2598622afe346b1163fed2bb842305a8d973a89ec890c02746d99b5999,false,false,false,false,false,"Static identity and source ownership only; no runtime, browser, executed-test, benchmark, ease, release, or completion credit."
TASK-CAP-REP-REPORT-CATALOG-HUB,CAP-REP-REPORT-CATALOG-HUB,Reporting,NOT_ESTABLISHED_CURRENT_AUDIT,Browse authorised report families and report KPIs,NOT_ESTABLISHED_CURRENT_AUDIT,Browse authorised report families and report KPIs,"NOT_ESTABLISHED_CURRENT_AUDIT; execution requires a documented representative role, approved Site/record scope where applicable, and resettable synthetic data.",SOURCE_BOUND_STATIC_IDENTITY_ONLY,NOT_EXECUTED_REPRESENTATIVE_ROLE,NOT_MEASURED,0-5; NOT_MEASURED is not 0,NOT_MEASURED,NOT_MEASURED,NOT_MEASURED,NOT_MEASURED,NOT_MEASURED,NOT_MEASURED,NOT_MEASURED,NOT_MEASURED,NOT_MEASURED,NOT_MEASURED,NOT_MEASURED,NOT_MEASURED,NOT_MEASURED,NOT_MEASURED,NOT_MEASURED,NOT_MEASURED,NOT_MEASURED,"{""discoverability"":""NOT_MEASURED"",""comprehension"":""NOT_MEASURED"",""learnability"":""NOT_MEASURED"",""efficiency"":""NOT_MEASURED"",""error_prevention"":""NOT_MEASURED"",""recovery"":""NOT_MEASURED"",""accessibility"":""NOT_MEASURED"",""safety_and_trust"":""NOT_MEASURED"",""consistency"":""NOT_MEASURED"",""cross_module_continuity"":""NOT_MEASURED""}",NOT_PERFORMED,NOT_LINKED_TO_CANONICAL_TARGET_CURRENT_AUDIT,NOT_MEASURED,NOT_MEASURED,NOT_MEASURED,NOT_MEASURED,NOT_MEASURED,NOT_MEASURED,NOT_MEASURED,NOT_MEASURED,NOT_MEASURED,NOT_MEASURED,NOT_MEASURED,H,CANONICAL_STATIC_IDENTITY_DENOMINATOR,"ReportsController, CombinedReportController, and ModuleReportController",NOT_ESTABLISHED_CURRENT_AUDIT,Browse authorised report families and report KPIs,NOT_ADJUDICATED_CURRENT_AUDIT,NOT_SCORED_CURRENT_AUDIT,NOT_SCORED_CURRENT_AUDIT,STATIC_CANONICAL_IDENTITY_FROZEN,INCOMPLETE_CANONICAL_STATIC_IDENTITY_ONLY,NOT_ADJUDICATED_CURRENT_AUDIT,NOT_ADJUDICATED_CURRENT_AUDIT,NOT_DETERMINED_CURRENT_AUDIT,ONE_OPERATING_ORGANISATION_MULTIPLE_SITES; FEATURE_SPECIFIC_ROLE_PERMISSION_SITE_OWNERSHIP_DIRECT_OBJECT_PRIVACY_BOUNDARY_NOT_ADJUDICATED,NOT_ESTABLISHED_CURRENT_AUDIT,NOT_ESTABLISHED_CURRENT_AUDIT,routes/reports.php:22,NOT_ESTABLISHED_CURRENT_AUDIT,app/Http/Controllers/ReportsController.php:17,NOT_ESTABLISHED_CURRENT_AUDIT,NOT_ESTABLISHED_CURRENT_AUDIT,Static canonical identity only: Browse authorised report families and report KPIs. Representative-role completion was not executed.,ROUTE_SOURCE_ANCHOR_ONLY_UNVALIDATED,ROUTE_SOURCE_ANCHOR_ONLY_UNVALIDATED,task-scripts/cap-rep-report-catalog-hub.md,a0493442b9e392d324055c35bf25b69421dc2d35,f8cdaf81d83c71e4f5d064fdf88872b908ffaaa1,df6e1b1b357439ad1fd829bebf4e2d33d20d067d515eb945c352e2350a4194a4,f4feae2598622afe346b1163fed2bb842305a8d973a89ec890c02746d99b5999,false,false,false,false,false,"Static identity and source ownership only; no runtime, browser, executed-test, benchmark, ease, release, or completion credit."
TASK-CAP-RESP-BOOKING-LIFECYCLE,CAP-RESP-BOOKING-LIFECYCLE,Respite,NOT_ESTABLISHED_CURRENT_AUDIT,"Create, confirm, view, and update a respite booking",NOT_ESTABLISHED_CURRENT_AUDIT,"Create, confirm, view, and update a respite booking","NOT_ESTABLISHED_CURRENT_AUDIT; execution requires a documented representative role, approved Site/record scope where applicable, and resettable synthetic data.",SOURCE_BOUND_STATIC_IDENTITY_ONLY,NOT_EXECUTED_REPRESENTATIVE_ROLE,NOT_MEASURED,0-5; NOT_MEASURED is not 0,NOT_MEASURED,NOT_MEASURED,NOT_MEASURED,NOT_MEASURED,NOT_MEASURED,NOT_MEASURED,NOT_MEASURED,NOT_MEASURED,NOT_MEASURED,NOT_MEASURED,NOT_MEASURED,NOT_MEASURED,NOT_MEASURED,NOT_MEASURED,NOT_MEASURED,NOT_MEASURED,NOT_MEASURED,"{""discoverability"":""NOT_MEASURED"",""comprehension"":""NOT_MEASURED"",""learnability"":""NOT_MEASURED"",""efficiency"":""NOT_MEASURED"",""error_prevention"":""NOT_MEASURED"",""recovery"":""NOT_MEASURED"",""accessibility"":""NOT_MEASURED"",""safety_and_trust"":""NOT_MEASURED"",""consistency"":""NOT_MEASURED"",""cross_module_continuity"":""NOT_MEASURED""}",NOT_PERFORMED,NOT_LINKED_TO_CANONICAL_TARGET_CURRENT_AUDIT,NOT_MEASURED,NOT_MEASURED,NOT_MEASURED,NOT_MEASURED,NOT_MEASURED,NOT_MEASURED,NOT_MEASURED,NOT_MEASURED,NOT_MEASURED,NOT_MEASURED,NOT_MEASURED,H,CANONICAL_STATIC_IDENTITY_DENOMINATOR,RespiteBookingController,NOT_ESTABLISHED_CURRENT_AUDIT,"Create, confirm, view, and update a respite booking",NOT_ADJUDICATED_CURRENT_AUDIT,NOT_SCORED_CURRENT_AUDIT,NOT_SCORED_CURRENT_AUDIT,STATIC_CANONICAL_IDENTITY_FROZEN,INCOMPLETE_CANONICAL_STATIC_IDENTITY_ONLY,NOT_ADJUDICATED_CURRENT_AUDIT,NOT_ADJUDICATED_CURRENT_AUDIT,NOT_DETERMINED_CURRENT_AUDIT,ONE_OPERATING_ORGANISATION_MULTIPLE_SITES; FEATURE_SPECIFIC_ROLE_PERMISSION_SITE_OWNERSHIP_DIRECT_OBJECT_PRIVACY_BOUNDARY_NOT_ADJUDICATED,NOT_ESTABLISHED_CURRENT_AUDIT,NOT_ESTABLISHED_CURRENT_AUDIT,routes/respite.php:66-77,resources/js/pages/respite/bookings/show.tsx,app/Http/Controllers/Respite/RespiteBookingController.php:30,NOT_ESTABLISHED_CURRENT_AUDIT,NOT_ESTABLISHED_CURRENT_AUDIT,"Static canonical identity only: Create, confirm, view, and update a respite booking. Representative-role completion was not executed.",ROUTE_AND_PAGE_SOURCE_ANCHORS_PRESENT_UNVALIDATED,ROUTE_AND_PAGE_SOURCE_ANCHORS_PRESENT_UNVALIDATED,task-scripts/cap-resp-booking-lifecycle.md,a0493442b9e392d324055c35bf25b69421dc2d35,f8cdaf81d83c71e4f5d064fdf88872b908ffaaa1,df6e1b1b357439ad1fd829bebf4e2d33d20d067d515eb945c352e2350a4194a4,f4feae2598622afe346b1163fed2bb842305a8d973a89ec890c02746d99b5999,false,false,false,false,false,"Static identity and source ownership only; no runtime, browser, executed-test, benchmark, ease, release, or completion credit."
TASK-CAP-RESP-BOOKING-REQUEST-LIFECYCLE,CAP-RESP-BOOKING-REQUEST-LIFECYCLE,Respite,NOT_ESTABLISHED_CURRENT_AUDIT,"Create, review, approve, and promote a respite booking request",NOT_ESTABLISHED_CURRENT_AUDIT,"Create, review, approve, and promote a respite booking request","NOT_ESTABLISHED_CURRENT_AUDIT; execution requires a documented representative role, approved Site/record scope where applicable, and resettable synthetic data.",SOURCE_BOUND_STATIC_IDENTITY_ONLY,NOT_EXECUTED_REPRESENTATIVE_ROLE,NOT_MEASURED,0-5; NOT_MEASURED is not 0,NOT_MEASURED,NOT_MEASURED,NOT_MEASURED,NOT_MEASURED,NOT_MEASURED,NOT_MEASURED,NOT_MEASURED,NOT_MEASURED,NOT_MEASURED,NOT_MEASURED,NOT_MEASURED,NOT_MEASURED,NOT_MEASURED,NOT_MEASURED,NOT_MEASURED,NOT_MEASURED,NOT_MEASURED,"{""discoverability"":""NOT_MEASURED"",""comprehension"":""NOT_MEASURED"",""learnability"":""NOT_MEASURED"",""efficiency"":""NOT_MEASURED"",""error_prevention"":""NOT_MEASURED"",""recovery"":""NOT_MEASURED"",""accessibility"":""NOT_MEASURED"",""safety_and_trust"":""NOT_MEASURED"",""consistency"":""NOT_MEASURED"",""cross_module_continuity"":""NOT_MEASURED""}",NOT_PERFORMED,NOT_LINKED_TO_CANONICAL_TARGET_CURRENT_AUDIT,NOT_MEASURED,NOT_MEASURED,NOT_MEASURED,NOT_MEASURED,NOT_MEASURED,NOT_MEASURED,NOT_MEASURED,NOT_MEASURED,NOT_MEASURED,NOT_MEASURED,NOT_MEASURED,H,CANONICAL_STATIC_IDENTITY_DENOMINATOR,RespiteBookingRequestController,NOT_ESTABLISHED_CURRENT_AUDIT,"Create, review, approve, and promote a respite booking request",NOT_ADJUDICATED_CURRENT_AUDIT,NOT_SCORED_CURRENT_AUDIT,NOT_SCORED_CURRENT_AUDIT,STATIC_CANONICAL_IDENTITY_FROZEN,INCOMPLETE_CANONICAL_STATIC_IDENTITY_ONLY,NOT_ADJUDICATED_CURRENT_AUDIT,NOT_ADJUDICATED_CURRENT_AUDIT,NOT_DETERMINED_CURRENT_AUDIT,ONE_OPERATING_ORGANISATION_MULTIPLE_SITES; FEATURE_SPECIFIC_ROLE_PERMISSION_SITE_OWNERSHIP_DIRECT_OBJECT_PRIVACY_BOUNDARY_NOT_ADJUDICATED,NOT_ESTABLISHED_CURRENT_AUDIT,NOT_ESTABLISHED_CURRENT_AUDIT,routes/respite.php:47-63,resources/js/pages/respite/requests/show.tsx,app/Http/Controllers/Respite/RespiteBookingRequestController.php:25,NOT_ESTABLISHED_CURRENT_AUDIT,NOT_ESTABLISHED_CURRENT_AUDIT,"Static canonical identity only: Create, review, approve, and promote a respite booking request. Representative-role completion was not executed.",ROUTE_AND_PAGE_SOURCE_ANCHORS_PRESENT_UNVALIDATED,ROUTE_AND_PAGE_SOURCE_ANCHORS_PRESENT_UNVALIDATED,task-scripts/cap-resp-booking-request-lifecycle.md,a0493442b9e392d324055c35bf25b69421dc2d35,f8cdaf81d83c71e4f5d064fdf88872b908ffaaa1,df6e1b1b357439ad1fd829bebf4e2d33d20d067d515eb945c352e2350a4194a4,f4feae2598622afe346b1163fed2bb842305a8d973a89ec890c02746d99b5999,false,false,false,false,false,"Static identity and source ownership only; no runtime, browser, executed-test, benchmark, ease, release, or completion credit."
TASK-CAP-RESP-COMMUNICATION-LOG,CAP-RESP-COMMUNICATION-LOG,Respite,NOT_ESTABLISHED_CURRENT_AUDIT,"Create, update, and evidence a respite communication log",NOT_ESTABLISHED_CURRENT_AUDIT,"Create, update, and evidence a respite communication log","NOT_ESTABLISHED_CURRENT_AUDIT; execution requires a documented representative role, approved Site/record scope where applicable, and resettable synthetic data.",SOURCE_BOUND_STATIC_IDENTITY_ONLY,NOT_EXECUTED_REPRESENTATIVE_ROLE,NOT_MEASURED,0-5; NOT_MEASURED is not 0,NOT_MEASURED,NOT_MEASURED,NOT_MEASURED,NOT_MEASURED,NOT_MEASURED,NOT_MEASURED,NOT_MEASURED,NOT_MEASURED,NOT_MEASURED,NOT_MEASURED,NOT_MEASURED,NOT_MEASURED,NOT_MEASURED,NOT_MEASURED,NOT_MEASURED,NOT_MEASURED,NOT_MEASURED,"{""discoverability"":""NOT_MEASURED"",""comprehension"":""NOT_MEASURED"",""learnability"":""NOT_MEASURED"",""efficiency"":""NOT_MEASURED"",""error_prevention"":""NOT_MEASURED"",""recovery"":""NOT_MEASURED"",""accessibility"":""NOT_MEASURED"",""safety_and_trust"":""NOT_MEASURED"",""consistency"":""NOT_MEASURED"",""cross_module_continuity"":""NOT_MEASURED""}",NOT_PERFORMED,NOT_LINKED_TO_CANONICAL_TARGET_CURRENT_AUDIT,NOT_MEASURED,NOT_MEASURED,NOT_MEASURED,NOT_MEASURED,NOT_MEASURED,NOT_MEASURED,NOT_MEASURED,NOT_MEASURED,NOT_MEASURED,NOT_MEASURED,NOT_MEASURED,H,CANONICAL_STATIC_IDENTITY_DENOMINATOR,RespiteCommunicationLogController,NOT_ESTABLISHED_CURRENT_AUDIT,"Create, update, and evidence a respite communication log",NOT_ADJUDICATED_CURRENT_AUDIT,NOT_SCORED_CURRENT_AUDIT,NOT_SCORED_CURRENT_AUDIT,STATIC_CANONICAL_IDENTITY_FROZEN,INCOMPLETE_CANONICAL_STATIC_IDENTITY_ONLY,NOT_ADJUDICATED_CURRENT_AUDIT,NOT_ADJUDICATED_CURRENT_AUDIT,NOT_DETERMINED_CURRENT_AUDIT,ONE_OPERATING_ORGANISATION_MULTIPLE_SITES; FEATURE_SPECIFIC_ROLE_PERMISSION_SITE_OWNERSHIP_DIRECT_OBJECT_PRIVACY_BOUNDARY_NOT_ADJUDICATED,NOT_ESTABLISHED_CURRENT_AUDIT,NOT_ESTABLISHED_CURRENT_AUDIT,routes/respite.php:166-175,resources/js/pages/respite/communication-logs/index.tsx,app/Http/Controllers/Respite/RespiteCommunicationLogController.php:15,NOT_ESTABLISHED_CURRENT_AUDIT,NOT_ESTABLISHED_CURRENT_AUDIT,"Static canonical identity only: Create, update, and evidence a respite communication log. Representative-role completion was not executed.",ROUTE_AND_PAGE_SOURCE_ANCHORS_PRESENT_UNVALIDATED,ROUTE_AND_PAGE_SOURCE_ANCHORS_PRESENT_UNVALIDATED,task-scripts/cap-resp-communication-log.md,a0493442b9e392d324055c35bf25b69421dc2d35,f8cdaf81d83c71e4f5d064fdf88872b908ffaaa1,df6e1b1b357439ad1fd829bebf4e2d33d20d067d515eb945c352e2350a4194a4,f4feae2598622afe346b1163fed2bb842305a8d973a89ec890c02746d99b5999,false,false,false,false,false,"Static identity and source ownership only; no runtime, browser, executed-test, benchmark, ease, release, or completion credit."
TASK-CAP-RESP-DAILY-CARE-NOTES,CAP-RESP-DAILY-CARE-NOTES,Respite,NOT_ESTABLISHED_CURRENT_AUDIT,Create and maintain authorised respite daily-care notes,NOT_ESTABLISHED_CURRENT_AUDIT,Create and maintain authorised respite daily-care notes,"NOT_ESTABLISHED_CURRENT_AUDIT; execution requires a documented representative role, approved Site/record scope where applicable, and resettable synthetic data.",SOURCE_BOUND_STATIC_IDENTITY_ONLY,NOT_EXECUTED_REPRESENTATIVE_ROLE,NOT_MEASURED,0-5; NOT_MEASURED is not 0,NOT_MEASURED,NOT_MEASURED,NOT_MEASURED,NOT_MEASURED,NOT_MEASURED,NOT_MEASURED,NOT_MEASURED,NOT_MEASURED,NOT_MEASURED,NOT_MEASURED,NOT_MEASURED,NOT_MEASURED,NOT_MEASURED,NOT_MEASURED,NOT_MEASURED,NOT_MEASURED,NOT_MEASURED,"{""discoverability"":""NOT_MEASURED"",""comprehension"":""NOT_MEASURED"",""learnability"":""NOT_MEASURED"",""efficiency"":""NOT_MEASURED"",""error_prevention"":""NOT_MEASURED"",""recovery"":""NOT_MEASURED"",""accessibility"":""NOT_MEASURED"",""safety_and_trust"":""NOT_MEASURED"",""consistency"":""NOT_MEASURED"",""cross_module_continuity"":""NOT_MEASURED""}",NOT_PERFORMED,NOT_LINKED_TO_CANONICAL_TARGET_CURRENT_AUDIT,NOT_MEASURED,NOT_MEASURED,NOT_MEASURED,NOT_MEASURED,NOT_MEASURED,NOT_MEASURED,NOT_MEASURED,NOT_MEASURED,NOT_MEASURED,NOT_MEASURED,NOT_MEASURED,H,CANONICAL_STATIC_IDENTITY_DENOMINATOR,RespiteDailyNoteController,NOT_ESTABLISHED_CURRENT_AUDIT,Create and maintain authorised respite daily-care notes,NOT_ADJUDICATED_CURRENT_AUDIT,NOT_SCORED_CURRENT_AUDIT,NOT_SCORED_CURRENT_AUDIT,STATIC_CANONICAL_IDENTITY_FROZEN,INCOMPLETE_CANONICAL_STATIC_IDENTITY_ONLY,NOT_ADJUDICATED_CURRENT_AUDIT,NOT_ADJUDICATED_CURRENT_AUDIT,NOT_DETERMINED_CURRENT_AUDIT,ONE_OPERATING_ORGANISATION_MULTIPLE_SITES; FEATURE_SPECIFIC_ROLE_PERMISSION_SITE_OWNERSHIP_DIRECT_OBJECT_PRIVACY_BOUNDARY_NOT_ADJUDICATED,NOT_ESTABLISHED_CURRENT_AUDIT,NOT_ESTABLISHED_CURRENT_AUDIT,routes/respite.php:197-207,resources/js/pages/respite/daily-notes/index.tsx,app/Http/Controllers/Respite/RespiteDailyNoteController.php:19,NOT_ESTABLISHED_CURRENT_AUDIT,NOT_ESTABLISHED_CURRENT_AUDIT,Static canonical identity only: Create and maintain authorised respite daily-care notes. Representative-role completion was not executed.,ROUTE_AND_PAGE_SOURCE_ANCHORS_PRESENT_UNVALIDATED,ROUTE_AND_PAGE_SOURCE_ANCHORS_PRESENT_UNVALIDATED,task-scripts/cap-resp-daily-care-notes.md,a0493442b9e392d324055c35bf25b69421dc2d35,f8cdaf81d83c71e4f5d064fdf88872b908ffaaa1,df6e1b1b357439ad1fd829bebf4e2d33d20d067d515eb945c352e2350a4194a4,f4feae2598622afe346b1163fed2bb842305a8d973a89ec890c02746d99b5999,false,false,false,false,false,"Static identity and source ownership only; no runtime, browser, executed-test, benchmark, ease, release, or completion credit."
TASK-CAP-RESP-EVIDENCE-PACK-LIFECYCLE,CAP-RESP-EVIDENCE-PACK-LIFECYCLE,Respite,NOT_ESTABLISHED_CURRENT_AUDIT,"Assemble, update, add or remove items, and seal a respite evidence pack",NOT_ESTABLISHED_CURRENT_AUDIT,"Assemble, update, add or remove items, and seal a respite evidence pack","NOT_ESTABLISHED_CURRENT_AUDIT; execution requires a documented representative role, approved Site/record scope where applicable, and resettable synthetic data.",SOURCE_BOUND_STATIC_IDENTITY_ONLY,NOT_EXECUTED_REPRESENTATIVE_ROLE,NOT_MEASURED,0-5; NOT_MEASURED is not 0,NOT_MEASURED,NOT_MEASURED,NOT_MEASURED,NOT_MEASURED,NOT_MEASURED,NOT_MEASURED,NOT_MEASURED,NOT_MEASURED,NOT_MEASURED,NOT_MEASURED,NOT_MEASURED,NOT_MEASURED,NOT_MEASURED,NOT_MEASURED,NOT_MEASURED,NOT_MEASURED,NOT_MEASURED,"{""discoverability"":""NOT_MEASURED"",""comprehension"":""NOT_MEASURED"",""learnability"":""NOT_MEASURED"",""efficiency"":""NOT_MEASURED"",""error_prevention"":""NOT_MEASURED"",""recovery"":""NOT_MEASURED"",""accessibility"":""NOT_MEASURED"",""safety_and_trust"":""NOT_MEASURED"",""consistency"":""NOT_MEASURED"",""cross_module_continuity"":""NOT_MEASURED""}",NOT_PERFORMED,NOT_LINKED_TO_CANONICAL_TARGET_CURRENT_AUDIT,NOT_MEASURED,NOT_MEASURED,NOT_MEASURED,NOT_MEASURED,NOT_MEASURED,NOT_MEASURED,NOT_MEASURED,NOT_MEASURED,NOT_MEASURED,NOT_MEASURED,NOT_MEASURED,H,CANONICAL_STATIC_IDENTITY_DENOMINATOR,RespiteEvidencePackController,NOT_ESTABLISHED_CURRENT_AUDIT,"Assemble, update, add or remove items, and seal a respite evidence pack",NOT_ADJUDICATED_CURRENT_AUDIT,NOT_SCORED_CURRENT_AUDIT,NOT_SCORED_CURRENT_AUDIT,STATIC_CANONICAL_IDENTITY_FROZEN,INCOMPLETE_CANONICAL_STATIC_IDENTITY_ONLY,NOT_ADJUDICATED_CURRENT_AUDIT,NOT_ADJUDICATED_CURRENT_AUDIT,NOT_DETERMINED_CURRENT_AUDIT,ONE_OPERATING_ORGANISATION_MULTIPLE_SITES; FEATURE_SPECIFIC_ROLE_PERMISSION_SITE_OWNERSHIP_DIRECT_OBJECT_PRIVACY_BOUNDARY_NOT_ADJUDICATED,NOT_ESTABLISHED_CURRENT_AUDIT,NOT_ESTABLISHED_CURRENT_AUDIT,routes/respite.php:179-193,resources/js/pages/respite/evidence-packs/show.tsx,app/Http/Controllers/Respite/RespiteEvidencePackController.php:21,NOT_ESTABLISHED_CURRENT_AUDIT,NOT_ESTABLISHED_CURRENT_AUDIT,"Static canonical identity only: Assemble, update, add or remove items, and seal a respite evidence pack. Representative-role completion was not executed.",ROUTE_AND_PAGE_SOURCE_ANCHORS_PRESENT_UNVALIDATED,ROUTE_AND_PAGE_SOURCE_ANCHORS_PRESENT_UNVALIDATED,task-scripts/cap-resp-evidence-pack-lifecycle.md,a0493442b9e392d324055c35bf25b69421dc2d35,f8cdaf81d83c71e4f5d064fdf88872b908ffaaa1,df6e1b1b357439ad1fd829bebf4e2d33d20d067d515eb945c352e2350a4194a4,f4feae2598622afe346b1163fed2bb842305a8d973a89ec890c02746d99b5999,false,false,false,false,false,"Static identity and source ownership only; no runtime, browser, executed-test, benchmark, ease, release, or completion credit."
TASK-CAP-RESP-HANDOVER-NOTES,CAP-RESP-HANDOVER-NOTES,Respite,NOT_ESTABLISHED_CURRENT_AUDIT,"Create, update, and acknowledge respite handover notes",NOT_ESTABLISHED_CURRENT_AUDIT,"Create, update, and acknowledge respite handover notes","NOT_ESTABLISHED_CURRENT_AUDIT; execution requires a documented representative role, approved Site/record scope where applicable, and resettable synthetic data.",SOURCE_BOUND_STATIC_IDENTITY_ONLY,NOT_EXECUTED_REPRESENTATIVE_ROLE,NOT_MEASURED,0-5; NOT_MEASURED is not 0,NOT_MEASURED,NOT_MEASURED,NOT_MEASURED,NOT_MEASURED,NOT_MEASURED,NOT_MEASURED,NOT_MEASURED,NOT_MEASURED,NOT_MEASURED,NOT_MEASURED,NOT_MEASURED,NOT_MEASURED,NOT_MEASURED,NOT_MEASURED,NOT_MEASURED,NOT_MEASURED,NOT_MEASURED,"{""discoverability"":""NOT_MEASURED"",""comprehension"":""NOT_MEASURED"",""learnability"":""NOT_MEASURED"",""efficiency"":""NOT_MEASURED"",""error_prevention"":""NOT_MEASURED"",""recovery"":""NOT_MEASURED"",""accessibility"":""NOT_MEASURED"",""safety_and_trust"":""NOT_MEASURED"",""consistency"":""NOT_MEASURED"",""cross_module_continuity"":""NOT_MEASURED""}",NOT_PERFORMED,NOT_LINKED_TO_CANONICAL_TARGET_CURRENT_AUDIT,NOT_MEASURED,NOT_MEASURED,NOT_MEASURED,NOT_MEASURED,NOT_MEASURED,NOT_MEASURED,NOT_MEASURED,NOT_MEASURED,NOT_MEASURED,NOT_MEASURED,NOT_MEASURED,H,CANONICAL_STATIC_IDENTITY_DENOMINATOR,RespiteHandoverNoteController,NOT_ESTABLISHED_CURRENT_AUDIT,"Create, update, and acknowledge respite handover notes",NOT_ADJUDICATED_CURRENT_AUDIT,NOT_SCORED_CURRENT_AUDIT,NOT_SCORED_CURRENT_AUDIT,STATIC_CANONICAL_IDENTITY_FROZEN,INCOMPLETE_CANONICAL_STATIC_IDENTITY_ONLY,NOT_ADJUDICATED_CURRENT_AUDIT,NOT_ADJUDICATED_CURRENT_AUDIT,NOT_DETERMINED_CURRENT_AUDIT,ONE_OPERATING_ORGANISATION_MULTIPLE_SITES; FEATURE_SPECIFIC_ROLE_PERMISSION_SITE_OWNERSHIP_DIRECT_OBJECT_PRIVACY_BOUNDARY_NOT_ADJUDICATED,NOT_ESTABLISHED_CURRENT_AUDIT,NOT_ESTABLISHED_CURRENT_AUDIT,routes/respite.php:152-162,resources/js/pages/respite/handover-notes/index.tsx,app/Http/Controllers/Respite/RespiteHandoverNoteController.php:15,NOT_ESTABLISHED_CURRENT_AUDIT,NOT_ESTABLISHED_CURRENT_AUDIT,"Static canonical identity only: Create, update, and acknowledge respite handover notes. Representative-role completion was not executed.",ROUTE_AND_PAGE_SOURCE_ANCHORS_PRESENT_UNVALIDATED,ROUTE_AND_PAGE_SOURCE_ANCHORS_PRESENT_UNVALIDATED,task-scripts/cap-resp-handover-notes.md,a0493442b9e392d324055c35bf25b69421dc2d35,f8cdaf81d83c71e4f5d064fdf88872b908ffaaa1,df6e1b1b357439ad1fd829bebf4e2d33d20d067d515eb945c352e2350a4194a4,f4feae2598622afe346b1163fed2bb842305a8d973a89ec890c02746d99b5999,false,false,false,false,false,"Static identity and source ownership only; no runtime, browser, executed-test, benchmark, ease, release, or completion credit."
TASK-CAP-RESP-PROCEDURE-LIFECYCLE,CAP-RESP-PROCEDURE-LIFECYCLE,Respite,NOT_ESTABLISHED_CURRENT_AUDIT,"Maintain procedure templates and run, complete, fail, cancel, or escalate procedure runs",NOT_ESTABLISHED_CURRENT_AUDIT,"Maintain procedure templates and run, complete, fail, cancel, or escalate procedure runs","NOT_ESTABLISHED_CURRENT_AUDIT; execution requires a documented representative role, approved Site/record scope where applicable, and resettable synthetic data.",SOURCE_BOUND_STATIC_IDENTITY_ONLY,NOT_EXECUTED_REPRESENTATIVE_ROLE,NOT_MEASURED,0-5; NOT_MEASURED is not 0,NOT_MEASURED,NOT_MEASURED,NOT_MEASURED,NOT_MEASURED,NOT_MEASURED,NOT_MEASURED,NOT_MEASURED,NOT_MEASURED,NOT_MEASURED,NOT_MEASURED,NOT_MEASURED,NOT_MEASURED,NOT_MEASURED,NOT_MEASURED,NOT_MEASURED,NOT_MEASURED,NOT_MEASURED,"{""discoverability"":""NOT_MEASURED"",""comprehension"":""NOT_MEASURED"",""learnability"":""NOT_MEASURED"",""efficiency"":""NOT_MEASURED"",""error_prevention"":""NOT_MEASURED"",""recovery"":""NOT_MEASURED"",""accessibility"":""NOT_MEASURED"",""safety_and_trust"":""NOT_MEASURED"",""consistency"":""NOT_MEASURED"",""cross_module_continuity"":""NOT_MEASURED""}",NOT_PERFORMED,NOT_LINKED_TO_CANONICAL_TARGET_CURRENT_AUDIT,NOT_MEASURED,NOT_MEASURED,NOT_MEASURED,NOT_MEASURED,NOT_MEASURED,NOT_MEASURED,NOT_MEASURED,NOT_MEASURED,NOT_MEASURED,NOT_MEASURED,NOT_MEASURED,H,CANONICAL_STATIC_IDENTITY_DENOMINATOR,RespiteProcedureTemplateController and RespiteProcedureRunController,NOT_ESTABLISHED_CURRENT_AUDIT,"Maintain procedure templates and run, complete, fail, cancel, or escalate procedure runs",NOT_ADJUDICATED_CURRENT_AUDIT,NOT_SCORED_CURRENT_AUDIT,NOT_SCORED_CURRENT_AUDIT,STATIC_CANONICAL_IDENTITY_FROZEN,INCOMPLETE_CANONICAL_STATIC_IDENTITY_ONLY,NOT_ADJUDICATED_CURRENT_AUDIT,NOT_ADJUDICATED_CURRENT_AUDIT,NOT_DETERMINED_CURRENT_AUDIT,ONE_OPERATING_ORGANISATION_MULTIPLE_SITES; FEATURE_SPECIFIC_ROLE_PERMISSION_SITE_OWNERSHIP_DIRECT_OBJECT_PRIVACY_BOUNDARY_NOT_ADJUDICATED,NOT_ESTABLISHED_CURRENT_AUDIT,NOT_ESTABLISHED_CURRENT_AUDIT,routes/respite.php:107-127,resources/js/pages/respite/procedure-runs/index.tsx,app/Http/Controllers/Respite/RespiteProcedureRunController.php:18; app/Http/Controllers/Respite/RespiteProcedureTemplateController.php:13,NOT_ESTABLISHED_CURRENT_AUDIT,NOT_ESTABLISHED_CURRENT_AUDIT,"Static canonical identity only: Maintain procedure templates and run, complete, fail, cancel, or escalate procedure runs. Representative-role completion was not executed.",ROUTE_AND_PAGE_SOURCE_ANCHORS_PRESENT_UNVALIDATED,ROUTE_AND_PAGE_SOURCE_ANCHORS_PRESENT_UNVALIDATED,task-scripts/cap-resp-procedure-lifecycle.md,a0493442b9e392d324055c35bf25b69421dc2d35,f8cdaf81d83c71e4f5d064fdf88872b908ffaaa1,df6e1b1b357439ad1fd829bebf4e2d33d20d067d515eb945c352e2350a4194a4,f4feae2598622afe346b1163fed2bb842305a8d973a89ec890c02746d99b5999,false,false,false,false,false,"Static identity and source ownership only; no runtime, browser, executed-test, benchmark, ease, release, or completion credit."
TASK-CAP-RESP-REFERRAL-LIFECYCLE,CAP-RESP-REFERRAL-LIFECYCLE,Respite,NOT_ESTABLISHED_CURRENT_AUDIT,"Create, review, and update a respite referral",NOT_ESTABLISHED_CURRENT_AUDIT,"Create, review, and update a respite referral","NOT_ESTABLISHED_CURRENT_AUDIT; execution requires a documented representative role, approved Site/record scope where applicable, and resettable synthetic data.",SOURCE_BOUND_STATIC_IDENTITY_ONLY,NOT_EXECUTED_REPRESENTATIVE_ROLE,NOT_MEASURED,0-5; NOT_MEASURED is not 0,NOT_MEASURED,NOT_MEASURED,NOT_MEASURED,NOT_MEASURED,NOT_MEASURED,NOT_MEASURED,NOT_MEASURED,NOT_MEASURED,NOT_MEASURED,NOT_MEASURED,NOT_MEASURED,NOT_MEASURED,NOT_MEASURED,NOT_MEASURED,NOT_MEASURED,NOT_MEASURED,NOT_MEASURED,"{""discoverability"":""NOT_MEASURED"",""comprehension"":""NOT_MEASURED"",""learnability"":""NOT_MEASURED"",""efficiency"":""NOT_MEASURED"",""error_prevention"":""NOT_MEASURED"",""recovery"":""NOT_MEASURED"",""accessibility"":""NOT_MEASURED"",""safety_and_trust"":""NOT_MEASURED"",""consistency"":""NOT_MEASURED"",""cross_module_continuity"":""NOT_MEASURED""}",NOT_PERFORMED,NOT_LINKED_TO_CANONICAL_TARGET_CURRENT_AUDIT,NOT_MEASURED,NOT_MEASURED,NOT_MEASURED,NOT_MEASURED,NOT_MEASURED,NOT_MEASURED,NOT_MEASURED,NOT_MEASURED,NOT_MEASURED,NOT_MEASURED,NOT_MEASURED,H,CANONICAL_STATIC_IDENTITY_DENOMINATOR,RespiteReferralController,NOT_ESTABLISHED_CURRENT_AUDIT,"Create, review, and update a respite referral",NOT_ADJUDICATED_CURRENT_AUDIT,NOT_SCORED_CURRENT_AUDIT,NOT_SCORED_CURRENT_AUDIT,STATIC_CANONICAL_IDENTITY_FROZEN,INCOMPLETE_CANONICAL_STATIC_IDENTITY_ONLY,NOT_ADJUDICATED_CURRENT_AUDIT,NOT_ADJUDICATED_CURRENT_AUDIT,NOT_DETERMINED_CURRENT_AUDIT,ONE_OPERATING_ORGANISATION_MULTIPLE_SITES; FEATURE_SPECIFIC_ROLE_PERMISSION_SITE_OWNERSHIP_DIRECT_OBJECT_PRIVACY_BOUNDARY_NOT_ADJUDICATED,NOT_ESTABLISHED_CURRENT_AUDIT,NOT_ESTABLISHED_CURRENT_AUDIT,routes/respite.php:35-44,resources/js/pages/respite/referrals/show.tsx,app/Http/Controllers/Respite/RespiteReferralController.php:17,NOT_ESTABLISHED_CURRENT_AUDIT,NOT_ESTABLISHED_CURRENT_AUDIT,"Static canonical identity only: Create, review, and update a respite referral. Representative-role completion was not executed.",ROUTE_AND_PAGE_SOURCE_ANCHORS_PRESENT_UNVALIDATED,ROUTE_AND_PAGE_SOURCE_ANCHORS_PRESENT_UNVALIDATED,task-scripts/cap-resp-referral-lifecycle.md,a0493442b9e392d324055c35bf25b69421dc2d35,f8cdaf81d83c71e4f5d064fdf88872b908ffaaa1,df6e1b1b357439ad1fd829bebf4e2d33d20d067d515eb945c352e2350a4194a4,f4feae2598622afe346b1163fed2bb842305a8d973a89ec890c02746d99b5999,false,false,false,false,false,"Static identity and source ownership only; no runtime, browser, executed-test, benchmark, ease, release, or completion credit."
TASK-CAP-RESP-RISK-PLAN-LIFECYCLE,CAP-RESP-RISK-PLAN-LIFECYCLE,Respite,NOT_ESTABLISHED_CURRENT_AUDIT,"Create, review, activate, suspend, acknowledge, and deactivate a respite risk plan",NOT_ESTABLISHED_CURRENT_AUDIT,"Create, review, activate, suspend, acknowledge, and deactivate a respite risk plan","NOT_ESTABLISHED_CURRENT_AUDIT; execution requires a documented representative role, approved Site/record scope where applicable, and resettable synthetic data.",SOURCE_BOUND_STATIC_IDENTITY_ONLY,NOT_EXECUTED_REPRESENTATIVE_ROLE,NOT_MEASURED,0-5; NOT_MEASURED is not 0,NOT_MEASURED,NOT_MEASURED,NOT_MEASURED,NOT_MEASURED,NOT_MEASURED,NOT_MEASURED,NOT_MEASURED,NOT_MEASURED,NOT_MEASURED,NOT_MEASURED,NOT_MEASURED,NOT_MEASURED,NOT_MEASURED,NOT_MEASURED,NOT_MEASURED,NOT_MEASURED,NOT_MEASURED,"{""discoverability"":""NOT_MEASURED"",""comprehension"":""NOT_MEASURED"",""learnability"":""NOT_MEASURED"",""efficiency"":""NOT_MEASURED"",""error_prevention"":""NOT_MEASURED"",""recovery"":""NOT_MEASURED"",""accessibility"":""NOT_MEASURED"",""safety_and_trust"":""NOT_MEASURED"",""consistency"":""NOT_MEASURED"",""cross_module_continuity"":""NOT_MEASURED""}",NOT_PERFORMED,NOT_LINKED_TO_CANONICAL_TARGET_CURRENT_AUDIT,NOT_MEASURED,NOT_MEASURED,NOT_MEASURED,NOT_MEASURED,NOT_MEASURED,NOT_MEASURED,NOT_MEASURED,NOT_MEASURED,NOT_MEASURED,NOT_MEASURED,NOT_MEASURED,H,CANONICAL_STATIC_IDENTITY_DENOMINATOR,RespiteRiskPlanActivationController,NOT_ESTABLISHED_CURRENT_AUDIT,"Create, review, activate, suspend, acknowledge, and deactivate a respite risk plan",NOT_ADJUDICATED_CURRENT_AUDIT,NOT_SCORED_CURRENT_AUDIT,NOT_SCORED_CURRENT_AUDIT,STATIC_CANONICAL_IDENTITY_FROZEN,INCOMPLETE_CANONICAL_STATIC_IDENTITY_ONLY,NOT_ADJUDICATED_CURRENT_AUDIT,NOT_ADJUDICATED_CURRENT_AUDIT,NOT_DETERMINED_CURRENT_AUDIT,ONE_OPERATING_ORGANISATION_MULTIPLE_SITES; FEATURE_SPECIFIC_ROLE_PERMISSION_SITE_OWNERSHIP_DIRECT_OBJECT_PRIVACY_BOUNDARY_NOT_ADJUDICATED,NOT_ESTABLISHED_CURRENT_AUDIT,NOT_ESTABLISHED_CURRENT_AUDIT,routes/respite.php:211-226,resources/js/pages/respite/risk-plan-activations/index.tsx,app/Http/Controllers/Respite/RespiteRiskPlanActivationController.php:16,NOT_ESTABLISHED_CURRENT_AUDIT,NOT_ESTABLISHED_CURRENT_AUDIT,"Static canonical identity only: Create, review, activate, suspend, acknowledge, and deactivate a respite risk plan. Representative-role completion was not executed.",ROUTE_AND_PAGE_SOURCE_ANCHORS_PRESENT_UNVALIDATED,ROUTE_AND_PAGE_SOURCE_ANCHORS_PRESENT_UNVALIDATED,task-scripts/cap-resp-risk-plan-lifecycle.md,a0493442b9e392d324055c35bf25b69421dc2d35,f8cdaf81d83c71e4f5d064fdf88872b908ffaaa1,df6e1b1b357439ad1fd829bebf4e2d33d20d067d515eb945c352e2350a4194a4,f4feae2598622afe346b1163fed2bb842305a8d973a89ec890c02746d99b5999,false,false,false,false,false,"Static identity and source ownership only; no runtime, browser, executed-test, benchmark, ease, release, or completion credit."
TASK-CAP-RESP-STAY-LIFECYCLE,CAP-RESP-STAY-LIFECYCLE,Respite,NOT_ESTABLISHED_CURRENT_AUDIT,"Check in, extend, govern, and discharge a respite stay",NOT_ESTABLISHED_CURRENT_AUDIT,"Check in, extend, govern, and discharge a respite stay","NOT_ESTABLISHED_CURRENT_AUDIT; execution requires a documented representative role, approved Site/record scope where applicable, and resettable synthetic data.",SOURCE_BOUND_STATIC_IDENTITY_ONLY,NOT_EXECUTED_REPRESENTATIVE_ROLE,NOT_MEASURED,0-5; NOT_MEASURED is not 0,NOT_MEASURED,NOT_MEASURED,NOT_MEASURED,NOT_MEASURED,NOT_MEASURED,NOT_MEASURED,NOT_MEASURED,NOT_MEASURED,NOT_MEASURED,NOT_MEASURED,NOT_MEASURED,NOT_MEASURED,NOT_MEASURED,NOT_MEASURED,NOT_MEASURED,NOT_MEASURED,NOT_MEASURED,"{""discoverability"":""NOT_MEASURED"",""comprehension"":""NOT_MEASURED"",""learnability"":""NOT_MEASURED"",""efficiency"":""NOT_MEASURED"",""error_prevention"":""NOT_MEASURED"",""recovery"":""NOT_MEASURED"",""accessibility"":""NOT_MEASURED"",""safety_and_trust"":""NOT_MEASURED"",""consistency"":""NOT_MEASURED"",""cross_module_continuity"":""NOT_MEASURED""}",NOT_PERFORMED,NOT_LINKED_TO_CANONICAL_TARGET_CURRENT_AUDIT,NOT_MEASURED,NOT_MEASURED,NOT_MEASURED,NOT_MEASURED,NOT_MEASURED,NOT_MEASURED,NOT_MEASURED,NOT_MEASURED,NOT_MEASURED,NOT_MEASURED,NOT_MEASURED,H,CANONICAL_STATIC_IDENTITY_DENOMINATOR,RespiteStayController,NOT_ESTABLISHED_CURRENT_AUDIT,"Check in, extend, govern, and discharge a respite stay",NOT_ADJUDICATED_CURRENT_AUDIT,NOT_SCORED_CURRENT_AUDIT,NOT_SCORED_CURRENT_AUDIT,STATIC_CANONICAL_IDENTITY_FROZEN,INCOMPLETE_CANONICAL_STATIC_IDENTITY_ONLY,NOT_ADJUDICATED_CURRENT_AUDIT,NOT_ADJUDICATED_CURRENT_AUDIT,NOT_DETERMINED_CURRENT_AUDIT,ONE_OPERATING_ORGANISATION_MULTIPLE_SITES; FEATURE_SPECIFIC_ROLE_PERMISSION_SITE_OWNERSHIP_DIRECT_OBJECT_PRIVACY_BOUNDARY_NOT_ADJUDICATED,NOT_ESTABLISHED_CURRENT_AUDIT,NOT_ESTABLISHED_CURRENT_AUDIT,routes/respite.php:80-93,resources/js/pages/respite/stays/show.tsx,app/Http/Controllers/Respite/RespiteStayController.php:32-574,NOT_ESTABLISHED_CURRENT_AUDIT,NOT_ESTABLISHED_CURRENT_AUDIT,"Static canonical identity only: Check in, extend, govern, and discharge a respite stay. Representative-role completion was not executed.",ROUTE_AND_PAGE_SOURCE_ANCHORS_PRESENT_UNVALIDATED,ROUTE_AND_PAGE_SOURCE_ANCHORS_PRESENT_UNVALIDATED,task-scripts/cap-resp-stay-lifecycle.md,a0493442b9e392d324055c35bf25b69421dc2d35,f8cdaf81d83c71e4f5d064fdf88872b908ffaaa1,df6e1b1b357439ad1fd829bebf4e2d33d20d067d515eb945c352e2350a4194a4,f4feae2598622afe346b1163fed2bb842305a8d973a89ec890c02746d99b5999,false,false,false,false,false,"Static identity and source ownership only; no runtime, browser, executed-test, benchmark, ease, release, or completion credit."
TASK-CAP-RESP-TASK-LIFECYCLE,CAP-RESP-TASK-LIFECYCLE,Respite,NOT_ESTABLISHED_CURRENT_AUDIT,"Assign, progress, evidence, submit, approve, or reject a respite task",NOT_ESTABLISHED_CURRENT_AUDIT,"Assign, progress, evidence, submit, approve, or reject a respite task","NOT_ESTABLISHED_CURRENT_AUDIT; execution requires a documented representative role, approved Site/record scope where applicable, and resettable synthetic data.",SOURCE_BOUND_STATIC_IDENTITY_ONLY,NOT_EXECUTED_REPRESENTATIVE_ROLE,NOT_MEASURED,0-5; NOT_MEASURED is not 0,NOT_MEASURED,NOT_MEASURED,NOT_MEASURED,NOT_MEASURED,NOT_MEASURED,NOT_MEASURED,NOT_MEASURED,NOT_MEASURED,NOT_MEASURED,NOT_MEASURED,NOT_MEASURED,NOT_MEASURED,NOT_MEASURED,NOT_MEASURED,NOT_MEASURED,NOT_MEASURED,NOT_MEASURED,"{""discoverability"":""NOT_MEASURED"",""comprehension"":""NOT_MEASURED"",""learnability"":""NOT_MEASURED"",""efficiency"":""NOT_MEASURED"",""error_prevention"":""NOT_MEASURED"",""recovery"":""NOT_MEASURED"",""accessibility"":""NOT_MEASURED"",""safety_and_trust"":""NOT_MEASURED"",""consistency"":""NOT_MEASURED"",""cross_module_continuity"":""NOT_MEASURED""}",NOT_PERFORMED,NOT_LINKED_TO_CANONICAL_TARGET_CURRENT_AUDIT,NOT_MEASURED,NOT_MEASURED,NOT_MEASURED,NOT_MEASURED,NOT_MEASURED,NOT_MEASURED,NOT_MEASURED,NOT_MEASURED,NOT_MEASURED,NOT_MEASURED,NOT_MEASURED,H,CANONICAL_STATIC_IDENTITY_DENOMINATOR,RespiteTaskController,NOT_ESTABLISHED_CURRENT_AUDIT,"Assign, progress, evidence, submit, approve, or reject a respite task",NOT_ADJUDICATED_CURRENT_AUDIT,NOT_SCORED_CURRENT_AUDIT,NOT_SCORED_CURRENT_AUDIT,STATIC_CANONICAL_IDENTITY_FROZEN,INCOMPLETE_CANONICAL_STATIC_IDENTITY_ONLY,NOT_ADJUDICATED_CURRENT_AUDIT,NOT_ADJUDICATED_CURRENT_AUDIT,NOT_DETERMINED_CURRENT_AUDIT,ONE_OPERATING_ORGANISATION_MULTIPLE_SITES; FEATURE_SPECIFIC_ROLE_PERMISSION_SITE_OWNERSHIP_DIRECT_OBJECT_PRIVACY_BOUNDARY_NOT_ADJUDICATED,NOT_ESTABLISHED_CURRENT_AUDIT,NOT_ESTABLISHED_CURRENT_AUDIT,routes/respite.php:131-148,resources/js/pages/respite/tasks/index.tsx,app/Http/Controllers/Respite/RespiteTaskController.php:16,NOT_ESTABLISHED_CURRENT_AUDIT,NOT_ESTABLISHED_CURRENT_AUDIT,"Static canonical identity only: Assign, progress, evidence, submit, approve, or reject a respite task. Representative-role completion was not executed.",ROUTE_AND_PAGE_SOURCE_ANCHORS_PRESENT_UNVALIDATED,ROUTE_AND_PAGE_SOURCE_ANCHORS_PRESENT_UNVALIDATED,task-scripts/cap-resp-task-lifecycle.md,a0493442b9e392d324055c35bf25b69421dc2d35,f8cdaf81d83c71e4f5d064fdf88872b908ffaaa1,df6e1b1b357439ad1fd829bebf4e2d33d20d067d515eb945c352e2350a4194a4,f4feae2598622afe346b1163fed2bb842305a8d973a89ec890c02746d99b5999,false,false,false,false,false,"Static identity and source ownership only; no runtime, browser, executed-test, benchmark, ease, release, or completion credit."
TASK-CAP-ROAD-DECISION-APPROVAL-LIFECYCLE,CAP-ROAD-DECISION-APPROVAL-LIFECYCLE,Roadmap,NOT_ESTABLISHED_CURRENT_AUDIT,Review and resolve roadmap decision requests,NOT_ESTABLISHED_CURRENT_AUDIT,Review and resolve roadmap decision requests,"NOT_ESTABLISHED_CURRENT_AUDIT; execution requires a documented representative role, approved Site/record scope where applicable, and resettable synthetic data.",SOURCE_BOUND_STATIC_IDENTITY_ONLY,NOT_EXECUTED_REPRESENTATIVE_ROLE,NOT_MEASURED,0-5; NOT_MEASURED is not 0,NOT_MEASURED,NOT_MEASURED,NOT_MEASURED,NOT_MEASURED,NOT_MEASURED,NOT_MEASURED,NOT_MEASURED,NOT_MEASURED,NOT_MEASURED,NOT_MEASURED,NOT_MEASURED,NOT_MEASURED,NOT_MEASURED,NOT_MEASURED,NOT_MEASURED,NOT_MEASURED,NOT_MEASURED,"{""discoverability"":""NOT_MEASURED"",""comprehension"":""NOT_MEASURED"",""learnability"":""NOT_MEASURED"",""efficiency"":""NOT_MEASURED"",""error_prevention"":""NOT_MEASURED"",""recovery"":""NOT_MEASURED"",""accessibility"":""NOT_MEASURED"",""safety_and_trust"":""NOT_MEASURED"",""consistency"":""NOT_MEASURED"",""cross_module_continuity"":""NOT_MEASURED""}",NOT_PERFORMED,NOT_LINKED_TO_CANONICAL_TARGET_CURRENT_AUDIT,NOT_MEASURED,NOT_MEASURED,NOT_MEASURED,NOT_MEASURED,NOT_MEASURED,NOT_MEASURED,NOT_MEASURED,NOT_MEASURED,NOT_MEASURED,NOT_MEASURED,NOT_MEASURED,H,CANONICAL_STATIC_IDENTITY_DENOMINATOR,Roadmap domain controllers and services,NOT_ESTABLISHED_CURRENT_AUDIT,Review and resolve roadmap decision requests,NOT_ADJUDICATED_CURRENT_AUDIT,NOT_SCORED_CURRENT_AUDIT,NOT_SCORED_CURRENT_AUDIT,STATIC_CANONICAL_IDENTITY_FROZEN,INCOMPLETE_CANONICAL_STATIC_IDENTITY_ONLY,NOT_ADJUDICATED_CURRENT_AUDIT,NOT_ADJUDICATED_CURRENT_AUDIT,NOT_DETERMINED_CURRENT_AUDIT,ONE_OPERATING_ORGANISATION_MULTIPLE_SITES; FEATURE_SPECIFIC_ROLE_PERMISSION_SITE_OWNERSHIP_DIRECT_OBJECT_PRIVACY_BOUNDARY_NOT_ADJUDICATED,NOT_ESTABLISHED_CURRENT_AUDIT,NOT_ESTABLISHED_CURRENT_AUDIT,routes/roadmap.php:84,NOT_ESTABLISHED_CURRENT_AUDIT,app/Domain/Roadmap/Http/Controllers/DecisionRequestController.php:15,NOT_ESTABLISHED_CURRENT_AUDIT,NOT_ESTABLISHED_CURRENT_AUDIT,Static canonical identity only: Review and resolve roadmap decision requests. Representative-role completion was not executed.,ROUTE_SOURCE_ANCHOR_ONLY_UNVALIDATED,ROUTE_SOURCE_ANCHOR_ONLY_UNVALIDATED,task-scripts/cap-road-decision-approval-lifecycle.md,a0493442b9e392d324055c35bf25b69421dc2d35,f8cdaf81d83c71e4f5d064fdf88872b908ffaaa1,df6e1b1b357439ad1fd829bebf4e2d33d20d067d515eb945c352e2350a4194a4,f4feae2598622afe346b1163fed2bb842305a8d973a89ec890c02746d99b5999,false,false,false,false,false,"Static identity and source ownership only; no runtime, browser, executed-test, benchmark, ease, release, or completion credit."
TASK-CAP-ROAD-INITIATIVE-LIFECYCLE,CAP-ROAD-INITIATIVE-LIFECYCLE,Roadmap,NOT_ESTABLISHED_CURRENT_AUDIT,"Create, score, update, and transition initiatives",NOT_ESTABLISHED_CURRENT_AUDIT,"Create, score, update, and transition initiatives","NOT_ESTABLISHED_CURRENT_AUDIT; execution requires a documented representative role, approved Site/record scope where applicable, and resettable synthetic data.",SOURCE_BOUND_STATIC_IDENTITY_ONLY,NOT_EXECUTED_REPRESENTATIVE_ROLE,NOT_MEASURED,0-5; NOT_MEASURED is not 0,NOT_MEASURED,NOT_MEASURED,NOT_MEASURED,NOT_MEASURED,NOT_MEASURED,NOT_MEASURED,NOT_MEASURED,NOT_MEASURED,NOT_MEASURED,NOT_MEASURED,NOT_MEASURED,NOT_MEASURED,NOT_MEASURED,NOT_MEASURED,NOT_MEASURED,NOT_MEASURED,NOT_MEASURED,"{""discoverability"":""NOT_MEASURED"",""comprehension"":""NOT_MEASURED"",""learnability"":""NOT_MEASURED"",""efficiency"":""NOT_MEASURED"",""error_prevention"":""NOT_MEASURED"",""recovery"":""NOT_MEASURED"",""accessibility"":""NOT_MEASURED"",""safety_and_trust"":""NOT_MEASURED"",""consistency"":""NOT_MEASURED"",""cross_module_continuity"":""NOT_MEASURED""}",NOT_PERFORMED,NOT_LINKED_TO_CANONICAL_TARGET_CURRENT_AUDIT,NOT_MEASURED,NOT_MEASURED,NOT_MEASURED,NOT_MEASURED,NOT_MEASURED,NOT_MEASURED,NOT_MEASURED,NOT_MEASURED,NOT_MEASURED,NOT_MEASURED,NOT_MEASURED,H,CANONICAL_STATIC_IDENTITY_DENOMINATOR,Roadmap domain controllers and services,NOT_ESTABLISHED_CURRENT_AUDIT,"Create, score, update, and transition initiatives",NOT_ADJUDICATED_CURRENT_AUDIT,NOT_SCORED_CURRENT_AUDIT,NOT_SCORED_CURRENT_AUDIT,STATIC_CANONICAL_IDENTITY_FROZEN,INCOMPLETE_CANONICAL_STATIC_IDENTITY_ONLY,NOT_ADJUDICATED_CURRENT_AUDIT,NOT_ADJUDICATED_CURRENT_AUDIT,NOT_DETERMINED_CURRENT_AUDIT,ONE_OPERATING_ORGANISATION_MULTIPLE_SITES; FEATURE_SPECIFIC_ROLE_PERMISSION_SITE_OWNERSHIP_DIRECT_OBJECT_PRIVACY_BOUNDARY_NOT_ADJUDICATED,NOT_ESTABLISHED_CURRENT_AUDIT,NOT_ESTABLISHED_CURRENT_AUDIT,routes/roadmap.php:1-97; routes/roadmap.php:20,NOT_ESTABLISHED_CURRENT_AUDIT,app/Domain/Roadmap/Http/Controllers/InitiativeController.php:19; app/Domain/Roadmap/Http/Controllers/RoadmapDashboardController.php,tests/Feature/Roadmap/RoadmapPermissionsTest.php; tests/Feature/Roadmap/RoadmapWorkflowTest.php,NOT_ESTABLISHED_CURRENT_AUDIT,"Static canonical identity only: Create, score, update, and transition initiatives. Representative-role completion was not executed.",ROUTE_SOURCE_ANCHOR_ONLY_UNVALIDATED,ROUTE_SOURCE_ANCHOR_ONLY_UNVALIDATED,task-scripts/cap-road-initiative-lifecycle.md,a0493442b9e392d324055c35bf25b69421dc2d35,f8cdaf81d83c71e4f5d064fdf88872b908ffaaa1,df6e1b1b357439ad1fd829bebf4e2d33d20d067d515eb945c352e2350a4194a4,f4feae2598622afe346b1163fed2bb842305a8d973a89ec890c02746d99b5999,false,false,false,false,false,"Static identity and source ownership only; no runtime, browser, executed-test, benchmark, ease, release, or completion credit."
TASK-CAP-ROAD-QUARTERLY-PLAN-LIFECYCLE,CAP-ROAD-QUARTERLY-PLAN-LIFECYCLE,Roadmap,NOT_ESTABLISHED_CURRENT_AUDIT,"Generate, review, approve, publish, and revise quarterly plans",NOT_ESTABLISHED_CURRENT_AUDIT,"Generate, review, approve, publish, and revise quarterly plans","NOT_ESTABLISHED_CURRENT_AUDIT; execution requires a documented representative role, approved Site/record scope where applicable, and resettable synthetic data.",SOURCE_BOUND_STATIC_IDENTITY_ONLY,NOT_EXECUTED_REPRESENTATIVE_ROLE,NOT_MEASURED,0-5; NOT_MEASURED is not 0,NOT_MEASURED,NOT_MEASURED,NOT_MEASURED,NOT_MEASURED,NOT_MEASURED,NOT_MEASURED,NOT_MEASURED,NOT_MEASURED,NOT_MEASURED,NOT_MEASURED,NOT_MEASURED,NOT_MEASURED,NOT_MEASURED,NOT_MEASURED,NOT_MEASURED,NOT_MEASURED,NOT_MEASURED,"{""discoverability"":""NOT_MEASURED"",""comprehension"":""NOT_MEASURED"",""learnability"":""NOT_MEASURED"",""efficiency"":""NOT_MEASURED"",""error_prevention"":""NOT_MEASURED"",""recovery"":""NOT_MEASURED"",""accessibility"":""NOT_MEASURED"",""safety_and_trust"":""NOT_MEASURED"",""consistency"":""NOT_MEASURED"",""cross_module_continuity"":""NOT_MEASURED""}",NOT_PERFORMED,NOT_LINKED_TO_CANONICAL_TARGET_CURRENT_AUDIT,NOT_MEASURED,NOT_MEASURED,NOT_MEASURED,NOT_MEASURED,NOT_MEASURED,NOT_MEASURED,NOT_MEASURED,NOT_MEASURED,NOT_MEASURED,NOT_MEASURED,NOT_MEASURED,H,CANONICAL_STATIC_IDENTITY_DENOMINATOR,Roadmap domain controllers and services,NOT_ESTABLISHED_CURRENT_AUDIT,"Generate, review, approve, publish, and revise quarterly plans",NOT_ADJUDICATED_CURRENT_AUDIT,NOT_SCORED_CURRENT_AUDIT,NOT_SCORED_CURRENT_AUDIT,STATIC_CANONICAL_IDENTITY_FROZEN,INCOMPLETE_CANONICAL_STATIC_IDENTITY_ONLY,NOT_ADJUDICATED_CURRENT_AUDIT,NOT_ADJUDICATED_CURRENT_AUDIT,NOT_DETERMINED_CURRENT_AUDIT,ONE_OPERATING_ORGANISATION_MULTIPLE_SITES; FEATURE_SPECIFIC_ROLE_PERMISSION_SITE_OWNERSHIP_DIRECT_OBJECT_PRIVACY_BOUNDARY_NOT_ADJUDICATED,NOT_ESTABLISHED_CURRENT_AUDIT,NOT_ESTABLISHED_CURRENT_AUDIT,routes/roadmap.php:52,NOT_ESTABLISHED_CURRENT_AUDIT,app/Domain/Roadmap/Http/Controllers/QuarterlyPlanController.php:15,NOT_ESTABLISHED_CURRENT_AUDIT,NOT_ESTABLISHED_CURRENT_AUDIT,"Static canonical identity only: Generate, review, approve, publish, and revise quarterly plans. Representative-role completion was not executed.",ROUTE_SOURCE_ANCHOR_ONLY_UNVALIDATED,ROUTE_SOURCE_ANCHOR_ONLY_UNVALIDATED,task-scripts/cap-road-quarterly-plan-lifecycle.md,a0493442b9e392d324055c35bf25b69421dc2d35,f8cdaf81d83c71e4f5d064fdf88872b908ffaaa1,df6e1b1b357439ad1fd829bebf4e2d33d20d067d515eb945c352e2350a4194a4,f4feae2598622afe346b1163fed2bb842305a8d973a89ec890c02746d99b5999,false,false,false,false,false,"Static identity and source ownership only; no runtime, browser, executed-test, benchmark, ease, release, or completion credit."
TASK-CAP-ROAD-SUGGESTION-LIFECYCLE,CAP-ROAD-SUGGESTION-LIFECYCLE,Roadmap,NOT_ESTABLISHED_CURRENT_AUDIT,"Ingest, triage, and convert roadmap suggestions",NOT_ESTABLISHED_CURRENT_AUDIT,"Ingest, triage, and convert roadmap suggestions","NOT_ESTABLISHED_CURRENT_AUDIT; execution requires a documented representative role, approved Site/record scope where applicable, and resettable synthetic data.",SOURCE_BOUND_STATIC_IDENTITY_ONLY,NOT_EXECUTED_REPRESENTATIVE_ROLE,NOT_MEASURED,0-5; NOT_MEASURED is not 0,NOT_MEASURED,NOT_MEASURED,NOT_MEASURED,NOT_MEASURED,NOT_MEASURED,NOT_MEASURED,NOT_MEASURED,NOT_MEASURED,NOT_MEASURED,NOT_MEASURED,NOT_MEASURED,NOT_MEASURED,NOT_MEASURED,NOT_MEASURED,NOT_MEASURED,NOT_MEASURED,NOT_MEASURED,"{""discoverability"":""NOT_MEASURED"",""comprehension"":""NOT_MEASURED"",""learnability"":""NOT_MEASURED"",""efficiency"":""NOT_MEASURED"",""error_prevention"":""NOT_MEASURED"",""recovery"":""NOT_MEASURED"",""accessibility"":""NOT_MEASURED"",""safety_and_trust"":""NOT_MEASURED"",""consistency"":""NOT_MEASURED"",""cross_module_continuity"":""NOT_MEASURED""}",NOT_PERFORMED,NOT_LINKED_TO_CANONICAL_TARGET_CURRENT_AUDIT,NOT_MEASURED,NOT_MEASURED,NOT_MEASURED,NOT_MEASURED,NOT_MEASURED,NOT_MEASURED,NOT_MEASURED,NOT_MEASURED,NOT_MEASURED,NOT_MEASURED,NOT_MEASURED,H,CANONICAL_STATIC_IDENTITY_DENOMINATOR,Roadmap domain controllers and services,NOT_ESTABLISHED_CURRENT_AUDIT,"Ingest, triage, and convert roadmap suggestions",NOT_ADJUDICATED_CURRENT_AUDIT,NOT_SCORED_CURRENT_AUDIT,NOT_SCORED_CURRENT_AUDIT,STATIC_CANONICAL_IDENTITY_FROZEN,INCOMPLETE_CANONICAL_STATIC_IDENTITY_ONLY,NOT_ADJUDICATED_CURRENT_AUDIT,NOT_ADJUDICATED_CURRENT_AUDIT,NOT_DETERMINED_CURRENT_AUDIT,ONE_OPERATING_ORGANISATION_MULTIPLE_SITES; FEATURE_SPECIFIC_ROLE_PERMISSION_SITE_OWNERSHIP_DIRECT_OBJECT_PRIVACY_BOUNDARY_NOT_ADJUDICATED,NOT_ESTABLISHED_CURRENT_AUDIT,NOT_ESTABLISHED_CURRENT_AUDIT,routes/roadmap.php:1-97; routes/roadmap.php:39,NOT_ESTABLISHED_CURRENT_AUDIT,app/Domain/Roadmap/Http/Controllers/RoadmapDashboardController.php; app/Domain/Roadmap/Http/Controllers/SuggestionController.php:17,tests/Feature/Roadmap/RoadmapPermissionsTest.php; tests/Feature/Roadmap/RoadmapWorkflowTest.php,NOT_ESTABLISHED_CURRENT_AUDIT,"Static canonical identity only: Ingest, triage, and convert roadmap suggestions. Representative-role completion was not executed.",ROUTE_SOURCE_ANCHOR_ONLY_UNVALIDATED,ROUTE_SOURCE_ANCHOR_ONLY_UNVALIDATED,task-scripts/cap-road-suggestion-lifecycle.md,a0493442b9e392d324055c35bf25b69421dc2d35,f8cdaf81d83c71e4f5d064fdf88872b908ffaaa1,df6e1b1b357439ad1fd829bebf4e2d33d20d067d515eb945c352e2350a4194a4,f4feae2598622afe346b1163fed2bb842305a8d973a89ec890c02746d99b5999,false,false,false,false,false,"Static identity and source ownership only; no runtime, browser, executed-test, benchmark, ease, release, or completion credit."
TASK-CAP-SAFE-ACTION-PLAN-LIFECYCLE,CAP-SAFE-ACTION-PLAN-LIFECYCLE,Safeguarding,NOT_ESTABLISHED_CURRENT_AUDIT,"Create, update, progress, and complete a safeguarding action plan",NOT_ESTABLISHED_CURRENT_AUDIT,"Create, update, progress, and complete a safeguarding action plan","NOT_ESTABLISHED_CURRENT_AUDIT; execution requires a documented representative role, approved Site/record scope where applicable, and resettable synthetic data.",SOURCE_BOUND_STATIC_IDENTITY_ONLY,NOT_EXECUTED_REPRESENTATIVE_ROLE,NOT_MEASURED,0-5; NOT_MEASURED is not 0,NOT_MEASURED,NOT_MEASURED,NOT_MEASURED,NOT_MEASURED,NOT_MEASURED,NOT_MEASURED,NOT_MEASURED,NOT_MEASURED,NOT_MEASURED,NOT_MEASURED,NOT_MEASURED,NOT_MEASURED,NOT_MEASURED,NOT_MEASURED,NOT_MEASURED,NOT_MEASURED,NOT_MEASURED,"{""discoverability"":""NOT_MEASURED"",""comprehension"":""NOT_MEASURED"",""learnability"":""NOT_MEASURED"",""efficiency"":""NOT_MEASURED"",""error_prevention"":""NOT_MEASURED"",""recovery"":""NOT_MEASURED"",""accessibility"":""NOT_MEASURED"",""safety_and_trust"":""NOT_MEASURED"",""consistency"":""NOT_MEASURED"",""cross_module_continuity"":""NOT_MEASURED""}",NOT_PERFORMED,NOT_LINKED_TO_CANONICAL_TARGET_CURRENT_AUDIT,NOT_MEASURED,NOT_MEASURED,NOT_MEASURED,NOT_MEASURED,NOT_MEASURED,NOT_MEASURED,NOT_MEASURED,NOT_MEASURED,NOT_MEASURED,NOT_MEASURED,NOT_MEASURED,H,CANONICAL_STATIC_IDENTITY_DENOMINATOR,SafeguardingActionPlanController,NOT_ESTABLISHED_CURRENT_AUDIT,"Create, update, progress, and complete a safeguarding action plan",NOT_ADJUDICATED_CURRENT_AUDIT,NOT_SCORED_CURRENT_AUDIT,NOT_SCORED_CURRENT_AUDIT,STATIC_CANONICAL_IDENTITY_FROZEN,INCOMPLETE_CANONICAL_STATIC_IDENTITY_ONLY,NOT_ADJUDICATED_CURRENT_AUDIT,NOT_ADJUDICATED_CURRENT_AUDIT,NOT_DETERMINED_CURRENT_AUDIT,ONE_OPERATING_ORGANISATION_MULTIPLE_SITES; FEATURE_SPECIFIC_ROLE_PERMISSION_SITE_OWNERSHIP_DIRECT_OBJECT_PRIVACY_BOUNDARY_NOT_ADJUDICATED,NOT_ESTABLISHED_CURRENT_AUDIT,NOT_ESTABLISHED_CURRENT_AUDIT,routes/safeguarding.php:98-106,NOT_ESTABLISHED_CURRENT_AUDIT,app/Http/Controllers/SafeguardingActionPlanController.php; app/Http/Controllers/SafeguardingActionPlanController.php:10-88,NOT_ESTABLISHED_CURRENT_AUDIT,NOT_ESTABLISHED_CURRENT_AUDIT,"Static canonical identity only: Create, update, progress, and complete a safeguarding action plan. Representative-role completion was not executed.",ROUTE_SOURCE_ANCHOR_ONLY_UNVALIDATED,ROUTE_SOURCE_ANCHOR_ONLY_UNVALIDATED,task-scripts/cap-safe-action-plan-lifecycle.md,a0493442b9e392d324055c35bf25b69421dc2d35,f8cdaf81d83c71e4f5d064fdf88872b908ffaaa1,df6e1b1b357439ad1fd829bebf4e2d33d20d067d515eb945c352e2350a4194a4,f4feae2598622afe346b1163fed2bb842305a8d973a89ec890c02746d99b5999,false,false,false,false,false,"Static identity and source ownership only; no runtime, browser, executed-test, benchmark, ease, release, or completion credit."
TASK-CAP-SAFE-CONCERN-INTAKE-TRIAGE,CAP-SAFE-CONCERN-INTAKE-TRIAGE,Safeguarding,NOT_ESTABLISHED_CURRENT_AUDIT,"Raise, assign, and triage a safeguarding concern",NOT_ESTABLISHED_CURRENT_AUDIT,"Raise, assign, and triage a safeguarding concern","NOT_ESTABLISHED_CURRENT_AUDIT; execution requires a documented representative role, approved Site/record scope where applicable, and resettable synthetic data.",SOURCE_BOUND_STATIC_IDENTITY_ONLY,NOT_EXECUTED_REPRESENTATIVE_ROLE,NOT_MEASURED,0-5; NOT_MEASURED is not 0,NOT_MEASURED,NOT_MEASURED,NOT_MEASURED,NOT_MEASURED,NOT_MEASURED,NOT_MEASURED,NOT_MEASURED,NOT_MEASURED,NOT_MEASURED,NOT_MEASURED,NOT_MEASURED,NOT_MEASURED,NOT_MEASURED,NOT_MEASURED,NOT_MEASURED,NOT_MEASURED,NOT_MEASURED,"{""discoverability"":""NOT_MEASURED"",""comprehension"":""NOT_MEASURED"",""learnability"":""NOT_MEASURED"",""efficiency"":""NOT_MEASURED"",""error_prevention"":""NOT_MEASURED"",""recovery"":""NOT_MEASURED"",""accessibility"":""NOT_MEASURED"",""safety_and_trust"":""NOT_MEASURED"",""consistency"":""NOT_MEASURED"",""cross_module_continuity"":""NOT_MEASURED""}",NOT_PERFORMED,NOT_LINKED_TO_CANONICAL_TARGET_CURRENT_AUDIT,NOT_MEASURED,NOT_MEASURED,NOT_MEASURED,NOT_MEASURED,NOT_MEASURED,NOT_MEASURED,NOT_MEASURED,NOT_MEASURED,NOT_MEASURED,NOT_MEASURED,NOT_MEASURED,H,CANONICAL_STATIC_IDENTITY_DENOMINATOR,SafeguardingConcernController and lifecycle owners,NOT_ESTABLISHED_CURRENT_AUDIT,"Raise, assign, and triage a safeguarding concern",NOT_ADJUDICATED_CURRENT_AUDIT,NOT_SCORED_CURRENT_AUDIT,NOT_SCORED_CURRENT_AUDIT,STATIC_CANONICAL_IDENTITY_FROZEN,INCOMPLETE_CANONICAL_STATIC_IDENTITY_ONLY,NOT_ADJUDICATED_CURRENT_AUDIT,NOT_ADJUDICATED_CURRENT_AUDIT,NOT_DETERMINED_CURRENT_AUDIT,ONE_OPERATING_ORGANISATION_MULTIPLE_SITES; FEATURE_SPECIFIC_ROLE_PERMISSION_SITE_OWNERSHIP_DIRECT_OBJECT_PRIVACY_BOUNDARY_NOT_ADJUDICATED,NOT_ESTABLISHED_CURRENT_AUDIT,NOT_ESTABLISHED_CURRENT_AUDIT,routes/safeguarding.php:19-52,resources/js/pages/safeguarding/index.tsx,app/Http/Controllers/SafeguardingConcernController.php:213-252,tests/Feature/SafeguardingConcernControllerTest.php:228-301,NOT_ESTABLISHED_CURRENT_AUDIT,"Static canonical identity only: Raise, assign, and triage a safeguarding concern. Representative-role completion was not executed.",ROUTE_AND_PAGE_SOURCE_ANCHORS_PRESENT_UNVALIDATED,ROUTE_AND_PAGE_SOURCE_ANCHORS_PRESENT_UNVALIDATED,task-scripts/cap-safe-concern-intake-triage.md,a0493442b9e392d324055c35bf25b69421dc2d35,f8cdaf81d83c71e4f5d064fdf88872b908ffaaa1,df6e1b1b357439ad1fd829bebf4e2d33d20d067d515eb945c352e2350a4194a4,f4feae2598622afe346b1163fed2bb842305a8d973a89ec890c02746d99b5999,false,false,false,false,false,"Static identity and source ownership only; no runtime, browser, executed-test, benchmark, ease, release, or completion credit."
TASK-CAP-SAFE-EVIDENCE-ATTACHMENTS,CAP-SAFE-EVIDENCE-ATTACHMENTS,Safeguarding,NOT_ESTABLISHED_CURRENT_AUDIT,Upload and manage need-to-know safeguarding evidence attachments,NOT_ESTABLISHED_CURRENT_AUDIT,Upload and manage need-to-know safeguarding evidence attachments,"NOT_ESTABLISHED_CURRENT_AUDIT; execution requires a documented representative role, approved Site/record scope where applicable, and resettable synthetic data.",SOURCE_BOUND_STATIC_IDENTITY_ONLY,NOT_EXECUTED_REPRESENTATIVE_ROLE,NOT_MEASURED,0-5; NOT_MEASURED is not 0,NOT_MEASURED,NOT_MEASURED,NOT_MEASURED,NOT_MEASURED,NOT_MEASURED,NOT_MEASURED,NOT_MEASURED,NOT_MEASURED,NOT_MEASURED,NOT_MEASURED,NOT_MEASURED,NOT_MEASURED,NOT_MEASURED,NOT_MEASURED,NOT_MEASURED,NOT_MEASURED,NOT_MEASURED,"{""discoverability"":""NOT_MEASURED"",""comprehension"":""NOT_MEASURED"",""learnability"":""NOT_MEASURED"",""efficiency"":""NOT_MEASURED"",""error_prevention"":""NOT_MEASURED"",""recovery"":""NOT_MEASURED"",""accessibility"":""NOT_MEASURED"",""safety_and_trust"":""NOT_MEASURED"",""consistency"":""NOT_MEASURED"",""cross_module_continuity"":""NOT_MEASURED""}",NOT_PERFORMED,NOT_LINKED_TO_CANONICAL_TARGET_CURRENT_AUDIT,NOT_MEASURED,NOT_MEASURED,NOT_MEASURED,NOT_MEASURED,NOT_MEASURED,NOT_MEASURED,NOT_MEASURED,NOT_MEASURED,NOT_MEASURED,NOT_MEASURED,NOT_MEASURED,H,CANONICAL_STATIC_IDENTITY_DENOMINATOR,SafeguardingAttachmentController,NOT_ESTABLISHED_CURRENT_AUDIT,Upload and manage need-to-know safeguarding evidence attachments,NOT_ADJUDICATED_CURRENT_AUDIT,NOT_SCORED_CURRENT_AUDIT,NOT_SCORED_CURRENT_AUDIT,STATIC_CANONICAL_IDENTITY_FROZEN,INCOMPLETE_CANONICAL_STATIC_IDENTITY_ONLY,NOT_ADJUDICATED_CURRENT_AUDIT,NOT_ADJUDICATED_CURRENT_AUDIT,NOT_DETERMINED_CURRENT_AUDIT,ONE_OPERATING_ORGANISATION_MULTIPLE_SITES; FEATURE_SPECIFIC_ROLE_PERMISSION_SITE_OWNERSHIP_DIRECT_OBJECT_PRIVACY_BOUNDARY_NOT_ADJUDICATED,NOT_ESTABLISHED_CURRENT_AUDIT,NOT_ESTABLISHED_CURRENT_AUDIT,routes/safeguarding.php:88-96,NOT_ESTABLISHED_CURRENT_AUDIT,app/Http/Controllers/SafeguardingAttachmentController.php; app/Http/Controllers/SafeguardingAttachmentController.php:17-85,NOT_ESTABLISHED_CURRENT_AUDIT,NOT_ESTABLISHED_CURRENT_AUDIT,Static canonical identity only: Upload and manage need-to-know safeguarding evidence attachments. Representative-role completion was not executed.,ROUTE_SOURCE_ANCHOR_ONLY_UNVALIDATED,ROUTE_SOURCE_ANCHOR_ONLY_UNVALIDATED,task-scripts/cap-safe-evidence-attachments.md,a0493442b9e392d324055c35bf25b69421dc2d35,f8cdaf81d83c71e4f5d064fdf88872b908ffaaa1,df6e1b1b357439ad1fd829bebf4e2d33d20d067d515eb945c352e2350a4194a4,f4feae2598622afe346b1163fed2bb842305a8d973a89ec890c02746d99b5999,false,false,false,false,false,"Static identity and source ownership only; no runtime, browser, executed-test, benchmark, ease, release, or completion credit."
TASK-CAP-SAFE-EXTERNAL-REPORT,CAP-SAFE-EXTERNAL-REPORT,Safeguarding,NOT_ESTABLISHED_CURRENT_AUDIT,Record reports to external safeguarding authorities,NOT_ESTABLISHED_CURRENT_AUDIT,Record reports to external safeguarding authorities,"NOT_ESTABLISHED_CURRENT_AUDIT; execution requires a documented representative role, approved Site/record scope where applicable, and resettable synthetic data.",SOURCE_BOUND_STATIC_IDENTITY_ONLY,NOT_EXECUTED_REPRESENTATIVE_ROLE,NOT_MEASURED,0-5; NOT_MEASURED is not 0,NOT_MEASURED,NOT_MEASURED,NOT_MEASURED,NOT_MEASURED,NOT_MEASURED,NOT_MEASURED,NOT_MEASURED,NOT_MEASURED,NOT_MEASURED,NOT_MEASURED,NOT_MEASURED,NOT_MEASURED,NOT_MEASURED,NOT_MEASURED,NOT_MEASURED,NOT_MEASURED,NOT_MEASURED,"{""discoverability"":""NOT_MEASURED"",""comprehension"":""NOT_MEASURED"",""learnability"":""NOT_MEASURED"",""efficiency"":""NOT_MEASURED"",""error_prevention"":""NOT_MEASURED"",""recovery"":""NOT_MEASURED"",""accessibility"":""NOT_MEASURED"",""safety_and_trust"":""NOT_MEASURED"",""consistency"":""NOT_MEASURED"",""cross_module_continuity"":""NOT_MEASURED""}",NOT_PERFORMED,NOT_LINKED_TO_CANONICAL_TARGET_CURRENT_AUDIT,NOT_MEASURED,NOT_MEASURED,NOT_MEASURED,NOT_MEASURED,NOT_MEASURED,NOT_MEASURED,NOT_MEASURED,NOT_MEASURED,NOT_MEASURED,NOT_MEASURED,NOT_MEASURED,H,CANONICAL_STATIC_IDENTITY_DENOMINATOR,SafeguardingExternalReportController,NOT_ESTABLISHED_CURRENT_AUDIT,Record reports to external safeguarding authorities,NOT_ADJUDICATED_CURRENT_AUDIT,NOT_SCORED_CURRENT_AUDIT,NOT_SCORED_CURRENT_AUDIT,STATIC_CANONICAL_IDENTITY_FROZEN,INCOMPLETE_CANONICAL_STATIC_IDENTITY_ONLY,NOT_ADJUDICATED_CURRENT_AUDIT,NOT_ADJUDICATED_CURRENT_AUDIT,NOT_DETERMINED_CURRENT_AUDIT,ONE_OPERATING_ORGANISATION_MULTIPLE_SITES; FEATURE_SPECIFIC_ROLE_PERMISSION_SITE_OWNERSHIP_DIRECT_OBJECT_PRIVACY_BOUNDARY_NOT_ADJUDICATED,NOT_ESTABLISHED_CURRENT_AUDIT,NOT_ESTABLISHED_CURRENT_AUDIT,NOT_ESTABLISHED_CURRENT_AUDIT,NOT_ESTABLISHED_CURRENT_AUDIT,app/Http/Controllers/SafeguardingExternalReportController.php:16-62,tests/Feature/Safeguarding/SafeguardingSubRecordTest.php:104-120,NOT_ESTABLISHED_CURRENT_AUDIT,Static canonical identity only: Record reports to external safeguarding authorities. Representative-role completion was not executed.,NOT_ESTABLISHED_CURRENT_AUDIT_NO_ROUTE_OR_PAGE_ANCHOR,NOT_ESTABLISHED_CURRENT_AUDIT_NO_ROUTE_OR_PAGE_ANCHOR,task-scripts/cap-safe-external-report.md,a0493442b9e392d324055c35bf25b69421dc2d35,f8cdaf81d83c71e4f5d064fdf88872b908ffaaa1,df6e1b1b357439ad1fd829bebf4e2d33d20d067d515eb945c352e2350a4194a4,f4feae2598622afe346b1163fed2bb842305a8d973a89ec890c02746d99b5999,false,false,false,false,false,"Static identity and source ownership only; no runtime, browser, executed-test, benchmark, ease, release, or completion credit."
TASK-CAP-SAFE-INVESTIGATION,CAP-SAFE-INVESTIGATION,Safeguarding,NOT_ESTABLISHED_CURRENT_AUDIT,Open and maintain a sensitivity-scoped safeguarding investigation,NOT_ESTABLISHED_CURRENT_AUDIT,Open and maintain a sensitivity-scoped safeguarding investigation,"NOT_ESTABLISHED_CURRENT_AUDIT; execution requires a documented representative role, approved Site/record scope where applicable, and resettable synthetic data.",SOURCE_BOUND_STATIC_IDENTITY_ONLY,NOT_EXECUTED_REPRESENTATIVE_ROLE,NOT_MEASURED,0-5; NOT_MEASURED is not 0,NOT_MEASURED,NOT_MEASURED,NOT_MEASURED,NOT_MEASURED,NOT_MEASURED,NOT_MEASURED,NOT_MEASURED,NOT_MEASURED,NOT_MEASURED,NOT_MEASURED,NOT_MEASURED,NOT_MEASURED,NOT_MEASURED,NOT_MEASURED,NOT_MEASURED,NOT_MEASURED,NOT_MEASURED,"{""discoverability"":""NOT_MEASURED"",""comprehension"":""NOT_MEASURED"",""learnability"":""NOT_MEASURED"",""efficiency"":""NOT_MEASURED"",""error_prevention"":""NOT_MEASURED"",""recovery"":""NOT_MEASURED"",""accessibility"":""NOT_MEASURED"",""safety_and_trust"":""NOT_MEASURED"",""consistency"":""NOT_MEASURED"",""cross_module_continuity"":""NOT_MEASURED""}",NOT_PERFORMED,NOT_LINKED_TO_CANONICAL_TARGET_CURRENT_AUDIT,NOT_MEASURED,NOT_MEASURED,NOT_MEASURED,NOT_MEASURED,NOT_MEASURED,NOT_MEASURED,NOT_MEASURED,NOT_MEASURED,NOT_MEASURED,NOT_MEASURED,NOT_MEASURED,H,CANONICAL_STATIC_IDENTITY_DENOMINATOR,SafeguardingInvestigationController,NOT_ESTABLISHED_CURRENT_AUDIT,Open and maintain a sensitivity-scoped safeguarding investigation,NOT_ADJUDICATED_CURRENT_AUDIT,NOT_SCORED_CURRENT_AUDIT,NOT_SCORED_CURRENT_AUDIT,STATIC_CANONICAL_IDENTITY_FROZEN,INCOMPLETE_CANONICAL_STATIC_IDENTITY_ONLY,NOT_ADJUDICATED_CURRENT_AUDIT,NOT_ADJUDICATED_CURRENT_AUDIT,NOT_DETERMINED_CURRENT_AUDIT,ONE_OPERATING_ORGANISATION_MULTIPLE_SITES; FEATURE_SPECIFIC_ROLE_PERMISSION_SITE_OWNERSHIP_DIRECT_OBJECT_PRIVACY_BOUNDARY_NOT_ADJUDICATED,NOT_ESTABLISHED_CURRENT_AUDIT,NOT_ESTABLISHED_CURRENT_AUDIT,routes/safeguarding.php:66-73,NOT_ESTABLISHED_CURRENT_AUDIT,app/Http/Controllers/SafeguardingInvestigationController.php; app/Http/Controllers/SafeguardingInvestigationController.php:10-105,NOT_ESTABLISHED_CURRENT_AUDIT,NOT_ESTABLISHED_CURRENT_AUDIT,Static canonical identity only: Open and maintain a sensitivity-scoped safeguarding investigation. Representative-role completion was not executed.,ROUTE_SOURCE_ANCHOR_ONLY_UNVALIDATED,ROUTE_SOURCE_ANCHOR_ONLY_UNVALIDATED,task-scripts/cap-safe-investigation.md,a0493442b9e392d324055c35bf25b69421dc2d35,f8cdaf81d83c71e4f5d064fdf88872b908ffaaa1,df6e1b1b357439ad1fd829bebf4e2d33d20d067d515eb945c352e2350a4194a4,f4feae2598622afe346b1163fed2bb842305a8d973a89ec890c02746d99b5999,false,false,false,false,false,"Static identity and source ownership only; no runtime, browser, executed-test, benchmark, ease, release, or completion credit."
TASK-CAP-SAFE-RISK-ASSESSMENT,CAP-SAFE-RISK-ASSESSMENT,Safeguarding,NOT_ESTABLISHED_CURRENT_AUDIT,Record and update the concern's safeguarding risk assessment,NOT_ESTABLISHED_CURRENT_AUDIT,Record and update the concern's safeguarding risk assessment,"NOT_ESTABLISHED_CURRENT_AUDIT; execution requires a documented representative role, approved Site/record scope where applicable, and resettable synthetic data.",SOURCE_BOUND_STATIC_IDENTITY_ONLY,NOT_EXECUTED_REPRESENTATIVE_ROLE,NOT_MEASURED,0-5; NOT_MEASURED is not 0,NOT_MEASURED,NOT_MEASURED,NOT_MEASURED,NOT_MEASURED,NOT_MEASURED,NOT_MEASURED,NOT_MEASURED,NOT_MEASURED,NOT_MEASURED,NOT_MEASURED,NOT_MEASURED,NOT_MEASURED,NOT_MEASURED,NOT_MEASURED,NOT_MEASURED,NOT_MEASURED,NOT_MEASURED,"{""discoverability"":""NOT_MEASURED"",""comprehension"":""NOT_MEASURED"",""learnability"":""NOT_MEASURED"",""efficiency"":""NOT_MEASURED"",""error_prevention"":""NOT_MEASURED"",""recovery"":""NOT_MEASURED"",""accessibility"":""NOT_MEASURED"",""safety_and_trust"":""NOT_MEASURED"",""consistency"":""NOT_MEASURED"",""cross_module_continuity"":""NOT_MEASURED""}",NOT_PERFORMED,NOT_LINKED_TO_CANONICAL_TARGET_CURRENT_AUDIT,NOT_MEASURED,NOT_MEASURED,NOT_MEASURED,NOT_MEASURED,NOT_MEASURED,NOT_MEASURED,NOT_MEASURED,NOT_MEASURED,NOT_MEASURED,NOT_MEASURED,NOT_MEASURED,H,CANONICAL_STATIC_IDENTITY_DENOMINATOR,SafeguardingRiskAssessmentController,NOT_ESTABLISHED_CURRENT_AUDIT,Record and update the concern's safeguarding risk assessment,NOT_ADJUDICATED_CURRENT_AUDIT,NOT_SCORED_CURRENT_AUDIT,NOT_SCORED_CURRENT_AUDIT,STATIC_CANONICAL_IDENTITY_FROZEN,INCOMPLETE_CANONICAL_STATIC_IDENTITY_ONLY,NOT_ADJUDICATED_CURRENT_AUDIT,NOT_ADJUDICATED_CURRENT_AUDIT,NOT_DETERMINED_CURRENT_AUDIT,ONE_OPERATING_ORGANISATION_MULTIPLE_SITES; FEATURE_SPECIFIC_ROLE_PERMISSION_SITE_OWNERSHIP_DIRECT_OBJECT_PRIVACY_BOUNDARY_NOT_ADJUDICATED,NOT_ESTABLISHED_CURRENT_AUDIT,NOT_ESTABLISHED_CURRENT_AUDIT,routes/safeguarding.php:84-86,NOT_ESTABLISHED_CURRENT_AUDIT,app/Http/Controllers/SafeguardingRiskAssessmentController.php; app/Http/Controllers/SafeguardingRiskAssessmentController.php:11-58,NOT_ESTABLISHED_CURRENT_AUDIT,NOT_ESTABLISHED_CURRENT_AUDIT,Static canonical identity only: Record and update the concern's safeguarding risk assessment. Representative-role completion was not executed.,ROUTE_SOURCE_ANCHOR_ONLY_UNVALIDATED,ROUTE_SOURCE_ANCHOR_ONLY_UNVALIDATED,task-scripts/cap-safe-risk-assessment.md,a0493442b9e392d324055c35bf25b69421dc2d35,f8cdaf81d83c71e4f5d064fdf88872b908ffaaa1,df6e1b1b357439ad1fd829bebf4e2d33d20d067d515eb945c352e2350a4194a4,f4feae2598622afe346b1163fed2bb842305a8d973a89ec890c02746d99b5999,false,false,false,false,false,"Static identity and source ownership only; no runtime, browser, executed-test, benchmark, ease, release, or completion credit."
TASK-CAP-SAFE-SENSITIVITY-DECLASSIFICATION,CAP-SAFE-SENSITIVITY-DECLASSIFICATION,Safeguarding,NOT_ESTABLISHED_CURRENT_AUDIT,"Restrict, preview, request, and decide governed declassification",NOT_ESTABLISHED_CURRENT_AUDIT,"Restrict, preview, request, and decide governed declassification","NOT_ESTABLISHED_CURRENT_AUDIT; execution requires a documented representative role, approved Site/record scope where applicable, and resettable synthetic data.",SOURCE_BOUND_STATIC_IDENTITY_ONLY,NOT_EXECUTED_REPRESENTATIVE_ROLE,NOT_MEASURED,0-5; NOT_MEASURED is not 0,NOT_MEASURED,NOT_MEASURED,NOT_MEASURED,NOT_MEASURED,NOT_MEASURED,NOT_MEASURED,NOT_MEASURED,NOT_MEASURED,NOT_MEASURED,NOT_MEASURED,NOT_MEASURED,NOT_MEASURED,NOT_MEASURED,NOT_MEASURED,NOT_MEASURED,NOT_MEASURED,NOT_MEASURED,"{""discoverability"":""NOT_MEASURED"",""comprehension"":""NOT_MEASURED"",""learnability"":""NOT_MEASURED"",""efficiency"":""NOT_MEASURED"",""error_prevention"":""NOT_MEASURED"",""recovery"":""NOT_MEASURED"",""accessibility"":""NOT_MEASURED"",""safety_and_trust"":""NOT_MEASURED"",""consistency"":""NOT_MEASURED"",""cross_module_continuity"":""NOT_MEASURED""}",NOT_PERFORMED,NOT_LINKED_TO_CANONICAL_TARGET_CURRENT_AUDIT,NOT_MEASURED,NOT_MEASURED,NOT_MEASURED,NOT_MEASURED,NOT_MEASURED,NOT_MEASURED,NOT_MEASURED,NOT_MEASURED,NOT_MEASURED,NOT_MEASURED,NOT_MEASURED,H,CANONICAL_STATIC_IDENTITY_DENOMINATOR,SafeguardingSensitivityService,NOT_ESTABLISHED_CURRENT_AUDIT,"Restrict, preview, request, and decide governed declassification",NOT_ADJUDICATED_CURRENT_AUDIT,NOT_SCORED_CURRENT_AUDIT,NOT_SCORED_CURRENT_AUDIT,STATIC_CANONICAL_IDENTITY_FROZEN,INCOMPLETE_CANONICAL_STATIC_IDENTITY_ONLY,NOT_ADJUDICATED_CURRENT_AUDIT,NOT_ADJUDICATED_CURRENT_AUDIT,NOT_DETERMINED_CURRENT_AUDIT,ONE_OPERATING_ORGANISATION_MULTIPLE_SITES; FEATURE_SPECIFIC_ROLE_PERMISSION_SITE_OWNERSHIP_DIRECT_OBJECT_PRIVACY_BOUNDARY_NOT_ADJUDICATED,NOT_ESTABLISHED_CURRENT_AUDIT,NOT_ESTABLISHED_CURRENT_AUDIT,routes/safeguarding.php:55-64,NOT_ESTABLISHED_CURRENT_AUDIT,app/Services/Safeguarding/SafeguardingSensitivityService.php:35-287,tests/Feature/Safeguarding/SafeguardingSensitivityGovernanceTest.php:113-235,NOT_ESTABLISHED_CURRENT_AUDIT,"Static canonical identity only: Restrict, preview, request, and decide governed declassification. Representative-role completion was not executed.",ROUTE_SOURCE_ANCHOR_ONLY_UNVALIDATED,ROUTE_SOURCE_ANCHOR_ONLY_UNVALIDATED,task-scripts/cap-safe-sensitivity-declassification.md,a0493442b9e392d324055c35bf25b69421dc2d35,f8cdaf81d83c71e4f5d064fdf88872b908ffaaa1,df6e1b1b357439ad1fd829bebf4e2d33d20d067d515eb945c352e2350a4194a4,f4feae2598622afe346b1163fed2bb842305a8d973a89ec890c02746d99b5999,false,false,false,false,false,"Static identity and source ownership only; no runtime, browser, executed-test, benchmark, ease, release, or completion credit."
TASK-CAP-SAFE-TERMINAL-PROJECTION,CAP-SAFE-TERMINAL-PROJECTION,Safeguarding,NOT_ESTABLISHED_CURRENT_AUDIT,Complete a safeguarding terminal transition across linked owners,NOT_ESTABLISHED_CURRENT_AUDIT,Complete a safeguarding terminal transition across linked owners,"NOT_ESTABLISHED_CURRENT_AUDIT; execution requires a documented representative role, approved Site/record scope where applicable, and resettable synthetic data.",SOURCE_BOUND_STATIC_IDENTITY_ONLY,NOT_EXECUTED_REPRESENTATIVE_ROLE,NOT_MEASURED,0-5; NOT_MEASURED is not 0,NOT_MEASURED,NOT_MEASURED,NOT_MEASURED,NOT_MEASURED,NOT_MEASURED,NOT_MEASURED,NOT_MEASURED,NOT_MEASURED,NOT_MEASURED,NOT_MEASURED,NOT_MEASURED,NOT_MEASURED,NOT_MEASURED,NOT_MEASURED,NOT_MEASURED,NOT_MEASURED,NOT_MEASURED,"{""discoverability"":""NOT_MEASURED"",""comprehension"":""NOT_MEASURED"",""learnability"":""NOT_MEASURED"",""efficiency"":""NOT_MEASURED"",""error_prevention"":""NOT_MEASURED"",""recovery"":""NOT_MEASURED"",""accessibility"":""NOT_MEASURED"",""safety_and_trust"":""NOT_MEASURED"",""consistency"":""NOT_MEASURED"",""cross_module_continuity"":""NOT_MEASURED""}",NOT_PERFORMED,NOT_LINKED_TO_CANONICAL_TARGET_CURRENT_AUDIT,NOT_MEASURED,NOT_MEASURED,NOT_MEASURED,NOT_MEASURED,NOT_MEASURED,NOT_MEASURED,NOT_MEASURED,NOT_MEASURED,NOT_MEASURED,NOT_MEASURED,NOT_MEASURED,H,CANONICAL_STATIC_IDENTITY_DENOMINATOR,SafeguardingTerminalTransitionService,NOT_ESTABLISHED_CURRENT_AUDIT,Complete a safeguarding terminal transition across linked owners,NOT_ADJUDICATED_CURRENT_AUDIT,NOT_SCORED_CURRENT_AUDIT,NOT_SCORED_CURRENT_AUDIT,STATIC_CANONICAL_IDENTITY_FROZEN,INCOMPLETE_CANONICAL_STATIC_IDENTITY_ONLY,NOT_ADJUDICATED_CURRENT_AUDIT,NOT_ADJUDICATED_CURRENT_AUDIT,NOT_DETERMINED_CURRENT_AUDIT,ONE_OPERATING_ORGANISATION_MULTIPLE_SITES; FEATURE_SPECIFIC_ROLE_PERMISSION_SITE_OWNERSHIP_DIRECT_OBJECT_PRIVACY_BOUNDARY_NOT_ADJUDICATED,NOT_ESTABLISHED_CURRENT_AUDIT,NOT_ESTABLISHED_CURRENT_AUDIT,routes/safeguarding.php:75-82,NOT_ESTABLISHED_CURRENT_AUDIT,app/Services/Safeguarding/SafeguardingTerminalTransitionService.php:45-225,tests/Feature/Safeguarding/SafeguardingTerminalTransitionTest.php:37-168,NOT_ESTABLISHED_CURRENT_AUDIT,Static canonical identity only: Complete a safeguarding terminal transition across linked owners. Representative-role completion was not executed.,ROUTE_SOURCE_ANCHOR_ONLY_UNVALIDATED,ROUTE_SOURCE_ANCHOR_ONLY_UNVALIDATED,task-scripts/cap-safe-terminal-projection.md,a0493442b9e392d324055c35bf25b69421dc2d35,f8cdaf81d83c71e4f5d064fdf88872b908ffaaa1,df6e1b1b357439ad1fd829bebf4e2d33d20d067d515eb945c352e2350a4194a4,f4feae2598622afe346b1163fed2bb842305a8d973a89ec890c02746d99b5999,false,false,false,false,false,"Static identity and source ownership only; no runtime, browser, executed-test, benchmark, ease, release, or completion credit."
TASK-CAP-SEC-ACCESS-CREDENTIAL-LIFECYCLE,CAP-SEC-ACCESS-CREDENTIAL-LIFECYCLE,Security Devices,NOT_ESTABLISHED_CURRENT_AUDIT,"Issue, reconcile, and revoke access credentials",NOT_ESTABLISHED_CURRENT_AUDIT,"Issue, reconcile, and revoke access credentials","NOT_ESTABLISHED_CURRENT_AUDIT; execution requires a documented representative role, approved Site/record scope where applicable, and resettable synthetic data.",SOURCE_BOUND_STATIC_IDENTITY_ONLY,NOT_EXECUTED_REPRESENTATIVE_ROLE,NOT_MEASURED,0-5; NOT_MEASURED is not 0,NOT_MEASURED,NOT_MEASURED,NOT_MEASURED,NOT_MEASURED,NOT_MEASURED,NOT_MEASURED,NOT_MEASURED,NOT_MEASURED,NOT_MEASURED,NOT_MEASURED,NOT_MEASURED,NOT_MEASURED,NOT_MEASURED,NOT_MEASURED,NOT_MEASURED,NOT_MEASURED,NOT_MEASURED,"{""discoverability"":""NOT_MEASURED"",""comprehension"":""NOT_MEASURED"",""learnability"":""NOT_MEASURED"",""efficiency"":""NOT_MEASURED"",""error_prevention"":""NOT_MEASURED"",""recovery"":""NOT_MEASURED"",""accessibility"":""NOT_MEASURED"",""safety_and_trust"":""NOT_MEASURED"",""consistency"":""NOT_MEASURED"",""cross_module_continuity"":""NOT_MEASURED""}",NOT_PERFORMED,NOT_LINKED_TO_CANONICAL_TARGET_CURRENT_AUDIT,NOT_MEASURED,NOT_MEASURED,NOT_MEASURED,NOT_MEASURED,NOT_MEASURED,NOT_MEASURED,NOT_MEASURED,NOT_MEASURED,NOT_MEASURED,NOT_MEASURED,NOT_MEASURED,H,CANONICAL_STATIC_IDENTITY_DENOMINATOR,AccessControlLifecycleService,NOT_ESTABLISHED_CURRENT_AUDIT,"Issue, reconcile, and revoke access credentials",NOT_ADJUDICATED_CURRENT_AUDIT,NOT_SCORED_CURRENT_AUDIT,NOT_SCORED_CURRENT_AUDIT,STATIC_CANONICAL_IDENTITY_FROZEN,INCOMPLETE_CANONICAL_STATIC_IDENTITY_ONLY,NOT_ADJUDICATED_CURRENT_AUDIT,NOT_ADJUDICATED_CURRENT_AUDIT,NOT_DETERMINED_CURRENT_AUDIT,ONE_OPERATING_ORGANISATION_MULTIPLE_SITES; FEATURE_SPECIFIC_ROLE_PERMISSION_SITE_OWNERSHIP_DIRECT_OBJECT_PRIVACY_BOUNDARY_NOT_ADJUDICATED,NOT_ESTABLISHED_CURRENT_AUDIT,NOT_ESTABLISHED_CURRENT_AUDIT,NOT_ESTABLISHED_CURRENT_AUDIT,NOT_ESTABLISHED_CURRENT_AUDIT,app/Domain/SecurityDevices/AccessControl/Services/AccessControlLifecycleService.php:181; app/Domain/SecurityDevices/AccessControl/Services/AccessControlLifecycleService.php:201; app/Domain/SecurityDevices/AccessControl/Services/AccessControlLifecycleService.php:26-378,tests/Feature/SecurityDevices/AccessControlWorkflowTest.php:144-451,NOT_ESTABLISHED_CURRENT_AUDIT,"Static canonical identity only: Issue, reconcile, and revoke access credentials. Representative-role completion was not executed.",NOT_ESTABLISHED_CURRENT_AUDIT_NO_ROUTE_OR_PAGE_ANCHOR,NOT_ESTABLISHED_CURRENT_AUDIT_NO_ROUTE_OR_PAGE_ANCHOR,task-scripts/cap-sec-access-credential-lifecycle.md,a0493442b9e392d324055c35bf25b69421dc2d35,f8cdaf81d83c71e4f5d064fdf88872b908ffaaa1,df6e1b1b357439ad1fd829bebf4e2d33d20d067d515eb945c352e2350a4194a4,f4feae2598622afe346b1163fed2bb842305a8d973a89ec890c02746d99b5999,false,false,false,false,false,"Static identity and source ownership only; no runtime, browser, executed-test, benchmark, ease, release, or completion credit."
TASK-CAP-SEC-ACCESS-SCHEDULE-LIFECYCLE,CAP-SEC-ACCESS-SCHEDULE-LIFECYCLE,Security Devices,NOT_ESTABLISHED_CURRENT_AUDIT,"Create, version, and deactivate access schedules",NOT_ESTABLISHED_CURRENT_AUDIT,"Create, version, and deactivate access schedules","NOT_ESTABLISHED_CURRENT_AUDIT; execution requires a documented representative role, approved Site/record scope where applicable, and resettable synthetic data.",SOURCE_BOUND_STATIC_IDENTITY_ONLY,NOT_EXECUTED_REPRESENTATIVE_ROLE,NOT_MEASURED,0-5; NOT_MEASURED is not 0,NOT_MEASURED,NOT_MEASURED,NOT_MEASURED,NOT_MEASURED,NOT_MEASURED,NOT_MEASURED,NOT_MEASURED,NOT_MEASURED,NOT_MEASURED,NOT_MEASURED,NOT_MEASURED,NOT_MEASURED,NOT_MEASURED,NOT_MEASURED,NOT_MEASURED,NOT_MEASURED,NOT_MEASURED,"{""discoverability"":""NOT_MEASURED"",""comprehension"":""NOT_MEASURED"",""learnability"":""NOT_MEASURED"",""efficiency"":""NOT_MEASURED"",""error_prevention"":""NOT_MEASURED"",""recovery"":""NOT_MEASURED"",""accessibility"":""NOT_MEASURED"",""safety_and_trust"":""NOT_MEASURED"",""consistency"":""NOT_MEASURED"",""cross_module_continuity"":""NOT_MEASURED""}",NOT_PERFORMED,NOT_LINKED_TO_CANONICAL_TARGET_CURRENT_AUDIT,NOT_MEASURED,NOT_MEASURED,NOT_MEASURED,NOT_MEASURED,NOT_MEASURED,NOT_MEASURED,NOT_MEASURED,NOT_MEASURED,NOT_MEASURED,NOT_MEASURED,NOT_MEASURED,H,CANONICAL_STATIC_IDENTITY_DENOMINATOR,AccessControlLifecycleService,NOT_ESTABLISHED_CURRENT_AUDIT,"Create, version, and deactivate access schedules",NOT_ADJUDICATED_CURRENT_AUDIT,NOT_SCORED_CURRENT_AUDIT,NOT_SCORED_CURRENT_AUDIT,STATIC_CANONICAL_IDENTITY_FROZEN,INCOMPLETE_CANONICAL_STATIC_IDENTITY_ONLY,NOT_ADJUDICATED_CURRENT_AUDIT,NOT_ADJUDICATED_CURRENT_AUDIT,NOT_DETERMINED_CURRENT_AUDIT,ONE_OPERATING_ORGANISATION_MULTIPLE_SITES; FEATURE_SPECIFIC_ROLE_PERMISSION_SITE_OWNERSHIP_DIRECT_OBJECT_PRIVACY_BOUNDARY_NOT_ADJUDICATED,NOT_ESTABLISHED_CURRENT_AUDIT,NOT_ESTABLISHED_CURRENT_AUDIT,NOT_ESTABLISHED_CURRENT_AUDIT,NOT_ESTABLISHED_CURRENT_AUDIT,app/Domain/SecurityDevices/AccessControl/Services/AccessControlLifecycleService.php:26; app/Domain/SecurityDevices/AccessControl/Services/AccessControlLifecycleService.php:26-378; app/Domain/SecurityDevices/AccessControl/Services/AccessControlLifecycleService.php:77,tests/Feature/SecurityDevices/AccessControlWorkflowTest.php:144-451,NOT_ESTABLISHED_CURRENT_AUDIT,"Static canonical identity only: Create, version, and deactivate access schedules. Representative-role completion was not executed.",NOT_ESTABLISHED_CURRENT_AUDIT_NO_ROUTE_OR_PAGE_ANCHOR,NOT_ESTABLISHED_CURRENT_AUDIT_NO_ROUTE_OR_PAGE_ANCHOR,task-scripts/cap-sec-access-schedule-lifecycle.md,a0493442b9e392d324055c35bf25b69421dc2d35,f8cdaf81d83c71e4f5d064fdf88872b908ffaaa1,df6e1b1b357439ad1fd829bebf4e2d33d20d067d515eb945c352e2350a4194a4,f4feae2598622afe346b1163fed2bb842305a8d973a89ec890c02746d99b5999,false,false,false,false,false,"Static identity and source ownership only; no runtime, browser, executed-test, benchmark, ease, release, or completion credit."
TASK-CAP-SEC-DEVICE-REGISTRY-CUSTODY,CAP-SEC-DEVICE-REGISTRY-CUSTODY,Security Devices,NOT_ESTABLISHED_CURRENT_AUDIT,"Register, assign, release, link, and decommission devices",NOT_ESTABLISHED_CURRENT_AUDIT,"Register, assign, release, link, and decommission devices","NOT_ESTABLISHED_CURRENT_AUDIT; execution requires a documented representative role, approved Site/record scope where applicable, and resettable synthetic data.",SOURCE_BOUND_STATIC_IDENTITY_ONLY,NOT_EXECUTED_REPRESENTATIVE_ROLE,NOT_MEASURED,0-5; NOT_MEASURED is not 0,NOT_MEASURED,NOT_MEASURED,NOT_MEASURED,NOT_MEASURED,NOT_MEASURED,NOT_MEASURED,NOT_MEASURED,NOT_MEASURED,NOT_MEASURED,NOT_MEASURED,NOT_MEASURED,NOT_MEASURED,NOT_MEASURED,NOT_MEASURED,NOT_MEASURED,NOT_MEASURED,NOT_MEASURED,"{""discoverability"":""NOT_MEASURED"",""comprehension"":""NOT_MEASURED"",""learnability"":""NOT_MEASURED"",""efficiency"":""NOT_MEASURED"",""error_prevention"":""NOT_MEASURED"",""recovery"":""NOT_MEASURED"",""accessibility"":""NOT_MEASURED"",""safety_and_trust"":""NOT_MEASURED"",""consistency"":""NOT_MEASURED"",""cross_module_continuity"":""NOT_MEASURED""}",NOT_PERFORMED,NOT_LINKED_TO_CANONICAL_TARGET_CURRENT_AUDIT,NOT_MEASURED,NOT_MEASURED,NOT_MEASURED,NOT_MEASURED,NOT_MEASURED,NOT_MEASURED,NOT_MEASURED,NOT_MEASURED,NOT_MEASURED,NOT_MEASURED,NOT_MEASURED,H,CANONICAL_STATIC_IDENTITY_DENOMINATOR,DeviceRegistryService and SecurityDevicesAccessService,NOT_ESTABLISHED_CURRENT_AUDIT,"Register, assign, release, link, and decommission devices",NOT_ADJUDICATED_CURRENT_AUDIT,NOT_SCORED_CURRENT_AUDIT,NOT_SCORED_CURRENT_AUDIT,STATIC_CANONICAL_IDENTITY_FROZEN,INCOMPLETE_CANONICAL_STATIC_IDENTITY_ONLY,NOT_ADJUDICATED_CURRENT_AUDIT,NOT_ADJUDICATED_CURRENT_AUDIT,NOT_DETERMINED_CURRENT_AUDIT,ONE_OPERATING_ORGANISATION_MULTIPLE_SITES; FEATURE_SPECIFIC_ROLE_PERMISSION_SITE_OWNERSHIP_DIRECT_OBJECT_PRIVACY_BOUNDARY_NOT_ADJUDICATED,NOT_ESTABLISHED_CURRENT_AUDIT,NOT_ESTABLISHED_CURRENT_AUDIT,NOT_ESTABLISHED_CURRENT_AUDIT,NOT_ESTABLISHED_CURRENT_AUDIT,app/Domain/SecurityDevices/Services/SecurityDevicesAccessService.php:35-1272,tests/Feature/SecurityDevices/DeviceCustodyAuthorizationTest.php:33-137,NOT_ESTABLISHED_CURRENT_AUDIT,"Static canonical identity only: Register, assign, release, link, and decommission devices. Representative-role completion was not executed.",NOT_ESTABLISHED_CURRENT_AUDIT_NO_ROUTE_OR_PAGE_ANCHOR,NOT_ESTABLISHED_CURRENT_AUDIT_NO_ROUTE_OR_PAGE_ANCHOR,task-scripts/cap-sec-device-registry-custody.md,a0493442b9e392d324055c35bf25b69421dc2d35,f8cdaf81d83c71e4f5d064fdf88872b908ffaaa1,df6e1b1b357439ad1fd829bebf4e2d33d20d067d515eb945c352e2350a4194a4,f4feae2598622afe346b1163fed2bb842305a8d973a89ec890c02746d99b5999,false,false,false,false,false,"Static identity and source ownership only; no runtime, browser, executed-test, benchmark, ease, release, or completion credit."
TASK-CAP-SEC-DISCOVERY-SCOPE-LIFECYCLE,CAP-SEC-DISCOVERY-SCOPE-LIFECYCLE,Security Devices,NOT_ESTABLISHED_CURRENT_AUDIT,"Create, validate, apply, and deactivate approved Site discovery scopes",NOT_ESTABLISHED_CURRENT_AUDIT,"Create, validate, apply, and deactivate approved Site discovery scopes","NOT_ESTABLISHED_CURRENT_AUDIT; execution requires a documented representative role, approved Site/record scope where applicable, and resettable synthetic data.",SOURCE_BOUND_STATIC_IDENTITY_ONLY,NOT_EXECUTED_REPRESENTATIVE_ROLE,NOT_MEASURED,0-5; NOT_MEASURED is not 0,NOT_MEASURED,NOT_MEASURED,NOT_MEASURED,NOT_MEASURED,NOT_MEASURED,NOT_MEASURED,NOT_MEASURED,NOT_MEASURED,NOT_MEASURED,NOT_MEASURED,NOT_MEASURED,NOT_MEASURED,NOT_MEASURED,NOT_MEASURED,NOT_MEASURED,NOT_MEASURED,NOT_MEASURED,"{""discoverability"":""NOT_MEASURED"",""comprehension"":""NOT_MEASURED"",""learnability"":""NOT_MEASURED"",""efficiency"":""NOT_MEASURED"",""error_prevention"":""NOT_MEASURED"",""recovery"":""NOT_MEASURED"",""accessibility"":""NOT_MEASURED"",""safety_and_trust"":""NOT_MEASURED"",""consistency"":""NOT_MEASURED"",""cross_module_continuity"":""NOT_MEASURED""}",NOT_PERFORMED,NOT_LINKED_TO_CANONICAL_TARGET_CURRENT_AUDIT,NOT_MEASURED,NOT_MEASURED,NOT_MEASURED,NOT_MEASURED,NOT_MEASURED,NOT_MEASURED,NOT_MEASURED,NOT_MEASURED,NOT_MEASURED,NOT_MEASURED,NOT_MEASURED,H,CANONICAL_STATIC_IDENTITY_DENOMINATOR,Discovery services and MonitoringCollectorLifecycleController,NOT_ESTABLISHED_CURRENT_AUDIT,"Create, validate, apply, and deactivate approved Site discovery scopes",NOT_ADJUDICATED_CURRENT_AUDIT,NOT_SCORED_CURRENT_AUDIT,NOT_SCORED_CURRENT_AUDIT,STATIC_CANONICAL_IDENTITY_FROZEN,INCOMPLETE_CANONICAL_STATIC_IDENTITY_ONLY,NOT_ADJUDICATED_CURRENT_AUDIT,NOT_ADJUDICATED_CURRENT_AUDIT,NOT_DETERMINED_CURRENT_AUDIT,ONE_OPERATING_ORGANISATION_MULTIPLE_SITES; FEATURE_SPECIFIC_ROLE_PERMISSION_SITE_OWNERSHIP_DIRECT_OBJECT_PRIVACY_BOUNDARY_NOT_ADJUDICATED,NOT_ESTABLISHED_CURRENT_AUDIT,NOT_ESTABLISHED_CURRENT_AUDIT,NOT_ESTABLISHED_CURRENT_AUDIT,NOT_ESTABLISHED_CURRENT_AUDIT,app/Domain/Monitoring/Services/NativeMonitoringDefinitionService.php:240; app/Domain/SecurityDevices/Http/Controllers/DiscoveryScopeLifecycleController.php:20,NOT_ESTABLISHED_CURRENT_AUDIT,NOT_ESTABLISHED_CURRENT_AUDIT,"Static canonical identity only: Create, validate, apply, and deactivate approved Site discovery scopes. Representative-role completion was not executed.",NOT_ESTABLISHED_CURRENT_AUDIT_NO_ROUTE_OR_PAGE_ANCHOR,NOT_ESTABLISHED_CURRENT_AUDIT_NO_ROUTE_OR_PAGE_ANCHOR,task-scripts/cap-sec-discovery-scope-lifecycle.md,a0493442b9e392d324055c35bf25b69421dc2d35,f8cdaf81d83c71e4f5d064fdf88872b908ffaaa1,df6e1b1b357439ad1fd829bebf4e2d33d20d067d515eb945c352e2350a4194a4,f4feae2598622afe346b1163fed2bb842305a8d973a89ec890c02746d99b5999,false,false,false,false,false,"Static identity and source ownership only; no runtime, browser, executed-test, benchmark, ease, release, or completion credit."
TASK-CAP-SEC-GOVERNED-COMMAND,CAP-SEC-GOVERNED-COMMAND,Security Devices,NOT_ESTABLISHED_CURRENT_AUDIT,"Request, approve, dispatch, and reconcile device commands",NOT_ESTABLISHED_CURRENT_AUDIT,"Request, approve, dispatch, and reconcile device commands","NOT_ESTABLISHED_CURRENT_AUDIT; execution requires a documented representative role, approved Site/record scope where applicable, and resettable synthetic data.",SOURCE_BOUND_STATIC_IDENTITY_ONLY,NOT_EXECUTED_REPRESENTATIVE_ROLE,NOT_MEASURED,0-5; NOT_MEASURED is not 0,NOT_MEASURED,NOT_MEASURED,NOT_MEASURED,NOT_MEASURED,NOT_MEASURED,NOT_MEASURED,NOT_MEASURED,NOT_MEASURED,NOT_MEASURED,NOT_MEASURED,NOT_MEASURED,NOT_MEASURED,NOT_MEASURED,NOT_MEASURED,NOT_MEASURED,NOT_MEASURED,NOT_MEASURED,"{""discoverability"":""NOT_MEASURED"",""comprehension"":""NOT_MEASURED"",""learnability"":""NOT_MEASURED"",""efficiency"":""NOT_MEASURED"",""error_prevention"":""NOT_MEASURED"",""recovery"":""NOT_MEASURED"",""accessibility"":""NOT_MEASURED"",""safety_and_trust"":""NOT_MEASURED"",""consistency"":""NOT_MEASURED"",""cross_module_continuity"":""NOT_MEASURED""}",NOT_PERFORMED,NOT_LINKED_TO_CANONICAL_TARGET_CURRENT_AUDIT,NOT_MEASURED,NOT_MEASURED,NOT_MEASURED,NOT_MEASURED,NOT_MEASURED,NOT_MEASURED,NOT_MEASURED,NOT_MEASURED,NOT_MEASURED,NOT_MEASURED,NOT_MEASURED,H,CANONICAL_STATIC_IDENTITY_DENOMINATOR,DeviceManagementAuthorizationService and GovernedCommandDispatchService,NOT_ESTABLISHED_CURRENT_AUDIT,"Request, approve, dispatch, and reconcile device commands",NOT_ADJUDICATED_CURRENT_AUDIT,NOT_SCORED_CURRENT_AUDIT,NOT_SCORED_CURRENT_AUDIT,STATIC_CANONICAL_IDENTITY_FROZEN,INCOMPLETE_CANONICAL_STATIC_IDENTITY_ONLY,NOT_ADJUDICATED_CURRENT_AUDIT,NOT_ADJUDICATED_CURRENT_AUDIT,NOT_DETERMINED_CURRENT_AUDIT,ONE_OPERATING_ORGANISATION_MULTIPLE_SITES; FEATURE_SPECIFIC_ROLE_PERMISSION_SITE_OWNERSHIP_DIRECT_OBJECT_PRIVACY_BOUNDARY_NOT_ADJUDICATED,NOT_ESTABLISHED_CURRENT_AUDIT,NOT_ESTABLISHED_CURRENT_AUDIT,NOT_ESTABLISHED_CURRENT_AUDIT,NOT_ESTABLISHED_CURRENT_AUDIT,app/Domain/SecurityDevices/Management/Services/GovernedCommandDispatchService.php:48-508,tests/Feature/SecurityDevices/DeviceManagementAuthorizationTest.php:65-266,NOT_ESTABLISHED_CURRENT_AUDIT,"Static canonical identity only: Request, approve, dispatch, and reconcile device commands. Representative-role completion was not executed.",NOT_ESTABLISHED_CURRENT_AUDIT_NO_ROUTE_OR_PAGE_ANCHOR,NOT_ESTABLISHED_CURRENT_AUDIT_NO_ROUTE_OR_PAGE_ANCHOR,task-scripts/cap-sec-governed-command.md,a0493442b9e392d324055c35bf25b69421dc2d35,f8cdaf81d83c71e4f5d064fdf88872b908ffaaa1,df6e1b1b357439ad1fd829bebf4e2d33d20d067d515eb945c352e2350a4194a4,f4feae2598622afe346b1163fed2bb842305a8d973a89ec890c02746d99b5999,false,false,false,false,false,"Static identity and source ownership only; no runtime, browser, executed-test, benchmark, ease, release, or completion credit."
TASK-CAP-SEC-GROUP-TOPOLOGY,CAP-SEC-GROUP-TOPOLOGY,Security Devices,NOT_ESTABLISHED_CURRENT_AUDIT,"Build device groups, rules, links, and topology",NOT_ESTABLISHED_CURRENT_AUDIT,"Build device groups, rules, links, and topology","NOT_ESTABLISHED_CURRENT_AUDIT; execution requires a documented representative role, approved Site/record scope where applicable, and resettable synthetic data.",SOURCE_BOUND_STATIC_IDENTITY_ONLY,NOT_EXECUTED_REPRESENTATIVE_ROLE,NOT_MEASURED,0-5; NOT_MEASURED is not 0,NOT_MEASURED,NOT_MEASURED,NOT_MEASURED,NOT_MEASURED,NOT_MEASURED,NOT_MEASURED,NOT_MEASURED,NOT_MEASURED,NOT_MEASURED,NOT_MEASURED,NOT_MEASURED,NOT_MEASURED,NOT_MEASURED,NOT_MEASURED,NOT_MEASURED,NOT_MEASURED,NOT_MEASURED,"{""discoverability"":""NOT_MEASURED"",""comprehension"":""NOT_MEASURED"",""learnability"":""NOT_MEASURED"",""efficiency"":""NOT_MEASURED"",""error_prevention"":""NOT_MEASURED"",""recovery"":""NOT_MEASURED"",""accessibility"":""NOT_MEASURED"",""safety_and_trust"":""NOT_MEASURED"",""consistency"":""NOT_MEASURED"",""cross_module_continuity"":""NOT_MEASURED""}",NOT_PERFORMED,NOT_LINKED_TO_CANONICAL_TARGET_CURRENT_AUDIT,NOT_MEASURED,NOT_MEASURED,NOT_MEASURED,NOT_MEASURED,NOT_MEASURED,NOT_MEASURED,NOT_MEASURED,NOT_MEASURED,NOT_MEASURED,NOT_MEASURED,NOT_MEASURED,H,CANONICAL_STATIC_IDENTITY_DENOMINATOR,DeviceGroupController and relationship services,NOT_ESTABLISHED_CURRENT_AUDIT,"Build device groups, rules, links, and topology",NOT_ADJUDICATED_CURRENT_AUDIT,NOT_SCORED_CURRENT_AUDIT,NOT_SCORED_CURRENT_AUDIT,STATIC_CANONICAL_IDENTITY_FROZEN,INCOMPLETE_CANONICAL_STATIC_IDENTITY_ONLY,NOT_ADJUDICATED_CURRENT_AUDIT,NOT_ADJUDICATED_CURRENT_AUDIT,NOT_DETERMINED_CURRENT_AUDIT,ONE_OPERATING_ORGANISATION_MULTIPLE_SITES; FEATURE_SPECIFIC_ROLE_PERMISSION_SITE_OWNERSHIP_DIRECT_OBJECT_PRIVACY_BOUNDARY_NOT_ADJUDICATED,NOT_ESTABLISHED_CURRENT_AUDIT,NOT_ESTABLISHED_CURRENT_AUDIT,NOT_ESTABLISHED_CURRENT_AUDIT,NOT_ESTABLISHED_CURRENT_AUDIT,app/Domain/SecurityDevices/Services/DeviceGroupAutoRuleService.php:50-214,tests/Feature/SecurityDevices/DeviceGroupControllerTest.php:110-160,NOT_ESTABLISHED_CURRENT_AUDIT,"Static canonical identity only: Build device groups, rules, links, and topology. Representative-role completion was not executed.",NOT_ESTABLISHED_CURRENT_AUDIT_NO_ROUTE_OR_PAGE_ANCHOR,NOT_ESTABLISHED_CURRENT_AUDIT_NO_ROUTE_OR_PAGE_ANCHOR,task-scripts/cap-sec-group-topology.md,a0493442b9e392d324055c35bf25b69421dc2d35,f8cdaf81d83c71e4f5d064fdf88872b908ffaaa1,df6e1b1b357439ad1fd829bebf4e2d33d20d067d515eb945c352e2350a4194a4,f4feae2598622afe346b1163fed2bb842305a8d973a89ec890c02746d99b5999,false,false,false,false,false,"Static identity and source ownership only; no runtime, browser, executed-test, benchmark, ease, release, or completion credit."
TASK-CAP-SEC-MONITOR-DEFINITION-LIFECYCLE,CAP-SEC-MONITOR-DEFINITION-LIFECYCLE,Security Devices,NOT_ESTABLISHED_CURRENT_AUDIT,Create and govern native monitor definitions,NOT_ESTABLISHED_CURRENT_AUDIT,Create and govern native monitor definitions,"NOT_ESTABLISHED_CURRENT_AUDIT; execution requires a documented representative role, approved Site/record scope where applicable, and resettable synthetic data.",SOURCE_BOUND_STATIC_IDENTITY_ONLY,NOT_EXECUTED_REPRESENTATIVE_ROLE,NOT_MEASURED,0-5; NOT_MEASURED is not 0,NOT_MEASURED,NOT_MEASURED,NOT_MEASURED,NOT_MEASURED,NOT_MEASURED,NOT_MEASURED,NOT_MEASURED,NOT_MEASURED,NOT_MEASURED,NOT_MEASURED,NOT_MEASURED,NOT_MEASURED,NOT_MEASURED,NOT_MEASURED,NOT_MEASURED,NOT_MEASURED,NOT_MEASURED,"{""discoverability"":""NOT_MEASURED"",""comprehension"":""NOT_MEASURED"",""learnability"":""NOT_MEASURED"",""efficiency"":""NOT_MEASURED"",""error_prevention"":""NOT_MEASURED"",""recovery"":""NOT_MEASURED"",""accessibility"":""NOT_MEASURED"",""safety_and_trust"":""NOT_MEASURED"",""consistency"":""NOT_MEASURED"",""cross_module_continuity"":""NOT_MEASURED""}",NOT_PERFORMED,NOT_LINKED_TO_CANONICAL_TARGET_CURRENT_AUDIT,NOT_MEASURED,NOT_MEASURED,NOT_MEASURED,NOT_MEASURED,NOT_MEASURED,NOT_MEASURED,NOT_MEASURED,NOT_MEASURED,NOT_MEASURED,NOT_MEASURED,NOT_MEASURED,H,CANONICAL_STATIC_IDENTITY_DENOMINATOR,NativeMonitoringDefinitionService and monitoring policy owners,NOT_ESTABLISHED_CURRENT_AUDIT,Create and govern native monitor definitions,NOT_ADJUDICATED_CURRENT_AUDIT,NOT_SCORED_CURRENT_AUDIT,NOT_SCORED_CURRENT_AUDIT,STATIC_CANONICAL_IDENTITY_FROZEN,INCOMPLETE_CANONICAL_STATIC_IDENTITY_ONLY,NOT_ADJUDICATED_CURRENT_AUDIT,NOT_ADJUDICATED_CURRENT_AUDIT,NOT_DETERMINED_CURRENT_AUDIT,ONE_OPERATING_ORGANISATION_MULTIPLE_SITES; FEATURE_SPECIFIC_ROLE_PERMISSION_SITE_OWNERSHIP_DIRECT_OBJECT_PRIVACY_BOUNDARY_NOT_ADJUDICATED,NOT_ESTABLISHED_CURRENT_AUDIT,NOT_ESTABLISHED_CURRENT_AUDIT,NOT_ESTABLISHED_CURRENT_AUDIT,NOT_ESTABLISHED_CURRENT_AUDIT,app/Domain/Monitoring/Services/NativeMonitoringDefinitionService.php:27,NOT_ESTABLISHED_CURRENT_AUDIT,NOT_ESTABLISHED_CURRENT_AUDIT,Static canonical identity only: Create and govern native monitor definitions. Representative-role completion was not executed.,NOT_ESTABLISHED_CURRENT_AUDIT_NO_ROUTE_OR_PAGE_ANCHOR,NOT_ESTABLISHED_CURRENT_AUDIT_NO_ROUTE_OR_PAGE_ANCHOR,task-scripts/cap-sec-monitor-definition-lifecycle.md,a0493442b9e392d324055c35bf25b69421dc2d35,f8cdaf81d83c71e4f5d064fdf88872b908ffaaa1,df6e1b1b357439ad1fd829bebf4e2d33d20d067d515eb945c352e2350a4194a4,f4feae2598622afe346b1163fed2bb842305a8d973a89ec890c02746d99b5999,false,false,false,false,false,"Static identity and source ownership only; no runtime, browser, executed-test, benchmark, ease, release, or completion credit."
TASK-CAP-SEC-MONITORING-COLLECTOR-LIFECYCLE,CAP-SEC-MONITORING-COLLECTOR-LIFECYCLE,Security Devices,NOT_ESTABLISHED_CURRENT_AUDIT,"Issue, re-enrol, and revoke Site-scoped monitoring collectors",NOT_ESTABLISHED_CURRENT_AUDIT,"Issue, re-enrol, and revoke Site-scoped monitoring collectors","NOT_ESTABLISHED_CURRENT_AUDIT; execution requires a documented representative role, approved Site/record scope where applicable, and resettable synthetic data.",SOURCE_BOUND_STATIC_IDENTITY_ONLY,NOT_EXECUTED_REPRESENTATIVE_ROLE,NOT_MEASURED,0-5; NOT_MEASURED is not 0,NOT_MEASURED,NOT_MEASURED,NOT_MEASURED,NOT_MEASURED,NOT_MEASURED,NOT_MEASURED,NOT_MEASURED,NOT_MEASURED,NOT_MEASURED,NOT_MEASURED,NOT_MEASURED,NOT_MEASURED,NOT_MEASURED,NOT_MEASURED,NOT_MEASURED,NOT_MEASURED,NOT_MEASURED,"{""discoverability"":""NOT_MEASURED"",""comprehension"":""NOT_MEASURED"",""learnability"":""NOT_MEASURED"",""efficiency"":""NOT_MEASURED"",""error_prevention"":""NOT_MEASURED"",""recovery"":""NOT_MEASURED"",""accessibility"":""NOT_MEASURED"",""safety_and_trust"":""NOT_MEASURED"",""consistency"":""NOT_MEASURED"",""cross_module_continuity"":""NOT_MEASURED""}",NOT_PERFORMED,NOT_LINKED_TO_CANONICAL_TARGET_CURRENT_AUDIT,NOT_MEASURED,NOT_MEASURED,NOT_MEASURED,NOT_MEASURED,NOT_MEASURED,NOT_MEASURED,NOT_MEASURED,NOT_MEASURED,NOT_MEASURED,NOT_MEASURED,NOT_MEASURED,H,CANONICAL_STATIC_IDENTITY_DENOMINATOR,Discovery services and MonitoringCollectorLifecycleController,NOT_ESTABLISHED_CURRENT_AUDIT,"Issue, re-enrol, and revoke Site-scoped monitoring collectors",NOT_ADJUDICATED_CURRENT_AUDIT,NOT_SCORED_CURRENT_AUDIT,NOT_SCORED_CURRENT_AUDIT,STATIC_CANONICAL_IDENTITY_FROZEN,INCOMPLETE_CANONICAL_STATIC_IDENTITY_ONLY,NOT_ADJUDICATED_CURRENT_AUDIT,NOT_ADJUDICATED_CURRENT_AUDIT,NOT_DETERMINED_CURRENT_AUDIT,ONE_OPERATING_ORGANISATION_MULTIPLE_SITES; FEATURE_SPECIFIC_ROLE_PERMISSION_SITE_OWNERSHIP_DIRECT_OBJECT_PRIVACY_BOUNDARY_NOT_ADJUDICATED,NOT_ESTABLISHED_CURRENT_AUDIT,NOT_ESTABLISHED_CURRENT_AUDIT,NOT_ESTABLISHED_CURRENT_AUDIT,NOT_ESTABLISHED_CURRENT_AUDIT,app/Domain/SecurityDevices/Http/Controllers/MonitoringCollectorLifecycleController.php:15,NOT_ESTABLISHED_CURRENT_AUDIT,NOT_ESTABLISHED_CURRENT_AUDIT,"Static canonical identity only: Issue, re-enrol, and revoke Site-scoped monitoring collectors. Representative-role completion was not executed.",NOT_ESTABLISHED_CURRENT_AUDIT_NO_ROUTE_OR_PAGE_ANCHOR,NOT_ESTABLISHED_CURRENT_AUDIT_NO_ROUTE_OR_PAGE_ANCHOR,task-scripts/cap-sec-monitoring-collector-lifecycle.md,a0493442b9e392d324055c35bf25b69421dc2d35,f8cdaf81d83c71e4f5d064fdf88872b908ffaaa1,df6e1b1b357439ad1fd829bebf4e2d33d20d067d515eb945c352e2350a4194a4,f4feae2598622afe346b1163fed2bb842305a8d973a89ec890c02746d99b5999,false,false,false,false,false,"Static identity and source ownership only; no runtime, browser, executed-test, benchmark, ease, release, or completion credit."
TASK-CAP-SEC-MONITORING-COVERAGE-POLICY,CAP-SEC-MONITORING-COVERAGE-POLICY,Security Devices,NOT_ESTABLISHED_CURRENT_AUDIT,Author monitoring coverage expectations,NOT_ESTABLISHED_CURRENT_AUDIT,Author monitoring coverage expectations,"NOT_ESTABLISHED_CURRENT_AUDIT; execution requires a documented representative role, approved Site/record scope where applicable, and resettable synthetic data.",SOURCE_BOUND_STATIC_IDENTITY_ONLY,NOT_EXECUTED_REPRESENTATIVE_ROLE,NOT_MEASURED,0-5; NOT_MEASURED is not 0,NOT_MEASURED,NOT_MEASURED,NOT_MEASURED,NOT_MEASURED,NOT_MEASURED,NOT_MEASURED,NOT_MEASURED,NOT_MEASURED,NOT_MEASURED,NOT_MEASURED,NOT_MEASURED,NOT_MEASURED,NOT_MEASURED,NOT_MEASURED,NOT_MEASURED,NOT_MEASURED,NOT_MEASURED,"{""discoverability"":""NOT_MEASURED"",""comprehension"":""NOT_MEASURED"",""learnability"":""NOT_MEASURED"",""efficiency"":""NOT_MEASURED"",""error_prevention"":""NOT_MEASURED"",""recovery"":""NOT_MEASURED"",""accessibility"":""NOT_MEASURED"",""safety_and_trust"":""NOT_MEASURED"",""consistency"":""NOT_MEASURED"",""cross_module_continuity"":""NOT_MEASURED""}",NOT_PERFORMED,NOT_LINKED_TO_CANONICAL_TARGET_CURRENT_AUDIT,NOT_MEASURED,NOT_MEASURED,NOT_MEASURED,NOT_MEASURED,NOT_MEASURED,NOT_MEASURED,NOT_MEASURED,NOT_MEASURED,NOT_MEASURED,NOT_MEASURED,NOT_MEASURED,H,CANONICAL_STATIC_IDENTITY_DENOMINATOR,NativeMonitoringDefinitionService and monitoring policy owners,NOT_ESTABLISHED_CURRENT_AUDIT,Author monitoring coverage expectations,NOT_ADJUDICATED_CURRENT_AUDIT,NOT_SCORED_CURRENT_AUDIT,NOT_SCORED_CURRENT_AUDIT,STATIC_CANONICAL_IDENTITY_FROZEN,INCOMPLETE_CANONICAL_STATIC_IDENTITY_ONLY,NOT_ADJUDICATED_CURRENT_AUDIT,NOT_ADJUDICATED_CURRENT_AUDIT,NOT_DETERMINED_CURRENT_AUDIT,ONE_OPERATING_ORGANISATION_MULTIPLE_SITES; FEATURE_SPECIFIC_ROLE_PERMISSION_SITE_OWNERSHIP_DIRECT_OBJECT_PRIVACY_BOUNDARY_NOT_ADJUDICATED,NOT_ESTABLISHED_CURRENT_AUDIT,NOT_ESTABLISHED_CURRENT_AUDIT,NOT_ESTABLISHED_CURRENT_AUDIT,NOT_ESTABLISHED_CURRENT_AUDIT,app/Domain/SecurityDevices/Http/Controllers/MonitoringCoverageSettingsController.php:11,NOT_ESTABLISHED_CURRENT_AUDIT,NOT_ESTABLISHED_CURRENT_AUDIT,Static canonical identity only: Author monitoring coverage expectations. Representative-role completion was not executed.,NOT_ESTABLISHED_CURRENT_AUDIT_NO_ROUTE_OR_PAGE_ANCHOR,NOT_ESTABLISHED_CURRENT_AUDIT_NO_ROUTE_OR_PAGE_ANCHOR,task-scripts/cap-sec-monitoring-coverage-policy.md,a0493442b9e392d324055c35bf25b69421dc2d35,f8cdaf81d83c71e4f5d064fdf88872b908ffaaa1,df6e1b1b357439ad1fd829bebf4e2d33d20d067d515eb945c352e2350a4194a4,f4feae2598622afe346b1163fed2bb842305a8d973a89ec890c02746d99b5999,false,false,false,false,false,"Static identity and source ownership only; no runtime, browser, executed-test, benchmark, ease, release, or completion credit."
TASK-CAP-SEC-MONITORING-MAINTENANCE-POLICY,CAP-SEC-MONITORING-MAINTENANCE-POLICY,Security Devices,NOT_ESTABLISHED_CURRENT_AUDIT,Author and cancel monitoring maintenance windows,NOT_ESTABLISHED_CURRENT_AUDIT,Author and cancel monitoring maintenance windows,"NOT_ESTABLISHED_CURRENT_AUDIT; execution requires a documented representative role, approved Site/record scope where applicable, and resettable synthetic data.",SOURCE_BOUND_STATIC_IDENTITY_ONLY,NOT_EXECUTED_REPRESENTATIVE_ROLE,NOT_MEASURED,0-5; NOT_MEASURED is not 0,NOT_MEASURED,NOT_MEASURED,NOT_MEASURED,NOT_MEASURED,NOT_MEASURED,NOT_MEASURED,NOT_MEASURED,NOT_MEASURED,NOT_MEASURED,NOT_MEASURED,NOT_MEASURED,NOT_MEASURED,NOT_MEASURED,NOT_MEASURED,NOT_MEASURED,NOT_MEASURED,NOT_MEASURED,"{""discoverability"":""NOT_MEASURED"",""comprehension"":""NOT_MEASURED"",""learnability"":""NOT_MEASURED"",""efficiency"":""NOT_MEASURED"",""error_prevention"":""NOT_MEASURED"",""recovery"":""NOT_MEASURED"",""accessibility"":""NOT_MEASURED"",""safety_and_trust"":""NOT_MEASURED"",""consistency"":""NOT_MEASURED"",""cross_module_continuity"":""NOT_MEASURED""}",NOT_PERFORMED,NOT_LINKED_TO_CANONICAL_TARGET_CURRENT_AUDIT,NOT_MEASURED,NOT_MEASURED,NOT_MEASURED,NOT_MEASURED,NOT_MEASURED,NOT_MEASURED,NOT_MEASURED,NOT_MEASURED,NOT_MEASURED,NOT_MEASURED,NOT_MEASURED,H,CANONICAL_STATIC_IDENTITY_DENOMINATOR,NativeMonitoringDefinitionService and monitoring policy owners,NOT_ESTABLISHED_CURRENT_AUDIT,Author and cancel monitoring maintenance windows,NOT_ADJUDICATED_CURRENT_AUDIT,NOT_SCORED_CURRENT_AUDIT,NOT_SCORED_CURRENT_AUDIT,STATIC_CANONICAL_IDENTITY_FROZEN,INCOMPLETE_CANONICAL_STATIC_IDENTITY_ONLY,NOT_ADJUDICATED_CURRENT_AUDIT,NOT_ADJUDICATED_CURRENT_AUDIT,NOT_DETERMINED_CURRENT_AUDIT,ONE_OPERATING_ORGANISATION_MULTIPLE_SITES; FEATURE_SPECIFIC_ROLE_PERMISSION_SITE_OWNERSHIP_DIRECT_OBJECT_PRIVACY_BOUNDARY_NOT_ADJUDICATED,NOT_ESTABLISHED_CURRENT_AUDIT,NOT_ESTABLISHED_CURRENT_AUDIT,NOT_ESTABLISHED_CURRENT_AUDIT,NOT_ESTABLISHED_CURRENT_AUDIT,app/Domain/SecurityDevices/Http/Controllers/MonitoringMaintenanceSettingsController.php:11,NOT_ESTABLISHED_CURRENT_AUDIT,NOT_ESTABLISHED_CURRENT_AUDIT,Static canonical identity only: Author and cancel monitoring maintenance windows. Representative-role completion was not executed.,NOT_ESTABLISHED_CURRENT_AUDIT_NO_ROUTE_OR_PAGE_ANCHOR,NOT_ESTABLISHED_CURRENT_AUDIT_NO_ROUTE_OR_PAGE_ANCHOR,task-scripts/cap-sec-monitoring-maintenance-policy.md,a0493442b9e392d324055c35bf25b69421dc2d35,f8cdaf81d83c71e4f5d064fdf88872b908ffaaa1,df6e1b1b357439ad1fd829bebf4e2d33d20d067d515eb945c352e2350a4194a4,f4feae2598622afe346b1163fed2bb842305a8d973a89ec890c02746d99b5999,false,false,false,false,false,"Static identity and source ownership only; no runtime, browser, executed-test, benchmark, ease, release, or completion credit."
TASK-CAP-SEC-MONITORING-RETENTION-POLICY,CAP-SEC-MONITORING-RETENTION-POLICY,Security Devices,NOT_ESTABLISHED_CURRENT_AUDIT,Author monitoring retention policies,NOT_ESTABLISHED_CURRENT_AUDIT,Author monitoring retention policies,"NOT_ESTABLISHED_CURRENT_AUDIT; execution requires a documented representative role, approved Site/record scope where applicable, and resettable synthetic data.",SOURCE_BOUND_STATIC_IDENTITY_ONLY,NOT_EXECUTED_REPRESENTATIVE_ROLE,NOT_MEASURED,0-5; NOT_MEASURED is not 0,NOT_MEASURED,NOT_MEASURED,NOT_MEASURED,NOT_MEASURED,NOT_MEASURED,NOT_MEASURED,NOT_MEASURED,NOT_MEASURED,NOT_MEASURED,NOT_MEASURED,NOT_MEASURED,NOT_MEASURED,NOT_MEASURED,NOT_MEASURED,NOT_MEASURED,NOT_MEASURED,NOT_MEASURED,"{""discoverability"":""NOT_MEASURED"",""comprehension"":""NOT_MEASURED"",""learnability"":""NOT_MEASURED"",""efficiency"":""NOT_MEASURED"",""error_prevention"":""NOT_MEASURED"",""recovery"":""NOT_MEASURED"",""accessibility"":""NOT_MEASURED"",""safety_and_trust"":""NOT_MEASURED"",""consistency"":""NOT_MEASURED"",""cross_module_continuity"":""NOT_MEASURED""}",NOT_PERFORMED,NOT_LINKED_TO_CANONICAL_TARGET_CURRENT_AUDIT,NOT_MEASURED,NOT_MEASURED,NOT_MEASURED,NOT_MEASURED,NOT_MEASURED,NOT_MEASURED,NOT_MEASURED,NOT_MEASURED,NOT_MEASURED,NOT_MEASURED,NOT_MEASURED,H,CANONICAL_STATIC_IDENTITY_DENOMINATOR,NativeMonitoringDefinitionService and monitoring policy owners,NOT_ESTABLISHED_CURRENT_AUDIT,Author monitoring retention policies,NOT_ADJUDICATED_CURRENT_AUDIT,NOT_SCORED_CURRENT_AUDIT,NOT_SCORED_CURRENT_AUDIT,STATIC_CANONICAL_IDENTITY_FROZEN,INCOMPLETE_CANONICAL_STATIC_IDENTITY_ONLY,NOT_ADJUDICATED_CURRENT_AUDIT,NOT_ADJUDICATED_CURRENT_AUDIT,NOT_DETERMINED_CURRENT_AUDIT,ONE_OPERATING_ORGANISATION_MULTIPLE_SITES; FEATURE_SPECIFIC_ROLE_PERMISSION_SITE_OWNERSHIP_DIRECT_OBJECT_PRIVACY_BOUNDARY_NOT_ADJUDICATED,NOT_ESTABLISHED_CURRENT_AUDIT,NOT_ESTABLISHED_CURRENT_AUDIT,NOT_ESTABLISHED_CURRENT_AUDIT,NOT_ESTABLISHED_CURRENT_AUDIT,app/Domain/Monitoring/Services/NativeMonitoringDefinitionService.php:86-282; app/Domain/SecurityDevices/Http/Controllers/MonitoringRetentionSettingsController.php:11,tests/Feature/Monitoring/MonitoringPolicyAuthoringServiceTest.php:27-312,NOT_ESTABLISHED_CURRENT_AUDIT,Static canonical identity only: Author monitoring retention policies. Representative-role completion was not executed.,NOT_ESTABLISHED_CURRENT_AUDIT_NO_ROUTE_OR_PAGE_ANCHOR,NOT_ESTABLISHED_CURRENT_AUDIT_NO_ROUTE_OR_PAGE_ANCHOR,task-scripts/cap-sec-monitoring-retention-policy.md,a0493442b9e392d324055c35bf25b69421dc2d35,f8cdaf81d83c71e4f5d064fdf88872b908ffaaa1,df6e1b1b357439ad1fd829bebf4e2d33d20d067d515eb945c352e2350a4194a4,f4feae2598622afe346b1163fed2bb842305a8d973a89ec890c02746d99b5999,false,false,false,false,false,"Static identity and source ownership only; no runtime, browser, executed-test, benchmark, ease, release, or completion credit."
TASK-CAP-SET-DATA-GOVERNANCE,CAP-SET-DATA-GOVERNANCE,Public & Settings Platform,NOT_ESTABLISHED_CURRENT_AUDIT,Configure application privacy and compliance settings and maintain the processor register.,NOT_ESTABLISHED_CURRENT_AUDIT,Configure application privacy and compliance settings and maintain the processor register.,"NOT_ESTABLISHED_CURRENT_AUDIT; execution requires a documented representative role, approved Site/record scope where applicable, and resettable synthetic data.",SOURCE_BOUND_STATIC_IDENTITY_ONLY,NOT_EXECUTED_REPRESENTATIVE_ROLE,NOT_MEASURED,0-5; NOT_MEASURED is not 0,NOT_MEASURED,NOT_MEASURED,NOT_MEASURED,NOT_MEASURED,NOT_MEASURED,NOT_MEASURED,NOT_MEASURED,NOT_MEASURED,NOT_MEASURED,NOT_MEASURED,NOT_MEASURED,NOT_MEASURED,NOT_MEASURED,NOT_MEASURED,NOT_MEASURED,NOT_MEASURED,NOT_MEASURED,"{""discoverability"":""NOT_MEASURED"",""comprehension"":""NOT_MEASURED"",""learnability"":""NOT_MEASURED"",""efficiency"":""NOT_MEASURED"",""error_prevention"":""NOT_MEASURED"",""recovery"":""NOT_MEASURED"",""accessibility"":""NOT_MEASURED"",""safety_and_trust"":""NOT_MEASURED"",""consistency"":""NOT_MEASURED"",""cross_module_continuity"":""NOT_MEASURED""}",NOT_PERFORMED,NOT_LINKED_TO_CANONICAL_TARGET_CURRENT_AUDIT,NOT_MEASURED,NOT_MEASURED,NOT_MEASURED,NOT_MEASURED,NOT_MEASURED,NOT_MEASURED,NOT_MEASURED,NOT_MEASURED,NOT_MEASURED,NOT_MEASURED,NOT_MEASURED,H,CANONICAL_STATIC_IDENTITY_DENOMINATOR,record: AppSetting; controller: DataSettingsController; policy: settings.access.manage,NOT_ESTABLISHED_CURRENT_AUDIT,Configure application privacy and compliance settings and maintain the processor register.,NOT_ADJUDICATED_CURRENT_AUDIT,NOT_SCORED_CURRENT_AUDIT,NOT_SCORED_CURRENT_AUDIT,STATIC_CANONICAL_IDENTITY_FROZEN,INCOMPLETE_CANONICAL_STATIC_IDENTITY_ONLY,NOT_ADJUDICATED_CURRENT_AUDIT,NOT_ADJUDICATED_CURRENT_AUDIT,NOT_DETERMINED_CURRENT_AUDIT,ONE_OPERATING_ORGANISATION_MULTIPLE_SITES; FEATURE_SPECIFIC_ROLE_PERMISSION_SITE_OWNERSHIP_DIRECT_OBJECT_PRIVACY_BOUNDARY_NOT_ADJUDICATED,NOT_ESTABLISHED_CURRENT_AUDIT,NOT_ESTABLISHED_CURRENT_AUDIT,routes/settings.php:222-233; routes/settings.php:222-248; routes/settings.php:240-248,resources/js/pages/settings/data.tsx:1006-1061; resources/js/pages/settings/data.tsx:1169-1216; resources/js/pages/settings/data.tsx:1450-1453; resources/js/pages/settings/data.tsx:701-785,app/Http/Controllers/Settings/AuditLogSettingsController.php:14-118; app/Http/Controllers/Settings/DataSettingsController.php:168-213; app/Http/Controllers/Settings/DataSettingsController.php:315-373; app/Http/Controllers/Settings/DataSettingsController.php:366-373; app/Http/Controllers/Settings/DataSettingsController.php:97-132; app/Models/AppSetting.php:7-13,tests/Browser/Settings/AuditLogsInteractionTest.php:42-94; tests/Browser/Settings/DataSettingsInteractionTest.php:177-239; tests/Browser/Settings/DataSettingsInteractionTest.php:61-118; tests/Feature/Privacy/DataSubjectRequestLifecycleTest.php:566-799,NOT_ESTABLISHED_CURRENT_AUDIT,Static canonical identity only: Configure application privacy and compliance settings and maintain the processor register.. Representative-role completion was not executed.,ROUTE_AND_PAGE_SOURCE_ANCHORS_PRESENT_UNVALIDATED,ROUTE_AND_PAGE_SOURCE_ANCHORS_PRESENT_UNVALIDATED,task-scripts/cap-set-data-governance.md,a0493442b9e392d324055c35bf25b69421dc2d35,f8cdaf81d83c71e4f5d064fdf88872b908ffaaa1,df6e1b1b357439ad1fd829bebf4e2d33d20d067d515eb945c352e2350a4194a4,f4feae2598622afe346b1163fed2bb842305a8d973a89ec890c02746d99b5999,false,false,false,false,false,"Static identity and source ownership only; no runtime, browser, executed-test, benchmark, ease, release, or completion credit."
TASK-CAP-SET-EMAIL-CONFIG,CAP-SET-EMAIL-CONFIG,Public & Settings Platform,NOT_ESTABLISHED_CURRENT_AUDIT,Configure application email delivery,NOT_ESTABLISHED_CURRENT_AUDIT,Configure application email delivery,"NOT_ESTABLISHED_CURRENT_AUDIT; execution requires a documented representative role, approved Site/record scope where applicable, and resettable synthetic data.",SOURCE_BOUND_STATIC_IDENTITY_ONLY,NOT_EXECUTED_REPRESENTATIVE_ROLE,NOT_MEASURED,0-5; NOT_MEASURED is not 0,NOT_MEASURED,NOT_MEASURED,NOT_MEASURED,NOT_MEASURED,NOT_MEASURED,NOT_MEASURED,NOT_MEASURED,NOT_MEASURED,NOT_MEASURED,NOT_MEASURED,NOT_MEASURED,NOT_MEASURED,NOT_MEASURED,NOT_MEASURED,NOT_MEASURED,NOT_MEASURED,NOT_MEASURED,"{""discoverability"":""NOT_MEASURED"",""comprehension"":""NOT_MEASURED"",""learnability"":""NOT_MEASURED"",""efficiency"":""NOT_MEASURED"",""error_prevention"":""NOT_MEASURED"",""recovery"":""NOT_MEASURED"",""accessibility"":""NOT_MEASURED"",""safety_and_trust"":""NOT_MEASURED"",""consistency"":""NOT_MEASURED"",""cross_module_continuity"":""NOT_MEASURED""}",NOT_PERFORMED,NOT_LINKED_TO_CANONICAL_TARGET_CURRENT_AUDIT,NOT_MEASURED,NOT_MEASURED,NOT_MEASURED,NOT_MEASURED,NOT_MEASURED,NOT_MEASURED,NOT_MEASURED,NOT_MEASURED,NOT_MEASURED,NOT_MEASURED,NOT_MEASURED,H,CANONICAL_STATIC_IDENTITY_DENOMINATOR,Dedicated settings controllers,NOT_ESTABLISHED_CURRENT_AUDIT,Configure application email delivery,NOT_ADJUDICATED_CURRENT_AUDIT,NOT_SCORED_CURRENT_AUDIT,NOT_SCORED_CURRENT_AUDIT,STATIC_CANONICAL_IDENTITY_FROZEN,INCOMPLETE_CANONICAL_STATIC_IDENTITY_ONLY,NOT_ADJUDICATED_CURRENT_AUDIT,NOT_ADJUDICATED_CURRENT_AUDIT,NOT_DETERMINED_CURRENT_AUDIT,ONE_OPERATING_ORGANISATION_MULTIPLE_SITES; FEATURE_SPECIFIC_ROLE_PERMISSION_SITE_OWNERSHIP_DIRECT_OBJECT_PRIVACY_BOUNDARY_NOT_ADJUDICATED,NOT_ESTABLISHED_CURRENT_AUDIT,NOT_ESTABLISHED_CURRENT_AUDIT,NOT_ESTABLISHED_CURRENT_AUDIT,NOT_ESTABLISHED_CURRENT_AUDIT,app/Http/Controllers/Settings/EmailSettingsController.php:13; app/Http/Controllers/Settings/NotificationPreferencesController.php:15-238,tests/Feature/Settings/SecurityPolicyEnforcementTest.php:14-80,NOT_ESTABLISHED_CURRENT_AUDIT,Static canonical identity only: Configure application email delivery. Representative-role completion was not executed.,NOT_ESTABLISHED_CURRENT_AUDIT_NO_ROUTE_OR_PAGE_ANCHOR,NOT_ESTABLISHED_CURRENT_AUDIT_NO_ROUTE_OR_PAGE_ANCHOR,task-scripts/cap-set-email-config.md,a0493442b9e392d324055c35bf25b69421dc2d35,f8cdaf81d83c71e4f5d064fdf88872b908ffaaa1,df6e1b1b357439ad1fd829bebf4e2d33d20d067d515eb945c352e2350a4194a4,f4feae2598622afe346b1163fed2bb842305a8d973a89ec890c02746d99b5999,false,false,false,false,false,"Static identity and source ownership only; no runtime, browser, executed-test, benchmark, ease, release, or completion credit."
TASK-CAP-SET-MODULE-CONFIG,CAP-SET-MODULE-CONFIG,Public & Settings Platform,NOT_ESTABLISHED_CURRENT_AUDIT,Configure enabled application modules,NOT_ESTABLISHED_CURRENT_AUDIT,Configure enabled application modules,"NOT_ESTABLISHED_CURRENT_AUDIT; execution requires a documented representative role, approved Site/record scope where applicable, and resettable synthetic data.",SOURCE_BOUND_STATIC_IDENTITY_ONLY,NOT_EXECUTED_REPRESENTATIVE_ROLE,NOT_MEASURED,0-5; NOT_MEASURED is not 0,NOT_MEASURED,NOT_MEASURED,NOT_MEASURED,NOT_MEASURED,NOT_MEASURED,NOT_MEASURED,NOT_MEASURED,NOT_MEASURED,NOT_MEASURED,NOT_MEASURED,NOT_MEASURED,NOT_MEASURED,NOT_MEASURED,NOT_MEASURED,NOT_MEASURED,NOT_MEASURED,NOT_MEASURED,"{""discoverability"":""NOT_MEASURED"",""comprehension"":""NOT_MEASURED"",""learnability"":""NOT_MEASURED"",""efficiency"":""NOT_MEASURED"",""error_prevention"":""NOT_MEASURED"",""recovery"":""NOT_MEASURED"",""accessibility"":""NOT_MEASURED"",""safety_and_trust"":""NOT_MEASURED"",""consistency"":""NOT_MEASURED"",""cross_module_continuity"":""NOT_MEASURED""}",NOT_PERFORMED,NOT_LINKED_TO_CANONICAL_TARGET_CURRENT_AUDIT,NOT_MEASURED,NOT_MEASURED,NOT_MEASURED,NOT_MEASURED,NOT_MEASURED,NOT_MEASURED,NOT_MEASURED,NOT_MEASURED,NOT_MEASURED,NOT_MEASURED,NOT_MEASURED,H,CANONICAL_STATIC_IDENTITY_DENOMINATOR,Dedicated settings controllers,NOT_ESTABLISHED_CURRENT_AUDIT,Configure enabled application modules,NOT_ADJUDICATED_CURRENT_AUDIT,NOT_SCORED_CURRENT_AUDIT,NOT_SCORED_CURRENT_AUDIT,STATIC_CANONICAL_IDENTITY_FROZEN,INCOMPLETE_CANONICAL_STATIC_IDENTITY_ONLY,NOT_ADJUDICATED_CURRENT_AUDIT,NOT_ADJUDICATED_CURRENT_AUDIT,NOT_DETERMINED_CURRENT_AUDIT,ONE_OPERATING_ORGANISATION_MULTIPLE_SITES; FEATURE_SPECIFIC_ROLE_PERMISSION_SITE_OWNERSHIP_DIRECT_OBJECT_PRIVACY_BOUNDARY_NOT_ADJUDICATED,NOT_ESTABLISHED_CURRENT_AUDIT,NOT_ESTABLISHED_CURRENT_AUDIT,NOT_ESTABLISHED_CURRENT_AUDIT,NOT_ESTABLISHED_CURRENT_AUDIT,app/Http/Controllers/Settings/ModuleSettingsController.php:9; app/Http/Controllers/Settings/NotificationPreferencesController.php:15-238,tests/Feature/Settings/SecurityPolicyEnforcementTest.php:14-80,NOT_ESTABLISHED_CURRENT_AUDIT,Static canonical identity only: Configure enabled application modules. Representative-role completion was not executed.,NOT_ESTABLISHED_CURRENT_AUDIT_NO_ROUTE_OR_PAGE_ANCHOR,NOT_ESTABLISHED_CURRENT_AUDIT_NO_ROUTE_OR_PAGE_ANCHOR,task-scripts/cap-set-module-config.md,a0493442b9e392d324055c35bf25b69421dc2d35,f8cdaf81d83c71e4f5d064fdf88872b908ffaaa1,df6e1b1b357439ad1fd829bebf4e2d33d20d067d515eb945c352e2350a4194a4,f4feae2598622afe346b1163fed2bb842305a8d973a89ec890c02746d99b5999,false,false,false,false,false,"Static identity and source ownership only; no runtime, browser, executed-test, benchmark, ease, release, or completion credit."
TASK-CAP-SET-NOTIFICATION-CONFIG,CAP-SET-NOTIFICATION-CONFIG,Public & Settings Platform,NOT_ESTABLISHED_CURRENT_AUDIT,Configure personal and role notification preferences,NOT_ESTABLISHED_CURRENT_AUDIT,Configure personal and role notification preferences,"NOT_ESTABLISHED_CURRENT_AUDIT; execution requires a documented representative role, approved Site/record scope where applicable, and resettable synthetic data.",SOURCE_BOUND_STATIC_IDENTITY_ONLY,NOT_EXECUTED_REPRESENTATIVE_ROLE,NOT_MEASURED,0-5; NOT_MEASURED is not 0,NOT_MEASURED,NOT_MEASURED,NOT_MEASURED,NOT_MEASURED,NOT_MEASURED,NOT_MEASURED,NOT_MEASURED,NOT_MEASURED,NOT_MEASURED,NOT_MEASURED,NOT_MEASURED,NOT_MEASURED,NOT_MEASURED,NOT_MEASURED,NOT_MEASURED,NOT_MEASURED,NOT_MEASURED,"{""discoverability"":""NOT_MEASURED"",""comprehension"":""NOT_MEASURED"",""learnability"":""NOT_MEASURED"",""efficiency"":""NOT_MEASURED"",""error_prevention"":""NOT_MEASURED"",""recovery"":""NOT_MEASURED"",""accessibility"":""NOT_MEASURED"",""safety_and_trust"":""NOT_MEASURED"",""consistency"":""NOT_MEASURED"",""cross_module_continuity"":""NOT_MEASURED""}",NOT_PERFORMED,NOT_LINKED_TO_CANONICAL_TARGET_CURRENT_AUDIT,NOT_MEASURED,NOT_MEASURED,NOT_MEASURED,NOT_MEASURED,NOT_MEASURED,NOT_MEASURED,NOT_MEASURED,NOT_MEASURED,NOT_MEASURED,NOT_MEASURED,NOT_MEASURED,H,CANONICAL_STATIC_IDENTITY_DENOMINATOR,Dedicated settings controllers,NOT_ESTABLISHED_CURRENT_AUDIT,Configure personal and role notification preferences,NOT_ADJUDICATED_CURRENT_AUDIT,NOT_SCORED_CURRENT_AUDIT,NOT_SCORED_CURRENT_AUDIT,STATIC_CANONICAL_IDENTITY_FROZEN,INCOMPLETE_CANONICAL_STATIC_IDENTITY_ONLY,NOT_ADJUDICATED_CURRENT_AUDIT,NOT_ADJUDICATED_CURRENT_AUDIT,NOT_DETERMINED_CURRENT_AUDIT,ONE_OPERATING_ORGANISATION_MULTIPLE_SITES; FEATURE_SPECIFIC_ROLE_PERMISSION_SITE_OWNERSHIP_DIRECT_OBJECT_PRIVACY_BOUNDARY_NOT_ADJUDICATED,NOT_ESTABLISHED_CURRENT_AUDIT,NOT_ESTABLISHED_CURRENT_AUDIT,routes/settings.php:131,NOT_ESTABLISHED_CURRENT_AUDIT,app/Http/Controllers/Settings/NotificationPreferencesController.php:13; app/Http/Controllers/Settings/NotificationPreferencesController.php:15-238,tests/Feature/Settings/SecurityPolicyEnforcementTest.php:14-80,NOT_ESTABLISHED_CURRENT_AUDIT,Static canonical identity only: Configure personal and role notification preferences. Representative-role completion was not executed.,ROUTE_SOURCE_ANCHOR_ONLY_UNVALIDATED,ROUTE_SOURCE_ANCHOR_ONLY_UNVALIDATED,task-scripts/cap-set-notification-config.md,a0493442b9e392d324055c35bf25b69421dc2d35,f8cdaf81d83c71e4f5d064fdf88872b908ffaaa1,df6e1b1b357439ad1fd829bebf4e2d33d20d067d515eb945c352e2350a4194a4,f4feae2598622afe346b1163fed2bb842305a8d973a89ec890c02746d99b5999,false,false,false,false,false,"Static identity and source ownership only; no runtime, browser, executed-test, benchmark, ease, release, or completion credit."
TASK-CAP-SET-PERSONAL-PASSWORD,CAP-SET-PERSONAL-PASSWORD,Public & Settings Platform,NOT_ESTABLISHED_CURRENT_AUDIT,Change the signed-in user's password,NOT_ESTABLISHED_CURRENT_AUDIT,Change the signed-in user's password,"NOT_ESTABLISHED_CURRENT_AUDIT; execution requires a documented representative role, approved Site/record scope where applicable, and resettable synthetic data.",SOURCE_BOUND_STATIC_IDENTITY_ONLY,NOT_EXECUTED_REPRESENTATIVE_ROLE,NOT_MEASURED,0-5; NOT_MEASURED is not 0,NOT_MEASURED,NOT_MEASURED,NOT_MEASURED,NOT_MEASURED,NOT_MEASURED,NOT_MEASURED,NOT_MEASURED,NOT_MEASURED,NOT_MEASURED,NOT_MEASURED,NOT_MEASURED,NOT_MEASURED,NOT_MEASURED,NOT_MEASURED,NOT_MEASURED,NOT_MEASURED,NOT_MEASURED,"{""discoverability"":""NOT_MEASURED"",""comprehension"":""NOT_MEASURED"",""learnability"":""NOT_MEASURED"",""efficiency"":""NOT_MEASURED"",""error_prevention"":""NOT_MEASURED"",""recovery"":""NOT_MEASURED"",""accessibility"":""NOT_MEASURED"",""safety_and_trust"":""NOT_MEASURED"",""consistency"":""NOT_MEASURED"",""cross_module_continuity"":""NOT_MEASURED""}",NOT_PERFORMED,NOT_LINKED_TO_CANONICAL_TARGET_CURRENT_AUDIT,NOT_MEASURED,NOT_MEASURED,NOT_MEASURED,NOT_MEASURED,NOT_MEASURED,NOT_MEASURED,NOT_MEASURED,NOT_MEASURED,NOT_MEASURED,NOT_MEASURED,NOT_MEASURED,H,CANONICAL_STATIC_IDENTITY_DENOMINATOR,"Profile, password, appearance, and two-factor controllers",NOT_ESTABLISHED_CURRENT_AUDIT,Change the signed-in user's password,NOT_ADJUDICATED_CURRENT_AUDIT,NOT_SCORED_CURRENT_AUDIT,NOT_SCORED_CURRENT_AUDIT,STATIC_CANONICAL_IDENTITY_FROZEN,INCOMPLETE_CANONICAL_STATIC_IDENTITY_ONLY,NOT_ADJUDICATED_CURRENT_AUDIT,NOT_ADJUDICATED_CURRENT_AUDIT,NOT_DETERMINED_CURRENT_AUDIT,ONE_OPERATING_ORGANISATION_MULTIPLE_SITES; FEATURE_SPECIFIC_ROLE_PERMISSION_SITE_OWNERSHIP_DIRECT_OBJECT_PRIVACY_BOUNDARY_NOT_ADJUDICATED,NOT_ESTABLISHED_CURRENT_AUDIT,NOT_ESTABLISHED_CURRENT_AUDIT,routes/settings.php:46,NOT_ESTABLISHED_CURRENT_AUDIT,app/Http/Controllers/Settings/PasswordController.php:12,NOT_ESTABLISHED_CURRENT_AUDIT,NOT_ESTABLISHED_CURRENT_AUDIT,Static canonical identity only: Change the signed-in user's password. Representative-role completion was not executed.,ROUTE_SOURCE_ANCHOR_ONLY_UNVALIDATED,ROUTE_SOURCE_ANCHOR_ONLY_UNVALIDATED,task-scripts/cap-set-personal-password.md,a0493442b9e392d324055c35bf25b69421dc2d35,f8cdaf81d83c71e4f5d064fdf88872b908ffaaa1,df6e1b1b357439ad1fd829bebf4e2d33d20d067d515eb945c352e2350a4194a4,f4feae2598622afe346b1163fed2bb842305a8d973a89ec890c02746d99b5999,false,false,false,false,false,"Static identity and source ownership only; no runtime, browser, executed-test, benchmark, ease, release, or completion credit."
TASK-CAP-SET-PERSONAL-PREFERENCES,CAP-SET-PERSONAL-PREFERENCES,Public & Settings Platform,NOT_ESTABLISHED_CURRENT_AUDIT,Maintain appearance and UI preferences,NOT_ESTABLISHED_CURRENT_AUDIT,Maintain appearance and UI preferences,"NOT_ESTABLISHED_CURRENT_AUDIT; execution requires a documented representative role, approved Site/record scope where applicable, and resettable synthetic data.",SOURCE_BOUND_STATIC_IDENTITY_ONLY,NOT_EXECUTED_REPRESENTATIVE_ROLE,NOT_MEASURED,0-5; NOT_MEASURED is not 0,NOT_MEASURED,NOT_MEASURED,NOT_MEASURED,NOT_MEASURED,NOT_MEASURED,NOT_MEASURED,NOT_MEASURED,NOT_MEASURED,NOT_MEASURED,NOT_MEASURED,NOT_MEASURED,NOT_MEASURED,NOT_MEASURED,NOT_MEASURED,NOT_MEASURED,NOT_MEASURED,NOT_MEASURED,"{""discoverability"":""NOT_MEASURED"",""comprehension"":""NOT_MEASURED"",""learnability"":""NOT_MEASURED"",""efficiency"":""NOT_MEASURED"",""error_prevention"":""NOT_MEASURED"",""recovery"":""NOT_MEASURED"",""accessibility"":""NOT_MEASURED"",""safety_and_trust"":""NOT_MEASURED"",""consistency"":""NOT_MEASURED"",""cross_module_continuity"":""NOT_MEASURED""}",NOT_PERFORMED,NOT_LINKED_TO_CANONICAL_TARGET_CURRENT_AUDIT,NOT_MEASURED,NOT_MEASURED,NOT_MEASURED,NOT_MEASURED,NOT_MEASURED,NOT_MEASURED,NOT_MEASURED,NOT_MEASURED,NOT_MEASURED,NOT_MEASURED,NOT_MEASURED,H,CANONICAL_STATIC_IDENTITY_DENOMINATOR,"Profile, password, appearance, and two-factor controllers",NOT_ESTABLISHED_CURRENT_AUDIT,Maintain appearance and UI preferences,NOT_ADJUDICATED_CURRENT_AUDIT,NOT_SCORED_CURRENT_AUDIT,NOT_SCORED_CURRENT_AUDIT,STATIC_CANONICAL_IDENTITY_FROZEN,INCOMPLETE_CANONICAL_STATIC_IDENTITY_ONLY,NOT_ADJUDICATED_CURRENT_AUDIT,NOT_ADJUDICATED_CURRENT_AUDIT,NOT_DETERMINED_CURRENT_AUDIT,ONE_OPERATING_ORGANISATION_MULTIPLE_SITES; FEATURE_SPECIFIC_ROLE_PERMISSION_SITE_OWNERSHIP_DIRECT_OBJECT_PRIVACY_BOUNDARY_NOT_ADJUDICATED,NOT_ESTABLISHED_CURRENT_AUDIT,NOT_ESTABLISHED_CURRENT_AUDIT,routes/settings.php:52,NOT_ESTABLISHED_CURRENT_AUDIT,app/Http/Controllers/Settings/AppearanceController.php:18,NOT_ESTABLISHED_CURRENT_AUDIT,NOT_ESTABLISHED_CURRENT_AUDIT,Static canonical identity only: Maintain appearance and UI preferences. Representative-role completion was not executed.,ROUTE_SOURCE_ANCHOR_ONLY_UNVALIDATED,ROUTE_SOURCE_ANCHOR_ONLY_UNVALIDATED,task-scripts/cap-set-personal-preferences.md,a0493442b9e392d324055c35bf25b69421dc2d35,f8cdaf81d83c71e4f5d064fdf88872b908ffaaa1,df6e1b1b357439ad1fd829bebf4e2d33d20d067d515eb945c352e2350a4194a4,f4feae2598622afe346b1163fed2bb842305a8d973a89ec890c02746d99b5999,false,false,false,false,false,"Static identity and source ownership only; no runtime, browser, executed-test, benchmark, ease, release, or completion credit."
TASK-CAP-SET-PERSONAL-PROFILE,CAP-SET-PERSONAL-PROFILE,Public & Settings Platform,NOT_ESTABLISHED_CURRENT_AUDIT,Maintain the signed-in user's profile,NOT_ESTABLISHED_CURRENT_AUDIT,Maintain the signed-in user's profile,"NOT_ESTABLISHED_CURRENT_AUDIT; execution requires a documented representative role, approved Site/record scope where applicable, and resettable synthetic data.",SOURCE_BOUND_STATIC_IDENTITY_ONLY,NOT_EXECUTED_REPRESENTATIVE_ROLE,NOT_MEASURED,0-5; NOT_MEASURED is not 0,NOT_MEASURED,NOT_MEASURED,NOT_MEASURED,NOT_MEASURED,NOT_MEASURED,NOT_MEASURED,NOT_MEASURED,NOT_MEASURED,NOT_MEASURED,NOT_MEASURED,NOT_MEASURED,NOT_MEASURED,NOT_MEASURED,NOT_MEASURED,NOT_MEASURED,NOT_MEASURED,NOT_MEASURED,"{""discoverability"":""NOT_MEASURED"",""comprehension"":""NOT_MEASURED"",""learnability"":""NOT_MEASURED"",""efficiency"":""NOT_MEASURED"",""error_prevention"":""NOT_MEASURED"",""recovery"":""NOT_MEASURED"",""accessibility"":""NOT_MEASURED"",""safety_and_trust"":""NOT_MEASURED"",""consistency"":""NOT_MEASURED"",""cross_module_continuity"":""NOT_MEASURED""}",NOT_PERFORMED,NOT_LINKED_TO_CANONICAL_TARGET_CURRENT_AUDIT,NOT_MEASURED,NOT_MEASURED,NOT_MEASURED,NOT_MEASURED,NOT_MEASURED,NOT_MEASURED,NOT_MEASURED,NOT_MEASURED,NOT_MEASURED,NOT_MEASURED,NOT_MEASURED,H,CANONICAL_STATIC_IDENTITY_DENOMINATOR,"Profile, password, appearance, and two-factor controllers",NOT_ESTABLISHED_CURRENT_AUDIT,Maintain the signed-in user's profile,NOT_ADJUDICATED_CURRENT_AUDIT,NOT_SCORED_CURRENT_AUDIT,NOT_SCORED_CURRENT_AUDIT,STATIC_CANONICAL_IDENTITY_FROZEN,INCOMPLETE_CANONICAL_STATIC_IDENTITY_ONLY,NOT_ADJUDICATED_CURRENT_AUDIT,NOT_ADJUDICATED_CURRENT_AUDIT,NOT_DETERMINED_CURRENT_AUDIT,ONE_OPERATING_ORGANISATION_MULTIPLE_SITES; FEATURE_SPECIFIC_ROLE_PERMISSION_SITE_OWNERSHIP_DIRECT_OBJECT_PRIVACY_BOUNDARY_NOT_ADJUDICATED,NOT_ESTABLISHED_CURRENT_AUDIT,NOT_ESTABLISHED_CURRENT_AUDIT,routes/settings.php:39,NOT_ESTABLISHED_CURRENT_AUDIT,app/Http/Controllers/Settings/ProfileController.php:23,NOT_ESTABLISHED_CURRENT_AUDIT,NOT_ESTABLISHED_CURRENT_AUDIT,Static canonical identity only: Maintain the signed-in user's profile. Representative-role completion was not executed.,ROUTE_SOURCE_ANCHOR_ONLY_UNVALIDATED,ROUTE_SOURCE_ANCHOR_ONLY_UNVALIDATED,task-scripts/cap-set-personal-profile.md,a0493442b9e392d324055c35bf25b69421dc2d35,f8cdaf81d83c71e4f5d064fdf88872b908ffaaa1,df6e1b1b357439ad1fd829bebf4e2d33d20d067d515eb945c352e2350a4194a4,f4feae2598622afe346b1163fed2bb842305a8d973a89ec890c02746d99b5999,false,false,false,false,false,"Static identity and source ownership only; no runtime, browser, executed-test, benchmark, ease, release, or completion credit."
TASK-CAP-SET-PERSONAL-TWO-FACTOR,CAP-SET-PERSONAL-TWO-FACTOR,Public & Settings Platform,NOT_ESTABLISHED_CURRENT_AUDIT,Review and manage personal two-factor security,NOT_ESTABLISHED_CURRENT_AUDIT,Review and manage personal two-factor security,"NOT_ESTABLISHED_CURRENT_AUDIT; execution requires a documented representative role, approved Site/record scope where applicable, and resettable synthetic data.",SOURCE_BOUND_STATIC_IDENTITY_ONLY,NOT_EXECUTED_REPRESENTATIVE_ROLE,NOT_MEASURED,0-5; NOT_MEASURED is not 0,NOT_MEASURED,NOT_MEASURED,NOT_MEASURED,NOT_MEASURED,NOT_MEASURED,NOT_MEASURED,NOT_MEASURED,NOT_MEASURED,NOT_MEASURED,NOT_MEASURED,NOT_MEASURED,NOT_MEASURED,NOT_MEASURED,NOT_MEASURED,NOT_MEASURED,NOT_MEASURED,NOT_MEASURED,"{""discoverability"":""NOT_MEASURED"",""comprehension"":""NOT_MEASURED"",""learnability"":""NOT_MEASURED"",""efficiency"":""NOT_MEASURED"",""error_prevention"":""NOT_MEASURED"",""recovery"":""NOT_MEASURED"",""accessibility"":""NOT_MEASURED"",""safety_and_trust"":""NOT_MEASURED"",""consistency"":""NOT_MEASURED"",""cross_module_continuity"":""NOT_MEASURED""}",NOT_PERFORMED,NOT_LINKED_TO_CANONICAL_TARGET_CURRENT_AUDIT,NOT_MEASURED,NOT_MEASURED,NOT_MEASURED,NOT_MEASURED,NOT_MEASURED,NOT_MEASURED,NOT_MEASURED,NOT_MEASURED,NOT_MEASURED,NOT_MEASURED,NOT_MEASURED,H,CANONICAL_STATIC_IDENTITY_DENOMINATOR,"Profile, password, appearance, and two-factor controllers",NOT_ESTABLISHED_CURRENT_AUDIT,Review and manage personal two-factor security,NOT_ADJUDICATED_CURRENT_AUDIT,NOT_SCORED_CURRENT_AUDIT,NOT_SCORED_CURRENT_AUDIT,STATIC_CANONICAL_IDENTITY_FROZEN,INCOMPLETE_CANONICAL_STATIC_IDENTITY_ONLY,NOT_ADJUDICATED_CURRENT_AUDIT,NOT_ADJUDICATED_CURRENT_AUDIT,NOT_DETERMINED_CURRENT_AUDIT,ONE_OPERATING_ORGANISATION_MULTIPLE_SITES; FEATURE_SPECIFIC_ROLE_PERMISSION_SITE_OWNERSHIP_DIRECT_OBJECT_PRIVACY_BOUNDARY_NOT_ADJUDICATED,NOT_ESTABLISHED_CURRENT_AUDIT,NOT_ESTABLISHED_CURRENT_AUDIT,routes/settings.php:59,NOT_ESTABLISHED_CURRENT_AUDIT,app/Http/Controllers/Settings/TwoFactorAuthenticationController.php:11,NOT_ESTABLISHED_CURRENT_AUDIT,NOT_ESTABLISHED_CURRENT_AUDIT,Static canonical identity only: Review and manage personal two-factor security. Representative-role completion was not executed.,ROUTE_SOURCE_ANCHOR_ONLY_UNVALIDATED,ROUTE_SOURCE_ANCHOR_ONLY_UNVALIDATED,task-scripts/cap-set-personal-two-factor.md,a0493442b9e392d324055c35bf25b69421dc2d35,f8cdaf81d83c71e4f5d064fdf88872b908ffaaa1,df6e1b1b357439ad1fd829bebf4e2d33d20d067d515eb945c352e2350a4194a4,f4feae2598622afe346b1163fed2bb842305a8d973a89ec890c02746d99b5999,false,false,false,false,false,"Static identity and source ownership only; no runtime, browser, executed-test, benchmark, ease, release, or completion credit."
TASK-CAP-SET-ROLE-PERMISSION-ADMIN,CAP-SET-ROLE-PERMISSION-ADMIN,Public & Settings Platform,NOT_ESTABLISHED_CURRENT_AUDIT,Create roles and attach permissions,NOT_ESTABLISHED_CURRENT_AUDIT,Create roles and attach permissions,"NOT_ESTABLISHED_CURRENT_AUDIT; execution requires a documented representative role, approved Site/record scope where applicable, and resettable synthetic data.",SOURCE_BOUND_STATIC_IDENTITY_ONLY,NOT_EXECUTED_REPRESENTATIVE_ROLE,NOT_MEASURED,0-5; NOT_MEASURED is not 0,NOT_MEASURED,NOT_MEASURED,NOT_MEASURED,NOT_MEASURED,NOT_MEASURED,NOT_MEASURED,NOT_MEASURED,NOT_MEASURED,NOT_MEASURED,NOT_MEASURED,NOT_MEASURED,NOT_MEASURED,NOT_MEASURED,NOT_MEASURED,NOT_MEASURED,NOT_MEASURED,NOT_MEASURED,"{""discoverability"":""NOT_MEASURED"",""comprehension"":""NOT_MEASURED"",""learnability"":""NOT_MEASURED"",""efficiency"":""NOT_MEASURED"",""error_prevention"":""NOT_MEASURED"",""recovery"":""NOT_MEASURED"",""accessibility"":""NOT_MEASURED"",""safety_and_trust"":""NOT_MEASURED"",""consistency"":""NOT_MEASURED"",""cross_module_continuity"":""NOT_MEASURED""}",NOT_PERFORMED,NOT_LINKED_TO_CANONICAL_TARGET_CURRENT_AUDIT,NOT_MEASURED,NOT_MEASURED,NOT_MEASURED,NOT_MEASURED,NOT_MEASURED,NOT_MEASURED,NOT_MEASURED,NOT_MEASURED,NOT_MEASURED,NOT_MEASURED,NOT_MEASURED,H,CANONICAL_STATIC_IDENTITY_DENOMINATOR,"Access, roles, users, and SSO controllers",NOT_ESTABLISHED_CURRENT_AUDIT,Create roles and attach permissions,NOT_ADJUDICATED_CURRENT_AUDIT,NOT_SCORED_CURRENT_AUDIT,NOT_SCORED_CURRENT_AUDIT,STATIC_CANONICAL_IDENTITY_FROZEN,INCOMPLETE_CANONICAL_STATIC_IDENTITY_ONLY,NOT_ADJUDICATED_CURRENT_AUDIT,NOT_ADJUDICATED_CURRENT_AUDIT,NOT_DETERMINED_CURRENT_AUDIT,ONE_OPERATING_ORGANISATION_MULTIPLE_SITES; FEATURE_SPECIFIC_ROLE_PERMISSION_SITE_OWNERSHIP_DIRECT_OBJECT_PRIVACY_BOUNDARY_NOT_ADJUDICATED,NOT_ESTABLISHED_CURRENT_AUDIT,NOT_ESTABLISHED_CURRENT_AUDIT,routes/settings.php:82,NOT_ESTABLISHED_CURRENT_AUDIT,app/Http/Controllers/Settings/AccessController.php:53-271; app/Http/Controllers/Settings/RolesController.php:11,tests/Feature/System/AccessControlControllerTest.php:31-111,NOT_ESTABLISHED_CURRENT_AUDIT,Static canonical identity only: Create roles and attach permissions. Representative-role completion was not executed.,ROUTE_SOURCE_ANCHOR_ONLY_UNVALIDATED,ROUTE_SOURCE_ANCHOR_ONLY_UNVALIDATED,task-scripts/cap-set-role-permission-admin.md,a0493442b9e392d324055c35bf25b69421dc2d35,f8cdaf81d83c71e4f5d064fdf88872b908ffaaa1,df6e1b1b357439ad1fd829bebf4e2d33d20d067d515eb945c352e2350a4194a4,f4feae2598622afe346b1163fed2bb842305a8d973a89ec890c02746d99b5999,false,false,false,false,false,"Static identity and source ownership only; no runtime, browser, executed-test, benchmark, ease, release, or completion credit."
TASK-CAP-SET-SECURITY-POLICY,CAP-SET-SECURITY-POLICY,Public & Settings Platform,NOT_ESTABLISHED_CURRENT_AUDIT,Configure application security policy,NOT_ESTABLISHED_CURRENT_AUDIT,Configure application security policy,"NOT_ESTABLISHED_CURRENT_AUDIT; execution requires a documented representative role, approved Site/record scope where applicable, and resettable synthetic data.",SOURCE_BOUND_STATIC_IDENTITY_ONLY,NOT_EXECUTED_REPRESENTATIVE_ROLE,NOT_MEASURED,0-5; NOT_MEASURED is not 0,NOT_MEASURED,NOT_MEASURED,NOT_MEASURED,NOT_MEASURED,NOT_MEASURED,NOT_MEASURED,NOT_MEASURED,NOT_MEASURED,NOT_MEASURED,NOT_MEASURED,NOT_MEASURED,NOT_MEASURED,NOT_MEASURED,NOT_MEASURED,NOT_MEASURED,NOT_MEASURED,NOT_MEASURED,"{""discoverability"":""NOT_MEASURED"",""comprehension"":""NOT_MEASURED"",""learnability"":""NOT_MEASURED"",""efficiency"":""NOT_MEASURED"",""error_prevention"":""NOT_MEASURED"",""recovery"":""NOT_MEASURED"",""accessibility"":""NOT_MEASURED"",""safety_and_trust"":""NOT_MEASURED"",""consistency"":""NOT_MEASURED"",""cross_module_continuity"":""NOT_MEASURED""}",NOT_PERFORMED,NOT_LINKED_TO_CANONICAL_TARGET_CURRENT_AUDIT,NOT_MEASURED,NOT_MEASURED,NOT_MEASURED,NOT_MEASURED,NOT_MEASURED,NOT_MEASURED,NOT_MEASURED,NOT_MEASURED,NOT_MEASURED,NOT_MEASURED,NOT_MEASURED,H,CANONICAL_STATIC_IDENTITY_DENOMINATOR,Dedicated settings controllers,NOT_ESTABLISHED_CURRENT_AUDIT,Configure application security policy,NOT_ADJUDICATED_CURRENT_AUDIT,NOT_SCORED_CURRENT_AUDIT,NOT_SCORED_CURRENT_AUDIT,STATIC_CANONICAL_IDENTITY_FROZEN,INCOMPLETE_CANONICAL_STATIC_IDENTITY_ONLY,NOT_ADJUDICATED_CURRENT_AUDIT,NOT_ADJUDICATED_CURRENT_AUDIT,NOT_DETERMINED_CURRENT_AUDIT,ONE_OPERATING_ORGANISATION_MULTIPLE_SITES; FEATURE_SPECIFIC_ROLE_PERMISSION_SITE_OWNERSHIP_DIRECT_OBJECT_PRIVACY_BOUNDARY_NOT_ADJUDICATED,NOT_ESTABLISHED_CURRENT_AUDIT,NOT_ESTABLISHED_CURRENT_AUDIT,routes/settings.php:194,NOT_ESTABLISHED_CURRENT_AUDIT,app/Http/Controllers/Settings/NotificationPreferencesController.php:15-238; app/Http/Controllers/Settings/SecurityPolicyController.php:13,tests/Feature/Settings/SecurityPolicyEnforcementTest.php:14-80,NOT_ESTABLISHED_CURRENT_AUDIT,Static canonical identity only: Configure application security policy. Representative-role completion was not executed.,ROUTE_SOURCE_ANCHOR_ONLY_UNVALIDATED,ROUTE_SOURCE_ANCHOR_ONLY_UNVALIDATED,task-scripts/cap-set-security-policy.md,a0493442b9e392d324055c35bf25b69421dc2d35,f8cdaf81d83c71e4f5d064fdf88872b908ffaaa1,df6e1b1b357439ad1fd829bebf4e2d33d20d067d515eb945c352e2350a4194a4,f4feae2598622afe346b1163fed2bb842305a8d973a89ec890c02746d99b5999,false,false,false,false,false,"Static identity and source ownership only; no runtime, browser, executed-test, benchmark, ease, release, or completion credit."
TASK-CAP-SET-SESSION-ADMIN,CAP-SET-SESSION-ADMIN,Public & Settings Platform,NOT_ESTABLISHED_CURRENT_AUDIT,Terminate a user's active sessions,NOT_ESTABLISHED_CURRENT_AUDIT,Terminate a user's active sessions,"NOT_ESTABLISHED_CURRENT_AUDIT; execution requires a documented representative role, approved Site/record scope where applicable, and resettable synthetic data.",SOURCE_BOUND_STATIC_IDENTITY_ONLY,NOT_EXECUTED_REPRESENTATIVE_ROLE,NOT_MEASURED,0-5; NOT_MEASURED is not 0,NOT_MEASURED,NOT_MEASURED,NOT_MEASURED,NOT_MEASURED,NOT_MEASURED,NOT_MEASURED,NOT_MEASURED,NOT_MEASURED,NOT_MEASURED,NOT_MEASURED,NOT_MEASURED,NOT_MEASURED,NOT_MEASURED,NOT_MEASURED,NOT_MEASURED,NOT_MEASURED,NOT_MEASURED,"{""discoverability"":""NOT_MEASURED"",""comprehension"":""NOT_MEASURED"",""learnability"":""NOT_MEASURED"",""efficiency"":""NOT_MEASURED"",""error_prevention"":""NOT_MEASURED"",""recovery"":""NOT_MEASURED"",""accessibility"":""NOT_MEASURED"",""safety_and_trust"":""NOT_MEASURED"",""consistency"":""NOT_MEASURED"",""cross_module_continuity"":""NOT_MEASURED""}",NOT_PERFORMED,NOT_LINKED_TO_CANONICAL_TARGET_CURRENT_AUDIT,NOT_MEASURED,NOT_MEASURED,NOT_MEASURED,NOT_MEASURED,NOT_MEASURED,NOT_MEASURED,NOT_MEASURED,NOT_MEASURED,NOT_MEASURED,NOT_MEASURED,NOT_MEASURED,H,CANONICAL_STATIC_IDENTITY_DENOMINATOR,"Access, roles, users, and SSO controllers",NOT_ESTABLISHED_CURRENT_AUDIT,Terminate a user's active sessions,NOT_ADJUDICATED_CURRENT_AUDIT,NOT_SCORED_CURRENT_AUDIT,NOT_SCORED_CURRENT_AUDIT,STATIC_CANONICAL_IDENTITY_FROZEN,INCOMPLETE_CANONICAL_STATIC_IDENTITY_ONLY,NOT_ADJUDICATED_CURRENT_AUDIT,NOT_ADJUDICATED_CURRENT_AUDIT,NOT_DETERMINED_CURRENT_AUDIT,ONE_OPERATING_ORGANISATION_MULTIPLE_SITES; FEATURE_SPECIFIC_ROLE_PERMISSION_SITE_OWNERSHIP_DIRECT_OBJECT_PRIVACY_BOUNDARY_NOT_ADJUDICATED,NOT_ESTABLISHED_CURRENT_AUDIT,NOT_ESTABLISHED_CURRENT_AUDIT,NOT_ESTABLISHED_CURRENT_AUDIT,NOT_ESTABLISHED_CURRENT_AUDIT,app/Http/Controllers/Settings/AccessController.php:53-271; app/Http/Controllers/System/UsersController.php:490; app/Http/Controllers/System/UsersController.php:512,tests/Feature/System/AccessControlControllerTest.php:31-111,NOT_ESTABLISHED_CURRENT_AUDIT,Static canonical identity only: Terminate a user's active sessions. Representative-role completion was not executed.,NOT_ESTABLISHED_CURRENT_AUDIT_NO_ROUTE_OR_PAGE_ANCHOR,NOT_ESTABLISHED_CURRENT_AUDIT_NO_ROUTE_OR_PAGE_ANCHOR,task-scripts/cap-set-session-admin.md,a0493442b9e392d324055c35bf25b69421dc2d35,f8cdaf81d83c71e4f5d064fdf88872b908ffaaa1,df6e1b1b357439ad1fd829bebf4e2d33d20d067d515eb945c352e2350a4194a4,f4feae2598622afe346b1163fed2bb842305a8d973a89ec890c02746d99b5999,false,false,false,false,false,"Static identity and source ownership only; no runtime, browser, executed-test, benchmark, ease, release, or completion credit."
TASK-CAP-SET-SSO-MAPPING,CAP-SET-SSO-MAPPING,Public & Settings Platform,NOT_ESTABLISHED_CURRENT_AUDIT,Configure SSO and group mappings,NOT_ESTABLISHED_CURRENT_AUDIT,Configure SSO and group mappings,"NOT_ESTABLISHED_CURRENT_AUDIT; execution requires a documented representative role, approved Site/record scope where applicable, and resettable synthetic data.",SOURCE_BOUND_STATIC_IDENTITY_ONLY,NOT_EXECUTED_REPRESENTATIVE_ROLE,NOT_MEASURED,0-5; NOT_MEASURED is not 0,NOT_MEASURED,NOT_MEASURED,NOT_MEASURED,NOT_MEASURED,NOT_MEASURED,NOT_MEASURED,NOT_MEASURED,NOT_MEASURED,NOT_MEASURED,NOT_MEASURED,NOT_MEASURED,NOT_MEASURED,NOT_MEASURED,NOT_MEASURED,NOT_MEASURED,NOT_MEASURED,NOT_MEASURED,"{""discoverability"":""NOT_MEASURED"",""comprehension"":""NOT_MEASURED"",""learnability"":""NOT_MEASURED"",""efficiency"":""NOT_MEASURED"",""error_prevention"":""NOT_MEASURED"",""recovery"":""NOT_MEASURED"",""accessibility"":""NOT_MEASURED"",""safety_and_trust"":""NOT_MEASURED"",""consistency"":""NOT_MEASURED"",""cross_module_continuity"":""NOT_MEASURED""}",NOT_PERFORMED,NOT_LINKED_TO_CANONICAL_TARGET_CURRENT_AUDIT,NOT_MEASURED,NOT_MEASURED,NOT_MEASURED,NOT_MEASURED,NOT_MEASURED,NOT_MEASURED,NOT_MEASURED,NOT_MEASURED,NOT_MEASURED,NOT_MEASURED,NOT_MEASURED,H,CANONICAL_STATIC_IDENTITY_DENOMINATOR,"Access, roles, users, and SSO controllers",NOT_ESTABLISHED_CURRENT_AUDIT,Configure SSO and group mappings,NOT_ADJUDICATED_CURRENT_AUDIT,NOT_SCORED_CURRENT_AUDIT,NOT_SCORED_CURRENT_AUDIT,STATIC_CANONICAL_IDENTITY_FROZEN,INCOMPLETE_CANONICAL_STATIC_IDENTITY_ONLY,NOT_ADJUDICATED_CURRENT_AUDIT,NOT_ADJUDICATED_CURRENT_AUDIT,NOT_DETERMINED_CURRENT_AUDIT,ONE_OPERATING_ORGANISATION_MULTIPLE_SITES; FEATURE_SPECIFIC_ROLE_PERMISSION_SITE_OWNERSHIP_DIRECT_OBJECT_PRIVACY_BOUNDARY_NOT_ADJUDICATED,NOT_ESTABLISHED_CURRENT_AUDIT,NOT_ESTABLISHED_CURRENT_AUDIT,NOT_ESTABLISHED_CURRENT_AUDIT,NOT_ESTABLISHED_CURRENT_AUDIT,app/Http/Controllers/Settings/AccessController.php:53-271; app/Http/Controllers/Settings/SsoConfigController.php:11; app/Http/Controllers/Settings/SsoGroupController.php:14,tests/Feature/System/AccessControlControllerTest.php:31-111,NOT_ESTABLISHED_CURRENT_AUDIT,Static canonical identity only: Configure SSO and group mappings. Representative-role completion was not executed.,NOT_ESTABLISHED_CURRENT_AUDIT_NO_ROUTE_OR_PAGE_ANCHOR,NOT_ESTABLISHED_CURRENT_AUDIT_NO_ROUTE_OR_PAGE_ANCHOR,task-scripts/cap-set-sso-mapping.md,a0493442b9e392d324055c35bf25b69421dc2d35,f8cdaf81d83c71e4f5d064fdf88872b908ffaaa1,df6e1b1b357439ad1fd829bebf4e2d33d20d067d515eb945c352e2350a4194a4,f4feae2598622afe346b1163fed2bb842305a8d973a89ec890c02746d99b5999,false,false,false,false,false,"Static identity and source ownership only; no runtime, browser, executed-test, benchmark, ease, release, or completion credit."
TASK-CAP-SET-TERMINOLOGY-CONFIG,CAP-SET-TERMINOLOGY-CONFIG,Public & Settings Platform,NOT_ESTABLISHED_CURRENT_AUDIT,Configure organisation terminology,NOT_ESTABLISHED_CURRENT_AUDIT,Configure organisation terminology,"NOT_ESTABLISHED_CURRENT_AUDIT; execution requires a documented representative role, approved Site/record scope where applicable, and resettable synthetic data.",SOURCE_BOUND_STATIC_IDENTITY_ONLY,NOT_EXECUTED_REPRESENTATIVE_ROLE,NOT_MEASURED,0-5; NOT_MEASURED is not 0,NOT_MEASURED,NOT_MEASURED,NOT_MEASURED,NOT_MEASURED,NOT_MEASURED,NOT_MEASURED,NOT_MEASURED,NOT_MEASURED,NOT_MEASURED,NOT_MEASURED,NOT_MEASURED,NOT_MEASURED,NOT_MEASURED,NOT_MEASURED,NOT_MEASURED,NOT_MEASURED,NOT_MEASURED,"{""discoverability"":""NOT_MEASURED"",""comprehension"":""NOT_MEASURED"",""learnability"":""NOT_MEASURED"",""efficiency"":""NOT_MEASURED"",""error_prevention"":""NOT_MEASURED"",""recovery"":""NOT_MEASURED"",""accessibility"":""NOT_MEASURED"",""safety_and_trust"":""NOT_MEASURED"",""consistency"":""NOT_MEASURED"",""cross_module_continuity"":""NOT_MEASURED""}",NOT_PERFORMED,NOT_LINKED_TO_CANONICAL_TARGET_CURRENT_AUDIT,NOT_MEASURED,NOT_MEASURED,NOT_MEASURED,NOT_MEASURED,NOT_MEASURED,NOT_MEASURED,NOT_MEASURED,NOT_MEASURED,NOT_MEASURED,NOT_MEASURED,NOT_MEASURED,H,CANONICAL_STATIC_IDENTITY_DENOMINATOR,Dedicated settings controllers,NOT_ESTABLISHED_CURRENT_AUDIT,Configure organisation terminology,NOT_ADJUDICATED_CURRENT_AUDIT,NOT_SCORED_CURRENT_AUDIT,NOT_SCORED_CURRENT_AUDIT,STATIC_CANONICAL_IDENTITY_FROZEN,INCOMPLETE_CANONICAL_STATIC_IDENTITY_ONLY,NOT_ADJUDICATED_CURRENT_AUDIT,NOT_ADJUDICATED_CURRENT_AUDIT,NOT_DETERMINED_CURRENT_AUDIT,ONE_OPERATING_ORGANISATION_MULTIPLE_SITES; FEATURE_SPECIFIC_ROLE_PERMISSION_SITE_OWNERSHIP_DIRECT_OBJECT_PRIVACY_BOUNDARY_NOT_ADJUDICATED,NOT_ESTABLISHED_CURRENT_AUDIT,NOT_ESTABLISHED_CURRENT_AUDIT,routes/settings.php:99,NOT_ESTABLISHED_CURRENT_AUDIT,app/Http/Controllers/Settings/NotificationPreferencesController.php:15-238; app/Http/Controllers/Settings/TerminologyController.php:9,tests/Feature/Settings/SecurityPolicyEnforcementTest.php:14-80,NOT_ESTABLISHED_CURRENT_AUDIT,Static canonical identity only: Configure organisation terminology. Representative-role completion was not executed.,ROUTE_SOURCE_ANCHOR_ONLY_UNVALIDATED,ROUTE_SOURCE_ANCHOR_ONLY_UNVALIDATED,task-scripts/cap-set-terminology-config.md,a0493442b9e392d324055c35bf25b69421dc2d35,f8cdaf81d83c71e4f5d064fdf88872b908ffaaa1,df6e1b1b357439ad1fd829bebf4e2d33d20d067d515eb945c352e2350a4194a4,f4feae2598622afe346b1163fed2bb842305a8d973a89ec890c02746d99b5999,false,false,false,false,false,"Static identity and source ownership only; no runtime, browser, executed-test, benchmark, ease, release, or completion credit."
TASK-CAP-SET-USER-ACCESS-ADMIN,CAP-SET-USER-ACCESS-ADMIN,Public & Settings Platform,NOT_ESTABLISHED_CURRENT_AUDIT,Approve users and administer role or permission overrides,NOT_ESTABLISHED_CURRENT_AUDIT,Approve users and administer role or permission overrides,"NOT_ESTABLISHED_CURRENT_AUDIT; execution requires a documented representative role, approved Site/record scope where applicable, and resettable synthetic data.",SOURCE_BOUND_STATIC_IDENTITY_ONLY,NOT_EXECUTED_REPRESENTATIVE_ROLE,NOT_MEASURED,0-5; NOT_MEASURED is not 0,NOT_MEASURED,NOT_MEASURED,NOT_MEASURED,NOT_MEASURED,NOT_MEASURED,NOT_MEASURED,NOT_MEASURED,NOT_MEASURED,NOT_MEASURED,NOT_MEASURED,NOT_MEASURED,NOT_MEASURED,NOT_MEASURED,NOT_MEASURED,NOT_MEASURED,NOT_MEASURED,NOT_MEASURED,"{""discoverability"":""NOT_MEASURED"",""comprehension"":""NOT_MEASURED"",""learnability"":""NOT_MEASURED"",""efficiency"":""NOT_MEASURED"",""error_prevention"":""NOT_MEASURED"",""recovery"":""NOT_MEASURED"",""accessibility"":""NOT_MEASURED"",""safety_and_trust"":""NOT_MEASURED"",""consistency"":""NOT_MEASURED"",""cross_module_continuity"":""NOT_MEASURED""}",NOT_PERFORMED,NOT_LINKED_TO_CANONICAL_TARGET_CURRENT_AUDIT,NOT_MEASURED,NOT_MEASURED,NOT_MEASURED,NOT_MEASURED,NOT_MEASURED,NOT_MEASURED,NOT_MEASURED,NOT_MEASURED,NOT_MEASURED,NOT_MEASURED,NOT_MEASURED,H,CANONICAL_STATIC_IDENTITY_DENOMINATOR,"Access, roles, users, and SSO controllers",NOT_ESTABLISHED_CURRENT_AUDIT,Approve users and administer role or permission overrides,NOT_ADJUDICATED_CURRENT_AUDIT,NOT_SCORED_CURRENT_AUDIT,NOT_SCORED_CURRENT_AUDIT,STATIC_CANONICAL_IDENTITY_FROZEN,INCOMPLETE_CANONICAL_STATIC_IDENTITY_ONLY,NOT_ADJUDICATED_CURRENT_AUDIT,NOT_ADJUDICATED_CURRENT_AUDIT,NOT_DETERMINED_CURRENT_AUDIT,ONE_OPERATING_ORGANISATION_MULTIPLE_SITES; FEATURE_SPECIFIC_ROLE_PERMISSION_SITE_OWNERSHIP_DIRECT_OBJECT_PRIVACY_BOUNDARY_NOT_ADJUDICATED,NOT_ESTABLISHED_CURRENT_AUDIT,NOT_ESTABLISHED_CURRENT_AUDIT,routes/settings.php:62,NOT_ESTABLISHED_CURRENT_AUDIT,app/Http/Controllers/Settings/AccessController.php:13,NOT_ESTABLISHED_CURRENT_AUDIT,NOT_ESTABLISHED_CURRENT_AUDIT,Static canonical identity only: Approve users and administer role or permission overrides. Representative-role completion was not executed.,ROUTE_SOURCE_ANCHOR_ONLY_UNVALIDATED,ROUTE_SOURCE_ANCHOR_ONLY_UNVALIDATED,task-scripts/cap-set-user-access-admin.md,a0493442b9e392d324055c35bf25b69421dc2d35,f8cdaf81d83c71e4f5d064fdf88872b908ffaaa1,df6e1b1b357439ad1fd829bebf4e2d33d20d067d515eb945c352e2350a4194a4,f4feae2598622afe346b1163fed2bb842305a8d973a89ec890c02746d99b5999,false,false,false,false,false,"Static identity and source ownership only; no runtime, browser, executed-test, benchmark, ease, release, or completion credit."
TASK-CAP-SITE-CALENDAR-EVENT-LIFECYCLE,CAP-SITE-CALENDAR-EVENT-LIFECYCLE,Sites & Locations,NOT_ESTABLISHED_CURRENT_AUDIT,"Create, approve, update, and cancel Site calendar events",NOT_ESTABLISHED_CURRENT_AUDIT,"Create, approve, update, and cancel Site calendar events","NOT_ESTABLISHED_CURRENT_AUDIT; execution requires a documented representative role, approved Site/record scope where applicable, and resettable synthetic data.",SOURCE_BOUND_STATIC_IDENTITY_ONLY,NOT_EXECUTED_REPRESENTATIVE_ROLE,NOT_MEASURED,0-5; NOT_MEASURED is not 0,NOT_MEASURED,NOT_MEASURED,NOT_MEASURED,NOT_MEASURED,NOT_MEASURED,NOT_MEASURED,NOT_MEASURED,NOT_MEASURED,NOT_MEASURED,NOT_MEASURED,NOT_MEASURED,NOT_MEASURED,NOT_MEASURED,NOT_MEASURED,NOT_MEASURED,NOT_MEASURED,NOT_MEASURED,"{""discoverability"":""NOT_MEASURED"",""comprehension"":""NOT_MEASURED"",""learnability"":""NOT_MEASURED"",""efficiency"":""NOT_MEASURED"",""error_prevention"":""NOT_MEASURED"",""recovery"":""NOT_MEASURED"",""accessibility"":""NOT_MEASURED"",""safety_and_trust"":""NOT_MEASURED"",""consistency"":""NOT_MEASURED"",""cross_module_continuity"":""NOT_MEASURED""}",NOT_PERFORMED,NOT_LINKED_TO_CANONICAL_TARGET_CURRENT_AUDIT,NOT_MEASURED,NOT_MEASURED,NOT_MEASURED,NOT_MEASURED,NOT_MEASURED,NOT_MEASURED,NOT_MEASURED,NOT_MEASURED,NOT_MEASURED,NOT_MEASURED,NOT_MEASURED,H,CANONICAL_STATIC_IDENTITY_DENOMINATOR,SiteCalendarController and SiteCalendarService,NOT_ESTABLISHED_CURRENT_AUDIT,"Create, approve, update, and cancel Site calendar events",NOT_ADJUDICATED_CURRENT_AUDIT,NOT_SCORED_CURRENT_AUDIT,NOT_SCORED_CURRENT_AUDIT,STATIC_CANONICAL_IDENTITY_FROZEN,INCOMPLETE_CANONICAL_STATIC_IDENTITY_ONLY,NOT_ADJUDICATED_CURRENT_AUDIT,NOT_ADJUDICATED_CURRENT_AUDIT,NOT_DETERMINED_CURRENT_AUDIT,ONE_OPERATING_ORGANISATION_MULTIPLE_SITES; FEATURE_SPECIFIC_ROLE_PERMISSION_SITE_OWNERSHIP_DIRECT_OBJECT_PRIVACY_BOUNDARY_NOT_ADJUDICATED,NOT_ESTABLISHED_CURRENT_AUDIT,NOT_ESTABLISHED_CURRENT_AUDIT,NOT_ESTABLISHED_CURRENT_AUDIT,NOT_ESTABLISHED_CURRENT_AUDIT,app/Http/Controllers/Sites/SiteCalendarController.php:101; app/Http/Controllers/Sites/SiteCalendarController.php:24,NOT_ESTABLISHED_CURRENT_AUDIT,NOT_ESTABLISHED_CURRENT_AUDIT,"Static canonical identity only: Create, approve, update, and cancel Site calendar events. Representative-role completion was not executed.",NOT_ESTABLISHED_CURRENT_AUDIT_NO_ROUTE_OR_PAGE_ANCHOR,NOT_ESTABLISHED_CURRENT_AUDIT_NO_ROUTE_OR_PAGE_ANCHOR,task-scripts/cap-site-calendar-event-lifecycle.md,a0493442b9e392d324055c35bf25b69421dc2d35,f8cdaf81d83c71e4f5d064fdf88872b908ffaaa1,df6e1b1b357439ad1fd829bebf4e2d33d20d067d515eb945c352e2350a4194a4,f4feae2598622afe346b1163fed2bb842305a8d973a89ec890c02746d99b5999,false,false,false,false,false,"Static identity and source ownership only; no runtime, browser, executed-test, benchmark, ease, release, or completion credit."
TASK-CAP-SITE-CHECKLIST-RUN,CAP-SITE-CHECKLIST-RUN,Sites & Locations,NOT_ESTABLISHED_CURRENT_AUDIT,Execute and complete Site checklist runs,NOT_ESTABLISHED_CURRENT_AUDIT,Execute and complete Site checklist runs,"NOT_ESTABLISHED_CURRENT_AUDIT; execution requires a documented representative role, approved Site/record scope where applicable, and resettable synthetic data.",SOURCE_BOUND_STATIC_IDENTITY_ONLY,NOT_EXECUTED_REPRESENTATIVE_ROLE,NOT_MEASURED,0-5; NOT_MEASURED is not 0,NOT_MEASURED,NOT_MEASURED,NOT_MEASURED,NOT_MEASURED,NOT_MEASURED,NOT_MEASURED,NOT_MEASURED,NOT_MEASURED,NOT_MEASURED,NOT_MEASURED,NOT_MEASURED,NOT_MEASURED,NOT_MEASURED,NOT_MEASURED,NOT_MEASURED,NOT_MEASURED,NOT_MEASURED,"{""discoverability"":""NOT_MEASURED"",""comprehension"":""NOT_MEASURED"",""learnability"":""NOT_MEASURED"",""efficiency"":""NOT_MEASURED"",""error_prevention"":""NOT_MEASURED"",""recovery"":""NOT_MEASURED"",""accessibility"":""NOT_MEASURED"",""safety_and_trust"":""NOT_MEASURED"",""consistency"":""NOT_MEASURED"",""cross_module_continuity"":""NOT_MEASURED""}",NOT_PERFORMED,NOT_LINKED_TO_CANONICAL_TARGET_CURRENT_AUDIT,NOT_MEASURED,NOT_MEASURED,NOT_MEASURED,NOT_MEASURED,NOT_MEASURED,NOT_MEASURED,NOT_MEASURED,NOT_MEASURED,NOT_MEASURED,NOT_MEASURED,NOT_MEASURED,H,CANONICAL_STATIC_IDENTITY_DENOMINATOR,SiteChecklistRunExecutionService and compliance owners,NOT_ESTABLISHED_CURRENT_AUDIT,Execute and complete Site checklist runs,NOT_ADJUDICATED_CURRENT_AUDIT,NOT_SCORED_CURRENT_AUDIT,NOT_SCORED_CURRENT_AUDIT,STATIC_CANONICAL_IDENTITY_FROZEN,INCOMPLETE_CANONICAL_STATIC_IDENTITY_ONLY,NOT_ADJUDICATED_CURRENT_AUDIT,NOT_ADJUDICATED_CURRENT_AUDIT,NOT_DETERMINED_CURRENT_AUDIT,ONE_OPERATING_ORGANISATION_MULTIPLE_SITES; FEATURE_SPECIFIC_ROLE_PERMISSION_SITE_OWNERSHIP_DIRECT_OBJECT_PRIVACY_BOUNDARY_NOT_ADJUDICATED,NOT_ESTABLISHED_CURRENT_AUDIT,NOT_ESTABLISHED_CURRENT_AUDIT,NOT_ESTABLISHED_CURRENT_AUDIT,NOT_ESTABLISHED_CURRENT_AUDIT,app/Services/Sites/SiteChecklistRunExecutionService.php:20; app/Services/Sites/SiteChecklistRunExecutionService.php:37-200,tests/Feature/Checklists/ChecklistRunOwnershipTest.php:231-448,NOT_ESTABLISHED_CURRENT_AUDIT,Static canonical identity only: Execute and complete Site checklist runs. Representative-role completion was not executed.,NOT_ESTABLISHED_CURRENT_AUDIT_NO_ROUTE_OR_PAGE_ANCHOR,NOT_ESTABLISHED_CURRENT_AUDIT_NO_ROUTE_OR_PAGE_ANCHOR,task-scripts/cap-site-checklist-run.md,a0493442b9e392d324055c35bf25b69421dc2d35,f8cdaf81d83c71e4f5d064fdf88872b908ffaaa1,df6e1b1b357439ad1fd829bebf4e2d33d20d067d515eb945c352e2350a4194a4,f4feae2598622afe346b1163fed2bb842305a8d973a89ec890c02746d99b5999,false,false,false,false,false,"Static identity and source ownership only; no runtime, browser, executed-test, benchmark, ease, release, or completion credit."
TASK-CAP-SITE-CONTACTS,CAP-SITE-CONTACTS,Sites & Locations,NOT_ESTABLISHED_CURRENT_AUDIT,Maintain Site contacts,NOT_ESTABLISHED_CURRENT_AUDIT,Maintain Site contacts,"NOT_ESTABLISHED_CURRENT_AUDIT; execution requires a documented representative role, approved Site/record scope where applicable, and resettable synthetic data.",SOURCE_BOUND_STATIC_IDENTITY_ONLY,NOT_EXECUTED_REPRESENTATIVE_ROLE,NOT_MEASURED,0-5; NOT_MEASURED is not 0,NOT_MEASURED,NOT_MEASURED,NOT_MEASURED,NOT_MEASURED,NOT_MEASURED,NOT_MEASURED,NOT_MEASURED,NOT_MEASURED,NOT_MEASURED,NOT_MEASURED,NOT_MEASURED,NOT_MEASURED,NOT_MEASURED,NOT_MEASURED,NOT_MEASURED,NOT_MEASURED,NOT_MEASURED,"{""discoverability"":""NOT_MEASURED"",""comprehension"":""NOT_MEASURED"",""learnability"":""NOT_MEASURED"",""efficiency"":""NOT_MEASURED"",""error_prevention"":""NOT_MEASURED"",""recovery"":""NOT_MEASURED"",""accessibility"":""NOT_MEASURED"",""safety_and_trust"":""NOT_MEASURED"",""consistency"":""NOT_MEASURED"",""cross_module_continuity"":""NOT_MEASURED""}",NOT_PERFORMED,NOT_LINKED_TO_CANONICAL_TARGET_CURRENT_AUDIT,NOT_MEASURED,NOT_MEASURED,NOT_MEASURED,NOT_MEASURED,NOT_MEASURED,NOT_MEASURED,NOT_MEASURED,NOT_MEASURED,NOT_MEASURED,NOT_MEASURED,NOT_MEASURED,H,CANONICAL_STATIC_IDENTITY_DENOMINATOR,SiteCredentialController and HouseLedgerService,NOT_ESTABLISHED_CURRENT_AUDIT,Maintain Site contacts,NOT_ADJUDICATED_CURRENT_AUDIT,NOT_SCORED_CURRENT_AUDIT,NOT_SCORED_CURRENT_AUDIT,STATIC_CANONICAL_IDENTITY_FROZEN,INCOMPLETE_CANONICAL_STATIC_IDENTITY_ONLY,NOT_ADJUDICATED_CURRENT_AUDIT,NOT_ADJUDICATED_CURRENT_AUDIT,NOT_DETERMINED_CURRENT_AUDIT,ONE_OPERATING_ORGANISATION_MULTIPLE_SITES; FEATURE_SPECIFIC_ROLE_PERMISSION_SITE_OWNERSHIP_DIRECT_OBJECT_PRIVACY_BOUNDARY_NOT_ADJUDICATED,NOT_ESTABLISHED_CURRENT_AUDIT,NOT_ESTABLISHED_CURRENT_AUDIT,NOT_ESTABLISHED_CURRENT_AUDIT,NOT_ESTABLISHED_CURRENT_AUDIT,app/Http/Controllers/SiteContactController.php:13,NOT_ESTABLISHED_CURRENT_AUDIT,NOT_ESTABLISHED_CURRENT_AUDIT,Static canonical identity only: Maintain Site contacts. Representative-role completion was not executed.,NOT_ESTABLISHED_CURRENT_AUDIT_NO_ROUTE_OR_PAGE_ANCHOR,NOT_ESTABLISHED_CURRENT_AUDIT_NO_ROUTE_OR_PAGE_ANCHOR,task-scripts/cap-site-contacts.md,a0493442b9e392d324055c35bf25b69421dc2d35,f8cdaf81d83c71e4f5d064fdf88872b908ffaaa1,df6e1b1b357439ad1fd829bebf4e2d33d20d067d515eb945c352e2350a4194a4,f4feae2598622afe346b1163fed2bb842305a8d973a89ec890c02746d99b5999,false,false,false,false,false,"Static identity and source ownership only; no runtime, browser, executed-test, benchmark, ease, release, or completion credit."
TASK-CAP-SITE-CREDENTIAL-VAULT,CAP-SITE-CREDENTIAL-VAULT,Sites & Locations,NOT_ESTABLISHED_CURRENT_AUDIT,Maintain protected Site credentials,NOT_ESTABLISHED_CURRENT_AUDIT,Maintain protected Site credentials,"NOT_ESTABLISHED_CURRENT_AUDIT; execution requires a documented representative role, approved Site/record scope where applicable, and resettable synthetic data.",SOURCE_BOUND_STATIC_IDENTITY_ONLY,NOT_EXECUTED_REPRESENTATIVE_ROLE,NOT_MEASURED,0-5; NOT_MEASURED is not 0,NOT_MEASURED,NOT_MEASURED,NOT_MEASURED,NOT_MEASURED,NOT_MEASURED,NOT_MEASURED,NOT_MEASURED,NOT_MEASURED,NOT_MEASURED,NOT_MEASURED,NOT_MEASURED,NOT_MEASURED,NOT_MEASURED,NOT_MEASURED,NOT_MEASURED,NOT_MEASURED,NOT_MEASURED,"{""discoverability"":""NOT_MEASURED"",""comprehension"":""NOT_MEASURED"",""learnability"":""NOT_MEASURED"",""efficiency"":""NOT_MEASURED"",""error_prevention"":""NOT_MEASURED"",""recovery"":""NOT_MEASURED"",""accessibility"":""NOT_MEASURED"",""safety_and_trust"":""NOT_MEASURED"",""consistency"":""NOT_MEASURED"",""cross_module_continuity"":""NOT_MEASURED""}",NOT_PERFORMED,NOT_LINKED_TO_CANONICAL_TARGET_CURRENT_AUDIT,NOT_MEASURED,NOT_MEASURED,NOT_MEASURED,NOT_MEASURED,NOT_MEASURED,NOT_MEASURED,NOT_MEASURED,NOT_MEASURED,NOT_MEASURED,NOT_MEASURED,NOT_MEASURED,H,CANONICAL_STATIC_IDENTITY_DENOMINATOR,SiteCredentialController and HouseLedgerService,NOT_ESTABLISHED_CURRENT_AUDIT,Maintain protected Site credentials,NOT_ADJUDICATED_CURRENT_AUDIT,NOT_SCORED_CURRENT_AUDIT,NOT_SCORED_CURRENT_AUDIT,STATIC_CANONICAL_IDENTITY_FROZEN,INCOMPLETE_CANONICAL_STATIC_IDENTITY_ONLY,NOT_ADJUDICATED_CURRENT_AUDIT,NOT_ADJUDICATED_CURRENT_AUDIT,NOT_DETERMINED_CURRENT_AUDIT,ONE_OPERATING_ORGANISATION_MULTIPLE_SITES; FEATURE_SPECIFIC_ROLE_PERMISSION_SITE_OWNERSHIP_DIRECT_OBJECT_PRIVACY_BOUNDARY_NOT_ADJUDICATED,NOT_ESTABLISHED_CURRENT_AUDIT,NOT_ESTABLISHED_CURRENT_AUDIT,NOT_ESTABLISHED_CURRENT_AUDIT,NOT_ESTABLISHED_CURRENT_AUDIT,app/Http/Controllers/Sites/SiteCredentialController.php:18; app/Http/Controllers/Sites/SiteCredentialController.php:38-469,tests/Feature/Sites/SiteAccessVaultCanonicalAccessTest.php:63-166,NOT_ESTABLISHED_CURRENT_AUDIT,Static canonical identity only: Maintain protected Site credentials. Representative-role completion was not executed.,NOT_ESTABLISHED_CURRENT_AUDIT_NO_ROUTE_OR_PAGE_ANCHOR,NOT_ESTABLISHED_CURRENT_AUDIT_NO_ROUTE_OR_PAGE_ANCHOR,task-scripts/cap-site-credential-vault.md,a0493442b9e392d324055c35bf25b69421dc2d35,f8cdaf81d83c71e4f5d064fdf88872b908ffaaa1,df6e1b1b357439ad1fd829bebf4e2d33d20d067d515eb945c352e2350a4194a4,f4feae2598622afe346b1163fed2bb842305a8d973a89ec890c02746d99b5999,false,false,false,false,false,"Static identity and source ownership only; no runtime, browser, executed-test, benchmark, ease, release, or completion credit."
TASK-CAP-SITE-EMERGENCY-PLAN-LIFECYCLE,CAP-SITE-EMERGENCY-PLAN-LIFECYCLE,Sites & Locations,NOT_ESTABLISHED_CURRENT_AUDIT,Maintain Site emergency plans,NOT_ESTABLISHED_CURRENT_AUDIT,Maintain Site emergency plans,"NOT_ESTABLISHED_CURRENT_AUDIT; execution requires a documented representative role, approved Site/record scope where applicable, and resettable synthetic data.",SOURCE_BOUND_STATIC_IDENTITY_ONLY,NOT_EXECUTED_REPRESENTATIVE_ROLE,NOT_MEASURED,0-5; NOT_MEASURED is not 0,NOT_MEASURED,NOT_MEASURED,NOT_MEASURED,NOT_MEASURED,NOT_MEASURED,NOT_MEASURED,NOT_MEASURED,NOT_MEASURED,NOT_MEASURED,NOT_MEASURED,NOT_MEASURED,NOT_MEASURED,NOT_MEASURED,NOT_MEASURED,NOT_MEASURED,NOT_MEASURED,NOT_MEASURED,"{""discoverability"":""NOT_MEASURED"",""comprehension"":""NOT_MEASURED"",""learnability"":""NOT_MEASURED"",""efficiency"":""NOT_MEASURED"",""error_prevention"":""NOT_MEASURED"",""recovery"":""NOT_MEASURED"",""accessibility"":""NOT_MEASURED"",""safety_and_trust"":""NOT_MEASURED"",""consistency"":""NOT_MEASURED"",""cross_module_continuity"":""NOT_MEASURED""}",NOT_PERFORMED,NOT_LINKED_TO_CANONICAL_TARGET_CURRENT_AUDIT,NOT_MEASURED,NOT_MEASURED,NOT_MEASURED,NOT_MEASURED,NOT_MEASURED,NOT_MEASURED,NOT_MEASURED,NOT_MEASURED,NOT_MEASURED,NOT_MEASURED,NOT_MEASURED,H,CANONICAL_STATIC_IDENTITY_DENOMINATOR,SiteTypePlanService and SitePhysicalRoomService,NOT_ESTABLISHED_CURRENT_AUDIT,Maintain Site emergency plans,NOT_ADJUDICATED_CURRENT_AUDIT,NOT_SCORED_CURRENT_AUDIT,NOT_SCORED_CURRENT_AUDIT,STATIC_CANONICAL_IDENTITY_FROZEN,INCOMPLETE_CANONICAL_STATIC_IDENTITY_ONLY,NOT_ADJUDICATED_CURRENT_AUDIT,NOT_ADJUDICATED_CURRENT_AUDIT,NOT_DETERMINED_CURRENT_AUDIT,ONE_OPERATING_ORGANISATION_MULTIPLE_SITES; FEATURE_SPECIFIC_ROLE_PERMISSION_SITE_OWNERSHIP_DIRECT_OBJECT_PRIVACY_BOUNDARY_NOT_ADJUDICATED,NOT_ESTABLISHED_CURRENT_AUDIT,NOT_ESTABLISHED_CURRENT_AUDIT,NOT_ESTABLISHED_CURRENT_AUDIT,NOT_ESTABLISHED_CURRENT_AUDIT,app/Http/Controllers/Sites/SiteEmergencyPlanController.php:15,NOT_ESTABLISHED_CURRENT_AUDIT,NOT_ESTABLISHED_CURRENT_AUDIT,Static canonical identity only: Maintain Site emergency plans. Representative-role completion was not executed.,NOT_ESTABLISHED_CURRENT_AUDIT_NO_ROUTE_OR_PAGE_ANCHOR,NOT_ESTABLISHED_CURRENT_AUDIT_NO_ROUTE_OR_PAGE_ANCHOR,task-scripts/cap-site-emergency-plan-lifecycle.md,a0493442b9e392d324055c35bf25b69421dc2d35,f8cdaf81d83c71e4f5d064fdf88872b908ffaaa1,df6e1b1b357439ad1fd829bebf4e2d33d20d067d515eb945c352e2350a4194a4,f4feae2598622afe346b1163fed2bb842305a8d973a89ec890c02746d99b5999,false,false,false,false,false,"Static identity and source ownership only; no runtime, browser, executed-test, benchmark, ease, release, or completion credit."
TASK-CAP-SITE-HARDWARE-REGISTER,CAP-SITE-HARDWARE-REGISTER,Sites & Locations,NOT_ESTABLISHED_CURRENT_AUDIT,Maintain Site hardware and physical placement,NOT_ESTABLISHED_CURRENT_AUDIT,Maintain Site hardware and physical placement,"NOT_ESTABLISHED_CURRENT_AUDIT; execution requires a documented representative role, approved Site/record scope where applicable, and resettable synthetic data.",SOURCE_BOUND_STATIC_IDENTITY_ONLY,NOT_EXECUTED_REPRESENTATIVE_ROLE,NOT_MEASURED,0-5; NOT_MEASURED is not 0,NOT_MEASURED,NOT_MEASURED,NOT_MEASURED,NOT_MEASURED,NOT_MEASURED,NOT_MEASURED,NOT_MEASURED,NOT_MEASURED,NOT_MEASURED,NOT_MEASURED,NOT_MEASURED,NOT_MEASURED,NOT_MEASURED,NOT_MEASURED,NOT_MEASURED,NOT_MEASURED,NOT_MEASURED,"{""discoverability"":""NOT_MEASURED"",""comprehension"":""NOT_MEASURED"",""learnability"":""NOT_MEASURED"",""efficiency"":""NOT_MEASURED"",""error_prevention"":""NOT_MEASURED"",""recovery"":""NOT_MEASURED"",""accessibility"":""NOT_MEASURED"",""safety_and_trust"":""NOT_MEASURED"",""consistency"":""NOT_MEASURED"",""cross_module_continuity"":""NOT_MEASURED""}",NOT_PERFORMED,NOT_LINKED_TO_CANONICAL_TARGET_CURRENT_AUDIT,NOT_MEASURED,NOT_MEASURED,NOT_MEASURED,NOT_MEASURED,NOT_MEASURED,NOT_MEASURED,NOT_MEASURED,NOT_MEASURED,NOT_MEASURED,NOT_MEASURED,NOT_MEASURED,H,CANONICAL_STATIC_IDENTITY_DENOMINATOR,SiteTypePlanService and SitePhysicalRoomService,NOT_ESTABLISHED_CURRENT_AUDIT,Maintain Site hardware and physical placement,NOT_ADJUDICATED_CURRENT_AUDIT,NOT_SCORED_CURRENT_AUDIT,NOT_SCORED_CURRENT_AUDIT,STATIC_CANONICAL_IDENTITY_FROZEN,INCOMPLETE_CANONICAL_STATIC_IDENTITY_ONLY,NOT_ADJUDICATED_CURRENT_AUDIT,NOT_ADJUDICATED_CURRENT_AUDIT,NOT_DETERMINED_CURRENT_AUDIT,ONE_OPERATING_ORGANISATION_MULTIPLE_SITES; FEATURE_SPECIFIC_ROLE_PERMISSION_SITE_OWNERSHIP_DIRECT_OBJECT_PRIVACY_BOUNDARY_NOT_ADJUDICATED,NOT_ESTABLISHED_CURRENT_AUDIT,NOT_ESTABLISHED_CURRENT_AUDIT,NOT_ESTABLISHED_CURRENT_AUDIT,NOT_ESTABLISHED_CURRENT_AUDIT,app/Http/Controllers/Sites/SiteHardwareController.php:19; app/Services/Sites/SitePhysicalRoomService.php:28-448,tests/Feature/Sites/SitePhysicalRoomBridgeTest.php:48-221,NOT_ESTABLISHED_CURRENT_AUDIT,Static canonical identity only: Maintain Site hardware and physical placement. Representative-role completion was not executed.,NOT_ESTABLISHED_CURRENT_AUDIT_NO_ROUTE_OR_PAGE_ANCHOR,NOT_ESTABLISHED_CURRENT_AUDIT_NO_ROUTE_OR_PAGE_ANCHOR,task-scripts/cap-site-hardware-register.md,a0493442b9e392d324055c35bf25b69421dc2d35,f8cdaf81d83c71e4f5d064fdf88872b908ffaaa1,df6e1b1b357439ad1fd829bebf4e2d33d20d067d515eb945c352e2350a4194a4,f4feae2598622afe346b1163fed2bb842305a8d973a89ec890c02746d99b5999,false,false,false,false,false,"Static identity and source ownership only; no runtime, browser, executed-test, benchmark, ease, release, or completion credit."
TASK-CAP-SITE-HAZARD-REGISTER,CAP-SITE-HAZARD-REGISTER,Sites & Locations,NOT_ESTABLISHED_CURRENT_AUDIT,Record and govern Site hazards,NOT_ESTABLISHED_CURRENT_AUDIT,Record and govern Site hazards,"NOT_ESTABLISHED_CURRENT_AUDIT; execution requires a documented representative role, approved Site/record scope where applicable, and resettable synthetic data.",SOURCE_BOUND_STATIC_IDENTITY_ONLY,NOT_EXECUTED_REPRESENTATIVE_ROLE,NOT_MEASURED,0-5; NOT_MEASURED is not 0,NOT_MEASURED,NOT_MEASURED,NOT_MEASURED,NOT_MEASURED,NOT_MEASURED,NOT_MEASURED,NOT_MEASURED,NOT_MEASURED,NOT_MEASURED,NOT_MEASURED,NOT_MEASURED,NOT_MEASURED,NOT_MEASURED,NOT_MEASURED,NOT_MEASURED,NOT_MEASURED,NOT_MEASURED,"{""discoverability"":""NOT_MEASURED"",""comprehension"":""NOT_MEASURED"",""learnability"":""NOT_MEASURED"",""efficiency"":""NOT_MEASURED"",""error_prevention"":""NOT_MEASURED"",""recovery"":""NOT_MEASURED"",""accessibility"":""NOT_MEASURED"",""safety_and_trust"":""NOT_MEASURED"",""consistency"":""NOT_MEASURED"",""cross_module_continuity"":""NOT_MEASURED""}",NOT_PERFORMED,NOT_LINKED_TO_CANONICAL_TARGET_CURRENT_AUDIT,NOT_MEASURED,NOT_MEASURED,NOT_MEASURED,NOT_MEASURED,NOT_MEASURED,NOT_MEASURED,NOT_MEASURED,NOT_MEASURED,NOT_MEASURED,NOT_MEASURED,NOT_MEASURED,H,CANONICAL_STATIC_IDENTITY_DENOMINATOR,SiteChecklistRunExecutionService and compliance owners,NOT_ESTABLISHED_CURRENT_AUDIT,Record and govern Site hazards,NOT_ADJUDICATED_CURRENT_AUDIT,NOT_SCORED_CURRENT_AUDIT,NOT_SCORED_CURRENT_AUDIT,STATIC_CANONICAL_IDENTITY_FROZEN,INCOMPLETE_CANONICAL_STATIC_IDENTITY_ONLY,NOT_ADJUDICATED_CURRENT_AUDIT,NOT_ADJUDICATED_CURRENT_AUDIT,NOT_DETERMINED_CURRENT_AUDIT,ONE_OPERATING_ORGANISATION_MULTIPLE_SITES; FEATURE_SPECIFIC_ROLE_PERMISSION_SITE_OWNERSHIP_DIRECT_OBJECT_PRIVACY_BOUNDARY_NOT_ADJUDICATED,NOT_ESTABLISHED_CURRENT_AUDIT,NOT_ESTABLISHED_CURRENT_AUDIT,NOT_ESTABLISHED_CURRENT_AUDIT,NOT_ESTABLISHED_CURRENT_AUDIT,app/Http/Controllers/Sites/SiteHazardController.php:30; app/Services/Sites/SiteChecklistRunExecutionService.php:37-200,tests/Feature/Checklists/ChecklistRunOwnershipTest.php:231-448,NOT_ESTABLISHED_CURRENT_AUDIT,Static canonical identity only: Record and govern Site hazards. Representative-role completion was not executed.,NOT_ESTABLISHED_CURRENT_AUDIT_NO_ROUTE_OR_PAGE_ANCHOR,NOT_ESTABLISHED_CURRENT_AUDIT_NO_ROUTE_OR_PAGE_ANCHOR,task-scripts/cap-site-hazard-register.md,a0493442b9e392d324055c35bf25b69421dc2d35,f8cdaf81d83c71e4f5d064fdf88872b908ffaaa1,df6e1b1b357439ad1fd829bebf4e2d33d20d067d515eb945c352e2350a4194a4,f4feae2598622afe346b1163fed2bb842305a8d973a89ec890c02746d99b5999,false,false,false,false,false,"Static identity and source ownership only; no runtime, browser, executed-test, benchmark, ease, release, or completion credit."
TASK-CAP-SITE-HOUSE-LEDGER,CAP-SITE-HOUSE-LEDGER,Sites & Locations,NOT_ESTABLISHED_CURRENT_AUDIT,Maintain and reconcile the Site house ledger,NOT_ESTABLISHED_CURRENT_AUDIT,Maintain and reconcile the Site house ledger,"NOT_ESTABLISHED_CURRENT_AUDIT; execution requires a documented representative role, approved Site/record scope where applicable, and resettable synthetic data.",SOURCE_BOUND_STATIC_IDENTITY_ONLY,NOT_EXECUTED_REPRESENTATIVE_ROLE,NOT_MEASURED,0-5; NOT_MEASURED is not 0,NOT_MEASURED,NOT_MEASURED,NOT_MEASURED,NOT_MEASURED,NOT_MEASURED,NOT_MEASURED,NOT_MEASURED,NOT_MEASURED,NOT_MEASURED,NOT_MEASURED,NOT_MEASURED,NOT_MEASURED,NOT_MEASURED,NOT_MEASURED,NOT_MEASURED,NOT_MEASURED,NOT_MEASURED,"{""discoverability"":""NOT_MEASURED"",""comprehension"":""NOT_MEASURED"",""learnability"":""NOT_MEASURED"",""efficiency"":""NOT_MEASURED"",""error_prevention"":""NOT_MEASURED"",""recovery"":""NOT_MEASURED"",""accessibility"":""NOT_MEASURED"",""safety_and_trust"":""NOT_MEASURED"",""consistency"":""NOT_MEASURED"",""cross_module_continuity"":""NOT_MEASURED""}",NOT_PERFORMED,NOT_LINKED_TO_CANONICAL_TARGET_CURRENT_AUDIT,NOT_MEASURED,NOT_MEASURED,NOT_MEASURED,NOT_MEASURED,NOT_MEASURED,NOT_MEASURED,NOT_MEASURED,NOT_MEASURED,NOT_MEASURED,NOT_MEASURED,NOT_MEASURED,H,CANONICAL_STATIC_IDENTITY_DENOMINATOR,SiteCredentialController and HouseLedgerService,NOT_ESTABLISHED_CURRENT_AUDIT,Maintain and reconcile the Site house ledger,NOT_ADJUDICATED_CURRENT_AUDIT,NOT_SCORED_CURRENT_AUDIT,NOT_SCORED_CURRENT_AUDIT,STATIC_CANONICAL_IDENTITY_FROZEN,INCOMPLETE_CANONICAL_STATIC_IDENTITY_ONLY,NOT_ADJUDICATED_CURRENT_AUDIT,NOT_ADJUDICATED_CURRENT_AUDIT,NOT_DETERMINED_CURRENT_AUDIT,ONE_OPERATING_ORGANISATION_MULTIPLE_SITES; FEATURE_SPECIFIC_ROLE_PERMISSION_SITE_OWNERSHIP_DIRECT_OBJECT_PRIVACY_BOUNDARY_NOT_ADJUDICATED,NOT_ESTABLISHED_CURRENT_AUDIT,NOT_ESTABLISHED_CURRENT_AUDIT,NOT_ESTABLISHED_CURRENT_AUDIT,NOT_ESTABLISHED_CURRENT_AUDIT,app/Http/Controllers/Sites/SiteCredentialController.php:38-469; app/Services/Sites/HouseLedgerService.php:12,tests/Feature/Sites/SiteAccessVaultCanonicalAccessTest.php:63-166,NOT_ESTABLISHED_CURRENT_AUDIT,Static canonical identity only: Maintain and reconcile the Site house ledger. Representative-role completion was not executed.,NOT_ESTABLISHED_CURRENT_AUDIT_NO_ROUTE_OR_PAGE_ANCHOR,NOT_ESTABLISHED_CURRENT_AUDIT_NO_ROUTE_OR_PAGE_ANCHOR,task-scripts/cap-site-house-ledger.md,a0493442b9e392d324055c35bf25b69421dc2d35,f8cdaf81d83c71e4f5d064fdf88872b908ffaaa1,df6e1b1b357439ad1fd829bebf4e2d33d20d067d515eb945c352e2350a4194a4,f4feae2598622afe346b1163fed2bb842305a8d973a89ec890c02746d99b5999,false,false,false,false,false,"Static identity and source ownership only; no runtime, browser, executed-test, benchmark, ease, release, or completion credit."
TASK-CAP-SITE-INSPECTION-LIFECYCLE,CAP-SITE-INSPECTION-LIFECYCLE,Sites & Locations,NOT_ESTABLISHED_CURRENT_AUDIT,Schedule and evidence Site inspections,NOT_ESTABLISHED_CURRENT_AUDIT,Schedule and evidence Site inspections,"NOT_ESTABLISHED_CURRENT_AUDIT; execution requires a documented representative role, approved Site/record scope where applicable, and resettable synthetic data.",SOURCE_BOUND_STATIC_IDENTITY_ONLY,NOT_EXECUTED_REPRESENTATIVE_ROLE,NOT_MEASURED,0-5; NOT_MEASURED is not 0,NOT_MEASURED,NOT_MEASURED,NOT_MEASURED,NOT_MEASURED,NOT_MEASURED,NOT_MEASURED,NOT_MEASURED,NOT_MEASURED,NOT_MEASURED,NOT_MEASURED,NOT_MEASURED,NOT_MEASURED,NOT_MEASURED,NOT_MEASURED,NOT_MEASURED,NOT_MEASURED,NOT_MEASURED,"{""discoverability"":""NOT_MEASURED"",""comprehension"":""NOT_MEASURED"",""learnability"":""NOT_MEASURED"",""efficiency"":""NOT_MEASURED"",""error_prevention"":""NOT_MEASURED"",""recovery"":""NOT_MEASURED"",""accessibility"":""NOT_MEASURED"",""safety_and_trust"":""NOT_MEASURED"",""consistency"":""NOT_MEASURED"",""cross_module_continuity"":""NOT_MEASURED""}",NOT_PERFORMED,NOT_LINKED_TO_CANONICAL_TARGET_CURRENT_AUDIT,NOT_MEASURED,NOT_MEASURED,NOT_MEASURED,NOT_MEASURED,NOT_MEASURED,NOT_MEASURED,NOT_MEASURED,NOT_MEASURED,NOT_MEASURED,NOT_MEASURED,NOT_MEASURED,H,CANONICAL_STATIC_IDENTITY_DENOMINATOR,SiteChecklistRunExecutionService and compliance owners,NOT_ESTABLISHED_CURRENT_AUDIT,Schedule and evidence Site inspections,NOT_ADJUDICATED_CURRENT_AUDIT,NOT_SCORED_CURRENT_AUDIT,NOT_SCORED_CURRENT_AUDIT,STATIC_CANONICAL_IDENTITY_FROZEN,INCOMPLETE_CANONICAL_STATIC_IDENTITY_ONLY,NOT_ADJUDICATED_CURRENT_AUDIT,NOT_ADJUDICATED_CURRENT_AUDIT,NOT_DETERMINED_CURRENT_AUDIT,ONE_OPERATING_ORGANISATION_MULTIPLE_SITES; FEATURE_SPECIFIC_ROLE_PERMISSION_SITE_OWNERSHIP_DIRECT_OBJECT_PRIVACY_BOUNDARY_NOT_ADJUDICATED,NOT_ESTABLISHED_CURRENT_AUDIT,NOT_ESTABLISHED_CURRENT_AUDIT,NOT_ESTABLISHED_CURRENT_AUDIT,NOT_ESTABLISHED_CURRENT_AUDIT,app/Http/Controllers/Sites/SiteInspectionController.php:16,NOT_ESTABLISHED_CURRENT_AUDIT,NOT_ESTABLISHED_CURRENT_AUDIT,Static canonical identity only: Schedule and evidence Site inspections. Representative-role completion was not executed.,NOT_ESTABLISHED_CURRENT_AUDIT_NO_ROUTE_OR_PAGE_ANCHOR,NOT_ESTABLISHED_CURRENT_AUDIT_NO_ROUTE_OR_PAGE_ANCHOR,task-scripts/cap-site-inspection-lifecycle.md,a0493442b9e392d324055c35bf25b69421dc2d35,f8cdaf81d83c71e4f5d064fdf88872b908ffaaa1,df6e1b1b357439ad1fd829bebf4e2d33d20d067d515eb945c352e2350a4194a4,f4feae2598622afe346b1163fed2bb842305a8d973a89ec890c02746d99b5999,false,false,false,false,false,"Static identity and source ownership only; no runtime, browser, executed-test, benchmark, ease, release, or completion credit."
TASK-CAP-SITE-PROFILE-LIFECYCLE,CAP-SITE-PROFILE-LIFECYCLE,Sites & Locations,NOT_ESTABLISHED_CURRENT_AUDIT,"Create, edit, archive, and restore an operational Site",NOT_ESTABLISHED_CURRENT_AUDIT,"Create, edit, archive, and restore an operational Site","NOT_ESTABLISHED_CURRENT_AUDIT; execution requires a documented representative role, approved Site/record scope where applicable, and resettable synthetic data.",SOURCE_BOUND_STATIC_IDENTITY_ONLY,NOT_EXECUTED_REPRESENTATIVE_ROLE,NOT_MEASURED,0-5; NOT_MEASURED is not 0,NOT_MEASURED,NOT_MEASURED,NOT_MEASURED,NOT_MEASURED,NOT_MEASURED,NOT_MEASURED,NOT_MEASURED,NOT_MEASURED,NOT_MEASURED,NOT_MEASURED,NOT_MEASURED,NOT_MEASURED,NOT_MEASURED,NOT_MEASURED,NOT_MEASURED,NOT_MEASURED,NOT_MEASURED,"{""discoverability"":""NOT_MEASURED"",""comprehension"":""NOT_MEASURED"",""learnability"":""NOT_MEASURED"",""efficiency"":""NOT_MEASURED"",""error_prevention"":""NOT_MEASURED"",""recovery"":""NOT_MEASURED"",""accessibility"":""NOT_MEASURED"",""safety_and_trust"":""NOT_MEASURED"",""consistency"":""NOT_MEASURED"",""cross_module_continuity"":""NOT_MEASURED""}",NOT_PERFORMED,NOT_LINKED_TO_CANONICAL_TARGET_CURRENT_AUDIT,NOT_MEASURED,NOT_MEASURED,NOT_MEASURED,NOT_MEASURED,NOT_MEASURED,NOT_MEASURED,NOT_MEASURED,NOT_MEASURED,NOT_MEASURED,NOT_MEASURED,NOT_MEASURED,H,CANONICAL_STATIC_IDENTITY_DENOMINATOR,"SiteController, SiteProfileData, and UserSiteAccessService",NOT_ESTABLISHED_CURRENT_AUDIT,"Create, edit, archive, and restore an operational Site",NOT_ADJUDICATED_CURRENT_AUDIT,NOT_SCORED_CURRENT_AUDIT,NOT_SCORED_CURRENT_AUDIT,STATIC_CANONICAL_IDENTITY_FROZEN,INCOMPLETE_CANONICAL_STATIC_IDENTITY_ONLY,NOT_ADJUDICATED_CURRENT_AUDIT,NOT_ADJUDICATED_CURRENT_AUDIT,NOT_DETERMINED_CURRENT_AUDIT,ONE_OPERATING_ORGANISATION_MULTIPLE_SITES; FEATURE_SPECIFIC_ROLE_PERMISSION_SITE_OWNERSHIP_DIRECT_OBJECT_PRIVACY_BOUNDARY_NOT_ADJUDICATED,NOT_ESTABLISHED_CURRENT_AUDIT,NOT_ESTABLISHED_CURRENT_AUDIT,NOT_ESTABLISHED_CURRENT_AUDIT,NOT_ESTABLISHED_CURRENT_AUDIT,app/Services/Sites/SiteProfileData.php:30-102,tests/Feature/Sites/SiteProfileAuthorizationTest.php:72-145,NOT_ESTABLISHED_CURRENT_AUDIT,"Static canonical identity only: Create, edit, archive, and restore an operational Site. Representative-role completion was not executed.",NOT_ESTABLISHED_CURRENT_AUDIT_NO_ROUTE_OR_PAGE_ANCHOR,NOT_ESTABLISHED_CURRENT_AUDIT_NO_ROUTE_OR_PAGE_ANCHOR,task-scripts/cap-site-profile-lifecycle.md,a0493442b9e392d324055c35bf25b69421dc2d35,f8cdaf81d83c71e4f5d064fdf88872b908ffaaa1,df6e1b1b357439ad1fd829bebf4e2d33d20d067d515eb945c352e2350a4194a4,f4feae2598622afe346b1163fed2bb842305a8d973a89ec890c02746d99b5999,false,false,false,false,false,"Static identity and source ownership only; no runtime, browser, executed-test, benchmark, ease, release, or completion credit."
TASK-CAP-SITE-RESOURCE-REGISTER,CAP-SITE-RESOURCE-REGISTER,Sites & Locations,NOT_ESTABLISHED_CURRENT_AUDIT,Maintain Site calendar resources,NOT_ESTABLISHED_CURRENT_AUDIT,Maintain Site calendar resources,"NOT_ESTABLISHED_CURRENT_AUDIT; execution requires a documented representative role, approved Site/record scope where applicable, and resettable synthetic data.",SOURCE_BOUND_STATIC_IDENTITY_ONLY,NOT_EXECUTED_REPRESENTATIVE_ROLE,NOT_MEASURED,0-5; NOT_MEASURED is not 0,NOT_MEASURED,NOT_MEASURED,NOT_MEASURED,NOT_MEASURED,NOT_MEASURED,NOT_MEASURED,NOT_MEASURED,NOT_MEASURED,NOT_MEASURED,NOT_MEASURED,NOT_MEASURED,NOT_MEASURED,NOT_MEASURED,NOT_MEASURED,NOT_MEASURED,NOT_MEASURED,NOT_MEASURED,"{""discoverability"":""NOT_MEASURED"",""comprehension"":""NOT_MEASURED"",""learnability"":""NOT_MEASURED"",""efficiency"":""NOT_MEASURED"",""error_prevention"":""NOT_MEASURED"",""recovery"":""NOT_MEASURED"",""accessibility"":""NOT_MEASURED"",""safety_and_trust"":""NOT_MEASURED"",""consistency"":""NOT_MEASURED"",""cross_module_continuity"":""NOT_MEASURED""}",NOT_PERFORMED,NOT_LINKED_TO_CANONICAL_TARGET_CURRENT_AUDIT,NOT_MEASURED,NOT_MEASURED,NOT_MEASURED,NOT_MEASURED,NOT_MEASURED,NOT_MEASURED,NOT_MEASURED,NOT_MEASURED,NOT_MEASURED,NOT_MEASURED,NOT_MEASURED,H,CANONICAL_STATIC_IDENTITY_DENOMINATOR,SiteCalendarController and SiteCalendarService,NOT_ESTABLISHED_CURRENT_AUDIT,Maintain Site calendar resources,NOT_ADJUDICATED_CURRENT_AUDIT,NOT_SCORED_CURRENT_AUDIT,NOT_SCORED_CURRENT_AUDIT,STATIC_CANONICAL_IDENTITY_FROZEN,INCOMPLETE_CANONICAL_STATIC_IDENTITY_ONLY,NOT_ADJUDICATED_CURRENT_AUDIT,NOT_ADJUDICATED_CURRENT_AUDIT,NOT_DETERMINED_CURRENT_AUDIT,ONE_OPERATING_ORGANISATION_MULTIPLE_SITES; FEATURE_SPECIFIC_ROLE_PERMISSION_SITE_OWNERSHIP_DIRECT_OBJECT_PRIVACY_BOUNDARY_NOT_ADJUDICATED,NOT_ESTABLISHED_CURRENT_AUDIT,NOT_ESTABLISHED_CURRENT_AUDIT,NOT_ESTABLISHED_CURRENT_AUDIT,NOT_ESTABLISHED_CURRENT_AUDIT,app/Http/Controllers/Sites/SiteResourceController.php:10; app/Http/Controllers/Sites/SiteResourceController.php:38,NOT_ESTABLISHED_CURRENT_AUDIT,NOT_ESTABLISHED_CURRENT_AUDIT,Static canonical identity only: Maintain Site calendar resources. Representative-role completion was not executed.,NOT_ESTABLISHED_CURRENT_AUDIT_NO_ROUTE_OR_PAGE_ANCHOR,NOT_ESTABLISHED_CURRENT_AUDIT_NO_ROUTE_OR_PAGE_ANCHOR,task-scripts/cap-site-resource-register.md,a0493442b9e392d324055c35bf25b69421dc2d35,f8cdaf81d83c71e4f5d064fdf88872b908ffaaa1,df6e1b1b357439ad1fd829bebf4e2d33d20d067d515eb945c352e2350a4194a4,f4feae2598622afe346b1163fed2bb842305a8d973a89ec890c02746d99b5999,false,false,false,false,false,"Static identity and source ownership only; no runtime, browser, executed-test, benchmark, ease, release, or completion credit."
TASK-CAP-SITE-ROOM-ZONE-LIFECYCLE,CAP-SITE-ROOM-ZONE-LIFECYCLE,Sites & Locations,NOT_ESTABLISHED_CURRENT_AUDIT,Maintain Site rooms and zones,NOT_ESTABLISHED_CURRENT_AUDIT,Maintain Site rooms and zones,"NOT_ESTABLISHED_CURRENT_AUDIT; execution requires a documented representative role, approved Site/record scope where applicable, and resettable synthetic data.",SOURCE_BOUND_STATIC_IDENTITY_ONLY,NOT_EXECUTED_REPRESENTATIVE_ROLE,NOT_MEASURED,0-5; NOT_MEASURED is not 0,NOT_MEASURED,NOT_MEASURED,NOT_MEASURED,NOT_MEASURED,NOT_MEASURED,NOT_MEASURED,NOT_MEASURED,NOT_MEASURED,NOT_MEASURED,NOT_MEASURED,NOT_MEASURED,NOT_MEASURED,NOT_MEASURED,NOT_MEASURED,NOT_MEASURED,NOT_MEASURED,NOT_MEASURED,"{""discoverability"":""NOT_MEASURED"",""comprehension"":""NOT_MEASURED"",""learnability"":""NOT_MEASURED"",""efficiency"":""NOT_MEASURED"",""error_prevention"":""NOT_MEASURED"",""recovery"":""NOT_MEASURED"",""accessibility"":""NOT_MEASURED"",""safety_and_trust"":""NOT_MEASURED"",""consistency"":""NOT_MEASURED"",""cross_module_continuity"":""NOT_MEASURED""}",NOT_PERFORMED,NOT_LINKED_TO_CANONICAL_TARGET_CURRENT_AUDIT,NOT_MEASURED,NOT_MEASURED,NOT_MEASURED,NOT_MEASURED,NOT_MEASURED,NOT_MEASURED,NOT_MEASURED,NOT_MEASURED,NOT_MEASURED,NOT_MEASURED,NOT_MEASURED,H,CANONICAL_STATIC_IDENTITY_DENOMINATOR,SiteTypePlanService and SitePhysicalRoomService,NOT_ESTABLISHED_CURRENT_AUDIT,Maintain Site rooms and zones,NOT_ADJUDICATED_CURRENT_AUDIT,NOT_SCORED_CURRENT_AUDIT,NOT_SCORED_CURRENT_AUDIT,STATIC_CANONICAL_IDENTITY_FROZEN,INCOMPLETE_CANONICAL_STATIC_IDENTITY_ONLY,NOT_ADJUDICATED_CURRENT_AUDIT,NOT_ADJUDICATED_CURRENT_AUDIT,NOT_DETERMINED_CURRENT_AUDIT,ONE_OPERATING_ORGANISATION_MULTIPLE_SITES; FEATURE_SPECIFIC_ROLE_PERMISSION_SITE_OWNERSHIP_DIRECT_OBJECT_PRIVACY_BOUNDARY_NOT_ADJUDICATED,NOT_ESTABLISHED_CURRENT_AUDIT,NOT_ESTABLISHED_CURRENT_AUDIT,NOT_ESTABLISHED_CURRENT_AUDIT,NOT_ESTABLISHED_CURRENT_AUDIT,app/Services/Sites/SitePhysicalRoomService.php:21; app/Services/Sites/SitePhysicalRoomService.php:28-448,tests/Feature/Sites/SitePhysicalRoomBridgeTest.php:48-221,NOT_ESTABLISHED_CURRENT_AUDIT,Static canonical identity only: Maintain Site rooms and zones. Representative-role completion was not executed.,NOT_ESTABLISHED_CURRENT_AUDIT_NO_ROUTE_OR_PAGE_ANCHOR,NOT_ESTABLISHED_CURRENT_AUDIT_NO_ROUTE_OR_PAGE_ANCHOR,task-scripts/cap-site-room-zone-lifecycle.md,a0493442b9e392d324055c35bf25b69421dc2d35,f8cdaf81d83c71e4f5d064fdf88872b908ffaaa1,df6e1b1b357439ad1fd829bebf4e2d33d20d067d515eb945c352e2350a4194a4,f4feae2598622afe346b1163fed2bb842305a8d973a89ec890c02746d99b5999,false,false,false,false,false,"Static identity and source ownership only; no runtime, browser, executed-test, benchmark, ease, release, or completion credit."
TASK-CAP-SITE-TYPE-PLAN-LIFECYCLE,CAP-SITE-TYPE-PLAN-LIFECYCLE,Sites & Locations,NOT_ESTABLISHED_CURRENT_AUDIT,Maintain Site plans and governed plan pins,NOT_ESTABLISHED_CURRENT_AUDIT,Maintain Site plans and governed plan pins,"NOT_ESTABLISHED_CURRENT_AUDIT; execution requires a documented representative role, approved Site/record scope where applicable, and resettable synthetic data.",SOURCE_BOUND_STATIC_IDENTITY_ONLY,NOT_EXECUTED_REPRESENTATIVE_ROLE,NOT_MEASURED,0-5; NOT_MEASURED is not 0,NOT_MEASURED,NOT_MEASURED,NOT_MEASURED,NOT_MEASURED,NOT_MEASURED,NOT_MEASURED,NOT_MEASURED,NOT_MEASURED,NOT_MEASURED,NOT_MEASURED,NOT_MEASURED,NOT_MEASURED,NOT_MEASURED,NOT_MEASURED,NOT_MEASURED,NOT_MEASURED,NOT_MEASURED,"{""discoverability"":""NOT_MEASURED"",""comprehension"":""NOT_MEASURED"",""learnability"":""NOT_MEASURED"",""efficiency"":""NOT_MEASURED"",""error_prevention"":""NOT_MEASURED"",""recovery"":""NOT_MEASURED"",""accessibility"":""NOT_MEASURED"",""safety_and_trust"":""NOT_MEASURED"",""consistency"":""NOT_MEASURED"",""cross_module_continuity"":""NOT_MEASURED""}",NOT_PERFORMED,NOT_LINKED_TO_CANONICAL_TARGET_CURRENT_AUDIT,NOT_MEASURED,NOT_MEASURED,NOT_MEASURED,NOT_MEASURED,NOT_MEASURED,NOT_MEASURED,NOT_MEASURED,NOT_MEASURED,NOT_MEASURED,NOT_MEASURED,NOT_MEASURED,H,CANONICAL_STATIC_IDENTITY_DENOMINATOR,SiteTypePlanService and SitePhysicalRoomService,NOT_ESTABLISHED_CURRENT_AUDIT,Maintain Site plans and governed plan pins,NOT_ADJUDICATED_CURRENT_AUDIT,NOT_SCORED_CURRENT_AUDIT,NOT_SCORED_CURRENT_AUDIT,STATIC_CANONICAL_IDENTITY_FROZEN,INCOMPLETE_CANONICAL_STATIC_IDENTITY_ONLY,NOT_ADJUDICATED_CURRENT_AUDIT,NOT_ADJUDICATED_CURRENT_AUDIT,NOT_DETERMINED_CURRENT_AUDIT,ONE_OPERATING_ORGANISATION_MULTIPLE_SITES; FEATURE_SPECIFIC_ROLE_PERMISSION_SITE_OWNERSHIP_DIRECT_OBJECT_PRIVACY_BOUNDARY_NOT_ADJUDICATED,NOT_ESTABLISHED_CURRENT_AUDIT,NOT_ESTABLISHED_CURRENT_AUDIT,NOT_ESTABLISHED_CURRENT_AUDIT,NOT_ESTABLISHED_CURRENT_AUDIT,app/Services/Sites/SiteTypePlanService.php:16,NOT_ESTABLISHED_CURRENT_AUDIT,NOT_ESTABLISHED_CURRENT_AUDIT,Static canonical identity only: Maintain Site plans and governed plan pins. Representative-role completion was not executed.,NOT_ESTABLISHED_CURRENT_AUDIT_NO_ROUTE_OR_PAGE_ANCHOR,NOT_ESTABLISHED_CURRENT_AUDIT_NO_ROUTE_OR_PAGE_ANCHOR,task-scripts/cap-site-type-plan-lifecycle.md,a0493442b9e392d324055c35bf25b69421dc2d35,f8cdaf81d83c71e4f5d064fdf88872b908ffaaa1,df6e1b1b357439ad1fd829bebf4e2d33d20d067d515eb945c352e2350a4194a4,f4feae2598622afe346b1163fed2bb842305a8d973a89ec890c02746d99b5999,false,false,false,false,false,"Static identity and source ownership only; no runtime, browser, executed-test, benchmark, ease, release, or completion credit."
TASK-CAP-SITE-VENDOR-REGISTER,CAP-SITE-VENDOR-REGISTER,Sites & Locations,NOT_ESTABLISHED_CURRENT_AUDIT,Maintain Site vendor records,NOT_ESTABLISHED_CURRENT_AUDIT,Maintain Site vendor records,"NOT_ESTABLISHED_CURRENT_AUDIT; execution requires a documented representative role, approved Site/record scope where applicable, and resettable synthetic data.",SOURCE_BOUND_STATIC_IDENTITY_ONLY,NOT_EXECUTED_REPRESENTATIVE_ROLE,NOT_MEASURED,0-5; NOT_MEASURED is not 0,NOT_MEASURED,NOT_MEASURED,NOT_MEASURED,NOT_MEASURED,NOT_MEASURED,NOT_MEASURED,NOT_MEASURED,NOT_MEASURED,NOT_MEASURED,NOT_MEASURED,NOT_MEASURED,NOT_MEASURED,NOT_MEASURED,NOT_MEASURED,NOT_MEASURED,NOT_MEASURED,NOT_MEASURED,"{""discoverability"":""NOT_MEASURED"",""comprehension"":""NOT_MEASURED"",""learnability"":""NOT_MEASURED"",""efficiency"":""NOT_MEASURED"",""error_prevention"":""NOT_MEASURED"",""recovery"":""NOT_MEASURED"",""accessibility"":""NOT_MEASURED"",""safety_and_trust"":""NOT_MEASURED"",""consistency"":""NOT_MEASURED"",""cross_module_continuity"":""NOT_MEASURED""}",NOT_PERFORMED,NOT_LINKED_TO_CANONICAL_TARGET_CURRENT_AUDIT,NOT_MEASURED,NOT_MEASURED,NOT_MEASURED,NOT_MEASURED,NOT_MEASURED,NOT_MEASURED,NOT_MEASURED,NOT_MEASURED,NOT_MEASURED,NOT_MEASURED,NOT_MEASURED,H,CANONICAL_STATIC_IDENTITY_DENOMINATOR,SiteCredentialController and HouseLedgerService,NOT_ESTABLISHED_CURRENT_AUDIT,Maintain Site vendor records,NOT_ADJUDICATED_CURRENT_AUDIT,NOT_SCORED_CURRENT_AUDIT,NOT_SCORED_CURRENT_AUDIT,STATIC_CANONICAL_IDENTITY_FROZEN,INCOMPLETE_CANONICAL_STATIC_IDENTITY_ONLY,NOT_ADJUDICATED_CURRENT_AUDIT,NOT_ADJUDICATED_CURRENT_AUDIT,NOT_DETERMINED_CURRENT_AUDIT,ONE_OPERATING_ORGANISATION_MULTIPLE_SITES; FEATURE_SPECIFIC_ROLE_PERMISSION_SITE_OWNERSHIP_DIRECT_OBJECT_PRIVACY_BOUNDARY_NOT_ADJUDICATED,NOT_ESTABLISHED_CURRENT_AUDIT,NOT_ESTABLISHED_CURRENT_AUDIT,NOT_ESTABLISHED_CURRENT_AUDIT,NOT_ESTABLISHED_CURRENT_AUDIT,app/Http/Controllers/Sites/SiteVendorController.php:17,NOT_ESTABLISHED_CURRENT_AUDIT,NOT_ESTABLISHED_CURRENT_AUDIT,Static canonical identity only: Maintain Site vendor records. Representative-role completion was not executed.,NOT_ESTABLISHED_CURRENT_AUDIT_NO_ROUTE_OR_PAGE_ANCHOR,NOT_ESTABLISHED_CURRENT_AUDIT_NO_ROUTE_OR_PAGE_ANCHOR,task-scripts/cap-site-vendor-register.md,a0493442b9e392d324055c35bf25b69421dc2d35,f8cdaf81d83c71e4f5d064fdf88872b908ffaaa1,df6e1b1b357439ad1fd829bebf4e2d33d20d067d515eb945c352e2350a4194a4,f4feae2598622afe346b1163fed2bb842305a8d973a89ec890c02746d99b5999,false,false,false,false,false,"Static identity and source ownership only; no runtime, browser, executed-test, benchmark, ease, release, or completion credit."
