category,project,canonical_url,inspected_ref,commit_sha,inspected_date,release_activity_signal,root_licence,edition_boundary,exact_behaviour_screen_workflow_inspected,related_feature_ids,strengths,limitations,benchmark_outcome,neutral_requirements_extracted,security_or_operational_caveat,reason_selected_or_excluded,observer_agent,neutral_writer_agent,native_comparator_agent,current_audit_prompt_denominator_membership,current_prompt_occurrence_count,current_local_structural_validation,current_upstream_refresh_status,current_metadata_snapshot_status,current_canonical_identity,current_default_branch,current_default_branch_head_sha,current_head_committed_at,current_pushed_at,current_updated_at,current_visibility,current_archived,current_disabled,current_github_license_spdx,current_github_license_name,current_latest_release_tag,current_latest_release_published_at,current_metadata_snapshot_observed_at,current_metadata_credit_boundary,current_target_specific_mapping_credit,current_evidence_limit,current_project_triage_run,current_project_triage_source_status,current_project_triage_status,current_project_triage_inspected_ref,current_project_triage_commit_sha,current_project_triage_observer_metadata_head_sha,current_project_triage_baseline_metadata_head_sha,current_project_triage_metadata_head_relationship,current_project_triage_root_licence_status,current_project_triage_root_licence_spdx,current_project_triage_root_licence_locus,current_project_triage_edition_boundary_status,current_project_triage_maintenance_status,current_project_triage_observed_behaviour_count,current_project_relevance_candidate,current_project_relevance_statement,current_project_triage_record_sha256,current_project_triage_completion_credit,current_project_triage_evidence_limit
Cross-cutting features previously under-represented; Dashboards/reporting,apache/superset,https://github.com/apache/superset,master,5248367587051278d815c5d8ef8dc23f18264b0e,2026-08-14,commit=2026-08-11T23:07:58Z; pinned SHA reachable; archived=false,Apache-2.0,"Pinned Apache-2.0 repository only; external database engines, deployment services and vendor distributions excluded.","The protected scheduled-report API exposes persisted report-definition, schedule, owner, recipient and action-configuration CRUD. It does not prove report execution or delivery. Exact official locus: https://github.com/apache/superset/blob/5248367587051278d815c5d8ef8dc23f18264b0e/superset/reports/api.py#L78-L210",REP-REPORTS,Persisted scheduled-report configuration and an explicit protected API action surface.,"No source-system transaction completion, Oblivion Site/privacy scope, recipient authority, delivery receipt or retry recovery proof.",Native benchmark,"Persist a report definition, schedule, owner and recipients; authorize every read and mutation; retain separate delivery attempt, outcome and recovery evidence.","The cited API proves schedule configuration, not row-level data scope, recipient authorization, execution or successful delivery.",Selected narrowly for scheduled-report definition mechanics; no dashboard-wide or delivery parity is inferred.,project_triage_wave3_recovery,root,p8_adversarial,IN_PROMPT_UNIQUE_95,1,HISTORICAL_ROW_STRUCTURALLY_VALIDATED_COMMITTED_LOCAL_ONLY,OFFICIAL_GITHUB_METADATA_ONLY_NO_FULL_TRIAGE_CREDIT,OFFICIAL_GITHUB_METADATA_SNAPSHOT_SUCCESS,apache/superset,master,9f505eb0cbbc39b78f512765d82fd63cf5ad70e6,2026-08-22T22:02:20Z,2026-08-23T22:47:04Z,2026-08-24T04:13:39Z,PUBLIC,false,false,Apache-2.0,Apache License 2.0,6.1.0,2026-05-13T18:32:25Z,2026-08-24T05:54:38.619975Z,METADATA_PREREQUISITE_ONLY_NO_BEHAVIOUR_LICENCE_ROOT_EDITION_MAPPING_SELECTION_OR_TRIAGE_CREDIT,false,"Official GitHub repository metadata only; root licence, edition boundary, maintenance quality, exact behavior, target parity, mapping, selection and completion were not established.",RUN-031,COMPLETE_OBSERVER_ONLY,COMPLETE_OBSERVER_TRIAGE,5248367587051278d815c5d8ef8dc23f18264b0e,5248367587051278d815c5d8ef8dc23f18264b0e,9f505eb0cbbc39b78f512765d82fd63cf5ad70e6,9f505eb0cbbc39b78f512765d82fd63cf5ad70e6,SAME_AS_BASELINE,ROOT_FILE_PRESENT,Apache-2.0,https://github.com/apache/superset/blob/9f505eb0cbbc39b78f512765d82fd63cf5ad70e6/LICENSE.txt,BOUNDED_ROOT_ONLY,SIGNALS_RECORDED_NO_QUALITY_INFERENCE,1,SEPARATE_FUTURE_DECISION,Scheduled-report definition mechanics only.,934cb79ad8473a8b06f002bfbcec6d9225d3afc795a6860f50b1b1d8d8788f1f,false,"Upstream observer evidence only; neutral requirement rewriting, current-product comparison, target selection, feature mapping, benchmark equivalence, release, and completion credit remain zero."
"Client/patient profiles, care, clinical records, eMAR, forms, referrals, and portals",Bahmni/bahmni-core,https://github.com/Bahmni/bahmni-core,master,5dc6f25d7691dbeeb9924384704fc8e1616d77be,2026-08-14,pinned commit 2026-08-07; active and unarchived at inspection,AGPL-3.0-only,"Pinned Bahmni Core AGPL repository only; separate OpenMRS modules, integrations, hosting and downstream distributions excluded.","Transactional discharge resolves the patient, unassigns the current bed and persists the discharge encounter. Exact official loci: https://github.com/Bahmni/bahmni-core/blob/5dc6f25d7691dbeeb9924384704fc8e1616d77be/bahmnicore-omod/src/main/java/org/bahmni/module/bahmnicore/web/v1_0/controller/BahmniDischargeController.java#L18-L32",CAP-OPS-CLIENT-RECORD-LIFECYCLE,Couples bed release and clinical discharge persistence in one declared transaction.,"No supported-living onboarding/exit checklist, Site authorization, handover, medication reconciliation or external rollback proof.",Native benchmark,Resolve the authoritative person; couple occupancy release to lifecycle transition; persist atomically; expose failure without split state.,The controller has no explicit privilege check and chooses the first bed service; caller authorization and service-selection safety remain unproved.,Selected narrowly for a consequential client-record discharge transition.,project_triage_wave2,root,p8_adversarial,IN_PROMPT_UNIQUE_95,1,HISTORICAL_ROW_STRUCTURALLY_VALIDATED_COMMITTED_LOCAL_ONLY,OFFICIAL_GITHUB_METADATA_ONLY_NO_FULL_TRIAGE_CREDIT,OFFICIAL_GITHUB_METADATA_SNAPSHOT_SUCCESS,Bahmni/bahmni-core,master,64d7fe4e3d8d11b00ffc364cf56dddfec0ef4217,2026-08-17T12:47:47Z,2026-08-21T08:31:02Z,2026-08-20T05:05:48Z,PUBLIC,false,false,AGPL-3.0,GNU Affero General Public License v3.0,1.3.0,2025-10-10T02:14:09Z,2026-08-24T05:54:38.619975Z,METADATA_PREREQUISITE_ONLY_NO_BEHAVIOUR_LICENCE_ROOT_EDITION_MAPPING_SELECTION_OR_TRIAGE_CREDIT,false,"Official GitHub repository metadata only; root licence, edition boundary, maintenance quality, exact behavior, target parity, mapping, selection and completion were not established.",RUN-031,COMPLETE_OBSERVER_ONLY,COMPLETE_OBSERVER_TRIAGE,5dc6f25d7691dbeeb9924384704fc8e1616d77be,5dc6f25d7691dbeeb9924384704fc8e1616d77be,64d7fe4e3d8d11b00ffc364cf56dddfec0ef4217,64d7fe4e3d8d11b00ffc364cf56dddfec0ef4217,SAME_AS_BASELINE,ROOT_FILE_PRESENT,AGPL-3.0,https://github.com/Bahmni/bahmni-core/blob/64d7fe4e3d8d11b00ffc364cf56dddfec0ef4217/LICENSE,BOUNDED_ROOT_ONLY,SIGNALS_RECORDED_NO_QUALITY_INFERENCE,1,SEPARATE_FUTURE_DECISION,Consequential client-record discharge transition.,047631e30dcd093526752cbde767e5495ca9dc10240ebc1ae8e013a26297b024,false,"Upstream observer evidence only; neutral requirement rewriting, current-product comparison, target selection, feature mapping, benchmark equivalence, release, and completion credit remain zero."
"Client/patient profiles, care, clinical records, eMAR, forms, referrals, and portals",Bahmni/openmrs-module-ipd,https://github.com/Bahmni/openmrs-module-ipd,main,9dbf2d26677228d94d21d33d1cdddbdaa92325ef,2026-08-14,pinned commit 2026-08-07; active and unarchived at inspection,MPL-2.0,"Pinned MPL-2.0 inpatient backend module only; frontend, OpenMRS core and optional modules excluded unless cited independently.","Medication scheduling binds patient, active visit and order; prevents duplicate variable stages; creates scheduled/PRN slots; voids replaced/stopped slots; and marks missed slots. Exact official loci: https://github.com/Bahmni/openmrs-module-ipd/blob/9dbf2d26677228d94d21d33d1cdddbdaa92325ef/omod/src/main/java/org/openmrs/module/ipd/web/service/impl/IPDScheduleServiceImpl.java#L67-L93 | https://github.com/Bahmni/openmrs-module-ipd/blob/9dbf2d26677228d94d21d33d1cdddbdaa92325ef/omod/src/main/java/org/openmrs/module/ipd/web/service/impl/IPDScheduleServiceImpl.java#L124-L145 | https://github.com/Bahmni/openmrs-module-ipd/blob/9dbf2d26677228d94d21d33d1cdddbdaa92325ef/omod/src/main/java/org/openmrs/module/ipd/web/service/impl/IPDScheduleServiceImpl.java#L234-L248 | https://github.com/Bahmni/openmrs-module-ipd/blob/9dbf2d26677228d94d21d33d1cdddbdaa92325ef/api/src/main/java/org/openmrs/module/ipd/api/service/impl/SlotServiceImpl.java#L76-L81 | https://github.com/Bahmni/openmrs-module-ipd/blob/9dbf2d26677228d94d21d33d1cdddbdaa92325ef/api/src/main/java/org/openmrs/module/ipd/api/service/impl/SlotServiceImpl.java#L119-L134",CAP-MED-EMAR-WORKSPACE | CAP-MED-MEDICATION-ORDER-LIFECYCLE | CAP-MED-SHIFT-MEDICATION-SNAPSHOT-API,"Person/visit/order binding, explicit scheduled/PRN/stopped/missed states and void provenance.","No Site scope, administrator competency, five-right checks, controlled-drug rules, stock effects, overrides or concurrent administration proof.",Native benchmark,"Bind every due cell to person, episode and order; avoid duplicate schedules; retain missed/stopped and actor/time/reason void evidence.",The service selects the first active visit and cited methods show no authorization boundary; callers must scope records and concurrent edits.,Selected for eMAR scheduling integrity and lifecycle consequences.,project_triage_wave2,root,p8_adversarial,HISTORICAL_EXTRA_OUTSIDE_PROMPT,0,HISTORICAL_ROW_STRUCTURALLY_VALIDATED_COMMITTED_LOCAL_ONLY,NOT_REFRESHED_2026-08-24_CURRENT_AUDIT,NOT_IN_PROMPT_METADATA_SNAPSHOT,NOT_REFRESHED,NOT_REFRESHED,NOT_REFRESHED,NOT_REFRESHED,NOT_REFRESHED,NOT_REFRESHED,NOT_REFRESHED,NOT_REFRESHED,NOT_REFRESHED,NOT_REFRESHED,NOT_REFRESHED,NOT_REFRESHED,NOT_REFRESHED,NOT_REFRESHED,NO_CURRENT_METADATA_CREDIT,false,"Historical provenance only; current metadata, maintenance, ref reachability, licence, edition boundary, behavior and target parity were not refreshed.",NOT_IN_PROMPT_OBSERVER_TRIAGE,NOT_IN_PROMPT_OBSERVER_TRIAGE,NOT_IN_PROMPT_OBSERVER_TRIAGE,NOT_IN_PROMPT_OBSERVER_TRIAGE,NOT_IN_PROMPT_OBSERVER_TRIAGE,NOT_IN_PROMPT_OBSERVER_TRIAGE,NOT_IN_PROMPT_OBSERVER_TRIAGE,NOT_IN_PROMPT_OBSERVER_TRIAGE,NOT_IN_PROMPT_OBSERVER_TRIAGE,NOT_IN_PROMPT_OBSERVER_TRIAGE,NOT_IN_PROMPT_OBSERVER_TRIAGE,NOT_IN_PROMPT_OBSERVER_TRIAGE,NOT_IN_PROMPT_OBSERVER_TRIAGE,0,NOT_IN_PROMPT_OBSERVER_TRIAGE,NOT_IN_PROMPT_OBSERVER_TRIAGE,NOT_IN_PROMPT_OBSERVER_TRIAGE,false,"Historical extra outside the exact 95-project prompt denominator; no current observer, mapping, benchmark, or completion credit."
"Client/patient profiles, care, clinical records, eMAR, forms, referrals, and portals; Care/clinical/eMAR",Bahmni/openmrs-module-ipd-frontend,https://github.com/Bahmni/openmrs-module-ipd-frontend,main,cd5aff98be8b6b46cf85ac4e61964c5f27eb59d9,2026-08-12,pushed_at=10/08/2026 4:57:38 am; head_committed_at=10/08/2026 4:57:38 am; archived=False,NOASSERTION,Repository-root provenance only; module/open-core boundaries require behaviour-specific verification.,"Timed nursing/medication tasks are grouped as scheduled, completed, missed, stopped or not done with time-aware tiles. Primary source: https://github.com/Bahmni/openmrs-module-ipd-frontend/blob/cd5aff98be8b6b46cf85ac4e61964c5f27eb59d9/src/features/DisplayControls/NursingTasks/utils/NursingTasksUtils.js#L49-L228",MED-GUIDED-ROUND | OPS-CARE-NOTE-TEMPLATE | OPS-CARE-PLAN | OPS-CARE-PLAN-GOAL | OPS-CLIENT-DAILY-NOTE | OPS-HANDOVER | OPS-PROGRESS-NOTE | OPS-RESPITE-HANDOVER-NOTE | OPS-ROUTE-OPERATIONS-PROGRESS-NOTES-INDEX,Explicit due/late/completed/missed work states.,"Inpatient presentation does not prove supported-living binding, competency, stock or authorization.",Native benchmark,Person-scoped due work; explicit exception states; chronological grouping; late-window feedback.,"Inpatient presentation does not prove supported-living binding, competency, stock or authorization. Benchmark only; no code, UI, schema, wording or distinctive layout may be copied.",Closest verified timed care/eMAR task presentation.,benchmark_research,root,p8_adversarial,IN_PROMPT_UNIQUE_95,1,HISTORICAL_ROW_STRUCTURALLY_VALIDATED_COMMITTED_LOCAL_ONLY,OFFICIAL_GITHUB_METADATA_ONLY_NO_FULL_TRIAGE_CREDIT,OFFICIAL_GITHUB_METADATA_SNAPSHOT_SUCCESS,Bahmni/openmrs-module-ipd-frontend,main,cd5aff98be8b6b46cf85ac4e61964c5f27eb59d9,2026-08-10T04:57:38Z,2026-08-19T07:46:45Z,2026-08-10T04:57:45Z,PUBLIC,false,false,NOASSERTION,Other,GITHUB_API_NULL,GITHUB_API_NULL,2026-08-24T05:54:38.619975Z,METADATA_PREREQUISITE_ONLY_NO_BEHAVIOUR_LICENCE_ROOT_EDITION_MAPPING_SELECTION_OR_TRIAGE_CREDIT,false,"Official GitHub repository metadata only; root licence, edition boundary, maintenance quality, exact behavior, target parity, mapping, selection and completion were not established.",RUN-031,PARTIAL_BLOCKED,PARTIAL_BLOCKED,cd5aff98be8b6b46cf85ac4e61964c5f27eb59d9,cd5aff98be8b6b46cf85ac4e61964c5f27eb59d9,cd5aff98be8b6b46cf85ac4e61964c5f27eb59d9,cd5aff98be8b6b46cf85ac4e61964c5f27eb59d9,SAME_AS_BASELINE,PARTIAL_BLOCKED,NOASSERTION,https://github.com/Bahmni/openmrs-module-ipd-frontend/blob/cd5aff98be8b6b46cf85ac4e61964c5f27eb59d9/LICENSE,PARTIAL_BLOCKED,SIGNALS_RECORDED_NO_QUALITY_INFERENCE,1,BLOCKED,Timed care and medication task-state presentation.,d46eed268990ac9b2092694b4d1fe03ef75d614a2c65d4eb708c57fe061c6b67,false,"Upstream observer evidence only; neutral requirement rewriting, current-product comparison, target selection, feature mapping, benchmark equivalence, release, and completion credit remain zero."
"Client/patient profiles, care, clinical records, eMAR, forms, referrals, and portals; Care/clinical/eMAR",Bahmni/openmrs-module-medicationadministration,https://github.com/Bahmni/openmrs-module-medicationadministration,main,acb65f75d3515b4f2b36083345bfbafc2ee146b0,2026-08-12,pushed_at=24/07/2026 5:03:29 am; head_committed_at=25/06/2026 6:57:22 am; archived=False,NOASSERTION,Repository-root provenance only; module/open-core boundaries require behaviour-specific verification.,"Administration records retain status/reason, performer, effective time, request, medication, dosage and notes. Primary source: https://github.com/Bahmni/openmrs-module-medicationadministration/blob/acb65f75d3515b4f2b36083345bfbafc2ee146b0/api/src/main/java/org/openmrs/module/ipd/api/model/MedicationAdministration.java#L27-L59",MED-CLIENT-MEDICAL | MED-EMAR | MED-MEDICATION-ADMINISTRATION-CORRECTION | MED-MEDICATION-ERROR | MED-MEDICATIONS | MED-MEDICATIONS-API | MED-REFUSAL-FOLLOW-UP | MED-WORKER-MEDS,Structured accountable administration evidence.,"Model alone does not prove schedule binding, competency, authorization or stock.",Native benchmark,"Bind person, site, order, scheduled cell, performer and dose; coded omissions; append-only correction.","Model alone does not prove schedule binding, competency, authorization or stock. Benchmark only; no code, UI, schema, wording or distinctive layout may be copied.",Strong verified medication-administration evidence model.,benchmark_research,root,p8_adversarial,IN_PROMPT_UNIQUE_95,1,HISTORICAL_ROW_STRUCTURALLY_VALIDATED_COMMITTED_LOCAL_ONLY,OFFICIAL_GITHUB_METADATA_ONLY_NO_FULL_TRIAGE_CREDIT,OFFICIAL_GITHUB_METADATA_SNAPSHOT_SUCCESS,Bahmni/openmrs-module-medicationadministration,main,acb65f75d3515b4f2b36083345bfbafc2ee146b0,2026-06-25T06:57:22Z,2026-07-24T05:03:29Z,2026-06-25T06:57:27Z,PUBLIC,false,false,NOASSERTION,Other,1.1.0,2025-10-10T02:29:51Z,2026-08-24T05:54:38.619975Z,METADATA_PREREQUISITE_ONLY_NO_BEHAVIOUR_LICENCE_ROOT_EDITION_MAPPING_SELECTION_OR_TRIAGE_CREDIT,false,"Official GitHub repository metadata only; root licence, edition boundary, maintenance quality, exact behavior, target parity, mapping, selection and completion were not established.",RUN-031,PARTIAL_BLOCKED,PARTIAL_BLOCKED,acb65f75d3515b4f2b36083345bfbafc2ee146b0,acb65f75d3515b4f2b36083345bfbafc2ee146b0,acb65f75d3515b4f2b36083345bfbafc2ee146b0,acb65f75d3515b4f2b36083345bfbafc2ee146b0,SAME_AS_BASELINE,PARTIAL_BLOCKED,NOASSERTION,https://github.com/Bahmni/openmrs-module-medicationadministration/blob/acb65f75d3515b4f2b36083345bfbafc2ee146b0/LICENSE,PARTIAL_BLOCKED,SIGNALS_RECORDED_NO_QUALITY_INFERENCE,1,BLOCKED,Medication-administration evidence model.,cbd47b13b5eb268269c7a37fac9785b5bcddc76276daf1b1f6c050084e509867,false,"Upstream observer evidence only; neutral requirement rewriting, current-product comparison, target selection, feature mapping, benchmark equivalence, release, and completion credit remain zero."
"Finance, accounting, funding, billing, and asset accounting; Finance",bigcapitalhq/bigcapital,https://github.com/bigcapitalhq/bigcapital,develop,b9a431c1685a427b71b9bb757a97450b85ecb35f,2026-08-12,pushed_at=11/08/2026 10:57:44 pm; head_committed_at=11/08/2026 10:54:49 pm; archived=False,AGPL-3.0,Repository-root provenance only; module/open-core boundaries require behaviour-specific verification.,"Bank matching locks source transactions, validates matchable membership/amount and commits match/unmatch transactionally. Primary source: https://github.com/bigcapitalhq/bigcapital/blob/b9a431c1685a427b71b9bb757a97450b85ecb35f/packages/server/src/modules/BankingMatching/commands/MatchTransactions.ts#L39-L172",FIN-BANK-ACCOUNT | FIN-BANK-FEED | FIN-BANK-RECONCILIATION | FIN-BANK-TRANSACTION | FIN-BANKING | FIN-MATCH-RULE | FIN-PAYMENT-MATCH,"Locking, membership and atomic bank matching.",Headless multi-organization design and float tolerance are not patterns to copy.,Native benchmark,"Lock source, validate membership/amount, atomic side effects and recoverable unmatch.","Headless multi-organization design and float tolerance are not patterns to copy. Benchmark only; no code, UI, schema, wording or distinctive layout may be copied.",Strong bank matching/reconciliation boundary.,finance,root,p8_adversarial,IN_PROMPT_UNIQUE_95,1,HISTORICAL_ROW_STRUCTURALLY_VALIDATED_COMMITTED_LOCAL_ONLY,OFFICIAL_GITHUB_METADATA_ONLY_NO_FULL_TRIAGE_CREDIT,OFFICIAL_GITHUB_METADATA_SNAPSHOT_SUCCESS,bigcapitalhq/bigcapital,develop,125639d751a9bbe3428c813ba44bb03708ade76e,2026-08-23T21:47:46Z,2026-08-24T01:19:26Z,2026-08-23T21:47:51Z,PUBLIC,false,false,AGPL-3.0,GNU Affero General Public License v3.0,v0.25.32,2026-08-19T23:36:13Z,2026-08-24T05:54:38.619975Z,METADATA_PREREQUISITE_ONLY_NO_BEHAVIOUR_LICENCE_ROOT_EDITION_MAPPING_SELECTION_OR_TRIAGE_CREDIT,false,"Official GitHub repository metadata only; root licence, edition boundary, maintenance quality, exact behavior, target parity, mapping, selection and completion were not established.",RUN-031,COMPLETE_OBSERVER_ONLY,COMPLETE_OBSERVER_TRIAGE,b9a431c1685a427b71b9bb757a97450b85ecb35f,b9a431c1685a427b71b9bb757a97450b85ecb35f,125639d751a9bbe3428c813ba44bb03708ade76e,125639d751a9bbe3428c813ba44bb03708ade76e,SAME_AS_BASELINE,ROOT_FILE_PRESENT,AGPL-3.0,https://github.com/bigcapitalhq/bigcapital/blob/125639d751a9bbe3428c813ba44bb03708ade76e/LICENSE,BOUNDED_ROOT_ONLY,SIGNALS_RECORDED_NO_QUALITY_INFERENCE,1,SEPARATE_FUTURE_DECISION,Bank matching and reconciliation mechanics.,a62da47dd9faf05072808ed15a78b304a5e7f12546594a614aee65fecc0ca1cb,false,"Upstream observer evidence only; neutral requirement rewriting, current-product comparison, target selection, feature mapping, benchmark equivalence, release, and completion credit remain zero."
"IoT, smart healthcare equipment, telemetry, physical security, and IT monitoring",blakeblackshear/frigate,https://github.com/blakeblackshear/frigate,dev,c75611b4dfc2da6e3acaf68410f3d32a75917626,2026-08-14,pinned commit remains reachable; active and unarchived,MIT,"Public MIT repository only; trademarks, external models, hosted services and Frigate+ excluded.",Review work is camera/time/zone/severity/user-state scoped; direct review retrieval enforces camera access; export cases and ZIPs retain permitted-camera boundaries. Exact official loci: https://github.com/blakeblackshear/frigate/blob/c75611b4dfc2da6e3acaf68410f3d32a75917626/frigate/api/review.py#L45-L157 | https://github.com/blakeblackshear/frigate/blob/c75611b4dfc2da6e3acaf68410f3d32a75917626/frigate/api/review.py#L675-L703 | https://github.com/blakeblackshear/frigate/blob/c75611b4dfc2da6e3acaf68410f3d32a75917626/frigate/api/export.py#L296-L376 | https://github.com/blakeblackshear/frigate/blob/c75611b4dfc2da6e3acaf68410f3d32a75917626/frigate/api/export.py#L461-L505 | https://github.com/blakeblackshear/frigate/blob/c75611b4dfc2da6e3acaf68410f3d32a75917626/frigate/api/export.py#L538-L567,CAP-SEC-CATEGORY-PAGE-CCTV | CAP-SEC-REPORTS-EVENT-EXPORT | CAP-CR-EVIDENCE-PACK-ASSEMBLY,"Camera-scoped direct-object review, per-user triage, evidence cases and bounded bulk download.","No supported-person consent, camera custody, Site privacy, incident linkage, retention approval, evidence sealing or chain of custody.",Native benchmark,Scope review before materialization; retain per-user state; assemble named cases; download only authorized sources; separate read/admin mutation.,Case metadata is broadly authenticated while exports are camera filtered; metadata disclosure and retention/legal-hold rules need stronger controls.,Selected for CCTV review and evidence packaging mechanics.,project_triage_wave2,root,p8_adversarial,IN_PROMPT_UNIQUE_95,1,HISTORICAL_ROW_STRUCTURALLY_VALIDATED_COMMITTED_LOCAL_ONLY,OFFICIAL_GITHUB_METADATA_ONLY_NO_FULL_TRIAGE_CREDIT,OFFICIAL_GITHUB_METADATA_SNAPSHOT_SUCCESS,blakeblackshear/frigate,dev,ad79e666eb666d0c858cb95071f6af75f3f29866,2026-08-22T16:08:24Z,2026-08-23T23:29:12Z,2026-08-24T05:50:01Z,PUBLIC,false,false,MIT,MIT License,v0.17.2,2026-06-28T12:12:11Z,2026-08-24T05:54:38.619975Z,METADATA_PREREQUISITE_ONLY_NO_BEHAVIOUR_LICENCE_ROOT_EDITION_MAPPING_SELECTION_OR_TRIAGE_CREDIT,false,"Official GitHub repository metadata only; root licence, edition boundary, maintenance quality, exact behavior, target parity, mapping, selection and completion were not established.",RUN-031,COMPLETE_OBSERVER_ONLY,COMPLETE_OBSERVER_TRIAGE,c75611b4dfc2da6e3acaf68410f3d32a75917626,c75611b4dfc2da6e3acaf68410f3d32a75917626,ad79e666eb666d0c858cb95071f6af75f3f29866,ad79e666eb666d0c858cb95071f6af75f3f29866,SAME_AS_BASELINE,ROOT_FILE_PRESENT,MIT,https://github.com/blakeblackshear/frigate/blob/ad79e666eb666d0c858cb95071f6af75f3f29866/LICENSE,BOUNDED_ROOT_ONLY,SIGNALS_RECORDED_NO_QUALITY_INFERENCE,1,SEPARATE_FUTURE_DECISION,CCTV review and evidence-packaging mechanics.,c6267005a59c364b27c5c15e1f604a8c6fb6296d490644fb532a541db8d7ddf2,false,"Upstream observer evidence only; neutral requirement rewriting, current-product comparison, target selection, feature mapping, benchmark equivalence, release, and completion credit remain zero."
"Health and safety, incidents, hazards, risks, evidence, and corrective action; H&S/risk/actions",braedonsaunders/beaconhs,https://github.com/braedonsaunders/beaconhs,main,7de18df3532a96883e1098dea0a4b4dba70909fd,2026-08-12,pushed_at=10/08/2026 1:31:08 pm; head_committed_at=7/08/2026 3:51:53 am; archived=False,AGPL-3.0,Repository-root provenance only; module/open-core boundaries require behaviour-specific verification.,Incidents retain chronology/root-cause and corrective actions move to separately verified completion. Primary source: https://github.com/braedonsaunders/beaconhs/blob/7de18df3532a96883e1098dea0a4b4dba70909fd/packages/db/src/schema/corrective-actions.ts#L32-L123,HS-HAZARDOUS-SUBSTANCE | HS-HS-CORRECTIVE-ACTION | HS-HS-INVESTIGATION | HS-SITE-HAZARD | INC-FRONTEND-CLIENTS-INCIDENTS | INC-INCIDENT | INC-INCIDENT-FOLLOWUP | INC-INCIDENT-REPORT | INC-INCIDENT-TEMPLATE | INC-SAFEGUARDING-INVESTIGATION,Separates completion from effectiveness verification.,Very immature project; no production or NZ regulatory assurance.,Native benchmark,"Chronology, causes, accountable actions, evidence and independent effectiveness verification.","Very immature project; no production or NZ regulatory assurance. Benchmark only; no code, UI, schema, wording or distinctive layout may be copied.","Closest direct H&S/CAPA mechanics, with low-maturity caveat.",benchmark_research,root,p8_adversarial,IN_PROMPT_UNIQUE_95,1,HISTORICAL_ROW_STRUCTURALLY_VALIDATED_COMMITTED_LOCAL_ONLY,OFFICIAL_GITHUB_METADATA_ONLY_NO_FULL_TRIAGE_CREDIT,OFFICIAL_GITHUB_METADATA_SNAPSHOT_SUCCESS,braedonsaunders/beaconhs,main,7e1f3ec12708e2d612755c41ef36599c9de24a5c,2026-08-17T19:24:26Z,2026-08-17T19:24:36Z,2026-08-22T17:38:34Z,PUBLIC,false,false,AGPL-3.0,GNU Affero General Public License v3.0,GITHUB_API_NULL,GITHUB_API_NULL,2026-08-24T05:54:38.619975Z,METADATA_PREREQUISITE_ONLY_NO_BEHAVIOUR_LICENCE_ROOT_EDITION_MAPPING_SELECTION_OR_TRIAGE_CREDIT,false,"Official GitHub repository metadata only; root licence, edition boundary, maintenance quality, exact behavior, target parity, mapping, selection and completion were not established.",RUN-031,COMPLETE_OBSERVER_ONLY,COMPLETE_OBSERVER_TRIAGE,7de18df3532a96883e1098dea0a4b4dba70909fd,7de18df3532a96883e1098dea0a4b4dba70909fd,7e1f3ec12708e2d612755c41ef36599c9de24a5c,7e1f3ec12708e2d612755c41ef36599c9de24a5c,SAME_AS_BASELINE,ROOT_FILE_PRESENT,AGPL-3.0,https://github.com/braedonsaunders/beaconhs/blob/7e1f3ec12708e2d612755c41ef36599c9de24a5c/LICENSE,BOUNDED_ROOT_ONLY,SIGNALS_RECORDED_NO_QUALITY_INFERENCE,1,SEPARATE_FUTURE_DECISION,Incident corrective-action evidence lifecycle.,67552fcbd605841b1ff1e6089d2edda6a37882b50c4d53c382d86588bfbb8a6c,false,"Upstream observer evidence only; neutral requirement rewriting, current-product comparison, target selection, feature mapping, benchmark equivalence, release, and completion credit remain zero."
"IoT, smart healthcare equipment, telemetry, physical security, and IT monitoring; IoT/security/monitoring",chirpstack/chirpstack,https://github.com/chirpstack/chirpstack,master,8c30625090aa9f5e14783cf380d9a3e6d42907e8,2026-08-14,commit=2026-07-31T09:00:58Z; pinned SHA reachable; archived=false,MIT,"Pinned MIT ChirpStack server repository only; gateways, device firmware, hosted services and third-party integrations excluded.","Device downlink queue operations validate create, delete and list access for the canonical device EUI, optionally flush prior items, persist payload/encryption/count/confirmation/expiry fields, and return a queue identity. Exact official locus: https://github.com/chirpstack/chirpstack/blob/8c30625090aa9f5e14783cf380d9a3e6d42907e8/chirpstack/src/api/device.rs#L1037-L1181",CAP-SEC-QUECLINK-HUB-COMMANDS | SEC-INTEGRATIONS-HUB,"Device-bound permission checks, explicit queue state, expiry, confirmation metadata and persisted command identity.","Generic downlink mechanics only; no Queclink protocol handling, supported-person consent, temporal custody, Site routing, safety meaning, delivery acknowledgement or failed-command recovery.",Native benchmark,"Resolve the canonical device; authorize create/delete/list separately; persist command identity, payload metadata and expiry; distinguish queued, delivered, acknowledged and failed outcomes.",A queued downlink is not proof of device receipt or action; network-server permissions are not an Oblivion safety boundary.,Selected narrowly as a generic permissioned device-command queue analogue.,project_triage_wave3_recovery,root,p8_adversarial,IN_PROMPT_UNIQUE_95,1,HISTORICAL_ROW_STRUCTURALLY_VALIDATED_COMMITTED_LOCAL_ONLY,OFFICIAL_GITHUB_METADATA_ONLY_NO_FULL_TRIAGE_CREDIT,OFFICIAL_GITHUB_METADATA_SNAPSHOT_SUCCESS,chirpstack/chirpstack,master,3b5c7e755a235482ed3b8ba23e655594bcc37001,2026-08-12T08:09:17Z,2026-08-12T08:09:26Z,2026-08-23T01:51:41Z,PUBLIC,false,false,MIT,MIT License,v4.19.1,2026-08-04T08:36:26Z,2026-08-24T05:54:38.619975Z,METADATA_PREREQUISITE_ONLY_NO_BEHAVIOUR_LICENCE_ROOT_EDITION_MAPPING_SELECTION_OR_TRIAGE_CREDIT,false,"Official GitHub repository metadata only; root licence, edition boundary, maintenance quality, exact behavior, target parity, mapping, selection and completion were not established.",RUN-031,COMPLETE_OBSERVER_ONLY,COMPLETE_OBSERVER_TRIAGE,8c30625090aa9f5e14783cf380d9a3e6d42907e8,8c30625090aa9f5e14783cf380d9a3e6d42907e8,3b5c7e755a235482ed3b8ba23e655594bcc37001,3b5c7e755a235482ed3b8ba23e655594bcc37001,SAME_AS_BASELINE,ROOT_FILE_PRESENT,MIT,https://github.com/chirpstack/chirpstack/blob/3b5c7e755a235482ed3b8ba23e655594bcc37001/LICENSE,BOUNDED_ROOT_ONLY,SIGNALS_RECORDED_NO_QUALITY_INFERENCE,1,SEPARATE_FUTURE_DECISION,Device command-queue mechanics.,bcba2d17f4c0b2b4ca8552bb68f02e94a0d12ca8de494ec91603460df6f80b75,false,"Upstream observer evidence only; neutral requirement rewriting, current-product comparison, target selection, feature mapping, benchmark equivalence, release, and completion credit remain zero."
"Service desk, healthcare support work, requests, problems, and ticketing; Ticketing/ITSM/PSA",Combodo/iTop,https://github.com/Combodo/iTop,develop,36fae27355f9c7e280705178ba484ec2e6ae82f0,2026-08-14,commit=2026-08-11T13:28:30Z; pinned SHA reachable; archived=false,AGPL-3.0,"Pinned AGPL iTop repository only; official or commercial extensions, hosted operation and downstream customizations excluded.","The incident model declaratively defines assignment, pending, resolved, closed and reopen stimuli, state-specific mandatory/read-only fields, assignment timestamps and constrained resolve/close/reopen transitions. Exact official loci: https://github.com/Combodo/iTop/blob/36fae27355f9c7e280705178ba484ec2e6ae82f0/datamodels/2.x/itop-incident-mgmt-itil/datamodel.itop-incident-mgmt-itil.xml#L541-L610 | https://github.com/Combodo/iTop/blob/36fae27355f9c7e280705178ba484ec2e6ae82f0/datamodels/2.x/itop-incident-mgmt-itil/datamodel.itop-incident-mgmt-itil.xml#L738-L806 | https://github.com/Combodo/iTop/blob/36fae27355f9c7e280705178ba484ec2e6ae82f0/datamodels/2.x/itop-incident-mgmt-itil/datamodel.itop-incident-mgmt-itil.xml#L1035-L1070",CAP-OPS-CLIENT-NOTE-REVIEW,"Explicit owner/state machine, required solution fields, assignment time, resolution, closure and reopen paths.","Generic queue lifecycle/SLA machinery only; no healthcare incident semantics, clinical review authority, notifiability, Site/privacy scope, evidence chain or effectiveness review.",Native benchmark,"Give each review item an accountable owner, allowed state transitions, required resolution evidence and timestamps; preserve reopen history and next-owner visibility.","Declarative lifecycle configuration does not itself prove runtime authorization, concurrency control or behavior supplied by excluded extensions.",Selected narrowly for generic review-queue lifecycle mechanics.,project_triage_wave3_recovery,root,p8_adversarial,IN_PROMPT_UNIQUE_95,1,HISTORICAL_ROW_STRUCTURALLY_VALIDATED_COMMITTED_LOCAL_ONLY,OFFICIAL_GITHUB_METADATA_ONLY_NO_FULL_TRIAGE_CREDIT,OFFICIAL_GITHUB_METADATA_SNAPSHOT_SUCCESS,Combodo/iTop,develop,4bd5c22d3693f7c7367ab881a4c7719ac620c94d,2026-08-22T07:45:34Z,2026-08-22T07:45:35Z,2026-08-23T19:02:39Z,PUBLIC,false,false,AGPL-3.0,GNU Affero General Public License v3.0,3.2.3-2,2026-08-06T11:34:23Z,2026-08-24T05:54:38.619975Z,METADATA_PREREQUISITE_ONLY_NO_BEHAVIOUR_LICENCE_ROOT_EDITION_MAPPING_SELECTION_OR_TRIAGE_CREDIT,false,"Official GitHub repository metadata only; root licence, edition boundary, maintenance quality, exact behavior, target parity, mapping, selection and completion were not established.",RUN-031,COMPLETE_OBSERVER_ONLY,COMPLETE_OBSERVER_TRIAGE,36fae27355f9c7e280705178ba484ec2e6ae82f0,36fae27355f9c7e280705178ba484ec2e6ae82f0,edb33e31dad6460bc5e085d78a5955eaf8eb9163,4bd5c22d3693f7c7367ab881a4c7719ac620c94d,DIFFERENT_LATER_OBSERVATION_NO_ANCESTRY_INFERENCE,ROOT_FILE_PRESENT,AGPL-3.0,https://github.com/Combodo/iTop/blob/edb33e31dad6460bc5e085d78a5955eaf8eb9163/license.txt,BOUNDED_ROOT_ONLY,SIGNALS_RECORDED_NO_QUALITY_INFERENCE,1,SEPARATE_FUTURE_DECISION,Incident queue lifecycle mechanics.,3b474a8acce9b8b9ed845aaeb3e9f26e633b1dfd2b7597cb3e1a5ac79b154256,false,"Upstream observer evidence only; neutral requirement rewriting, current-product comparison, target selection, feature mapping, benchmark equivalence, release, and completion credit remain zero."
"Client/patient profiles, care, clinical records, eMAR, forms, referrals, and portals; Care/clinical/eMAR",dimagi/commcare-android,https://github.com/dimagi/commcare-android,master,d53f4091630d3237a2cde59c4813adac2a875af0,2026-08-12,pushed_at=11/08/2026 6:27:02 pm; head_committed_at=10/08/2026 7:56:39 am; archived=False,Apache-2.0,Repository-root provenance only; module/open-core boundaries require behaviour-specific verification.,"Unsent forms precede sync; success, cancellation, error and recovery-sync/offline states are distinct. Primary source: https://github.com/dimagi/commcare-android/blob/d53f4091630d3237a2cde59c4813adac2a875af0/app/src/org/commcare/activities/FormAndDataSyncer.java#L31-L124",DAY-ALL-TASKS | DAY-ANNOUNCEMENT-INBOX | DAY-MY-CALENDAR | DAY-MY-TASKS | DAY-NOTIFICATION-INBOX | DAY-ROUTE-NOTIFICATIONS-INDEX | DAY-TODAY-DASHBOARD,Pending work and recovery are first-class.,Android case/form behavior is not medication or clinical safety proof.,Native benchmark,"Durable pending state, last-sync evidence, per-item retry, idempotency and conflict handling.","Android case/form behavior is not medication or clinical safety proof. Benchmark only; no code, UI, schema, wording or distinctive layout may be copied.",Best verified offline/recovery reference.,benchmark_research,root,p8_adversarial,IN_PROMPT_UNIQUE_95,1,HISTORICAL_ROW_STRUCTURALLY_VALIDATED_COMMITTED_LOCAL_ONLY,OFFICIAL_GITHUB_METADATA_ONLY_NO_FULL_TRIAGE_CREDIT,OFFICIAL_GITHUB_METADATA_SNAPSHOT_SUCCESS,dimagi/commcare-android,master,5be6b48cefd0e28606a7ab6b82382863e510a77e,2026-08-21T12:58:24Z,2026-08-24T03:49:46Z,2026-08-21T12:59:15Z,PUBLIC,false,false,Apache-2.0,Apache License 2.0,commcare_2.64.0,2026-08-17T13:31:00Z,2026-08-24T05:54:38.619975Z,METADATA_PREREQUISITE_ONLY_NO_BEHAVIOUR_LICENCE_ROOT_EDITION_MAPPING_SELECTION_OR_TRIAGE_CREDIT,false,"Official GitHub repository metadata only; root licence, edition boundary, maintenance quality, exact behavior, target parity, mapping, selection and completion were not established.",RUN-031,COMPLETE_OBSERVER_ONLY,COMPLETE_OBSERVER_TRIAGE,d53f4091630d3237a2cde59c4813adac2a875af0,d53f4091630d3237a2cde59c4813adac2a875af0,5be6b48cefd0e28606a7ab6b82382863e510a77e,5be6b48cefd0e28606a7ab6b82382863e510a77e,SAME_AS_BASELINE,ROOT_FILE_PRESENT,Apache-2.0,https://github.com/dimagi/commcare-android/blob/5be6b48cefd0e28606a7ab6b82382863e510a77e/LICENSE,BOUNDED_ROOT_ONLY,SIGNALS_RECORDED_NO_QUALITY_INFERENCE,1,SEPARATE_FUTURE_DECISION,Offline form synchronization and recovery mechanics.,eb994491899753b5ccad1f5e7f59a85edfecf204482883243789e86c18253079,false,"Upstream observer evidence only; neutral requirement rewriting, current-product comparison, target selection, feature mapping, benchmark equivalence, release, and completion credit remain zero."
"Client/patient profiles, care, clinical records, eMAR, forms, referrals, and portals; Care/clinical/eMAR",dimagi/commcare-hq,https://github.com/dimagi/commcare-hq,master,5a8ed3420745c07e342865f49432fba16fcfcb3c,2026-08-14,commit=2026-08-11T19:08:35Z; pinned SHA reachable; archived=false,BSD-3-Clause,"Pinned CommCare HQ server repository only; CommCare mobile, hosted commcarehq.org, deployment tooling and paid services excluded.","The case-update API distinguishes create, update and upsert, rejects missing/unknown identities and oversized bulk updates, resolves temporary/external IDs, validates access to owners and indexed cases, submits case blocks and returns persisted cases. Exact official loci: https://github.com/dimagi/commcare-hq/blob/5a8ed3420745c07e342865f49432fba16fcfcb3c/corehq/apps/hqcase/api/updates.py#L149-L216 | https://github.com/dimagi/commcare-hq/blob/5a8ed3420745c07e342865f49432fba16fcfcb3c/corehq/apps/hqcase/api/updates.py#L239-L297 | https://github.com/dimagi/commcare-hq/blob/5a8ed3420745c07e342865f49432fba16fcfcb3c/corehq/apps/hqcase/api/updates.py#L347-L391",CAP-OPS-CUSTOM-FORM-SUBMISSION | CLI-CLIENT-ASSESSMENT,"Explicit operation semantics, canonical identifier checks, bounded bulk intake and linked-owner permission validation.","Server-side case mutation only; no custom-form rendering, assessment UX, Oblivion client identity, Site access, clinical protocol validation, approval or handover completion.",Native benchmark,Bind every submission to the canonical client/case and authorised owner; reject forged or missing linked IDs and oversized batches; preflight all relations before persistence.,CommCare owner semantics must not be imported as Oblivion Site authority; downstream transaction/conflict behavior is outside the cited slice.,Selected narrowly for case/form submission identity and authorization boundaries.,project_triage_wave3_recovery,root,p8_adversarial,IN_PROMPT_UNIQUE_95,1,HISTORICAL_ROW_STRUCTURALLY_VALIDATED_COMMITTED_LOCAL_ONLY,OFFICIAL_GITHUB_METADATA_ONLY_NO_FULL_TRIAGE_CREDIT,OFFICIAL_GITHUB_METADATA_SNAPSHOT_SUCCESS,dimagi/commcare-hq,master,f391f622123f52c8943098d1228986f6999cddb8,2026-08-21T16:15:03Z,2026-08-21T19:03:16Z,2026-08-21T16:15:16Z,PUBLIC,false,false,BSD-3-Clause,"BSD 3-Clause ""New"" or ""Revised"" License",GITHUB_API_NULL,GITHUB_API_NULL,2026-08-24T05:54:38.619975Z,METADATA_PREREQUISITE_ONLY_NO_BEHAVIOUR_LICENCE_ROOT_EDITION_MAPPING_SELECTION_OR_TRIAGE_CREDIT,false,"Official GitHub repository metadata only; root licence, edition boundary, maintenance quality, exact behavior, target parity, mapping, selection and completion were not established.",RUN-031,COMPLETE_OBSERVER_ONLY,COMPLETE_OBSERVER_TRIAGE,5a8ed3420745c07e342865f49432fba16fcfcb3c,5a8ed3420745c07e342865f49432fba16fcfcb3c,f391f622123f52c8943098d1228986f6999cddb8,f391f622123f52c8943098d1228986f6999cddb8,SAME_AS_BASELINE,ROOT_FILE_PRESENT,BSD-3-Clause,https://github.com/dimagi/commcare-hq/blob/f391f622123f52c8943098d1228986f6999cddb8/LICENSE,BOUNDED_ROOT_ONLY,SIGNALS_RECORDED_NO_QUALITY_INFERENCE,1,SEPARATE_FUTURE_DECISION,Case-record mutation safeguards.,28b880f85d85864ca59f7aef23d0dc5b05f52cc0224c36fbdc82ea0271d548bd,false,"Upstream observer evidence only; neutral requirement rewriting, current-product comparison, target selection, feature mapping, benchmark equivalence, release, and completion credit remain zero."
Cross-cutting documents and e-signing,documenso/documenso,https://github.com/documenso/documenso,main,962cffc9f546be68860be3489247f67255c83a66,2026-08-14,pinned commit remains reachable; active and unarchived,AGPL-3.0-only,Public AGPL repository only; hosted and Enterprise plan behavior excluded.,"Token-bound completion rejects expired, terminal, duplicate and out-of-order recipients, validates fields/2FA, transitions once transactionally and audits completion/authentication; rejection stores reason and audit evidence. Exact official loci: https://github.com/documenso/documenso/blob/962cffc9f546be68860be3489247f67255c83a66/packages/lib/server-only/document/complete-document-with-token.ts#L81-L179 | https://github.com/documenso/documenso/blob/962cffc9f546be68860be3489247f67255c83a66/packages/lib/server-only/document/complete-document-with-token.ts#L281-L369 | https://github.com/documenso/documenso/blob/962cffc9f546be68860be3489247f67255c83a66/packages/lib/server-only/document/reject-document-with-token.ts#L28-L112",CAP-HR-ESIGNATURE-REQUEST-MANAGEMENT | CAP-HR-ESIGNATURE-SIGNER,"Signer-token binding, signing order, required fields, optional strong auth, concurrency guard and rejection/audit provenance.","No NZ legal enforceability, certificate-chain trust, long-term validation, employment authority, delivery or Oblivion document/Site privacy proof.",Native benchmark,Bind document and signer; reject terminal/expired/out-of-order action; require fields/auth; transition once; retain request/reason evidence.,Sealing and email are asynchronous after transaction; monitor and recover their delivery.,"Selected for signer completion, rejection, audit and replay/concurrency integrity.",project_triage_wave2,root,p8_adversarial,IN_PROMPT_UNIQUE_95,1,HISTORICAL_ROW_STRUCTURALLY_VALIDATED_COMMITTED_LOCAL_ONLY,OFFICIAL_GITHUB_METADATA_ONLY_NO_FULL_TRIAGE_CREDIT,OFFICIAL_GITHUB_METADATA_SNAPSHOT_SUCCESS,documenso/documenso,main,75330166cc00b29c14399bc2e391e4b4d8080c00,2026-08-19T10:34:18Z,2026-08-24T04:16:37Z,2026-08-24T05:20:31Z,PUBLIC,false,false,AGPL-3.0,GNU Affero General Public License v3.0,v2.17.0,2026-08-19T11:01:04Z,2026-08-24T05:54:38.619975Z,METADATA_PREREQUISITE_ONLY_NO_BEHAVIOUR_LICENCE_ROOT_EDITION_MAPPING_SELECTION_OR_TRIAGE_CREDIT,false,"Official GitHub repository metadata only; root licence, edition boundary, maintenance quality, exact behavior, target parity, mapping, selection and completion were not established.",RUN-031,COMPLETE_OBSERVER_ONLY,COMPLETE_OBSERVER_TRIAGE,962cffc9f546be68860be3489247f67255c83a66,962cffc9f546be68860be3489247f67255c83a66,1de57a9e43d73f7b3e75966c946715e69b77e94e,75330166cc00b29c14399bc2e391e4b4d8080c00,DIFFERENT_LATER_OBSERVATION_NO_ANCESTRY_INFERENCE,ROOT_FILE_PRESENT,AGPL-3.0,https://github.com/documenso/documenso/blob/1de57a9e43d73f7b3e75966c946715e69b77e94e/LICENSE,BOUNDED_ROOT_ONLY,SIGNALS_RECORDED_NO_QUALITY_INFERENCE,1,SEPARATE_FUTURE_DECISION,Governed document-signature completion mechanics.,5be2abc674df1550bff405424dec5187f2d1af2ce0c810a42828a384ab9731f3,false,"Upstream observer evidence only; neutral requirement rewriting, current-product comparison, target selection, feature mapping, benchmark equivalence, release, and completion credit remain zero."
"Finance, accounting, funding, billing, and asset accounting; Finance",Dolibarr/dolibarr,https://github.com/Dolibarr/dolibarr,develop,4d07abf199a682a444f16a25519257ab492de086,2026-08-12,pushed_at=11/08/2026 5:48:41 pm; head_committed_at=11/08/2026 5:48:40 pm; archived=False,GPL-3.0,Repository-root provenance only; module/open-core boundaries require behaviour-specific verification.,Quotes have explicit lifecycle and accepted/signed-only downstream order/invoice conversion with origin linkage. Primary source: https://github.com/Dolibarr/dolibarr/blob/4d07abf199a682a444f16a25519257ab492de086/htdocs/comm/propal/card.php#L3667-L3736,FIN-QUOTE,State-gated conversion and origin lineage.,Legacy/general CRM; internal signed status does not prove external assent.,Native benchmark,"Distinct lifecycle/permissions, accepted-only conversion, durable origin and controlled reopen.","Legacy/general CRM; internal signed status does not prove external assent. Benchmark only; no code, UI, schema, wording or distinctive layout may be copied.",Strong quote conversion comparison.,finance,root,p8_adversarial,IN_PROMPT_UNIQUE_95,1,HISTORICAL_ROW_STRUCTURALLY_VALIDATED_COMMITTED_LOCAL_ONLY,OFFICIAL_GITHUB_METADATA_ONLY_NO_FULL_TRIAGE_CREDIT,OFFICIAL_GITHUB_METADATA_SNAPSHOT_SUCCESS,Dolibarr/dolibarr,develop,827f3d92c4c78c30e8719aa09f92edaa1447341b,2026-08-22T22:20:58Z,2026-08-24T02:29:53Z,2026-08-23T22:51:49Z,PUBLIC,false,false,GPL-3.0,GNU General Public License v3.0,24.0.0,2026-08-20T19:49:15Z,2026-08-24T05:54:38.619975Z,METADATA_PREREQUISITE_ONLY_NO_BEHAVIOUR_LICENCE_ROOT_EDITION_MAPPING_SELECTION_OR_TRIAGE_CREDIT,false,"Official GitHub repository metadata only; root licence, edition boundary, maintenance quality, exact behavior, target parity, mapping, selection and completion were not established.",RUN-031,COMPLETE_OBSERVER_ONLY,COMPLETE_OBSERVER_TRIAGE,4d07abf199a682a444f16a25519257ab492de086,4d07abf199a682a444f16a25519257ab492de086,21d6e74b483f381b35fc238e4f0c6ffa7c88c95e,827f3d92c4c78c30e8719aa09f92edaa1447341b,DIFFERENT_LATER_OBSERVATION_NO_ANCESTRY_INFERENCE,ROOT_FILE_PRESENT,GPL-3.0,https://github.com/Dolibarr/dolibarr/blob/21d6e74b483f381b35fc238e4f0c6ffa7c88c95e/COPYING,BOUNDED_ROOT_ONLY,SIGNALS_RECORDED_NO_QUALITY_INFERENCE,1,SEPARATE_FUTURE_DECISION,Quote lifecycle and conversion lineage.,ff30953ca6ba223e3c59525776d99361adfcfc3ee2e12e656aad894560b6a491,false,"Upstream observer evidence only; neutral requirement rewriting, current-product comparison, target selection, feature mapping, benchmark equivalence, release, and completion credit remain zero."
"Client/patient profiles, care, clinical records, eMAR, forms, referrals, and portals; Care/clinical/eMAR",earthians/marley,https://github.com/earthians/marley,develop,2338d889c1af2ca8555052cad44ec05a98cdd2af,2026-08-14,commit=2026-08-11T05:59:49Z; pinned SHA reachable; archived=false,GPL-3.0,"Pinned GPL Marley healthcare app only; external Frappe/ERPNext framework services, Frappe Cloud, other apps and billing services excluded.","Marley-owned appointment validation derives schedule state, rejects patient/practitioner overlap and service-unit capacity conflicts, and supports check-in/cancel. Its inpatient medication entry selects eligible orders, updates completion counts and links stock effects through external Frappe/ERPNext services. Exact official loci: https://github.com/earthians/marley/blob/2338d889c1af2ca8555052cad44ec05a98cdd2af/healthcare/healthcare/doctype/patient_appointment/patient_appointment.py#L49-L60 | https://github.com/earthians/marley/blob/2338d889c1af2ca8555052cad44ec05a98cdd2af/healthcare/healthcare/doctype/patient_appointment/patient_appointment.py#L130-L234 | https://github.com/earthians/marley/blob/2338d889c1af2ca8555052cad44ec05a98cdd2af/healthcare/healthcare/doctype/patient_appointment/patient_appointment.py#L1031-L1067 | https://github.com/earthians/marley/blob/2338d889c1af2ca8555052cad44ec05a98cdd2af/healthcare/healthcare/doctype/inpatient_medication_entry/inpatient_medication_entry.py#L53-L127 | https://github.com/earthians/marley/blob/2338d889c1af2ca8555052cad44ec05a98cdd2af/healthcare/healthcare/doctype/inpatient_medication_entry/inpatient_medication_entry.py#L145-L205",CAP-OPS-CLIENT-CALENDAR | CAP-MED-EMAR-WORKSPACE | CAP-MED-MEDICATION-ORDER-LIFECYCLE,"Patient/practitioner/time binding, overlap and terminal-state guards, appointment states, medication-order selection/completion and stock linkage.","No full bedside eMAR, five-right administration, worker competency, controlled-drug rules, PRN/override governance, Site/privacy authority or concurrent-dose guard.",Native benchmark,"Bind resident, practitioner, location and order; block overlap and terminal replay; persist explicit states; make medication and stock consequences atomically and reversibly evidenced.",Permission authority and key stock services are outside the cited Marley-owned models; generic Frappe roles are not Oblivion Site scope.,"Selected narrowly for appointment integrity and medication-order/stock linkage, with the external framework boundary explicit.",project_triage_wave3_recovery,root,p8_adversarial,IN_PROMPT_UNIQUE_95,1,HISTORICAL_ROW_STRUCTURALLY_VALIDATED_COMMITTED_LOCAL_ONLY,OFFICIAL_GITHUB_METADATA_ONLY_NO_FULL_TRIAGE_CREDIT,OFFICIAL_GITHUB_METADATA_SNAPSHOT_SUCCESS,earthians/marley,develop,e24bc491047212b86488cf203a3457236387ca1e,2026-08-21T06:15:35Z,2026-08-23T15:37:30Z,2026-08-21T06:15:46Z,PUBLIC,false,false,GPL-3.0,GNU General Public License v3.0,v16.5.2,2026-08-13T16:15:22Z,2026-08-24T05:54:38.619975Z,METADATA_PREREQUISITE_ONLY_NO_BEHAVIOUR_LICENCE_ROOT_EDITION_MAPPING_SELECTION_OR_TRIAGE_CREDIT,false,"Official GitHub repository metadata only; root licence, edition boundary, maintenance quality, exact behavior, target parity, mapping, selection and completion were not established.",RUN-031,COMPLETE_OBSERVER_ONLY,COMPLETE_OBSERVER_TRIAGE,2338d889c1af2ca8555052cad44ec05a98cdd2af,2338d889c1af2ca8555052cad44ec05a98cdd2af,e24bc491047212b86488cf203a3457236387ca1e,e24bc491047212b86488cf203a3457236387ca1e,SAME_AS_BASELINE,ROOT_FILE_PRESENT,GPL-3.0,https://github.com/earthians/marley/blob/e24bc491047212b86488cf203a3457236387ca1e/license.txt,BOUNDED_ROOT_ONLY,SIGNALS_RECORDED_NO_QUALITY_INFERENCE,1,SEPARATE_FUTURE_DECISION,Appointment overlap and lifecycle safeguards.,cac58cd3172cafb5f63dadbfe611022064bdaa6484da7c04f9d45e750f6170ad,false,"Upstream observer evidence only; neutral requirement rewriting, current-product comparison, target selection, feature mapping, benchmark equivalence, release, and completion credit remain zero."
"IoT, smart healthcare equipment, telemetry, physical security, and IT monitoring; IoT/security/monitoring",eclipse-ditto/ditto,https://github.com/eclipse-ditto/ditto,master,78913f8483eee3b6f129502e6cd36ac6a665c5a4,2026-08-12,pushed_at=11/08/2026 6:41:47 am; head_committed_at=28/07/2026 6:12:58 pm; archived=False,EPL-2.0,Repository-root provenance only; module/open-core boundaries require behaviour-specific verification.,Thing policies and Features distinguish current properties from desired properties with adjacent metadata. Primary source: https://github.com/eclipse-ditto/ditto/blob/78913f8483eee3b6f129502e6cd36ac6a665c5a4/things/model/src/main/java/org/eclipse/ditto/things/model/Feature.java,CR-CONTROL-ROOM-DEVICE | SEC-CATEGORY-PAGE | SEC-DEVICE | SEC-DEVICE-ASSIGNMENT | SEC-DEVICE-DOCUMENT | SEC-DEVICE-GROUP | SEC-FRONTEND-SECURITY-DEVICES | SEC-FRONTEND-SECURITY-DEVICES-SECTION | SEC-FRONTEND-SECURITY-DEVICES-SECURITY-DEVICES-SHELL,Intended-versus-observed state and metadata.,"Digital-twin framework, not complete operations/device governance.",Native benchmark,Separate provider-observed and local intended state; source/time/quality; visible conflicts.,"Digital-twin framework, not complete operations/device governance. Benchmark only; no code, UI, schema, wording or distinctive layout may be copied.",Best architecture reference for device state/provenance.,ops_assets_security,root,p8_adversarial,IN_PROMPT_UNIQUE_95,1,HISTORICAL_ROW_STRUCTURALLY_VALIDATED_COMMITTED_LOCAL_ONLY,OFFICIAL_GITHUB_METADATA_ONLY_NO_FULL_TRIAGE_CREDIT,OFFICIAL_GITHUB_METADATA_SNAPSHOT_SUCCESS,eclipse-ditto/ditto,master,4e3576844b73fb5e00d1b501f5d7ee6511a7fdc1,2026-08-18T18:32:56Z,2026-08-21T10:36:12Z,2026-08-19T16:45:05Z,PUBLIC,false,false,EPL-2.0,Eclipse Public License 2.0,3.9.6,2026-07-29T06:13:51Z,2026-08-24T05:54:38.619975Z,METADATA_PREREQUISITE_ONLY_NO_BEHAVIOUR_LICENCE_ROOT_EDITION_MAPPING_SELECTION_OR_TRIAGE_CREDIT,false,"Official GitHub repository metadata only; root licence, edition boundary, maintenance quality, exact behavior, target parity, mapping, selection and completion were not established.",RUN-031,COMPLETE_OBSERVER_ONLY,COMPLETE_OBSERVER_TRIAGE,78913f8483eee3b6f129502e6cd36ac6a665c5a4,78913f8483eee3b6f129502e6cd36ac6a665c5a4,4e3576844b73fb5e00d1b501f5d7ee6511a7fdc1,4e3576844b73fb5e00d1b501f5d7ee6511a7fdc1,SAME_AS_BASELINE,ROOT_FILE_PRESENT,EPL-2.0,https://github.com/eclipse-ditto/ditto/blob/4e3576844b73fb5e00d1b501f5d7ee6511a7fdc1/LICENSE,BOUNDED_ROOT_ONLY,SIGNALS_RECORDED_NO_QUALITY_INFERENCE,1,SEPARATE_FUTURE_DECISION,Intended-versus-observed device state mechanics.,74b56ecfe71a1f91b6b667ae61f80a0d7a530080fae6f6ee05e1b3cfad520239,false,"Upstream observer evidence only; neutral requirement rewriting, current-product comparison, target selection, feature mapping, benchmark equivalence, release, and completion credit remain zero."
"IoT, smart healthcare equipment, telemetry, physical security, and IT monitoring; IoT/security/monitoring",edgexfoundry/device-sdk-go,https://github.com/edgexfoundry/device-sdk-go,main,71eac3ea65cf19f4737c569a63d2974c7fa7b4b4,2026-08-14,commit=2026-08-06T10:45:46Z; pinned SHA reachable; archived=false,Apache-2.0,"Pinned Apache-2.0 Go device SDK only; EdgeX core services, concrete device services, hardware drivers and vendor integrations excluded.","GET and SET command paths bind device/profile, reject locked/down/unprofiled services or devices, enforce read/write direction and maximum operations, invoke the driver, transform results and optionally emit an event while updating last-connected state. Exact official loci: https://github.com/edgexfoundry/device-sdk-go/blob/71eac3ea65cf19f4737c569a63d2974c7fa7b4b4/internal/controller/http/command.go#L28-L100 | https://github.com/edgexfoundry/device-sdk-go/blob/71eac3ea65cf19f4737c569a63d2974c7fa7b4b4/internal/application/command.go#L37-L114 | https://github.com/edgexfoundry/device-sdk-go/blob/71eac3ea65cf19f4737c569a63d2974c7fa7b4b4/internal/application/command.go#L221-L275 | https://github.com/edgexfoundry/device-sdk-go/blob/71eac3ea65cf19f4737c569a63d2974c7fa7b4b4/internal/application/command.go#L278-L482",CAP-SEC-QUECLINK-HUB-COMMANDS | SEC-ASSET-TELEMETRY-INGEST,"Fail-closed device/service state validation, profile/resource binding, direction/size guards, driver execution, correlated result conversion and liveness update.","Generic SDK behavior only; no Queclink protocol, complete telemetry store, end-user authorization, custody, consent, Site assignment, command approval or delivery acknowledgement.",Native benchmark,"Resolve the registered device/profile; reject invalid state, direction or operation count; execute through the governed driver; persist correlated outcome and liveness evidence.","The HTTP slice does not establish end-user authorization, and asynchronous event sending has no delivery-recovery proof in the cited path.",Selected narrowly for generic device-command validation and execution boundaries.,project_triage_wave3_recovery,root,p8_adversarial,IN_PROMPT_UNIQUE_95,1,HISTORICAL_ROW_STRUCTURALLY_VALIDATED_COMMITTED_LOCAL_ONLY,OFFICIAL_GITHUB_METADATA_ONLY_NO_FULL_TRIAGE_CREDIT,OFFICIAL_GITHUB_METADATA_SNAPSHOT_SUCCESS,edgexfoundry/device-sdk-go,main,71eac3ea65cf19f4737c569a63d2974c7fa7b4b4,2026-08-06T10:45:46Z,2026-08-21T04:52:47Z,2026-08-19T05:32:45Z,PUBLIC,false,false,Apache-2.0,Apache License 2.0,v4.0.2,2026-05-25T06:29:59Z,2026-08-24T05:54:38.619975Z,METADATA_PREREQUISITE_ONLY_NO_BEHAVIOUR_LICENCE_ROOT_EDITION_MAPPING_SELECTION_OR_TRIAGE_CREDIT,false,"Official GitHub repository metadata only; root licence, edition boundary, maintenance quality, exact behavior, target parity, mapping, selection and completion were not established.",RUN-031,COMPLETE_OBSERVER_ONLY,COMPLETE_OBSERVER_TRIAGE,71eac3ea65cf19f4737c569a63d2974c7fa7b4b4,71eac3ea65cf19f4737c569a63d2974c7fa7b4b4,71eac3ea65cf19f4737c569a63d2974c7fa7b4b4,71eac3ea65cf19f4737c569a63d2974c7fa7b4b4,SAME_AS_BASELINE,ROOT_FILE_PRESENT,Apache-2.0,https://github.com/edgexfoundry/device-sdk-go/blob/71eac3ea65cf19f4737c569a63d2974c7fa7b4b4/LICENSE,BOUNDED_ROOT_ONLY,SIGNALS_RECORDED_NO_QUALITY_INFERENCE,1,SEPARATE_FUTURE_DECISION,Device command validation mechanics.,8c90071f0eebdb7b5e8e50db03287df35a51b857321dd3936de170574a3581bc,false,"Upstream observer evidence only; neutral requirement rewriting, current-product comparison, target selection, feature mapping, benchmark equivalence, release, and completion credit remain zero."
"IoT, smart healthcare equipment, telemetry, physical security, and IT monitoring; IoT/security/monitoring",edgexfoundry/edgex-go,https://github.com/edgexfoundry/edgex-go,main,2bee238e8510a15974a23743e1f7ddd35801407b,2026-08-14,commit=2026-08-06T10:46:29Z; pinned SHA reachable; archived=false,Apache-2.0,"Pinned Apache-2.0 EdgeX core/support repository only; SDKs, device services, drivers, user interfaces and cloud connectors excluded.","Core Data rejects route/body profile, device or source mismatches and oversized events, then persists or publishes events/readings and queries them by device/time. Exact official loci: https://github.com/edgexfoundry/edgex-go/blob/2bee238e8510a15974a23743e1f7ddd35801407b/internal/core/data/controller/http/event.go#L61-L117 | https://github.com/edgexfoundry/edgex-go/blob/2bee238e8510a15974a23743e1f7ddd35801407b/internal/core/data/application/event.go#L29-L90 | https://github.com/edgexfoundry/edgex-go/blob/2bee238e8510a15974a23743e1f7ddd35801407b/internal/core/data/application/event.go#L200-L251",SEC-ASSET-TELEMETRY-INGEST,"Route/body identity consistency, request-size guard, event/reading persistence or publication and device/time retrieval.","No Queclink frame decoding/diagnostics, supported-person binding, consent, temporal custody, Site/privacy scope, safety severity, alert lifecycle or retention approval.",Native benchmark,Require route/body device identity parity; validate size/schema; persist event/readings with correlation; query the canonical device/time; govern retention separately.,Publish mode may not provide the same local durability; generic device identity is not an Oblivion safety or privacy boundary.,"Selected narrowly for generic telemetry-ingest identity, persistence/publication and retrieval boundaries.",project_triage_wave3_recovery,root,p8_adversarial,IN_PROMPT_UNIQUE_95,1,HISTORICAL_ROW_STRUCTURALLY_VALIDATED_COMMITTED_LOCAL_ONLY,OFFICIAL_GITHUB_METADATA_ONLY_NO_FULL_TRIAGE_CREDIT,OFFICIAL_GITHUB_METADATA_SNAPSHOT_SUCCESS,edgexfoundry/edgex-go,main,c3e5490eb473795610f4f108d8e8c1a08abba7e1,2026-08-15T03:56:21Z,2026-08-21T19:32:34Z,2026-08-23T17:41:00Z,PUBLIC,false,false,Apache-2.0,Apache License 2.0,v4.0.2,2026-05-29T02:31:11Z,2026-08-24T05:54:38.619975Z,METADATA_PREREQUISITE_ONLY_NO_BEHAVIOUR_LICENCE_ROOT_EDITION_MAPPING_SELECTION_OR_TRIAGE_CREDIT,false,"Official GitHub repository metadata only; root licence, edition boundary, maintenance quality, exact behavior, target parity, mapping, selection and completion were not established.",RUN-031,COMPLETE_OBSERVER_ONLY,COMPLETE_OBSERVER_TRIAGE,2bee238e8510a15974a23743e1f7ddd35801407b,2bee238e8510a15974a23743e1f7ddd35801407b,c3e5490eb473795610f4f108d8e8c1a08abba7e1,c3e5490eb473795610f4f108d8e8c1a08abba7e1,SAME_AS_BASELINE,ROOT_FILE_PRESENT,Apache-2.0,https://github.com/edgexfoundry/edgex-go/blob/c3e5490eb473795610f4f108d8e8c1a08abba7e1/LICENSE,BOUNDED_ROOT_ONLY,SIGNALS_RECORDED_NO_QUALITY_INFERENCE,1,SEPARATE_FUTURE_DECISION,Telemetry event intake safeguards.,db4c465bc0bf9d7547db896d42a5047ecbed96ca208740294331eb8ab4967736,false,"Upstream observer evidence only; neutral requirement rewriting, current-product comparison, target selection, feature mapping, benchmark equivalence, release, and completion credit remain zero."
Cross-cutting features previously under-represented; Plan Builder/canvas interaction,excalidraw/excalidraw,https://github.com/excalidraw/excalidraw,master,abeeaeba217ab3b5193b78c8d8d63c373b518ced,2026-08-14,commit=2026-08-11T13:59:35Z; pinned SHA reachable; archived=false,MIT,"Pinned MIT editor and showcase app source only; external collaboration backends, hosted services, integrations and third-party libraries excluded.","History records non-empty durable deltas, maintains undo/redo stacks, clears redo after a new local change, applies deltas to snapshots and exposes disabled undo/redo actions when stacks are empty. Exact official loci: https://github.com/excalidraw/excalidraw/blob/abeeaeba217ab3b5193b78c8d8d63c373b518ced/packages/excalidraw/history.ts#L90-L153 | https://github.com/excalidraw/excalidraw/blob/abeeaeba217ab3b5193b78c8d8d63c373b518ced/packages/excalidraw/history.ts#L159-L229 | https://github.com/excalidraw/excalidraw/blob/abeeaeba217ab3b5193b78c8d8d63c373b518ced/packages/excalidraw/actions/actionHistory.tsx#L63-L137",CAP-SITE-SITE-TYPE-PLAN-EDITOR,"Explicit reversible edit history, snapshot application, redo invalidation and honest disabled-action state.","Generic canvas history is not a governed Site plan schema, persistence, published version, approval, accessibility proof, audit history or concurrent conflict resolution.",Native benchmark,"Record reversible plan deltas; maintain honest undo/redo state; validate restored elements; separate local draft recovery from governed save, approval and publish.",Local/in-memory history is not authoritative persistence or audit evidence and does not settle concurrent edits.,Selected narrowly for real canvas edit recovery and reversible interaction mechanics.,project_triage_wave3_recovery,root,p8_adversarial,IN_PROMPT_UNIQUE_95,1,HISTORICAL_ROW_STRUCTURALLY_VALIDATED_COMMITTED_LOCAL_ONLY,OFFICIAL_GITHUB_METADATA_ONLY_NO_FULL_TRIAGE_CREDIT,OFFICIAL_GITHUB_METADATA_SNAPSHOT_SUCCESS,excalidraw/excalidraw,master,e160ff7ba0641fba729c528482de5277ffb19c58,2026-08-16T15:30:01Z,2026-08-22T21:27:32Z,2026-08-24T05:54:00Z,PUBLIC,false,false,MIT,MIT License,v0.18.1,2026-04-21T08:43:20Z,2026-08-24T05:54:38.619975Z,METADATA_PREREQUISITE_ONLY_NO_BEHAVIOUR_LICENCE_ROOT_EDITION_MAPPING_SELECTION_OR_TRIAGE_CREDIT,false,"Official GitHub repository metadata only; root licence, edition boundary, maintenance quality, exact behavior, target parity, mapping, selection and completion were not established.",RUN-031,COMPLETE_OBSERVER_ONLY,COMPLETE_OBSERVER_TRIAGE,abeeaeba217ab3b5193b78c8d8d63c373b518ced,abeeaeba217ab3b5193b78c8d8d63c373b518ced,e160ff7ba0641fba729c528482de5277ffb19c58,e160ff7ba0641fba729c528482de5277ffb19c58,SAME_AS_BASELINE,ROOT_FILE_PRESENT,MIT,https://github.com/excalidraw/excalidraw/blob/e160ff7ba0641fba729c528482de5277ffb19c58/LICENSE,BOUNDED_ROOT_ONLY,SIGNALS_RECORDED_NO_QUALITY_INFERENCE,1,SEPARATE_FUTURE_DECISION,Undo and reversible-edit mechanics.,328e3ef31a29cefa9a66c98aecedb9463318f304cffbf5ef0852579b4d76185b,false,"Upstream observer evidence only; neutral requirement rewriting, current-product comparison, target selection, feature mapping, benchmark equivalence, release, and completion credit remain zero."
"Service desk, healthcare support work, requests, problems, and ticketing; Ticketing/ITSM/PSA",faveosuite/faveo-helpdesk,https://github.com/faveosuite/faveo-helpdesk,development,6568aa45f89b78028b05cddfb2d37c171d2fbab1,2026-08-14,pinned Community commit=2024-10-03T09:20:47Z; SHA reachable; repository has later activity; cited snapshot is stale,OSL-3.0,"Pinned OSL Community Edition only; Freelancer/Enterprise editions, paid integrations and commercial support behavior excluded.","The cited Community controller persists resolved/closed/reopened states with timestamps and status-thread events, and assigns or surrenders an agent/team owner. Exact official loci: https://github.com/faveosuite/faveo-helpdesk/blob/6568aa45f89b78028b05cddfb2d37c171d2fbab1/app/Http/Controllers/Agent/helpdesk/TicketController.php#L1135-L1281 | https://github.com/faveosuite/faveo-helpdesk/blob/6568aa45f89b78028b05cddfb2d37c171d2fbab1/app/Http/Controllers/Agent/helpdesk/TicketController.php#L1358-L1490",CAP-OPS-CLIENT-NOTE-REVIEW,"Explicit ticket states, owner assignment/surrender, timestamps and thread/event provenance.","The pinned Community slice is monolithic and authority is insufficiently bounded; it proves no Site/privacy scope, healthcare urgency, evidence chain, corrective action or maintained-security assurance.",Reject,"No feature credit; a native review queue should still retain explicit owner, state, actor/time/reason history and reversible reassignment.","The controller broadly loads tickets for some users without a cited object policy, and email/event side effects are not shown transactionally; do not copy this authority pattern.",Substantively rejected as a current comparator because the pinned Community slice is stale and insufficiently bounded; the project itself is not claimed abandoned.,project_triage_wave3_recovery,root,p8_adversarial,IN_PROMPT_UNIQUE_95,1,HISTORICAL_ROW_STRUCTURALLY_VALIDATED_COMMITTED_LOCAL_ONLY,OFFICIAL_GITHUB_METADATA_ONLY_NO_FULL_TRIAGE_CREDIT,OFFICIAL_GITHUB_METADATA_SNAPSHOT_SUCCESS,faveosuite/faveo-helpdesk,development,6568aa45f89b78028b05cddfb2d37c171d2fbab1,2024-10-03T09:20:47Z,2026-05-28T04:24:21Z,2026-08-22T01:06:16Z,PUBLIC,false,false,OSL-3.0,Open Software License 3.0,v2.0.3,2023-10-31T12:07:41Z,2026-08-24T05:54:38.619975Z,METADATA_PREREQUISITE_ONLY_NO_BEHAVIOUR_LICENCE_ROOT_EDITION_MAPPING_SELECTION_OR_TRIAGE_CREDIT,false,"Official GitHub repository metadata only; root licence, edition boundary, maintenance quality, exact behavior, target parity, mapping, selection and completion were not established.",RUN-031,PARTIAL_BLOCKED,PARTIAL_BLOCKED,6568aa45f89b78028b05cddfb2d37c171d2fbab1,6568aa45f89b78028b05cddfb2d37c171d2fbab1,6568aa45f89b78028b05cddfb2d37c171d2fbab1,6568aa45f89b78028b05cddfb2d37c171d2fbab1,SAME_AS_BASELINE,ROOT_FILE_PRESENT,OSL-3.0,https://github.com/faveosuite/faveo-helpdesk/blob/6568aa45f89b78028b05cddfb2d37c171d2fbab1/LICENSE,BOUNDED_ROOT_ONLY,SIGNALS_RECORDED_NO_QUALITY_INFERENCE,1,BLOCKED,Helpdesk ticket ownership and status mechanics.,795e221c64e9c5dc84786c578b2986fe83aada58d519a6bef50c03b0225baa22,false,"Upstream observer evidence only; neutral requirement rewriting, current-product comparison, target selection, feature mapping, benchmark equivalence, release, and completion credit remain zero."
"Fleet, vehicles, driver operations, and vehicle lifecycle; Fleet/vehicles",fleetbase/fleetbase,https://github.com/fleetbase/fleetbase,main,007a83389960bd4be281fb6b51d7350e5dc047f7,2026-08-14,root commit=007a83389960bd4be281fb6b51d7350e5dc047f7 reachable; archived=false; root pins fleetops submodule fa37e7899b78e3cbe2f839e818561ae4c40189c2,AGPL-3.0,"Pinned AGPL root commit 007a83389960bd4be281fb6b51d7350e5dc047f7 plus its official Fleet-Ops submodule commit fa37e7899b78e3cbe2f839e818561ae4c40189c2 only; Fleetbase Cloud, registry extensions and unpinned services excluded.","The pinned Fleet-Ops UI posts driver/vehicle assignment or removal, updates the visible collection and emits assigned/unassigned events. Exact official loci: https://github.com/fleetbase/fleetops/blob/fa37e7899b78e3cbe2f839e818561ae4c40189c2/addon/components/fleet/driver-listing.js#L44-L68 | https://github.com/fleetbase/fleetops/blob/fa37e7899b78e3cbe2f839e818561ae4c40189c2/addon/components/fleet/vehicle-listing.js#L44-L68",CAP-FLEET-DRIVER-DIRECTORY | FLEET-ASSET,Explicit add/remove identities and immediate client collection/event reconciliation in the pinned fleet extension.,"Client-side intent only; no server authorization, atomicity, audit history, driver eligibility, vehicle custody, Site scope or failed-write recovery.",Reject,"No feature credit; native assignment must resolve canonical fleet/driver/vehicle records, authorize the server mutation, persist atomically, record actor/time/reason and reconcile failures.",The UI mutates its local collection after POST but the authoritative server contract and rollback behavior are absent from the cited source.,"Substantively rejected because the exact slice proves UI intent, not authoritative workflow completion.",project_triage_wave3_recovery,root,p8_adversarial,IN_PROMPT_UNIQUE_95,1,HISTORICAL_ROW_STRUCTURALLY_VALIDATED_COMMITTED_LOCAL_ONLY,OFFICIAL_GITHUB_METADATA_ONLY_NO_FULL_TRIAGE_CREDIT,OFFICIAL_GITHUB_METADATA_SNAPSHOT_SUCCESS,fleetbase/fleetbase,main,65236685409aab16bf263d517a87c878e591a4bd,2026-08-19T04:57:55Z,2026-08-21T12:45:51Z,2026-08-23T22:58:25Z,PUBLIC,false,false,AGPL-3.0,GNU Affero General Public License v3.0,v0.7.55,2026-08-19T04:58:29Z,2026-08-24T05:54:38.619975Z,METADATA_PREREQUISITE_ONLY_NO_BEHAVIOUR_LICENCE_ROOT_EDITION_MAPPING_SELECTION_OR_TRIAGE_CREDIT,false,"Official GitHub repository metadata only; root licence, edition boundary, maintenance quality, exact behavior, target parity, mapping, selection and completion were not established.",RUN-031,PARTIAL_BLOCKED,PARTIAL_BLOCKED,007a83389960bd4be281fb6b51d7350e5dc047f7,007a83389960bd4be281fb6b51d7350e5dc047f7,65236685409aab16bf263d517a87c878e591a4bd,65236685409aab16bf263d517a87c878e591a4bd,SAME_AS_BASELINE,ROOT_FILE_PRESENT,AGPL-3.0,https://github.com/fleetbase/fleetbase/blob/65236685409aab16bf263d517a87c878e591a4bd/LICENSE.md,PARTIAL_BLOCKED,SIGNALS_RECORDED_NO_QUALITY_INFERENCE,1,BLOCKED,Fleet platform composition only; product behavior blocked.,ea87cf3fa3492ba7b2c98924c12582eb0477020c64bdf026429807b87c7f37f5,false,"Upstream observer evidence only; neutral requirement rewriting, current-product comparison, target selection, feature mapping, benchmark equivalence, release, and completion credit remain zero."
"Fleet, vehicles, driver operations, and vehicle lifecycle",fleetbase/fleetops,https://github.com/fleetbase/fleetops,main,fa37e7899b78e3cbe2f839e818561ae4c40189c2,2026-08-14,commit=2026-08-07T12:09:14Z; pushed=2026-08-12T20:48:10Z; archived=false,AGPL-3.0-or-later,Public engine/API AGPL-3.0-or-later; commercial licensing/support does not add credited behavior.,"Maintenance has scheduled/in-progress/completed/cancelled/on-hold and priority; schedules support time/distance/engine-hours; driver schedules materialize recurring shifts and pending/approved/rejected time off. Exact official loci: addon/components/maintenance/form.js:L46-L69 | addon/components/maintenance-schedule/form.js:L58-L80,L182-L198 | addon/components/driver/schedule.js:L171-L213,L237-L295,L368-L428 | README.md:L239-L241",CAP-FLEET-DRIVER-DIRECTORY | CAP-FLEET-VEHICLE-REGISTER | FLEET-SERVICE-SCHEDULE | FLEET-WORK-ORDER,"Multiple maintenance triggers, explicit states, recurring shifts and decision-state exceptions.","Does not prove supported-person custody, medication transport, competency, compliance, fatigue law or Site access.",Native benchmark,Support time/odometer/engine-hour rules; show next due; separate recurring template/materialized shift; represent time off pending then decided; expose maintenance state/priority.,Frontend paths do not prove backend authorization or concurrency; hours-of-service loading is best-effort.,Selected narrowly for maintenance and driver scheduling.,project_triage_wave,root,p8_adversarial,IN_PROMPT_UNIQUE_95,1,HISTORICAL_ROW_STRUCTURALLY_VALIDATED_COMMITTED_LOCAL_ONLY,OFFICIAL_GITHUB_METADATA_ONLY_NO_FULL_TRIAGE_CREDIT,OFFICIAL_GITHUB_METADATA_SNAPSHOT_SUCCESS,fleetbase/fleetops,main,4e0fc5fe32d6765d35f880c85d494b28c974d1cd,2026-08-17T07:09:57Z,2026-08-23T13:38:58Z,2026-08-20T07:04:33Z,PUBLIC,false,false,AGPL-3.0,GNU Affero General Public License v3.0,v0.6.60,2026-08-17T07:10:26Z,2026-08-24T05:54:38.619975Z,METADATA_PREREQUISITE_ONLY_NO_BEHAVIOUR_LICENCE_ROOT_EDITION_MAPPING_SELECTION_OR_TRIAGE_CREDIT,false,"Official GitHub repository metadata only; root licence, edition boundary, maintenance quality, exact behavior, target parity, mapping, selection and completion were not established.",RUN-031,COMPLETE_OBSERVER_ONLY,COMPLETE_OBSERVER_TRIAGE,fa37e7899b78e3cbe2f839e818561ae4c40189c2,fa37e7899b78e3cbe2f839e818561ae4c40189c2,4e0fc5fe32d6765d35f880c85d494b28c974d1cd,4e0fc5fe32d6765d35f880c85d494b28c974d1cd,SAME_AS_BASELINE,ROOT_FILE_PRESENT,AGPL-3.0,https://github.com/fleetbase/fleetops/blob/4e0fc5fe32d6765d35f880c85d494b28c974d1cd/LICENSE.md,BOUNDED_ROOT_ONLY,SIGNALS_RECORDED_NO_QUALITY_INFERENCE,1,SEPARATE_FUTURE_DECISION,Fleet maintenance scheduling mechanics.,3e86038e4bf399c7059dafb232c5f571735f90f64111b9e086aed22f8a5c4bb0,false,"Upstream observer evidence only; neutral requirement rewriting, current-product comparison, target selection, feature mapping, benchmark equivalence, release, and completion credit remain zero."
"IoT, smart healthcare equipment, telemetry, physical security, and IT monitoring",fleetdm/fleet,https://github.com/fleetdm/fleet,main,fda3c41a5b3e62df97e2ec82fd788398b502c562,2026-08-14,pinned commit remains reachable; active and unarchived,MIT community paths; docs CC-BY-SA-4.0; ee/ Fleet EE License,Only community paths outside ee/ are credited; Premium-only filters are cleared or denied in cited community service code.,"Host inventory retains multiple device identities and liveness, rejects placeholder serials, authorizes list/read before datastore access, applies team/viewer scope and reauthorizes child software access. Exact official loci: https://github.com/fleetdm/fleet/blob/fda3c41a5b3e62df97e2ec82fd788398b502c562/server/fleet/hosts.go#L18-L60 | https://github.com/fleetdm/fleet/blob/fda3c41a5b3e62df97e2ec82fd788398b502c562/server/fleet/hosts.go#L88-L110 | https://github.com/fleetdm/fleet/blob/fda3c41a5b3e62df97e2ec82fd788398b502c562/server/fleet/hosts.go#L339-L388 | https://github.com/fleetdm/fleet/blob/fda3c41a5b3e62df97e2ec82fd788398b502c562/server/service/hosts.go#L427-L465 | https://github.com/fleetdm/fleet/blob/fda3c41a5b3e62df97e2ec82fd788398b502c562/server/service/hosts.go#L4328-L4369",CAP-SEC-DEVICE-IDENTITY-ATTRIBUTES | CAP-SEC-DEVICE-GROUP-MEMBERSHIP | CAP-CR-DEVICE-OVERSIGHT,"Canonical identifiers, junk-identity rejection, actor authorization, team projection and honest edition boundary.","Endpoint hosts are not care devices; no temporal custody, consent, Site/room assignment, telemetry or clinical-device assurance.",Native benchmark,Retain multiple identifiers; reject placeholders; show explicit liveness; authorize before read; scope by governing group; reauthorize child data.,Teams are not Oblivion Sites and IP/serial/software inventory is sensitive; avoid over-collection.,Selected for device identity hygiene and scoped inventory.,project_triage_wave2,root,p8_adversarial,IN_PROMPT_UNIQUE_95,1,HISTORICAL_ROW_STRUCTURALLY_VALIDATED_COMMITTED_LOCAL_ONLY,OFFICIAL_GITHUB_METADATA_ONLY_NO_FULL_TRIAGE_CREDIT,OFFICIAL_GITHUB_METADATA_SNAPSHOT_SUCCESS,fleetdm/fleet,main,70538eea8df127088a2b3d6954fd950b63a0b4dd,2026-08-24T01:41:12Z,2026-08-24T05:50:45Z,2026-08-24T02:08:12Z,PUBLIC,false,false,NOASSERTION,Other,fleet-v4.90.1,2026-08-15T00:03:08Z,2026-08-24T05:54:38.619975Z,METADATA_PREREQUISITE_ONLY_NO_BEHAVIOUR_LICENCE_ROOT_EDITION_MAPPING_SELECTION_OR_TRIAGE_CREDIT,false,"Official GitHub repository metadata only; root licence, edition boundary, maintenance quality, exact behavior, target parity, mapping, selection and completion were not established.",RUN-031,PARTIAL_BLOCKED,PARTIAL_BLOCKED,fda3c41a5b3e62df97e2ec82fd788398b502c562,fda3c41a5b3e62df97e2ec82fd788398b502c562,70538eea8df127088a2b3d6954fd950b63a0b4dd,70538eea8df127088a2b3d6954fd950b63a0b4dd,SAME_AS_BASELINE,PARTIAL_BLOCKED,NOASSERTION,https://github.com/fleetdm/fleet/blob/70538eea8df127088a2b3d6954fd950b63a0b4dd/LICENSE,BOUNDED_ROOT_ONLY,SIGNALS_RECORDED_NO_QUALITY_INFERENCE,1,BLOCKED,Device inventory identity and access mechanics.,6b575686816a96cb1e1706f19efce0bac0a40f1b51be3bccf6ccd6078770eb65,false,"Upstream observer evidence only; neutral requirement rewriting, current-product comparison, target selection, feature mapping, benchmark equivalence, release, and completion credit remain zero."
"Cross-cutting forms, surveys, and feedback",formbricks/formbricks,https://github.com/formbricks/formbricks,main,b344ddd73cfb0f7af86573176d53534a5321d982,2026-08-14,commit=2026-08-13T18:33:38Z; pushed=2026-08-13T18:46:51Z; archived=false; v5.2.2=2026-07-29,AGPL-3.0-only,AGPL core excludes proprietary /apps/web/modules/ee; all cited paths are outside it.,"Core response creation validates workspace/display/survey/contact ownership, records partial/final and completion time; update refuses closed/final responses, validates merged data, conceals cross-workspace IDs and emits response-finished; survey has explicit lifecycle. Exact official loci: apps/web/app/api/v2/client/[workspaceId]/responses/lib/response.ts:L23-L87 | apps/web/app/api/v1/client/[workspaceId]/responses/[responseId]/lib/put-response-handler.ts:L96-L265 | apps/web/app/(app)/workspaces/[workspaceId]/surveys/[surveyId]/components/SurveyStatusDropdown.tsx:L24-L119 | README.md:L208-L224",CAP-OPS-CUSTOM-FORM-DEFINITION | CAP-OPS-CUSTOM-FORM-SUBMISSION | CAP-HR-FEEDBACK-BULK-SUMMARY | CAP-HR-FEEDBACK-REQUEST-RESPONSE,"Partial/final boundary, ownership checks, closed/final immutability, lifecycle and finish event.","Experience surveys are not clinical forms, HR confidentiality, consent authority, statutory evidence, offline care or reviewer approval.",Native benchmark,Separate partial/final; prevent post-final edits; close intake; validate ownership; preserve timing/language/metadata; emit completion once; archive read-only.,Exclude /apps/web/modules/ee; responses require Oblivion Site/privacy/direct-object concealment.,Selected for custom-form and feedback lifecycles from exact AGPL-core paths.,project_triage_wave,root,p8_adversarial,IN_PROMPT_UNIQUE_95,1,HISTORICAL_ROW_STRUCTURALLY_VALIDATED_COMMITTED_LOCAL_ONLY,OFFICIAL_GITHUB_METADATA_ONLY_NO_FULL_TRIAGE_CREDIT,OFFICIAL_GITHUB_METADATA_SNAPSHOT_SUCCESS,formbricks/formbricks,main,b66c1dd978af618a0e402bd3343b456bed68594c,2026-08-22T13:41:54Z,2026-08-23T08:29:19Z,2026-08-23T22:27:59Z,PUBLIC,false,false,NOASSERTION,Other,5.3.4,2026-08-11T11:36:45Z,2026-08-24T05:54:38.619975Z,METADATA_PREREQUISITE_ONLY_NO_BEHAVIOUR_LICENCE_ROOT_EDITION_MAPPING_SELECTION_OR_TRIAGE_CREDIT,false,"Official GitHub repository metadata only; root licence, edition boundary, maintenance quality, exact behavior, target parity, mapping, selection and completion were not established.",RUN-031,PARTIAL_BLOCKED,PARTIAL_BLOCKED,b344ddd73cfb0f7af86573176d53534a5321d982,b344ddd73cfb0f7af86573176d53534a5321d982,b66c1dd978af618a0e402bd3343b456bed68594c,b66c1dd978af618a0e402bd3343b456bed68594c,SAME_AS_BASELINE,PARTIAL_BLOCKED,NOASSERTION,https://github.com/formbricks/formbricks/blob/b66c1dd978af618a0e402bd3343b456bed68594c/LICENSE,BOUNDED_ROOT_ONLY,SIGNALS_RECORDED_NO_QUALITY_INFERENCE,1,BLOCKED,Survey response ownership and completion mechanics.,26a098656713023c74550e1d2ccfa0190fc3a1dbc598af222474768cd5edb026,false,"Upstream observer evidence only; neutral requirement rewriting, current-product comparison, target selection, feature mapping, benchmark equivalence, release, and completion credit remain zero."
"Finance, accounting, funding, billing, and asset accounting; Fleet, vehicles, driver operations, and vehicle lifecycle; Finance",frappe/erpnext,https://github.com/frappe/erpnext,commit-pinned wave-4,c6d08979d3ffab119d1523ee2bdea2c8115a8bca,2026-08-13,pushed_at=11/08/2026 11:19:53 pm; head_committed_at=11/08/2026 10:02:19 pm; archived=False Prior catalogue activity evidence retained; supplemental target-specific snapshot inspected at c6d08979d3ffab119d1523ee2bdea2c8115a8bca.,GPL-3.0,Repository-root provenance only; module/open-core boundaries require behaviour-specific verification. Wave-4 boundary: Only the GPL ERPNext repository is credited; hosted services and private extensions are excluded. Only the GPL ERPNext repository is credited; hosted services and private integrations are excluded. Only the checked GPL report implementation is credited.,"Submitted/cancelled source documents preserve GL/outstanding reversal; tax rows post separately; depreciation requires due unposted schedule and freeze checks. Primary source: https://github.com/frappe/erpnext/blob/83e33b343cfac160f3811461d1737e67be82efd9/erpnext/accounts/doctype/purchase_invoice/purchase_invoice.py#L681-L709 Wave-4: [CAP-FIN-ACCOUNTS-RECEIVABLE-AGING] The report is configured for receivables, supports report-date or current-date ageing, configurable 30/60/90/120 ranges, and assigns outstanding amounts to the matching bucket. Primary sources: https://github.com/frappe/erpnext/blob/c6d08979d3ffab119d1523ee2bdea2c8115a8bca/erpnext/accounts/report/accounts_receivable/accounts_receivable.py#L41-L80; https://github.com/frappe/erpnext/blob/c6d08979d3ffab119d1523ee2bdea2c8115a8bca/erpnext/accounts/report/accounts_receivable/accounts_receivable.py#L802-L836; https://github.com/frappe/erpnext/blob/c6d08979d3ffab119d1523ee2bdea2c8115a8bca/erpnext/accounts/report/accounts_receivable/accounts_receivable.js#L94-L105. [CAP-FIN-PURCHASE-ORDER-LIFECYCLE] ERPNext implements purchase-order validation, submit/cancel hooks, approval-authority validation, permission-checked close/reopen operations and concrete states. Primary sources: https://github.com/frappe/erpnext/blob/c6d08979d3ffab119d1523ee2bdea2c8115a8bca/erpnext/buying/doctype/purchase_order/purchase_order.py#L195-L205; https://github.com/frappe/erpnext/blob/c6d08979d3ffab119d1523ee2bdea2c8115a8bca/erpnext/buying/doctype/purchase_order/purchase_order.py#L402-L468; https://github.com/frappe/erpnext/blob/c6d08979d3ffab119d1523ee2bdea2c8115a8bca/erpnext/buying/doctype/purchase_order/purchase_order.py#L585-L602; https://github.com/frappe/erpnext/blob/c6d08979d3ffab119d1523ee2bdea2c8115a8bca/erpnext/buying/doctype/purchase_order/purchase_order.json#L890-L902. [CAP-FIN-QUOTE-LIFECYCLE] ERPNext implements quotation validation, validity dates, open/partially ordered/ordered computation, lost reasons, submit/cancel hooks, expiry and explicit states. Primary sources: https://github.com/frappe/erpnext/blob/c6d08979d3ffab119d1523ee2bdea2c8115a8bca/erpnext/selling/doctype/quotation/quotation.py#L143-L165; https://github.com/frappe/erpnext/blob/c6d08979d3ffab119d1523ee2bdea2c8115a8bca/erpnext/selling/doctype/quotation/quotation.py#L188-L204; https://github.com/frappe/erpnext/blob/c6d08979d3ffab119d1523ee2bdea2c8115a8bca/erpnext/selling/doctype/quotation/quotation.py#L266-L316; https://github.com/frappe/erpnext/blob/c6d08979d3ffab119d1523ee2bdea2c8115a8bca/erpnext/selling/doctype/quotation/quotation.py#L376-L404; https://github.com/frappe/erpnext/blob/c6d08979d3ffab119d1523ee2bdea2c8115a8bca/erpnext/selling/doctype/quotation/quotation.json#L844-L855.",ASSET-FIXED-ASSET | CAP-FIN-ACCOUNTS-RECEIVABLE-AGING | CAP-FIN-PURCHASE-ORDER-LIFECYCLE | CAP-FIN-QUOTE-LIFECYCLE | FIN-ACCOUNTING-INTEGRATION | FIN-ACCOUNTS-RECEIVABLE | FIN-BILL | FIN-BILLING | FIN-CHART-OF-ACCOUNTS | FIN-CREDIT-NOTE | FIN-FISCAL-PERIOD | FIN-INVOICE | FIN-LEDGER | FIN-PURCHASE-ORDER | FIN-TAX,"Source lifecycle, tax lines and asset occurrence lineage.","General ERP; not NZ GST basis or supported-living funding proof. Wave-4: [CAP-FIN-ACCOUNTS-RECEIVABLE-AGING] Local columns, summaries, filters, accounting basis, currency and visual presentation are not proved; no other receivables target inherits credit. [CAP-FIN-PURCHASE-ORDER-LIFECYCLE] Submission/approval semantics, local fields, tax treatment, status vocabulary and page composition differ; bill conversion is excluded. [CAP-FIN-QUOTE-LIFECYCLE] State names, local send/accept endpoints, client selection, pricing and delivery are not equivalent; conversions are excluded.",Native benchmark,"Explicit source lifecycle, tax metadata, due asset occurrence and correction lineage. Wave-4: [CAP-FIN-ACCOUNTS-RECEIVABLE-AGING] Produce an accounts-receivable ageing view that calculates outstanding receivables as of a report date and allocates them into configurable age buckets. [CAP-FIN-PURCHASE-ORDER-LIFECYCLE] Create, validate, review, submit or approve, cancel, close, reopen, and track purchase orders through explicit lifecycle states. [CAP-FIN-QUOTE-LIFECYCLE] Create and maintain quotations, validate validity periods, track progression, submit or cancel, and record ordered, lost, or expired outcomes.","General ERP; not NZ GST basis or supported-living funding proof. Benchmark only; no code, UI, schema, wording or distinctive layout may be copied. Wave-4 target limits: [CAP-FIN-ACCOUNTS-RECEIVABLE-AGING] Local columns, summaries, filters, accounting basis, currency and visual presentation are not proved; no other receivables target inherits credit. [CAP-FIN-PURCHASE-ORDER-LIFECYCLE] Submission/approval semantics, local fields, tax treatment, status vocabulary and page composition differ; bill conversion is excluded. [CAP-FIN-QUOTE-LIFECYCLE] State names, local send/accept endpoints, client selection, pricing and delivery are not equivalent; conversions are excluded. Benchmark behavior only; no implementation inheritance or copying.",Strong GL/AP/tax/asset control comparison. Selected for fresh direct target-specific wave-4 evidence; no sibling or module-wide inheritance.,benchmark_wave4_ncm | finance,root,p8_adversarial | wave4_integrity_review,IN_PROMPT_UNIQUE_95,1,HISTORICAL_ROW_STRUCTURALLY_VALIDATED_COMMITTED_LOCAL_ONLY,OFFICIAL_GITHUB_METADATA_ONLY_NO_FULL_TRIAGE_CREDIT,OFFICIAL_GITHUB_METADATA_SNAPSHOT_SUCCESS,frappe/erpnext,develop,64486f34e804ac1b5e956d1bcf3bc18c29932cb4,2026-08-23T17:05:22Z,2026-08-24T03:04:50Z,2026-08-24T05:40:42Z,PUBLIC,false,false,GPL-3.0,GNU General Public License v3.0,v16.32.3,2026-08-18T09:57:10Z,2026-08-24T05:54:38.619975Z,METADATA_PREREQUISITE_ONLY_NO_BEHAVIOUR_LICENCE_ROOT_EDITION_MAPPING_SELECTION_OR_TRIAGE_CREDIT,false,"Official GitHub repository metadata only; root licence, edition boundary, maintenance quality, exact behavior, target parity, mapping, selection and completion were not established.",RUN-031,COMPLETE_OBSERVER_ONLY,COMPLETE_OBSERVER_TRIAGE,83e33b343cfac160f3811461d1737e67be82efd9,83e33b343cfac160f3811461d1737e67be82efd9,7149df398a9784460ad4793b8d1b1f662026d7e9,64486f34e804ac1b5e956d1bcf3bc18c29932cb4,DIFFERENT_LATER_OBSERVATION_NO_ANCESTRY_INFERENCE,ROOT_FILE_PRESENT,GPL-3.0,https://github.com/frappe/erpnext/blob/7149df398a9784460ad4793b8d1b1f662026d7e9/license.txt,BOUNDED_ROOT_ONLY,SIGNALS_RECORDED_NO_QUALITY_INFERENCE,1,SEPARATE_FUTURE_DECISION,Finance source-document lifecycle mechanics.,4953aa4ea92cc863cd5c4a242419700c60f43495b9c2f696e68a403a7d9b20fa,false,"Upstream observer evidence only; neutral requirement rewriting, current-product comparison, target selection, feature mapping, benchmark equivalence, release, and completion credit remain zero."
"Cross-cutting features previously under-represented; Settings, access and integrations",frappe/frappe,https://github.com/frappe/frappe,commit-pinned wave-4,e97865c3212334a6b3112177ee0aa81620173f81,2026-08-13,Supplemental target-specific immutable-source inspection; not part of the 97-project prompt denominator; activity/maturity not independently refreshed in this row. Prior catalogue activity evidence retained; supplemental target-specific snapshot inspected at e97865c3212334a6b3112177ee0aa81620173f81.,MIT,Only the MIT framework user-role and webhook sources are credited; Frappe Cloud and application-specific/private extensions are excluded. Wave-4 boundary: Only the MIT framework repository is credited; Frappe Cloud and application-specific extensions are excluded. Only the MIT framework webhook DocType and dispatcher are credited; hosted integrations are excluded.,"Wave-4: [CAP-SET-OUTBOUND-WEBHOOK-CONFIG] Frappe defines, validates, signs and dispatches configurable webhooks, records delivery status, and schedules retries on failure. Primary sources: https://github.com/frappe/frappe/blob/e97865c3212334a6b3112177ee0aa81620173f81/frappe/integrations/doctype/webhook/webhook.json#L8-L34; https://github.com/frappe/frappe/blob/e97865c3212334a6b3112177ee0aa81620173f81/frappe/integrations/doctype/webhook/webhook.json#L42-L72; https://github.com/frappe/frappe/blob/e97865c3212334a6b3112177ee0aa81620173f81/frappe/integrations/doctype/webhook/webhook.json#L84-L101; https://github.com/frappe/frappe/blob/e97865c3212334a6b3112177ee0aa81620173f81/frappe/integrations/doctype/webhook/webhook.json#L154-L165; https://github.com/frappe/frappe/blob/e97865c3212334a6b3112177ee0aa81620173f81/frappe/integrations/doctype/webhook/webhook.py#L67-L106; https://github.com/frappe/frappe/blob/e97865c3212334a6b3112177ee0aa81620173f81/frappe/integrations/doctype/webhook/webhook.py#L155-L213; https://github.com/frappe/frappe/blob/e97865c3212334a6b3112177ee0aa81620173f81/frappe/integrations/doctype/webhook/webhook.py#L339-L359. [CAP-SET-ROLE-ASSIGNMENTS] Frappe renders the role editor only with qualifying write permission, persists role tables, and provides direct add-role and remove-role methods. Primary sources: https://github.com/frappe/frappe/blob/e97865c3212334a6b3112177ee0aa81620173f81/frappe/core/doctype/user/user.js#L74-L100; https://github.com/frappe/frappe/blob/e97865c3212334a6b3112177ee0aa81620173f81/frappe/core/doctype/user/user.js#L316-L319; https://github.com/frappe/frappe/blob/e97865c3212334a6b3112177ee0aa81620173f81/frappe/core/doctype/user/user.js#L478-L488; https://github.com/frappe/frappe/blob/e97865c3212334a6b3112177ee0aa81620173f81/frappe/core/doctype/user/user.py#L718-L734; https://github.com/frappe/frappe/blob/e97865c3212334a6b3112177ee0aa81620173f81/frappe/core/doctype/user/user.json#L250-L257.",CAP-SET-OUTBOUND-WEBHOOK-CONFIG | CAP-SET-ROLE-ASSIGNMENTS,Permission-gated role editing; configurable signed delivery with explicit delivery/retry evidence.,"Wave-4: [CAP-SET-OUTBOUND-WEBHOOK-CONFIG] Local event catalogue, record shape, test endpoint, manage permission, secret exposure, internal-URL safety and privacy remain unproved. [CAP-SET-ROLE-ASSIGNMENTS] Local approvals, board membership, overrides and primary-role compatibility are not proved; definitions and permission matrices are excluded.",Native benchmark,"Wave-4: [CAP-SET-OUTBOUND-WEBHOOK-CONFIG] Configure an enabled outbound webhook with event trigger, condition, destination, method, payload/headers, secret, timeout and retry behavior, then dispatch and log deliveries. [CAP-SET-ROLE-ASSIGNMENTS] Allow an authorised administrator to inspect, add, remove, and persist user role assignments while preventing unauthorised role editing.","Wave-4 target limits: [CAP-SET-OUTBOUND-WEBHOOK-CONFIG] Local event catalogue, record shape, test endpoint, manage permission, secret exposure, internal-URL safety and privacy remain unproved. [CAP-SET-ROLE-ASSIGNMENTS] Local approvals, board membership, overrides and primary-role compatibility are not proved; definitions and permission matrices are excluded. Benchmark behavior only; no implementation inheritance or copying.",Closest verified framework-native behavior for these two exact settings targets; no other Frappe behavior inherits credit. Selected for fresh direct target-specific wave-4 evidence; no sibling or module-wide inheritance.,benchmark_wave4_ncm,root,wave4_integrity_review,SUPPLEMENTAL_OBSERVER_PROJECT_OUTSIDE_PROMPT,0,HISTORICAL_ROW_STRUCTURALLY_VALIDATED_COMMITTED_LOCAL_ONLY,NOT_REFRESHED_2026-08-24_CURRENT_AUDIT,NOT_IN_PROMPT_METADATA_SNAPSHOT,NOT_REFRESHED,NOT_REFRESHED,NOT_REFRESHED,NOT_REFRESHED,NOT_REFRESHED,NOT_REFRESHED,NOT_REFRESHED,NOT_REFRESHED,NOT_REFRESHED,NOT_REFRESHED,NOT_REFRESHED,NOT_REFRESHED,NOT_REFRESHED,NOT_REFRESHED,NO_CURRENT_METADATA_CREDIT,false,"Historical provenance only; current metadata, maintenance, ref reachability, licence, edition boundary, behavior and target parity were not refreshed.",NOT_IN_PROMPT_OBSERVER_TRIAGE,NOT_IN_PROMPT_OBSERVER_TRIAGE,NOT_IN_PROMPT_OBSERVER_TRIAGE,NOT_IN_PROMPT_OBSERVER_TRIAGE,NOT_IN_PROMPT_OBSERVER_TRIAGE,NOT_IN_PROMPT_OBSERVER_TRIAGE,NOT_IN_PROMPT_OBSERVER_TRIAGE,NOT_IN_PROMPT_OBSERVER_TRIAGE,NOT_IN_PROMPT_OBSERVER_TRIAGE,NOT_IN_PROMPT_OBSERVER_TRIAGE,NOT_IN_PROMPT_OBSERVER_TRIAGE,NOT_IN_PROMPT_OBSERVER_TRIAGE,NOT_IN_PROMPT_OBSERVER_TRIAGE,0,NOT_IN_PROMPT_OBSERVER_TRIAGE,NOT_IN_PROMPT_OBSERVER_TRIAGE,NOT_IN_PROMPT_OBSERVER_TRIAGE,false,"Historical extra outside the exact 95-project prompt denominator; no current observer, mapping, benchmark, or completion credit."
"HR, workforce, rostering, attendance, and time; HR/workforce",frappe/hrms,https://github.com/frappe/hrms,commit-pinned wave-4,4f6ee8504003cf2ea36488cd4876b8b90a8bf68c,2026-08-13,pushed_at=11/08/2026 8:07:18 am; head_committed_at=11/08/2026 8:07:18 am; archived=False Prior catalogue activity evidence retained; supplemental target-specific snapshot inspected at 4f6ee8504003cf2ea36488cd4876b8b90a8bf68c.,GPL-3.0,Repository-root provenance only; module/open-core boundaries require behaviour-specific verification. Wave-4 boundary: Only the GPL HRMS repository is credited; hosted services and ERPNext integration are outside the slice. Only the GPL self-service frontend and repository permission metadata are credited.,"Shift assignment validates active staff and overlaps; requests use approval states; mandatory onboarding tasks gate creation. Primary source: https://github.com/frappe/hrms/blob/450f6ca52c5386020a1023b2f24e4af0ab20521e/hrms/hr/doctype/shift_assignment/shift_assignment.py#L49-L171 Wave-4: [CAP-HR-EXPENSE-AUTHOR-SUBMIT] The employee form defaults to the current employee, supports attachments and submission; backend code validates employee/amounts, totals and taxes, prevents disallowed self-approval, and applies submit/cancel effects. Primary sources: https://github.com/frappe/hrms/blob/4f6ee8504003cf2ea36488cd4876b8b90a8bf68c/frontend/src/views/expense_claim/Form.vue#L4-L16; https://github.com/frappe/hrms/blob/4f6ee8504003cf2ea36488cd4876b8b90a8bf68c/frontend/src/views/expense_claim/Form.vue#L86-L99; https://github.com/frappe/hrms/blob/4f6ee8504003cf2ea36488cd4876b8b90a8bf68c/hrms/hr/doctype/expense_claim/expense_claim.py#L105-L174; https://github.com/frappe/hrms/blob/4f6ee8504003cf2ea36488cd4876b8b90a8bf68c/hrms/hr/doctype/expense_claim/expense_claim.py#L196-L223. [CAP-HR-PAYSLIP-SELF] The dashboard filters submitted Salary Slips to the active employee, links detail views, exposes earnings/deductions/net pay and PDF download, with Employee read/print rights. Primary sources: https://github.com/frappe/hrms/blob/4f6ee8504003cf2ea36488cd4876b8b90a8bf68c/frontend/src/views/salary_slip/Dashboard.vue#L35-L50; https://github.com/frappe/hrms/blob/4f6ee8504003cf2ea36488cd4876b8b90a8bf68c/frontend/src/views/salary_slip/Dashboard.vue#L97-L113; https://github.com/frappe/hrms/blob/4f6ee8504003cf2ea36488cd4876b8b90a8bf68c/frontend/src/views/salary_slip/Detail.vue#L4-L40; https://github.com/frappe/hrms/blob/4f6ee8504003cf2ea36488cd4876b8b90a8bf68c/frontend/src/views/salary_slip/Detail.vue#L136-L157; https://github.com/frappe/hrms/blob/4f6ee8504003cf2ea36488cd4876b8b90a8bf68c/hrms/payroll/doctype/salary_slip/salary_slip.json#L771-L800.",CAP-HR-EXPENSE-AUTHOR-SUBMIT | CAP-HR-PAYSLIP-SELF | HR-CANDIDATE | HR-EMPLOYEE-PROFILE | HR-LEAVE | HR-LEAVE-REPORT | HR-ONBOARDING | HR-ONBOARDING-EMAIL | HR-POSITION | HR-RECRUITMENT | HR-RECRUITMENT-EXPORT | HR-RECRUITMENT-JOB | HR-ROUTE-HR-JOB-POSTINGS-INDEX | HR-ROUTE-HR-JOBS-INDEX | HR-ROUTE-HR-ONBOARDING-EMAILS-INDEX | HR-ROUTE-HR-ONBOARDING-EMAILS-LOG | HR-ROUTE-HR-ONBOARDING-EMAILS-PREVIEW | HR-ROUTE-HR-RECRUITMENT-ANALYTICS | HR-ROUTE-HR-RECRUITMENT-KANBAN | HR-STAFF | HR-STAFF-ASSIGNMENT | HR-STAFF-BACKGROUND-CHECK | HR-STAFF-CREDENTIAL | HR-STAFF-INDUCTION,"Explicit overlap, approval and prerequisite gates.","Generic HR lacks supported-living medication, exclusion, sleepover and continuity rules. Wave-4: [CAP-HR-EXPENSE-AUTHOR-SUBMIT] Local draft submission, receipts, on-behalf authoring, categories and approval roles are not proved; review and payment are excluded. [CAP-HR-PAYSLIP-SELF] Client filtering and role metadata alone do not prove Oblivion direct-object denial, private-file authorization, fields, tax treatment or presentation; administration is excluded.",Native benchmark,"Fail closed on inactivity, overlap and mandatory prerequisites; explicit approval/timezone rules. Wave-4: [CAP-HR-EXPENSE-AUTHOR-SUBMIT] Allow an employee to author an expense claim with line items and attachments, validate it, and submit it into an approval lifecycle. [CAP-HR-PAYSLIP-SELF] Provide employee self-service access to submitted payslips, detailed earnings and deductions, and a downloadable payslip document.","Generic HR lacks supported-living medication, exclusion, sleepover and continuity rules. Benchmark only; no code, UI, schema, wording or distinctive layout may be copied. Wave-4 target limits: [CAP-HR-EXPENSE-AUTHOR-SUBMIT] Local draft submission, receipts, on-behalf authoring, categories and approval roles are not proved; review and payment are excluded. [CAP-HR-PAYSLIP-SELF] Client filtering and role metadata alone do not prove Oblivion direct-object denial, private-file authorization, fields, tax treatment or presentation; administration is excluded. Benchmark behavior only; no implementation inheritance or copying.",Strong workforce assignment/onboarding baseline. Selected for fresh direct target-specific wave-4 evidence; no sibling or module-wide inheritance.,benchmark_research | benchmark_wave4_ncm,root,p8_adversarial | wave4_integrity_review,IN_PROMPT_UNIQUE_95,1,HISTORICAL_ROW_STRUCTURALLY_VALIDATED_COMMITTED_LOCAL_ONLY,OFFICIAL_GITHUB_METADATA_ONLY_NO_FULL_TRIAGE_CREDIT,OFFICIAL_GITHUB_METADATA_SNAPSHOT_SUCCESS,frappe/hrms,develop,51c2d3bde2d2797ad929eaeef27311c64d5a1b33,2026-08-20T13:44:59Z,2026-08-23T09:41:07Z,2026-08-24T01:21:33Z,PUBLIC,false,false,GPL-3.0,GNU General Public License v3.0,v15.63.3,2026-08-20T14:06:01Z,2026-08-24T05:54:38.619975Z,METADATA_PREREQUISITE_ONLY_NO_BEHAVIOUR_LICENCE_ROOT_EDITION_MAPPING_SELECTION_OR_TRIAGE_CREDIT,false,"Official GitHub repository metadata only; root licence, edition boundary, maintenance quality, exact behavior, target parity, mapping, selection and completion were not established.",RUN-031,COMPLETE_OBSERVER_ONLY,COMPLETE_OBSERVER_TRIAGE,450f6ca52c5386020a1023b2f24e4af0ab20521e,450f6ca52c5386020a1023b2f24e4af0ab20521e,51c2d3bde2d2797ad929eaeef27311c64d5a1b33,51c2d3bde2d2797ad929eaeef27311c64d5a1b33,SAME_AS_BASELINE,ROOT_FILE_PRESENT,GPL-3.0,https://github.com/frappe/hrms/blob/51c2d3bde2d2797ad929eaeef27311c64d5a1b33/license.txt,BOUNDED_ROOT_ONLY,SIGNALS_RECORDED_NO_QUALITY_INFERENCE,1,SEPARATE_FUTURE_DECISION,Shift-assignment overlap safeguards.,e97dbebc35b51fcfa9c36d9ad47a3bfbcd0ed29faa8fa2e65291a13c9cdc13b3,false,"Upstream observer evidence only; neutral requirement rewriting, current-product comparison, target selection, feature mapping, benchmark equivalence, release, and completion credit remain zero."
"Cross-cutting training, LMS and competency",frappe/lms,https://github.com/frappe/lms,develop,91bc5478a766a111fc163d906274848c157bd978,2026-08-14,pinned commit remains reachable; active and unarchived,AGPL-3.0-only,"Public AGPL Learning repository only; hosting, payments and other Frappe apps excluded.",Course validation governs publication/instructor/certificates and ordered content; per-member lesson completion derives course progress; only published certificates for enabled users are listed. Exact official loci: https://github.com/frappe/lms/blob/91bc5478a766a111fc163d906274848c157bd978/lms/lms/doctype/lms_course/lms_course.py#L23-L84 | https://github.com/frappe/lms/blob/91bc5478a766a111fc163d906274848c157bd978/lms/lms/utils.py#L186-L230 | https://github.com/frappe/lms/blob/91bc5478a766a111fc163d906274848c157bd978/lms/lms/utils.py#L348-L370 | https://github.com/frappe/lms/blob/91bc5478a766a111fc163d906274848c157bd978/lms/lms/api.py#L707-L718,CAP-HR-TRAINING-COURSE-SESSION-CATALOG | CAP-HR-TRAINING-ASSIGNMENT-COMPLETION | CAP-HR-MY-HR-ONBOARDING-TRAINING,"Course hierarchy, learner-specific completion/progress, publication control and certificate visibility.","Lesson completion is not competency; no expiry, supervised assessment, assessor independence, assignment due dates, renewal or roster/eMAR gate.",Native benchmark,Publish governed courses; retain instructor; order units; record learner/lesson completion; derive progress; separate completion from certification.,Some aggregate endpoints are guest accessible and lesson completion can be gamed without independent assessment and authorization.,"Selected for training catalogue and learner completion, not regulated competency.",project_triage_wave2,root,p8_adversarial,IN_PROMPT_UNIQUE_95,1,HISTORICAL_ROW_STRUCTURALLY_VALIDATED_COMMITTED_LOCAL_ONLY,OFFICIAL_GITHUB_METADATA_ONLY_NO_FULL_TRIAGE_CREDIT,OFFICIAL_GITHUB_METADATA_SNAPSHOT_SUCCESS,frappe/lms,develop,e8ee44870dae2f9dcd9ebca99c8b97d1a239e6fc,2026-08-20T08:12:47Z,2026-08-21T16:23:03Z,2026-08-23T09:51:08Z,PUBLIC,false,false,AGPL-3.0,GNU Affero General Public License v3.0,v2.61.0,2026-07-30T13:05:05Z,2026-08-24T05:54:38.619975Z,METADATA_PREREQUISITE_ONLY_NO_BEHAVIOUR_LICENCE_ROOT_EDITION_MAPPING_SELECTION_OR_TRIAGE_CREDIT,false,"Official GitHub repository metadata only; root licence, edition boundary, maintenance quality, exact behavior, target parity, mapping, selection and completion were not established.",RUN-031,COMPLETE_OBSERVER_ONLY,COMPLETE_OBSERVER_TRIAGE,91bc5478a766a111fc163d906274848c157bd978,91bc5478a766a111fc163d906274848c157bd978,47fd1855e1239f818d8c1797f1c6ff5fc86142b9,e8ee44870dae2f9dcd9ebca99c8b97d1a239e6fc,DIFFERENT_LATER_OBSERVATION_NO_ANCESTRY_INFERENCE,ROOT_FILE_PRESENT,AGPL-3.0,https://github.com/frappe/lms/blob/47fd1855e1239f818d8c1797f1c6ff5fc86142b9/license.txt,BOUNDED_ROOT_ONLY,SIGNALS_RECORDED_NO_QUALITY_INFERENCE,1,SEPARATE_FUTURE_DECISION,Training-course progress mechanics.,07498e434cce3aed74353f3490f76ecbdacc85a7eb7cc83b91147c6f4812081f,false,"Upstream observer evidence only; neutral requirement rewriting, current-product comparison, target selection, feature mapping, benchmark equivalence, release, and completion credit remain zero."
"Service desk, healthcare support work, requests, problems, and ticketing; Ticketing/ITSM/PSA",freescout-help-desk/freescout,https://github.com/freescout-help-desk/freescout,dist,9492779dfc83fde23073f7faa7d0d44700581f15,2026-08-14,commit=2026-08-07T04:22:21Z; pinned SHA reachable; archived=false,AGPL-3.0,"Pinned AGPL FreeScout core only; cloud hosting, mobile apps, official paid modules and community modules excluded.","Conversation access is policy checked; assignment/status changes validate permission and state; reply/note/forward flows record conversation effects, including closure provenance. Exact official loci: https://github.com/freescout-help-desk/freescout/blob/9492779dfc83fde23073f7faa7d0d44700581f15/app/Http/Controllers/ConversationsController.php#L45-L50 | https://github.com/freescout-help-desk/freescout/blob/9492779dfc83fde23073f7faa7d0d44700581f15/app/Http/Controllers/ConversationsController.php#L580-L690 | https://github.com/freescout-help-desk/freescout/blob/9492779dfc83fde23073f7faa7d0d44700581f15/app/Http/Controllers/ConversationsController.php#L694-L1065",CAP-OPS-CONVERSATIONS | CAP-OPS-CLIENT-NOTE-REVIEW,"Policy-gated read, explicit owner/state mutation, conversation effects and closure provenance.","Mailbox conversations are not authoritative care records; no client/Site privacy, care urgency, shift handoff, consent, clinical escalation or complete delivery recovery proof.",Native benchmark,"Authorize mailbox and conversation before read/mutation; persist owner, status and reply evidence; record closure actor/time; preserve a bounded recovery path for queued delivery.","Mailbox permission is not Oblivion Site/client privacy, and the controller does not prove race-safe cancellation of every asynchronous delivery path.",Selected narrowly for permissioned conversation lifecycle and state/owner provenance.,project_triage_wave3_recovery,root,p8_adversarial,IN_PROMPT_UNIQUE_95,1,HISTORICAL_ROW_STRUCTURALLY_VALIDATED_COMMITTED_LOCAL_ONLY,OFFICIAL_GITHUB_METADATA_ONLY_NO_FULL_TRIAGE_CREDIT,OFFICIAL_GITHUB_METADATA_SNAPSHOT_SUCCESS,freescout-help-desk/freescout,dist,a9572ca50a6b0ab7142b77f1d1f82971ef4e3896,2026-08-24T05:28:51Z,2026-08-24T05:48:49Z,2026-08-24T05:39:03Z,PUBLIC,false,false,AGPL-3.0,GNU Affero General Public License v3.0,1.8.236,2026-08-24T05:48:49Z,2026-08-24T05:54:38.619975Z,METADATA_PREREQUISITE_ONLY_NO_BEHAVIOUR_LICENCE_ROOT_EDITION_MAPPING_SELECTION_OR_TRIAGE_CREDIT,false,"Official GitHub repository metadata only; root licence, edition boundary, maintenance quality, exact behavior, target parity, mapping, selection and completion were not established.",RUN-031,COMPLETE_OBSERVER_ONLY,COMPLETE_OBSERVER_TRIAGE,9492779dfc83fde23073f7faa7d0d44700581f15,9492779dfc83fde23073f7faa7d0d44700581f15,a9572ca50a6b0ab7142b77f1d1f82971ef4e3896,a9572ca50a6b0ab7142b77f1d1f82971ef4e3896,SAME_AS_BASELINE,ROOT_FILE_PRESENT,AGPL-3.0,https://github.com/freescout-help-desk/freescout/blob/a9572ca50a6b0ab7142b77f1d1f82971ef4e3896/LICENSE,BOUNDED_ROOT_ONLY,SIGNALS_RECORDED_NO_QUALITY_INFERENCE,1,SEPARATE_FUTURE_DECISION,Support-conversation ownership and lifecycle mechanics.,7d80ca1f83106aafcdea573fc9a5c7835f434d3cfa3e516f0ef90b419073c060,false,"Upstream observer evidence only; neutral requirement rewriting, current-product comparison, target selection, feature mapping, benchmark equivalence, release, and completion credit remain zero."
Assets/sites/facilities and Ticketing/ITSM/PSA,glpi-project/glpi,https://github.com/glpi-project/glpi,11.0/bugfixes,9d56231da7e0dc8cfc1a8a6844bf52e839cbf1be,2026-08-14,commit/pushed=2026-08-13T14:29:27Z; archived=false,GPL-3.0-only,Core GPL-3.0; Network/cloud and marketplace plugins excluded.,"Ticket visibility distinguishes requester/observer, assigned actor and validator rights; loads linked hardware; solution/closure propagates through configured duplicate links. Exact official loci: src/Ticket.php:L305-L425,L897-L918,L1451-L1467 | README.md:L10-L54",CAP-IT-SUPPORT-TICKET,"Role-aware visibility, asset context, and linked-ticket completion.","ITIL semantics do not prove healthcare support ownership, Site concealment, mailbox intake, SLA correctness or provisioning completion.",Native benchmark,"Separate requester, observer, assignee and validator; show equipment context; constrain transitions; make related completion explicit/auditable.",GLPI entities/profiles are not Oblivion Sites; linked automatic status changes need transactional preflight.,Selected as exact-source comparator for IT support ticket.,project_triage_wave,root,p8_adversarial,IN_PROMPT_UNIQUE_95,2,HISTORICAL_ROW_STRUCTURALLY_VALIDATED_COMMITTED_LOCAL_ONLY,OFFICIAL_GITHUB_METADATA_ONLY_NO_FULL_TRIAGE_CREDIT,OFFICIAL_GITHUB_METADATA_SNAPSHOT_SUCCESS,glpi-project/glpi,11.0/bugfixes,12dbfbc3a114c893139e4839f54081f2180c839e,2026-08-24T05:22:24Z,2026-08-24T05:22:24Z,2026-08-24T05:22:47Z,PUBLIC,false,false,GPL-3.0,GNU General Public License v3.0,11.0.8,2026-06-24T08:55:48Z,2026-08-24T05:54:38.619975Z,METADATA_PREREQUISITE_ONLY_NO_BEHAVIOUR_LICENCE_ROOT_EDITION_MAPPING_SELECTION_OR_TRIAGE_CREDIT,false,"Official GitHub repository metadata only; root licence, edition boundary, maintenance quality, exact behavior, target parity, mapping, selection and completion were not established.",RUN-031,COMPLETE_OBSERVER_ONLY,COMPLETE_OBSERVER_TRIAGE,9d56231da7e0dc8cfc1a8a6844bf52e839cbf1be,9d56231da7e0dc8cfc1a8a6844bf52e839cbf1be,4d6f4262a27df5ef06d3e7fe1b7a984c4ca116bd,12dbfbc3a114c893139e4839f54081f2180c839e,DIFFERENT_LATER_OBSERVATION_NO_ANCESTRY_INFERENCE,ROOT_FILE_PRESENT,GPL-3.0,https://github.com/glpi-project/glpi/blob/4d6f4262a27df5ef06d3e7fe1b7a984c4ca116bd/LICENSE,BOUNDED_ROOT_ONLY,SIGNALS_RECORDED_NO_QUALITY_INFERENCE,1,SEPARATE_FUTURE_DECISION,Service-ticket visibility and lifecycle mechanics.,50549a2d27ab5855ed1dbb495a5c41d8c2448cd1fe514922900fff36d4431e29,false,"Upstream observer evidence only; neutral requirement rewriting, current-product comparison, target selection, feature mapping, benchmark equivalence, release, and completion credit remain zero."
"Asset, equipment, CMMS, inventory, site, room, and facility profiles",Grashjs/cmms,https://github.com/Grashjs/cmms,main,49ca1ecbcadbe1128187068b43f4bcff1f09193f,2026-08-14,commit=2026-08-13T18:42:50Z; pushed=2026-08-13T18:50:19Z; archived=false; v1.7.0=2026-06-23,AGPL-3.0-only,Public repository AGPL-3.0; designated advanced/branding features require commercial key and are excluded.,"Work order retains state, completer/time, signature, request and preventive origin, calculates due compliance, gates access by permission/creator/assignment and validates status change. Exact official loci: api/src/main/java/com/grash/model/WorkOrder.java:L40-L140 | api/src/main/java/com/grash/controller/WorkOrderController.java:L145-L157 | README.MD:L36-L45,L195-L201 | COMMERCIAL_LICENSE.MD:L13-L34",FLEET-WORK-ORDER | FLEET-SERVICE-SCHEDULE | ASSET-ASSET-MAINTENANCE,"Completion provenance, preventive/reactive origin, access boundary and due compliance.","Does not prove clinical-equipment criticality, Site privacy, roadworthiness, parts segregation or supported-living escalation.",Native benchmark,Bind work to asset/source; capture state/completer/time/evidence; enforce creator/assignee/permission scope; report due compliance.,Role check is not canonical Site ownership; paid behavior remains excluded.,Selected because exact public code proves a maintenance work-order lifecycle.,project_triage_wave,root,p8_adversarial,IN_PROMPT_UNIQUE_95,1,HISTORICAL_ROW_STRUCTURALLY_VALIDATED_COMMITTED_LOCAL_ONLY,OFFICIAL_GITHUB_METADATA_ONLY_NO_FULL_TRIAGE_CREDIT,OFFICIAL_GITHUB_METADATA_SNAPSHOT_SUCCESS,Grashjs/cmms,main,fbec690fdbb8033d4796e8f5f73e4358a3360629,2026-08-24T01:03:33Z,2026-08-24T01:09:05Z,2026-08-24T01:04:16Z,PUBLIC,false,false,AGPL-3.0,GNU Affero General Public License v3.0,v1.8.0,2026-07-31T20:09:08Z,2026-08-24T05:54:38.619975Z,METADATA_PREREQUISITE_ONLY_NO_BEHAVIOUR_LICENCE_ROOT_EDITION_MAPPING_SELECTION_OR_TRIAGE_CREDIT,false,"Official GitHub repository metadata only; root licence, edition boundary, maintenance quality, exact behavior, target parity, mapping, selection and completion were not established.",RUN-031,COMPLETE_OBSERVER_ONLY,COMPLETE_OBSERVER_TRIAGE,49ca1ecbcadbe1128187068b43f4bcff1f09193f,49ca1ecbcadbe1128187068b43f4bcff1f09193f,fbec690fdbb8033d4796e8f5f73e4358a3360629,fbec690fdbb8033d4796e8f5f73e4358a3360629,SAME_AS_BASELINE,ROOT_FILE_PRESENT,AGPL-3.0,https://github.com/Grashjs/cmms/blob/fbec690fdbb8033d4796e8f5f73e4358a3360629/LICENSE,BOUNDED_ROOT_ONLY,SIGNALS_RECORDED_NO_QUALITY_INFERENCE,1,SEPARATE_FUTURE_DECISION,Maintenance work-order lifecycle mechanics.,545c35863cc91e1cc1e445756ed39e80a79efc720ccce2ecb67d2dd688c0d5dd,false,"Upstream observer evidence only; neutral requirement rewriting, current-product comparison, target selection, feature mapping, benchmark equivalence, release, and completion credit remain zero."
"Asset, equipment, CMMS, inventory, site, room, and facility profiles; Assets/sites/facilities",grocy/grocy,https://github.com/grocy/grocy,commit-pinned wave-4,c4e7acda48c1f27a163ffaf66c14cca876675622,2026-08-13,pushed_at=21/07/2026 7:34:34 pm; head_committed_at=21/07/2026 7:34:31 pm; archived=False Prior catalogue activity evidence retained; supplemental target-specific snapshot inspected at c4e7acda48c1f27a163ffaf66c14cca876675622.,MIT,Repository-root provenance only; module/open-core boundaries require behaviour-specific verification. Wave-4 boundary: Only the self-hosted MIT repository is credited; external barcode providers and services are excluded.,"Stock movements share transaction IDs and unsafe reversal is rejected when later dependent bookings exist. Primary source: https://github.com/grocy/grocy/blob/c4e7acda48c1f27a163ffaf66c14cca876675622/services/StockService.php Wave-4: [CAP-SITE-MEAL-INVENTORY-ITEM-REGISTER] Grocy provides a product register, create/edit forms, list filtering, name/location/units/minimum stock/active fields and permission-checked create/update/delete operations. Primary sources: https://github.com/grocy/grocy/blob/c4e7acda48c1f27a163ffaf66c14cca876675622/routes.php#L60-L68; https://github.com/grocy/grocy/blob/c4e7acda48c1f27a163ffaf66c14cca876675622/routes.php#L164-L171; https://github.com/grocy/grocy/blob/c4e7acda48c1f27a163ffaf66c14cca876675622/controllers/StockController.php#L284-L314; https://github.com/grocy/grocy/blob/c4e7acda48c1f27a163ffaf66c14cca876675622/views/products.blade.php#L25-L39; https://github.com/grocy/grocy/blob/c4e7acda48c1f27a163ffaf66c14cca876675622/views/products.blade.php#L110-L205; https://github.com/grocy/grocy/blob/c4e7acda48c1f27a163ffaf66c14cca876675622/views/productform.blade.php#L71-L132; https://github.com/grocy/grocy/blob/c4e7acda48c1f27a163ffaf66c14cca876675622/views/productform.blade.php#L192-L201; https://github.com/grocy/grocy/blob/c4e7acda48c1f27a163ffaf66c14cca876675622/views/productform.blade.php#L675-L684; https://github.com/grocy/grocy/blob/c4e7acda48c1f27a163ffaf66c14cca876675622/controllers/Api/GenericEntityApiController.php#L19-L65; https://github.com/grocy/grocy/blob/c4e7acda48c1f27a163ffaf66c14cca876675622/controllers/Api/GenericEntityApiController.php#L78-L120; https://github.com/grocy/grocy/blob/c4e7acda48c1f27a163ffaf66c14cca876675622/controllers/Api/GenericEntityApiController.php#L128-L181.",CAP-SITE-MEAL-INVENTORY-ITEM-REGISTER | SITE-FRONTEND-CATERING-PRODUCTS | SITE-PRODUCT | SITE-SITE-MEAL-INVENTORY,Transaction-linked stock journal and corrections.,"Household inventory; no clinical diet/IDDSI/allergy controls. Wave-4: [CAP-SITE-MEAL-INVENTORY-ITEM-REGISTER] Household inventory does not prove Oblivion site scope, ownership, meal-product links, movements, stocktakes or permissions; related meal jobs are excluded.",Native benchmark,"Immutable movement, idempotent retry, linked reversal and journal-to-balance reconciliation. Wave-4: [CAP-SITE-MEAL-INVENTORY-ITEM-REGISTER] Maintain a meal-stock item register with add, view, edit, disable or delete operations and item attributes including name, location, units and minimum stock.","Household inventory; no clinical diet/IDDSI/allergy controls. Benchmark only; no code, UI, schema, wording or distinctive layout may be copied. Wave-4 target limits: [CAP-SITE-MEAL-INVENTORY-ITEM-REGISTER] Household inventory does not prove Oblivion site scope, ownership, meal-product links, movements, stocktakes or permissions; related meal jobs are excluded. Benchmark behavior only; no implementation inheritance or copying.",Best catering-stock movement reference. Selected for fresh direct target-specific wave-4 evidence; no sibling or module-wide inheritance.,benchmark_wave4_ncm | ops_assets_security,root,p8_adversarial | wave4_integrity_review,IN_PROMPT_UNIQUE_95,1,HISTORICAL_ROW_STRUCTURALLY_VALIDATED_COMMITTED_LOCAL_ONLY,OFFICIAL_GITHUB_METADATA_ONLY_NO_FULL_TRIAGE_CREDIT,OFFICIAL_GITHUB_METADATA_SNAPSHOT_SUCCESS,grocy/grocy,master,acd061e2cde09fc5bc4e34673021039b25ab7067,2026-08-16T18:24:14Z,2026-08-16T18:24:20Z,2026-08-24T03:55:29Z,PUBLIC,false,false,MIT,MIT License,v4.6.0,2026-03-06T17:35:19Z,2026-08-24T05:54:38.619975Z,METADATA_PREREQUISITE_ONLY_NO_BEHAVIOUR_LICENCE_ROOT_EDITION_MAPPING_SELECTION_OR_TRIAGE_CREDIT,false,"Official GitHub repository metadata only; root licence, edition boundary, maintenance quality, exact behavior, target parity, mapping, selection and completion were not established.",RUN-031,COMPLETE_OBSERVER_ONLY,COMPLETE_OBSERVER_TRIAGE,c4e7acda48c1f27a163ffaf66c14cca876675622,c4e7acda48c1f27a163ffaf66c14cca876675622,acd061e2cde09fc5bc4e34673021039b25ab7067,acd061e2cde09fc5bc4e34673021039b25ab7067,SAME_AS_BASELINE,ROOT_FILE_PRESENT,MIT,https://github.com/grocy/grocy/blob/acd061e2cde09fc5bc4e34673021039b25ab7067/LICENSE.md,BOUNDED_ROOT_ONLY,SIGNALS_RECORDED_NO_QUALITY_INFERENCE,1,SEPARATE_FUTURE_DECISION,Inventory movement and reversal mechanics.,619b63794951f2836135653b5dac50c65e10da82e089088e62fa28330d21fd92,false,"Upstream observer evidence only; neutral requirement rewriting, current-product comparison, target selection, feature mapping, benchmark equivalence, release, and completion credit remain zero."
"Asset, equipment, CMMS, inventory, site, room, and facility profiles; Assets/sites/facilities",grokability/snipe-it,https://github.com/grokability/snipe-it,master,5fced85cafa5f49bb820b83d68850bb9e62d62f5,2026-08-12,pushed_at=11/08/2026 9:21:41 pm; head_committed_at=11/08/2026 9:21:29 pm; archived=False,AGPL-3.0,Repository-root provenance only; module/open-core boundaries require behaviour-specific verification.,"Checkout/check-in preserve accountable custody, unique asset tag and history. Primary source: https://github.com/grokability/snipe-it/blob/5fced85cafa5f49bb820b83d68850bb9e62d62f5/app/Http/Controllers/Assets/AssetCheckoutController.php",ASSET-ASSET | ASSET-ASSET-ASSIGNMENT | ASSET-ASSET-DOCUMENT | ASSET-ASSET-OWNERSHIP | ASSET-ASSET-QR | ASSET-ASSET-REPORT | ASSET-ASSET-SCAN-EVENT | ASSET-ASSET-TRACKER | FLEET-ASSET | FLEET-HANDOVER | FLEET-KEY | FLEET-VEHICLE | SITE-SITE-VENDOR,Clear asset identity and custody lifecycle.,IT asset context; no resident/clinical equipment governance.,Native benchmark,"Unique identity, non-overlapping custody, actor/recipient/time/condition/reason and retained history.","IT asset context; no resident/clinical equipment governance. Benchmark only; no code, UI, schema, wording or distinctive layout may be copied.",Strong asset custody/assignment baseline.,ops_assets_security,root,p8_adversarial,IN_PROMPT_UNIQUE_95,1,HISTORICAL_ROW_STRUCTURALLY_VALIDATED_COMMITTED_LOCAL_ONLY,OFFICIAL_GITHUB_METADATA_ONLY_NO_FULL_TRIAGE_CREDIT,OFFICIAL_GITHUB_METADATA_SNAPSHOT_SUCCESS,grokability/snipe-it,master,93b0696d69582761176e4de06e99d0d6034be6af,2026-08-20T12:08:34Z,2026-08-22T20:32:56Z,2026-08-24T03:52:54Z,PUBLIC,false,false,AGPL-3.0,GNU Affero General Public License v3.0,v8.7.2,2026-08-19T21:06:58Z,2026-08-24T05:54:38.619975Z,METADATA_PREREQUISITE_ONLY_NO_BEHAVIOUR_LICENCE_ROOT_EDITION_MAPPING_SELECTION_OR_TRIAGE_CREDIT,false,"Official GitHub repository metadata only; root licence, edition boundary, maintenance quality, exact behavior, target parity, mapping, selection and completion were not established.",RUN-031,COMPLETE_OBSERVER_ONLY,COMPLETE_OBSERVER_TRIAGE,5fced85cafa5f49bb820b83d68850bb9e62d62f5,5fced85cafa5f49bb820b83d68850bb9e62d62f5,93b0696d69582761176e4de06e99d0d6034be6af,93b0696d69582761176e4de06e99d0d6034be6af,SAME_AS_BASELINE,ROOT_FILE_PRESENT,AGPL-3.0,https://github.com/grokability/snipe-it/blob/93b0696d69582761176e4de06e99d0d6034be6af/LICENSE,BOUNDED_ROOT_ONLY,SIGNALS_RECORDED_NO_QUALITY_INFERENCE,1,SEPARATE_FUTURE_DECISION,Asset checkout and custody mechanics.,8a53c732f6f8cfcaf0531a39a337aafa130677dd208d3dd24f1fff40e01b6c37,false,"Upstream observer evidence only; neutral requirement rewriting, current-product comparison, target selection, feature mapping, benchmark equivalence, release, and completion credit remain zero."
"Client/patient profiles, care, clinical records, eMAR, forms, referrals, and portals; Interoperability/identity",hapifhir/hapi-fhir,https://github.com/hapifhir/hapi-fhir,master,d349713594e6a21b7f0ca2f5374fcd16289394ad,2026-08-14,commit=2026-08-07T12:28:39Z; pinned SHA reachable; archived=false,Apache-2.0,"Pinned Apache-2.0 HAPI FHIR libraries only; JPA starter, Smile CDR, commercial support and downstream applications excluded.","The library validates FHIR resources and bundle entries into structured results, optionally processes entries concurrently, and exposes a typed client transaction builder. Exact official loci: https://github.com/hapifhir/hapi-fhir/blob/d349713594e6a21b7f0ca2f5374fcd16289394ad/hapi-fhir-base/src/main/java/ca/uhn/fhir/validation/FhirValidator.java#L206-L358 | https://github.com/hapifhir/hapi-fhir/blob/d349713594e6a21b7f0ca2f5374fcd16289394ad/hapi-fhir-base/src/main/java/ca/uhn/fhir/rest/gclient/ITransaction.java#L25-L40",CAP-CLIN-FRONTLINE-OBSERVATION-RECORDING | CAP-OPS-CUSTOM-FORM-SUBMISSION,Standards-aware resource/per-entry validation with structured diagnostics and a typed transaction request surface.,"A library/client interface does not establish an authorised workflow, canonical person/Site scope, server persistence, atomic commit, handoff or clinical safety state.",Reject,"No feature credit; native clinical intake should validate each submitted resource and return bounded diagnostics before its own authorization, canonical binding and transaction.","Validation is not authorization or persistence, and a transaction interface does not prove server atomicity.",Substantively rejected as an Oblivion workflow comparator; exact library behavior is retained only as validation-boundary evidence.,project_triage_wave3_recovery,root,p8_adversarial,IN_PROMPT_UNIQUE_95,1,HISTORICAL_ROW_STRUCTURALLY_VALIDATED_COMMITTED_LOCAL_ONLY,OFFICIAL_GITHUB_METADATA_ONLY_NO_FULL_TRIAGE_CREDIT,OFFICIAL_GITHUB_METADATA_SNAPSHOT_SUCCESS,hapifhir/hapi-fhir,master,0d7494bf98fa1e5c9686bf43c3b04c0b447272ff,2026-08-19T21:14:05Z,2026-08-23T16:51:32Z,2026-08-24T03:01:34Z,PUBLIC,false,false,Apache-2.0,Apache License 2.0,v8.10.1,2026-07-22T21:11:09Z,2026-08-24T05:54:38.619975Z,METADATA_PREREQUISITE_ONLY_NO_BEHAVIOUR_LICENCE_ROOT_EDITION_MAPPING_SELECTION_OR_TRIAGE_CREDIT,false,"Official GitHub repository metadata only; root licence, edition boundary, maintenance quality, exact behavior, target parity, mapping, selection and completion were not established.",RUN-031,COMPLETE_OBSERVER_ONLY,COMPLETE_OBSERVER_TRIAGE,d349713594e6a21b7f0ca2f5374fcd16289394ad,d349713594e6a21b7f0ca2f5374fcd16289394ad,0d7494bf98fa1e5c9686bf43c3b04c0b447272ff,0d7494bf98fa1e5c9686bf43c3b04c0b447272ff,SAME_AS_BASELINE,ROOT_FILE_PRESENT,Apache-2.0,https://github.com/hapifhir/hapi-fhir/blob/0d7494bf98fa1e5c9686bf43c3b04c0b447272ff/LICENSE.txt,BOUNDED_ROOT_ONLY,SIGNALS_RECORDED_NO_QUALITY_INFERENCE,1,SEPARATE_FUTURE_DECISION,FHIR validation and transaction-request mechanics.,2813f78829f7111dee9910e376610b01dd688c47cd3980d412cdf0c15706bc4c,false,"Upstream observer evidence only; neutral requirement rewriting, current-product comparison, target selection, feature mapping, benchmark equivalence, release, and completion credit remain zero."
"Client/patient profiles, care, clinical records, eMAR, forms, referrals, and portals; Interoperability/identity",hapifhir/hapi-fhir-jpaserver-starter,https://github.com/hapifhir/hapi-fhir-jpaserver-starter,master,07edf2a06fdc2024209ebf64b2d85129c19ffa75,2026-08-14,pushed_at=2026-08-13T17:57:46Z; default=master; archived=false; pinned SHA reachable,Apache-2.0,"Pinned Apache-2.0 starter repository only; upstream HAPI modules, deployment configuration, optional services and hosted offerings are excluded.",Boots Spring and mounts the HAPI servlet at /fhir/*; JPA/server configuration supplies paging and server beans. Loci: https://github.com/hapifhir/hapi-fhir-jpaserver-starter/blob/07edf2a06fdc2024209ebf64b2d85129c19ffa75/src/main/java/ca/uhn/fhir/jpa/starter/Application.java#L28-L65 | https://github.com/hapifhir/hapi-fhir-jpaserver-starter/blob/07edf2a06fdc2024209ebf64b2d85129c19ffa75/src/main/java/ca/uhn/fhir/jpa/starter/common/StarterJpaConfig.java#L110-L177,None; no current 902 target claims a FHIR-server lifecycle.,"Explicit servlet mapping, optional module assembly and configurable JPA-server setup.","Starter wiring delegates persistence, authorization and workflow semantics to upstream dependencies.",Reject,"If interoperability is later considered, own canonical identity mapping, Site and role checks, validation, provenance, idempotency and recovery.","A FHIR endpoint and optional modules need separate authentication, resource-scope, audit and data-governance proof.",Reject: application assembly is not a repository-owned current 902 workflow; no matrix credit.,project_triage_wave4,root,p8_adversarial,IN_PROMPT_UNIQUE_95,1,HISTORICAL_ROW_STRUCTURALLY_VALIDATED_COMMITTED_LOCAL_ONLY,OFFICIAL_GITHUB_METADATA_ONLY_NO_FULL_TRIAGE_CREDIT,OFFICIAL_GITHUB_METADATA_SNAPSHOT_SUCCESS,hapifhir/hapi-fhir-jpaserver-starter,master,07edf2a06fdc2024209ebf64b2d85129c19ffa75,2026-08-04T20:13:27Z,2026-08-22T01:12:19Z,2026-08-22T07:17:07Z,PUBLIC,false,false,Apache-2.0,Apache License 2.0,helm-v0.24.0,2026-08-04T11:14:22Z,2026-08-24T05:54:38.619975Z,METADATA_PREREQUISITE_ONLY_NO_BEHAVIOUR_LICENCE_ROOT_EDITION_MAPPING_SELECTION_OR_TRIAGE_CREDIT,false,"Official GitHub repository metadata only; root licence, edition boundary, maintenance quality, exact behavior, target parity, mapping, selection and completion were not established.",RUN-032,OBSERVED_NO_CREDIT,COMPLETE_OBSERVER_TRIAGE,07edf2a06fdc2024209ebf64b2d85129c19ffa75,07edf2a06fdc2024209ebf64b2d85129c19ffa75,07edf2a06fdc2024209ebf64b2d85129c19ffa75,07edf2a06fdc2024209ebf64b2d85129c19ffa75,SAME_AS_BASELINE,VERIFIED_ROOT_SPDX,Apache-2.0,https://github.com/hapifhir/hapi-fhir-jpaserver-starter/blob/07edf2a06fdc2024209ebf64b2d85129c19ffa75/LICENSE,BOUNDED_REPOSITORY_ONLY,SIGNALS_RECORDED_NO_QUALITY_INFERENCE,1,SEPARATE_FUTURE_DECISION,"FHIR server assembly reference only; candidate for later interoperability comparison, not current mapping.",b100c765f7340a95b8ac9ae2d41392b7be025363220b60aa25739f1e89ab736d,false,"Upstream observer evidence only; neutral requirement rewriting, current-product comparison, target selection, feature mapping, benchmark equivalence, release, and completion credit remain zero."
"Fleet, vehicles, driver operations, and vehicle lifecycle; Fleet/vehicles",hargata/lubelog,https://github.com/hargata/lubelog,main,7baa33a8ef0b26cd10fdf41b799c8513fad78330,2026-08-14,pushed_at=2026-08-07T15:08:21Z; default=main; archived=false; pinned SHA reachable,MIT,"Pinned community self-hosted repository only; no hosted, fleet-enterprise or add-on capabilities assumed.","Vehicle service creation checks permission, moves attachments, applies supply and reminder effects, persists service data, sends a webhook and updates odometer state; deletion reverses linked requisition state. Loci: https://github.com/hargata/lubelog/blob/7baa33a8ef0b26cd10fdf41b799c8513fad78330/Controllers/Vehicle/ServiceController.cs#L26-L74 | https://github.com/hargata/lubelog/blob/7baa33a8ef0b26cd10fdf41b799c8513fad78330/Controllers/Vehicle/ServiceController.cs#L106-L130",FLEET-SERVICE-SCHEDULE | FLEET-MAINTENANCE-DASHBOARD | FLEET-WORK-ORDER,"Concrete service history, attachment handling, reminder linkage and supply/requisition integration.",Permission and data model are household-oriented; source does not demonstrate Site-scoped workforce authority or an enclosing transaction for all side effects.,Separate future decision,"Future consideration only: canonical vehicle and authorised maintainer, validated service fields, atomic durable stock/reminder effects, audit trail and recovery.","File moves, webhook dispatch and linked updates surround persistence; failure handling and compensating recovery require separate proof.",Future: useful workflow reference only; no native matrix or completion credit.,project_triage_wave4,root,p8_adversarial,IN_PROMPT_UNIQUE_95,1,HISTORICAL_ROW_STRUCTURALLY_VALIDATED_COMMITTED_LOCAL_ONLY,OFFICIAL_GITHUB_METADATA_ONLY_NO_FULL_TRIAGE_CREDIT,OFFICIAL_GITHUB_METADATA_SNAPSHOT_SUCCESS,hargata/lubelog,main,d5a5832045267ac3d9c31addb280c774120ab0a3,2026-08-19T14:26:47Z,2026-08-19T14:38:39Z,2026-08-24T04:46:54Z,PUBLIC,false,false,MIT,MIT License,v1.7.1,2026-08-19T14:38:39Z,2026-08-24T05:54:38.619975Z,METADATA_PREREQUISITE_ONLY_NO_BEHAVIOUR_LICENCE_ROOT_EDITION_MAPPING_SELECTION_OR_TRIAGE_CREDIT,false,"Official GitHub repository metadata only; root licence, edition boundary, maintenance quality, exact behavior, target parity, mapping, selection and completion were not established.",RUN-032,OBSERVED_NO_CREDIT,COMPLETE_OBSERVER_TRIAGE,7baa33a8ef0b26cd10fdf41b799c8513fad78330,7baa33a8ef0b26cd10fdf41b799c8513fad78330,d5a5832045267ac3d9c31addb280c774120ab0a3,d5a5832045267ac3d9c31addb280c774120ab0a3,SAME_AS_BASELINE,VERIFIED_ROOT_SPDX,MIT,https://github.com/hargata/lubelog/blob/d5a5832045267ac3d9c31addb280c774120ab0a3/LICENSE,BOUNDED_REPOSITORY_ONLY,SIGNALS_RECORDED_NO_QUALITY_INFERENCE,1,SEPARATE_FUTURE_DECISION,Fleet maintenance workflow reference for later target-specific adjudication.,bd9f904a96cbaa29b5d253976de35c7dc115804e04e0a7f6bd06ea009db6913d,false,"Upstream observer evidence only; neutral requirement rewriting, current-product comparison, target selection, feature mapping, benchmark equivalence, release, and completion credit remain zero."
"IoT, smart healthcare equipment, telemetry, physical security, and IT monitoring; IoT/security/monitoring",home-assistant/core,https://github.com/home-assistant/core,dev,82807d160491d2edd236639dddfe39a46a18c715,2026-08-14,pushed_at=2026-08-14T00:24:17Z; default=dev; archived=false; pinned SHA reachable,Apache-2.0,"Pinned Apache-2.0 Home Assistant Core including in-tree integrations; frontend, Cloud, community/custom integrations, connected hardware and configured external services are excluded.","Automation setup processes configuration and exposes trigger, toggle, reload and related services; manual trigger defaults to skip_condition=true. Locus: https://github.com/home-assistant/core/blob/82807d160491d2edd236639dddfe39a46a18c715/homeassistant/components/automation/__init__.py#L242-L296",CAP-SEC-DEVICE-GROUP-AUTO-RULES | CAP-CR-SIGNAL-TO-ALERT-PIPELINE | CAP-SEC-QUECLINK-HUB-COMMANDS,Mature event-triggered rule runtime with explicit services and configuration processing.,"Generic local automation model is not an authoritative care, Site or device-custody workflow.",Separate future decision,"Future consideration only: approved Site and device capability, typed event, policy or approval, idempotency, durable attempts, outcomes and recovery.",Direct trigger can bypass conditions; external effects need server-side policy and traceable delivery controls.,Future: automation-runtime reference only; no native matrix or completion credit.,project_triage_wave4,root,p8_adversarial,IN_PROMPT_UNIQUE_95,1,HISTORICAL_ROW_STRUCTURALLY_VALIDATED_COMMITTED_LOCAL_ONLY,OFFICIAL_GITHUB_METADATA_ONLY_NO_FULL_TRIAGE_CREDIT,OFFICIAL_GITHUB_METADATA_SNAPSHOT_SUCCESS,home-assistant/core,dev,207c4f049baf23444113e68d3eb9d1a009d704d6,2026-08-24T05:09:04Z,2026-08-24T05:09:06Z,2026-08-24T05:11:07Z,PUBLIC,false,false,Apache-2.0,Apache License 2.0,2026.8.3,2026-08-21T20:45:05Z,2026-08-24T05:54:38.619975Z,METADATA_PREREQUISITE_ONLY_NO_BEHAVIOUR_LICENCE_ROOT_EDITION_MAPPING_SELECTION_OR_TRIAGE_CREDIT,false,"Official GitHub repository metadata only; root licence, edition boundary, maintenance quality, exact behavior, target parity, mapping, selection and completion were not established.",RUN-032,OBSERVED_NO_CREDIT,COMPLETE_OBSERVER_TRIAGE,82807d160491d2edd236639dddfe39a46a18c715,82807d160491d2edd236639dddfe39a46a18c715,207c4f049baf23444113e68d3eb9d1a009d704d6,207c4f049baf23444113e68d3eb9d1a009d704d6,SAME_AS_BASELINE,VERIFIED_ROOT_SPDX,Apache-2.0,https://github.com/home-assistant/core/blob/207c4f049baf23444113e68d3eb9d1a009d704d6/LICENSE.md,BOUNDED_REPOSITORY_ONLY,SIGNALS_RECORDED_NO_QUALITY_INFERENCE,1,SEPARATE_FUTURE_DECISION,Automation-runtime mechanics for later bounded comparison.,eac57d85087f0cfbb2d324f21a2d0d8fe8a2e91e39b1943611e48eb3abddeb9d,false,"Upstream observer evidence only; neutral requirement rewriting, current-product comparison, target selection, feature mapping, benchmark equivalence, release, and completion credit remain zero."
"IoT, smart healthcare equipment, telemetry, physical security, and IT monitoring; IoT/security/monitoring",home-assistant/frontend,https://github.com/home-assistant/frontend,dev,9472d8ad1259e5089ca6be9c3c7cd3198ca617f9,2026-08-14,pushed_at=2026-08-13T22:16:40Z; default=dev; archived=false; pinned SHA reachable,Apache-2.0,Pinned Apache-2.0 frontend only; Home Assistant Core and server-side integrations are excluded.,"Defines automation trigger, condition and action configuration types; save dialog only requires a non-empty name before delegated updateConfig. Loci: https://github.com/home-assistant/frontend/blob/9472d8ad1259e5089ca6be9c3c7cd3198ca617f9/src/data/automation.ts#L42-L75 | https://github.com/home-assistant/frontend/blob/9472d8ad1259e5089ca6be9c3c7cd3198ca617f9/src/panels/config/automation/automation-save-dialog/dialog-automation-save.ts#L457-L488",CAP-SEC-DEVICE-GROUP-AUTO-RULES | CAP-CR-SIGNAL-TO-ALERT-PIPELINE,Clear configuration vocabulary and focused authoring UI.,Client UI delegates authority and persistence to Core; no server-side governance is shown.,Separate future decision,"Future consideration only: server-owned Site and capability checks, typed validation, approval, durable execution record and recovery.",A client-side name check cannot authorise or safely validate automation effects.,Future: UI-pattern reference only; no native matrix or completion credit.,project_triage_wave4,root,p8_adversarial,IN_PROMPT_UNIQUE_95,1,HISTORICAL_ROW_STRUCTURALLY_VALIDATED_COMMITTED_LOCAL_ONLY,OFFICIAL_GITHUB_METADATA_ONLY_NO_FULL_TRIAGE_CREDIT,OFFICIAL_GITHUB_METADATA_SNAPSHOT_SUCCESS,home-assistant/frontend,dev,2eb3b025d87e4d80c78fe33fa768b6c1b41d0ba3,2026-08-24T04:58:23Z,2026-08-24T04:58:24Z,2026-08-24T04:59:24Z,PUBLIC,false,false,NOASSERTION,Other,20260729.7,2026-08-14T08:00:46Z,2026-08-24T05:54:38.619975Z,METADATA_PREREQUISITE_ONLY_NO_BEHAVIOUR_LICENCE_ROOT_EDITION_MAPPING_SELECTION_OR_TRIAGE_CREDIT,false,"Official GitHub repository metadata only; root licence, edition boundary, maintenance quality, exact behavior, target parity, mapping, selection and completion were not established.",RUN-032,OBSERVED_NO_CREDIT,COMPLETE_OBSERVER_TRIAGE,9472d8ad1259e5089ca6be9c3c7cd3198ca617f9,9472d8ad1259e5089ca6be9c3c7cd3198ca617f9,2eb3b025d87e4d80c78fe33fa768b6c1b41d0ba3,2eb3b025d87e4d80c78fe33fa768b6c1b41d0ba3,SAME_AS_BASELINE,VERIFIED_ROOT_TEXT_SPDX,Apache-2.0,https://github.com/home-assistant/frontend/blob/2eb3b025d87e4d80c78fe33fa768b6c1b41d0ba3/LICENSE.md,BOUNDED_REPOSITORY_ONLY,SIGNALS_RECORDED_NO_QUALITY_INFERENCE,1,SEPARATE_FUTURE_DECISION,UI interaction reference only for later observer-to-target arbitration.,71a518b08219a06bd2b6e27dd6253251dcbf6bd763a50866ae97c7c5893f5c50,false,"Upstream observer evidence only; neutral requirement rewriting, current-product comparison, target selection, feature mapping, benchmark equivalence, release, and completion credit remain zero."
"HR, workforce, rostering, attendance, and time",horilla/horilla-hr,https://github.com/horilla/horilla-hr,2.0,53e65898c65cd3c4ff0418f81e9f0fb55e1045dc,2026-08-14,commit=2026-08-11T07:06:40Z; pushed=2026-08-13T13:41:10Z; archived=false; README identifies 2.0 as stable,LGPL-2.1-only,"Pinned repository is LGPL-2.1. Professional support is a service, not a separately credited code edition.","Manager-authorized leave approval prevents self-approval, checks available plus carry-forward balance, persists approved allocations, and rejection restores consumed balances. Exact official loci: leave/views.py:L997-L1080 | leave/views.py:L1245-L1280 | README.md:L10-L42,L175-L184",CAP-HR-LEAVE-REQUEST-DECISION | CAP-HR-LEAVE-BALANCES | CAP-HR-MY-HR-LEAVE,"Explicit maker/checker boundary, balance consequence, and approval/rejection states.","Does not establish supported-living staffing continuity, competencies, fatigue, client-worker exclusions, or NZ employment assurance.",Native benchmark,Separate requester from approver; validate balance before approval; persist allocation effects; restore governed effects on rejection; expose state and reason.,"Cited view code does not prove transaction locking, concurrency safety, Site scope, or payroll correctness.",Selected for the HR leave family because current community source proves decision and balance consequences.,project_triage_wave,root,p8_adversarial,IN_PROMPT_UNIQUE_95,1,HISTORICAL_ROW_STRUCTURALLY_VALIDATED_COMMITTED_LOCAL_ONLY,OFFICIAL_GITHUB_METADATA_ONLY_NO_FULL_TRIAGE_CREDIT,OFFICIAL_GITHUB_METADATA_SNAPSHOT_SUCCESS,horilla/horilla-hr,2.0,d3443753e46f65a0b6793db4291b19ab141cf74b,2026-08-19T11:45:01Z,2026-08-24T03:11:41Z,2026-08-21T11:07:40Z,PUBLIC,false,false,LGPL-2.1,GNU Lesser General Public License v2.1,1.6.1,2026-07-29T08:59:56Z,2026-08-24T05:54:38.619975Z,METADATA_PREREQUISITE_ONLY_NO_BEHAVIOUR_LICENCE_ROOT_EDITION_MAPPING_SELECTION_OR_TRIAGE_CREDIT,false,"Official GitHub repository metadata only; root licence, edition boundary, maintenance quality, exact behavior, target parity, mapping, selection and completion were not established.",RUN-032,OBSERVED_NO_CREDIT,COMPLETE_OBSERVER_TRIAGE,53e65898c65cd3c4ff0418f81e9f0fb55e1045dc,53e65898c65cd3c4ff0418f81e9f0fb55e1045dc,d3443753e46f65a0b6793db4291b19ab141cf74b,d3443753e46f65a0b6793db4291b19ab141cf74b,SAME_AS_BASELINE,VERIFIED_ROOT_SPDX,LGPL-2.1,https://github.com/horilla/horilla-hr/blob/d3443753e46f65a0b6793db4291b19ab141cf74b/LICENSE,BOUNDED_REPOSITORY_ONLY,SIGNALS_RECORDED_NO_QUALITY_INFERENCE,1,SEPARATE_FUTURE_DECISION,HR leave decision and balance-control candidate.,8915eefcbf54d2a213b5c17fedc1295ab5e493fa96acca20ed54eca5713ab6c7,false,"Upstream observer evidence only; neutral requirement rewriting, current-product comparison, target selection, feature mapping, benchmark equivalence, release, and completion credit remain zero."
"Client/patient profiles, care, clinical records, eMAR, forms, referrals, and portals; Interoperability/identity",intrahealth/client-registry,https://github.com/intrahealth/client-registry,master,7569452055dc6de2719e1e362e78a7d7973856d4,2026-08-14,pushed_at=2025-04-01T15:50:34Z; default=master; archived=false; pinned SHA reachable,MIT,Pinned community client-registry repository only; configured FHIR server and matching-service behaviour are external dependencies.,FHIR route forwards configured-server requests; match route issues reconciliation-match requests and validates submitted identity form data. Loci: https://github.com/intrahealth/client-registry/blob/7569452055dc6de2719e1e362e78a7d7973856d4/server/lib/routes/fhir.js#L27-L75 | https://github.com/intrahealth/client-registry/blob/7569452055dc6de2719e1e362e78a7d7973856d4/server/lib/routes/match.js#L18-L120,CAP-OPS-CLIENT-RECORD-LIFECYCLE | CAP-PORT-EXTERNAL-IDENTITY-ADMISSION,Useful identity-reconciliation workflow and explicit matching route.,Relies on configured external FHIR and matching services; repository activity signal is comparatively old and no current Site privacy boundary was observed.,Separate future decision,"Future consideration only: canonical subject identity, bounded candidate search, Site and role ownership before disclosure, human match/reversal, audit and idempotency.","Forwarding and candidate matching require strict PHI disclosure, provenance and conflict-resolution controls.",Future: interoperability reference only; no native matrix or completion credit.,project_triage_wave4,root,p8_adversarial,IN_PROMPT_UNIQUE_95,1,HISTORICAL_ROW_STRUCTURALLY_VALIDATED_COMMITTED_LOCAL_ONLY,OFFICIAL_GITHUB_METADATA_ONLY_NO_FULL_TRIAGE_CREDIT,OFFICIAL_GITHUB_METADATA_SNAPSHOT_SUCCESS,intrahealth/client-registry,master,7569452055dc6de2719e1e362e78a7d7973856d4,2025-04-01T15:50:02Z,2025-04-01T15:50:34Z,2026-04-23T21:21:44Z,PUBLIC,false,false,MIT,MIT License,3.0.0,2021-07-15T17:36:45Z,2026-08-24T05:54:38.619975Z,METADATA_PREREQUISITE_ONLY_NO_BEHAVIOUR_LICENCE_ROOT_EDITION_MAPPING_SELECTION_OR_TRIAGE_CREDIT,false,"Official GitHub repository metadata only; root licence, edition boundary, maintenance quality, exact behavior, target parity, mapping, selection and completion were not established.",RUN-032,OBSERVED_NO_CREDIT,COMPLETE_OBSERVER_TRIAGE,7569452055dc6de2719e1e362e78a7d7973856d4,7569452055dc6de2719e1e362e78a7d7973856d4,7569452055dc6de2719e1e362e78a7d7973856d4,7569452055dc6de2719e1e362e78a7d7973856d4,SAME_AS_BASELINE,VERIFIED_ROOT_SPDX,MIT,https://github.com/intrahealth/client-registry/blob/7569452055dc6de2719e1e362e78a7d7973856d4/LICENSE,BOUNDED_REPOSITORY_ONLY,SIGNALS_RECORDED_NO_QUALITY_INFERENCE,1,SEPARATE_FUTURE_DECISION,Patient/client identity reconciliation interoperability reference.,15746e73aef1b5fbdad6a1f307cef03a3f0b4d5c9892d6b8b0ca2f5212872254,false,"Upstream observer evidence only; neutral requirement rewriting, current-product comparison, target selection, feature mapping, benchmark equivalence, release, and completion credit remain zero."
"Health and safety, incidents, hazards, risks, evidence, and corrective action; H&S/risk/actions",intuitem/ciso-assistant-community,https://github.com/intuitem/ciso-assistant-community,main,1ba187b0117f4dba9e00605bd7d5319ded61cee3,2026-08-12,pushed_at=11/08/2026 11:21:36 pm; head_committed_at=10/08/2026 9:09:16 pm; archived=False,NOASSERTION,Repository-root provenance only; module/open-core boundaries require behaviour-specific verification.,"Risk, controls, evidence, findings and acceptance have distinct owners, states, expiry and revocation. Primary source: https://github.com/intuitem/ciso-assistant-community/blob/1ba187b0117f4dba9e00605bd7d5319ded61cee3/backend/core/models.py#L6930-L7013",GOV-RISK-REGISTER | HS-HS-RISK-ASSESSMENT | INC-SAFEGUARDING-RISK-ASSESSMENT,Strong linked risk/evidence/acceptance mechanics.,Cyber GRC is not occupational H&S; enterprise directory excluded; no NZ assurance.,Native benchmark,"Inherent/current/residual risk; evidence version/expiry; approver, expiry and revocation.","Cyber GRC is not occupational H&S; enterprise directory excluded; no NZ assurance. Benchmark only; no code, UI, schema, wording or distinctive layout may be copied.",Strong community-path risk and evidence mechanics.,benchmark_research,root,p8_adversarial,IN_PROMPT_UNIQUE_95,1,HISTORICAL_ROW_STRUCTURALLY_VALIDATED_COMMITTED_LOCAL_ONLY,OFFICIAL_GITHUB_METADATA_ONLY_NO_FULL_TRIAGE_CREDIT,OFFICIAL_GITHUB_METADATA_SNAPSHOT_SUCCESS,intuitem/ciso-assistant-community,main,3d7e4ff810b1031509a8ca63fac63f6e6f2e798d,2026-08-23T15:31:06Z,2026-08-24T05:13:14Z,2026-08-23T15:31:23Z,PUBLIC,false,false,NOASSERTION,Other,v3.21.2,2026-08-20T21:51:43Z,2026-08-24T05:54:38.619975Z,METADATA_PREREQUISITE_ONLY_NO_BEHAVIOUR_LICENCE_ROOT_EDITION_MAPPING_SELECTION_OR_TRIAGE_CREDIT,false,"Official GitHub repository metadata only; root licence, edition boundary, maintenance quality, exact behavior, target parity, mapping, selection and completion were not established.",RUN-032,PARTIAL_BLOCKED_NO_CREDIT,PARTIAL_BLOCKED,1ba187b0117f4dba9e00605bd7d5319ded61cee3,1ba187b0117f4dba9e00605bd7d5319ded61cee3,3d7e4ff810b1031509a8ca63fac63f6e6f2e798d,3d7e4ff810b1031509a8ca63fac63f6e6f2e798d,SAME_AS_BASELINE,VERIFIED_MIXED_PATH_BOUNDARY_SINGLE_SPDX_NOT_APPLICABLE,MULTIPLE_BY_PATH,https://github.com/intuitem/ciso-assistant-community/blob/3d7e4ff810b1031509a8ca63fac63f6e6f2e798d/LICENSE.md,BOUNDED_REPOSITORY_ONLY,SIGNALS_RECORDED_NO_QUALITY_INFERENCE,1,BLOCKED,"Risk/evidence/acceptance lifecycle candidate, subject to target-specific mapping.",31904cb4c1f88ceee649a29929b957429046fb25f51836658d37feab35ac8b5b,false,"Upstream observer evidence only; neutral requirement rewriting, current-product comparison, target selection, feature mapping, benchmark equivalence, release, and completion credit remain zero."
"Asset, equipment, CMMS, inventory, site, room, and facility profiles",inventree/InvenTree,https://github.com/inventree/InvenTree,master,55a193e5d794d747bcce64eb43554fdf8e339f38,2026-08-14,pinned commit remains reachable; active and unarchived,MIT,"Public MIT server repository only; clients, plugins, hosting and integrations excluded.","Stock count/add/remove/transfer/return validates state, quantities and destinations, sorts locks, records notes, and applies multi-item work atomically with merge/split support. Exact official loci: https://github.com/inventree/InvenTree/blob/55a193e5d794d747bcce64eb43554fdf8e339f38/src/backend/InvenTree/stock/api.py#L214-L273 | https://github.com/inventree/InvenTree/blob/55a193e5d794d747bcce64eb43554fdf8e339f38/src/backend/InvenTree/stock/serializers.py#L1846-L2058 | https://github.com/inventree/InvenTree/blob/55a193e5d794d747bcce64eb43554fdf8e339f38/src/backend/InvenTree/stock/serializers.py#L2064-L2204",CAP-MED-API-STOCK-COUNTS | CAP-MED-STOCK-CONTROL | CAP-HS-PPE-INVENTORY,"Explicit adjustment intents, validation, deterministic lock order, atomic bulk effects, notes and traceable split/merge.","Generic stock is not medication batch/expiry, controlled drugs, resident prescription binding, clinical segregation, PPE inspection or Site privacy.",Native benchmark,Separate intents; reject invalid quantities/destinations; lock deterministically; commit bulk atomically; retain actor/note and split/merge consequences.,The serializer accepts unrestricted querysets; endpoint permission and organization scope require separate proof.,Selected for adversarial bulk stock-control integrity.,project_triage_wave2,root,p8_adversarial,IN_PROMPT_UNIQUE_95,1,HISTORICAL_ROW_STRUCTURALLY_VALIDATED_COMMITTED_LOCAL_ONLY,OFFICIAL_GITHUB_METADATA_ONLY_NO_FULL_TRIAGE_CREDIT,OFFICIAL_GITHUB_METADATA_SNAPSHOT_SUCCESS,inventree/InvenTree,master,528bb085d7ccde10d76a8c78580d4659cabbe45c,2026-08-23T08:53:33Z,2026-08-23T21:02:10Z,2026-08-24T05:22:56Z,PUBLIC,false,false,MIT,MIT License,1.5.1,2026-08-19T03:21:08Z,2026-08-24T05:54:38.619975Z,METADATA_PREREQUISITE_ONLY_NO_BEHAVIOUR_LICENCE_ROOT_EDITION_MAPPING_SELECTION_OR_TRIAGE_CREDIT,false,"Official GitHub repository metadata only; root licence, edition boundary, maintenance quality, exact behavior, target parity, mapping, selection and completion were not established.",RUN-032,OBSERVED_NO_CREDIT,COMPLETE_OBSERVER_TRIAGE,55a193e5d794d747bcce64eb43554fdf8e339f38,55a193e5d794d747bcce64eb43554fdf8e339f38,528bb085d7ccde10d76a8c78580d4659cabbe45c,528bb085d7ccde10d76a8c78580d4659cabbe45c,SAME_AS_BASELINE,VERIFIED_ROOT_SPDX,MIT,https://github.com/inventree/InvenTree/blob/528bb085d7ccde10d76a8c78580d4659cabbe45c/LICENSE,BOUNDED_REPOSITORY_ONLY,SIGNALS_RECORDED_NO_QUALITY_INFERENCE,1,SEPARATE_FUTURE_DECISION,Inventory adjustment and transfer integrity candidate.,94a1f078aea6c1430b19a63dab152f17fe5d0a71cd2bfd3b035b7a7f0e13fae5,false,"Upstream observer evidence only; neutral requirement rewriting, current-product comparison, target selection, feature mapping, benchmark equivalence, release, and completion credit remain zero."
"Uncategorised; Service desk, healthcare support work, requests, problems, and ticketing; Ticketing/ITSM/PSA",itflow-org/itflow,https://github.com/itflow-org/itflow,master,0262707ef029ffb294df197e10d9b918adb0c85d,2026-08-14,pushed_at=2026-08-13T08:45:12Z; default=master; archived=false; pinned SHA reachable,GPL-3.0,"Pinned GPL community repository only; hosted services, integrations and paid support are excluded.","Ticket form submits a CSRF-protected client request; handler allocates a number, inserts ticket and client/contact/asset relation, then applies SLA handling. Loci: https://github.com/itflow-org/itflow/blob/0262707ef029ffb294df197e10d9b918adb0c85d/client/ticket_add.php#L27-L53 | https://github.com/itflow-org/itflow/blob/0262707ef029ffb294df197e10d9b918adb0c85d/client/post.php#L13-L52",CAP-IT-SUPPORT-TICKET,"Concrete portal intake, CSRF guard, unique ticket sequence, existing asset relation and SLA hook.",Uses hard-coded company_id=1 and multi-step SQL without demonstrated unified transaction or Site/direct-object privacy model.,Separate future decision,"Future consideration only: canonical requester and asset scope, Site/role/ownership checks, atomic number and event creation, SLA evidence, audit and recovery.",Support records may contain sensitive operational context; direct-object and attachment access must be independently constrained.,Future: ticketing reference only; no native matrix or completion credit.,project_triage_wave4,root,p8_adversarial,IN_PROMPT_UNIQUE_95,1,HISTORICAL_ROW_STRUCTURALLY_VALIDATED_COMMITTED_LOCAL_ONLY,OFFICIAL_GITHUB_METADATA_ONLY_NO_FULL_TRIAGE_CREDIT,OFFICIAL_GITHUB_METADATA_SNAPSHOT_SUCCESS,itflow-org/itflow,master,0262707ef029ffb294df197e10d9b918adb0c85d,2026-08-10T16:10:21Z,2026-08-20T08:30:46Z,2026-08-20T11:25:21Z,PUBLIC,false,false,GPL-3.0,GNU General Public License v3.0,v26.08,2026-08-04T19:31:09Z,2026-08-24T05:54:38.619975Z,METADATA_PREREQUISITE_ONLY_NO_BEHAVIOUR_LICENCE_ROOT_EDITION_MAPPING_SELECTION_OR_TRIAGE_CREDIT,false,"Official GitHub repository metadata only; root licence, edition boundary, maintenance quality, exact behavior, target parity, mapping, selection and completion were not established.",RUN-032,OBSERVED_NO_CREDIT,COMPLETE_OBSERVER_TRIAGE,0262707ef029ffb294df197e10d9b918adb0c85d,0262707ef029ffb294df197e10d9b918adb0c85d,0262707ef029ffb294df197e10d9b918adb0c85d,0262707ef029ffb294df197e10d9b918adb0c85d,SAME_AS_BASELINE,VERIFIED_ROOT_SPDX,GPL-3.0,https://github.com/itflow-org/itflow/blob/0262707ef029ffb294df197e10d9b918adb0c85d/LICENSE,BOUNDED_REPOSITORY_ONLY,SIGNALS_RECORDED_NO_QUALITY_INFERENCE,1,SEPARATE_FUTURE_DECISION,IT support intake candidate.,f74a3eba1290fc87a71361b0daa389fa1bc75b333118c50dbddbfba3289ebb11,false,"Upstream observer evidence only; neutral requirement rewriting, current-product comparison, target selection, feature mapping, benchmark equivalence, release, and completion credit remain zero."
"Client/patient profiles, care, clinical records, eMAR, forms, referrals, and portals; Interoperability/identity",jembi/openhim-console,https://github.com/jembi/openhim-console,master,13160e45879dc91f92a5a60c7ed49706ad1ea990,2026-08-14,pushed_at=2026-07-15T05:53:59Z; default=master; archived=false; pinned SHA reachable,MPL-2.0,"Pinned OpenHIM console frontend only; OpenHIM Core, mediator services and deployment configuration are excluded.","Channel modal retrieves and audits a channel, normalises matching/protocol options, then delegates update or save through the client resource. Loci: https://github.com/jembi/openhim-console/blob/13160e45879dc91f92a5a60c7ed49706ad1ea990/app/scripts/controllers/channelsmodal.js#L72-L84 | https://github.com/jembi/openhim-console/blob/13160e45879dc91f92a5a60c7ed49706ad1ea990/app/scripts/controllers/channelsmodal.js#L122-L183",CAP-SITE-SITE-INTEGRATION-CONNECTION-SECRETS | CAP-SITE-SITE-INTEGRATION-SYNC-OVERRIDES,Visible channel configuration and audit-oriented UI behaviour.,"Frontend delegates processing and authority to Core; it cannot evidence safe connection, secret or retry governance.",Reject,"Any future integration administration needs server-owned Site access, secret handling, approval, validation, audit and rollback.",Client configuration of integration endpoints or credentials cannot be accepted as authoritative control.,Reject: client-only configuration surface is not a native current workflow; no matrix credit.,project_triage_wave4,root,p8_adversarial,IN_PROMPT_UNIQUE_95,1,HISTORICAL_ROW_STRUCTURALLY_VALIDATED_COMMITTED_LOCAL_ONLY,OFFICIAL_GITHUB_METADATA_ONLY_NO_FULL_TRIAGE_CREDIT,OFFICIAL_GITHUB_METADATA_SNAPSHOT_SUCCESS,jembi/openhim-console,master,13160e45879dc91f92a5a60c7ed49706ad1ea990,2026-03-13T07:42:38Z,2026-07-15T05:53:59Z,2026-03-13T07:42:43Z,PUBLIC,false,false,MPL-2.0,Mozilla Public License 2.0,v1.18.2,2023-06-26T13:54:51Z,2026-08-24T05:54:38.619975Z,METADATA_PREREQUISITE_ONLY_NO_BEHAVIOUR_LICENCE_ROOT_EDITION_MAPPING_SELECTION_OR_TRIAGE_CREDIT,false,"Official GitHub repository metadata only; root licence, edition boundary, maintenance quality, exact behavior, target parity, mapping, selection and completion were not established.",RUN-032,OBSERVED_NO_CREDIT,COMPLETE_OBSERVER_TRIAGE,13160e45879dc91f92a5a60c7ed49706ad1ea990,13160e45879dc91f92a5a60c7ed49706ad1ea990,13160e45879dc91f92a5a60c7ed49706ad1ea990,13160e45879dc91f92a5a60c7ed49706ad1ea990,SAME_AS_BASELINE,VERIFIED_ROOT_SPDX,MPL-2.0,https://github.com/jembi/openhim-console/blob/13160e45879dc91f92a5a60c7ed49706ad1ea990/LICENSE,BOUNDED_REPOSITORY_ONLY,SIGNALS_RECORDED_NO_QUALITY_INFERENCE,1,SEPARATE_FUTURE_DECISION,Interoperability configuration UI observer only.,9e7188f31fff344f7bb908847a95a19ed504b1be9d70971f5d757d9490d8bcae,false,"Upstream observer evidence only; neutral requirement rewriting, current-product comparison, target selection, feature mapping, benchmark equivalence, release, and completion credit remain zero."
"Client/patient profiles, care, clinical records, eMAR, forms, referrals, and portals; Interoperability/identity",jembi/openhim-core-js,https://github.com/jembi/openhim-core-js,master,b62a2e4dbdc644128aa47da7fb73d9c6277dbb27,2026-08-14,pushed_at=2026-07-15T08:24:05Z; default=master; archived=false; pinned SHA reachable,MPL-2.0,"Pinned OpenHIM Core only; console, mediators, channels and deployment-specific integrations remain separate.","Transaction API applies filters, permission and channel-visibility checks, then trims response bodies; rerun also begins with permission checks; model defines transaction states and crash resolution. Loci: https://github.com/jembi/openhim-core-js/blob/b62a2e4dbdc644128aa47da7fb73d9c6277dbb27/src/api/transactions.js#L157-L300 | https://github.com/jembi/openhim-core-js/blob/b62a2e4dbdc644128aa47da7fb73d9c6277dbb27/src/model/transactions.js#L72-L129",CAP-SITE-SITE-INTEGRATION-SYNC-OVERRIDES | CAP-CR-SIGNAL-TO-ALERT-PIPELINE,"Server-side transaction filtering, permission checks, status modelling and crash-resolution intent.","Generic interoperability transaction model does not establish Oblivion Site, client privacy, custody or care-state authority.",Reject,"Any future signal or integration workflow needs canonical record scope, Site access, policy-controlled replay, idempotency and durable delivery evidence.",Rerun has external side effects; visibility filtering alone is insufficient for PHI and care-safety boundaries.,Reject: generic transaction infrastructure has no native current 902 workflow equivalence; no matrix credit.,project_triage_wave4,root,p8_adversarial,IN_PROMPT_UNIQUE_95,1,HISTORICAL_ROW_STRUCTURALLY_VALIDATED_COMMITTED_LOCAL_ONLY,OFFICIAL_GITHUB_METADATA_ONLY_NO_FULL_TRIAGE_CREDIT,OFFICIAL_GITHUB_METADATA_SNAPSHOT_SUCCESS,jembi/openhim-core-js,master,b62a2e4dbdc644128aa47da7fb73d9c6277dbb27,2026-04-15T08:48:14Z,2026-07-15T08:24:05Z,2026-08-04T15:30:43Z,PUBLIC,false,false,MPL-2.0,Mozilla Public License 2.0,v8.5.0,2024-09-16T13:14:58Z,2026-08-24T05:54:38.619975Z,METADATA_PREREQUISITE_ONLY_NO_BEHAVIOUR_LICENCE_ROOT_EDITION_MAPPING_SELECTION_OR_TRIAGE_CREDIT,false,"Official GitHub repository metadata only; root licence, edition boundary, maintenance quality, exact behavior, target parity, mapping, selection and completion were not established.",RUN-032,OBSERVED_NO_CREDIT,COMPLETE_OBSERVER_TRIAGE,b62a2e4dbdc644128aa47da7fb73d9c6277dbb27,b62a2e4dbdc644128aa47da7fb73d9c6277dbb27,b62a2e4dbdc644128aa47da7fb73d9c6277dbb27,b62a2e4dbdc644128aa47da7fb73d9c6277dbb27,SAME_AS_BASELINE,VERIFIED_ROOT_SPDX,MPL-2.0,https://github.com/jembi/openhim-core-js/blob/b62a2e4dbdc644128aa47da7fb73d9c6277dbb27/LICENSE,BOUNDED_REPOSITORY_ONLY,SIGNALS_RECORDED_NO_QUALITY_INFERENCE,1,SEPARATE_FUTURE_DECISION,Integration transaction visibility and rerun-control observer.,83d0b25c9f66c9a4301e423e8468f3bf864c2293bc669651a74e33bd7323a828,false,"Upstream observer evidence only; neutral requirement rewriting, current-product comparison, target selection, feature mapping, benchmark equivalence, release, and completion credit remain zero."
Cross-cutting features previously under-represented; Authentication/account security,keycloak/keycloak,https://github.com/keycloak/keycloak,commit-pinned wave-4,b515f41a5c56936a4aa9a86e70f8479359aeccc4,2026-08-13,pushed_at=11/08/2026 9:20:36 pm; head_committed_at=11/08/2026 9:20:35 pm; archived=False Prior catalogue activity evidence retained; supplemental target-specific snapshot inspected at b515f41a5c56936a4aa9a86e70f8479359aeccc4.,Apache-2.0,Repository-root provenance only; module/open-core boundaries require behaviour-specific verification. Wave-4 boundary: Only the OTP authenticator in the upstream community repository is credited. Only the upstream community repository is credited; hosted and vendor-specific commercial integration is excluded.,"Fine-grained admin schema separates resource types/operations and evaluates policy rather than only coarse admin roles. Primary source: https://github.com/keycloak/keycloak/blob/7c34342861092b8b8ce8b48dbc0f99ca3c3e541d/server-spi-private/src/main/java/org/keycloak/authorization/fgap/AdminPermissionsSchema.java Wave-4: [CAP-AUTH-STAFF-EXTERNAL-IDENTITY] Provider-alias login redirects, provider callback dispatch, authenticated broker-context processing, and permission-checked removal of a linked identity are directly implemented. Primary sources: https://github.com/keycloak/keycloak/blob/b515f41a5c56936a4aa9a86e70f8479359aeccc4/services/src/main/java/org/keycloak/services/resources/IdentityBrokerService.java#L394-L438; https://github.com/keycloak/keycloak/blob/b515f41a5c56936a4aa9a86e70f8479359aeccc4/services/src/main/java/org/keycloak/services/resources/IdentityBrokerService.java#L464-L475; https://github.com/keycloak/keycloak/blob/b515f41a5c56936a4aa9a86e70f8479359aeccc4/services/src/main/java/org/keycloak/services/resources/IdentityBrokerService.java#L699-L741; https://github.com/keycloak/keycloak/blob/b515f41a5c56936a4aa9a86e70f8479359aeccc4/services/src/main/java/org/keycloak/services/resources/account/LinkedAccountsResource.java#L291-L330. [CAP-AUTH-TWO-FACTOR-LOGIN-CHALLENGE] The authenticator renders a TOTP challenge, reads the selected credential and OTP, checks user and brute-force state, rejects invalid credentials, and succeeds only on valid OTP. Primary sources: https://github.com/keycloak/keycloak/blob/b515f41a5c56936a4aa9a86e70f8479359aeccc4/services/src/main/java/org/keycloak/authentication/authenticators/browser/OTPFormAuthenticator.java#L61-L120; https://github.com/keycloak/keycloak/blob/b515f41a5c56936a4aa9a86e70f8479359aeccc4/services/src/main/java/org/keycloak/authentication/authenticators/browser/OTPFormAuthenticator.java#L142-L155.",AUTH-AUTHENTICATED-SESSION | AUTH-GOOGLE | AUTH-IDENTITY-DISCONNECT | AUTH-MICROSOFT | AUTH-NEW-PASSWORD | AUTH-PASSWORD-RESET-LINK | AUTH-REGISTERED-USER | AUTH-TWO-FACTOR-AUTHENTICATED-SESSION | AUTH-USER | CAP-AUTH-STAFF-EXTERNAL-IDENTITY | CAP-AUTH-TWO-FACTOR-LOGIN-CHALLENGE | SET-ACCESS | SET-ACCESS-CONTROL | SET-CONFIRMABLE-PASSWORD | SET-CONFIRMED-PASSWORD-STATUS | SET-CONFIRMED-TWO-FACTOR-AUTHENTICATION | SET-CONTROLLERS-TWO-FACTOR-AUTHENTICATION | SET-FRONTEND-SETTINGS-SSO | SET-PASSWORD | SET-PROFILE | SET-RECOVERY-CODE | SET-ROLES | SET-SETTINGS-TWO-FACTOR-AUTHENTICATION | SET-SSO-CONFIG | SET-SSO-GROUP | SET-TWO-FACTOR-QR-CODE | SET-TWO-FACTOR-SECRET-KEY | SET-USER-MANAGEMENT-REDIRECT | SET-USERS,Granular delegated identity administration.,"Identity platform; does not replace Oblivion site/domain-object rules or create tenant semantics. Wave-4: [CAP-AUTH-STAFF-EXTERNAL-IDENTITY] Provider-generic behavior does not prove Google/Microsoft configuration, Oblivion staff-role and site-access mapping, callback UI, or identical disconnect preconditions. [CAP-AUTH-TWO-FACTOR-LOGIN-CHALLENGE] Recovery-code entry, Laravel Fortify route/session policy, rate limits, local UI and enrolment/recovery lifecycle are outside this slice.",Native benchmark,"Separate view/manage/impersonate/grant; delegation ceiling; protected roles/last admin; step-up and audit. Wave-4: [CAP-AUTH-STAFF-EXTERNAL-IDENTITY] Support staff sign in through configured external identity providers, including redirect, callback processing, account linking, and authenticated disconnection of a linked provider. [CAP-AUTH-TWO-FACTOR-LOGIN-CHALLENGE] Present a second-factor login challenge, validate an authenticator code, reject invalid codes, and complete authentication only after valid second-factor proof.","Identity platform; does not replace Oblivion site/domain-object rules or create tenant semantics. Benchmark only; no code, UI, schema, wording or distinctive layout may be copied. Wave-4 target limits: [CAP-AUTH-STAFF-EXTERNAL-IDENTITY] Provider-generic behavior does not prove Google/Microsoft configuration, Oblivion staff-role and site-access mapping, callback UI, or identical disconnect preconditions. [CAP-AUTH-TWO-FACTOR-LOGIN-CHALLENGE] Recovery-code entry, Laravel Fortify route/session policy, rate limits, local UI and enrolment/recovery lifecycle are outside this slice. Benchmark behavior only; no implementation inheritance or copying.",Best fine-grained administration benchmark. Selected for fresh direct target-specific wave-4 evidence; no sibling or module-wide inheritance.,benchmark_wave4_ncm | ops_assets_security,root,p8_adversarial | wave4_integrity_review,IN_PROMPT_UNIQUE_95,1,HISTORICAL_ROW_STRUCTURALLY_VALIDATED_COMMITTED_LOCAL_ONLY,OFFICIAL_GITHUB_METADATA_ONLY_NO_FULL_TRIAGE_CREDIT,OFFICIAL_GITHUB_METADATA_SNAPSHOT_SUCCESS,keycloak/keycloak,main,1b145dcbe076ee05396b8ae9424c362fd03ecbce,2026-08-23T19:51:59Z,2026-08-24T01:01:39Z,2026-08-24T03:42:37Z,PUBLIC,false,false,Apache-2.0,Apache License 2.0,26.7.2,2026-08-19T05:26:20Z,2026-08-24T05:54:38.619975Z,METADATA_PREREQUISITE_ONLY_NO_BEHAVIOUR_LICENCE_ROOT_EDITION_MAPPING_SELECTION_OR_TRIAGE_CREDIT,false,"Official GitHub repository metadata only; root licence, edition boundary, maintenance quality, exact behavior, target parity, mapping, selection and completion were not established.",RUN-032,OBSERVED_NO_CREDIT,COMPLETE_OBSERVER_TRIAGE,b515f41a5c56936a4aa9a86e70f8479359aeccc4,b515f41a5c56936a4aa9a86e70f8479359aeccc4,1b145dcbe076ee05396b8ae9424c362fd03ecbce,1b145dcbe076ee05396b8ae9424c362fd03ecbce,SAME_AS_BASELINE,VERIFIED_ROOT_SPDX,Apache-2.0,https://github.com/keycloak/keycloak/blob/1b145dcbe076ee05396b8ae9424c362fd03ecbce/LICENSE.txt,BOUNDED_REPOSITORY_ONLY,SIGNALS_RECORDED_NO_QUALITY_INFERENCE,1,SEPARATE_FUTURE_DECISION,Two-factor challenge mechanics candidate.,5ec4d0d1a6f74c70b791d19c993998436e04630a81935cdbad7c8a6587b5e445,false,"Upstream observer evidence only; neutral requirement rewriting, current-product comparison, target selection, feature mapping, benchmark equivalence, release, and completion credit remain zero."
"HR, workforce, rostering, attendance, and time; HR/workforce",kimai/kimai,https://github.com/kimai/kimai,main,fd8989e9011aeff0a9ed573c294707140b4401b0,2026-08-12,pushed_at=11/08/2026 3:26:06 pm; head_committed_at=11/08/2026 3:14:38 pm; archived=False,AGPL-3.0,Repository-root provenance only; module/open-core boundaries require behaviour-specific verification.,Timesheet lockdown is timezone-aware and ordinary editing of exported entries is prevented. Primary source: https://github.com/kimai/kimai/blob/fd8989e9011aeff0a9ed573c294707140b4401b0/src/Timesheet/LockdownService.php#L141-L235,HR-PAYROLL-EXPORT | OPS-ATTENDANCE | OPS-ROUTE-OPERATIONS-TIMESHEETS-APPROVALS | OPS-ROUTE-OPERATIONS-TIMESHEETS-CREATE | OPS-TIMESHEET,Explicit period locks and privileged exceptions.,Does not establish a complete approval/payroll lifecycle.,Native benchmark,Draft/submitted/approved/exported/paid states; timezone locks; reasoned correction.,"Does not establish a complete approval/payroll lifecycle. Benchmark only; no code, UI, schema, wording or distinctive layout may be copied.",Best verified time-lock/export integrity reference.,benchmark_research,root,p8_adversarial,IN_PROMPT_UNIQUE_95,1,HISTORICAL_ROW_STRUCTURALLY_VALIDATED_COMMITTED_LOCAL_ONLY,OFFICIAL_GITHUB_METADATA_ONLY_NO_FULL_TRIAGE_CREDIT,OFFICIAL_GITHUB_METADATA_SNAPSHOT_SUCCESS,kimai/kimai,main,1f421c276badbf9eeff40852de305a1e4c1e829f,2026-08-19T21:06:07Z,2026-08-24T03:36:19Z,2026-08-23T19:28:29Z,PUBLIC,false,false,AGPL-3.0,GNU Affero General Public License v3.0,2.65.0,2026-08-11T15:26:06Z,2026-08-24T05:54:38.619975Z,METADATA_PREREQUISITE_ONLY_NO_BEHAVIOUR_LICENCE_ROOT_EDITION_MAPPING_SELECTION_OR_TRIAGE_CREDIT,false,"Official GitHub repository metadata only; root licence, edition boundary, maintenance quality, exact behavior, target parity, mapping, selection and completion were not established.",RUN-032,OBSERVED_NO_CREDIT,COMPLETE_OBSERVER_TRIAGE,fd8989e9011aeff0a9ed573c294707140b4401b0,fd8989e9011aeff0a9ed573c294707140b4401b0,1f421c276badbf9eeff40852de305a1e4c1e829f,1f421c276badbf9eeff40852de305a1e4c1e829f,SAME_AS_BASELINE,VERIFIED_ROOT_SPDX,AGPL-3.0,https://github.com/kimai/kimai/blob/1f421c276badbf9eeff40852de305a1e4c1e829f/LICENSE,BOUNDED_REPOSITORY_ONLY,SIGNALS_RECORDED_NO_QUALITY_INFERENCE,1,SEPARATE_FUTURE_DECISION,Timesheet lock/export-integrity candidate.,bc08f498fb31b1b3bb8260fad993f21271da93aeb3d35a662fa25b48989c84c5,false,"Upstream observer evidence only; neutral requirement rewriting, current-product comparison, target selection, feature mapping, benchmark equivalence, release, and completion credit remain zero."
"Finance, accounting, funding, billing, and asset accounting; Finance",ledgersmb/LedgerSMB,https://github.com/ledgersmb/LedgerSMB,master,fc8472baf609a4d609b176a835e8b408fae9caf9,2026-08-12,pushed_at=11/08/2026 10:45:53 pm; head_committed_at=10/08/2026 9:53:52 pm; archived=False,NOASSERTION,Repository-root provenance only; module/open-core boundaries require behaviour-specific verification.,"Separation-of-duties, approved reconciliation uniqueness and one source-linked reversal are database/workflow controls. Primary source: https://github.com/ledgersmb/LedgerSMB/blob/fc8472baf609a4d609b176a835e8b408fae9caf9/lib/LedgerSMB/Workflow/Condition/SeparateDuties.pm#L36-L49",FIN-PAYMENT-RUN,"Four-eyes, reconciliation uniqueness and reversal lineage.",Migration/workflow evidence is not UI proof.,Native benchmark,"Enforced duties, submitted-before-approved, one clear match and one reversal per source.","Migration/workflow evidence is not UI proof. Benchmark only; no code, UI, schema, wording or distinctive layout may be copied.",Conservative accounting approval/reversal reference.,finance,root,p8_adversarial,IN_PROMPT_UNIQUE_95,1,HISTORICAL_ROW_STRUCTURALLY_VALIDATED_COMMITTED_LOCAL_ONLY,OFFICIAL_GITHUB_METADATA_ONLY_NO_FULL_TRIAGE_CREDIT,OFFICIAL_GITHUB_METADATA_SNAPSHOT_SUCCESS,ledgersmb/LedgerSMB,master,91cee95127dbf033510a65e857b28c8ae32ea146,2026-08-23T06:55:58Z,2026-08-24T01:25:51Z,2026-08-23T20:22:06Z,PUBLIC,false,false,NOASSERTION,Other,1.13.7,2026-07-06T14:15:26Z,2026-08-24T05:54:38.619975Z,METADATA_PREREQUISITE_ONLY_NO_BEHAVIOUR_LICENCE_ROOT_EDITION_MAPPING_SELECTION_OR_TRIAGE_CREDIT,false,"Official GitHub repository metadata only; root licence, edition boundary, maintenance quality, exact behavior, target parity, mapping, selection and completion were not established.",RUN-032,PARTIAL_BLOCKED_NO_CREDIT,PARTIAL_BLOCKED,fc8472baf609a4d609b176a835e8b408fae9caf9,fc8472baf609a4d609b176a835e8b408fae9caf9,91cee95127dbf033510a65e857b28c8ae32ea146,91cee95127dbf033510a65e857b28c8ae32ea146,SAME_AS_BASELINE,VERIFIED_ROOT_FILE_EXACT_SPDX_QUALIFIER_BLOCKED,NOT_ESTABLISHED,https://github.com/ledgersmb/LedgerSMB/blob/91cee95127dbf033510a65e857b28c8ae32ea146/LICENSE,BOUNDED_REPOSITORY_ONLY,SIGNALS_RECORDED_NO_QUALITY_INFERENCE,1,BLOCKED,Finance approval separation-of-duties candidate.,3f29d1e40d522be8084492b658263eaa3d466adb8c66e3fb61d899bc0db3ed85,false,"Upstream observer evidence only; neutral requirement rewriting, current-product comparison, target selection, feature mapping, benchmark equivalence, release, and completion credit remain zero."
"HR, workforce, rostering, attendance, and time",lennystepn-hue/schichtplaner,https://github.com/lennystepn-hue/schichtplaner,master,91a91bbfb33ff6ad2aee0832cca3a38643f1c1f2,2026-08-14,commit=2026-03-02T16:21:17Z; pushed=2026-03-02T16:22:27Z; archived=false,MIT,Pinned MIT repository only; no separate enterprise source tree evidenced.,"Employee submits or cancels a shift wish; manager accepts or declines an OPEN request; acceptance refreshes schedule and books the employee. Exact official loci: src/components/schedule/wish-plan.tsx:L37-L122,L302-L352 | README.md:L23-L54,L337-L339",CAP-OPS-STAFF-AVAILABILITY | CAP-OPS-SHIFT-STAFFING-COVER | CAP-OPS-ROSTERING-PLANNING,Clear employee-request and manager-decision states with visible success/error feedback.,"No proof of competency, credential expiry, exclusions, fatigue, lone work, sleepover, travel, continuity, or fairness.",Native benchmark,Represent preference as OPEN; allow withdrawal; require authorized accept/decline; refresh staffing state; explain failed decisions.,"Frontend requests do not prove server authorization, allocation locking, or audit provenance.","Selected narrowly for preference-to-decision interaction, not complete supported-living rostering.",project_triage_wave,root,p8_adversarial,IN_PROMPT_UNIQUE_95,1,HISTORICAL_ROW_STRUCTURALLY_VALIDATED_COMMITTED_LOCAL_ONLY,OFFICIAL_GITHUB_METADATA_ONLY_NO_FULL_TRIAGE_CREDIT,OFFICIAL_GITHUB_METADATA_SNAPSHOT_SUCCESS,lennystepn-hue/schichtplaner,master,91a91bbfb33ff6ad2aee0832cca3a38643f1c1f2,2026-03-02T16:21:17Z,2026-03-02T16:22:27Z,2026-08-22T13:13:44Z,PUBLIC,false,false,MIT,MIT License,GITHUB_API_NULL,GITHUB_API_NULL,2026-08-24T05:54:38.619975Z,METADATA_PREREQUISITE_ONLY_NO_BEHAVIOUR_LICENCE_ROOT_EDITION_MAPPING_SELECTION_OR_TRIAGE_CREDIT,false,"Official GitHub repository metadata only; root licence, edition boundary, maintenance quality, exact behavior, target parity, mapping, selection and completion were not established.",RUN-032,OBSERVED_NO_CREDIT,COMPLETE_OBSERVER_TRIAGE,91a91bbfb33ff6ad2aee0832cca3a38643f1c1f2,91a91bbfb33ff6ad2aee0832cca3a38643f1c1f2,91a91bbfb33ff6ad2aee0832cca3a38643f1c1f2,91a91bbfb33ff6ad2aee0832cca3a38643f1c1f2,SAME_AS_BASELINE,VERIFIED_ROOT_SPDX,MIT,https://github.com/lennystepn-hue/schichtplaner/blob/91a91bbfb33ff6ad2aee0832cca3a38643f1c1f2/LICENSE,BOUNDED_REPOSITORY_ONLY,SIGNALS_RECORDED_NO_QUALITY_INFERENCE,1,SEPARATE_FUTURE_DECISION,Shift preference and manager-decision interaction candidate.,07684173c12057eb1fcb5288ed8a642456080670c8f0dfa530d56c7d6fdf8657,false,"Upstream observer evidence only; neutral requirement rewriting, current-product comparison, target selection, feature mapping, benchmark equivalence, release, and completion credit remain zero."
"IoT, smart healthcare equipment, telemetry, physical security, and IT monitoring; IoT/security/monitoring",librenms/librenms,https://github.com/librenms/librenms,master,9831e4e438e438f17445000c872817eb72511b1e,2026-08-14,pushed_at=2026-08-13T19:04:07Z; default=master; archived=false; pinned SHA reachable,GPL-3.0-only; root LICENSE.txt records included third-party-package exceptions,"Pinned LibreNMS repository only; device agents, transport services and environment-specific monitoring configuration are excluded.","Alert runner handles open and unacknowledged alerts, maintenance and recovery state, updates alert status, selects transports, attempts delivery and writes event logs. Loci: https://github.com/librenms/librenms/blob/9831e4e438e438f17445000c872817eb72511b1e/LibreNMS/Alert/RunAlerts.php#L514-L655 | https://github.com/librenms/librenms/blob/9831e4e438e438f17445000c872817eb72511b1e/LibreNMS/Alert/RunAlerts.php#L666-L756",CAP-CR-SIGNAL-TO-ALERT-PIPELINE | SEC-ALERTS-EVENTS | CAP-SEC-CATEGORY-PAGE-TRACKING-DEVICES,"Explicit alert lifecycle, maintenance suppression, multi-transport delivery and event logging.","Network-device monitoring differs from clinical safety workflow and does not demonstrate Site, consent or care-record governance.",Separate future decision,"Future consideration only: approved Site/device capability, policy-controlled alert routing, durable delivery attempts/outcomes, idempotency and recovery.","Network credentials, alert recipients and retransmission behaviour need deliberate governance; GPL obligations also apply.",Future: monitoring reference only; no native matrix or completion credit.,project_triage_wave4,root,p8_adversarial,IN_PROMPT_UNIQUE_95,1,HISTORICAL_ROW_STRUCTURALLY_VALIDATED_COMMITTED_LOCAL_ONLY,OFFICIAL_GITHUB_METADATA_ONLY_NO_FULL_TRIAGE_CREDIT,OFFICIAL_GITHUB_METADATA_SNAPSHOT_SUCCESS,librenms/librenms,master,9212d2599feff10c58d43b2200ef46b0c2e6d3dc,2026-08-23T17:01:46Z,2026-08-23T17:01:47Z,2026-08-23T17:03:29Z,PUBLIC,false,false,NOASSERTION,Other,26.8.1,2026-08-19T09:29:18Z,2026-08-24T05:54:38.619975Z,METADATA_PREREQUISITE_ONLY_NO_BEHAVIOUR_LICENCE_ROOT_EDITION_MAPPING_SELECTION_OR_TRIAGE_CREDIT,false,"Official GitHub repository metadata only; root licence, edition boundary, maintenance quality, exact behavior, target parity, mapping, selection and completion were not established.",RUN-032,PARTIAL_BLOCKED_NO_CREDIT,PARTIAL_BLOCKED,9831e4e438e438f17445000c872817eb72511b1e,9831e4e438e438f17445000c872817eb72511b1e,9212d2599feff10c58d43b2200ef46b0c2e6d3dc,9212d2599feff10c58d43b2200ef46b0c2e6d3dc,SAME_AS_BASELINE,VERIFIED_ROOT_FILE_EXACT_SPDX_BLOCKED_BY_EXCEPTIONS,NOT_ESTABLISHED,https://github.com/librenms/librenms/blob/9212d2599feff10c58d43b2200ef46b0c2e6d3dc/LICENSE.txt,BOUNDED_REPOSITORY_ONLY,SIGNALS_RECORDED_NO_QUALITY_INFERENCE,1,BLOCKED,Monitoring alert lifecycle candidate.,a8de59601797d2e3268dbbb908b6cc8c3eda070f211e75bc21da3fd2e754c633,false,"Upstream observer evidence only; neutral requirement rewriting, current-product comparison, target selection, feature mapping, benchmark equivalence, release, and completion credit remain zero."
"IoT, smart healthcare equipment, telemetry, physical security, and IT monitoring",louislam/uptime-kuma,https://github.com/louislam/uptime-kuma,master,41ecaf17bdda1a16285dd1f164ba67ff7ad54fd3,2026-08-14,pinned commit remains reachable; active and unarchived,MIT,Pinned public MIT repository only; hosted/enterprise-only behavior not inferred.,"Monitor beats derive UP/DOWN/PENDING/MAINTENANCE, retry/resend and transition-sensitive notification; maintenance models timezone-aware manual/single/cron/recurring active states. Exact official loci: https://github.com/louislam/uptime-kuma/blob/41ecaf17bdda1a16285dd1f164ba67ff7ad54fd3/server/model/monitor.js#L427-L480 | https://github.com/louislam/uptime-kuma/blob/41ecaf17bdda1a16285dd1f164ba67ff7ad54fd3/server/model/monitor.js#L927-L1059 | https://github.com/louislam/uptime-kuma/blob/41ecaf17bdda1a16285dd1f164ba67ff7ad54fd3/server/model/monitor.js#L1385-L1441 | https://github.com/louislam/uptime-kuma/blob/41ecaf17bdda1a16285dd1f164ba67ff7ad54fd3/server/model/maintenance.js#L391-L448",CAP-CR-CONTROL-ROOM-SETTINGS-MAINTENANCE-WINDOWS | CAP-CR-DEVICE-OVERSIGHT | CAP-CR-SIGNAL-TO-ALERT-PIPELINE,"Explicit signal/retry states, transition notification, repeat policy and timezone-aware maintenance suppression.","Availability monitoring is not safety-signal provenance, custody, Site/client routing, durable outbox, acknowledgement or incident creation.",Native benchmark,Persist signal state/evidence; distinguish retry/final failure; notify governed transitions; model maintenance visibly rather than discard.,Maintenance suppression can conceal safety events; retain signals and apply domain-specific bypass/escalation.,"Selected for monitoring/maintenance mechanics, not healthcare safety authority.",project_triage_wave2,root,p8_adversarial,IN_PROMPT_UNIQUE_95,1,HISTORICAL_ROW_STRUCTURALLY_VALIDATED_COMMITTED_LOCAL_ONLY,OFFICIAL_GITHUB_METADATA_ONLY_NO_FULL_TRIAGE_CREDIT,OFFICIAL_GITHUB_METADATA_SNAPSHOT_SUCCESS,louislam/uptime-kuma,master,34f2b6c6dd0a1039799fdb37a9735feb3a517d71,2026-08-24T03:32:06Z,2026-08-24T03:32:09Z,2026-08-24T05:54:07Z,PUBLIC,false,false,MIT,MIT License,2.5.3,2026-08-22T09:20:48Z,2026-08-24T05:54:38.619975Z,METADATA_PREREQUISITE_ONLY_NO_BEHAVIOUR_LICENCE_ROOT_EDITION_MAPPING_SELECTION_OR_TRIAGE_CREDIT,false,"Official GitHub repository metadata only; root licence, edition boundary, maintenance quality, exact behavior, target parity, mapping, selection and completion were not established.",RUN-032,OBSERVED_NO_CREDIT,COMPLETE_OBSERVER_TRIAGE,41ecaf17bdda1a16285dd1f164ba67ff7ad54fd3,41ecaf17bdda1a16285dd1f164ba67ff7ad54fd3,34f2b6c6dd0a1039799fdb37a9735feb3a517d71,34f2b6c6dd0a1039799fdb37a9735feb3a517d71,SAME_AS_BASELINE,VERIFIED_ROOT_SPDX,MIT,https://github.com/louislam/uptime-kuma/blob/34f2b6c6dd0a1039799fdb37a9735feb3a517d71/LICENSE,BOUNDED_REPOSITORY_ONLY,SIGNALS_RECORDED_NO_QUALITY_INFERENCE,1,SEPARATE_FUTURE_DECISION,Monitoring and maintenance-state candidate.,4845fa9fdfb3a9f815fb9544f9d2ae2d7b1949d4457cc128b8c834b217b34c7c,false,"Upstream observer evidence only; neutral requirement rewriting, current-product comparison, target selection, feature mapping, benchmark equivalence, release, and completion credit remain zero."
Cross-cutting features previously under-represented; Roadmap/projects/actions,makeplane/plane,https://github.com/makeplane/plane,preview,1c8a60f858d8472aa56e29994ec1c7926da2c6ce,2026-08-14,pushed_at=2026-08-13T11:39:46Z; default=preview; archived=false; pinned SHA reachable,AGPL-3.0,"Pinned Plane repository and preview branch only; cloud, enterprise and deployment-specific services are excluded.","Issue creation verifies workspace/project membership, serializes and persists the issue, then records activity, webhook and description-version effects. Loci: https://github.com/makeplane/plane/blob/1c8a60f858d8472aa56e29994ec1c7926da2c6ce/apps/api/plane/app/views/issue/base.py#L90-L106 | https://github.com/makeplane/plane/blob/1c8a60f858d8472aa56e29994ec1c7926da2c6ce/apps/api/plane/app/views/issue/base.py#L404-L488",CAP-GOV-ACTION-TRACKING-MANAGEMENT | CAP-GOV-ACTION-COMPLETION | CAP-DAY-ALL-TASKS-WORKBENCH,"Substantive issue creation, membership filtering, activity history and webhook/version side effects.",Workspace/project roles are not Oblivion Site scope or record privacy; notification and webhook outcomes are not native proof.,Separate future decision,"Future consideration only: canonical action ownership, Site/role privacy, state-transition authority, assignment evidence, audit and reliable notification recovery.",Async effects must not cause completion or notification claims before durable authoritative state exists.,Future: work-management reference only; no native matrix or completion credit.,project_triage_wave4,root,p8_adversarial,IN_PROMPT_UNIQUE_95,1,HISTORICAL_ROW_STRUCTURALLY_VALIDATED_COMMITTED_LOCAL_ONLY,OFFICIAL_GITHUB_METADATA_ONLY_NO_FULL_TRIAGE_CREDIT,OFFICIAL_GITHUB_METADATA_SNAPSHOT_SUCCESS,makeplane/plane,preview,e056bbf9eb6b511cdc0a5823b1bd6922e561a485,2026-08-16T18:06:30Z,2026-08-23T14:56:46Z,2026-08-24T05:53:29Z,PUBLIC,false,false,AGPL-3.0,GNU Affero General Public License v3.0,v1.4.2,2026-08-23T14:39:21Z,2026-08-24T05:54:38.619975Z,METADATA_PREREQUISITE_ONLY_NO_BEHAVIOUR_LICENCE_ROOT_EDITION_MAPPING_SELECTION_OR_TRIAGE_CREDIT,false,"Official GitHub repository metadata only; root licence, edition boundary, maintenance quality, exact behavior, target parity, mapping, selection and completion were not established.",RUN-032,OBSERVED_NO_CREDIT,COMPLETE_OBSERVER_TRIAGE,1c8a60f858d8472aa56e29994ec1c7926da2c6ce,1c8a60f858d8472aa56e29994ec1c7926da2c6ce,e056bbf9eb6b511cdc0a5823b1bd6922e561a485,e056bbf9eb6b511cdc0a5823b1bd6922e561a485,SAME_AS_BASELINE,VERIFIED_ROOT_SPDX,AGPL-3.0,https://github.com/makeplane/plane/blob/e056bbf9eb6b511cdc0a5823b1bd6922e561a485/LICENSE.txt,BOUNDED_REPOSITORY_ONLY,SIGNALS_RECORDED_NO_QUALITY_INFERENCE,1,SEPARATE_FUTURE_DECISION,Work-item lifecycle candidate.,32783be1babd1114b5a077007e261f1357396a0b4dd2d6a85853998d4d975768,false,"Upstream observer evidence only; neutral requirement rewriting, current-product comparison, target selection, feature mapping, benchmark equivalence, release, and completion credit remain zero."
Cross-cutting features previously under-represented; Catering/meal planning/shopping,mealie-recipes/mealie,https://github.com/mealie-recipes/mealie,mealie-next,b9b3ac9b286a61527f6cf821453933af577b628f,2026-08-12,pushed_at=11/08/2026 11:07:43 pm; head_committed_at=11/08/2026 11:07:40 pm; archived=False,AGPL-3.0,Repository-root provenance only; module/open-core boundaries require behaviour-specific verification.,Shopping items retain recipe links and checked state; recipes can generate list items; meal rules are day/type scoped. Primary source: https://github.com/mealie-recipes/mealie/blob/b9b3ac9b286a61527f6cf821453933af577b628f/mealie/routes/households/controller_shopping_lists.py,SITE-FRONTEND-CATERING-RECIPES | SITE-RECIPE | SITE-SITE-MEAL-PLAN | SITE-SITE-MEAL-SHOPPING-LIST | SITE-SITE-MEAL-WEEK-TEMPLATE,Recipe-to-shopping continuity.,Household product; no clinical authority or site/person privacy.,Native benchmark,"Recipe/meal provenance, reversible completion, site scope and conflict re-evaluation.","Household product; no clinical authority or site/person privacy. Benchmark only; no code, UI, schema, wording or distinctive layout may be copied.",Low-risk planning/shopping benchmark only.,ops_assets_security,root,p8_adversarial,IN_PROMPT_UNIQUE_95,1,HISTORICAL_ROW_STRUCTURALLY_VALIDATED_COMMITTED_LOCAL_ONLY,OFFICIAL_GITHUB_METADATA_ONLY_NO_FULL_TRIAGE_CREDIT,OFFICIAL_GITHUB_METADATA_SNAPSHOT_SUCCESS,mealie-recipes/mealie,mealie-next,e01629a37ca518f5a8d480907edf8071fd5498ec,2026-08-24T04:36:52Z,2026-08-24T04:49:55Z,2026-08-24T04:49:59Z,PUBLIC,false,false,AGPL-3.0,GNU Affero General Public License v3.0,v3.23.1,2026-08-18T14:41:51Z,2026-08-24T05:54:38.619975Z,METADATA_PREREQUISITE_ONLY_NO_BEHAVIOUR_LICENCE_ROOT_EDITION_MAPPING_SELECTION_OR_TRIAGE_CREDIT,false,"Official GitHub repository metadata only; root licence, edition boundary, maintenance quality, exact behavior, target parity, mapping, selection and completion were not established.",RUN-032,OBSERVED_NO_CREDIT,COMPLETE_OBSERVER_TRIAGE,b9b3ac9b286a61527f6cf821453933af577b628f,b9b3ac9b286a61527f6cf821453933af577b628f,e01629a37ca518f5a8d480907edf8071fd5498ec,e01629a37ca518f5a8d480907edf8071fd5498ec,SAME_AS_BASELINE,VERIFIED_ROOT_SPDX,AGPL-3.0,https://github.com/mealie-recipes/mealie/blob/e01629a37ca518f5a8d480907edf8071fd5498ec/LICENSE,BOUNDED_REPOSITORY_ONLY,SIGNALS_RECORDED_NO_QUALITY_INFERENCE,1,SEPARATE_FUTURE_DECISION,Low-risk meal/shopping planning candidate.,90cf30aa9bf266071c7328125ac99134971059296636a2d2ca409b6c2b69ed7a,false,"Upstream observer evidence only; neutral requirement rewriting, current-product comparison, target selection, feature mapping, benchmark equivalence, release, and completion credit remain zero."
"Client/patient profiles, community care, offline tasks, and forms",medic/cht-core,https://github.com/medic/cht-core,master,1d7a4827b0f681b42fa67f1eebaa77e7b89349bc,2026-08-14,commit=2026-08-13T04:54:29Z; pushed=2026-08-13T22:35:38Z; archived=false,AGPL-3.0-only,CHT Core AGPL-3.0; configuration and cht-conf are separate; hosting/support is a service.,"Task engine derives Draft/Ready/Completed/Failed/Cancelled with timestamped history and terminal states; mobile action hydrates person context, renders/saves form, reports failure and returns to task list. Exact official loci: shared-libs/rules-engine/src/task-states.js:L28-L155 | webapp/src/ts/modules/tasks/tasks-content.component.ts:L152-L206,L259-L369 | README.md:L9-L35,L55-L57",CAP-DAY-ALL-TASKS-WORKBENCH | CAP-OPS-MY-DAY-SHIFT-TASK-COMPLETION | CAP-RESP-TASK-EXECUTION,"Offline-oriented due-state calculation, durable history, person-context execution and recovery.","Does not prove Oblivion shift/site/role ownership, medication authority, respite approval or cross-provider aggregation.",Native benchmark,Compute due state; persist timestamped transitions; carry person context; distinguish terminal states; expose retryable save errors.,"Offline sync can cause stale/replayed work; Oblivion needs versioning, Site access and idempotent completion.",Selected for frontline task execution and offline/recovery behavior.,project_triage_wave,root,p8_adversarial,IN_PROMPT_UNIQUE_95,1,HISTORICAL_ROW_STRUCTURALLY_VALIDATED_COMMITTED_LOCAL_ONLY,OFFICIAL_GITHUB_METADATA_ONLY_NO_FULL_TRIAGE_CREDIT,OFFICIAL_GITHUB_METADATA_SNAPSHOT_SUCCESS,medic/cht-core,master,4bc9caccb9cc4911e094c94c6064023d463f5562,2026-08-21T20:03:52Z,2026-08-24T04:50:04Z,2026-08-21T20:04:48Z,PUBLIC,false,false,AGPL-3.0,GNU Affero General Public License v3.0,5.2.0,2026-06-26T13:41:12Z,2026-08-24T05:54:38.619975Z,METADATA_PREREQUISITE_ONLY_NO_BEHAVIOUR_LICENCE_ROOT_EDITION_MAPPING_SELECTION_OR_TRIAGE_CREDIT,false,"Official GitHub repository metadata only; root licence, edition boundary, maintenance quality, exact behavior, target parity, mapping, selection and completion were not established.",RUN-032,OBSERVED_NO_CREDIT,COMPLETE_OBSERVER_TRIAGE,1d7a4827b0f681b42fa67f1eebaa77e7b89349bc,1d7a4827b0f681b42fa67f1eebaa77e7b89349bc,4bc9caccb9cc4911e094c94c6064023d463f5562,4bc9caccb9cc4911e094c94c6064023d463f5562,SAME_AS_BASELINE,VERIFIED_ROOT_SPDX,AGPL-3.0,https://github.com/medic/cht-core/blob/4bc9caccb9cc4911e094c94c6064023d463f5562/LICENSE,BOUNDED_REPOSITORY_ONLY,SIGNALS_RECORDED_NO_QUALITY_INFERENCE,1,SEPARATE_FUTURE_DECISION,Frontline task state and offline/recovery candidate.,90db26350c9e213b66596dc08dfa2c9e757aee0ba4da851dcd71be026f24342d,false,"Upstream observer evidence only; neutral requirement rewriting, current-product comparison, target selection, feature mapping, benchmark equivalence, release, and completion credit remain zero."
"Client/patient profiles, care, clinical records, eMAR, forms, referrals, and portals; Care/clinical/eMAR",medplum/medplum,https://github.com/medplum/medplum,main,2aa0a96b2795cede207b94090092c7a82b04cd9b,2026-08-12,pushed_at=11/08/2026 11:14:57 pm; head_committed_at=11/08/2026 9:11:18 pm; archived=False,Apache-2.0,Repository-root provenance only; module/open-core boundaries require behaviour-specific verification.,"Policies constrain resource, interaction and fields; audit events retain actor/entity/source/outcome; questionnaires can require signatures. Primary source: https://github.com/medplum/medplum/blob/2aa0a96b2795cede207b94090092c7a82b04cd9b/packages/server/src/fhir/accesspolicy.ts#L171-L220",PRIV-AUDIT-EXPORT | PRIV-AUDIT-LOG | PRIV-AUDIT-LOG-SETTINGS | PRIV-DATA-SUBJECT-REQUEST | PRIV-GOVERNANCE-AUDIT-LOG,Explicit interaction access and audit provenance.,Project/hosted architecture must not be imported as tenancy or assurance.,Native benchmark,Role/site/object/field rules; redacted actor/resource/outcome audit; accountable signatures.,"Project/hosted architecture must not be imported as tenancy or assurance. Benchmark only; no code, UI, schema, wording or distinctive layout may be copied.",Strong verified access/audit/questionnaire concepts.,benchmark_research,root,p8_adversarial,IN_PROMPT_UNIQUE_95,1,HISTORICAL_ROW_STRUCTURALLY_VALIDATED_COMMITTED_LOCAL_ONLY,OFFICIAL_GITHUB_METADATA_ONLY_NO_FULL_TRIAGE_CREDIT,OFFICIAL_GITHUB_METADATA_SNAPSHOT_SUCCESS,medplum/medplum,main,b3be0208ce4726712d5643cb28020ae0771b43da,2026-08-21T22:39:53Z,2026-08-22T00:58:07Z,2026-08-23T11:00:22Z,PUBLIC,false,false,Apache-2.0,Apache License 2.0,v5.1.31,2026-08-20T20:55:22Z,2026-08-24T05:54:38.619975Z,METADATA_PREREQUISITE_ONLY_NO_BEHAVIOUR_LICENCE_ROOT_EDITION_MAPPING_SELECTION_OR_TRIAGE_CREDIT,false,"Official GitHub repository metadata only; root licence, edition boundary, maintenance quality, exact behavior, target parity, mapping, selection and completion were not established.",RUN-032,OBSERVED_NO_CREDIT,COMPLETE_OBSERVER_TRIAGE,2aa0a96b2795cede207b94090092c7a82b04cd9b,2aa0a96b2795cede207b94090092c7a82b04cd9b,b3be0208ce4726712d5643cb28020ae0771b43da,b3be0208ce4726712d5643cb28020ae0771b43da,SAME_AS_BASELINE,VERIFIED_ROOT_SPDX,Apache-2.0,https://github.com/medplum/medplum/blob/b3be0208ce4726712d5643cb28020ae0771b43da/LICENSE.txt,BOUNDED_REPOSITORY_ONLY,SIGNALS_RECORDED_NO_QUALITY_INFERENCE,1,SEPARATE_FUTURE_DECISION,Clinical-resource access-policy candidate.,6116dd9371e198dd3f657d5a2c4d4b77a7167c44efc8d7c1d0c88200adc85f39,false,"Upstream observer evidence only; neutral requirement rewriting, current-product comparison, target selection, feature mapping, benchmark equivalence, release, and completion credit remain zero."
"Client/patient profiles, care, clinical records, eMAR, forms, referrals, and portals",medplum/medplum-provider,https://github.com/medplum/medplum-provider,main,fe2c993a4ed161e6795b3bfd90009fb1fa5c68b3,2026-08-14,pushed_at=2026-08-13T18:59:39Z; default=main; archived=false; pinned SHA reachable,Apache-2.0,"Pinned provider client repository only; Medplum server, FHIR persistence, access policy and external services are excluded.","Booking form calls a FHIR $book operation, validates returned appointment and attempts encounter creation; sign-lock dialog merely delegates onSign. Loci: https://github.com/medplum/medplum-provider/blob/fe2c993a4ed161e6795b3bfd90009fb1fa5c68b3/src/components/schedule/BookAppointmentForm.tsx#L97-L164 | https://github.com/medplum/medplum-provider/blob/fe2c993a4ed161e6795b3bfd90009fb1fa5c68b3/src/components/encounter/SignLockDialog.tsx#L11-L26",CAP-OPS-CLIENT-RECORD-LIFECYCLE | CAP-CLIN-CLIENT-SUMMARY,Shows appointment booking response validation and an explicit encounter follow-on attempt.,Client depends on Medplum server authority; encounter-creation failure is caught and logged while success handling continues.,Reject,"Any future booking workflow needs atomic appointment/encounter policy, canonical client and Site scope, consent, audit and failure recovery.",A split booking/encounter outcome can create clinically misleading state unless server transaction/reconciliation is proven.,Reject: client integration cannot establish authoritative native clinical workflow; no matrix credit.,project_triage_wave4,root,p8_adversarial,HISTORICAL_EXTRA_OUTSIDE_PROMPT,0,HISTORICAL_ROW_STRUCTURALLY_VALIDATED_COMMITTED_LOCAL_ONLY,NOT_REFRESHED_2026-08-24_CURRENT_AUDIT,NOT_IN_PROMPT_METADATA_SNAPSHOT,NOT_REFRESHED,NOT_REFRESHED,NOT_REFRESHED,NOT_REFRESHED,NOT_REFRESHED,NOT_REFRESHED,NOT_REFRESHED,NOT_REFRESHED,NOT_REFRESHED,NOT_REFRESHED,NOT_REFRESHED,NOT_REFRESHED,NOT_REFRESHED,NOT_REFRESHED,NO_CURRENT_METADATA_CREDIT,false,"Historical provenance only; current metadata, maintenance, ref reachability, licence, edition boundary, behavior and target parity were not refreshed.",NOT_IN_PROMPT_OBSERVER_TRIAGE,NOT_IN_PROMPT_OBSERVER_TRIAGE,NOT_IN_PROMPT_OBSERVER_TRIAGE,NOT_IN_PROMPT_OBSERVER_TRIAGE,NOT_IN_PROMPT_OBSERVER_TRIAGE,NOT_IN_PROMPT_OBSERVER_TRIAGE,NOT_IN_PROMPT_OBSERVER_TRIAGE,NOT_IN_PROMPT_OBSERVER_TRIAGE,NOT_IN_PROMPT_OBSERVER_TRIAGE,NOT_IN_PROMPT_OBSERVER_TRIAGE,NOT_IN_PROMPT_OBSERVER_TRIAGE,NOT_IN_PROMPT_OBSERVER_TRIAGE,NOT_IN_PROMPT_OBSERVER_TRIAGE,0,NOT_IN_PROMPT_OBSERVER_TRIAGE,NOT_IN_PROMPT_OBSERVER_TRIAGE,NOT_IN_PROMPT_OBSERVER_TRIAGE,false,"Historical extra outside the exact 95-project prompt denominator; no current observer, mapping, benchmark, or completion credit."
"Health and safety, incidents, hazards, risks, evidence, and corrective action",MeyerThorsten/QAtrial,https://github.com/MeyerThorsten/QAtrial,main,b10fab722caf9561bcf4fdb03cc9733156992635,2026-08-14,commit/pushed=2026-04-17T11:57Z; archived=false,AGPL-3.0-only,Pinned AGPL-3.0 repository; standalone/server are modes of the same codebase.,"CAPA validates transitions, retains cause/corrective/preventive/effectiveness, logs change and emits resolution cascade; deviations progress detected through closed with actor/time. Exact official loci: server/routes/capa.ts:L137-L185 | server/routes/deviations.ts:L154-L197,L224-L344 | README.md:L223-L239,L576-L580",CAP-HS-CORRECTIVE-ACTION-DELIVERY-CLOSURE | CAP-HS-CORRECTIVE-ACTION-VERIFICATION-REWORK | CAP-HS-INVESTIGATION-CONDUCT-SUBMIT,"Closed-loop deviation/CAPA states, effectiveness, transition validation and consequences.","Young project; compliance claims are not certification, immutable-audit assurance, NZ WorkSafe compliance or maturity proof.",Native benchmark,"Use governed states; link deviation/action; capture cause, corrective/preventive action and effectiveness; record actor/time; validate transitions.","Do not treat README compliance claims as assurance; immutability, authorization and transactions need proof.",Selected for exact lifecycle behavior with explicit maturity limitation.,project_triage_wave,root,p8_adversarial,IN_PROMPT_UNIQUE_95,1,HISTORICAL_ROW_STRUCTURALLY_VALIDATED_COMMITTED_LOCAL_ONLY,OFFICIAL_GITHUB_METADATA_ONLY_NO_FULL_TRIAGE_CREDIT,OFFICIAL_GITHUB_METADATA_SNAPSHOT_SUCCESS,MeyerThorsten/QAtrial,main,b10fab722caf9561bcf4fdb03cc9733156992635,2026-04-17T11:57:18Z,2026-04-17T11:57:22Z,2026-08-21T15:22:35Z,PUBLIC,false,false,AGPL-3.0,GNU Affero General Public License v3.0,GITHUB_API_NULL,GITHUB_API_NULL,2026-08-24T05:54:38.619975Z,METADATA_PREREQUISITE_ONLY_NO_BEHAVIOUR_LICENCE_ROOT_EDITION_MAPPING_SELECTION_OR_TRIAGE_CREDIT,false,"Official GitHub repository metadata only; root licence, edition boundary, maintenance quality, exact behavior, target parity, mapping, selection and completion were not established.",RUN-032,OBSERVED_NO_CREDIT,COMPLETE_OBSERVER_TRIAGE,b10fab722caf9561bcf4fdb03cc9733156992635,b10fab722caf9561bcf4fdb03cc9733156992635,b10fab722caf9561bcf4fdb03cc9733156992635,b10fab722caf9561bcf4fdb03cc9733156992635,SAME_AS_BASELINE,VERIFIED_ROOT_SPDX,AGPL-3.0,https://github.com/MeyerThorsten/QAtrial/blob/b10fab722caf9561bcf4fdb03cc9733156992635/LICENSE,BOUNDED_REPOSITORY_ONLY,SIGNALS_RECORDED_NO_QUALITY_INFERENCE,1,SEPARATE_FUTURE_DECISION,CAPA lifecycle candidate with explicit maturity caveat.,1256a2a1e72c94ee9897dc33915cccc6a7e784cf0b488524062e5c4ed7e92f93,false,"Upstream observer evidence only; neutral requirement rewriting, current-product comparison, target selection, feature mapping, benchmark equivalence, release, and completion credit remain zero."
"Cross-cutting training, LMS and competency",moodle/moodle,https://github.com/moodle/moodle,main,3deaeb9e4d026b75ba8f2f4a9108f6340a85df7a,2026-08-14,pinned commit 2026-08-07; active public mirror,GPL-3.0-only,"Pinned GPL public mirror only; MoodleCloud, proprietary plugins and external frameworks excluded.","Prior-learning evidence binds immutable learner identity, attachments and competency; requests review; records assessor/action/context/grade/proficiency/note and emits an event; course progress derives from completed activities. Exact official loci: https://github.com/moodle/moodle/blob/3deaeb9e4d026b75ba8f2f4a9108f6340a85df7a/public/competency/classes/api.php#L3810-L3863 | https://github.com/moodle/moodle/blob/3deaeb9e4d026b75ba8f2f4a9108f6340a85df7a/public/competency/classes/api.php#L3927-L3962 | https://github.com/moodle/moodle/blob/3deaeb9e4d026b75ba8f2f4a9108f6340a85df7a/public/competency/classes/api.php#L4023-L4039 | https://github.com/moodle/moodle/blob/3deaeb9e4d026b75ba8f2f4a9108f6340a85df7a/public/competency/classes/api.php#L4262-L4510 | https://github.com/moodle/moodle/blob/3deaeb9e4d026b75ba8f2f4a9108f6340a85df7a/public/completion/classes/progress.php#L41-L82",CAP-HR-COMPETENCY-ASSESSMENT | CAP-HR-COMPETENCY-DEFINITIONS | CAP-HR-COMPETENCY-EVIDENCE-SIGNOFF | CAP-MED-STAFF-COMPETENCY-REGISTER,"Evidence attachments, capability gates, learner immutability, explicit review, assessor provenance and proficiency event trail.","No medication competency expiry, observation rubric, assessor independence, Site authority, exemption, revocation or roster/eMAR enforcement.",Native benchmark,Separate competency from completion; bind learner/evidence; require authority/review; record assessor/context/grade/note; validate and emit durable change.,Low-level add_evidence performs no capability check; every exposed caller must enforce authority.,Selected for competency evidence and review beyond course completion.,project_triage_wave2,root,p8_adversarial,IN_PROMPT_UNIQUE_95,1,HISTORICAL_ROW_STRUCTURALLY_VALIDATED_COMMITTED_LOCAL_ONLY,OFFICIAL_GITHUB_METADATA_ONLY_NO_FULL_TRIAGE_CREDIT,OFFICIAL_GITHUB_METADATA_SNAPSHOT_SUCCESS,moodle/moodle,main,6216fe4ed19a5a3c88c0951d1647e9f2d626bcbb,2026-08-18T16:04:03Z,2026-08-18T16:21:56Z,2026-08-23T20:01:05Z,PUBLIC,false,false,GPL-3.0,GNU General Public License v3.0,GITHUB_API_NULL,GITHUB_API_NULL,2026-08-24T05:54:38.619975Z,METADATA_PREREQUISITE_ONLY_NO_BEHAVIOUR_LICENCE_ROOT_EDITION_MAPPING_SELECTION_OR_TRIAGE_CREDIT,false,"Official GitHub repository metadata only; root licence, edition boundary, maintenance quality, exact behavior, target parity, mapping, selection and completion were not established.",RUN-032,OBSERVED_NO_CREDIT,COMPLETE_OBSERVER_TRIAGE,3deaeb9e4d026b75ba8f2f4a9108f6340a85df7a,3deaeb9e4d026b75ba8f2f4a9108f6340a85df7a,6216fe4ed19a5a3c88c0951d1647e9f2d626bcbb,6216fe4ed19a5a3c88c0951d1647e9f2d626bcbb,SAME_AS_BASELINE,VERIFIED_ROOT_SPDX,GPL-3.0,https://github.com/moodle/moodle/blob/6216fe4ed19a5a3c88c0951d1647e9f2d626bcbb/COPYING.txt,BOUNDED_REPOSITORY_ONLY,SIGNALS_RECORDED_NO_QUALITY_INFERENCE,1,SEPARATE_FUTURE_DECISION,Competency evidence and review candidate.,e913ee3bab5572be7bb72ab60bb51e5768786c2192dc97d79f8b972aea9be5b5,false,"Upstream observer evidence only; neutral requirement rewriting, current-product comparison, target selection, feature mapping, benchmark equivalence, release, and completion credit remain zero."
"Asset, equipment, CMMS, inventory, site, room, and facility profiles; IoT, smart healthcare equipment, telemetry, physical security, and IT monitoring; Assets/sites/facilities; IoT/security/monitoring",netbox-community/netbox,https://github.com/netbox-community/netbox,main,a08d9f13fceeab9fc5bf8f998ddc0997e867eab8,2026-08-12,pushed_at=11/08/2026 11:18:38 pm; head_committed_at=11/08/2026 11:17:15 pm; archived=False,Apache-2.0,Repository-root provenance only; module/open-core boundaries require behaviour-specific verification.,ObjectPermission combines object types/actions/constraints and converts constraints to query filters; changes are logged. Primary source: https://github.com/netbox-community/netbox/blob/a08d9f13fceeab9fc5bf8f998ddc0997e867eab8/netbox/users/models/permissions.py,SITE-SITE-HARDWARE | SITE-SITE-RESOURCE | SITE-SITE-ROOM | SITE-SITE-ZONE,Query-level object constraints and change logging.,"Infrastructure intended state, not care delivery.",Native benchmark,"Action/object scope, identical constraints across outputs, explicit bypass and before/after provenance.","Infrastructure intended state, not care delivery. Benchmark only; no code, UI, schema, wording or distinctive layout may be copied.",Best site-constrained object permission reference.,ops_assets_security,root,p8_adversarial,IN_PROMPT_UNIQUE_95,2,HISTORICAL_ROW_STRUCTURALLY_VALIDATED_COMMITTED_LOCAL_ONLY,OFFICIAL_GITHUB_METADATA_ONLY_NO_FULL_TRIAGE_CREDIT,OFFICIAL_GITHUB_METADATA_SNAPSHOT_SUCCESS,netbox-community/netbox,main,43fe81f9e833228c9869f7ddadb67e6c5f145060,2026-08-22T05:06:32Z,2026-08-23T00:11:56Z,2026-08-24T02:29:01Z,PUBLIC,false,false,Apache-2.0,Apache License 2.0,v4.6.8,2026-08-11T13:38:22Z,2026-08-24T05:54:38.619975Z,METADATA_PREREQUISITE_ONLY_NO_BEHAVIOUR_LICENCE_ROOT_EDITION_MAPPING_SELECTION_OR_TRIAGE_CREDIT,false,"Official GitHub repository metadata only; root licence, edition boundary, maintenance quality, exact behavior, target parity, mapping, selection and completion were not established.",RUN-032,OBSERVED_NO_CREDIT,COMPLETE_OBSERVER_TRIAGE,a08d9f13fceeab9fc5bf8f998ddc0997e867eab8,a08d9f13fceeab9fc5bf8f998ddc0997e867eab8,43fe81f9e833228c9869f7ddadb67e6c5f145060,43fe81f9e833228c9869f7ddadb67e6c5f145060,SAME_AS_BASELINE,VERIFIED_ROOT_SPDX,Apache-2.0,https://github.com/netbox-community/netbox/blob/43fe81f9e833228c9869f7ddadb67e6c5f145060/LICENSE.txt,BOUNDED_REPOSITORY_ONLY,SIGNALS_RECORDED_NO_QUALITY_INFERENCE,1,SEPARATE_FUTURE_DECISION,Constrained object-permission model candidate.,1b1da941686a5a33f3925e39f1fe1a6fda6a54c34512a51db5d3c3621a79e89b,false,"Upstream observer evidence only; neutral requirement rewriting, current-product comparison, target selection, feature mapping, benchmark equivalence, release, and completion credit remain zero."
"IoT, smart healthcare equipment, telemetry, physical security, and IT monitoring; IoT/security/monitoring",node-red/node-red,https://github.com/node-red/node-red,main,1f38dc899b1d6d24b05369023ef2d83b808cd55d,2026-08-14,pushed_at=2026-08-13T15:42:31Z; default=main; archived=false; pinned SHA reachable,Apache-2.0,"Pinned Node-RED runtime only; user-installed nodes, flows, secret stores and external endpoints are outside this edition boundary.","Runtime parses and diffs flows, manages credentials, persists flows, stops/starts revised flows and publishes revisions; API serializes flow updates with a mutex and revision check. Loci: https://github.com/node-red/node-red/blob/1f38dc899b1d6d24b05369023ef2d83b808cd55d/packages/node_modules/@node-red/runtime/lib/flows/index.js#L112-L235 | https://github.com/node-red/node-red/blob/1f38dc899b1d6d24b05369023ef2d83b808cd55d/packages/node_modules/@node-red/runtime/lib/api/flows.js#L52-L78",CAP-SEC-DEVICE-GROUP-AUTO-RULES | CAP-SITE-SITE-INTEGRATION-SYNC-OVERRIDES | CAP-CR-SIGNAL-TO-ALERT-PIPELINE,"Revision-aware flow persistence, credential handling and runtime lifecycle controls.",Generic programmable runtime permits dynamic nodes and external effects; it does not provide Oblivion-specific authority or safety workflow semantics.,Separate future decision,"Future consideration only: approved Site/device capability, reviewed flow deployment, server-side policy, secret controls, idempotency, durable result records and recovery.","User-supplied flow code, nodes, credentials and endpoints need a governed execution boundary; startup error handling requires separate safety proof.",Future: automation-runtime reference only; no native matrix or completion credit.,project_triage_wave4,root,p8_adversarial,IN_PROMPT_UNIQUE_95,1,HISTORICAL_ROW_STRUCTURALLY_VALIDATED_COMMITTED_LOCAL_ONLY,OFFICIAL_GITHUB_METADATA_ONLY_NO_FULL_TRIAGE_CREDIT,OFFICIAL_GITHUB_METADATA_SNAPSHOT_SUCCESS,node-red/node-red,main,1f38dc899b1d6d24b05369023ef2d83b808cd55d,2026-08-13T15:42:27Z,2026-08-16T12:33:31Z,2026-08-23T18:55:25Z,PUBLIC,false,false,Apache-2.0,Apache License 2.0,5.0.4,2026-07-30T21:50:35Z,2026-08-24T05:54:38.619975Z,METADATA_PREREQUISITE_ONLY_NO_BEHAVIOUR_LICENCE_ROOT_EDITION_MAPPING_SELECTION_OR_TRIAGE_CREDIT,false,"Official GitHub repository metadata only; root licence, edition boundary, maintenance quality, exact behavior, target parity, mapping, selection and completion were not established.",RUN-032,OBSERVED_NO_CREDIT,COMPLETE_OBSERVER_TRIAGE,1f38dc899b1d6d24b05369023ef2d83b808cd55d,1f38dc899b1d6d24b05369023ef2d83b808cd55d,1f38dc899b1d6d24b05369023ef2d83b808cd55d,1f38dc899b1d6d24b05369023ef2d83b808cd55d,SAME_AS_BASELINE,VERIFIED_ROOT_SPDX,Apache-2.0,https://github.com/node-red/node-red/blob/1f38dc899b1d6d24b05369023ef2d83b808cd55d/LICENSE,BOUNDED_REPOSITORY_ONLY,SIGNALS_RECORDED_NO_QUALITY_INFERENCE,1,SEPARATE_FUTURE_DECISION,Automation flow lifecycle candidate.,62cd1671f3af067a5e02cb1783c12ed987aa95796a8de1b93fcbe669a480c471,false,"Upstream observer evidence only; neutral requirement rewriting, current-product comparison, target selection, feature mapping, benchmark equivalence, release, and completion credit remain zero."
Cross-cutting features previously under-represented; Notifications/preferences/delivery,novuhq/novu,https://github.com/novuhq/novu,next,4926ef59192017a3be329ab06e9d3ea68e085fb2,2026-08-14,Pinned immutable-source review completed 2026-08-14; repository reachability and exact loci were independently checked.,MIT for core (LICENSE-MIT); enterprise paths are commercial/open-core exclusions,"Pinned public MIT core only; /enterprise, apps/web/src/ee, apps/dashboard/src/ee, cloud services and providers are excluded.","Bulk-trigger processing resolves an active workflow, validates each event, returns per-event errors and queues only processed work. Exact locus: https://github.com/novuhq/novu/blob/4926ef59192017a3be329ab06e9d3ea68e085fb2/apps/api/src/app/events/usecases/process-bulk-trigger/process-bulk-trigger.usecase.ts#L18-L111",None; future owner decision only.,"Material bulk-trigger validation, bounded error reporting and processed-work queuing.","The material slice is notification infrastructure, not an Oblivion user-capability completion proof.",Separate future decision,"If revisited, resolve an active template, validate each event, persist bounded outcomes and queue only authorised work.","No Oblivion Site/privacy scope, user preference authority or delivery-receipt/recovery parity is proved.",Future comparator only after target-specific owner review; no current 902 mapping credit.,project_triage_wave5,root,p8_adversarial,IN_PROMPT_UNIQUE_95,1,HISTORICAL_ROW_STRUCTURALLY_VALIDATED_COMMITTED_LOCAL_ONLY,OFFICIAL_GITHUB_METADATA_ONLY_NO_FULL_TRIAGE_CREDIT,OFFICIAL_GITHUB_METADATA_SNAPSHOT_SUCCESS,novuhq/novu,next,596b388c205aaefc18d48357d643905bc7a14e55,2026-08-24T05:43:53Z,2026-08-24T05:43:55Z,2026-08-24T05:45:17Z,PUBLIC,false,false,NOASSERTION,Other,v3.19.0,2026-08-07T14:56:21Z,2026-08-24T05:54:38.619975Z,METADATA_PREREQUISITE_ONLY_NO_BEHAVIOUR_LICENCE_ROOT_EDITION_MAPPING_SELECTION_OR_TRIAGE_CREDIT,false,"Official GitHub repository metadata only; root licence, edition boundary, maintenance quality, exact behavior, target parity, mapping, selection and completion were not established.",RUN-032,PARTIAL_BLOCKED_NO_CREDIT,PARTIAL_BLOCKED,4926ef59192017a3be329ab06e9d3ea68e085fb2,4926ef59192017a3be329ab06e9d3ea68e085fb2,596b388c205aaefc18d48357d643905bc7a14e55,596b388c205aaefc18d48357d643905bc7a14e55,SAME_AS_BASELINE,PARTIAL_BLOCKED_NO_ROOT_LICENCE_FILE,NOT_ESTABLISHED,NOT_ESTABLISHED_CURRENT_OBSERVER_TRIAGE,BOUNDED_REPOSITORY_ONLY,SIGNALS_RECORDED_NO_QUALITY_INFERENCE,1,BLOCKED,Notification bulk-trigger mechanics candidate only after licence and target-specific review.,e8e5ad89a0ef6908b000b98618cb8703598cb08e74f3cb0806f75988a8a4576f,false,"Upstream observer evidence only; neutral requirement rewriting, current-product comparison, target selection, feature mapping, benchmark equivalence, release, and completion credit remain zero."
"Fleet, vehicles, driver operations, and vehicle lifecycle",OCA/fleet,https://github.com/OCA/fleet,18.0,08953b7fbd10d766f5c816cadd98f1000fcf995c,2026-08-14,pinned 18.0 commit 2026-07-24; active and unarchived,AGPL-3.0-only; inspected add-on declares AGPL-3,Only the OCA 18.0 community inspection add-on is credited; Odoo Enterprise and other independent modules excluded.,"Vehicle inspections bind vehicle/date/odometer/results/images, derive todo/failure/success, block incomplete confirmation, create a completed service record, and delete linked service on cancel. Exact official loci: https://github.com/OCA/fleet/blob/08953b7fbd10d766f5c816cadd98f1000fcf995c/fleet_vehicle_inspection/models/fleet_vehicle_inspection.py#L9-L179 | https://github.com/OCA/fleet/blob/08953b7fbd10d766f5c816cadd98f1000fcf995c/fleet_vehicle_inspection/models/fleet_vehicle_inspection_line.py#L7-L53 | https://github.com/OCA/fleet/blob/08953b7fbd10d766f5c816cadd98f1000fcf995c/fleet_vehicle_inspection/__manifest__.py#L2-L26",CAP-FLEET-VEHICLE-REGISTER | FLEET-SERVICE-SCHEDULE | FLEET-WORK-ORDER,"Structured items, odometer evidence, explicit results, completion gate and maintenance-service consequence.","No NZ roadworthiness, driver identity, defect severity/quarantine, repair verification, scheduling, competency or Site authorization.",Native benchmark,Bind vehicle/date/odometer; require every result; retain failure/images; block incomplete confirmation; create service consequence; expose cancellation effects.,Cancellation elevates deletion of service and access rules are outside the model; prefer append-only reversal and independent Site/role authority.,Selected for inspection-to-service lifecycle.,project_triage_wave2,root,p8_adversarial,IN_PROMPT_UNIQUE_95,1,HISTORICAL_ROW_STRUCTURALLY_VALIDATED_COMMITTED_LOCAL_ONLY,OFFICIAL_GITHUB_METADATA_ONLY_NO_FULL_TRIAGE_CREDIT,OFFICIAL_GITHUB_METADATA_SNAPSHOT_SUCCESS,OCA/fleet,18.0,08953b7fbd10d766f5c816cadd98f1000fcf995c,2026-07-24T18:30:03Z,2026-07-24T18:31:01Z,2026-08-19T21:43:28Z,PUBLIC,false,false,AGPL-3.0,GNU Affero General Public License v3.0,GITHUB_API_NULL,GITHUB_API_NULL,2026-08-24T05:54:38.619975Z,METADATA_PREREQUISITE_ONLY_NO_BEHAVIOUR_LICENCE_ROOT_EDITION_MAPPING_SELECTION_OR_TRIAGE_CREDIT,false,"Official GitHub repository metadata only; root licence, edition boundary, maintenance quality, exact behavior, target parity, mapping, selection and completion were not established.",RUN-032,OBSERVED_NO_CREDIT,COMPLETE_OBSERVER_TRIAGE,08953b7fbd10d766f5c816cadd98f1000fcf995c,08953b7fbd10d766f5c816cadd98f1000fcf995c,08953b7fbd10d766f5c816cadd98f1000fcf995c,08953b7fbd10d766f5c816cadd98f1000fcf995c,SAME_AS_BASELINE,VERIFIED_ROOT_SPDX,AGPL-3.0,https://github.com/OCA/fleet/blob/08953b7fbd10d766f5c816cadd98f1000fcf995c/LICENSE,BOUNDED_REPOSITORY_ONLY,SIGNALS_RECORDED_NO_QUALITY_INFERENCE,1,SEPARATE_FUTURE_DECISION,Fleet inspection-to-service lifecycle candidate.,67f2a85bd79453f1bc0bb367da07ff74d313f48f68fcc94965dd9d05ff065dc8,false,"Upstream observer evidence only; neutral requirement rewriting, current-product comparison, target selection, feature mapping, benchmark equivalence, release, and completion credit remain zero."
"HR, workforce, rostering, attendance, and time; Finance, accounting, funding, billing, and asset accounting; HR/workforce",odoo/odoo,https://github.com/odoo/odoo,19.0,cb731ca8720cd01a5719890cf6c5e140dc551546,2026-08-12,pushed_at=11/08/2026 11:06:45 pm; head_committed_at=11/08/2026 7:40:14 pm; archived=False,NOASSERTION,Repository-root provenance only; module/open-core boundaries require behaviour-specific verification.,Moves use draft/posted/cancelled lifecycle; reversal creates inverse linked entry; bank undo restores accounting state. Primary source: https://github.com/odoo/odoo/blob/cb731ca8720cd01a5719890cf6c5e140dc551546/addons/account/models/account_move.py#L5483-L5555,FIN-JOURNAL,Immutable lifecycle and inverse correction lineage.,Community asset/consolidation behavior was not relied on; module licensing varies.,Native benchmark,"Explicit posted lifecycle, inverse reversal, audit/period-aware correction and recoverable unmatch.","Community asset/consolidation behavior was not relied on; module licensing varies. Benchmark only; no code, UI, schema, wording or distinctive layout may be copied.",Supplemental journal/bank correction reference.,finance,root,p8_adversarial,IN_PROMPT_UNIQUE_95,1,HISTORICAL_ROW_STRUCTURALLY_VALIDATED_COMMITTED_LOCAL_ONLY,OFFICIAL_GITHUB_METADATA_ONLY_NO_FULL_TRIAGE_CREDIT,OFFICIAL_GITHUB_METADATA_SNAPSHOT_SUCCESS,odoo/odoo,19.0,5b8e455975e2b45c13e20e8ff5873903bb27ac5d,2026-08-24T04:16:48Z,2026-08-24T05:51:19Z,2026-08-24T05:51:37Z,PUBLIC,false,false,NOASSERTION,Other,GITHUB_API_NULL,GITHUB_API_NULL,2026-08-24T05:54:38.619975Z,METADATA_PREREQUISITE_ONLY_NO_BEHAVIOUR_LICENCE_ROOT_EDITION_MAPPING_SELECTION_OR_TRIAGE_CREDIT,false,"Official GitHub repository metadata only; root licence, edition boundary, maintenance quality, exact behavior, target parity, mapping, selection and completion were not established.",RUN-032,OBSERVED_NO_CREDIT,COMPLETE_OBSERVER_TRIAGE,cb731ca8720cd01a5719890cf6c5e140dc551546,cb731ca8720cd01a5719890cf6c5e140dc551546,5b8e455975e2b45c13e20e8ff5873903bb27ac5d,5b8e455975e2b45c13e20e8ff5873903bb27ac5d,SAME_AS_BASELINE,VERIFIED_ROOT_TEXT_SPDX,LGPL-3.0-only,https://github.com/odoo/odoo/blob/5b8e455975e2b45c13e20e8ff5873903bb27ac5d/LICENSE,BOUNDED_REPOSITORY_ONLY,SIGNALS_RECORDED_NO_QUALITY_INFERENCE,1,SEPARATE_FUTURE_DECISION,Journal reversal and correction-lineage candidate.,7fab6708a467f30c8d9a94013b114225249a0dccfd0d79424a0df8aa9a9d6692,false,"Upstream observer evidence only; neutral requirement rewriting, current-product comparison, target selection, feature mapping, benchmark equivalence, release, and completion credit remain zero."
"Client/patient profiles, care, clinical records, eMAR, forms, referrals, and portals; Care/clinical/eMAR",ohcnetwork/care,https://github.com/ohcnetwork/care,develop,c64a1ef0e726b06788b63bf4537dea5d16af2269,2026-08-12,pushed_at=11/08/2026 10:37:52 am; head_committed_at=10/08/2026 6:30:01 am; archived=False,MIT,Repository-root provenance only; module/open-core boundaries require behaviour-specific verification.,Consent reads are patient/encounter authorized; completed encounters deny writes; mutations are request-audited. Primary source: https://github.com/ohcnetwork/care/blob/c64a1ef0e726b06788b63bf4537dea5d16af2269/care/emr/api/viewsets/consent.py#L39-L96,CLIN-HEALTH-CLINICAL | OPS-CLIENT-CONSENT,Resource access tied to facility/encounter state.,GET audit completeness and NZ supported-living semantics are not established.,Native benchmark,Site/direct-object checks on every action; closed-record amendments; explicit read/mutation audit policy.,"GET audit completeness and NZ supported-living semantics are not established. Benchmark only; no code, UI, schema, wording or distinctive layout may be copied.",Useful backend consent/site authorization reference.,benchmark_research,root,p8_adversarial,IN_PROMPT_UNIQUE_95,1,HISTORICAL_ROW_STRUCTURALLY_VALIDATED_COMMITTED_LOCAL_ONLY,OFFICIAL_GITHUB_METADATA_ONLY_NO_FULL_TRIAGE_CREDIT,OFFICIAL_GITHUB_METADATA_SNAPSHOT_SUCCESS,ohcnetwork/care,develop,9a397f07ca5405dbaecd6143327fc228678dc2dc,2026-08-17T11:22:27Z,2026-08-23T20:39:59Z,2026-08-21T07:54:21Z,PUBLIC,false,false,MIT,MIT License,v3.0.0,2025-02-12T08:05:33Z,2026-08-24T05:54:38.619975Z,METADATA_PREREQUISITE_ONLY_NO_BEHAVIOUR_LICENCE_ROOT_EDITION_MAPPING_SELECTION_OR_TRIAGE_CREDIT,false,"Official GitHub repository metadata only; root licence, edition boundary, maintenance quality, exact behavior, target parity, mapping, selection and completion were not established.",RUN-032,OBSERVED_NO_CREDIT,COMPLETE_OBSERVER_TRIAGE,c64a1ef0e726b06788b63bf4537dea5d16af2269,c64a1ef0e726b06788b63bf4537dea5d16af2269,9a397f07ca5405dbaecd6143327fc228678dc2dc,9a397f07ca5405dbaecd6143327fc228678dc2dc,SAME_AS_BASELINE,VERIFIED_ROOT_SPDX,MIT,https://github.com/ohcnetwork/care/blob/9a397f07ca5405dbaecd6143327fc228678dc2dc/LICENSE,BOUNDED_REPOSITORY_ONLY,SIGNALS_RECORDED_NO_QUALITY_INFERENCE,1,SEPARATE_FUTURE_DECISION,Consent backend authorization candidate.,10f8625a218628bcf8c0cc311faf0151601f244cdda3df974810af8fe82593e8,false,"Upstream observer evidence only; neutral requirement rewriting, current-product comparison, target selection, feature mapping, benchmark equivalence, release, and completion credit remain zero."
"Client/patient profiles, care, clinical records, eMAR, forms, referrals, and portals; Care/clinical/eMAR",ohcnetwork/care_fe,https://github.com/ohcnetwork/care_fe,develop,912477accb940e370db85dcb4bb98ebafbb5a45e,2026-08-12,pushed_at=11/08/2026 9:32:35 pm; head_committed_at=11/08/2026 8:14:02 pm; archived=False,MIT,Repository-root provenance only; module/open-core boundaries require behaviour-specific verification.,"Consent capture includes decision/category/status/effective period, patient/encounter binding, evidence and visible errors/permission denial. Primary source: https://github.com/ohcnetwork/care_fe/blob/912477accb940e370db85dcb4bb98ebafbb5a45e/src/components/Consent/ConsentFormSheet.tsx#L68-L290",CLI-CONSENT-REQUEST-PORTAL | OPS-CLIENT-CONSENT | OPS-CONSENT-REQUEST,Structured consent state and mutation feedback.,Does not establish NZ representative authority or withdrawal effects.,Native benchmark,"Purpose, decision, period, source, authority basis, evidence and downstream expiry/withdrawal.","Does not establish NZ representative authority or withdrawal effects. Benchmark only; no code, UI, schema, wording or distinctive layout may be copied.",Closest verified consent-entry UI.,benchmark_research,root,p8_adversarial,IN_PROMPT_UNIQUE_95,1,HISTORICAL_ROW_STRUCTURALLY_VALIDATED_COMMITTED_LOCAL_ONLY,OFFICIAL_GITHUB_METADATA_ONLY_NO_FULL_TRIAGE_CREDIT,OFFICIAL_GITHUB_METADATA_SNAPSHOT_SUCCESS,ohcnetwork/care_fe,develop,e41471c20c4929026d248dd83d09d994b172aea4,2026-08-23T13:59:55Z,2026-08-24T03:28:33Z,2026-08-23T14:00:15Z,PUBLIC,false,false,MIT,MIT License,v3.0.32,2025-12-23T07:22:37Z,2026-08-24T05:54:38.619975Z,METADATA_PREREQUISITE_ONLY_NO_BEHAVIOUR_LICENCE_ROOT_EDITION_MAPPING_SELECTION_OR_TRIAGE_CREDIT,false,"Official GitHub repository metadata only; root licence, edition boundary, maintenance quality, exact behavior, target parity, mapping, selection and completion were not established.",RUN-032,OBSERVED_NO_CREDIT,COMPLETE_OBSERVER_TRIAGE,912477accb940e370db85dcb4bb98ebafbb5a45e,912477accb940e370db85dcb4bb98ebafbb5a45e,e41471c20c4929026d248dd83d09d994b172aea4,e41471c20c4929026d248dd83d09d994b172aea4,SAME_AS_BASELINE,VERIFIED_ROOT_SPDX,MIT,https://github.com/ohcnetwork/care_fe/blob/e41471c20c4929026d248dd83d09d994b172aea4/LICENSE,BOUNDED_REPOSITORY_ONLY,SIGNALS_RECORDED_NO_QUALITY_INFERENCE,1,SEPARATE_FUTURE_DECISION,Consent-entry interaction candidate paired only after backend review.,2a68454c27e6d15c1632e16b1a6f2fbc7e33f60ed5ae83d810448ec197fcc69d,false,"Upstream observer evidence only; neutral requirement rewriting, current-product comparison, target selection, feature mapping, benchmark equivalence, release, and completion credit remain zero."
Cross-cutting features previously under-represented; Incident response/on-call/escalation,OneUptime/oneuptime,https://github.com/OneUptime/oneuptime,master,ba44f303182bb8e896809c8491023c8d2210f4ee,2026-08-12,pushed_at=11/08/2026 10:14:08 pm; head_committed_at=11/08/2026 7:45:43 pm; archived=False,Apache-2.0,Repository-root provenance only; module/open-core boundaries require behaviour-specific verification.,"Ordered escalation rules wait configured intervals and expose attempt, delivery, error, skipped and acknowledgement timeline states. Primary source: https://github.com/OneUptime/oneuptime/blob/ba44f303182bb8e896809c8491023c8d2210f4ee/App/FeatureSet/Dashboard/src/Components/OnCallPolicy/ExecutionLogs/ExecutionLogsTimelineTable.tsx#L34-L254",CR-ALERT | CR-CONTROL-ROOM-ALERT | CR-CONTROL-ROOM-ESCALATION | CR-CONTROL-ROOM-INCIDENT | CR-CONTROL-ROOM-SLA,Observable escalation attempts and acknowledgements.,IT outage workflow is not clinical/H&S response; public publication is unsafe for client data.,Native benchmark,"Severity, responder, ordered escalation, delivery evidence, acknowledgement and terminal handover.","IT outage workflow is not clinical/H&S response; public publication is unsafe for client data. Benchmark only; no code, UI, schema, wording or distinctive layout may be copied.",Best operational escalation/acknowledgement reference.,benchmark_research + ops_assets_security,root,p8_adversarial,IN_PROMPT_UNIQUE_95,1,HISTORICAL_ROW_STRUCTURALLY_VALIDATED_COMMITTED_LOCAL_ONLY,OFFICIAL_GITHUB_METADATA_ONLY_NO_FULL_TRIAGE_CREDIT,OFFICIAL_GITHUB_METADATA_SNAPSHOT_SUCCESS,OneUptime/oneuptime,master,58e6b626648096229e5f0db041456a47f69d1941,2026-08-24T01:30:48Z,2026-08-24T01:34:34Z,2026-08-24T01:31:02Z,PUBLIC,false,false,Apache-2.0,Apache License 2.0,12.0.17,2026-08-22T22:08:26Z,2026-08-24T05:54:38.619975Z,METADATA_PREREQUISITE_ONLY_NO_BEHAVIOUR_LICENCE_ROOT_EDITION_MAPPING_SELECTION_OR_TRIAGE_CREDIT,false,"Official GitHub repository metadata only; root licence, edition boundary, maintenance quality, exact behavior, target parity, mapping, selection and completion were not established.",RUN-032,OBSERVED_NO_CREDIT,COMPLETE_OBSERVER_TRIAGE,ba44f303182bb8e896809c8491023c8d2210f4ee,ba44f303182bb8e896809c8491023c8d2210f4ee,58e6b626648096229e5f0db041456a47f69d1941,58e6b626648096229e5f0db041456a47f69d1941,SAME_AS_BASELINE,VERIFIED_ROOT_SPDX,Apache-2.0,https://github.com/OneUptime/oneuptime/blob/58e6b626648096229e5f0db041456a47f69d1941/LICENSE,BOUNDED_REPOSITORY_ONLY,SIGNALS_RECORDED_NO_QUALITY_INFERENCE,1,SEPARATE_FUTURE_DECISION,Operational escalation and acknowledgement candidate.,b0b04620a7e01ea2e3a4d0bab4041488fd4d29d72078bfce908e349f48ba3fcb,false,"Upstream observer evidence only; neutral requirement rewriting, current-product comparison, target selection, feature mapping, benchmark equivalence, release, and completion credit remain zero."
"Asset, equipment, CMMS, inventory, site, room, and facility profiles; Assets/sites/facilities",open-condo-software/condo,https://github.com/open-condo-software/condo,main,465b308c063a804b5d7ff0f159af2cde2423240b,2026-08-14,Pinned immutable-source review completed 2026-08-14; repository reachability and exact loci were independently checked.,MIT,"Pinned public property-management repository only; payment/banking providers, hosted operation and mini-app integrations are excluded.",A ticket status-transition map declares allowed labels. Exact locus: https://github.com/open-condo-software/condo/blob/465b308c063a804b5d7ff0f159af2cde2423240b/apps/condo/domains/ticket/constants/statusTransitions.js#L11-L30,None—rejected from feature comparison.,Clear declarative status vocabulary.,"The cited map proves no authoritative mutation, object authorization, audit or recovery behavior.",Reject,"No feature credit; native ticket transitions still require server authority, provenance, idempotency and recovery.",A label map must not be treated as an authorization or completion contract.,Substantively rejected because the inspected slice is not executable workflow completion.,project_triage_wave5,root,p8_adversarial,IN_PROMPT_UNIQUE_95,1,HISTORICAL_ROW_STRUCTURALLY_VALIDATED_COMMITTED_LOCAL_ONLY,OFFICIAL_GITHUB_METADATA_ONLY_NO_FULL_TRIAGE_CREDIT,OFFICIAL_GITHUB_METADATA_SNAPSHOT_SUCCESS,open-condo-software/condo,main,7de0bfec25b3ffe3c8311ea8673a493f5ff6795f,2026-08-21T15:24:21Z,2026-08-23T09:41:42Z,2026-08-23T17:41:12Z,PUBLIC,false,false,MIT,MIT License,release-v5.22.0,2026-08-19T04:25:57Z,2026-08-24T05:54:38.619975Z,METADATA_PREREQUISITE_ONLY_NO_BEHAVIOUR_LICENCE_ROOT_EDITION_MAPPING_SELECTION_OR_TRIAGE_CREDIT,false,"Official GitHub repository metadata only; root licence, edition boundary, maintenance quality, exact behavior, target parity, mapping, selection and completion were not established.",RUN-032,OBSERVED_NO_CREDIT,COMPLETE_OBSERVER_TRIAGE,465b308c063a804b5d7ff0f159af2cde2423240b,465b308c063a804b5d7ff0f159af2cde2423240b,7de0bfec25b3ffe3c8311ea8673a493f5ff6795f,7de0bfec25b3ffe3c8311ea8673a493f5ff6795f,SAME_AS_BASELINE,VERIFIED_ROOT_SPDX,MIT,https://github.com/open-condo-software/condo/blob/7de0bfec25b3ffe3c8311ea8673a493f5ff6795f/LICENSE,BOUNDED_REPOSITORY_ONLY,SIGNALS_RECORDED_NO_QUALITY_INFERENCE,1,SEPARATE_FUTURE_DECISION,Low-confidence ticket state vocabulary only; likely reject at target-specific mapping.,17bd688fc5cc1c7948744bc05515eaa336358bb6dd83ad2f900788484fdef279,false,"Upstream observer evidence only; neutral requirement rewriting, current-product comparison, target selection, feature mapping, benchmark equivalence, release, and completion credit remain zero."
"Asset, equipment, CMMS, inventory, site, room, and facility profiles; Assets/sites/facilities",opendcim/openDCIM,https://github.com/opendcim/openDCIM,master,25168dbe4e8806e3c9c6b870c4c29df6a6b4041d,2026-08-14,Pinned immutable-source review completed 2026-08-14; repository reachability and exact loci were independently checked.,GPL-3.0-only,"Pinned public data-centre application only; bundled third-party dependencies, facility hardware and external integrations are excluded; README maturity warnings are retained.","Cabinet audit history records inspected cabinet, user and timestamp and retrieves the latest audit. Exact locus: https://github.com/opendcim/openDCIM/blob/25168dbe4e8806e3c9c6b870c4c29df6a6b4041d/classes/CabinetAudit.class.php#L26-L98",CAP-SITE-SITE-INSPECTION-SITE-LIFECYCLE,"Concrete inspected asset, actor, timestamp and latest-audit retrieval.","No Site authorization, inspection criteria, defect handling, immutable evidence chain or reporting-asset-condition workflow.",Native benchmark,"Retain canonical inspected Site asset, accountable actor/time, criteria and latest immutable inspection evidence.",The README describes a limited community-maintenance posture; deployment maturity must be independently assessed.,Selected narrowly for Site inspection lifecycle evidence only; no reporting-asset-condition credit.,project_triage_wave5,root,p8_adversarial,IN_PROMPT_UNIQUE_95,1,HISTORICAL_ROW_STRUCTURALLY_VALIDATED_COMMITTED_LOCAL_ONLY,OFFICIAL_GITHUB_METADATA_ONLY_NO_FULL_TRIAGE_CREDIT,OFFICIAL_GITHUB_METADATA_SNAPSHOT_SUCCESS,opendcim/openDCIM,master,d0ed4ae53260d57eee49e6a8cdc7e6eea3344bb9,2026-08-14T21:28:42Z,2026-08-14T21:28:44Z,2026-08-21T22:08:22Z,PUBLIC,false,false,GITHUB_API_NULL,GITHUB_API_NULL,23.04,2023-10-15T12:27:49Z,2026-08-24T05:54:38.619975Z,METADATA_PREREQUISITE_ONLY_NO_BEHAVIOUR_LICENCE_ROOT_EDITION_MAPPING_SELECTION_OR_TRIAGE_CREDIT,false,"Official GitHub repository metadata only; root licence, edition boundary, maintenance quality, exact behavior, target parity, mapping, selection and completion were not established.",RUN-033,OBSERVED_WITH_LIMITS_NO_CREDIT,COMPLETE_OBSERVER_TRIAGE,25168dbe4e8806e3c9c6b870c4c29df6a6b4041d,25168dbe4e8806e3c9c6b870c4c29df6a6b4041d,d0ed4ae53260d57eee49e6a8cdc7e6eea3344bb9,d0ed4ae53260d57eee49e6a8cdc7e6eea3344bb9,SAME_AS_BASELINE,VERIFIED_ROOT_README_STATEMENT_GITHUB_API_NULL,GPL-3.0-only,https://github.com/opendcim/openDCIM/blob/d0ed4ae53260d57eee49e6a8cdc7e6eea3344bb9/README.md,BOUNDED_PUBLIC_REPOSITORY_ONLY,MAINTAINER_EXIT_WARNING_AND_OLD_RELEASE,1,SEPARATE_FUTURE_DECISION,Site inspection lifecycle evidence candidate only.,51425db5e2d73561f3cd8de079cc9fb03b20f7cd26e8c6aa13cfd509cd5a35e9,false,"Upstream observer evidence only; neutral requirement rewriting, current-product comparison, target selection, feature mapping, benchmark equivalence, release, and completion credit remain zero."
"Client/patient profiles, care, clinical records, eMAR, forms, referrals, and portals; Care/clinical/eMAR",openemr/openemr,https://github.com/openemr/openemr,commit-pinned wave-4,a6321a3e2978e62472dbb6c721b680ca2d65b592,2026-08-13,pushed_at=11/08/2026 9:34:00 pm; head_committed_at=11/08/2026 9:34:00 pm; archived=False Prior catalogue activity evidence retained; supplemental target-specific snapshot inspected at a6321a3e2978e62472dbb6c721b680ca2d65b592.,GPL-3.0,Repository-root provenance only; module/open-core boundaries require behaviour-specific verification. Wave-4 boundary: Only the GPL observation controller is credited; hosted services and third-party modules are excluded.,"Portal enablement/authentication is audited; sessions are distinct; documents are session/patient scoped and CSRF-protected. Primary source: https://github.com/openemr/openemr/blob/312b5d042f7fa49cc78ebed041155fba339a991c/src/Controllers/Portal/PatientPortalLoginController.php#L124-L249 Wave-4: [CAP-CLIN-OBSERVATION-REGISTER-RECORD] OpenEMR checks observation-form permission, lists and loads patient/encounter observations, validates submitted observations, binds patient/encounter/user context, and saves transactionally. Primary sources: https://github.com/openemr/openemr/blob/a6321a3e2978e62472dbb6c721b680ca2d65b592/src/Controllers/Interface/Forms/Observation/ObservationController.php#L75-L139; https://github.com/openemr/openemr/blob/a6321a3e2978e62472dbb6c721b680ca2d65b592/src/Controllers/Interface/Forms/Observation/ObservationController.php#L180-L220; https://github.com/openemr/openemr/blob/a6321a3e2978e62472dbb6c721b680ca2d65b592/src/Controllers/Interface/Forms/Observation/ObservationController.php#L242-L354.",CAP-CLIN-OBSERVATION-REGISTER-RECORD | CLI-CLIENT-DOCUMENT | CLI-CLIENT-PORTAL-USER | CLI-PORTAL-CALENDAR | CLI-PORTAL-DOCUMENT | CLI-PORTAL-HEALTH | CLI-PORTAL-SCHEDULE | PORT-PORTAL | PORT-ROUTE-PORTAL-LOGIN,Portal-specific authorization state and authentication audit.,"Email matching is not MFA; delegated representative behavior not proved. Wave-4: [CAP-CLIN-OBSERVATION-REGISTER-RECORD] The local taxonomy, dashboard, filters, dialog, site access and direct-object denial are not proved; no related clinical target inherits credit.",Native benchmark,"Distinct portal identity, safe recovery, client scope, CSRF, access audit and governed delegation. Wave-4: [CAP-CLIN-OBSERVATION-REGISTER-RECORD] Provide an authorised clinical observation register and record an observation against the active person and encounter with validation and persisted clinical context.","Email matching is not MFA; delegated representative behavior not proved. Benchmark only; no code, UI, schema, wording or distinctive layout may be copied. Wave-4 target limits: [CAP-CLIN-OBSERVATION-REGISTER-RECORD] The local taxonomy, dashboard, filters, dialog, site access and direct-object denial are not proved; no related clinical target inherits credit. Benchmark behavior only; no implementation inheritance or copying.",Strong verified client-portal reference. Selected for fresh direct target-specific wave-4 evidence; no sibling or module-wide inheritance.,benchmark_research | benchmark_wave4_ncm,root,p8_adversarial | wave4_integrity_review,IN_PROMPT_UNIQUE_95,1,HISTORICAL_ROW_STRUCTURALLY_VALIDATED_COMMITTED_LOCAL_ONLY,OFFICIAL_GITHUB_METADATA_ONLY_NO_FULL_TRIAGE_CREDIT,OFFICIAL_GITHUB_METADATA_SNAPSHOT_SUCCESS,openemr/openemr,master,ea142c463ec5c1fbd29b9f2992033b36e41bb1da,2026-08-23T05:43:32Z,2026-08-24T05:36:15Z,2026-08-24T05:39:04Z,PUBLIC,false,false,GPL-3.0,GNU General Public License v3.0,v8_3_0,2026-08-18T07:21:44Z,2026-08-24T05:54:38.619975Z,METADATA_PREREQUISITE_ONLY_NO_BEHAVIOUR_LICENCE_ROOT_EDITION_MAPPING_SELECTION_OR_TRIAGE_CREDIT,false,"Official GitHub repository metadata only; root licence, edition boundary, maintenance quality, exact behavior, target parity, mapping, selection and completion were not established.",RUN-033,OBSERVED_WITH_LIMITS_NO_CREDIT,COMPLETE_OBSERVER_TRIAGE,a6321a3e2978e62472dbb6c721b680ca2d65b592,a6321a3e2978e62472dbb6c721b680ca2d65b592,4b58135ee96cef48eba174eb8258d80d41b481f4,ea142c463ec5c1fbd29b9f2992033b36e41bb1da,DIFFERENT_LATER_OBSERVATION_NO_ANCESTRY_INFERENCE,VERIFIED_ROOT_FILE,GPL-3.0,https://github.com/openemr/openemr/blob/4b58135ee96cef48eba174eb8258d80d41b481f4/LICENSE,BOUNDED_COMMUNITY_REPOSITORY_ONLY,ACTIVE_RECENT_HEAD_AND_RELEASE,1,SEPARATE_FUTURE_DECISION,Clinical observation-register mechanics candidate.,cb07fe221911d05c60f5a7f8629ac4f5a0d4204af701e8b01faffe8f09a1c637,false,"Upstream observer evidence only; neutral requirement rewriting, current-product comparison, target selection, feature mapping, benchmark equivalence, release, and completion credit remain zero."
"Client/patient profiles, clinical records, and identity",openmrs/openmrs-core,https://github.com/openmrs/openmrs-core,master,6c1b124b30b5df1df6d1939fd629cea1ea002a4e,2026-08-14,commit=2026-08-13T21:36:10Z; pushed=2026-08-13T21:38:33Z; archived=false,MPL-2.0,Core MPL-2.0 plus Healthcare Disclaimer; optional modules are separate and no module behavior is inferred.,"Authorized duplicate lookup and merge move encounters, visits, identifiers, relationships and observations to preferred identity, void nonpreferred record, require merge audit, and fail on unsafe orders. Exact official loci: api/src/main/java/org/openmrs/api/PatientService.java:L532-L609 | README.md:L247-L253,L328-L330",OPS-CLIENT | CAP-OPS-CLIENT-RECORD-LIFECYCLE | CAP-OPS-CLIENT-ONBOARDING-WORKFLOW,"Explicit surviving identity, broad relation migration, audit expectations, and unsafe-order guard.","API contract is not supported-person onboarding UX, Site authorization, NZ NHI integration, consent, or reversible adjudication proof.",Native benchmark,Detect duplicate candidates; require privileged adjudication; choose survivor; migrate owned relations without duplicates; retain merge log; block unsafe outstanding records.,"Oblivion requires preview, dual authorization, direct-object concealment, rollback evidence, Site checks and privacy controls.",Selected for client-record lifecycle because exact core API proves identity consolidation.,project_triage_wave,root,p8_adversarial,IN_PROMPT_UNIQUE_95,1,HISTORICAL_ROW_STRUCTURALLY_VALIDATED_COMMITTED_LOCAL_ONLY,OFFICIAL_GITHUB_METADATA_ONLY_NO_FULL_TRIAGE_CREDIT,OFFICIAL_GITHUB_METADATA_SNAPSHOT_SUCCESS,openmrs/openmrs-core,master,02f1d0a61c96aaa89c4dcc13b25ed44f3f7781b3,2026-08-22T20:34:53Z,2026-08-23T20:07:05Z,2026-08-24T03:12:14Z,PUBLIC,false,false,NOASSERTION,Other,2.7.6,2025-09-12T14:19:48Z,2026-08-24T05:54:38.619975Z,METADATA_PREREQUISITE_ONLY_NO_BEHAVIOUR_LICENCE_ROOT_EDITION_MAPPING_SELECTION_OR_TRIAGE_CREDIT,false,"Official GitHub repository metadata only; root licence, edition boundary, maintenance quality, exact behavior, target parity, mapping, selection and completion were not established.",RUN-033,OBSERVED_WITH_LIMITS_NO_CREDIT,COMPLETE_OBSERVER_TRIAGE,6c1b124b30b5df1df6d1939fd629cea1ea002a4e,6c1b124b30b5df1df6d1939fd629cea1ea002a4e,02f1d0a61c96aaa89c4dcc13b25ed44f3f7781b3,02f1d0a61c96aaa89c4dcc13b25ed44f3f7781b3,SAME_AS_BASELINE,VERIFIED_ROOT_FILE_MANUAL_GITHUB_NOASSERTION,MPL-2.0,https://github.com/openmrs/openmrs-core/blob/02f1d0a61c96aaa89c4dcc13b25ed44f3f7781b3/LICENSE,BOUNDED_CORE_REPOSITORY_ONLY,ACTIVE_RECENT_HEAD_RELEASE_OLDER,1,SEPARATE_FUTURE_DECISION,Client-record identity-consolidation candidate.,43498cc6f138d72e2db483497a336f451deea43e5ac1f52dcd2559ec21fc0a96,false,"Upstream observer evidence only; neutral requirement rewriting, current-product comparison, target selection, feature mapping, benchmark equivalence, release, and completion credit remain zero."
"Client/patient profiles, care, clinical records, eMAR, forms, referrals, and portals; Care/clinical/eMAR",openmrs/openmrs-esm-form-engine-lib,https://github.com/openmrs/openmrs-esm-form-engine-lib,main,b7a344d184b2002dc0babbcb5bba1d37d29ea51b,2026-08-12,pushed_at=11/08/2026 8:48:12 pm; head_committed_at=8/08/2026 12:55:06 am; archived=False,NOASSERTION,Repository-root provenance only; module/open-core boundaries require behaviour-specific verification.,Clinical form processing validates fields and exposes separate multi-operation success/error processing. Primary source: https://github.com/openmrs/openmrs-esm-form-engine-lib/blob/b7a344d184b2002dc0babbcb5bba1d37d29ea51b/src/processors/encounter/encounter-form-processor.ts#L127-L247,CLI-CLIENT-ASSESSMENT | CLIN-BEHAVIOUR-ABC | CLIN-CLIENT-BOWEL-CHART | CLIN-CLIENT-FLUID-CHART | CLIN-CLIENT-SEIZURE-CHART | CLIN-CLIENT-SLEEP-CHART | CLIN-HEALTH-CLINICAL-PROTOCOL,Configurable validation and explicit operation feedback.,Sequential saves can create partial-success complexity; transactionality not established.,Native benchmark,"Cross-field validation, recoverable draft, partial-failure state, idempotent retry and immutable versions.","Sequential saves can create partial-success complexity; transactionality not established. Benchmark only; no code, UI, schema, wording or distinctive layout may be copied.",Best verified configurable clinical-form reference.,benchmark_research,root,p8_adversarial,IN_PROMPT_UNIQUE_95,1,HISTORICAL_ROW_STRUCTURALLY_VALIDATED_COMMITTED_LOCAL_ONLY,OFFICIAL_GITHUB_METADATA_ONLY_NO_FULL_TRIAGE_CREDIT,OFFICIAL_GITHUB_METADATA_SNAPSHOT_SUCCESS,openmrs/openmrs-esm-form-engine-lib,main,c09b32580a1366927f239704bfbf73f773ce454d,2026-08-22T00:55:28Z,2026-08-22T00:55:29Z,2026-08-22T00:55:37Z,PUBLIC,false,false,NOASSERTION,Other,v4.2.1,2026-06-18T10:24:51Z,2026-08-24T05:54:38.619975Z,METADATA_PREREQUISITE_ONLY_NO_BEHAVIOUR_LICENCE_ROOT_EDITION_MAPPING_SELECTION_OR_TRIAGE_CREDIT,false,"Official GitHub repository metadata only; root licence, edition boundary, maintenance quality, exact behavior, target parity, mapping, selection and completion were not established.",RUN-033,OBSERVED_WITH_LIMITS_NO_CREDIT,COMPLETE_OBSERVER_TRIAGE,b7a344d184b2002dc0babbcb5bba1d37d29ea51b,b7a344d184b2002dc0babbcb5bba1d37d29ea51b,c09b32580a1366927f239704bfbf73f773ce454d,c09b32580a1366927f239704bfbf73f773ce454d,SAME_AS_BASELINE,VERIFIED_ROOT_FILE_MANUAL_GITHUB_NOASSERTION,MPL-2.0,https://github.com/openmrs/openmrs-esm-form-engine-lib/blob/c09b32580a1366927f239704bfbf73f773ce454d/LICENSE.txt,BOUNDED_FRONTEND_LIBRARY_ONLY,ACTIVE_RECENT_HEAD_AND_RELEASE,1,SEPARATE_FUTURE_DECISION,Configurable clinical-form processing candidate.,2d6fbc8cc01edb4346b461da1f374f9c9a3f45100090bf2b0aa6300223ef232b,false,"Upstream observer evidence only; neutral requirement rewriting, current-product comparison, target selection, feature mapping, benchmark equivalence, release, and completion credit remain zero."
"Client/patient profiles, care, clinical records, eMAR, forms, referrals, and portals; Care/clinical/eMAR",openmrs/openmrs-esm-patient-chart,https://github.com/openmrs/openmrs-esm-patient-chart,main,80db8ffc6ae52b7f708ed32aaa2f8a8b9abd4776,2026-08-12,pushed_at=10/08/2026 9:11:06 pm; head_committed_at=10/08/2026 5:36:53 am; archived=False,NOASSERTION,Repository-root provenance only; module/open-core boundaries require behaviour-specific verification.,Persistent patient banner and detailed allergy severity/reaction keep identity and safety context visible. Primary source: https://github.com/openmrs/openmrs-esm-patient-chart/blob/80db8ffc6ae52b7f708ed32aaa2f8a8b9abd4776/packages/esm-patient-banner-app/src/banner/patient-banner.component.tsx#L19-L99,CLI-FRONTEND-CLIENTS-MEDICAL | CLI-FRONTEND-CLIENTS-MEDICAL-SIMPLE | CLIN-CLIENT-CLINICAL | CLIN-CLINICAL-GOVERNANCE | CLIN-HEALTH-CLINICAL | CLIN-HEALTH-CLINICAL-CLIENT-TRENDS | CLIN-HEALTH-CLINICAL-DASHBOARD | CLIN-SHIFT-CLINICAL,Persistent person and clinical-alert context.,Hospital chart is not supported-living workflow/certification.,Native benchmark,Persistent identity/safety context and reliable reset on person change.,"Hospital chart is not supported-living workflow/certification. Benchmark only; no code, UI, schema, wording or distinctive layout may be copied.",Strong verified patient-context presentation.,benchmark_research,root,p8_adversarial,IN_PROMPT_UNIQUE_95,1,HISTORICAL_ROW_STRUCTURALLY_VALIDATED_COMMITTED_LOCAL_ONLY,OFFICIAL_GITHUB_METADATA_ONLY_NO_FULL_TRIAGE_CREDIT,OFFICIAL_GITHUB_METADATA_SNAPSHOT_SUCCESS,openmrs/openmrs-esm-patient-chart,main,c86f342bb0183c2ae81fa929f8f4eb9f696b3a57,2026-08-20T20:57:18Z,2026-08-22T04:26:10Z,2026-08-20T20:57:42Z,PUBLIC,false,false,NOASSERTION,Other,v12.3.4,2026-06-26T10:18:11Z,2026-08-24T05:54:38.619975Z,METADATA_PREREQUISITE_ONLY_NO_BEHAVIOUR_LICENCE_ROOT_EDITION_MAPPING_SELECTION_OR_TRIAGE_CREDIT,false,"Official GitHub repository metadata only; root licence, edition boundary, maintenance quality, exact behavior, target parity, mapping, selection and completion were not established.",RUN-033,OBSERVED_WITH_LIMITS_NO_CREDIT,COMPLETE_OBSERVER_TRIAGE,80db8ffc6ae52b7f708ed32aaa2f8a8b9abd4776,80db8ffc6ae52b7f708ed32aaa2f8a8b9abd4776,fb16c416b1b30d65738145e8879f26e166b09b64,c86f342bb0183c2ae81fa929f8f4eb9f696b3a57,DIFFERENT_LATER_OBSERVATION_NO_ANCESTRY_INFERENCE,VERIFIED_ROOT_FILE_MANUAL_GITHUB_NOASSERTION,MPL-2.0,https://github.com/openmrs/openmrs-esm-patient-chart/blob/fb16c416b1b30d65738145e8879f26e166b09b64/LICENSE,BOUNDED_PATIENT_CHART_FRONTEND_ONLY,ACTIVE_CURRENT_DAY_HEAD_RECENT_RELEASE,1,SEPARATE_FUTURE_DECISION,Patient-context presentation candidate.,87306f7441e8d2856da3aab9bc191eb606aefb9eabf593e6ab86384a19ab128d,false,"Upstream observer evidence only; neutral requirement rewriting, current-product comparison, target selection, feature mapping, benchmark equivalence, release, and completion credit remain zero."
"Client/patient profiles, care, clinical records, eMAR, forms, referrals, and portals; Care/clinical/eMAR",openmrs/openmrs-esm-patient-management,https://github.com/openmrs/openmrs-esm-patient-management,main,710bf9b201f0663ed6dd0afb7af0591a9db4f3d4,2026-08-12,pushed_at=11/08/2026 8:36:28 pm; head_committed_at=11/08/2026 8:36:26 pm; archived=False,NOASSERTION,Repository-root provenance only; module/open-core boundaries require behaviour-specific verification.,"Paged demographic search and queues expose service, location and status scope with loading/error state. Primary source: https://github.com/openmrs/openmrs-esm-patient-management/blob/710bf9b201f0663ed6dd0afb7af0591a9db4f3d4/packages/esm-patient-search-app/src/patient-search-page/advanced-patient-search.component.tsx#L17-L157",Supplemental benchmark; no exclusive feature mapping,Search refinement and explicit scoped work queues.,Duplicate adjudication and complete server-side refinement not proved.,Native benchmark,Safe identity disambiguation and server-authoritative service/location/status scope.,"Duplicate adjudication and complete server-side refinement not proved. Benchmark only; no code, UI, schema, wording or distinctive layout may be copied.",Strong search/queue behavior.,benchmark_research,root,p8_adversarial,IN_PROMPT_UNIQUE_95,1,HISTORICAL_ROW_STRUCTURALLY_VALIDATED_COMMITTED_LOCAL_ONLY,OFFICIAL_GITHUB_METADATA_ONLY_NO_FULL_TRIAGE_CREDIT,OFFICIAL_GITHUB_METADATA_SNAPSHOT_SUCCESS,openmrs/openmrs-esm-patient-management,main,c64fb3366119833e9e09a0eb31d580c9e1558d8b,2026-08-19T20:26:31Z,2026-08-21T20:17:42Z,2026-08-19T20:30:13Z,PUBLIC,false,false,NOASSERTION,Other,v11.1.0,2026-06-26T10:39:12Z,2026-08-24T05:54:38.619975Z,METADATA_PREREQUISITE_ONLY_NO_BEHAVIOUR_LICENCE_ROOT_EDITION_MAPPING_SELECTION_OR_TRIAGE_CREDIT,false,"Official GitHub repository metadata only; root licence, edition boundary, maintenance quality, exact behavior, target parity, mapping, selection and completion were not established.",RUN-033,OBSERVED_WITH_LIMITS_NO_CREDIT,COMPLETE_OBSERVER_TRIAGE,710bf9b201f0663ed6dd0afb7af0591a9db4f3d4,710bf9b201f0663ed6dd0afb7af0591a9db4f3d4,19399f1c36e49bb8fe4fed02ceba042ded77ddd2,c64fb3366119833e9e09a0eb31d580c9e1558d8b,DIFFERENT_LATER_OBSERVATION_NO_ANCESTRY_INFERENCE,VERIFIED_ROOT_FILE_MANUAL_GITHUB_NOASSERTION,MPL-2.0,https://github.com/openmrs/openmrs-esm-patient-management/blob/19399f1c36e49bb8fe4fed02ceba042ded77ddd2/LICENSE.md,BOUNDED_PATIENT_MANAGEMENT_FRONTEND_ONLY,ACTIVE_CURRENT_DAY_HEAD_RECENT_RELEASE,1,SEPARATE_FUTURE_DECISION,Patient search and queue presentation candidate.,db0609919b1610f9fc8cf6a7706f004cb44b34605e01bbb692b836a10510a013,false,"Upstream observer evidence only; neutral requirement rewriting, current-product comparison, target selection, feature mapping, benchmark equivalence, release, and completion credit remain zero."
"Client/patient profiles, care tasks, and clinical worklists",openmrs/openmrs-esm-task-list,https://github.com/openmrs/openmrs-esm-task-list,main,f22e24d0cf933b3e2268844e4aa68364c3d2d475,2026-08-14,commit=2026-05-11T23:28:35Z; pushed=2026-05-13T10:53:18Z; archived=true since 2026-05-14,MPL-2.0,Archived frontend requiring a separate Tasks backend; no hosted or enterprise behavior inferred.,"Patient-scoped tasks sort incomplete before completed, retain assignee/due/priority, toggle completed/in-progress, cancel, mark overdue, and report update failure. Exact official loci: src/workspace/task-list.resource.ts:L97-L180,L238-L323 | src/workspace/task-list-view.component.tsx:L15-L154 | package.json:L1-L8",CAP-DAY-ALL-TASKS-WORKBENCH | CAP-CR-MY-TASKS,"Patient context, due/priority/assignee, completion toggle, and recoverable error state.","Archived split frontend/backend; no cross-provider aggregate, Site scope, notification or escalation proof.",Reject,"No feature credit; native design may independently retain person context, completion, overdue visibility and recoverable feedback.",Archived upstream and split contract make it unsuitable as current production benchmark owner.,Substantively rejected; exact behavior is retained as exclusion evidence but grants no matrix credit.,project_triage_wave,root,p8_adversarial,IN_PROMPT_UNIQUE_95,1,HISTORICAL_ROW_STRUCTURALLY_VALIDATED_COMMITTED_LOCAL_ONLY,OFFICIAL_GITHUB_METADATA_ONLY_NO_FULL_TRIAGE_CREDIT,OFFICIAL_GITHUB_METADATA_SNAPSHOT_SUCCESS,openmrs/openmrs-esm-task-list,main,f22e24d0cf933b3e2268844e4aa68364c3d2d475,2026-05-11T23:28:35Z,2026-05-13T10:53:18Z,2026-05-14T13:21:46Z,PUBLIC,true,false,NOASSERTION,Other,v1.0.1,2026-02-11T18:08:47Z,2026-08-24T05:54:38.619975Z,METADATA_PREREQUISITE_ONLY_NO_BEHAVIOUR_LICENCE_ROOT_EDITION_MAPPING_SELECTION_OR_TRIAGE_CREDIT,false,"Official GitHub repository metadata only; root licence, edition boundary, maintenance quality, exact behavior, target parity, mapping, selection and completion were not established.",RUN-033,PARTIAL_BLOCKED,PARTIAL_BLOCKED,f22e24d0cf933b3e2268844e4aa68364c3d2d475,f22e24d0cf933b3e2268844e4aa68364c3d2d475,f22e24d0cf933b3e2268844e4aa68364c3d2d475,f22e24d0cf933b3e2268844e4aa68364c3d2d475,SAME_AS_BASELINE,VERIFIED_ROOT_FILE_MANUAL_GITHUB_NOASSERTION,MPL-2.0,https://github.com/openmrs/openmrs-esm-task-list/blob/f22e24d0cf933b3e2268844e4aa68364c3d2d475/LICENSE,BLOCKED_SPLIT_ARCHIVED_FRONTEND,ARCHIVED,1,BLOCKED,Task-list exclusion comparator only.,d05b4686313cdbd73c81101e7352fa538ec26d29ade93a5a5766bf7e06cb8e0f,false,"Upstream observer evidence only; neutral requirement rewriting, current-product comparison, target selection, feature mapping, benchmark equivalence, release, and completion credit remain zero."
"Client/patient profiles, care, clinical records, eMAR, forms, referrals, and portals; Care/clinical/eMAR",openmrs/openmrs-module-fhir2,https://github.com/openmrs/openmrs-module-fhir2,master,4dc2236334dd8ac35a61b2095b68f655f4cb9b65,2026-08-14,Pinned immutable-source review completed 2026-08-14; repository reachability and exact loci were independently checked.,MPL-2.0,"Pinned public FHIR2 module only; OpenMRS core, other modules, deployments and hosting are excluded.",FHIR patient service adapts and searches resources. Exact locus: https://github.com/openmrs/openmrs-module-fhir2/blob/4dc2236334dd8ac35a61b2095b68f655f4cb9b65/api/src/main/java/org/openmrs/module/fhir2/api/impl/FhirPatientServiceImpl.java#L68-L128,None—rejected from feature comparison.,Standards-oriented patient-resource adaptation and search.,"No authorised supported-living workflow, canonical Site/client scope or transactional action completion.",Reject,"No feature credit; any FHIR boundary requires native identity, authorization, validation, provenance and recovery.",Resource adaptation is neither care-workflow authority nor persistence assurance.,Substantively rejected as an Oblivion workflow comparator.,project_triage_wave5,root,p8_adversarial,IN_PROMPT_UNIQUE_95,1,HISTORICAL_ROW_STRUCTURALLY_VALIDATED_COMMITTED_LOCAL_ONLY,OFFICIAL_GITHUB_METADATA_ONLY_NO_FULL_TRIAGE_CREDIT,OFFICIAL_GITHUB_METADATA_SNAPSHOT_SUCCESS,openmrs/openmrs-module-fhir2,master,cf803e321ff50af71c008ef59a1b8330025f6094,2026-08-18T12:35:34Z,2026-08-18T15:25:17Z,2026-08-18T12:37:03Z,PUBLIC,false,false,NOASSERTION,Other,2.5.1,2026-08-18T15:19:20Z,2026-08-24T05:54:38.619975Z,METADATA_PREREQUISITE_ONLY_NO_BEHAVIOUR_LICENCE_ROOT_EDITION_MAPPING_SELECTION_OR_TRIAGE_CREDIT,false,"Official GitHub repository metadata only; root licence, edition boundary, maintenance quality, exact behavior, target parity, mapping, selection and completion were not established.",RUN-033,OBSERVED_WITH_LIMITS_NO_CREDIT,COMPLETE_OBSERVER_TRIAGE,4dc2236334dd8ac35a61b2095b68f655f4cb9b65,4dc2236334dd8ac35a61b2095b68f655f4cb9b65,cf803e321ff50af71c008ef59a1b8330025f6094,cf803e321ff50af71c008ef59a1b8330025f6094,SAME_AS_BASELINE,VERIFIED_ROOT_FILE_MANUAL_GITHUB_NOASSERTION,MPL-2.0,https://github.com/openmrs/openmrs-module-fhir2/blob/cf803e321ff50af71c008ef59a1b8330025f6094/LICENSE,BOUNDED_FHIR_MODULE_ONLY,ACTIVE_RECENT_HEAD_AND_RELEASE,1,SEPARATE_FUTURE_DECISION,FHIR interoperability context only.,c472c4fdfeddc9e3e13bdc9764c6f957e13b683b6a5ae96fff1db6dd3a78923b,false,"Upstream observer evidence only; neutral requirement rewriting, current-product comparison, target selection, feature mapping, benchmark equivalence, release, and completion credit remain zero."
"IoT, smart healthcare equipment, telemetry, physical security, and IT monitoring; IoT/security/monitoring",OpenNMS/opennms,https://github.com/OpenNMS/opennms,develop,a23f24cb9e15d8511073de90e413747bc76d0350,2026-08-14,Pinned immutable-source review completed 2026-08-14; repository reachability and exact loci were independently checked.,AGPL-3.0-or-later,"Pinned public OpenNMS source only; Meridian, managed services and uncited integrations are excluded.","Alarm acknowledgement validates selected action, records actor/time and supports unacknowledgement. Exact locus: https://github.com/OpenNMS/opennms/blob/a23f24cb9e15d8511073de90e413747bc76d0350/opennms-webapp/src/main/java/org/opennms/web/controller/alarm/AcknowledgeAlarmController.java#L91-L133",CAP-CR-ALERT-RESPONSE-CLOSURE,Actor/time acknowledgement with explicit reversal and constrained redirect behavior.,"Network-monitoring identities are not Oblivion Sites, custody, consent or safety authority; no generic alert-event credit is inferred.",Native benchmark,"Validate alert/action, record actor/time, support authorised reversal and preserve an accountable response state.","Acknowledgement is not incident resolution, closure evidence or Site-scoped safety completion.",Selected narrowly for Control Room alert-response closure mechanics.,project_triage_wave5,root,p8_adversarial,IN_PROMPT_UNIQUE_95,1,HISTORICAL_ROW_STRUCTURALLY_VALIDATED_COMMITTED_LOCAL_ONLY,OFFICIAL_GITHUB_METADATA_ONLY_NO_FULL_TRIAGE_CREDIT,OFFICIAL_GITHUB_METADATA_SNAPSHOT_SUCCESS,OpenNMS/opennms,develop,e9f333dee36c81fac411b6ce8d2a07d1424a77c5,2026-08-21T19:16:51Z,2026-08-22T15:50:06Z,2026-08-21T19:17:19Z,PUBLIC,false,false,NOASSERTION,Other,opennms-36.0.3-1,2026-08-12T15:47:33Z,2026-08-24T05:54:38.619975Z,METADATA_PREREQUISITE_ONLY_NO_BEHAVIOUR_LICENCE_ROOT_EDITION_MAPPING_SELECTION_OR_TRIAGE_CREDIT,false,"Official GitHub repository metadata only; root licence, edition boundary, maintenance quality, exact behavior, target parity, mapping, selection and completion were not established.",RUN-033,OBSERVED_WITH_LIMITS_NO_CREDIT,COMPLETE_OBSERVER_TRIAGE,a23f24cb9e15d8511073de90e413747bc76d0350,a23f24cb9e15d8511073de90e413747bc76d0350,e9f333dee36c81fac411b6ce8d2a07d1424a77c5,e9f333dee36c81fac411b6ce8d2a07d1424a77c5,SAME_AS_BASELINE,VERIFIED_ROOT_FILE_MANUAL_GITHUB_NOASSERTION,AGPL-3.0-or-later,https://github.com/OpenNMS/opennms/blob/e9f333dee36c81fac411b6ce8d2a07d1424a77c5/LICENSE.md,BOUNDED_PUBLIC_REPOSITORY_ONLY,ACTIVE_RECENT_PUSH_AND_RELEASE,1,SEPARATE_FUTURE_DECISION,Control Room alert-response closure candidate.,fa8f134ef64ad7f2034dff5c3289fcaedde544cc2f8b4d3f35c6e5f5fd8d8d82,false,"Upstream observer evidence only; neutral requirement rewriting, current-product comparison, target selection, feature mapping, benchmark equivalence, release, and completion credit remain zero."
"Client/patient profiles, care, clinical records, eMAR, forms, referrals, and portals; Interoperability/identity",openreferral/specification,https://github.com/openreferral/specification,3.2,eb55d3ba2c1ae37781c3942d3b08025e2449063f,2026-08-14,Pinned immutable-source review completed 2026-08-14; repository reachability and exact loci were independently checked.,CC-BY-SA-4.0,Pinned schema/documentation only; directory implementations and publisher data are excluded.,"HSDS documents organization, service and location structures. Exact locus: https://github.com/openreferral/specification/blob/eb55d3ba2c1ae37781c3942d3b08025e2449063f/docs/hsds/schema_reference.md#L1-L21",None—rejected from feature comparison.,Clear interoperability vocabulary.,"No executable workflow, authorization, persistence or recovery behavior.",Reject,No feature credit; schemas may inform vocabulary only after native governance and workflow design.,Documentation must not be promoted to runtime completion evidence.,Substantively rejected because no executable behavior is present.,project_triage_wave5,root,p8_adversarial,IN_PROMPT_UNIQUE_95,1,HISTORICAL_ROW_STRUCTURALLY_VALIDATED_COMMITTED_LOCAL_ONLY,OFFICIAL_GITHUB_METADATA_ONLY_NO_FULL_TRIAGE_CREDIT,OFFICIAL_GITHUB_METADATA_SNAPSHOT_SUCCESS,openreferral/specification,3.3,3a2666980ff5f83bdd97e8ffafef6cbf573861d3,2026-08-19T09:09:24Z,2026-08-19T09:27:36Z,2026-07-17T18:50:50Z,PUBLIC,false,false,NOASSERTION,Other,v3.3,2026-08-19T09:27:36Z,2026-08-24T05:54:38.619975Z,METADATA_PREREQUISITE_ONLY_NO_BEHAVIOUR_LICENCE_ROOT_EDITION_MAPPING_SELECTION_OR_TRIAGE_CREDIT,false,"Official GitHub repository metadata only; root licence, edition boundary, maintenance quality, exact behavior, target parity, mapping, selection and completion were not established.",RUN-033,PARTIAL_BLOCKED,PARTIAL_BLOCKED,eb55d3ba2c1ae37781c3942d3b08025e2449063f,eb55d3ba2c1ae37781c3942d3b08025e2449063f,3a2666980ff5f83bdd97e8ffafef6cbf573861d3,3a2666980ff5f83bdd97e8ffafef6cbf573861d3,SAME_AS_BASELINE,VERIFIED_ROOT_FILE_MANUAL_GITHUB_NOASSERTION,CC-BY-SA-4.0,https://github.com/openreferral/specification/blob/3a2666980ff5f83bdd97e8ffafef6cbf573861d3/LICENSE,BOUNDED_SCHEMA_DOCUMENTATION_ONLY,ACTIVE_RECENT_RELEASE,1,BLOCKED,Interoperability vocabulary only.,4b7546f047bb5fd99f205ad8e177699f65637c2d1099d5022ab380133805e132,false,"Upstream observer evidence only; neutral requirement rewriting, current-product comparison, target selection, feature mapping, benchmark equivalence, release, and completion credit remain zero."
"IoT, smart healthcare equipment, telemetry, physical security, and IT monitoring; IoT/security/monitoring",openremote/openremote,https://github.com/openremote/openremote,master,8616a12735bba9ca4ffc256aa71fe5f79a9a5c90,2026-08-12,pushed_at=11/08/2026 12:56:42 pm; head_committed_at=11/08/2026 12:38:39 pm; archived=False,NOASSERTION,Repository-root provenance only; module/open-core boundaries require behaviour-specific verification.,"Alarms retain source/source-ID/severity/assignee/status, asset links and event-driven lifecycle. Primary source: https://github.com/openremote/openremote/blob/8616a12735bba9ca4ffc256aa71fe5f79a9a5c90/model/src/main/java/org/openremote/model/alarm/Alarm.java",Supplemental benchmark; no exclusive feature mapping,Asset-alarm linkage and source provenance.,Generic IoT; realm architecture is not Oblivion tenancy.,Native benchmark,"Canonical source asset/device links, provider provenance and access-filtered site/room/person context.","Generic IoT; realm architecture is not Oblivion tenancy. Benchmark only; no code, UI, schema, wording or distinctive layout may be copied.",Useful alarm provenance/asset-link reference.,ops_assets_security,root,p8_adversarial,IN_PROMPT_UNIQUE_95,1,HISTORICAL_ROW_STRUCTURALLY_VALIDATED_COMMITTED_LOCAL_ONLY,OFFICIAL_GITHUB_METADATA_ONLY_NO_FULL_TRIAGE_CREDIT,OFFICIAL_GITHUB_METADATA_SNAPSHOT_SUCCESS,openremote/openremote,master,c11b6dc346f4cef0400fc72b58c9993a70830e02,2026-08-21T07:39:45Z,2026-08-24T01:15:56Z,2026-08-22T08:02:23Z,PUBLIC,false,false,NOASSERTION,Other,1.29.0,2026-08-10T10:03:18Z,2026-08-24T05:54:38.619975Z,METADATA_PREREQUISITE_ONLY_NO_BEHAVIOUR_LICENCE_ROOT_EDITION_MAPPING_SELECTION_OR_TRIAGE_CREDIT,false,"Official GitHub repository metadata only; root licence, edition boundary, maintenance quality, exact behavior, target parity, mapping, selection and completion were not established.",RUN-033,OBSERVED_WITH_LIMITS_NO_CREDIT,COMPLETE_OBSERVER_TRIAGE,8616a12735bba9ca4ffc256aa71fe5f79a9a5c90,8616a12735bba9ca4ffc256aa71fe5f79a9a5c90,c11b6dc346f4cef0400fc72b58c9993a70830e02,c11b6dc346f4cef0400fc72b58c9993a70830e02,SAME_AS_BASELINE,VERIFIED_ROOT_FILE_MANUAL_GITHUB_NOASSERTION,AGPL-3.0-or-later,https://github.com/openremote/openremote/blob/c11b6dc346f4cef0400fc72b58c9993a70830e02/LICENSE.txt,BOUNDED_PUBLIC_PLATFORM_REPOSITORY_ONLY,ACTIVE_RECENT_PUSH_AND_RELEASE,1,SEPARATE_FUTURE_DECISION,Alarm provenance and asset-link candidate.,d4fe96fad472e9db39abb3a346497431bdb160d000ed170f0ab7100b6b372f40,false,"Upstream observer evidence only; neutral requirement rewriting, current-product comparison, target selection, feature mapping, benchmark equivalence, release, and completion credit remain zero."
Cross-cutting features previously under-represented; Governance/board meetings,OpenSlides/OpenSlides,https://github.com/OpenSlides/OpenSlides,prompt-listed root c514bcd8c742053f08ef17741b5c9868cd2186f8; cited behavior source openslides-backend 3917202ccf26efe7efaee81fd56c822ec182a810,c514bcd8c742053f08ef17741b5c9868cd2186f8,2026-08-12,pushed_at=28/07/2026 10:10:47 am; head_committed_at=28/07/2026 10:10:47 am; archived=False,MIT,The catalogue identity is the official OpenSlides root repository. The cited behavior lives in the official openslides-backend repository at the separately retained backend SHA; only that cited behavior is used.,Motion transitions are constrained; agenda hierarchy rejects cycles; meeting archive blocks ongoing polls/speakers. Primary source: https://github.com/OpenSlides/openslides-backend/blob/3917202ccf26efe7efaee81fd56c822ec182a810/docs/actions/motion.set_state.md#L9-L46,GOV-BOARD-EVALUATION | GOV-BOARD-INTEREST | GOV-BOARD-MEMBER-ADMIN | GOV-BOARD-PACK | GOV-CEO-BOARD-REPORT | GOV-DASHBOARD | GOV-GOVERNANCE-MEETING | GOV-RESOLUTION | GOV-ROUTE-GOVERNANCE-DASHBOARD-LEGACY,Constrained decision lifecycle and close gates.,"No proof of NZ governance law, quorum, conflicts, signing or retention.",Native benchmark,"Agenda ownership, permissioned decision states, provenance and close blockers.","No proof of NZ governance law, quorum, conflicts, signing or retention. Benchmark only; no code, UI, schema, wording or distinctive layout may be copied.",Best verified governance-meeting mechanics.,benchmark_research,root,p8_adversarial,IN_PROMPT_UNIQUE_95,1,HISTORICAL_ROW_STRUCTURALLY_VALIDATED_COMMITTED_LOCAL_ONLY,OFFICIAL_GITHUB_METADATA_ONLY_NO_FULL_TRIAGE_CREDIT,OFFICIAL_GITHUB_METADATA_SNAPSHOT_SUCCESS,OpenSlides/OpenSlides,main,1402e0968ee580d41c0bbe3618451991afffa4d5,2026-08-19T12:20:46Z,2026-08-21T09:49:22Z,2026-08-23T13:08:33Z,PUBLIC,false,false,MIT,MIT License,4.3.1,2026-07-14T15:58:25Z,2026-08-24T05:54:38.619975Z,METADATA_PREREQUISITE_ONLY_NO_BEHAVIOUR_LICENCE_ROOT_EDITION_MAPPING_SELECTION_OR_TRIAGE_CREDIT,false,"Official GitHub repository metadata only; root licence, edition boundary, maintenance quality, exact behavior, target parity, mapping, selection and completion were not established.",RUN-033,PARTIAL_BLOCKED,PARTIAL_BLOCKED,3917202ccf26efe7efaee81fd56c822ec182a810,3917202ccf26efe7efaee81fd56c822ec182a810,1402e0968ee580d41c0bbe3618451991afffa4d5,1402e0968ee580d41c0bbe3618451991afffa4d5,SAME_AS_BASELINE,VERIFIED_ROOT_FILE,MIT,https://github.com/OpenSlides/OpenSlides/blob/1402e0968ee580d41c0bbe3618451991afffa4d5/LICENSE,BLOCKED_CROSS_REPOSITORY_BEHAVIOUR_SOURCE,ACTIVE_RECENT_HEAD_AND_RELEASE,1,BLOCKED,Governance-meeting transition candidate pending repository-boundary reconciliation.,643d57dffaa461e140c1de09e76a7a7f6965e69d399750b763b17761e7ad7189,false,"Upstream observer evidence only; neutral requirement rewriting, current-product comparison, target selection, feature mapping, benchmark equivalence, release, and completion credit remain zero."
"Client/patient profiles, care, clinical records, eMAR, forms, referrals, and portals; Care/clinical/eMAR",OpenSPP/OpenSPP2,https://github.com/OpenSPP/OpenSPP2,19.0,c33d3cb132e1a33f2aa9734106c48a3d416c5ad1,2026-08-14,Pinned immutable-source review completed 2026-08-14; repository reachability and exact loci were independently checked.,LGPL-3.0-only,"Pinned public OpenSPP modules only; Odoo platform behavior, deployments and uncited extensions are excluded.",Program-membership service searches and creates or updates membership using sudo. Exact locus: https://github.com/OpenSPP/OpenSPP2/blob/c33d3cb132e1a33f2aa9734106c48a3d416c5ad1/spp_api_v2_programs/services/program_membership_service.py#L23-L98,None—rejected from feature comparison.,Concrete membership search/create/update service.,The sudo path does not prove an object policy or Site boundary.,Reject,"No feature credit; native membership requires canonical subject, Site scope, authorization and provenance.",Elevated service access is unsuitable as an authority comparator without a bounded caller policy.,Substantively rejected for fail-open authority semantics.,project_triage_wave5,root,p8_adversarial,IN_PROMPT_UNIQUE_95,1,HISTORICAL_ROW_STRUCTURALLY_VALIDATED_COMMITTED_LOCAL_ONLY,OFFICIAL_GITHUB_METADATA_ONLY_NO_FULL_TRIAGE_CREDIT,OFFICIAL_GITHUB_METADATA_SNAPSHOT_SUCCESS,OpenSPP/OpenSPP2,19.0,4123d6ecb4b2e6a390787f34ed77b90d2cf193be,2026-08-24T05:02:36Z,2026-08-24T05:40:56Z,2026-08-24T05:02:46Z,PUBLIC,false,false,LGPL-3.0,GNU Lesser General Public License v3.0,2026.08,2026-08-05T06:27:00Z,2026-08-24T05:54:38.619975Z,METADATA_PREREQUISITE_ONLY_NO_BEHAVIOUR_LICENCE_ROOT_EDITION_MAPPING_SELECTION_OR_TRIAGE_CREDIT,false,"Official GitHub repository metadata only; root licence, edition boundary, maintenance quality, exact behavior, target parity, mapping, selection and completion were not established.",RUN-033,OBSERVED_WITH_LIMITS_NO_CREDIT,COMPLETE_OBSERVER_TRIAGE,c33d3cb132e1a33f2aa9734106c48a3d416c5ad1,c33d3cb132e1a33f2aa9734106c48a3d416c5ad1,92a3c206d9baa4910dfd7a99311df304d2179bca,4123d6ecb4b2e6a390787f34ed77b90d2cf193be,DIFFERENT_LATER_OBSERVATION_NO_ANCESTRY_INFERENCE,VERIFIED_ROOT_FILE,LGPL-3.0,https://github.com/OpenSPP/OpenSPP2/blob/92a3c206d9baa4910dfd7a99311df304d2179bca/LICENSE,BOUNDED_PUBLIC_MODULE_REPOSITORY_ONLY,ACTIVE_CURRENT_DAY_HEAD_RECENT_RELEASE,1,SEPARATE_FUTURE_DECISION,Program-membership service cautionary comparator.,85896d36fc4765747c6815cf8c109a0b3627befc1752a833119012c784a4db54,false,"Upstream observer evidence only; neutral requirement rewriting, current-product comparison, target selection, feature mapping, benchmark equivalence, release, and completion credit remain zero."
"Client/patient profiles, care, clinical records, eMAR, forms, referrals, and portals; Care/clinical/eMAR",opensrp/fhircore,https://github.com/opensrp/fhircore,main,9e8675d41a133230eaf6bf7fd79370c8d34fe326,2026-08-14,Pinned immutable-source review completed 2026-08-14; repository reachability and exact loci were independently checked.,Apache-2.0,"Pinned Android FHIRCore engine only; reference apps, servers, identity and deployment infrastructure are excluded.",Local register repository performs configured filtering and counting. Exact locus: https://github.com/opensrp/fhircore/blob/9e8675d41a133230eaf6bf7fd79370c8d34fe326/android/engine/src/main/java/org/smartregister/fhircore/engine/data/local/register/RegisterRepository.kt#L71-L145,None—rejected from feature comparison.,Configurable local register query mechanics.,No complete authorised clinical/client workflow or server-side integrity contract.,Reject,"No feature credit; native registers require server-owned identity, authorization, persistence and recovery.","Local filtering cannot prove upstream visibility, synchronization or mutation authority.",Substantively rejected as a workflow-completion comparator.,project_triage_wave5,root,p8_adversarial,IN_PROMPT_UNIQUE_95,1,HISTORICAL_ROW_STRUCTURALLY_VALIDATED_COMMITTED_LOCAL_ONLY,OFFICIAL_GITHUB_METADATA_ONLY_NO_FULL_TRIAGE_CREDIT,OFFICIAL_GITHUB_METADATA_SNAPSHOT_SUCCESS,opensrp/fhircore,main,9e8675d41a133230eaf6bf7fd79370c8d34fe326,2026-07-24T15:24:39Z,2026-08-17T12:47:24Z,2026-08-15T15:25:44Z,PUBLIC,false,false,Apache-2.0,Apache License 2.0,v2.2.2-opensrp,2025-11-10T05:24:44Z,2026-08-24T05:54:38.619975Z,METADATA_PREREQUISITE_ONLY_NO_BEHAVIOUR_LICENCE_ROOT_EDITION_MAPPING_SELECTION_OR_TRIAGE_CREDIT,false,"Official GitHub repository metadata only; root licence, edition boundary, maintenance quality, exact behavior, target parity, mapping, selection and completion were not established.",RUN-033,OBSERVED_WITH_LIMITS_NO_CREDIT,COMPLETE_OBSERVER_TRIAGE,9e8675d41a133230eaf6bf7fd79370c8d34fe326,9e8675d41a133230eaf6bf7fd79370c8d34fe326,9e8675d41a133230eaf6bf7fd79370c8d34fe326,9e8675d41a133230eaf6bf7fd79370c8d34fe326,SAME_AS_BASELINE,VERIFIED_ROOT_FILE,Apache-2.0,https://github.com/opensrp/fhircore/blob/9e8675d41a133230eaf6bf7fd79370c8d34fe326/LICENSE,BOUNDED_ANDROID_ENGINE_ONLY,ACTIVE_PUSH_RELEASE_OLDER,1,SEPARATE_FUTURE_DECISION,Offline register-query mechanics candidate.,b8986031c337bc7b14872d83a390c5973811c6f9ba2cc81453331fd682f0772f,false,"Upstream observer evidence only; neutral requirement rewriting, current-product comparison, target selection, feature mapping, benchmark equivalence, release, and completion credit remain zero."
"Health and safety, incidents, hazards, risks, evidence, and corrective action; Cross-cutting features previously under-represented; H&S/risk/actions; Roadmap/projects/actions",opf/openproject,https://github.com/opf/openproject,commit-pinned wave-4,6717bde12ef269daac04726114c173f2b66b72d5,2026-08-13,pushed_at=11/08/2026 6:23:07 pm; head_committed_at=11/08/2026 5:37:51 pm; archived=False Prior catalogue activity evidence retained; supplemental target-specific snapshot inspected at 6717bde12ef269daac04726114c173f2b66b72d5.,GPL-3.0,Repository-root provenance only; module/open-core boundaries require behaviour-specific verification. Wave-4 boundary: The cited meeting module is in the GPL Community repository; Enterprise add-ons are excluded.,"Work packages preserve status, owner/assignee, due/blocked state and typed relationships; watchers validate active possible recipients. Primary source: https://github.com/opf/openproject/blob/0d46ea5d912e32f877537c59d8ab016b0c3e168f/app/models/work_package.rb#L226-L288 Wave-4: [CAP-GOV-MEETING-SCHEDULING-AGENDA] OpenProject models scheduled meeting fields/states, participants, visibility, upcoming/past scopes and ordered agenda items with title, duration, notes and presenter. Primary sources: https://github.com/opf/openproject/blob/6717bde12ef269daac04726114c173f2b66b72d5/docs/api/apiv3/components/schemas/meeting_write_model.yml#L3-L34; https://github.com/opf/openproject/blob/6717bde12ef269daac04726114c173f2b66b72d5/docs/api/apiv3/components/schemas/meeting_agenda_item_write_model.yml#L3-L47; https://github.com/opf/openproject/blob/6717bde12ef269daac04726114c173f2b66b72d5/modules/meeting/app/models/meeting.rb#L31-L54; https://github.com/opf/openproject/blob/6717bde12ef269daac04726114c173f2b66b72d5/modules/meeting/app/models/meeting.rb#L69-L95; https://github.com/opf/openproject/blob/6717bde12ef269daac04726114c173f2b66b72d5/modules/meeting/app/models/meeting.rb#L131-L143; https://github.com/opf/openproject/blob/6717bde12ef269daac04726114c173f2b66b72d5/modules/meeting/app/models/meeting_agenda_item.rb#L32-L89; https://github.com/opf/openproject/blob/6717bde12ef269daac04726114c173f2b66b72d5/modules/meeting/app/components/meeting_agenda_items/form_component.html.erb#L1-L35.",CAP-GOV-MEETING-SCHEDULING-AGENDA | CR-CONTROL-ROOM-MY-TASKS | CR-CONTROL-ROOM-PLAYBOOK | CR-CONTROL-ROOM-TASK | GOV-ACTION-ITEM | INC-SAFEGUARDING-ACTION-PLAN | ROAD-DECISION-REQUEST | ROAD-INITIATIVE | ROAD-QUARTERLY-PLAN | ROAD-REPORT | ROAD-ROADMAP-DASHBOARD | ROAD-SUGGESTION,"Ownership, due state, dependencies and watcher integrity.","Open-core generic work must not replace domain safety state machines. Wave-4: [CAP-GOV-MEETING-SCHEDULING-AGENDA] Project meetings do not prove board roles, local categories, minutes approval, locking, RSVP, resolutions or board packs.",Native benchmark,"Shared owner/due/evidence/dependency shell while domain record stays authoritative. Wave-4: [CAP-GOV-MEETING-SCHEDULING-AGENDA] Schedule meetings with title, time, duration, location, participants and state, and create, order, edit or remove structured agenda items with presenter, notes and duration.","Open-core generic work must not replace domain safety state machines. Benchmark only; no code, UI, schema, wording or distinctive layout may be copied. Wave-4 target limits: [CAP-GOV-MEETING-SCHEDULING-AGENDA] Project meetings do not prove board roles, local categories, minutes approval, locking, RSVP, resolutions or board packs. Benchmark behavior only; no implementation inheritance or copying.",Strong shared action/dependency mechanics. Selected for fresh direct target-specific wave-4 evidence; no sibling or module-wide inheritance.,benchmark_research + ops_assets_security | benchmark_wave4_ncm,root,p8_adversarial | wave4_integrity_review,IN_PROMPT_UNIQUE_95,2,HISTORICAL_ROW_STRUCTURALLY_VALIDATED_COMMITTED_LOCAL_ONLY,OFFICIAL_GITHUB_METADATA_ONLY_NO_FULL_TRIAGE_CREDIT,OFFICIAL_GITHUB_METADATA_SNAPSHOT_SUCCESS,opf/openproject,dev,b0d4b794a74c062ecbcfa889a74cf7767441aee5,2026-08-24T03:23:36Z,2026-08-24T05:43:11Z,2026-08-24T03:24:14Z,PUBLIC,false,false,GPL-3.0,GNU General Public License v3.0,v17.7.2,2026-08-13T12:25:20Z,2026-08-24T05:54:38.619975Z,METADATA_PREREQUISITE_ONLY_NO_BEHAVIOUR_LICENCE_ROOT_EDITION_MAPPING_SELECTION_OR_TRIAGE_CREDIT,false,"Official GitHub repository metadata only; root licence, edition boundary, maintenance quality, exact behavior, target parity, mapping, selection and completion were not established.",RUN-033,OBSERVED_WITH_LIMITS_NO_CREDIT,COMPLETE_OBSERVER_TRIAGE,6717bde12ef269daac04726114c173f2b66b72d5,6717bde12ef269daac04726114c173f2b66b72d5,30b6ff90bf1626608607ecfb9f61b66c9b60e1f7,b0d4b794a74c062ecbcfa889a74cf7767441aee5,DIFFERENT_LATER_OBSERVATION_NO_ANCESTRY_INFERENCE,VERIFIED_ROOT_FILE,GPL-3.0,https://github.com/opf/openproject/blob/30b6ff90bf1626608607ecfb9f61b66c9b60e1f7/LICENSE,BOUNDED_COMMUNITY_REPOSITORY_ONLY,ACTIVE_CURRENT_DAY_HEAD_RECENT_RELEASE,1,SEPARATE_FUTURE_DECISION,Meeting scheduling and agenda data-contract candidate.,e5241044b9befc9a788cd1b5a7977dcba2e34da897ddc3b0160380b60c85cded,false,"Upstream observer evidence only; neutral requirement rewriting, current-product comparison, target selection, feature mapping, benchmark equivalence, release, and completion credit remain zero."
"HR, workforce, rostering, attendance, and time",orangehrm/orangehrm,https://github.com/orangehrm/orangehrm,main,56e23b3b09e7af29317a0943523b825843fff527,2026-08-14,commit=2026-06-28T23:42:20Z; pushed=2026-06-28T23:52:36Z; archived=false; release 5.8.1=2026-04-06,GPL-3.0-or-later,OrangeHRM Starter repository only; commercial/hosted editions receive no credit.,"Attendance editing checks actor workflow permission, retains local and UTC punch times plus timezone provenance, and rejects overlap. Exact official loci: src/plugins/orangehrmAttendancePlugin/Api/AttendanceRecordAPI.php:L188-L224,L263-L347 | README.md:L5-L25,L58-L61",CAP-HR-TIME-TRACKING-CLOCKING | CAP-OPS-ATTENDANCE-CLOCK-SESSION,"Actor-sensitive editing, timezone provenance, and overlap validation.","Not roster authority, EVV, payroll correctness, shift/site/client binding, or break compliance.",Native benchmark,Keep local/UTC punch evidence and timezone; enforce actor-specific edit rights; reject overlap before persistence; show validation feedback.,Admin allowances must not replace Site/ownership rules; locus does not prove concurrency locking.,Selected for unproved clock-session targets because exact Starter code verifies attendance integrity.,project_triage_wave,root,p8_adversarial,IN_PROMPT_UNIQUE_95,1,HISTORICAL_ROW_STRUCTURALLY_VALIDATED_COMMITTED_LOCAL_ONLY,OFFICIAL_GITHUB_METADATA_ONLY_NO_FULL_TRIAGE_CREDIT,OFFICIAL_GITHUB_METADATA_SNAPSHOT_SUCCESS,orangehrm/orangehrm,main,56e23b3b09e7af29317a0943523b825843fff527,2026-06-28T23:42:20Z,2026-06-28T23:52:36Z,2026-08-22T00:07:03Z,PUBLIC,false,false,GPL-3.0,GNU General Public License v3.0,v5.9,2026-06-28T23:46:59Z,2026-08-24T05:54:38.619975Z,METADATA_PREREQUISITE_ONLY_NO_BEHAVIOUR_LICENCE_ROOT_EDITION_MAPPING_SELECTION_OR_TRIAGE_CREDIT,false,"Official GitHub repository metadata only; root licence, edition boundary, maintenance quality, exact behavior, target parity, mapping, selection and completion were not established.",RUN-033,OBSERVED_WITH_LIMITS_NO_CREDIT,COMPLETE_OBSERVER_TRIAGE,56e23b3b09e7af29317a0943523b825843fff527,56e23b3b09e7af29317a0943523b825843fff527,56e23b3b09e7af29317a0943523b825843fff527,56e23b3b09e7af29317a0943523b825843fff527,SAME_AS_BASELINE,VERIFIED_ROOT_FILE,GPL-3.0,https://github.com/orangehrm/orangehrm/blob/56e23b3b09e7af29317a0943523b825843fff527/LICENSE,BOUNDED_STARTER_REPOSITORY_ONLY,ACTIVE_RELEASE_ALIGNED_HEAD,1,SEPARATE_FUTURE_DECISION,Attendance integrity candidate.,9fab8efa65be53017b74976772a22277e9f15eb50c259bd1076e6981719237fb,false,"Upstream observer evidence only; neutral requirement rewriting, current-product comparison, target selection, feature mapping, benchmark equivalence, release, and completion credit remain zero."
"IoT, smart healthcare equipment, telemetry, physical security, and IT monitoring; IoT/security/monitoring",osdp-dev/libosdp,https://github.com/osdp-dev/libosdp,master,9ab54387a4b8992ad94aba880dd65845aaefbe75,2026-08-12,pushed_at=5/08/2026 9:58:38 pm; head_committed_at=5/08/2026 9:58:35 pm; archived=False,Apache-2.0,Repository-root provenance only; module/open-core boundaries require behaviour-specific verification.,"Secure-channel implementation uses per-device key material, cryptograms/MACs and tested session behavior. Primary source: https://github.com/osdp-dev/libosdp/blob/9ab54387a4b8992ad94aba880dd65845aaefbe75/src/osdp_sc.c",SEC-UNIFI,Authenticated encrypted controller-peripheral channel.,"Protocol library, not PACS identity/authorization/product governance.",Native benchmark,"Fail closed on trust failure, managed per-device credentials/rotation and visible degraded state.","Protocol library, not PACS identity/authorization/product governance. Benchmark only; no code, UI, schema, wording or distinctive layout may be copied.",Transport-security benchmark only.,ops_assets_security,root,p8_adversarial,IN_PROMPT_UNIQUE_95,1,HISTORICAL_ROW_STRUCTURALLY_VALIDATED_COMMITTED_LOCAL_ONLY,OFFICIAL_GITHUB_METADATA_ONLY_NO_FULL_TRIAGE_CREDIT,OFFICIAL_GITHUB_METADATA_SNAPSHOT_SUCCESS,osdp-dev/libosdp,master,f80d6ab2ea7797659c4de7150ef0062442154d69,2026-08-17T19:22:17Z,2026-08-17T19:29:48Z,2026-08-21T00:22:30Z,PUBLIC,false,false,Apache-2.0,Apache License 2.0,v3.2.6,2026-08-04T08:08:39Z,2026-08-24T05:54:38.619975Z,METADATA_PREREQUISITE_ONLY_NO_BEHAVIOUR_LICENCE_ROOT_EDITION_MAPPING_SELECTION_OR_TRIAGE_CREDIT,false,"Official GitHub repository metadata only; root licence, edition boundary, maintenance quality, exact behavior, target parity, mapping, selection and completion were not established.",RUN-033,OBSERVED_WITH_LIMITS_NO_CREDIT,COMPLETE_OBSERVER_TRIAGE,9ab54387a4b8992ad94aba880dd65845aaefbe75,9ab54387a4b8992ad94aba880dd65845aaefbe75,f80d6ab2ea7797659c4de7150ef0062442154d69,f80d6ab2ea7797659c4de7150ef0062442154d69,SAME_AS_BASELINE,VERIFIED_ROOT_FILE,Apache-2.0,https://github.com/osdp-dev/libosdp/blob/f80d6ab2ea7797659c4de7150ef0062442154d69/LICENSE,BOUNDED_PROTOCOL_LIBRARY_ONLY,ACTIVE_RECENT_HEAD_AND_RELEASE,1,SEPARATE_FUTURE_DECISION,Physical-access transport-security candidate only.,9bf8dfd321a9c90ec2dfc3f43e1b09c192195b4fb7769048d40725b678618e2d,false,"Upstream observer evidence only; neutral requirement rewriting, current-product comparison, target selection, feature mapping, benchmark equivalence, release, and completion credit remain zero."
Cross-cutting document libraries,paperless-ngx/paperless-ngx,https://github.com/paperless-ngx/paperless-ngx,dev,6a02b87dded9d8f586de3e52b496864858a07518,2026-08-14,pinned commit remains reachable; active and unarchived,GPL-3.0-only,"Public GPL repository only; hosting, OCR engines and external integrations excluded.","Documents retain owner/type/tags/storage/custom fields/checksums/versions; updates use an audit actor; ordered workflows refresh state, stop after deletion and emit effective visibility. Exact official loci: https://github.com/paperless-ngx/paperless-ngx/blob/6a02b87dded9d8f586de3e52b496864858a07518/src/documents/serialisers.py#L1042-L1105 | https://github.com/paperless-ngx/paperless-ngx/blob/6a02b87dded9d8f586de3e52b496864858a07518/src/documents/serialisers.py#L1245-L1275 | https://github.com/paperless-ngx/paperless-ngx/blob/6a02b87dded9d8f586de3e52b496864858a07518/src/documents/models.py#L157-L232 | https://github.com/paperless-ngx/paperless-ngx/blob/6a02b87dded9d8f586de3e52b496864858a07518/src/documents/signals/handlers.py#L803-L940",CAP-GOV-DOCUMENT-LIBRARY | CAP-HR-HR-DOCUMENT-LIBRARY | CAP-CLI-CLIENT-DOCUMENT-STAFF-LIBRARY,"Owner metadata, original/archive hashes, version/duplicate awareness, actor updates and current-state ordered automation.","Document management is not e-signing; no signer intent, certificate, policy acknowledgement, clinical consent, Site privacy or approval state.",Native benchmark,Retain owner/type/tags/storage; hash representations; show only viewable versions; attribute mutations; refresh before actions; stop after deletion.,Owner/group permissions are not Oblivion Site/client privacy; workflow mutation needs canonical scope and audit-safe failures.,"Selected for governed document-library integrity, not signature assurance.",project_triage_wave2,root,p8_adversarial,IN_PROMPT_UNIQUE_95,1,HISTORICAL_ROW_STRUCTURALLY_VALIDATED_COMMITTED_LOCAL_ONLY,OFFICIAL_GITHUB_METADATA_ONLY_NO_FULL_TRIAGE_CREDIT,OFFICIAL_GITHUB_METADATA_SNAPSHOT_SUCCESS,paperless-ngx/paperless-ngx,dev,08a7f6ccc09086237398f925559fc48308b89e9d,2026-08-24T04:56:30Z,2026-08-24T04:58:07Z,2026-08-24T05:20:47Z,PUBLIC,false,false,GPL-3.0,GNU General Public License v3.0,v3.0.5,2026-08-01T21:59:04Z,2026-08-24T05:54:38.619975Z,METADATA_PREREQUISITE_ONLY_NO_BEHAVIOUR_LICENCE_ROOT_EDITION_MAPPING_SELECTION_OR_TRIAGE_CREDIT,false,"Official GitHub repository metadata only; root licence, edition boundary, maintenance quality, exact behavior, target parity, mapping, selection and completion were not established.",RUN-033,OBSERVED_WITH_LIMITS_NO_CREDIT,COMPLETE_OBSERVER_TRIAGE,6a02b87dded9d8f586de3e52b496864858a07518,6a02b87dded9d8f586de3e52b496864858a07518,22c57fb392f498ffc31df4d52eca311401e2d911,08a7f6ccc09086237398f925559fc48308b89e9d,DIFFERENT_LATER_OBSERVATION_NO_ANCESTRY_INFERENCE,VERIFIED_ROOT_FILE,GPL-3.0,https://github.com/paperless-ngx/paperless-ngx/blob/22c57fb392f498ffc31df4d52eca311401e2d911/LICENSE,BOUNDED_PUBLIC_REPOSITORY_ONLY,ACTIVE_CURRENT_DAY_HEAD_RECENT_RELEASE,1,SEPARATE_FUTURE_DECISION,Governed document-library integrity candidate.,7720b1013d9737acb6066070aa0b7f7a9027b8afc373d2f8e7b1a02f3f731a6d,false,"Upstream observer evidence only; neutral requirement rewriting, current-product comparison, target selection, feature mapping, benchmark equivalence, release, and completion credit remain zero."
"Client/patient profiles, care, clinical records, eMAR, forms, referrals, and portals; Care/clinical/eMAR",primeroIMS/primero,https://github.com/primeroIMS/primero,main,9cea249d502269c258028844884d51e9a89bd00a,2026-08-12,pushed_at=11/08/2026 9:13:01 pm; head_committed_at=10/08/2026 7:57:16 pm; archived=False,NOASSERTION,Repository-root provenance only; module/open-core boundaries require behaviour-specific verification.,"Referrals move through accepted/rejected/done/revoked states, check consent and link service completion. Primary source: https://github.com/primeroIMS/primero/blob/9cea249d502269c258028844884d51e9a89bd00a/app/models/referral.rb#L31-L99",CLI-RESPITE-REFERRAL,Recipient handoff is a lifecycle.,Humanitarian context/config bundles are not NZ supported living.,Native benchmark,"Purpose, minimum data, authority, recipient decision, revoke reason and service-linked completion.","Humanitarian context/config bundles are not NZ supported living. Benchmark only; no code, UI, schema, wording or distinctive layout may be copied.",Strongest consent-aware referral lifecycle.,benchmark_research,root,p8_adversarial,IN_PROMPT_UNIQUE_95,1,HISTORICAL_ROW_STRUCTURALLY_VALIDATED_COMMITTED_LOCAL_ONLY,OFFICIAL_GITHUB_METADATA_ONLY_NO_FULL_TRIAGE_CREDIT,OFFICIAL_GITHUB_METADATA_SNAPSHOT_SUCCESS,primeroIMS/primero,main,4b95bf947480e7cdd1fca197b1c7ef7188a9bd8e,2026-08-19T17:20:02Z,2026-08-19T17:57:22Z,2026-08-19T18:01:05Z,PUBLIC,false,false,NOASSERTION,Other,v2.15.2,2026-08-23T07:32:51Z,2026-08-24T05:54:38.619975Z,METADATA_PREREQUISITE_ONLY_NO_BEHAVIOUR_LICENCE_ROOT_EDITION_MAPPING_SELECTION_OR_TRIAGE_CREDIT,false,"Official GitHub repository metadata only; root licence, edition boundary, maintenance quality, exact behavior, target parity, mapping, selection and completion were not established.",RUN-033,PARTIAL_BLOCKED,PARTIAL_BLOCKED,9cea249d502269c258028844884d51e9a89bd00a,9cea249d502269c258028844884d51e9a89bd00a,4b95bf947480e7cdd1fca197b1c7ef7188a9bd8e,4b95bf947480e7cdd1fca197b1c7ef7188a9bd8e,SAME_AS_BASELINE,VERIFIED_NONSTANDARD_ROOT_FILE_GITHUB_NOASSERTION,NOASSERTION,https://github.com/primeroIMS/primero/blob/4b95bf947480e7cdd1fca197b1c7ef7188a9bd8e/LICENSE,PARTIAL_BLOCKED_CONFIGURATION_BUNDLES_SEPARATE,ACTIVE_RECENT_RELEASE,1,BLOCKED,Consent-aware referral-lifecycle candidate.,163b661bea0193e7f907cce3ca17ecfd0e373223260f60491a3e4505ca146f6f,false,"Upstream observer evidence only; neutral requirement rewriting, current-product comparison, target selection, feature mapping, benchmark equivalence, release, and completion credit remain zero."
"Health and safety, incidents, hazards, risks, evidence, and corrective action; H&S/risk/actions",SmartQHSE/hse-calculators,https://github.com/SmartQHSE/hse-calculators,main,324829cf05f2b99363a4d4d0d59e008c4a300032,2026-08-14,Pinned immutable-source review completed 2026-08-14; repository reachability and exact loci were independently checked.,MIT,"Pinned public calculator source only; external incident records, regulatory validation and hosting are excluded.",Pure incident-rate functions calculate supplied values. Exact locus: https://github.com/SmartQHSE/hse-calculators/blob/324829cf05f2b99363a4d4d0d59e008c4a300032/src/core/incident-rates.ts#L9-L91,None—rejected from feature comparison.,Transparent incident-rate formulae.,"No hazard/incident ownership, approval, evidence or corrective-action lifecycle.",Reject,"No feature credit; native reporting must govern source records, denominator, approval and provenance.","A correct formula does not establish data quality, authority or regulatory applicability.",Substantively rejected because calculator behavior is not operational workflow completion.,project_triage_wave5,root,p8_adversarial,IN_PROMPT_UNIQUE_95,1,HISTORICAL_ROW_STRUCTURALLY_VALIDATED_COMMITTED_LOCAL_ONLY,OFFICIAL_GITHUB_METADATA_ONLY_NO_FULL_TRIAGE_CREDIT,OFFICIAL_GITHUB_METADATA_SNAPSHOT_SUCCESS,SmartQHSE/hse-calculators,main,324829cf05f2b99363a4d4d0d59e008c4a300032,2026-04-23T07:53:18Z,2026-04-23T07:53:20Z,2026-05-27T12:24:39Z,PUBLIC,false,false,MIT,MIT License,GITHUB_API_NULL,GITHUB_API_NULL,2026-08-24T05:54:38.619975Z,METADATA_PREREQUISITE_ONLY_NO_BEHAVIOUR_LICENCE_ROOT_EDITION_MAPPING_SELECTION_OR_TRIAGE_CREDIT,false,"Official GitHub repository metadata only; root licence, edition boundary, maintenance quality, exact behavior, target parity, mapping, selection and completion were not established.",RUN-033,OBSERVED_WITH_LIMITS_NO_CREDIT,COMPLETE_OBSERVER_TRIAGE,324829cf05f2b99363a4d4d0d59e008c4a300032,324829cf05f2b99363a4d4d0d59e008c4a300032,324829cf05f2b99363a4d4d0d59e008c4a300032,324829cf05f2b99363a4d4d0d59e008c4a300032,SAME_AS_BASELINE,VERIFIED_ROOT_FILE,MIT,https://github.com/SmartQHSE/hse-calculators/blob/324829cf05f2b99363a4d4d0d59e008c4a300032/LICENSE,BOUNDED_CALCULATOR_SOURCE_ONLY,HEAD_PRESENT_NO_GITHUB_RELEASE,1,SEPARATE_FUTURE_DECISION,"Calculation reference only, not an operational workflow comparator.",9ab4cec58ed9f87251414d13056517e62b89289191d124fc51c843ceb161d671,false,"Upstream observer evidence only; neutral requirement rewriting, current-product comparison, target selection, feature mapping, benchmark equivalence, release, and completion credit remain zero."
Cross-cutting features previously under-represented; Catering/meal planning/shopping,TandoorRecipes/recipes,https://github.com/TandoorRecipes/recipes,develop,7f11250ac76a38f9a5bf081673c9bba6343d0991,2026-08-12,pushed_at=11/08/2026 9:14:54 pm; head_committed_at=11/08/2026 9:13:34 pm; archived=False,NOASSERTION,Repository-root provenance only; module/open-core boundaries require behaviour-specific verification.,Meal plan/recipe/shopping links retain serving-factor and source provenance. Primary source: https://github.com/TandoorRecipes/recipes/blob/7f11250ac76a38f9a5bf081673c9bba6343d0991/cookbook/helper/shopping_helper.py,SITE-SITE-MEAL-PLAN | SITE-SITE-MEAL-SHOPPING-LIST,Serving-aware meal-to-shopping derivation.,Household recipe manager; no clinical dietary authority.,Native benchmark,"Deterministic scaling, source links, creator/site and separate clinical safety ownership.","Household recipe manager; no clinical dietary authority. Benchmark only; no code, UI, schema, wording or distinctive layout may be copied.",Supplemental planning provenance reference.,ops_assets_security,root,p8_adversarial,IN_PROMPT_UNIQUE_95,1,HISTORICAL_ROW_STRUCTURALLY_VALIDATED_COMMITTED_LOCAL_ONLY,OFFICIAL_GITHUB_METADATA_ONLY_NO_FULL_TRIAGE_CREDIT,OFFICIAL_GITHUB_METADATA_SNAPSHOT_SUCCESS,TandoorRecipes/recipes,develop,4759ecf6fcf4f37f39582f21691931d2641bb6e5,2026-08-20T17:08:09Z,2026-08-20T17:08:11Z,2026-08-23T14:34:44Z,PUBLIC,false,false,NOASSERTION,Other,2.6.13,2026-07-05T12:56:29Z,2026-08-24T05:54:38.619975Z,METADATA_PREREQUISITE_ONLY_NO_BEHAVIOUR_LICENCE_ROOT_EDITION_MAPPING_SELECTION_OR_TRIAGE_CREDIT,false,"Official GitHub repository metadata only; root licence, edition boundary, maintenance quality, exact behavior, target parity, mapping, selection and completion were not established.",RUN-033,PARTIAL_BLOCKED,PARTIAL_BLOCKED,7f11250ac76a38f9a5bf081673c9bba6343d0991,7f11250ac76a38f9a5bf081673c9bba6343d0991,91277818b79150533db4c355d929372b9050beeb,4759ecf6fcf4f37f39582f21691931d2641bb6e5,DIFFERENT_LATER_OBSERVATION_NO_ANCESTRY_INFERENCE,VERIFIED_RESTRICTED_NONSTANDARD_ROOT_FILE_GITHUB_NOASSERTION,NOASSERTION,https://github.com/TandoorRecipes/recipes/blob/91277818b79150533db4c355d929372b9050beeb/LICENSE.md,PARTIAL_BLOCKED_NONSTANDARD_LICENCE_BOUNDARY,ACTIVE_CURRENT_DAY_HEAD_RECENT_RELEASE,1,BLOCKED,Planning-provenance reference only.,9a55550d2aaa67b9098f925b20739632a947adfcc21d661e0a7d38cf1ba41c89,false,"Upstream observer evidence only; neutral requirement rewriting, current-product comparison, target selection, feature mapping, benchmark equivalence, release, and completion credit remain zero."
"IoT, smart healthcare equipment, telemetry, physical security, and IT monitoring; IoT/security/monitoring",thingsboard/thingsboard,https://github.com/thingsboard/thingsboard,master,684f92bbfd0cf48015b6e42f5592bc0c2fc18038,2026-08-12,pushed_at=10/08/2026 9:01:13 am; head_committed_at=10/08/2026 9:01:13 am; archived=False,Apache-2.0,Repository-root provenance only; module/open-core boundaries require behaviour-specific verification.,"Alarms retain origin/type/severity/ack/clear timestamps and expose acknowledge, clear and assignment actions. Primary source: https://github.com/thingsboard/thingsboard/blob/684f92bbfd0cf48015b6e42f5592bc0c2fc18038/common/data/src/main/java/org/thingsboard/server/common/data/alarm/Alarm.java",SEC-ALERTS-EVENTS | SEC-ASSET-TELEMETRY-INGEST,Explicit origin and alarm lifecycle suitable for deduplication.,Generic IoT; no human/clinical escalation policy.,Native benchmark,One active alert per origin key; distinct acknowledge/resolve; actor/time; history and site/maintenance scope.,"Generic IoT; no human/clinical escalation policy. Benchmark only; no code, UI, schema, wording or distinctive layout may be copied.",Best signal-alert lifecycle/idempotency reference.,ops_assets_security,root,p8_adversarial,IN_PROMPT_UNIQUE_95,1,HISTORICAL_ROW_STRUCTURALLY_VALIDATED_COMMITTED_LOCAL_ONLY,OFFICIAL_GITHUB_METADATA_ONLY_NO_FULL_TRIAGE_CREDIT,OFFICIAL_GITHUB_METADATA_SNAPSHOT_SUCCESS,thingsboard/thingsboard,master,a98c1e4fad0ace99bbab641296ef4286f2517358,2026-08-20T10:03:06Z,2026-08-20T12:02:45Z,2026-08-24T04:13:58Z,PUBLIC,false,false,Apache-2.0,Apache License 2.0,v4.3.1.3,2026-06-30T07:16:22Z,2026-08-24T05:54:38.619975Z,METADATA_PREREQUISITE_ONLY_NO_BEHAVIOUR_LICENCE_ROOT_EDITION_MAPPING_SELECTION_OR_TRIAGE_CREDIT,false,"Official GitHub repository metadata only; root licence, edition boundary, maintenance quality, exact behavior, target parity, mapping, selection and completion were not established.",RUN-033,OBSERVED_WITH_LIMITS_NO_CREDIT,COMPLETE_OBSERVER_TRIAGE,684f92bbfd0cf48015b6e42f5592bc0c2fc18038,684f92bbfd0cf48015b6e42f5592bc0c2fc18038,a98c1e4fad0ace99bbab641296ef4286f2517358,a98c1e4fad0ace99bbab641296ef4286f2517358,SAME_AS_BASELINE,VERIFIED_ROOT_FILE,Apache-2.0,https://github.com/thingsboard/thingsboard/blob/a98c1e4fad0ace99bbab641296ef4286f2517358/LICENSE,BOUNDED_PUBLIC_REPOSITORY_ONLY,ACTIVE_RECENT_HEAD_AND_RELEASE,1,SEPARATE_FUTURE_DECISION,Signal-alert lifecycle and deduplication candidate.,b4f28c6f1fe05af2235c085fda085dad71add5fdf9fd021bf1aba3080148ebd7,false,"Upstream observer evidence only; neutral requirement rewriting, current-product comparison, target selection, feature mapping, benchmark equivalence, release, and completion credit remain zero."
"HR, workforce, rostering, attendance, and time; HR/workforce",TimefoldAI/timefold-solver,https://github.com/TimefoldAI/timefold-solver,main,4f17e1389c70fdd86d9c8b92ae0c62c41dd43ea8,2026-08-12,pushed_at=11/08/2026 5:53:03 pm; head_committed_at=11/08/2026 4:18:40 pm; archived=False,Apache-2.0,Repository-root provenance only; module/open-core boundaries require behaviour-specific verification.,Pinned assignments are immutable to solving; hard constraints establish feasibility ahead of soft preferences. Primary source: https://github.com/TimefoldAI/timefold-solver/blob/4f17e1389c70fdd86d9c8b92ae0c62c41dd43ea8/core/src/main/java/ai/timefold/solver/core/api/domain/entity/PlanningPin.java#L14-L31,OPS-COVERAGE-GAP | OPS-COVERAGE-RESERVATION | OPS-ROSTER | OPS-ROSTER-SUGGESTION | OPS-ROSTER-TEMPLATE | OPS-ROSTERING | OPS-ROUTE-OPERATIONS-AVAILABILITY-INDEX | OPS-ROUTE-OPERATIONS-ROSTERING-TEMPLATES-INDEX | OPS-SHIFT | OPS-SHIFT-SERIES | OPS-STAFF-AVAILABILITY,Clear hard/soft separation and preserved human choices.,Score analysis is Enterprise-only; solver does not encode employment/medication rules itself.,Native benchmark,Safety/legal prerequisites hard; preference soft; pinned choices; native reason codes.,"Score analysis is Enterprise-only; solver does not encode employment/medication rules itself. Benchmark only; no code, UI, schema, wording or distinctive layout may be copied.",Best verified community constraint/pinning semantics.,benchmark_research,root,p8_adversarial,IN_PROMPT_UNIQUE_95,1,HISTORICAL_ROW_STRUCTURALLY_VALIDATED_COMMITTED_LOCAL_ONLY,OFFICIAL_GITHUB_METADATA_ONLY_NO_FULL_TRIAGE_CREDIT,OFFICIAL_GITHUB_METADATA_SNAPSHOT_SUCCESS,TimefoldAI/timefold-solver,main,f92ba1afc1e8c14627702d7f4a890862c09e51ef,2026-08-24T05:30:33Z,2026-08-24T05:30:35Z,2026-08-24T05:30:37Z,PUBLIC,false,false,Apache-2.0,Apache License 2.0,v2.5.0,2026-08-12T13:20:37Z,2026-08-24T05:54:38.619975Z,METADATA_PREREQUISITE_ONLY_NO_BEHAVIOUR_LICENCE_ROOT_EDITION_MAPPING_SELECTION_OR_TRIAGE_CREDIT,false,"Official GitHub repository metadata only; root licence, edition boundary, maintenance quality, exact behavior, target parity, mapping, selection and completion were not established.",RUN-033,OBSERVED_WITH_LIMITS_NO_CREDIT,COMPLETE_OBSERVER_TRIAGE,4f17e1389c70fdd86d9c8b92ae0c62c41dd43ea8,4f17e1389c70fdd86d9c8b92ae0c62c41dd43ea8,9e9e846708f719e095ea2bf229be3bf255a2f86b,f92ba1afc1e8c14627702d7f4a890862c09e51ef,DIFFERENT_LATER_OBSERVATION_NO_ANCESTRY_INFERENCE,VERIFIED_ROOT_FILE,Apache-2.0,https://github.com/TimefoldAI/timefold-solver/blob/9e9e846708f719e095ea2bf229be3bf255a2f86b/LICENSE.txt,BOUNDED_OPEN_SOURCE_SOLVER_ONLY,ACTIVE_CURRENT_DAY_HEAD_RECENT_RELEASE,1,SEPARATE_FUTURE_DECISION,Constraint-planning pinning candidate.,f568c212792e7b8eb14613586f80f92d51490ee6979137b670e484fca25bb55c,false,"Upstream observer evidence only; neutral requirement rewriting, current-product comparison, target selection, feature mapping, benchmark equivalence, release, and completion credit remain zero."
"Fleet, vehicles, driver operations, and vehicle lifecycle; Fleet/vehicles",traccar/traccar,https://github.com/traccar/traccar,master,17e7a330e8a07896f000898b37dc770f2df3c142,2026-08-12,pushed_at=8/08/2026 11:38:09 am; head_committed_at=8/08/2026 11:38:05 am; archived=False,Apache-2.0,Repository-root provenance only; module/open-core boundaries require behaviour-specific verification.,Position access checks device permission; object links and geofences have server resource boundaries. Primary source: https://github.com/traccar/traccar/blob/17e7a330e8a07896f000898b37dc770f2df3c142/src/main/java/org/traccar/api/resource/PositionResource.java,FLEET-DEVICE | FLEET-FLEET-TRIP | FLEET-MILEAGE | FLEET-ROUTE-FLEET-TRIPS-PLAYBACK | FLEET-ROUTE-FLEET-TRIPS-SHOW,Mature permission-aware location/history foundation.,No supported-living purpose/consent/delegate governance.,Native benchmark,"Person/site/device scope, purpose/authority, command audit and position freshness/provenance.","No supported-living purpose/consent/delegate governance. Benchmark only; no code, UI, schema, wording or distinctive layout may be copied.",Best generic device-position/geofence benchmark beneath Oblivion safeguards.,ops_assets_security,root,p8_adversarial,IN_PROMPT_UNIQUE_95,1,HISTORICAL_ROW_STRUCTURALLY_VALIDATED_COMMITTED_LOCAL_ONLY,OFFICIAL_GITHUB_METADATA_ONLY_NO_FULL_TRIAGE_CREDIT,OFFICIAL_GITHUB_METADATA_SNAPSHOT_SUCCESS,traccar/traccar,master,e3589c55dc185ccdee4d6db169d0caffcd575782,2026-08-23T17:01:08Z,2026-08-23T17:02:02Z,2026-08-24T05:40:57Z,PUBLIC,false,false,Apache-2.0,Apache License 2.0,v6.15.2,2026-08-23T17:06:07Z,2026-08-24T05:54:38.619975Z,METADATA_PREREQUISITE_ONLY_NO_BEHAVIOUR_LICENCE_ROOT_EDITION_MAPPING_SELECTION_OR_TRIAGE_CREDIT,false,"Official GitHub repository metadata only; root licence, edition boundary, maintenance quality, exact behavior, target parity, mapping, selection and completion were not established.",RUN-033,OBSERVED_WITH_LIMITS_NO_CREDIT,COMPLETE_OBSERVER_TRIAGE,17e7a330e8a07896f000898b37dc770f2df3c142,17e7a330e8a07896f000898b37dc770f2df3c142,e3589c55dc185ccdee4d6db169d0caffcd575782,e3589c55dc185ccdee4d6db169d0caffcd575782,SAME_AS_BASELINE,VERIFIED_ROOT_FILE,Apache-2.0,https://github.com/traccar/traccar/blob/e3589c55dc185ccdee4d6db169d0caffcd575782/LICENSE.txt,BOUNDED_SERVER_REPOSITORY_ONLY,ACTIVE_RECENT_HEAD_AND_RELEASE,1,SEPARATE_FUTURE_DECISION,Device-position and geofence server candidate beneath Oblivion safeguards.,8df3209b6c4f19b7400e6295c081af9758e374cf803c2479d3988188742ec39c,false,"Upstream observer evidence only; neutral requirement rewriting, current-product comparison, target selection, feature mapping, benchmark equivalence, release, and completion credit remain zero."
"Fleet, vehicles, driver operations, and vehicle lifecycle; Fleet/vehicles",traccar/traccar-web,https://github.com/traccar/traccar-web,master,bdcd40a0b0d2c5d1421d729673281a3a8752f0c3,2026-08-12,pushed_at=11/08/2026 10:33:24 pm; head_committed_at=10/08/2026 11:19:04 pm; archived=False,Apache-2.0,Repository-root provenance only; module/open-core boundaries require behaviour-specific verification.,Dedicated geofence list/map/edit journey uses shared permission-derived read-only state. Primary source: https://github.com/traccar/traccar-web/blob/bdcd40a0b0d2c5d1421d729673281a3a8752f0c3/src/other/GeofencesPage.jsx,ASSET-ASSET-GEOFENCE | FLEET-FLEET-MAP-USAGE-DASHBOARD | FLEET-GEOFENCE | FLEET-LIVE-MAP | FLEET-RESIDENT-TRACKING | FLEET-WANDERING-ALERT,Coherent spatial list/map/edit feedback.,Device-centric; no resident consent; visual composition must not be copied.,Native benchmark,Consistent list/map/history/edit permission and non-map accessible alternative.,"Device-centric; no resident consent; visual composition must not be copied. Benchmark only; no code, UI, schema, wording or distinctive layout may be copied.",Useful UI-workflow behavior paired with Traccar server.,ops_assets_security,root,p8_adversarial,IN_PROMPT_UNIQUE_95,1,HISTORICAL_ROW_STRUCTURALLY_VALIDATED_COMMITTED_LOCAL_ONLY,OFFICIAL_GITHUB_METADATA_ONLY_NO_FULL_TRIAGE_CREDIT,OFFICIAL_GITHUB_METADATA_SNAPSHOT_SUCCESS,traccar/traccar-web,master,6b9aa7632e26df774a6c65549f1d39169cb9c836,2026-08-23T17:00:17Z,2026-08-23T17:00:46Z,2026-08-23T17:00:34Z,PUBLIC,false,false,Apache-2.0,Apache License 2.0,GITHUB_API_NULL,GITHUB_API_NULL,2026-08-24T05:54:38.619975Z,METADATA_PREREQUISITE_ONLY_NO_BEHAVIOUR_LICENCE_ROOT_EDITION_MAPPING_SELECTION_OR_TRIAGE_CREDIT,false,"Official GitHub repository metadata only; root licence, edition boundary, maintenance quality, exact behavior, target parity, mapping, selection and completion were not established.",RUN-033,OBSERVED_WITH_LIMITS_NO_CREDIT,COMPLETE_OBSERVER_TRIAGE,bdcd40a0b0d2c5d1421d729673281a3a8752f0c3,bdcd40a0b0d2c5d1421d729673281a3a8752f0c3,6b9aa7632e26df774a6c65549f1d39169cb9c836,6b9aa7632e26df774a6c65549f1d39169cb9c836,SAME_AS_BASELINE,VERIFIED_ROOT_FILE,Apache-2.0,https://github.com/traccar/traccar-web/blob/6b9aa7632e26df774a6c65549f1d39169cb9c836/LICENSE.txt,BOUNDED_WEB_FRONTEND_ONLY,ACTIVE_RECENT_HEAD_NO_GITHUB_RELEASE,1,SEPARATE_FUTURE_DECISION,Geofence UI-workflow candidate paired only conceptually with separately observed server behavior.,dfb350fb4c5d4e61d8133740700b653f31eaf5efb3f8cf1f797ed98ddc7c3bbe,false,"Upstream observer evidence only; neutral requirement rewriting, current-product comparison, target selection, feature mapping, benchmark equivalence, release, and completion credit remain zero."
"IoT, smart healthcare equipment, telemetry, physical security, and IT monitoring; IoT/security/monitoring",wazuh/wazuh,https://github.com/wazuh/wazuh,main,ffbeb25ebd80541e54dfd141d131ce0d7633277a,2026-08-14,Pinned immutable-source review completed 2026-08-14; repository reachability and exact loci were independently checked.,GPL-2.0-only WITH Wazuh OpenSSL-linking exception,"Pinned public agent, manager, rules and active-response source; dashboard, indexer, external services and vendor integrations are excluded.","Repository documentation describes agent-to-manager collection, governed rule analysis, alert output and active response. Exact locus: https://github.com/wazuh/wazuh/blob/ffbeb25ebd80541e54dfd141d131ce0d7633277a/README.md#L12-L30",Non-credit future relations only: SEC-ALERTS-EVENTS | CAP-CR-SIGNAL-TO-ALERT-PIPELINE,"Material detection pipeline separating collection, analysis, alert output and response.",No target-specific authoritative user workflow was proved; dashboard/indexer are outside the repository boundary.,Separate future decision,"If revisited, retain source identity, governed rules, durable outcome and a separately authorised response lifecycle.","Device/security monitoring does not prove supported-person consent, temporal custody, Site privacy or human safety closure.",Future comparator only; the listed target relations are explicitly non-credit.,project_triage_wave5,root,p8_adversarial,IN_PROMPT_UNIQUE_95,1,HISTORICAL_ROW_STRUCTURALLY_VALIDATED_COMMITTED_LOCAL_ONLY,OFFICIAL_GITHUB_METADATA_ONLY_NO_FULL_TRIAGE_CREDIT,OFFICIAL_GITHUB_METADATA_SNAPSHOT_SUCCESS,wazuh/wazuh,main,f83861461173de20da5e569229113687a495ffce,2026-08-14T23:38:01Z,2026-08-23T20:38:58Z,2026-08-24T05:49:35Z,PUBLIC,false,false,NOASSERTION,Other,v4.14.7,2026-07-30T16:32:45Z,2026-08-24T05:54:38.619975Z,METADATA_PREREQUISITE_ONLY_NO_BEHAVIOUR_LICENCE_ROOT_EDITION_MAPPING_SELECTION_OR_TRIAGE_CREDIT,false,"Official GitHub repository metadata only; root licence, edition boundary, maintenance quality, exact behavior, target parity, mapping, selection and completion were not established.",RUN-033,PARTIAL_BLOCKED,PARTIAL_BLOCKED,ffbeb25ebd80541e54dfd141d131ce0d7633277a,ffbeb25ebd80541e54dfd141d131ce0d7633277a,f83861461173de20da5e569229113687a495ffce,f83861461173de20da5e569229113687a495ffce,SAME_AS_BASELINE,VERIFIED_ROOT_FILE_WITH_NONSTANDARD_EXCEPTION_GITHUB_NOASSERTION,NOASSERTION,https://github.com/wazuh/wazuh/blob/f83861461173de20da5e569229113687a495ffce/LICENSE,PARTIAL_BLOCKED_MULTI_REPOSITORY_PRODUCT_BOUNDARY,ACTIVE_CURRENT_DAY_PUSH_RECENT_RELEASE,1,BLOCKED,Security-event pipeline context only.,61614f8e3953127a75438ecf4504f6f528fa3d4084b785c9e0c24d2c5121263a,false,"Upstream observer evidence only; neutral requirement rewriting, current-product comparison, target selection, feature mapping, benchmark equivalence, release, and completion credit remain zero."
"Asset, equipment, CMMS, inventory, site, room, and facility profiles; Assets/sites/facilities",xeokit/xeokit-sdk,https://github.com/xeokit/xeokit-sdk,master,1a5beeed8828053f2164654ed3241f06b2919574,2026-08-14,Pinned immutable-source review completed 2026-08-14; repository reachability and exact loci were independently checked.,AGPL-3.0-only,"Pinned public SDK only; hosted BIM services, model servers and external integrations are excluded.","TreeViewPlugin exposes model navigation, visibility and selection mechanics. Exact locus: https://github.com/xeokit/xeokit-sdk/blob/1a5beeed8828053f2164654ed3241f06b2919574/src/plugins/TreeViewPlugin/TreeViewPlugin.js#L7-L22",None—rejected from feature comparison.,Useful model-tree presentation mechanics.,"No governed Site-plan editing, approval, persistence or audit workflow.",Reject,No feature credit; use native accessible tree mechanics inside an authoritative plan workflow only.,SDK interaction state is not authoritative application evidence.,Substantively rejected as a completion comparator.,project_triage_wave5,root,p8_adversarial,IN_PROMPT_UNIQUE_95,1,HISTORICAL_ROW_STRUCTURALLY_VALIDATED_COMMITTED_LOCAL_ONLY,OFFICIAL_GITHUB_METADATA_ONLY_NO_FULL_TRIAGE_CREDIT,OFFICIAL_GITHUB_METADATA_SNAPSHOT_SUCCESS,xeokit/xeokit-sdk,master,d0204fd3a76af161c5b6b15e2eb5787becc30a60,2026-08-20T08:04:41Z,2026-08-20T08:04:45Z,2026-08-23T14:13:38Z,PUBLIC,false,false,AGPL-3.0,GNU Affero General Public License v3.0,v2.6.113,2026-08-20T08:04:45Z,2026-08-24T05:54:38.619975Z,METADATA_PREREQUISITE_ONLY_NO_BEHAVIOUR_LICENCE_ROOT_EDITION_MAPPING_SELECTION_OR_TRIAGE_CREDIT,false,"Official GitHub repository metadata only; root licence, edition boundary, maintenance quality, exact behavior, target parity, mapping, selection and completion were not established.",RUN-033,OBSERVED_WITH_LIMITS_NO_CREDIT,COMPLETE_OBSERVER_TRIAGE,1a5beeed8828053f2164654ed3241f06b2919574,1a5beeed8828053f2164654ed3241f06b2919574,e3d4d102031a6f9b5feaf50cdd725c6baf0e849d,d0204fd3a76af161c5b6b15e2eb5787becc30a60,DIFFERENT_LATER_OBSERVATION_NO_ANCESTRY_INFERENCE,VERIFIED_ROOT_FILE,AGPL-3.0,https://github.com/xeokit/xeokit-sdk/blob/e3d4d102031a6f9b5feaf50cdd725c6baf0e849d/LICENSE,BOUNDED_PUBLIC_SDK_ONLY,ACTIVE_CURRENT_DAY_HEAD_RECENT_RELEASE,1,SEPARATE_FUTURE_DECISION,Site-plan presentation context only.,f4921453015da98da14ac4f84ac49fb6cdc8f78011f8095c648c872694550156,false,"Upstream observer evidence only; neutral requirement rewriting, current-product comparison, target selection, feature mapping, benchmark equivalence, release, and completion credit remain zero."
"IoT, smart healthcare equipment, telemetry, physical security, and IT monitoring; IoT/security/monitoring",Ylianst/MeshCentral,https://github.com/Ylianst/MeshCentral,master,6d335354ed54b914e55b13ed02c7edb2675bd247,2026-08-14,Pinned immutable-source review completed 2026-08-14; repository reachability and exact loci were independently checked.,Apache-2.0,"Pinned public MeshCentral server only; hosted service, device firmware and third-party relay/management systems are excluded.",Device-command routing resolves a device and aggregates rights and consent context before dispatch. Exact locus: https://github.com/Ylianst/MeshCentral/blob/6d335354ed54b914e55b13ed02c7edb2675bd247/meshuser.js#L275-L320,CAP-SEC-QUECLINK-HUB-COMMANDS,Canonical device resolution with command-specific rights and actor/session context.,Mesh groups are not Oblivion Site access and generic consent flags do not establish care consent or command approval.,Native benchmark,"Resolve canonical device, enforce command rights, bind actor/session/consent context and dispatch only after policy checks.",Device command delivery and real-world effect still require durable outcome and recovery evidence.,Selected narrowly for governed device-command dispatch mechanics.,project_triage_wave5,root,p8_adversarial,IN_PROMPT_UNIQUE_95,1,HISTORICAL_ROW_STRUCTURALLY_VALIDATED_COMMITTED_LOCAL_ONLY,OFFICIAL_GITHUB_METADATA_ONLY_NO_FULL_TRIAGE_CREDIT,OFFICIAL_GITHUB_METADATA_SNAPSHOT_SUCCESS,Ylianst/MeshCentral,master,b09b1d60328de8e2d2f7387561ed51c64011c82a,2026-08-12T17:42:20Z,2026-08-12T17:43:42Z,2026-08-24T02:47:51Z,PUBLIC,false,false,Apache-2.0,Apache License 2.0,1.2.5,2026-08-12T17:43:43Z,2026-08-24T05:54:38.619975Z,METADATA_PREREQUISITE_ONLY_NO_BEHAVIOUR_LICENCE_ROOT_EDITION_MAPPING_SELECTION_OR_TRIAGE_CREDIT,false,"Official GitHub repository metadata only; root licence, edition boundary, maintenance quality, exact behavior, target parity, mapping, selection and completion were not established.",RUN-033,OBSERVED_WITH_LIMITS_NO_CREDIT,COMPLETE_OBSERVER_TRIAGE,6d335354ed54b914e55b13ed02c7edb2675bd247,6d335354ed54b914e55b13ed02c7edb2675bd247,b09b1d60328de8e2d2f7387561ed51c64011c82a,b09b1d60328de8e2d2f7387561ed51c64011c82a,SAME_AS_BASELINE,VERIFIED_ROOT_FILE,Apache-2.0,https://github.com/Ylianst/MeshCentral/blob/b09b1d60328de8e2d2f7387561ed51c64011c82a/LICENSE,BOUNDED_PUBLIC_SERVER_ONLY,ACTIVE_RELEASE_ALIGNED_HEAD,1,SEPARATE_FUTURE_DECISION,Governed device-command dispatch candidate.,162eabf76252568ebf489416e92640f68e60f0c6f9bfa965978ee36457cb7b6b,false,"Upstream observer evidence only; neutral requirement rewriting, current-product comparison, target selection, feature mapping, benchmark equivalence, release, and completion credit remain zero."
"IoT, telemetry, physical security, and IT monitoring",zabbix/zabbix,https://github.com/zabbix/zabbix,master,22cb74d2d3d649543c0f18a93422b12700465f16,2026-08-14,commit=2026-08-12T14:33:31Z; pushed=2026-08-12T15:00:48Z; archived=false,AGPL-3.0-only,Core AGPL-3.0; commercial support/services are not credited behavior.,"Problem update separately authorizes acknowledge, close, severity, comment, suppression and cause/symptom rank and groups allowed effects; maintenance requires authorized active window, recurrence and host/group scope. Exact official loci: ui/app/controllers/CControllerPopupAcknowledgeCreate.php:L86-L268,L353-L552 | ui/app/controllers/CControllerMaintenanceCreate.php:L30-L152 | README.md:L23-L25",SEC-ALERTS-EVENTS | CAP-CR-ALERT-TRIAGE | CAP-CR-ALERT-RESPONSE-CLOSURE | CAP-CR-CONTROL-ROOM-SETTINGS-MAINTENANCE-WINDOWS,"Fine-grained action authority, grouping, acknowledgement/suppression/recovery and scoped maintenance.","Infrastructure monitoring does not prove human-safety confirmation, consent/custody, clinical escalation or incident ownership.",Native benchmark,Authorize each action independently; preflight multi-event effects; preserve provenance; bound maintenance scope/time; distinguish cause/symptom.,Machine acknowledgement must never equal confirmation of person safety; mixed-Site bulk work must fail before write.,Selected for alert triage and maintenance while excluding clinical assurance.,project_triage_wave,root,p8_adversarial,IN_PROMPT_UNIQUE_95,1,HISTORICAL_ROW_STRUCTURALLY_VALIDATED_COMMITTED_LOCAL_ONLY,OFFICIAL_GITHUB_METADATA_ONLY_NO_FULL_TRIAGE_CREDIT,OFFICIAL_GITHUB_METADATA_SNAPSHOT_SUCCESS,zabbix/zabbix,master,e574e1ad01c11858e42ff506f55f6f78ebae0943,2026-08-23T17:20:05Z,2026-08-23T17:30:43Z,2026-08-24T04:36:55Z,PUBLIC,false,false,AGPL-3.0,GNU Affero General Public License v3.0,GITHUB_API_NULL,GITHUB_API_NULL,2026-08-24T05:54:38.619975Z,METADATA_PREREQUISITE_ONLY_NO_BEHAVIOUR_LICENCE_ROOT_EDITION_MAPPING_SELECTION_OR_TRIAGE_CREDIT,false,"Official GitHub repository metadata only; root licence, edition boundary, maintenance quality, exact behavior, target parity, mapping, selection and completion were not established.",RUN-033,OBSERVED_WITH_LIMITS_NO_CREDIT,COMPLETE_OBSERVER_TRIAGE,22cb74d2d3d649543c0f18a93422b12700465f16,22cb74d2d3d649543c0f18a93422b12700465f16,6b75f29dd2280339e7b236fa0ee9775acec5e1e4,e574e1ad01c11858e42ff506f55f6f78ebae0943,DIFFERENT_LATER_OBSERVATION_NO_ANCESTRY_INFERENCE,VERIFIED_ROOT_FILE,AGPL-3.0,https://github.com/zabbix/zabbix/blob/6b75f29dd2280339e7b236fa0ee9775acec5e1e4/COPYING,BOUNDED_CORE_REPOSITORY_ONLY,ACTIVE_CURRENT_DAY_HEAD_NO_GITHUB_RELEASE,1,SEPARATE_FUTURE_DECISION,Alert-triage authority candidate.,2a9accb82ca9d37a67a02cdc788387a1eccfa081dc748698ba4bbc1fe7aa7f34,false,"Upstream observer evidence only; neutral requirement rewriting, current-product comparison, target selection, feature mapping, benchmark equivalence, release, and completion credit remain zero."
"Service desk, healthcare support work, requests, problems, and ticketing",zammad/zammad,https://github.com/zammad/zammad,develop,ae333c96e3a7f64dc81e62ef2d70bb8ef033bc3f,2026-08-14,pinned commit remains reachable; active and unarchived,AGPL-3.0-only,Public AGPL repository only; cloud operation and commercial support are services.,Tickets require group and retain state/priority/owner/articles/history; process pending deadlines and escalation; merge with provenance; reset inactive/unauthorised owners; filter states by actor screen. Exact official loci: https://github.com/zammad/zammad/blob/ae333c96e3a7f64dc81e62ef2d70bb8ef033bc3f/app/models/ticket.rb#L41-L123 | https://github.com/zammad/zammad/blob/ae333c96e3a7f64dc81e62ef2d70bb8ef033bc3f/app/models/ticket.rb#L133-L192 | https://github.com/zammad/zammad/blob/ae333c96e3a7f64dc81e62ef2d70bb8ef033bc3f/app/models/ticket.rb#L230-L270 | https://github.com/zammad/zammad/blob/ae333c96e3a7f64dc81e62ef2d70bb8ef033bc3f/app/models/ticket.rb#L356-L445 | https://github.com/zammad/zammad/blob/ae333c96e3a7f64dc81e62ef2d70bb8ef033bc3f/app/models/ticket.rb#L635-L769 | https://github.com/zammad/zammad/blob/ae333c96e3a7f64dc81e62ef2d70bb8ef033bc3f/app/models/ticket/state.rb#L36-L97 | https://github.com/zammad/zammad/blob/ae333c96e3a7f64dc81e62ef2d70bb8ef033bc3f/app/models/ticket/article.rb#L35-L83,CAP-IT-SUPPORT-TICKET,"Queue/owner accountability, role-sensitive states, conversation, deadline processing, escalation and merge provenance.","No Site privacy, client binding, healthcare urgency, mailbox identity, SLA calendar, provisioning or clinical escalation.",Native benchmark,"Require queue; retain requester conversation, owner, priority and state; distinguish warning/breach; process deadlines; validate owner; preserve merge provenance.",Group access is not Site scope and automatic state/owner effects need direct-object concealment and transactional preflight.,Selected as a mature IT support ticket comparator.,project_triage_wave2,root,p8_adversarial,IN_PROMPT_UNIQUE_95,1,HISTORICAL_ROW_STRUCTURALLY_VALIDATED_COMMITTED_LOCAL_ONLY,OFFICIAL_GITHUB_METADATA_ONLY_NO_FULL_TRIAGE_CREDIT,OFFICIAL_GITHUB_METADATA_SNAPSHOT_SUCCESS,zammad/zammad,develop,bb927f6a77e5353e4e686db6da636fe999696402,2026-08-24T05:19:59Z,2026-08-24T05:53:26Z,2026-08-24T05:48:38Z,PUBLIC,false,false,AGPL-3.0,GNU Affero General Public License v3.0,GITHUB_API_NULL,GITHUB_API_NULL,2026-08-24T05:54:38.619975Z,METADATA_PREREQUISITE_ONLY_NO_BEHAVIOUR_LICENCE_ROOT_EDITION_MAPPING_SELECTION_OR_TRIAGE_CREDIT,false,"Official GitHub repository metadata only; root licence, edition boundary, maintenance quality, exact behavior, target parity, mapping, selection and completion were not established.",RUN-033,OBSERVED_WITH_LIMITS_NO_CREDIT,COMPLETE_OBSERVER_TRIAGE,ae333c96e3a7f64dc81e62ef2d70bb8ef033bc3f,ae333c96e3a7f64dc81e62ef2d70bb8ef033bc3f,62e22ecd634a27664e2c78c9813dcfc95c7c5d0a,bb927f6a77e5353e4e686db6da636fe999696402,DIFFERENT_LATER_OBSERVATION_NO_ANCESTRY_INFERENCE,VERIFIED_ROOT_FILE,AGPL-3.0,https://github.com/zammad/zammad/blob/62e22ecd634a27664e2c78c9813dcfc95c7c5d0a/LICENSE,BOUNDED_PUBLIC_REPOSITORY_ONLY,ACTIVE_CURRENT_DAY_HEAD_NO_GITHUB_RELEASE,1,SEPARATE_FUTURE_DECISION,IT support ticket lifecycle candidate.,4705e4554d4ae834c7f27e68c529635da0f046d306ec028d49df1b854001ccf0,false,"Upstream observer evidence only; neutral requirement rewriting, current-product comparison, target selection, feature mapping, benchmark equivalence, release, and completion credit remain zero."
"IoT, smart healthcare equipment, telemetry, physical security, and IT monitoring; IoT/security/monitoring",ZoneMinder/zoneminder,https://github.com/ZoneMinder/zoneminder,master,6b91eebd04f48f6010653872ce835e0b59773f41,2026-08-14,Pinned immutable-source review completed 2026-08-14; repository reachability and exact loci were independently checked.,GPL-2.0-only,"Pinned public ZoneMinder repository only; camera firmware, hosted/video services and uncited ONVIF integrations are excluded.","Event creation persists source monitor, start time, cause and state and updates aggregate counters. Exact locus: https://github.com/ZoneMinder/zoneminder/blob/6b91eebd04f48f6010653872ce835e0b59773f41/src/zm_event.cpp#L47-L188",SEC-ALERTS-EVENTS,Concrete event/source/time/cause/state persistence and aggregate counters.,"No retained-media/evidence claim; no Site/privacy scope, retention approval, supported-person consent or authorised human response lifecycle.",Native benchmark,"Bind event to canonical source, time, cause and state and update counters without claiming evidence retention.",Camera events are not care-safety alerts and media governance is outside the proven slice.,Selected narrowly for security-alert event persistence only.,project_triage_wave5,root,p8_adversarial,IN_PROMPT_UNIQUE_95,1,HISTORICAL_ROW_STRUCTURALLY_VALIDATED_COMMITTED_LOCAL_ONLY,OFFICIAL_GITHUB_METADATA_ONLY_NO_FULL_TRIAGE_CREDIT,OFFICIAL_GITHUB_METADATA_SNAPSHOT_SUCCESS,ZoneMinder/zoneminder,master,bde61e7af60c7f3f176a7b2741fb1d52bd836c1d,2026-08-22T19:30:46Z,2026-08-22T19:32:47Z,2026-08-24T04:57:18Z,PUBLIC,false,false,GPL-2.0,GNU General Public License v2.0,1.38.4,2026-08-11T01:25:49Z,2026-08-24T05:54:38.619975Z,METADATA_PREREQUISITE_ONLY_NO_BEHAVIOUR_LICENCE_ROOT_EDITION_MAPPING_SELECTION_OR_TRIAGE_CREDIT,false,"Official GitHub repository metadata only; root licence, edition boundary, maintenance quality, exact behavior, target parity, mapping, selection and completion were not established.",RUN-033,OBSERVED_WITH_LIMITS_NO_CREDIT,COMPLETE_OBSERVER_TRIAGE,6b91eebd04f48f6010653872ce835e0b59773f41,6b91eebd04f48f6010653872ce835e0b59773f41,bde61e7af60c7f3f176a7b2741fb1d52bd836c1d,bde61e7af60c7f3f176a7b2741fb1d52bd836c1d,SAME_AS_BASELINE,VERIFIED_ROOT_FILE,GPL-2.0,https://github.com/ZoneMinder/zoneminder/blob/bde61e7af60c7f3f176a7b2741fb1d52bd836c1d/LICENSE,BOUNDED_PUBLIC_REPOSITORY_ONLY,ACTIVE_RECENT_HEAD_AND_RELEASE,1,SEPARATE_FUTURE_DECISION,Security-alert event-persistence candidate.,a94a55f292984881d39d1ee89df62842bf607a5e5fcc07b4b0567b50de518271,false,"Upstream observer evidence only; neutral requirement rewriting, current-product comparison, target selection, feature mapping, benchmark equivalence, release, and completion credit remain zero."
