vite v7.3.6 building client environment for production...
transforming...
✓ 5379 modules transformed.
rendering chunks...
computing gzip size...
public/build/assets/layers-BWBAp2CZ.png                                  0.70 kB
public/build/assets/layers-2x-Bpkbi35X.png                               1.26 kB
public/build/assets/marker-icon-hN30_KVU.png                             1.47 kB
public/build/assets/pdf.worker.min-Dswkl-cV.mjs                      1,265.41 kB
public/build/manifest.json                                           3,782.56 kB │ gzip: 203.26 kB
public/build/assets/show-DItqkuBD.css                                    0.04 kB │ gzip:   0.06 kB
public/build/assets/show-BlsQFc8X.css                                    0.96 kB │ gzip:   0.38 kB
public/build/assets/vendor-maps-CLLlcC51.css                            11.08 kB │ gzip:   2.73 kB
public/build/assets/knowledge-revision-dialog-D-juoI1B.css              12.92 kB │ gzip:   3.14 kB
public/build/assets/location-workspace-BnCaAc4S.css                     16.92 kB │ gzip:   3.64 kB
public/build/assets/show-ugW-UKTR.css                                  117.68 kB │ gzip:  17.18 kB
public/build/assets/app-DBUY4_85.css                                   442.19 kB │ gzip:  56.48 kB
public/build/assets/my-hr-utils-fLvKAKV1.js                              0.07 kB │ gzip:   0.09 kB
public/build/assets/avatar-hue-BThxaYxR.js                               0.10 kB │ gzip:   0.11 kB
public/build/assets/_announcer-cvXWdNAc.js                               0.12 kB │ gzip:   0.12 kB
public/build/assets/minus-BuOf0emU.js                                    0.12 kB │ gzip:   0.13 kB
public/build/assets/check-0R-SgWto.js                                    0.12 kB │ gzip:   0.14 kB
public/build/assets/circle-DglYL8G_.js                                   0.12 kB │ gzip:   0.13 kB
public/build/assets/chevron-down-CHsRja7R.js                             0.13 kB │ gzip:   0.14 kB
public/build/assets/chevron-up-GJLN1Hid.js                               0.13 kB │ gzip:   0.14 kB
public/build/assets/chevron-left-wPeNVslz.js                             0.13 kB │ gzip:   0.14 kB
public/build/assets/chevron-right-cXOns0zg.js                            0.13 kB │ gzip:   0.14 kB
public/build/assets/play-BOoqozjK.js                                     0.13 kB │ gzip:   0.15 kB
public/build/assets/moon-xbeMjfYy.js                                     0.14 kB │ gzip:   0.15 kB
public/build/assets/loader-circle-tSabe0s5.js                            0.14 kB │ gzip:   0.15 kB
public/build/assets/square-13eiu3xt.js                                   0.15 kB │ gzip:   0.15 kB
public/build/assets/message-circle-CvUL-Uh4.js                           0.15 kB │ gzip:   0.16 kB
public/build/assets/navigation-yhxwAtlU.js                               0.15 kB │ gzip:   0.15 kB
public/build/assets/staff-creation-workflow-D6SGmEbz.js                  0.15 kB │ gzip:   0.13 kB
public/build/assets/plus-Dlx-JhE6.js                                     0.15 kB │ gzip:   0.15 kB
public/build/assets/x-b03Znhxs.js                                        0.15 kB │ gzip:   0.15 kB
public/build/assets/thermometer-CE7NmCuH.js                              0.16 kB │ gzip:   0.16 kB
public/build/assets/filter-DHi_obAq.js                                   0.16 kB │ gzip:   0.16 kB
public/build/assets/bookmark-D221hTj3.js                                 0.16 kB │ gzip:   0.16 kB
public/build/assets/arrow-left-DeDcuaLr.js                               0.16 kB │ gzip:   0.16 kB
public/build/assets/arrow-right-8idjyuBq.js                              0.16 kB │ gzip:   0.16 kB
public/build/assets/arrow-up-right-CXAKxPDK.js                           0.16 kB │ gzip:   0.15 kB
public/build/assets/circle-minus-DQOvsm0S.js                             0.17 kB │ gzip:   0.16 kB
public/build/assets/search-CQshVPh_.js                                   0.17 kB │ gzip:   0.16 kB
public/build/assets/move-right-LaKL2d9Q.js                               0.17 kB │ gzip:   0.16 kB
public/build/assets/ban-w0boQQwt.js                                      0.17 kB │ gzip:   0.16 kB
public/build/assets/circle-check-aarPEZ8s.js                             0.17 kB │ gzip:   0.16 kB
public/build/assets/chevrons-up-down-Bmcfyn-K.js                         0.17 kB │ gzip:   0.16 kB
public/build/assets/power-BeCnla1M.js                                    0.17 kB │ gzip:   0.17 kB
public/build/assets/user-round-UNPwHUt7.js                               0.18 kB │ gzip:   0.17 kB
public/build/assets/gauge-CPyDHW9h.js                                    0.18 kB │ gzip:   0.16 kB
public/build/assets/circle-dot-C5W-FTd4.js                               0.18 kB │ gzip:   0.15 kB
public/build/assets/clock-lGwZvQ_s.js                                    0.18 kB │ gzip:   0.17 kB
public/build/assets/message-square-D4P-GHop.js                           0.18 kB │ gzip:   0.16 kB
public/build/assets/check-check-inbX146x.js                              0.18 kB │ gzip:   0.17 kB
public/build/assets/clock-3-BVZtvhp4.js                                  0.18 kB │ gzip:   0.17 kB
public/build/assets/chart-line-_1QdW3qM.js                               0.18 kB │ gzip:   0.17 kB
public/build/assets/circle-slash-CnAB5PIX.js                             0.18 kB │ gzip:   0.17 kB
public/build/assets/reply-QMdr4ecT.js                                    0.18 kB │ gzip:   0.18 kB
public/build/assets/circle-check-big-DP-xJU1t.js                         0.19 kB │ gzip:   0.18 kB
public/build/assets/circle-play-fFS16LVx.js                              0.19 kB │ gzip:   0.17 kB
public/build/assets/user-CnqAdQlG.js                                     0.19 kB │ gzip:   0.18 kB
public/build/assets/megaphone-YkXKDvP2.js                                0.19 kB │ gzip:   0.18 kB
public/build/assets/skip-forward-Cr9gJd6n.js                             0.20 kB │ gzip:   0.18 kB
public/build/assets/smartphone-DGcOyeY_.js                               0.20 kB │ gzip:   0.18 kB
public/build/assets/info-BNu8D3H4.js                                     0.20 kB │ gzip:   0.17 kB
public/build/assets/rotate-ccw-C5VMsfZk.js                               0.20 kB │ gzip:   0.18 kB
public/build/assets/rotate-cw-D6vgb9TV.js                                0.20 kB │ gzip:   0.18 kB
public/build/assets/lock-BUVke2Sm.js                                     0.20 kB │ gzip:   0.19 kB
public/build/assets/circle-x-Ckap7vvY.js                                 0.20 kB │ gzip:   0.17 kB
public/build/assets/circle-plus-DKgIjLzK.js                              0.20 kB │ gzip:   0.17 kB
public/build/assets/chart-palette-BuldC4kO.js                            0.20 kB │ gzip:   0.13 kB
public/build/assets/trending-up-BXJZ2mGp.js                              0.20 kB │ gzip:   0.18 kB
public/build/assets/utils-COkJOzsg.js                                    0.20 kB │ gzip:   0.16 kB
public/build/assets/credit-card-eNhX6q72.js                              0.21 kB │ gzip:   0.18 kB
public/build/assets/arrow-up-from-line-DIrRRfj3.js                       0.21 kB │ gzip:   0.18 kB
public/build/assets/arrow-down-to-line-DrUWo7qk.js                       0.21 kB │ gzip:   0.18 kB
public/build/assets/redo-2-DZpE9ux8.js                                   0.21 kB │ gzip:   0.18 kB
public/build/assets/trending-down-BMQbOM1A.js                            0.21 kB │ gzip:   0.18 kB
public/build/assets/undo-2-DJqGfUCn.js                                   0.21 kB │ gzip:   0.17 kB
public/build/assets/droplet-Bbte6JuT.js                                  0.21 kB │ gzip:   0.19 kB
public/build/assets/lock-open-D4xVbsGq.js                                0.21 kB │ gzip:   0.19 kB
public/build/assets/mail-C3PbIMhj.js                                     0.21 kB │ gzip:   0.20 kB
public/build/assets/it-module-shell-Cq8Pndvb.js                          0.21 kB │ gzip:   0.19 kB
public/build/assets/battery-CjjaHNVb.js                                  0.21 kB │ gzip:   0.18 kB
public/build/assets/pause-CzKL0wL1.js                                    0.21 kB │ gzip:   0.17 kB
public/build/assets/circle-arrow-up-ChBcbFY4.js                          0.21 kB │ gzip:   0.18 kB
public/build/assets/circle-arrow-down-nu265Znh.js                        0.21 kB │ gzip:   0.19 kB
public/build/assets/pill-IxmwTGPL.js                                     0.21 kB │ gzip:   0.18 kB
public/build/assets/table-2-Dg9iQhOk.js                                  0.21 kB │ gzip:   0.18 kB
public/build/assets/site-profile-dialog-host-BH_OdoAm.js                 0.21 kB │ gzip:   0.19 kB
public/build/assets/dollar-sign-B-NA9cw9.js                              0.22 kB │ gzip:   0.19 kB
public/build/assets/file-D1JCEo3y.js                                     0.22 kB │ gzip:   0.18 kB
public/build/assets/laptop-BS1W48QH.js                                   0.22 kB │ gzip:   0.19 kB
public/build/assets/flag-DFeejxxJ.js                                     0.22 kB │ gzip:   0.20 kB
public/build/assets/rows-3--ojIE-pD.js                                   0.22 kB │ gzip:   0.18 kB
public/build/assets/rss-BUh2e5RF.js                                      0.22 kB │ gzip:   0.19 kB
public/build/assets/briefcase-D1YcdiQs.js                                0.22 kB │ gzip:   0.20 kB
public/build/assets/ellipsis-Dt1k6eDj.js                                 0.22 kB │ gzip:   0.16 kB
public/build/assets/target-B4qcAXk8.js                                   0.22 kB │ gzip:   0.16 kB
public/build/assets/columns-3-CEAMresS.js                                0.22 kB │ gzip:   0.19 kB
public/build/assets/git-merge-DXwGOkNJ.js                                0.22 kB │ gzip:   0.18 kB
public/build/assets/square-check-big-C2epJI_c.js                         0.22 kB │ gzip:   0.19 kB
public/build/assets/sticky-note-fuUjohjO.js                              0.22 kB │ gzip:   0.18 kB
public/build/assets/folder-BLQkdLqC.js                                   0.23 kB │ gzip:   0.19 kB
public/build/assets/ellipsis-vertical-DA7KDgZM.js                        0.23 kB │ gzip:   0.17 kB
public/build/assets/vote-Dw7KAtfo.js                                     0.23 kB │ gzip:   0.19 kB
public/build/assets/copy-CQivOktt.js                                     0.23 kB │ gzip:   0.20 kB
public/build/assets/door-closed-DL2eWn8o.js                              0.23 kB │ gzip:   0.19 kB
public/build/assets/user-round-check-Ba9EgRTd.js                         0.23 kB │ gzip:   0.21 kB
public/build/assets/circle-user-round-_ldqDwf6.js                        0.23 kB │ gzip:   0.19 kB
public/build/assets/circle-help-DQ2EFMw8.js                              0.23 kB │ gzip:   0.20 kB
public/build/assets/ear-Ch_nmqdv.js                                      0.23 kB │ gzip:   0.19 kB
public/build/assets/activity-hNEny7Pt.js                                 0.23 kB │ gzip:   0.20 kB
public/build/assets/pen-ByH9J4l3.js                                      0.23 kB │ gzip:   0.20 kB
public/build/assets/history-BkNF1kx6.js                                  0.24 kB │ gzip:   0.19 kB
public/build/assets/globe-BfIcQaWw.js                                    0.24 kB │ gzip:   0.19 kB
public/build/assets/timer-BDXGhzUG.js                                    0.24 kB │ gzip:   0.19 kB
public/build/assets/banknote-BZLVLTC7.js                                 0.24 kB │ gzip:   0.20 kB
public/build/assets/heart-BMvxFNaa.js                                    0.24 kB │ gzip:   0.21 kB
public/build/assets/link-2-I7jHBU4B.js                                   0.24 kB │ gzip:   0.20 kB
public/build/assets/menu-DvWm8bUc.js                                     0.24 kB │ gzip:   0.17 kB
public/build/assets/database-Bi_9qzfL.js                                 0.24 kB │ gzip:   0.20 kB
public/build/assets/arrow-down-up-My4FxQBP.js                            0.24 kB │ gzip:   0.19 kB
public/build/assets/type-XJw_wpbS.js                                     0.24 kB │ gzip:   0.19 kB
public/build/assets/circle-pause-BfVSTej_.js                             0.24 kB │ gzip:   0.18 kB
public/build/assets/arrow-left-right-CKidgWBq.js                         0.25 kB │ gzip:   0.19 kB
public/build/assets/compass-DuJgBqPR.js                                  0.25 kB │ gzip:   0.20 kB
public/build/assets/arrow-right-left-DzMuwTEy.js                         0.25 kB │ gzip:   0.19 kB
public/build/assets/book-marked-0fjWYkJt.js                              0.25 kB │ gzip:   0.20 kB
public/build/assets/settings-2-De1gAE_3.js                               0.25 kB │ gzip:   0.19 kB
public/build/assets/users-round-B3vN92SI.js                              0.25 kB │ gzip:   0.21 kB
public/build/assets/camera-Bw62OxX0.js                                   0.25 kB │ gzip:   0.21 kB
public/build/assets/file-warning-1fOI_bzv.js                             0.25 kB │ gzip:   0.19 kB
public/build/assets/video-s0uFrWbM.js                                    0.25 kB │ gzip:   0.21 kB
public/build/assets/route-Ddydk4Z0.js                                    0.25 kB │ gzip:   0.20 kB
public/build/assets/circle-alert-C6yu-YuK.js                             0.25 kB │ gzip:   0.19 kB
public/build/assets/mouse-pointer-2-CQXSS33K.js                          0.25 kB │ gzip:   0.21 kB
public/build/assets/chart-column-BH9alXwn.js                             0.25 kB │ gzip:   0.19 kB
public/build/assets/external-link-DyeCFQyw.js                            0.25 kB │ gzip:   0.20 kB
public/build/assets/cloud-upload-CnZn91mk.js                             0.25 kB │ gzip:   0.20 kB
public/build/assets/shopping-bag-Tktk21KE.js                             0.25 kB │ gzip:   0.20 kB
public/build/assets/pentagon-DQJXU7B4.js                                 0.25 kB │ gzip:   0.20 kB
public/build/assets/eye-BQ2xbfB2.js                                      0.25 kB │ gzip:   0.20 kB
public/build/assets/user-check-BrkvDkNA.js                               0.25 kB │ gzip:   0.22 kB
public/build/assets/map-pin-WS6J3YcT.js                                  0.25 kB │ gzip:   0.22 kB
public/build/assets/archive-C1JAJcwB.js                                  0.25 kB │ gzip:   0.21 kB
public/build/assets/lock-keyhole-Cs1AS4B2.js                             0.25 kB │ gzip:   0.22 kB
public/build/assets/message-square-plus-CISoMHhK.js                      0.25 kB │ gzip:   0.20 kB
public/build/assets/circle-user-CkM5kPzd.js                              0.25 kB │ gzip:   0.20 kB
public/build/assets/message-square-text-CY4Z2CoV.js                      0.25 kB │ gzip:   0.19 kB
public/build/assets/user-minus-B2okQ-t2.js                               0.25 kB │ gzip:   0.22 kB
public/build/assets/file-check-2-Bmg984Bv.js                             0.25 kB │ gzip:   0.20 kB
public/build/assets/messages-square-cW3lGEZ0.js                          0.25 kB │ gzip:   0.20 kB
public/build/assets/link-BWGMpYG2.js                                     0.26 kB │ gzip:   0.19 kB
public/build/assets/hr-hero-BdzL5HX7.js                                  0.26 kB │ gzip:   0.22 kB
public/build/assets/wrench-D4MSoiMx.js                                   0.26 kB │ gzip:   0.20 kB
public/build/assets/upload-BQlxUzFF.js                                   0.26 kB │ gzip:   0.21 kB
public/build/assets/calendar-Dx_Lcu6S.js                                 0.26 kB │ gzip:   0.20 kB
public/build/assets/log-out-rqCFLoGK.js                                  0.26 kB │ gzip:   0.22 kB
public/build/assets/ticket-check-CB90FmtC.js                             0.26 kB │ gzip:   0.20 kB
public/build/assets/log-in-sCngTMYR.js                                   0.26 kB │ gzip:   0.22 kB
public/build/assets/file-minus-Cp3WQRD6.js                               0.26 kB │ gzip:   0.19 kB
public/build/assets/key-BsK_qON9.js                                      0.26 kB │ gzip:   0.21 kB
public/build/assets/monitor-0_TcfVf8.js                                  0.26 kB │ gzip:   0.20 kB
public/build/assets/message-square-warning-Bj-FBrBm.js                   0.26 kB │ gzip:   0.20 kB
public/build/assets/utensils-DQR8IvQ_.js                                 0.26 kB │ gzip:   0.20 kB
public/build/assets/download-53IyzyZ4.js                                 0.26 kB │ gzip:   0.22 kB
public/build/assets/zap-D4PaIEMb.js                                      0.26 kB │ gzip:   0.21 kB
public/build/assets/triangle-alert-DkpiHdri.js                           0.26 kB │ gzip:   0.21 kB
public/build/assets/leaf-DOyZIYw2.js                                     0.26 kB │ gzip:   0.22 kB
public/build/assets/file-check-C4z5jjJz.js                               0.26 kB │ gzip:   0.20 kB
public/build/assets/workflow-DJvlW_wj.js                                 0.26 kB │ gzip:   0.20 kB
public/build/assets/mic-CW73O92f.js                                      0.26 kB │ gzip:   0.21 kB
public/build/assets/shield-CFrVNQP_.js                                   0.27 kB │ gzip:   0.22 kB
public/build/assets/list-plus-aBUZr8B0.js                                0.27 kB │ gzip:   0.19 kB
public/build/assets/battery-low-Bzo-m9Up.js                              0.27 kB │ gzip:   0.20 kB
public/build/assets/timer-reset-CovGFn5r.js                              0.27 kB │ gzip:   0.21 kB
public/build/assets/award-B_bp7D2E.js                                    0.27 kB │ gzip:   0.22 kB
public/build/assets/eraser-C9DIsO5Y.js                                   0.27 kB │ gzip:   0.22 kB
public/build/assets/image-DIJf47uP.js                                    0.27 kB │ gzip:   0.22 kB
public/build/assets/repeat-CraAIumI.js                                   0.27 kB │ gzip:   0.20 kB
public/build/assets/arrow-up-BfmeIflT.js                                 0.27 kB │ gzip:   0.20 kB
public/build/assets/flame-CCUBvmw0.js                                    0.27 kB │ gzip:   0.22 kB
public/build/assets/git-branch-B70Ycmhn.js                               0.27 kB │ gzip:   0.22 kB
public/build/assets/pencil-BeDVRMUO.js                                   0.28 kB │ gzip:   0.22 kB
public/build/assets/pen-line-BpXE3HMD.js                                 0.28 kB │ gzip:   0.22 kB
public/build/assets/list-checks-BqTf_NuC.js                              0.28 kB │ gzip:   0.19 kB
public/build/assets/book-open-BantNvJY.js                                0.28 kB │ gzip:   0.20 kB
public/build/assets/file-diff-BaPQ0SkV.js                                0.28 kB │ gzip:   0.20 kB
public/build/assets/wifi-DIFkMspK.js                                     0.28 kB │ gzip:   0.20 kB
public/build/assets/lightbulb-DmiZIjDT.js                                0.28 kB │ gzip:   0.22 kB
public/build/assets/file-plus-2-BrRaRzxE.js                              0.28 kB │ gzip:   0.21 kB
public/build/assets/layout-template-GSooCwhq.js                          0.28 kB │ gzip:   0.19 kB
public/build/assets/inbox-DrXDRqIu.js                                    0.29 kB │ gzip:   0.23 kB
public/build/assets/wallet-DolcY0Ym.js                                   0.29 kB │ gzip:   0.20 kB
public/build/assets/shopping-cart-DSro3v0_.js                            0.29 kB │ gzip:   0.23 kB
public/build/assets/shirt-28oJE-J4.js                                    0.29 kB │ gzip:   0.23 kB
public/build/assets/files-6Qki8z9Y.js                                    0.29 kB │ gzip:   0.21 kB
public/build/assets/house-B_gDHjN0.js                                    0.29 kB │ gzip:   0.22 kB
public/build/assets/bell-jYrrky51.js                                     0.29 kB │ gzip:   0.24 kB
public/build/assets/use-initials-U-N8N3-N.js                             0.29 kB │ gzip:   0.20 kB
public/build/assets/send-DB_jbA1M.js                                     0.29 kB │ gzip:   0.23 kB
public/build/assets/folder-open-B8EkAKXX.js                              0.29 kB │ gzip:   0.22 kB
public/build/assets/receipt-BFE9ruRF.js                                  0.29 kB │ gzip:   0.21 kB
public/build/assets/governance-permissions-oQG3y2Ya.js                   0.29 kB │ gzip:   0.19 kB
public/build/assets/link-2-off-Drl1t3AK.js                               0.29 kB │ gzip:   0.21 kB
public/build/assets/smile-6fZ7IS2u.js                                    0.29 kB │ gzip:   0.22 kB
public/build/assets/grid-3x3-fbmEyqZy.js                                 0.29 kB │ gzip:   0.21 kB
public/build/assets/bed-double-DmlGTUAE.js                               0.30 kB │ gzip:   0.20 kB
public/build/assets/heart-crack-BDLY-asA.js                              0.30 kB │ gzip:   0.24 kB
public/build/assets/hash-BXSyH6Fz.js                                     0.30 kB │ gzip:   0.19 kB
public/build/assets/receipt-text-Clt3GI0P.js                             0.30 kB │ gzip:   0.20 kB
public/build/assets/maximize-2-D_ECUxF4.js                               0.30 kB │ gzip:   0.21 kB
public/build/assets/list-todo-CIlyuJT4.js                                0.30 kB │ gzip:   0.22 kB
public/build/assets/paperclip-C0QC5mUK.js                                0.30 kB │ gzip:   0.23 kB
public/build/assets/file-up-DxGcE6vx.js                                  0.30 kB │ gzip:   0.21 kB
public/build/assets/gavel-BV_Fy8Ew.js                                    0.30 kB │ gzip:   0.21 kB
public/build/assets/flask-conical-QIgbbeyw.js                            0.30 kB │ gzip:   0.23 kB
public/build/assets/thumbs-up-CS2cYEmL.js                                0.30 kB │ gzip:   0.24 kB
public/build/assets/list-Dw4JqR25.js                                     0.30 kB │ gzip:   0.18 kB
public/build/assets/file-down-DNxlT-At.js                                0.30 kB │ gzip:   0.21 kB
public/build/assets/thumbs-down-BXUBFjof.js                              0.30 kB │ gzip:   0.24 kB
public/build/assets/clipboard-check-qGesvbYL.js                          0.30 kB │ gzip:   0.23 kB
public/build/assets/file-clock-CM-lKLZD.js                               0.30 kB │ gzip:   0.23 kB
public/build/assets/users-5IkkGKPE.js                                    0.30 kB │ gzip:   0.23 kB
public/build/assets/calendar-check-DvFuVWT3.js                           0.30 kB │ gzip:   0.22 kB
public/build/assets/coffee-CLYmimwe.js                                   0.30 kB │ gzip:   0.21 kB
public/build/assets/user-x-BqmaJRGL.js                                   0.30 kB │ gzip:   0.23 kB
public/build/assets/folder-plus-Dr4GGSA4.js                              0.30 kB │ gzip:   0.22 kB
public/build/assets/chef-hat-DblvfI-P.js                                 0.31 kB │ gzip:   0.24 kB
public/build/assets/user-plus-Bo52CNh8.js                                0.31 kB │ gzip:   0.23 kB
public/build/assets/box-CRuJfqla.js                                      0.31 kB │ gzip:   0.22 kB
public/build/assets/heart-pulse-DN7fRGZ6.js                              0.31 kB │ gzip:   0.25 kB
public/build/assets/piggy-bank-jpMAAer2.js                               0.31 kB │ gzip:   0.25 kB
public/build/assets/badge-check-Dck7x4f2.js                              0.31 kB │ gzip:   0.21 kB
public/build/assets/hard-hat-B7xrTAvz.js                                 0.32 kB │ gzip:   0.23 kB
public/build/assets/shield-check-Ctd-T3Mq.js                             0.32 kB │ gzip:   0.25 kB
public/build/assets/printer-A8yBkNoo.js                                  0.32 kB │ gzip:   0.23 kB
public/build/assets/square-pen-BGcF0dpm.js                               0.32 kB │ gzip:   0.24 kB
public/build/assets/refresh-ccw-QC5NKnFw.js                              0.32 kB │ gzip:   0.22 kB
public/build/assets/ticket-CTwS4ay-.js                                   0.32 kB │ gzip:   0.21 kB
public/build/assets/tag-BMC-i3ZH.js                                      0.32 kB │ gzip:   0.25 kB
public/build/assets/hand-helping-2gNfnKGC.js                             0.32 kB │ gzip:   0.25 kB
public/build/assets/id-card-CWLHLqnm.js                                  0.32 kB │ gzip:   0.24 kB
public/build/assets/mail-warning-eFCr5seB.js                             0.32 kB │ gzip:   0.23 kB
public/build/assets/save-DTs2_WJO.js                                     0.33 kB │ gzip:   0.23 kB
public/build/assets/scan-line-Bz6hD5Hq.js                                0.33 kB │ gzip:   0.22 kB
public/build/assets/graduation-cap-DSjIWA9I.js                           0.33 kB │ gzip:   0.25 kB
public/build/assets/list-ordered-LroxxgKP.js                             0.33 kB │ gzip:   0.22 kB
public/build/assets/file-text-eGu6gdB4.js                                0.33 kB │ gzip:   0.21 kB
public/build/assets/book-open-check-9U13Y1Cm.js                          0.33 kB │ gzip:   0.23 kB
public/build/assets/clipboard-plus-Qa7HvOoM.js                           0.33 kB │ gzip:   0.24 kB
public/build/assets/alarm-clock-DJ86mrAi.js                              0.33 kB │ gzip:   0.23 kB
public/build/assets/contact-BIXoJMWD.js                                  0.33 kB │ gzip:   0.24 kB
public/build/assets/calendar-x-B9EdQwQ0.js                               0.34 kB │ gzip:   0.23 kB
public/build/assets/accessibility-BCaUNN0a.js                            0.34 kB │ gzip:   0.24 kB
public/build/assets/archive-restore-CauXsSMp.js                          0.34 kB │ gzip:   0.24 kB
public/build/assets/stethoscope-baRCEb3I.js                              0.34 kB │ gzip:   0.24 kB
public/build/assets/shield-plus-gw45HBq1.js                              0.34 kB │ gzip:   0.25 kB
public/build/assets/layout-grid-BTAnpBEH.js                              0.34 kB │ gzip:   0.19 kB
public/build/assets/pin-VkkOjOIV.js                                      0.35 kB │ gzip:   0.24 kB
public/build/assets/file-image-BKye7mo8.js                               0.35 kB │ gzip:   0.25 kB
public/build/assets/scroll-text-CMxJz8nj.js                              0.35 kB │ gzip:   0.23 kB
public/build/assets/key-round-WusFM-Ne.js                                0.35 kB │ gzip:   0.26 kB
public/build/assets/layout-dashboard-BB0r7i6c.js                         0.35 kB │ gzip:   0.21 kB
public/build/assets/shield-alert-CJgpguro.js                             0.35 kB │ gzip:   0.26 kB
public/build/assets/file-chart-column-increasing-C56C0WLs.js             0.35 kB │ gzip:   0.23 kB
public/build/assets/webhook-BkOCxn2M.js                                  0.35 kB │ gzip:   0.26 kB
public/build/assets/crosshair-B8aqLF0D.js                                0.35 kB │ gzip:   0.21 kB
public/build/assets/calendar-plus-SpMW--Ab.js                            0.35 kB │ gzip:   0.23 kB
public/build/assets/shield-x-BtZ7wiuV.js                                 0.36 kB │ gzip:   0.26 kB
public/build/assets/gift-o-KND40d.js                                     0.36 kB │ gzip:   0.25 kB
public/build/assets/trash-2-xddBqf1h.js                                  0.36 kB │ gzip:   0.25 kB
public/build/assets/calendar-x-2-BcyDEVNH.js                             0.36 kB │ gzip:   0.23 kB
public/build/assets/bell-plus-C79QI9XG.js                                0.36 kB │ gzip:   0.26 kB
public/build/assets/layout-list-RVLadnit.js                              0.36 kB │ gzip:   0.22 kB
public/build/assets/warehouse-CNJmt2i9.js                                0.36 kB │ gzip:   0.25 kB
public/build/assets/utensils-crossed-SsOxhXJ8.js                         0.36 kB │ gzip:   0.25 kB
public/build/assets/syringe-BS7huMXY.js                                  0.36 kB │ gzip:   0.24 kB
public/build/assets/crown-Ckx_1I4A.js                                    0.36 kB │ gzip:   0.26 kB
public/build/assets/sparkle-YYofTL4F.js                                  0.36 kB │ gzip:   0.24 kB
public/build/assets/scale-BvkxlbAn.js                                    0.36 kB │ gzip:   0.23 kB
public/build/assets/grip-vertical-CHf4KGtZ.js                            0.36 kB │ gzip:   0.19 kB
public/build/assets/fuel-Do4cSEAL.js                                     0.37 kB │ gzip:   0.24 kB
public/build/assets/door-open-CDsuH8WA.js                                0.37 kB │ gzip:   0.25 kB
public/build/assets/droplets-DQ2oo5VB.js                                 0.37 kB │ gzip:   0.28 kB
public/build/assets/hammer-BFBbwaZ1.js                                   0.37 kB │ gzip:   0.27 kB
public/build/assets/file-pen-S8yZZz6o.js                                 0.37 kB │ gzip:   0.26 kB
public/build/assets/package-COXnegYB.js                                  0.37 kB │ gzip:   0.25 kB
public/build/assets/index-B0Z-ysPe.js                                    0.37 kB │ gzip:   0.22 kB
public/build/assets/file-spreadsheet-DAW1vjtI.js                         0.37 kB │ gzip:   0.23 kB
public/build/assets/life-buoy-D-IGwPUT.js                                0.37 kB │ gzip:   0.22 kB
public/build/assets/calendar-clock-BcZVpBN3.js                           0.38 kB │ gzip:   0.25 kB
public/build/assets/shield-question-BUYL0o59.js                          0.38 kB │ gzip:   0.28 kB
public/build/assets/network-BVeoKvBg.js                                  0.38 kB │ gzip:   0.24 kB
public/build/assets/calendar-off-CbLZm-Gb.js                             0.38 kB │ gzip:   0.25 kB
public/build/assets/tags-BY0p6woP.js                                     0.39 kB │ gzip:   0.28 kB
public/build/assets/baby-DqYjhY6X.js                                     0.39 kB │ gzip:   0.26 kB
public/build/assets/hard-drive-D4O9zGFI.js                               0.39 kB │ gzip:   0.26 kB
public/build/assets/job-posting-constants-CneitmEO.js                    0.39 kB │ gzip:   0.23 kB
public/build/assets/file-pen-line-BRGg3TCN.js                            0.39 kB │ gzip:   0.26 kB
public/build/assets/phone-Dcy8pxVY.js                                    0.39 kB │ gzip:   0.25 kB
public/build/assets/bell-ring-C8655clC.js                                0.40 kB │ gzip:   0.28 kB
public/build/assets/map-pinned-djc7BMSL.js                               0.40 kB │ gzip:   0.29 kB
public/build/assets/shield-off-DjIFu_SX.js                               0.40 kB │ gzip:   0.28 kB
public/build/assets/truck-B_Vr5fG6.js                                    0.40 kB │ gzip:   0.27 kB
public/build/assets/sprout-DORJuCLE.js                                   0.40 kB │ gzip:   0.28 kB
public/build/assets/car-C0YujHHN.js                                      0.40 kB │ gzip:   0.28 kB
public/build/assets/locate-fixed-BZuV0STu.js                             0.40 kB │ gzip:   0.23 kB
public/build/assets/hand-CnvQDEgb.js                                     0.41 kB │ gzip:   0.25 kB
public/build/assets/landmark-CHRbkzz-.js                                 0.41 kB │ gzip:   0.23 kB
public/build/assets/hand-coins-D35C8D-y.js                               0.41 kB │ gzip:   0.29 kB
public/build/assets/clipboard-list-ZwRYTVFb.js                           0.41 kB │ gzip:   0.26 kB
public/build/assets/transport-medication-replay-fT-lsbTd.js              0.41 kB │ gzip:   0.29 kB
public/build/assets/loader-C8WUNbd5.js                                   0.41 kB │ gzip:   0.24 kB
public/build/assets/mouse-pointer-click-CEYOKJCc.js                      0.41 kB │ gzip:   0.28 kB
public/build/assets/calendar-range-CprTu1VD.js                           0.41 kB │ gzip:   0.26 kB
public/build/assets/waypoints-CJyqoJLX.js                                0.41 kB │ gzip:   0.25 kB
public/build/assets/layers-QPuufaOD.js                                   0.42 kB │ gzip:   0.24 kB
public/build/assets/mic-off-no71TX0Z.js                                  0.42 kB │ gzip:   0.27 kB
public/build/assets/waves-DVIVfOwN.js                                    0.42 kB │ gzip:   0.21 kB
public/build/assets/skeleton-CDTEQwaO.js                                 0.42 kB │ gzip:   0.32 kB
public/build/assets/package-check-BGdQ9-IG.js                            0.42 kB │ gzip:   0.29 kB
public/build/assets/octagon-alert-B79d0cnD.js                            0.43 kB │ gzip:   0.25 kB
public/build/assets/cable-V_xuBRhT.js                                    0.43 kB │ gzip:   0.25 kB
public/build/assets/eye-off-9czKQ2fe.js                                  0.43 kB │ gzip:   0.27 kB
public/build/assets/building-2-BXzRobvk.js                               0.44 kB │ gzip:   0.25 kB
public/build/assets/heading-small-B1QYXXBZ.js                            0.44 kB │ gzip:   0.32 kB
public/build/assets/handshake-CFdeO4no.js                                0.45 kB │ gzip:   0.28 kB
public/build/assets/hand-heart-CeRJUU_4.js                               0.45 kB │ gzip:   0.31 kB
public/build/assets/bus-Ctwz99bK.js                                      0.45 kB │ gzip:   0.28 kB
public/build/assets/footprints-BwfGTbr5.js                               0.45 kB │ gzip:   0.30 kB
public/build/assets/radio-tower-Ze63Je0y.js                              0.45 kB │ gzip:   0.29 kB
public/build/assets/input-error-DCYErTdJ.js                              0.46 kB │ gzip:   0.32 kB
public/build/assets/wifi-off-DZAxei2J.js                                 0.46 kB │ gzip:   0.27 kB
public/build/assets/scan-eye-79c4V1hf.js                                 0.46 kB │ gzip:   0.28 kB
public/build/assets/heart-handshake-D0ub-hnF.js                          0.46 kB │ gzip:   0.31 kB
public/build/assets/spinner-BWnsFd0X.js                                  0.46 kB │ gzip:   0.33 kB
public/build/assets/person-standing-Dn9Dkdhp.js                          0.46 kB │ gzip:   0.31 kB
public/build/assets/trophy-CPm-Sfh5.js                                   0.46 kB │ gzip:   0.28 kB
public/build/assets/pen-tool-DQ89jBeN.js                                 0.47 kB │ gzip:   0.30 kB
public/build/assets/siren-C185uZwV.js                                    0.47 kB │ gzip:   0.27 kB
public/build/assets/star-917ryVRb.js                                     0.47 kB │ gzip:   0.29 kB
public/build/assets/sun-Byw0Ysvj.js                                      0.47 kB │ gzip:   0.26 kB
public/build/assets/notebook-pen-vCJ3ho_t.js                             0.47 kB │ gzip:   0.29 kB
public/build/assets/cake-BWyvQ9Un.js                                     0.49 kB │ gzip:   0.26 kB
public/build/assets/cctv-B_NBDOBx.js                                     0.49 kB │ gzip:   0.30 kB
public/build/assets/calendar-days-k1HimwKW.js                            0.49 kB │ gzip:   0.26 kB
public/build/assets/cpu-DnN77YaW.js                                      0.50 kB │ gzip:   0.26 kB
public/build/assets/zoom-out-H4dDhLYA.js                                 0.50 kB │ gzip:   0.23 kB
public/build/assets/radar-D5VAzS43.js                                    0.50 kB │ gzip:   0.30 kB
public/build/assets/sparkles-DaGf_Edd.js                                 0.51 kB │ gzip:   0.30 kB
public/build/assets/wand-sparkles-BOQRdbIi.js                            0.51 kB │ gzip:   0.29 kB
public/build/assets/ambulance-izjmPUua.js                                0.51 kB │ gzip:   0.31 kB
public/build/assets/_helpers-Ayp0jCez.js                                 0.51 kB │ gzip:   0.33 kB
public/build/assets/unlink-Dk6gnPp6.js                                   0.53 kB │ gzip:   0.30 kB
public/build/assets/calculator-DrxjOciC.js                               0.53 kB │ gzip:   0.28 kB
public/build/assets/circle-dashed-CRRSWBLd.js                            0.57 kB │ gzip:   0.29 kB
public/build/assets/use-alert-workspace-focus-return-DGVRYbyO.js         0.58 kB │ gzip:   0.35 kB
public/build/assets/package-open-Dg4x0Mk3.js                             0.58 kB │ gzip:   0.33 kB
public/build/assets/i18n-B4QPyQMQ.js                                     0.58 kB │ gzip:   0.39 kB
public/build/assets/user-cog-DZLfBGQc.js                                 0.58 kB │ gzip:   0.31 kB
public/build/assets/sliders-horizontal-D5Ykb5IL.js                       0.58 kB │ gzip:   0.26 kB
public/build/assets/send-to-back-BUOrBhL2.js                             0.58 kB │ gzip:   0.31 kB
public/build/assets/fingerprint-C5AYON7E.js                              0.60 kB │ gzip:   0.35 kB
public/build/assets/label-DCjEnjsZ.js                                    0.61 kB │ gzip:   0.39 kB
public/build/assets/form-request-errors-BMMGjMkE.js                      0.63 kB │ gzip:   0.36 kB
public/build/assets/loading-state-B-2_CAIG.js                            0.64 kB │ gzip:   0.43 kB
public/build/assets/text-link-F7YtsEl0.js                                0.65 kB │ gzip:   0.42 kB
public/build/assets/qr-code-B1kmG8NC.js                                  0.65 kB │ gzip:   0.31 kB
public/build/assets/server-DoFf-qaj.js                                   0.66 kB │ gzip:   0.37 kB
public/build/assets/collapsible-dZ42gUqn.js                              0.66 kB │ gzip:   0.28 kB
public/build/assets/resident-dot-BLoyRUP7.js                             0.67 kB │ gzip:   0.46 kB
public/build/assets/fleet-stat-card-DUxeIbz6.js                          0.72 kB │ gzip:   0.44 kB
public/build/assets/party-popper-Bw8DwMQk.js                             0.72 kB │ gzip:   0.41 kB
public/build/assets/settings-CEXR-jDe.js                                 0.72 kB │ gzip:   0.34 kB
public/build/assets/textarea-C_9uu-fb.js                                 0.73 kB │ gzip:   0.47 kB
public/build/assets/meeting-workspace-links-BSKYBk34.js                  0.73 kB │ gzip:   0.40 kB
public/build/assets/brain-D4Y8q5kz.js                                    0.73 kB │ gzip:   0.35 kB
public/build/assets/use-mobile-DlEv6ewV.js                               0.75 kB │ gzip:   0.34 kB
public/build/assets/separator-DcAv2UUF.js                                0.77 kB │ gzip:   0.45 kB
public/build/assets/page-shell-B7eQidXD.js                               0.77 kB │ gzip:   0.45 kB
public/build/assets/shared-DHJYl7e2.js                                   0.77 kB │ gzip:   0.40 kB
public/build/assets/shared-D3Yvwbxq.js                                   0.77 kB │ gzip:   0.39 kB
public/build/assets/shift-row-types-DQA9BK_P.js                          0.80 kB │ gzip:   0.38 kB
public/build/assets/hr-tabs-D8RBQ2_A.js                                  0.81 kB │ gzip:   0.51 kB
public/build/assets/ops-stat-card-CK6HDS8b.js                            0.81 kB │ gzip:   0.48 kB
public/build/assets/progress-BxLvrMK0.js                                 0.82 kB │ gzip:   0.54 kB
public/build/assets/readable-operational-state-CK8MzJI-.js               0.85 kB │ gzip:   0.45 kB
public/build/assets/boxes-DA1rYKSz.js                                    0.85 kB │ gzip:   0.40 kB
public/build/assets/wizard-DF_QPOrg.js                                   0.87 kB │ gzip:   0.55 kB
public/build/assets/wizard-NNmqhkha.js                                   0.87 kB │ gzip:   0.55 kB
public/build/assets/list-caption-hE5ckvXY.js                             0.91 kB │ gzip:   0.54 kB
public/build/assets/index-CSEUMRIG.js                                    0.92 kB │ gzip:   0.53 kB
public/build/assets/now-rule-P7hRYwwd.js                                 0.95 kB │ gzip:   0.58 kB
public/build/assets/hero-action-button-D-GVyXk8.js                       0.95 kB │ gzip:   0.55 kB
public/build/assets/page-layout-DtSKkYRB.js                              0.97 kB │ gzip:   0.56 kB
public/build/assets/governance-dialog-deep-link-I3Zo213H.js              0.98 kB │ gzip:   0.58 kB
public/build/assets/settings-tabs-BXlFov_t.js                            0.99 kB │ gzip:   0.54 kB
public/build/assets/error-state-oycAYXTH.js                              1.01 kB │ gzip:   0.62 kB
public/build/assets/use-settings-leave-confirmation-C0S2lrVj.js          1.02 kB │ gzip:   0.61 kB
public/build/assets/presence-dot-CuGnqH3Y.js                             1.04 kB │ gzip:   0.58 kB
public/build/assets/input-49RbooBa.js                                    1.05 kB │ gzip:   0.59 kB
public/build/assets/command-centre-page-BTQ7W63O.js                      1.05 kB │ gzip:   0.59 kB
public/build/assets/switch-DZPR4_MT.js                                   1.06 kB │ gzip:   0.61 kB
public/build/assets/_shared-BN-lC1nz.js                                  1.07 kB │ gzip:   0.56 kB
public/build/assets/governance-work-CPDXtwsY.js                          1.09 kB │ gzip:   0.59 kB
public/build/assets/hover-action-vLW4u2SF.js                             1.09 kB │ gzip:   0.65 kB
public/build/assets/WidgetCard-DTXbs-1E.js                               1.10 kB │ gzip:   0.62 kB
public/build/assets/micro-stats-BKNykt34.js                              1.11 kB │ gzip:   0.61 kB
public/build/assets/confetti-8ALvzRDJ.js                                 1.11 kB │ gzip:   0.65 kB
public/build/assets/avatar-Cz9SiJ4o.js                                   1.14 kB │ gzip:   0.44 kB
public/build/assets/checkbox-bCN9mpHy.js                                 1.15 kB │ gzip:   0.63 kB
public/build/assets/GovernanceHomeRail-4Dm9PVg-.js                       1.21 kB │ gzip:   0.68 kB
public/build/assets/_confirm-action-CxjMs0-U.js                          1.24 kB │ gzip:   0.70 kB
public/build/assets/wizard-stepper-DJVl1RHq.js                           1.24 kB │ gzip:   0.66 kB
public/build/assets/handover-person-notes-CbHlG0Rx.js                    1.25 kB │ gzip:   0.63 kB
public/build/assets/task-api-LDQPp0GA.js                                 1.27 kB │ gzip:   0.81 kB
public/build/assets/_types-Bdo8GrIg.js                                   1.29 kB │ gzip:   0.67 kB
public/build/assets/medication-stock-governance-C5VIWPFO.js              1.30 kB │ gzip:   0.60 kB
public/build/assets/radio-group-CBbAqpM8.js                              1.31 kB │ gzip:   0.65 kB
public/build/assets/DiscardDraftDialog-BLDZ8Le8.js                       1.32 kB │ gzip:   0.76 kB
public/build/assets/_attachments-NLw7_Wma.js                             1.32 kB │ gzip:   0.74 kB
public/build/assets/stream-grouping-DxjzPWpi.js                          1.35 kB │ gzip:   0.73 kB
public/build/assets/staff-avatar-DK5ls0Xc.js                             1.35 kB │ gzip:   0.81 kB
public/build/assets/workflow-ribbon-Cbc6934F.js                          1.35 kB │ gzip:   0.69 kB
public/build/assets/shift-status-badge-D2MfmV20.js                       1.36 kB │ gzip:   0.67 kB
public/build/assets/timesheet-status-badge-DHKtg0NJ.js                   1.36 kB │ gzip:   0.66 kB
public/build/assets/fleet-responsive-list-CgDsyRvl.js                    1.38 kB │ gzip:   0.70 kB
public/build/assets/sso-sign-in-buttons-DvOjXnV8.js                      1.40 kB │ gzip:   0.72 kB
public/build/assets/site-credentials-CuhrbwjV.js                         1.43 kB │ gzip:   0.75 kB
public/build/assets/_helpers-DwiQF0jk.js                                 1.46 kB │ gzip:   0.80 kB
public/build/assets/fleet-empty-state-4IoOQanq.js                        1.46 kB │ gzip:   0.76 kB
public/build/assets/journey-reference-strip-pm5NcpKt.js                  1.46 kB │ gzip:   0.81 kB
public/build/assets/GovernanceSectionRail-CxJ8hvRQ.js                    1.47 kB │ gzip:   0.82 kB
public/build/assets/index-DcmOMlk_.js                                    1.50 kB │ gzip:   0.52 kB
public/build/assets/badge-CZnzl86v.js                                    1.53 kB │ gzip:   0.77 kB
public/build/assets/shift-types-CM_QH3pK.js                              1.54 kB │ gzip:   0.78 kB
public/build/assets/performance-tabs-D1ecWNMd.js                         1.55 kB │ gzip:   0.74 kB
public/build/assets/confirm-dialog-BbNKEC44.js                           1.57 kB │ gzip:   0.86 kB
public/build/assets/mini-sparkline-D7i7f6lZ.js                           1.58 kB │ gzip:   0.91 kB
public/build/assets/verify-email-C1paJZPK.js                             1.58 kB │ gzip:   0.85 kB
public/build/assets/date-time-field-CtcvwXsK.js                          1.58 kB │ gzip:   0.79 kB
public/build/assets/status-badge-BcV9Cyb7.js                             1.61 kB │ gzip:   0.78 kB
public/build/assets/control-room-vocab-CfrI9G5L.js                       1.62 kB │ gzip:   0.64 kB
public/build/assets/popover-ifeG7vZg.js                                  1.64 kB │ gzip:   0.70 kB
public/build/assets/ops-charts-CfZvOWbq.js                               1.65 kB │ gzip:   0.78 kB
public/build/assets/alert-CF50OPgI.js                                    1.69 kB │ gzip:   0.74 kB
public/build/assets/alert-status-zpY0jNsT.js                             1.69 kB │ gzip:   0.79 kB
public/build/assets/report-incident-dialog-C0Tt_gde.js                   1.70 kB │ gzip:   0.89 kB
public/build/assets/laravel-pagination-B1Cfu3Ne.js                       1.70 kB │ gzip:   0.83 kB
public/build/assets/money-L4nGavLX.js                                    1.71 kB │ gzip:   0.97 kB
public/build/assets/card-C9LxLdKv.js                                     1.77 kB │ gzip:   0.57 kB
public/build/assets/_helpers-D5VzFf-K.js                                 1.77 kB │ gzip:   0.76 kB
public/build/assets/documents-tabs-DeEsN_Je.js                           1.78 kB │ gzip:   0.93 kB
public/build/assets/workflow-ribbon-A2VC3yD3.js                          1.80 kB │ gzip:   0.79 kB
public/build/assets/overlay-focus-return-4ESXsuki.js                     1.82 kB │ gzip:   0.89 kB
public/build/assets/tooltip-DVHxUwor.js                                  1.82 kB │ gzip:   0.84 kB
public/build/assets/control-room-alert-row-actions-DcJKMEO8.js           1.85 kB │ gzip:   0.68 kB
public/build/assets/options-BwkaeHrx.js                                  1.86 kB │ gzip:   0.72 kB
public/build/assets/my-day-list-C0pkEpFM.js                              1.86 kB │ gzip:   0.90 kB
public/build/assets/accordion-C5pb-IC-.js                                1.87 kB │ gzip:   0.85 kB
public/build/assets/journey-gate-list-BLDfMpcj.js                        1.87 kB │ gzip:   0.85 kB
public/build/assets/fleet-utils-7j88-Eds.js                              1.90 kB │ gzip:   0.72 kB
public/build/assets/_helpers-DygZ72zn.js                                 1.94 kB │ gzip:   1.04 kB
public/build/assets/draft-resume-prompt-BtK4rozv.js                      1.95 kB │ gzip:   1.01 kB
public/build/assets/respite-subnav-Cw8hH7QF.js                           2.01 kB │ gzip:   0.96 kB
public/build/assets/handover-follow-ups-CM70PA0k.js                      2.02 kB │ gzip:   1.02 kB
public/build/assets/button-DhhB9F7m.js                                   2.05 kB │ gzip:   0.96 kB
public/build/assets/address-autocomplete-pBX6PPhs.js                     2.07 kB │ gzip:   1.14 kB
public/build/assets/confirm-password-kYSJWRQm.js                         2.07 kB │ gzip:   1.04 kB
public/build/assets/_dialogs-BpoqogM3.js                                 2.08 kB │ gzip:   1.10 kB
public/build/assets/governance-calendar-adapter-DZ3m3Zan.js              2.10 kB │ gzip:   1.01 kB
public/build/assets/_create-recovery-i6Ou491d.js                         2.10 kB │ gzip:   1.07 kB
public/build/assets/use-personal-location-privacy-k70ZMAas.js            2.16 kB │ gzip:   0.99 kB
public/build/assets/reports-tabs-DjY2t3N1.js                             2.17 kB │ gzip:   1.07 kB
public/build/assets/attention-panel-Cs3Pezg3.js                          2.17 kB │ gzip:   0.99 kB
public/build/assets/task-step-draft-DSFK4S_O.js                          2.18 kB │ gzip:   1.13 kB
public/build/assets/payroll-hero-ZtXc1yUE.js                             2.28 kB │ gzip:   1.10 kB
public/build/assets/_shared-CQ8nUpYL.js                                  2.30 kB │ gzip:   1.17 kB
public/build/assets/_memory-recovery-KPLCXoTQ.js                         2.31 kB │ gzip:   1.21 kB
public/build/assets/_shared-BLc03vXo.js                                  2.34 kB │ gzip:   1.13 kB
public/build/assets/reason-dialog-Bn88kiSi.js                            2.34 kB │ gzip:   1.27 kB
public/build/assets/table-DHtHPBEX.js                                    2.42 kB │ gzip:   0.67 kB
public/build/assets/drills-DphCUn-8.js                                   2.43 kB │ gzip:   1.13 kB
public/build/assets/_icons-DLnFKx7L.js                                   2.45 kB │ gzip:   1.15 kB
public/build/assets/first-aid-CwxSJbep.js                                2.47 kB │ gzip:   1.15 kB
public/build/assets/task-help-inbox-De9FkcjZ.js                          2.48 kB │ gzip:   1.35 kB
public/build/assets/datetime-Cj7rLFb1.js                                 2.50 kB │ gzip:   1.10 kB
public/build/assets/finance-section-rail-8xKEVnxT.js                     2.53 kB │ gzip:   1.28 kB
public/build/assets/provisioning-request-files-DdJFW1kW.js               2.56 kB │ gzip:   1.25 kB
public/build/assets/text-prompt-dialog-jAFc03e1.js                       2.62 kB │ gzip:   1.41 kB
public/build/assets/services-B0biL-xJ.js                                 2.63 kB │ gzip:   1.19 kB
public/build/assets/shift-context-menu-CNRM9i7R.js                       2.64 kB │ gzip:   1.37 kB
public/build/assets/provisioning-command-fields-4x2FBuJS.js              2.68 kB │ gzip:   1.16 kB
public/build/assets/care-plan-domains-C-RuBW5R.js                        2.69 kB │ gzip:   1.26 kB
public/build/assets/donut-chart-BjEVgtH7.js                              2.71 kB │ gzip:   1.35 kB
public/build/assets/donut-RxOXSbq7.js                                    2.74 kB │ gzip:   1.38 kB
public/build/assets/index-BjmjDcUN.js                                    2.76 kB │ gzip:   0.71 kB
public/build/assets/status-badge-3QlJuqdd.js                             2.76 kB │ gzip:   1.29 kB
public/build/assets/readiness-DVHle5tq.js                                2.79 kB │ gzip:   1.36 kB
public/build/assets/financials-Pyj3UIiQ.js                               2.80 kB │ gzip:   1.36 kB
public/build/assets/safety-register-ClunNWNP.js                          2.83 kB │ gzip:   1.33 kB
public/build/assets/ppe-CpymOecs.js                                      2.84 kB │ gzip:   1.11 kB
public/build/assets/register-row-kit-DYBAbrfL.js                         2.86 kB │ gzip:   1.16 kB
public/build/assets/lifecycle-tabs-D-0iOgPT.js                           2.88 kB │ gzip:   1.47 kB
public/build/assets/_tabs-C3ZO76MF.js                                    2.90 kB │ gzip:   1.48 kB
public/build/assets/_note-category-picker-CXjLoTUD.js                    2.92 kB │ gzip:   1.38 kB
public/build/assets/use-create-shift-launcher-D6WX49Ev.js                2.92 kB │ gzip:   1.43 kB
public/build/assets/use-form-autosave-ph5IttLp.js                        2.92 kB │ gzip:   1.47 kB
public/build/assets/toolbar-Dsa5Ibhm.js                                  2.92 kB │ gzip:   1.40 kB
public/build/assets/hs-detail-dialog-CZvy6kE3.js                         2.93 kB │ gzip:   1.33 kB
public/build/assets/notification-catalog-DveZKd9k.js                     2.96 kB │ gzip:   0.93 kB
public/build/assets/forgot-password-BTHYFtzi.js                          2.99 kB │ gzip:   1.43 kB
public/build/assets/auth-layout-CZtzJmh4.js                              3.03 kB │ gzip:   1.37 kB
public/build/assets/report-launcher-DBfGAGad.js                          3.03 kB │ gzip:   1.51 kB
public/build/assets/tab-strip-BVRkR7Di.js                                3.03 kB │ gzip:   1.38 kB
public/build/assets/_overview-map-card-CdfMU9A7.js                       3.06 kB │ gzip:   1.49 kB
public/build/assets/provisioning-manual-dialog-C3CqKEIE.js               3.06 kB │ gzip:   1.53 kB
public/build/assets/reset-password-rbOtuhMI.js                           3.08 kB │ gzip:   1.25 kB
public/build/assets/start-reconciliation-dialog-Cv6H57tn.js              3.11 kB │ gzip:   1.29 kB
public/build/assets/two-factor-challenge-BKhWap3B.js                     3.13 kB │ gzip:   1.47 kB
public/build/assets/dictate-button-Y-wccj8T.js                           3.14 kB │ gzip:   1.60 kB
public/build/assets/use-specialist-form-defaults-B53oOJ98.js             3.14 kB │ gzip:   1.56 kB
public/build/assets/client-edit-dialog-Bzjf2Hdu.js                       3.16 kB │ gzip:   1.57 kB
public/build/assets/record-care-actions-BaK32oJw.js                      3.18 kB │ gzip:   1.40 kB
public/build/assets/document-library-kit-f8XTVuq7.js                     3.19 kB │ gzip:   1.08 kB
public/build/assets/risk-assessments-Cucfgk-H.js                         3.21 kB │ gzip:   1.54 kB
public/build/assets/recorded-detail-dialog-8GOx6AYE.js                   3.22 kB │ gzip:   1.59 kB
public/build/assets/control-room-row-actions-_gvhs_DL.js                 3.31 kB │ gzip:   1.49 kB
public/build/assets/_dialogs-DuqTZrS5.js                                 3.32 kB │ gzip:   1.44 kB
public/build/assets/leave-context-menu-DLPvYjQP.js                       3.33 kB │ gzip:   1.64 kB
public/build/assets/row-context-menu-BuvIqrKq.js                         3.33 kB │ gzip:   1.64 kB
public/build/assets/_context-menu-CeQQh61p.js                            3.33 kB │ gzip:   1.60 kB
public/build/assets/fleet-compact-hero-CnX-DNpB.js                       3.33 kB │ gzip:   1.44 kB
public/build/assets/compensation-tabs-B8x3fEth.js                        3.34 kB │ gzip:   1.62 kB
public/build/assets/hs-hero-kit-M1NGMrDY.js                              3.36 kB │ gzip:   1.54 kB
public/build/assets/task-steps-CDWko3kQ.js                               3.38 kB │ gzip:   1.58 kB
public/build/assets/shift-med-snapshot-Bp5GKUaT.js                       3.39 kB │ gzip:   1.36 kB
public/build/assets/device-profile-navigation-BZ3hPyip.js                3.40 kB │ gzip:   1.66 kB
public/build/assets/inspections-6_hrVXiW.js                              3.42 kB │ gzip:   1.39 kB
public/build/assets/ra-register-section-Lgexb7PH.js                      3.46 kB │ gzip:   1.76 kB
public/build/assets/command-BW4G2LaG.js                                  3.47 kB │ gzip:   1.07 kB
public/build/assets/shift-context-menu-D0DgSK9K.js                       3.49 kB │ gzip:   1.66 kB
public/build/assets/posting-preview-BLWC2TSD.js                          3.51 kB │ gzip:   1.53 kB
public/build/assets/_emergency-checklist-1_ojrvAu.js                     3.52 kB │ gzip:   1.53 kB
public/build/assets/handover-context-menu-CA_PQ8wQ.js                    3.55 kB │ gzip:   1.54 kB
public/build/assets/_readiness-panel-4aKGi0Zx.js                         3.59 kB │ gzip:   1.63 kB
public/build/assets/checklists-CtVeWOPo.js                               3.59 kB │ gzip:   1.70 kB
public/build/assets/checks-model-BpbAC4Rm.js                             3.63 kB │ gzip:   1.63 kB
public/build/assets/journey-term-help-CVYBiiVE.js                        3.64 kB │ gzip:   1.45 kB
public/build/assets/my-provisioning-list-CG8pRRgh.js                     3.67 kB │ gzip:   1.70 kB
public/build/assets/site-profile-states-CgddJz0l.js                      3.69 kB │ gzip:   1.45 kB
public/build/assets/alert-dialog-CTbWLyiF.js                             3.76 kB │ gzip:   1.10 kB
public/build/assets/resolution-voting-Bpa7_z73.js                        3.78 kB │ gzip:   1.69 kB
public/build/assets/_geometry-Dx1kFP0e.js                                3.80 kB │ gzip:   1.60 kB
public/build/assets/configured-questions-BLQHoE3i.js                     3.86 kB │ gzip:   1.82 kB
public/build/assets/register-CT9JEwCL.js                                 3.88 kB │ gzip:   1.46 kB
public/build/assets/MedicationScanVerificationPanel-ucJ5BFVi.js          3.89 kB │ gzip:   1.61 kB
public/build/assets/task-detail-dialog-D8ZlX2j6.js                       3.90 kB │ gzip:   1.78 kB
public/build/assets/reference-questionnaire-C-_aG6hk.js                  3.94 kB │ gzip:   1.81 kB
public/build/assets/ticket-version-conflict-BCQvuUgh.js                  3.96 kB │ gzip:   1.80 kB
public/build/assets/shift-timeline-summary-flJTKn6M.js                   3.99 kB │ gzip:   1.66 kB
public/build/assets/login-vTNQEaAE.js                                    4.01 kB │ gzip:   1.72 kB
public/build/assets/governed-location-export-dialog-CnQc0cZA.js          4.01 kB │ gzip:   1.96 kB
public/build/assets/shared-B0-6jsZH.js                                   4.01 kB │ gzip:   1.96 kB
public/build/assets/finance-period-filter-D8dDJWp1.js                    4.02 kB │ gzip:   1.91 kB
public/build/assets/edit-C5CmbNyu.js                                     4.03 kB │ gzip:   1.78 kB
public/build/assets/calendar-BQno77FI.js                                 4.06 kB │ gzip:   1.80 kB
public/build/assets/shift-summary-BxqKvNIi.js                            4.07 kB │ gzip:   1.68 kB
public/build/assets/workspace-model-CTDC_Qgb.js                          4.10 kB │ gzip:   1.78 kB
public/build/assets/index-Bpzl9rqK.js                                    4.13 kB │ gzip:   0.83 kB
public/build/assets/entity-cells-C0J45jAj.js                             4.13 kB │ gzip:   1.63 kB
public/build/assets/use-two-factor-auth-DZ2kXMf5.js                      4.15 kB │ gzip:   1.77 kB
public/build/assets/empty-state-ComOvLNI.js                              4.18 kB │ gzip:   1.85 kB
public/build/assets/board-bits-VgUKusK_.js                               4.19 kB │ gzip:   1.58 kB
public/build/assets/specialist-record-list-DhwnJNoO.js                   4.23 kB │ gzip:   1.98 kB
public/build/assets/hazards-qt1kmyk6.js                                  4.24 kB │ gzip:   1.95 kB
public/build/assets/estate-operations-BqgBTw3b.js                        4.29 kB │ gzip:   1.72 kB
public/build/assets/documents-16vPTiIZ.js                                4.32 kB │ gzip:   1.91 kB
public/build/assets/generate-rounds-modal-B9MEzJnN.js                    4.33 kB │ gzip:   2.11 kB
public/build/assets/wizard-fields-C6PCgD0H.js                            4.34 kB │ gzip:   1.89 kB
public/build/assets/first-aid-tab-BRBVDdcG.js                            4.34 kB │ gzip:   1.78 kB
public/build/assets/assets-C0WgK8yO.js                                   4.37 kB │ gzip:   1.73 kB
public/build/assets/login-Dv_Gk2Dj.js                                    4.37 kB │ gzip:   1.85 kB
public/build/assets/privacy-shared-DEk_pYkN.js                           4.39 kB │ gzip:   1.65 kB
public/build/assets/_shared-BnBEhn5B.js                                  4.41 kB │ gzip:   1.91 kB
public/build/assets/_dialogs-CfjbOyVi.js                                 4.43 kB │ gzip:   1.80 kB
public/build/assets/shift-audit-timeline-B8NphdIw.js                     4.49 kB │ gzip:   1.82 kB
public/build/assets/shared-CMclyH1k.js                                   4.50 kB │ gzip:   1.74 kB
public/build/assets/applicable-procedures-panel-4Kc40vm0.js              4.52 kB │ gzip:   1.75 kB
public/build/assets/task-help-DSITFg9w.js                                4.61 kB │ gzip:   1.95 kB
public/build/assets/client-clinical-launchers-JP2Orr33.js                4.62 kB │ gzip:   2.10 kB
public/build/assets/meal-planner-Cgfd3ZI8.js                             4.69 kB │ gzip:   2.19 kB
public/build/assets/incidents-tab-D5pTtA6L.js                            4.72 kB │ gzip:   1.85 kB
public/build/assets/Create-BLtvYFm5.js                                   4.73 kB │ gzip:   2.12 kB
public/build/assets/fleet-navigation-BanPi5cg.js                         4.74 kB │ gzip:   1.88 kB
public/build/assets/_dialogs-x3o-NijX.js                                 4.75 kB │ gzip:   2.18 kB
public/build/assets/date-picker-d979tFf6.js                              4.75 kB │ gzip:   2.10 kB
public/build/assets/donut-card-BwnfSjei.js                               4.76 kB │ gzip:   2.08 kB
public/build/assets/control-room-workspace-hero-bGPoHneG.js              4.76 kB │ gzip:   2.26 kB
public/build/assets/AgedPayables-a3--mt_C.js                             4.79 kB │ gzip:   2.15 kB
public/build/assets/AgedReceivables-Ru3TNqWs.js                          4.80 kB │ gzip:   2.15 kB
public/build/assets/dialog-Drna3yvb.js                                   4.80 kB │ gzip:   1.63 kB
public/build/assets/_asset-dialogs-BGFfd-Ky.js                           4.83 kB │ gzip:   2.29 kB
public/build/assets/entity-filter-BixYOHtM.js                            4.89 kB │ gzip:   2.28 kB
public/build/assets/Edit-CzKd8a6l.js                                     4.91 kB │ gzip:   2.26 kB
public/build/assets/hardware-8I7pvExf.js                                 4.92 kB │ gzip:   2.16 kB
public/build/assets/permission-destinations-BOlelySk.js                  4.93 kB │ gzip:   1.12 kB
public/build/assets/page-tabs-zJvvjsle.js                                4.94 kB │ gzip:   2.03 kB
public/build/assets/concern-DAFS7_jk.js                                  4.96 kB │ gzip:   2.28 kB
public/build/assets/_dialogs-Fdq2Vezm.js                                 4.97 kB │ gzip:   2.33 kB
public/build/assets/whats-next-rail-DHYjUXzS.js                          4.99 kB │ gzip:   2.37 kB
public/build/assets/_dialogs-56IEjz70.js                                 5.03 kB │ gzip:   2.02 kB
public/build/assets/leave-calendar-range-CmqM4CpR.js                     5.04 kB │ gzip:   2.26 kB
public/build/assets/_dialogs-B-QfFZOz.js                                 5.10 kB │ gzip:   2.37 kB
public/build/assets/client-safety-ribbon-CNc3JEjd.js                     5.10 kB │ gzip:   2.24 kB
public/build/assets/show-BWM5bWHd.js                                     5.15 kB │ gzip:   2.38 kB
public/build/assets/_evidence-BI2oDlAP.js                                5.17 kB │ gzip:   2.19 kB
public/build/assets/prn-effect-dialog-CiqE8ztp.js                        5.19 kB │ gzip:   2.27 kB
public/build/assets/shared-DE0NNuma.js                                   5.20 kB │ gzip:   2.04 kB
public/build/assets/day-picker-chip-tXQo9ScD.js                          5.21 kB │ gzip:   2.23 kB
public/build/assets/list-view-SPoh7Yzw.js                                5.22 kB │ gzip:   1.83 kB
public/build/assets/Placeholder-DZPve44q.js                              5.23 kB │ gzip:   2.45 kB
public/build/assets/before-you-finish-DVRWqB1Z.js                        5.25 kB │ gzip:   2.13 kB
public/build/assets/plan-6bK0z1mM.js                                     5.26 kB │ gzip:   2.34 kB
public/build/assets/wizard-shell-CGOg7fTw.js                             5.31 kB │ gzip:   2.31 kB
public/build/assets/application-status-BvRA26ax.js                       5.31 kB │ gzip:   2.15 kB
public/build/assets/care-plan-domains-builder-BpXCU059.js                5.33 kB │ gzip:   2.07 kB
public/build/assets/shared-CmyqTydH.js                                   5.34 kB │ gzip:   2.38 kB
public/build/assets/entity-menu-Ag-OQLl0.js                              5.35 kB │ gzip:   2.46 kB
public/build/assets/index-X-0w6XM_.js                                    5.35 kB │ gzip:   2.38 kB
public/build/assets/paperwork-panel-DJJMekGT.js                          5.38 kB │ gzip:   2.33 kB
public/build/assets/show-wR1W5Fzc.js                                     5.41 kB │ gzip:   2.40 kB
public/build/assets/contacts-DvSrJNqC.js                                 5.42 kB │ gzip:   2.31 kB
public/build/assets/_thumbnail-41rVvUn0.js                               5.43 kB │ gzip:   2.56 kB
public/build/assets/fleet-charts-BD3Cp0FY.js                             5.50 kB │ gzip:   2.46 kB
public/build/assets/global-Co3SMFnB.js                                   5.55 kB │ gzip:   2.48 kB
public/build/assets/Index-u_Z2Ea2Q.js                                    5.55 kB │ gzip:   2.50 kB
public/build/assets/show-DJMDtLpI.js                                     5.56 kB │ gzip:   2.54 kB
public/build/assets/show-DTjzV8tW.js                                     5.57 kB │ gzip:   2.35 kB
public/build/assets/show-BZN2gXYl.js                                     5.58 kB │ gzip:   2.32 kB
public/build/assets/date-popover-Dt2TGp7v.js                             5.60 kB │ gzip:   2.41 kB
public/build/assets/audit-log-modal-ZuTqYH7U.js                          5.60 kB │ gzip:   2.51 kB
public/build/assets/medication-review-modal-stmb-9k1.js                  5.64 kB │ gzip:   2.55 kB
public/build/assets/index-C_jgo287.js                                    5.66 kB │ gzip:   2.51 kB
public/build/assets/entity-table-cTIF-Fz5.js                             5.74 kB │ gzip:   2.40 kB
public/build/assets/complete-obligation-dialog-DozDUczr.js               5.76 kB │ gzip:   2.56 kB
public/build/assets/index-CJrh5Z4x.js                                    5.78 kB │ gzip:   2.58 kB
public/build/assets/rhythms-routines-UVXhJk5d.js                         5.79 kB │ gzip:   2.63 kB
public/build/assets/Calendar-Bls8Okof.js                                 5.81 kB │ gzip:   2.64 kB
public/build/assets/index-CEwM9hx6.js                                    5.86 kB │ gzip:   2.68 kB
public/build/assets/select-DeAu4Y2b.js                                   5.86 kB │ gzip:   1.90 kB
public/build/assets/multi-entity-filter-CVm_n06v.js                      5.86 kB │ gzip:   2.62 kB
public/build/assets/_shared-B6XyOznu.js                                  5.88 kB │ gzip:   2.59 kB
public/build/assets/dropdown-menu-BZJ2YmcR.js                            5.88 kB │ gzip:   1.65 kB
public/build/assets/stat-tile-E4NiTit7.js                                5.89 kB │ gzip:   2.51 kB
public/build/assets/GovernanceAttachmentsPanel-C2xITC6M.js               5.91 kB │ gzip:   2.49 kB
public/build/assets/_helpers-DEUtS2el.js                                 5.94 kB │ gzip:   2.45 kB
public/build/assets/index-CWR4OJV5.js                                    5.98 kB │ gzip:   2.76 kB
public/build/assets/index-Cn6neLoT.js                                    6.01 kB │ gzip:   2.74 kB
public/build/assets/compliance-bits-CPBFCQyK.js                          6.02 kB │ gzip:   2.53 kB
public/build/assets/audit-aLmkEH02.js                                    6.02 kB │ gzip:   2.71 kB
public/build/assets/index-BXKAYo0d.js                                    6.03 kB │ gzip:   2.61 kB
public/build/assets/report-page-Cl5uDfaK.js                              6.03 kB │ gzip:   2.83 kB
public/build/assets/link-client-dialog-C3hB6F-q.js                       6.06 kB │ gzip:   2.57 kB
public/build/assets/stream-context-menu-1GZmE__P.js                      6.08 kB │ gzip:   2.79 kB
public/build/assets/food-meal-BhrKjruN.js                                6.12 kB │ gzip:   2.10 kB
public/build/assets/BoardMonthly-BMx2W5VZ.js                             6.17 kB │ gzip:   2.86 kB
public/build/assets/index-CEWfb6sR.js                                    6.18 kB │ gzip:   2.82 kB
public/build/assets/with-concerns-DLid1NcV.js                            6.18 kB │ gzip:   2.75 kB
public/build/assets/with-incidents-D2QIXJae.js                           6.19 kB │ gzip:   2.75 kB
public/build/assets/show-BLpUduts.js                                     6.22 kB │ gzip:   2.82 kB
public/build/assets/index-CoH91cYF.js                                    6.22 kB │ gzip:   2.77 kB
public/build/assets/compliance-hub-header-BRRFTZUX.js                    6.22 kB │ gzip:   2.75 kB
public/build/assets/index-BIGmY_Rr.js                                    6.26 kB │ gzip:   2.81 kB
public/build/assets/emergency-plan-Cx23zRXZ.js                           6.26 kB │ gzip:   2.81 kB
public/build/assets/recognition-wizard-irNsHtSQ.js                       6.27 kB │ gzip:   2.43 kB
public/build/assets/show-BDwto2vv.js                                     6.29 kB │ gzip:   2.50 kB
public/build/assets/Calendar-BqM5p7CC.js                                 6.32 kB │ gzip:   2.85 kB
public/build/assets/index-DYh4X_jt.js                                    6.35 kB │ gzip:   2.82 kB
public/build/assets/quick-note-dialog-GEQhbEl-.js                        6.36 kB │ gzip:   2.65 kB
public/build/assets/for-stay-DPcWncAy.js                                 6.36 kB │ gzip:   2.81 kB
public/build/assets/create-BGWr2TOa.js                                   6.38 kB │ gzip:   2.63 kB
public/build/assets/use-my-day-labels-BynEqp9u.js                        6.38 kB │ gzip:   2.60 kB
public/build/assets/entity-card-CHgDh8rL.js                              6.39 kB │ gzip:   2.73 kB
public/build/assets/stock-movement-modal-L57amY5e.js                     6.40 kB │ gzip:   2.62 kB
public/build/assets/report-JJx0cxhL.js                                   6.41 kB │ gzip:   2.92 kB
public/build/assets/show-Cp7KkLEn.js                                     6.41 kB │ gzip:   2.85 kB
public/build/assets/offer-response-BxezovFd.js                           6.41 kB │ gzip:   2.61 kB
public/build/assets/compensation-hero-Dq-Pn7Ah.js                        6.42 kB │ gzip:   2.49 kB
public/build/assets/Create-DhL1M-Jl.js                                   6.44 kB │ gzip:   2.95 kB
public/build/assets/auto-rule-builder-CEXMEfl0.js                        6.50 kB │ gzip:   2.43 kB
public/build/assets/tabs-D_UTP3W8.js                                     6.50 kB │ gzip:   2.68 kB
public/build/assets/overdue-CgLloQ96.js                                  6.50 kB │ gzip:   2.84 kB
public/build/assets/list-view-CuKXdken.js                                6.53 kB │ gzip:   2.37 kB
public/build/assets/clients-B8Uttt9Q.js                                  6.54 kB │ gzip:   2.77 kB
public/build/assets/unacknowledged-BdLebYbz.js                           6.54 kB │ gzip:   2.84 kB
public/build/assets/overdue-B_BbVlQc.js                                  6.54 kB │ gzip:   2.85 kB
public/build/assets/my-active-xYScRp7d.js                                6.55 kB │ gzip:   2.91 kB
public/build/assets/ppe-shared-BruU4-K3.js                               6.56 kB │ gzip:   2.64 kB
public/build/assets/trend-charts-BytUjqDR.js                             6.57 kB │ gzip:   2.54 kB
public/build/assets/search-select-BJuqPpau.js                            6.57 kB │ gzip:   3.07 kB
public/build/assets/Create-BqqoLvV2.js                                   6.57 kB │ gzip:   2.96 kB
public/build/assets/actions-reviews-D1zAKIpX.js                          6.59 kB │ gzip:   2.68 kB
public/build/assets/maps-usage-EFt5K06r.js                               6.62 kB │ gzip:   2.91 kB
public/build/assets/sortable.esm-TrASzQ3t.js                             6.64 kB │ gzip:   2.78 kB
public/build/assets/_workspace-CPT9_mAi.js                               6.70 kB │ gzip:   2.73 kB
public/build/assets/meal-planner-B6ieGmzu.js                             6.72 kB │ gzip:   2.99 kB
public/build/assets/_registers-QJckm99a.js                               6.75 kB │ gzip:   2.64 kB
public/build/assets/for-client-B_AgUXZl.js                               6.75 kB │ gzip:   2.93 kB
public/build/assets/shift-calendar-view-Bx1kBQTD.js                      6.78 kB │ gzip:   2.74 kB
public/build/assets/index-BKuL1aI8.js                                    6.82 kB │ gzip:   1.08 kB
public/build/assets/handover-rail-BfCrkHdX.js                            6.82 kB │ gzip:   2.89 kB
public/build/assets/needing-acknowledgment-BPn-CtIw.js                   6.86 kB │ gzip:   2.92 kB
public/build/assets/clock-in-wizard-BiRJAoa5.js                          6.88 kB │ gzip:   2.94 kB
public/build/assets/for-stay-5mAD6eHJ.js                                 6.88 kB │ gzip:   3.04 kB
public/build/assets/board-view-D5xPccBt.js                               6.89 kB │ gzip:   2.71 kB
public/build/assets/checklist-trends-BcIBbJLP.js                         6.90 kB │ gzip:   2.99 kB
public/build/assets/day-work-list-D7cpt60q.js                            6.91 kB │ gzip:   2.82 kB
public/build/assets/assignments-Beg2wqeM.js                              6.91 kB │ gzip:   3.27 kB
public/build/assets/show-kJni4eDw.js                                     6.93 kB │ gzip:   3.19 kB
public/build/assets/index-DHhxaDag.js                                    6.94 kB │ gzip:   2.81 kB
public/build/assets/for-stay-CR6kad0l.js                                 7.00 kB │ gzip:   3.11 kB
public/build/assets/_dialogs-BiyXtLGT.js                                 7.01 kB │ gzip:   3.22 kB
public/build/assets/_header-CwB0k6hZ.js                                  7.05 kB │ gzip:   3.27 kB
public/build/assets/alert-worklist-C2yVLTCx.js                           7.05 kB │ gzip:   2.64 kB
public/build/assets/my-tasks-BYHS9pK-.js                                 7.07 kB │ gzip:   3.10 kB
public/build/assets/_site-geofence-dialog-CEMK4_9a.js                    7.09 kB │ gzip:   2.71 kB
public/build/assets/agreements-BrUddJ-y.js                               7.10 kB │ gzip:   3.30 kB
public/build/assets/combined-M0xl3KnZ.js                                 7.10 kB │ gzip:   3.03 kB
public/build/assets/awaiting-approval-Dx6h-EhD.js                        7.11 kB │ gzip:   3.05 kB
public/build/assets/reports-modal-Cn140ieZ.js                            7.13 kB │ gzip:   2.96 kB
public/build/assets/_dialogs-f2NpSIM0.js                                 7.14 kB │ gzip:   3.04 kB
public/build/assets/Calendar-U-lU4AdT.js                                 7.15 kB │ gzip:   3.19 kB
public/build/assets/index-jghIEfq3.js                                    7.15 kB │ gzip:   3.06 kB
public/build/assets/monitoring-incident-evidence-card-D7Z-Rkr2.js        7.16 kB │ gzip:   2.51 kB
public/build/assets/Index-BNn0bfol.js                                    7.16 kB │ gzip:   3.08 kB
public/build/assets/assets-BncCgYYg.js                                   7.16 kB │ gzip:   2.99 kB
public/build/assets/checklist-DHkKJQCC.js                                7.18 kB │ gzip:   3.12 kB
public/build/assets/fix-clock-out-wizard-DjLl41km.js                     7.18 kB │ gzip:   3.06 kB
public/build/assets/_dialogs-CYO5qzzO.js                                 7.19 kB │ gzip:   3.02 kB
public/build/assets/fleet-hero-kit-BO3juVEF.js                           7.19 kB │ gzip:   2.89 kB
public/build/assets/Show-BhAbudSf.js                                     7.20 kB │ gzip:   2.96 kB
public/build/assets/leave-excursions-Ddz_8CVu.js                         7.21 kB │ gzip:   2.38 kB
public/build/assets/Index-p_qNq3U7.js                                    7.22 kB │ gzip:   3.06 kB
public/build/assets/Show-DnSX4tXO.js                                     7.24 kB │ gzip:   3.09 kB
public/build/assets/preferences-B-HYlaGT.js                              7.28 kB │ gzip:   3.26 kB
public/build/assets/review-CGJeVArY.js                                   7.31 kB │ gzip:   3.12 kB
public/build/assets/new-journal-dialog-Cp1LPVdZ.js                       7.31 kB │ gzip:   2.69 kB
public/build/assets/respite-Hqg7EjmM.js                                  7.31 kB │ gzip:   2.81 kB
public/build/assets/people-picker-BpaCsWGD.js                            7.35 kB │ gzip:   3.14 kB
public/build/assets/provisioning-picker-O79FbXET.js                      7.39 kB │ gzip:   3.29 kB
public/build/assets/index-BJimnwMF.js                                    7.44 kB │ gzip:   3.14 kB
public/build/assets/index-D8KZQLBX.js                                    7.44 kB │ gzip:   3.14 kB
public/build/assets/_review-dialog-BFncu6nw.js                           7.47 kB │ gzip:   3.12 kB
public/build/assets/_dialogs-B3LOWFLL.js                                 7.48 kB │ gzip:   2.45 kB
public/build/assets/create-BQv0R7UM.js                                   7.50 kB │ gzip:   3.27 kB
public/build/assets/Edit-p3J5VKYa.js                                     7.51 kB │ gzip:   3.22 kB
public/build/assets/create-CUpdwijb.js                                   7.51 kB │ gzip:   3.16 kB
public/build/assets/compliance-hero-DFA4fKzA.js                          7.56 kB │ gzip:   2.60 kB
public/build/assets/shared-CU0eVBD8.js                                   7.61 kB │ gzip:   3.04 kB
public/build/assets/payroll-adjustments-DBPtr9l1.js                      7.67 kB │ gzip:   3.09 kB
public/build/assets/deletion-logs-YF1RXfzX.js                            7.74 kB │ gzip:   3.35 kB
public/build/assets/report-error-modal-ChXUbff9.js                       7.76 kB │ gzip:   3.27 kB
public/build/assets/show-DCDxN3Lk.js                                     7.79 kB │ gzip:   3.15 kB
public/build/assets/communication-notes-3i7kuRe3.js                      7.79 kB │ gzip:   3.17 kB
public/build/assets/for-stay-DNUH7Pij.js                                 7.83 kB │ gzip:   3.27 kB
public/build/assets/assignments-CtAFlzMy.js                              7.86 kB │ gzip:   3.58 kB
public/build/assets/medical-simple-Jr_Pa4ej.js                           7.89 kB │ gzip:   3.46 kB
public/build/assets/index-C2aqdcbh.js                                    7.90 kB │ gzip:   3.27 kB
public/build/assets/history-index-C3bxrBtT.js                            7.95 kB │ gzip:   3.49 kB
public/build/assets/Submissions-BDHmW8yR.js                              7.96 kB │ gzip:   3.71 kB
public/build/assets/daily-note-entry-DY2h4z36.js                         7.97 kB │ gzip:   3.03 kB
public/build/assets/pending-D1HqYl82.js                                  8.01 kB │ gzip:   3.41 kB
public/build/assets/index-BmOfetA9.js                                    8.02 kB │ gzip:   3.38 kB
public/build/assets/show-Cxi3y3OX.js                                     8.05 kB │ gzip:   3.54 kB
public/build/assets/file-dropzone-CGlCCvsv.js                            8.08 kB │ gzip:   3.49 kB
public/build/assets/from-resolution-B1vI5AkC.js                          8.10 kB │ gzip:   3.58 kB
public/build/assets/audit-history-Dovp3xKa.js                            8.13 kB │ gzip:   3.26 kB
public/build/assets/shoutouts-BLoQLtoE.js                                8.19 kB │ gzip:   3.57 kB
public/build/assets/notifications-ByUSffWf.js                            8.20 kB │ gzip:   3.61 kB
public/build/assets/_tool-palette-CLySZp7_.js                            8.20 kB │ gzip:   2.99 kB
public/build/assets/work-schedule-CuH5Q3Gy.js                            8.26 kB │ gzip:   3.42 kB
public/build/assets/shell-C4iOAoXR.js                                    8.30 kB │ gzip:   2.99 kB
public/build/assets/availability-CLDfn4CK.js                             8.34 kB │ gzip:   3.69 kB
public/build/assets/round-template-dialog-CxglS_Im.js                    8.39 kB │ gzip:   3.49 kB
public/build/assets/index-BDn1yDsr.js                                    8.40 kB │ gzip:   3.18 kB
public/build/assets/reassign-dialog-Ni5FkplM.js                          8.42 kB │ gzip:   3.60 kB
public/build/assets/incidents-h4kbgYs-.js                                8.42 kB │ gzip:   3.36 kB
public/build/assets/index-Dlg97wMc.js                                    8.44 kB │ gzip:   1.27 kB
public/build/assets/password-BTCuA3q_.js                                 8.46 kB │ gzip:   3.37 kB
public/build/assets/attestations-D3eImyOR.js                             8.47 kB │ gzip:   3.66 kB
public/build/assets/form-wizard-BzO_D0NF.js                              8.49 kB │ gzip:   3.49 kB
public/build/assets/my-day-header-2gBrzpEp.js                            8.50 kB │ gzip:   3.70 kB
public/build/assets/_dialogs-Buvv7zEm.js                                 8.57 kB │ gzip:   3.32 kB
public/build/assets/index-CuuwrIhI.js                                    8.60 kB │ gzip:   1.25 kB
public/build/assets/primitives-B5MuAOd3.js                               8.69 kB │ gzip:   3.27 kB
public/build/assets/bank-account-dialog-DJ5T3T0n.js                      8.70 kB │ gzip:   3.39 kB
public/build/assets/asset-condition-CsNMnBHM.js                          8.70 kB │ gzip:   3.48 kB
public/build/assets/credentials-DEZypffD.js                              8.70 kB │ gzip:   3.56 kB
public/build/assets/settings-CKKzENVA.js                                 8.71 kB │ gzip:   3.77 kB
public/build/assets/new-account-dialog-Bd77ZEa9.js                       8.74 kB │ gzip:   3.41 kB
public/build/assets/index-C51DB-KB.js                                    8.75 kB │ gzip:   3.73 kB
public/build/assets/index-BT-U1i-Y.js                                    8.75 kB │ gzip:   3.73 kB
public/build/assets/personal-entry-dialog-BNGeULng.js                    8.79 kB │ gzip:   3.29 kB
public/build/assets/add-medication-modal-C6YSeqj6.js                     8.87 kB │ gzip:   3.64 kB
public/build/assets/show-DqKm2aL3.js                                     8.89 kB │ gzip:   3.03 kB
public/build/assets/show-B6DkdfLq.js                                     8.94 kB │ gzip:   3.99 kB
public/build/assets/timeline-interactions-BlO96zCD.js                    8.96 kB │ gzip:   3.62 kB
public/build/assets/overdue-actions-CTAPm9Xr.js                          8.98 kB │ gzip:   3.73 kB
public/build/assets/Index-Cm-OWKsn.js                                    9.02 kB │ gzip:   3.83 kB
public/build/assets/fleet-D-91K2WB.js                                    9.05 kB │ gzip:   3.16 kB
public/build/assets/hero-kit-CDBly_LU.js                                 9.08 kB │ gzip:   2.98 kB
public/build/assets/assess-CZE9uu8o.js                                   9.10 kB │ gzip:   3.78 kB
public/build/assets/Index-SwE2VhAC.js                                    9.11 kB │ gzip:   3.91 kB
public/build/assets/index-Cyiu1oYr.js                                    9.13 kB │ gzip:   3.80 kB
public/build/assets/ClientTrends-x_R2FyfG.js                             9.13 kB │ gzip:   3.91 kB
public/build/assets/file-BsEF_Ngg.js                                     9.15 kB │ gzip:   3.88 kB
public/build/assets/Index-DS5qtWMA.js                                    9.24 kB │ gzip:   3.69 kB
public/build/assets/index-BN66Lwih.js                                    9.26 kB │ gzip:   3.95 kB
public/build/assets/index-Dc_JSgXu.js                                    9.26 kB │ gzip:   3.64 kB
public/build/assets/index-D9WPwQ6h.js                                    9.27 kB │ gzip:   4.03 kB
public/build/assets/note-rail-CHMuUxif.js                                9.29 kB │ gzip:   3.54 kB
public/build/assets/shift-show-redesign-DPlSRZGW.js                      9.34 kB │ gzip:   3.57 kB
public/build/assets/CarePlans-FjyKnV66.js                                9.34 kB │ gzip:   3.77 kB
public/build/assets/knowledge-related-records-BXBzDoU3.js                9.37 kB │ gzip:   3.78 kB
public/build/assets/cd-register-modal-DGcGY9Zm.js                        9.37 kB │ gzip:   3.85 kB
public/build/assets/reports-CvqqSHhi.js                                  9.39 kB │ gzip:   3.90 kB
public/build/assets/_manage-types-dialog-BT--_hlc.js                     9.39 kB │ gzip:   3.82 kB
public/build/assets/Show-CYB7UyTL.js                                     9.40 kB │ gzip:   4.18 kB
public/build/assets/Show-B23tPfTY.js                                     9.46 kB │ gzip:   4.10 kB
public/build/assets/location-workspace-D_HVK1rm.js                       9.47 kB │ gzip:   4.05 kB
public/build/assets/benefits-Bg3E5r0m.js                                 9.49 kB │ gzip:   3.77 kB
public/build/assets/Create-Cv6uY-cz.js                                   9.53 kB │ gzip:   3.88 kB
public/build/assets/history-D5-3E1g8.js                                  9.54 kB │ gzip:   3.83 kB
public/build/assets/_dialogs-CmkulZoE.js                                 9.57 kB │ gzip:   3.06 kB
public/build/assets/Index-C04aU_xI.js                                    9.61 kB │ gzip:   4.15 kB
public/build/assets/Edit-DxQE-d4n.js                                     9.65 kB │ gzip:   4.00 kB
public/build/assets/family-tree-CpnXfVYu.js                              9.68 kB │ gzip:   3.65 kB
public/build/assets/reimbursement-t037Cx4m.js                            9.68 kB │ gzip:   3.77 kB
public/build/assets/module-BuzWd9oL.js                                   9.69 kB │ gzip:   4.31 kB
public/build/assets/index-Dqcgz6gT.js                                    9.69 kB │ gzip:   4.08 kB
public/build/assets/create-6Rt_KN25.js                                   9.73 kB │ gzip:   4.07 kB
public/build/assets/Index-DfFGN1IW.js                                    9.73 kB │ gzip:   4.02 kB
public/build/assets/upload-BUbQn4l9.js                                   9.73 kB │ gzip:   4.06 kB
public/build/assets/stream-item-5-r7Xvtd.js                              9.74 kB │ gzip:   3.61 kB
public/build/assets/Mapping-21fhhKT6.js                                  9.75 kB │ gzip:   4.18 kB
public/build/assets/show-phzOWT6Q.js                                     9.76 kB │ gzip:   3.88 kB
public/build/assets/reviews-BYJ0-PWM.js                                  9.77 kB │ gzip:   4.37 kB
public/build/assets/linked-operational-evidence-Bt5gBNK3.js              9.78 kB │ gzip:   3.16 kB
public/build/assets/retention-B9n8-4pA.js                                9.81 kB │ gzip:   3.93 kB
public/build/assets/_food-meal-preferences-CLCZeBkV.js                   9.82 kB │ gzip:   3.80 kB
public/build/assets/respond-B1ItifIR.js                                  9.85 kB │ gzip:   4.29 kB
public/build/assets/ComplianceStatus-CGICkwHL.js                         9.86 kB │ gzip:   4.20 kB
public/build/assets/index-DVAFcfNY.js                                    9.87 kB │ gzip:   4.02 kB
public/build/assets/Index-B5ACZ_DE.js                                    9.88 kB │ gzip:   4.12 kB
public/build/assets/Create-qMbqxyGv.js                                   9.89 kB │ gzip:   4.00 kB
public/build/assets/create-DROk6GaH.js                                   9.92 kB │ gzip:   4.09 kB
public/build/assets/Logs-BKYclTSy.js                                     9.94 kB │ gzip:   4.25 kB
public/build/assets/Create-CCRRDf8n.js                                   9.94 kB │ gzip:   4.01 kB
public/build/assets/succession-wizards-C0SqUPhd.js                       9.98 kB │ gzip:   3.99 kB
public/build/assets/Index-CaHZEb8b.js                                    9.98 kB │ gzip:   4.17 kB
public/build/assets/RiskNarrative-CrDknaWV.js                            9.99 kB │ gzip:   4.13 kB
public/build/assets/BoardMembers-z9FjRsHm.js                            10.02 kB │ gzip:   4.27 kB
public/build/assets/for-stay-CodXW54f.js                                10.04 kB │ gzip:   3.90 kB
public/build/assets/index-BQBtlij1.js                                   10.05 kB │ gzip:   4.01 kB
public/build/assets/Index-Bg58alw5.js                                   10.05 kB │ gzip:   4.14 kB
public/build/assets/finance-D-L8jLep.js                                 10.05 kB │ gzip:   3.53 kB
public/build/assets/quick-add-task-BtR6dN0S.js                          10.06 kB │ gzip:   3.83 kB
public/build/assets/pending-Beuay6pE.js                                 10.07 kB │ gzip:   3.85 kB
public/build/assets/time-picker-D0Ht3QdD.js                             10.09 kB │ gzip:   4.28 kB
public/build/assets/my-calendar-DcUqOhui.js                             10.09 kB │ gzip:   4.65 kB
public/build/assets/grouped-profile-nav-DEOe3kfU.js                     10.09 kB │ gzip:   3.87 kB
public/build/assets/vehicle-technology-projection-s9UBfJEW.js           10.10 kB │ gzip:   3.40 kB
public/build/assets/Show-D9Y1Erk4.js                                    10.12 kB │ gzip:   4.46 kB
public/build/assets/index-DJ-vWAVM.js                                   10.13 kB │ gzip:   4.04 kB
public/build/assets/Index-DcgKq3oK.js                                   10.13 kB │ gzip:   4.32 kB
public/build/assets/create-BFR_Kubf.js                                  10.13 kB │ gzip:   4.31 kB
public/build/assets/template-Co4-tK94.js                                10.18 kB │ gzip:   4.12 kB
public/build/assets/GovernanceTermHint-CGWsmUBL.js                      10.20 kB │ gzip:   4.11 kB
public/build/assets/policies-CwdncNwQ.js                                10.22 kB │ gzip:   4.16 kB
public/build/assets/Show-BKFQfUE-.js                                    10.24 kB │ gzip:   4.33 kB
public/build/assets/asset-finance-technology-projection-DzQmBc3G.js     10.26 kB │ gzip:   3.48 kB
public/build/assets/record-wizard-shared-C79rm_NM.js                    10.28 kB │ gzip:   3.91 kB
public/build/assets/create-CJTyxkyl.js                                  10.29 kB │ gzip:   4.15 kB
public/build/assets/show-3kqW6Lpn.js                                    10.30 kB │ gzip:   4.04 kB
public/build/assets/staff-requirements-6U7T4XUj.js                      10.31 kB │ gzip:   3.82 kB
public/build/assets/_inventory-table-0UQfDJCF.js                        10.34 kB │ gzip:   3.74 kB
public/build/assets/legal-holds-DJP1eB_a.js                             10.35 kB │ gzip:   4.19 kB
public/build/assets/show-DLPX35qj.js                                    10.39 kB │ gzip:   4.09 kB
public/build/assets/unifi-CezC38AK.js                                   10.41 kB │ gzip:   4.16 kB
public/build/assets/Index-CNTvgkoi.js                                   10.42 kB │ gzip:   4.37 kB
public/build/assets/Show-C1V8UQjV.js                                    10.43 kB │ gzip:   3.90 kB
public/build/assets/create-D0vh39Fr.js                                  10.45 kB │ gzip:   4.29 kB
public/build/assets/ClientSummary-ryTW4lJZ.js                           10.46 kB │ gzip:   3.77 kB
public/build/assets/index-C9xeLUqK.js                                   10.46 kB │ gzip:   4.36 kB
public/build/assets/Index-DuAqa0kJ.js                                   10.46 kB │ gzip:   4.30 kB
public/build/assets/marketing-layout-DpYlUFKC.js                        10.47 kB │ gzip:   3.33 kB
public/build/assets/Index-DWR9tvSR.js                                   10.48 kB │ gzip:   4.30 kB
public/build/assets/saved-CYzfqrOU.js                                   10.50 kB │ gzip:   4.30 kB
public/build/assets/index-Di18VVPX.js                                   10.52 kB │ gzip:   4.14 kB
public/build/assets/Index-B-1ss0zn.js                                   10.53 kB │ gzip:   4.27 kB
public/build/assets/FundingStreamSummary-CwvTbuqD.js                    10.54 kB │ gzip:   4.33 kB
public/build/assets/show-BbCuT9of.js                                    10.59 kB │ gzip:   3.90 kB
public/build/assets/edit-COTyIwEh.js                                    10.60 kB │ gzip:   4.37 kB
public/build/assets/Index-JN4ze7mH.js                                   10.60 kB │ gzip:   4.39 kB
public/build/assets/Index-BD8Uw6rq.js                                   10.60 kB │ gzip:   4.50 kB
public/build/assets/risks-CzTAwSNI.js                                   10.61 kB │ gzip:   4.02 kB
public/build/assets/status-ReVuDdYe.js                                  10.61 kB │ gzip:   4.25 kB
public/build/assets/Index-CpQ1yaYL.js                                   10.65 kB │ gzip:   4.42 kB
public/build/assets/edit-Dvab3Ri0.js                                    10.66 kB │ gzip:   4.33 kB
public/build/assets/index-VbesdqXj.js                                   10.73 kB │ gzip:   4.78 kB
public/build/assets/modules-DzjWXYCi.js                                 10.75 kB │ gzip:   4.32 kB
public/build/assets/create-CHeSdbuU.js                                  10.77 kB │ gzip:   3.68 kB
public/build/assets/compliance-CjQPx_YB.js                              10.77 kB │ gzip:   4.27 kB
public/build/assets/tomorrow-panel-XN-r2Qol.js                          10.80 kB │ gzip:   4.25 kB
public/build/assets/index-DWcGLcCF.js                                   10.82 kB │ gzip:   4.25 kB
public/build/assets/portal-users-XKRxaHio.js                            10.84 kB │ gzip:   4.47 kB
public/build/assets/_door-B2m7jivU.js                                   10.87 kB │ gzip:   3.81 kB
public/build/assets/documents-Bz0zqwem.js                               10.87 kB │ gzip:   3.85 kB
public/build/assets/work-calendar-settings-BxPmUBqD.js                  10.91 kB │ gzip:   4.32 kB
public/build/assets/risks-RfszenYE.js                                   10.93 kB │ gzip:   4.14 kB
public/build/assets/Show-Bk0TK_cO.js                                    10.94 kB │ gzip:   4.24 kB
public/build/assets/wizard-kit-BShNB902.js                              10.96 kB │ gzip:   4.61 kB
public/build/assets/Index-Dtq8-MNW.js                                   10.97 kB │ gzip:   4.51 kB
public/build/assets/Changes-B0iBxAUn.js                                 10.97 kB │ gzip:   4.91 kB
public/build/assets/index-ubtH2xcj.js                                   11.02 kB │ gzip:   1.52 kB
public/build/assets/Show-CgrQXvNK.js                                    11.03 kB │ gzip:   4.47 kB
public/build/assets/handovers-hero-CqQm71pp.js                          11.03 kB │ gzip:   4.81 kB
public/build/assets/create-DbwblLCi.js                                  11.03 kB │ gzip:   4.49 kB
public/build/assets/_dialogs-DPhUwBNx.js                                11.08 kB │ gzip:   4.41 kB
public/build/assets/Index-D8_uu1-L.js                                   11.08 kB │ gzip:   4.62 kB
public/build/assets/Committee-C1CDjgEk.js                               11.09 kB │ gzip:   4.83 kB
public/build/assets/create-BnBasZuR.js                                  11.12 kB │ gzip:   4.40 kB
public/build/assets/TrialBalance-Ctb3QTXo.js                            11.13 kB │ gzip:   4.82 kB
public/build/assets/index-8uXmpMhW.js                                   11.15 kB │ gzip:   4.60 kB
public/build/assets/vendors-D8r-7CIG.js                                 11.16 kB │ gzip:   3.64 kB
public/build/assets/photos-DMLZ59Mh.js                                  11.17 kB │ gzip:   4.59 kB
public/build/assets/breaches-BNqzRfVZ.js                                11.17 kB │ gzip:   4.42 kB
public/build/assets/clock-out-wizard-BnUz1Q2G.js                        11.18 kB │ gzip:   4.50 kB
public/build/assets/index-Cn9LHlri.js                                   11.19 kB │ gzip:   4.04 kB
public/build/assets/summary-d1z3GNlo.js                                 11.22 kB │ gzip:   4.13 kB
public/build/assets/timeline-bTMhsZ9J.js                                11.23 kB │ gzip:   4.81 kB
public/build/assets/index-BTohtHGS.js                                   11.26 kB │ gzip:   4.37 kB
public/build/assets/cards-view-ECUgi0Hy.js                              11.27 kB │ gzip:   4.22 kB
public/build/assets/broadcast-show-CzCARBLt.js                          11.29 kB │ gzip:   4.14 kB
public/build/assets/privacy-action-modal-BQZkLMU0.js                    11.30 kB │ gzip:   4.43 kB
public/build/assets/show-supervision-BQueg-Y7.js                        11.30 kB │ gzip:   4.27 kB
public/build/assets/dashboard-tabs-CFUIjlz6.js                          11.32 kB │ gzip:   4.23 kB
public/build/assets/CheckShift-D2CNJM4h.js                              11.36 kB │ gzip:   4.81 kB
public/build/assets/Edit-oWBXyp5t.js                                    11.36 kB │ gzip:   4.58 kB
public/build/assets/Index-Ciq_T-a9.js                                   11.36 kB │ gzip:   4.70 kB
public/build/assets/notifications-TejyLMtS.js                           11.38 kB │ gzip:   4.21 kB
public/build/assets/Index-Dm738Ppt.js                                   11.42 kB │ gzip:   4.74 kB
public/build/assets/wizard-configs-BGDWDXdl.js                          11.42 kB │ gzip:   3.50 kB
public/build/assets/Index-V17QJboK.js                                   11.43 kB │ gzip:   4.61 kB
public/build/assets/Matrix-PbCyyRTX.js                                  11.45 kB │ gzip:   4.88 kB
public/build/assets/leave-hub-parts-B2UDdVEq.js                         11.45 kB │ gzip:   4.21 kB
public/build/assets/visit-requests-yxPiL1Hh.js                          11.45 kB │ gzip:   4.64 kB
public/build/assets/price-book-dialog-B-7pUgbB.js                       11.47 kB │ gzip:   4.58 kB
public/build/assets/surveys-CoUfCTGn.js                                 11.49 kB │ gzip:   4.56 kB
public/build/assets/quote-dialog-DL_Yo0BA.js                            11.49 kB │ gzip:   4.64 kB
public/build/assets/index-iJfo5VsT.js                                   11.49 kB │ gzip:   4.69 kB
public/build/assets/Create-Cy6KMBel.js                                  11.52 kB │ gzip:   4.51 kB
public/build/assets/workers-DaJMNbVa.js                                 11.54 kB │ gzip:   4.40 kB
public/build/assets/create-BGKvfslg.js                                  11.54 kB │ gzip:   4.80 kB
public/build/assets/Index-EiA6PXAG.js                                   11.55 kB │ gzip:   5.17 kB
public/build/assets/Trends-371-0WVT.js                                  11.58 kB │ gzip:   5.02 kB
public/build/assets/documents-CGt6dLNc.js                               11.59 kB │ gzip:   4.11 kB
public/build/assets/index-C_B2qmwA.js                                   11.60 kB │ gzip:   4.62 kB
public/build/assets/Index-DMTj6KRD.js                                   11.64 kB │ gzip:   4.83 kB
public/build/assets/index-BJz2BN1w.js                                   11.67 kB │ gzip:   4.23 kB
public/build/assets/_dialogs-B8NL6sJU.js                                11.68 kB │ gzip:   4.74 kB
public/build/assets/Show-rixLM-EL.js                                    11.69 kB │ gzip:   5.15 kB
public/build/assets/dpia-Cq3h86YE.js                                    11.70 kB │ gzip:   4.48 kB
public/build/assets/show-BrPVR__Z.js                                    11.74 kB │ gzip:   5.04 kB
public/build/assets/show-BriIDCJg.js                                    11.83 kB │ gzip:   4.46 kB
public/build/assets/task-B3E5URWn.js                                    11.87 kB │ gzip:   4.88 kB
public/build/assets/Dashboard-C_K_ZkS9.js                               11.87 kB │ gzip:   5.08 kB
public/build/assets/rehire-wizard-BwxZ-iD-.js                           11.87 kB │ gzip:   4.49 kB
public/build/assets/_dialogs-N7pGjRT3.js                                11.88 kB │ gzip:   4.46 kB
public/build/assets/Index-Cfi2xQlx.js                                   11.89 kB │ gzip:   4.90 kB
public/build/assets/templates-08Iyn4KM.js                               11.89 kB │ gzip:   4.86 kB
public/build/assets/Index-CW7NgogM.js                                   11.93 kB │ gzip:   4.64 kB
public/build/assets/shift-list-view-fFJ7YIU6.js                         11.94 kB │ gzip:   4.71 kB
public/build/assets/Index-PHNBLttR.js                                   11.94 kB │ gzip:   5.22 kB
public/build/assets/Index-DkQzrJew.js                                   11.95 kB │ gzip:   5.16 kB
public/build/assets/community-access-OryzInPk.js                        11.95 kB │ gzip:   4.83 kB
public/build/assets/log-notifiable-dialog-D2bqHxO7.js                   11.97 kB │ gzip:   4.39 kB
public/build/assets/alerts-config-CZ63mowE.js                           11.98 kB │ gzip:   4.59 kB
public/build/assets/healthcare-devices-BknisMkz.js                      11.99 kB │ gzip:   4.18 kB
public/build/assets/Index-CRnInKTW.js                                   12.00 kB │ gzip:   5.21 kB
public/build/assets/Index-BcykHEex.js                                   12.00 kB │ gzip:   5.26 kB
public/build/assets/apply-D1hoNztw.js                                   12.00 kB │ gzip:   4.56 kB
public/build/assets/performance-hero-DRI-i2jp.js                        12.00 kB │ gzip:   3.84 kB
public/build/assets/Prepare-BQRHztkq.js                                 12.01 kB │ gzip:   4.92 kB
public/build/assets/create-template-BZoegSo1.js                         12.06 kB │ gzip:   4.81 kB
public/build/assets/protocol-form-DH6UGDMK.js                           12.08 kB │ gzip:   4.40 kB
public/build/assets/sign-DxCDfGDb.js                                    12.08 kB │ gzip:   4.76 kB
public/build/assets/profile-DHP8LTed.js                                 12.08 kB │ gzip:   4.94 kB
public/build/assets/page-hero-TCmcB3ZL.js                               12.09 kB │ gzip:   4.65 kB
public/build/assets/AgedReport-Bh_ZQgFb.js                              12.10 kB │ gzip:   5.45 kB
public/build/assets/ppe-wizard-BuujkmYD.js                              12.15 kB │ gzip:   4.97 kB
public/build/assets/assignments-BltArYpw.js                             12.19 kB │ gzip:   4.91 kB
public/build/assets/it-ticket-comment-contract-BBENTCa7.js              12.19 kB │ gzip:   3.96 kB
public/build/assets/Index-EFwB44lk.js                                   12.20 kB │ gzip:   5.11 kB
public/build/assets/cards-view-BI-Boqbu.js                              12.20 kB │ gzip:   4.47 kB
public/build/assets/index-CFYBui2f.js                                   12.21 kB │ gzip:   4.67 kB
public/build/assets/Index-BvBiqQ9g.js                                   12.24 kB │ gzip:   4.98 kB
public/build/assets/_request-dialog-Df3Vkr26.js                         12.25 kB │ gzip:   4.60 kB
public/build/assets/_builder-dialog-CKrb7VXr.js                         12.27 kB │ gzip:   4.90 kB
public/build/assets/BalanceSheet-DxjIsAa3.js                            12.31 kB │ gzip:   5.15 kB
public/build/assets/Index-Db-zKebD.js                                   12.34 kB │ gzip:   5.27 kB
public/build/assets/index-BnQtZHyG.js                                   12.35 kB │ gzip:   5.03 kB
public/build/assets/medications-CfgGEUYS.js                             12.38 kB │ gzip:   4.49 kB
public/build/assets/Index-D5k_UUjJ.js                                   12.39 kB │ gzip:   4.90 kB
public/build/assets/Index-BqB2oCnb.js                                   12.41 kB │ gzip:   5.10 kB
public/build/assets/donor-fund-dialog-BsC-j5Gu.js                       12.42 kB │ gzip:   4.44 kB
public/build/assets/index-B5AmNes6.js                                   12.43 kB │ gzip:   4.48 kB
public/build/assets/pricing-HZgfzbzh.js                                 12.44 kB │ gzip:   3.70 kB
public/build/assets/time-BUoef4jU.js                                    12.45 kB │ gzip:   5.31 kB
public/build/assets/index-DDCn3yxS.js                                   12.47 kB │ gzip:   5.11 kB
public/build/assets/index-BR-zVBuK.js                                   12.48 kB │ gzip:   5.36 kB
public/build/assets/create-LLePjf6v.js                                  12.48 kB │ gzip:   4.86 kB
public/build/assets/log-obligation-dialog-jx-7oHHC.js                   12.49 kB │ gzip:   4.69 kB
public/build/assets/edit-B0CZzRK9.js                                    12.50 kB │ gzip:   4.93 kB
public/build/assets/Index-P5J96Tcz.js                                   12.51 kB │ gzip:   5.43 kB
public/build/assets/index-B_AeeuOB.js                                   12.52 kB │ gzip:   4.76 kB
public/build/assets/facilities-C0-Jaa4N.js                              12.53 kB │ gzip:   5.22 kB
public/build/assets/index-BkZvKa6P.js                                   12.54 kB │ gzip:   4.86 kB
public/build/assets/Index-DJ-GZs3F.js                                   12.55 kB │ gzip:   5.41 kB
public/build/assets/head-office-DuTa1WR7.js                             12.55 kB │ gzip:   5.30 kB
public/build/assets/requests-BpfDADYf.js                                12.56 kB │ gzip:   4.82 kB
public/build/assets/specialist-workspace-header-CHeredTO.js             12.57 kB │ gzip:   5.56 kB
public/build/assets/_dialogs-BwFzjMfl.js                                12.57 kB │ gzip:   5.32 kB
public/build/assets/index-BNbl1Cl4.js                                   12.64 kB │ gzip:   4.48 kB
public/build/assets/file-preview-dialog-zLuK8ZZm.js                     12.67 kB │ gzip:   4.99 kB
public/build/assets/geofence-draw-map-BJXwbo5B.js                       12.68 kB │ gzip:   4.86 kB
public/build/assets/index-DCwtXV-5.js                                   12.68 kB │ gzip:   4.85 kB
public/build/assets/edit-Bm-HkkDo.js                                    12.69 kB │ gzip:   4.80 kB
public/build/assets/index-B-GxKjkM.js                                   12.69 kB │ gzip:   5.23 kB
public/build/assets/Trends-D2_I12Ej.js                                  12.71 kB │ gzip:   5.23 kB
public/build/assets/Assignments-BQHj8Li2.js                             12.73 kB │ gzip:   5.35 kB
public/build/assets/Diff-22EIeD9_.js                                    12.73 kB │ gzip:   5.48 kB
public/build/assets/index-D7FeOlHA.js                                   12.75 kB │ gzip:   4.64 kB
public/build/assets/new-po-dialog-4diV2_Co.js                           12.75 kB │ gzip:   4.80 kB
public/build/assets/health-DTCHPlmE.js                                  12.78 kB │ gzip:   4.34 kB
public/build/assets/Review-BGWfkzUn.js                                  12.78 kB │ gzip:   4.69 kB
public/build/assets/show-XZvXkHrx.js                                    12.79 kB │ gzip:   4.81 kB
public/build/assets/show-C_h650I2.js                                    12.80 kB │ gzip:   4.55 kB
public/build/assets/index-BfCnInE_.js                                   12.80 kB │ gzip:   5.02 kB
public/build/assets/builder-D6A31KQ0.js                                 12.84 kB │ gzip:   4.90 kB
public/build/assets/Index-BHf3PwID.js                                   12.85 kB │ gzip:   4.78 kB
public/build/assets/ppe-action-dialogs-BYk0eAFC.js                      12.87 kB │ gzip:   4.36 kB
public/build/assets/Show-Bei5M3if.js                                    12.88 kB │ gzip:   4.91 kB
public/build/assets/ProfitAndLoss-BAW9snVy.js                           12.89 kB │ gzip:   5.17 kB
public/build/assets/Index-Cd0ypTvi.js                                   12.91 kB │ gzip:   5.55 kB
public/build/assets/Index-DJ9bSIop.js                                   12.92 kB │ gzip:   5.61 kB
public/build/assets/Index-BSj3A1rC.js                                   12.97 kB │ gzip:   5.68 kB
public/build/assets/privacy-CefIMBRe.js                                 12.98 kB │ gzip:   3.80 kB
public/build/assets/index-DNkaUe6V.js                                   13.05 kB │ gzip:   5.47 kB
public/build/assets/prn-wizard-C2Ho1yzI.js                              13.10 kB │ gzip:   4.98 kB
public/build/assets/Dashboard-KpNpbH6D.js                               13.10 kB │ gzip:   5.47 kB
public/build/assets/Show-abYtgChn.js                                    13.12 kB │ gzip:   5.09 kB
public/build/assets/show-Czze574E.js                                    13.13 kB │ gzip:   4.96 kB
public/build/assets/Trends-C-6pkmgD.js                                  13.15 kB │ gzip:   5.36 kB
public/build/assets/index-CF5DumlD.js                                   13.15 kB │ gzip:   5.43 kB
public/build/assets/playbook-wizard-dPwTRjrv.js                         13.16 kB │ gzip:   4.60 kB
public/build/assets/layout-ChYAYeju.js                                  13.19 kB │ gzip:   4.25 kB
public/build/assets/Dashboard-D9z5yGAR.js                               13.19 kB │ gzip:   4.35 kB
public/build/assets/Index-Cqxc7c4p.js                                   13.23 kB │ gzip:   5.64 kB
public/build/assets/daily-check-CEa7U7Te.js                             13.25 kB │ gzip:   5.35 kB
public/build/assets/Create-C1chZFka.js                                  13.25 kB │ gzip:   5.59 kB
public/build/assets/calendar-QvwDCvfY.js                                13.25 kB │ gzip:   5.28 kB
public/build/assets/plans-C3oBqo6Z.js                                   13.27 kB │ gzip:   5.36 kB
public/build/assets/site-detail-B1I7g2Sq.js                             13.27 kB │ gzip:   4.51 kB
public/build/assets/alerts-events-YXMEGs0f.js                           13.29 kB │ gzip:   5.60 kB
public/build/assets/Index-BC_93qqM.js                                   13.30 kB │ gzip:   5.63 kB
public/build/assets/show-E3zzOmkx.js                                    13.31 kB │ gzip:   5.12 kB
public/build/assets/reviews-BbMSKoGT.js                                 13.34 kB │ gzip:   5.15 kB
public/build/assets/Index-8JCZ5Jvd.js                                   13.34 kB │ gzip:   5.57 kB
public/build/assets/goals-path-C_VGpHNY.js                              13.35 kB │ gzip:   5.34 kB
public/build/assets/messaging-BFpEn5C-.js                               13.36 kB │ gzip:   4.73 kB
public/build/assets/pre-check-CnO7k_x2.js                               13.37 kB │ gzip:   5.02 kB
public/build/assets/_dialogs-gmWXQ8su.js                                13.39 kB │ gzip:   4.86 kB
public/build/assets/_dialogs-Dit81QzK.js                                13.39 kB │ gzip:   5.60 kB
public/build/assets/create-CG5R5103.js                                  13.42 kB │ gzip:   5.21 kB
public/build/assets/HealthMonitoring-BB-geWLl.js                        13.43 kB │ gzip:   4.89 kB
public/build/assets/_audit-dialog-CaP5iVRr.js                           13.46 kB │ gzip:   5.39 kB
public/build/assets/timesheet-review-WzhAteD8.js                        13.46 kB │ gzip:   5.02 kB
public/build/assets/_ledger-panel-CwJOF7OO.js                           13.46 kB │ gzip:   4.24 kB
public/build/assets/unassign-make-open-dialog-DNAAZ39d.js               13.47 kB │ gzip:   5.09 kB
public/build/assets/Index-Dk2jIHKp.js                                   13.47 kB │ gzip:   5.88 kB
public/build/assets/about-H1o6Z4-O.js                                   13.50 kB │ gzip:   3.49 kB
public/build/assets/digest-panel-BJGAHpy_.js                            13.56 kB │ gzip:   4.80 kB
public/build/assets/houses-PVgMlN0b.js                                  13.59 kB │ gzip:   5.68 kB
public/build/assets/expenses-z7WOKzDT.js                                13.60 kB │ gzip:   5.26 kB
public/build/assets/index-B41pyeuv.js                                   13.61 kB │ gzip:   5.81 kB
public/build/assets/edit-template-Ci2qa0xA.js                           13.62 kB │ gzip:   5.48 kB
public/build/assets/my-day-hero-B1uT07Hl.js                             13.65 kB │ gzip:   5.95 kB
public/build/assets/client-CrOK-v8C.js                                  13.65 kB │ gzip:   3.90 kB
public/build/assets/Index-Ch9cT8QN.js                                   13.66 kB │ gzip:   5.90 kB
public/build/assets/_dialogs-DOkEQIqM.js                                13.70 kB │ gzip:   5.12 kB
public/build/assets/MyInterests-C1khVKpn.js                             13.71 kB │ gzip:   5.81 kB
public/build/assets/Index-CSSy93hk.js                                   13.72 kB │ gzip:   5.99 kB
public/build/assets/terminology-BzdJJN8u.js                             13.75 kB │ gzip:   4.22 kB
public/build/assets/documents-CcomusPA.js                               13.75 kB │ gzip:   5.49 kB
public/build/assets/by-house-DiyN98iu.js                                13.76 kB │ gzip:   4.86 kB
public/build/assets/Index-CoMY2koi.js                                   13.82 kB │ gzip:   5.83 kB
public/build/assets/Index-CmvatBMR.js                                   13.86 kB │ gzip:   5.48 kB
public/build/assets/Index-Ckh1vmLB.js                                   13.88 kB │ gzip:   5.61 kB
public/build/assets/Committee-C9KmjBZk.js                               13.89 kB │ gzip:   6.02 kB
public/build/assets/_recipe-edit-dialog-mBG-mu4U.js                     13.90 kB │ gzip:   4.68 kB
public/build/assets/timeline-tab-CoM57rcl.js                            13.94 kB │ gzip:   4.93 kB
public/build/assets/Show-6gpMYJfi.js                                    14.03 kB │ gzip:   6.05 kB
public/build/assets/map-D2DDdYw2.js                                     14.04 kB │ gzip:   5.83 kB
public/build/assets/create-D_x-ax_h.js                                  14.08 kB │ gzip:   5.37 kB
public/build/assets/show-D5afOwbN.js                                    14.13 kB │ gzip:   5.09 kB
public/build/assets/show-CXBitgxh.js                                    14.15 kB │ gzip:   4.74 kB
public/build/assets/holidays-CEyJIAhA.js                                14.15 kB │ gzip:   5.79 kB
public/build/assets/Show-ChS4B8Rq.js                                    14.16 kB │ gzip:   5.53 kB
public/build/assets/Attestations-DzwxnImP.js                            14.16 kB │ gzip:   5.83 kB
public/build/assets/index-D2BZAIWP.js                                   14.19 kB │ gzip:   5.40 kB
public/build/assets/_dialog-shared-B5o7oomL.js                          14.22 kB │ gzip:   5.46 kB
public/build/assets/Index-B4jHZ1y3.js                                   14.24 kB │ gzip:   6.23 kB
public/build/assets/audit-log-C_DmIZ0U.js                               14.24 kB │ gzip:   5.76 kB
public/build/assets/new-vendor-dialog-CXT0j4oq.js                       14.25 kB │ gzip:   4.76 kB
public/build/assets/Terminals-BZn07ow-.js                               14.34 kB │ gzip:   5.95 kB
public/build/assets/task-detail-dialog-BRaVsTb4.js                      14.34 kB │ gzip:   4.80 kB
public/build/assets/Statements-CqDue_9z.js                              14.43 kB │ gzip:   5.91 kB
public/build/assets/trends-Bt6ye3Vg.js                                  14.43 kB │ gzip:   4.84 kB
public/build/assets/Index-umluYeu5.js                                   14.44 kB │ gzip:   6.20 kB
public/build/assets/workflow-Caszk-8i.js                                14.45 kB │ gzip:   5.92 kB
public/build/assets/survey-Db-zXW9N.js                                  14.47 kB │ gzip:   4.78 kB
public/build/assets/mar-B6l7gAAR.js                                     14.48 kB │ gzip:   3.92 kB
public/build/assets/index-CyeKb3lM.js                                   14.48 kB │ gzip:   5.40 kB
public/build/assets/Index-D4Ww3X7k.js                                   14.50 kB │ gzip:   6.21 kB
public/build/assets/Create-BUbXHdSM.js                                  14.51 kB │ gzip:   5.68 kB
public/build/assets/Index-CzPugZxs.js                                   14.53 kB │ gzip:   6.42 kB
public/build/assets/Index-CQd7Doj0.js                                   14.54 kB │ gzip:   6.05 kB
public/build/assets/_commercial-eGxd7xC9.js                             14.62 kB │ gzip:   5.37 kB
public/build/assets/global-CP21foa2.js                                  14.62 kB │ gzip:   5.54 kB
public/build/assets/_dialogs-DQVevn1H.js                                14.63 kB │ gzip:   5.81 kB
public/build/assets/Financials-V9cRmoUH.js                              14.64 kB │ gzip:   5.77 kB
public/build/assets/index-Df7kqeTH.js                                   14.67 kB │ gzip:   5.58 kB
public/build/assets/index-BZo8rIS8.js                                   14.69 kB │ gzip:   5.87 kB
public/build/assets/record-evidence-dialog-DnUdvP0P.js                  14.75 kB │ gzip:   5.97 kB
public/build/assets/_dialogs-C9qSF_Ch.js                                14.75 kB │ gzip:   5.61 kB
public/build/assets/matrix-C9etZ0o-.js                                  14.78 kB │ gzip:   5.94 kB
public/build/assets/show-WnfqQEbB.js                                    14.79 kB │ gzip:   5.73 kB
public/build/assets/my-tasks-BJWrPP4M.js                                14.79 kB │ gzip:   5.80 kB
public/build/assets/run-Bh_ePDjt.js                                     14.80 kB │ gzip:   5.49 kB
public/build/assets/index-DsR5m70C.js                                   14.81 kB │ gzip:   6.15 kB
public/build/assets/playback-Dcudx1ZX.js                                14.82 kB │ gzip:   5.83 kB
public/build/assets/new-bill-dialog-Bf_bRG-r.js                         14.83 kB │ gzip:   5.31 kB
public/build/assets/index-CPCPWrPo.js                                   14.83 kB │ gzip:   5.81 kB
public/build/assets/Show-DaBaoE8o.js                                    14.85 kB │ gzip:   5.89 kB
public/build/assets/Show-5IRtYTvm.js                                    14.90 kB │ gzip:   6.09 kB
public/build/assets/reports-Bej6UV6z.js                                 14.94 kB │ gzip:   5.18 kB
public/build/assets/Index-DF_FCLio.js                                   14.99 kB │ gzip:   5.53 kB
public/build/assets/show-Cj2Qf4eD.js                                    14.99 kB │ gzip:   5.51 kB
public/build/assets/CashFlow-B54z_DMA.js                                15.01 kB │ gzip:   5.91 kB
public/build/assets/Create-B62OEWbe.js                                  15.01 kB │ gzip:   4.95 kB
public/build/assets/index-hjiDi7v5.js                                   15.02 kB │ gzip:   6.06 kB
public/build/assets/Results-VqPMNxT2.js                                 15.05 kB │ gzip:   6.27 kB
public/build/assets/portal-users-Csq8qU4s.js                            15.06 kB │ gzip:   6.24 kB
public/build/assets/edit-Od2pM9qg.js                                    15.11 kB │ gzip:   5.90 kB
public/build/assets/sso-groups-CcLk7qxf.js                              15.14 kB │ gzip:   5.62 kB
public/build/assets/custom-fields-wzCXjkqR.js                           15.15 kB │ gzip:   6.15 kB
public/build/assets/index-DmiRV_4R.js                                   15.18 kB │ gzip:   6.23 kB
public/build/assets/command-centre-hero-1nQtNdV9.js                     15.18 kB │ gzip:   6.16 kB
public/build/assets/Show-D2KNUcaK.js                                    15.23 kB │ gzip:   6.42 kB
public/build/assets/overview-0hLlNf9S.js                                15.26 kB │ gzip:   5.52 kB
public/build/assets/BatchDetail-Cg2ucJe6.js                             15.31 kB │ gzip:   5.91 kB
public/build/assets/create-DBTly7Ds.js                                  15.34 kB │ gzip:   5.60 kB
public/build/assets/terms-CHj1A2j7.js                                   15.36 kB │ gzip:   4.44 kB
public/build/assets/Index-DxCvRPTQ.js                                   15.40 kB │ gzip:   6.35 kB
public/build/assets/contact-q0OpNS6v.js                                 15.42 kB │ gzip:   4.92 kB
public/build/assets/Roles-BCkvHkfp.js                                   15.42 kB │ gzip:   4.84 kB
public/build/assets/edit-MpuKkdJG.js                                    15.42 kB │ gzip:   6.10 kB
public/build/assets/Show-MNkQiVgH.js                                    15.50 kB │ gzip:   6.01 kB
public/build/assets/Index-CYFrnoTF.js                                   15.51 kB │ gzip:   6.58 kB
public/build/assets/record-event-dialog-DtlAAC5F.js                     15.54 kB │ gzip:   5.96 kB
public/build/assets/show-pwz2IU7E.js                                    15.56 kB │ gzip:   5.83 kB
public/build/assets/staff-detail-B_d4IiIU.js                            15.58 kB │ gzip:   5.93 kB
public/build/assets/bonuses-DXNpp-PO.js                                 15.58 kB │ gzip:   6.32 kB
public/build/assets/reports-BgUxRZgw.js                                 15.63 kB │ gzip:   5.98 kB
public/build/assets/shift-detail-dialog-BBBYHL3A.js                     15.63 kB │ gzip:   6.05 kB
public/build/assets/daily-note-wizard-CNjK0yBP.js                       15.63 kB │ gzip:   4.78 kB
public/build/assets/payslips-7AYvnCZA.js                                15.66 kB │ gzip:   5.67 kB
public/build/assets/index-JdDFqKp6.js                                   15.67 kB │ gzip:   6.38 kB
public/build/assets/profile-Ce9muT8t.js                                 15.73 kB │ gzip:   5.64 kB
public/build/assets/Index-V3gGPyd7.js                                   15.75 kB │ gzip:   6.35 kB
public/build/assets/Show-yiNZ4TEm.js                                    15.78 kB │ gzip:   6.35 kB
public/build/assets/webhooks-ZnJPHGzh.js                                15.79 kB │ gzip:   5.42 kB
public/build/assets/BudgetVsActuals-L8p3wjJ-.js                         15.79 kB │ gzip:   6.11 kB
public/build/assets/my-hr-shoutout-spotlight-0BUsirK5.js                15.87 kB │ gzip:   5.91 kB
public/build/assets/Heatmap-BFnVHRiI.js                                 15.90 kB │ gzip:   6.70 kB
public/build/assets/Batches-CF2w30Dl.js                                 15.91 kB │ gzip:   6.54 kB
public/build/assets/review-detail-CxhNxkmT.js                           15.92 kB │ gzip:   6.34 kB
public/build/assets/index-D1rbARQ2.js                                   15.98 kB │ gzip:   6.65 kB
public/build/assets/maintenance-health-Ci7Kb62W.js                      16.01 kB │ gzip:   6.31 kB
public/build/assets/Index-M1pnqou7.js                                   16.02 kB │ gzip:   6.27 kB
public/build/assets/record-dose-wizard-DAIuVkmT.js                      16.05 kB │ gzip:   5.36 kB
public/build/assets/audit-tX_8juIb.js                                   16.08 kB │ gzip:   5.98 kB
public/build/assets/Index-BavOhTJ0.js                                   16.09 kB │ gzip:   6.85 kB
public/build/assets/record-receipt-dialog-CMA7nRIa.js                   16.12 kB │ gzip:   5.59 kB
public/build/assets/leaflet-map-D54gO6gz.js                             16.13 kB │ gzip:   5.72 kB
public/build/assets/index-CyL-L-Fc.js                                   16.17 kB │ gzip:   6.45 kB
public/build/assets/policy-wizards-CnZlxryk.js                          16.17 kB │ gzip:   5.57 kB
public/build/assets/Index-s2ybD0uu.js                                   16.30 kB │ gzip:   6.86 kB
public/build/assets/matrix-XYTl-ruv.js                                  16.32 kB │ gzip:   6.35 kB
public/build/assets/appearance-wNEs8L4l.js                              16.34 kB │ gzip:   5.03 kB
public/build/assets/incidents-hL2RQzQu.js                               16.35 kB │ gzip:   6.05 kB
public/build/assets/risk-management-CmCTM0D8.js                         16.35 kB │ gzip:   6.27 kB
public/build/assets/record-abc-dialog-DvjMeZbf.js                       16.39 kB │ gzip:   5.81 kB
public/build/assets/Assessments-Cxl32YJG.js                             16.42 kB │ gzip:   6.45 kB
public/build/assets/Show-BQoB4R5K.js                                    16.42 kB │ gzip:   6.44 kB
public/build/assets/Index-BwaLSaCs.js                                   16.45 kB │ gzip:   6.36 kB
public/build/assets/breaches-aZAberWa.js                                16.45 kB │ gzip:   5.77 kB
public/build/assets/RunResults-DKiQg0NU.js                              16.47 kB │ gzip:   6.19 kB
public/build/assets/show-DdO_rHht.js                                    16.52 kB │ gzip:   6.60 kB
public/build/assets/index-C1YJTBiE.js                                   16.55 kB │ gzip:   6.63 kB
public/build/assets/Settings-DKd6IXw-.js                                16.58 kB │ gzip:   6.23 kB
public/build/assets/show-C6IvvVPQ.js                                    16.59 kB │ gzip:   5.63 kB
public/build/assets/Show-B7TR-knb.js                                    16.63 kB │ gzip:   6.55 kB
public/build/assets/notification-defaults-BTtNkP5q.js                   16.66 kB │ gzip:   5.94 kB
public/build/assets/index-BVpgxZIS.js                                   16.69 kB │ gzip:   6.50 kB
public/build/assets/Index-BzUonpQ-.js                                   16.71 kB │ gzip:   6.65 kB
public/build/assets/observations-PT25P64I.js                            16.74 kB │ gzip:   6.23 kB
public/build/assets/location-CMHrysr8.js                                16.77 kB │ gzip:   6.03 kB
public/build/assets/charts-XH1NE7Tp.js                                  16.83 kB │ gzip:   5.56 kB
public/build/assets/Show-B-bmzOnR.js                                    16.85 kB │ gzip:   6.98 kB
public/build/assets/Protocols-fOxM6qsd.js                               16.89 kB │ gzip:   6.25 kB
public/build/assets/documents-DtN--_TR.js                               16.90 kB │ gzip:   6.69 kB
public/build/assets/note-detail-dialog-DA4Nda0k.js                      16.91 kB │ gzip:   5.80 kB
public/build/assets/leave-BYKjxMGS.js                                   16.91 kB │ gzip:   7.09 kB
public/build/assets/Index-BWtkNWvE.js                                   16.91 kB │ gzip:   6.93 kB
public/build/assets/Show-DMCgi06a.js                                    16.92 kB │ gzip:   5.84 kB
public/build/assets/Index-Dhx6UkhG.js                                   16.92 kB │ gzip:   6.98 kB
public/build/assets/api-x5VH0CA_.js                                     16.96 kB │ gzip:   5.17 kB
public/build/assets/Index-dNFNZacq.js                                   17.02 kB │ gzip:   6.68 kB
public/build/assets/cost-allocation-yM_MSqjj.js                         17.10 kB │ gzip:   6.12 kB
public/build/assets/edit-CZd0YsIZ.js                                    17.15 kB │ gzip:   6.34 kB
public/build/assets/family-notes-DZGHJQQX.js                            17.15 kB │ gzip:   6.37 kB
public/build/assets/index-CRfeNA__.js                                   17.16 kB │ gzip:   6.70 kB
public/build/assets/Index-Ch2bjKpP.js                                   17.20 kB │ gzip:   6.21 kB
public/build/assets/Index-hYcUYhSW.js                                   17.24 kB │ gzip:   7.11 kB
public/build/assets/create-CyKiLWQs.js                                  17.24 kB │ gzip:   6.03 kB
public/build/assets/leave-hub-tabs-C9pXdYVU.js                          17.30 kB │ gzip:   5.81 kB
public/build/assets/_dialogs-WKHjdC1H.js                                17.31 kB │ gzip:   6.47 kB
public/build/assets/worklists-C1l1Lp1l.js                               17.31 kB │ gzip:   5.87 kB
public/build/assets/maintenance-C76bplF0.js                             17.33 kB │ gzip:   6.50 kB
public/build/assets/Index-pAR0qBl_.js                                   17.38 kB │ gzip:   7.25 kB
public/build/assets/week-picker-CUxhUtKg.js                             17.40 kB │ gzip:   6.73 kB
public/build/assets/view-timesheet-dialog-DTsCErdT.js                   17.49 kB │ gzip:   4.84 kB
public/build/assets/handover-detail-dialog-Dh8NZuVu.js                  17.50 kB │ gzip:   5.94 kB
public/build/assets/_overview-dialogs-0OWyfz-h.js                       17.65 kB │ gzip:   5.35 kB
public/build/assets/Index-TzLSqPI4.js                                   17.66 kB │ gzip:   7.51 kB
public/build/assets/index-GjRWrmRn.js                                   17.66 kB │ gzip:   6.74 kB
public/build/assets/index-C8AkME-w.js                                   17.67 kB │ gzip:   5.95 kB
public/build/assets/show-B63Lh362.js                                    17.74 kB │ gzip:   4.45 kB
public/build/assets/edit-BM40OMt7.js                                    17.90 kB │ gzip:   6.47 kB
public/build/assets/substance-wizard-dialog--cbrLKxf.js                 17.90 kB │ gzip:   6.29 kB
public/build/assets/index-Ds4skgMb.js                                   17.93 kB │ gzip:   6.92 kB
public/build/assets/show-DEYfwr_a.js                                    17.94 kB │ gzip:   6.42 kB
public/build/assets/Index-B8PYWmiM.js                                   18.01 kB │ gzip:   7.36 kB
public/build/assets/security-ZdtcQfFX.js                                18.02 kB │ gzip:   6.23 kB
public/build/assets/reports-CLaNztbr.js                                 18.04 kB │ gzip:   6.34 kB
public/build/assets/Show-BP7TGtgL.js                                    18.05 kB │ gzip:   6.10 kB
public/build/assets/Index-cwuqOVVk.js                                   18.05 kB │ gzip:   7.33 kB
public/build/assets/show-Ds_hMPvM.js                                    18.05 kB │ gzip:   6.64 kB
public/build/assets/show-DtRsFZuo.js                                    18.07 kB │ gzip:   6.59 kB
public/build/assets/index-Btv0s268.js                                   18.07 kB │ gzip:   2.18 kB
public/build/assets/index-SdEznSwo.js                                   18.07 kB │ gzip:   4.73 kB
public/build/assets/health-clinical-shell-CSmNIkc9.js                   18.10 kB │ gzip:   7.18 kB
public/build/assets/shift-coverage-BOyoOYyL.js                          18.17 kB │ gzip:   6.42 kB
public/build/assets/daily-notes-Boidx5Ck.js                             18.21 kB │ gzip:   6.72 kB
public/build/assets/Show-Byybtj-f.js                                    18.23 kB │ gzip:   7.02 kB
public/build/assets/_dialogs-BB5F7pyJ.js                                18.24 kB │ gzip:   6.68 kB
public/build/assets/Show-CAX6D-uT.js                                    18.24 kB │ gzip:   7.36 kB
public/build/assets/payslip-detail-D-ISQy3C.js                          18.28 kB │ gzip:   6.10 kB
public/build/assets/dashboard-CRf3A1qR.js                               18.28 kB │ gzip:   6.96 kB
public/build/assets/Edit-Ll6hoaGk.js                                    18.29 kB │ gzip:   6.98 kB
public/build/assets/book-vehicle-wizard-DXp7t9K4.js                     18.31 kB │ gzip:   5.54 kB
public/build/assets/index-UQzdagYW.js                                   18.35 kB │ gzip:   7.23 kB
public/build/assets/Show-D9qh9GT1.js                                    18.40 kB │ gzip:   7.17 kB
public/build/assets/announcement-wizard-Ba08oXFL.js                     18.46 kB │ gzip:   6.36 kB
public/build/assets/Show-CjVlaAMr.js                                    18.48 kB │ gzip:   7.42 kB
public/build/assets/index-CBDVvwCV.js                                   18.55 kB │ gzip:   6.55 kB
public/build/assets/schedule-BD0rTQ3x.js                                18.65 kB │ gzip:   6.39 kB
public/build/assets/directory-CZFWLmA5.js                               18.65 kB │ gzip:   6.32 kB
public/build/assets/create-wizard-D8gimcyb.js                           18.69 kB │ gzip:   6.50 kB
public/build/assets/index-9I2fGlwa.js                                   18.74 kB │ gzip:   7.25 kB
public/build/assets/show-CdnsmmlP.js                                    18.78 kB │ gzip:   6.84 kB
public/build/assets/ppe-detail-dialog-C0rc09pz.js                       18.80 kB │ gzip:   6.40 kB
public/build/assets/chains-Cu2XlFMr.js                                  18.82 kB │ gzip:   6.63 kB
public/build/assets/show-review-vrxXDQdS.js                             18.89 kB │ gzip:   6.83 kB
public/build/assets/_recipes-panel-DK4hYxnH.js                          18.90 kB │ gzip:   6.00 kB
public/build/assets/audit-logs-DNJTZIcc.js                              18.96 kB │ gzip:   7.17 kB
public/build/assets/_dialogs-D-3teVJ0.js                                19.07 kB │ gzip:   6.15 kB
public/build/assets/goals-BAJQQN_F.js                                   19.26 kB │ gzip:   6.70 kB
public/build/assets/integrations-DvO89S-Z.js                            19.28 kB │ gzip:   6.67 kB
public/build/assets/show-LPeeQJWy.js                                    19.30 kB │ gzip:   7.12 kB
public/build/assets/edit-BorUh5_L.js                                    19.34 kB │ gzip:   6.90 kB
public/build/assets/two-factor--T6vJ4y7.js                              19.37 kB │ gzip:   7.20 kB
public/build/assets/index-CyQeyq6v.js                                   19.39 kB │ gzip:   6.66 kB
public/build/assets/_dialogs-B9a_ByHQ.js                                19.43 kB │ gzip:   7.20 kB
public/build/assets/_templates-panel-CKICZp2_.js                        19.54 kB │ gzip:   5.99 kB
public/build/assets/escalations-GnEGKpxA.js                             19.54 kB │ gzip:   8.15 kB
public/build/assets/calendar-sync-BYHTrb2J.js                           19.57 kB │ gzip:   7.41 kB
public/build/assets/index-74jT19RP.js                                   19.59 kB │ gzip:   7.47 kB
public/build/assets/Shifts-hQPvQyZ7.js                                  19.59 kB │ gzip:   7.13 kB
public/build/assets/show-B8drWYG4.js                                    19.66 kB │ gzip:   6.80 kB
public/build/assets/training-CsnDaDZQ.js                                19.67 kB │ gzip:   6.53 kB
public/build/assets/Index-X1TbInKd.js                                   19.71 kB │ gzip:   8.24 kB
public/build/assets/show-DRKhYw5k.js                                    19.72 kB │ gzip:   7.46 kB
public/build/assets/labels-B7R0FDQh.js                                  19.74 kB │ gzip:   7.69 kB
public/build/assets/Behaviour-DXmypNSS.js                               19.84 kB │ gzip:   6.97 kB
public/build/assets/Show-DlxYZ2MA.js                                    19.86 kB │ gzip:   7.82 kB
public/build/assets/Show-CXECuf25.js                                    19.93 kB │ gzip:   7.69 kB
public/build/assets/index-DjxGVgmU.js                                   19.95 kB │ gzip:   7.77 kB
public/build/assets/_dialogs-ClyZgovd.js                                19.97 kB │ gzip:   7.02 kB
public/build/assets/features-wLYQNoG5.js                                19.98 kB │ gzip:   5.22 kB
public/build/assets/Show-BBAAHPmb.js                                    20.03 kB │ gzip:   7.73 kB
public/build/assets/index-CBvVFyeS.js                                   20.04 kB │ gzip:   7.42 kB
public/build/assets/edit-CxQXik31.js                                    20.24 kB │ gzip:   7.54 kB
public/build/assets/broadcast-CU6Q5TNE.js                               20.31 kB │ gzip:   7.82 kB
public/build/assets/dashboard-OTfEKtvb.js                               20.33 kB │ gzip:   7.53 kB
public/build/assets/index-a6diQq8w.js                                   20.33 kB │ gzip:   7.34 kB
public/build/assets/index-CUfs83N5.js                                   20.35 kB │ gzip:   7.07 kB
public/build/assets/stats-OoVCZEbG.js                                   20.37 kB │ gzip:   6.50 kB
public/build/assets/fixed-asset-dispose-dialog-LPaL3el1.js              20.44 kB │ gzip:   6.68 kB
public/build/assets/note-wizard-XjYNHnUV.js                             20.54 kB │ gzip:   6.59 kB
public/build/assets/show-DsU8fGgo.js                                    20.55 kB │ gzip:   7.57 kB
public/build/assets/_library-dialogs-7RhvPuMx.js                        20.59 kB │ gzip:   5.60 kB
public/build/assets/medications-loT8X9wE.js                             20.64 kB │ gzip:   7.24 kB
public/build/assets/shifts-B0hbZfxF.js                                  20.66 kB │ gzip:   6.80 kB
public/build/assets/_error-dialogs-Be4Cyyq8.js                          20.68 kB │ gzip:   7.29 kB
public/build/assets/calendar-DsJuLsmO.js                                20.80 kB │ gzip:   6.79 kB
public/build/assets/shift-notes-dialog-CzFKepyS.js                      20.84 kB │ gzip:   7.80 kB
public/build/assets/record-observation-dialog-CxxoYqpi.js               20.96 kB │ gzip:   8.10 kB
public/build/assets/Index-DuouxX38.js                                   20.99 kB │ gzip:   8.70 kB
public/build/assets/show-YBn0stc0.js                                    21.00 kB │ gzip:   7.12 kB
public/build/assets/history-CmtYTTqK.js                                 21.03 kB │ gzip:   7.29 kB
public/build/assets/index-C6bFzNMf.js                                   21.05 kB │ gzip:   8.60 kB
public/build/assets/create-CmeGEPGt.js                                  21.06 kB │ gzip:   6.05 kB
public/build/assets/add-device-dialog-Csm9kWQ1.js                       21.12 kB │ gzip:   7.34 kB
public/build/assets/index-CxYupQ3u.js                                   21.14 kB │ gzip:   7.71 kB
public/build/assets/map-CP-7c2g4.js                                     21.15 kB │ gzip:   6.63 kB
public/build/assets/balances-InWyt0LV.js                                21.16 kB │ gzip:   8.51 kB
public/build/assets/Show-BiVBcW6m.js                                    21.23 kB │ gzip:   8.08 kB
public/build/assets/create-gILuoisy.js                                  21.25 kB │ gzip:   7.15 kB
public/build/assets/show-DROxCS1T.js                                    21.35 kB │ gzip:   7.54 kB
public/build/assets/show-B-ycJLw0.js                                    21.39 kB │ gzip:   7.79 kB
public/build/assets/_dialogs-ggTjXkYl.js                                21.64 kB │ gzip:   7.66 kB
public/build/assets/index-BdPGlyaz.js                                   21.64 kB │ gzip:   7.39 kB
public/build/assets/parts-D_x8weEe.js                                   21.65 kB │ gzip:   6.76 kB
public/build/assets/Events-DWm2IOvb.js                                  21.74 kB │ gzip:   8.00 kB
public/build/assets/Index-CVjNtrIG.js                                   21.76 kB │ gzip:   8.38 kB
public/build/assets/performance-wizards-XdQ_JndD.js                     21.79 kB │ gzip:   7.44 kB
public/build/assets/review-builder-dialog-DxtJ3aTn.js                   21.89 kB │ gzip:   7.70 kB
public/build/assets/index-3qT2rRIT.js                                   21.92 kB │ gzip:   8.05 kB
public/build/assets/create-9zZbi4qr.js                                  21.93 kB │ gzip:   8.73 kB
public/build/assets/calendar-DTiEhIg8.js                                21.93 kB │ gzip:   6.86 kB
public/build/assets/edit-CTsej1OT.js                                    21.97 kB │ gzip:   7.38 kB
public/build/assets/Index-DCRaba3Q.js                                   22.02 kB │ gzip:   8.49 kB
public/build/assets/ppe-create-wizards-DEoOABUk.js                      22.05 kB │ gzip:   7.38 kB
public/build/assets/incidents-9DpQfcr1.js                               22.23 kB │ gzip:   8.36 kB
public/build/assets/home-DbuTJLip.js                                    22.25 kB │ gzip:   5.38 kB
public/build/assets/create-CN2Xx_nM.js                                  22.27 kB │ gzip:   7.44 kB
public/build/assets/show-S_VxasXj.js                                    22.48 kB │ gzip:   7.40 kB
public/build/assets/leave-request-dialog-CwV0R7rX.js                    22.51 kB │ gzip:   7.53 kB
public/build/assets/Index-C_8Qv3lt.js                                   22.63 kB │ gzip:   8.52 kB
public/build/assets/payslips-527KEVMi.js                                22.64 kB │ gzip:   6.76 kB
public/build/assets/_dialogs-B8aTl1J4.js                                22.81 kB │ gzip:   8.45 kB
public/build/assets/incidents-CWGwNdwX.js                               22.91 kB │ gzip:   8.54 kB
public/build/assets/personal-details-DhUBxurd.js                        22.99 kB │ gzip:   7.96 kB
public/build/assets/Show-BTmcF0yB.js                                    23.06 kB │ gzip:   8.58 kB
public/build/assets/notifications-By7emgOt.js                           23.16 kB │ gzip:   8.30 kB
public/build/assets/Show-DmMndAqh.js                                    23.17 kB │ gzip:   7.94 kB
public/build/assets/_competency-dialogs-CJbSM07U.js                     23.20 kB │ gzip:   7.76 kB
public/build/assets/resident-sidebar-xAXgy_cS.js                        23.21 kB │ gzip:   8.33 kB
public/build/assets/Index-CZZ9nn_K.js                                   23.33 kB │ gzip:   7.75 kB
public/build/assets/index-AmQfRCtk.js                                   23.35 kB │ gzip:   8.10 kB
public/build/assets/Show-BdWKdapb.js                                    23.42 kB │ gzip:   8.61 kB
public/build/assets/unifi-BpFFqraL.js                                   23.46 kB │ gzip:   7.13 kB
public/build/assets/create-wizard-CpaqmDo_.js                           23.48 kB │ gzip:   8.18 kB
public/build/assets/show-C-1jLuP_.js                                    23.49 kB │ gzip:   7.66 kB
public/build/assets/Show-BnfxCxKg.js                                    23.53 kB │ gzip:   8.99 kB
public/build/assets/Index-BLNpH6aF.js                                   23.78 kB │ gzip:   9.23 kB
public/build/assets/_dialogs-BeKgdV3l.js                                23.99 kB │ gzip:   8.98 kB
public/build/assets/one-Bgq0ztJh.js                                     23.99 kB │ gzip:   8.30 kB
public/build/assets/analytics-charts-Be9ZPs0m.js                        24.03 kB │ gzip:   6.47 kB
public/build/assets/Index-BC6b-pHD.js                                   24.22 kB │ gzip:   8.53 kB
public/build/assets/page-hero-BMBkEMru.js                               24.23 kB │ gzip:   7.28 kB
public/build/assets/Create-BqNt_207.js                                  24.27 kB │ gzip:   7.94 kB
public/build/assets/ResolutionResultCard-DQYFieqC.js                    24.31 kB │ gzip:   8.93 kB
public/build/assets/mar-governance-dialogs-Bc2HReee.js                  24.32 kB │ gzip:   7.56 kB
public/build/assets/restraint-event-wizard-BaFb1Ik5.js                  24.76 kB │ gzip:   8.04 kB
public/build/assets/automations-Clqx_frI.js                             24.78 kB │ gzip:   7.62 kB
public/build/assets/Show-CMWIJnFh.js                                    24.80 kB │ gzip:  10.01 kB
public/build/assets/governance-labels-CJgR2U5s.js                       24.81 kB │ gzip:   8.17 kB
public/build/assets/show-BmeMh7tE.js                                    24.82 kB │ gzip:   7.84 kB
public/build/assets/Show-DH4rO_FB.js                                    24.95 kB │ gzip:   8.77 kB
public/build/assets/Show-BWVWOR-x.js                                    25.04 kB │ gzip:   9.66 kB
public/build/assets/_review-dialogs-C_2yYQ3X.js                         25.05 kB │ gzip:   7.96 kB
public/build/assets/Reconcile-DyhzNDOC.js                               25.07 kB │ gzip:   8.89 kB
public/build/assets/index-B_Nix_EO.js                                   25.10 kB │ gzip:   8.20 kB
public/build/assets/objective-wizard-DdZJA7J-.js                        25.18 kB │ gzip:   7.13 kB
public/build/assets/Medications-CS9vmtVj.js                             25.28 kB │ gzip:   9.19 kB
public/build/assets/Index-C4vq5ysy.js                                   25.46 kB │ gzip:   7.89 kB
public/build/assets/Show-D2DUpwVR.js                                    25.46 kB │ gzip:   9.77 kB
public/build/assets/sso-CuNE3mNx.js                                     25.56 kB │ gzip:   7.99 kB
public/build/assets/index-pByiXKJT.js                                   25.56 kB │ gzip:   9.68 kB
public/build/assets/index-BpxlKX8R.js                                   25.56 kB │ gzip:   8.92 kB
public/build/assets/it-mailbox-CydXEcQg.js                              25.67 kB │ gzip:   8.73 kB
public/build/assets/milesight-Cw6TohEw.js                               25.92 kB │ gzip:   8.52 kB
public/build/assets/create-offer-cD3wGd5_.js                            25.96 kB │ gzip:   8.83 kB
public/build/assets/dashboard-C1OMIw2D.js                               26.09 kB │ gzip:   8.07 kB
public/build/assets/vendor-utils-Dr6D9L7d.js                            26.13 kB │ gzip:   8.47 kB
public/build/assets/Index-BAPm0db4.js                                   26.20 kB │ gzip:   9.76 kB
public/build/assets/record-assessment-dialog-CaVituYB.js                26.21 kB │ gzip:   9.51 kB
public/build/assets/documents-wizards-Cv7LholG.js                       26.26 kB │ gzip:   9.26 kB
public/build/assets/_dialogs-Dc6wPwbX.js                                26.35 kB │ gzip:   8.33 kB
public/build/assets/show-CY8drhB0.js                                    26.38 kB │ gzip:   8.98 kB
public/build/assets/transport-medication-dialogs-Bvdm6ltJ.js            26.38 kB │ gzip:   6.08 kB
public/build/assets/index-BhUvSJEG.js                                   26.39 kB │ gzip:   9.02 kB
public/build/assets/show-BeKe_ag2.js                                    26.56 kB │ gzip:   7.67 kB
public/build/assets/Handovers-CifXCcWv.js                               26.72 kB │ gzip:  10.44 kB
public/build/assets/_workspace-dialogs-DR9eAWgO.js                      26.83 kB │ gzip:   8.78 kB
public/build/assets/create-D8he-Am_.js                                  26.91 kB │ gzip:   7.53 kB
public/build/assets/index-Bs7wvq3i.js                                   27.15 kB │ gzip:   9.68 kB
public/build/assets/show-DKYQ94p8.js                                    27.19 kB │ gzip:   9.07 kB
public/build/assets/index-DP5Xse9y.js                                   27.35 kB │ gzip:   9.49 kB
public/build/assets/SelfAdmin-CbPlK5vi.js                               27.46 kB │ gzip:   9.12 kB
public/build/assets/provisioning-command-dialog-BW1RVmKY.js             27.65 kB │ gzip:  10.76 kB
public/build/assets/care-support-plan-BPgs7v-S.js                       27.67 kB │ gzip:   9.14 kB
public/build/assets/show-rMMwoJxM.js                                    27.69 kB │ gzip:   9.79 kB
public/build/assets/Index-CUJLWm6L.js                                   27.76 kB │ gzip:  10.45 kB
public/build/assets/dashboard-DI7PehL-.js                               27.81 kB │ gzip:   7.80 kB
public/build/assets/index-BUhHtVj_.js                                   27.84 kB │ gzip:   9.79 kB
public/build/assets/index-ClfWZc3X.js                                   27.85 kB │ gzip:   9.32 kB
public/build/assets/edit-HAXcl_dS.js                                    27.95 kB │ gzip:   9.31 kB
public/build/assets/smart-monitoring-BS14gzCP.js                        28.05 kB │ gzip:   6.48 kB
public/build/assets/Index-gNDwc60k.js                                   28.12 kB │ gzip:  10.44 kB
public/build/assets/index-DdzFcmdV.js                                   28.28 kB │ gzip:   9.19 kB
public/build/assets/show-vtHIhPuF.js                                    28.45 kB │ gzip:   9.99 kB
public/build/assets/index-BeZZxmpy.js                                   28.55 kB │ gzip:   9.20 kB
public/build/assets/asset-wizard-dialog-DqKLC_5L.js                     28.66 kB │ gzip:   9.63 kB
public/build/assets/show-NG3MvuVO.js                                    28.76 kB │ gzip:   8.54 kB
public/build/assets/show-aivkUU0q.js                                    28.77 kB │ gzip:  10.33 kB
public/build/assets/index-C2IBhsTs.js                                   28.80 kB │ gzip:   8.67 kB
public/build/assets/_self-admin-dialogs-CXnIrQ-3.js                     28.81 kB │ gzip:   9.49 kB
public/build/assets/Show-D5ZK9vbT.js                                    29.05 kB │ gzip:   9.13 kB
public/build/assets/Create-Dtv9pxnO.js                                  29.11 kB │ gzip:  10.17 kB
public/build/assets/guided-round-dialog-Dm2HOnQ2.js                     29.15 kB │ gzip:   9.60 kB
public/build/assets/templates-D1tHVabj.js                               29.66 kB │ gzip:  10.55 kB
public/build/assets/documents-BlRm1l4g.js                               29.70 kB │ gzip:   9.24 kB
public/build/assets/index-gTH5ZjhP.js                                   29.96 kB │ gzip:   9.82 kB
public/build/assets/_dialogs-rRALEUKF.js                                30.04 kB │ gzip:  10.02 kB
public/build/assets/run-modal-BkPfWkDk.js                               30.05 kB │ gzip:  10.26 kB
public/build/assets/page-header-CvmlvDSg.js                             30.13 kB │ gzip:   9.17 kB
public/build/assets/procedure-detail-dialog-xDIH9vB-.js                 30.20 kB │ gzip:   9.63 kB
public/build/assets/show-C_yvT6d2.js                                    30.32 kB │ gzip:   9.83 kB
public/build/assets/_dialogs-CZsuCN7X.js                                30.39 kB │ gzip:   9.19 kB
public/build/assets/_dialogs-Doz9bZb-.js                                30.56 kB │ gzip:  10.93 kB
public/build/assets/Show-H8RmOpSW.js                                    30.59 kB │ gzip:  11.04 kB
public/build/assets/Competency-CKqlHKPo.js                              30.60 kB │ gzip:  10.30 kB
public/build/assets/MedicationErrors-CArScO4r.js                        30.86 kB │ gzip:  11.23 kB
public/build/assets/_hero-Fpwc7lfU.js                                   30.97 kB │ gzip:   9.78 kB
public/build/assets/access-BN0CgsCL.js                                  31.13 kB │ gzip:  10.23 kB
public/build/assets/_shopping-list-panel-B1E3zthk.js                    31.35 kB │ gzip:  11.00 kB
public/build/assets/index-CMjMljM6.js                                   31.39 kB │ gzip:  10.76 kB
public/build/assets/Reviews-iyY38Hvo.js                                 31.77 kB │ gzip:  10.46 kB
public/build/assets/_dialogs-ClUihAsC.js                                31.87 kB │ gzip:   9.50 kB
public/build/assets/_stock-dialogs-D-nzXJHp.js                          31.91 kB │ gzip:   9.55 kB
public/build/assets/notification-escalations-Po4dtnNc.js                32.17 kB │ gzip:  10.05 kB
public/build/assets/email-settings-DEpeR2nw.js                          32.26 kB │ gzip:  10.35 kB
public/build/assets/access-Duo_vwIh.js                                  32.58 kB │ gzip:  11.62 kB
public/build/assets/index-C6AUK2aK.js                                   32.94 kB │ gzip:  11.97 kB
public/build/assets/_dialogs-FBbZuIua.js                                33.24 kB │ gzip:  10.69 kB
public/build/assets/Show-DIOdBQCa.js                                    33.29 kB │ gzip:  11.68 kB
public/build/assets/Show-C9b0YvTH.js                                    33.61 kB │ gzip:  11.77 kB
public/build/assets/index-xezflUpM.js                                   33.63 kB │ gzip:  11.60 kB
public/build/assets/index-Bj4CZ76R.js                                   34.03 kB │ gzip:  11.65 kB
public/build/assets/index-FEiviBbE.js                                   34.40 kB │ gzip:  12.26 kB
public/build/assets/show-XVvHWMdY.js                                    34.81 kB │ gzip:  10.69 kB
public/build/assets/Destructions-mGfSscwW.js                            34.81 kB │ gzip:  12.46 kB
public/build/assets/medical-BbvgVSpI.js                                 34.88 kB │ gzip:   7.89 kB
public/build/assets/_prescription-dialogs-DnjIB4_D.js                   35.13 kB │ gzip:   9.94 kB
public/build/assets/index-CFFF0zmp.js                                   35.17 kB │ gzip:  11.94 kB
public/build/assets/Index-BLwfhc_U.js                                   35.27 kB │ gzip:  11.57 kB
public/build/assets/_cd-dialogs-MS_7wEO9.js                             35.36 kB │ gzip:   9.45 kB
public/build/assets/documents-CxY2DwPT.js                               35.53 kB │ gzip:  11.45 kB
public/build/assets/index-B9M6CPyT.js                                   35.84 kB │ gzip:  12.43 kB
public/build/assets/index-DyDhoviU.js                                   36.57 kB │ gzip:  11.78 kB
public/build/assets/messages-DaowutSf.js                                36.62 kB │ gzip:  11.89 kB
public/build/assets/reviews-Bb7w75xh.js                                 36.78 kB │ gzip:  11.58 kB
public/build/assets/index-BhLjkKMW.js                                   37.15 kB │ gzip:  13.97 kB
public/build/assets/handover-BWyx5HcB.js                                37.36 kB │ gzip:  11.83 kB
public/build/assets/Create-C2-R3QLS.js                                  37.37 kB │ gzip:  12.11 kB
public/build/assets/index-BiMFfXWS.js                                   37.71 kB │ gzip:  11.79 kB
public/build/assets/_inspector-_POLVKnj.js                              37.97 kB │ gzip:  11.56 kB
public/build/assets/documents-BjdxPZ5u.js                               38.02 kB │ gzip:  12.60 kB
public/build/assets/Dashboard-BXLz5U5u.js                               38.05 kB │ gzip:  14.32 kB
public/build/assets/index-DkQCpZh5.js                                   38.12 kB │ gzip:  14.59 kB
public/build/assets/Show-DeHewgK8.js                                    38.14 kB │ gzip:  14.46 kB
public/build/assets/global-DuwMQQ05.js                                  38.42 kB │ gzip:  12.89 kB
public/build/assets/hazard-register-BlE3QiwS.js                         38.49 kB │ gzip:  12.71 kB
public/build/assets/Reports-BiDsIWQu.js                                 38.57 kB │ gzip:  12.94 kB
public/build/assets/Show-CJmk826j.js                                    39.48 kB │ gzip:  11.41 kB
public/build/assets/index-Bxi-ktSx.js                                   39.52 kB │ gzip:  13.05 kB
public/build/assets/index-Q__9Xsg4.js                                   40.00 kB │ gzip:  13.10 kB
public/build/assets/index-D__GEqN3.js                                   40.28 kB │ gzip:  12.96 kB
public/build/assets/index-C4K6gHg1.js                                   40.36 kB │ gzip:  13.85 kB
public/build/assets/case-wizards-8A1ZbYQj.js                            40.74 kB │ gzip:  11.63 kB
public/build/assets/compliance-wizards-D_CVTrFr.js                      40.85 kB │ gzip:  12.73 kB
public/build/assets/index-CBBegiSw.js                                   40.91 kB │ gzip:  14.75 kB
public/build/assets/index-DPzl8lki.js                                   40.95 kB │ gzip:  13.38 kB
public/build/assets/index-e9rSml48.js                                   41.31 kB │ gzip:  14.38 kB
public/build/assets/_dialogs-BSemqXN-.js                                41.37 kB │ gzip:  12.03 kB
public/build/assets/index-wUHds4wF.js                                   41.52 kB │ gzip:  14.12 kB
public/build/assets/bands-csICnuBw.js                                   41.59 kB │ gzip:  14.35 kB
public/build/assets/Edit-To7BRNk4.js                                    41.82 kB │ gzip:  13.34 kB
public/build/assets/profile-CRgC0lKv.js                                 41.94 kB │ gzip:  14.15 kB
public/build/assets/index-CHs_Cs8t.js                                   41.96 kB │ gzip:  15.18 kB
public/build/assets/discovery-B42nlgUC.js                               42.55 kB │ gzip:  12.97 kB
public/build/assets/app-layout-CmP1NqXS.js                              42.69 kB │ gzip:  13.34 kB
public/build/assets/index-JX1SNq9T.js                                   42.75 kB │ gzip:  13.80 kB
public/build/assets/sso-config-h07NNI1Y.js                              42.78 kB │ gzip:  13.92 kB
public/build/assets/handover-wizard-CutY0e_R.js                         43.04 kB │ gzip:  13.62 kB
public/build/assets/core.esm-D5j4X1h1.js                                43.17 kB │ gzip:  14.39 kB
public/build/assets/service-contexts-BKF7u2wk.js                        43.72 kB │ gzip:  14.01 kB
public/build/assets/_dialogs-C2rVDY9N.js                                43.77 kB │ gzip:  14.04 kB
public/build/assets/StockManagement-6e7Btkcn.js                         43.86 kB │ gzip:  13.12 kB
public/build/assets/show-IYjevWQz.js                                    44.23 kB │ gzip:  14.94 kB
public/build/assets/Dashboard-3SJ_fD55.js                               44.24 kB │ gzip:  10.85 kB
public/build/assets/show-CHCKwKVK.js                                    44.24 kB │ gzip:  14.96 kB
public/build/assets/Index-DW2lxv_V.js                                   44.25 kB │ gzip:  15.20 kB
public/build/assets/_canvas-DefbquC0.js                                 44.48 kB │ gzip:  12.88 kB
public/build/assets/branding-BfSWbkaS.js                                44.78 kB │ gzip:  13.99 kB
public/build/assets/asset-wizards-BZPbBGQf.js                           45.18 kB │ gzip:  13.11 kB
public/build/assets/AuditLog-B8dp6Hhn.js                                45.29 kB │ gzip:  15.28 kB
public/build/assets/index-Danq1EBy.js                                   45.57 kB │ gzip:  13.00 kB
public/build/assets/MarCharts-BrSzTcD0.js                               45.68 kB │ gzip:  15.81 kB
public/build/assets/Prescriptions-zRQf2ArN.js                           46.34 kB │ gzip:  14.07 kB
public/build/assets/incident-detail-dialog-oyyq4CFa.js                  47.33 kB │ gzip:  14.30 kB
public/build/assets/drill-detail-dialog-BFDmVhdi.js                     47.88 kB │ gzip:  13.51 kB
public/build/assets/Rounds-CGP6327I.js                                  48.24 kB │ gzip:  15.17 kB
public/build/assets/incident-report-dialog-o5tKhCoA.js                  48.28 kB │ gzip:  15.87 kB
public/build/assets/_dialogs-WvUB-ixl.js                                48.54 kB │ gzip:  14.35 kB
public/build/assets/index-3ZdfpMzy.js                                   48.90 kB │ gzip:  15.63 kB
public/build/assets/create-shift-dialog-Bo87Psm4.js                     49.10 kB │ gzip:  14.23 kB
public/build/assets/index-9GGbXRrx.js                                   49.29 kB │ gzip:  15.18 kB
public/build/assets/_wizard-XlhEX572.js                                 49.42 kB │ gzip:  15.34 kB
public/build/assets/welcome-DPfRS5wA.js                                 50.21 kB │ gzip:   9.57 kB
public/build/assets/index-C32yrrG1.js                                   51.07 kB │ gzip:  16.06 kB
public/build/assets/index-ureNiOSM.js                                   51.81 kB │ gzip:  15.97 kB
public/build/assets/family-dashboard-tzhYjEr-.js                        51.96 kB │ gzip:  15.12 kB
public/build/assets/ra-wizard-dialog-DeVN2U2d.js                        51.97 kB │ gzip:  16.28 kB
public/build/assets/show-ZK3SPgQi.js                                    52.09 kB │ gzip:  17.73 kB
public/build/assets/hazard-detail-dialog-CguJAYJC.js                    52.62 kB │ gzip:  15.17 kB
public/build/assets/index-BaRk2SZz.js                                   52.88 kB │ gzip:  16.04 kB
public/build/assets/settings-5Q9p2m1q.js                                53.33 kB │ gzip:  15.55 kB
public/build/assets/index-CRp5xtM9.js                                   56.41 kB │ gzip:  19.10 kB
public/build/assets/Show-DtjJFdyF.js                                    57.39 kB │ gzip:  17.34 kB
public/build/assets/CockpitLayout-DS6orEiB.js                           57.41 kB │ gzip:  17.89 kB
public/build/assets/device-profile-sections-CXK27hQZ.js                 58.15 kB │ gzip:  16.93 kB
public/build/assets/dashboard-DzhHX3Ff.js                               58.74 kB │ gzip:  16.96 kB
public/build/assets/show-C_PZ_hDq.js                                    59.07 kB │ gzip:  20.18 kB
public/build/assets/my-hr-shell-BtHyjbwD.js                             59.82 kB │ gzip:  18.81 kB
public/build/assets/Index-8-POKuau.js                                   59.94 kB │ gzip:  19.14 kB
public/build/assets/medical-DKUx-5N6.js                                 60.22 kB │ gzip:  12.07 kB
public/build/assets/_parts-GVhcjsVe.js                                  60.60 kB │ gzip:  19.58 kB
public/build/assets/PrnRecords-NDMkBbR1.js                              60.73 kB │ gzip:  18.67 kB
public/build/assets/conflicts-X13yMNI1.js                               61.21 kB │ gzip:  19.79 kB
public/build/assets/Show-GYsaeXeT.js                                    62.50 kB │ gzip:  21.42 kB
public/build/assets/settings-BseYxPYa.js                                63.31 kB │ gzip:  17.23 kB
public/build/assets/index-Dj7LPJ5i.js                                   64.27 kB │ gzip:  19.33 kB
public/build/assets/dashboard-BZIiDzye.js                               64.46 kB │ gzip:  20.36 kB
public/build/assets/data-Bgd_heao.js                                    64.62 kB │ gzip:  13.99 kB
public/build/assets/monitoring-J_WBEVDH.js                              65.77 kB │ gzip:  19.55 kB
public/build/assets/ControlledDrugs-Dq73HvUY.js                         65.82 kB │ gzip:  20.43 kB
public/build/assets/catalog-Dt5gUOsJ.js                                 66.75 kB │ gzip:  17.73 kB
public/build/assets/Show-D9KYOzS3.js                                    67.29 kB │ gzip:  19.35 kB
public/build/assets/show-DAZL1JmG.js                                    67.76 kB │ gzip:  15.09 kB
public/build/assets/show-DT0JGL7i.js                                    68.56 kB │ gzip:  20.32 kB
public/build/assets/index-CVmoooPr.js                                   69.05 kB │ gzip:  21.44 kB
public/build/assets/index-C35IU2ea.js                                   69.35 kB │ gzip:  21.87 kB
public/build/assets/analytics-DnCGy_Vs.js                               70.61 kB │ gzip:  23.91 kB
public/build/assets/SiteCalendar-CaNqB-Nz.js                            71.76 kB │ gzip:  22.72 kB
public/build/assets/concern-dialog-CRQVozZ_.js                          72.32 kB │ gzip:  20.08 kB
public/build/assets/legacy-profile-sections-3unhN53l.js                 72.99 kB │ gzip:  19.50 kB
public/build/assets/show-BaJ24vUE.js                                    74.28 kB │ gzip:  23.10 kB
public/build/assets/show-DWiCaF7L.js                                    75.65 kB │ gzip:  23.61 kB
public/build/assets/index-Dx3t_sVG.js                                   77.40 kB │ gzip:  22.54 kB
public/build/assets/_calendar-grid-DIee9ZtA.js                          77.48 kB │ gzip:  22.96 kB
public/build/assets/index-BVMr0oAi.js                                   78.27 kB │ gzip:  23.83 kB
public/build/assets/index-DSE3O72p.js                                   80.58 kB │ gzip:  23.36 kB
public/build/assets/index-BNLqXAgf.js                                   81.66 kB │ gzip:  24.48 kB
public/build/assets/_create-dialog-CrGsXJeU.js                          81.96 kB │ gzip:  27.49 kB
public/build/assets/index-AEpxm3I7.js                                   83.74 kB │ gzip:  27.22 kB
public/build/assets/index-B_S8YfR9.js                                   86.93 kB │ gzip:  24.97 kB
public/build/assets/Index-WmVS6z9s.js                                   88.75 kB │ gzip:  26.81 kB
public/build/assets/index-BmOoNXoD.js                                   88.76 kB │ gzip:  27.29 kB
public/build/assets/staff-page-shell-D_tfYtEy.js                        90.83 kB │ gzip:  26.93 kB
public/build/assets/index-DPlhG98C.js                                   94.94 kB │ gzip:  28.21 kB
public/build/assets/show-CwPEkaxC.js                                    99.25 kB │ gzip:  25.82 kB
public/build/assets/ticket-intake-fields-D8bFLAO1.js                   102.61 kB │ gzip:  30.27 kB
public/build/assets/index-D-J9MqB7.js                                  103.39 kB │ gzip:  31.12 kB
public/build/assets/index-H86FsrNE.js                                  104.03 kB │ gzip:  31.59 kB
public/build/assets/index-BojhheiC.js                                  107.45 kB │ gzip:  31.46 kB
public/build/assets/queclink-hub-DgOmnCw4.js                           109.77 kB │ gzip:  33.67 kB
public/build/assets/it-wizards-dq0ANDJS.js                             111.72 kB │ gzip:  35.88 kB
public/build/assets/index-e8xdrsZ_.js                                  111.91 kB │ gzip:  30.54 kB
public/build/assets/workspace-DdymD55Q.js                              128.30 kB │ gzip:  38.70 kB
public/build/assets/ticket-reopen-dialog-DnUfcGjE.js                   145.73 kB │ gzip:  46.12 kB
public/build/assets/event-detail-dialog-BA7WkwJc.js                    148.01 kB │ gzip:  38.85 kB
public/build/assets/vendor-maps-CTUbLoeq.js                            149.92 kB │ gzip:  43.49 kB
public/build/assets/index-BI76SS1H.js                                  155.98 kB │ gzip:  42.60 kB
public/build/assets/index-CuHawDpo.js                                  156.20 kB │ gzip:  45.39 kB
public/build/assets/alert-workspace-dialog-CVqaXTQZ.js                 158.46 kB │ gzip:  44.47 kB
public/build/assets/index-cfBqwGru.js                                  159.65 kB │ gzip:  45.16 kB
public/build/assets/show-CiisLuEk.js                                   162.01 kB │ gzip:  50.27 kB
public/build/assets/knowledge-revision-dialog-CCLDD-lb.js              177.17 kB │ gzip:  49.63 kB
public/build/assets/vendor-react-C99fm9h8.js                           193.87 kB │ gzip:  60.86 kB
public/build/assets/vendor-inertia-B-1GL-z2.js                         195.03 kB │ gzip:  65.82 kB
public/build/assets/category-_NeNfujS.js                               206.58 kB │ gzip:  51.98 kB
public/build/assets/index-NQkanDSX.js                                  215.10 kB │ gzip:  68.42 kB
public/build/assets/index-C_4N4z7b.js                                  236.38 kB │ gzip:  70.78 kB
public/build/assets/vendor-calendar-NWT3TLWG.js                        267.92 kB │ gzip:  79.12 kB
public/build/assets/vendor-ui-BuO1Y5tc.js                              276.38 kB │ gzip:  76.83 kB
public/build/assets/index-Dw_8EKUz.js                                  317.42 kB │ gzip:  88.18 kB
public/build/assets/show-Ci_CT1TZ.js                                   328.59 kB │ gzip:  98.19 kB
public/build/assets/show-DXBS1feR.js                                   348.25 kB │ gzip:  98.17 kB
public/build/assets/vendor-charts-CgkmuxAX.js                          398.57 kB │ gzip: 115.53 kB
public/build/assets/pdf-YYBQA8p7.js                                    437.74 kB │ gzip: 131.10 kB
public/build/assets/app-Jte2U_jh.js                                    516.25 kB │ gzip:  82.95 kB
public/build/assets/show-BHiO4MoM.js                                   774.54 kB │ gzip: 248.33 kB

(!) Some chunks are larger than 500 kB after minification. Consider:
- Using dynamic import() to code-split the application
- Use build.rollupOptions.output.manualChunks to improve chunking: https://rollupjs.org/configuration-options/#output-manualchunks
- Adjust chunk size limit for this warning via build.chunkSizeWarningLimit.
✓ built in 5m 29s
