
> build
> vite build

vite v7.3.6 building client environment for production...
[plugin @laravel/vite-plugin-wayfinder] Types generated for actions, routes, form variants
transforming...
✓ 5394 modules transformed.
rendering chunks...
computing gzip size...
public/build/assets/layers-BWBAp2CZ.png                                  0.70 kB
public/build/assets/layers-2x-Bpkbi35X.png                               1.26 kB
public/build/assets/marker-icon-hN30_KVU.png                             1.47 kB
public/build/assets/pdf.worker.min-Dswkl-cV.mjs                      1,265.41 kB
public/build/manifest.json                                           3,796.54 kB │ gzip: 204.58 kB
public/build/assets/show-DItqkuBD.css                                    0.04 kB │ gzip:   0.06 kB
public/build/assets/show-BlsQFc8X.css                                    0.96 kB │ gzip:   0.38 kB
public/build/assets/transport-HC5KKNJu.css                               9.01 kB │ gzip:   2.17 kB
public/build/assets/vendor-maps-CLLlcC51.css                            11.08 kB │ gzip:   2.73 kB
public/build/assets/knowledge-revision-dialog-D-juoI1B.css              12.92 kB │ gzip:   3.14 kB
public/build/assets/location-workspace-BnCaAc4S.css                     16.92 kB │ gzip:   3.64 kB
public/build/assets/dashboard-CynApWYI.css                              25.76 kB │ gzip:   4.58 kB
public/build/assets/show-ugW-UKTR.css                                  117.68 kB │ gzip:  17.18 kB
public/build/assets/app-BK6lsgsA.css                                   442.90 kB │ gzip:  56.56 kB
public/build/assets/my-hr-utils-fLvKAKV1.js                              0.07 kB │ gzip:   0.09 kB
public/build/assets/avatar-hue-BThxaYxR.js                               0.10 kB │ gzip:   0.11 kB
public/build/assets/_announcer-cvXWdNAc.js                               0.12 kB │ gzip:   0.12 kB
public/build/assets/minus-CcKF_7yZ.js                                    0.12 kB │ gzip:   0.13 kB
public/build/assets/check-Cr5gicY3.js                                    0.12 kB │ gzip:   0.14 kB
public/build/assets/circle-BgT_6Vwi.js                                   0.12 kB │ gzip:   0.13 kB
public/build/assets/chevron-down-QDuVB9sw.js                             0.13 kB │ gzip:   0.14 kB
public/build/assets/chevron-up-SuM1MlY2.js                               0.13 kB │ gzip:   0.14 kB
public/build/assets/chevron-left-BhXHhvqQ.js                             0.13 kB │ gzip:   0.14 kB
public/build/assets/chevron-right-rIDYgYg5.js                            0.13 kB │ gzip:   0.14 kB
public/build/assets/play-CZOtNNPX.js                                     0.13 kB │ gzip:   0.15 kB
public/build/assets/moon-BUR7kWnV.js                                     0.14 kB │ gzip:   0.15 kB
public/build/assets/loader-circle-zTokbXtK.js                            0.14 kB │ gzip:   0.16 kB
public/build/assets/square-Bbo2bHaH.js                                   0.15 kB │ gzip:   0.15 kB
public/build/assets/message-circle-DQukUSMp.js                           0.15 kB │ gzip:   0.16 kB
public/build/assets/navigation-Bj9Jcm4u.js                               0.15 kB │ gzip:   0.15 kB
public/build/assets/staff-creation-workflow-D6SGmEbz.js                  0.15 kB │ gzip:   0.13 kB
public/build/assets/plus-CwGTW9sT.js                                     0.15 kB │ gzip:   0.15 kB
public/build/assets/x-BXRAkK8g.js                                        0.15 kB │ gzip:   0.15 kB
public/build/assets/thermometer-ZMArXJRb.js                              0.16 kB │ gzip:   0.16 kB
public/build/assets/filter-hbw6MDGZ.js                                   0.16 kB │ gzip:   0.16 kB
public/build/assets/bookmark-CmJRIT2x.js                                 0.16 kB │ gzip:   0.16 kB
public/build/assets/arrow-left-3_sFcb9s.js                               0.16 kB │ gzip:   0.16 kB
public/build/assets/arrow-right-Cu1SNAnF.js                              0.16 kB │ gzip:   0.16 kB
public/build/assets/arrow-up-right-R_8N8B8Z.js                           0.16 kB │ gzip:   0.15 kB
public/build/assets/circle-minus-BFaF_N4D.js                             0.17 kB │ gzip:   0.16 kB
public/build/assets/search-st7-3pNc.js                                   0.17 kB │ gzip:   0.17 kB
public/build/assets/move-right-Do2ZomUQ.js                               0.17 kB │ gzip:   0.16 kB
public/build/assets/ban-P8grhS10.js                                      0.17 kB │ gzip:   0.16 kB
public/build/assets/circle-check-Dx0XZaso.js                             0.17 kB │ gzip:   0.17 kB
public/build/assets/chevrons-up-down-wrAH8GhT.js                         0.17 kB │ gzip:   0.16 kB
public/build/assets/power-BbCwaiml.js                                    0.17 kB │ gzip:   0.17 kB
public/build/assets/user-round-oh80L2Yy.js                               0.18 kB │ gzip:   0.17 kB
public/build/assets/gauge-bX78tXdT.js                                    0.18 kB │ gzip:   0.17 kB
public/build/assets/circle-dot-yRRlUcd1.js                               0.18 kB │ gzip:   0.15 kB
public/build/assets/clock-BCezyxTC.js                                    0.18 kB │ gzip:   0.17 kB
public/build/assets/message-square-CgN4y0qj.js                           0.18 kB │ gzip:   0.17 kB
public/build/assets/check-check-DA7hjbNW.js                              0.18 kB │ gzip:   0.17 kB
public/build/assets/clock-3-xjfv3Cpt.js                                  0.18 kB │ gzip:   0.17 kB
public/build/assets/chart-line-BPRy8zRf.js                               0.18 kB │ gzip:   0.17 kB
public/build/assets/circle-slash-D6ZL6I2j.js                             0.18 kB │ gzip:   0.17 kB
public/build/assets/reply-CuR8eXUq.js                                    0.18 kB │ gzip:   0.18 kB
public/build/assets/circle-check-big-CkDg69xg.js                         0.19 kB │ gzip:   0.18 kB
public/build/assets/circle-play-D5xD9i_I.js                              0.19 kB │ gzip:   0.17 kB
public/build/assets/user-BXaG9BpN.js                                     0.19 kB │ gzip:   0.18 kB
public/build/assets/megaphone-Dpwb57hI.js                                0.19 kB │ gzip:   0.18 kB
public/build/assets/skip-forward-CEh_-Bhd.js                             0.20 kB │ gzip:   0.18 kB
public/build/assets/smartphone-BwL_b3vC.js                               0.20 kB │ gzip:   0.18 kB
public/build/assets/info-BgMETU6Y.js                                     0.20 kB │ gzip:   0.18 kB
public/build/assets/rotate-ccw-4WeChzTj.js                               0.20 kB │ gzip:   0.18 kB
public/build/assets/rotate-cw-7MIiOIr0.js                                0.20 kB │ gzip:   0.18 kB
public/build/assets/lock-D62fIK-P.js                                     0.20 kB │ gzip:   0.19 kB
public/build/assets/circle-x-dxFOh5Iv.js                                 0.20 kB │ gzip:   0.18 kB
public/build/assets/circle-plus-Cn4Zve9E.js                              0.20 kB │ gzip:   0.18 kB
public/build/assets/chart-palette-BuldC4kO.js                            0.20 kB │ gzip:   0.13 kB
public/build/assets/trending-up-uMlFXrgj.js                              0.20 kB │ gzip:   0.18 kB
public/build/assets/utils-COkJOzsg.js                                    0.20 kB │ gzip:   0.16 kB
public/build/assets/credit-card-Blf0bLkz.js                              0.21 kB │ gzip:   0.19 kB
public/build/assets/arrow-up-from-line-DOhl8l-e.js                       0.21 kB │ gzip:   0.18 kB
public/build/assets/arrow-down-to-line-Bitccc6K.js                       0.21 kB │ gzip:   0.18 kB
public/build/assets/redo-2-BD3QkYDd.js                                   0.21 kB │ gzip:   0.18 kB
public/build/assets/trending-down-COvlnu6p.js                            0.21 kB │ gzip:   0.18 kB
public/build/assets/undo-2-sW96nThz.js                                   0.21 kB │ gzip:   0.18 kB
public/build/assets/droplet-DZwkap5v.js                                  0.21 kB │ gzip:   0.19 kB
public/build/assets/lock-open-DQ8wqjtW.js                                0.21 kB │ gzip:   0.19 kB
public/build/assets/mail-Dl-J80H6.js                                     0.21 kB │ gzip:   0.20 kB
public/build/assets/it-module-shell-Cq8Pndvb.js                          0.21 kB │ gzip:   0.19 kB
public/build/assets/battery-BOBH81V9.js                                  0.21 kB │ gzip:   0.19 kB
public/build/assets/pause-BCPid9J_.js                                    0.21 kB │ gzip:   0.17 kB
public/build/assets/circle-arrow-up-_hu4A1-u.js                          0.21 kB │ gzip:   0.19 kB
public/build/assets/circle-arrow-down-BY6uxpfz.js                        0.21 kB │ gzip:   0.19 kB
public/build/assets/pill-Bp19fqr_.js                                     0.21 kB │ gzip:   0.18 kB
public/build/assets/table-2-BUPAxoq3.js                                  0.21 kB │ gzip:   0.18 kB
public/build/assets/site-profile-dialog-host-BH_OdoAm.js                 0.21 kB │ gzip:   0.19 kB
public/build/assets/dollar-sign-C9_9WQ5z.js                              0.22 kB │ gzip:   0.19 kB
public/build/assets/file-BNLL7LhI.js                                     0.22 kB │ gzip:   0.18 kB
public/build/assets/laptop-CFHLvDX2.js                                   0.22 kB │ gzip:   0.19 kB
public/build/assets/flag-CjrfTW40.js                                     0.22 kB │ gzip:   0.20 kB
public/build/assets/rows-3-D5dQ917M.js                                   0.22 kB │ gzip:   0.18 kB
public/build/assets/rss-BVjgoXN6.js                                      0.22 kB │ gzip:   0.19 kB
public/build/assets/briefcase-yLNSKNUb.js                                0.22 kB │ gzip:   0.20 kB
public/build/assets/ellipsis-BZIdp_AV.js                                 0.22 kB │ gzip:   0.16 kB
public/build/assets/target-3ttKjuJC.js                                   0.22 kB │ gzip:   0.16 kB
public/build/assets/columns-3-CnsVtyhR.js                                0.22 kB │ gzip:   0.19 kB
public/build/assets/git-merge-D5oaIiwU.js                                0.22 kB │ gzip:   0.19 kB
public/build/assets/square-check-big-Bnuh7yCc.js                         0.22 kB │ gzip:   0.19 kB
public/build/assets/sticky-note-fFvQMYPm.js                              0.22 kB │ gzip:   0.18 kB
public/build/assets/folder-CUEuNfXA.js                                   0.23 kB │ gzip:   0.19 kB
public/build/assets/ellipsis-vertical-CFx5lyYd.js                        0.23 kB │ gzip:   0.17 kB
public/build/assets/vote-Ce2ypWLV.js                                     0.23 kB │ gzip:   0.19 kB
public/build/assets/copy-CodVo58x.js                                     0.23 kB │ gzip:   0.21 kB
public/build/assets/door-closed-CirxwcjF.js                              0.23 kB │ gzip:   0.19 kB
public/build/assets/user-round-check-CltfxyMp.js                         0.23 kB │ gzip:   0.21 kB
public/build/assets/circle-user-round-cIocQfVf.js                        0.23 kB │ gzip:   0.19 kB
public/build/assets/circle-help-24myhMV0.js                              0.23 kB │ gzip:   0.20 kB
public/build/assets/ear-Pz9QA6vv.js                                      0.23 kB │ gzip:   0.19 kB
public/build/assets/activity-djjN7c17.js                                 0.23 kB │ gzip:   0.20 kB
public/build/assets/pen-D1q8Fvu7.js                                      0.23 kB │ gzip:   0.20 kB
public/build/assets/history-CuyvJH-_.js                                  0.24 kB │ gzip:   0.20 kB
public/build/assets/globe-D9qpkYPA.js                                    0.24 kB │ gzip:   0.19 kB
public/build/assets/timer-rNh3xeOx.js                                    0.24 kB │ gzip:   0.19 kB
public/build/assets/banknote-BiONTXL1.js                                 0.24 kB │ gzip:   0.21 kB
public/build/assets/heart-gAIWwTo7.js                                    0.24 kB │ gzip:   0.21 kB
public/build/assets/link-2-D8TfiRRe.js                                   0.24 kB │ gzip:   0.21 kB
public/build/assets/menu-BJJvGY-t.js                                     0.24 kB │ gzip:   0.17 kB
public/build/assets/database-Z6ooQqfe.js                                 0.24 kB │ gzip:   0.20 kB
public/build/assets/arrow-down-up-KzHibQy_.js                            0.24 kB │ gzip:   0.19 kB
public/build/assets/type-wFCOMKo0.js                                     0.24 kB │ gzip:   0.19 kB
public/build/assets/circle-pause-DfqBmIaN.js                             0.24 kB │ gzip:   0.19 kB
public/build/assets/arrow-left-right-DjglBRZG.js                         0.25 kB │ gzip:   0.20 kB
public/build/assets/compass-19AGTGW-.js                                  0.25 kB │ gzip:   0.20 kB
public/build/assets/arrow-right-left-C2RwJT5U.js                         0.25 kB │ gzip:   0.19 kB
public/build/assets/book-marked-Cpmomsrc.js                              0.25 kB │ gzip:   0.21 kB
public/build/assets/settings-2-iEhsqkWl.js                               0.25 kB │ gzip:   0.19 kB
public/build/assets/users-round-CVMK1pL0.js                              0.25 kB │ gzip:   0.22 kB
public/build/assets/camera-BEUy0Cav.js                                   0.25 kB │ gzip:   0.21 kB
public/build/assets/file-warning-Cc6wMzw_.js                             0.25 kB │ gzip:   0.20 kB
public/build/assets/video-DEzfSwVg.js                                    0.25 kB │ gzip:   0.22 kB
public/build/assets/route-BbQsAlHT.js                                    0.25 kB │ gzip:   0.20 kB
public/build/assets/circle-alert-DwlPJToM.js                             0.25 kB │ gzip:   0.19 kB
public/build/assets/mouse-pointer-2-DDNfA3Dl.js                          0.25 kB │ gzip:   0.22 kB
public/build/assets/chart-column-BkcxL_fE.js                             0.25 kB │ gzip:   0.19 kB
public/build/assets/external-link-CeahKwOd.js                            0.25 kB │ gzip:   0.20 kB
public/build/assets/cloud-upload-DYON8bYh.js                             0.25 kB │ gzip:   0.21 kB
public/build/assets/shopping-bag-Bo1_Qfk_.js                             0.25 kB │ gzip:   0.20 kB
public/build/assets/pentagon-BxSiaWQh.js                                 0.25 kB │ gzip:   0.20 kB
public/build/assets/eye-C9NIsn-4.js                                      0.25 kB │ gzip:   0.20 kB
public/build/assets/user-check-CizGL1-p.js                               0.25 kB │ gzip:   0.22 kB
public/build/assets/map-pin-C_9H-BFG.js                                  0.25 kB │ gzip:   0.22 kB
public/build/assets/archive-C6JmR7zG.js                                  0.25 kB │ gzip:   0.21 kB
public/build/assets/lock-keyhole-BBTLKWQy.js                             0.25 kB │ gzip:   0.22 kB
public/build/assets/message-square-plus-ByZhHqwU.js                      0.25 kB │ gzip:   0.20 kB
public/build/assets/circle-user-XkTJvRUe.js                              0.25 kB │ gzip:   0.20 kB
public/build/assets/message-square-text-De5MkI8l.js                      0.25 kB │ gzip:   0.20 kB
public/build/assets/user-minus-Dhue8FFN.js                               0.25 kB │ gzip:   0.22 kB
public/build/assets/file-check-2-DMOSi_zi.js                             0.25 kB │ gzip:   0.20 kB
public/build/assets/messages-square-CesVaBWf.js                          0.25 kB │ gzip:   0.20 kB
public/build/assets/link-CB36bDl1.js                                     0.26 kB │ gzip:   0.19 kB
public/build/assets/hr-hero-DXvC9qX1.js                                  0.26 kB │ gzip:   0.21 kB
public/build/assets/wrench-B0_6R3Aq.js                                   0.26 kB │ gzip:   0.20 kB
public/build/assets/upload-BUgW4UZx.js                                   0.26 kB │ gzip:   0.22 kB
public/build/assets/calendar-DAKlQxvn.js                                 0.26 kB │ gzip:   0.20 kB
public/build/assets/log-out-Bcox3xRK.js                                  0.26 kB │ gzip:   0.22 kB
public/build/assets/ticket-check-sV2nCONZ.js                             0.26 kB │ gzip:   0.20 kB
public/build/assets/log-in-B5_fZZBl.js                                   0.26 kB │ gzip:   0.22 kB
public/build/assets/file-minus-D929H4fH.js                               0.26 kB │ gzip:   0.19 kB
public/build/assets/key-C2w14RE4.js                                      0.26 kB │ gzip:   0.22 kB
public/build/assets/monitor-CMxEFsM4.js                                  0.26 kB │ gzip:   0.20 kB
public/build/assets/message-square-warning-OaAMKvLU.js                   0.26 kB │ gzip:   0.20 kB
public/build/assets/utensils-DVZuhX5k.js                                 0.26 kB │ gzip:   0.20 kB
public/build/assets/download-BsPeTZFZ.js                                 0.26 kB │ gzip:   0.22 kB
public/build/assets/zap-BHg7gKkF.js                                      0.26 kB │ gzip:   0.21 kB
public/build/assets/triangle-alert-D0HgPZBk.js                           0.26 kB │ gzip:   0.21 kB
public/build/assets/leaf-DvmiB1eS.js                                     0.26 kB │ gzip:   0.23 kB
public/build/assets/file-check-DcZwYDKx.js                               0.26 kB │ gzip:   0.20 kB
public/build/assets/workflow-DWOcO-_T.js                                 0.26 kB │ gzip:   0.20 kB
public/build/assets/mic-CmYawmft.js                                      0.26 kB │ gzip:   0.21 kB
public/build/assets/shield-D9NMMvEX.js                                   0.27 kB │ gzip:   0.22 kB
public/build/assets/list-plus-CTQJJGRr.js                                0.27 kB │ gzip:   0.19 kB
public/build/assets/battery-low-OkEIKra5.js                              0.27 kB │ gzip:   0.21 kB
public/build/assets/timer-reset-CS7bxzdV.js                              0.27 kB │ gzip:   0.21 kB
public/build/assets/award-DTdTUR30.js                                    0.27 kB │ gzip:   0.23 kB
public/build/assets/eraser-Dv_fLNL_.js                                   0.27 kB │ gzip:   0.22 kB
public/build/assets/image-C2WKELO-.js                                    0.27 kB │ gzip:   0.22 kB
public/build/assets/repeat-DxZvKMd_.js                                   0.27 kB │ gzip:   0.20 kB
public/build/assets/arrow-up-kIdO47Uo.js                                 0.27 kB │ gzip:   0.20 kB
public/build/assets/flame-C4ox0l0F.js                                    0.27 kB │ gzip:   0.23 kB
public/build/assets/git-branch-CtfAraRl.js                               0.27 kB │ gzip:   0.22 kB
public/build/assets/pencil-C7QGN04_.js                                   0.28 kB │ gzip:   0.23 kB
public/build/assets/pen-line-6JVh6t6q.js                                 0.28 kB │ gzip:   0.23 kB
public/build/assets/list-checks-CSYxjJfv.js                              0.28 kB │ gzip:   0.19 kB
public/build/assets/book-open-C1B74vB1.js                                0.28 kB │ gzip:   0.21 kB
public/build/assets/file-diff-CbPW-VT0.js                                0.28 kB │ gzip:   0.20 kB
public/build/assets/wifi-DjpEE6bP.js                                     0.28 kB │ gzip:   0.21 kB
public/build/assets/lightbulb-CKHkNDQd.js                                0.28 kB │ gzip:   0.22 kB
public/build/assets/file-plus-2-CBJgNGnp.js                              0.28 kB │ gzip:   0.21 kB
public/build/assets/layout-template-CK1Sd2Io.js                          0.28 kB │ gzip:   0.19 kB
public/build/assets/inbox-DjJ_zdgd.js                                    0.29 kB │ gzip:   0.23 kB
public/build/assets/wallet-Bh2yFbVA.js                                   0.29 kB │ gzip:   0.21 kB
public/build/assets/shopping-cart-BrtOMa5Y.js                            0.29 kB │ gzip:   0.23 kB
public/build/assets/shirt-CsOC5u7p.js                                    0.29 kB │ gzip:   0.23 kB
public/build/assets/files-DfP9BJQH.js                                    0.29 kB │ gzip:   0.21 kB
public/build/assets/house-8Ik0QpWl.js                                    0.29 kB │ gzip:   0.22 kB
public/build/assets/bell-bkWTBn2q.js                                     0.29 kB │ gzip:   0.24 kB
public/build/assets/use-initials-U-N8N3-N.js                             0.29 kB │ gzip:   0.20 kB
public/build/assets/send-CHSxtoLJ.js                                     0.29 kB │ gzip:   0.23 kB
public/build/assets/folder-open-i-jhcJZL.js                              0.29 kB │ gzip:   0.22 kB
public/build/assets/receipt-Coh80UjL.js                                  0.29 kB │ gzip:   0.21 kB
public/build/assets/governance-permissions-oQG3y2Ya.js                   0.29 kB │ gzip:   0.19 kB
public/build/assets/link-2-off-DsWvj_8n.js                               0.29 kB │ gzip:   0.21 kB
public/build/assets/smile-CpAxe824.js                                    0.29 kB │ gzip:   0.22 kB
public/build/assets/grid-3x3-DdDJ5AE4.js                                 0.29 kB │ gzip:   0.21 kB
public/build/assets/bed-double-CI8R3czD.js                               0.30 kB │ gzip:   0.21 kB
public/build/assets/heart-crack-C41wBL8z.js                              0.30 kB │ gzip:   0.24 kB
public/build/assets/hash-D1slwwKJ.js                                     0.30 kB │ gzip:   0.19 kB
public/build/assets/receipt-text-MPKrVdH4.js                             0.30 kB │ gzip:   0.20 kB
public/build/assets/maximize-2-CoUK7OuY.js                               0.30 kB │ gzip:   0.21 kB
public/build/assets/list-todo-CBPlSux_.js                                0.30 kB │ gzip:   0.22 kB
public/build/assets/paperclip-pQlF7pCC.js                                0.30 kB │ gzip:   0.23 kB
public/build/assets/file-up-C3OwjuaB.js                                  0.30 kB │ gzip:   0.21 kB
public/build/assets/gavel-C1S27Bmh.js                                    0.30 kB │ gzip:   0.22 kB
public/build/assets/flask-conical-PWCstcBV.js                            0.30 kB │ gzip:   0.23 kB
public/build/assets/thumbs-up-Bj4Be3Wm.js                                0.30 kB │ gzip:   0.24 kB
public/build/assets/list-CaIZO2bD.js                                     0.30 kB │ gzip:   0.18 kB
public/build/assets/file-down-Br1mx7zn.js                                0.30 kB │ gzip:   0.22 kB
public/build/assets/thumbs-down-BNFn1sFF.js                              0.30 kB │ gzip:   0.24 kB
public/build/assets/minimize-2-DZV1sllH.js                               0.30 kB │ gzip:   0.21 kB
public/build/assets/clipboard-check-ByZoysKn.js                          0.30 kB │ gzip:   0.23 kB
public/build/assets/file-clock-B0LB3tAs.js                               0.30 kB │ gzip:   0.24 kB
public/build/assets/users-ClVC8Oub.js                                    0.30 kB │ gzip:   0.23 kB
public/build/assets/calendar-check-yqyw08uU.js                           0.30 kB │ gzip:   0.23 kB
public/build/assets/coffee-DJGN4Txv.js                                   0.30 kB │ gzip:   0.21 kB
public/build/assets/user-x-BlWtEIZJ.js                                   0.30 kB │ gzip:   0.23 kB
public/build/assets/folder-plus-DLbh_WY5.js                              0.30 kB │ gzip:   0.23 kB
public/build/assets/chef-hat-CI88_bfi.js                                 0.31 kB │ gzip:   0.24 kB
public/build/assets/user-plus-BWHOi1KJ.js                                0.31 kB │ gzip:   0.23 kB
public/build/assets/box-EXCDV2pN.js                                      0.31 kB │ gzip:   0.23 kB
public/build/assets/heart-pulse-N4zcUxn3.js                              0.31 kB │ gzip:   0.25 kB
public/build/assets/piggy-bank-M3jvGJmE.js                               0.31 kB │ gzip:   0.25 kB
public/build/assets/badge-check-DtPGi7eo.js                              0.31 kB │ gzip:   0.21 kB
public/build/assets/hard-hat-B-Ysz46J.js                                 0.32 kB │ gzip:   0.23 kB
public/build/assets/shield-check-D0To6nFI.js                             0.32 kB │ gzip:   0.25 kB
public/build/assets/printer-Bcq4bUem.js                                  0.32 kB │ gzip:   0.24 kB
public/build/assets/square-pen-DlJB8S87.js                               0.32 kB │ gzip:   0.24 kB
public/build/assets/refresh-ccw-CC__clwe.js                              0.32 kB │ gzip:   0.23 kB
public/build/assets/ticket-B1nWdVXY.js                                   0.32 kB │ gzip:   0.21 kB
public/build/assets/tag-C-6RLYYv.js                                      0.32 kB │ gzip:   0.25 kB
public/build/assets/hand-helping-BIjPYujp.js                             0.32 kB │ gzip:   0.25 kB
public/build/assets/id-card-CiHKS8I_.js                                  0.32 kB │ gzip:   0.25 kB
public/build/assets/mail-warning-Dsv2R-QM.js                             0.32 kB │ gzip:   0.24 kB
public/build/assets/save-Syj0RPH2.js                                     0.33 kB │ gzip:   0.23 kB
public/build/assets/scan-line-CTBGrV4w.js                                0.33 kB │ gzip:   0.22 kB
public/build/assets/graduation-cap-DpnX3DCT.js                           0.33 kB │ gzip:   0.25 kB
public/build/assets/list-ordered-1yBelKOC.js                             0.33 kB │ gzip:   0.22 kB
public/build/assets/file-text-CrgVdNPy.js                                0.33 kB │ gzip:   0.22 kB
public/build/assets/book-open-check-pVyQXMMy.js                          0.33 kB │ gzip:   0.23 kB
public/build/assets/clipboard-plus-BG67jmt0.js                           0.33 kB │ gzip:   0.24 kB
public/build/assets/alarm-clock-BQToWcMg.js                              0.33 kB │ gzip:   0.24 kB
public/build/assets/contact-BHXJAimw.js                                  0.33 kB │ gzip:   0.24 kB
public/build/assets/calendar-x-BTtU_Yld.js                               0.34 kB │ gzip:   0.23 kB
public/build/assets/accessibility-BmRf9RV7.js                            0.34 kB │ gzip:   0.25 kB
public/build/assets/archive-restore-kZG7Oyt7.js                          0.34 kB │ gzip:   0.24 kB
public/build/assets/stethoscope-C7OCBpk9.js                              0.34 kB │ gzip:   0.24 kB
public/build/assets/shield-plus-BOdQs0Z0.js                              0.34 kB │ gzip:   0.26 kB
public/build/assets/layout-grid-CqmKmn14.js                              0.34 kB │ gzip:   0.19 kB
public/build/assets/pin-DLNHv7S9.js                                      0.35 kB │ gzip:   0.24 kB
public/build/assets/file-image-Bl26sY1y.js                               0.35 kB │ gzip:   0.25 kB
public/build/assets/scroll-text-COEbNnFi.js                              0.35 kB │ gzip:   0.23 kB
public/build/assets/key-round-C9y0FT7u.js                                0.35 kB │ gzip:   0.26 kB
public/build/assets/layout-dashboard-C0rVtBvz.js                         0.35 kB │ gzip:   0.21 kB
public/build/assets/shield-alert-t4qFAhzv.js                             0.35 kB │ gzip:   0.26 kB
public/build/assets/file-chart-column-increasing-Bqi0U2Nt.js             0.35 kB │ gzip:   0.24 kB
public/build/assets/webhook-C5s9sUc_.js                                  0.35 kB │ gzip:   0.27 kB
public/build/assets/crosshair-BT5TfW4p.js                                0.35 kB │ gzip:   0.22 kB
public/build/assets/calendar-plus-Kn568p9M.js                            0.35 kB │ gzip:   0.23 kB
public/build/assets/shield-x-CgxSRWaC.js                                 0.36 kB │ gzip:   0.26 kB
public/build/assets/gift-BPWsh9z9.js                                     0.36 kB │ gzip:   0.25 kB
public/build/assets/trash-2-CnIDTyYv.js                                  0.36 kB │ gzip:   0.25 kB
public/build/assets/calendar-x-2-goaJ1shh.js                             0.36 kB │ gzip:   0.23 kB
public/build/assets/bell-plus-2Rirx_ep.js                                0.36 kB │ gzip:   0.26 kB
public/build/assets/layout-list-mTXgKZk7.js                              0.36 kB │ gzip:   0.22 kB
public/build/assets/warehouse-Dm_-cZ6K.js                                0.36 kB │ gzip:   0.26 kB
public/build/assets/utensils-crossed-DVDfNVov.js                         0.36 kB │ gzip:   0.26 kB
public/build/assets/syringe-BMUmGCJa.js                                  0.36 kB │ gzip:   0.25 kB
public/build/assets/crown-CfpFqX13.js                                    0.36 kB │ gzip:   0.26 kB
public/build/assets/sparkle-DHcCF4jN.js                                  0.36 kB │ gzip:   0.24 kB
public/build/assets/scale-BLOWXrMC.js                                    0.36 kB │ gzip:   0.23 kB
public/build/assets/grip-vertical-DFTEpW9O.js                            0.36 kB │ gzip:   0.19 kB
public/build/assets/fuel-gwkRFvpl.js                                     0.37 kB │ gzip:   0.24 kB
public/build/assets/door-open-DP4gSqBb.js                                0.37 kB │ gzip:   0.25 kB
public/build/assets/droplets-9aywyeuh.js                                 0.37 kB │ gzip:   0.28 kB
public/build/assets/hammer-7DS06aum.js                                   0.37 kB │ gzip:   0.27 kB
public/build/assets/file-pen-D-Lpk24-.js                                 0.37 kB │ gzip:   0.26 kB
public/build/assets/package-CQXVPnUw.js                                  0.37 kB │ gzip:   0.26 kB
public/build/assets/index-B0Z-ysPe.js                                    0.37 kB │ gzip:   0.22 kB
public/build/assets/file-spreadsheet-Dk1rbAgJ.js                         0.37 kB │ gzip:   0.23 kB
public/build/assets/life-buoy-BQ6IT1My.js                                0.37 kB │ gzip:   0.22 kB
public/build/assets/calendar-clock-WZUlc963.js                           0.38 kB │ gzip:   0.26 kB
public/build/assets/shield-question-KBupx6wQ.js                          0.38 kB │ gzip:   0.28 kB
public/build/assets/network-CnsztbtR.js                                  0.38 kB │ gzip:   0.24 kB
public/build/assets/calendar-off-C1-E2ZlI.js                             0.38 kB │ gzip:   0.25 kB
public/build/assets/tags-Bg0F57rB.js                                     0.39 kB │ gzip:   0.28 kB
public/build/assets/baby-DgjhHoZ8.js                                     0.39 kB │ gzip:   0.26 kB
public/build/assets/hard-drive-DlkS7Pt-.js                               0.39 kB │ gzip:   0.26 kB
public/build/assets/job-posting-constants-CneitmEO.js                    0.39 kB │ gzip:   0.23 kB
public/build/assets/file-pen-line-qMQrple4.js                            0.39 kB │ gzip:   0.26 kB
public/build/assets/phone-CPfl8naP.js                                    0.39 kB │ gzip:   0.25 kB
public/build/assets/bell-ring-DRJ7cVva.js                                0.40 kB │ gzip:   0.28 kB
public/build/assets/map-pinned-C5mlIwra.js                               0.40 kB │ gzip:   0.29 kB
public/build/assets/shield-off-CQ7cVpUY.js                               0.40 kB │ gzip:   0.28 kB
public/build/assets/truck-D-qnM7dw.js                                    0.40 kB │ gzip:   0.27 kB
public/build/assets/sprout-PQVDXbcJ.js                                   0.40 kB │ gzip:   0.28 kB
public/build/assets/car-CB-nXM4y.js                                      0.40 kB │ gzip:   0.29 kB
public/build/assets/locate-fixed-DARl5IPk.js                             0.40 kB │ gzip:   0.23 kB
public/build/assets/hand-CU3hLp4S.js                                     0.41 kB │ gzip:   0.25 kB
public/build/assets/landmark-3t2zFm17.js                                 0.41 kB │ gzip:   0.24 kB
public/build/assets/hand-coins-BsLI29QL.js                               0.41 kB │ gzip:   0.29 kB
public/build/assets/clipboard-list-Cu7Yn9dY.js                           0.41 kB │ gzip:   0.26 kB
public/build/assets/transport-medication-replay-Codz-1oF.js              0.41 kB │ gzip:   0.29 kB
public/build/assets/loader-ZMrYLjg9.js                                   0.41 kB │ gzip:   0.24 kB
public/build/assets/mouse-pointer-click-BbKs6Xah.js                      0.41 kB │ gzip:   0.28 kB
public/build/assets/calendar-range-fdNa9cRF.js                           0.41 kB │ gzip:   0.26 kB
public/build/assets/waypoints-Db2Dtyem.js                                0.41 kB │ gzip:   0.25 kB
public/build/assets/layers-CFKCoKSJ.js                                   0.42 kB │ gzip:   0.24 kB
public/build/assets/mic-off-BsUzi8N3.js                                  0.42 kB │ gzip:   0.27 kB
public/build/assets/waves-DhKrRNOw.js                                    0.42 kB │ gzip:   0.21 kB
public/build/assets/skeleton-CDTEQwaO.js                                 0.42 kB │ gzip:   0.32 kB
public/build/assets/package-check-DAIFvRhH.js                            0.42 kB │ gzip:   0.29 kB
public/build/assets/octagon-alert-20tAzOjT.js                            0.43 kB │ gzip:   0.25 kB
public/build/assets/cable-D6Fle76P.js                                    0.43 kB │ gzip:   0.26 kB
public/build/assets/eye-off-C9OIzzry.js                                  0.43 kB │ gzip:   0.27 kB
public/build/assets/building-2-D8rKEchf.js                               0.44 kB │ gzip:   0.25 kB
public/build/assets/heading-small-B1QYXXBZ.js                            0.44 kB │ gzip:   0.32 kB
public/build/assets/handshake-CJDnX-6_.js                                0.45 kB │ gzip:   0.28 kB
public/build/assets/hand-heart-BPSc5QD_.js                               0.45 kB │ gzip:   0.31 kB
public/build/assets/bus-h1LNqb5s.js                                      0.45 kB │ gzip:   0.29 kB
public/build/assets/footprints-CAYDlV2I.js                               0.45 kB │ gzip:   0.30 kB
public/build/assets/radio-tower-BjTSTrEa.js                              0.45 kB │ gzip:   0.29 kB
public/build/assets/input-error-DCYErTdJ.js                              0.46 kB │ gzip:   0.32 kB
public/build/assets/wifi-off-CtVMhd-P.js                                 0.46 kB │ gzip:   0.27 kB
public/build/assets/scan-eye-DzhFE-m7.js                                 0.46 kB │ gzip:   0.28 kB
public/build/assets/heart-handshake-wbRwxVlC.js                          0.46 kB │ gzip:   0.31 kB
public/build/assets/spinner-Tz2OWouM.js                                  0.46 kB │ gzip:   0.34 kB
public/build/assets/person-standing-C2OxToka.js                          0.46 kB │ gzip:   0.31 kB
public/build/assets/trophy-BiMGXWzd.js                                   0.46 kB │ gzip:   0.28 kB
public/build/assets/pen-tool-BrQRP9F_.js                                 0.47 kB │ gzip:   0.30 kB
public/build/assets/siren-CYpdzdVz.js                                    0.47 kB │ gzip:   0.28 kB
public/build/assets/star-Bjvkk-Tg.js                                     0.47 kB │ gzip:   0.29 kB
public/build/assets/sun-CvlC3oZt.js                                      0.47 kB │ gzip:   0.26 kB
public/build/assets/notebook-pen-uFsbZRoC.js                             0.47 kB │ gzip:   0.29 kB
public/build/assets/cake-Szx5PGlI.js                                     0.49 kB │ gzip:   0.27 kB
public/build/assets/cctv-CPdJ8ydX.js                                     0.49 kB │ gzip:   0.30 kB
public/build/assets/calendar-days-BuPSTRt3.js                            0.49 kB │ gzip:   0.27 kB
public/build/assets/cpu-C5yXCRyI.js                                      0.50 kB │ gzip:   0.26 kB
public/build/assets/zoom-out-BXH0Qell.js                                 0.50 kB │ gzip:   0.23 kB
public/build/assets/radar-9yE817U-.js                                    0.50 kB │ gzip:   0.30 kB
public/build/assets/sparkles-CnbruP9s.js                                 0.51 kB │ gzip:   0.30 kB
public/build/assets/wand-sparkles-BGWeknqg.js                            0.51 kB │ gzip:   0.29 kB
public/build/assets/ambulance-CjWqDZmp.js                                0.51 kB │ gzip:   0.31 kB
public/build/assets/_helpers-Ayp0jCez.js                                 0.51 kB │ gzip:   0.33 kB
public/build/assets/unlink-0efRrsdO.js                                   0.53 kB │ gzip:   0.30 kB
public/build/assets/calculator-ZvQlhfB6.js                               0.53 kB │ gzip:   0.28 kB
public/build/assets/circle-dashed-Bf-ci--K.js                            0.57 kB │ gzip:   0.29 kB
public/build/assets/use-alert-workspace-focus-return-DGVRYbyO.js         0.58 kB │ gzip:   0.35 kB
public/build/assets/package-open-C_OtxhTa.js                             0.58 kB │ gzip:   0.33 kB
public/build/assets/i18n-Dncd9j2h.js                                     0.58 kB │ gzip:   0.39 kB
public/build/assets/user-cog-Dfa994QP.js                                 0.58 kB │ gzip:   0.32 kB
public/build/assets/sliders-horizontal-lr3bReym.js                       0.58 kB │ gzip:   0.27 kB
public/build/assets/send-to-back-D_cA91Dh.js                             0.58 kB │ gzip:   0.31 kB
public/build/assets/fingerprint-MxDSMBcT.js                              0.60 kB │ gzip:   0.35 kB
public/build/assets/label-DCjEnjsZ.js                                    0.61 kB │ gzip:   0.39 kB
public/build/assets/form-request-errors-BSRXMDrM.js                      0.63 kB │ gzip:   0.36 kB
public/build/assets/loading-state-M02jxnXY.js                            0.64 kB │ gzip:   0.43 kB
public/build/assets/text-link-RogODYI2.js                                0.65 kB │ gzip:   0.42 kB
public/build/assets/qr-code-Dv82Aod1.js                                  0.65 kB │ gzip:   0.31 kB
public/build/assets/server-DkMZuFcp.js                                   0.66 kB │ gzip:   0.37 kB
public/build/assets/collapsible-dZ42gUqn.js                              0.66 kB │ gzip:   0.28 kB
public/build/assets/resident-dot-BLoyRUP7.js                             0.67 kB │ gzip:   0.46 kB
public/build/assets/fleet-stat-card-RoAOTqze.js                          0.72 kB │ gzip:   0.44 kB
public/build/assets/party-popper-BPS-wbhc.js                             0.72 kB │ gzip:   0.41 kB
public/build/assets/settings-BXJXW3hw.js                                 0.72 kB │ gzip:   0.34 kB
public/build/assets/textarea-C_9uu-fb.js                                 0.73 kB │ gzip:   0.47 kB
public/build/assets/meeting-workspace-links-BSKYBk34.js                  0.73 kB │ gzip:   0.40 kB
public/build/assets/brain-C5aBJYOr.js                                    0.73 kB │ gzip:   0.36 kB
public/build/assets/use-mobile-DlEv6ewV.js                               0.75 kB │ gzip:   0.34 kB
public/build/assets/separator-DcAv2UUF.js                                0.77 kB │ gzip:   0.45 kB
public/build/assets/page-shell-B7eQidXD.js                               0.77 kB │ gzip:   0.45 kB
public/build/assets/shared-DHJYl7e2.js                                   0.77 kB │ gzip:   0.40 kB
public/build/assets/shared-D3Yvwbxq.js                                   0.77 kB │ gzip:   0.39 kB
public/build/assets/shift-row-types-DQA9BK_P.js                          0.80 kB │ gzip:   0.38 kB
public/build/assets/hr-tabs-D8RBQ2_A.js                                  0.81 kB │ gzip:   0.51 kB
public/build/assets/ops-stat-card-B5yV9KEU.js                            0.81 kB │ gzip:   0.48 kB
public/build/assets/progress-BxLvrMK0.js                                 0.82 kB │ gzip:   0.54 kB
public/build/assets/readable-operational-state-CK8MzJI-.js               0.85 kB │ gzip:   0.45 kB
public/build/assets/boxes-DzfsvEyg.js                                    0.85 kB │ gzip:   0.40 kB
public/build/assets/wizard-DF_QPOrg.js                                   0.87 kB │ gzip:   0.55 kB
public/build/assets/wizard-NNmqhkha.js                                   0.87 kB │ gzip:   0.55 kB
public/build/assets/list-caption-hE5ckvXY.js                             0.91 kB │ gzip:   0.54 kB
public/build/assets/index-CSEUMRIG.js                                    0.92 kB │ gzip:   0.53 kB
public/build/assets/now-rule-P7hRYwwd.js                                 0.95 kB │ gzip:   0.58 kB
public/build/assets/hero-action-button-D-GVyXk8.js                       0.95 kB │ gzip:   0.55 kB
public/build/assets/page-layout-DtSKkYRB.js                              0.97 kB │ gzip:   0.56 kB
public/build/assets/governance-dialog-deep-link-BLAMUST6.js              0.98 kB │ gzip:   0.58 kB
public/build/assets/settings-tabs-JIVHgAwp.js                            0.99 kB │ gzip:   0.54 kB
public/build/assets/error-state-D4Sk7jFG.js                              1.01 kB │ gzip:   0.62 kB
public/build/assets/use-settings-leave-confirmation-_sN1T8um.js          1.02 kB │ gzip:   0.61 kB
public/build/assets/presence-dot-CuGnqH3Y.js                             1.04 kB │ gzip:   0.58 kB
public/build/assets/input-49RbooBa.js                                    1.05 kB │ gzip:   0.59 kB
public/build/assets/command-centre-page-DtWTVCPC.js                      1.05 kB │ gzip:   0.59 kB
public/build/assets/switch-DZPR4_MT.js                                   1.06 kB │ gzip:   0.61 kB
public/build/assets/_shared-BN-lC1nz.js                                  1.07 kB │ gzip:   0.56 kB
public/build/assets/governance-work-CPDXtwsY.js                          1.09 kB │ gzip:   0.59 kB
public/build/assets/hover-action-vLW4u2SF.js                             1.09 kB │ gzip:   0.65 kB
public/build/assets/WidgetCard-2tC8eOcV.js                               1.10 kB │ gzip:   0.62 kB
public/build/assets/micro-stats-BKNykt34.js                              1.11 kB │ gzip:   0.61 kB
public/build/assets/confetti-8ALvzRDJ.js                                 1.11 kB │ gzip:   0.65 kB
public/build/assets/avatar-Cz9SiJ4o.js                                   1.14 kB │ gzip:   0.44 kB
public/build/assets/checkbox-Cuak6o3C.js                                 1.15 kB │ gzip:   0.63 kB
public/build/assets/GovernanceHomeRail-CCFutIJP.js                       1.21 kB │ gzip:   0.68 kB
public/build/assets/_confirm-action-CxjMs0-U.js                          1.24 kB │ gzip:   0.70 kB
public/build/assets/wizard-stepper-DfkiWkr8.js                           1.24 kB │ gzip:   0.66 kB
public/build/assets/handover-person-notes-CbHlG0Rx.js                    1.25 kB │ gzip:   0.63 kB
public/build/assets/task-api-LDQPp0GA.js                                 1.27 kB │ gzip:   0.81 kB
public/build/assets/_types-Bdo8GrIg.js                                   1.29 kB │ gzip:   0.67 kB
public/build/assets/medication-stock-governance-C5VIWPFO.js              1.30 kB │ gzip:   0.60 kB
public/build/assets/radio-group-CLd3-Zpx.js                              1.31 kB │ gzip:   0.65 kB
public/build/assets/DiscardDraftDialog-BQwSVRBf.js                       1.32 kB │ gzip:   0.76 kB
public/build/assets/_attachments-BfrHX9g5.js                             1.32 kB │ gzip:   0.75 kB
public/build/assets/stream-grouping-DxjzPWpi.js                          1.35 kB │ gzip:   0.73 kB
public/build/assets/staff-avatar-DvYhYQ6L.js                             1.35 kB │ gzip:   0.81 kB
public/build/assets/workflow-ribbon-DMBOzvLs.js                          1.35 kB │ gzip:   0.70 kB
public/build/assets/shift-status-badge-DDVG9_jD.js                       1.36 kB │ gzip:   0.67 kB
public/build/assets/timesheet-status-badge-Bi180FBB.js                   1.36 kB │ gzip:   0.66 kB
public/build/assets/fleet-responsive-list-CgDsyRvl.js                    1.38 kB │ gzip:   0.70 kB
public/build/assets/sso-sign-in-buttons-C4W8doCB.js                      1.40 kB │ gzip:   0.72 kB
public/build/assets/site-credentials-CuhrbwjV.js                         1.43 kB │ gzip:   0.75 kB
public/build/assets/_helpers-DwiQF0jk.js                                 1.46 kB │ gzip:   0.80 kB
public/build/assets/fleet-empty-state-CCOePLMp.js                        1.46 kB │ gzip:   0.77 kB
public/build/assets/journey-reference-strip-pm5NcpKt.js                  1.46 kB │ gzip:   0.81 kB
public/build/assets/GovernanceSectionRail-IYJBv-Z5.js                    1.47 kB │ gzip:   0.82 kB
public/build/assets/index-DcmOMlk_.js                                    1.50 kB │ gzip:   0.52 kB
public/build/assets/badge-CZnzl86v.js                                    1.53 kB │ gzip:   0.77 kB
public/build/assets/shift-types-DwkcQj1Z.js                              1.54 kB │ gzip:   0.78 kB
public/build/assets/performance-tabs-Bh2-E6CG.js                         1.55 kB │ gzip:   0.74 kB
public/build/assets/confirm-dialog-BbNKEC44.js                           1.57 kB │ gzip:   0.86 kB
public/build/assets/mini-sparkline-D7i7f6lZ.js                           1.58 kB │ gzip:   0.91 kB
public/build/assets/verify-email-BEYLc0R8.js                             1.58 kB │ gzip:   0.85 kB
public/build/assets/date-time-field-CMecPhaB.js                          1.58 kB │ gzip:   0.79 kB
public/build/assets/status-badge-BcV9Cyb7.js                             1.61 kB │ gzip:   0.78 kB
public/build/assets/control-room-vocab-Dd4ZsCDv.js                       1.62 kB │ gzip:   0.64 kB
public/build/assets/popover-ifeG7vZg.js                                  1.64 kB │ gzip:   0.70 kB
public/build/assets/ops-charts-CfZvOWbq.js                               1.65 kB │ gzip:   0.78 kB
public/build/assets/alert-CF50OPgI.js                                    1.69 kB │ gzip:   0.74 kB
public/build/assets/alert-status-CJIpEYvh.js                             1.69 kB │ gzip:   0.79 kB
public/build/assets/report-incident-dialog-e98X3dWg.js                   1.70 kB │ gzip:   0.89 kB
public/build/assets/laravel-pagination-CrTjqat9.js                       1.70 kB │ gzip:   0.84 kB
public/build/assets/money-L4nGavLX.js                                    1.71 kB │ gzip:   0.97 kB
public/build/assets/card-C9LxLdKv.js                                     1.77 kB │ gzip:   0.57 kB
public/build/assets/_helpers-Dvvgd_Ga.js                                 1.77 kB │ gzip:   0.76 kB
public/build/assets/documents-tabs-DmKpqJNe.js                           1.78 kB │ gzip:   0.93 kB
public/build/assets/workflow-ribbon-DhM6Uusg.js                          1.80 kB │ gzip:   0.79 kB
public/build/assets/overlay-focus-return-4ESXsuki.js                     1.82 kB │ gzip:   0.89 kB
public/build/assets/tooltip-DVHxUwor.js                                  1.82 kB │ gzip:   0.84 kB
public/build/assets/control-room-alert-row-actions-cCo8gxCD.js           1.85 kB │ gzip:   0.68 kB
public/build/assets/options-BwkaeHrx.js                                  1.86 kB │ gzip:   0.72 kB
public/build/assets/my-day-list-q1itjVfJ.js                              1.86 kB │ gzip:   0.90 kB
public/build/assets/accordion-Cs1nIaeo.js                                1.87 kB │ gzip:   0.85 kB
public/build/assets/journey-gate-list-DceM7HWu.js                        1.87 kB │ gzip:   0.85 kB
public/build/assets/fleet-utils-Bl0sIMTe.js                              1.90 kB │ gzip:   0.72 kB
public/build/assets/_helpers-kdxXPU0y.js                                 1.94 kB │ gzip:   1.04 kB
public/build/assets/draft-resume-prompt-CNYAgTQf.js                      1.95 kB │ gzip:   1.01 kB
public/build/assets/respite-subnav-DVA95RUh.js                           2.01 kB │ gzip:   0.96 kB
public/build/assets/handover-follow-ups-CM70PA0k.js                      2.02 kB │ gzip:   1.02 kB
public/build/assets/button-DhhB9F7m.js                                   2.05 kB │ gzip:   0.96 kB
public/build/assets/address-autocomplete-23Pba136.js                     2.07 kB │ gzip:   1.14 kB
public/build/assets/confirm-password-28-uMVnB.js                         2.07 kB │ gzip:   1.04 kB
public/build/assets/_dialogs--fEHyKGW.js                                 2.08 kB │ gzip:   1.11 kB
public/build/assets/governance-calendar-adapter-BoWwsrz5.js              2.10 kB │ gzip:   1.01 kB
public/build/assets/_create-recovery-i6Ou491d.js                         2.10 kB │ gzip:   1.07 kB
public/build/assets/use-personal-location-privacy-k70ZMAas.js            2.16 kB │ gzip:   0.99 kB
public/build/assets/reports-tabs-B0hGpsQ2.js                             2.17 kB │ gzip:   1.07 kB
public/build/assets/attention-panel-B0fRrBR_.js                          2.17 kB │ gzip:   0.99 kB
public/build/assets/task-step-draft-CzW6FJKY.js                          2.18 kB │ gzip:   1.13 kB
public/build/assets/payroll-hero-D_RWr7YW.js                             2.28 kB │ gzip:   1.11 kB
public/build/assets/_shared-B9J3PYcc.js                                  2.30 kB │ gzip:   1.17 kB
public/build/assets/_memory-recovery-KPLCXoTQ.js                         2.31 kB │ gzip:   1.21 kB
public/build/assets/_shared-DU0t3SeW.js                                  2.34 kB │ gzip:   1.14 kB
public/build/assets/reason-dialog-BNY3LfR7.js                            2.34 kB │ gzip:   1.28 kB
public/build/assets/table-DHtHPBEX.js                                    2.42 kB │ gzip:   0.67 kB
public/build/assets/drills-C-dfAuyC.js                                   2.43 kB │ gzip:   1.13 kB
public/build/assets/_icons-CdCt9VlV.js                                   2.45 kB │ gzip:   1.15 kB
public/build/assets/first-aid-BMRjN1Kn.js                                2.47 kB │ gzip:   1.14 kB
public/build/assets/task-help-inbox-capicK3w.js                          2.48 kB │ gzip:   1.34 kB
public/build/assets/datetime-Cj7rLFb1.js                                 2.50 kB │ gzip:   1.10 kB
public/build/assets/finance-section-rail-BCtC6hXx.js                     2.53 kB │ gzip:   1.28 kB
public/build/assets/provisioning-request-files-HI05Znir.js               2.56 kB │ gzip:   1.25 kB
public/build/assets/text-prompt-dialog-BrQER7RT.js                       2.62 kB │ gzip:   1.41 kB
public/build/assets/services-bAqyw7WD.js                                 2.63 kB │ gzip:   1.19 kB
public/build/assets/shift-context-menu-CNRM9i7R.js                       2.64 kB │ gzip:   1.37 kB
public/build/assets/provisioning-command-fields-4x2FBuJS.js              2.68 kB │ gzip:   1.16 kB
public/build/assets/care-plan-domains-oH1wRap4.js                        2.69 kB │ gzip:   1.26 kB
public/build/assets/donut-chart-BjEVgtH7.js                              2.71 kB │ gzip:   1.35 kB
public/build/assets/donut-RxOXSbq7.js                                    2.74 kB │ gzip:   1.38 kB
public/build/assets/index-BjmjDcUN.js                                    2.76 kB │ gzip:   0.71 kB
public/build/assets/status-badge-3QlJuqdd.js                             2.76 kB │ gzip:   1.29 kB
public/build/assets/readiness-CCtxrr-L.js                                2.79 kB │ gzip:   1.36 kB
public/build/assets/financials-RowckFn5.js                               2.80 kB │ gzip:   1.36 kB
public/build/assets/safety-register-CESiaw41.js                          2.83 kB │ gzip:   1.33 kB
public/build/assets/ppe-Cn-B2-Pd.js                                      2.84 kB │ gzip:   1.11 kB
public/build/assets/register-row-kit-DYBAbrfL.js                         2.86 kB │ gzip:   1.16 kB
public/build/assets/lifecycle-tabs-jN2FrmiP.js                           2.88 kB │ gzip:   1.48 kB
public/build/assets/_tabs-B1URQmqE.js                                    2.90 kB │ gzip:   1.48 kB
public/build/assets/_note-category-picker-DlRRF7_f.js                    2.92 kB │ gzip:   1.38 kB
public/build/assets/use-create-shift-launcher-CHBO-5ws.js                2.92 kB │ gzip:   1.43 kB
public/build/assets/use-form-autosave-D_b-LMNC.js                        2.92 kB │ gzip:   1.46 kB
public/build/assets/toolbar-Chp2jdCQ.js                                  2.92 kB │ gzip:   1.40 kB
public/build/assets/hs-detail-dialog-CzQTPgyh.js                         2.93 kB │ gzip:   1.33 kB
public/build/assets/notification-catalog-DveZKd9k.js                     2.96 kB │ gzip:   0.93 kB
public/build/assets/forgot-password-D8K-HWBD.js                          2.99 kB │ gzip:   1.44 kB
public/build/assets/auth-layout-CZtzJmh4.js                              3.03 kB │ gzip:   1.37 kB
public/build/assets/report-launcher-hQPFrdL-.js                          3.03 kB │ gzip:   1.51 kB
public/build/assets/tab-strip-BVRkR7Di.js                                3.03 kB │ gzip:   1.38 kB
public/build/assets/_overview-map-card-Bjyvl9e3.js                       3.06 kB │ gzip:   1.49 kB
public/build/assets/provisioning-manual-dialog-CwOgZzG5.js               3.06 kB │ gzip:   1.53 kB
public/build/assets/reset-password-emBLTMPh.js                           3.08 kB │ gzip:   1.25 kB
public/build/assets/start-reconciliation-dialog-ByVvBvCR.js              3.11 kB │ gzip:   1.29 kB
public/build/assets/two-factor-challenge-COyI4CtK.js                     3.13 kB │ gzip:   1.47 kB
public/build/assets/dictate-button-DBsVvtrn.js                           3.14 kB │ gzip:   1.60 kB
public/build/assets/use-specialist-form-defaults-CCUPqv94.js             3.14 kB │ gzip:   1.56 kB
public/build/assets/client-edit-dialog-DMPlW3oZ.js                       3.16 kB │ gzip:   1.57 kB
public/build/assets/record-care-actions-DqVx1Vr-.js                      3.18 kB │ gzip:   1.40 kB
public/build/assets/document-library-kit-DH6FgSzf.js                     3.19 kB │ gzip:   1.08 kB
public/build/assets/risk-assessments-C2OHf_pf.js                         3.21 kB │ gzip:   1.54 kB
public/build/assets/recorded-detail-dialog-qi-T_AYf.js                   3.22 kB │ gzip:   1.59 kB
public/build/assets/control-room-row-actions-D66ym14Y.js                 3.31 kB │ gzip:   1.49 kB
public/build/assets/_dialogs-DRnsUC8I.js                                 3.32 kB │ gzip:   1.44 kB
public/build/assets/leave-context-menu-DLPvYjQP.js                       3.33 kB │ gzip:   1.64 kB
public/build/assets/row-context-menu-BuvIqrKq.js                         3.33 kB │ gzip:   1.64 kB
public/build/assets/_context-menu-CeQQh61p.js                            3.33 kB │ gzip:   1.60 kB
public/build/assets/fleet-compact-hero-COz8rRXr.js                       3.33 kB │ gzip:   1.45 kB
public/build/assets/compensation-tabs-CA5ham9S.js                        3.34 kB │ gzip:   1.62 kB
public/build/assets/hs-hero-kit-Cge8JHBh.js                              3.36 kB │ gzip:   1.54 kB
public/build/assets/task-steps-B5sx6Xtd.js                               3.38 kB │ gzip:   1.59 kB
public/build/assets/shift-med-snapshot-D4yZIfnr.js                       3.39 kB │ gzip:   1.37 kB
public/build/assets/device-profile-navigation-cZGlc6ug.js                3.40 kB │ gzip:   1.65 kB
public/build/assets/inspections-BbKwrngv.js                              3.42 kB │ gzip:   1.39 kB
public/build/assets/ra-register-section-CleftNaT.js                      3.46 kB │ gzip:   1.76 kB
public/build/assets/command-BJW5_wsa.js                                  3.47 kB │ gzip:   1.06 kB
public/build/assets/shift-context-menu-D0DgSK9K.js                       3.49 kB │ gzip:   1.66 kB
public/build/assets/posting-preview-BLWC2TSD.js                          3.51 kB │ gzip:   1.53 kB
public/build/assets/_emergency-checklist-BjzyXgde.js                     3.52 kB │ gzip:   1.54 kB
public/build/assets/handover-context-menu-DgvDjAJk.js                    3.55 kB │ gzip:   1.54 kB
public/build/assets/_readiness-panel-B2-5eKMN.js                         3.59 kB │ gzip:   1.64 kB
public/build/assets/checklists-DwhwyZx1.js                               3.59 kB │ gzip:   1.71 kB
public/build/assets/checks-model-BpbAC4Rm.js                             3.63 kB │ gzip:   1.63 kB
public/build/assets/journey-term-help-CZip3Yk2.js                        3.64 kB │ gzip:   1.45 kB
public/build/assets/my-provisioning-list-CknucG5I.js                     3.67 kB │ gzip:   1.70 kB
public/build/assets/site-profile-states-685aaWFG.js                      3.69 kB │ gzip:   1.46 kB
public/build/assets/alert-dialog-CTbWLyiF.js                             3.76 kB │ gzip:   1.10 kB
public/build/assets/resolution-voting-Bpa7_z73.js                        3.78 kB │ gzip:   1.69 kB
public/build/assets/_geometry-Dx1kFP0e.js                                3.80 kB │ gzip:   1.60 kB
public/build/assets/configured-questions-Bf34g4oa.js                     3.86 kB │ gzip:   1.82 kB
public/build/assets/register-BcNuC8v_.js                                 3.88 kB │ gzip:   1.46 kB
public/build/assets/MedicationScanVerificationPanel-CPk1OPxs.js          3.89 kB │ gzip:   1.61 kB
public/build/assets/task-detail-dialog-BdqqBoJn.js                       3.90 kB │ gzip:   1.78 kB
public/build/assets/reference-questionnaire-D1Jdnuav.js                  3.94 kB │ gzip:   1.81 kB
public/build/assets/ticket-version-conflict-CBHgW8MC.js                  3.96 kB │ gzip:   1.80 kB
public/build/assets/shift-timeline-summary-flJTKn6M.js                   3.99 kB │ gzip:   1.66 kB
public/build/assets/login-D6ZcLNom.js                                    4.01 kB │ gzip:   1.73 kB
public/build/assets/governed-location-export-dialog-D2_joOHq.js          4.01 kB │ gzip:   1.97 kB
public/build/assets/shared-DVHVAImu.js                                   4.01 kB │ gzip:   1.96 kB
public/build/assets/finance-period-filter-CPsX6wWL.js                    4.02 kB │ gzip:   1.91 kB
public/build/assets/edit-C4T5DlXU.js                                     4.03 kB │ gzip:   1.78 kB
public/build/assets/calendar-BcQWZpJs.js                                 4.06 kB │ gzip:   1.79 kB
public/build/assets/shift-summary-Cv3kO6u4.js                            4.07 kB │ gzip:   1.68 kB
public/build/assets/workspace-model-CTDC_Qgb.js                          4.10 kB │ gzip:   1.78 kB
public/build/assets/index-Bpzl9rqK.js                                    4.13 kB │ gzip:   0.83 kB
public/build/assets/entity-cells-BtquqXDd.js                             4.13 kB │ gzip:   1.63 kB
public/build/assets/use-two-factor-auth-ChYPuq6E.js                      4.15 kB │ gzip:   1.78 kB
public/build/assets/empty-state-ChROnS8H.js                              4.18 kB │ gzip:   1.85 kB
public/build/assets/board-bits-CKIW8QoF.js                               4.19 kB │ gzip:   1.58 kB
public/build/assets/specialist-record-list-BYBsw61p.js                   4.23 kB │ gzip:   1.98 kB
public/build/assets/hazards-DqOJ2odw.js                                  4.24 kB │ gzip:   1.95 kB
public/build/assets/estate-operations-C4dT8qT9.js                        4.29 kB │ gzip:   1.73 kB
public/build/assets/documents-CCQnCs3T.js                                4.32 kB │ gzip:   1.91 kB
public/build/assets/generate-rounds-modal-CG_uM66y.js                    4.33 kB │ gzip:   2.12 kB
public/build/assets/wizard-fields-BYYV6agZ.js                            4.34 kB │ gzip:   1.89 kB
public/build/assets/first-aid-tab-sZ6NoGAx.js                            4.34 kB │ gzip:   1.78 kB
public/build/assets/assets-vCTgnSBf.js                                   4.37 kB │ gzip:   1.73 kB
public/build/assets/login-pHusSkij.js                                    4.37 kB │ gzip:   1.85 kB
public/build/assets/date-picker-BuGfm9WP.js                              4.39 kB │ gzip:   1.98 kB
public/build/assets/privacy-shared-DFZRWKmT.js                           4.39 kB │ gzip:   1.65 kB
public/build/assets/_shared-BZ_1XT_y.js                                  4.41 kB │ gzip:   1.90 kB
public/build/assets/_dialogs-CSAb5gRp.js                                 4.43 kB │ gzip:   1.81 kB
public/build/assets/add-evidence-dialog-Bfp_SqUR.js                      4.43 kB │ gzip:   2.18 kB
public/build/assets/shift-audit-timeline-Cg-ewxPh.js                     4.49 kB │ gzip:   1.82 kB
public/build/assets/shared-CK9lAlZn.js                                   4.50 kB │ gzip:   1.74 kB
public/build/assets/applicable-procedures-panel-lJxpURbz.js              4.52 kB │ gzip:   1.75 kB
public/build/assets/task-help-5AjtN_Y6.js                                4.61 kB │ gzip:   1.95 kB
public/build/assets/client-clinical-launchers-CvnOs8s_.js                4.62 kB │ gzip:   2.10 kB
public/build/assets/meal-planner-BEq5Tjyw.js                             4.69 kB │ gzip:   2.20 kB
public/build/assets/incidents-tab-Du_gYPkC.js                            4.72 kB │ gzip:   1.85 kB
public/build/assets/Create-NB-Gzf0s.js                                   4.73 kB │ gzip:   2.11 kB
public/build/assets/_dialogs-eGN-wb9a.js                                 4.75 kB │ gzip:   2.19 kB
public/build/assets/donut-card-BwnfSjei.js                               4.76 kB │ gzip:   2.08 kB
public/build/assets/control-room-workspace-hero-CT9QldFT.js              4.76 kB │ gzip:   2.26 kB
public/build/assets/AgedPayables-D_-AfvGb.js                             4.79 kB │ gzip:   2.15 kB
public/build/assets/AgedReceivables-vAGHf2f_.js                          4.80 kB │ gzip:   2.15 kB
public/build/assets/dialog-BaV487t3.js                                   4.80 kB │ gzip:   1.63 kB
public/build/assets/_asset-dialogs-BiUKnUng.js                           4.83 kB │ gzip:   2.30 kB
public/build/assets/entity-filter-BleH4bgK.js                            4.89 kB │ gzip:   2.28 kB
public/build/assets/Edit-D1eGm6XZ.js                                     4.91 kB │ gzip:   2.26 kB
public/build/assets/hardware-66q3dNYV.js                                 4.92 kB │ gzip:   2.15 kB
public/build/assets/permission-destinations-BFbWZJRC.js                  4.93 kB │ gzip:   1.13 kB
public/build/assets/page-tabs-BE0wrNkT.js                                4.94 kB │ gzip:   2.03 kB
public/build/assets/concern-CphDshpt.js                                  4.96 kB │ gzip:   2.27 kB
public/build/assets/_dialogs-BJT99UKl.js                                 4.97 kB │ gzip:   2.34 kB
public/build/assets/whats-next-rail-D4JZw9_o.js                          4.99 kB │ gzip:   2.37 kB
public/build/assets/_dialogs-BVeePIoS.js                                 5.03 kB │ gzip:   2.03 kB
public/build/assets/leave-calendar-range-CL2_rSmX.js                     5.04 kB │ gzip:   2.26 kB
public/build/assets/_dialogs-CD5xtehg.js                                 5.10 kB │ gzip:   2.37 kB
public/build/assets/client-safety-ribbon-BuYAbepY.js                     5.10 kB │ gzip:   2.25 kB
public/build/assets/show-7Ng8U_cX.js                                     5.15 kB │ gzip:   2.38 kB
public/build/assets/fleet-navigation-HB935tAy.js                         5.17 kB │ gzip:   2.00 kB
public/build/assets/_evidence-D94MZy4x.js                                5.17 kB │ gzip:   2.19 kB
public/build/assets/prn-effect-dialog-BYNsjMDl.js                        5.19 kB │ gzip:   2.28 kB
public/build/assets/shared-4desNmiR.js                                   5.20 kB │ gzip:   2.04 kB
public/build/assets/day-picker-chip-CjKx894H.js                          5.21 kB │ gzip:   2.23 kB
public/build/assets/list-view-DV2k9aly.js                                5.22 kB │ gzip:   1.84 kB
public/build/assets/Placeholder-B1OIJaUa.js                              5.23 kB │ gzip:   2.45 kB
public/build/assets/before-you-finish-Dlt9vFuX.js                        5.25 kB │ gzip:   2.12 kB
public/build/assets/plan-OIcwtYmG.js                                     5.26 kB │ gzip:   2.34 kB
public/build/assets/wizard-shell-DhHu25CZ.js                             5.31 kB │ gzip:   2.31 kB
public/build/assets/application-status-G08xAa-D.js                       5.31 kB │ gzip:   2.16 kB
public/build/assets/care-plan-domains-builder-BDqzU30N.js                5.33 kB │ gzip:   2.07 kB
public/build/assets/shared-CmyqTydH.js                                   5.34 kB │ gzip:   2.38 kB
public/build/assets/entity-menu-D-PoqHQG.js                              5.35 kB │ gzip:   2.46 kB
public/build/assets/index-_yRFdSNx.js                                    5.35 kB │ gzip:   2.38 kB
public/build/assets/paperwork-panel-ON_5sKab.js                          5.38 kB │ gzip:   2.34 kB
public/build/assets/show-CkUmDHfz.js                                     5.41 kB │ gzip:   2.40 kB
public/build/assets/contacts-BbwTakF-.js                                 5.42 kB │ gzip:   2.31 kB
public/build/assets/_thumbnail-BrUjxOVx.js                               5.43 kB │ gzip:   2.56 kB
public/build/assets/fleet-charts-BD3Cp0FY.js                             5.50 kB │ gzip:   2.46 kB
public/build/assets/global-k67ykEfW.js                                   5.55 kB │ gzip:   2.47 kB
public/build/assets/Index-CPZ5Rfmw.js                                    5.55 kB │ gzip:   2.49 kB
public/build/assets/show-De3Rnyzm.js                                     5.56 kB │ gzip:   2.53 kB
public/build/assets/show-g06cEl4L.js                                     5.57 kB │ gzip:   2.35 kB
public/build/assets/show-CdxH1_S7.js                                     5.58 kB │ gzip:   2.32 kB
public/build/assets/date-popover-CI0IGeu7.js                             5.60 kB │ gzip:   2.41 kB
public/build/assets/audit-log-modal-3MBbgtML.js                          5.60 kB │ gzip:   2.52 kB
public/build/assets/medication-review-modal-BaEcGE-V.js                  5.64 kB │ gzip:   2.55 kB
public/build/assets/index-DwIGoTX1.js                                    5.66 kB │ gzip:   2.51 kB
public/build/assets/entity-table-z1KPREZI.js                             5.74 kB │ gzip:   2.40 kB
public/build/assets/complete-obligation-dialog-DV6gUp9x.js               5.76 kB │ gzip:   2.57 kB
public/build/assets/index-BE51zaSO.js                                    5.78 kB │ gzip:   2.58 kB
public/build/assets/rhythms-routines-GXjzTIsf.js                         5.79 kB │ gzip:   2.63 kB
public/build/assets/Calendar-6ZRId3Zf.js                                 5.81 kB │ gzip:   2.64 kB
public/build/assets/index-BAcBxnJj.js                                    5.86 kB │ gzip:   2.68 kB
public/build/assets/select-WzBlEWT6.js                                   5.86 kB │ gzip:   1.90 kB
public/build/assets/multi-entity-filter-BnJAxPyb.js                      5.86 kB │ gzip:   2.62 kB
public/build/assets/_shared-DnWtQiNM.js                                  5.88 kB │ gzip:   2.59 kB
public/build/assets/dropdown-menu-CS98Td2y.js                            5.88 kB │ gzip:   1.65 kB
public/build/assets/stat-tile-DcEOif3_.js                                5.89 kB │ gzip:   2.51 kB
public/build/assets/GovernanceAttachmentsPanel-Cff-0HCP.js               5.91 kB │ gzip:   2.49 kB
public/build/assets/_helpers-hrndUUhI.js                                 5.94 kB │ gzip:   2.45 kB
public/build/assets/index-D7x1qGhg.js                                    5.98 kB │ gzip:   2.77 kB
public/build/assets/index-j4Ve-1Qk.js                                    6.01 kB │ gzip:   2.73 kB
public/build/assets/compliance-bits-CPBFCQyK.js                          6.02 kB │ gzip:   2.53 kB
public/build/assets/audit-BjBYMt70.js                                    6.02 kB │ gzip:   2.71 kB
public/build/assets/index-DTURuCGM.js                                    6.03 kB │ gzip:   2.61 kB
public/build/assets/report-page-DS2TztsL.js                              6.03 kB │ gzip:   2.83 kB
public/build/assets/link-client-dialog-ClVibAKD.js                       6.06 kB │ gzip:   2.58 kB
public/build/assets/stream-context-menu-DTxFP2XR.js                      6.08 kB │ gzip:   2.79 kB
public/build/assets/food-meal-CPFN4DoA.js                                6.12 kB │ gzip:   2.11 kB
public/build/assets/BoardMonthly-DIeN9nET.js                             6.17 kB │ gzip:   2.86 kB
public/build/assets/index-Box1-fZW.js                                    6.18 kB │ gzip:   2.82 kB
public/build/assets/with-concerns-DOTWj-FS.js                            6.18 kB │ gzip:   2.75 kB
public/build/assets/with-incidents-DJ6PY--9.js                           6.19 kB │ gzip:   2.75 kB
public/build/assets/show-DO2WtV84.js                                     6.22 kB │ gzip:   2.82 kB
public/build/assets/index-nWcTKWq6.js                                    6.22 kB │ gzip:   2.77 kB
public/build/assets/compliance-hub-header-BKVBsxMA.js                    6.22 kB │ gzip:   2.75 kB
public/build/assets/index-BdZjZiBS.js                                    6.26 kB │ gzip:   2.81 kB
public/build/assets/emergency-plan-DpnRTDOw.js                           6.26 kB │ gzip:   2.80 kB
public/build/assets/recognition-wizard-CNWfrc2m.js                       6.27 kB │ gzip:   2.43 kB
public/build/assets/show-CJF_oUw8.js                                     6.29 kB │ gzip:   2.50 kB
public/build/assets/Calendar-DVpjr2Ac.js                                 6.32 kB │ gzip:   2.86 kB
public/build/assets/index-BoAcb6Fb.js                                    6.35 kB │ gzip:   2.82 kB
public/build/assets/quick-note-dialog-DlVJoRUg.js                        6.36 kB │ gzip:   2.65 kB
public/build/assets/for-stay-DP--A3Nl.js                                 6.36 kB │ gzip:   2.81 kB
public/build/assets/create-CC0So_VB.js                                   6.38 kB │ gzip:   2.63 kB
public/build/assets/use-my-day-labels-Cu-spPls.js                        6.38 kB │ gzip:   2.60 kB
public/build/assets/entity-card-Z-d5uMjj.js                              6.39 kB │ gzip:   2.73 kB
public/build/assets/stock-movement-modal-BhIpP0cw.js                     6.40 kB │ gzip:   2.62 kB
public/build/assets/report-B2J9UitF.js                                   6.41 kB │ gzip:   2.92 kB
public/build/assets/show-C-CWpiK5.js                                     6.41 kB │ gzip:   2.85 kB
public/build/assets/offer-response-8ah8BxYa.js                           6.41 kB │ gzip:   2.61 kB
public/build/assets/compensation-hero-BAGXPJsO.js                        6.42 kB │ gzip:   2.49 kB
public/build/assets/Create-DIRT4Omv.js                                   6.44 kB │ gzip:   2.95 kB
public/build/assets/auto-rule-builder-D9gf1eeS.js                        6.50 kB │ gzip:   2.43 kB
public/build/assets/tabs-C73ee4IT.js                                     6.50 kB │ gzip:   2.68 kB
public/build/assets/overdue-e0-oxCAt.js                                  6.50 kB │ gzip:   2.84 kB
public/build/assets/list-view-CTbPfwZv.js                                6.53 kB │ gzip:   2.37 kB
public/build/assets/clients-qdELJkFp.js                                  6.54 kB │ gzip:   2.78 kB
public/build/assets/unacknowledged-B8AsxMSL.js                           6.54 kB │ gzip:   2.84 kB
public/build/assets/overdue-BBLbopkV.js                                  6.54 kB │ gzip:   2.85 kB
public/build/assets/my-active-DFBR3g4l.js                                6.55 kB │ gzip:   2.91 kB
public/build/assets/ppe-shared-BgG0xXB9.js                               6.56 kB │ gzip:   2.65 kB
public/build/assets/trend-charts-BSgI5V3T.js                             6.57 kB │ gzip:   2.53 kB
public/build/assets/Create-BMnpBEhH.js                                   6.57 kB │ gzip:   2.96 kB
public/build/assets/actions-reviews-Cdxpbjhz.js                          6.59 kB │ gzip:   2.68 kB
public/build/assets/maps-usage-2uO7AJmy.js                               6.62 kB │ gzip:   2.91 kB
public/build/assets/sortable.esm-TrASzQ3t.js                             6.64 kB │ gzip:   2.78 kB
public/build/assets/_workspace-CPT9_mAi.js                               6.70 kB │ gzip:   2.73 kB
public/build/assets/meal-planner-BYyzEd0g.js                             6.72 kB │ gzip:   2.99 kB
public/build/assets/_registers-DLAmR8km.js                               6.75 kB │ gzip:   2.64 kB
public/build/assets/for-client-JIDFhJX3.js                               6.75 kB │ gzip:   2.93 kB
public/build/assets/shift-calendar-view-7oRo2brW.js                      6.78 kB │ gzip:   2.74 kB
public/build/assets/index-BKuL1aI8.js                                    6.82 kB │ gzip:   1.08 kB
public/build/assets/handover-rail-DPk7L5XN.js                            6.82 kB │ gzip:   2.89 kB
public/build/assets/needing-acknowledgment-BsO0c0mR.js                   6.86 kB │ gzip:   2.92 kB
public/build/assets/clock-in-wizard-CpL6j6cq.js                          6.88 kB │ gzip:   2.94 kB
public/build/assets/for-stay-53QoWIFG.js                                 6.88 kB │ gzip:   3.04 kB
public/build/assets/board-view-Bt1gSIRw.js                               6.89 kB │ gzip:   2.72 kB
public/build/assets/search-select-DGsVk_4u.js                            6.89 kB │ gzip:   3.20 kB
public/build/assets/checklist-trends-B4hHVFGl.js                         6.90 kB │ gzip:   2.99 kB
public/build/assets/day-work-list-Rl9t9Vni.js                            6.91 kB │ gzip:   2.82 kB
public/build/assets/assignments-Bi3eJrIE.js                              6.91 kB │ gzip:   3.27 kB
public/build/assets/show-BthAFL1b.js                                     6.93 kB │ gzip:   3.19 kB
public/build/assets/index-pEoumUe3.js                                    6.94 kB │ gzip:   2.81 kB
public/build/assets/for-stay-D8aEjWhq.js                                 7.00 kB │ gzip:   3.11 kB
public/build/assets/_dialogs-1dEtIRBl.js                                 7.01 kB │ gzip:   3.23 kB
public/build/assets/_header-CT4t6-Fo.js                                  7.05 kB │ gzip:   3.26 kB
public/build/assets/alert-worklist-Ps0F2Vxq.js                           7.05 kB │ gzip:   2.64 kB
public/build/assets/my-tasks-B9y0wZw9.js                                 7.07 kB │ gzip:   3.10 kB
public/build/assets/_site-geofence-dialog-Bo2tWTMd.js                    7.09 kB │ gzip:   2.72 kB
public/build/assets/agreements-Cmt725qi.js                               7.10 kB │ gzip:   3.28 kB
public/build/assets/combined-Br3lh0CQ.js                                 7.10 kB │ gzip:   3.03 kB
public/build/assets/awaiting-approval-bwBoQJ11.js                        7.11 kB │ gzip:   3.05 kB
public/build/assets/reports-modal-D6UIDR0J.js                            7.13 kB │ gzip:   2.97 kB
public/build/assets/Calendar-B4ORZ8v0.js                                 7.15 kB │ gzip:   3.19 kB
public/build/assets/index-BjQBite_.js                                    7.15 kB │ gzip:   3.05 kB
public/build/assets/monitoring-incident-evidence-card-Bw6YsaMA.js        7.16 kB │ gzip:   2.51 kB
public/build/assets/Index-CWiITSVL.js                                    7.16 kB │ gzip:   3.08 kB
public/build/assets/assets-CYxWM4bO.js                                   7.16 kB │ gzip:   2.98 kB
public/build/assets/_dialogs-CnAaf1w_.js                                 7.17 kB │ gzip:   3.06 kB
public/build/assets/checklist-C56BexlI.js                                7.18 kB │ gzip:   3.12 kB
public/build/assets/fix-clock-out-wizard-DVAlfLIp.js                     7.18 kB │ gzip:   3.07 kB
public/build/assets/_dialogs-BWEtz3MV.js                                 7.19 kB │ gzip:   3.02 kB
public/build/assets/fleet-hero-kit-D3_sGJDL.js                           7.19 kB │ gzip:   2.89 kB
public/build/assets/Show-C2btBawx.js                                     7.20 kB │ gzip:   2.96 kB
public/build/assets/leave-excursions-ZQ4mQHsu.js                         7.21 kB │ gzip:   2.38 kB
public/build/assets/Index-DDraXOpf.js                                    7.22 kB │ gzip:   3.07 kB
public/build/assets/Show-Cv6GFtMX.js                                     7.24 kB │ gzip:   3.08 kB
public/build/assets/preferences-CqfpKG6w.js                              7.28 kB │ gzip:   3.26 kB
public/build/assets/review-DzQIx7lQ.js                                   7.31 kB │ gzip:   3.11 kB
public/build/assets/new-journal-dialog-C3i0s2HA.js                       7.31 kB │ gzip:   2.69 kB
public/build/assets/respite-K6orFmcr.js                                  7.31 kB │ gzip:   2.81 kB
public/build/assets/people-picker-9z56Wo8s.js                            7.35 kB │ gzip:   3.14 kB
public/build/assets/provisioning-picker-BQf6bUi9.js                      7.39 kB │ gzip:   3.29 kB
public/build/assets/index-C5y7l4Ob.js                                    7.44 kB │ gzip:   3.13 kB
public/build/assets/index-WFTzVcJ9.js                                    7.44 kB │ gzip:   3.13 kB
public/build/assets/_review-dialog-C8aygEcw.js                           7.47 kB │ gzip:   3.13 kB
public/build/assets/create-B4vrqN6Q.js                                   7.50 kB │ gzip:   3.27 kB
public/build/assets/_dialogs-BVrsRn83.js                                 7.51 kB │ gzip:   2.47 kB
public/build/assets/Edit-DoQtR9de.js                                     7.51 kB │ gzip:   3.22 kB
public/build/assets/create-Nl8h3fvZ.js                                   7.51 kB │ gzip:   3.15 kB
public/build/assets/compliance-hero-DkMVMCCG.js                          7.56 kB │ gzip:   2.61 kB
public/build/assets/shared-C9YxXCH1.js                                   7.61 kB │ gzip:   3.05 kB
public/build/assets/payroll-adjustments-Cf4rE3HU.js                      7.67 kB │ gzip:   3.08 kB
public/build/assets/deletion-logs-H31J7Tms.js                            7.74 kB │ gzip:   3.35 kB
public/build/assets/report-error-modal-DpaWyEyz.js                       7.76 kB │ gzip:   3.27 kB
public/build/assets/show-D59-raNC.js                                     7.79 kB │ gzip:   3.15 kB
public/build/assets/communication-notes-COMXcFZE.js                      7.79 kB │ gzip:   3.16 kB
public/build/assets/for-stay-ZmwasYbR.js                                 7.83 kB │ gzip:   3.27 kB
public/build/assets/assignments-Z7rcwe98.js                              7.86 kB │ gzip:   3.58 kB
public/build/assets/medical-simple-Cn3s2fI_.js                           7.89 kB │ gzip:   3.45 kB
public/build/assets/index-C2aqdcbh.js                                    7.90 kB │ gzip:   3.27 kB
public/build/assets/history-index-CxQTG5fI.js                            7.95 kB │ gzip:   3.48 kB
public/build/assets/Submissions-_r55wz4E.js                              7.96 kB │ gzip:   3.71 kB
public/build/assets/daily-note-entry-C24KMhfb.js                         7.97 kB │ gzip:   3.03 kB
public/build/assets/pending-Knld9BIS.js                                  8.01 kB │ gzip:   3.40 kB
public/build/assets/index-DvXDB6kj.js                                    8.02 kB │ gzip:   3.37 kB
public/build/assets/show-DauMsmVF.js                                     8.05 kB │ gzip:   3.54 kB
public/build/assets/file-dropzone-CVOtrj7y.js                            8.08 kB │ gzip:   3.49 kB
public/build/assets/from-resolution-DgxwURfI.js                          8.10 kB │ gzip:   3.59 kB
public/build/assets/audit-history-eLR5LILH.js                            8.13 kB │ gzip:   3.26 kB
public/build/assets/shoutouts-Dl9YrAcO.js                                8.19 kB │ gzip:   3.56 kB
public/build/assets/notifications-DeqqF1UU.js                            8.20 kB │ gzip:   3.61 kB
public/build/assets/_tool-palette-BIH8LM_o.js                            8.20 kB │ gzip:   2.99 kB
public/build/assets/work-schedule-C1Qz2BZB.js                            8.26 kB │ gzip:   3.42 kB
public/build/assets/shell-BygoBbKN.js                                    8.30 kB │ gzip:   2.99 kB
public/build/assets/availability-CapbGETY.js                             8.34 kB │ gzip:   3.69 kB
public/build/assets/round-template-dialog-DvqMLkkh.js                    8.39 kB │ gzip:   3.49 kB
public/build/assets/index-BmIwv0vG.js                                    8.40 kB │ gzip:   3.17 kB
public/build/assets/reassign-dialog-B7ayJXLs.js                          8.42 kB │ gzip:   3.60 kB
public/build/assets/incidents-B_HtsJcr.js                                8.42 kB │ gzip:   3.36 kB
public/build/assets/index-Dlg97wMc.js                                    8.44 kB │ gzip:   1.27 kB
public/build/assets/password-CHCQKNcM.js                                 8.46 kB │ gzip:   3.37 kB
public/build/assets/attestations-BKzp7wMN.js                             8.47 kB │ gzip:   3.65 kB
public/build/assets/form-wizard-ZRP6WM06.js                              8.49 kB │ gzip:   3.50 kB
public/build/assets/my-day-header-_duFIUB4.js                            8.50 kB │ gzip:   3.70 kB
public/build/assets/_dialogs-DmSAcvAJ.js                                 8.57 kB │ gzip:   3.32 kB
public/build/assets/index-CuuwrIhI.js                                    8.60 kB │ gzip:   1.25 kB
public/build/assets/primitives-CG98Hl_K.js                               8.69 kB │ gzip:   3.27 kB
public/build/assets/bank-account-dialog-CNTSIVT7.js                      8.70 kB │ gzip:   3.38 kB
public/build/assets/asset-condition-2qv9P-tA.js                          8.70 kB │ gzip:   3.47 kB
public/build/assets/credentials-BCmFbS4U.js                              8.70 kB │ gzip:   3.56 kB
public/build/assets/settings-BsxCzN3a.js                                 8.71 kB │ gzip:   3.76 kB
public/build/assets/new-account-dialog-Dn2kMMHh.js                       8.74 kB │ gzip:   3.41 kB
public/build/assets/index-C3ceTt-t.js                                    8.75 kB │ gzip:   3.72 kB
public/build/assets/index-DKOzVi6T.js                                    8.75 kB │ gzip:   3.73 kB
public/build/assets/personal-entry-dialog-CPtuuB7K.js                    8.79 kB │ gzip:   3.30 kB
public/build/assets/add-medication-modal-DMmLhlrU.js                     8.87 kB │ gzip:   3.65 kB
public/build/assets/show-nYCk3Bew.js                                     8.89 kB │ gzip:   3.03 kB
public/build/assets/show-BxuPm5Rl.js                                     8.94 kB │ gzip:   3.99 kB
public/build/assets/timeline-interactions-B167KP_S.js                    8.96 kB │ gzip:   3.62 kB
public/build/assets/overdue-actions-Dz792V2U.js                          8.98 kB │ gzip:   3.73 kB
public/build/assets/Index-B02stEqD.js                                    9.02 kB │ gzip:   3.82 kB
public/build/assets/fleet-DOtXLBWo.js                                    9.05 kB │ gzip:   3.15 kB
public/build/assets/hero-kit-C2ZF0T1p.js                                 9.08 kB │ gzip:   2.98 kB
public/build/assets/assess-CoWpzWHL.js                                   9.10 kB │ gzip:   3.78 kB
public/build/assets/Index-Dm9Z5Nco.js                                    9.11 kB │ gzip:   3.91 kB
public/build/assets/record-BaqFokAO.js                                   9.12 kB │ gzip:   4.12 kB
public/build/assets/index-B1NClwnD.js                                    9.13 kB │ gzip:   3.80 kB
public/build/assets/ClientTrends-DL9Zb6oH.js                             9.13 kB │ gzip:   3.91 kB
public/build/assets/file-CiJlj6Ts.js                                     9.15 kB │ gzip:   3.88 kB
public/build/assets/Index-BWBDofdC.js                                    9.24 kB │ gzip:   3.69 kB
public/build/assets/index-OvWM1JZJ.js                                    9.26 kB │ gzip:   3.94 kB
public/build/assets/index-COvATk-c.js                                    9.26 kB │ gzip:   3.64 kB
public/build/assets/index-C-Me4XtZ.js                                    9.27 kB │ gzip:   4.02 kB
public/build/assets/note-rail-CQvaLpWK.js                                9.29 kB │ gzip:   3.55 kB
public/build/assets/shift-show-redesign-CVMZnVSw.js                      9.34 kB │ gzip:   3.58 kB
public/build/assets/CarePlans-DZ46nUvD.js                                9.34 kB │ gzip:   3.76 kB
public/build/assets/knowledge-related-records-D29_s8XT.js                9.37 kB │ gzip:   3.78 kB
public/build/assets/cd-register-modal-DKiOv9Pw.js                        9.37 kB │ gzip:   3.85 kB
public/build/assets/reports-D7pOICi5.js                                  9.39 kB │ gzip:   3.90 kB
public/build/assets/_manage-types-dialog-8vUEVsC-.js                     9.39 kB │ gzip:   3.83 kB
public/build/assets/Show-DtNmpKrZ.js                                     9.40 kB │ gzip:   4.18 kB
public/build/assets/Show-DLMc7gV9.js                                     9.46 kB │ gzip:   4.09 kB
public/build/assets/location-workspace-D_HVK1rm.js                       9.47 kB │ gzip:   4.05 kB
public/build/assets/benefits-CFj6T-Bp.js                                 9.49 kB │ gzip:   3.77 kB
public/build/assets/Create-CN_tj9xt.js                                   9.53 kB │ gzip:   3.87 kB
public/build/assets/history--_yECapL.js                                  9.54 kB │ gzip:   3.83 kB
public/build/assets/_dialogs-DgEk2dIe.js                                 9.60 kB │ gzip:   3.08 kB
public/build/assets/Index-Dp1Z5P6e.js                                    9.61 kB │ gzip:   4.14 kB
public/build/assets/Edit-BNqiMabu.js                                     9.65 kB │ gzip:   4.00 kB
public/build/assets/family-tree-CiY653ei.js                              9.68 kB │ gzip:   3.64 kB
public/build/assets/reimbursement-RtkCdgPO.js                            9.68 kB │ gzip:   3.76 kB
public/build/assets/module-C4HIWtr-.js                                   9.69 kB │ gzip:   4.30 kB
public/build/assets/index-ky9yr_ED.js                                    9.69 kB │ gzip:   4.08 kB
public/build/assets/create-y8cjM3lR.js                                   9.73 kB │ gzip:   4.07 kB
public/build/assets/Index-BtZfvjGy.js                                    9.73 kB │ gzip:   4.01 kB
public/build/assets/upload-BnRtEeQy.js                                   9.73 kB │ gzip:   4.06 kB
public/build/assets/stream-item-aViRizLs.js                              9.74 kB │ gzip:   3.61 kB
public/build/assets/Mapping-CHvC4BiP.js                                  9.75 kB │ gzip:   4.18 kB
public/build/assets/show-B48qy6lg.js                                     9.76 kB │ gzip:   3.88 kB
public/build/assets/reviews-CQy745wE.js                                  9.77 kB │ gzip:   4.36 kB
public/build/assets/linked-operational-evidence-CUw4Kqh8.js              9.78 kB │ gzip:   3.16 kB
public/build/assets/retention-Cs_3komu.js                                9.81 kB │ gzip:   3.93 kB
public/build/assets/_food-meal-preferences-DYqjCa2s.js                   9.82 kB │ gzip:   3.80 kB
public/build/assets/respond-wHaxcjd3.js                                  9.85 kB │ gzip:   4.29 kB
public/build/assets/ComplianceStatus-DL8Il3FS.js                         9.86 kB │ gzip:   4.19 kB
public/build/assets/index-BJssXsf7.js                                    9.87 kB │ gzip:   4.01 kB
public/build/assets/Index-B9Y2xQCu.js                                    9.88 kB │ gzip:   4.12 kB
public/build/assets/Create-Cl16sbid.js                                   9.89 kB │ gzip:   4.00 kB
public/build/assets/create-BAYXlEq-.js                                   9.92 kB │ gzip:   4.09 kB
public/build/assets/Logs-bboxKXpV.js                                     9.94 kB │ gzip:   4.24 kB
public/build/assets/Create-vYICF-bK.js                                   9.94 kB │ gzip:   4.01 kB
public/build/assets/succession-wizards-gg_RZl30.js                       9.98 kB │ gzip:   3.99 kB
public/build/assets/Index-BpSFFKnv.js                                    9.98 kB │ gzip:   4.17 kB
public/build/assets/RiskNarrative-G7gMwW3O.js                            9.99 kB │ gzip:   4.13 kB
public/build/assets/BoardMembers-DAzsyaQV.js                            10.02 kB │ gzip:   4.26 kB
public/build/assets/for-stay-BntzbPQv.js                                10.04 kB │ gzip:   3.90 kB
public/build/assets/index-C-7qzkGg.js                                   10.05 kB │ gzip:   4.01 kB
public/build/assets/Index-DetQpdUj.js                                   10.05 kB │ gzip:   4.13 kB
public/build/assets/finance-CJq13AO-.js                                 10.05 kB │ gzip:   3.53 kB
public/build/assets/quick-add-task-CXCht0F6.js                          10.06 kB │ gzip:   3.84 kB
public/build/assets/pending-BF51JmVA.js                                 10.07 kB │ gzip:   3.84 kB
public/build/assets/time-picker-q12xnjrm.js                             10.09 kB │ gzip:   4.28 kB
public/build/assets/my-calendar-rb4Ewea0.js                             10.09 kB │ gzip:   4.65 kB
public/build/assets/grouped-profile-nav-zrwsWxOz.js                     10.09 kB │ gzip:   3.87 kB
public/build/assets/vehicle-technology-projection-5S8O3boh.js           10.10 kB │ gzip:   3.39 kB
public/build/assets/Show-Bl0f14wb.js                                    10.12 kB │ gzip:   4.46 kB
public/build/assets/index-BcYoqzI-.js                                   10.13 kB │ gzip:   4.04 kB
public/build/assets/Index-CsKZmoZ3.js                                   10.13 kB │ gzip:   4.31 kB
public/build/assets/create-8uobsE00.js                                  10.13 kB │ gzip:   4.32 kB
public/build/assets/template-CvWPjOGp.js                                10.18 kB │ gzip:   4.12 kB
public/build/assets/GovernanceTermHint-BOzJRG_P.js                      10.20 kB │ gzip:   4.11 kB
public/build/assets/policies-BHzgT03k.js                                10.22 kB │ gzip:   4.16 kB
public/build/assets/Show-Cnw3yu0F.js                                    10.24 kB │ gzip:   4.32 kB
public/build/assets/asset-finance-technology-projection-CmyxbAW6.js     10.26 kB │ gzip:   3.48 kB
public/build/assets/record-wizard-shared-BSm9B2wH.js                    10.28 kB │ gzip:   3.92 kB
public/build/assets/create-ChVAJn9k.js                                  10.29 kB │ gzip:   4.15 kB
public/build/assets/show-B61ETS-u.js                                    10.30 kB │ gzip:   4.04 kB
public/build/assets/staff-requirements-DUMJYeQ0.js                      10.31 kB │ gzip:   3.82 kB
public/build/assets/_inventory-table-DQd2URtG.js                        10.34 kB │ gzip:   3.74 kB
public/build/assets/legal-holds-Lrycn7e9.js                             10.35 kB │ gzip:   4.19 kB
public/build/assets/show-CgbMe80s.js                                    10.39 kB │ gzip:   4.09 kB
public/build/assets/unifi-BVs2rMxy.js                                   10.41 kB │ gzip:   4.15 kB
public/build/assets/Index-ob7q7whE.js                                   10.42 kB │ gzip:   4.37 kB
public/build/assets/Show-Bx8NYMl5.js                                    10.43 kB │ gzip:   3.90 kB
public/build/assets/create-cSokXNLE.js                                  10.45 kB │ gzip:   4.29 kB
public/build/assets/ClientSummary-BwP_Tiwq.js                           10.46 kB │ gzip:   3.76 kB
public/build/assets/index-ERGQhRfl.js                                   10.46 kB │ gzip:   4.36 kB
public/build/assets/Index-BRZlZZo3.js                                   10.46 kB │ gzip:   4.30 kB
public/build/assets/marketing-layout-sFcWwAmz.js                        10.47 kB │ gzip:   3.34 kB
public/build/assets/Index-Db9Z1TYp.js                                   10.48 kB │ gzip:   4.30 kB
public/build/assets/saved-DEsh9iQx.js                                   10.50 kB │ gzip:   4.29 kB
public/build/assets/index-CNkXkGGJ.js                                   10.52 kB │ gzip:   4.14 kB
public/build/assets/Index-BhASDPIu.js                                   10.53 kB │ gzip:   4.26 kB
public/build/assets/FundingStreamSummary-BdAM1gbk.js                    10.54 kB │ gzip:   4.33 kB
public/build/assets/show-BNnzCi5G.js                                    10.59 kB │ gzip:   3.90 kB
public/build/assets/edit-CV-u8yg6.js                                    10.60 kB │ gzip:   4.37 kB
public/build/assets/Index-DJsoTUCV.js                                   10.60 kB │ gzip:   4.38 kB
public/build/assets/Index-jtv8Z3c2.js                                   10.60 kB │ gzip:   4.50 kB
public/build/assets/risks-C8zAT7tq.js                                   10.61 kB │ gzip:   4.02 kB
public/build/assets/status-BUrsNyBU.js                                  10.61 kB │ gzip:   4.23 kB
public/build/assets/Index-BW4x4hCb.js                                   10.65 kB │ gzip:   4.41 kB
public/build/assets/edit-B8KLuz3K.js                                    10.66 kB │ gzip:   4.32 kB
public/build/assets/index-BpyUvDUq.js                                   10.73 kB │ gzip:   4.77 kB
public/build/assets/modules-CIWGGkVz.js                                 10.75 kB │ gzip:   4.32 kB
public/build/assets/create-bRfG1_8M.js                                  10.77 kB │ gzip:   3.68 kB
public/build/assets/compliance-CFAwnmqV.js                              10.77 kB │ gzip:   4.27 kB
public/build/assets/tomorrow-panel-CUG1O4Fs.js                          10.80 kB │ gzip:   4.25 kB
public/build/assets/index-z91vcX8H.js                                   10.82 kB │ gzip:   4.24 kB
public/build/assets/portal-users-BOcQmvrK.js                            10.84 kB │ gzip:   4.47 kB
public/build/assets/_door-B2m7jivU.js                                   10.87 kB │ gzip:   3.81 kB
public/build/assets/documents-CeG6Gb0e.js                               10.87 kB │ gzip:   3.85 kB
public/build/assets/work-calendar-settings-FSaxPjVg.js                  10.91 kB │ gzip:   4.32 kB
public/build/assets/risks-9xxxpzsG.js                                   10.93 kB │ gzip:   4.14 kB
public/build/assets/Show-ClfXXUu6.js                                    10.94 kB │ gzip:   4.24 kB
public/build/assets/Index-BMJ-PmS4.js                                   10.97 kB │ gzip:   4.51 kB
public/build/assets/Changes-SbVKPp39.js                                 10.97 kB │ gzip:   4.91 kB
public/build/assets/index-ubtH2xcj.js                                   11.02 kB │ gzip:   1.52 kB
public/build/assets/wizard-kit-CoF2m8lQ.js                              11.02 kB │ gzip:   4.64 kB
public/build/assets/Show-L3mJjauU.js                                    11.03 kB │ gzip:   4.47 kB
public/build/assets/handovers-hero-Dl1Th2OO.js                          11.03 kB │ gzip:   4.82 kB
public/build/assets/create-EMsyuOO7.js                                  11.03 kB │ gzip:   4.49 kB
public/build/assets/Index-DIf4__oI.js                                   11.08 kB │ gzip:   4.62 kB
public/build/assets/Committee-CG8FMPau.js                               11.09 kB │ gzip:   4.82 kB
public/build/assets/_dialogs-DH3F88V0.js                                11.11 kB │ gzip:   4.43 kB
public/build/assets/create-DQF1x70Y.js                                  11.12 kB │ gzip:   4.40 kB
public/build/assets/TrialBalance-Du1HV2Ja.js                            11.13 kB │ gzip:   4.82 kB
public/build/assets/index-CKkAGiu4.js                                   11.15 kB │ gzip:   4.59 kB
public/build/assets/vendors-hHYyaMUX.js                                 11.16 kB │ gzip:   3.64 kB
public/build/assets/photos-BdDW8YZa.js                                  11.17 kB │ gzip:   4.58 kB
public/build/assets/breaches-Dlukmi1T.js                                11.17 kB │ gzip:   4.42 kB
public/build/assets/clock-out-wizard-DqoN_q0j.js                        11.18 kB │ gzip:   4.50 kB
public/build/assets/index-n6Yc-6xG.js                                   11.19 kB │ gzip:   4.03 kB
public/build/assets/summary-jfRW8taf.js                                 11.22 kB │ gzip:   4.13 kB
public/build/assets/timeline-Bzqsogix.js                                11.23 kB │ gzip:   4.81 kB
public/build/assets/index-BIL11-zj.js                                   11.26 kB │ gzip:   4.37 kB
public/build/assets/cards-view-By3W0CZO.js                              11.27 kB │ gzip:   4.22 kB
public/build/assets/broadcast-show-BSJYi95q.js                          11.29 kB │ gzip:   4.13 kB
public/build/assets/privacy-action-modal-DlQ1s2Jj.js                    11.30 kB │ gzip:   4.43 kB
public/build/assets/show-supervision-Qbf57OyM.js                        11.30 kB │ gzip:   4.26 kB
public/build/assets/dashboard-tabs-Z_L_R5t6.js                          11.32 kB │ gzip:   4.22 kB
public/build/assets/CheckShift-PmIU3OmV.js                              11.36 kB │ gzip:   4.80 kB
public/build/assets/Edit-DibwZDi6.js                                    11.36 kB │ gzip:   4.58 kB
public/build/assets/Index-BUfvEz3D.js                                   11.36 kB │ gzip:   4.69 kB
public/build/assets/notifications-BgeftoZ8.js                           11.38 kB │ gzip:   4.22 kB
public/build/assets/Index-C0tPPg1R.js                                   11.42 kB │ gzip:   4.73 kB
public/build/assets/wizard-configs-DmB1p7_T.js                          11.42 kB │ gzip:   3.50 kB
public/build/assets/Index-IS63XJm3.js                                   11.43 kB │ gzip:   4.60 kB
public/build/assets/Matrix-CmObzfRO.js                                  11.45 kB │ gzip:   4.88 kB
public/build/assets/leave-hub-parts-hse8GSn4.js                         11.45 kB │ gzip:   4.22 kB
public/build/assets/visit-requests-BhKK6XH3.js                          11.45 kB │ gzip:   4.63 kB
public/build/assets/price-book-dialog-BOuRjV4i.js                       11.47 kB │ gzip:   4.59 kB
public/build/assets/surveys-BLaTkw5-.js                                 11.49 kB │ gzip:   4.55 kB
public/build/assets/quote-dialog-4XjODujk.js                            11.49 kB │ gzip:   4.65 kB
public/build/assets/index-BKsUAdWJ.js                                   11.49 kB │ gzip:   4.69 kB
public/build/assets/Create-SnWNYym2.js                                  11.52 kB │ gzip:   4.51 kB
public/build/assets/workers-dO-yWZcq.js                                 11.54 kB │ gzip:   4.40 kB
public/build/assets/create-kLS8CtI1.js                                  11.54 kB │ gzip:   4.80 kB
public/build/assets/Index-DZHBQYQR.js                                   11.55 kB │ gzip:   5.16 kB
public/build/assets/Trends-Dr9kWY-k.js                                  11.58 kB │ gzip:   5.02 kB
public/build/assets/documents-D6WJAtJS.js                               11.59 kB │ gzip:   4.11 kB
public/build/assets/index-C2AON7Jy.js                                   11.60 kB │ gzip:   4.60 kB
public/build/assets/overview-panels-BtfL1f-l.js                         11.63 kB │ gzip:   4.66 kB
public/build/assets/Index-CMvkxuip.js                                   11.64 kB │ gzip:   4.83 kB
public/build/assets/index-jaM4-z00.js                                   11.67 kB │ gzip:   4.22 kB
public/build/assets/_dialogs-6kqBNzFa.js                                11.68 kB │ gzip:   4.74 kB
public/build/assets/Show-BtR8qDIv.js                                    11.69 kB │ gzip:   5.15 kB
public/build/assets/dpia-CF0eiiu1.js                                    11.70 kB │ gzip:   4.48 kB
public/build/assets/show-0F-g4dmW.js                                    11.74 kB │ gzip:   5.03 kB
public/build/assets/show-B99Uztt6.js                                    11.83 kB │ gzip:   4.46 kB
public/build/assets/task-DaGVmJQp.js                                    11.87 kB │ gzip:   4.88 kB
public/build/assets/Dashboard-CMcmvOM3.js                               11.87 kB │ gzip:   5.07 kB
public/build/assets/rehire-wizard-5cP6GSJ3.js                           11.87 kB │ gzip:   4.49 kB
public/build/assets/_dialogs-DmBX-sN8.js                                11.88 kB │ gzip:   4.47 kB
public/build/assets/Index-BitsigeP.js                                   11.89 kB │ gzip:   4.90 kB
public/build/assets/templates-CP1WvC5p.js                               11.89 kB │ gzip:   4.85 kB
public/build/assets/Index-CtYJ1r-6.js                                   11.93 kB │ gzip:   4.63 kB
public/build/assets/shift-list-view-DZu2C6Nb.js                         11.94 kB │ gzip:   4.71 kB
public/build/assets/Index-Dk_lRbpp.js                                   11.94 kB │ gzip:   5.22 kB
public/build/assets/Index-LXuF0Lct.js                                   11.95 kB │ gzip:   5.15 kB
public/build/assets/community-access-DrzfvgCC.js                        11.95 kB │ gzip:   4.82 kB
public/build/assets/log-notifiable-dialog-DgLN5K6n.js                   11.97 kB │ gzip:   4.40 kB
public/build/assets/alerts-config-flFDJN46.js                           11.98 kB │ gzip:   4.60 kB
public/build/assets/healthcare-devices-5z3-ySf6.js                      11.99 kB │ gzip:   4.18 kB
public/build/assets/Index-CzdUgXKC.js                                   12.00 kB │ gzip:   5.20 kB
public/build/assets/Index-XY37a7SN.js                                   12.00 kB │ gzip:   5.25 kB
public/build/assets/apply-DdCNmY_U.js                                   12.00 kB │ gzip:   4.56 kB
public/build/assets/performance-hero-CrtZlxNJ.js                        12.00 kB │ gzip:   3.84 kB
public/build/assets/Prepare-C1Z4_1y0.js                                 12.01 kB │ gzip:   4.91 kB
public/build/assets/create-template-DmOKW6Hm.js                         12.06 kB │ gzip:   4.81 kB
public/build/assets/protocol-form-BBrCiNFf.js                           12.08 kB │ gzip:   4.40 kB
public/build/assets/sign-C-cRlIXr.js                                    12.08 kB │ gzip:   4.76 kB
public/build/assets/profile-D94mxJyt.js                                 12.08 kB │ gzip:   4.94 kB
public/build/assets/page-hero-B2SCY27J.js                               12.09 kB │ gzip:   4.65 kB
public/build/assets/AgedReport-Bu0N5xtU.js                              12.10 kB │ gzip:   5.45 kB
public/build/assets/ppe-wizard-BcgJJ28u.js                              12.15 kB │ gzip:   4.98 kB
public/build/assets/assignments-B6VxV6Hc.js                             12.19 kB │ gzip:   4.91 kB
public/build/assets/it-ticket-comment-contract-BBENTCa7.js              12.19 kB │ gzip:   3.96 kB
public/build/assets/Index-C0EkXq1o.js                                   12.20 kB │ gzip:   5.10 kB
public/build/assets/cards-view-BZgXl241.js                              12.20 kB │ gzip:   4.47 kB
public/build/assets/index-BBsFaSRz.js                                   12.21 kB │ gzip:   4.67 kB
public/build/assets/Index-BVJ-cAO4.js                                   12.24 kB │ gzip:   4.98 kB
public/build/assets/_request-dialog-D8UTf5iA.js                         12.25 kB │ gzip:   4.61 kB
public/build/assets/_builder-dialog-hQps_dgU.js                         12.27 kB │ gzip:   4.90 kB
public/build/assets/BalanceSheet-BqvUvjZZ.js                            12.31 kB │ gzip:   5.15 kB
public/build/assets/Index-BcCk6hGm.js                                   12.34 kB │ gzip:   5.26 kB
public/build/assets/index-DO1ZO2hn.js                                   12.35 kB │ gzip:   5.02 kB
public/build/assets/medications-C3DD8TBR.js                             12.38 kB │ gzip:   4.49 kB
public/build/assets/Index-CHhgkB69.js                                   12.39 kB │ gzip:   4.89 kB
public/build/assets/Index-DvFlAzTB.js                                   12.41 kB │ gzip:   5.09 kB
public/build/assets/donor-fund-dialog-xkouYRkp.js                       12.42 kB │ gzip:   4.44 kB
public/build/assets/index-CBwSNS97.js                                   12.43 kB │ gzip:   4.47 kB
public/build/assets/pricing-Dm9_93TQ.js                                 12.44 kB │ gzip:   3.70 kB
public/build/assets/time-CbvMrrhN.js                                    12.45 kB │ gzip:   5.30 kB
public/build/assets/index-CVx3ljyU.js                                   12.47 kB │ gzip:   5.10 kB
public/build/assets/index-BQkyARtd.js                                   12.48 kB │ gzip:   5.35 kB
public/build/assets/create-BGwG5vg3.js                                  12.48 kB │ gzip:   4.86 kB
public/build/assets/log-obligation-dialog-C_r-091R.js                   12.49 kB │ gzip:   4.70 kB
public/build/assets/edit-D3-yyELi.js                                    12.50 kB │ gzip:   4.94 kB
public/build/assets/Index-COQwLcWc.js                                   12.51 kB │ gzip:   5.42 kB
public/build/assets/index-By18kT6j.js                                   12.52 kB │ gzip:   4.74 kB
public/build/assets/facilities-C9hLpJjg.js                              12.53 kB │ gzip:   5.21 kB
public/build/assets/index-C2ZDGOCr.js                                   12.54 kB │ gzip:   4.85 kB
public/build/assets/Index-BuUvjfDU.js                                   12.55 kB │ gzip:   5.40 kB
public/build/assets/head-office-Dra4dV6T.js                             12.55 kB │ gzip:   5.29 kB
public/build/assets/requests-BCeAn4Bm.js                                12.56 kB │ gzip:   4.82 kB
public/build/assets/specialist-workspace-header-CgltgXNm.js             12.57 kB │ gzip:   5.56 kB
public/build/assets/_dialogs-BXj_TMYE.js                                12.57 kB │ gzip:   5.33 kB
public/build/assets/index-DUk5XUMg.js                                   12.64 kB │ gzip:   4.48 kB
public/build/assets/file-preview-dialog-DdM_Gc3W.js                     12.67 kB │ gzip:   5.00 kB
public/build/assets/geofence-draw-map-CQdq3vUm.js                       12.68 kB │ gzip:   4.87 kB
public/build/assets/index-CnSuzR3Z.js                                   12.68 kB │ gzip:   4.84 kB
public/build/assets/edit-ShzUmlOP.js                                    12.69 kB │ gzip:   4.80 kB
public/build/assets/index-CPdeTtpW.js                                   12.69 kB │ gzip:   5.24 kB
public/build/assets/Trends-D9O3KkvV.js                                  12.71 kB │ gzip:   5.22 kB
public/build/assets/Assignments-DXGB0S_O.js                             12.73 kB │ gzip:   5.34 kB
public/build/assets/Diff-4lSx07Mv.js                                    12.73 kB │ gzip:   5.47 kB
public/build/assets/index-v8dqg225.js                                   12.75 kB │ gzip:   4.64 kB
public/build/assets/new-po-dialog-C_eHSsrE.js                           12.75 kB │ gzip:   4.80 kB
public/build/assets/health-BqgOTeq4.js                                  12.78 kB │ gzip:   4.33 kB
public/build/assets/Review-7ceS2reB.js                                  12.78 kB │ gzip:   4.68 kB
public/build/assets/show-C3iyhxYN.js                                    12.79 kB │ gzip:   4.81 kB
public/build/assets/show-UOJFoxRy.js                                    12.80 kB │ gzip:   4.55 kB
public/build/assets/index-DMKncV47.js                                   12.80 kB │ gzip:   5.01 kB
public/build/assets/builder-DRaJdKsR.js                                 12.84 kB │ gzip:   4.89 kB
public/build/assets/Index-CkCuAx17.js                                   12.85 kB │ gzip:   4.79 kB
public/build/assets/ppe-action-dialogs-DqyvzG18.js                      12.87 kB │ gzip:   4.36 kB
public/build/assets/Show-ClMRaOFF.js                                    12.88 kB │ gzip:   4.91 kB
public/build/assets/ProfitAndLoss-DN6rZsSh.js                           12.89 kB │ gzip:   5.17 kB
public/build/assets/Index-C7FrbuaI.js                                   12.91 kB │ gzip:   5.54 kB
public/build/assets/Index-CuMOZPqX.js                                   12.92 kB │ gzip:   5.60 kB
public/build/assets/Index-CyApyuN5.js                                   12.97 kB │ gzip:   5.67 kB
public/build/assets/privacy-rFrRwu9G.js                                 12.98 kB │ gzip:   3.80 kB
public/build/assets/index--_maquAz.js                                   13.05 kB │ gzip:   5.46 kB
public/build/assets/prn-wizard-BHgu8c_8.js                              13.10 kB │ gzip:   4.99 kB
public/build/assets/Dashboard-B04sv9Zo.js                               13.10 kB │ gzip:   5.46 kB
public/build/assets/Show-NTcPD3k8.js                                    13.12 kB │ gzip:   5.08 kB
public/build/assets/show-BBpr3AwS.js                                    13.13 kB │ gzip:   4.96 kB
public/build/assets/Trends-BUKWduPd.js                                  13.15 kB │ gzip:   5.36 kB
public/build/assets/index-CSBh-SAK.js                                   13.15 kB │ gzip:   5.42 kB
public/build/assets/playbook-wizard-CgTeCkQX.js                         13.16 kB │ gzip:   4.60 kB
public/build/assets/layout-B8Mc6kfO.js                                  13.19 kB │ gzip:   4.24 kB
public/build/assets/Dashboard-B3uV4VxS.js                               13.19 kB │ gzip:   4.35 kB
public/build/assets/Index-cvFJxNCs.js                                   13.23 kB │ gzip:   5.63 kB
public/build/assets/daily-check-PYgVYVVi.js                             13.25 kB │ gzip:   5.35 kB
public/build/assets/Create-Bs-iTPba.js                                  13.25 kB │ gzip:   5.58 kB
public/build/assets/calendar-DoqwXhAZ.js                                13.25 kB │ gzip:   5.28 kB
public/build/assets/plans-CkwFtC-X.js                                   13.27 kB │ gzip:   5.35 kB
public/build/assets/site-detail-C8vtPtDx.js                             13.27 kB │ gzip:   4.51 kB
public/build/assets/alerts-events-rOnr-dJf.js                           13.29 kB │ gzip:   5.60 kB
public/build/assets/Index-DcRSsNHB.js                                   13.30 kB │ gzip:   5.63 kB
public/build/assets/show-DaNivgO1.js                                    13.31 kB │ gzip:   5.12 kB
public/build/assets/reviews-Cha_XOKp.js                                 13.34 kB │ gzip:   5.15 kB
public/build/assets/Index-CFV8Meia.js                                   13.34 kB │ gzip:   5.57 kB
public/build/assets/goals-path-CEfWYM9G.js                              13.35 kB │ gzip:   5.34 kB
public/build/assets/messaging-D-CMt3Fj.js                               13.36 kB │ gzip:   4.73 kB
public/build/assets/pre-check-Cg_QybPf.js                               13.37 kB │ gzip:   5.02 kB
public/build/assets/_dialogs-DpjinHb6.js                                13.39 kB │ gzip:   4.86 kB
public/build/assets/_dialogs-BB52iuV3.js                                13.39 kB │ gzip:   5.61 kB
public/build/assets/create-1_BsiGAD.js                                  13.42 kB │ gzip:   5.21 kB
public/build/assets/HealthMonitoring-CzVHi0i3.js                        13.43 kB │ gzip:   4.88 kB
public/build/assets/_audit-dialog-DpIx4ij6.js                           13.46 kB │ gzip:   5.39 kB
public/build/assets/timesheet-review-TvymhqRs.js                        13.46 kB │ gzip:   5.02 kB
public/build/assets/_ledger-panel-CSsuuRE-.js                           13.46 kB │ gzip:   4.24 kB
public/build/assets/unassign-make-open-dialog--MzLJ9Lk.js               13.47 kB │ gzip:   5.09 kB
public/build/assets/Index-q9IDhxQJ.js                                   13.47 kB │ gzip:   5.88 kB
public/build/assets/about-DkciyeTf.js                                   13.50 kB │ gzip:   3.49 kB
public/build/assets/digest-panel-BcVhuTpd.js                            13.56 kB │ gzip:   4.79 kB
public/build/assets/houses-BPUUqH_G.js                                  13.59 kB │ gzip:   5.67 kB
public/build/assets/expenses-DNrxuLAj.js                                13.60 kB │ gzip:   5.25 kB
public/build/assets/index-B0IfSVgs.js                                   13.61 kB │ gzip:   5.80 kB
public/build/assets/edit-template-BiD2wBAk.js                           13.62 kB │ gzip:   5.48 kB
public/build/assets/my-day-hero-Z_AfWwvD.js                             13.65 kB │ gzip:   5.96 kB
public/build/assets/client-D18SmuLi.js                                  13.65 kB │ gzip:   3.90 kB
public/build/assets/Index-C6zX9VLx.js                                   13.66 kB │ gzip:   5.90 kB
public/build/assets/_dialogs-KsGisc1W.js                                13.70 kB │ gzip:   5.13 kB
public/build/assets/MyInterests-s2ylLaOB.js                             13.71 kB │ gzip:   5.81 kB
public/build/assets/Index-sSwyAh2F.js                                   13.72 kB │ gzip:   5.98 kB
public/build/assets/terminology-DR_OuU3A.js                             13.75 kB │ gzip:   4.22 kB
public/build/assets/documents-CahRo1g5.js                               13.75 kB │ gzip:   5.49 kB
public/build/assets/by-house-CKalTv88.js                                13.76 kB │ gzip:   4.85 kB
public/build/assets/Index-DjgRAa7c.js                                   13.82 kB │ gzip:   5.82 kB
public/build/assets/Index-XL8SjgMl.js                                   13.86 kB │ gzip:   5.48 kB
public/build/assets/Index-BlsUkjOt.js                                   13.88 kB │ gzip:   5.61 kB
public/build/assets/Committee-BCcajUt3.js                               13.89 kB │ gzip:   6.01 kB
public/build/assets/_recipe-edit-dialog-BnN3wxx8.js                     13.90 kB │ gzip:   4.69 kB
public/build/assets/timeline-tab-B9ghPYIr.js                            13.94 kB │ gzip:   4.93 kB
public/build/assets/Show-Dxrm5bEa.js                                    14.03 kB │ gzip:   6.04 kB
public/build/assets/map-DVC2mFIM.js                                     14.04 kB │ gzip:   5.83 kB
public/build/assets/create-DSaNXZqQ.js                                  14.08 kB │ gzip:   5.37 kB
public/build/assets/show-CVWTsKvS.js                                    14.13 kB │ gzip:   5.08 kB
public/build/assets/show-CdG3Un1Q.js                                    14.15 kB │ gzip:   4.75 kB
public/build/assets/holidays-B_zT4aCH.js                                14.15 kB │ gzip:   5.78 kB
public/build/assets/Show-UbqbWjCA.js                                    14.16 kB │ gzip:   5.52 kB
public/build/assets/Attestations-s8fjKAtg.js                            14.16 kB │ gzip:   5.83 kB
public/build/assets/index-jkJBDD9T.js                                   14.19 kB │ gzip:   5.39 kB
public/build/assets/_dialog-shared-ad7DIrtA.js                          14.22 kB │ gzip:   5.46 kB
public/build/assets/Index-DR8-NL9w.js                                   14.24 kB │ gzip:   6.22 kB
public/build/assets/audit-log-tEQGOXmJ.js                               14.24 kB │ gzip:   5.75 kB
public/build/assets/new-vendor-dialog-Dqm5VGX5.js                       14.25 kB │ gzip:   4.76 kB
public/build/assets/Terminals-ChuxWjmw.js                               14.34 kB │ gzip:   5.95 kB
public/build/assets/task-detail-dialog-C7VXd4x8.js                      14.34 kB │ gzip:   4.80 kB
public/build/assets/Statements-CXxXnRl-.js                              14.43 kB │ gzip:   5.91 kB
public/build/assets/trends-DDi3pjjm.js                                  14.43 kB │ gzip:   4.84 kB
public/build/assets/Index-CArmAxYE.js                                   14.44 kB │ gzip:   6.19 kB
public/build/assets/workflow-CmJgLpxo.js                                14.45 kB │ gzip:   5.92 kB
public/build/assets/survey-CR76PdA-.js                                  14.47 kB │ gzip:   4.78 kB
public/build/assets/mar-BtRKgd9-.js                                     14.48 kB │ gzip:   3.92 kB
public/build/assets/index-BBuKxehh.js                                   14.48 kB │ gzip:   5.40 kB
public/build/assets/Index-BWenqQxL.js                                   14.50 kB │ gzip:   6.20 kB
public/build/assets/Create-Ds6XOj0W.js                                  14.51 kB │ gzip:   5.68 kB
public/build/assets/Index-C1V__s6l.js                                   14.53 kB │ gzip:   6.40 kB
public/build/assets/Index-BXEnWVSQ.js                                   14.54 kB │ gzip:   6.05 kB
public/build/assets/_commercial-Q1cxoFK9.js                             14.62 kB │ gzip:   5.37 kB
public/build/assets/global-USVBLFZv.js                                  14.62 kB │ gzip:   5.54 kB
public/build/assets/_dialogs-s4LSWGnf.js                                14.63 kB │ gzip:   5.82 kB
public/build/assets/Financials-DWByjJHh.js                              14.64 kB │ gzip:   5.76 kB
public/build/assets/index-B1An2Ntb.js                                   14.67 kB │ gzip:   5.58 kB
public/build/assets/index-owLt9ZAo.js                                   14.69 kB │ gzip:   5.86 kB
public/build/assets/record-evidence-dialog-CnP5MpMd.js                  14.75 kB │ gzip:   5.98 kB
public/build/assets/_dialogs-Cw5KdiYi.js                                14.75 kB │ gzip:   5.61 kB
public/build/assets/matrix-BV9Cu3fP.js                                  14.78 kB │ gzip:   5.93 kB
public/build/assets/show-OeU1kHad.js                                    14.79 kB │ gzip:   5.73 kB
public/build/assets/my-tasks-DRV3HRTC.js                                14.79 kB │ gzip:   5.79 kB
public/build/assets/run-Dobcg7vn.js                                     14.80 kB │ gzip:   5.48 kB
public/build/assets/index-BZjdchIB.js                                   14.81 kB │ gzip:   6.14 kB
public/build/assets/playback-DwCX0-aL.js                                14.82 kB │ gzip:   5.83 kB
public/build/assets/new-bill-dialog-CwMqVfbI.js                         14.83 kB │ gzip:   5.31 kB
public/build/assets/index-DIlBd3rH.js                                   14.83 kB │ gzip:   5.81 kB
public/build/assets/Show-D6K7MpdF.js                                    14.85 kB │ gzip:   5.89 kB
public/build/assets/Show-B2_o622E.js                                    14.90 kB │ gzip:   6.09 kB
public/build/assets/reports-TzIuvdnz.js                                 14.94 kB │ gzip:   5.18 kB
public/build/assets/Index-C8Jllvdu.js                                   14.99 kB │ gzip:   5.53 kB
public/build/assets/show-C1M3rue1.js                                    14.99 kB │ gzip:   5.52 kB
public/build/assets/CashFlow-mTxuY0M0.js                                15.01 kB │ gzip:   5.91 kB
public/build/assets/Create-DxSfE5WS.js                                  15.01 kB │ gzip:   4.95 kB
public/build/assets/index-HQGAwhx0.js                                   15.02 kB │ gzip:   6.05 kB
public/build/assets/Results-DutNi04c.js                                 15.05 kB │ gzip:   6.26 kB
public/build/assets/portal-users-Dki6ISub.js                            15.06 kB │ gzip:   6.24 kB
public/build/assets/edit-CcwPdklx.js                                    15.11 kB │ gzip:   5.89 kB
public/build/assets/sso-groups-BQ7J9ish.js                              15.14 kB │ gzip:   5.62 kB
public/build/assets/custom-fields-CaozhI1v.js                           15.15 kB │ gzip:   6.13 kB
public/build/assets/index-CNeMNwIf.js                                   15.18 kB │ gzip:   6.22 kB
public/build/assets/command-centre-hero-DsjDKi4I.js                     15.18 kB │ gzip:   6.15 kB
public/build/assets/Show-CM-Xz0ut.js                                    15.23 kB │ gzip:   6.41 kB
public/build/assets/overview-CZ5bhO94.js                                15.26 kB │ gzip:   5.51 kB
public/build/assets/BatchDetail-CPfdOBMZ.js                             15.31 kB │ gzip:   5.91 kB
public/build/assets/create-Cdh2mFIG.js                                  15.34 kB │ gzip:   5.60 kB
public/build/assets/terms-t0hIXOza.js                                   15.36 kB │ gzip:   4.45 kB
public/build/assets/Index-CtbVsV44.js                                   15.40 kB │ gzip:   6.35 kB
public/build/assets/contact-B8I1gmsp.js                                 15.42 kB │ gzip:   4.92 kB
public/build/assets/Roles-BZfGFIzc.js                                   15.42 kB │ gzip:   4.83 kB
public/build/assets/edit-DZNBA5_z.js                                    15.42 kB │ gzip:   6.10 kB
public/build/assets/Show-DYPKR_FS.js                                    15.50 kB │ gzip:   6.02 kB
public/build/assets/Index-CPU6xEyA.js                                   15.51 kB │ gzip:   6.58 kB
public/build/assets/record-event-dialog-C6QeqfBq.js                     15.54 kB │ gzip:   5.97 kB
public/build/assets/show-BSX_yNoo.js                                    15.56 kB │ gzip:   5.83 kB
public/build/assets/staff-detail-CK0feM9H.js                            15.58 kB │ gzip:   5.93 kB
public/build/assets/bonuses-Cw_OUbnN.js                                 15.58 kB │ gzip:   6.30 kB
public/build/assets/reports-CCbSWZOi.js                                 15.63 kB │ gzip:   5.96 kB
public/build/assets/shift-detail-dialog-BZlqye4a.js                     15.63 kB │ gzip:   6.05 kB
public/build/assets/daily-note-wizard-DMhzskzV.js                       15.63 kB │ gzip:   4.79 kB
public/build/assets/payslips-CSD3DiH1.js                                15.66 kB │ gzip:   5.66 kB
public/build/assets/index-DA4vwZ-3.js                                   15.67 kB │ gzip:   6.37 kB
public/build/assets/profile-DM6Cs8r4.js                                 15.73 kB │ gzip:   5.63 kB
public/build/assets/Index-D6ULe-0x.js                                   15.75 kB │ gzip:   6.34 kB
public/build/assets/Show-BjZ4XDNL.js                                    15.78 kB │ gzip:   6.34 kB
public/build/assets/webhooks-DTOtlvHo.js                                15.79 kB │ gzip:   5.41 kB
public/build/assets/BudgetVsActuals-da_W4xon.js                         15.79 kB │ gzip:   6.11 kB
public/build/assets/my-hr-shoutout-spotlight-Cm1Og-lU.js                15.87 kB │ gzip:   5.91 kB
public/build/assets/Heatmap-pKm8JQ_H.js                                 15.90 kB │ gzip:   6.69 kB
public/build/assets/Batches-Dxq2XoaQ.js                                 15.91 kB │ gzip:   6.54 kB
public/build/assets/review-detail-CuaTI-QO.js                           15.92 kB │ gzip:   6.34 kB
public/build/assets/index-_8kHQvw3.js                                   15.98 kB │ gzip:   6.64 kB
public/build/assets/maintenance-health-BkxhDf_L.js                      16.01 kB │ gzip:   6.30 kB
public/build/assets/Index-CfObVZdq.js                                   16.02 kB │ gzip:   6.27 kB
public/build/assets/record-dose-wizard-BBqvreuR.js                      16.05 kB │ gzip:   5.37 kB
public/build/assets/audit-BjKgJN0j.js                                   16.08 kB │ gzip:   5.97 kB
public/build/assets/Index-kW2acrfN.js                                   16.09 kB │ gzip:   6.84 kB
public/build/assets/record-receipt-dialog-_NJrfqxR.js                   16.12 kB │ gzip:   5.59 kB
public/build/assets/index-C44KrloG.js                                   16.17 kB │ gzip:   6.45 kB
public/build/assets/policy-wizards-6-g_sF1X.js                          16.17 kB │ gzip:   5.57 kB
public/build/assets/Index-w9P3Hbdw.js                                   16.30 kB │ gzip:   6.85 kB
public/build/assets/matrix-1QH_AenJ.js                                  16.32 kB │ gzip:   6.34 kB
public/build/assets/appearance-DessgFXF.js                              16.34 kB │ gzip:   5.02 kB
public/build/assets/incidents-Dxka-kod.js                               16.35 kB │ gzip:   6.04 kB
public/build/assets/risk-management-BlURGnas.js                         16.35 kB │ gzip:   6.27 kB
public/build/assets/record-abc-dialog-BlsN0tUh.js                       16.39 kB │ gzip:   5.81 kB
public/build/assets/Assessments-gpdyCxoj.js                             16.42 kB │ gzip:   6.44 kB
public/build/assets/Show-DMGYXoAo.js                                    16.42 kB │ gzip:   6.44 kB
public/build/assets/Index-8-L067q2.js                                   16.45 kB │ gzip:   6.36 kB
public/build/assets/breaches-Avd7-zQE.js                                16.45 kB │ gzip:   5.77 kB
public/build/assets/RunResults-Ldcl3Wk-.js                              16.47 kB │ gzip:   6.18 kB
public/build/assets/show-DJMd5ovr.js                                    16.52 kB │ gzip:   6.60 kB
public/build/assets/index-Bw54pC_I.js                                   16.55 kB │ gzip:   6.64 kB
public/build/assets/Settings-B_djwjZB.js                                16.58 kB │ gzip:   6.23 kB
public/build/assets/show-DA0wCUYI.js                                    16.59 kB │ gzip:   5.63 kB
public/build/assets/Show-Bcwfkwpz.js                                    16.63 kB │ gzip:   6.55 kB
public/build/assets/notification-defaults-ltI8bukY.js                   16.66 kB │ gzip:   5.94 kB
public/build/assets/index-CV8SXHcf.js                                   16.69 kB │ gzip:   6.50 kB
public/build/assets/Index-4fTQzW-t.js                                   16.71 kB │ gzip:   6.64 kB
public/build/assets/observations-CA8oJsEh.js                            16.74 kB │ gzip:   6.22 kB
public/build/assets/location-BHW9Q5i_.js                                16.77 kB │ gzip:   6.03 kB
public/build/assets/charts-CURTniV5.js                                  16.83 kB │ gzip:   5.56 kB
public/build/assets/Show-Dv7SVPA7.js                                    16.85 kB │ gzip:   6.97 kB
public/build/assets/Protocols-B13Yhg-H.js                               16.89 kB │ gzip:   6.25 kB
public/build/assets/documents-Ch6dZqkN.js                               16.90 kB │ gzip:   6.68 kB
public/build/assets/note-detail-dialog-CwmBj7g2.js                      16.91 kB │ gzip:   5.80 kB
public/build/assets/leave-Bc9cS75Q.js                                   16.91 kB │ gzip:   7.09 kB
public/build/assets/Index-uVao3x-R.js                                   16.91 kB │ gzip:   6.92 kB
public/build/assets/Show-jsevhASH.js                                    16.92 kB │ gzip:   5.84 kB
public/build/assets/Index-CmDEtJVy.js                                   16.92 kB │ gzip:   6.97 kB
public/build/assets/api-Bdm38kd9.js                                     16.96 kB │ gzip:   5.17 kB
public/build/assets/Index-B1wDyOw9.js                                   17.02 kB │ gzip:   6.67 kB
public/build/assets/cost-allocation-C4C78BDS.js                         17.10 kB │ gzip:   6.12 kB
public/build/assets/leaflet-map-CzOts8kl.js                             17.11 kB │ gzip:   6.08 kB
public/build/assets/edit-DaNeEkRk.js                                    17.15 kB │ gzip:   6.34 kB
public/build/assets/family-notes-wB7Agz4r.js                            17.15 kB │ gzip:   6.36 kB
public/build/assets/index-z0aZwQEB.js                                   17.16 kB │ gzip:   6.69 kB
public/build/assets/Index-BNj5Ckhe.js                                   17.20 kB │ gzip:   6.21 kB
public/build/assets/Index-BtmykNwo.js                                   17.24 kB │ gzip:   7.11 kB
public/build/assets/create-BmppCswt.js                                  17.24 kB │ gzip:   6.03 kB
public/build/assets/leave-hub-tabs-BCvMUBJ6.js                          17.30 kB │ gzip:   5.81 kB
public/build/assets/_dialogs-BbLnOsJB.js                                17.31 kB │ gzip:   6.48 kB
public/build/assets/worklists-Dr59xKbv.js                               17.31 kB │ gzip:   5.87 kB
public/build/assets/maintenance-DSnO2i3w.js                             17.33 kB │ gzip:   6.49 kB
public/build/assets/Index-CTI_CM6r.js                                   17.38 kB │ gzip:   7.25 kB
public/build/assets/week-picker-CSv6S8t3.js                             17.40 kB │ gzip:   6.73 kB
public/build/assets/view-timesheet-dialog-DqmlGVRW.js                   17.49 kB │ gzip:   4.84 kB
public/build/assets/handover-detail-dialog-DBRx57tE.js                  17.50 kB │ gzip:   5.94 kB
public/build/assets/_overview-dialogs-nyu4bGI_.js                       17.65 kB │ gzip:   5.35 kB
public/build/assets/Index-DDyZ-N3O.js                                   17.66 kB │ gzip:   7.50 kB
public/build/assets/index-BnOxcbot.js                                   17.66 kB │ gzip:   6.74 kB
public/build/assets/index-FHOBOK4N.js                                   17.67 kB │ gzip:   5.94 kB
public/build/assets/show-Bjv0BsyL.js                                    17.74 kB │ gzip:   4.45 kB
public/build/assets/edit-CBdHSFf4.js                                    17.90 kB │ gzip:   6.47 kB
public/build/assets/substance-wizard-dialog-Ctfhhcbz.js                 17.90 kB │ gzip:   6.29 kB
public/build/assets/index-Cxyp0jQ7.js                                   17.93 kB │ gzip:   6.92 kB
public/build/assets/show-FN6XShdO.js                                    17.94 kB │ gzip:   6.41 kB
public/build/assets/Index-CCSS-zTF.js                                   18.01 kB │ gzip:   7.35 kB
public/build/assets/security-BnSWzmk5.js                                18.02 kB │ gzip:   6.23 kB
public/build/assets/reports-BJfvyLON.js                                 18.04 kB │ gzip:   6.33 kB
public/build/assets/Show-BuY48YEm.js                                    18.05 kB │ gzip:   6.10 kB
public/build/assets/Index-CTYFMybJ.js                                   18.05 kB │ gzip:   7.32 kB
public/build/assets/show-DSupoOOh.js                                    18.05 kB │ gzip:   6.64 kB
public/build/assets/show-B9zQ6zfv.js                                    18.07 kB │ gzip:   6.58 kB
public/build/assets/index-Btv0s268.js                                   18.07 kB │ gzip:   2.18 kB
public/build/assets/index-D-2ZI4mS.js                                   18.07 kB │ gzip:   4.73 kB
public/build/assets/health-clinical-shell-CpD9X0Al.js                   18.10 kB │ gzip:   7.17 kB
public/build/assets/shift-coverage-2q0H_pBJ.js                          18.17 kB │ gzip:   6.42 kB
public/build/assets/daily-notes-B-Paa3PP.js                             18.21 kB │ gzip:   6.72 kB
public/build/assets/Show-DZUSD8HC.js                                    18.23 kB │ gzip:   7.01 kB
public/build/assets/_dialogs-C_md2Rs5.js                                18.24 kB │ gzip:   6.69 kB
public/build/assets/Show-N4GLOJJm.js                                    18.24 kB │ gzip:   7.36 kB
public/build/assets/payslip-detail-C10vN9Wu.js                          18.28 kB │ gzip:   6.10 kB
public/build/assets/dashboard-C7Ipbzdk.js                               18.28 kB │ gzip:   6.96 kB
public/build/assets/Edit-C2ff47up.js                                    18.29 kB │ gzip:   6.98 kB
public/build/assets/book-vehicle-wizard-mgSEK4b8.js                     18.31 kB │ gzip:   5.54 kB
public/build/assets/index-DbaJsSfs.js                                   18.35 kB │ gzip:   7.22 kB
public/build/assets/Show-CEkQDoiO.js                                    18.40 kB │ gzip:   7.16 kB
public/build/assets/announcement-wizard-tsiWTC0Q.js                     18.46 kB │ gzip:   6.37 kB
public/build/assets/Show-DC8-Iw8I.js                                    18.48 kB │ gzip:   7.41 kB
public/build/assets/index-BTXOBfuN.js                                   18.55 kB │ gzip:   6.55 kB
public/build/assets/schedule-CSjcX1Xk.js                                18.65 kB │ gzip:   6.39 kB
public/build/assets/directory-BdlgNUvc.js                               18.65 kB │ gzip:   6.31 kB
public/build/assets/create-wizard-DkdKbxSm.js                           18.69 kB │ gzip:   6.51 kB
public/build/assets/index-JSRN1Vf0.js                                   18.74 kB │ gzip:   7.25 kB
public/build/assets/show-b3efuR9U.js                                    18.78 kB │ gzip:   6.84 kB
public/build/assets/ppe-detail-dialog-ByIM549k.js                       18.80 kB │ gzip:   6.40 kB
public/build/assets/chains-C6I9TtEq.js                                  18.82 kB │ gzip:   6.63 kB
public/build/assets/show-review-D7mM5SGo.js                             18.89 kB │ gzip:   6.83 kB
public/build/assets/_recipes-panel-D3dF0Evw.js                          18.90 kB │ gzip:   6.00 kB
public/build/assets/audit-logs-B1NeEG1O.js                              18.96 kB │ gzip:   7.16 kB
public/build/assets/_dialogs-CUEvibUZ.js                                19.07 kB │ gzip:   6.16 kB
public/build/assets/goals-DaAaK6JM.js                                   19.26 kB │ gzip:   6.69 kB
public/build/assets/integrations-9ChWgS14.js                            19.28 kB │ gzip:   6.67 kB
public/build/assets/show-CGZI7bWD.js                                    19.30 kB │ gzip:   7.11 kB
public/build/assets/edit-BJ5VEJb4.js                                    19.34 kB │ gzip:   6.89 kB
public/build/assets/two-factor-BpZjcCl_.js                              19.37 kB │ gzip:   7.20 kB
public/build/assets/index-C-SyBnFp.js                                   19.39 kB │ gzip:   6.65 kB
public/build/assets/_dialogs-x863XTqb.js                                19.43 kB │ gzip:   7.20 kB
public/build/assets/_templates-panel-B0K8Q2PT.js                        19.54 kB │ gzip:   6.00 kB
public/build/assets/escalations-CAw6WRCM.js                             19.54 kB │ gzip:   8.14 kB
public/build/assets/calendar-sync-Ce_63XTL.js                           19.57 kB │ gzip:   7.42 kB
public/build/assets/index-BJFKcAm2.js                                   19.59 kB │ gzip:   7.46 kB
public/build/assets/Shifts-WTB6m5Ud.js                                  19.59 kB │ gzip:   7.13 kB
public/build/assets/show-DVjb7mMG.js                                    19.66 kB │ gzip:   6.80 kB
public/build/assets/training-BUdqOpOZ.js                                19.67 kB │ gzip:   6.52 kB
public/build/assets/Index-CCSxLMcc.js                                   19.71 kB │ gzip:   8.22 kB
public/build/assets/show-Hz4Blron.js                                    19.72 kB │ gzip:   7.46 kB
public/build/assets/labels-BrT80Pqo.js                                  19.74 kB │ gzip:   7.68 kB
public/build/assets/Behaviour-CtSpJZz8.js                               19.84 kB │ gzip:   6.96 kB
public/build/assets/Show-C4zEzslZ.js                                    19.86 kB │ gzip:   7.81 kB
public/build/assets/Show-DFP3_31R.js                                    19.93 kB │ gzip:   7.68 kB
public/build/assets/index-D-920D76.js                                   19.95 kB │ gzip:   7.77 kB
public/build/assets/_dialogs-BiyufNpR.js                                19.97 kB │ gzip:   7.02 kB
public/build/assets/features-Dfzzw73g.js                                19.98 kB │ gzip:   5.23 kB
public/build/assets/Show-RaCnUZS-.js                                    20.03 kB │ gzip:   7.73 kB
public/build/assets/index-CsyOTJBS.js                                   20.04 kB │ gzip:   7.42 kB
public/build/assets/edit-Bs1BlN-Y.js                                    20.24 kB │ gzip:   7.54 kB
public/build/assets/broadcast-D1ncWK6t.js                               20.31 kB │ gzip:   7.82 kB
public/build/assets/dashboard-5Z2MpisP.js                               20.33 kB │ gzip:   7.53 kB
public/build/assets/index-C4fRkVDp.js                                   20.33 kB │ gzip:   7.34 kB
public/build/assets/index-CdHBMPEM.js                                   20.35 kB │ gzip:   7.07 kB
public/build/assets/stats-YIUM_qpW.js                                   20.37 kB │ gzip:   6.50 kB
public/build/assets/fixed-asset-dispose-dialog-BrqmGgSm.js              20.44 kB │ gzip:   6.68 kB
public/build/assets/note-wizard-D-9TdV4o.js                             20.54 kB │ gzip:   6.60 kB
public/build/assets/show-DuAnazMv.js                                    20.55 kB │ gzip:   7.57 kB
public/build/assets/_library-dialogs-CzGoHWYs.js                        20.59 kB │ gzip:   5.61 kB
public/build/assets/medications-fUYRtfam.js                             20.64 kB │ gzip:   7.23 kB
public/build/assets/shifts-DEJIovJu.js                                  20.66 kB │ gzip:   6.79 kB
public/build/assets/_error-dialogs-C4QnwVGF.js                          20.68 kB │ gzip:   7.30 kB
public/build/assets/calendar-DGgQpJp0.js                                20.80 kB │ gzip:   6.79 kB
public/build/assets/history-B2vRdOlP.js                                 20.82 kB │ gzip:   7.18 kB
public/build/assets/shift-notes-dialog-DtNE64yA.js                      20.84 kB │ gzip:   7.80 kB
public/build/assets/record-observation-dialog-BnXr7-1q.js               20.96 kB │ gzip:   8.11 kB
public/build/assets/Index-CRmaKyao.js                                   20.99 kB │ gzip:   8.70 kB
public/build/assets/show-Br2SwCmw.js                                    21.00 kB │ gzip:   7.12 kB
public/build/assets/index-DjCcqr5q.js                                   21.05 kB │ gzip:   8.60 kB
public/build/assets/create-B-0em1Jc.js                                  21.06 kB │ gzip:   6.06 kB
public/build/assets/add-device-dialog-D8amZU4s.js                       21.12 kB │ gzip:   7.34 kB
public/build/assets/index-BwzBFSC8.js                                   21.14 kB │ gzip:   7.71 kB
public/build/assets/map-AjrJjKI2.js                                     21.15 kB │ gzip:   6.62 kB
public/build/assets/balances-dkVpqIpc.js                                21.16 kB │ gzip:   8.50 kB
public/build/assets/Show-C3kO7sjD.js                                    21.23 kB │ gzip:   8.08 kB
public/build/assets/create-w9BeyLfD.js                                  21.25 kB │ gzip:   7.14 kB
public/build/assets/show-GB1fnQIJ.js                                    21.35 kB │ gzip:   7.53 kB
public/build/assets/show-BM5FX6Ku.js                                    21.39 kB │ gzip:   7.79 kB
public/build/assets/_dialogs-Y2kF3cC0.js                                21.64 kB │ gzip:   7.66 kB
public/build/assets/index-D7PD6lzx.js                                   21.64 kB │ gzip:   7.39 kB
public/build/assets/parts-ANZ2-sew.js                                   21.65 kB │ gzip:   6.77 kB
public/build/assets/Events-DBtpBzCc.js                                  21.74 kB │ gzip:   7.99 kB
public/build/assets/Index-CaGhRB6w.js                                   21.76 kB │ gzip:   8.37 kB
public/build/assets/performance-wizards-D9rLJF4e.js                     21.79 kB │ gzip:   7.44 kB
public/build/assets/review-builder-dialog-Dnw_Hupc.js                   21.89 kB │ gzip:   7.70 kB
public/build/assets/index-Bp9LQF1g.js                                   21.92 kB │ gzip:   8.04 kB
public/build/assets/create-BlY2MPfO.js                                  21.93 kB │ gzip:   8.73 kB
public/build/assets/calendar-BI2qU5i0.js                                21.93 kB │ gzip:   6.86 kB
public/build/assets/edit-Bg7cmUol.js                                    21.97 kB │ gzip:   7.37 kB
public/build/assets/Index-D4bqZ5fP.js                                   22.02 kB │ gzip:   8.48 kB
public/build/assets/ppe-create-wizards-DVK6A3L0.js                      22.05 kB │ gzip:   7.38 kB
public/build/assets/incidents-CKP2OC_u.js                               22.23 kB │ gzip:   8.35 kB
public/build/assets/home-DIuGFbZd.js                                    22.25 kB │ gzip:   5.38 kB
public/build/assets/create-C82TwHhd.js                                  22.27 kB │ gzip:   7.43 kB
public/build/assets/show-Duo6lJAl.js                                    22.48 kB │ gzip:   7.41 kB
public/build/assets/leave-request-dialog-BgHuWIMj.js                    22.51 kB │ gzip:   7.53 kB
public/build/assets/Index-DU7HOEbc.js                                   22.63 kB │ gzip:   8.52 kB
public/build/assets/payslips-DorRNYPT.js                                22.64 kB │ gzip:   6.75 kB
public/build/assets/_dialogs-C9lhaKZ4.js                                22.81 kB │ gzip:   8.46 kB
public/build/assets/incidents-DTQLOpq5.js                               22.91 kB │ gzip:   8.53 kB
public/build/assets/personal-details-CoybcT8D.js                        22.99 kB │ gzip:   7.96 kB
public/build/assets/Show-BRECYxgV.js                                    23.06 kB │ gzip:   8.58 kB
public/build/assets/notifications-BD8rgN2D.js                           23.16 kB │ gzip:   8.29 kB
public/build/assets/Show-qwwH3yev.js                                    23.17 kB │ gzip:   7.93 kB
public/build/assets/_competency-dialogs-iLqL1aC0.js                     23.20 kB │ gzip:   7.76 kB
public/build/assets/resident-sidebar-DtVcnuPc.js                        23.21 kB │ gzip:   8.33 kB
public/build/assets/Index-BtzijHrZ.js                                   23.33 kB │ gzip:   7.74 kB
public/build/assets/index-Cm-j1vCi.js                                   23.35 kB │ gzip:   8.09 kB
public/build/assets/Show-RF1XIAdE.js                                    23.42 kB │ gzip:   8.60 kB
public/build/assets/unifi-CAUQ4pvg.js                                   23.46 kB │ gzip:   7.13 kB
public/build/assets/create-wizard-BBM7P3Cc.js                           23.48 kB │ gzip:   8.17 kB
public/build/assets/show-DrCgzNsU.js                                    23.49 kB │ gzip:   7.66 kB
public/build/assets/Show-phSIzz2e.js                                    23.53 kB │ gzip:   8.99 kB
public/build/assets/Index-Cpc7_-_6.js                                   23.78 kB │ gzip:   9.23 kB
public/build/assets/_dialogs-DGjIJT6V.js                                23.99 kB │ gzip:   8.98 kB
public/build/assets/one-nKi7z0zJ.js                                     23.99 kB │ gzip:   8.29 kB
public/build/assets/analytics-charts-B2wiQlSL.js                        24.03 kB │ gzip:   6.47 kB
public/build/assets/Index-BNIZ01m8.js                                   24.22 kB │ gzip:   8.54 kB
public/build/assets/page-hero-COm2modf.js                               24.23 kB │ gzip:   7.29 kB
public/build/assets/Create-Dyv3rgKd.js                                  24.27 kB │ gzip:   7.94 kB
public/build/assets/ResolutionResultCard-DqeWvXq9.js                    24.31 kB │ gzip:   8.94 kB
public/build/assets/mar-governance-dialogs-BJdFHMGT.js                  24.32 kB │ gzip:   7.56 kB
public/build/assets/restraint-event-wizard-j6mK5ObY.js                  24.76 kB │ gzip:   8.04 kB
public/build/assets/automations-Cx5VEOFS.js                             24.78 kB │ gzip:   7.61 kB
public/build/assets/Show--mZ_ubm4.js                                    24.80 kB │ gzip:  10.01 kB
public/build/assets/governance-labels-CJgR2U5s.js                       24.81 kB │ gzip:   8.17 kB
public/build/assets/Show-h6OBAouA.js                                    24.95 kB │ gzip:   8.76 kB
public/build/assets/Show-D1d1KkUA.js                                    25.04 kB │ gzip:   9.65 kB
public/build/assets/_review-dialogs-DaDss_vm.js                         25.05 kB │ gzip:   7.97 kB
public/build/assets/Reconcile-Bp5f0tma.js                               25.07 kB │ gzip:   8.89 kB
public/build/assets/index-eJGiepEK.js                                   25.10 kB │ gzip:   8.20 kB
public/build/assets/objective-wizard-CJE0Se6r.js                        25.18 kB │ gzip:   7.13 kB
public/build/assets/Medications-Cgx9-aPi.js                             25.28 kB │ gzip:   9.18 kB
public/build/assets/Index-CLrV2F2J.js                                   25.46 kB │ gzip:   7.89 kB
public/build/assets/Show-BtrCMThk.js                                    25.46 kB │ gzip:   9.76 kB
public/build/assets/sso-BXXJsZhJ.js                                     25.56 kB │ gzip:   7.98 kB
public/build/assets/index-Bc-uJEDf.js                                   25.56 kB │ gzip:   9.67 kB
public/build/assets/index-DlPy5vP6.js                                   25.56 kB │ gzip:   8.92 kB
public/build/assets/show-_RDoZus7.js                                    25.62 kB │ gzip:   8.07 kB
public/build/assets/it-mailbox-D0RY6nwu.js                              25.67 kB │ gzip:   8.73 kB
public/build/assets/milesight-CzPsgSAO.js                               25.92 kB │ gzip:   8.52 kB
public/build/assets/create-offer-DrEURzJ-.js                            25.96 kB │ gzip:   8.83 kB
public/build/assets/dashboard-anUCdv3q.js                               26.09 kB │ gzip:   8.07 kB
public/build/assets/vendor-utils-Dr6D9L7d.js                            26.13 kB │ gzip:   8.47 kB
public/build/assets/Index-CGG8t8OP.js                                   26.20 kB │ gzip:   9.76 kB
public/build/assets/record-assessment-dialog-BbysvDou.js                26.21 kB │ gzip:   9.52 kB
public/build/assets/documents-wizards-C2UC1FZm.js                       26.26 kB │ gzip:   9.26 kB
public/build/assets/_dialogs-C9FIdcuL.js                                26.35 kB │ gzip:   8.34 kB
public/build/assets/show-x7fg9O1u.js                                    26.38 kB │ gzip:   8.98 kB
public/build/assets/transport-medication-dialogs-D8uzo__V.js            26.38 kB │ gzip:   6.09 kB
public/build/assets/index-Ajc2J_MM.js                                   26.39 kB │ gzip:   9.02 kB
public/build/assets/show-DLkVdACx.js                                    26.56 kB │ gzip:   7.67 kB
public/build/assets/Handovers-Khij9H9g.js                               26.72 kB │ gzip:  10.43 kB
public/build/assets/_workspace-dialogs-26KtLaSC.js                      26.83 kB │ gzip:   8.78 kB
public/build/assets/create-DJE37ey1.js                                  26.91 kB │ gzip:   7.54 kB
public/build/assets/index-UoVD5xx5.js                                   27.15 kB │ gzip:   9.69 kB
public/build/assets/show-BgaoCy3B.js                                    27.19 kB │ gzip:   9.06 kB
public/build/assets/index-Cgj_4h1c.js                                   27.35 kB │ gzip:   9.48 kB
public/build/assets/SelfAdmin-CfSDj_dv.js                               27.46 kB │ gzip:   9.11 kB
public/build/assets/provisioning-command-dialog-CGF5tUlU.js             27.65 kB │ gzip:  10.76 kB
public/build/assets/care-support-plan-BkF3y499.js                       27.67 kB │ gzip:   9.14 kB
public/build/assets/show-iOQ3Vwk-.js                                    27.69 kB │ gzip:   9.79 kB
public/build/assets/Index-7ZHYT8l9.js                                   27.76 kB │ gzip:  10.44 kB
public/build/assets/index-uoRuKQkK.js                                   27.84 kB │ gzip:   9.78 kB
public/build/assets/index-CzV2MPcj.js                                   27.85 kB │ gzip:   9.32 kB
public/build/assets/edit-BTr1HHNd.js                                    27.95 kB │ gzip:   9.31 kB
public/build/assets/smart-monitoring-CKOG1v8B.js                        28.05 kB │ gzip:   6.49 kB
public/build/assets/Index-DnOJqIo2.js                                   28.12 kB │ gzip:  10.43 kB
public/build/assets/index-DTgHrwoG.js                                   28.28 kB │ gzip:   9.19 kB
public/build/assets/show-U6nSUl30.js                                    28.45 kB │ gzip:   9.99 kB
public/build/assets/index-D6-fOyIz.js                                   28.55 kB │ gzip:   9.19 kB
public/build/assets/asset-wizard-dialog-B_2MvLQs.js                     28.66 kB │ gzip:   9.63 kB
public/build/assets/show-BDR5KLGj.js                                    28.76 kB │ gzip:   8.54 kB
public/build/assets/show-uhsK8Mgh.js                                    28.77 kB │ gzip:  10.32 kB
public/build/assets/index-BVCXd_u2.js                                   28.80 kB │ gzip:   8.66 kB
public/build/assets/_self-admin-dialogs-CdD8Dh5-.js                     28.81 kB │ gzip:   9.50 kB
public/build/assets/Show-c6ZHLUZs.js                                    29.05 kB │ gzip:   9.12 kB
public/build/assets/Create-DpT4Z3bJ.js                                  29.11 kB │ gzip:  10.17 kB
public/build/assets/guided-round-dialog-CNqGSvTk.js                     29.15 kB │ gzip:   9.61 kB
public/build/assets/templates-CsfdtCk5.js                               29.66 kB │ gzip:  10.55 kB
public/build/assets/documents-DgsGIFrY.js                               29.70 kB │ gzip:   9.23 kB
public/build/assets/_dialogs-D9hVWJDW.js                                30.04 kB │ gzip:  10.02 kB
public/build/assets/run-modal-BC2vYdR2.js                               30.05 kB │ gzip:  10.27 kB
public/build/assets/page-header-DIi_8dzt.js                             30.13 kB │ gzip:   9.17 kB
public/build/assets/procedure-detail-dialog-FriZYDfB.js                 30.20 kB │ gzip:   9.63 kB
public/build/assets/index-CwB7I_7F.js                                   30.22 kB │ gzip:   9.93 kB
public/build/assets/show-CQJ8HNap.js                                    30.32 kB │ gzip:   9.83 kB
public/build/assets/_dialogs-AT_tuzOl.js                                30.39 kB │ gzip:   9.19 kB
public/build/assets/_dialogs-AUum256A.js                                30.56 kB │ gzip:  10.94 kB
public/build/assets/Show-CkbTr8SY.js                                    30.59 kB │ gzip:  11.04 kB
public/build/assets/Competency-Cdtuoeto.js                              30.60 kB │ gzip:  10.30 kB
public/build/assets/MedicationErrors-D99j0vxJ.js                        30.86 kB │ gzip:  11.22 kB
public/build/assets/_hero-Cgv4RhVg.js                                   30.97 kB │ gzip:   9.79 kB
public/build/assets/access-agvrhp_X.js                                  31.13 kB │ gzip:  10.23 kB
public/build/assets/_shopping-list-panel-CJccnSan.js                    31.35 kB │ gzip:  11.01 kB
public/build/assets/index-Dawq3k8h.js                                   31.39 kB │ gzip:  10.75 kB
public/build/assets/Reviews-Ds89FRd3.js                                 31.77 kB │ gzip:  10.46 kB
public/build/assets/_dialogs-ZcMSjCg3.js                                31.87 kB │ gzip:   9.50 kB
public/build/assets/_stock-dialogs-b8sdTN2R.js                          31.91 kB │ gzip:   9.55 kB
public/build/assets/notification-escalations-CrpgbZcQ.js                32.17 kB │ gzip:  10.04 kB
public/build/assets/email-settings-C6UGZBXw.js                          32.26 kB │ gzip:  10.34 kB
public/build/assets/access-Cc3ePJ7y.js                                  32.58 kB │ gzip:  11.61 kB
public/build/assets/index-C5vNaaLR.js                                   32.94 kB │ gzip:  11.96 kB
public/build/assets/_dialogs-BLcTu1AX.js                                33.24 kB │ gzip:  10.69 kB
public/build/assets/Show-ClCpVpLh.js                                    33.29 kB │ gzip:  11.68 kB
public/build/assets/Show-B8zgUYse.js                                    33.61 kB │ gzip:  11.76 kB
public/build/assets/index-5KfWuUQ6.js                                   33.63 kB │ gzip:  11.60 kB
public/build/assets/index-DrNrjoYt.js                                   34.03 kB │ gzip:  11.63 kB
public/build/assets/index-C78GPUSl.js                                   34.40 kB │ gzip:  12.25 kB
public/build/assets/show-Cau31ufe.js                                    34.81 kB │ gzip:  10.68 kB
public/build/assets/Destructions-DTH8w8z4.js                            34.81 kB │ gzip:  12.45 kB
public/build/assets/medical-B9CBSj9s.js                                 34.88 kB │ gzip:   7.89 kB
public/build/assets/_prescription-dialogs-BfYiRTUF.js                   35.13 kB │ gzip:   9.94 kB
public/build/assets/index-CnEjODX0.js                                   35.17 kB │ gzip:  11.94 kB
public/build/assets/Index-BSR-q90n.js                                   35.27 kB │ gzip:  11.57 kB
public/build/assets/_cd-dialogs-Bg8C7i08.js                             35.36 kB │ gzip:   9.45 kB
public/build/assets/documents-CHk9EzPr.js                               35.53 kB │ gzip:  11.44 kB
public/build/assets/index-CVW-E9Nn.js                                   35.84 kB │ gzip:  12.43 kB
public/build/assets/index-CdbHGc7c.js                                   36.57 kB │ gzip:  11.78 kB
public/build/assets/messages-6oYY58CI.js                                36.62 kB │ gzip:  11.88 kB
public/build/assets/reviews-CfwshLiY.js                                 36.78 kB │ gzip:  11.58 kB
public/build/assets/index-DNmuVG0F.js                                   37.15 kB │ gzip:  13.96 kB
public/build/assets/handover-D0Ur53Mp.js                                37.36 kB │ gzip:  11.82 kB
public/build/assets/Create-BSoDhGIR.js                                  37.37 kB │ gzip:  12.11 kB
public/build/assets/index-vtVU4erN.js                                   37.71 kB │ gzip:  11.78 kB
public/build/assets/_inspector-D9Xx8DhQ.js                              37.97 kB │ gzip:  11.55 kB
public/build/assets/documents-D4HDac9X.js                               38.02 kB │ gzip:  12.60 kB
public/build/assets/Dashboard-hTjVW3Gt.js                               38.05 kB │ gzip:  14.32 kB
public/build/assets/index-D23gT47P.js                                   38.12 kB │ gzip:  14.60 kB
public/build/assets/Show-Bjz_PDGp.js                                    38.14 kB │ gzip:  14.46 kB
public/build/assets/global-XbRY0wnO.js                                  38.42 kB │ gzip:  12.89 kB
public/build/assets/hazard-register-Cof-ZDwF.js                         38.49 kB │ gzip:  12.71 kB
public/build/assets/Reports-DnOg0flZ.js                                 38.57 kB │ gzip:  12.94 kB
public/build/assets/Show-DiFJdj55.js                                    39.48 kB │ gzip:  11.41 kB
public/build/assets/index-B6RozPy3.js                                   39.52 kB │ gzip:  13.05 kB
public/build/assets/index-DAGvSN_k.js                                   40.00 kB │ gzip:  13.10 kB
public/build/assets/index-sCRPhyPW.js                                   40.28 kB │ gzip:  12.96 kB
public/build/assets/index-mgAtwH1v.js                                   40.36 kB │ gzip:  13.83 kB
public/build/assets/case-wizards-Dn5pZ4HC.js                            40.74 kB │ gzip:  11.63 kB
public/build/assets/compliance-wizards-CsdMSdtm.js                      40.85 kB │ gzip:  12.73 kB
public/build/assets/index-CQU9m16n.js                                   40.91 kB │ gzip:  14.74 kB
public/build/assets/index-BofoDjlS.js                                   40.95 kB │ gzip:  13.39 kB
public/build/assets/index-DlqZnin1.js                                   41.31 kB │ gzip:  14.38 kB
public/build/assets/_dialogs-jCWqoxaU.js                                41.37 kB │ gzip:  12.04 kB
public/build/assets/index-qt6JlsRM.js                                   41.52 kB │ gzip:  14.12 kB
public/build/assets/bands-qeZ4hpFn.js                                   41.59 kB │ gzip:  14.34 kB
public/build/assets/Edit-6o0h7Gz4.js                                    41.82 kB │ gzip:  13.34 kB
public/build/assets/profile-CVASNf6G.js                                 41.94 kB │ gzip:  14.15 kB
public/build/assets/index-DabqHxpG.js                                   41.96 kB │ gzip:  15.17 kB
public/build/assets/discovery-C5HeVtSV.js                               42.55 kB │ gzip:  12.96 kB
public/build/assets/app-layout-BrpTsIM_.js                              42.69 kB │ gzip:  13.35 kB
public/build/assets/index-Bo5AHcqh.js                                   42.75 kB │ gzip:  13.79 kB
public/build/assets/sso-config-AO5q7Rpy.js                              42.78 kB │ gzip:  13.92 kB
public/build/assets/handover-wizard-Pxnc-Dhs.js                         43.04 kB │ gzip:  13.62 kB
public/build/assets/core.esm-D5j4X1h1.js                                43.17 kB │ gzip:  14.39 kB
public/build/assets/service-contexts--MsJwMLC.js                        43.72 kB │ gzip:  14.00 kB
public/build/assets/_dialogs-Bv1_olvC.js                                43.77 kB │ gzip:  14.04 kB
public/build/assets/StockManagement-BXJwwXPO.js                         43.86 kB │ gzip:  13.11 kB
public/build/assets/show-BPaINka4.js                                    44.23 kB │ gzip:  14.94 kB
public/build/assets/Dashboard-1zXMSzVJ.js                               44.24 kB │ gzip:  10.85 kB
public/build/assets/show-XPwGquDI.js                                    44.24 kB │ gzip:  14.95 kB
public/build/assets/Index-d3K2ypd1.js                                   44.25 kB │ gzip:  15.20 kB
public/build/assets/_canvas-CXzmyrlL.js                                 44.48 kB │ gzip:  12.88 kB
public/build/assets/branding-Bba7dQHK.js                                44.78 kB │ gzip:  13.99 kB
public/build/assets/asset-wizards-D15KdhVz.js                           45.18 kB │ gzip:  13.11 kB
public/build/assets/AuditLog-gFmyqTeR.js                                45.29 kB │ gzip:  15.27 kB
public/build/assets/index-BwEdVQZH.js                                   45.57 kB │ gzip:  12.99 kB
public/build/assets/MarCharts-rMrY6dY5.js                               45.68 kB │ gzip:  15.81 kB
public/build/assets/Prescriptions-Cr0TFGfW.js                           46.34 kB │ gzip:  14.06 kB
public/build/assets/transport-DuDb7LOO.js                               46.91 kB │ gzip:  15.82 kB
public/build/assets/incident-detail-dialog-ChgvrtPM.js                  47.33 kB │ gzip:  14.29 kB
public/build/assets/drill-detail-dialog-fulgPQ2A.js                     47.88 kB │ gzip:  13.52 kB
public/build/assets/Rounds-BmplosxC.js                                  48.24 kB │ gzip:  15.17 kB
public/build/assets/incident-report-dialog-CBvmSKzZ.js                  48.28 kB │ gzip:  15.87 kB
public/build/assets/dashboard-BenOhdGY.js                               48.39 kB │ gzip:  16.05 kB
public/build/assets/_dialogs-Dsubfg50.js                                48.54 kB │ gzip:  14.35 kB
public/build/assets/index-KszXtEA1.js                                   48.90 kB │ gzip:  15.63 kB
public/build/assets/create-shift-dialog-DzV0M6cW.js                     49.10 kB │ gzip:  14.23 kB
public/build/assets/index-B9AnWOqm.js                                   49.29 kB │ gzip:  15.17 kB
public/build/assets/_wizard-n7RJe1eV.js                                 49.42 kB │ gzip:  15.34 kB
public/build/assets/welcome-BjU6C8JG.js                                 50.21 kB │ gzip:   9.57 kB
public/build/assets/index-Ct-SrevN.js                                   51.07 kB │ gzip:  16.06 kB
public/build/assets/index-2-ZPNvJi.js                                   51.81 kB │ gzip:  15.96 kB
public/build/assets/family-dashboard-heqjc4SF.js                        51.96 kB │ gzip:  15.12 kB
public/build/assets/ra-wizard-dialog-prYgMY_f.js                        51.97 kB │ gzip:  16.29 kB
public/build/assets/show-B1usXiZJ.js                                    52.09 kB │ gzip:  17.73 kB
public/build/assets/hazard-detail-dialog-uaUdWF21.js                    52.62 kB │ gzip:  15.18 kB
public/build/assets/index-nTdJrF8Q.js                                   52.88 kB │ gzip:  16.03 kB
public/build/assets/settings-CYVErB3O.js                                53.33 kB │ gzip:  15.54 kB
public/build/assets/workspace-Cvsj7dyt.js                               54.43 kB │ gzip:  19.24 kB
public/build/assets/index-BKUXjyhU.js                                   56.41 kB │ gzip:  19.10 kB
public/build/assets/Show-27K1PoO-.js                                    57.39 kB │ gzip:  17.34 kB
public/build/assets/CockpitLayout-DlhoUrYQ.js                           57.41 kB │ gzip:  17.89 kB
public/build/assets/device-profile-sections-CHqYqQZu.js                 58.15 kB │ gzip:  16.93 kB
public/build/assets/dashboard-CRXY7r3v.js                               58.74 kB │ gzip:  16.95 kB
public/build/assets/show-Dz2X-dgL.js                                    59.07 kB │ gzip:  20.16 kB
public/build/assets/my-hr-shell-CDQKwfdi.js                             59.82 kB │ gzip:  18.81 kB
public/build/assets/Index-AN2Nk2x2.js                                   59.94 kB │ gzip:  19.13 kB
public/build/assets/medical-dHqsAOwZ.js                                 60.22 kB │ gzip:  12.07 kB
public/build/assets/_parts-BVzPfkfR.js                                  60.60 kB │ gzip:  19.58 kB
public/build/assets/PrnRecords-BTnzl6rZ.js                              60.73 kB │ gzip:  18.67 kB
public/build/assets/conflicts-ltTXGKAo.js                               61.21 kB │ gzip:  19.78 kB
public/build/assets/Show-DmMLKLXN.js                                    62.50 kB │ gzip:  21.42 kB
public/build/assets/settings-Cdwk2zHf.js                                63.31 kB │ gzip:  17.22 kB
public/build/assets/index-CGS5qOr1.js                                   64.27 kB │ gzip:  19.33 kB
public/build/assets/dashboard-BkKvnxNW.js                               64.46 kB │ gzip:  20.36 kB
public/build/assets/data-K2EqJQci.js                                    64.62 kB │ gzip:  13.99 kB
public/build/assets/monitoring-Cpqb2fit.js                              65.77 kB │ gzip:  19.54 kB
public/build/assets/ControlledDrugs-BXthKkI3.js                         65.82 kB │ gzip:  20.42 kB
public/build/assets/catalog-D5oC-Vur.js                                 66.75 kB │ gzip:  17.73 kB
public/build/assets/Show-3vVWv5Tu.js                                    67.29 kB │ gzip:  19.34 kB
public/build/assets/show-bk_iY5c6.js                                    67.76 kB │ gzip:  15.09 kB
public/build/assets/show-DcCH1akp.js                                    68.56 kB │ gzip:  20.32 kB
public/build/assets/index-Ce3WWD93.js                                   69.05 kB │ gzip:  21.44 kB
public/build/assets/index-B9dT8Hao.js                                   69.35 kB │ gzip:  21.87 kB
public/build/assets/analytics-Disyldzf.js                               70.61 kB │ gzip:  23.91 kB
public/build/assets/SiteCalendar-BTiKlQJO.js                            71.76 kB │ gzip:  22.71 kB
public/build/assets/concern-dialog-BtrxXukh.js                          72.32 kB │ gzip:  20.08 kB
public/build/assets/legacy-profile-sections-CxV96P1T.js                 72.99 kB │ gzip:  19.50 kB
public/build/assets/show-CmlJPoUb.js                                    74.28 kB │ gzip:  23.09 kB
public/build/assets/show-vsCf6T0i.js                                    75.65 kB │ gzip:  23.60 kB
public/build/assets/index-CUeeMEoX.js                                   77.40 kB │ gzip:  22.55 kB
public/build/assets/_calendar-grid-Beh4_EJO.js                          77.48 kB │ gzip:  22.96 kB
public/build/assets/index-BVobiMmF.js                                   78.27 kB │ gzip:  23.83 kB
public/build/assets/index-AR5iPzqj.js                                   80.58 kB │ gzip:  23.35 kB
public/build/assets/index-C-3j7xtH.js                                   81.66 kB │ gzip:  24.47 kB
public/build/assets/_create-dialog-DsPo-Bj2.js                          81.96 kB │ gzip:  27.50 kB
public/build/assets/index-Dy4-taBm.js                                   83.74 kB │ gzip:  27.22 kB
public/build/assets/index-DbiH1eGt.js                                   86.93 kB │ gzip:  24.97 kB
public/build/assets/Index-m5C0hM9g.js                                   88.75 kB │ gzip:  26.81 kB
public/build/assets/index-Bb3NUr5i.js                                   88.76 kB │ gzip:  27.29 kB
public/build/assets/staff-page-shell-CRPxPBkc.js                        90.82 kB │ gzip:  26.93 kB
public/build/assets/index-CoYiEyY2.js                                   94.94 kB │ gzip:  28.20 kB
public/build/assets/show-Bbo6RMIK.js                                    99.25 kB │ gzip:  25.80 kB
public/build/assets/ticket-intake-fields-C33ccqbg.js                   102.61 kB │ gzip:  30.27 kB
public/build/assets/index-C5dBlRpu.js                                  103.39 kB │ gzip:  31.11 kB
public/build/assets/index-IaHAs5Vf.js                                  104.03 kB │ gzip:  31.58 kB
public/build/assets/index-DBwuq3-D.js                                  107.45 kB │ gzip:  31.45 kB
public/build/assets/queclink-hub-ClxAddK2.js                           109.77 kB │ gzip:  33.66 kB
public/build/assets/it-wizards-BGcezaO6.js                             111.72 kB │ gzip:  35.88 kB
public/build/assets/index-CGTM-qr6.js                                  111.91 kB │ gzip:  30.54 kB
public/build/assets/workspace-BLC70eZh.js                              128.30 kB │ gzip:  38.70 kB
public/build/assets/ticket-reopen-dialog-ByFC_cTI.js                   145.73 kB │ gzip:  46.12 kB
public/build/assets/event-detail-dialog-DwV_Y5gv.js                    148.01 kB │ gzip:  38.86 kB
public/build/assets/vendor-maps-CTUbLoeq.js                            149.92 kB │ gzip:  43.49 kB
public/build/assets/index-X7HUe0Wz.js                                  155.98 kB │ gzip:  42.60 kB
public/build/assets/index-CwhT6570.js                                  156.20 kB │ gzip:  45.39 kB
public/build/assets/alert-workspace-dialog-2f8dOicE.js                 158.46 kB │ gzip:  44.47 kB
public/build/assets/index-kYu1wsyl.js                                  159.65 kB │ gzip:  45.15 kB
public/build/assets/show-B8eST2K0.js                                   169.89 kB │ gzip:  52.48 kB
public/build/assets/knowledge-revision-dialog-OjUNZ6eV.js              177.17 kB │ gzip:  49.63 kB
public/build/assets/vendor-react-C99fm9h8.js                           193.87 kB │ gzip:  60.86 kB
public/build/assets/vendor-inertia-L00mYErJ.js                         195.04 kB │ gzip:  65.83 kB
public/build/assets/category-CisvJoi5.js                               206.58 kB │ gzip:  51.97 kB
public/build/assets/index-DKM7NFTF.js                                  215.10 kB │ gzip:  68.41 kB
public/build/assets/index-CMN4pE44.js                                  236.38 kB │ gzip:  70.77 kB
public/build/assets/vendor-calendar-NWT3TLWG.js                        267.92 kB │ gzip:  79.12 kB
public/build/assets/vendor-ui-BuO1Y5tc.js                              276.38 kB │ gzip:  76.83 kB
public/build/assets/index-CWG-fQLV.js                                  317.42 kB │ gzip:  88.18 kB
public/build/assets/show-B0JoI6CI.js                                   328.59 kB │ gzip:  98.18 kB
public/build/assets/show-CI2aMl9G.js                                   348.41 kB │ gzip:  98.21 kB
public/build/assets/vendor-charts-DT3hslkE.js                          398.58 kB │ gzip: 115.53 kB
public/build/assets/pdf-YYBQA8p7.js                                    437.74 kB │ gzip: 131.10 kB
public/build/assets/app-FMwTQuLf.js                                    518.01 kB │ gzip:  83.35 kB
public/build/assets/show-DgN7TDJp.js                                   772.80 kB │ gzip: 248.14 kB

(!) Some chunks are larger than 500 kB after minification. Consider:
- Using dynamic import() to code-split the application
- Use build.rollupOptions.output.manualChunks to improve chunking: https://rollupjs.org/configuration-options/#output-manualchunks
- Adjust chunk size limit for this warning via build.chunkSizeWarningLimit.
✓ built in 6m 4s
