vite v7.3.6 building client environment for production...
[plugin @laravel/vite-plugin-wayfinder] Types generated for actions, routes, form variants
transforming...
✓ 5442 modules transformed.
rendering chunks...
computing gzip size...
public/build/assets/layers-BWBAp2CZ.png                                  0.70 kB
public/build/assets/layers-2x-Bpkbi35X.png                               1.26 kB
public/build/assets/marker-icon-hN30_KVU.png                             1.47 kB
public/build/assets/pdf.worker.min-Dswkl-cV.mjs                      1,265.41 kB
public/build/manifest.json                                           3,836.76 kB │ gzip: 208.25 kB
public/build/assets/show-DItqkuBD.css                                    0.04 kB │ gzip:   0.06 kB
public/build/assets/booking-wizard-BYFUJ1mS.css                          0.73 kB │ gzip:   0.34 kB
public/build/assets/show-BlsQFc8X.css                                    0.96 kB │ gzip:   0.38 kB
public/build/assets/fleet-map-Cc-sKlod.css                               1.80 kB │ gzip:   0.73 kB
public/build/assets/index-BfYF406j.css                                   8.96 kB │ gzip:   1.95 kB
public/build/assets/transport-HC5KKNJu.css                               9.01 kB │ gzip:   2.17 kB
public/build/assets/vendor-maps-CLLlcC51.css                            11.08 kB │ gzip:   2.73 kB
public/build/assets/knowledge-revision-dialog-D-juoI1B.css              12.92 kB │ gzip:   3.14 kB
public/build/assets/location-workspace-BnCaAc4S.css                     16.92 kB │ gzip:   3.64 kB
public/build/assets/dashboard-CynApWYI.css                              25.76 kB │ gzip:   4.58 kB
public/build/assets/index-Dmrchnqb.css                                  79.87 kB │ gzip:   9.87 kB
public/build/assets/show-DFV0a2Rv.css                                  117.04 kB │ gzip:  17.10 kB
public/build/assets/app-DH9vAgpy.css                                   443.60 kB │ gzip:  56.67 kB
public/build/assets/my-hr-utils-fLvKAKV1.js                              0.07 kB │ gzip:   0.09 kB
public/build/assets/avatar-hue-BThxaYxR.js                               0.10 kB │ gzip:   0.11 kB
public/build/assets/_announcer-cvXWdNAc.js                               0.12 kB │ gzip:   0.12 kB
public/build/assets/minus-kYvRu6Ok.js                                    0.12 kB │ gzip:   0.13 kB
public/build/assets/check-CABwVJN7.js                                    0.12 kB │ gzip:   0.14 kB
public/build/assets/circle-Blxu-7eI.js                                   0.12 kB │ gzip:   0.13 kB
public/build/assets/chevron-down-DahJqav8.js                             0.13 kB │ gzip:   0.14 kB
public/build/assets/chevron-up-Bwf-Ro1W.js                               0.13 kB │ gzip:   0.14 kB
public/build/assets/chevron-left-Bp0pPQJ8.js                             0.13 kB │ gzip:   0.14 kB
public/build/assets/chevron-right-xDLS9kWZ.js                            0.13 kB │ gzip:   0.14 kB
public/build/assets/play-CesuT08p.js                                     0.13 kB │ gzip:   0.15 kB
public/build/assets/moon-CzOc8qO4.js                                     0.14 kB │ gzip:   0.15 kB
public/build/assets/loader-circle-vy4xRDhL.js                            0.14 kB │ gzip:   0.15 kB
public/build/assets/square-BqCplP8n.js                                   0.15 kB │ gzip:   0.15 kB
public/build/assets/message-circle-WM20vbuj.js                           0.15 kB │ gzip:   0.16 kB
public/build/assets/navigation-zDjUB82v.js                               0.15 kB │ gzip:   0.15 kB
public/build/assets/staff-creation-workflow-D6SGmEbz.js                  0.15 kB │ gzip:   0.13 kB
public/build/assets/plus-Der1HW4i.js                                     0.15 kB │ gzip:   0.15 kB
public/build/assets/x-DXjEL9Zm.js                                        0.15 kB │ gzip:   0.15 kB
public/build/assets/thermometer-DgfJ-SY2.js                              0.16 kB │ gzip:   0.16 kB
public/build/assets/filter-D5P8-aMW.js                                   0.16 kB │ gzip:   0.16 kB
public/build/assets/bookmark-VJCHkm5N.js                                 0.16 kB │ gzip:   0.16 kB
public/build/assets/arrow-left-D3jQi2rk.js                               0.16 kB │ gzip:   0.16 kB
public/build/assets/arrow-right-CIn9GBnX.js                              0.16 kB │ gzip:   0.16 kB
public/build/assets/arrow-up-right-C6wEJPkA.js                           0.16 kB │ gzip:   0.15 kB
public/build/assets/circle-minus-DHgiZNi5.js                             0.17 kB │ gzip:   0.16 kB
public/build/assets/search-DUQfIql0.js                                   0.17 kB │ gzip:   0.17 kB
public/build/assets/move-right-CT-hjK-E.js                               0.17 kB │ gzip:   0.16 kB
public/build/assets/ban-Os1lGxXy.js                                      0.17 kB │ gzip:   0.16 kB
public/build/assets/circle-check-Bdxtjukz.js                             0.17 kB │ gzip:   0.17 kB
public/build/assets/chevrons-up-down-J0bSMF5f.js                         0.17 kB │ gzip:   0.16 kB
public/build/assets/provider-CyzdoYBv.js                                 0.17 kB │ gzip:   0.15 kB
public/build/assets/power-vaFd8u7a.js                                    0.17 kB │ gzip:   0.17 kB
public/build/assets/user-round-BeJiIti3.js                               0.18 kB │ gzip:   0.17 kB
public/build/assets/gauge-DnHdvMoP.js                                    0.18 kB │ gzip:   0.17 kB
public/build/assets/circle-dot-CvwO_fbA.js                               0.18 kB │ gzip:   0.15 kB
public/build/assets/clock-Df0Y6ukg.js                                    0.18 kB │ gzip:   0.17 kB
public/build/assets/message-square-BFfSZlgX.js                           0.18 kB │ gzip:   0.17 kB
public/build/assets/check-check-DcioRfvX.js                              0.18 kB │ gzip:   0.17 kB
public/build/assets/clock-3-DyaTgcdO.js                                  0.18 kB │ gzip:   0.17 kB
public/build/assets/chart-line-DrwHsyIq.js                               0.18 kB │ gzip:   0.17 kB
public/build/assets/circle-slash-efl0yBR5.js                             0.18 kB │ gzip:   0.17 kB
public/build/assets/reply-aTnfVO44.js                                    0.18 kB │ gzip:   0.18 kB
public/build/assets/circle-check-big-DO-QGU9i.js                         0.19 kB │ gzip:   0.18 kB
public/build/assets/circle-play-BB11TPC6.js                              0.19 kB │ gzip:   0.17 kB
public/build/assets/user-D5ZNWxv-.js                                     0.19 kB │ gzip:   0.18 kB
public/build/assets/megaphone-B6v7eXpN.js                                0.19 kB │ gzip:   0.18 kB
public/build/assets/skip-forward-CL2bDt3L.js                             0.20 kB │ gzip:   0.19 kB
public/build/assets/smartphone-BD2UCKqG.js                               0.20 kB │ gzip:   0.18 kB
public/build/assets/info-D9IOmgmz.js                                     0.20 kB │ gzip:   0.18 kB
public/build/assets/rotate-ccw-ucw63jmj.js                               0.20 kB │ gzip:   0.18 kB
public/build/assets/rotate-cw-Jkd8Cyf8.js                                0.20 kB │ gzip:   0.18 kB
public/build/assets/lock-Byix_POb.js                                     0.20 kB │ gzip:   0.19 kB
public/build/assets/circle-x-B0cZ1xOZ.js                                 0.20 kB │ gzip:   0.18 kB
public/build/assets/circle-plus-BIOPogJp.js                              0.20 kB │ gzip:   0.18 kB
public/build/assets/chart-palette-BuldC4kO.js                            0.20 kB │ gzip:   0.13 kB
public/build/assets/trending-up-I3tXKc72.js                              0.20 kB │ gzip:   0.18 kB
public/build/assets/utils-COkJOzsg.js                                    0.20 kB │ gzip:   0.16 kB
public/build/assets/credit-card-Bnr320uf.js                              0.21 kB │ gzip:   0.19 kB
public/build/assets/arrow-up-from-line-CTUrhd62.js                       0.21 kB │ gzip:   0.18 kB
public/build/assets/arrow-down-to-line-BhOk80eN.js                       0.21 kB │ gzip:   0.18 kB
public/build/assets/redo-2-Yum055iR.js                                   0.21 kB │ gzip:   0.18 kB
public/build/assets/trending-down-CriHYIJ_.js                            0.21 kB │ gzip:   0.18 kB
public/build/assets/undo-2-D0uihBEv.js                                   0.21 kB │ gzip:   0.18 kB
public/build/assets/droplet-CVtVGrO5.js                                  0.21 kB │ gzip:   0.19 kB
public/build/assets/lock-open-ECs89waq.js                                0.21 kB │ gzip:   0.19 kB
public/build/assets/mail-CZvxYh1w.js                                     0.21 kB │ gzip:   0.20 kB
public/build/assets/it-module-shell-Cq8Pndvb.js                          0.21 kB │ gzip:   0.19 kB
public/build/assets/battery-BANdCYce.js                                  0.21 kB │ gzip:   0.18 kB
public/build/assets/pause-CvJ4UPVV.js                                    0.21 kB │ gzip:   0.17 kB
public/build/assets/circle-arrow-up-C_Tj-9j6.js                          0.21 kB │ gzip:   0.19 kB
public/build/assets/circle-arrow-down-O6dl-qoB.js                        0.21 kB │ gzip:   0.19 kB
public/build/assets/pill-B7Ie5VWA.js                                     0.21 kB │ gzip:   0.18 kB
public/build/assets/table-2-DurfJHlN.js                                  0.21 kB │ gzip:   0.18 kB
public/build/assets/site-profile-dialog-host-BH_OdoAm.js                 0.21 kB │ gzip:   0.19 kB
public/build/assets/dollar-sign-d0-tshkV.js                              0.22 kB │ gzip:   0.19 kB
public/build/assets/file-uExzEFi8.js                                     0.22 kB │ gzip:   0.18 kB
public/build/assets/laptop-BmKwI57c.js                                   0.22 kB │ gzip:   0.19 kB
public/build/assets/flag-BRNy0GIO.js                                     0.22 kB │ gzip:   0.20 kB
public/build/assets/rows-3-B8h0jNfs.js                                   0.22 kB │ gzip:   0.19 kB
public/build/assets/rss-g99gd92_.js                                      0.22 kB │ gzip:   0.19 kB
public/build/assets/briefcase-BkaakedT.js                                0.22 kB │ gzip:   0.20 kB
public/build/assets/ellipsis-CkZ1_U6C.js                                 0.22 kB │ gzip:   0.16 kB
public/build/assets/target-D0Rzvmxl.js                                   0.22 kB │ gzip:   0.16 kB
public/build/assets/columns-3-Bm-jK3cs.js                                0.22 kB │ gzip:   0.19 kB
public/build/assets/git-merge-C3TSi7tK.js                                0.22 kB │ gzip:   0.19 kB
public/build/assets/square-check-big-Dld802gd.js                         0.22 kB │ gzip:   0.19 kB
public/build/assets/sticky-note-C4uIXjFh.js                              0.22 kB │ gzip:   0.18 kB
public/build/assets/folder-6ZlwBM-U.js                                   0.23 kB │ gzip:   0.19 kB
public/build/assets/ellipsis-vertical-BtM6SfTv.js                        0.23 kB │ gzip:   0.17 kB
public/build/assets/vote-IimTuGUH.js                                     0.23 kB │ gzip:   0.19 kB
public/build/assets/copy-BAd1Fmc0.js                                     0.23 kB │ gzip:   0.21 kB
public/build/assets/door-closed-CBwr53ya.js                              0.23 kB │ gzip:   0.19 kB
public/build/assets/user-round-check-BOm-GLo6.js                         0.23 kB │ gzip:   0.21 kB
public/build/assets/circle-user-round-BxdJAjRw.js                        0.23 kB │ gzip:   0.19 kB
public/build/assets/circle-help-DO3rxm4v.js                              0.23 kB │ gzip:   0.20 kB
public/build/assets/ear-BIs-D7MJ.js                                      0.23 kB │ gzip:   0.19 kB
public/build/assets/activity-Coaqf0Ml.js                                 0.23 kB │ gzip:   0.20 kB
public/build/assets/pen-CkXxcbp4.js                                      0.23 kB │ gzip:   0.20 kB
public/build/assets/history-Cyh5fll1.js                                  0.24 kB │ gzip:   0.20 kB
public/build/assets/globe-BqreteQJ.js                                    0.24 kB │ gzip:   0.19 kB
public/build/assets/timer-DUAKOir8.js                                    0.24 kB │ gzip:   0.19 kB
public/build/assets/banknote-4KZApCP6.js                                 0.24 kB │ gzip:   0.20 kB
public/build/assets/heart-C72KEYMV.js                                    0.24 kB │ gzip:   0.21 kB
public/build/assets/link-2-CcmAASkd.js                                   0.24 kB │ gzip:   0.21 kB
public/build/assets/menu-DvJfc3pj.js                                     0.24 kB │ gzip:   0.17 kB
public/build/assets/database-C3tylpF_.js                                 0.24 kB │ gzip:   0.20 kB
public/build/assets/arrow-down-up-ClwColPK.js                            0.24 kB │ gzip:   0.19 kB
public/build/assets/type-Dv3DzdrU.js                                     0.24 kB │ gzip:   0.19 kB
public/build/assets/circle-pause-CBTIZalw.js                             0.24 kB │ gzip:   0.19 kB
public/build/assets/arrow-left-right-o0rHfEiT.js                         0.25 kB │ gzip:   0.20 kB
public/build/assets/compass-DgeIUx_w.js                                  0.25 kB │ gzip:   0.20 kB
public/build/assets/arrow-right-left-BQIxOaQb.js                         0.25 kB │ gzip:   0.19 kB
public/build/assets/book-marked-DJ_b-Z8T.js                              0.25 kB │ gzip:   0.20 kB
public/build/assets/settings-2-Cw8f9jlQ.js                               0.25 kB │ gzip:   0.19 kB
public/build/assets/users-round-D_3Iog9f.js                              0.25 kB │ gzip:   0.22 kB
public/build/assets/camera-BQJoXlQC.js                                   0.25 kB │ gzip:   0.21 kB
public/build/assets/file-warning-DCkRkFIZ.js                             0.25 kB │ gzip:   0.20 kB
public/build/assets/video-D0yjPU7H.js                                    0.25 kB │ gzip:   0.22 kB
public/build/assets/route-BaqBeota.js                                    0.25 kB │ gzip:   0.20 kB
public/build/assets/circle-alert-YqKhrBwR.js                             0.25 kB │ gzip:   0.19 kB
public/build/assets/mouse-pointer-2-Cm-jUak3.js                          0.25 kB │ gzip:   0.21 kB
public/build/assets/chart-column-BxXA8J8U.js                             0.25 kB │ gzip:   0.19 kB
public/build/assets/external-link-C_YdOjVg.js                            0.25 kB │ gzip:   0.20 kB
public/build/assets/cloud-upload-nWzzapCS.js                             0.25 kB │ gzip:   0.21 kB
public/build/assets/shopping-bag-1K79tn54.js                             0.25 kB │ gzip:   0.20 kB
public/build/assets/pentagon-CMyw3tG_.js                                 0.25 kB │ gzip:   0.20 kB
public/build/assets/eye-BT0ut2cf.js                                      0.25 kB │ gzip:   0.20 kB
public/build/assets/user-check-BSQcLCo9.js                               0.25 kB │ gzip:   0.22 kB
public/build/assets/map-pin-DnIig-Cy.js                                  0.25 kB │ gzip:   0.22 kB
public/build/assets/archive-BVMYmL4r.js                                  0.25 kB │ gzip:   0.21 kB
public/build/assets/lock-keyhole-DszYrHIE.js                             0.25 kB │ gzip:   0.22 kB
public/build/assets/message-square-plus-CCTZDbHO.js                      0.25 kB │ gzip:   0.20 kB
public/build/assets/circle-user-CoGiC3Tc.js                              0.25 kB │ gzip:   0.20 kB
public/build/assets/message-square-text-Chaec5Po.js                      0.25 kB │ gzip:   0.20 kB
public/build/assets/user-minus-DZAn5UCD.js                               0.25 kB │ gzip:   0.22 kB
public/build/assets/file-check-2-DAuFY7gc.js                             0.25 kB │ gzip:   0.20 kB
public/build/assets/messages-square-BaHfWhXt.js                          0.25 kB │ gzip:   0.20 kB
public/build/assets/link-DhjK0VWW.js                                     0.26 kB │ gzip:   0.19 kB
public/build/assets/hr-hero-DgzI633H.js                                  0.26 kB │ gzip:   0.21 kB
public/build/assets/wrench-DzeU6nx5.js                                   0.26 kB │ gzip:   0.20 kB
public/build/assets/upload-CxcdiiWe.js                                   0.26 kB │ gzip:   0.22 kB
public/build/assets/calendar-kDwtBhkr.js                                 0.26 kB │ gzip:   0.20 kB
public/build/assets/log-out-CPqUYV0-.js                                  0.26 kB │ gzip:   0.22 kB
public/build/assets/ticket-check-CVZPSooi.js                             0.26 kB │ gzip:   0.20 kB
public/build/assets/log-in-B66lGp_R.js                                   0.26 kB │ gzip:   0.22 kB
public/build/assets/file-minus-DXXOdf4Z.js                               0.26 kB │ gzip:   0.20 kB
public/build/assets/key-BoK7hjHC.js                                      0.26 kB │ gzip:   0.22 kB
public/build/assets/monitor-Dqx2GX0n.js                                  0.26 kB │ gzip:   0.20 kB
public/build/assets/message-square-warning-EF5Ic9ut.js                   0.26 kB │ gzip:   0.20 kB
public/build/assets/utensils-DiFV8rzw.js                                 0.26 kB │ gzip:   0.21 kB
public/build/assets/download-xchGqgNt.js                                 0.26 kB │ gzip:   0.22 kB
public/build/assets/zap-BvbKB9e1.js                                      0.26 kB │ gzip:   0.21 kB
public/build/assets/triangle-alert-BzCzRBnV.js                           0.26 kB │ gzip:   0.21 kB
public/build/assets/leaf-C17tVZF6.js                                     0.26 kB │ gzip:   0.23 kB
public/build/assets/file-check-oUVsmtcT.js                               0.26 kB │ gzip:   0.20 kB
public/build/assets/workflow-PlrmL4UY.js                                 0.26 kB │ gzip:   0.20 kB
public/build/assets/mic-BCevulkj.js                                      0.26 kB │ gzip:   0.21 kB
public/build/assets/shield-BYV1RyVQ.js                                   0.27 kB │ gzip:   0.22 kB
public/build/assets/list-plus-CaocRicl.js                                0.27 kB │ gzip:   0.19 kB
public/build/assets/battery-low-DCncN4gw.js                              0.27 kB │ gzip:   0.21 kB
public/build/assets/timer-reset-Bw9G8Aux.js                              0.27 kB │ gzip:   0.21 kB
public/build/assets/award-CO6yS0D1.js                                    0.27 kB │ gzip:   0.22 kB
public/build/assets/eraser-DuxAjesn.js                                   0.27 kB │ gzip:   0.22 kB
public/build/assets/image-FiFr2t9Y.js                                    0.27 kB │ gzip:   0.22 kB
public/build/assets/repeat-Dw17ql_n.js                                   0.27 kB │ gzip:   0.20 kB
public/build/assets/arrow-up-C4w4sGLX.js                                 0.27 kB │ gzip:   0.20 kB
public/build/assets/flame-gJTuv7h8.js                                    0.27 kB │ gzip:   0.23 kB
public/build/assets/git-branch-DLxxfT5B.js                               0.27 kB │ gzip:   0.22 kB
public/build/assets/pencil-BIgBNLb3.js                                   0.28 kB │ gzip:   0.23 kB
public/build/assets/pen-line-CvOI0BCY.js                                 0.28 kB │ gzip:   0.23 kB
public/build/assets/list-checks-Bx_udGH2.js                              0.28 kB │ gzip:   0.19 kB
public/build/assets/book-open-CaNXi7W_.js                                0.28 kB │ gzip:   0.20 kB
public/build/assets/file-diff-DMT2ySuh.js                                0.28 kB │ gzip:   0.21 kB
public/build/assets/wifi-BByOxtgQ.js                                     0.28 kB │ gzip:   0.21 kB
public/build/assets/lightbulb-BLMgfhSj.js                                0.28 kB │ gzip:   0.22 kB
public/build/assets/file-plus-2-6JEq9tjZ.js                              0.28 kB │ gzip:   0.21 kB
public/build/assets/layout-template-Vf4AgDpN.js                          0.28 kB │ gzip:   0.19 kB
public/build/assets/inbox-55n8eHfk.js                                    0.29 kB │ gzip:   0.23 kB
public/build/assets/wallet-DpyOoGTa.js                                   0.29 kB │ gzip:   0.21 kB
public/build/assets/shopping-cart-KnGasas0.js                            0.29 kB │ gzip:   0.23 kB
public/build/assets/shirt-DSMk83GP.js                                    0.29 kB │ gzip:   0.23 kB
public/build/assets/files-D1N41VG5.js                                    0.29 kB │ gzip:   0.22 kB
public/build/assets/house-CfGGGm_z.js                                    0.29 kB │ gzip:   0.22 kB
public/build/assets/bell-DWZfJklQ.js                                     0.29 kB │ gzip:   0.24 kB
public/build/assets/use-initials-U-N8N3-N.js                             0.29 kB │ gzip:   0.20 kB
public/build/assets/send-C3HJINFF.js                                     0.29 kB │ gzip:   0.23 kB
public/build/assets/folder-open-DzUlq-de.js                              0.29 kB │ gzip:   0.22 kB
public/build/assets/receipt-pL07kbe4.js                                  0.29 kB │ gzip:   0.21 kB
public/build/assets/governance-permissions-oQG3y2Ya.js                   0.29 kB │ gzip:   0.19 kB
public/build/assets/link-2-off-DGbhU0ps.js                               0.29 kB │ gzip:   0.22 kB
public/build/assets/smile-rAx_bXgO.js                                    0.29 kB │ gzip:   0.22 kB
public/build/assets/grid-3x3-BFdoIJaB.js                                 0.29 kB │ gzip:   0.21 kB
public/build/assets/bed-double-B935b-oK.js                               0.30 kB │ gzip:   0.21 kB
public/build/assets/heart-crack-_AcSimnA.js                              0.30 kB │ gzip:   0.24 kB
public/build/assets/hash-BXb7WIvW.js                                     0.30 kB │ gzip:   0.19 kB
public/build/assets/receipt-text-CTRBaO63.js                             0.30 kB │ gzip:   0.20 kB
public/build/assets/maximize-2-fdDhSPWK.js                               0.30 kB │ gzip:   0.21 kB
public/build/assets/list-todo-B5jBXrUF.js                                0.30 kB │ gzip:   0.22 kB
public/build/assets/paperclip-Baa8t6tH.js                                0.30 kB │ gzip:   0.23 kB
public/build/assets/file-up-CthBr7Py.js                                  0.30 kB │ gzip:   0.21 kB
public/build/assets/gavel-BI7F6P01.js                                    0.30 kB │ gzip:   0.22 kB
public/build/assets/flask-conical-DQ2vcJbz.js                            0.30 kB │ gzip:   0.23 kB
public/build/assets/thumbs-up-jJ67_vn-.js                                0.30 kB │ gzip:   0.24 kB
public/build/assets/list-vYeCMQ06.js                                     0.30 kB │ gzip:   0.18 kB
public/build/assets/file-down-DnT5nYGD.js                                0.30 kB │ gzip:   0.22 kB
public/build/assets/thumbs-down-C0qAhIyZ.js                              0.30 kB │ gzip:   0.24 kB
public/build/assets/minimize-2-D6NFbRrN.js                               0.30 kB │ gzip:   0.21 kB
public/build/assets/clipboard-check-BCneFvD0.js                          0.30 kB │ gzip:   0.23 kB
public/build/assets/file-clock-Bzqm-5dS.js                               0.30 kB │ gzip:   0.24 kB
public/build/assets/users-CAYbu-iK.js                                    0.30 kB │ gzip:   0.23 kB
public/build/assets/calendar-check-UjnnPsPG.js                           0.30 kB │ gzip:   0.23 kB
public/build/assets/coffee-CtMn7Q5P.js                                   0.30 kB │ gzip:   0.21 kB
public/build/assets/user-x-Te9odfrL.js                                   0.30 kB │ gzip:   0.23 kB
public/build/assets/folder-plus-Or6GaIO4.js                              0.30 kB │ gzip:   0.23 kB
public/build/assets/chef-hat-5L5QsTXq.js                                 0.31 kB │ gzip:   0.24 kB
public/build/assets/user-plus-hi4Y4rRV.js                                0.31 kB │ gzip:   0.24 kB
public/build/assets/box-YUnCDEwh.js                                      0.31 kB │ gzip:   0.23 kB
public/build/assets/heart-pulse-CfE5Mi0F.js                              0.31 kB │ gzip:   0.25 kB
public/build/assets/piggy-bank-RxrhLDAp.js                               0.31 kB │ gzip:   0.25 kB
public/build/assets/badge-check-CHHAJd52.js                              0.31 kB │ gzip:   0.21 kB
public/build/assets/shapes-KtrTBSoG.js                                   0.32 kB │ gzip:   0.25 kB
public/build/assets/hard-hat-Cm9BVrnj.js                                 0.32 kB │ gzip:   0.24 kB
public/build/assets/shield-check-CP12fb_f.js                             0.32 kB │ gzip:   0.25 kB
public/build/assets/printer-DMiYOnqs.js                                  0.32 kB │ gzip:   0.24 kB
public/build/assets/square-pen-D_WnilL1.js                               0.32 kB │ gzip:   0.24 kB
public/build/assets/refresh-ccw-DeaEGADB.js                              0.32 kB │ gzip:   0.23 kB
public/build/assets/ticket-hU2utBfi.js                                   0.32 kB │ gzip:   0.21 kB
public/build/assets/tag-l-de0lCu.js                                      0.32 kB │ gzip:   0.25 kB
public/build/assets/hand-helping-DKem4Fcj.js                             0.32 kB │ gzip:   0.25 kB
public/build/assets/id-card-C_e3dOXg.js                                  0.32 kB │ gzip:   0.24 kB
public/build/assets/mail-warning-Bk9_5_Ax.js                             0.32 kB │ gzip:   0.24 kB
public/build/assets/save-Ch7ceLp9.js                                     0.33 kB │ gzip:   0.23 kB
public/build/assets/scan-line-ConIxuZG.js                                0.33 kB │ gzip:   0.22 kB
public/build/assets/graduation-cap-BCo_Pes9.js                           0.33 kB │ gzip:   0.25 kB
public/build/assets/list-ordered-CDMQ7MTK.js                             0.33 kB │ gzip:   0.22 kB
public/build/assets/file-text-BpIrNahV.js                                0.33 kB │ gzip:   0.22 kB
public/build/assets/book-open-check-B2EiOzD6.js                          0.33 kB │ gzip:   0.23 kB
public/build/assets/clipboard-plus-Cj1hRsS3.js                           0.33 kB │ gzip:   0.24 kB
public/build/assets/alarm-clock-CeJ7RU8I.js                              0.33 kB │ gzip:   0.23 kB
public/build/assets/contact-DIxZMXBH.js                                  0.33 kB │ gzip:   0.24 kB
public/build/assets/calendar-x-CUKT2qC2.js                               0.34 kB │ gzip:   0.23 kB
public/build/assets/accessibility-DrA9SO6V.js                            0.34 kB │ gzip:   0.25 kB
public/build/assets/archive-restore-C5rgV20C.js                          0.34 kB │ gzip:   0.24 kB
public/build/assets/stethoscope-CPQ5swSo.js                              0.34 kB │ gzip:   0.24 kB
public/build/assets/shield-plus-C7XXeQPB.js                              0.34 kB │ gzip:   0.26 kB
public/build/assets/layout-grid-ClCeF2Ai.js                              0.34 kB │ gzip:   0.19 kB
public/build/assets/pin-Bq7biFT9.js                                      0.35 kB │ gzip:   0.24 kB
public/build/assets/file-image-DpDrXRgO.js                               0.35 kB │ gzip:   0.25 kB
public/build/assets/scroll-text-CMiFpSAu.js                              0.35 kB │ gzip:   0.23 kB
public/build/assets/key-round-Bfg-2wpG.js                                0.35 kB │ gzip:   0.26 kB
public/build/assets/layout-dashboard-BVSyLd2l.js                         0.35 kB │ gzip:   0.21 kB
public/build/assets/shield-alert-PWVFzC71.js                             0.35 kB │ gzip:   0.26 kB
public/build/assets/file-chart-column-increasing-B4iSyvRD.js             0.35 kB │ gzip:   0.24 kB
public/build/assets/webhook-i1278uKO.js                                  0.35 kB │ gzip:   0.27 kB
public/build/assets/crosshair-BNiaX7as.js                                0.35 kB │ gzip:   0.21 kB
public/build/assets/calendar-plus-CUwyhkKA.js                            0.35 kB │ gzip:   0.23 kB
public/build/assets/shield-x-D9WMAyhi.js                                 0.36 kB │ gzip:   0.26 kB
public/build/assets/gift-CdfLo5eN.js                                     0.36 kB │ gzip:   0.25 kB
public/build/assets/trash-2-B-x5LNZp.js                                  0.36 kB │ gzip:   0.25 kB
public/build/assets/calendar-x-2-BbFONT5n.js                             0.36 kB │ gzip:   0.23 kB
public/build/assets/bell-plus-BoJAq2Yo.js                                0.36 kB │ gzip:   0.26 kB
public/build/assets/layout-list-DjqW-psb.js                              0.36 kB │ gzip:   0.22 kB
public/build/assets/warehouse-CvYMySDS.js                                0.36 kB │ gzip:   0.26 kB
public/build/assets/utensils-crossed-Fo7rY2mm.js                         0.36 kB │ gzip:   0.26 kB
public/build/assets/syringe-Df2JqKNf.js                                  0.36 kB │ gzip:   0.25 kB
public/build/assets/crown-CoYzpJHm.js                                    0.36 kB │ gzip:   0.26 kB
public/build/assets/image-plus-Dnhv1bi3.js                               0.36 kB │ gzip:   0.26 kB
public/build/assets/sparkle-C5Ggahld.js                                  0.36 kB │ gzip:   0.24 kB
public/build/assets/scale-BLEO0Fmp.js                                    0.36 kB │ gzip:   0.24 kB
public/build/assets/grip-vertical-DK2cg5Oy.js                            0.36 kB │ gzip:   0.20 kB
public/build/assets/fuel-Dpx4LKiq.js                                     0.37 kB │ gzip:   0.25 kB
public/build/assets/door-open-CqpjrdP7.js                                0.37 kB │ gzip:   0.25 kB
public/build/assets/droplets-C0D_kC1x.js                                 0.37 kB │ gzip:   0.28 kB
public/build/assets/hammer-BoIQUAFg.js                                   0.37 kB │ gzip:   0.27 kB
public/build/assets/file-pen-srCZVR3n.js                                 0.37 kB │ gzip:   0.26 kB
public/build/assets/package-DHTzx5fL.js                                  0.37 kB │ gzip:   0.26 kB
public/build/assets/index-B0Z-ysPe.js                                    0.37 kB │ gzip:   0.22 kB
public/build/assets/file-spreadsheet-DGHYFt_v.js                         0.37 kB │ gzip:   0.23 kB
public/build/assets/life-buoy-BKlZ7Mc6.js                                0.37 kB │ gzip:   0.22 kB
public/build/assets/calendar-clock-Cxhkr7Vn.js                           0.38 kB │ gzip:   0.26 kB
public/build/assets/shield-question-D7f__Q_Q.js                          0.38 kB │ gzip:   0.28 kB
public/build/assets/network-Cn8WT0aE.js                                  0.38 kB │ gzip:   0.24 kB
public/build/assets/calendar-off-kBB7A7_d.js                             0.38 kB │ gzip:   0.25 kB
public/build/assets/tags-ChISWK4b.js                                     0.39 kB │ gzip:   0.28 kB
public/build/assets/fleet-return-D12Z1ydP.js                             0.39 kB │ gzip:   0.24 kB
public/build/assets/baby-DmAxyXxi.js                                     0.39 kB │ gzip:   0.26 kB
public/build/assets/hard-drive-CKCDpnm_.js                               0.39 kB │ gzip:   0.26 kB
public/build/assets/job-posting-constants-CneitmEO.js                    0.39 kB │ gzip:   0.23 kB
public/build/assets/file-pen-line-DlfrmccC.js                            0.39 kB │ gzip:   0.27 kB
public/build/assets/phone-BOx8zdXG.js                                    0.39 kB │ gzip:   0.25 kB
public/build/assets/bell-ring-B-uDVXOq.js                                0.40 kB │ gzip:   0.28 kB
public/build/assets/map-pinned-Dl8imnVQ.js                               0.40 kB │ gzip:   0.29 kB
public/build/assets/shield-off-D68l-byj.js                               0.40 kB │ gzip:   0.28 kB
public/build/assets/truck-BhjUFTow.js                                    0.40 kB │ gzip:   0.27 kB
public/build/assets/sprout-ezbczQRP.js                                   0.40 kB │ gzip:   0.28 kB
public/build/assets/car-BGNSH04P.js                                      0.40 kB │ gzip:   0.29 kB
public/build/assets/locate-fixed-C4Igup-p.js                             0.40 kB │ gzip:   0.23 kB
public/build/assets/hand-CofA3LxT.js                                     0.41 kB │ gzip:   0.25 kB
public/build/assets/landmark-BCOVP1Yq.js                                 0.41 kB │ gzip:   0.24 kB
public/build/assets/hand-coins-CA-DeH1B.js                               0.41 kB │ gzip:   0.29 kB
public/build/assets/clipboard-list-BWJBcmny.js                           0.41 kB │ gzip:   0.26 kB
public/build/assets/transport-medication-replay-DeK2E9YV.js              0.41 kB │ gzip:   0.29 kB
public/build/assets/loader-C5nou2Rj.js                                   0.41 kB │ gzip:   0.24 kB
public/build/assets/mouse-pointer-click-i7JnQjvT.js                      0.41 kB │ gzip:   0.28 kB
public/build/assets/calendar-range-JBBdMnco.js                           0.41 kB │ gzip:   0.26 kB
public/build/assets/waypoints-BJM2Wspw.js                                0.41 kB │ gzip:   0.25 kB
public/build/assets/layers-YD1ftRT0.js                                   0.42 kB │ gzip:   0.24 kB
public/build/assets/mic-off-DCjK1-s8.js                                  0.42 kB │ gzip:   0.27 kB
public/build/assets/waves-UX3kLX3d.js                                    0.42 kB │ gzip:   0.21 kB
public/build/assets/skeleton-CDTEQwaO.js                                 0.42 kB │ gzip:   0.32 kB
public/build/assets/package-check-DL0LgwoU.js                            0.42 kB │ gzip:   0.29 kB
public/build/assets/octagon-alert-JeFbTlWV.js                            0.43 kB │ gzip:   0.25 kB
public/build/assets/cable-BDT2SPJ2.js                                    0.43 kB │ gzip:   0.26 kB
public/build/assets/eye-off-CwPm2MOe.js                                  0.43 kB │ gzip:   0.27 kB
public/build/assets/building-2-Cvs-Yt9Z.js                               0.44 kB │ gzip:   0.25 kB
public/build/assets/heading-small-B1QYXXBZ.js                            0.44 kB │ gzip:   0.32 kB
public/build/assets/handshake-LljxFqVe.js                                0.45 kB │ gzip:   0.28 kB
public/build/assets/hand-heart-BjMD--LK.js                               0.45 kB │ gzip:   0.31 kB
public/build/assets/bus-mswtIQ-S.js                                      0.45 kB │ gzip:   0.29 kB
public/build/assets/footprints-COs69A2Y.js                               0.45 kB │ gzip:   0.30 kB
public/build/assets/radio-tower-BdZ4uwOR.js                              0.45 kB │ gzip:   0.30 kB
public/build/assets/input-error-DCYErTdJ.js                              0.46 kB │ gzip:   0.32 kB
public/build/assets/wifi-off-wOJkFUNT.js                                 0.46 kB │ gzip:   0.27 kB
public/build/assets/scan-eye-Kx-jFFG0.js                                 0.46 kB │ gzip:   0.28 kB
public/build/assets/heart-handshake-Cm2x3oxH.js                          0.46 kB │ gzip:   0.31 kB
public/build/assets/spinner-bky9M_ju.js                                  0.46 kB │ gzip:   0.33 kB
public/build/assets/person-standing-D4cLDtuv.js                          0.46 kB │ gzip:   0.31 kB
public/build/assets/trophy-BjSuwwgg.js                                   0.46 kB │ gzip:   0.28 kB
public/build/assets/pen-tool-BP-m3lFg.js                                 0.47 kB │ gzip:   0.30 kB
public/build/assets/siren-D7QxJLgs.js                                    0.47 kB │ gzip:   0.28 kB
public/build/assets/star-0yypi8XS.js                                     0.47 kB │ gzip:   0.29 kB
public/build/assets/sun-BgypxWyk.js                                      0.47 kB │ gzip:   0.26 kB
public/build/assets/notebook-pen-BprumNtV.js                             0.47 kB │ gzip:   0.29 kB
public/build/assets/cake-DOPoq4qv.js                                     0.49 kB │ gzip:   0.27 kB
public/build/assets/cctv-CGO89FPP.js                                     0.49 kB │ gzip:   0.30 kB
public/build/assets/calendar-days-7pU-s_a5.js                            0.49 kB │ gzip:   0.27 kB
public/build/assets/cpu-DLUxgls6.js                                      0.50 kB │ gzip:   0.26 kB
public/build/assets/zoom-out-CjXDTrqC.js                                 0.50 kB │ gzip:   0.23 kB
public/build/assets/radar-DRBGxqj7.js                                    0.50 kB │ gzip:   0.30 kB
public/build/assets/sparkles-CMegGHuL.js                                 0.51 kB │ gzip:   0.30 kB
public/build/assets/wand-sparkles-DlKwiQcb.js                            0.51 kB │ gzip:   0.29 kB
public/build/assets/ambulance-BN93ukpr.js                                0.51 kB │ gzip:   0.31 kB
public/build/assets/_helpers-Ayp0jCez.js                                 0.51 kB │ gzip:   0.33 kB
public/build/assets/boundary-geometry-Ncmqh74Z.js                        0.52 kB │ gzip:   0.32 kB
public/build/assets/unlink-BDePXEsL.js                                   0.53 kB │ gzip:   0.30 kB
public/build/assets/calculator-CvJSVTsy.js                               0.53 kB │ gzip:   0.28 kB
public/build/assets/circle-dashed-SzWc0icU.js                            0.57 kB │ gzip:   0.29 kB
public/build/assets/use-alert-workspace-focus-return-DGVRYbyO.js         0.58 kB │ gzip:   0.35 kB
public/build/assets/package-open-BaWhrlcx.js                             0.58 kB │ gzip:   0.33 kB
public/build/assets/i18n-Dncd9j2h.js                                     0.58 kB │ gzip:   0.39 kB
public/build/assets/user-cog-BlTIGAoh.js                                 0.58 kB │ gzip:   0.32 kB
public/build/assets/sliders-horizontal-DiRMWsdt.js                       0.58 kB │ gzip:   0.27 kB
public/build/assets/send-to-back-CSlu56ER.js                             0.58 kB │ gzip:   0.31 kB
public/build/assets/fingerprint-DQhNsses.js                              0.60 kB │ gzip:   0.35 kB
public/build/assets/label-DnayXvci.js                                    0.61 kB │ gzip:   0.39 kB
public/build/assets/form-request-errors-CGVjFIIA.js                      0.63 kB │ gzip:   0.36 kB
public/build/assets/loading-state-CsNIe8Xi.js                            0.64 kB │ gzip:   0.43 kB
public/build/assets/text-link-RogODYI2.js                                0.65 kB │ gzip:   0.42 kB
public/build/assets/qr-code-7qNlLYBA.js                                  0.65 kB │ gzip:   0.31 kB
public/build/assets/server-9imfwP3R.js                                   0.66 kB │ gzip:   0.37 kB
public/build/assets/collapsible-DoToTDHc.js                              0.66 kB │ gzip:   0.28 kB
public/build/assets/resident-dot-BLoyRUP7.js                             0.67 kB │ gzip:   0.46 kB
public/build/assets/fleet-stat-card-qPPX7TDF.js                          0.72 kB │ gzip:   0.44 kB
public/build/assets/party-popper-B1WbrXFx.js                             0.72 kB │ gzip:   0.41 kB
public/build/assets/settings-BQmSDKd1.js                                 0.72 kB │ gzip:   0.34 kB
public/build/assets/textarea-C_9uu-fb.js                                 0.73 kB │ gzip:   0.47 kB
public/build/assets/meeting-workspace-links-BSKYBk34.js                  0.73 kB │ gzip:   0.40 kB
public/build/assets/brain-L2WyV08y.js                                    0.73 kB │ gzip:   0.35 kB
public/build/assets/use-mobile-DlEv6ewV.js                               0.75 kB │ gzip:   0.34 kB
public/build/assets/separator-C7fe0Vgu.js                                0.77 kB │ gzip:   0.45 kB
public/build/assets/page-shell-B7eQidXD.js                               0.77 kB │ gzip:   0.45 kB
public/build/assets/shared-DHJYl7e2.js                                   0.77 kB │ gzip:   0.40 kB
public/build/assets/shared-D3Yvwbxq.js                                   0.77 kB │ gzip:   0.39 kB
public/build/assets/shift-row-types-DQA9BK_P.js                          0.80 kB │ gzip:   0.38 kB
public/build/assets/hr-tabs-D18B3AUm.js                                  0.81 kB │ gzip:   0.51 kB
public/build/assets/ops-stat-card-aaIF_say.js                            0.81 kB │ gzip:   0.48 kB
public/build/assets/progress-BxLvrMK0.js                                 0.82 kB │ gzip:   0.54 kB
public/build/assets/readable-operational-state-CK8MzJI-.js               0.85 kB │ gzip:   0.45 kB
public/build/assets/boxes-CTPO1Exi.js                                    0.85 kB │ gzip:   0.40 kB
public/build/assets/wizard-DF_QPOrg.js                                   0.87 kB │ gzip:   0.55 kB
public/build/assets/wizard-NNmqhkha.js                                   0.87 kB │ gzip:   0.55 kB
public/build/assets/list-caption-hE5ckvXY.js                             0.91 kB │ gzip:   0.54 kB
public/build/assets/index-CSEUMRIG.js                                    0.92 kB │ gzip:   0.53 kB
public/build/assets/now-rule-P7hRYwwd.js                                 0.95 kB │ gzip:   0.58 kB
public/build/assets/hero-action-button-D-GVyXk8.js                       0.95 kB │ gzip:   0.55 kB
public/build/assets/page-layout-DtSKkYRB.js                              0.97 kB │ gzip:   0.56 kB
public/build/assets/governance-dialog-deep-link-DLK5tfya.js              0.98 kB │ gzip:   0.58 kB
public/build/assets/settings-tabs-DseMJCiG.js                            0.99 kB │ gzip:   0.54 kB
public/build/assets/error-state-BFDh1PsV.js                              1.01 kB │ gzip:   0.62 kB
public/build/assets/use-settings-leave-confirmation-Djj7Pj99.js          1.02 kB │ gzip:   0.61 kB
public/build/assets/presence-dot-CuGnqH3Y.js                             1.04 kB │ gzip:   0.58 kB
public/build/assets/input-49RbooBa.js                                    1.05 kB │ gzip:   0.59 kB
public/build/assets/command-centre-page-DVQUyPtb.js                      1.05 kB │ gzip:   0.59 kB
public/build/assets/switch-DaGHNdhC.js                                   1.06 kB │ gzip:   0.61 kB
public/build/assets/_shared-BN-lC1nz.js                                  1.07 kB │ gzip:   0.56 kB
public/build/assets/governance-work-CPDXtwsY.js                          1.09 kB │ gzip:   0.59 kB
public/build/assets/hover-action-vLW4u2SF.js                             1.09 kB │ gzip:   0.65 kB
public/build/assets/WidgetCard-2tC8eOcV.js                               1.10 kB │ gzip:   0.62 kB
public/build/assets/micro-stats-BKNykt34.js                              1.11 kB │ gzip:   0.61 kB
public/build/assets/confetti-8ALvzRDJ.js                                 1.11 kB │ gzip:   0.65 kB
public/build/assets/avatar-D2DsKi5Y.js                                   1.14 kB │ gzip:   0.44 kB
public/build/assets/checkbox-Co35s1TA.js                                 1.15 kB │ gzip:   0.63 kB
public/build/assets/GovernanceHomeRail-c5SDJgA_.js                       1.21 kB │ gzip:   0.68 kB
public/build/assets/_confirm-action-ZvhXZHxH.js                          1.24 kB │ gzip:   0.70 kB
public/build/assets/wizard-stepper-Gp0wFCyK.js                           1.24 kB │ gzip:   0.67 kB
public/build/assets/handover-person-notes-CbHlG0Rx.js                    1.25 kB │ gzip:   0.63 kB
public/build/assets/task-api-LDQPp0GA.js                                 1.27 kB │ gzip:   0.81 kB
public/build/assets/_types-Bdo8GrIg.js                                   1.29 kB │ gzip:   0.67 kB
public/build/assets/medication-stock-governance-C5VIWPFO.js              1.30 kB │ gzip:   0.60 kB
public/build/assets/radio-group-CXAsa4Zw.js                              1.31 kB │ gzip:   0.65 kB
public/build/assets/DiscardDraftDialog-Zu-t9_BT.js                       1.32 kB │ gzip:   0.76 kB
public/build/assets/_attachments-DqHaHZuX.js                             1.32 kB │ gzip:   0.75 kB
public/build/assets/stream-grouping-DxjzPWpi.js                          1.35 kB │ gzip:   0.73 kB
public/build/assets/staff-avatar-CdeLK78e.js                             1.35 kB │ gzip:   0.81 kB
public/build/assets/workflow-ribbon-BdSmWfkc.js                          1.35 kB │ gzip:   0.70 kB
public/build/assets/shift-status-badge-B5UdgnPA.js                       1.36 kB │ gzip:   0.67 kB
public/build/assets/timesheet-status-badge-qHGnPgbH.js                   1.36 kB │ gzip:   0.66 kB
public/build/assets/fleet-responsive-list-CgDsyRvl.js                    1.38 kB │ gzip:   0.70 kB
public/build/assets/sso-sign-in-buttons-sHTzPLjz.js                      1.40 kB │ gzip:   0.71 kB
public/build/assets/site-credentials-BC2WD9ez.js                         1.43 kB │ gzip:   0.75 kB
public/build/assets/_helpers-DwiQF0jk.js                                 1.46 kB │ gzip:   0.80 kB
public/build/assets/fleet-empty-state-BbapRED2.js                        1.46 kB │ gzip:   0.77 kB
public/build/assets/journey-reference-strip-pm5NcpKt.js                  1.46 kB │ gzip:   0.81 kB
public/build/assets/GovernanceSectionRail-fnzWw6xr.js                    1.47 kB │ gzip:   0.82 kB
public/build/assets/index-DcmOMlk_.js                                    1.50 kB │ gzip:   0.52 kB
public/build/assets/badge-sVjmv35H.js                                    1.53 kB │ gzip:   0.77 kB
public/build/assets/shift-types-Drw0mxZR.js                              1.54 kB │ gzip:   0.78 kB
public/build/assets/performance-tabs-DtErTOWA.js                         1.55 kB │ gzip:   0.74 kB
public/build/assets/confirm-dialog-J4vSc-od.js                           1.57 kB │ gzip:   0.86 kB
public/build/assets/mini-sparkline-D7i7f6lZ.js                           1.58 kB │ gzip:   0.91 kB
public/build/assets/verify-email-CPUCMxBw.js                             1.58 kB │ gzip:   0.85 kB
public/build/assets/date-time-field-pFjYIYDG.js                          1.58 kB │ gzip:   0.79 kB
public/build/assets/evidence-upload-D27g-K0I.js                          1.61 kB │ gzip:   0.83 kB
public/build/assets/status-badge-BcV9Cyb7.js                             1.61 kB │ gzip:   0.78 kB
public/build/assets/control-room-vocab-D9cE44bM.js                       1.62 kB │ gzip:   0.64 kB
public/build/assets/popover-Bwbch3JK.js                                  1.64 kB │ gzip:   0.70 kB
public/build/assets/ops-charts-CfZvOWbq.js                               1.65 kB │ gzip:   0.78 kB
public/build/assets/alert-CF50OPgI.js                                    1.69 kB │ gzip:   0.74 kB
public/build/assets/alert-status-DBQX1Vqi.js                             1.69 kB │ gzip:   0.79 kB
public/build/assets/report-incident-dialog-DlpSNxxr.js                   1.70 kB │ gzip:   0.89 kB
public/build/assets/laravel-pagination-C1zoWwbY.js                       1.70 kB │ gzip:   0.84 kB
public/build/assets/money-L4nGavLX.js                                    1.71 kB │ gzip:   0.97 kB
public/build/assets/card-C9LxLdKv.js                                     1.77 kB │ gzip:   0.57 kB
public/build/assets/_helpers-CCS47oNM.js                                 1.77 kB │ gzip:   0.76 kB
public/build/assets/documents-tabs-CXItIuUd.js                           1.78 kB │ gzip:   0.93 kB
public/build/assets/api-BBPNyqfK.js                                      1.79 kB │ gzip:   0.94 kB
public/build/assets/workflow-ribbon-WXLuLZ92.js                          1.80 kB │ gzip:   0.80 kB
public/build/assets/overlay-focus-return-4ESXsuki.js                     1.82 kB │ gzip:   0.89 kB
public/build/assets/tooltip-D-a-5XaZ.js                                  1.82 kB │ gzip:   0.84 kB
public/build/assets/control-room-alert-row-actions-CzrvV7Nh.js           1.85 kB │ gzip:   0.69 kB
public/build/assets/options-BwkaeHrx.js                                  1.86 kB │ gzip:   0.72 kB
public/build/assets/my-day-list-CcRvqKRF.js                              1.86 kB │ gzip:   0.90 kB
public/build/assets/accordion-irS1RVVs.js                                1.87 kB │ gzip:   0.85 kB
public/build/assets/journey-gate-list-C-HLGO4R.js                        1.87 kB │ gzip:   0.85 kB
public/build/assets/types-jfjKXH9i.js                                    1.89 kB │ gzip:   1.01 kB
public/build/assets/fleet-utils-Bl0sIMTe.js                              1.90 kB │ gzip:   0.72 kB
public/build/assets/_helpers-wtqAZgqa.js                                 1.94 kB │ gzip:   1.04 kB
public/build/assets/draft-resume-prompt-CZiwE2Fa.js                      1.95 kB │ gzip:   1.01 kB
public/build/assets/respite-subnav-DVA95RUh.js                           2.01 kB │ gzip:   0.96 kB
public/build/assets/api-BANvMHAW.js                                      2.01 kB │ gzip:   1.14 kB
public/build/assets/handover-follow-ups-ZAgikkgJ.js                      2.02 kB │ gzip:   1.02 kB
public/build/assets/button-BUrF8eld.js                                   2.05 kB │ gzip:   0.96 kB
public/build/assets/address-autocomplete-C9iVglZ4.js                     2.07 kB │ gzip:   1.13 kB
public/build/assets/confirm-password-Br19z0Cr.js                         2.07 kB │ gzip:   1.04 kB
public/build/assets/_dialogs-B_QH7Mhb.js                                 2.08 kB │ gzip:   1.11 kB
public/build/assets/governance-calendar-adapter-BoWwsrz5.js              2.10 kB │ gzip:   1.01 kB
public/build/assets/_create-recovery-B9rTHu2X.js                         2.10 kB │ gzip:   1.07 kB
public/build/assets/use-personal-location-privacy-k70ZMAas.js            2.16 kB │ gzip:   0.99 kB
public/build/assets/reports-tabs-BBuy0FVG.js                             2.17 kB │ gzip:   1.07 kB
public/build/assets/attention-panel-DNnluQFo.js                          2.17 kB │ gzip:   0.99 kB
public/build/assets/task-step-draft-Bu6Jn_tU.js                          2.18 kB │ gzip:   1.13 kB
public/build/assets/payroll-hero-CfIjew6f.js                             2.28 kB │ gzip:   1.11 kB
public/build/assets/_shared-DhP4ppMO.js                                  2.30 kB │ gzip:   1.18 kB
public/build/assets/_memory-recovery-ydX5sLUj.js                         2.31 kB │ gzip:   1.20 kB
public/build/assets/_shared-B364G-xH.js                                  2.34 kB │ gzip:   1.14 kB
public/build/assets/reason-dialog-BchbHhDe.js                            2.34 kB │ gzip:   1.27 kB
public/build/assets/table-DHtHPBEX.js                                    2.42 kB │ gzip:   0.67 kB
public/build/assets/drills-DznX8enY.js                                   2.43 kB │ gzip:   1.13 kB
public/build/assets/_icons-BvRED6m2.js                                   2.45 kB │ gzip:   1.15 kB
public/build/assets/first-aid-fBPK-Me8.js                                2.47 kB │ gzip:   1.14 kB
public/build/assets/task-help-inbox-CycDTjOI.js                          2.48 kB │ gzip:   1.35 kB
public/build/assets/datetime-Cj7rLFb1.js                                 2.50 kB │ gzip:   1.10 kB
public/build/assets/finance-section-rail-BBN4CMhS.js                     2.53 kB │ gzip:   1.28 kB
public/build/assets/fleet-header-DtrCAVcu.js                             2.55 kB │ gzip:   1.27 kB
public/build/assets/provisioning-request-files-Cb9Tcans.js               2.56 kB │ gzip:   1.25 kB
public/build/assets/text-prompt-dialog-CWS6iJsy.js                       2.62 kB │ gzip:   1.41 kB
public/build/assets/services-CxBYvgcy.js                                 2.63 kB │ gzip:   1.20 kB
public/build/assets/shift-context-menu-Dtv15x07.js                       2.64 kB │ gzip:   1.36 kB
public/build/assets/provisioning-command-fields-4x2FBuJS.js              2.68 kB │ gzip:   1.16 kB
public/build/assets/care-plan-domains-CqzCYsJF.js                        2.69 kB │ gzip:   1.26 kB
public/build/assets/donut-chart-BjEVgtH7.js                              2.71 kB │ gzip:   1.35 kB
public/build/assets/donut-RxOXSbq7.js                                    2.74 kB │ gzip:   1.38 kB
public/build/assets/index-BjmjDcUN.js                                    2.76 kB │ gzip:   0.71 kB
public/build/assets/status-badge-3QlJuqdd.js                             2.76 kB │ gzip:   1.29 kB
public/build/assets/readiness-C5nId5BD.js                                2.79 kB │ gzip:   1.36 kB
public/build/assets/financials-C3jZDZS1.js                               2.80 kB │ gzip:   1.36 kB
public/build/assets/safety-register-DK2y4Bjk.js                          2.83 kB │ gzip:   1.33 kB
public/build/assets/ppe-BCGnTIh1.js                                      2.84 kB │ gzip:   1.11 kB
public/build/assets/register-row-kit-DYBAbrfL.js                         2.86 kB │ gzip:   1.16 kB
public/build/assets/map-model-CnDd3cpK.js                                2.86 kB │ gzip:   1.36 kB
public/build/assets/lifecycle-tabs-IsyvtFF6.js                           2.88 kB │ gzip:   1.47 kB
public/build/assets/_tabs-BLSfbWDK.js                                    2.90 kB │ gzip:   1.48 kB
public/build/assets/_note-category-picker-BOqlIdye.js                    2.92 kB │ gzip:   1.38 kB
public/build/assets/use-create-shift-launcher-u8PsCOLL.js                2.92 kB │ gzip:   1.43 kB
public/build/assets/use-form-autosave-CXQ9u4wb.js                        2.92 kB │ gzip:   1.47 kB
public/build/assets/toolbar-Df2wIaGV.js                                  2.92 kB │ gzip:   1.40 kB
public/build/assets/hs-detail-dialog-CVMVhPFZ.js                         2.93 kB │ gzip:   1.34 kB
public/build/assets/add-evidence-dialog-C_IBvoVB.js                      2.95 kB │ gzip:   1.54 kB
public/build/assets/notification-catalog-DveZKd9k.js                     2.96 kB │ gzip:   0.93 kB
public/build/assets/forgot-password-CEM1g5rp.js                          2.99 kB │ gzip:   1.43 kB
public/build/assets/auth-layout-CZtzJmh4.js                              3.03 kB │ gzip:   1.37 kB
public/build/assets/report-launcher-UhlNivJN.js                          3.03 kB │ gzip:   1.52 kB
public/build/assets/tab-strip-DCVvvm08.js                                3.03 kB │ gzip:   1.38 kB
public/build/assets/lifecycle-dialog-CeU9PBkW.js                         3.05 kB │ gzip:   1.56 kB
public/build/assets/_overview-map-card-BuVOW3mv.js                       3.06 kB │ gzip:   1.48 kB
public/build/assets/provisioning-manual-dialog-CkqiBSSe.js               3.06 kB │ gzip:   1.53 kB
public/build/assets/reset-password-iNdKLFIm.js                           3.08 kB │ gzip:   1.25 kB
public/build/assets/start-reconciliation-dialog-B6FjdoxH.js              3.11 kB │ gzip:   1.29 kB
public/build/assets/two-factor-challenge-BRnlDNKX.js                     3.13 kB │ gzip:   1.47 kB
public/build/assets/dictate-button-BAj1tNTN.js                           3.14 kB │ gzip:   1.60 kB
public/build/assets/use-specialist-form-defaults-D9rEr3bB.js             3.14 kB │ gzip:   1.56 kB
public/build/assets/client-edit-dialog-MoJRkXx3.js                       3.16 kB │ gzip:   1.57 kB
public/build/assets/record-care-actions-89ZLLKXE.js                      3.18 kB │ gzip:   1.40 kB
public/build/assets/document-library-kit-3GeAiYrg.js                     3.19 kB │ gzip:   1.08 kB
public/build/assets/risk-assessments-C5L8zT6n.js                         3.21 kB │ gzip:   1.55 kB
public/build/assets/recorded-detail-dialog-DNl0mtK7.js                   3.22 kB │ gzip:   1.59 kB
public/build/assets/control-room-row-actions-Ct-_jW0E.js                 3.31 kB │ gzip:   1.49 kB
public/build/assets/_dialogs-C-e3Vtu-.js                                 3.32 kB │ gzip:   1.44 kB
public/build/assets/leave-context-menu-DLPvYjQP.js                       3.33 kB │ gzip:   1.64 kB
public/build/assets/row-context-menu-BuvIqrKq.js                         3.33 kB │ gzip:   1.64 kB
public/build/assets/_context-menu-CeQQh61p.js                            3.33 kB │ gzip:   1.60 kB
public/build/assets/fleet-compact-hero-CBVP4fPE.js                       3.33 kB │ gzip:   1.45 kB
public/build/assets/remote-picker-CdSr-QIl.js                            3.33 kB │ gzip:   1.69 kB
public/build/assets/compensation-tabs-Bz9Urx5O.js                        3.34 kB │ gzip:   1.61 kB
public/build/assets/hs-hero-kit-CpJmql0-.js                              3.36 kB │ gzip:   1.54 kB
public/build/assets/task-steps-C_-KSeMK.js                               3.38 kB │ gzip:   1.59 kB
public/build/assets/record-command-CDvROXRK.js                           3.39 kB │ gzip:   1.58 kB
public/build/assets/shift-med-snapshot-DJ3XdDNr.js                       3.39 kB │ gzip:   1.37 kB
public/build/assets/device-profile-navigation-CQBTDayS.js                3.40 kB │ gzip:   1.65 kB
public/build/assets/inspections-C6MCeP9e.js                              3.42 kB │ gzip:   1.39 kB
public/build/assets/ra-register-section-BxWzSZyI.js                      3.46 kB │ gzip:   1.76 kB
public/build/assets/command-CEBCsaMi.js                                  3.47 kB │ gzip:   1.07 kB
public/build/assets/shift-context-menu-D0DgSK9K.js                       3.49 kB │ gzip:   1.66 kB
public/build/assets/posting-preview-BLWC2TSD.js                          3.51 kB │ gzip:   1.53 kB
public/build/assets/_emergency-checklist-CKBkRNps.js                     3.52 kB │ gzip:   1.54 kB
public/build/assets/search-select-CP9WBvrN.js                            3.55 kB │ gzip:   1.75 kB
public/build/assets/handover-context-menu-BXDqmf86.js                    3.55 kB │ gzip:   1.54 kB
public/build/assets/_readiness-panel-DOg1SKcL.js                         3.59 kB │ gzip:   1.64 kB
public/build/assets/checklists-RRSaB1iQ.js                               3.59 kB │ gzip:   1.71 kB
public/build/assets/checks-model-BpbAC4Rm.js                             3.63 kB │ gzip:   1.63 kB
public/build/assets/journey-term-help-B0Nm9g-N.js                        3.64 kB │ gzip:   1.45 kB
public/build/assets/my-provisioning-list-BqP69UDX.js                     3.67 kB │ gzip:   1.70 kB
public/build/assets/site-profile-states-BOO1bdKM.js                      3.69 kB │ gzip:   1.45 kB
public/build/assets/alert-dialog-OTHUAeuL.js                             3.76 kB │ gzip:   1.10 kB
public/build/assets/resolution-voting-Bpa7_z73.js                        3.78 kB │ gzip:   1.69 kB
public/build/assets/_geometry-Dx1kFP0e.js                                3.80 kB │ gzip:   1.60 kB
public/build/assets/configured-questions-DLGa3KEd.js                     3.86 kB │ gzip:   1.82 kB
public/build/assets/register-UM-FtWnV.js                                 3.88 kB │ gzip:   1.46 kB
public/build/assets/MedicationScanVerificationPanel-7v99figO.js          3.89 kB │ gzip:   1.61 kB
public/build/assets/task-detail-dialog-BHR0MJHQ.js                       3.90 kB │ gzip:   1.78 kB
public/build/assets/reference-questionnaire-X-lbD6lz.js                  3.94 kB │ gzip:   1.82 kB
public/build/assets/ticket-version-conflict-C7je4A_x.js                  3.96 kB │ gzip:   1.80 kB
public/build/assets/shift-timeline-summary-AdLgMeQZ.js                   3.99 kB │ gzip:   1.66 kB
public/build/assets/login-Ct9kNIYF.js                                    4.01 kB │ gzip:   1.72 kB
public/build/assets/governed-location-export-dialog-BqDUW2_u.js          4.01 kB │ gzip:   1.96 kB
public/build/assets/shared-DO0KSFKl.js                                   4.01 kB │ gzip:   1.96 kB
public/build/assets/finance-period-filter-DwEbq4k_.js                    4.02 kB │ gzip:   1.91 kB
public/build/assets/edit-yBEFcU7N.js                                     4.03 kB │ gzip:   1.77 kB
public/build/assets/shift-summary-DIQVMQhL.js                            4.07 kB │ gzip:   1.68 kB
public/build/assets/calendar-J7Fe3lad.js                                 4.10 kB │ gzip:   1.81 kB
public/build/assets/workspace-model-CTDC_Qgb.js                          4.10 kB │ gzip:   1.78 kB
public/build/assets/index-Bpzl9rqK.js                                    4.13 kB │ gzip:   0.83 kB
public/build/assets/entity-cells-DCa-cpm7.js                             4.13 kB │ gzip:   1.63 kB
public/build/assets/use-two-factor-auth-Doa4N2fa.js                      4.15 kB │ gzip:   1.78 kB
public/build/assets/_site-geofence-dialog-BgbAJI_S.js                    4.15 kB │ gzip:   2.00 kB
public/build/assets/empty-state-YzfDIoq3.js                              4.18 kB │ gzip:   1.85 kB
public/build/assets/board-bits-D2JWpSuP.js                               4.19 kB │ gzip:   1.57 kB
public/build/assets/address-search-C1odAxBd.js                           4.20 kB │ gzip:   1.87 kB
public/build/assets/specialist-record-list-C_yYdHza.js                   4.23 kB │ gzip:   1.98 kB
public/build/assets/hazards-qdrnR-7t.js                                  4.24 kB │ gzip:   1.95 kB
public/build/assets/estate-operations-Caciq_Ok.js                        4.29 kB │ gzip:   1.73 kB
public/build/assets/documents-BfJk07Hw.js                                4.32 kB │ gzip:   1.91 kB
public/build/assets/generate-rounds-modal-Bmj0hmbM.js                    4.33 kB │ gzip:   2.12 kB
public/build/assets/wizard-fields-B-Oos4gZ.js                            4.34 kB │ gzip:   1.90 kB
public/build/assets/first-aid-tab-DH28Bwgq.js                            4.34 kB │ gzip:   1.78 kB
public/build/assets/assets-BknisxNl.js                                   4.37 kB │ gzip:   1.73 kB
public/build/assets/login-DYcUrp4x.js                                    4.37 kB │ gzip:   1.85 kB
public/build/assets/date-picker-DF5x74_W.js                              4.39 kB │ gzip:   1.98 kB
public/build/assets/privacy-shared-Cw1O6Fhq.js                           4.39 kB │ gzip:   1.65 kB
public/build/assets/_shared-DCMJGItu.js                                  4.41 kB │ gzip:   1.90 kB
public/build/assets/_dialogs-TUMEYZiY.js                                 4.43 kB │ gzip:   1.81 kB
public/build/assets/shift-audit-timeline-C86pW8DU.js                     4.49 kB │ gzip:   1.83 kB
public/build/assets/shared-CLmz6HQb.js                                   4.50 kB │ gzip:   1.74 kB
public/build/assets/applicable-procedures-panel-3FdfRXG5.js              4.52 kB │ gzip:   1.75 kB
public/build/assets/task-help-Dp89MOpq.js                                4.61 kB │ gzip:   1.95 kB
public/build/assets/client-clinical-launchers-Clg-9B2I.js                4.62 kB │ gzip:   2.10 kB
public/build/assets/meal-planner-BEejBIuA.js                             4.69 kB │ gzip:   2.20 kB
public/build/assets/incidents-tab-DMiMb5aO.js                            4.72 kB │ gzip:   1.86 kB
public/build/assets/Create-B8pSiYby.js                                   4.73 kB │ gzip:   2.10 kB
public/build/assets/_dialogs-CM3lEzok.js                                 4.75 kB │ gzip:   2.19 kB
public/build/assets/donut-card-BwnfSjei.js                               4.76 kB │ gzip:   2.08 kB
public/build/assets/control-room-workspace-hero-C02csaZw.js              4.76 kB │ gzip:   2.26 kB
public/build/assets/AgedPayables-Dn_KkepH.js                             4.79 kB │ gzip:   2.14 kB
public/build/assets/AgedReceivables-DKJXWBBN.js                          4.80 kB │ gzip:   2.14 kB
public/build/assets/dialog-B3dQMkLj.js                                   4.80 kB │ gzip:   1.64 kB
public/build/assets/_asset-dialogs-BV3rKA6m.js                           4.83 kB │ gzip:   2.30 kB
public/build/assets/entity-filter-CS81PRwe.js                            4.89 kB │ gzip:   2.28 kB
public/build/assets/Edit-DGf_74fo.js                                     4.91 kB │ gzip:   2.25 kB
public/build/assets/calendar-range-DOZ7eaST.js                           4.91 kB │ gzip:   2.30 kB
public/build/assets/hardware-DoTQ90Lf.js                                 4.92 kB │ gzip:   2.15 kB
public/build/assets/permission-destinations-DVAxoa6i.js                  4.93 kB │ gzip:   1.13 kB
public/build/assets/page-tabs-B1mkROf4.js                                4.94 kB │ gzip:   2.03 kB
public/build/assets/concern-CohaswdM.js                                  4.96 kB │ gzip:   2.27 kB
public/build/assets/_dialogs-Dl-SQk4p.js                                 4.97 kB │ gzip:   2.34 kB
public/build/assets/whats-next-rail-gORSaBz3.js                          4.99 kB │ gzip:   2.37 kB
public/build/assets/_dialogs-_0JXe-tX.js                                 5.03 kB │ gzip:   2.02 kB
public/build/assets/leave-calendar-range-IZoXZUhH.js                     5.04 kB │ gzip:   2.26 kB
public/build/assets/_dialogs-BTkwOlPD.js                                 5.10 kB │ gzip:   2.37 kB
public/build/assets/client-safety-ribbon-MAgWAaDG.js                     5.10 kB │ gzip:   2.24 kB
public/build/assets/show-DXuUXiaV.js                                     5.15 kB │ gzip:   2.38 kB
public/build/assets/fleet-navigation-BdrrrIHM.js                         5.17 kB │ gzip:   2.00 kB
public/build/assets/_evidence-DQe4Fy5i.js                                5.17 kB │ gzip:   2.19 kB
public/build/assets/prn-effect-dialog-CTkWLJXo.js                        5.19 kB │ gzip:   2.28 kB
public/build/assets/shared-B-FubLKI.js                                   5.20 kB │ gzip:   2.04 kB
public/build/assets/qr-reader-M2EYVhiy.js                                5.20 kB │ gzip:   2.28 kB
public/build/assets/day-picker-chip-CoZfdmDQ.js                          5.21 kB │ gzip:   2.23 kB
public/build/assets/list-view-CtY-DXnt.js                                5.22 kB │ gzip:   1.84 kB
public/build/assets/Placeholder-BGx_qvJq.js                              5.23 kB │ gzip:   2.44 kB
public/build/assets/before-you-finish-Bgfzbh0_.js                        5.25 kB │ gzip:   2.13 kB
public/build/assets/plan-DOv92HUv.js                                     5.26 kB │ gzip:   2.33 kB
public/build/assets/wizard-shell-PScOvBhY.js                             5.31 kB │ gzip:   2.31 kB
public/build/assets/application-status-C0OzenLb.js                       5.31 kB │ gzip:   2.16 kB
public/build/assets/care-plan-domains-builder-knb2cei5.js                5.33 kB │ gzip:   2.07 kB
public/build/assets/shared-CmyqTydH.js                                   5.34 kB │ gzip:   2.38 kB
public/build/assets/entity-menu-DPlZZjQF.js                              5.35 kB │ gzip:   2.46 kB
public/build/assets/index-DYT4uMh6.js                                    5.35 kB │ gzip:   2.38 kB
public/build/assets/paperwork-panel-ugGLOz2X.js                          5.38 kB │ gzip:   2.33 kB
public/build/assets/show-C2jcQGEy.js                                     5.41 kB │ gzip:   2.39 kB
public/build/assets/contacts-CkbdCt0-.js                                 5.42 kB │ gzip:   2.32 kB
public/build/assets/_thumbnail-DKV0eWak.js                               5.43 kB │ gzip:   2.56 kB
public/build/assets/fleet-charts-BD3Cp0FY.js                             5.50 kB │ gzip:   2.46 kB
public/build/assets/show-D5ylZ6rp.js                                     5.56 kB │ gzip:   2.52 kB
public/build/assets/show-DGCAl2GO.js                                     5.57 kB │ gzip:   2.35 kB
public/build/assets/global-B0yQ3RUJ.js                                   5.58 kB │ gzip:   2.47 kB
public/build/assets/Index-xH18tblE.js                                    5.58 kB │ gzip:   2.49 kB
public/build/assets/show-BZW8Xf53.js                                     5.58 kB │ gzip:   2.32 kB
public/build/assets/date-popover-BG2mJNT5.js                             5.60 kB │ gzip:   2.41 kB
public/build/assets/audit-log-modal-BRs2EGAc.js                          5.60 kB │ gzip:   2.51 kB
public/build/assets/medication-review-modal-CE3YZI8B.js                  5.64 kB │ gzip:   2.55 kB
public/build/assets/index-BND-ldyS.js                                    5.66 kB │ gzip:   2.50 kB
public/build/assets/entity-table-DT05gLrk.js                             5.74 kB │ gzip:   2.40 kB
public/build/assets/complete-obligation-dialog-Dcp7Bi5H.js               5.76 kB │ gzip:   2.57 kB
public/build/assets/index-Dg_o-tF5.js                                    5.78 kB │ gzip:   2.57 kB
public/build/assets/rhythms-routines-UZw7tJkm.js                         5.79 kB │ gzip:   2.63 kB
public/build/assets/Calendar-BQXqZjGK.js                                 5.85 kB │ gzip:   2.64 kB
public/build/assets/index-DlV4RLMY.js                                    5.86 kB │ gzip:   2.67 kB
public/build/assets/select-DtqIlQTv.js                                   5.86 kB │ gzip:   1.90 kB
public/build/assets/multi-entity-filter-DeOqCHPA.js                      5.86 kB │ gzip:   2.62 kB
public/build/assets/_shared-CiRoAG5a.js                                  5.88 kB │ gzip:   2.60 kB
public/build/assets/dropdown-menu-EiILNhGW.js                            5.88 kB │ gzip:   1.65 kB
public/build/assets/stat-tile-DcEOif3_.js                                5.89 kB │ gzip:   2.51 kB
public/build/assets/GovernanceAttachmentsPanel-DMnx0Aoz.js               5.91 kB │ gzip:   2.49 kB
public/build/assets/_helpers-Bwti5OTU.js                                 5.94 kB │ gzip:   2.45 kB
public/build/assets/index-CU7lpZ89.js                                    5.98 kB │ gzip:   2.76 kB
public/build/assets/compliance-bits-CPBFCQyK.js                          6.02 kB │ gzip:   2.53 kB
public/build/assets/audit-Cp8noOJG.js                                    6.02 kB │ gzip:   2.70 kB
public/build/assets/index-BpsLnUQ3.js                                    6.03 kB │ gzip:   2.60 kB
public/build/assets/report-page-BuqC0DQ_.js                              6.03 kB │ gzip:   2.83 kB
public/build/assets/index-DMaXmAto.js                                    6.05 kB │ gzip:   2.73 kB
public/build/assets/link-client-dialog-e8YYd7xO.js                       6.06 kB │ gzip:   2.58 kB
public/build/assets/stream-context-menu-BUjneft1.js                      6.08 kB │ gzip:   2.79 kB
public/build/assets/food-meal-CvWGiNpZ.js                                6.12 kB │ gzip:   2.11 kB
public/build/assets/BoardMonthly-RycVzTNK.js                             6.17 kB │ gzip:   2.85 kB
public/build/assets/index-Ci6pflgh.js                                    6.18 kB │ gzip:   2.82 kB
public/build/assets/with-concerns-Cq2karSn.js                            6.18 kB │ gzip:   2.75 kB
public/build/assets/with-incidents-DvvPJ2OQ.js                           6.19 kB │ gzip:   2.74 kB
public/build/assets/show-CsF7wHLl.js                                     6.22 kB │ gzip:   2.81 kB
public/build/assets/index-CsO8e17B.js                                    6.22 kB │ gzip:   2.76 kB
public/build/assets/compliance-hub-header-n8EHFn__.js                    6.22 kB │ gzip:   2.74 kB
public/build/assets/controls-CQhut-NP.js                                 6.26 kB │ gzip:   2.87 kB
public/build/assets/index-DQphmwyN.js                                    6.26 kB │ gzip:   2.81 kB
public/build/assets/emergency-plan-B6gVU9Zu.js                           6.26 kB │ gzip:   2.80 kB
public/build/assets/recognition-wizard-BvCzZZy5.js                       6.27 kB │ gzip:   2.43 kB
public/build/assets/show-R4R6hxjC.js                                     6.29 kB │ gzip:   2.50 kB
public/build/assets/Calendar-hKbvbYTu.js                                 6.35 kB │ gzip:   2.86 kB
public/build/assets/index-BpWd1jKz.js                                    6.35 kB │ gzip:   2.81 kB
public/build/assets/quick-note-dialog-epHL6gL-.js                        6.36 kB │ gzip:   2.65 kB
public/build/assets/for-stay-DwLCtiyM.js                                 6.36 kB │ gzip:   2.80 kB
public/build/assets/create-CSeGd6fk.js                                   6.38 kB │ gzip:   2.63 kB
public/build/assets/use-my-day-labels-Cu-spPls.js                        6.38 kB │ gzip:   2.60 kB
public/build/assets/stock-movement-modal-BNmw8nnW.js                     6.40 kB │ gzip:   2.62 kB
public/build/assets/report-C1X2WtZS.js                                   6.41 kB │ gzip:   2.91 kB
public/build/assets/show-B8QrGkAy.js                                     6.41 kB │ gzip:   2.84 kB
public/build/assets/offer-response-CB4Aynxk.js                           6.41 kB │ gzip:   2.61 kB
public/build/assets/compensation-hero-CX-jeLai.js                        6.42 kB │ gzip:   2.49 kB
public/build/assets/entity-card-CQ_5sygY.js                              6.42 kB │ gzip:   2.74 kB
public/build/assets/Create-D7KE7v3e.js                                   6.44 kB │ gzip:   2.94 kB
public/build/assets/auto-rule-builder-DJXWbHCE.js                        6.50 kB │ gzip:   2.43 kB
public/build/assets/tabs-DrX4KeOI.js                                     6.50 kB │ gzip:   2.68 kB
public/build/assets/overdue-CkWCd1vY.js                                  6.50 kB │ gzip:   2.84 kB
public/build/assets/list-view-C-RQtN_O.js                                6.53 kB │ gzip:   2.37 kB
public/build/assets/clients-BNheQGOf.js                                  6.54 kB │ gzip:   2.77 kB
public/build/assets/unacknowledged-BVyyhGSv.js                           6.54 kB │ gzip:   2.83 kB
public/build/assets/overdue-DDvt6CNi.js                                  6.54 kB │ gzip:   2.84 kB
public/build/assets/my-active-CYEef1q_.js                                6.55 kB │ gzip:   2.90 kB
public/build/assets/ppe-shared-DULth0Uh.js                               6.56 kB │ gzip:   2.65 kB
public/build/assets/trend-charts-dlcFYq4P.js                             6.57 kB │ gzip:   2.54 kB
public/build/assets/Create-HluAmGrH.js                                   6.57 kB │ gzip:   2.95 kB
public/build/assets/actions-reviews-C4rS4R0o.js                          6.59 kB │ gzip:   2.69 kB
public/build/assets/maps-usage-oZjNkcVv.js                               6.62 kB │ gzip:   2.90 kB
public/build/assets/sortable.esm-TrASzQ3t.js                             6.64 kB │ gzip:   2.78 kB
public/build/assets/_workspace-CPT9_mAi.js                               6.70 kB │ gzip:   2.73 kB
public/build/assets/policy-summary-y-WUEpKf.js                           6.71 kB │ gzip:   3.15 kB
public/build/assets/meal-planner-B0_2eFu3.js                             6.72 kB │ gzip:   2.98 kB
public/build/assets/_registers-HGjLCBbI.js                               6.75 kB │ gzip:   2.64 kB
public/build/assets/for-client-BE2S9dD9.js                               6.75 kB │ gzip:   2.92 kB
public/build/assets/shift-calendar-view-otjSw-wv.js                      6.78 kB │ gzip:   2.74 kB
public/build/assets/index-BKuL1aI8.js                                    6.82 kB │ gzip:   1.08 kB
public/build/assets/handover-rail-RIfyhVQX.js                            6.82 kB │ gzip:   2.88 kB
public/build/assets/needing-acknowledgment-DT0TLS40.js                   6.86 kB │ gzip:   2.91 kB
public/build/assets/clock-in-wizard-DKaq5Raf.js                          6.88 kB │ gzip:   2.94 kB
public/build/assets/for-stay-BxZyLnJf.js                                 6.88 kB │ gzip:   3.03 kB
public/build/assets/board-view-2CNlrLrw.js                               6.89 kB │ gzip:   2.72 kB
public/build/assets/checklist-trends-BcsHpj0_.js                         6.90 kB │ gzip:   2.99 kB
public/build/assets/day-work-list-DxF0eLTm.js                            6.91 kB │ gzip:   2.82 kB
public/build/assets/assignments-B1D8WSGo.js                              6.91 kB │ gzip:   3.26 kB
public/build/assets/show-B0wlKpUD.js                                     6.93 kB │ gzip:   3.18 kB
public/build/assets/index-BDUXcCVw.js                                    6.94 kB │ gzip:   2.81 kB
public/build/assets/for-stay-CWfNrfIL.js                                 7.00 kB │ gzip:   3.11 kB
public/build/assets/_dialogs-T5iFvYSm.js                                 7.01 kB │ gzip:   3.23 kB
public/build/assets/_header-DuXqtJU1.js                                  7.05 kB │ gzip:   3.27 kB
public/build/assets/alert-worklist-BrYJuOf9.js                           7.05 kB │ gzip:   2.64 kB
public/build/assets/my-tasks-DcWoalbJ.js                                 7.07 kB │ gzip:   3.09 kB
public/build/assets/agreements-D0yxJ2py.js                               7.10 kB │ gzip:   3.28 kB
public/build/assets/combined-CC5Z5tWo.js                                 7.10 kB │ gzip:   3.02 kB
public/build/assets/awaiting-approval-D8nEHkrd.js                        7.11 kB │ gzip:   3.04 kB
public/build/assets/reports-modal-7OnLMu8K.js                            7.13 kB │ gzip:   2.97 kB
public/build/assets/index-Cw_qnUQj.js                                    7.15 kB │ gzip:   3.04 kB
public/build/assets/monitoring-incident-evidence-card-D6SC_sgY.js        7.16 kB │ gzip:   2.51 kB
public/build/assets/Index-CiUXg2EZ.js                                    7.16 kB │ gzip:   3.07 kB
public/build/assets/assets-BnzHdKin.js                                   7.16 kB │ gzip:   2.97 kB
public/build/assets/_dialogs-BvQPc9HF.js                                 7.17 kB │ gzip:   3.05 kB
public/build/assets/checklist-k6IAQk3s.js                                7.18 kB │ gzip:   3.11 kB
public/build/assets/fix-clock-out-wizard-D_YXbI6R.js                     7.18 kB │ gzip:   3.07 kB
public/build/assets/_dialogs-C1i9HeVr.js                                 7.19 kB │ gzip:   3.02 kB
public/build/assets/Calendar-Dn6lPqiv.js                                 7.19 kB │ gzip:   3.19 kB
public/build/assets/fleet-hero-kit-Br-C5Bzy.js                           7.19 kB │ gzip:   2.89 kB
public/build/assets/Show-DsJk00DN.js                                     7.20 kB │ gzip:   2.95 kB
public/build/assets/map-model-W3TdKm_Q.js                                7.21 kB │ gzip:   3.07 kB
public/build/assets/leave-excursions-EAHQnmyY.js                         7.21 kB │ gzip:   2.38 kB
public/build/assets/Index-ByOoLKWG.js                                    7.22 kB │ gzip:   3.06 kB
public/build/assets/location-workspace-BSmbCQEC.js                       7.23 kB │ gzip:   3.08 kB
public/build/assets/Show-CZPyUQYQ.js                                     7.24 kB │ gzip:   3.07 kB
public/build/assets/preferences-B8jh8RPp.js                              7.28 kB │ gzip:   3.25 kB
public/build/assets/review-D59zymkn.js                                   7.31 kB │ gzip:   3.11 kB
public/build/assets/new-journal-dialog-Cindn-Wr.js                       7.31 kB │ gzip:   2.69 kB
public/build/assets/respite-D7LXXfnk.js                                  7.31 kB │ gzip:   2.81 kB
public/build/assets/people-picker-Co_S9kvz.js                            7.35 kB │ gzip:   3.14 kB
public/build/assets/provisioning-picker-DoLABt_u.js                      7.39 kB │ gzip:   3.29 kB
public/build/assets/_review-dialog-BYqgiuVF.js                           7.47 kB │ gzip:   3.13 kB
public/build/assets/index-D83RN-UI.js                                    7.47 kB │ gzip:   3.14 kB
public/build/assets/index-BiDlCYyy.js                                    7.47 kB │ gzip:   3.14 kB
public/build/assets/create-c1cJsF7F.js                                   7.50 kB │ gzip:   3.27 kB
public/build/assets/_dialogs-BP9U-K20.js                                 7.51 kB │ gzip:   2.47 kB
public/build/assets/Edit-BwHLveII.js                                     7.51 kB │ gzip:   3.21 kB
public/build/assets/create-33HR6aiZ.js                                   7.51 kB │ gzip:   3.15 kB
public/build/assets/compliance-hero-ClbYG-u2.js                          7.56 kB │ gzip:   2.61 kB
public/build/assets/shared-TuZ35N_v.js                                   7.61 kB │ gzip:   3.05 kB
public/build/assets/payroll-adjustments-BXKe0FJw.js                      7.67 kB │ gzip:   3.07 kB
public/build/assets/deletion-logs-u9nI2zee.js                            7.74 kB │ gzip:   3.34 kB
public/build/assets/location-navigator-8Y3pqU3Z.js                       7.75 kB │ gzip:   2.64 kB
public/build/assets/report-error-modal-DChdyx0H.js                       7.76 kB │ gzip:   3.27 kB
public/build/assets/show-BDpjueLd.js                                     7.79 kB │ gzip:   3.14 kB
public/build/assets/communication-notes-CE6BuACj.js                      7.79 kB │ gzip:   3.17 kB
public/build/assets/for-stay-BbaHZNZk.js                                 7.83 kB │ gzip:   3.26 kB
public/build/assets/assignments-eLT_X_ky.js                              7.86 kB │ gzip:   3.57 kB
public/build/assets/medical-simple-BiwqHfsX.js                           7.89 kB │ gzip:   3.45 kB
public/build/assets/index-C2aqdcbh.js                                    7.90 kB │ gzip:   3.27 kB
public/build/assets/history-index-CRsKIUkx.js                            7.95 kB │ gzip:   3.48 kB
public/build/assets/Submissions-OxapqfUS.js                              7.96 kB │ gzip:   3.70 kB
public/build/assets/daily-note-entry-BFUZiUBU.js                         7.97 kB │ gzip:   3.03 kB
public/build/assets/pending-C00cy8-A.js                                  8.01 kB │ gzip:   3.40 kB
public/build/assets/index-DLOMVWOI.js                                    8.02 kB │ gzip:   3.37 kB
public/build/assets/show-B7L5a6Bi.js                                     8.05 kB │ gzip:   3.53 kB
public/build/assets/file-dropzone-BYaIt0M-.js                            8.08 kB │ gzip:   3.49 kB
public/build/assets/from-resolution-DvIgWn0X.js                          8.10 kB │ gzip:   3.57 kB
public/build/assets/audit-history-CWw2VnqZ.js                            8.13 kB │ gzip:   3.26 kB
public/build/assets/shoutouts-C4jdFNJ9.js                                8.19 kB │ gzip:   3.55 kB
public/build/assets/notifications-CfhMCogm.js                            8.20 kB │ gzip:   3.60 kB
public/build/assets/_tool-palette-DgP6sTUq.js                            8.20 kB │ gzip:   2.99 kB
public/build/assets/work-schedule-p4eeS88T.js                            8.26 kB │ gzip:   3.42 kB
public/build/assets/availability-CCbDAaJL.js                             8.34 kB │ gzip:   3.68 kB
public/build/assets/shell-B5GtisZq.js                                    8.38 kB │ gzip:   3.05 kB
public/build/assets/round-template-dialog-C0UJ-CLy.js                    8.39 kB │ gzip:   3.49 kB
public/build/assets/index-C-A2mkEx.js                                    8.40 kB │ gzip:   3.17 kB
public/build/assets/reassign-dialog-C-l5l89v.js                          8.42 kB │ gzip:   3.60 kB
public/build/assets/incidents-SpnLY6xn.js                                8.42 kB │ gzip:   3.35 kB
public/build/assets/index-Dlg97wMc.js                                    8.44 kB │ gzip:   1.27 kB
public/build/assets/password-P-8rckGI.js                                 8.46 kB │ gzip:   3.35 kB
public/build/assets/attestations--Yio6-Sl.js                             8.47 kB │ gzip:   3.65 kB
public/build/assets/form-wizard-YVhR36Sf.js                              8.49 kB │ gzip:   3.50 kB
public/build/assets/my-day-header-CXKiJA8M.js                            8.50 kB │ gzip:   3.70 kB
public/build/assets/_dialogs-Bfors36A.js                                 8.57 kB │ gzip:   3.32 kB
public/build/assets/index-CuuwrIhI.js                                    8.60 kB │ gzip:   1.25 kB
public/build/assets/primitives-DdX7xOlw.js                               8.69 kB │ gzip:   3.27 kB
public/build/assets/bank-account-dialog-De70in0N.js                      8.70 kB │ gzip:   3.38 kB
public/build/assets/asset-condition-0TJ2XQeg.js                          8.70 kB │ gzip:   3.47 kB
public/build/assets/credentials-c2fUWt-l.js                              8.70 kB │ gzip:   3.55 kB
public/build/assets/settings-CyPpKrRc.js                                 8.71 kB │ gzip:   3.76 kB
public/build/assets/new-account-dialog-BXyx61mF.js                       8.74 kB │ gzip:   3.41 kB
public/build/assets/index-czkNruxn.js                                    8.75 kB │ gzip:   3.72 kB
public/build/assets/index-D8xUlBIK.js                                    8.75 kB │ gzip:   3.73 kB
public/build/assets/personal-entry-dialog-BCbaKtVr.js                    8.79 kB │ gzip:   3.29 kB
public/build/assets/add-medication-modal-D6bif7tB.js                     8.87 kB │ gzip:   3.65 kB
public/build/assets/show-BTAisrEJ.js                                     8.89 kB │ gzip:   3.02 kB
public/build/assets/show-3xsbjMN-.js                                     8.94 kB │ gzip:   3.98 kB
public/build/assets/timeline-interactions-DS3lj21s.js                    8.96 kB │ gzip:   3.62 kB
public/build/assets/overdue-actions-CiqGGDAr.js                          8.98 kB │ gzip:   3.72 kB
public/build/assets/Index-Bytckmuq.js                                    9.02 kB │ gzip:   3.81 kB
public/build/assets/fleet-C6hUFtEh.js                                    9.05 kB │ gzip:   3.16 kB
public/build/assets/hero-kit-LMOjWk9O.js                                 9.08 kB │ gzip:   2.98 kB
public/build/assets/assess-DLZC1_Iz.js                                   9.10 kB │ gzip:   3.77 kB
public/build/assets/Index-MO5tDYkP.js                                    9.11 kB │ gzip:   3.90 kB
public/build/assets/index-7Xj77udB.js                                    9.13 kB │ gzip:   3.79 kB
public/build/assets/ClientTrends-DlF0evpZ.js                             9.13 kB │ gzip:   3.90 kB
public/build/assets/file-DK5vhSlf.js                                     9.15 kB │ gzip:   3.87 kB
public/build/assets/record-fv8FkijT.js                                   9.19 kB │ gzip:   4.13 kB
public/build/assets/Index-CSNJ9rum.js                                    9.24 kB │ gzip:   3.68 kB
public/build/assets/index-CYLoIQA6.js                                    9.26 kB │ gzip:   3.94 kB
public/build/assets/index-DY3rAMuN.js                                    9.26 kB │ gzip:   3.63 kB
public/build/assets/index-BDQuAb-8.js                                    9.27 kB │ gzip:   4.02 kB
public/build/assets/note-rail-Dm7j6bzt.js                                9.29 kB │ gzip:   3.54 kB
public/build/assets/shift-show-redesign-CArJb9qj.js                      9.34 kB │ gzip:   3.57 kB
public/build/assets/CarePlans-BeIyAG2g.js                                9.34 kB │ gzip:   3.75 kB
public/build/assets/knowledge-related-records-CAYVKQIb.js                9.37 kB │ gzip:   3.77 kB
public/build/assets/cd-register-modal-BJ5NoOc8.js                        9.37 kB │ gzip:   3.85 kB
public/build/assets/reports-BCa4Hxer.js                                  9.39 kB │ gzip:   3.89 kB
public/build/assets/_manage-types-dialog-utlSlgVb.js                     9.39 kB │ gzip:   3.82 kB
public/build/assets/Show-CKpZVWDj.js                                     9.40 kB │ gzip:   4.17 kB
public/build/assets/Show-D2dZ4hS-.js                                     9.46 kB │ gzip:   4.09 kB
public/build/assets/benefits-BxfI7Ljf.js                                 9.49 kB │ gzip:   3.76 kB
public/build/assets/Create-P5Mcm8-v.js                                   9.53 kB │ gzip:   3.87 kB
public/build/assets/history-D1_ApQ_z.js                                  9.54 kB │ gzip:   3.83 kB
public/build/assets/_dialogs-2EcGbpoM.js                                 9.60 kB │ gzip:   3.07 kB
public/build/assets/Index-B_KWxcvX.js                                    9.61 kB │ gzip:   4.14 kB
public/build/assets/Edit-CPj-etFQ.js                                     9.65 kB │ gzip:   3.99 kB
public/build/assets/family-tree-DZ0Phtej.js                              9.68 kB │ gzip:   3.65 kB
public/build/assets/reimbursement-Befewx8M.js                            9.68 kB │ gzip:   3.76 kB
public/build/assets/module-DOrprB6w.js                                   9.69 kB │ gzip:   4.29 kB
public/build/assets/index-C12TLzTC.js                                    9.69 kB │ gzip:   4.08 kB
public/build/assets/create-Bl74eQ0z.js                                   9.73 kB │ gzip:   4.06 kB
public/build/assets/Index-DVkGt0L6.js                                    9.73 kB │ gzip:   4.00 kB
public/build/assets/upload-BRjcWBNW.js                                   9.73 kB │ gzip:   4.06 kB
public/build/assets/stream-item-D-ieEyn3.js                              9.74 kB │ gzip:   3.61 kB
public/build/assets/Mapping-C4oei4z-.js                                  9.75 kB │ gzip:   4.17 kB
public/build/assets/show-D6sAJ3Go.js                                     9.76 kB │ gzip:   3.88 kB
public/build/assets/reviews-CiJ6XiPk.js                                  9.77 kB │ gzip:   4.35 kB
public/build/assets/linked-operational-evidence-Cf09wG6t.js              9.78 kB │ gzip:   3.16 kB
public/build/assets/labels-C6AmEAV7.js                                   9.78 kB │ gzip:   3.69 kB
public/build/assets/retention-D8UtyvfW.js                                9.81 kB │ gzip:   3.92 kB
public/build/assets/_food-meal-preferences-C7jx4aQ1.js                   9.82 kB │ gzip:   3.80 kB
public/build/assets/respond-BCeCaGvO.js                                  9.85 kB │ gzip:   4.28 kB
public/build/assets/ComplianceStatus-BvhWnt68.js                         9.86 kB │ gzip:   4.18 kB
public/build/assets/index-D60m4ZOk.js                                    9.87 kB │ gzip:   4.01 kB
public/build/assets/Index-CVv7fMEU.js                                    9.88 kB │ gzip:   4.12 kB
public/build/assets/Create-Bns6X4uX.js                                   9.89 kB │ gzip:   3.99 kB
public/build/assets/create-CgtIPzDk.js                                   9.92 kB │ gzip:   4.08 kB
public/build/assets/Logs-BCRBpuiC.js                                     9.94 kB │ gzip:   4.24 kB
public/build/assets/Create-U0vkP5J2.js                                   9.94 kB │ gzip:   4.00 kB
public/build/assets/succession-wizards-Cpf7o29A.js                       9.98 kB │ gzip:   3.99 kB
public/build/assets/Index-DWdX-ZWg.js                                    9.98 kB │ gzip:   4.15 kB
public/build/assets/RiskNarrative-B8CkuApg.js                            9.99 kB │ gzip:   4.12 kB
public/build/assets/BoardMembers-B7PGruNE.js                            10.02 kB │ gzip:   4.25 kB
public/build/assets/for-stay-C9Dgsphr.js                                10.04 kB │ gzip:   3.89 kB
public/build/assets/index-jJSlZ11i.js                                   10.05 kB │ gzip:   4.00 kB
public/build/assets/Index-B8qqZBn_.js                                   10.05 kB │ gzip:   4.12 kB
public/build/assets/finance-GIGT17rd.js                                 10.05 kB │ gzip:   3.53 kB
public/build/assets/quick-add-task-OE7bysjN.js                          10.06 kB │ gzip:   3.83 kB
public/build/assets/pending-CZ3-yP2d.js                                 10.07 kB │ gzip:   3.84 kB
public/build/assets/time-picker-DCl2fLb5.js                             10.09 kB │ gzip:   4.28 kB
public/build/assets/grouped-profile-nav-CM5tgtGZ.js                     10.09 kB │ gzip:   3.88 kB
public/build/assets/vehicle-technology-projection-50Szz95h.js           10.10 kB │ gzip:   3.40 kB
public/build/assets/Show-UQ4jYR-r.js                                    10.12 kB │ gzip:   4.45 kB
public/build/assets/my-calendar-DRwesCzj.js                             10.13 kB │ gzip:   4.64 kB
public/build/assets/index-D0Mi1Utb.js                                   10.13 kB │ gzip:   4.04 kB
public/build/assets/Index-D-sjBLvL.js                                   10.13 kB │ gzip:   4.31 kB
public/build/assets/create-m2nBFkBJ.js                                  10.13 kB │ gzip:   4.31 kB
public/build/assets/template-CV1YMqAQ.js                                10.18 kB │ gzip:   4.11 kB
public/build/assets/GovernanceTermHint-DR83GgPr.js                      10.20 kB │ gzip:   4.11 kB
public/build/assets/policies-8pEvBtcF.js                                10.22 kB │ gzip:   4.14 kB
public/build/assets/Show-B1zPaeQh.js                                    10.24 kB │ gzip:   4.31 kB
public/build/assets/asset-finance-technology-projection-DpBwq3--.js     10.26 kB │ gzip:   3.48 kB
public/build/assets/record-wizard-shared-DeRCf9On.js                    10.28 kB │ gzip:   3.92 kB
public/build/assets/create-CgLNGuvO.js                                  10.29 kB │ gzip:   4.14 kB
public/build/assets/show-CpB5qaBi.js                                    10.30 kB │ gzip:   4.03 kB
public/build/assets/staff-requirements-DCDtULIV.js                      10.31 kB │ gzip:   3.82 kB
public/build/assets/_inventory-table-BpoNB5m_.js                        10.34 kB │ gzip:   3.74 kB
public/build/assets/legal-holds-BUIm3zcf.js                             10.35 kB │ gzip:   4.18 kB
public/build/assets/show-D9yF9lrY.js                                    10.39 kB │ gzip:   4.09 kB
public/build/assets/unifi-BI3heU1I.js                                   10.41 kB │ gzip:   4.14 kB
public/build/assets/Index-D9GpJDym.js                                   10.42 kB │ gzip:   4.35 kB
public/build/assets/Show-7sxF6ozK.js                                    10.43 kB │ gzip:   3.91 kB
public/build/assets/create-CkTva7Cw.js                                  10.45 kB │ gzip:   4.28 kB
public/build/assets/ClientSummary-0Rf84GuF.js                           10.46 kB │ gzip:   3.75 kB
public/build/assets/index-DdxFyqZa.js                                   10.46 kB │ gzip:   4.35 kB
public/build/assets/Index-CnYUGbjJ.js                                   10.46 kB │ gzip:   4.28 kB
public/build/assets/marketing-layout-BaxPU1SU.js                        10.47 kB │ gzip:   3.34 kB
public/build/assets/Index-Dnll7Daz.js                                   10.48 kB │ gzip:   4.29 kB
public/build/assets/saved-BV-zCKch.js                                   10.50 kB │ gzip:   4.29 kB
public/build/assets/imports-DKcGUd5h.js                                 10.51 kB │ gzip:   3.86 kB
public/build/assets/index-Bt3nVI40.js                                   10.52 kB │ gzip:   4.13 kB
public/build/assets/Index-DLYE4_-r.js                                   10.53 kB │ gzip:   4.25 kB
public/build/assets/FundingStreamSummary-C7xM3HUx.js                    10.54 kB │ gzip:   4.32 kB
public/build/assets/ui-D0IjJMP6.js                                      10.58 kB │ gzip:   4.51 kB
public/build/assets/show-_GH82-O7.js                                    10.59 kB │ gzip:   3.89 kB
public/build/assets/edit-DRGEnGvU.js                                    10.60 kB │ gzip:   4.36 kB
public/build/assets/Index-BCbpao-e.js                                   10.60 kB │ gzip:   4.37 kB
public/build/assets/Index-DhngoKVJ.js                                   10.60 kB │ gzip:   4.49 kB
public/build/assets/risks-Dnkr1PeM.js                                   10.61 kB │ gzip:   4.01 kB
public/build/assets/status-BeaaibjR.js                                  10.61 kB │ gzip:   4.23 kB
public/build/assets/Index-DKfFLqhD.js                                   10.65 kB │ gzip:   4.40 kB
public/build/assets/edit-YJb_F_xS.js                                    10.66 kB │ gzip:   4.31 kB
public/build/assets/index-DJja1rBj.js                                   10.73 kB │ gzip:   4.77 kB
public/build/assets/modules-DhJNwPW6.js                                 10.75 kB │ gzip:   4.30 kB
public/build/assets/create-D79wjHv8.js                                  10.77 kB │ gzip:   3.68 kB
public/build/assets/compliance-BEjVO2IW.js                              10.77 kB │ gzip:   4.26 kB
public/build/assets/tomorrow-panel-C0yuAext.js                          10.80 kB │ gzip:   4.25 kB
public/build/assets/index-Dum8Tdxw.js                                   10.82 kB │ gzip:   4.24 kB
public/build/assets/portal-users-5Vn4esCu.js                            10.84 kB │ gzip:   4.47 kB
public/build/assets/_door-B2m7jivU.js                                   10.87 kB │ gzip:   3.81 kB
public/build/assets/documents-D134qdZC.js                               10.87 kB │ gzip:   3.84 kB
public/build/assets/work-calendar-settings-DiLuflNm.js                  10.91 kB │ gzip:   4.32 kB
public/build/assets/risks-D-u4SHg9.js                                   10.93 kB │ gzip:   4.13 kB
public/build/assets/Show-BKjGmpNO.js                                    10.94 kB │ gzip:   4.23 kB
public/build/assets/Index-Db6AVs30.js                                   10.97 kB │ gzip:   4.50 kB
public/build/assets/Changes-D5GKrrv-.js                                 10.97 kB │ gzip:   4.90 kB
public/build/assets/index-ubtH2xcj.js                                   11.02 kB │ gzip:   1.52 kB
public/build/assets/wizard-kit-BL7jFD2x.js                              11.02 kB │ gzip:   4.64 kB
public/build/assets/Show-0w31xVW7.js                                    11.03 kB │ gzip:   4.46 kB
public/build/assets/handovers-hero-CBcBENr6.js                          11.03 kB │ gzip:   4.81 kB
public/build/assets/create-DtmS70PC.js                                  11.03 kB │ gzip:   4.48 kB
public/build/assets/Index-ijZEmQd-.js                                   11.08 kB │ gzip:   4.61 kB
public/build/assets/Committee-Cl5DTp0q.js                               11.09 kB │ gzip:   4.81 kB
public/build/assets/_dialogs-kMV4BOMe.js                                11.11 kB │ gzip:   4.43 kB
public/build/assets/create-CEBz9Q31.js                                  11.12 kB │ gzip:   4.39 kB
public/build/assets/TrialBalance-Bl08LFZw.js                            11.13 kB │ gzip:   4.81 kB
public/build/assets/index-rHgUGHgn.js                                   11.15 kB │ gzip:   4.59 kB
public/build/assets/vendors-BVsks2p4.js                                 11.16 kB │ gzip:   3.64 kB
public/build/assets/photos-j4XUg0q3.js                                  11.17 kB │ gzip:   4.57 kB
public/build/assets/breaches-B98QraaN.js                                11.17 kB │ gzip:   4.41 kB
public/build/assets/clock-out-wizard-Dd0_41D6.js                        11.18 kB │ gzip:   4.50 kB
public/build/assets/index-CNqNzUwV.js                                   11.19 kB │ gzip:   4.03 kB
public/build/assets/summary-BVwRz83d.js                                 11.22 kB │ gzip:   4.12 kB
public/build/assets/timeline-DZqqS8ng.js                                11.23 kB │ gzip:   4.81 kB
public/build/assets/index-P9WeupCu.js                                   11.26 kB │ gzip:   4.36 kB
public/build/assets/cards-view-Bm4VQBZ2.js                              11.27 kB │ gzip:   4.22 kB
public/build/assets/broadcast-show-D8DUlp_r.js                          11.29 kB │ gzip:   4.12 kB
public/build/assets/privacy-action-modal-D-YHe6hT.js                    11.30 kB │ gzip:   4.43 kB
public/build/assets/show-supervision-CY_YrrZn.js                        11.30 kB │ gzip:   4.26 kB
public/build/assets/dashboard-tabs-_rg1BlZq.js                          11.32 kB │ gzip:   4.22 kB
public/build/assets/map-CvSnky6j.js                                     11.33 kB │ gzip:   4.60 kB
public/build/assets/CheckShift-ai6WZ3dM.js                              11.36 kB │ gzip:   4.79 kB
public/build/assets/Edit-BmUunWfx.js                                    11.36 kB │ gzip:   4.58 kB
public/build/assets/Index-C4a_KyNe.js                                   11.36 kB │ gzip:   4.67 kB
public/build/assets/notifications-P6kAfexA.js                           11.38 kB │ gzip:   4.20 kB
public/build/assets/Index-8N3Z4CYm.js                                   11.42 kB │ gzip:   4.72 kB
public/build/assets/wizard-configs-Bio6_awx.js                          11.42 kB │ gzip:   3.50 kB
public/build/assets/Index-C9oiBdqn.js                                   11.43 kB │ gzip:   4.59 kB
public/build/assets/Matrix-BiQk281J.js                                  11.45 kB │ gzip:   4.87 kB
public/build/assets/leave-hub-parts-DDX4iTNj.js                         11.45 kB │ gzip:   4.21 kB
public/build/assets/visit-requests-BU17rZOj.js                          11.45 kB │ gzip:   4.63 kB
public/build/assets/price-book-dialog-Bw-dv_Qq.js                       11.47 kB │ gzip:   4.58 kB
public/build/assets/surveys-DTXKGS_S.js                                 11.49 kB │ gzip:   4.54 kB
public/build/assets/quote-dialog-B5JiMrmd.js                            11.49 kB │ gzip:   4.65 kB
public/build/assets/index-DhjSjLZz.js                                   11.49 kB │ gzip:   4.67 kB
public/build/assets/Create-kB7G3Dne.js                                  11.52 kB │ gzip:   4.50 kB
public/build/assets/workers-DbBkHpcb.js                                 11.54 kB │ gzip:   4.40 kB
public/build/assets/create-CtncwY0-.js                                  11.54 kB │ gzip:   4.80 kB
public/build/assets/Index-DVI2bFzF.js                                   11.55 kB │ gzip:   5.15 kB
public/build/assets/Trends-CHuPiLdD.js                                  11.58 kB │ gzip:   5.01 kB
public/build/assets/documents-BvJGAmOC.js                               11.59 kB │ gzip:   4.11 kB
public/build/assets/index-BTGMCjZX.js                                   11.60 kB │ gzip:   4.60 kB
public/build/assets/overview-panels-C5MmITNY.js                         11.63 kB │ gzip:   4.66 kB
public/build/assets/Index-DlZooE_U.js                                   11.64 kB │ gzip:   4.83 kB
public/build/assets/index-C3xexg0c.js                                   11.67 kB │ gzip:   4.21 kB
public/build/assets/_dialogs-Cd-DwZap.js                                11.68 kB │ gzip:   4.74 kB
public/build/assets/Show-B94n4jap.js                                    11.69 kB │ gzip:   5.14 kB
public/build/assets/dpia-DUq3agYO.js                                    11.70 kB │ gzip:   4.47 kB
public/build/assets/show-BrknvWns.js                                    11.74 kB │ gzip:   5.02 kB
public/build/assets/show-CSKzBj7n.js                                    11.83 kB │ gzip:   4.46 kB
public/build/assets/task-QSe6L8DT.js                                    11.87 kB │ gzip:   4.87 kB
public/build/assets/Dashboard-Cn60lNUg.js                               11.87 kB │ gzip:   5.06 kB
public/build/assets/rehire-wizard-CA58LBSG.js                           11.87 kB │ gzip:   4.49 kB
public/build/assets/_dialogs-DgKHNfZ8.js                                11.88 kB │ gzip:   4.47 kB
public/build/assets/Index-PORiG0dv.js                                   11.89 kB │ gzip:   4.88 kB
public/build/assets/templates-Cj-m1gA8.js                               11.89 kB │ gzip:   4.84 kB
public/build/assets/Index-BIVL5sjC.js                                   11.93 kB │ gzip:   4.62 kB
public/build/assets/shift-list-view-COYLElM1.js                         11.94 kB │ gzip:   4.70 kB
public/build/assets/Index-CkFp-i5B.js                                   11.94 kB │ gzip:   5.21 kB
public/build/assets/Index-DwRpH0Kn.js                                   11.95 kB │ gzip:   5.15 kB
public/build/assets/community-access-y764N2fk.js                        11.95 kB │ gzip:   4.81 kB
public/build/assets/log-notifiable-dialog-Bl6ELwuI.js                   11.97 kB │ gzip:   4.40 kB
public/build/assets/alerts-config-CMn5RKan.js                           11.98 kB │ gzip:   4.58 kB
public/build/assets/healthcare-devices-BKB75Fc3.js                      11.99 kB │ gzip:   4.18 kB
public/build/assets/Index-D9DSQBNN.js                                   12.00 kB │ gzip:   5.18 kB
public/build/assets/Index-DVZhCAI4.js                                   12.00 kB │ gzip:   5.24 kB
public/build/assets/apply-C2YVBtmA.js                                   12.00 kB │ gzip:   4.57 kB
public/build/assets/performance-hero-Ctck-pbt.js                        12.00 kB │ gzip:   3.84 kB
public/build/assets/Prepare-BJJflfO8.js                                 12.01 kB │ gzip:   4.90 kB
public/build/assets/create-template-BbuWRDyM.js                         12.06 kB │ gzip:   4.81 kB
public/build/assets/protocol-form-B0R8wywy.js                           12.08 kB │ gzip:   4.39 kB
public/build/assets/sign-p6lAIYeQ.js                                    12.08 kB │ gzip:   4.75 kB
public/build/assets/profile-Du-tnSoi.js                                 12.08 kB │ gzip:   4.93 kB
public/build/assets/page-hero-C8GIAk3J.js                               12.09 kB │ gzip:   4.64 kB
public/build/assets/AgedReport-DtdAN6Rv.js                              12.10 kB │ gzip:   5.44 kB
public/build/assets/ppe-wizard-DnGgNSfR.js                              12.15 kB │ gzip:   4.97 kB
public/build/assets/assignments-BFjiOAKs.js                             12.19 kB │ gzip:   4.90 kB
public/build/assets/it-ticket-comment-contract-BBENTCa7.js              12.19 kB │ gzip:   3.96 kB
public/build/assets/Index-CLHOuvyc.js                                   12.20 kB │ gzip:   5.11 kB
public/build/assets/cards-view-LnyFO6IE.js                              12.20 kB │ gzip:   4.47 kB
public/build/assets/index-BHINqxvP.js                                   12.21 kB │ gzip:   4.66 kB
public/build/assets/Index-DZ-09WLV.js                                   12.24 kB │ gzip:   4.97 kB
public/build/assets/_request-dialog-B-Q2CFmZ.js                         12.25 kB │ gzip:   4.60 kB
public/build/assets/create-DHQA9pTA.js                                  12.25 kB │ gzip:   4.72 kB
public/build/assets/_builder-dialog-DsqfBrFV.js                         12.27 kB │ gzip:   4.90 kB
public/build/assets/BalanceSheet-Bs6_xBQB.js                            12.31 kB │ gzip:   5.14 kB
public/build/assets/Index-gMQh-pI3.js                                   12.34 kB │ gzip:   5.25 kB
public/build/assets/index-BAxqlZBw.js                                   12.35 kB │ gzip:   5.01 kB
public/build/assets/stocktakes-8HggwDkK.js                              12.35 kB │ gzip:   4.49 kB
public/build/assets/medications-_XG34Avk.js                             12.38 kB │ gzip:   4.47 kB
public/build/assets/Index-D_wY0DKW.js                                   12.39 kB │ gzip:   4.88 kB
public/build/assets/Index-B3vpr9aA.js                                   12.41 kB │ gzip:   5.08 kB
public/build/assets/donor-fund-dialog-Dg6xi_TO.js                       12.42 kB │ gzip:   4.44 kB
public/build/assets/index-CwaTY8wd.js                                   12.43 kB │ gzip:   4.46 kB
public/build/assets/pricing-BXf2H1rh.js                                 12.44 kB │ gzip:   3.70 kB
public/build/assets/time-C_gDUehS.js                                    12.45 kB │ gzip:   5.29 kB
public/build/assets/index-Pq7y3FE-.js                                   12.47 kB │ gzip:   5.09 kB
public/build/assets/index-CMEsm3eD.js                                   12.48 kB │ gzip:   5.34 kB
public/build/assets/log-obligation-dialog-C9OvMFE6.js                   12.49 kB │ gzip:   4.70 kB
public/build/assets/edit-Tdq2V204.js                                    12.50 kB │ gzip:   4.93 kB
public/build/assets/Index-B-kbwy_-.js                                   12.51 kB │ gzip:   5.41 kB
public/build/assets/index-hnf0gei_.js                                   12.52 kB │ gzip:   4.74 kB
public/build/assets/facilities-_-lwElb1.js                              12.53 kB │ gzip:   5.21 kB
public/build/assets/index-DqPr_sak.js                                   12.54 kB │ gzip:   4.84 kB
public/build/assets/Index-BQEwqzQ4.js                                   12.55 kB │ gzip:   5.39 kB
public/build/assets/head-office-CYlodOhJ.js                             12.55 kB │ gzip:   5.28 kB
public/build/assets/requests-M9fWqpKR.js                                12.56 kB │ gzip:   4.82 kB
public/build/assets/specialist-workspace-header-DlsJ0fv-.js             12.57 kB │ gzip:   5.55 kB
public/build/assets/_dialogs-jTGfsvcN.js                                12.57 kB │ gzip:   5.33 kB
public/build/assets/index-QAo9cRwH.js                                   12.64 kB │ gzip:   4.47 kB
public/build/assets/file-preview-dialog-5iCwgyKd.js                     12.67 kB │ gzip:   5.00 kB
public/build/assets/geofence-draw-map-DbjYJcqL.js                       12.68 kB │ gzip:   4.87 kB
public/build/assets/index-HzrDYY8n.js                                   12.68 kB │ gzip:   4.83 kB
public/build/assets/edit-bv4QM8NL.js                                    12.69 kB │ gzip:   4.79 kB
public/build/assets/index-DatmKMiV.js                                   12.69 kB │ gzip:   5.23 kB
public/build/assets/Trends-DmGlMovX.js                                  12.71 kB │ gzip:   5.21 kB
public/build/assets/Assignments-B3bKS2O2.js                             12.73 kB │ gzip:   5.33 kB
public/build/assets/Diff-Bx3BYOiZ.js                                    12.73 kB │ gzip:   5.47 kB
public/build/assets/index-DHIAY2gA.js                                   12.75 kB │ gzip:   4.63 kB
public/build/assets/new-po-dialog-DrrOMsIU.js                           12.75 kB │ gzip:   4.80 kB
public/build/assets/health-COJEDjOQ.js                                  12.78 kB │ gzip:   4.33 kB
public/build/assets/Review-Vl7X49VP.js                                  12.78 kB │ gzip:   4.67 kB
public/build/assets/show-CalQZa__.js                                    12.79 kB │ gzip:   4.80 kB
public/build/assets/show-B0DgDGtc.js                                    12.80 kB │ gzip:   4.54 kB
public/build/assets/index-BGSxnzE7.js                                   12.80 kB │ gzip:   5.00 kB
public/build/assets/builder-DCcrvR4u.js                                 12.84 kB │ gzip:   4.88 kB
public/build/assets/Index-DOBCqxCc.js                                   12.85 kB │ gzip:   4.77 kB
public/build/assets/ppe-action-dialogs-BbQCrU7y.js                      12.87 kB │ gzip:   4.36 kB
public/build/assets/Show-h4u5H7-5.js                                    12.88 kB │ gzip:   4.90 kB
public/build/assets/ProfitAndLoss-DLMvPNLm.js                           12.89 kB │ gzip:   5.16 kB
public/build/assets/Index--GcS2pXn.js                                   12.91 kB │ gzip:   5.53 kB
public/build/assets/Index-5oQFWxur.js                                   12.92 kB │ gzip:   5.59 kB
public/build/assets/Index-BA7i9TK1.js                                   12.97 kB │ gzip:   5.66 kB
public/build/assets/privacy-iQ0zo7iH.js                                 12.98 kB │ gzip:   3.80 kB
public/build/assets/index-BgCzbEj8.js                                   13.05 kB │ gzip:   5.46 kB
public/build/assets/prn-wizard-DsnN4Y0q.js                              13.10 kB │ gzip:   4.99 kB
public/build/assets/Dashboard-DbThNXyf.js                               13.10 kB │ gzip:   5.46 kB
public/build/assets/Show-CPvooaYG.js                                    13.12 kB │ gzip:   5.07 kB
public/build/assets/show-BNMv4uky.js                                    13.13 kB │ gzip:   4.96 kB
public/build/assets/Trends-C5-Tlk05.js                                  13.15 kB │ gzip:   5.35 kB
public/build/assets/index-Bl8tr0hW.js                                   13.15 kB │ gzip:   5.41 kB
public/build/assets/operational-canvas-BXJaj9d-.js                      13.15 kB │ gzip:   5.30 kB
public/build/assets/playbook-wizard-DguGp5ko.js                         13.16 kB │ gzip:   4.59 kB
public/build/assets/layout-IBCSUoer.js                                  13.19 kB │ gzip:   4.25 kB
public/build/assets/Dashboard-B2gY3VYz.js                               13.19 kB │ gzip:   4.34 kB
public/build/assets/Index-Cs_Y3q8f.js                                   13.23 kB │ gzip:   5.62 kB
public/build/assets/daily-check-BdentKF2.js                             13.25 kB │ gzip:   5.34 kB
public/build/assets/Create-CeanPe4V.js                                  13.25 kB │ gzip:   5.57 kB
public/build/assets/calendar-BR2kMU1m.js                                13.25 kB │ gzip:   5.27 kB
public/build/assets/plans-N-0D_5br.js                                   13.27 kB │ gzip:   5.35 kB
public/build/assets/site-detail-D_-4B_DN.js                             13.27 kB │ gzip:   4.50 kB
public/build/assets/alerts-events-2R3o9UFa.js                           13.29 kB │ gzip:   5.59 kB
public/build/assets/Index-DPgpM0a_.js                                   13.30 kB │ gzip:   5.62 kB
public/build/assets/show-Dwc4-45c.js                                    13.31 kB │ gzip:   5.11 kB
public/build/assets/reviews-DHR5F12p.js                                 13.34 kB │ gzip:   5.14 kB
public/build/assets/Index-hYY0k1_7.js                                   13.34 kB │ gzip:   5.56 kB
public/build/assets/goals-path-Bg3G5IA8.js                              13.35 kB │ gzip:   5.34 kB
public/build/assets/messaging-CofJ4ap1.js                               13.36 kB │ gzip:   4.72 kB
public/build/assets/pre-check-D-WfvJ-7.js                               13.37 kB │ gzip:   5.01 kB
public/build/assets/_dialogs-Bgt6U_cC.js                                13.39 kB │ gzip:   4.86 kB
public/build/assets/_dialogs-a_uJoVYZ.js                                13.39 kB │ gzip:   5.60 kB
public/build/assets/create-DcwuKyPP.js                                  13.42 kB │ gzip:   5.20 kB
public/build/assets/HealthMonitoring-BTCZyAvK.js                        13.43 kB │ gzip:   4.87 kB
public/build/assets/_audit-dialog-BarE2aB8.js                           13.46 kB │ gzip:   5.39 kB
public/build/assets/timesheet-review-Cj_wu55o.js                        13.46 kB │ gzip:   5.02 kB
public/build/assets/_ledger-panel-BjwrRiFq.js                           13.46 kB │ gzip:   4.24 kB
public/build/assets/unassign-make-open-dialog-ov6Mf3CX.js               13.47 kB │ gzip:   5.09 kB
public/build/assets/Index-gDEhiZfi.js                                   13.47 kB │ gzip:   5.86 kB
public/build/assets/about-CGQJn30H.js                                   13.50 kB │ gzip:   3.49 kB
public/build/assets/digest-panel-IGMc2_-8.js                            13.56 kB │ gzip:   4.79 kB
public/build/assets/houses-6xSaWYRw.js                                  13.59 kB │ gzip:   5.66 kB
public/build/assets/expenses-DdED4C_8.js                                13.60 kB │ gzip:   5.24 kB
public/build/assets/index-k3SHBtVX.js                                   13.61 kB │ gzip:   5.79 kB
public/build/assets/edit-template-UoDsjfuu.js                           13.62 kB │ gzip:   5.47 kB
public/build/assets/my-day-hero-uZ7nCdZX.js                             13.65 kB │ gzip:   5.95 kB
public/build/assets/client-Dkm31sRa.js                                  13.65 kB │ gzip:   3.89 kB
public/build/assets/Index-CQWmypz6.js                                   13.66 kB │ gzip:   5.89 kB
public/build/assets/_dialogs-ss-b_ubl.js                                13.70 kB │ gzip:   5.13 kB
public/build/assets/MyInterests-C06L9tph.js                             13.71 kB │ gzip:   5.80 kB
public/build/assets/Index-BGqnbhy3.js                                   13.72 kB │ gzip:   5.97 kB
public/build/assets/terminology-C6AwNX3m.js                             13.75 kB │ gzip:   4.21 kB
public/build/assets/documents-ruMZ_Jii.js                               13.75 kB │ gzip:   5.48 kB
public/build/assets/by-house-jpSLQfb9.js                                13.76 kB │ gzip:   4.84 kB
public/build/assets/rule-wizard-BvXUzvV7.js                             13.79 kB │ gzip:   5.12 kB
public/build/assets/Index-Y8cYnh1a.js                                   13.82 kB │ gzip:   5.81 kB
public/build/assets/Index-D456CqsB.js                                   13.86 kB │ gzip:   5.47 kB
public/build/assets/Index-VkOWFApJ.js                                   13.88 kB │ gzip:   5.60 kB
public/build/assets/Committee-Cp_SpS8-.js                               13.89 kB │ gzip:   6.00 kB
public/build/assets/_recipe-edit-dialog-BD8Q9tjW.js                     13.90 kB │ gzip:   4.69 kB
public/build/assets/timeline-tab-4RWNHw_3.js                            13.94 kB │ gzip:   4.93 kB
public/build/assets/Show-BlxQb3EN.js                                    14.03 kB │ gzip:   6.02 kB
public/build/assets/map-nE-ThXFM.js                                     14.04 kB │ gzip:   5.82 kB
public/build/assets/create-B4RGqzKr.js                                  14.08 kB │ gzip:   5.36 kB
public/build/assets/show-DzhNkMxx.js                                    14.13 kB │ gzip:   5.07 kB
public/build/assets/show-CDbzQLMy.js                                    14.15 kB │ gzip:   4.73 kB
public/build/assets/holidays-DcNV_xFd.js                                14.15 kB │ gzip:   5.77 kB
public/build/assets/Show-DPOz3NJ_.js                                    14.16 kB │ gzip:   5.51 kB
public/build/assets/Attestations-DdJJAd2P.js                            14.16 kB │ gzip:   5.82 kB
public/build/assets/index-CrlrOlOS.js                                   14.19 kB │ gzip:   5.39 kB
public/build/assets/_dialog-shared-RuhxIUgd.js                          14.22 kB │ gzip:   5.45 kB
public/build/assets/Index-MHq9GnED.js                                   14.24 kB │ gzip:   6.22 kB
public/build/assets/audit-log-KbY2a-z9.js                               14.24 kB │ gzip:   5.75 kB
public/build/assets/new-vendor-dialog-B91gwhcW.js                       14.25 kB │ gzip:   4.76 kB
public/build/assets/Terminals-DC6W2zGy.js                               14.34 kB │ gzip:   5.94 kB
public/build/assets/task-detail-dialog-D7czKFRJ.js                      14.34 kB │ gzip:   4.80 kB
public/build/assets/Statements-BSm8bMQg.js                              14.43 kB │ gzip:   5.89 kB
public/build/assets/trends-Dp4biPiT.js                                  14.43 kB │ gzip:   4.83 kB
public/build/assets/Index-D82SWRGC.js                                   14.44 kB │ gzip:   6.18 kB
public/build/assets/workflow--OD3qLVf.js                                14.45 kB │ gzip:   5.91 kB
public/build/assets/survey-CMFRevM5.js                                  14.47 kB │ gzip:   4.78 kB
public/build/assets/mar-MXi4bvPl.js                                     14.48 kB │ gzip:   3.92 kB
public/build/assets/index-8zxeH1PW.js                                   14.48 kB │ gzip:   5.39 kB
public/build/assets/Index-CVHEAjmS.js                                   14.50 kB │ gzip:   6.20 kB
public/build/assets/Create-zfFaPHxq.js                                  14.51 kB │ gzip:   5.67 kB
public/build/assets/Index-C_AlCdk9.js                                   14.53 kB │ gzip:   6.40 kB
public/build/assets/Index-CR007MD6.js                                   14.54 kB │ gzip:   6.04 kB
public/build/assets/_commercial-4ta3GL6M.js                             14.62 kB │ gzip:   5.37 kB
public/build/assets/global-m4tKe1qM.js                                  14.62 kB │ gzip:   5.53 kB
public/build/assets/_dialogs-0vdTxBUU.js                                14.63 kB │ gzip:   5.81 kB
public/build/assets/Financials-EAon2EvC.js                              14.64 kB │ gzip:   5.76 kB
public/build/assets/index-D8NecokN.js                                   14.67 kB │ gzip:   5.56 kB
public/build/assets/record-evidence-dialog-DNmkCYBx.js                  14.75 kB │ gzip:   5.97 kB
public/build/assets/_dialogs-ObbyNKoT.js                                14.75 kB │ gzip:   5.60 kB
public/build/assets/matrix-YoS0njQD.js                                  14.78 kB │ gzip:   5.92 kB
public/build/assets/show-CbLDXF3l.js                                    14.79 kB │ gzip:   5.72 kB
public/build/assets/my-tasks-Hgppetl_.js                                14.79 kB │ gzip:   5.79 kB
public/build/assets/run-DDB0pvMo.js                                     14.80 kB │ gzip:   5.47 kB
public/build/assets/index-vfXxQQ0R.js                                   14.81 kB │ gzip:   6.14 kB
public/build/assets/playback-CSHroBou.js                                14.82 kB │ gzip:   5.81 kB
public/build/assets/new-bill-dialog-BOGWs0U5.js                         14.83 kB │ gzip:   5.31 kB
public/build/assets/index-D45yg-6-.js                                   14.83 kB │ gzip:   5.79 kB
public/build/assets/Show-Bo7ge3xn.js                                    14.85 kB │ gzip:   5.87 kB
public/build/assets/Show-DXYoR0WP.js                                    14.90 kB │ gzip:   6.08 kB
public/build/assets/reports-Cw42Xi9i.js                                 14.94 kB │ gzip:   5.17 kB
public/build/assets/Index-D3uaLttS.js                                   14.99 kB │ gzip:   5.51 kB
public/build/assets/show-CxOWu3me.js                                    14.99 kB │ gzip:   5.51 kB
public/build/assets/CashFlow-BKRPCu8x.js                                15.01 kB │ gzip:   5.90 kB
public/build/assets/Create-Cyyk5Ot2.js                                  15.01 kB │ gzip:   4.94 kB
public/build/assets/index-QMvdUmX8.js                                   15.02 kB │ gzip:   6.04 kB
public/build/assets/Results-Bz8ZChMC.js                                 15.05 kB │ gzip:   6.26 kB
public/build/assets/portal-users-DWs0ZdbN.js                            15.06 kB │ gzip:   6.22 kB
public/build/assets/edit-z-23oN3R.js                                    15.11 kB │ gzip:   5.88 kB
public/build/assets/sso-groups-BaQLNA-J.js                              15.14 kB │ gzip:   5.62 kB
public/build/assets/custom-fields-BDo8siD5.js                           15.15 kB │ gzip:   6.13 kB
public/build/assets/index-sfYH_6wC.js                                   15.18 kB │ gzip:   6.21 kB
public/build/assets/command-centre-hero-CQnReaeH.js                     15.18 kB │ gzip:   6.16 kB
public/build/assets/Show-uivfry46.js                                    15.23 kB │ gzip:   6.40 kB
public/build/assets/overview-94LJogXT.js                                15.26 kB │ gzip:   5.51 kB
public/build/assets/BatchDetail-DDR9DYOo.js                             15.31 kB │ gzip:   5.90 kB
public/build/assets/create-vCD5p87R.js                                  15.34 kB │ gzip:   5.60 kB
public/build/assets/terms-CE7xs0Qg.js                                   15.36 kB │ gzip:   4.45 kB
public/build/assets/Index-DKerPvq2.js                                   15.40 kB │ gzip:   6.34 kB
public/build/assets/contact-C5sQcJCO.js                                 15.42 kB │ gzip:   4.93 kB
public/build/assets/Roles-ogGJLuhA.js                                   15.42 kB │ gzip:   4.83 kB
public/build/assets/edit-CcX9NV4W.js                                    15.42 kB │ gzip:   6.09 kB
public/build/assets/Show-yM1lX4MR.js                                    15.50 kB │ gzip:   6.01 kB
public/build/assets/Index-B5Sd935V.js                                   15.51 kB │ gzip:   6.57 kB
public/build/assets/record-event-dialog-DgfRm2a_.js                     15.54 kB │ gzip:   5.96 kB
public/build/assets/show-ClARr0v_.js                                    15.56 kB │ gzip:   5.82 kB
public/build/assets/staff-detail-BxSVeJ9I.js                            15.58 kB │ gzip:   5.92 kB
public/build/assets/bonuses-D4xRTxQS.js                                 15.58 kB │ gzip:   6.30 kB
public/build/assets/reports-B8yPBPCE.js                                 15.63 kB │ gzip:   5.96 kB
public/build/assets/shift-detail-dialog-CUQoTyTt.js                     15.63 kB │ gzip:   6.05 kB
public/build/assets/daily-note-wizard-BEqYXoU5.js                       15.63 kB │ gzip:   4.78 kB
public/build/assets/payslips-BXgVMszO.js                                15.66 kB │ gzip:   5.65 kB
public/build/assets/history-DgqT2K86.js                                 15.73 kB │ gzip:   5.82 kB
public/build/assets/profile-BS9A0iYX.js                                 15.73 kB │ gzip:   5.62 kB
public/build/assets/Index-C-aQ0Gw1.js                                   15.75 kB │ gzip:   6.33 kB
public/build/assets/Show-bT2RJ8rR.js                                    15.78 kB │ gzip:   6.34 kB
public/build/assets/webhooks-B4lCebZ2.js                                15.79 kB │ gzip:   5.40 kB
public/build/assets/BudgetVsActuals-CqqOy2wu.js                         15.79 kB │ gzip:   6.10 kB
public/build/assets/my-hr-shoutout-spotlight-CPD7HbMz.js                15.87 kB │ gzip:   5.91 kB
public/build/assets/Heatmap-CTXschks.js                                 15.90 kB │ gzip:   6.68 kB
public/build/assets/Batches-CttE1GLJ.js                                 15.91 kB │ gzip:   6.53 kB
public/build/assets/review-detail-BXHN9mMQ.js                           15.92 kB │ gzip:   6.32 kB
public/build/assets/index-DO8fjDCK.js                                   15.98 kB │ gzip:   6.63 kB
public/build/assets/maintenance-health-DpNlkx_S.js                      16.01 kB │ gzip:   6.30 kB
public/build/assets/Index-B8dUe_ss.js                                   16.02 kB │ gzip:   6.26 kB
public/build/assets/record-dose-wizard-DFOUua4N.js                      16.05 kB │ gzip:   5.37 kB
public/build/assets/audit-Cbegtp2f.js                                   16.08 kB │ gzip:   5.96 kB
public/build/assets/Index-BzVB3Mlf.js                                   16.09 kB │ gzip:   6.83 kB
public/build/assets/record-receipt-dialog-BjsikH5g.js                   16.12 kB │ gzip:   5.58 kB
public/build/assets/index-BR7YCOLx.js                                   16.17 kB │ gzip:   6.44 kB
public/build/assets/policy-wizards-D6ASyQDI.js                          16.17 kB │ gzip:   5.57 kB
public/build/assets/Index-Dz7-XvNP.js                                   16.30 kB │ gzip:   6.84 kB
public/build/assets/matrix-BOkXGuzD.js                                  16.32 kB │ gzip:   6.33 kB
public/build/assets/appearance-C9j8ylRW.js                              16.34 kB │ gzip:   5.01 kB
public/build/assets/incidents-DhWZL88o.js                               16.35 kB │ gzip:   6.04 kB
public/build/assets/risk-management-DfGaPPmE.js                         16.35 kB │ gzip:   6.26 kB
public/build/assets/record-abc-dialog-hkCl2R5Z.js                       16.39 kB │ gzip:   5.81 kB
public/build/assets/Assessments-BF4EyJ6J.js                             16.42 kB │ gzip:   6.43 kB
public/build/assets/Show-suQQUwav.js                                    16.42 kB │ gzip:   6.43 kB
public/build/assets/Index-CIteNPFZ.js                                   16.45 kB │ gzip:   6.35 kB
public/build/assets/breaches-Dam4f7b6.js                                16.45 kB │ gzip:   5.77 kB
public/build/assets/RunResults-CKhf2RpT.js                              16.47 kB │ gzip:   6.18 kB
public/build/assets/show-bj0hNlCA.js                                    16.52 kB │ gzip:   6.59 kB
public/build/assets/index-3cmb0MYz.js                                   16.55 kB │ gzip:   6.62 kB
public/build/assets/Settings-IVjii3L0.js                                16.58 kB │ gzip:   6.22 kB
public/build/assets/show-xjdtZ8qt.js                                    16.59 kB │ gzip:   5.63 kB
public/build/assets/Show-CEerGKhl.js                                    16.63 kB │ gzip:   6.53 kB
public/build/assets/notification-defaults-BXLgtSgy.js                   16.66 kB │ gzip:   5.93 kB
public/build/assets/index-Ctnu2qBc.js                                   16.69 kB │ gzip:   6.49 kB
public/build/assets/Index-BpWYhc1a.js                                   16.71 kB │ gzip:   6.63 kB
public/build/assets/boundary-wizard--Ns0uSLs.js                         16.72 kB │ gzip:   6.43 kB
public/build/assets/observations-CyKfM59M.js                            16.74 kB │ gzip:   6.20 kB
public/build/assets/location-C1kDoRfG.js                                16.77 kB │ gzip:   6.02 kB
public/build/assets/charts-SsdT0dyi.js                                  16.83 kB │ gzip:   5.56 kB
public/build/assets/Show-4zv1J14i.js                                    16.85 kB │ gzip:   6.96 kB
public/build/assets/Protocols-B1wVyKOh.js                               16.89 kB │ gzip:   6.23 kB
public/build/assets/documents-DckJZ4ec.js                               16.90 kB │ gzip:   6.66 kB
public/build/assets/note-detail-dialog-DP3ti8Zd.js                      16.91 kB │ gzip:   5.80 kB
public/build/assets/leave-BvUIDtMR.js                                   16.91 kB │ gzip:   7.07 kB
public/build/assets/Index-B-MslcU9.js                                   16.91 kB │ gzip:   6.91 kB
public/build/assets/Show-CwkcpeHg.js                                    16.92 kB │ gzip:   5.83 kB
public/build/assets/Index-BRAZbZEI.js                                   16.92 kB │ gzip:   6.95 kB
public/build/assets/api-D2-dQWRJ.js                                     16.96 kB │ gzip:   5.16 kB
public/build/assets/Index-yynQe90v.js                                   17.02 kB │ gzip:   6.66 kB
public/build/assets/cost-allocation-D50PEami.js                         17.10 kB │ gzip:   6.12 kB
public/build/assets/leaflet-map-CKZhC9yg.js                             17.11 kB │ gzip:   6.08 kB
public/build/assets/edit-RpCSbyqk.js                                    17.15 kB │ gzip:   6.33 kB
public/build/assets/family-notes-C-9Nqc1N.js                            17.15 kB │ gzip:   6.35 kB
public/build/assets/index-CQCh-_DT.js                                   17.16 kB │ gzip:   6.69 kB
public/build/assets/Index-s_dC2HY7.js                                   17.20 kB │ gzip:   6.20 kB
public/build/assets/Index-Tn4ICjl0.js                                   17.24 kB │ gzip:   7.09 kB
public/build/assets/create-WBoj_7St.js                                  17.24 kB │ gzip:   6.02 kB
public/build/assets/leave-hub-tabs-CLHUEwJC.js                          17.30 kB │ gzip:   5.81 kB
public/build/assets/_dialogs-BGF6cLoV.js                                17.31 kB │ gzip:   6.48 kB
public/build/assets/worklists-n_5m4fpn.js                               17.31 kB │ gzip:   5.86 kB
public/build/assets/maintenance-D-kazS2Z.js                             17.33 kB │ gzip:   6.48 kB
public/build/assets/Index-K6KFiNcu.js                                   17.38 kB │ gzip:   7.24 kB
public/build/assets/week-picker-DHF8Fym4.js                             17.40 kB │ gzip:   6.73 kB
public/build/assets/view-timesheet-dialog-CuyGd8vE.js                   17.49 kB │ gzip:   4.84 kB
public/build/assets/handover-detail-dialog-ajiohIrz.js                  17.50 kB │ gzip:   5.94 kB
public/build/assets/fleet-calendar-BeiQvVCc.js                          17.59 kB │ gzip:   6.95 kB
public/build/assets/_overview-dialogs-C8va-nRZ.js                       17.65 kB │ gzip:   5.35 kB
public/build/assets/Index-6JNEB68c.js                                   17.66 kB │ gzip:   7.49 kB
public/build/assets/index-BRS-vKhq.js                                   17.66 kB │ gzip:   6.73 kB
public/build/assets/index-CFViCNku.js                                   17.67 kB │ gzip:   5.94 kB
public/build/assets/show-JHpAmbbr.js                                    17.74 kB │ gzip:   4.44 kB
public/build/assets/edit-CR7Pt9jQ.js                                    17.90 kB │ gzip:   6.46 kB
public/build/assets/substance-wizard-dialog-DNaRFQxR.js                 17.90 kB │ gzip:   6.30 kB
public/build/assets/index-DU2HicHA.js                                   17.93 kB │ gzip:   6.92 kB
public/build/assets/show-CAXPAJnc.js                                    17.94 kB │ gzip:   6.40 kB
public/build/assets/Index-BfKiau2A.js                                   18.01 kB │ gzip:   7.34 kB
public/build/assets/security-B8Nwu2IG.js                                18.02 kB │ gzip:   6.22 kB
public/build/assets/reports-CXvKRzGN.js                                 18.04 kB │ gzip:   6.33 kB
public/build/assets/Show-DdR3eGBK.js                                    18.05 kB │ gzip:   6.08 kB
public/build/assets/Index-BXY7gNq6.js                                   18.05 kB │ gzip:   7.30 kB
public/build/assets/show-slLihRnH.js                                    18.05 kB │ gzip:   6.63 kB
public/build/assets/show-Bikwbff7.js                                    18.07 kB │ gzip:   6.57 kB
public/build/assets/index-Btv0s268.js                                   18.07 kB │ gzip:   2.18 kB
public/build/assets/index-DKokc2Zj.js                                   18.07 kB │ gzip:   4.73 kB
public/build/assets/health-clinical-shell-KmU2UAzc.js                   18.10 kB │ gzip:   7.17 kB
public/build/assets/shift-coverage-B_gzIuOE.js                          18.17 kB │ gzip:   6.42 kB
public/build/assets/daily-notes-BF-hSJzN.js                             18.21 kB │ gzip:   6.71 kB
public/build/assets/Show-BuYt5rFa.js                                    18.23 kB │ gzip:   7.00 kB
public/build/assets/_dialogs-DaL5DIqi.js                                18.24 kB │ gzip:   6.68 kB
public/build/assets/Show-CEfLHOfj.js                                    18.24 kB │ gzip:   7.34 kB
public/build/assets/payslip-detail-DH2QtJIz.js                          18.28 kB │ gzip:   6.09 kB
public/build/assets/dashboard-DN7ER2wQ.js                               18.28 kB │ gzip:   6.94 kB
public/build/assets/Edit-BzkT_--P.js                                    18.29 kB │ gzip:   6.98 kB
public/build/assets/operational-map-C5WoouiY.js                         18.30 kB │ gzip:   6.19 kB
public/build/assets/book-vehicle-wizard-hP2cp8m8.js                     18.31 kB │ gzip:   5.54 kB
public/build/assets/Show-Cv-NkMIj.js                                    18.40 kB │ gzip:   7.15 kB
public/build/assets/announcement-wizard-Bl6Bcj4J.js                     18.46 kB │ gzip:   6.36 kB
public/build/assets/Show-BSNUM-gL.js                                    18.48 kB │ gzip:   7.40 kB
public/build/assets/index-BWRpfbft.js                                   18.55 kB │ gzip:   6.55 kB
public/build/assets/schedule-DtS-4L-d.js                                18.65 kB │ gzip:   6.38 kB
public/build/assets/directory-D4YK4yqx.js                               18.65 kB │ gzip:   6.30 kB
public/build/assets/create-wizard-tqJ4e4-v.js                           18.69 kB │ gzip:   6.51 kB
public/build/assets/index-BmiRrt-5.js                                   18.74 kB │ gzip:   7.24 kB
public/build/assets/show-hg3_ZIMO.js                                    18.78 kB │ gzip:   6.83 kB
public/build/assets/ppe-detail-dialog-dl6uRBtm.js                       18.80 kB │ gzip:   6.40 kB
public/build/assets/chains-0OItPhag.js                                  18.82 kB │ gzip:   6.62 kB
public/build/assets/show-review-C8a5R09T.js                             18.89 kB │ gzip:   6.82 kB
public/build/assets/_recipes-panel-BoL_T1PI.js                          18.90 kB │ gzip:   6.01 kB
public/build/assets/audit-logs-rMD-jDmw.js                              18.96 kB │ gzip:   7.16 kB
public/build/assets/_dialogs-CfpGLNo6.js                                19.07 kB │ gzip:   6.16 kB
public/build/assets/goals-BRiAvZqR.js                                   19.26 kB │ gzip:   6.68 kB
public/build/assets/integrations-gDGalJxV.js                            19.28 kB │ gzip:   6.67 kB
public/build/assets/show-C1Lx7AGs.js                                    19.30 kB │ gzip:   7.11 kB
public/build/assets/edit-C2ofMk2e.js                                    19.34 kB │ gzip:   6.89 kB
public/build/assets/two-factor-BuDxWD4C.js                              19.37 kB │ gzip:   7.19 kB
public/build/assets/index-ChB8AfTH.js                                   19.39 kB │ gzip:   6.64 kB
public/build/assets/_dialogs-DHW7KEyN.js                                19.43 kB │ gzip:   7.20 kB
public/build/assets/_templates-panel-BfnvyEKB.js                        19.54 kB │ gzip:   6.00 kB
public/build/assets/escalations-DSgjwTjC.js                             19.54 kB │ gzip:   8.13 kB
public/build/assets/calendar-sync-lBdkNi0t.js                           19.57 kB │ gzip:   7.40 kB
public/build/assets/index-BiV3CH3_.js                                   19.59 kB │ gzip:   7.46 kB
public/build/assets/Shifts-D86ZBAUx.js                                  19.59 kB │ gzip:   7.12 kB
public/build/assets/show-9KS5KjQu.js                                    19.66 kB │ gzip:   6.78 kB
public/build/assets/training-Ciy9fbvK.js                                19.67 kB │ gzip:   6.51 kB
public/build/assets/Index-DSNRgfql.js                                   19.71 kB │ gzip:   8.21 kB
public/build/assets/show-BnN3ikbz.js                                    19.72 kB │ gzip:   7.44 kB
public/build/assets/labels-D6BTBrpy.js                                  19.78 kB │ gzip:   7.69 kB
public/build/assets/Behaviour-R2vZoTyG.js                               19.84 kB │ gzip:   6.95 kB
public/build/assets/Show-BRNQQjEk.js                                    19.86 kB │ gzip:   7.81 kB
public/build/assets/Show-aQsH9Afd.js                                    19.93 kB │ gzip:   7.67 kB
public/build/assets/index-KVATOcPW.js                                   19.95 kB │ gzip:   7.75 kB
public/build/assets/_dialogs-BAk6Z1uu.js                                19.97 kB │ gzip:   7.02 kB
public/build/assets/features-CTHPg_Fg.js                                19.98 kB │ gzip:   5.23 kB
public/build/assets/Show-BLP7iC6d.js                                    20.03 kB │ gzip:   7.72 kB
public/build/assets/index-Cr5lWP7m.js                                   20.04 kB │ gzip:   7.41 kB
public/build/assets/edit-vSVU9MH4.js                                    20.24 kB │ gzip:   7.52 kB
public/build/assets/broadcast-BzRDc2jN.js                               20.31 kB │ gzip:   7.81 kB
public/build/assets/dashboard-CrZiIIXJ.js                               20.33 kB │ gzip:   7.52 kB
public/build/assets/index-BnD5yVNq.js                                   20.33 kB │ gzip:   7.33 kB
public/build/assets/index-9aRaS5qK.js                                   20.35 kB │ gzip:   7.06 kB
public/build/assets/stats-C1Q742a0.js                                   20.37 kB │ gzip:   6.49 kB
public/build/assets/fixed-asset-dispose-dialog-Mtxxn5Xl.js              20.44 kB │ gzip:   6.68 kB
public/build/assets/note-wizard-CdycUGfW.js                             20.54 kB │ gzip:   6.59 kB
public/build/assets/show-2zEKN2n6.js                                    20.55 kB │ gzip:   7.56 kB
public/build/assets/fleet-map-eGkjGfQy.js                               20.58 kB │ gzip:   7.16 kB
public/build/assets/_library-dialogs-BkmMKHmC.js                        20.59 kB │ gzip:   5.61 kB
public/build/assets/medications-DFminp8E.js                             20.64 kB │ gzip:   7.22 kB
public/build/assets/shifts-AKyisnX3.js                                  20.66 kB │ gzip:   6.78 kB
public/build/assets/_error-dialogs-BfUq7kBy.js                          20.68 kB │ gzip:   7.30 kB
public/build/assets/stocktake-modal-BEwS5EVX.js                         20.78 kB │ gzip:   6.96 kB
public/build/assets/calendar-W8VhSztO.js                                20.80 kB │ gzip:   6.78 kB
public/build/assets/history-C8w4FcoJ.js                                 20.82 kB │ gzip:   7.17 kB
public/build/assets/shift-notes-dialog-0fNnoSlQ.js                      20.84 kB │ gzip:   7.80 kB
public/build/assets/record-observation-dialog-CvmV4BO4.js               20.96 kB │ gzip:   8.11 kB
public/build/assets/Index-BfnHfBGQ.js                                   20.99 kB │ gzip:   8.68 kB
public/build/assets/show-CoT41753.js                                    21.00 kB │ gzip:   7.12 kB
public/build/assets/index-ByOgxpdD.js                                   21.05 kB │ gzip:   8.60 kB
public/build/assets/index-4Fp72_9e.js                                   21.06 kB │ gzip:   8.35 kB
public/build/assets/create-2jaPT0eW.js                                  21.06 kB │ gzip:   6.06 kB
public/build/assets/add-device-dialog-z5L9QmdM.js                       21.12 kB │ gzip:   7.34 kB
public/build/assets/index-DH8DCUdI.js                                   21.14 kB │ gzip:   7.69 kB
public/build/assets/map-C89ZZBEc.js                                     21.15 kB │ gzip:   6.62 kB
public/build/assets/balances-ClEn1Tw4.js                                21.16 kB │ gzip:   8.49 kB
public/build/assets/Show-CY-jayT1.js                                    21.23 kB │ gzip:   8.07 kB
public/build/assets/create-JoakGIkt.js                                  21.25 kB │ gzip:   7.14 kB
public/build/assets/show-CFEuG5cC.js                                    21.35 kB │ gzip:   7.51 kB
public/build/assets/show-D9x5pv72.js                                    21.39 kB │ gzip:   7.78 kB
public/build/assets/_dialogs-D20U-7IU.js                                21.64 kB │ gzip:   7.66 kB
public/build/assets/index-Boaet3Av.js                                   21.64 kB │ gzip:   7.37 kB
public/build/assets/parts-Dlzc5h53.js                                   21.65 kB │ gzip:   6.76 kB
public/build/assets/Events-MSRbBXbd.js                                  21.74 kB │ gzip:   7.99 kB
public/build/assets/Index-X7gzDaDL.js                                   21.76 kB │ gzip:   8.35 kB
public/build/assets/performance-wizards-i_PkHW9z.js                     21.79 kB │ gzip:   7.44 kB
public/build/assets/review-builder-dialog-BAmT_kMx.js                   21.89 kB │ gzip:   7.70 kB
public/build/assets/index-C2B6FhAl.js                                   21.92 kB │ gzip:   8.03 kB
public/build/assets/create-C9ZexBjI.js                                  21.93 kB │ gzip:   8.72 kB
public/build/assets/calendar-dI3MjRK-.js                                21.93 kB │ gzip:   6.85 kB
public/build/assets/edit-Bzn0tzz2.js                                    21.97 kB │ gzip:   7.36 kB
public/build/assets/Index-EP1g-4Sd.js                                   22.02 kB │ gzip:   8.46 kB
public/build/assets/ppe-create-wizards-BjJUFm0P.js                      22.05 kB │ gzip:   7.38 kB
public/build/assets/incidents-LpMOGfbg.js                               22.23 kB │ gzip:   8.35 kB
public/build/assets/home-zxDE9GfD.js                                    22.25 kB │ gzip:   5.38 kB
public/build/assets/create-hP3TBnhp.js                                  22.27 kB │ gzip:   7.43 kB
public/build/assets/show-CQmCdzwb.js                                    22.48 kB │ gzip:   7.40 kB
public/build/assets/leave-request-dialog-C7M_NT7y.js                    22.51 kB │ gzip:   7.53 kB
public/build/assets/Index-79Is59ac.js                                   22.63 kB │ gzip:   8.52 kB
public/build/assets/payslips-CM0ybwL0.js                                22.64 kB │ gzip:   6.74 kB
public/build/assets/_dialogs-DwFYEFm9.js                                22.81 kB │ gzip:   8.46 kB
public/build/assets/incidents-BBAnp8t0.js                               22.91 kB │ gzip:   8.52 kB
public/build/assets/personal-details-DKw1aYtO.js                        22.99 kB │ gzip:   7.96 kB
public/build/assets/Show-BTP4leKU.js                                    23.06 kB │ gzip:   8.57 kB
public/build/assets/notifications-wA_V0bAq.js                           23.16 kB │ gzip:   8.29 kB
public/build/assets/Show-BQ8u2S6z.js                                    23.17 kB │ gzip:   7.93 kB
public/build/assets/_competency-dialogs-DBOS0fPf.js                     23.20 kB │ gzip:   7.76 kB
public/build/assets/resident-sidebar-BquFY79Q.js                        23.21 kB │ gzip:   8.32 kB
public/build/assets/Index-Cw3QsTwy.js                                   23.33 kB │ gzip:   7.74 kB
public/build/assets/index-DBr1Jdr2.js                                   23.35 kB │ gzip:   8.08 kB
public/build/assets/Show-D4jJEls2.js                                    23.42 kB │ gzip:   8.59 kB
public/build/assets/unifi-ZpzrdGqR.js                                   23.46 kB │ gzip:   7.13 kB
public/build/assets/create-wizard-qrc7g8HD.js                           23.48 kB │ gzip:   8.17 kB
public/build/assets/show-RXWNdwMn.js                                    23.49 kB │ gzip:   7.65 kB
public/build/assets/Show-CJznh5md.js                                    23.53 kB │ gzip:   8.98 kB
public/build/assets/booking-wizard-DXoRG1hs.js                          23.70 kB │ gzip:   7.90 kB
public/build/assets/Index-Bkt_f2Mt.js                                   23.78 kB │ gzip:   9.22 kB
public/build/assets/index-c_mfHwvp.js                                   23.79 kB │ gzip:   8.86 kB
public/build/assets/_dialogs-hgwmkTit.js                                23.99 kB │ gzip:   8.97 kB
public/build/assets/one-iTHQNlNw.js                                     23.99 kB │ gzip:   8.28 kB
public/build/assets/analytics-charts-BLkH6UOS.js                        24.03 kB │ gzip:   6.47 kB
public/build/assets/Index-BhKq-dWi.js                                   24.22 kB │ gzip:   8.53 kB
public/build/assets/page-hero-PsjmhLql.js                               24.23 kB │ gzip:   7.29 kB
public/build/assets/Create-D3grs3WT.js                                  24.27 kB │ gzip:   7.94 kB
public/build/assets/ResolutionResultCard-CcItRaBa.js                    24.31 kB │ gzip:   8.93 kB
public/build/assets/mar-governance-dialogs-BpCHB5ak.js                  24.32 kB │ gzip:   7.56 kB
public/build/assets/restraint-event-wizard-Cw1nyEQZ.js                  24.76 kB │ gzip:   8.04 kB
public/build/assets/automations-CzodnDUx.js                             24.78 kB │ gzip:   7.60 kB
public/build/assets/Show-K72m-6yJ.js                                    24.80 kB │ gzip:  10.00 kB
public/build/assets/governance-labels-CJgR2U5s.js                       24.81 kB │ gzip:   8.17 kB
public/build/assets/Show-Dhhm16-g.js                                    24.95 kB │ gzip:   8.75 kB
public/build/assets/Show-BYP1T6C_.js                                    25.04 kB │ gzip:   9.64 kB
public/build/assets/_review-dialogs-Dg0tJUJV.js                         25.05 kB │ gzip:   7.97 kB
public/build/assets/Reconcile-CaQnIv_5.js                               25.07 kB │ gzip:   8.88 kB
public/build/assets/index-D1kkwliG.js                                   25.10 kB │ gzip:   8.19 kB
public/build/assets/objective-wizard-Blqy1USM.js                        25.18 kB │ gzip:   7.13 kB
public/build/assets/Medications-BurDkiBP.js                             25.28 kB │ gzip:   9.18 kB
public/build/assets/Index-6vsQOXfn.js                                   25.46 kB │ gzip:   7.88 kB
public/build/assets/Show-DPtGKcE7.js                                    25.46 kB │ gzip:   9.76 kB
public/build/assets/sso-B3ODkTNh.js                                     25.56 kB │ gzip:   7.97 kB
public/build/assets/index-CtHb11b5.js                                   25.56 kB │ gzip:   9.66 kB
public/build/assets/index-1pVq0qvZ.js                                   25.56 kB │ gzip:   8.90 kB
public/build/assets/it-mailbox-C_RT4khm.js                              25.67 kB │ gzip:   8.72 kB
public/build/assets/show-CeMK3a88.js                                    25.80 kB │ gzip:   8.11 kB
public/build/assets/milesight-z6xD03AD.js                               25.92 kB │ gzip:   8.51 kB
public/build/assets/create-offer-OHbFF1Hg.js                            25.96 kB │ gzip:   8.83 kB
public/build/assets/dashboard-Ctf6dBwj.js                               26.09 kB │ gzip:   8.06 kB
public/build/assets/vendor-utils-Dr6D9L7d.js                            26.13 kB │ gzip:   8.47 kB
public/build/assets/Index-B3n47NGD.js                                   26.20 kB │ gzip:   9.74 kB
public/build/assets/record-assessment-dialog-C6WMFTgd.js                26.21 kB │ gzip:   9.52 kB
public/build/assets/documents-wizards-CSVeUj-d.js                       26.26 kB │ gzip:   9.26 kB
public/build/assets/_dialogs-D6nCWRET.js                                26.35 kB │ gzip:   8.34 kB
public/build/assets/show-MpYHc6ks.js                                    26.38 kB │ gzip:   8.96 kB
public/build/assets/transport-medication-dialogs-CPpAitvu.js            26.38 kB │ gzip:   6.09 kB
public/build/assets/index-BQNSNnEl.js                                   26.39 kB │ gzip:   9.01 kB
public/build/assets/show-CyuMRvtu.js                                    26.56 kB │ gzip:   7.66 kB
public/build/assets/Handovers-CC3AWbbu.js                               26.72 kB │ gzip:  10.42 kB
public/build/assets/_workspace-dialogs-K3D7n4RI.js                      26.83 kB │ gzip:   8.78 kB
public/build/assets/create-wMn7ULLl.js                                  26.91 kB │ gzip:   7.54 kB
public/build/assets/index-NoDBJBnq.js                                   27.04 kB │ gzip:   9.56 kB
public/build/assets/index-CRi6h_AK.js                                   27.15 kB │ gzip:   9.67 kB
public/build/assets/show-DdspuEKG.js                                    27.19 kB │ gzip:   9.05 kB
public/build/assets/index-BAl_g0Xp.js                                   27.35 kB │ gzip:   9.47 kB
public/build/assets/SelfAdmin-BuzPap2D.js                               27.46 kB │ gzip:   9.10 kB
public/build/assets/provisioning-command-dialog-CdkFRcSk.js             27.65 kB │ gzip:  10.76 kB
public/build/assets/care-support-plan-yJV2T4Y0.js                       27.67 kB │ gzip:   9.14 kB
public/build/assets/show-1y2raQux.js                                    27.69 kB │ gzip:   9.78 kB
public/build/assets/Index-CoWH4acS.js                                   27.76 kB │ gzip:  10.42 kB
public/build/assets/index-ClB3QNrx.js                                   27.84 kB │ gzip:   9.77 kB
public/build/assets/index-kkArq9wu.js                                   27.85 kB │ gzip:   9.33 kB
public/build/assets/edit-CJCx-SNg.js                                    27.95 kB │ gzip:   9.31 kB
public/build/assets/smart-monitoring-Bct6LYEG.js                        28.05 kB │ gzip:   6.49 kB
public/build/assets/Index-BiGpDLmW.js                                   28.12 kB │ gzip:  10.42 kB
public/build/assets/index-D3cmljnB.js                                   28.28 kB │ gzip:   9.19 kB
public/build/assets/show-Dzp621kj.js                                    28.45 kB │ gzip:   9.97 kB
public/build/assets/index-YkdZkiO9.js                                   28.55 kB │ gzip:   9.18 kB
public/build/assets/show-BFoNIfvm.js                                    28.76 kB │ gzip:   8.54 kB
public/build/assets/show-DIWay4SI.js                                    28.77 kB │ gzip:  10.31 kB
public/build/assets/index-Y1tcc2BM.js                                   28.80 kB │ gzip:   8.65 kB
public/build/assets/_self-admin-dialogs-CazItj0K.js                     28.81 kB │ gzip:   9.50 kB
public/build/assets/Show-BCsxvF_E.js                                    29.05 kB │ gzip:   9.12 kB
public/build/assets/Create-eFH8-h0d.js                                  29.11 kB │ gzip:  10.16 kB
public/build/assets/guided-round-dialog-B7MyKhUr.js                     29.15 kB │ gzip:   9.61 kB
public/build/assets/templates-glLrCT0-.js                               29.66 kB │ gzip:  10.54 kB
public/build/assets/documents-C1y935UB.js                               29.70 kB │ gzip:   9.22 kB
public/build/assets/_dialogs-B3tUP6sX.js                                30.04 kB │ gzip:  10.02 kB
public/build/assets/run-modal-YYEkDXG8.js                               30.05 kB │ gzip:  10.26 kB
public/build/assets/page-header-DJVRTAv6.js                             30.19 kB │ gzip:   9.20 kB
public/build/assets/asset-wizard-dialog-DD-mpGXk.js                     30.20 kB │ gzip:  10.29 kB
public/build/assets/procedure-detail-dialog-C7I8w7pe.js                 30.20 kB │ gzip:   9.63 kB
public/build/assets/index-B5a7Oo0x.js                                   30.22 kB │ gzip:   9.92 kB
public/build/assets/show-wENpFnFk.js                                    30.32 kB │ gzip:   9.82 kB
public/build/assets/_dialogs-qJNZN9ps.js                                30.39 kB │ gzip:   9.19 kB
public/build/assets/_dialogs-CftDBaON.js                                30.56 kB │ gzip:  10.93 kB
public/build/assets/Show-Cq4HAanI.js                                    30.59 kB │ gzip:  11.02 kB
public/build/assets/Competency-SMvluIQF.js                              30.60 kB │ gzip:  10.29 kB
public/build/assets/MedicationErrors-CY68Xh3p.js                        30.86 kB │ gzip:  11.21 kB
public/build/assets/_hero-Bz3DcDl4.js                                   30.97 kB │ gzip:   9.78 kB
public/build/assets/access-DRlWpdYh.js                                  31.13 kB │ gzip:  10.22 kB
public/build/assets/_shopping-list-panel-CoqOeZTW.js                    31.35 kB │ gzip:  11.01 kB
public/build/assets/index-6kgZxyhj.js                                   31.39 kB │ gzip:  10.75 kB
public/build/assets/Reviews-DcMKStRD.js                                 31.77 kB │ gzip:  10.45 kB
public/build/assets/_dialogs-DKjGxWHz.js                                31.87 kB │ gzip:   9.50 kB
public/build/assets/_stock-dialogs-BQLDCpEJ.js                          31.91 kB │ gzip:   9.54 kB
public/build/assets/notification-escalations-7WSP3Wli.js                32.17 kB │ gzip:  10.03 kB
public/build/assets/email-settings-D1VvEpNk.js                          32.26 kB │ gzip:  10.33 kB
public/build/assets/access-Bz2SD0Xh.js                                  32.58 kB │ gzip:  11.61 kB
public/build/assets/index-Sx1CfHFT.js                                   32.94 kB │ gzip:  11.95 kB
public/build/assets/_dialogs-Be2VuL_G.js                                33.24 kB │ gzip:  10.69 kB
public/build/assets/Show-Dsg5YNvz.js                                    33.29 kB │ gzip:  11.66 kB
public/build/assets/Show-rsxZnedP.js                                    33.61 kB │ gzip:  11.75 kB
public/build/assets/index-DXDfkwYB.js                                   33.63 kB │ gzip:  11.58 kB
public/build/assets/index-CuEPmxNc.js                                   34.03 kB │ gzip:  11.63 kB
public/build/assets/index-CNCZZvPm.js                                   34.40 kB │ gzip:  12.25 kB
public/build/assets/show-BjetNn0F.js                                    34.81 kB │ gzip:  10.67 kB
public/build/assets/Destructions-ClVCQrp2.js                            34.81 kB │ gzip:  12.44 kB
public/build/assets/medical-DTcrUXLO.js                                 34.88 kB │ gzip:   7.88 kB
public/build/assets/_prescription-dialogs-CsauErgj.js                   35.13 kB │ gzip:   9.94 kB
public/build/assets/index-Y-jPObxd.js                                   35.17 kB │ gzip:  11.92 kB
public/build/assets/Index-oran1pOY.js                                   35.27 kB │ gzip:  11.56 kB
public/build/assets/_cd-dialogs-BfnZpAAt.js                             35.36 kB │ gzip:   9.45 kB
public/build/assets/documents-BeYgShpc.js                               35.53 kB │ gzip:  11.43 kB
public/build/assets/index-C9LSSKJF.js                                   35.84 kB │ gzip:  12.42 kB
public/build/assets/index-BI7fV-GK.js                                   36.57 kB │ gzip:  11.77 kB
public/build/assets/messages-V5VweksJ.js                                36.62 kB │ gzip:  11.87 kB
public/build/assets/reviews-DoZY8ZBg.js                                 36.78 kB │ gzip:  11.57 kB
public/build/assets/index-CQjcBoie.js                                   37.15 kB │ gzip:  13.95 kB
public/build/assets/handover-4mkDge1l.js                                37.36 kB │ gzip:  11.83 kB
public/build/assets/Create-D8OJx1mR.js                                  37.37 kB │ gzip:  12.11 kB
public/build/assets/index-BHliQtxF.js                                   37.71 kB │ gzip:  11.77 kB
public/build/assets/_inspector-BjUFPSLC.js                              37.97 kB │ gzip:  11.55 kB
public/build/assets/documents-mcMcAtFO.js                               38.02 kB │ gzip:  12.58 kB
public/build/assets/Dashboard-CXrrYNlx.js                               38.05 kB │ gzip:  14.30 kB
public/build/assets/index-Ciivb_-O.js                                   38.12 kB │ gzip:  14.57 kB
public/build/assets/Show-wIu6jFCB.js                                    38.14 kB │ gzip:  14.44 kB
public/build/assets/global-Ckgg39Fk.js                                  38.42 kB │ gzip:  12.88 kB
public/build/assets/hazard-register-DDTSU_FO.js                         38.49 kB │ gzip:  12.71 kB
public/build/assets/Reports-D7L1VefV.js                                 38.57 kB │ gzip:  12.93 kB
public/build/assets/Show-GDQADKjA.js                                    39.48 kB │ gzip:  11.40 kB
public/build/assets/index-D31RS0cV.js                                   39.52 kB │ gzip:  13.04 kB
public/build/assets/index-PT-XGNrm.js                                   40.00 kB │ gzip:  13.09 kB
public/build/assets/index-B-fZ4Bh7.js                                   40.28 kB │ gzip:  12.95 kB
public/build/assets/index-CDO1spzv.js                                   40.36 kB │ gzip:  13.82 kB
public/build/assets/case-wizards-7qFetktY.js                            40.74 kB │ gzip:  11.63 kB
public/build/assets/compliance-wizards-DKYUkxUY.js                      40.85 kB │ gzip:  12.73 kB
public/build/assets/index-C_7ug36I.js                                   40.91 kB │ gzip:  14.72 kB
public/build/assets/index-BvRYEWaB.js                                   40.95 kB │ gzip:  13.37 kB
public/build/assets/index-j5jJVhK3.js                                   41.31 kB │ gzip:  14.37 kB
public/build/assets/_dialogs-SAJ974Mm.js                                41.37 kB │ gzip:  12.04 kB
public/build/assets/index-CrDavdQq.js                                   41.52 kB │ gzip:  14.12 kB
public/build/assets/bands-DeQAU6C_.js                                   41.59 kB │ gzip:  14.33 kB
public/build/assets/Edit-DBc6YkTJ.js                                    41.82 kB │ gzip:  13.34 kB
public/build/assets/profile-Cvi8poFk.js                                 41.94 kB │ gzip:  14.15 kB
public/build/assets/index-Y7PgSA81.js                                   41.96 kB │ gzip:  15.14 kB
public/build/assets/discovery-IOE5ztBa.js                               42.55 kB │ gzip:  12.96 kB
public/build/assets/app-layout-DNpoVE_p.js                              42.69 kB │ gzip:  13.34 kB
public/build/assets/index-DzLI3zlo.js                                   42.75 kB │ gzip:  13.78 kB
public/build/assets/sso-config-DsYldDba.js                              42.78 kB │ gzip:  13.91 kB
public/build/assets/handover-wizard-Bp7nuPsy.js                         43.04 kB │ gzip:  13.62 kB
public/build/assets/core.esm-D5j4X1h1.js                                43.17 kB │ gzip:  14.39 kB
public/build/assets/service-contexts-DSqw6aiC.js                        43.72 kB │ gzip:  13.99 kB
public/build/assets/_dialogs-DYZb0MKo.js                                43.77 kB │ gzip:  14.04 kB
public/build/assets/StockManagement-C_Iws_qF.js                         43.86 kB │ gzip:  13.10 kB
public/build/assets/show-CBim9yXk.js                                    44.23 kB │ gzip:  14.93 kB
public/build/assets/Dashboard-Do_mV39G.js                               44.24 kB │ gzip:  10.84 kB
public/build/assets/show-CO7BmSkW.js                                    44.24 kB │ gzip:  14.94 kB
public/build/assets/Index-Ckq8k1c9.js                                   44.25 kB │ gzip:  15.20 kB
public/build/assets/_canvas-CN8yTk_h.js                                 44.48 kB │ gzip:  12.88 kB
public/build/assets/branding-BiBP6jk7.js                                44.78 kB │ gzip:  13.98 kB
public/build/assets/asset-wizards-hBWqDenc.js                           45.18 kB │ gzip:  13.10 kB
public/build/assets/AuditLog-CJuXYGZO.js                                45.29 kB │ gzip:  15.26 kB
public/build/assets/index-DCvJKPxD.js                                   45.57 kB │ gzip:  12.98 kB
public/build/assets/MarCharts-DUCqN7Pj.js                               45.68 kB │ gzip:  15.80 kB
public/build/assets/Prescriptions-BY9uXsRZ.js                           46.34 kB │ gzip:  14.06 kB
public/build/assets/transport-BfGHUEK9.js                               46.95 kB │ gzip:  15.84 kB
public/build/assets/incident-detail-dialog-DX4aMQNT.js                  47.33 kB │ gzip:  14.30 kB
public/build/assets/drill-detail-dialog-B6oSXfi1.js                     47.88 kB │ gzip:  13.51 kB
public/build/assets/Rounds-CfRgXBe9.js                                  48.24 kB │ gzip:  15.15 kB
public/build/assets/incident-report-dialog-Bfc4CTSF.js                  48.28 kB │ gzip:  15.87 kB
public/build/assets/dashboard-BnmL_PSc.js                               48.39 kB │ gzip:  16.04 kB
public/build/assets/_dialogs-Br-Gfh0E.js                                48.54 kB │ gzip:  14.35 kB
public/build/assets/index-bU0f7pvE.js                                   48.90 kB │ gzip:  15.62 kB
public/build/assets/create-shift-dialog-GcYPDZjQ.js                     49.10 kB │ gzip:  14.23 kB
public/build/assets/index-BPy5UoQw.js                                   49.29 kB │ gzip:  15.17 kB
public/build/assets/_wizard-MJbZa8ql.js                                 49.42 kB │ gzip:  15.34 kB
public/build/assets/welcome-BjU6C8JG.js                                 50.21 kB │ gzip:   9.57 kB
public/build/assets/index-CHSY_7oE.js                                   51.07 kB │ gzip:  16.05 kB
public/build/assets/index-B_8fHp1E.js                                   51.81 kB │ gzip:  15.95 kB
public/build/assets/family-dashboard-Dz6OBfLW.js                        51.96 kB │ gzip:  15.11 kB
public/build/assets/ra-wizard-dialog-CdWB1bs9.js                        51.97 kB │ gzip:  16.28 kB
public/build/assets/show-CzCDBzm8.js                                    52.12 kB │ gzip:  17.73 kB
public/build/assets/hazard-detail-dialog-DhVL7WBD.js                    52.62 kB │ gzip:  15.17 kB
public/build/assets/index-DnRHz7XH.js                                   52.88 kB │ gzip:  16.02 kB
public/build/assets/settings-BQ-q4v3o.js                                53.33 kB │ gzip:  15.54 kB
public/build/assets/workspace-khCFIv78.js                               54.55 kB │ gzip:  19.28 kB
public/build/assets/index-KaHQPCKA.js                                   56.45 kB │ gzip:  19.10 kB
public/build/assets/Show-BU_hALVC.js                                    57.39 kB │ gzip:  17.33 kB
public/build/assets/CockpitLayout-DHMDOO5j.js                           57.41 kB │ gzip:  17.88 kB
public/build/assets/device-profile-sections-BBqh16qF.js                 58.15 kB │ gzip:  16.93 kB
public/build/assets/dashboard-DkYjR5hY.js                               58.74 kB │ gzip:  16.95 kB
public/build/assets/show-DMznP_C5.js                                    58.82 kB │ gzip:  20.07 kB
public/build/assets/my-hr-shell-C75OMw2-.js                             59.82 kB │ gzip:  18.81 kB
public/build/assets/Index-BpMb-LzD.js                                   59.94 kB │ gzip:  19.13 kB
public/build/assets/medical-Bv5XPIvh.js                                 60.22 kB │ gzip:  12.06 kB
public/build/assets/PrnRecords-BBxb0i0s.js                              60.73 kB │ gzip:  18.65 kB
public/build/assets/conflicts-VlX2WhzM.js                               61.21 kB │ gzip:  19.78 kB
public/build/assets/Show-B_qrX3ZN.js                                    62.50 kB │ gzip:  21.41 kB
public/build/assets/_parts-DIboUhb5.js                                  62.84 kB │ gzip:  20.37 kB
public/build/assets/settings-C-BVAro3.js                                63.31 kB │ gzip:  17.22 kB
public/build/assets/index-13jSNlzs.js                                   64.27 kB │ gzip:  19.32 kB
public/build/assets/dashboard-CJrfSVx0.js                               64.46 kB │ gzip:  20.35 kB
public/build/assets/data-BthZssum.js                                    64.62 kB │ gzip:  13.98 kB
public/build/assets/monitoring-CzN-1lwY.js                              65.77 kB │ gzip:  19.54 kB
public/build/assets/ControlledDrugs-DVehkLwg.js                         65.82 kB │ gzip:  20.42 kB
public/build/assets/catalog-D8Ob9mN9.js                                 66.75 kB │ gzip:  17.72 kB
public/build/assets/Show-Cttr3oKF.js                                    67.29 kB │ gzip:  19.33 kB
public/build/assets/show-BZC5croR.js                                    67.76 kB │ gzip:  15.08 kB
public/build/assets/show-CullnSpA.js                                    68.56 kB │ gzip:  20.30 kB
public/build/assets/index-baSNnIne.js                                   69.05 kB │ gzip:  21.43 kB
public/build/assets/index-B8nPSmbI.js                                   69.35 kB │ gzip:  21.85 kB
public/build/assets/analytics-B8gZ_FtG.js                               70.61 kB │ gzip:  23.91 kB
public/build/assets/SiteCalendar-C-vn7D6q.js                            71.79 kB │ gzip:  22.73 kB
public/build/assets/concern-dialog-BF5-5YqM.js                          72.32 kB │ gzip:  20.08 kB
public/build/assets/legacy-profile-sections-BIVqv1tz.js                 72.99 kB │ gzip:  19.50 kB
public/build/assets/show-D7uiKg4m.js                                    74.28 kB │ gzip:  23.08 kB
public/build/assets/show-j6K6nP3V.js                                    75.70 kB │ gzip:  23.62 kB
public/build/assets/index-9B3Z1K8f.js                                   77.40 kB │ gzip:  22.54 kB
public/build/assets/_calendar-grid-JmdzniMv.js                          77.48 kB │ gzip:  22.96 kB
public/build/assets/index-BbYmdaja.js                                   78.27 kB │ gzip:  23.82 kB
public/build/assets/index-DPcSY4Hb.js                                   80.58 kB │ gzip:  23.34 kB
public/build/assets/index-C0WLzLS4.js                                   81.66 kB │ gzip:  24.46 kB
public/build/assets/_create-dialog-C5KRtguk.js                          81.96 kB │ gzip:  27.49 kB
public/build/assets/index-B-1RLXxQ.js                                   83.74 kB │ gzip:  27.21 kB
public/build/assets/index-gKeWbUWx.js                                   86.93 kB │ gzip:  24.95 kB
public/build/assets/Index-Cc7B6bLg.js                                   88.75 kB │ gzip:  26.80 kB
public/build/assets/index-C47iEE3M.js                                   88.76 kB │ gzip:  27.27 kB
public/build/assets/staff-page-shell-6IHYbxmu.js                        90.82 kB │ gzip:  26.92 kB
public/build/assets/index-CoRArtTl.js                                   94.94 kB │ gzip:  28.20 kB
public/build/assets/show-Rzss0Bfd.js                                    99.25 kB │ gzip:  25.80 kB
public/build/assets/ticket-intake-fields-CUL61IoV.js                   102.61 kB │ gzip:  30.27 kB
public/build/assets/index-6yDeqLCN.js                                  103.39 kB │ gzip:  31.09 kB
public/build/assets/index-MFsNoFfV.js                                  104.03 kB │ gzip:  31.57 kB
public/build/assets/index-C8aoQ3Mb.js                                  107.45 kB │ gzip:  31.45 kB
public/build/assets/queclink-hub-Dy0eZxyv.js                           109.77 kB │ gzip:  33.66 kB
public/build/assets/it-wizards-lNbBuZw_.js                             111.72 kB │ gzip:  35.87 kB
public/build/assets/index-Dh58u7B6.js                                  111.91 kB │ gzip:  30.53 kB
public/build/assets/workspace-nWZT5DWF.js                              128.30 kB │ gzip:  38.69 kB
public/build/assets/jsQR-EsnENd7U.js                                   130.72 kB │ gzip:  47.46 kB
public/build/assets/ticket-reopen-dialog-Ds2hmprk.js                   145.73 kB │ gzip:  46.12 kB
public/build/assets/event-detail-dialog-Dh0uP52L.js                    148.01 kB │ gzip:  38.85 kB
public/build/assets/vendor-maps-CTUbLoeq.js                            149.92 kB │ gzip:  43.49 kB
public/build/assets/index-CV3YBF8q.js                                  155.98 kB │ gzip:  42.59 kB
public/build/assets/index-BZtZbxn3.js                                  156.20 kB │ gzip:  45.39 kB
public/build/assets/alert-workspace-dialog-0m_FTjlA.js                 158.46 kB │ gzip:  44.47 kB
public/build/assets/index-CxdsBtB4.js                                  159.65 kB │ gzip:  45.14 kB
public/build/assets/show-DM2edoOA.js                                   170.44 kB │ gzip:  52.69 kB
public/build/assets/knowledge-revision-dialog-BVmHrBMu.js              176.90 kB │ gzip:  49.52 kB
public/build/assets/vendor-react-C99fm9h8.js                           193.87 kB │ gzip:  60.86 kB
public/build/assets/vendor-inertia-L00mYErJ.js                         195.04 kB │ gzip:  65.83 kB
public/build/assets/category-GO38juXQ.js                               206.58 kB │ gzip:  51.95 kB
public/build/assets/index-Pbe-vGk-.js                                  215.14 kB │ gzip:  68.42 kB
public/build/assets/index-CUWnvw9u.js                                  236.38 kB │ gzip:  70.77 kB
public/build/assets/vendor-calendar-NWT3TLWG.js                        267.92 kB │ gzip:  79.12 kB
public/build/assets/vendor-ui-w1Ikxf0L.js                              276.38 kB │ gzip:  76.83 kB
public/build/assets/index-DmyDdP-G.js                                  317.42 kB │ gzip:  88.17 kB
public/build/assets/show-CkxDs8ki.js                                   328.59 kB │ gzip:  98.18 kB
public/build/assets/show-DpcnmoQ5.js                                   350.31 kB │ gzip:  98.86 kB
public/build/assets/vendor-charts-DKFvUt4j.js                          398.58 kB │ gzip: 115.53 kB
public/build/assets/pdf-YYBQA8p7.js                                    437.74 kB │ gzip: 131.10 kB
public/build/assets/app-BZBYnuKQ.js                                    525.77 kB │ gzip:  85.16 kB
public/build/assets/show-B95QDLvn.js                                   747.40 kB │ gzip: 239.84 kB

(!) Some chunks are larger than 500 kB after minification. Consider:
- Using dynamic import() to code-split the application
- Use build.rollupOptions.output.manualChunks to improve chunking: https://rollupjs.org/configuration-options/#output-manualchunks
- Adjust chunk size limit for this warning via build.chunkSizeWarningLimit.
✓ built in 4m 47s
