vite v7.3.6 building client environment for production...
[plugin @laravel/vite-plugin-wayfinder] Types generated for actions, routes, form variants
transforming...
✓ 5440 modules transformed.
rendering chunks...
computing gzip size...
public/build/assets/layers-BWBAp2CZ.png                                  0.70 kB
public/build/assets/layers-2x-Bpkbi35X.png                               1.26 kB
public/build/assets/marker-icon-hN30_KVU.png                             1.47 kB
public/build/assets/pdf.worker.min-Dswkl-cV.mjs                      1,265.41 kB
public/build/manifest.json                                           3,836.23 kB │ gzip: 208.39 kB
public/build/assets/show-DItqkuBD.css                                    0.04 kB │ gzip:   0.06 kB
public/build/assets/show-BlsQFc8X.css                                    0.96 kB │ gzip:   0.38 kB
public/build/assets/fleet-map-Cc-sKlod.css                               1.80 kB │ gzip:   0.73 kB
public/build/assets/index-BfYF406j.css                                   8.96 kB │ gzip:   1.95 kB
public/build/assets/transport-HC5KKNJu.css                               9.01 kB │ gzip:   2.17 kB
public/build/assets/vendor-maps-CLLlcC51.css                            11.08 kB │ gzip:   2.73 kB
public/build/assets/knowledge-revision-dialog-D-juoI1B.css              12.92 kB │ gzip:   3.14 kB
public/build/assets/location-workspace-BnCaAc4S.css                     16.92 kB │ gzip:   3.64 kB
public/build/assets/dashboard-CynApWYI.css                              25.76 kB │ gzip:   4.58 kB
public/build/assets/index-Dmrchnqb.css                                  79.87 kB │ gzip:   9.87 kB
public/build/assets/show-ugW-UKTR.css                                  117.68 kB │ gzip:  17.18 kB
public/build/assets/app-DH9vAgpy.css                                   443.60 kB │ gzip:  56.67 kB
public/build/assets/my-hr-utils-fLvKAKV1.js                              0.07 kB │ gzip:   0.09 kB
public/build/assets/avatar-hue-BThxaYxR.js                               0.10 kB │ gzip:   0.11 kB
public/build/assets/_announcer-cvXWdNAc.js                               0.12 kB │ gzip:   0.12 kB
public/build/assets/minus-DeveSZbz.js                                    0.12 kB │ gzip:   0.13 kB
public/build/assets/check-DSRauEIM.js                                    0.12 kB │ gzip:   0.14 kB
public/build/assets/circle-spfuoGfs.js                                   0.12 kB │ gzip:   0.13 kB
public/build/assets/chevron-down-BM0WrSB2.js                             0.13 kB │ gzip:   0.14 kB
public/build/assets/chevron-up-R-bUVRJk.js                               0.13 kB │ gzip:   0.14 kB
public/build/assets/chevron-left-BKmMlzUl.js                             0.13 kB │ gzip:   0.14 kB
public/build/assets/chevron-right-BsuMKMVf.js                            0.13 kB │ gzip:   0.14 kB
public/build/assets/play-Dw_8QSjW.js                                     0.13 kB │ gzip:   0.15 kB
public/build/assets/moon-mXuHOVCF.js                                     0.14 kB │ gzip:   0.15 kB
public/build/assets/loader-circle-i0wArrwZ.js                            0.14 kB │ gzip:   0.15 kB
public/build/assets/square-y7j1r2mJ.js                                   0.15 kB │ gzip:   0.15 kB
public/build/assets/message-circle-MC6IeHzD.js                           0.15 kB │ gzip:   0.16 kB
public/build/assets/navigation-MP8H2H9O.js                               0.15 kB │ gzip:   0.15 kB
public/build/assets/staff-creation-workflow-D6SGmEbz.js                  0.15 kB │ gzip:   0.13 kB
public/build/assets/plus-BwOXMM3k.js                                     0.15 kB │ gzip:   0.15 kB
public/build/assets/x-Dv1_cPxw.js                                        0.15 kB │ gzip:   0.15 kB
public/build/assets/thermometer-ips2lk_G.js                              0.16 kB │ gzip:   0.16 kB
public/build/assets/filter-CW7x0lZ0.js                                   0.16 kB │ gzip:   0.16 kB
public/build/assets/bookmark-ChAV8nNk.js                                 0.16 kB │ gzip:   0.16 kB
public/build/assets/arrow-left-H_3EAMMg.js                               0.16 kB │ gzip:   0.16 kB
public/build/assets/arrow-right-BA25HC7V.js                              0.16 kB │ gzip:   0.16 kB
public/build/assets/arrow-up-right-Dyv9S1e4.js                           0.16 kB │ gzip:   0.15 kB
public/build/assets/circle-minus-Du56WfW1.js                             0.17 kB │ gzip:   0.16 kB
public/build/assets/search-BoL5eAt3.js                                   0.17 kB │ gzip:   0.16 kB
public/build/assets/move-right-BsB13bqE.js                               0.17 kB │ gzip:   0.16 kB
public/build/assets/ban-BDAlBhyi.js                                      0.17 kB │ gzip:   0.16 kB
public/build/assets/circle-check-CjZNzNLo.js                             0.17 kB │ gzip:   0.17 kB
public/build/assets/chevrons-up-down-BI7ALxIe.js                         0.17 kB │ gzip:   0.16 kB
public/build/assets/provider-CyzdoYBv.js                                 0.17 kB │ gzip:   0.15 kB
public/build/assets/power-D9MsJaNd.js                                    0.17 kB │ gzip:   0.17 kB
public/build/assets/user-round-DZWZujUv.js                               0.18 kB │ gzip:   0.17 kB
public/build/assets/gauge-DqEOtgRS.js                                    0.18 kB │ gzip:   0.16 kB
public/build/assets/circle-dot-DNgZmRCy.js                               0.18 kB │ gzip:   0.15 kB
public/build/assets/clock-BU7E-Bhs.js                                    0.18 kB │ gzip:   0.17 kB
public/build/assets/message-square-N5MYluON.js                           0.18 kB │ gzip:   0.17 kB
public/build/assets/check-check-Biv4vQWT.js                              0.18 kB │ gzip:   0.17 kB
public/build/assets/clock-3-DYi61s3q.js                                  0.18 kB │ gzip:   0.17 kB
public/build/assets/chart-line-DPWINF3F.js                               0.18 kB │ gzip:   0.17 kB
public/build/assets/circle-slash-BkLkRXQw.js                             0.18 kB │ gzip:   0.17 kB
public/build/assets/reply-Bo357Iir.js                                    0.18 kB │ gzip:   0.18 kB
public/build/assets/circle-check-big-bE826ZZf.js                         0.19 kB │ gzip:   0.18 kB
public/build/assets/circle-play-Czk06ARZ.js                              0.19 kB │ gzip:   0.17 kB
public/build/assets/user-pLSXv-Dh.js                                     0.19 kB │ gzip:   0.18 kB
public/build/assets/megaphone-Bg6AlHW9.js                                0.19 kB │ gzip:   0.18 kB
public/build/assets/skip-forward-CppDxRWo.js                             0.20 kB │ gzip:   0.18 kB
public/build/assets/smartphone-natFTwt5.js                               0.20 kB │ gzip:   0.18 kB
public/build/assets/info-DjRNtvGf.js                                     0.20 kB │ gzip:   0.18 kB
public/build/assets/rotate-ccw-C4OcBI-Q.js                               0.20 kB │ gzip:   0.18 kB
public/build/assets/rotate-cw-CwdXq408.js                                0.20 kB │ gzip:   0.18 kB
public/build/assets/lock-DDsC4nwT.js                                     0.20 kB │ gzip:   0.19 kB
public/build/assets/circle-x-BjfoLgOs.js                                 0.20 kB │ gzip:   0.18 kB
public/build/assets/circle-plus-DsdTA1Sc.js                              0.20 kB │ gzip:   0.18 kB
public/build/assets/chart-palette-BuldC4kO.js                            0.20 kB │ gzip:   0.13 kB
public/build/assets/trending-up-Dy8sjxvI.js                              0.20 kB │ gzip:   0.18 kB
public/build/assets/utils-COkJOzsg.js                                    0.20 kB │ gzip:   0.16 kB
public/build/assets/credit-card-D2W1zsRe.js                              0.21 kB │ gzip:   0.19 kB
public/build/assets/arrow-up-from-line-R4pqw9Ev.js                       0.21 kB │ gzip:   0.18 kB
public/build/assets/arrow-down-to-line-eeec4JUX.js                       0.21 kB │ gzip:   0.18 kB
public/build/assets/redo-2-4kIQih23.js                                   0.21 kB │ gzip:   0.18 kB
public/build/assets/trending-down-CxzDW0lt.js                            0.21 kB │ gzip:   0.18 kB
public/build/assets/undo-2-CRNgka7S.js                                   0.21 kB │ gzip:   0.18 kB
public/build/assets/droplet-D2XhxUWs.js                                  0.21 kB │ gzip:   0.19 kB
public/build/assets/lock-open-7w00BJfo.js                                0.21 kB │ gzip:   0.20 kB
public/build/assets/mail-CSPizOYP.js                                     0.21 kB │ gzip:   0.20 kB
public/build/assets/it-module-shell-Cq8Pndvb.js                          0.21 kB │ gzip:   0.19 kB
public/build/assets/battery-CbRe6yzP.js                                  0.21 kB │ gzip:   0.19 kB
public/build/assets/pause-DZWaE_CQ.js                                    0.21 kB │ gzip:   0.17 kB
public/build/assets/circle-arrow-up-BOrf12ZK.js                          0.21 kB │ gzip:   0.19 kB
public/build/assets/circle-arrow-down-gwtBLxiX.js                        0.21 kB │ gzip:   0.19 kB
public/build/assets/pill-L0xuOPjq.js                                     0.21 kB │ gzip:   0.18 kB
public/build/assets/table-2-DAiIuCec.js                                  0.21 kB │ gzip:   0.18 kB
public/build/assets/site-profile-dialog-host-BH_OdoAm.js                 0.21 kB │ gzip:   0.19 kB
public/build/assets/dollar-sign-BYzwKH92.js                              0.22 kB │ gzip:   0.19 kB
public/build/assets/file-BoFsLN5p.js                                     0.22 kB │ gzip:   0.18 kB
public/build/assets/laptop-9XkxdzUh.js                                   0.22 kB │ gzip:   0.19 kB
public/build/assets/flag-Cl60MMkV.js                                     0.22 kB │ gzip:   0.20 kB
public/build/assets/rows-3-BqqOmUCe.js                                   0.22 kB │ gzip:   0.19 kB
public/build/assets/rss-DEQwniNM.js                                      0.22 kB │ gzip:   0.19 kB
public/build/assets/briefcase-D53NeEbZ.js                                0.22 kB │ gzip:   0.20 kB
public/build/assets/ellipsis-CW1cWIVY.js                                 0.22 kB │ gzip:   0.16 kB
public/build/assets/target-Df4_KDMa.js                                   0.22 kB │ gzip:   0.16 kB
public/build/assets/columns-3-CQVciEgc.js                                0.22 kB │ gzip:   0.19 kB
public/build/assets/git-merge-CPF_3ocb.js                                0.22 kB │ gzip:   0.19 kB
public/build/assets/square-check-big-BN1_iANi.js                         0.22 kB │ gzip:   0.19 kB
public/build/assets/sticky-note-yGiS3EHq.js                              0.22 kB │ gzip:   0.18 kB
public/build/assets/folder-B2cxnATo.js                                   0.23 kB │ gzip:   0.19 kB
public/build/assets/ellipsis-vertical-BvBFTh3z.js                        0.23 kB │ gzip:   0.17 kB
public/build/assets/vote-BfaI57yg.js                                     0.23 kB │ gzip:   0.19 kB
public/build/assets/copy-L4E0Rx_w.js                                     0.23 kB │ gzip:   0.21 kB
public/build/assets/door-closed-jCHKAKWr.js                              0.23 kB │ gzip:   0.19 kB
public/build/assets/user-round-check-I9tY0bcr.js                         0.23 kB │ gzip:   0.21 kB
public/build/assets/circle-user-round-9b7etqKS.js                        0.23 kB │ gzip:   0.19 kB
public/build/assets/circle-help-D-J0CbCM.js                              0.23 kB │ gzip:   0.20 kB
public/build/assets/ear-D4g2TNdW.js                                      0.23 kB │ gzip:   0.19 kB
public/build/assets/activity-BT_-HRV4.js                                 0.23 kB │ gzip:   0.20 kB
public/build/assets/pen-BN8TRJ5X.js                                      0.23 kB │ gzip:   0.20 kB
public/build/assets/history-CNruQBEN.js                                  0.24 kB │ gzip:   0.20 kB
public/build/assets/globe-BAcgKVYR.js                                    0.24 kB │ gzip:   0.19 kB
public/build/assets/timer-BCz76Uox.js                                    0.24 kB │ gzip:   0.19 kB
public/build/assets/banknote-B4slgJXI.js                                 0.24 kB │ gzip:   0.21 kB
public/build/assets/heart-AO-En4Bc.js                                    0.24 kB │ gzip:   0.21 kB
public/build/assets/link-2-BeNbSnSs.js                                   0.24 kB │ gzip:   0.21 kB
public/build/assets/menu-BePh9Vcy.js                                     0.24 kB │ gzip:   0.17 kB
public/build/assets/database-BmzKtOxq.js                                 0.24 kB │ gzip:   0.20 kB
public/build/assets/arrow-down-up-BqfzpO7O.js                            0.24 kB │ gzip:   0.19 kB
public/build/assets/type-CAKrMgeX.js                                     0.24 kB │ gzip:   0.19 kB
public/build/assets/circle-pause-Dg_Xg1sV.js                             0.24 kB │ gzip:   0.19 kB
public/build/assets/arrow-left-right-CF0YDXBu.js                         0.25 kB │ gzip:   0.20 kB
public/build/assets/compass-ChgAWj_P.js                                  0.25 kB │ gzip:   0.20 kB
public/build/assets/arrow-right-left-yrq6vrpY.js                         0.25 kB │ gzip:   0.19 kB
public/build/assets/book-marked-GV_Z0xiT.js                              0.25 kB │ gzip:   0.20 kB
public/build/assets/settings-2-C2wnOGTm.js                               0.25 kB │ gzip:   0.19 kB
public/build/assets/users-round-BnYuoLTV.js                              0.25 kB │ gzip:   0.22 kB
public/build/assets/camera-Z2Br5FE9.js                                   0.25 kB │ gzip:   0.21 kB
public/build/assets/file-warning-DI5DocAW.js                             0.25 kB │ gzip:   0.19 kB
public/build/assets/video-WEEdqY2r.js                                    0.25 kB │ gzip:   0.22 kB
public/build/assets/route-CWwFV99c.js                                    0.25 kB │ gzip:   0.20 kB
public/build/assets/circle-alert-DpFro0E1.js                             0.25 kB │ gzip:   0.19 kB
public/build/assets/mouse-pointer-2-ZXcDCMAX.js                          0.25 kB │ gzip:   0.22 kB
public/build/assets/chart-column-CPle3bj5.js                             0.25 kB │ gzip:   0.19 kB
public/build/assets/external-link-D7R4Hcpm.js                            0.25 kB │ gzip:   0.20 kB
public/build/assets/cloud-upload-DMdQsDt1.js                             0.25 kB │ gzip:   0.21 kB
public/build/assets/shopping-bag-B6Qh4Jyq.js                             0.25 kB │ gzip:   0.20 kB
public/build/assets/pentagon-CHw6kjA_.js                                 0.25 kB │ gzip:   0.20 kB
public/build/assets/eye-BQDQfxIR.js                                      0.25 kB │ gzip:   0.20 kB
public/build/assets/user-check-C8NcJSSF.js                               0.25 kB │ gzip:   0.22 kB
public/build/assets/map-pin-D3BIATQE.js                                  0.25 kB │ gzip:   0.22 kB
public/build/assets/archive-DIluF_J2.js                                  0.25 kB │ gzip:   0.21 kB
public/build/assets/lock-keyhole-B6FrUQfG.js                             0.25 kB │ gzip:   0.22 kB
public/build/assets/message-square-plus-C8lh33ex.js                      0.25 kB │ gzip:   0.20 kB
public/build/assets/circle-user-BC99W04A.js                              0.25 kB │ gzip:   0.20 kB
public/build/assets/message-square-text-BHCnu9RK.js                      0.25 kB │ gzip:   0.20 kB
public/build/assets/user-minus-DlTgVwxt.js                               0.25 kB │ gzip:   0.22 kB
public/build/assets/file-check-2-DUn9duoy.js                             0.25 kB │ gzip:   0.20 kB
public/build/assets/messages-square-BYqzsrn4.js                          0.25 kB │ gzip:   0.20 kB
public/build/assets/link-B4gXEIEJ.js                                     0.26 kB │ gzip:   0.19 kB
public/build/assets/hr-hero-DiSfjf_u.js                                  0.26 kB │ gzip:   0.22 kB
public/build/assets/wrench-Dnp1005-.js                                   0.26 kB │ gzip:   0.20 kB
public/build/assets/upload-kAp6Vi6F.js                                   0.26 kB │ gzip:   0.22 kB
public/build/assets/calendar-CBc0gHdC.js                                 0.26 kB │ gzip:   0.20 kB
public/build/assets/log-out-W4MFvIBg.js                                  0.26 kB │ gzip:   0.22 kB
public/build/assets/ticket-check-uaVdfidt.js                             0.26 kB │ gzip:   0.20 kB
public/build/assets/log-in-DE0sM-JC.js                                   0.26 kB │ gzip:   0.22 kB
public/build/assets/file-minus-CGu73RMs.js                               0.26 kB │ gzip:   0.19 kB
public/build/assets/key-Yvm0fLyz.js                                      0.26 kB │ gzip:   0.22 kB
public/build/assets/monitor-D51C8Lqd.js                                  0.26 kB │ gzip:   0.20 kB
public/build/assets/message-square-warning-Cw8cvFaf.js                   0.26 kB │ gzip:   0.20 kB
public/build/assets/utensils-BmTA06BY.js                                 0.26 kB │ gzip:   0.21 kB
public/build/assets/download-CUFrooIZ.js                                 0.26 kB │ gzip:   0.22 kB
public/build/assets/zap-Csb_A_EU.js                                      0.26 kB │ gzip:   0.21 kB
public/build/assets/triangle-alert-Cv3LlYei.js                           0.26 kB │ gzip:   0.22 kB
public/build/assets/leaf-rzPDrF_b.js                                     0.26 kB │ gzip:   0.23 kB
public/build/assets/file-check-CbB5GyRn.js                               0.26 kB │ gzip:   0.20 kB
public/build/assets/workflow-BO3366El.js                                 0.26 kB │ gzip:   0.20 kB
public/build/assets/mic-BltgFBxS.js                                      0.26 kB │ gzip:   0.21 kB
public/build/assets/shield-Dq8DNIMh.js                                   0.27 kB │ gzip:   0.22 kB
public/build/assets/list-plus-Z7bO6PxV.js                                0.27 kB │ gzip:   0.19 kB
public/build/assets/battery-low-D3FKDfmq.js                              0.27 kB │ gzip:   0.21 kB
public/build/assets/timer-reset-Chn_Vs6w.js                              0.27 kB │ gzip:   0.21 kB
public/build/assets/award-DIqC07qX.js                                    0.27 kB │ gzip:   0.22 kB
public/build/assets/eraser-BNeekL-C.js                                   0.27 kB │ gzip:   0.22 kB
public/build/assets/image-D_mTvDj3.js                                    0.27 kB │ gzip:   0.22 kB
public/build/assets/repeat-CnJClzd9.js                                   0.27 kB │ gzip:   0.20 kB
public/build/assets/arrow-up-CA9cBXFg.js                                 0.27 kB │ gzip:   0.20 kB
public/build/assets/flame-n8Q4JD6D.js                                    0.27 kB │ gzip:   0.22 kB
public/build/assets/git-branch-CeqkDzoI.js                               0.27 kB │ gzip:   0.22 kB
public/build/assets/pencil-CnpCq4Sn.js                                   0.28 kB │ gzip:   0.23 kB
public/build/assets/pen-line-ol_xMuFs.js                                 0.28 kB │ gzip:   0.23 kB
public/build/assets/list-checks-BZeVUhuo.js                              0.28 kB │ gzip:   0.19 kB
public/build/assets/book-open-CKqKbZLe.js                                0.28 kB │ gzip:   0.21 kB
public/build/assets/file-diff-DBHJW3hC.js                                0.28 kB │ gzip:   0.20 kB
public/build/assets/wifi-MEBzokxa.js                                     0.28 kB │ gzip:   0.21 kB
public/build/assets/lightbulb-B23sJBgk.js                                0.28 kB │ gzip:   0.22 kB
public/build/assets/file-plus-2-DRWSwGTN.js                              0.28 kB │ gzip:   0.21 kB
public/build/assets/layout-template-POnQ3dRk.js                          0.28 kB │ gzip:   0.19 kB
public/build/assets/inbox-z61OqMUr.js                                    0.29 kB │ gzip:   0.23 kB
public/build/assets/wallet-CT2yl7_8.js                                   0.29 kB │ gzip:   0.21 kB
public/build/assets/shopping-cart-B32cGI-u.js                            0.29 kB │ gzip:   0.23 kB
public/build/assets/shirt-fbtetLUN.js                                    0.29 kB │ gzip:   0.23 kB
public/build/assets/files-B0Pzd6JZ.js                                    0.29 kB │ gzip:   0.22 kB
public/build/assets/house-FLKypToS.js                                    0.29 kB │ gzip:   0.22 kB
public/build/assets/bell-DJNV3ZRR.js                                     0.29 kB │ gzip:   0.24 kB
public/build/assets/use-initials-U-N8N3-N.js                             0.29 kB │ gzip:   0.20 kB
public/build/assets/send-ClFVDYlg.js                                     0.29 kB │ gzip:   0.23 kB
public/build/assets/folder-open-qkngLCWj.js                              0.29 kB │ gzip:   0.22 kB
public/build/assets/receipt-D1FIENQb.js                                  0.29 kB │ gzip:   0.21 kB
public/build/assets/governance-permissions-oQG3y2Ya.js                   0.29 kB │ gzip:   0.19 kB
public/build/assets/link-2-off-CpxThYUK.js                               0.29 kB │ gzip:   0.22 kB
public/build/assets/smile-Ct1oVVdP.js                                    0.29 kB │ gzip:   0.22 kB
public/build/assets/grid-3x3-CCL9-q3a.js                                 0.29 kB │ gzip:   0.21 kB
public/build/assets/bed-double-DlM9Ufuq.js                               0.30 kB │ gzip:   0.21 kB
public/build/assets/heart-crack-DjHYT6Qj.js                              0.30 kB │ gzip:   0.24 kB
public/build/assets/hash-CUw3rEl1.js                                     0.30 kB │ gzip:   0.19 kB
public/build/assets/receipt-text-Cse2bdvd.js                             0.30 kB │ gzip:   0.20 kB
public/build/assets/maximize-2-21ReJ6A-.js                               0.30 kB │ gzip:   0.21 kB
public/build/assets/list-todo-BJFf2M-9.js                                0.30 kB │ gzip:   0.22 kB
public/build/assets/paperclip-CY80bYwv.js                                0.30 kB │ gzip:   0.23 kB
public/build/assets/file-up-pFZqZf0q.js                                  0.30 kB │ gzip:   0.21 kB
public/build/assets/gavel-BWQ2DIP5.js                                    0.30 kB │ gzip:   0.22 kB
public/build/assets/flask-conical-BudaRzgk.js                            0.30 kB │ gzip:   0.23 kB
public/build/assets/thumbs-up-_o66Xmn7.js                                0.30 kB │ gzip:   0.24 kB
public/build/assets/list-Csqb3m2h.js                                     0.30 kB │ gzip:   0.19 kB
public/build/assets/file-down-Cqh0BkXX.js                                0.30 kB │ gzip:   0.22 kB
public/build/assets/thumbs-down-nKKWXJGD.js                              0.30 kB │ gzip:   0.24 kB
public/build/assets/minimize-2-C9UEJV0l.js                               0.30 kB │ gzip:   0.21 kB
public/build/assets/clipboard-check-CW1Yedap.js                          0.30 kB │ gzip:   0.23 kB
public/build/assets/file-clock-CtGeQC45.js                               0.30 kB │ gzip:   0.24 kB
public/build/assets/users-BwrJFsyP.js                                    0.30 kB │ gzip:   0.23 kB
public/build/assets/calendar-check-B6-w35NY.js                           0.30 kB │ gzip:   0.23 kB
public/build/assets/coffee-C8flganB.js                                   0.30 kB │ gzip:   0.21 kB
public/build/assets/user-x-B4mIagIH.js                                   0.30 kB │ gzip:   0.23 kB
public/build/assets/folder-plus-B6tDdrvC.js                              0.30 kB │ gzip:   0.23 kB
public/build/assets/chef-hat-BJ_AYwjP.js                                 0.31 kB │ gzip:   0.24 kB
public/build/assets/user-plus-lRychB_r.js                                0.31 kB │ gzip:   0.24 kB
public/build/assets/box-EclPeD3F.js                                      0.31 kB │ gzip:   0.23 kB
public/build/assets/heart-pulse-DoiBLpUW.js                              0.31 kB │ gzip:   0.25 kB
public/build/assets/piggy-bank-m8Kt4mL3.js                               0.31 kB │ gzip:   0.25 kB
public/build/assets/badge-check-dtUsxySm.js                              0.31 kB │ gzip:   0.21 kB
public/build/assets/shapes-I4bWbM_W.js                                   0.32 kB │ gzip:   0.25 kB
public/build/assets/hard-hat-BUIuglsf.js                                 0.32 kB │ gzip:   0.23 kB
public/build/assets/shield-check-kNYMuGjx.js                             0.32 kB │ gzip:   0.25 kB
public/build/assets/printer-CxJDAurP.js                                  0.32 kB │ gzip:   0.24 kB
public/build/assets/square-pen-ybQjiOl3.js                               0.32 kB │ gzip:   0.24 kB
public/build/assets/refresh-ccw-CPvgqhCc.js                              0.32 kB │ gzip:   0.23 kB
public/build/assets/ticket-p0IyTbQ6.js                                   0.32 kB │ gzip:   0.21 kB
public/build/assets/tag-6jLyC2E6.js                                      0.32 kB │ gzip:   0.25 kB
public/build/assets/hand-helping-BaMStBU8.js                             0.32 kB │ gzip:   0.25 kB
public/build/assets/id-card-DYqS8KOf.js                                  0.32 kB │ gzip:   0.24 kB
public/build/assets/mail-warning-DWnUV8mp.js                             0.32 kB │ gzip:   0.24 kB
public/build/assets/save-CN1w8Kqj.js                                     0.33 kB │ gzip:   0.23 kB
public/build/assets/scan-line-B7RayuTQ.js                                0.33 kB │ gzip:   0.22 kB
public/build/assets/graduation-cap-Bjz7a9V9.js                           0.33 kB │ gzip:   0.25 kB
public/build/assets/list-ordered-CQ7UkZBX.js                             0.33 kB │ gzip:   0.22 kB
public/build/assets/file-text-ctP65RrD.js                                0.33 kB │ gzip:   0.22 kB
public/build/assets/book-open-check-CvSpcE2J.js                          0.33 kB │ gzip:   0.23 kB
public/build/assets/clipboard-plus-wpQOCr9w.js                           0.33 kB │ gzip:   0.24 kB
public/build/assets/alarm-clock-DlZL80SN.js                              0.33 kB │ gzip:   0.23 kB
public/build/assets/contact-ADjy_LYP.js                                  0.33 kB │ gzip:   0.24 kB
public/build/assets/calendar-x-DTl5p5Xt.js                               0.34 kB │ gzip:   0.23 kB
public/build/assets/accessibility-C-X5XzIA.js                            0.34 kB │ gzip:   0.25 kB
public/build/assets/archive-restore-BDEkFMpl.js                          0.34 kB │ gzip:   0.24 kB
public/build/assets/stethoscope-DPceHf5E.js                              0.34 kB │ gzip:   0.24 kB
public/build/assets/shield-plus-Cl1sD9K3.js                              0.34 kB │ gzip:   0.26 kB
public/build/assets/layout-grid-IfRkBAKs.js                              0.34 kB │ gzip:   0.19 kB
public/build/assets/pin-BRjy-2kH.js                                      0.35 kB │ gzip:   0.24 kB
public/build/assets/file-image-6B9Stsz0.js                               0.35 kB │ gzip:   0.25 kB
public/build/assets/scroll-text-yCOEeLRB.js                              0.35 kB │ gzip:   0.23 kB
public/build/assets/key-round-DFjiZXg2.js                                0.35 kB │ gzip:   0.26 kB
public/build/assets/layout-dashboard-D1J6tlW9.js                         0.35 kB │ gzip:   0.21 kB
public/build/assets/shield-alert-BA-I3Xhu.js                             0.35 kB │ gzip:   0.26 kB
public/build/assets/file-chart-column-increasing-C2s2rCgY.js             0.35 kB │ gzip:   0.24 kB
public/build/assets/webhook-YzghYQ0Q.js                                  0.35 kB │ gzip:   0.27 kB
public/build/assets/crosshair-CwetLHeN.js                                0.35 kB │ gzip:   0.21 kB
public/build/assets/calendar-plus-CMfoD0WL.js                            0.35 kB │ gzip:   0.23 kB
public/build/assets/shield-x-DrQu6Av9.js                                 0.36 kB │ gzip:   0.26 kB
public/build/assets/gift-B0BMkaj_.js                                     0.36 kB │ gzip:   0.25 kB
public/build/assets/trash-2-Dn1DVBfo.js                                  0.36 kB │ gzip:   0.25 kB
public/build/assets/calendar-x-2-BMfM5bwU.js                             0.36 kB │ gzip:   0.23 kB
public/build/assets/bell-plus-DpHK-OzT.js                                0.36 kB │ gzip:   0.26 kB
public/build/assets/layout-list-Bm0PQ19d.js                              0.36 kB │ gzip:   0.22 kB
public/build/assets/warehouse-DPG_Z-IL.js                                0.36 kB │ gzip:   0.26 kB
public/build/assets/utensils-crossed-EEWgRsjl.js                         0.36 kB │ gzip:   0.26 kB
public/build/assets/syringe-44rG6KWO.js                                  0.36 kB │ gzip:   0.25 kB
public/build/assets/crown-BIDKnCra.js                                    0.36 kB │ gzip:   0.26 kB
public/build/assets/image-plus-BZCdoUfW.js                               0.36 kB │ gzip:   0.26 kB
public/build/assets/sparkle-DJrB7hxP.js                                  0.36 kB │ gzip:   0.24 kB
public/build/assets/scale-DTMFWTHr.js                                    0.36 kB │ gzip:   0.23 kB
public/build/assets/grip-vertical-DuKDMUqw.js                            0.36 kB │ gzip:   0.19 kB
public/build/assets/fuel-Bzs3H9TM.js                                     0.37 kB │ gzip:   0.25 kB
public/build/assets/door-open-B-o0msLB.js                                0.37 kB │ gzip:   0.25 kB
public/build/assets/droplets-ChC84IPs.js                                 0.37 kB │ gzip:   0.28 kB
public/build/assets/hammer-BYOLVQGj.js                                   0.37 kB │ gzip:   0.27 kB
public/build/assets/file-pen-CoE8t-Uy.js                                 0.37 kB │ gzip:   0.26 kB
public/build/assets/package-EfNYriMa.js                                  0.37 kB │ gzip:   0.26 kB
public/build/assets/index-B0Z-ysPe.js                                    0.37 kB │ gzip:   0.22 kB
public/build/assets/file-spreadsheet-dmUFLi_e.js                         0.37 kB │ gzip:   0.23 kB
public/build/assets/life-buoy-CLC_gSif.js                                0.37 kB │ gzip:   0.22 kB
public/build/assets/calendar-clock-ConF-3bS.js                           0.38 kB │ gzip:   0.26 kB
public/build/assets/shield-question-CZFvpO5D.js                          0.38 kB │ gzip:   0.28 kB
public/build/assets/network-DowHALUN.js                                  0.38 kB │ gzip:   0.24 kB
public/build/assets/calendar-off-anzaQ3Am.js                             0.38 kB │ gzip:   0.25 kB
public/build/assets/tags-CPHvUSNg.js                                     0.39 kB │ gzip:   0.28 kB
public/build/assets/fleet-return-D12Z1ydP.js                             0.39 kB │ gzip:   0.24 kB
public/build/assets/baby-BBCpF7fb.js                                     0.39 kB │ gzip:   0.26 kB
public/build/assets/hard-drive-BbHQkuOR.js                               0.39 kB │ gzip:   0.26 kB
public/build/assets/job-posting-constants-CneitmEO.js                    0.39 kB │ gzip:   0.23 kB
public/build/assets/file-pen-line-486rvLKG.js                            0.39 kB │ gzip:   0.26 kB
public/build/assets/phone-BEPukLb9.js                                    0.39 kB │ gzip:   0.25 kB
public/build/assets/bell-ring-BeVz4lcC.js                                0.40 kB │ gzip:   0.28 kB
public/build/assets/map-pinned-DMvDGpu3.js                               0.40 kB │ gzip:   0.29 kB
public/build/assets/shield-off-DBD45ELO.js                               0.40 kB │ gzip:   0.28 kB
public/build/assets/truck-DOxqCFYG.js                                    0.40 kB │ gzip:   0.27 kB
public/build/assets/sprout-vf5A9GR5.js                                   0.40 kB │ gzip:   0.28 kB
public/build/assets/car-DPgJvm6Q.js                                      0.40 kB │ gzip:   0.29 kB
public/build/assets/locate-fixed-0fEmMhzT.js                             0.40 kB │ gzip:   0.23 kB
public/build/assets/hand-DeWUhYRK.js                                     0.41 kB │ gzip:   0.25 kB
public/build/assets/landmark-yIvuR1eO.js                                 0.41 kB │ gzip:   0.24 kB
public/build/assets/hand-coins-CcZ9ucKq.js                               0.41 kB │ gzip:   0.29 kB
public/build/assets/clipboard-list-DdJYFAuv.js                           0.41 kB │ gzip:   0.26 kB
public/build/assets/transport-medication-replay-CtiHe7LR.js              0.41 kB │ gzip:   0.30 kB
public/build/assets/loader-Ce37Z4X2.js                                   0.41 kB │ gzip:   0.24 kB
public/build/assets/mouse-pointer-click-BMzwHvMK.js                      0.41 kB │ gzip:   0.28 kB
public/build/assets/calendar-range-CdhIBgcj.js                           0.41 kB │ gzip:   0.26 kB
public/build/assets/waypoints-Db7PUpA-.js                                0.41 kB │ gzip:   0.25 kB
public/build/assets/layers-C8SOlGAe.js                                   0.42 kB │ gzip:   0.24 kB
public/build/assets/mic-off-CjDDdwrX.js                                  0.42 kB │ gzip:   0.27 kB
public/build/assets/waves-Bt9SOiOB.js                                    0.42 kB │ gzip:   0.21 kB
public/build/assets/skeleton-CDTEQwaO.js                                 0.42 kB │ gzip:   0.32 kB
public/build/assets/package-check-CKdDMLAA.js                            0.42 kB │ gzip:   0.29 kB
public/build/assets/octagon-alert-DxurtBqb.js                            0.43 kB │ gzip:   0.25 kB
public/build/assets/cable-iBZsw6DJ.js                                    0.43 kB │ gzip:   0.26 kB
public/build/assets/eye-off-D4gdgNmw.js                                  0.43 kB │ gzip:   0.27 kB
public/build/assets/building-2-yHzOH3iL.js                               0.44 kB │ gzip:   0.25 kB
public/build/assets/heading-small-B1QYXXBZ.js                            0.44 kB │ gzip:   0.32 kB
public/build/assets/handshake-BXZ3CVcP.js                                0.45 kB │ gzip:   0.28 kB
public/build/assets/hand-heart-CK6TrW4H.js                               0.45 kB │ gzip:   0.31 kB
public/build/assets/bus-CfqZqmbJ.js                                      0.45 kB │ gzip:   0.29 kB
public/build/assets/footprints-BPH2Z9tN.js                               0.45 kB │ gzip:   0.30 kB
public/build/assets/radio-tower-DVONaLoj.js                              0.45 kB │ gzip:   0.30 kB
public/build/assets/input-error-DCYErTdJ.js                              0.46 kB │ gzip:   0.32 kB
public/build/assets/wifi-off-u9qpmxEX.js                                 0.46 kB │ gzip:   0.27 kB
public/build/assets/scan-eye-BKlA21B7.js                                 0.46 kB │ gzip:   0.28 kB
public/build/assets/heart-handshake-UzRjkCEF.js                          0.46 kB │ gzip:   0.31 kB
public/build/assets/spinner-CgqOxzCw.js                                  0.46 kB │ gzip:   0.33 kB
public/build/assets/person-standing-8_cfqAdI.js                          0.46 kB │ gzip:   0.31 kB
public/build/assets/trophy-DYSZaHE1.js                                   0.46 kB │ gzip:   0.28 kB
public/build/assets/pen-tool-CLH4UMW3.js                                 0.47 kB │ gzip:   0.30 kB
public/build/assets/siren-lUezdTc5.js                                    0.47 kB │ gzip:   0.27 kB
public/build/assets/star-BMZ6RaZd.js                                     0.47 kB │ gzip:   0.29 kB
public/build/assets/sun-B1aZPF74.js                                      0.47 kB │ gzip:   0.26 kB
public/build/assets/notebook-pen-Cm-f2vBO.js                             0.47 kB │ gzip:   0.29 kB
public/build/assets/cake-D7srb19F.js                                     0.49 kB │ gzip:   0.26 kB
public/build/assets/cctv-C1x30YdP.js                                     0.49 kB │ gzip:   0.30 kB
public/build/assets/calendar-days-CmBvroDW.js                            0.49 kB │ gzip:   0.27 kB
public/build/assets/cpu-QX8myfCJ.js                                      0.50 kB │ gzip:   0.26 kB
public/build/assets/zoom-out-D_UMpb_Y.js                                 0.50 kB │ gzip:   0.23 kB
public/build/assets/radar-B-ZyicGr.js                                    0.50 kB │ gzip:   0.30 kB
public/build/assets/sparkles-BRvMzkjC.js                                 0.51 kB │ gzip:   0.30 kB
public/build/assets/wand-sparkles-CVkSq51E.js                            0.51 kB │ gzip:   0.29 kB
public/build/assets/ambulance-DM_IPD9o.js                                0.51 kB │ gzip:   0.31 kB
public/build/assets/_helpers-Ayp0jCez.js                                 0.51 kB │ gzip:   0.33 kB
public/build/assets/boundary-geometry-Ncmqh74Z.js                        0.52 kB │ gzip:   0.32 kB
public/build/assets/unlink-2bk9njTm.js                                   0.53 kB │ gzip:   0.30 kB
public/build/assets/calculator-B52ALFHB.js                               0.53 kB │ gzip:   0.28 kB
public/build/assets/circle-dashed-BYdPN9Gd.js                            0.57 kB │ gzip:   0.29 kB
public/build/assets/use-alert-workspace-focus-return-DGVRYbyO.js         0.58 kB │ gzip:   0.35 kB
public/build/assets/package-open-BSiFyb_u.js                             0.58 kB │ gzip:   0.33 kB
public/build/assets/i18n-Dncd9j2h.js                                     0.58 kB │ gzip:   0.39 kB
public/build/assets/user-cog-y49s7TOB.js                                 0.58 kB │ gzip:   0.32 kB
public/build/assets/sliders-horizontal-BqnjF_Ni.js                       0.58 kB │ gzip:   0.27 kB
public/build/assets/send-to-back-u-7YcqbT.js                             0.58 kB │ gzip:   0.31 kB
public/build/assets/fingerprint-gsnzd3vg.js                              0.60 kB │ gzip:   0.35 kB
public/build/assets/label-DnayXvci.js                                    0.61 kB │ gzip:   0.39 kB
public/build/assets/form-request-errors-CGVjFIIA.js                      0.63 kB │ gzip:   0.36 kB
public/build/assets/loading-state-BqwYn3NH.js                            0.64 kB │ gzip:   0.43 kB
public/build/assets/text-link-RogODYI2.js                                0.65 kB │ gzip:   0.42 kB
public/build/assets/qr-code-DSHvCn8N.js                                  0.65 kB │ gzip:   0.31 kB
public/build/assets/server-CZYLl8Bc.js                                   0.66 kB │ gzip:   0.37 kB
public/build/assets/collapsible-DoToTDHc.js                              0.66 kB │ gzip:   0.28 kB
public/build/assets/resident-dot-BLoyRUP7.js                             0.67 kB │ gzip:   0.46 kB
public/build/assets/fleet-stat-card-Ccnd8Ns7.js                          0.72 kB │ gzip:   0.44 kB
public/build/assets/party-popper-CWgGXp6m.js                             0.72 kB │ gzip:   0.41 kB
public/build/assets/settings-CeHAPlxC.js                                 0.72 kB │ gzip:   0.34 kB
public/build/assets/textarea-C_9uu-fb.js                                 0.73 kB │ gzip:   0.47 kB
public/build/assets/meeting-workspace-links-BSKYBk34.js                  0.73 kB │ gzip:   0.40 kB
public/build/assets/brain-Dyr3hpdL.js                                    0.73 kB │ gzip:   0.35 kB
public/build/assets/use-mobile-DlEv6ewV.js                               0.75 kB │ gzip:   0.34 kB
public/build/assets/separator-C7fe0Vgu.js                                0.77 kB │ gzip:   0.45 kB
public/build/assets/page-shell-B7eQidXD.js                               0.77 kB │ gzip:   0.45 kB
public/build/assets/shared-DHJYl7e2.js                                   0.77 kB │ gzip:   0.40 kB
public/build/assets/shared-D3Yvwbxq.js                                   0.77 kB │ gzip:   0.39 kB
public/build/assets/shift-row-types-DQA9BK_P.js                          0.80 kB │ gzip:   0.38 kB
public/build/assets/hr-tabs-D18B3AUm.js                                  0.81 kB │ gzip:   0.51 kB
public/build/assets/ops-stat-card-BN9loA5L.js                            0.81 kB │ gzip:   0.48 kB
public/build/assets/progress-BxLvrMK0.js                                 0.82 kB │ gzip:   0.54 kB
public/build/assets/readable-operational-state-CK8MzJI-.js               0.85 kB │ gzip:   0.45 kB
public/build/assets/boxes-uXrIdAwK.js                                    0.85 kB │ gzip:   0.40 kB
public/build/assets/wizard-DF_QPOrg.js                                   0.87 kB │ gzip:   0.55 kB
public/build/assets/wizard-NNmqhkha.js                                   0.87 kB │ gzip:   0.55 kB
public/build/assets/list-caption-hE5ckvXY.js                             0.91 kB │ gzip:   0.54 kB
public/build/assets/index-CSEUMRIG.js                                    0.92 kB │ gzip:   0.53 kB
public/build/assets/now-rule-P7hRYwwd.js                                 0.95 kB │ gzip:   0.58 kB
public/build/assets/hero-action-button-D-GVyXk8.js                       0.95 kB │ gzip:   0.55 kB
public/build/assets/page-layout-DtSKkYRB.js                              0.97 kB │ gzip:   0.56 kB
public/build/assets/governance-dialog-deep-link-DLK5tfya.js              0.98 kB │ gzip:   0.58 kB
public/build/assets/settings-tabs-DijK2eYz.js                            0.99 kB │ gzip:   0.54 kB
public/build/assets/error-state-BBylBvon.js                              1.01 kB │ gzip:   0.62 kB
public/build/assets/use-settings-leave-confirmation-Djj7Pj99.js          1.02 kB │ gzip:   0.61 kB
public/build/assets/presence-dot-CuGnqH3Y.js                             1.04 kB │ gzip:   0.58 kB
public/build/assets/input-49RbooBa.js                                    1.05 kB │ gzip:   0.59 kB
public/build/assets/command-centre-page-CWfq2fjL.js                      1.05 kB │ gzip:   0.59 kB
public/build/assets/switch-DaGHNdhC.js                                   1.06 kB │ gzip:   0.61 kB
public/build/assets/_shared-BN-lC1nz.js                                  1.07 kB │ gzip:   0.56 kB
public/build/assets/governance-work-CPDXtwsY.js                          1.09 kB │ gzip:   0.59 kB
public/build/assets/hover-action-vLW4u2SF.js                             1.09 kB │ gzip:   0.65 kB
public/build/assets/WidgetCard-2tC8eOcV.js                               1.10 kB │ gzip:   0.62 kB
public/build/assets/micro-stats-BKNykt34.js                              1.11 kB │ gzip:   0.61 kB
public/build/assets/confetti-8ALvzRDJ.js                                 1.11 kB │ gzip:   0.65 kB
public/build/assets/avatar-D2DsKi5Y.js                                   1.14 kB │ gzip:   0.44 kB
public/build/assets/checkbox-Bj2EPdYM.js                                 1.15 kB │ gzip:   0.63 kB
public/build/assets/GovernanceHomeRail-BmDxDxp3.js                       1.21 kB │ gzip:   0.67 kB
public/build/assets/_confirm-action-ZvhXZHxH.js                          1.24 kB │ gzip:   0.70 kB
public/build/assets/wizard-stepper-YAiynpTX.js                           1.24 kB │ gzip:   0.67 kB
public/build/assets/handover-person-notes-CbHlG0Rx.js                    1.25 kB │ gzip:   0.63 kB
public/build/assets/task-api-LDQPp0GA.js                                 1.27 kB │ gzip:   0.81 kB
public/build/assets/_types-Bdo8GrIg.js                                   1.29 kB │ gzip:   0.67 kB
public/build/assets/medication-stock-governance-C5VIWPFO.js              1.30 kB │ gzip:   0.60 kB
public/build/assets/radio-group-qyFUuchw.js                              1.31 kB │ gzip:   0.65 kB
public/build/assets/DiscardDraftDialog-CBXdc_Dm.js                       1.32 kB │ gzip:   0.76 kB
public/build/assets/_attachments-CHLd-vl2.js                             1.32 kB │ gzip:   0.74 kB
public/build/assets/stream-grouping-DxjzPWpi.js                          1.35 kB │ gzip:   0.73 kB
public/build/assets/staff-avatar-BSuYdCto.js                             1.35 kB │ gzip:   0.81 kB
public/build/assets/workflow-ribbon-pd-diXHX.js                          1.35 kB │ gzip:   0.69 kB
public/build/assets/shift-status-badge-Dxy_bPVg.js                       1.36 kB │ gzip:   0.67 kB
public/build/assets/timesheet-status-badge-DtOsIwM6.js                   1.36 kB │ gzip:   0.66 kB
public/build/assets/fleet-responsive-list-CgDsyRvl.js                    1.38 kB │ gzip:   0.70 kB
public/build/assets/sso-sign-in-buttons-BgiqHdNs.js                      1.40 kB │ gzip:   0.72 kB
public/build/assets/site-credentials-BC2WD9ez.js                         1.43 kB │ gzip:   0.75 kB
public/build/assets/_helpers-DwiQF0jk.js                                 1.46 kB │ gzip:   0.80 kB
public/build/assets/fleet-empty-state-Cy8i34hJ.js                        1.46 kB │ gzip:   0.77 kB
public/build/assets/journey-reference-strip-pm5NcpKt.js                  1.46 kB │ gzip:   0.81 kB
public/build/assets/GovernanceSectionRail-DFa7g3Bd.js                    1.47 kB │ gzip:   0.82 kB
public/build/assets/index-DcmOMlk_.js                                    1.50 kB │ gzip:   0.52 kB
public/build/assets/badge-sVjmv35H.js                                    1.53 kB │ gzip:   0.77 kB
public/build/assets/shift-types-Ch3JrZ0P.js                              1.54 kB │ gzip:   0.78 kB
public/build/assets/performance-tabs-CL8lufbd.js                         1.55 kB │ gzip:   0.74 kB
public/build/assets/confirm-dialog-J4vSc-od.js                           1.57 kB │ gzip:   0.86 kB
public/build/assets/mini-sparkline-D7i7f6lZ.js                           1.58 kB │ gzip:   0.91 kB
public/build/assets/verify-email-DyM7ixeX.js                             1.58 kB │ gzip:   0.85 kB
public/build/assets/date-time-field-CKSXprkg.js                          1.58 kB │ gzip:   0.79 kB
public/build/assets/evidence-upload-Nnk_b-au.js                          1.59 kB │ gzip:   0.83 kB
public/build/assets/status-badge-BcV9Cyb7.js                             1.61 kB │ gzip:   0.78 kB
public/build/assets/control-room-vocab-CvDveScv.js                       1.62 kB │ gzip:   0.64 kB
public/build/assets/popover-Bwbch3JK.js                                  1.64 kB │ gzip:   0.70 kB
public/build/assets/ops-charts-CfZvOWbq.js                               1.65 kB │ gzip:   0.78 kB
public/build/assets/alert-CF50OPgI.js                                    1.69 kB │ gzip:   0.74 kB
public/build/assets/alert-status-BKf1mIHa.js                             1.69 kB │ gzip:   0.79 kB
public/build/assets/report-incident-dialog-URCFbKCY.js                   1.70 kB │ gzip:   0.89 kB
public/build/assets/laravel-pagination-By2rLTDp.js                       1.70 kB │ gzip:   0.84 kB
public/build/assets/money-L4nGavLX.js                                    1.71 kB │ gzip:   0.97 kB
public/build/assets/card-C9LxLdKv.js                                     1.77 kB │ gzip:   0.57 kB
public/build/assets/_helpers-B9hETIiM.js                                 1.77 kB │ gzip:   0.76 kB
public/build/assets/documents-tabs-C54YVyZH.js                           1.78 kB │ gzip:   0.94 kB
public/build/assets/api-BBPNyqfK.js                                      1.79 kB │ gzip:   0.94 kB
public/build/assets/workflow-ribbon-BIUqJT-x.js                          1.80 kB │ gzip:   0.80 kB
public/build/assets/overlay-focus-return-4ESXsuki.js                     1.82 kB │ gzip:   0.89 kB
public/build/assets/tooltip-D-a-5XaZ.js                                  1.82 kB │ gzip:   0.84 kB
public/build/assets/control-room-alert-row-actions-DhR3Q4tC.js           1.85 kB │ gzip:   0.68 kB
public/build/assets/options-BwkaeHrx.js                                  1.86 kB │ gzip:   0.72 kB
public/build/assets/my-day-list-CcRvqKRF.js                              1.86 kB │ gzip:   0.90 kB
public/build/assets/accordion-qT0IY_7M.js                                1.87 kB │ gzip:   0.85 kB
public/build/assets/journey-gate-list-Cjqd_9xU.js                        1.87 kB │ gzip:   0.85 kB
public/build/assets/types-jfjKXH9i.js                                    1.89 kB │ gzip:   1.01 kB
public/build/assets/fleet-utils-Bl0sIMTe.js                              1.90 kB │ gzip:   0.72 kB
public/build/assets/_helpers-DMyJWRSP.js                                 1.94 kB │ gzip:   1.04 kB
public/build/assets/draft-resume-prompt-B8T14ZuG.js                      1.95 kB │ gzip:   1.01 kB
public/build/assets/respite-subnav-DVA95RUh.js                           2.01 kB │ gzip:   0.96 kB
public/build/assets/api-BANvMHAW.js                                      2.01 kB │ gzip:   1.14 kB
public/build/assets/handover-follow-ups-ZAgikkgJ.js                      2.02 kB │ gzip:   1.02 kB
public/build/assets/button-BUrF8eld.js                                   2.05 kB │ gzip:   0.96 kB
public/build/assets/address-autocomplete-DwkpT_Z4.js                     2.07 kB │ gzip:   1.14 kB
public/build/assets/confirm-password-DBEoWV1S.js                         2.07 kB │ gzip:   1.04 kB
public/build/assets/_dialogs-OTFZOMS2.js                                 2.08 kB │ gzip:   1.11 kB
public/build/assets/governance-calendar-adapter-BoWwsrz5.js              2.10 kB │ gzip:   1.01 kB
public/build/assets/_create-recovery-B9rTHu2X.js                         2.10 kB │ gzip:   1.07 kB
public/build/assets/use-personal-location-privacy-k70ZMAas.js            2.16 kB │ gzip:   0.99 kB
public/build/assets/reports-tabs-C8Qcmyd1.js                             2.17 kB │ gzip:   1.07 kB
public/build/assets/attention-panel-r8JjDDr7.js                          2.17 kB │ gzip:   0.99 kB
public/build/assets/task-step-draft-DDa2ZrIo.js                          2.18 kB │ gzip:   1.13 kB
public/build/assets/payroll-hero-C-7pNl98.js                             2.28 kB │ gzip:   1.10 kB
public/build/assets/_shared-Cq9MXSeN.js                                  2.30 kB │ gzip:   1.18 kB
public/build/assets/_memory-recovery-ydX5sLUj.js                         2.31 kB │ gzip:   1.20 kB
public/build/assets/_shared-P96mVnVJ.js                                  2.34 kB │ gzip:   1.13 kB
public/build/assets/reason-dialog-B0_wqYlF.js                            2.34 kB │ gzip:   1.27 kB
public/build/assets/table-DHtHPBEX.js                                    2.42 kB │ gzip:   0.67 kB
public/build/assets/drills-BXpRB0Pu.js                                   2.43 kB │ gzip:   1.13 kB
public/build/assets/_icons-CdrioYVH.js                                   2.45 kB │ gzip:   1.15 kB
public/build/assets/first-aid-D_yMrycV.js                                2.47 kB │ gzip:   1.14 kB
public/build/assets/task-help-inbox-n8ow522-.js                          2.48 kB │ gzip:   1.34 kB
public/build/assets/datetime-Cj7rLFb1.js                                 2.50 kB │ gzip:   1.10 kB
public/build/assets/finance-section-rail-ymo8nX9H.js                     2.53 kB │ gzip:   1.28 kB
public/build/assets/fleet-header-DPujiJnX.js                             2.55 kB │ gzip:   1.26 kB
public/build/assets/provisioning-request-files-DrMXW6xg.js               2.56 kB │ gzip:   1.26 kB
public/build/assets/text-prompt-dialog-Br3Fidz4.js                       2.62 kB │ gzip:   1.41 kB
public/build/assets/services-DZL40xO0.js                                 2.63 kB │ gzip:   1.19 kB
public/build/assets/shift-context-menu-Dtv15x07.js                       2.64 kB │ gzip:   1.36 kB
public/build/assets/provisioning-command-fields-4x2FBuJS.js              2.68 kB │ gzip:   1.16 kB
public/build/assets/care-plan-domains-DD4Y2J-j.js                        2.69 kB │ gzip:   1.26 kB
public/build/assets/donut-chart-BjEVgtH7.js                              2.71 kB │ gzip:   1.35 kB
public/build/assets/donut-RxOXSbq7.js                                    2.74 kB │ gzip:   1.38 kB
public/build/assets/index-BjmjDcUN.js                                    2.76 kB │ gzip:   0.71 kB
public/build/assets/status-badge-3QlJuqdd.js                             2.76 kB │ gzip:   1.29 kB
public/build/assets/readiness-Dx-bWP7S.js                                2.79 kB │ gzip:   1.36 kB
public/build/assets/financials-DK6hV7Mi.js                               2.80 kB │ gzip:   1.37 kB
public/build/assets/safety-register-CD0p-npF.js                          2.83 kB │ gzip:   1.33 kB
public/build/assets/ppe-CjlE-eVE.js                                      2.84 kB │ gzip:   1.10 kB
public/build/assets/register-row-kit-DYBAbrfL.js                         2.86 kB │ gzip:   1.16 kB
public/build/assets/map-model-CnDd3cpK.js                                2.86 kB │ gzip:   1.36 kB
public/build/assets/lifecycle-tabs-EX_JQtRU.js                           2.88 kB │ gzip:   1.48 kB
public/build/assets/_tabs-BhKTHDbr.js                                    2.90 kB │ gzip:   1.48 kB
public/build/assets/_note-category-picker-B9QXrmxH.js                    2.92 kB │ gzip:   1.38 kB
public/build/assets/use-create-shift-launcher-Q92Ikc59.js                2.92 kB │ gzip:   1.43 kB
public/build/assets/use-form-autosave-ajMEc5wv.js                        2.92 kB │ gzip:   1.46 kB
public/build/assets/toolbar-S8-vJsNz.js                                  2.92 kB │ gzip:   1.40 kB
public/build/assets/hs-detail-dialog-CNq226Om.js                         2.93 kB │ gzip:   1.34 kB
public/build/assets/add-evidence-dialog-DdeEOX5r.js                      2.95 kB │ gzip:   1.54 kB
public/build/assets/notification-catalog-DveZKd9k.js                     2.96 kB │ gzip:   0.93 kB
public/build/assets/forgot-password-CITwnkkf.js                          2.99 kB │ gzip:   1.43 kB
public/build/assets/auth-layout-CZtzJmh4.js                              3.03 kB │ gzip:   1.37 kB
public/build/assets/report-launcher-BFCxD08g.js                          3.03 kB │ gzip:   1.51 kB
public/build/assets/tab-strip-DCVvvm08.js                                3.03 kB │ gzip:   1.38 kB
public/build/assets/lifecycle-dialog-DahxKTIW.js                         3.05 kB │ gzip:   1.56 kB
public/build/assets/_overview-map-card-Dkpdno8U.js                       3.06 kB │ gzip:   1.49 kB
public/build/assets/provisioning-manual-dialog-BPLd1DJ7.js               3.06 kB │ gzip:   1.53 kB
public/build/assets/reset-password-BomjitUx.js                           3.08 kB │ gzip:   1.25 kB
public/build/assets/start-reconciliation-dialog-DhEjEm28.js              3.11 kB │ gzip:   1.29 kB
public/build/assets/two-factor-challenge-C_GO5yK4.js                     3.13 kB │ gzip:   1.47 kB
public/build/assets/dictate-button-BoI2Xpyp.js                           3.14 kB │ gzip:   1.60 kB
public/build/assets/use-specialist-form-defaults-DSQzcKh_.js             3.14 kB │ gzip:   1.56 kB
public/build/assets/client-edit-dialog-RCoj95K8.js                       3.16 kB │ gzip:   1.57 kB
public/build/assets/record-care-actions-BwxOIHRP.js                      3.18 kB │ gzip:   1.40 kB
public/build/assets/document-library-kit-_BoALaz8.js                     3.19 kB │ gzip:   1.08 kB
public/build/assets/risk-assessments-Cdo3t2aB.js                         3.21 kB │ gzip:   1.55 kB
public/build/assets/recorded-detail-dialog-_k66FhEB.js                   3.22 kB │ gzip:   1.59 kB
public/build/assets/control-room-row-actions-0lq-zib6.js                 3.31 kB │ gzip:   1.49 kB
public/build/assets/_dialogs-DPVFM2JW.js                                 3.32 kB │ gzip:   1.44 kB
public/build/assets/leave-context-menu-DLPvYjQP.js                       3.33 kB │ gzip:   1.64 kB
public/build/assets/row-context-menu-BuvIqrKq.js                         3.33 kB │ gzip:   1.64 kB
public/build/assets/_context-menu-CeQQh61p.js                            3.33 kB │ gzip:   1.60 kB
public/build/assets/fleet-compact-hero-CRB3W_7L.js                       3.33 kB │ gzip:   1.45 kB
public/build/assets/remote-picker-CB-KOooV.js                            3.33 kB │ gzip:   1.68 kB
public/build/assets/compensation-tabs-Dn8EyQ7F.js                        3.34 kB │ gzip:   1.61 kB
public/build/assets/hs-hero-kit-BWxK4Xu2.js                              3.36 kB │ gzip:   1.55 kB
public/build/assets/task-steps-CEySXp8Y.js                               3.38 kB │ gzip:   1.59 kB
public/build/assets/record-command-CDvROXRK.js                           3.39 kB │ gzip:   1.58 kB
public/build/assets/shift-med-snapshot-CKoL8f6s.js                       3.39 kB │ gzip:   1.36 kB
public/build/assets/device-profile-navigation-DTE4CnHu.js                3.40 kB │ gzip:   1.66 kB
public/build/assets/inspections-DpEbg9AL.js                              3.42 kB │ gzip:   1.39 kB
public/build/assets/ra-register-section-D0psa99U.js                      3.46 kB │ gzip:   1.76 kB
public/build/assets/command-ozbuui3V.js                                  3.47 kB │ gzip:   1.06 kB
public/build/assets/shift-context-menu-D0DgSK9K.js                       3.49 kB │ gzip:   1.66 kB
public/build/assets/posting-preview-BLWC2TSD.js                          3.51 kB │ gzip:   1.53 kB
public/build/assets/_emergency-checklist-DfeBduCS.js                     3.52 kB │ gzip:   1.54 kB
public/build/assets/search-select-Bgjnhpaf.js                            3.55 kB │ gzip:   1.75 kB
public/build/assets/handover-context-menu-CZ7gVs0s.js                    3.55 kB │ gzip:   1.54 kB
public/build/assets/_readiness-panel-XXJ01w69.js                         3.59 kB │ gzip:   1.64 kB
public/build/assets/checklists-BXRPY9mw.js                               3.59 kB │ gzip:   1.72 kB
public/build/assets/checks-model-BpbAC4Rm.js                             3.63 kB │ gzip:   1.63 kB
public/build/assets/journey-term-help-DWvSQpGE.js                        3.64 kB │ gzip:   1.45 kB
public/build/assets/my-provisioning-list-snj4Yr0x.js                     3.67 kB │ gzip:   1.70 kB
public/build/assets/site-profile-states-BGVJke9R.js                      3.69 kB │ gzip:   1.45 kB
public/build/assets/alert-dialog-OTHUAeuL.js                             3.76 kB │ gzip:   1.10 kB
public/build/assets/resolution-voting-Bpa7_z73.js                        3.78 kB │ gzip:   1.69 kB
public/build/assets/_geometry-Dx1kFP0e.js                                3.80 kB │ gzip:   1.60 kB
public/build/assets/configured-questions-CwrMHlCb.js                     3.86 kB │ gzip:   1.82 kB
public/build/assets/register-CiOX6jRl.js                                 3.88 kB │ gzip:   1.46 kB
public/build/assets/MedicationScanVerificationPanel-Dz8wXqvy.js          3.89 kB │ gzip:   1.61 kB
public/build/assets/task-detail-dialog-CNb324N6.js                       3.90 kB │ gzip:   1.78 kB
public/build/assets/reference-questionnaire-DukeeND2.js                  3.94 kB │ gzip:   1.82 kB
public/build/assets/ticket-version-conflict-Z6lVl4jc.js                  3.96 kB │ gzip:   1.80 kB
public/build/assets/shift-timeline-summary-AdLgMeQZ.js                   3.99 kB │ gzip:   1.66 kB
public/build/assets/login-DbCJjqiX.js                                    4.01 kB │ gzip:   1.72 kB
public/build/assets/governed-location-export-dialog-jUU9JyFX.js          4.01 kB │ gzip:   1.96 kB
public/build/assets/shared-C4yEKIcD.js                                   4.01 kB │ gzip:   1.96 kB
public/build/assets/finance-period-filter-BSm9Ec14.js                    4.02 kB │ gzip:   1.91 kB
public/build/assets/edit-D8JfUjac.js                                     4.03 kB │ gzip:   1.78 kB
public/build/assets/shift-summary-DYk6KFi1.js                            4.07 kB │ gzip:   1.68 kB
public/build/assets/calendar-C7Fy33sC.js                                 4.10 kB │ gzip:   1.82 kB
public/build/assets/workspace-model-CTDC_Qgb.js                          4.10 kB │ gzip:   1.78 kB
public/build/assets/index-Bpzl9rqK.js                                    4.13 kB │ gzip:   0.83 kB
public/build/assets/entity-cells-DK-C3U7t.js                             4.13 kB │ gzip:   1.64 kB
public/build/assets/use-two-factor-auth-vjDcUxBi.js                      4.15 kB │ gzip:   1.78 kB
public/build/assets/_site-geofence-dialog-BILg_Pg-.js                    4.15 kB │ gzip:   2.00 kB
public/build/assets/empty-state-D-cNx4_J.js                              4.18 kB │ gzip:   1.85 kB
public/build/assets/board-bits-i9uwUUKC.js                               4.19 kB │ gzip:   1.58 kB
public/build/assets/address-search-CJqaEoFB.js                           4.20 kB │ gzip:   1.87 kB
public/build/assets/specialist-record-list-CTSQBBuG.js                   4.23 kB │ gzip:   1.98 kB
public/build/assets/hazards-CsmEXXOE.js                                  4.24 kB │ gzip:   1.95 kB
public/build/assets/estate-operations-Cwq15Xr0.js                        4.29 kB │ gzip:   1.73 kB
public/build/assets/documents-muXrdHRv.js                                4.32 kB │ gzip:   1.92 kB
public/build/assets/generate-rounds-modal-BUDkfzsq.js                    4.33 kB │ gzip:   2.11 kB
public/build/assets/wizard-fields--KyPNKHo.js                            4.34 kB │ gzip:   1.90 kB
public/build/assets/first-aid-tab-D_ZXvGYY.js                            4.34 kB │ gzip:   1.78 kB
public/build/assets/assets-C-JTMHTD.js                                   4.37 kB │ gzip:   1.73 kB
public/build/assets/login-XxXYQ4Lw.js                                    4.37 kB │ gzip:   1.85 kB
public/build/assets/date-picker-B33KpB1w.js                              4.39 kB │ gzip:   1.98 kB
public/build/assets/privacy-shared-DyYfkRYH.js                           4.39 kB │ gzip:   1.65 kB
public/build/assets/_shared-D-g1XrJ8.js                                  4.41 kB │ gzip:   1.90 kB
public/build/assets/_dialogs-hAVAi3jh.js                                 4.43 kB │ gzip:   1.81 kB
public/build/assets/shift-audit-timeline-D32a72Hh.js                     4.49 kB │ gzip:   1.83 kB
public/build/assets/shared-vBinDh5_.js                                   4.50 kB │ gzip:   1.74 kB
public/build/assets/applicable-procedures-panel-BMA81ALA.js              4.52 kB │ gzip:   1.75 kB
public/build/assets/task-help-CHEaRy38.js                                4.61 kB │ gzip:   1.95 kB
public/build/assets/client-clinical-launchers-Cx9hKH5y.js                4.62 kB │ gzip:   2.10 kB
public/build/assets/meal-planner-COg1hV7K.js                             4.69 kB │ gzip:   2.20 kB
public/build/assets/incidents-tab-BAxxIZCg.js                            4.72 kB │ gzip:   1.85 kB
public/build/assets/Create-BAohksMn.js                                   4.73 kB │ gzip:   2.12 kB
public/build/assets/_dialogs-Cwry4YCv.js                                 4.75 kB │ gzip:   2.19 kB
public/build/assets/donut-card-BwnfSjei.js                               4.76 kB │ gzip:   2.08 kB
public/build/assets/control-room-workspace-hero-8GsxyCVZ.js              4.76 kB │ gzip:   2.26 kB
public/build/assets/AgedPayables-D9900_iT.js                             4.79 kB │ gzip:   2.15 kB
public/build/assets/AgedReceivables-C7ixNNnS.js                          4.80 kB │ gzip:   2.15 kB
public/build/assets/dialog-B8u4myQj.js                                   4.80 kB │ gzip:   1.64 kB
public/build/assets/calendar-range-CJ-rfPTw.js                           4.81 kB │ gzip:   2.26 kB
public/build/assets/_asset-dialogs-DE_j6n0F.js                           4.83 kB │ gzip:   2.29 kB
public/build/assets/entity-filter-D8Dou_IA.js                            4.89 kB │ gzip:   2.28 kB
public/build/assets/Edit-BnCowigj.js                                     4.91 kB │ gzip:   2.26 kB
public/build/assets/hardware-CWcLtk89.js                                 4.92 kB │ gzip:   2.16 kB
public/build/assets/permission-destinations-r_OK7p2R.js                  4.93 kB │ gzip:   1.12 kB
public/build/assets/page-tabs-CZv2F_q7.js                                4.94 kB │ gzip:   2.03 kB
public/build/assets/concern-CxOi9Z_U.js                                  4.96 kB │ gzip:   2.28 kB
public/build/assets/_dialogs-Ds6YuYs1.js                                 4.97 kB │ gzip:   2.33 kB
public/build/assets/whats-next-rail-BLvxmu6z.js                          4.99 kB │ gzip:   2.37 kB
public/build/assets/_dialogs-CF9rXhZk.js                                 5.03 kB │ gzip:   2.03 kB
public/build/assets/leave-calendar-range-Cwho6UYv.js                     5.04 kB │ gzip:   2.26 kB
public/build/assets/_dialogs-dSLWtsRU.js                                 5.10 kB │ gzip:   2.37 kB
public/build/assets/client-safety-ribbon-BTkWelqe.js                     5.10 kB │ gzip:   2.24 kB
public/build/assets/show-CRQnmGPe.js                                     5.15 kB │ gzip:   2.38 kB
public/build/assets/fleet-navigation-EgYOeNC6.js                         5.17 kB │ gzip:   2.01 kB
public/build/assets/_evidence-BudSsg_Q.js                                5.17 kB │ gzip:   2.18 kB
public/build/assets/prn-effect-dialog-CCS-S6RS.js                        5.19 kB │ gzip:   2.28 kB
public/build/assets/shared-jN9mULNO.js                                   5.20 kB │ gzip:   2.05 kB
public/build/assets/qr-reader-BdcuPpj-.js                                5.20 kB │ gzip:   2.28 kB
public/build/assets/day-picker-chip-C1MbUY7V.js                          5.21 kB │ gzip:   2.23 kB
public/build/assets/list-view-Bxpcj0en.js                                5.22 kB │ gzip:   1.83 kB
public/build/assets/Placeholder-B_KuRLOD.js                              5.23 kB │ gzip:   2.46 kB
public/build/assets/before-you-finish-aPLixJw4.js                        5.25 kB │ gzip:   2.13 kB
public/build/assets/plan-BbTd0Y0W.js                                     5.26 kB │ gzip:   2.34 kB
public/build/assets/wizard-shell-1N3Udw0m.js                             5.31 kB │ gzip:   2.31 kB
public/build/assets/application-status-gtPVfBqG.js                       5.31 kB │ gzip:   2.16 kB
public/build/assets/care-plan-domains-builder-BDI2eoe6.js                5.33 kB │ gzip:   2.07 kB
public/build/assets/shared-CmyqTydH.js                                   5.34 kB │ gzip:   2.38 kB
public/build/assets/entity-menu-Bmgfh7CZ.js                              5.35 kB │ gzip:   2.46 kB
public/build/assets/index-CJd4bSmw.js                                    5.35 kB │ gzip:   2.38 kB
public/build/assets/paperwork-panel-CmV1xN1a.js                          5.38 kB │ gzip:   2.34 kB
public/build/assets/show-DtsXDWki.js                                     5.41 kB │ gzip:   2.40 kB
public/build/assets/contacts-BAdsmg5K.js                                 5.42 kB │ gzip:   2.31 kB
public/build/assets/_thumbnail-B9cZxfii.js                               5.43 kB │ gzip:   2.56 kB
public/build/assets/fleet-charts-BD3Cp0FY.js                             5.50 kB │ gzip:   2.46 kB
public/build/assets/show-BOs_nDRI.js                                     5.56 kB │ gzip:   2.53 kB
public/build/assets/show-CYEruRCO.js                                     5.57 kB │ gzip:   2.36 kB
public/build/assets/global-DZkAh942.js                                   5.58 kB │ gzip:   2.49 kB
public/build/assets/Index-B-eCHAiG.js                                    5.58 kB │ gzip:   2.51 kB
public/build/assets/show-DV3MAkVf.js                                     5.58 kB │ gzip:   2.33 kB
public/build/assets/date-popover-uejeADS5.js                             5.60 kB │ gzip:   2.41 kB
public/build/assets/audit-log-modal-juQBrIJV.js                          5.60 kB │ gzip:   2.51 kB
public/build/assets/medication-review-modal-b_Hhh1Z3.js                  5.64 kB │ gzip:   2.55 kB
public/build/assets/index-BegjQbPi.js                                    5.66 kB │ gzip:   2.51 kB
public/build/assets/entity-table-t4ax7niV.js                             5.74 kB │ gzip:   2.40 kB
public/build/assets/complete-obligation-dialog-G9sY0s51.js               5.76 kB │ gzip:   2.57 kB
public/build/assets/index-Bv9VcqDZ.js                                    5.78 kB │ gzip:   2.58 kB
public/build/assets/rhythms-routines-CQSv1wLB.js                         5.79 kB │ gzip:   2.63 kB
public/build/assets/Calendar-BIGQ0EHH.js                                 5.85 kB │ gzip:   2.65 kB
public/build/assets/index-BRMVC-Tc.js                                    5.86 kB │ gzip:   2.68 kB
public/build/assets/select-8X1KXI48.js                                   5.86 kB │ gzip:   1.90 kB
public/build/assets/multi-entity-filter-BwMRA2Z3.js                      5.86 kB │ gzip:   2.62 kB
public/build/assets/_shared-BwrfYpE8.js                                  5.88 kB │ gzip:   2.59 kB
public/build/assets/dropdown-menu-DntB70wR.js                            5.88 kB │ gzip:   1.65 kB
public/build/assets/stat-tile-DcEOif3_.js                                5.89 kB │ gzip:   2.51 kB
public/build/assets/GovernanceAttachmentsPanel-CYkW3c-B.js               5.91 kB │ gzip:   2.49 kB
public/build/assets/_helpers-eoaPjGgJ.js                                 5.94 kB │ gzip:   2.45 kB
public/build/assets/index-GVtd_gk-.js                                    5.98 kB │ gzip:   2.77 kB
public/build/assets/compliance-bits-CPBFCQyK.js                          6.02 kB │ gzip:   2.53 kB
public/build/assets/audit-BzhNX408.js                                    6.02 kB │ gzip:   2.72 kB
public/build/assets/index-DQSwo0lE.js                                    6.03 kB │ gzip:   2.61 kB
public/build/assets/report-page-Df_vBZhd.js                              6.03 kB │ gzip:   2.83 kB
public/build/assets/index-B7peWnGd.js                                    6.05 kB │ gzip:   2.75 kB
public/build/assets/link-client-dialog-Boa4-1ss.js                       6.06 kB │ gzip:   2.58 kB
public/build/assets/stream-context-menu-DHyCmqti.js                      6.08 kB │ gzip:   2.79 kB
public/build/assets/food-meal-BUW8paNp.js                                6.12 kB │ gzip:   2.11 kB
public/build/assets/BoardMonthly-CMRkvmRg.js                             6.17 kB │ gzip:   2.86 kB
public/build/assets/index-CKih5hda.js                                    6.18 kB │ gzip:   2.83 kB
public/build/assets/with-concerns-GZuQADPp.js                            6.18 kB │ gzip:   2.76 kB
public/build/assets/with-incidents-BJhyRw4L.js                           6.19 kB │ gzip:   2.75 kB
public/build/assets/show-DF4zQSJe.js                                     6.22 kB │ gzip:   2.82 kB
public/build/assets/index-CpKq6dn8.js                                    6.22 kB │ gzip:   2.77 kB
public/build/assets/compliance-hub-header-BefHBWv6.js                    6.22 kB │ gzip:   2.75 kB
public/build/assets/controls-BV1AB0Wc.js                                 6.26 kB │ gzip:   2.87 kB
public/build/assets/index-Bn-HxxIu.js                                    6.26 kB │ gzip:   2.82 kB
public/build/assets/emergency-plan-ChW67NU-.js                           6.26 kB │ gzip:   2.80 kB
public/build/assets/recognition-wizard-CnWPg10L.js                       6.27 kB │ gzip:   2.43 kB
public/build/assets/show-B-ziqx86.js                                     6.29 kB │ gzip:   2.51 kB
public/build/assets/Calendar-CdIc5hOu.js                                 6.35 kB │ gzip:   2.87 kB
public/build/assets/index-CFog38cm.js                                    6.35 kB │ gzip:   2.82 kB
public/build/assets/quick-note-dialog-CNzFHbmS.js                        6.36 kB │ gzip:   2.65 kB
public/build/assets/for-stay-Bn6jPaLI.js                                 6.36 kB │ gzip:   2.81 kB
public/build/assets/create-Cead93ON.js                                   6.38 kB │ gzip:   2.64 kB
public/build/assets/use-my-day-labels-Cu-spPls.js                        6.38 kB │ gzip:   2.60 kB
public/build/assets/stock-movement-modal-BDMpO9BA.js                     6.40 kB │ gzip:   2.62 kB
public/build/assets/report-BcrVsbfY.js                                   6.41 kB │ gzip:   2.93 kB
public/build/assets/show-rK37y2Mm.js                                     6.41 kB │ gzip:   2.86 kB
public/build/assets/offer-response-B9ZEGKdy.js                           6.41 kB │ gzip:   2.61 kB
public/build/assets/compensation-hero-Dbn3EVNk.js                        6.42 kB │ gzip:   2.49 kB
public/build/assets/entity-card-dYp5bkoA.js                              6.42 kB │ gzip:   2.74 kB
public/build/assets/Create-CAUzhArR.js                                   6.44 kB │ gzip:   2.96 kB
public/build/assets/auto-rule-builder-DaKkHfhe.js                        6.50 kB │ gzip:   2.43 kB
public/build/assets/tabs-DRpWknnI.js                                     6.50 kB │ gzip:   2.68 kB
public/build/assets/overdue-CODiBDiD.js                                  6.50 kB │ gzip:   2.85 kB
public/build/assets/list-view-DzfxiM-e.js                                6.53 kB │ gzip:   2.37 kB
public/build/assets/clients-NoFCFsO8.js                                  6.54 kB │ gzip:   2.77 kB
public/build/assets/unacknowledged-B7PgTOBF.js                           6.54 kB │ gzip:   2.85 kB
public/build/assets/overdue-gUKUAx2F.js                                  6.54 kB │ gzip:   2.85 kB
public/build/assets/my-active-fpZC3KsM.js                                6.55 kB │ gzip:   2.92 kB
public/build/assets/ppe-shared-C9uDIrwk.js                               6.56 kB │ gzip:   2.64 kB
public/build/assets/trend-charts-T0czE6RM.js                             6.57 kB │ gzip:   2.54 kB
public/build/assets/Create-jOIbmS1c.js                                   6.57 kB │ gzip:   2.97 kB
public/build/assets/actions-reviews-CbS-tKaO.js                          6.59 kB │ gzip:   2.68 kB
public/build/assets/maps-usage-CpgLStWJ.js                               6.62 kB │ gzip:   2.91 kB
public/build/assets/sortable.esm-TrASzQ3t.js                             6.64 kB │ gzip:   2.78 kB
public/build/assets/_workspace-CPT9_mAi.js                               6.70 kB │ gzip:   2.73 kB
public/build/assets/policy-summary-BINgwTXI.js                           6.71 kB │ gzip:   3.15 kB
public/build/assets/meal-planner-D7MBW7cj.js                             6.72 kB │ gzip:   2.99 kB
public/build/assets/_registers-D2WE2kdx.js                               6.75 kB │ gzip:   2.64 kB
public/build/assets/for-client-D461LiQ5.js                               6.75 kB │ gzip:   2.93 kB
public/build/assets/shift-calendar-view-sdvwFR5h.js                      6.78 kB │ gzip:   2.74 kB
public/build/assets/index-BKuL1aI8.js                                    6.82 kB │ gzip:   1.08 kB
public/build/assets/handover-rail-BlwbQdKs.js                            6.82 kB │ gzip:   2.89 kB
public/build/assets/needing-acknowledgment-CO5vqxes.js                   6.86 kB │ gzip:   2.92 kB
public/build/assets/clock-in-wizard-BH2L1xFB.js                          6.88 kB │ gzip:   2.94 kB
public/build/assets/for-stay-B5gefgXD.js                                 6.88 kB │ gzip:   3.04 kB
public/build/assets/board-view-DNsZQ9jk.js                               6.89 kB │ gzip:   2.72 kB
public/build/assets/checklist-trends-YpeUfARH.js                         6.90 kB │ gzip:   3.00 kB
public/build/assets/day-work-list-B3yHTjlY.js                            6.91 kB │ gzip:   2.82 kB
public/build/assets/assignments-FfqCOmJb.js                              6.91 kB │ gzip:   3.27 kB
public/build/assets/show-BsNH0Msu.js                                     6.93 kB │ gzip:   3.20 kB
public/build/assets/index-D66Yt_6z.js                                    6.94 kB │ gzip:   2.81 kB
public/build/assets/for-stay-CDxjtSOQ.js                                 7.00 kB │ gzip:   3.12 kB
public/build/assets/_dialogs-CowECs3D.js                                 7.01 kB │ gzip:   3.22 kB
public/build/assets/_header-BtpCAlII.js                                  7.05 kB │ gzip:   3.27 kB
public/build/assets/alert-worklist-EsPXZ4SX.js                           7.05 kB │ gzip:   2.65 kB
public/build/assets/my-tasks-D9utJyJ4.js                                 7.07 kB │ gzip:   3.11 kB
public/build/assets/agreements-Bmw12r_X.js                               7.10 kB │ gzip:   3.29 kB
public/build/assets/combined-6W_genwo.js                                 7.10 kB │ gzip:   3.04 kB
public/build/assets/awaiting-approval-D2XrVmUr.js                        7.11 kB │ gzip:   3.06 kB
public/build/assets/reports-modal-DlEk-Xdy.js                            7.13 kB │ gzip:   2.96 kB
public/build/assets/index-lPFd9Akm.js                                    7.15 kB │ gzip:   3.06 kB
public/build/assets/monitoring-incident-evidence-card-CbjoDlWv.js        7.16 kB │ gzip:   2.52 kB
public/build/assets/Index-ClTawuSy.js                                    7.16 kB │ gzip:   3.08 kB
public/build/assets/assets-Dd1Ndoqd.js                                   7.16 kB │ gzip:   2.99 kB
public/build/assets/_dialogs-B0znRzB2.js                                 7.17 kB │ gzip:   3.06 kB
public/build/assets/checklist-WWuZFTed.js                                7.18 kB │ gzip:   3.12 kB
public/build/assets/fix-clock-out-wizard-BS3-2uzh.js                     7.18 kB │ gzip:   3.07 kB
public/build/assets/_dialogs-C-AzGt6j.js                                 7.19 kB │ gzip:   3.02 kB
public/build/assets/Calendar-B5JmFpXu.js                                 7.19 kB │ gzip:   3.20 kB
public/build/assets/fleet-hero-kit-DoTXiKTP.js                           7.19 kB │ gzip:   2.89 kB
public/build/assets/Show-CydHuY0a.js                                     7.20 kB │ gzip:   2.96 kB
public/build/assets/map-model-W3TdKm_Q.js                                7.21 kB │ gzip:   3.07 kB
public/build/assets/leave-excursions-Cpf_B_O0.js                         7.21 kB │ gzip:   2.39 kB
public/build/assets/Index-D6rKlvzt.js                                    7.22 kB │ gzip:   3.07 kB
public/build/assets/location-workspace-BSmbCQEC.js                       7.23 kB │ gzip:   3.08 kB
public/build/assets/Show-BJt67LSJ.js                                     7.24 kB │ gzip:   3.09 kB
public/build/assets/preferences-WjwUrVzr.js                              7.28 kB │ gzip:   3.27 kB
public/build/assets/review-CY6dysHq.js                                   7.31 kB │ gzip:   3.11 kB
public/build/assets/new-journal-dialog-DKftk6_8.js                       7.31 kB │ gzip:   2.69 kB
public/build/assets/respite-Cz_JO_UU.js                                  7.31 kB │ gzip:   2.81 kB
public/build/assets/people-picker-D5iyUREu.js                            7.35 kB │ gzip:   3.14 kB
public/build/assets/provisioning-picker-C8LzLwMA.js                      7.39 kB │ gzip:   3.29 kB
public/build/assets/_review-dialog-BtCLdENk.js                           7.47 kB │ gzip:   3.12 kB
public/build/assets/index-zUnbHqEC.js                                    7.47 kB │ gzip:   3.15 kB
public/build/assets/index-tAztXyd_.js                                    7.47 kB │ gzip:   3.15 kB
public/build/assets/create-D5totcvL.js                                   7.50 kB │ gzip:   3.28 kB
public/build/assets/_dialogs-BPK7SfFk.js                                 7.51 kB │ gzip:   2.47 kB
public/build/assets/Edit-DRoyMWLU.js                                     7.51 kB │ gzip:   3.23 kB
public/build/assets/create-6aXm8jsp.js                                   7.51 kB │ gzip:   3.16 kB
public/build/assets/compliance-hero-cV8iyqS9.js                          7.56 kB │ gzip:   2.61 kB
public/build/assets/shared-BZkrZM_V.js                                   7.61 kB │ gzip:   3.05 kB
public/build/assets/payroll-adjustments-CrqBSERz.js                      7.67 kB │ gzip:   3.09 kB
public/build/assets/deletion-logs-Pa6hdewz.js                            7.74 kB │ gzip:   3.35 kB
public/build/assets/location-navigator-BMtlg6Wq.js                       7.75 kB │ gzip:   2.64 kB
public/build/assets/report-error-modal-C_BraE4V.js                       7.76 kB │ gzip:   3.27 kB
public/build/assets/show-Q7SRgAu0.js                                     7.79 kB │ gzip:   3.16 kB
public/build/assets/communication-notes-DFAw1p4k.js                      7.79 kB │ gzip:   3.17 kB
public/build/assets/for-stay-BT83jJ8l.js                                 7.83 kB │ gzip:   3.28 kB
public/build/assets/assignments-CAs1mX6s.js                              7.86 kB │ gzip:   3.59 kB
public/build/assets/medical-simple-Dif3gFR6.js                           7.89 kB │ gzip:   3.46 kB
public/build/assets/index-C2aqdcbh.js                                    7.90 kB │ gzip:   3.27 kB
public/build/assets/history-index-gDNbIyPT.js                            7.95 kB │ gzip:   3.49 kB
public/build/assets/Submissions-C-ogkj-4.js                              7.96 kB │ gzip:   3.72 kB
public/build/assets/daily-note-entry-xAGmVzKQ.js                         7.97 kB │ gzip:   3.03 kB
public/build/assets/pending-D2dVIfBk.js                                  8.01 kB │ gzip:   3.41 kB
public/build/assets/index-KW2slXCY.js                                    8.02 kB │ gzip:   3.38 kB
public/build/assets/show-CWhsueyy.js                                     8.05 kB │ gzip:   3.55 kB
public/build/assets/file-dropzone-DE1Gr9ZG.js                            8.08 kB │ gzip:   3.49 kB
public/build/assets/from-resolution-CDoDcEPs.js                          8.10 kB │ gzip:   3.59 kB
public/build/assets/audit-history-Bl_W2t48.js                            8.13 kB │ gzip:   3.26 kB
public/build/assets/shoutouts-B4Truj2Q.js                                8.19 kB │ gzip:   3.57 kB
public/build/assets/notifications-CMKgPGMD.js                            8.20 kB │ gzip:   3.62 kB
public/build/assets/_tool-palette-o_NHvVkr.js                            8.20 kB │ gzip:   3.00 kB
public/build/assets/work-schedule-AGxWBpEV.js                            8.26 kB │ gzip:   3.41 kB
public/build/assets/availability-Dj__vCrc.js                             8.34 kB │ gzip:   3.69 kB
public/build/assets/shell-8MH0pLwp.js                                    8.38 kB │ gzip:   3.04 kB
public/build/assets/round-template-dialog-HrYebbJV.js                    8.39 kB │ gzip:   3.49 kB
public/build/assets/index-Cr6GZGAy.js                                    8.40 kB │ gzip:   3.18 kB
public/build/assets/reassign-dialog-C4DPe32h.js                          8.42 kB │ gzip:   3.60 kB
public/build/assets/incidents-Xh18NIpE.js                                8.42 kB │ gzip:   3.36 kB
public/build/assets/index-Dlg97wMc.js                                    8.44 kB │ gzip:   1.27 kB
public/build/assets/password-BYwKlQEA.js                                 8.46 kB │ gzip:   3.37 kB
public/build/assets/attestations-CcoHukRi.js                             8.47 kB │ gzip:   3.66 kB
public/build/assets/form-wizard-DAytHTUc.js                              8.49 kB │ gzip:   3.49 kB
public/build/assets/my-day-header-BcK8mKWG.js                            8.50 kB │ gzip:   3.70 kB
public/build/assets/_dialogs-C2jgFIbi.js                                 8.57 kB │ gzip:   3.32 kB
public/build/assets/index-CuuwrIhI.js                                    8.60 kB │ gzip:   1.25 kB
public/build/assets/primitives-bG5IeonD.js                               8.69 kB │ gzip:   3.27 kB
public/build/assets/bank-account-dialog-MDmEJ7z7.js                      8.70 kB │ gzip:   3.38 kB
public/build/assets/asset-condition-BC-OKJg0.js                          8.70 kB │ gzip:   3.48 kB
public/build/assets/credentials-DOKHWJl_.js                              8.70 kB │ gzip:   3.57 kB
public/build/assets/settings-aYLZq6WY.js                                 8.71 kB │ gzip:   3.77 kB
public/build/assets/new-account-dialog-DViU3Uhm.js                       8.74 kB │ gzip:   3.41 kB
public/build/assets/index-B3qL8o0k.js                                    8.75 kB │ gzip:   3.73 kB
public/build/assets/index-B5-RkaSw.js                                    8.75 kB │ gzip:   3.74 kB
public/build/assets/personal-entry-dialog-B--ymukg.js                    8.79 kB │ gzip:   3.29 kB
public/build/assets/add-medication-modal-Do7GtalP.js                     8.87 kB │ gzip:   3.64 kB
public/build/assets/show-Cny4KA2r.js                                     8.89 kB │ gzip:   3.03 kB
public/build/assets/show-HED8N7Sb.js                                     8.94 kB │ gzip:   4.00 kB
public/build/assets/timeline-interactions-DCvi6bdY.js                    8.96 kB │ gzip:   3.62 kB
public/build/assets/overdue-actions-CcisN6yS.js                          8.98 kB │ gzip:   3.74 kB
public/build/assets/Index-D8_4aa5S.js                                    9.02 kB │ gzip:   3.82 kB
public/build/assets/fleet-C--8K9JV.js                                    9.05 kB │ gzip:   3.16 kB
public/build/assets/hero-kit-BvsgfiqZ.js                                 9.08 kB │ gzip:   2.98 kB
public/build/assets/assess-D5Dr7skY.js                                   9.10 kB │ gzip:   3.79 kB
public/build/assets/Index-MyKGrNPq.js                                    9.11 kB │ gzip:   3.91 kB
public/build/assets/index-CsvJJL3Q.js                                    9.13 kB │ gzip:   3.81 kB
public/build/assets/ClientTrends-LtFOs9N_.js                             9.13 kB │ gzip:   3.92 kB
public/build/assets/file-CkWclDml.js                                     9.15 kB │ gzip:   3.89 kB
public/build/assets/record-3HAnlYWk.js                                   9.19 kB │ gzip:   4.15 kB
public/build/assets/Index-oTm1ZiJk.js                                    9.24 kB │ gzip:   3.70 kB
public/build/assets/index-gw1dhbN9.js                                    9.26 kB │ gzip:   3.95 kB
public/build/assets/index-BXaGMvcC.js                                    9.26 kB │ gzip:   3.64 kB
public/build/assets/index-DxuJz8k9.js                                    9.27 kB │ gzip:   4.03 kB
public/build/assets/note-rail-BBZILa7s.js                                9.29 kB │ gzip:   3.55 kB
public/build/assets/shift-show-redesign-DdrVSX2t.js                      9.34 kB │ gzip:   3.58 kB
public/build/assets/CarePlans-DLuuEAhp.js                                9.34 kB │ gzip:   3.77 kB
public/build/assets/knowledge-related-records-CUSlrNvQ.js                9.37 kB │ gzip:   3.77 kB
public/build/assets/cd-register-modal-UX4tXgxt.js                        9.37 kB │ gzip:   3.85 kB
public/build/assets/reports-B-2aIc1N.js                                  9.39 kB │ gzip:   3.91 kB
public/build/assets/_manage-types-dialog-9Bs1PiPE.js                     9.39 kB │ gzip:   3.83 kB
public/build/assets/Show-S8sY9MXv.js                                     9.40 kB │ gzip:   4.19 kB
public/build/assets/Show-CiwPyK8a.js                                     9.46 kB │ gzip:   4.11 kB
public/build/assets/benefits-5I3w94SS.js                                 9.49 kB │ gzip:   3.77 kB
public/build/assets/Create-Jvwer4nQ.js                                   9.53 kB │ gzip:   3.88 kB
public/build/assets/history-D54LgnhR.js                                  9.54 kB │ gzip:   3.84 kB
public/build/assets/_dialogs-DQX_kRYP.js                                 9.60 kB │ gzip:   3.08 kB
public/build/assets/Index-CWs9mXG7.js                                    9.61 kB │ gzip:   4.15 kB
public/build/assets/Edit-DF4gJfXs.js                                     9.65 kB │ gzip:   4.01 kB
public/build/assets/family-tree-CLX_dMOt.js                              9.68 kB │ gzip:   3.64 kB
public/build/assets/reimbursement-Ba0BXH6w.js                            9.68 kB │ gzip:   3.77 kB
public/build/assets/module-Dfvb-K7a.js                                   9.69 kB │ gzip:   4.31 kB
public/build/assets/index-CL0BQAOu.js                                    9.69 kB │ gzip:   4.09 kB
public/build/assets/create-CcGnZKgn.js                                   9.73 kB │ gzip:   4.08 kB
public/build/assets/Index-DZloRIwg.js                                    9.73 kB │ gzip:   4.01 kB
public/build/assets/upload-DLxu9m9i.js                                   9.73 kB │ gzip:   4.07 kB
public/build/assets/stream-item-q9juli5I.js                              9.74 kB │ gzip:   3.61 kB
public/build/assets/Mapping-BZvZyN7u.js                                  9.75 kB │ gzip:   4.18 kB
public/build/assets/show-C7HMBNy6.js                                     9.76 kB │ gzip:   3.89 kB
public/build/assets/reviews-Q5hcTx74.js                                  9.77 kB │ gzip:   4.36 kB
public/build/assets/linked-operational-evidence-BH2HFqN9.js              9.78 kB │ gzip:   3.16 kB
public/build/assets/labels-CJYJGfOF.js                                   9.78 kB │ gzip:   3.69 kB
public/build/assets/retention-DQNA08YZ.js                                9.81 kB │ gzip:   3.94 kB
public/build/assets/_food-meal-preferences-BAFfHN1x.js                   9.82 kB │ gzip:   3.80 kB
public/build/assets/respond-C6SDJvtn.js                                  9.85 kB │ gzip:   4.30 kB
public/build/assets/ComplianceStatus-IoM6Hoc-.js                         9.86 kB │ gzip:   4.20 kB
public/build/assets/index-8rYtxp4A.js                                    9.87 kB │ gzip:   4.02 kB
public/build/assets/Index-nqeupiby.js                                    9.88 kB │ gzip:   4.13 kB
public/build/assets/Create-C5TodsGS.js                                   9.89 kB │ gzip:   4.00 kB
public/build/assets/create-hE5sud6h.js                                   9.92 kB │ gzip:   4.09 kB
public/build/assets/Logs-Bv_bQPzV.js                                     9.94 kB │ gzip:   4.24 kB
public/build/assets/Create-DCH1kwN9.js                                   9.94 kB │ gzip:   4.02 kB
public/build/assets/succession-wizards-DTQ5cgd3.js                       9.98 kB │ gzip:   3.99 kB
public/build/assets/Index-BmNYutA8.js                                    9.98 kB │ gzip:   4.17 kB
public/build/assets/RiskNarrative-1lGQCSXC.js                            9.99 kB │ gzip:   4.13 kB
public/build/assets/BoardMembers-Cry30u0l.js                            10.02 kB │ gzip:   4.26 kB
public/build/assets/for-stay-BBAr60yt.js                                10.04 kB │ gzip:   3.90 kB
public/build/assets/index-pg871b3u.js                                   10.05 kB │ gzip:   4.02 kB
public/build/assets/Index-BaKTZL49.js                                   10.05 kB │ gzip:   4.13 kB
public/build/assets/finance-NUiXG75G.js                                 10.05 kB │ gzip:   3.53 kB
public/build/assets/quick-add-task-Dwh0yxC4.js                          10.06 kB │ gzip:   3.83 kB
public/build/assets/pending-plJZ_o26.js                                 10.07 kB │ gzip:   3.85 kB
public/build/assets/time-picker-CrCdfH2Y.js                             10.09 kB │ gzip:   4.28 kB
public/build/assets/grouped-profile-nav-Dky-LRgh.js                     10.09 kB │ gzip:   3.87 kB
public/build/assets/vehicle-technology-projection-CtfAeE42.js           10.10 kB │ gzip:   3.40 kB
public/build/assets/Show-BhaZBHd7.js                                    10.12 kB │ gzip:   4.46 kB
public/build/assets/my-calendar-BC8js6tT.js                             10.13 kB │ gzip:   4.66 kB
public/build/assets/index-B3JruVhf.js                                   10.13 kB │ gzip:   4.05 kB
public/build/assets/Index-Cier5-dG.js                                   10.13 kB │ gzip:   4.32 kB
public/build/assets/create-BVxMXqIn.js                                  10.13 kB │ gzip:   4.32 kB
public/build/assets/template-BkEmt43i.js                                10.18 kB │ gzip:   4.12 kB
public/build/assets/GovernanceTermHint-BUWi09Tz.js                      10.20 kB │ gzip:   4.11 kB
public/build/assets/policies-DEyYKVh0.js                                10.22 kB │ gzip:   4.16 kB
public/build/assets/Show-CXKAb9xA.js                                    10.24 kB │ gzip:   4.33 kB
public/build/assets/asset-finance-technology-projection-BcJcidLR.js     10.26 kB │ gzip:   3.48 kB
public/build/assets/record-wizard-shared-B9KdAs0w.js                    10.28 kB │ gzip:   3.92 kB
public/build/assets/create-pQUCtJJK.js                                  10.29 kB │ gzip:   4.15 kB
public/build/assets/show-x_-qB8Zt.js                                    10.30 kB │ gzip:   4.04 kB
public/build/assets/staff-requirements-H9bH9y15.js                      10.31 kB │ gzip:   3.82 kB
public/build/assets/_inventory-table-Dq3Oxchu.js                        10.34 kB │ gzip:   3.74 kB
public/build/assets/legal-holds-ByDUi-Ve.js                             10.35 kB │ gzip:   4.19 kB
public/build/assets/show-BVmrmGfa.js                                    10.39 kB │ gzip:   4.10 kB
public/build/assets/unifi-Dm_rmBf-.js                                   10.41 kB │ gzip:   4.16 kB
public/build/assets/Index-D3I6r58w.js                                   10.42 kB │ gzip:   4.37 kB
public/build/assets/Show-DGPx8QYk.js                                    10.43 kB │ gzip:   3.90 kB
public/build/assets/create-D2cEZYoe.js                                  10.45 kB │ gzip:   4.29 kB
public/build/assets/ClientSummary-DCJtRzMF.js                           10.46 kB │ gzip:   3.77 kB
public/build/assets/index-rxJJm8A1.js                                   10.46 kB │ gzip:   4.36 kB
public/build/assets/Index-BiT-D7CS.js                                   10.46 kB │ gzip:   4.29 kB
public/build/assets/marketing-layout-DNjxSZsr.js                        10.47 kB │ gzip:   3.34 kB
public/build/assets/Index-Cvo1VtV6.js                                   10.48 kB │ gzip:   4.31 kB
public/build/assets/saved-D0OuG0-C.js                                   10.50 kB │ gzip:   4.30 kB
public/build/assets/imports-DNHV9-Qs.js                                 10.51 kB │ gzip:   3.86 kB
public/build/assets/index-BNgHqZUz.js                                   10.52 kB │ gzip:   4.15 kB
public/build/assets/Index-CSlkC7_Q.js                                   10.53 kB │ gzip:   4.26 kB
public/build/assets/FundingStreamSummary-BlLQSVq7.js                    10.54 kB │ gzip:   4.33 kB
public/build/assets/ui-D009U2DZ.js                                      10.58 kB │ gzip:   4.51 kB
public/build/assets/show-Fv4Ha8DJ.js                                    10.59 kB │ gzip:   3.90 kB
public/build/assets/edit-CZ2H76UT.js                                    10.60 kB │ gzip:   4.38 kB
public/build/assets/Index-BNL_AxND.js                                   10.60 kB │ gzip:   4.38 kB
public/build/assets/Index-BqEDhU6p.js                                   10.60 kB │ gzip:   4.50 kB
public/build/assets/risks-ByGAir3j.js                                   10.61 kB │ gzip:   4.02 kB
public/build/assets/status-Cvo-rGMV.js                                  10.61 kB │ gzip:   4.25 kB
public/build/assets/Index-Dy6CQTx_.js                                   10.65 kB │ gzip:   4.41 kB
public/build/assets/edit-Cw7UNM3L.js                                    10.66 kB │ gzip:   4.33 kB
public/build/assets/index-D9rPe7Kt.js                                   10.73 kB │ gzip:   4.77 kB
public/build/assets/modules-HyZYEmSd.js                                 10.75 kB │ gzip:   4.32 kB
public/build/assets/create-DqpjZjPF.js                                  10.77 kB │ gzip:   3.69 kB
public/build/assets/compliance-BWp2klAL.js                              10.77 kB │ gzip:   4.27 kB
public/build/assets/tomorrow-panel-Czdw2U7q.js                          10.80 kB │ gzip:   4.25 kB
public/build/assets/index-D3JVEowl.js                                   10.82 kB │ gzip:   4.26 kB
public/build/assets/portal-users-DuMB-8-D.js                            10.84 kB │ gzip:   4.48 kB
public/build/assets/_door-B2m7jivU.js                                   10.87 kB │ gzip:   3.81 kB
public/build/assets/documents-CvGXTpfH.js                               10.87 kB │ gzip:   3.85 kB
public/build/assets/work-calendar-settings-Dh90jsgh.js                  10.91 kB │ gzip:   4.32 kB
public/build/assets/risks-BhGXoiZn.js                                   10.93 kB │ gzip:   4.15 kB
public/build/assets/Show-vXVOeIFR.js                                    10.94 kB │ gzip:   4.24 kB
public/build/assets/Index-ZU_hdkvP.js                                   10.97 kB │ gzip:   4.52 kB
public/build/assets/Changes-BgVf-B3r.js                                 10.97 kB │ gzip:   4.91 kB
public/build/assets/index-ubtH2xcj.js                                   11.02 kB │ gzip:   1.52 kB
public/build/assets/wizard-kit-DlqX6Cws.js                              11.02 kB │ gzip:   4.64 kB
public/build/assets/Show-DkH7RX2b.js                                    11.03 kB │ gzip:   4.48 kB
public/build/assets/handovers-hero-4kpwIjHU.js                          11.03 kB │ gzip:   4.81 kB
public/build/assets/create-B1XRm0FW.js                                  11.03 kB │ gzip:   4.50 kB
public/build/assets/Index-CO4I_YWD.js                                   11.08 kB │ gzip:   4.62 kB
public/build/assets/Committee-CjAurMZc.js                               11.09 kB │ gzip:   4.82 kB
public/build/assets/_dialogs-CpiAsVEi.js                                11.11 kB │ gzip:   4.43 kB
public/build/assets/create-DuXMdgEH.js                                  11.12 kB │ gzip:   4.40 kB
public/build/assets/TrialBalance-BykdgWhY.js                            11.13 kB │ gzip:   4.82 kB
public/build/assets/index-BtHxo5_9.js                                   11.15 kB │ gzip:   4.60 kB
public/build/assets/vendors-B608HTbo.js                                 11.16 kB │ gzip:   3.65 kB
public/build/assets/photos-D8L7gFI1.js                                  11.17 kB │ gzip:   4.59 kB
public/build/assets/breaches-D7ojjHLL.js                                11.17 kB │ gzip:   4.43 kB
public/build/assets/clock-out-wizard-C9jyz98G.js                        11.18 kB │ gzip:   4.50 kB
public/build/assets/index-DgvdrVfz.js                                   11.19 kB │ gzip:   4.04 kB
public/build/assets/summary-8uovI4Lj.js                                 11.22 kB │ gzip:   4.13 kB
public/build/assets/timeline-DaidwgDB.js                                11.23 kB │ gzip:   4.81 kB
public/build/assets/index-D14mrEkj.js                                   11.26 kB │ gzip:   4.38 kB
public/build/assets/cards-view-CauNTLOj.js                              11.27 kB │ gzip:   4.21 kB
public/build/assets/broadcast-show-iESAdJG9.js                          11.29 kB │ gzip:   4.14 kB
public/build/assets/privacy-action-modal-Btj-2j1n.js                    11.30 kB │ gzip:   4.43 kB
public/build/assets/show-supervision-CJVIVfZQ.js                        11.30 kB │ gzip:   4.28 kB
public/build/assets/dashboard-tabs-Q5Aawzqg.js                          11.32 kB │ gzip:   4.22 kB
public/build/assets/map-DugCaT8X.js                                     11.33 kB │ gzip:   4.60 kB
public/build/assets/CheckShift-CNfsVTei.js                              11.36 kB │ gzip:   4.81 kB
public/build/assets/Edit-Bgd1G60U.js                                    11.36 kB │ gzip:   4.59 kB
public/build/assets/Index-BcLLh7KC.js                                   11.36 kB │ gzip:   4.69 kB
public/build/assets/notifications-CXl4-nf3.js                           11.38 kB │ gzip:   4.22 kB
public/build/assets/Index-CHAhIUC6.js                                   11.42 kB │ gzip:   4.73 kB
public/build/assets/wizard-configs-BmtAqUdf.js                          11.42 kB │ gzip:   3.50 kB
public/build/assets/Index-DyG7pCAt.js                                   11.43 kB │ gzip:   4.60 kB
public/build/assets/Matrix-Bo-ecOMr.js                                  11.45 kB │ gzip:   4.89 kB
public/build/assets/leave-hub-parts-Co4xT5pL.js                         11.45 kB │ gzip:   4.22 kB
public/build/assets/visit-requests-UhmUNVcB.js                          11.45 kB │ gzip:   4.65 kB
public/build/assets/price-book-dialog-BVi4bANG.js                       11.47 kB │ gzip:   4.58 kB
public/build/assets/surveys-iEZ0Xoff.js                                 11.49 kB │ gzip:   4.55 kB
public/build/assets/quote-dialog-BIZrYLgN.js                            11.49 kB │ gzip:   4.65 kB
public/build/assets/index-CKmTEa38.js                                   11.49 kB │ gzip:   4.70 kB
public/build/assets/Create-D5Wqree3.js                                  11.52 kB │ gzip:   4.52 kB
public/build/assets/workers-BqVbZ4Yt.js                                 11.54 kB │ gzip:   4.41 kB
public/build/assets/create-BJJ3Xx6Z.js                                  11.54 kB │ gzip:   4.81 kB
public/build/assets/Index-p8chgP0H.js                                   11.55 kB │ gzip:   5.17 kB
public/build/assets/Trends-CnD1Pwx5.js                                  11.58 kB │ gzip:   5.03 kB
public/build/assets/documents-COl_8hBp.js                               11.59 kB │ gzip:   4.11 kB
public/build/assets/index-Bocud-eX.js                                   11.60 kB │ gzip:   4.61 kB
public/build/assets/overview-panels-COXtjOWs.js                         11.63 kB │ gzip:   4.66 kB
public/build/assets/Index-DuENey0H.js                                   11.64 kB │ gzip:   4.84 kB
public/build/assets/index-Ck2KWFA8.js                                   11.67 kB │ gzip:   4.23 kB
public/build/assets/_dialogs-o3SpFeYM.js                                11.68 kB │ gzip:   4.73 kB
public/build/assets/Show-Cns4XZmA.js                                    11.69 kB │ gzip:   5.15 kB
public/build/assets/dpia-CFHR10Qo.js                                    11.70 kB │ gzip:   4.49 kB
public/build/assets/show-CIT1IJwG.js                                    11.74 kB │ gzip:   5.04 kB
public/build/assets/show-CfsWtXTs.js                                    11.83 kB │ gzip:   4.47 kB
public/build/assets/task-CvIQV0NH.js                                    11.87 kB │ gzip:   4.87 kB
public/build/assets/Dashboard-BoTAfB7e.js                               11.87 kB │ gzip:   5.07 kB
public/build/assets/rehire-wizard-Bi_0MRKh.js                           11.87 kB │ gzip:   4.49 kB
public/build/assets/_dialogs-6_AmnnGA.js                                11.88 kB │ gzip:   4.46 kB
public/build/assets/Index-PWdVBz1f.js                                   11.89 kB │ gzip:   4.90 kB
public/build/assets/templates-fDrx8eOj.js                               11.89 kB │ gzip:   4.86 kB
public/build/assets/Index-COxrXk3R.js                                   11.93 kB │ gzip:   4.64 kB
public/build/assets/shift-list-view-BMHqdT-s.js                         11.94 kB │ gzip:   4.71 kB
public/build/assets/Index-DlSb8D0_.js                                   11.94 kB │ gzip:   5.22 kB
public/build/assets/Index-ClTu1Kph.js                                   11.95 kB │ gzip:   5.16 kB
public/build/assets/community-access-B7UGwIEO.js                        11.95 kB │ gzip:   4.83 kB
public/build/assets/log-notifiable-dialog-C1G3ktuM.js                   11.97 kB │ gzip:   4.40 kB
public/build/assets/alerts-config-BOpHYLyw.js                           11.98 kB │ gzip:   4.60 kB
public/build/assets/healthcare-devices-B1FXZkQ1.js                      11.99 kB │ gzip:   4.18 kB
public/build/assets/Index-VSR99Lbm.js                                   12.00 kB │ gzip:   5.20 kB
public/build/assets/Index-CPwCVNEc.js                                   12.00 kB │ gzip:   5.26 kB
public/build/assets/apply-B5wJ4ZB0.js                                   12.00 kB │ gzip:   4.56 kB
public/build/assets/performance-hero-V3tlFGDY.js                        12.00 kB │ gzip:   3.85 kB
public/build/assets/Prepare-DiWT4oqf.js                                 12.01 kB │ gzip:   4.91 kB
public/build/assets/create-template-CAYh2RYL.js                         12.06 kB │ gzip:   4.82 kB
public/build/assets/protocol-form-CbpkQsqZ.js                           12.08 kB │ gzip:   4.40 kB
public/build/assets/sign-C4oFXgIt.js                                    12.08 kB │ gzip:   4.77 kB
public/build/assets/profile-DymHWWrV.js                                 12.08 kB │ gzip:   4.94 kB
public/build/assets/page-hero-BE9E-vvU.js                               12.09 kB │ gzip:   4.65 kB
public/build/assets/AgedReport-C-9rmPDY.js                              12.10 kB │ gzip:   5.45 kB
public/build/assets/ppe-wizard-hMkp2c-Q.js                              12.15 kB │ gzip:   4.97 kB
public/build/assets/assignments-0sme0mhv.js                             12.19 kB │ gzip:   4.91 kB
public/build/assets/it-ticket-comment-contract-BBENTCa7.js              12.19 kB │ gzip:   3.96 kB
public/build/assets/Index-DWV9jx1G.js                                   12.20 kB │ gzip:   5.12 kB
public/build/assets/cards-view-BMSA6vZ5.js                              12.20 kB │ gzip:   4.47 kB
public/build/assets/index-YZzW_mLX.js                                   12.21 kB │ gzip:   4.68 kB
public/build/assets/Index-DJk0D4JU.js                                   12.24 kB │ gzip:   4.98 kB
public/build/assets/_request-dialog-9GrrqvXD.js                         12.25 kB │ gzip:   4.61 kB
public/build/assets/create-D2dIMonU.js                                  12.25 kB │ gzip:   4.72 kB
public/build/assets/_builder-dialog-BR8qUQ80.js                         12.27 kB │ gzip:   4.90 kB
public/build/assets/BalanceSheet-CWuD2uRj.js                            12.31 kB │ gzip:   5.15 kB
public/build/assets/Index-DQaqloVH.js                                   12.34 kB │ gzip:   5.27 kB
public/build/assets/index-BseVd-55.js                                   12.35 kB │ gzip:   5.03 kB
public/build/assets/stocktakes-BWjFMhDX.js                              12.35 kB │ gzip:   4.50 kB
public/build/assets/medications-xV8DUS-P.js                             12.38 kB │ gzip:   4.49 kB
public/build/assets/Index-DpB_mDsr.js                                   12.39 kB │ gzip:   4.89 kB
public/build/assets/Index-B04QiV4G.js                                   12.41 kB │ gzip:   5.09 kB
public/build/assets/donor-fund-dialog-DMqDO48q.js                       12.42 kB │ gzip:   4.44 kB
public/build/assets/index-CFfkgmME.js                                   12.43 kB │ gzip:   4.48 kB
public/build/assets/pricing-DB41b9Bq.js                                 12.44 kB │ gzip:   3.70 kB
public/build/assets/time-DFXFYRlU.js                                    12.45 kB │ gzip:   5.31 kB
public/build/assets/index-6DcwpTpq.js                                   12.47 kB │ gzip:   5.11 kB
public/build/assets/index-C4t4fRIr.js                                   12.48 kB │ gzip:   5.36 kB
public/build/assets/log-obligation-dialog-fo_xOzYy.js                   12.49 kB │ gzip:   4.70 kB
public/build/assets/edit-DHkjovPK.js                                    12.50 kB │ gzip:   4.94 kB
public/build/assets/Index-hEBP0jAU.js                                   12.51 kB │ gzip:   5.42 kB
public/build/assets/index-CEKlLMmb.js                                   12.52 kB │ gzip:   4.75 kB
public/build/assets/facilities-lcNk9mTt.js                              12.53 kB │ gzip:   5.22 kB
public/build/assets/index-BOV_URF8.js                                   12.54 kB │ gzip:   4.86 kB
public/build/assets/Index-B3qJm-dm.js                                   12.55 kB │ gzip:   5.40 kB
public/build/assets/head-office-B-62Bcvg.js                             12.55 kB │ gzip:   5.30 kB
public/build/assets/requests-tbZB3AvK.js                                12.56 kB │ gzip:   4.83 kB
public/build/assets/specialist-workspace-header-CUGpxI2Q.js             12.57 kB │ gzip:   5.56 kB
public/build/assets/_dialogs-DCoJbnHg.js                                12.57 kB │ gzip:   5.32 kB
public/build/assets/index-DCqHXmI1.js                                   12.64 kB │ gzip:   4.49 kB
public/build/assets/file-preview-dialog-B-lDEBt6.js                     12.67 kB │ gzip:   4.99 kB
public/build/assets/geofence-draw-map-B77lcv_A.js                       12.68 kB │ gzip:   4.87 kB
public/build/assets/index-DE1GADaQ.js                                   12.68 kB │ gzip:   4.85 kB
public/build/assets/edit-ChyWSs5r.js                                    12.69 kB │ gzip:   4.81 kB
public/build/assets/index-eUu8jiaN.js                                   12.69 kB │ gzip:   5.24 kB
public/build/assets/Trends-B5BWtGuC.js                                  12.71 kB │ gzip:   5.23 kB
public/build/assets/Assignments-DukxC2fK.js                             12.73 kB │ gzip:   5.35 kB
public/build/assets/Diff-8ZBd1LEN.js                                    12.73 kB │ gzip:   5.48 kB
public/build/assets/index-BKKpbRHr.js                                   12.75 kB │ gzip:   4.64 kB
public/build/assets/new-po-dialog-BWgAcA0G.js                           12.75 kB │ gzip:   4.80 kB
public/build/assets/health-lLc_jACk.js                                  12.78 kB │ gzip:   4.35 kB
public/build/assets/Review-DLR3xO8p.js                                  12.78 kB │ gzip:   4.68 kB
public/build/assets/show-D5PopSYd.js                                    12.79 kB │ gzip:   4.81 kB
public/build/assets/show-CiCIDlTr.js                                    12.80 kB │ gzip:   4.56 kB
public/build/assets/index-DjVTlxHY.js                                   12.80 kB │ gzip:   5.02 kB
public/build/assets/builder-5mZ0hZqY.js                                 12.84 kB │ gzip:   4.90 kB
public/build/assets/Index-D9byhvQe.js                                   12.85 kB │ gzip:   4.80 kB
public/build/assets/ppe-action-dialogs-DoBgO7-e.js                      12.87 kB │ gzip:   4.36 kB
public/build/assets/Show-aUuVr_g0.js                                    12.88 kB │ gzip:   4.92 kB
public/build/assets/ProfitAndLoss-BJg3xPmu.js                           12.89 kB │ gzip:   5.17 kB
public/build/assets/Index-B7UIBvlN.js                                   12.91 kB │ gzip:   5.54 kB
public/build/assets/Index-DH2UTtU5.js                                   12.92 kB │ gzip:   5.61 kB
public/build/assets/Index-BWOv4kHS.js                                   12.97 kB │ gzip:   5.68 kB
public/build/assets/privacy-5hAzdcO8.js                                 12.98 kB │ gzip:   3.80 kB
public/build/assets/index-DuHDlsi9.js                                   13.05 kB │ gzip:   5.48 kB
public/build/assets/prn-wizard-BZ3gKj5y.js                              13.10 kB │ gzip:   4.99 kB
public/build/assets/Dashboard-CAVv36H9.js                               13.10 kB │ gzip:   5.47 kB
public/build/assets/Show-CELWlnQG.js                                    13.12 kB │ gzip:   5.09 kB
public/build/assets/show-Dpu54sZZ.js                                    13.13 kB │ gzip:   4.97 kB
public/build/assets/Trends-CY6REvcV.js                                  13.15 kB │ gzip:   5.36 kB
public/build/assets/index-DdSi2wZ5.js                                   13.15 kB │ gzip:   5.42 kB
public/build/assets/operational-canvas-CCK4L08M.js                      13.15 kB │ gzip:   5.30 kB
public/build/assets/playbook-wizard-KycpUw9b.js                         13.16 kB │ gzip:   4.60 kB
public/build/assets/layout-B_FOt9yG.js                                  13.19 kB │ gzip:   4.25 kB
public/build/assets/Dashboard-BhxrrA3-.js                               13.19 kB │ gzip:   4.36 kB
public/build/assets/Index-bcjireSe.js                                   13.23 kB │ gzip:   5.63 kB
public/build/assets/daily-check-ChRlZ0uN.js                             13.25 kB │ gzip:   5.36 kB
public/build/assets/Create-DqiNh9BZ.js                                  13.25 kB │ gzip:   5.59 kB
public/build/assets/calendar-CaNxuhJ0.js                                13.25 kB │ gzip:   5.29 kB
public/build/assets/plans-DkW3eYzB.js                                   13.27 kB │ gzip:   5.36 kB
public/build/assets/site-detail-CJNCejub.js                             13.27 kB │ gzip:   4.51 kB
public/build/assets/alerts-events-B34hzdrO.js                           13.29 kB │ gzip:   5.61 kB
public/build/assets/Index-BVJVZYgU.js                                   13.30 kB │ gzip:   5.63 kB
public/build/assets/show-BROEu2FD.js                                    13.31 kB │ gzip:   5.13 kB
public/build/assets/reviews-DgU8-H60.js                                 13.34 kB │ gzip:   5.15 kB
public/build/assets/Index-D0Mxq_N_.js                                   13.34 kB │ gzip:   5.57 kB
public/build/assets/goals-path-CjEl-nyU.js                              13.35 kB │ gzip:   5.34 kB
public/build/assets/messaging-CO3xQqf6.js                               13.36 kB │ gzip:   4.73 kB
public/build/assets/pre-check-HLKOiv0r.js                               13.37 kB │ gzip:   5.03 kB
public/build/assets/_dialogs-CCz--CEC.js                                13.39 kB │ gzip:   4.86 kB
public/build/assets/_dialogs-8KRwyqrY.js                                13.39 kB │ gzip:   5.61 kB
public/build/assets/create-CCaxOe9v.js                                  13.42 kB │ gzip:   5.22 kB
public/build/assets/HealthMonitoring-DskSZNmE.js                        13.43 kB │ gzip:   4.89 kB
public/build/assets/_audit-dialog-BTiIy_vG.js                           13.46 kB │ gzip:   5.39 kB
public/build/assets/timesheet-review-DAljP29D.js                        13.46 kB │ gzip:   5.02 kB
public/build/assets/_ledger-panel-6dDC57ac.js                           13.46 kB │ gzip:   4.24 kB
public/build/assets/unassign-make-open-dialog-DgLUrKwq.js               13.47 kB │ gzip:   5.09 kB
public/build/assets/Index-B63pbxg-.js                                   13.47 kB │ gzip:   5.88 kB
public/build/assets/about-9g-d08wI.js                                   13.50 kB │ gzip:   3.49 kB
public/build/assets/digest-panel-CMRqk6pY.js                            13.56 kB │ gzip:   4.79 kB
public/build/assets/houses-BngaRofh.js                                  13.59 kB │ gzip:   5.68 kB
public/build/assets/expenses-CpUxGNvw.js                                13.60 kB │ gzip:   5.25 kB
public/build/assets/index-D3gvkEHF.js                                   13.61 kB │ gzip:   5.81 kB
public/build/assets/edit-template-GUNHSvQ-.js                           13.62 kB │ gzip:   5.49 kB
public/build/assets/my-day-hero-D9K_1vM8.js                             13.65 kB │ gzip:   5.95 kB
public/build/assets/client-BF_05UUH.js                                  13.65 kB │ gzip:   3.90 kB
public/build/assets/Index-Cdz5ql_5.js                                   13.66 kB │ gzip:   5.91 kB
public/build/assets/_dialogs-Bcdyu0Wh.js                                13.70 kB │ gzip:   5.13 kB
public/build/assets/MyInterests-D3RcIhYs.js                             13.71 kB │ gzip:   5.81 kB
public/build/assets/Index-CqOKlJad.js                                   13.72 kB │ gzip:   5.98 kB
public/build/assets/terminology-DBGfrW8v.js                             13.75 kB │ gzip:   4.22 kB
public/build/assets/documents-Cj1e2NMa.js                               13.75 kB │ gzip:   5.49 kB
public/build/assets/by-house-BGqCdDjB.js                                13.76 kB │ gzip:   4.86 kB
public/build/assets/rule-wizard-hE0ALSuF.js                             13.79 kB │ gzip:   5.12 kB
public/build/assets/Index-CXQRzc9l.js                                   13.82 kB │ gzip:   5.82 kB
public/build/assets/Index-2_3Uf75G.js                                   13.86 kB │ gzip:   5.48 kB
public/build/assets/Index-DUIRNVMd.js                                   13.88 kB │ gzip:   5.61 kB
public/build/assets/Committee-DTu8bhRM.js                               13.89 kB │ gzip:   6.01 kB
public/build/assets/_recipe-edit-dialog-Dyv1E7qQ.js                     13.90 kB │ gzip:   4.69 kB
public/build/assets/timeline-tab-CxTGdGtX.js                            13.94 kB │ gzip:   4.93 kB
public/build/assets/Show-D2-BTxIJ.js                                    14.03 kB │ gzip:   6.04 kB
public/build/assets/map-BU03q8da.js                                     14.04 kB │ gzip:   5.83 kB
public/build/assets/create-DfEWdiUu.js                                  14.08 kB │ gzip:   5.37 kB
public/build/assets/show-CcuE-3ih.js                                    14.13 kB │ gzip:   5.09 kB
public/build/assets/show-C8bX_UtQ.js                                    14.15 kB │ gzip:   4.75 kB
public/build/assets/holidays-CAsFQbrE.js                                14.15 kB │ gzip:   5.79 kB
public/build/assets/Show-CCMErZ3d.js                                    14.16 kB │ gzip:   5.52 kB
public/build/assets/Attestations-BbR7-nXS.js                            14.16 kB │ gzip:   5.83 kB
public/build/assets/index-C26WZwJR.js                                   14.19 kB │ gzip:   5.40 kB
public/build/assets/_dialog-shared-TAnOZCP5.js                          14.22 kB │ gzip:   5.46 kB
public/build/assets/Index-L5I_o596.js                                   14.24 kB │ gzip:   6.23 kB
public/build/assets/audit-log-Dw3UJheH.js                               14.24 kB │ gzip:   5.76 kB
public/build/assets/new-vendor-dialog-RDbbRdaK.js                       14.25 kB │ gzip:   4.76 kB
public/build/assets/Terminals-DhrUQH5Q.js                               14.34 kB │ gzip:   5.95 kB
public/build/assets/task-detail-dialog-IzZkunKK.js                      14.34 kB │ gzip:   4.80 kB
public/build/assets/Statements-BXFWQO5E.js                              14.43 kB │ gzip:   5.90 kB
public/build/assets/trends-Ch1qfDg9.js                                  14.43 kB │ gzip:   4.85 kB
public/build/assets/Index-BJCdKOrK.js                                   14.44 kB │ gzip:   6.19 kB
public/build/assets/workflow-5NfMjNBW.js                                14.45 kB │ gzip:   5.92 kB
public/build/assets/survey-7twqZwri.js                                  14.47 kB │ gzip:   4.79 kB
public/build/assets/mar-BTIOpcQD.js                                     14.48 kB │ gzip:   3.92 kB
public/build/assets/index-DhjAX0rQ.js                                   14.48 kB │ gzip:   5.40 kB
public/build/assets/Index-Dj1xMBCP.js                                   14.50 kB │ gzip:   6.21 kB
public/build/assets/Create-BqNGuSNo.js                                  14.51 kB │ gzip:   5.68 kB
public/build/assets/Index-CdhbKUmb.js                                   14.53 kB │ gzip:   6.41 kB
public/build/assets/Index-ClPhX0LA.js                                   14.54 kB │ gzip:   6.04 kB
public/build/assets/_commercial-Ca_Qne06.js                             14.62 kB │ gzip:   5.37 kB
public/build/assets/global-DICEG-x_.js                                  14.62 kB │ gzip:   5.54 kB
public/build/assets/_dialogs-DGP93yyT.js                                14.63 kB │ gzip:   5.81 kB
public/build/assets/Financials-C0JqMTt1.js                              14.64 kB │ gzip:   5.77 kB
public/build/assets/index-icx1K5ev.js                                   14.67 kB │ gzip:   5.58 kB
public/build/assets/record-evidence-dialog-B6_k-jAn.js                  14.75 kB │ gzip:   5.97 kB
public/build/assets/_dialogs-DaGkcrO9.js                                14.75 kB │ gzip:   5.61 kB
public/build/assets/matrix-CFfCXsuD.js                                  14.78 kB │ gzip:   5.94 kB
public/build/assets/show-GTfCGOiB.js                                    14.79 kB │ gzip:   5.74 kB
public/build/assets/my-tasks-Cz1hiaNh.js                                14.79 kB │ gzip:   5.80 kB
public/build/assets/run-DpsEX853.js                                     14.80 kB │ gzip:   5.49 kB
public/build/assets/index-BHHmJUDr.js                                   14.81 kB │ gzip:   6.15 kB
public/build/assets/playback-CHUDvUX2.js                                14.82 kB │ gzip:   5.83 kB
public/build/assets/new-bill-dialog-C-7tp9EX.js                         14.83 kB │ gzip:   5.31 kB
public/build/assets/index-CDBkzeSz.js                                   14.83 kB │ gzip:   5.81 kB
public/build/assets/Show-C0rp1J-g.js                                    14.85 kB │ gzip:   5.89 kB
public/build/assets/Show-BFuNVajV.js                                    14.90 kB │ gzip:   6.09 kB
public/build/assets/reports-CdMQOkzF.js                                 14.94 kB │ gzip:   5.18 kB
public/build/assets/Index-ZmT1ajWk.js                                   14.99 kB │ gzip:   5.53 kB
public/build/assets/show-uaMI05dL.js                                    14.99 kB │ gzip:   5.52 kB
public/build/assets/CashFlow-DID38IBm.js                                15.01 kB │ gzip:   5.91 kB
public/build/assets/Create-BI7G3o7i.js                                  15.01 kB │ gzip:   4.96 kB
public/build/assets/index-CgCcsLlF.js                                   15.02 kB │ gzip:   6.06 kB
public/build/assets/Results-DXGmWB5c.js                                 15.05 kB │ gzip:   6.27 kB
public/build/assets/portal-users-Dr7iwAMX.js                            15.06 kB │ gzip:   6.24 kB
public/build/assets/edit-ChkXBlTb.js                                    15.11 kB │ gzip:   5.90 kB
public/build/assets/sso-groups-Qg-TPV8-.js                              15.14 kB │ gzip:   5.63 kB
public/build/assets/custom-fields-BJNm8Bia.js                           15.15 kB │ gzip:   6.16 kB
public/build/assets/index-BOWDrnlA.js                                   15.18 kB │ gzip:   6.23 kB
public/build/assets/command-centre-hero-C1XyUcGk.js                     15.18 kB │ gzip:   6.15 kB
public/build/assets/Show-DcTszBOf.js                                    15.23 kB │ gzip:   6.41 kB
public/build/assets/overview-_Dyc_iTj.js                                15.26 kB │ gzip:   5.51 kB
public/build/assets/BatchDetail-mvJ5fiXt.js                             15.31 kB │ gzip:   5.91 kB
public/build/assets/create-CgNh9CTo.js                                  15.34 kB │ gzip:   5.61 kB
public/build/assets/terms-C3gp0OPS.js                                   15.36 kB │ gzip:   4.45 kB
public/build/assets/Index-D2g91-X2.js                                   15.40 kB │ gzip:   6.35 kB
public/build/assets/contact-DHQGeH4k.js                                 15.42 kB │ gzip:   4.92 kB
public/build/assets/Roles-CdFZK2zv.js                                   15.42 kB │ gzip:   4.84 kB
public/build/assets/edit-Bxl6nAJ4.js                                    15.42 kB │ gzip:   6.10 kB
public/build/assets/Show-BFjVUagO.js                                    15.50 kB │ gzip:   6.03 kB
public/build/assets/Index-4WeWVgpd.js                                   15.51 kB │ gzip:   6.58 kB
public/build/assets/record-event-dialog-CeIK53dh.js                     15.54 kB │ gzip:   5.96 kB
public/build/assets/show-Dtj8NY-_.js                                    15.56 kB │ gzip:   5.83 kB
public/build/assets/staff-detail-CHdcrRzN.js                            15.58 kB │ gzip:   5.94 kB
public/build/assets/bonuses-BabKt0HT.js                                 15.58 kB │ gzip:   6.32 kB
public/build/assets/reports-BB8BhQzN.js                                 15.63 kB │ gzip:   5.97 kB
public/build/assets/shift-detail-dialog-dNCXiU31.js                     15.63 kB │ gzip:   6.05 kB
public/build/assets/daily-note-wizard-C5R5eWh7.js                       15.63 kB │ gzip:   4.78 kB
public/build/assets/payslips-BiQ-wnGW.js                                15.66 kB │ gzip:   5.67 kB
public/build/assets/history-CAwl6PGE.js                                 15.73 kB │ gzip:   5.82 kB
public/build/assets/profile-DPvUfYQm.js                                 15.73 kB │ gzip:   5.63 kB
public/build/assets/Index-D_Rb9u2_.js                                   15.75 kB │ gzip:   6.34 kB
public/build/assets/Show-CX221cGE.js                                    15.78 kB │ gzip:   6.35 kB
public/build/assets/webhooks-opx_83r4.js                                15.79 kB │ gzip:   5.42 kB
public/build/assets/BudgetVsActuals-DI5-RnRZ.js                         15.79 kB │ gzip:   6.11 kB
public/build/assets/my-hr-shoutout-spotlight-CzAOeroG.js                15.87 kB │ gzip:   5.91 kB
public/build/assets/Heatmap-y216XBkU.js                                 15.90 kB │ gzip:   6.69 kB
public/build/assets/Batches-CUa2y1vc.js                                 15.91 kB │ gzip:   6.54 kB
public/build/assets/review-detail-CMYxqFbS.js                           15.92 kB │ gzip:   6.34 kB
public/build/assets/index-CCs6z39y.js                                   15.98 kB │ gzip:   6.64 kB
public/build/assets/maintenance-health-Djun1LfS.js                      16.01 kB │ gzip:   6.31 kB
public/build/assets/Index-OGCZxD8b.js                                   16.02 kB │ gzip:   6.28 kB
public/build/assets/record-dose-wizard-hAfMGg0Q.js                      16.05 kB │ gzip:   5.36 kB
public/build/assets/audit-DNCaE-x8.js                                   16.08 kB │ gzip:   5.98 kB
public/build/assets/Index-B-rTVTo0.js                                   16.09 kB │ gzip:   6.84 kB
public/build/assets/record-receipt-dialog-BTsVYBYx.js                   16.12 kB │ gzip:   5.58 kB
public/build/assets/index-CuUemYg0.js                                   16.17 kB │ gzip:   6.46 kB
public/build/assets/policy-wizards-CyozKWEP.js                          16.17 kB │ gzip:   5.57 kB
public/build/assets/Index-1-eVm5cJ.js                                   16.30 kB │ gzip:   6.85 kB
public/build/assets/matrix-BvR6nfg3.js                                  16.32 kB │ gzip:   6.35 kB
public/build/assets/appearance-DpmcrdiX.js                              16.34 kB │ gzip:   5.03 kB
public/build/assets/incidents-D_4PV-p5.js                               16.35 kB │ gzip:   6.05 kB
public/build/assets/risk-management-BYYpronv.js                         16.35 kB │ gzip:   6.27 kB
public/build/assets/record-abc-dialog-C2Ibr-pZ.js                       16.39 kB │ gzip:   5.80 kB
public/build/assets/Assessments-BvoJROn8.js                             16.42 kB │ gzip:   6.45 kB
public/build/assets/Show-BwVfkD8M.js                                    16.42 kB │ gzip:   6.44 kB
public/build/assets/Index-IPuea062.js                                   16.45 kB │ gzip:   6.37 kB
public/build/assets/breaches-BP2Q4dag.js                                16.45 kB │ gzip:   5.77 kB
public/build/assets/RunResults-CTuWIjoA.js                              16.47 kB │ gzip:   6.19 kB
public/build/assets/show-CNu7f9rL.js                                    16.52 kB │ gzip:   6.59 kB
public/build/assets/index-BUXHwNfy.js                                   16.55 kB │ gzip:   6.63 kB
public/build/assets/Settings-C6oJ5dKD.js                                16.58 kB │ gzip:   6.24 kB
public/build/assets/show-CEN6Zh2Z.js                                    16.59 kB │ gzip:   5.64 kB
public/build/assets/Show-C_meXdD5.js                                    16.63 kB │ gzip:   6.55 kB
public/build/assets/notification-defaults-n47PR-VA.js                   16.66 kB │ gzip:   5.94 kB
public/build/assets/index-D4SA_nbA.js                                   16.69 kB │ gzip:   6.50 kB
public/build/assets/Index-BPPiSBAA.js                                   16.71 kB │ gzip:   6.65 kB
public/build/assets/boundary-wizard-C7XwDak2.js                         16.72 kB │ gzip:   6.43 kB
public/build/assets/observations-C4vS-raN.js                            16.74 kB │ gzip:   6.22 kB
public/build/assets/location-IOIZimv4.js                                16.77 kB │ gzip:   6.04 kB
public/build/assets/charts-Bbzop1w0.js                                  16.83 kB │ gzip:   5.56 kB
public/build/assets/Show-DRYswFVq.js                                    16.85 kB │ gzip:   6.97 kB
public/build/assets/Protocols-DO84DdnJ.js                               16.89 kB │ gzip:   6.26 kB
public/build/assets/documents-Bhmd4y8n.js                               16.90 kB │ gzip:   6.68 kB
public/build/assets/note-detail-dialog-DL4zq8oE.js                      16.91 kB │ gzip:   5.80 kB
public/build/assets/leave-DoWMHGat.js                                   16.91 kB │ gzip:   7.09 kB
public/build/assets/Index-BEKc0GEa.js                                   16.91 kB │ gzip:   6.92 kB
public/build/assets/Show-Db6M1Taa.js                                    16.92 kB │ gzip:   5.85 kB
public/build/assets/Index-CCOS5w1c.js                                   16.92 kB │ gzip:   6.97 kB
public/build/assets/api-CNowEL5U.js                                     16.96 kB │ gzip:   5.18 kB
public/build/assets/Index-DRtSNhUH.js                                   17.02 kB │ gzip:   6.68 kB
public/build/assets/cost-allocation-D_K9GUzT.js                         17.10 kB │ gzip:   6.13 kB
public/build/assets/leaflet-map-Bgv1MAfs.js                             17.11 kB │ gzip:   6.08 kB
public/build/assets/edit-4fRh2jCF.js                                    17.15 kB │ gzip:   6.34 kB
public/build/assets/family-notes-B2BPbpaO.js                            17.15 kB │ gzip:   6.37 kB
public/build/assets/index-CKPINZG6.js                                   17.16 kB │ gzip:   6.71 kB
public/build/assets/Index-CncQRVcO.js                                   17.20 kB │ gzip:   6.22 kB
public/build/assets/Index-Cvjckh1U.js                                   17.24 kB │ gzip:   7.11 kB
public/build/assets/create-BXhPyNV0.js                                  17.24 kB │ gzip:   6.04 kB
public/build/assets/leave-hub-tabs-CgW9TWSu.js                          17.30 kB │ gzip:   5.81 kB
public/build/assets/_dialogs-BdgzBb0Z.js                                17.31 kB │ gzip:   6.48 kB
public/build/assets/worklists-CZAUrqfJ.js                               17.31 kB │ gzip:   5.88 kB
public/build/assets/maintenance-DEWL8gxw.js                             17.33 kB │ gzip:   6.50 kB
public/build/assets/Index-53u4XjrP.js                                   17.38 kB │ gzip:   7.25 kB
public/build/assets/week-picker-CrvisZAx.js                             17.40 kB │ gzip:   6.73 kB
public/build/assets/view-timesheet-dialog-E50WAsOB.js                   17.49 kB │ gzip:   4.84 kB
public/build/assets/handover-detail-dialog-Cj6vcbxk.js                  17.50 kB │ gzip:   5.94 kB
public/build/assets/fleet-calendar-DT7StCR3.js                          17.52 kB │ gzip:   6.93 kB
public/build/assets/_overview-dialogs-BIP8kwYF.js                       17.65 kB │ gzip:   5.35 kB
public/build/assets/Index-BplOG0j0.js                                   17.66 kB │ gzip:   7.50 kB
public/build/assets/index-Bt1lX2oh.js                                   17.66 kB │ gzip:   6.74 kB
public/build/assets/index-JBvVvUiG.js                                   17.67 kB │ gzip:   5.95 kB
public/build/assets/show-Q309xWzQ.js                                    17.74 kB │ gzip:   4.45 kB
public/build/assets/edit-BfSzwMWA.js                                    17.90 kB │ gzip:   6.47 kB
public/build/assets/substance-wizard-dialog-Df__ty5W.js                 17.90 kB │ gzip:   6.30 kB
public/build/assets/index-5pblFC3f.js                                   17.93 kB │ gzip:   6.92 kB
public/build/assets/show-BFnb6JZ1.js                                    17.94 kB │ gzip:   6.43 kB
public/build/assets/Index-B0fXApkr.js                                   18.01 kB │ gzip:   7.35 kB
public/build/assets/security-CYVUICst.js                                18.02 kB │ gzip:   6.24 kB
public/build/assets/reports-BkgroIgh.js                                 18.04 kB │ gzip:   6.34 kB
public/build/assets/Show-XIknyzyD.js                                    18.05 kB │ gzip:   6.09 kB
public/build/assets/Index-R7vxKel8.js                                   18.05 kB │ gzip:   7.32 kB
public/build/assets/show-B321TvJa.js                                    18.05 kB │ gzip:   6.64 kB
public/build/assets/show-CvP_knxN.js                                    18.07 kB │ gzip:   6.59 kB
public/build/assets/index-Btv0s268.js                                   18.07 kB │ gzip:   2.18 kB
public/build/assets/index-CW3NMuqf.js                                   18.07 kB │ gzip:   4.73 kB
public/build/assets/health-clinical-shell-IbCqBaL7.js                   18.10 kB │ gzip:   7.18 kB
public/build/assets/shift-coverage-XolHmBEP.js                          18.17 kB │ gzip:   6.42 kB
public/build/assets/daily-notes-B0JUSofw.js                             18.21 kB │ gzip:   6.72 kB
public/build/assets/Show-6O399It2.js                                    18.23 kB │ gzip:   7.01 kB
public/build/assets/_dialogs-kF8hEnCa.js                                18.24 kB │ gzip:   6.68 kB
public/build/assets/Show-DavM_n8P.js                                    18.24 kB │ gzip:   7.35 kB
public/build/assets/payslip-detail-D9HCnpnU.js                          18.28 kB │ gzip:   6.11 kB
public/build/assets/dashboard-x-pnlfsX.js                               18.28 kB │ gzip:   6.96 kB
public/build/assets/Edit-DOL4wa9E.js                                    18.29 kB │ gzip:   6.99 kB
public/build/assets/operational-map-Cb5MUMpT.js                         18.30 kB │ gzip:   6.20 kB
public/build/assets/book-vehicle-wizard-BxtM0piO.js                     18.31 kB │ gzip:   5.54 kB
public/build/assets/Show-DEIg5cbs.js                                    18.40 kB │ gzip:   7.17 kB
public/build/assets/announcement-wizard-C2B70_Io.js                     18.46 kB │ gzip:   6.36 kB
public/build/assets/Show-VdOS2I9Y.js                                    18.48 kB │ gzip:   7.42 kB
public/build/assets/index-CqlOLl0D.js                                   18.55 kB │ gzip:   6.55 kB
public/build/assets/schedule-DY9kxNYT.js                                18.65 kB │ gzip:   6.40 kB
public/build/assets/directory-C0jCrv-m.js                               18.65 kB │ gzip:   6.32 kB
public/build/assets/create-wizard-DubY9PDI.js                           18.69 kB │ gzip:   6.51 kB
public/build/assets/index-UhbT7F19.js                                   18.74 kB │ gzip:   7.25 kB
public/build/assets/show-C9NURcvS.js                                    18.78 kB │ gzip:   6.85 kB
public/build/assets/ppe-detail-dialog-CBFyZhCG.js                       18.80 kB │ gzip:   6.40 kB
public/build/assets/chains-BHbHgGnz.js                                  18.82 kB │ gzip:   6.64 kB
public/build/assets/show-review-BN8z3jeZ.js                             18.89 kB │ gzip:   6.84 kB
public/build/assets/_recipes-panel-Dx8c0SDh.js                          18.90 kB │ gzip:   6.00 kB
public/build/assets/audit-logs-vIZdTxTd.js                              18.96 kB │ gzip:   7.17 kB
public/build/assets/_dialogs-Dg8RJmgm.js                                19.07 kB │ gzip:   6.15 kB
public/build/assets/goals-V90vjc1i.js                                   19.26 kB │ gzip:   6.69 kB
public/build/assets/integrations-VWGdfiGF.js                            19.28 kB │ gzip:   6.68 kB
public/build/assets/show-_Cl4ZHun.js                                    19.30 kB │ gzip:   7.12 kB
public/build/assets/edit-DrfeK2W2.js                                    19.34 kB │ gzip:   6.90 kB
public/build/assets/two-factor-DXX_nmHg.js                              19.37 kB │ gzip:   7.21 kB
public/build/assets/index-CBWywC7Y.js                                   19.39 kB │ gzip:   6.66 kB
public/build/assets/_dialogs-Cp7hZZv8.js                                19.43 kB │ gzip:   7.20 kB
public/build/assets/_templates-panel-C5oJc8Td.js                        19.54 kB │ gzip:   6.00 kB
public/build/assets/escalations-DDEigE6s.js                             19.54 kB │ gzip:   8.16 kB
public/build/assets/calendar-sync-ZneYJiSQ.js                           19.57 kB │ gzip:   7.42 kB
public/build/assets/index-BngK-Ei5.js                                   19.59 kB │ gzip:   7.47 kB
public/build/assets/Shifts-BlQ0nd6O.js                                  19.59 kB │ gzip:   7.13 kB
public/build/assets/show-DDki63SQ.js                                    19.66 kB │ gzip:   6.80 kB
public/build/assets/training-Bi2I6-Er.js                                19.67 kB │ gzip:   6.53 kB
public/build/assets/Index-DqimCpc-.js                                   19.71 kB │ gzip:   8.22 kB
public/build/assets/show-binmvXxO.js                                    19.72 kB │ gzip:   7.46 kB
public/build/assets/labels-Bm1eDWNV.js                                  19.78 kB │ gzip:   7.70 kB
public/build/assets/Behaviour-DlVyfF4E.js                               19.84 kB │ gzip:   6.97 kB
public/build/assets/Show-DUrSJNGA.js                                    19.86 kB │ gzip:   7.81 kB
public/build/assets/Show-Chwen9YR.js                                    19.93 kB │ gzip:   7.68 kB
public/build/assets/index-DZlSJGG2.js                                   19.95 kB │ gzip:   7.77 kB
public/build/assets/_dialogs-BinBUjWV.js                                19.97 kB │ gzip:   7.02 kB
public/build/assets/features-zBgs6Pml.js                                19.98 kB │ gzip:   5.23 kB
public/build/assets/Show-DkYyCrBp.js                                    20.03 kB │ gzip:   7.72 kB
public/build/assets/index-CAmMf03C.js                                   20.04 kB │ gzip:   7.43 kB
public/build/assets/edit-CIicJxkK.js                                    20.24 kB │ gzip:   7.54 kB
public/build/assets/broadcast-IkL19z_y.js                               20.31 kB │ gzip:   7.82 kB
public/build/assets/dashboard-5KNbaQvA.js                               20.33 kB │ gzip:   7.53 kB
public/build/assets/index-96eql_1i.js                                   20.33 kB │ gzip:   7.34 kB
public/build/assets/index-C6cIgO80.js                                   20.35 kB │ gzip:   7.07 kB
public/build/assets/stats-CP8WG7jJ.js                                   20.37 kB │ gzip:   6.50 kB
public/build/assets/fixed-asset-dispose-dialog-B0sn69jB.js              20.44 kB │ gzip:   6.68 kB
public/build/assets/note-wizard-Cd5JhfWb.js                             20.54 kB │ gzip:   6.60 kB
public/build/assets/show-BUUlCd3t.js                                    20.55 kB │ gzip:   7.57 kB
public/build/assets/fleet-map-BnSWr0zH.js                               20.58 kB │ gzip:   7.16 kB
public/build/assets/_library-dialogs-DljR1CkZ.js                        20.59 kB │ gzip:   5.61 kB
public/build/assets/medications-C7D5u_Vx.js                             20.64 kB │ gzip:   7.23 kB
public/build/assets/shifts-n--ikmOx.js                                  20.66 kB │ gzip:   6.80 kB
public/build/assets/_error-dialogs-M7CWuobB.js                          20.68 kB │ gzip:   7.30 kB
public/build/assets/stocktake-modal-CjzjnaIn.js                         20.78 kB │ gzip:   6.96 kB
public/build/assets/calendar-6eNzTPhK.js                                20.80 kB │ gzip:   6.80 kB
public/build/assets/history-B1UzeMIY.js                                 20.82 kB │ gzip:   7.18 kB
public/build/assets/shift-notes-dialog-C_jU9Zf7.js                      20.84 kB │ gzip:   7.80 kB
public/build/assets/record-observation-dialog-CBKCH2RL.js               20.96 kB │ gzip:   8.11 kB
public/build/assets/Index-CD-TzLpJ.js                                   20.99 kB │ gzip:   8.70 kB
public/build/assets/show-BxOaRVoU.js                                    21.00 kB │ gzip:   7.13 kB
public/build/assets/index--12Hl6z8.js                                   21.05 kB │ gzip:   8.61 kB
public/build/assets/index-Bwn1RwN-.js                                   21.06 kB │ gzip:   8.37 kB
public/build/assets/create-BpiK-39V.js                                  21.06 kB │ gzip:   6.06 kB
public/build/assets/add-device-dialog-Dr9PCtL7.js                       21.12 kB │ gzip:   7.34 kB
public/build/assets/index-DBzyVB2O.js                                   21.14 kB │ gzip:   7.71 kB
public/build/assets/map-Dt9OZxq3.js                                     21.15 kB │ gzip:   6.62 kB
public/build/assets/balances-BNv4_0Q-.js                                21.16 kB │ gzip:   8.50 kB
public/build/assets/Show-Bs4I0HX9.js                                    21.23 kB │ gzip:   8.08 kB
public/build/assets/create-Cw1C8WLi.js                                  21.25 kB │ gzip:   7.15 kB
public/build/assets/show-C2SxNd4y.js                                    21.35 kB │ gzip:   7.54 kB
public/build/assets/show-DTs7BFjH.js                                    21.39 kB │ gzip:   7.79 kB
public/build/assets/_dialogs-CGm5oIN4.js                                21.64 kB │ gzip:   7.66 kB
public/build/assets/index-B2EiC0EL.js                                   21.64 kB │ gzip:   7.39 kB
public/build/assets/parts-BDfUWvP8.js                                   21.65 kB │ gzip:   6.77 kB
public/build/assets/Events-BQvdsVK_.js                                  21.74 kB │ gzip:   8.00 kB
public/build/assets/Index-BmwBC3j2.js                                   21.76 kB │ gzip:   8.37 kB
public/build/assets/performance-wizards-DQryHQtB.js                     21.79 kB │ gzip:   7.44 kB
public/build/assets/review-builder-dialog-Cpwn1Mx-.js                   21.89 kB │ gzip:   7.70 kB
public/build/assets/index-C5yoTavl.js                                   21.92 kB │ gzip:   8.05 kB
public/build/assets/booking-wizard-CJje3_yJ.js                          21.92 kB │ gzip:   7.52 kB
public/build/assets/create-tZse-OeQ.js                                  21.93 kB │ gzip:   8.74 kB
public/build/assets/calendar-_a53DkcR.js                                21.93 kB │ gzip:   6.87 kB
public/build/assets/edit-DbATdP2f.js                                    21.97 kB │ gzip:   7.38 kB
public/build/assets/Index-BBvMAT5z.js                                   22.02 kB │ gzip:   8.48 kB
public/build/assets/ppe-create-wizards-CdrnKvEO.js                      22.05 kB │ gzip:   7.38 kB
public/build/assets/incidents--ynY_tTY.js                               22.23 kB │ gzip:   8.35 kB
public/build/assets/home-MPP72Czg.js                                    22.25 kB │ gzip:   5.38 kB
public/build/assets/create-CatdOnIX.js                                  22.27 kB │ gzip:   7.44 kB
public/build/assets/show-DTbTk_CH.js                                    22.48 kB │ gzip:   7.41 kB
public/build/assets/leave-request-dialog-BcKjsD8o.js                    22.51 kB │ gzip:   7.52 kB
public/build/assets/Index-j6qvlD0m.js                                   22.63 kB │ gzip:   8.52 kB
public/build/assets/payslips-BXWxOigp.js                                22.64 kB │ gzip:   6.75 kB
public/build/assets/_dialogs-BI8IfZ5e.js                                22.81 kB │ gzip:   8.46 kB
public/build/assets/incidents-SXLU3bYm.js                               22.91 kB │ gzip:   8.53 kB
public/build/assets/personal-details-D9pETh-m.js                        22.99 kB │ gzip:   7.96 kB
public/build/assets/Show-DRioAt7X.js                                    23.06 kB │ gzip:   8.57 kB
public/build/assets/notifications-BN_Ztjuw.js                           23.16 kB │ gzip:   8.30 kB
public/build/assets/Show-BMEKIfK8.js                                    23.17 kB │ gzip:   7.94 kB
public/build/assets/_competency-dialogs-D3oUrXRb.js                     23.20 kB │ gzip:   7.76 kB
public/build/assets/resident-sidebar-CvxZ61gp.js                        23.21 kB │ gzip:   8.33 kB
public/build/assets/Index-BXFQeHz0.js                                   23.33 kB │ gzip:   7.75 kB
public/build/assets/index-DqTU1_ux.js                                   23.35 kB │ gzip:   8.10 kB
public/build/assets/Show-REOYBrQE.js                                    23.42 kB │ gzip:   8.60 kB
public/build/assets/unifi-BXi41vQN.js                                   23.46 kB │ gzip:   7.13 kB
public/build/assets/create-wizard-CE2ULOjI.js                           23.48 kB │ gzip:   8.17 kB
public/build/assets/show-BtY-85ks.js                                    23.49 kB │ gzip:   7.66 kB
public/build/assets/Show-BWRmPd0V.js                                    23.53 kB │ gzip:   8.99 kB
public/build/assets/Index-DVMhttDs.js                                   23.78 kB │ gzip:   9.23 kB
public/build/assets/_dialogs-WBvCnS8q.js                                23.99 kB │ gzip:   8.98 kB
public/build/assets/one-DDat5ZMC.js                                     23.99 kB │ gzip:   8.30 kB
public/build/assets/analytics-charts-BLkH6UOS.js                        24.03 kB │ gzip:   6.47 kB
public/build/assets/index-Da07gdbF.js                                   24.11 kB │ gzip:   9.01 kB
public/build/assets/Index-CQimAbQU.js                                   24.22 kB │ gzip:   8.53 kB
public/build/assets/page-hero-Dze5oBDQ.js                               24.23 kB │ gzip:   7.29 kB
public/build/assets/Create-DkiRFm9A.js                                  24.27 kB │ gzip:   7.95 kB
public/build/assets/ResolutionResultCard-DH0LIxO3.js                    24.31 kB │ gzip:   8.93 kB
public/build/assets/mar-governance-dialogs-Imi0cjpZ.js                  24.32 kB │ gzip:   7.56 kB
public/build/assets/restraint-event-wizard-C_KBI-Ch.js                  24.76 kB │ gzip:   8.04 kB
public/build/assets/automations-DtAciJ7q.js                             24.78 kB │ gzip:   7.62 kB
public/build/assets/Show-Bneq-nJb.js                                    24.80 kB │ gzip:  10.01 kB
public/build/assets/governance-labels-CJgR2U5s.js                       24.81 kB │ gzip:   8.17 kB
public/build/assets/Show-Cyhn0mRs.js                                    24.95 kB │ gzip:   8.77 kB
public/build/assets/Show-D5LCXIqT.js                                    25.04 kB │ gzip:   9.64 kB
public/build/assets/_review-dialogs-CGdg9Fz8.js                         25.05 kB │ gzip:   7.97 kB
public/build/assets/Reconcile-BwoB9Cln.js                               25.07 kB │ gzip:   8.89 kB
public/build/assets/index-Eh9kLuE2.js                                   25.10 kB │ gzip:   8.20 kB
public/build/assets/objective-wizard-CzsSfylM.js                        25.18 kB │ gzip:   7.13 kB
public/build/assets/Medications-CI3_OT7i.js                             25.28 kB │ gzip:   9.20 kB
public/build/assets/Index-phi4VeQK.js                                   25.46 kB │ gzip:   7.89 kB
public/build/assets/Show-D--1yH3F.js                                    25.46 kB │ gzip:   9.77 kB
public/build/assets/sso-C7NeBS5l.js                                     25.56 kB │ gzip:   7.98 kB
public/build/assets/index-DIT7siZp.js                                   25.56 kB │ gzip:   9.68 kB
public/build/assets/index-B1h7WOY6.js                                   25.56 kB │ gzip:   8.91 kB
public/build/assets/it-mailbox-C2b6tZS0.js                              25.67 kB │ gzip:   8.73 kB
public/build/assets/show-Ps-fBNWR.js                                    25.80 kB │ gzip:   8.13 kB
public/build/assets/milesight-BoWtOv71.js                               25.92 kB │ gzip:   8.52 kB
public/build/assets/create-offer-DF6ypY6k.js                            25.96 kB │ gzip:   8.84 kB
public/build/assets/dashboard-wBXn7Gjg.js                               26.09 kB │ gzip:   8.08 kB
public/build/assets/vendor-utils-Dr6D9L7d.js                            26.13 kB │ gzip:   8.47 kB
public/build/assets/Index-wJIQ4Nlv.js                                   26.20 kB │ gzip:   9.75 kB
public/build/assets/record-assessment-dialog-CIqQ0FIE.js                26.21 kB │ gzip:   9.51 kB
public/build/assets/documents-wizards-CJGLNQ0-.js                       26.26 kB │ gzip:   9.26 kB
public/build/assets/_dialogs-D5s8QKbe.js                                26.35 kB │ gzip:   8.34 kB
public/build/assets/show-YJMO1Mn7.js                                    26.38 kB │ gzip:   8.98 kB
public/build/assets/transport-medication-dialogs-CFuj2XG_.js            26.38 kB │ gzip:   6.09 kB
public/build/assets/index-C2fluCdk.js                                   26.39 kB │ gzip:   9.03 kB
public/build/assets/show-BvLgDx1-.js                                    26.56 kB │ gzip:   7.68 kB
public/build/assets/Handovers-BnP8pjm5.js                               26.72 kB │ gzip:  10.44 kB
public/build/assets/_workspace-dialogs-CYyBkXDV.js                      26.83 kB │ gzip:   8.78 kB
public/build/assets/create-DDYxhJro.js                                  26.91 kB │ gzip:   7.54 kB
public/build/assets/index-BNjFR2p6.js                                   27.04 kB │ gzip:   9.58 kB
public/build/assets/index-BjjmCN-c.js                                   27.15 kB │ gzip:   9.69 kB
public/build/assets/show-CvBzwuEH.js                                    27.19 kB │ gzip:   9.07 kB
public/build/assets/index-BXLTYRcb.js                                   27.35 kB │ gzip:   9.48 kB
public/build/assets/SelfAdmin-DyKh6GHf.js                               27.46 kB │ gzip:   9.12 kB
public/build/assets/provisioning-command-dialog-BfCz8hbT.js             27.65 kB │ gzip:  10.76 kB
public/build/assets/care-support-plan-CgxQ3KCB.js                       27.67 kB │ gzip:   9.14 kB
public/build/assets/show-NmFNrQBc.js                                    27.69 kB │ gzip:   9.79 kB
public/build/assets/Index-UTatCeA2.js                                   27.76 kB │ gzip:  10.43 kB
public/build/assets/index-BnlRm4Qw.js                                   27.84 kB │ gzip:   9.79 kB
public/build/assets/index-BuibuE-G.js                                   27.85 kB │ gzip:   9.33 kB
public/build/assets/edit-5XFs_8dL.js                                    27.95 kB │ gzip:   9.32 kB
public/build/assets/smart-monitoring-CXYgOx17.js                        28.05 kB │ gzip:   6.49 kB
public/build/assets/Index-B63oZbJ7.js                                   28.12 kB │ gzip:  10.43 kB
public/build/assets/index-MrYOmACr.js                                   28.28 kB │ gzip:   9.20 kB
public/build/assets/show-DKz_jT0j.js                                    28.45 kB │ gzip:  10.00 kB
public/build/assets/index-BvfZFqCI.js                                   28.55 kB │ gzip:   9.19 kB
public/build/assets/show-BsoIAQCS.js                                    28.76 kB │ gzip:   8.55 kB
public/build/assets/show-wq0ecUsr.js                                    28.77 kB │ gzip:  10.33 kB
public/build/assets/index-BzMqdp68.js                                   28.80 kB │ gzip:   8.66 kB
public/build/assets/_self-admin-dialogs-ComwsD5k.js                     28.81 kB │ gzip:   9.50 kB
public/build/assets/Show-CwAG9h4d.js                                    29.05 kB │ gzip:   9.13 kB
public/build/assets/Create-BLnjBgGq.js                                  29.11 kB │ gzip:  10.17 kB
public/build/assets/guided-round-dialog-B-1tegwf.js                     29.15 kB │ gzip:   9.61 kB
public/build/assets/templates-DkPbmCg2.js                               29.66 kB │ gzip:  10.55 kB
public/build/assets/documents-CN8Vc1EN.js                               29.70 kB │ gzip:   9.24 kB
public/build/assets/_dialogs-D2Xo2BeA.js                                30.04 kB │ gzip:  10.02 kB
public/build/assets/run-modal-ZCTPFyQ-.js                               30.05 kB │ gzip:  10.26 kB
public/build/assets/page-header-DtwgZ8VI.js                             30.19 kB │ gzip:   9.19 kB
public/build/assets/asset-wizard-dialog-COQBzfwH.js                     30.20 kB │ gzip:  10.29 kB
public/build/assets/procedure-detail-dialog-D52LK4JF.js                 30.20 kB │ gzip:   9.63 kB
public/build/assets/index-k51OIWz2.js                                   30.22 kB │ gzip:   9.94 kB
public/build/assets/show-BNiRhDXe.js                                    30.32 kB │ gzip:   9.84 kB
public/build/assets/_dialogs-DTM-jsy_.js                                30.39 kB │ gzip:   9.19 kB
public/build/assets/_dialogs-D83ry3Yt.js                                30.56 kB │ gzip:  10.94 kB
public/build/assets/Show-BFAMZ-GY.js                                    30.59 kB │ gzip:  11.03 kB
public/build/assets/Competency-D2FGspYc.js                              30.60 kB │ gzip:  10.30 kB
public/build/assets/MedicationErrors-B20dY-X8.js                        30.86 kB │ gzip:  11.23 kB
public/build/assets/_hero-CewcVfyB.js                                   30.97 kB │ gzip:   9.79 kB
public/build/assets/access-Cnt7E2QQ.js                                  31.13 kB │ gzip:  10.23 kB
public/build/assets/_shopping-list-panel-Bn1STvIa.js                    31.35 kB │ gzip:  11.01 kB
public/build/assets/index-C44BqmVv.js                                   31.39 kB │ gzip:  10.77 kB
public/build/assets/Reviews-qVwj0Nok.js                                 31.77 kB │ gzip:  10.47 kB
public/build/assets/_dialogs-DkB4A2Ma.js                                31.87 kB │ gzip:   9.50 kB
public/build/assets/_stock-dialogs-uPFSXCR-.js                          31.91 kB │ gzip:   9.55 kB
public/build/assets/notification-escalations-oMCoO-re.js                32.17 kB │ gzip:  10.05 kB
public/build/assets/email-settings-CPiup5to.js                          32.26 kB │ gzip:  10.34 kB
public/build/assets/access-BU5Y1I9J.js                                  32.58 kB │ gzip:  11.62 kB
public/build/assets/index-UsyoVnbV.js                                   32.94 kB │ gzip:  11.96 kB
public/build/assets/_dialogs-B8GHJVd2.js                                33.24 kB │ gzip:  10.69 kB
public/build/assets/Show-b3RNlKZs.js                                    33.29 kB │ gzip:  11.68 kB
public/build/assets/Show-1f1qRUs9.js                                    33.61 kB │ gzip:  11.76 kB
public/build/assets/index-OdJv_joD.js                                   33.63 kB │ gzip:  11.60 kB
public/build/assets/index-11h8U0dB.js                                   34.03 kB │ gzip:  11.64 kB
public/build/assets/index-XLf21rL_.js                                   34.40 kB │ gzip:  12.26 kB
public/build/assets/show-BHKXjhy6.js                                    34.81 kB │ gzip:  10.69 kB
public/build/assets/Destructions-BBkyon8X.js                            34.81 kB │ gzip:  12.46 kB
public/build/assets/medical-cIEPs8kk.js                                 34.88 kB │ gzip:   7.89 kB
public/build/assets/_prescription-dialogs-AJuYtB-U.js                   35.13 kB │ gzip:   9.94 kB
public/build/assets/index-Dq00yJM_.js                                   35.17 kB │ gzip:  11.94 kB
public/build/assets/Index-C04Zqy4y.js                                   35.27 kB │ gzip:  11.57 kB
public/build/assets/_cd-dialogs-BZkiArbJ.js                             35.36 kB │ gzip:   9.45 kB
public/build/assets/documents-BElb9Lh4.js                               35.53 kB │ gzip:  11.45 kB
public/build/assets/index-tBqv0J_s.js                                   35.84 kB │ gzip:  12.43 kB
public/build/assets/index-BUQizCH9.js                                   36.57 kB │ gzip:  11.78 kB
public/build/assets/messages-DLIBiC_3.js                                36.62 kB │ gzip:  11.89 kB
public/build/assets/reviews-CF5c1D-V.js                                 36.78 kB │ gzip:  11.59 kB
public/build/assets/index-CuS75Ydd.js                                   37.15 kB │ gzip:  13.96 kB
public/build/assets/handover-CgijhfsZ.js                                37.36 kB │ gzip:  11.84 kB
public/build/assets/Create-BLsgi6PV.js                                  37.37 kB │ gzip:  12.12 kB
public/build/assets/index-y42T30HC.js                                   37.71 kB │ gzip:  11.78 kB
public/build/assets/_inspector-Cv-aG6Fo.js                              37.97 kB │ gzip:  11.56 kB
public/build/assets/documents-C5GQZkIU.js                               38.02 kB │ gzip:  12.60 kB
public/build/assets/Dashboard-DtK8utZ3.js                               38.05 kB │ gzip:  14.32 kB
public/build/assets/index-C7BJyrW0.js                                   38.12 kB │ gzip:  14.59 kB
public/build/assets/Show-CtKEI5nR.js                                    38.14 kB │ gzip:  14.45 kB
public/build/assets/global-BqrYsTLY.js                                  38.42 kB │ gzip:  12.88 kB
public/build/assets/hazard-register-BzlcNIUW.js                         38.49 kB │ gzip:  12.71 kB
public/build/assets/Reports-DPlY1yOW.js                                 38.57 kB │ gzip:  12.95 kB
public/build/assets/Show-ByKWQAba.js                                    39.48 kB │ gzip:  11.42 kB
public/build/assets/index-8Q3yks4a.js                                   39.52 kB │ gzip:  13.05 kB
public/build/assets/index-CW45-eoo.js                                   40.00 kB │ gzip:  13.10 kB
public/build/assets/index-R0tuwMKI.js                                   40.28 kB │ gzip:  12.96 kB
public/build/assets/index-BtMIdUEQ.js                                   40.36 kB │ gzip:  13.83 kB
public/build/assets/case-wizards-Bzt-J688.js                            40.74 kB │ gzip:  11.63 kB
public/build/assets/compliance-wizards-CS2PJ2Vt.js                      40.85 kB │ gzip:  12.73 kB
public/build/assets/index-BERgI_S8.js                                   40.91 kB │ gzip:  14.75 kB
public/build/assets/index-D6GJkUig.js                                   40.95 kB │ gzip:  13.38 kB
public/build/assets/index-BuJyuk5N.js                                   41.31 kB │ gzip:  14.38 kB
public/build/assets/_dialogs-CQug-WhI.js                                41.37 kB │ gzip:  12.04 kB
public/build/assets/index-ClmdsX_a.js                                   41.52 kB │ gzip:  14.13 kB
public/build/assets/bands-DcJaBUC7.js                                   41.59 kB │ gzip:  14.35 kB
public/build/assets/Edit-2015Odze.js                                    41.82 kB │ gzip:  13.35 kB
public/build/assets/profile-BA7PsdN9.js                                 41.94 kB │ gzip:  14.15 kB
public/build/assets/index-CQLIgf4v.js                                   41.96 kB │ gzip:  15.16 kB
public/build/assets/discovery-BNElPTu0.js                               42.55 kB │ gzip:  12.97 kB
public/build/assets/app-layout-B8rtHobw.js                              42.69 kB │ gzip:  13.34 kB
public/build/assets/index-DNMviZ6a.js                                   42.75 kB │ gzip:  13.80 kB
public/build/assets/sso-config-BKTq2PiH.js                              42.78 kB │ gzip:  13.92 kB
public/build/assets/handover-wizard-Bn8CjRfy.js                         43.04 kB │ gzip:  13.62 kB
public/build/assets/core.esm-D5j4X1h1.js                                43.17 kB │ gzip:  14.39 kB
public/build/assets/service-contexts-4i3pZDze.js                        43.72 kB │ gzip:  14.01 kB
public/build/assets/_dialogs-G_Xao0yn.js                                43.77 kB │ gzip:  14.04 kB
public/build/assets/StockManagement-CWo8-aZ7.js                         43.86 kB │ gzip:  13.12 kB
public/build/assets/show-BFCV1O9g.js                                    44.23 kB │ gzip:  14.95 kB
public/build/assets/Dashboard-LuoHh88b.js                               44.24 kB │ gzip:  10.86 kB
public/build/assets/show-CVJDBuhW.js                                    44.24 kB │ gzip:  14.96 kB
public/build/assets/Index-sTZl0h6d.js                                   44.25 kB │ gzip:  15.21 kB
public/build/assets/_canvas-DYHCUghH.js                                 44.48 kB │ gzip:  12.88 kB
public/build/assets/branding-DmeNXR34.js                                44.78 kB │ gzip:  13.99 kB
public/build/assets/asset-wizards-CphGjp3O.js                           45.18 kB │ gzip:  13.10 kB
public/build/assets/AuditLog-CchwM9-Z.js                                45.29 kB │ gzip:  15.28 kB
public/build/assets/index-DKi7L0Dp.js                                   45.57 kB │ gzip:  13.00 kB
public/build/assets/MarCharts-BwMDTvX3.js                               45.68 kB │ gzip:  15.82 kB
public/build/assets/Prescriptions-Cid3E0FS.js                           46.34 kB │ gzip:  14.07 kB
public/build/assets/transport-C9ffpt1R.js                               46.95 kB │ gzip:  15.83 kB
public/build/assets/incident-detail-dialog-tdeXafen.js                  47.33 kB │ gzip:  14.30 kB
public/build/assets/drill-detail-dialog-BIJeVonX.js                     47.88 kB │ gzip:  13.51 kB
public/build/assets/Rounds-Bl1JsBqs.js                                  48.24 kB │ gzip:  15.17 kB
public/build/assets/incident-report-dialog-AVtcmjPy.js                  48.28 kB │ gzip:  15.87 kB
public/build/assets/dashboard-DUMyI9O3.js                               48.39 kB │ gzip:  16.05 kB
public/build/assets/_dialogs-DCvFPMuC.js                                48.54 kB │ gzip:  14.35 kB
public/build/assets/index-Bsfr2G03.js                                   48.90 kB │ gzip:  15.64 kB
public/build/assets/create-shift-dialog-YuK8VcfM.js                     49.10 kB │ gzip:  14.23 kB
public/build/assets/index-bFpZ80QP.js                                   49.29 kB │ gzip:  15.19 kB
public/build/assets/_wizard-CfuM_rPb.js                                 49.42 kB │ gzip:  15.34 kB
public/build/assets/welcome-BjU6C8JG.js                                 50.21 kB │ gzip:   9.57 kB
public/build/assets/index-YeiC8qKM.js                                   51.07 kB │ gzip:  16.06 kB
public/build/assets/index-BOFWpjU-.js                                   51.81 kB │ gzip:  15.97 kB
public/build/assets/family-dashboard-CqYGg816.js                        51.96 kB │ gzip:  15.12 kB
public/build/assets/ra-wizard-dialog-AYzAD_8J.js                        51.97 kB │ gzip:  16.28 kB
public/build/assets/show-MJfMLcqp.js                                    52.12 kB │ gzip:  17.75 kB
public/build/assets/hazard-detail-dialog-BCLjHGkT.js                    52.62 kB │ gzip:  15.18 kB
public/build/assets/index-eO-N649s.js                                   52.88 kB │ gzip:  16.04 kB
public/build/assets/settings-BzHlc0m5.js                                53.33 kB │ gzip:  15.56 kB
public/build/assets/workspace-BpyHqydK.js                               54.55 kB │ gzip:  19.28 kB
public/build/assets/index-DcMKpsBE.js                                   56.45 kB │ gzip:  19.11 kB
public/build/assets/Show-DhjrGwJZ.js                                    57.39 kB │ gzip:  17.33 kB
public/build/assets/CockpitLayout-DpZJpXHA.js                           57.41 kB │ gzip:  17.89 kB
public/build/assets/device-profile-sections-CSDNFiHc.js                 58.15 kB │ gzip:  16.94 kB
public/build/assets/dashboard-C8Snio6j.js                               58.74 kB │ gzip:  16.96 kB
public/build/assets/show-B5NMzjlS.js                                    58.82 kB │ gzip:  20.10 kB
public/build/assets/my-hr-shell-Dg_oSrEi.js                             59.82 kB │ gzip:  18.82 kB
public/build/assets/Index-CQOVBQYv.js                                   59.94 kB │ gzip:  19.14 kB
public/build/assets/medical-BXWLGkm2.js                                 60.22 kB │ gzip:  12.07 kB
public/build/assets/PrnRecords-BmEEYrQZ.js                              60.73 kB │ gzip:  18.68 kB
public/build/assets/conflicts-DH2C-a8s.js                               61.21 kB │ gzip:  19.80 kB
public/build/assets/Show-CzHV98ok.js                                    62.50 kB │ gzip:  21.41 kB
public/build/assets/_parts-Gd2oCpgk.js                                  62.84 kB │ gzip:  20.37 kB
public/build/assets/settings-8HUZzWsI.js                                63.31 kB │ gzip:  17.23 kB
public/build/assets/index-BOF8WuIC.js                                   64.27 kB │ gzip:  19.32 kB
public/build/assets/dashboard-DSlfi7Yc.js                               64.46 kB │ gzip:  20.36 kB
public/build/assets/data-BRwzNCq0.js                                    64.62 kB │ gzip:  14.00 kB
public/build/assets/monitoring-CE0MiEMv.js                              65.77 kB │ gzip:  19.55 kB
public/build/assets/ControlledDrugs-DqurOQp2.js                         65.82 kB │ gzip:  20.43 kB
public/build/assets/catalog-BgBShncz.js                                 66.75 kB │ gzip:  17.74 kB
public/build/assets/Show-B1R3rE7T.js                                    67.29 kB │ gzip:  19.34 kB
public/build/assets/show-CJz48El8.js                                    67.76 kB │ gzip:  15.09 kB
public/build/assets/show-D5e-DtBW.js                                    68.56 kB │ gzip:  20.31 kB
public/build/assets/index-B11BFuKc.js                                   69.05 kB │ gzip:  21.44 kB
public/build/assets/index-BiJtPAcP.js                                   69.35 kB │ gzip:  21.87 kB
public/build/assets/analytics-qaOjY94X.js                               70.61 kB │ gzip:  23.92 kB
public/build/assets/SiteCalendar-DcYLOS1t.js                            71.79 kB │ gzip:  22.73 kB
public/build/assets/concern-dialog-BoQgxMRb.js                          72.32 kB │ gzip:  20.08 kB
public/build/assets/legacy-profile-sections-DBECTMqm.js                 72.99 kB │ gzip:  19.50 kB
public/build/assets/show-BS3vTPWU.js                                    74.28 kB │ gzip:  23.10 kB
public/build/assets/show-DtOmczRg.js                                    75.70 kB │ gzip:  23.63 kB
public/build/assets/index-Cenxnw1V.js                                   77.40 kB │ gzip:  22.55 kB
public/build/assets/_calendar-grid--nUxD20r.js                          77.48 kB │ gzip:  22.97 kB
public/build/assets/index-CQ0iX-a7.js                                   78.27 kB │ gzip:  23.84 kB
public/build/assets/index-Ca50Pd8Y.js                                   80.58 kB │ gzip:  23.36 kB
public/build/assets/index-PGywwOMd.js                                   81.66 kB │ gzip:  24.48 kB
public/build/assets/_create-dialog-B9-4aar0.js                          81.96 kB │ gzip:  27.49 kB
public/build/assets/index-BLjavPA7.js                                   83.74 kB │ gzip:  27.21 kB
public/build/assets/index-Cd7g_FKP.js                                   86.93 kB │ gzip:  24.96 kB
public/build/assets/Index-DRErtJvK.js                                   88.75 kB │ gzip:  26.80 kB
public/build/assets/index-imMzCb9J.js                                   88.76 kB │ gzip:  27.29 kB
public/build/assets/staff-page-shell-DU1VcFVi.js                        90.82 kB │ gzip:  26.94 kB
public/build/assets/index-cXLocfZS.js                                   94.94 kB │ gzip:  28.21 kB
public/build/assets/show-CtO7N13q.js                                    99.25 kB │ gzip:  25.81 kB
public/build/assets/ticket-intake-fields-DXKjsgJa.js                   102.61 kB │ gzip:  30.27 kB
public/build/assets/index-CUpPdIqP.js                                  103.39 kB │ gzip:  31.11 kB
public/build/assets/index-BK0I-xMD.js                                  104.03 kB │ gzip:  31.58 kB
public/build/assets/index-B-FGwXUz.js                                  107.45 kB │ gzip:  31.47 kB
public/build/assets/queclink-hub-CKfqXtZF.js                           109.77 kB │ gzip:  33.67 kB
public/build/assets/it-wizards-DMNoMUwP.js                             111.72 kB │ gzip:  35.88 kB
public/build/assets/index-C9GiqCRw.js                                  111.91 kB │ gzip:  30.55 kB
public/build/assets/workspace-Cz59BhLK.js                              128.30 kB │ gzip:  38.70 kB
public/build/assets/jsQR-EsnENd7U.js                                   130.72 kB │ gzip:  47.46 kB
public/build/assets/ticket-reopen-dialog-DZTcg2eW.js                   145.73 kB │ gzip:  46.12 kB
public/build/assets/event-detail-dialog-DPdg0plc.js                    148.01 kB │ gzip:  38.86 kB
public/build/assets/vendor-maps-CTUbLoeq.js                            149.92 kB │ gzip:  43.49 kB
public/build/assets/index-Bq68KSUj.js                                  155.98 kB │ gzip:  42.60 kB
public/build/assets/index-BUPbn1sE.js                                  156.20 kB │ gzip:  45.39 kB
public/build/assets/alert-workspace-dialog-r4CNSr1R.js                 158.46 kB │ gzip:  44.47 kB
public/build/assets/index-CFsC9kF6.js                                  159.65 kB │ gzip:  45.15 kB
public/build/assets/show-B-vcMn4Y.js                                   170.44 kB │ gzip:  52.70 kB
public/build/assets/knowledge-revision-dialog-CfdW67iX.js              176.90 kB │ gzip:  49.52 kB
public/build/assets/vendor-react-C99fm9h8.js                           193.87 kB │ gzip:  60.86 kB
public/build/assets/vendor-inertia-L00mYErJ.js                         195.04 kB │ gzip:  65.83 kB
public/build/assets/category-F5cFqC1D.js                               206.58 kB │ gzip:  51.98 kB
public/build/assets/index-D7Ly0Sht.js                                  215.14 kB │ gzip:  68.42 kB
public/build/assets/index-DgdMVbox.js                                  236.38 kB │ gzip:  70.78 kB
public/build/assets/vendor-calendar-NWT3TLWG.js                        267.92 kB │ gzip:  79.12 kB
public/build/assets/vendor-ui-w1Ikxf0L.js                              276.38 kB │ gzip:  76.83 kB
public/build/assets/index-CLEOwNuM.js                                  317.42 kB │ gzip:  88.18 kB
public/build/assets/show-1hfcaKA_.js                                   328.59 kB │ gzip:  98.18 kB
public/build/assets/show-D_4OkWoX.js                                   350.31 kB │ gzip:  98.89 kB
public/build/assets/vendor-charts-DKFvUt4j.js                          398.58 kB │ gzip: 115.53 kB
public/build/assets/pdf-YYBQA8p7.js                                    437.74 kB │ gzip: 131.10 kB
public/build/assets/app-DGSJd41Z.js                                    525.69 kB │ gzip:  85.14 kB
public/build/assets/show-98gnITun.js                                   747.40 kB │ gzip: 239.85 kB

(!) Some chunks are larger than 500 kB after minification. Consider:
- Using dynamic import() to code-split the application
- Use build.rollupOptions.output.manualChunks to improve chunking: https://rollupjs.org/configuration-options/#output-manualchunks
- Adjust chunk size limit for this warning via build.chunkSizeWarningLimit.
✓ built in 4m 45s
