vite v7.3.6 building client environment for production...
[plugin @laravel/vite-plugin-wayfinder] Types generated for actions, routes, form variants
transforming...
✓ 5236 modules transformed.
rendering chunks...
computing gzip size...
public/build/assets/layers-BWBAp2CZ.png                                  0.70 kB
public/build/assets/layers-2x-Bpkbi35X.png                               1.26 kB
public/build/assets/marker-icon-hN30_KVU.png                             1.47 kB
public/build/manifest.json                                           3,468.22 kB │ gzip: 188.61 kB
public/build/assets/vendor-maps-CLLlcC51.css                            11.08 kB │ gzip:   2.73 kB
public/build/assets/app-BD2pWzeU.css                                   435.59 kB │ gzip:  55.10 kB
public/build/assets/my-hr-utils-fLvKAKV1.js                              0.07 kB │ gzip:   0.09 kB
public/build/assets/avatar-hue-BThxaYxR.js                               0.10 kB │ gzip:   0.11 kB
public/build/assets/_announcer-cvXWdNAc.js                               0.12 kB │ gzip:   0.12 kB
public/build/assets/minus-DjM2Ox7H.js                                    0.12 kB │ gzip:   0.13 kB
public/build/assets/check-sZf1rLn4.js                                    0.12 kB │ gzip:   0.14 kB
public/build/assets/circle-D5M96_ln.js                                   0.12 kB │ gzip:   0.13 kB
public/build/assets/chevron-down-Dvq_5ZsW.js                             0.13 kB │ gzip:   0.14 kB
public/build/assets/chevron-up-5VR46-Ns.js                               0.13 kB │ gzip:   0.14 kB
public/build/assets/chevron-left-DI2UzysQ.js                             0.13 kB │ gzip:   0.14 kB
public/build/assets/chevron-right-2fW4TW-E.js                            0.13 kB │ gzip:   0.14 kB
public/build/assets/play-EC79U4n8.js                                     0.13 kB │ gzip:   0.14 kB
public/build/assets/moon-fQ7s_BRD.js                                     0.14 kB │ gzip:   0.14 kB
public/build/assets/loader-circle-CYTQO-PU.js                            0.14 kB │ gzip:   0.15 kB
public/build/assets/square-C8pOSqGo.js                                   0.15 kB │ gzip:   0.15 kB
public/build/assets/message-circle-B4y3KrGF.js                           0.15 kB │ gzip:   0.16 kB
public/build/assets/navigation-DLbpcc-s.js                               0.15 kB │ gzip:   0.15 kB
public/build/assets/staff-creation-workflow-D6SGmEbz.js                  0.15 kB │ gzip:   0.13 kB
public/build/assets/plus-BEzaol-b.js                                     0.15 kB │ gzip:   0.15 kB
public/build/assets/x-BgM2lgbq.js                                        0.15 kB │ gzip:   0.15 kB
public/build/assets/thermometer-8kg1sCSJ.js                              0.16 kB │ gzip:   0.16 kB
public/build/assets/filter-D49CKD4n.js                                   0.16 kB │ gzip:   0.16 kB
public/build/assets/bookmark-BN2QQ3kK.js                                 0.16 kB │ gzip:   0.16 kB
public/build/assets/arrow-left-ChSFSETZ.js                               0.16 kB │ gzip:   0.16 kB
public/build/assets/arrow-right-D4NO1ZOw.js                              0.16 kB │ gzip:   0.16 kB
public/build/assets/arrow-up-right-DH3w9kms.js                           0.16 kB │ gzip:   0.15 kB
public/build/assets/circle-minus-B8MkHXC5.js                             0.17 kB │ gzip:   0.16 kB
public/build/assets/search-D8NvdBQZ.js                                   0.17 kB │ gzip:   0.16 kB
public/build/assets/arrow-down-right-BdsAGlEA.js                         0.17 kB │ gzip:   0.16 kB
public/build/assets/move-right-CsEW7n7b.js                               0.17 kB │ gzip:   0.16 kB
public/build/assets/ban-C-olqWMd.js                                      0.17 kB │ gzip:   0.16 kB
public/build/assets/circle-check-CluYV21D.js                             0.17 kB │ gzip:   0.16 kB
public/build/assets/chevrons-up-down-CMwjV4Hg.js                         0.17 kB │ gzip:   0.16 kB
public/build/assets/power-BmUOvi_U.js                                    0.17 kB │ gzip:   0.16 kB
public/build/assets/gauge-CJSMWIh3.js                                    0.18 kB │ gzip:   0.16 kB
public/build/assets/user-round-BEqXZtey.js                               0.18 kB │ gzip:   0.17 kB
public/build/assets/circle-dot-CMuusK0H.js                               0.18 kB │ gzip:   0.15 kB
public/build/assets/clock-Ca4jIFBj.js                                    0.18 kB │ gzip:   0.17 kB
public/build/assets/message-square-CPnPG5-o.js                           0.18 kB │ gzip:   0.17 kB
public/build/assets/check-check-BVDmNj2x.js                              0.18 kB │ gzip:   0.17 kB
public/build/assets/clock-3-Bgag8mkz.js                                  0.18 kB │ gzip:   0.17 kB
public/build/assets/chart-line-DtLjwOit.js                               0.18 kB │ gzip:   0.17 kB
public/build/assets/circle-slash-C1jRmJGt.js                             0.18 kB │ gzip:   0.17 kB
public/build/assets/reply-DL6nI8NR.js                                    0.18 kB │ gzip:   0.18 kB
public/build/assets/circle-check-big-DCOYH5-o.js                         0.19 kB │ gzip:   0.18 kB
public/build/assets/circle-play-2yhDOaLS.js                              0.19 kB │ gzip:   0.17 kB
public/build/assets/user-BgRgONYY.js                                     0.19 kB │ gzip:   0.18 kB
public/build/assets/megaphone-DtjBMEhK.js                                0.19 kB │ gzip:   0.18 kB
public/build/assets/skip-forward-C05hye2e.js                             0.20 kB │ gzip:   0.18 kB
public/build/assets/smartphone-f9gCi920.js                               0.20 kB │ gzip:   0.18 kB
public/build/assets/rotate-ccw-BNIcp60F.js                               0.20 kB │ gzip:   0.18 kB
public/build/assets/info-XoKsHwLi.js                                     0.20 kB │ gzip:   0.18 kB
public/build/assets/rotate-cw-Dx2Rzr13.js                                0.20 kB │ gzip:   0.18 kB
public/build/assets/lock-x93T3AgQ.js                                     0.20 kB │ gzip:   0.19 kB
public/build/assets/circle-x-BOJEjRFI.js                                 0.20 kB │ gzip:   0.17 kB
public/build/assets/chart-palette-BuldC4kO.js                            0.20 kB │ gzip:   0.13 kB
public/build/assets/trending-up-Bjm1gxrP.js                              0.20 kB │ gzip:   0.18 kB
public/build/assets/utils-COkJOzsg.js                                    0.20 kB │ gzip:   0.16 kB
public/build/assets/arrow-up-from-line-BgE4ljE6.js                       0.21 kB │ gzip:   0.18 kB
public/build/assets/arrow-down-to-line-p6a1WHCI.js                       0.21 kB │ gzip:   0.18 kB
public/build/assets/credit-card-BOIAQoUb.js                              0.21 kB │ gzip:   0.18 kB
public/build/assets/trending-down-ZCZtHz5C.js                            0.21 kB │ gzip:   0.17 kB
public/build/assets/droplet-BsRhvfo8.js                                  0.21 kB │ gzip:   0.19 kB
public/build/assets/undo-2-D5xmgyTa.js                                   0.21 kB │ gzip:   0.18 kB
public/build/assets/mail-DPtR_OmE.js                                     0.21 kB │ gzip:   0.20 kB
public/build/assets/it-module-shell-Cq8Pndvb.js                          0.21 kB │ gzip:   0.19 kB
public/build/assets/battery-DYto0x-g.js                                  0.21 kB │ gzip:   0.18 kB
public/build/assets/pause-DBIoMjFX.js                                    0.21 kB │ gzip:   0.16 kB
public/build/assets/circle-arrow-up-C84qpUTo.js                          0.21 kB │ gzip:   0.18 kB
public/build/assets/circle-arrow-down-jkeXPf3Z.js                        0.21 kB │ gzip:   0.18 kB
public/build/assets/pill-CEAUjt7h.js                                     0.21 kB │ gzip:   0.18 kB
public/build/assets/site-profile-dialog-host-BH_OdoAm.js                 0.21 kB │ gzip:   0.19 kB
public/build/assets/dollar-sign-c4Qhu0ZB.js                              0.22 kB │ gzip:   0.19 kB
public/build/assets/file-dDKD28Mc.js                                     0.22 kB │ gzip:   0.18 kB
public/build/assets/laptop-DNhRSUTf.js                                   0.22 kB │ gzip:   0.19 kB
public/build/assets/flag-xS8SigAB.js                                     0.22 kB │ gzip:   0.20 kB
public/build/assets/rows-3-B2a-dxus.js                                   0.22 kB │ gzip:   0.18 kB
public/build/assets/rss-CnmQPjAv.js                                      0.22 kB │ gzip:   0.18 kB
public/build/assets/briefcase-CqG24Xtj.js                                0.22 kB │ gzip:   0.20 kB
public/build/assets/target-B6lQui4P.js                                   0.22 kB │ gzip:   0.16 kB
public/build/assets/ellipsis-DlIMzT_T.js                                 0.22 kB │ gzip:   0.16 kB
public/build/assets/columns-3-CYI1Pmlv.js                                0.22 kB │ gzip:   0.19 kB
public/build/assets/git-merge-BzgLg9a3.js                                0.22 kB │ gzip:   0.18 kB
public/build/assets/square-check-big-C_eWWQL2.js                         0.22 kB │ gzip:   0.19 kB
public/build/assets/sticky-note-CT_0qrFp.js                              0.22 kB │ gzip:   0.18 kB
public/build/assets/folder-aofZq5n-.js                                   0.23 kB │ gzip:   0.19 kB
public/build/assets/ellipsis-vertical-BCHoVbqO.js                        0.23 kB │ gzip:   0.17 kB
public/build/assets/vote-yHFYNjR7.js                                     0.23 kB │ gzip:   0.19 kB
public/build/assets/copy-DbcnXNQD.js                                     0.23 kB │ gzip:   0.20 kB
public/build/assets/door-closed-Bt5vJWLM.js                              0.23 kB │ gzip:   0.19 kB
public/build/assets/user-round-check-BcLat4re.js                         0.23 kB │ gzip:   0.21 kB
public/build/assets/circle-user-round-CDI7TseJ.js                        0.23 kB │ gzip:   0.19 kB
public/build/assets/circle-help-rHoS3ZaS.js                              0.23 kB │ gzip:   0.20 kB
public/build/assets/ear-ycHsoQ2u.js                                      0.23 kB │ gzip:   0.19 kB
public/build/assets/activity-Bk0oSLTj.js                                 0.23 kB │ gzip:   0.20 kB
public/build/assets/pen-MbAV1vpI.js                                      0.23 kB │ gzip:   0.20 kB
public/build/assets/history-DMwBXBrk.js                                  0.24 kB │ gzip:   0.20 kB
public/build/assets/globe-FSi41KLS.js                                    0.24 kB │ gzip:   0.19 kB
public/build/assets/percent-DhkXPl8L.js                                  0.24 kB │ gzip:   0.18 kB
public/build/assets/timer-C7Z1cTnC.js                                    0.24 kB │ gzip:   0.18 kB
public/build/assets/banknote-B6RVbign.js                                 0.24 kB │ gzip:   0.20 kB
public/build/assets/heart-C2b351oG.js                                    0.24 kB │ gzip:   0.21 kB
public/build/assets/link-2-CxfoH9O2.js                                   0.24 kB │ gzip:   0.21 kB
public/build/assets/circle-dollar-sign-CYL6U0RX.js                       0.24 kB │ gzip:   0.20 kB
public/build/assets/menu-BA58-1QS.js                                     0.24 kB │ gzip:   0.17 kB
public/build/assets/arrow-up-down-OFVP2vjh.js                            0.24 kB │ gzip:   0.19 kB
public/build/assets/database-DwQPZB5y.js                                 0.24 kB │ gzip:   0.20 kB
public/build/assets/arrow-down-up-F1wQ4Tpp.js                            0.24 kB │ gzip:   0.19 kB
public/build/assets/circle-pause-BS02t1IZ.js                             0.24 kB │ gzip:   0.18 kB
public/build/assets/arrow-left-right-CASjfE_p.js                         0.25 kB │ gzip:   0.19 kB
public/build/assets/compass-jqZb5NuX.js                                  0.25 kB │ gzip:   0.20 kB
public/build/assets/arrow-right-left-iNIz5Fpt.js                         0.25 kB │ gzip:   0.19 kB
public/build/assets/book-marked-BgTI0_m_.js                              0.25 kB │ gzip:   0.20 kB
public/build/assets/settings-2-DJIwk-Xg.js                               0.25 kB │ gzip:   0.19 kB
public/build/assets/users-round-DewwqwDj.js                              0.25 kB │ gzip:   0.21 kB
public/build/assets/camera-ByDq-IQc.js                                   0.25 kB │ gzip:   0.21 kB
public/build/assets/file-warning-cJq6DsUC.js                             0.25 kB │ gzip:   0.19 kB
public/build/assets/video-DrWo7eH-.js                                    0.25 kB │ gzip:   0.21 kB
public/build/assets/circle-alert-5E3BvWaq.js                             0.25 kB │ gzip:   0.18 kB
public/build/assets/route-ClI3I3Ro.js                                    0.25 kB │ gzip:   0.20 kB
public/build/assets/mouse-pointer-2-CiMy4Ljf.js                          0.25 kB │ gzip:   0.21 kB
public/build/assets/chart-column-DR1p1k2G.js                             0.25 kB │ gzip:   0.19 kB
public/build/assets/external-link-Dko5sARS.js                            0.25 kB │ gzip:   0.20 kB
public/build/assets/shopping-bag-Bi6H4XqH.js                             0.25 kB │ gzip:   0.20 kB
public/build/assets/cloud-upload-GgCZn7IE.js                             0.25 kB │ gzip:   0.20 kB
public/build/assets/eye-D00rTsyZ.js                                      0.25 kB │ gzip:   0.19 kB
public/build/assets/map-pin-B9hVq6Kf.js                                  0.25 kB │ gzip:   0.22 kB
public/build/assets/user-check-BaPHx3xL.js                               0.25 kB │ gzip:   0.22 kB
public/build/assets/archive-CcIkidWn.js                                  0.25 kB │ gzip:   0.21 kB
public/build/assets/lock-keyhole-CfXZCMWe.js                             0.25 kB │ gzip:   0.22 kB
public/build/assets/message-square-plus-CuP2NFMj.js                      0.25 kB │ gzip:   0.20 kB
public/build/assets/circle-user-BIm0EruG.js                              0.25 kB │ gzip:   0.20 kB
public/build/assets/message-square-text-COBfGN6P.js                      0.25 kB │ gzip:   0.20 kB
public/build/assets/user-minus-BljmRdBh.js                               0.25 kB │ gzip:   0.22 kB
public/build/assets/file-check-2-Br6LnVyW.js                             0.25 kB │ gzip:   0.20 kB
public/build/assets/messages-square-BZ4PvjoA.js                          0.25 kB │ gzip:   0.20 kB
public/build/assets/link-zeuewkPb.js                                     0.26 kB │ gzip:   0.19 kB
public/build/assets/hr-hero-4GhujgZ2.js                                  0.26 kB │ gzip:   0.22 kB
public/build/assets/wrench-DaYruDJZ.js                                   0.26 kB │ gzip:   0.20 kB
public/build/assets/calendar-C8XiP9ta.js                                 0.26 kB │ gzip:   0.20 kB
public/build/assets/upload-s5i85xXC.js                                   0.26 kB │ gzip:   0.22 kB
public/build/assets/log-out-DTd1hiAU.js                                  0.26 kB │ gzip:   0.22 kB
public/build/assets/ticket-check-C3tfxFza.js                             0.26 kB │ gzip:   0.20 kB
public/build/assets/log-in-CtBsBT_w.js                                   0.26 kB │ gzip:   0.22 kB
public/build/assets/monitor-BVnCCTOq.js                                  0.26 kB │ gzip:   0.20 kB
public/build/assets/message-square-warning-B_qPRXk9.js                   0.26 kB │ gzip:   0.20 kB
public/build/assets/utensils-Cx-sMvRg.js                                 0.26 kB │ gzip:   0.20 kB
public/build/assets/download-CqFOAbi0.js                                 0.26 kB │ gzip:   0.22 kB
public/build/assets/zap-DBPsQRhz.js                                      0.26 kB │ gzip:   0.20 kB
public/build/assets/triangle-alert-BqJwosSU.js                           0.26 kB │ gzip:   0.21 kB
public/build/assets/leaf-BmUjhXZY.js                                     0.26 kB │ gzip:   0.22 kB
public/build/assets/file-check-Wn4skXkg.js                               0.26 kB │ gzip:   0.20 kB
public/build/assets/workflow-B_YXRdkL.js                                 0.26 kB │ gzip:   0.20 kB
public/build/assets/mic-C3DSbM6y.js                                      0.26 kB │ gzip:   0.21 kB
public/build/assets/shield-zpCBppu1.js                                   0.27 kB │ gzip:   0.22 kB
public/build/assets/battery-low-tZekIGnA.js                              0.27 kB │ gzip:   0.20 kB
public/build/assets/timer-reset-CWZTHHoE.js                              0.27 kB │ gzip:   0.21 kB
public/build/assets/award-BCLJZV4h.js                                    0.27 kB │ gzip:   0.22 kB
public/build/assets/eraser-CIr-BxXW.js                                   0.27 kB │ gzip:   0.22 kB
public/build/assets/image-3E29qe-X.js                                    0.27 kB │ gzip:   0.22 kB
public/build/assets/repeat-qlxUeSSW.js                                   0.27 kB │ gzip:   0.20 kB
public/build/assets/arrow-up-8jrRMZYr.js                                 0.27 kB │ gzip:   0.20 kB
public/build/assets/flame-BhQID6p1.js                                    0.27 kB │ gzip:   0.22 kB
public/build/assets/git-branch-BgTLJHXl.js                               0.27 kB │ gzip:   0.22 kB
public/build/assets/coins-B0lp5TGg.js                                    0.27 kB │ gzip:   0.22 kB
public/build/assets/pencil-xYJJkQDV.js                                   0.28 kB │ gzip:   0.22 kB
public/build/assets/pen-line-Dnv-2yZb.js                                 0.28 kB │ gzip:   0.22 kB
public/build/assets/list-checks-CSXvljSy.js                              0.28 kB │ gzip:   0.19 kB
public/build/assets/book-open-CEwpaYBI.js                                0.28 kB │ gzip:   0.20 kB
public/build/assets/wifi-C-huYWfN.js                                     0.28 kB │ gzip:   0.20 kB
public/build/assets/lightbulb-np-j87UE.js                                0.28 kB │ gzip:   0.22 kB
public/build/assets/file-plus-2-w1lWDRpR.js                              0.28 kB │ gzip:   0.21 kB
public/build/assets/layout-template-Ds6l5Okq.js                          0.28 kB │ gzip:   0.19 kB
public/build/assets/inbox-B-yNrO81.js                                    0.29 kB │ gzip:   0.23 kB
public/build/assets/wallet-CxOek-ov.js                                   0.29 kB │ gzip:   0.20 kB
public/build/assets/files-Dql0mDHI.js                                    0.29 kB │ gzip:   0.21 kB
public/build/assets/shopping-cart-D4BWSA60.js                            0.29 kB │ gzip:   0.23 kB
public/build/assets/shirt-C-WN5WNE.js                                    0.29 kB │ gzip:   0.23 kB
public/build/assets/house-4lJuPH0D.js                                    0.29 kB │ gzip:   0.22 kB
public/build/assets/bell-DOJ_zqa9.js                                     0.29 kB │ gzip:   0.23 kB
public/build/assets/use-initials-U-N8N3-N.js                             0.29 kB │ gzip:   0.20 kB
public/build/assets/send-BRVtYVwk.js                                     0.29 kB │ gzip:   0.23 kB
public/build/assets/folder-open-DLK3Ma7-.js                              0.29 kB │ gzip:   0.22 kB
public/build/assets/receipt-B71ezONv.js                                  0.29 kB │ gzip:   0.21 kB
public/build/assets/link-2-off-BOnVfbd7.js                               0.29 kB │ gzip:   0.21 kB
public/build/assets/smile-uTUbUHXC.js                                    0.29 kB │ gzip:   0.21 kB
public/build/assets/grid-3x3-CcLsIKge.js                                 0.29 kB │ gzip:   0.21 kB
public/build/assets/bed-double-qaGEcBXA.js                               0.30 kB │ gzip:   0.20 kB
public/build/assets/heart-crack-PjAv628P.js                              0.30 kB │ gzip:   0.24 kB
public/build/assets/hash-eb2poBTE.js                                     0.30 kB │ gzip:   0.19 kB
public/build/assets/list-todo-BzvhQRzU.js                                0.30 kB │ gzip:   0.22 kB
public/build/assets/paperclip-DXRCxwMr.js                                0.30 kB │ gzip:   0.23 kB
public/build/assets/file-up-Cb0g6c8t.js                                  0.30 kB │ gzip:   0.21 kB
public/build/assets/flask-conical-BRZ0H6UC.js                            0.30 kB │ gzip:   0.23 kB
public/build/assets/gavel-BqUyGOlL.js                                    0.30 kB │ gzip:   0.21 kB
public/build/assets/thumbs-up-B8BsgKhC.js                                0.30 kB │ gzip:   0.24 kB
public/build/assets/list-sVcQ9cIF.js                                     0.30 kB │ gzip:   0.18 kB
public/build/assets/file-down-kO-sYXjE.js                                0.30 kB │ gzip:   0.21 kB
public/build/assets/thumbs-down-DU-zUYWy.js                              0.30 kB │ gzip:   0.24 kB
public/build/assets/clipboard-check-BJfYZOL3.js                          0.30 kB │ gzip:   0.23 kB
public/build/assets/file-clock-DO_7JbOW.js                               0.30 kB │ gzip:   0.23 kB
public/build/assets/users-B2Y4UDlA.js                                    0.30 kB │ gzip:   0.23 kB
public/build/assets/coffee-CvSukwIE.js                                   0.30 kB │ gzip:   0.21 kB
public/build/assets/calendar-check-3JHYE5hr.js                           0.30 kB │ gzip:   0.22 kB
public/build/assets/user-x-Dq_-y7dR.js                                   0.30 kB │ gzip:   0.23 kB
public/build/assets/folder-plus-CfoZix9_.js                              0.30 kB │ gzip:   0.22 kB
public/build/assets/chef-hat-DKtRLSxw.js                                 0.31 kB │ gzip:   0.24 kB
public/build/assets/user-plus-BZ6c1q1Y.js                                0.31 kB │ gzip:   0.23 kB
public/build/assets/box-mW0pPx9f.js                                      0.31 kB │ gzip:   0.22 kB
public/build/assets/heart-pulse-D1vPwOgM.js                              0.31 kB │ gzip:   0.25 kB
public/build/assets/badge-check-BBI0aIjJ.js                              0.31 kB │ gzip:   0.21 kB
public/build/assets/piggy-bank-Ccsuuk9g.js                               0.31 kB │ gzip:   0.25 kB
public/build/assets/hard-hat-DAVAq_jM.js                                 0.32 kB │ gzip:   0.23 kB
public/build/assets/shield-check-BIrjX3Lu.js                             0.32 kB │ gzip:   0.25 kB
public/build/assets/printer-BM5gB5UG.js                                  0.32 kB │ gzip:   0.24 kB
public/build/assets/square-pen-BRDP_iH_.js                               0.32 kB │ gzip:   0.24 kB
public/build/assets/refresh-ccw-DgeRAq5o.js                              0.32 kB │ gzip:   0.22 kB
public/build/assets/ticket-B2TkY-GE.js                                   0.32 kB │ gzip:   0.21 kB
public/build/assets/tag-BSpAAMES.js                                      0.32 kB │ gzip:   0.25 kB
public/build/assets/hand-helping-Biro7ztH.js                             0.32 kB │ gzip:   0.25 kB
public/build/assets/id-card-EGngTGQP.js                                  0.32 kB │ gzip:   0.24 kB
public/build/assets/mail-warning-Bpt5bPRD.js                             0.32 kB │ gzip:   0.24 kB
public/build/assets/save-C6ubVA9U.js                                     0.33 kB │ gzip:   0.23 kB
public/build/assets/scan-line-X2ZIdDyh.js                                0.33 kB │ gzip:   0.22 kB
public/build/assets/graduation-cap-CGNh7iXz.js                           0.33 kB │ gzip:   0.25 kB
public/build/assets/list-ordered-W8WKnpVm.js                             0.33 kB │ gzip:   0.22 kB
public/build/assets/file-text-4f__hs7F.js                                0.33 kB │ gzip:   0.22 kB
public/build/assets/book-open-check-CusLCbE_.js                          0.33 kB │ gzip:   0.23 kB
public/build/assets/alarm-clock-Gt0R3kxL.js                              0.33 kB │ gzip:   0.23 kB
public/build/assets/finance-tabs-DeXE3d9e.js                             0.33 kB │ gzip:   0.27 kB
public/build/assets/contact-BHboiv1L.js                                  0.33 kB │ gzip:   0.24 kB
public/build/assets/calendar-x-DAj5Ua8B.js                               0.34 kB │ gzip:   0.23 kB
public/build/assets/accessibility-ayCt3ATa.js                            0.34 kB │ gzip:   0.24 kB
public/build/assets/archive-restore-DKkK0VdI.js                          0.34 kB │ gzip:   0.24 kB
public/build/assets/stethoscope-DIUEi6X8.js                              0.34 kB │ gzip:   0.24 kB
public/build/assets/shield-plus-087MIMfv.js                              0.34 kB │ gzip:   0.25 kB
public/build/assets/layout-grid-BrcGAXKL.js                              0.34 kB │ gzip:   0.19 kB
public/build/assets/pin-gYDs4iMQ.js                                      0.35 kB │ gzip:   0.24 kB
public/build/assets/file-image-DObLORIl.js                               0.35 kB │ gzip:   0.25 kB
public/build/assets/scroll-text-DR7Q1eMi.js                              0.35 kB │ gzip:   0.23 kB
public/build/assets/key-round-sUhVH9a5.js                                0.35 kB │ gzip:   0.26 kB
public/build/assets/layout-dashboard-BKy8CYN-.js                         0.35 kB │ gzip:   0.21 kB
public/build/assets/shield-alert-CcCRuS7T.js                             0.35 kB │ gzip:   0.26 kB
public/build/assets/file-chart-column-increasing-D8dXsUrF.js             0.35 kB │ gzip:   0.23 kB
public/build/assets/webhook-D4nOZXO7.js                                  0.35 kB │ gzip:   0.26 kB
public/build/assets/calendar-plus-FWkjxaqy.js                            0.35 kB │ gzip:   0.23 kB
public/build/assets/shield-x-Ci9q8oqC.js                                 0.36 kB │ gzip:   0.26 kB
public/build/assets/gift-Dpw0EyjO.js                                     0.36 kB │ gzip:   0.25 kB
public/build/assets/trash-2-Cc3u1uVR.js                                  0.36 kB │ gzip:   0.25 kB
public/build/assets/calendar-x-2-C7ritmHg.js                             0.36 kB │ gzip:   0.23 kB
public/build/assets/layout-list-hD2hHPzF.js                              0.36 kB │ gzip:   0.22 kB
public/build/assets/warehouse-DjYKr311.js                                0.36 kB │ gzip:   0.25 kB
public/build/assets/utensils-crossed-DdnFaO0g.js                         0.36 kB │ gzip:   0.25 kB
public/build/assets/syringe-BXkIFcvU.js                                  0.36 kB │ gzip:   0.24 kB
public/build/assets/sparkle-ydx6XV_Y.js                                  0.36 kB │ gzip:   0.24 kB
public/build/assets/scale-DH85zFiA.js                                    0.36 kB │ gzip:   0.23 kB
public/build/assets/grip-vertical-y75pWwyJ.js                            0.36 kB │ gzip:   0.19 kB
public/build/assets/fuel-PI-SCiYT.js                                     0.37 kB │ gzip:   0.24 kB
public/build/assets/door-open-8ISvXeuD.js                                0.37 kB │ gzip:   0.25 kB
public/build/assets/droplets-DDwp2448.js                                 0.37 kB │ gzip:   0.28 kB
public/build/assets/hammer-P-eEEBdC.js                                   0.37 kB │ gzip:   0.27 kB
public/build/assets/file-pen-CvTqsMGA.js                                 0.37 kB │ gzip:   0.26 kB
public/build/assets/package-CpbXJvXt.js                                  0.37 kB │ gzip:   0.25 kB
public/build/assets/index-B0Z-ysPe.js                                    0.37 kB │ gzip:   0.22 kB
public/build/assets/file-spreadsheet-CCYbl_x2.js                         0.37 kB │ gzip:   0.23 kB
public/build/assets/life-buoy-CT4bRe_u.js                                0.37 kB │ gzip:   0.22 kB
public/build/assets/calendar-clock-DBOCaR3w.js                           0.38 kB │ gzip:   0.26 kB
public/build/assets/shield-question-zrnyt860.js                          0.38 kB │ gzip:   0.28 kB
public/build/assets/network-ClPF1F-f.js                                  0.38 kB │ gzip:   0.24 kB
public/build/assets/calendar-off-BqSCrn5r.js                             0.38 kB │ gzip:   0.25 kB
public/build/assets/tags-Bqr3-01P.js                                     0.39 kB │ gzip:   0.28 kB
public/build/assets/baby-a82euNN6.js                                     0.39 kB │ gzip:   0.26 kB
public/build/assets/hard-drive-B3NpQsLs.js                               0.39 kB │ gzip:   0.26 kB
public/build/assets/job-posting-constants-CneitmEO.js                    0.39 kB │ gzip:   0.23 kB
public/build/assets/file-pen-line-CDmSxqPV.js                            0.39 kB │ gzip:   0.26 kB
public/build/assets/phone-CDZ-uk8t.js                                    0.39 kB │ gzip:   0.25 kB
public/build/assets/bell-ring-CwjsTKzx.js                                0.40 kB │ gzip:   0.28 kB
public/build/assets/map-pinned-BAZo0J9g.js                               0.40 kB │ gzip:   0.29 kB
public/build/assets/shield-off-sqyBshrs.js                               0.40 kB │ gzip:   0.28 kB
public/build/assets/truck-6LLuyrK1.js                                    0.40 kB │ gzip:   0.27 kB
public/build/assets/sprout-CityqXSS.js                                   0.40 kB │ gzip:   0.28 kB
public/build/assets/car-BYE0OfmO.js                                      0.40 kB │ gzip:   0.28 kB
public/build/assets/hand-CCrUs62z.js                                     0.41 kB │ gzip:   0.25 kB
public/build/assets/hand-coins-D7tVf2Im.js                               0.41 kB │ gzip:   0.29 kB
public/build/assets/clipboard-list-Bb8OXPTr.js                           0.41 kB │ gzip:   0.26 kB
public/build/assets/transport-medication-replay-BWxJyrJ7.js              0.41 kB │ gzip:   0.29 kB
public/build/assets/loader-BZ2ZVfrx.js                                   0.41 kB │ gzip:   0.24 kB
public/build/assets/mouse-pointer-click-CILQwp6M.js                      0.41 kB │ gzip:   0.28 kB
public/build/assets/calendar-range-DOACihzo.js                           0.41 kB │ gzip:   0.25 kB
public/build/assets/layers-DE3IoYzD.js                                   0.42 kB │ gzip:   0.24 kB
public/build/assets/mic-off-DpJHbuII.js                                  0.42 kB │ gzip:   0.27 kB
public/build/assets/waves-BDtF4I2j.js                                    0.42 kB │ gzip:   0.21 kB
public/build/assets/skeleton-CDTEQwaO.js                                 0.42 kB │ gzip:   0.32 kB
public/build/assets/package-check-Dzz7-zN5.js                            0.42 kB │ gzip:   0.29 kB
public/build/assets/octagon-alert-DMbOdND6.js                            0.43 kB │ gzip:   0.25 kB
public/build/assets/cable-CIEX9iEb.js                                    0.43 kB │ gzip:   0.25 kB
public/build/assets/eye-off-DoFEKRKe.js                                  0.43 kB │ gzip:   0.27 kB
public/build/assets/building-2-dusfZoPz.js                               0.44 kB │ gzip:   0.25 kB
public/build/assets/heading-small-B1QYXXBZ.js                            0.44 kB │ gzip:   0.32 kB
public/build/assets/hand-heart-DNn6jTyQ.js                               0.45 kB │ gzip:   0.31 kB
public/build/assets/footprints-D3BHuLmi.js                               0.45 kB │ gzip:   0.30 kB
public/build/assets/radio-tower-Bmxk6m3G.js                              0.45 kB │ gzip:   0.29 kB
public/build/assets/input-error-DCYErTdJ.js                              0.46 kB │ gzip:   0.32 kB
public/build/assets/wifi-off-CssN8zp_.js                                 0.46 kB │ gzip:   0.27 kB
public/build/assets/scan-eye-B9mRfA7L.js                                 0.46 kB │ gzip:   0.28 kB
public/build/assets/heart-handshake-BCYFERnJ.js                          0.46 kB │ gzip:   0.31 kB
public/build/assets/spinner-Cw3Xjsjk.js                                  0.46 kB │ gzip:   0.34 kB
public/build/assets/person-standing-DKykGpt4.js                          0.46 kB │ gzip:   0.31 kB
public/build/assets/trophy-BdJVPC6V.js                                   0.46 kB │ gzip:   0.28 kB
public/build/assets/pen-tool-DF-Cymi-.js                                 0.47 kB │ gzip:   0.30 kB
public/build/assets/siren-BZW_JZHq.js                                    0.47 kB │ gzip:   0.27 kB
public/build/assets/star-CM5HBmoz.js                                     0.47 kB │ gzip:   0.29 kB
public/build/assets/sun-a8Uhztc4.js                                      0.47 kB │ gzip:   0.26 kB
public/build/assets/notebook-pen-Dropycfa.js                             0.47 kB │ gzip:   0.29 kB
public/build/assets/cake-B9mhg-J9.js                                     0.49 kB │ gzip:   0.26 kB
public/build/assets/cctv-Qd7SGP4q.js                                     0.49 kB │ gzip:   0.30 kB
public/build/assets/calendar-days-3-ifXfrt.js                            0.49 kB │ gzip:   0.26 kB
public/build/assets/cpu-CwueOU3e.js                                      0.50 kB │ gzip:   0.26 kB
public/build/assets/radar-r-T1JAcR.js                                    0.50 kB │ gzip:   0.30 kB
public/build/assets/sparkles-CkWDdz8c.js                                 0.51 kB │ gzip:   0.30 kB
public/build/assets/ambulance-RKCnY2ej.js                                0.51 kB │ gzip:   0.31 kB
public/build/assets/_helpers-Ayp0jCez.js                                 0.51 kB │ gzip:   0.33 kB
public/build/assets/unlink-_Ot6tjso.js                                   0.53 kB │ gzip:   0.30 kB
public/build/assets/calculator-DfhHLIzy.js                               0.53 kB │ gzip:   0.28 kB
public/build/assets/building-DknCPVpP.js                                 0.54 kB │ gzip:   0.27 kB
public/build/assets/circle-dashed-DKndcnad.js                            0.57 kB │ gzip:   0.28 kB
public/build/assets/use-alert-workspace-focus-return-DGVRYbyO.js         0.58 kB │ gzip:   0.35 kB
public/build/assets/package-open-Bn2UepVp.js                             0.58 kB │ gzip:   0.33 kB
public/build/assets/i18n-CiQewp4i.js                                     0.58 kB │ gzip:   0.39 kB
public/build/assets/user-cog-Bs1U-7he.js                                 0.58 kB │ gzip:   0.31 kB
public/build/assets/sliders-horizontal-DmDIs6So.js                       0.58 kB │ gzip:   0.27 kB
public/build/assets/send-to-back-CXgwF03o.js                             0.58 kB │ gzip:   0.31 kB
public/build/assets/fingerprint-DRmhRhwM.js                              0.60 kB │ gzip:   0.35 kB
public/build/assets/label-Bv9UpToH.js                                    0.61 kB │ gzip:   0.40 kB
public/build/assets/form-request-errors-Bo1hIHhd.js                      0.63 kB │ gzip:   0.36 kB
public/build/assets/text-link-vU5yjciY.js                                0.65 kB │ gzip:   0.42 kB
public/build/assets/qr-code-COD6X4c4.js                                  0.65 kB │ gzip:   0.31 kB
public/build/assets/server-C2dh1I_W.js                                   0.66 kB │ gzip:   0.37 kB
public/build/assets/collapsible-DM9Hrx4u.js                              0.66 kB │ gzip:   0.28 kB
public/build/assets/resident-dot-BLoyRUP7.js                             0.67 kB │ gzip:   0.46 kB
public/build/assets/fleet-stat-card-C1Bvi770.js                          0.72 kB │ gzip:   0.44 kB
public/build/assets/governance-permissions-Dl4VzYaE.js                   0.72 kB │ gzip:   0.33 kB
public/build/assets/party-popper-CSv_CEr-.js                             0.72 kB │ gzip:   0.41 kB
public/build/assets/settings-UxkofvMy.js                                 0.72 kB │ gzip:   0.34 kB
public/build/assets/textarea-C_9uu-fb.js                                 0.73 kB │ gzip:   0.47 kB
public/build/assets/brain-C1VrTH23.js                                    0.73 kB │ gzip:   0.35 kB
public/build/assets/separator-PenTCHsf.js                                0.77 kB │ gzip:   0.45 kB
public/build/assets/page-shell-B7eQidXD.js                               0.77 kB │ gzip:   0.45 kB
public/build/assets/shared-DHJYl7e2.js                                   0.77 kB │ gzip:   0.40 kB
public/build/assets/shared-D3Yvwbxq.js                                   0.77 kB │ gzip:   0.39 kB
public/build/assets/shift-row-types-DQA9BK_P.js                          0.80 kB │ gzip:   0.38 kB
public/build/assets/hr-tabs-C-hGgg-K.js                                  0.81 kB │ gzip:   0.51 kB
public/build/assets/ops-stat-card-DzuoW-aN.js                            0.81 kB │ gzip:   0.48 kB
public/build/assets/progress-BxLvrMK0.js                                 0.82 kB │ gzip:   0.54 kB
public/build/assets/readable-operational-state-CK8MzJI-.js               0.85 kB │ gzip:   0.45 kB
public/build/assets/boxes-BQwxurT7.js                                    0.85 kB │ gzip:   0.40 kB
public/build/assets/wizard-DF_QPOrg.js                                   0.87 kB │ gzip:   0.55 kB
public/build/assets/wizard-NNmqhkha.js                                   0.87 kB │ gzip:   0.55 kB
public/build/assets/list-caption-hE5ckvXY.js                             0.91 kB │ gzip:   0.54 kB
public/build/assets/index-CSEUMRIG.js                                    0.92 kB │ gzip:   0.53 kB
public/build/assets/now-rule-P7hRYwwd.js                                 0.95 kB │ gzip:   0.58 kB
public/build/assets/hero-action-button-D-GVyXk8.js                       0.95 kB │ gzip:   0.55 kB
public/build/assets/page-layout-DtSKkYRB.js                              0.97 kB │ gzip:   0.56 kB
public/build/assets/settings-tabs-BCOouEc7.js                            0.99 kB │ gzip:   0.54 kB
public/build/assets/settings-hub-DgiYgKQN.js                             1.00 kB │ gzip:   0.58 kB
public/build/assets/use-settings-leave-confirmation-COOgzr0B.js          1.02 kB │ gzip:   0.61 kB
public/build/assets/presence-dot-CuGnqH3Y.js                             1.04 kB │ gzip:   0.58 kB
public/build/assets/input-49RbooBa.js                                    1.05 kB │ gzip:   0.59 kB
public/build/assets/command-centre-page-DrKuOjb6.js                      1.05 kB │ gzip:   0.59 kB
public/build/assets/switch-DeQvt8lW.js                                   1.06 kB │ gzip:   0.61 kB
public/build/assets/governance-status-D1VvdJcz.js                        1.09 kB │ gzip:   0.53 kB
public/build/assets/hover-action-vLW4u2SF.js                             1.09 kB │ gzip:   0.65 kB
public/build/assets/WidgetCard-Bcllxj_N.js                               1.10 kB │ gzip:   0.63 kB
public/build/assets/micro-stats-BKNykt34.js                              1.11 kB │ gzip:   0.61 kB
public/build/assets/confetti-8ALvzRDJ.js                                 1.11 kB │ gzip:   0.65 kB
public/build/assets/avatar-DFUpYoVS.js                                   1.14 kB │ gzip:   0.44 kB
public/build/assets/checkbox-BDvdhV-U.js                                 1.15 kB │ gzip:   0.63 kB
public/build/assets/status-colors-BqCnilO1.js                            1.21 kB │ gzip:   0.60 kB
public/build/assets/_confirm-action-C3oB4iWH.js                          1.24 kB │ gzip:   0.70 kB
public/build/assets/overview-hub-BtjiufuL.js                             1.24 kB │ gzip:   0.68 kB
public/build/assets/wizard-stepper-BaDu0xLF.js                           1.24 kB │ gzip:   0.66 kB
public/build/assets/handover-person-notes-PZpj_U36.js                    1.25 kB │ gzip:   0.64 kB
public/build/assets/task-api-LDQPp0GA.js                                 1.27 kB │ gzip:   0.81 kB
public/build/assets/_types-BtTX7pzk.js                                   1.28 kB │ gzip:   0.67 kB
public/build/assets/medication-stock-governance-C5VIWPFO.js              1.30 kB │ gzip:   0.60 kB
public/build/assets/radio-group-Cew3qYcP.js                              1.31 kB │ gzip:   0.65 kB
public/build/assets/_attachments-BAuIrfJd.js                             1.32 kB │ gzip:   0.75 kB
public/build/assets/confirm-dialog-D1w5VxFA.js                           1.34 kB │ gzip:   0.75 kB
public/build/assets/stream-grouping-DxjzPWpi.js                          1.35 kB │ gzip:   0.73 kB
public/build/assets/staff-avatar-4r5csyOd.js                             1.35 kB │ gzip:   0.81 kB
public/build/assets/workflow-ribbon-3TdOSW2B.js                          1.35 kB │ gzip:   0.69 kB
public/build/assets/use-personal-location-privacy-CA1de0mn.js            1.35 kB │ gzip:   0.71 kB
public/build/assets/shift-status-badge-six_rFmh.js                       1.36 kB │ gzip:   0.67 kB
public/build/assets/timesheet-status-badge-B3PwtCA-.js                   1.36 kB │ gzip:   0.66 kB
public/build/assets/summary-card-I49QFvbH.js                             1.36 kB │ gzip:   0.68 kB
public/build/assets/fleet-responsive-list-CgDsyRvl.js                    1.38 kB │ gzip:   0.70 kB
public/build/assets/sso-sign-in-buttons-DfhacGcL.js                      1.40 kB │ gzip:   0.71 kB
public/build/assets/site-credentials-CdbPbjGf.js                         1.43 kB │ gzip:   0.75 kB
public/build/assets/status-badge-BcsRfl-y.js                             1.44 kB │ gzip:   0.78 kB
public/build/assets/fleet-empty-state-D5vynLkp.js                        1.46 kB │ gzip:   0.77 kB
public/build/assets/journey-reference-strip-pm5NcpKt.js                  1.46 kB │ gzip:   0.81 kB
public/build/assets/confirm-dialog-BVLKK5xe.js                           1.49 kB │ gzip:   0.84 kB
public/build/assets/index-DcmOMlk_.js                                    1.50 kB │ gzip:   0.52 kB
public/build/assets/badge-BWkuQi-K.js                                    1.53 kB │ gzip:   0.77 kB
public/build/assets/shift-types-DoZoog_6.js                              1.54 kB │ gzip:   0.78 kB
public/build/assets/performance-tabs-BUaVG2jM.js                         1.55 kB │ gzip:   0.74 kB
public/build/assets/tax-hub-TklSqWCS.js                                  1.56 kB │ gzip:   0.83 kB
public/build/assets/mini-sparkline-D7i7f6lZ.js                           1.58 kB │ gzip:   0.91 kB
public/build/assets/verify-email-D0deVMui.js                             1.58 kB │ gzip:   0.85 kB
public/build/assets/status-badge-BcV9Cyb7.js                             1.61 kB │ gzip:   0.78 kB
public/build/assets/control-room-vocab-CfcZaF1n.js                       1.62 kB │ gzip:   0.64 kB
public/build/assets/payables-hub-BvdbZ1eT.js                             1.63 kB │ gzip:   0.86 kB
public/build/assets/popover-BJdPtiXD.js                                  1.64 kB │ gzip:   0.70 kB
public/build/assets/ops-charts-CfZvOWbq.js                               1.65 kB │ gzip:   0.78 kB
public/build/assets/alert-DBb33fgu.js                                    1.69 kB │ gzip:   0.74 kB
public/build/assets/alert-status-wvizzFmS.js                             1.69 kB │ gzip:   0.79 kB
public/build/assets/report-incident-dialog-BCrBuki3.js                   1.70 kB │ gzip:   0.89 kB
public/build/assets/laravel-pagination-BSpBIdMN.js                       1.70 kB │ gzip:   0.84 kB
public/build/assets/money-L4nGavLX.js                                    1.71 kB │ gzip:   0.97 kB
public/build/assets/card-BuxKTkWJ.js                                     1.77 kB │ gzip:   0.57 kB
public/build/assets/_helpers-CRMNbZgG.js                                 1.77 kB │ gzip:   0.77 kB
public/build/assets/documents-tabs-CskyvAPY.js                           1.78 kB │ gzip:   0.93 kB
public/build/assets/workflow-ribbon-_5lIFkSH.js                          1.80 kB │ gzip:   0.80 kB
public/build/assets/governance-calendar-adapter-DIIcOhak.js              1.80 kB │ gzip:   0.85 kB
public/build/assets/tooltip-BXL8mN8i.js                                  1.82 kB │ gzip:   0.83 kB
public/build/assets/overlay-focus-return-4ESXsuki.js                     1.82 kB │ gzip:   0.89 kB
public/build/assets/control-room-alert-row-actions-CxFDTjOY.js           1.85 kB │ gzip:   0.68 kB
public/build/assets/options-BwkaeHrx.js                                  1.86 kB │ gzip:   0.72 kB
public/build/assets/my-day-list-Sx9-E_JH.js                              1.86 kB │ gzip:   0.89 kB
public/build/assets/accordion-BtV-2aeU.js                                1.87 kB │ gzip:   0.85 kB
public/build/assets/journey-gate-list-CZqVe6ou.js                        1.87 kB │ gzip:   0.86 kB
public/build/assets/fleet-utils-Dx9bPfHw.js                              1.90 kB │ gzip:   0.72 kB
public/build/assets/draft-resume-prompt-Coc0R0RI.js                      1.95 kB │ gzip:   1.01 kB
public/build/assets/respite-subnav-t92tlUJ5.js                           2.01 kB │ gzip:   0.96 kB
public/build/assets/handover-follow-ups-BTcZy3TO.js                      2.02 kB │ gzip:   1.02 kB
public/build/assets/button-Dee_XXRP.js                                   2.05 kB │ gzip:   0.96 kB
public/build/assets/receivables-hub-at9b9-Yy.js                          2.06 kB │ gzip:   0.98 kB
public/build/assets/address-autocomplete-BA2jPHBV.js                     2.07 kB │ gzip:   1.14 kB
public/build/assets/confirm-password-DFg2bGvF.js                         2.07 kB │ gzip:   1.04 kB
public/build/assets/ledger-hub-Iv3D3XGI.js                               2.08 kB │ gzip:   0.95 kB
public/build/assets/_create-recovery-CrdthrDY.js                         2.10 kB │ gzip:   1.07 kB
public/build/assets/reports-hub-BC3ek3Tn.js                              2.13 kB │ gzip:   0.94 kB
public/build/assets/banking-hub-_HGQMfdk.js                              2.14 kB │ gzip:   1.02 kB
public/build/assets/reports-tabs-CqWZ6NFI.js                             2.17 kB │ gzip:   1.07 kB
public/build/assets/attention-panel-CciT8ZR2.js                          2.17 kB │ gzip:   0.99 kB
public/build/assets/task-step-draft-B6Y7Z-il.js                          2.18 kB │ gzip:   1.13 kB
public/build/assets/payroll-hero-CbWBS6E9.js                             2.28 kB │ gzip:   1.10 kB
public/build/assets/_memory-recovery-BenR_bmH.js                         2.31 kB │ gzip:   1.21 kB
public/build/assets/reason-dialog-DYhuJ0_6.js                            2.34 kB │ gzip:   1.28 kB
public/build/assets/datetime-BaD02AH5.js                                 2.39 kB │ gzip:   1.08 kB
public/build/assets/drills-BNUi-X7n.js                                   2.43 kB │ gzip:   1.13 kB
public/build/assets/first-aid-nuBQ2wy-.js                                2.47 kB │ gzip:   1.14 kB
public/build/assets/task-help-inbox-CgPRl6IZ.js                          2.48 kB │ gzip:   1.34 kB
public/build/assets/provisioning-request-files-vllMPaVV.js               2.56 kB │ gzip:   1.25 kB
public/build/assets/text-prompt-dialog-BGAt3bFH.js                       2.62 kB │ gzip:   1.41 kB
public/build/assets/services-Ch2xTjkR.js                                 2.63 kB │ gzip:   1.19 kB
public/build/assets/shift-context-menu-DMvww7gR.js                       2.64 kB │ gzip:   1.37 kB
public/build/assets/care-plan-domains-DREAoRq6.js                        2.70 kB │ gzip:   1.26 kB
public/build/assets/donut-chart-BjEVgtH7.js                              2.71 kB │ gzip:   1.35 kB
public/build/assets/donut-RxOXSbq7.js                                    2.74 kB │ gzip:   1.38 kB
public/build/assets/index-BjmjDcUN.js                                    2.76 kB │ gzip:   0.71 kB
public/build/assets/table-Dq3A4u9f.js                                    2.76 kB │ gzip:   0.70 kB
public/build/assets/financials-oAvNAvBd.js                               2.77 kB │ gzip:   1.35 kB
public/build/assets/readiness-BinlKMAe.js                                2.78 kB │ gzip:   1.36 kB
public/build/assets/safety-register-BIUrJKDk.js                          2.83 kB │ gzip:   1.33 kB
public/build/assets/ppe-fUkSD9Y9.js                                      2.84 kB │ gzip:   1.11 kB
public/build/assets/_icons-Dot6x7ua.js                                   2.85 kB │ gzip:   1.29 kB
public/build/assets/register-row-kit-DYBAbrfL.js                         2.86 kB │ gzip:   1.16 kB
public/build/assets/lifecycle-tabs-Bmo3J59J.js                           2.88 kB │ gzip:   1.47 kB
public/build/assets/toolbar-fYEmd4QF.js                                  2.89 kB │ gzip:   1.39 kB
public/build/assets/_tabs-D386gYAt.js                                    2.90 kB │ gzip:   1.48 kB
public/build/assets/_note-category-picker-BUdv9_0Q.js                    2.92 kB │ gzip:   1.37 kB
public/build/assets/use-create-shift-launcher-GTJJZKxB.js                2.92 kB │ gzip:   1.43 kB
public/build/assets/use-form-autosave-CAg9H1wT.js                        2.92 kB │ gzip:   1.46 kB
public/build/assets/toolbar-Bx-SuD0I.js                                  2.92 kB │ gzip:   1.40 kB
public/build/assets/hs-detail-dialog-DLaNyw4y.js                         2.93 kB │ gzip:   1.33 kB
public/build/assets/notification-catalog-DveZKd9k.js                     2.96 kB │ gzip:   0.93 kB
public/build/assets/forgot-password-DW7AEvpr.js                          2.99 kB │ gzip:   1.43 kB
public/build/assets/auth-layout-CZtzJmh4.js                              3.03 kB │ gzip:   1.37 kB
public/build/assets/report-launcher-GdmRdDCK.js                          3.03 kB │ gzip:   1.51 kB
public/build/assets/tab-strip-FY2Hjql1.js                                3.03 kB │ gzip:   1.38 kB
public/build/assets/_overview-map-card-BBwVa7CU.js                       3.06 kB │ gzip:   1.48 kB
public/build/assets/provisioning-manual-dialog-DnWNC7Pi.js               3.06 kB │ gzip:   1.53 kB
public/build/assets/reset-password-C2Iicdwh.js                           3.08 kB │ gzip:   1.25 kB
public/build/assets/donut-card-laH1TFVz.js                               3.12 kB │ gzip:   1.34 kB
public/build/assets/two-factor-challenge-C_DPpkLx.js                     3.13 kB │ gzip:   1.47 kB
public/build/assets/dictate-button-DA-7ryHW.js                           3.14 kB │ gzip:   1.60 kB
public/build/assets/use-specialist-form-defaults-Vd7H6PCS.js             3.14 kB │ gzip:   1.56 kB
public/build/assets/client-edit-dialog-Bjiw-3JY.js                       3.16 kB │ gzip:   1.58 kB
public/build/assets/record-care-actions-BHhG51dI.js                      3.18 kB │ gzip:   1.39 kB
public/build/assets/document-library-kit-C0oQ2IB2.js                     3.19 kB │ gzip:   1.08 kB
public/build/assets/risk-assessments-CPB_O1gl.js                         3.21 kB │ gzip:   1.54 kB
public/build/assets/recorded-detail-dialog-D_zzbJEn.js                   3.22 kB │ gzip:   1.59 kB
public/build/assets/my-provisioning-list-D1OafCPq.js                     3.27 kB │ gzip:   1.55 kB
public/build/assets/resident-map-DS6QdKhF.js                             3.31 kB │ gzip:   1.62 kB
public/build/assets/control-room-row-actions-DCgtpK5s.js                 3.31 kB │ gzip:   1.49 kB
public/build/assets/row-context-menu-BuvIqrKq.js                         3.33 kB │ gzip:   1.64 kB
public/build/assets/leave-context-menu-DLPvYjQP.js                       3.33 kB │ gzip:   1.64 kB
public/build/assets/_context-menu-CeQQh61p.js                            3.33 kB │ gzip:   1.60 kB
public/build/assets/fleet-compact-hero-C_GlOdT5.js                       3.33 kB │ gzip:   1.45 kB
public/build/assets/compensation-tabs-CKHboFFP.js                        3.34 kB │ gzip:   1.61 kB
public/build/assets/hs-hero-kit-gYXV8SRA.js                              3.36 kB │ gzip:   1.54 kB
public/build/assets/task-steps-C5bULzui.js                               3.38 kB │ gzip:   1.58 kB
public/build/assets/inspections-BseeM86p.js                              3.38 kB │ gzip:   1.38 kB
public/build/assets/shift-med-snapshot-3sMUqtzf.js                       3.39 kB │ gzip:   1.37 kB
public/build/assets/device-profile-navigation-iWz5t-6X.js                3.40 kB │ gzip:   1.65 kB
public/build/assets/ra-register-section-DDD1jfDn.js                      3.46 kB │ gzip:   1.76 kB
public/build/assets/command-DIbXVv4n.js                                  3.47 kB │ gzip:   1.07 kB
public/build/assets/shift-context-menu-D0DgSK9K.js                       3.49 kB │ gzip:   1.66 kB
public/build/assets/_emergency-checklist-DStbs8ZV.js                     3.52 kB │ gzip:   1.53 kB
public/build/assets/checklists-BOZIxWHy.js                               3.52 kB │ gzip:   1.68 kB
public/build/assets/handover-context-menu-oA0sajvr.js                    3.55 kB │ gzip:   1.54 kB
public/build/assets/_readiness-panel-BfWr_eyv.js                         3.59 kB │ gzip:   1.64 kB
public/build/assets/edit-Dyb1z1U1.js                                     3.60 kB │ gzip:   1.62 kB
public/build/assets/filter-bar-C7K-WKUA.js                               3.63 kB │ gzip:   1.44 kB
public/build/assets/journey-term-help-D_U2wNOJ.js                        3.64 kB │ gzip:   1.45 kB
public/build/assets/alert-dialog-Db1fJNkD.js                             3.76 kB │ gzip:   1.10 kB
public/build/assets/_geometry-Dx1kFP0e.js                                3.80 kB │ gzip:   1.60 kB
public/build/assets/posting-preview-CoQObRar.js                          3.85 kB │ gzip:   1.66 kB
public/build/assets/register-Dgj92wC6.js                                 3.88 kB │ gzip:   1.46 kB
public/build/assets/MedicationScanVerificationPanel-Dj1AqKQs.js          3.89 kB │ gzip:   1.61 kB
public/build/assets/documents-Bliunr_U.js                                3.92 kB │ gzip:   1.76 kB
public/build/assets/provisioning-picker-BIXBKayA.js                      3.94 kB │ gzip:   1.84 kB
public/build/assets/task-detail-dialog-QVzK-iWa.js                       3.94 kB │ gzip:   1.79 kB
public/build/assets/reference-questionnaire-Ct8vjSsD.js                  3.94 kB │ gzip:   1.82 kB
public/build/assets/ticket-version-conflict-BzdAgHMe.js                  3.96 kB │ gzip:   1.81 kB
public/build/assets/specialist-record-list-a33NUM68.js                   3.98 kB │ gzip:   1.86 kB
public/build/assets/shift-timeline-summary-C9hcjGvD.js                   3.99 kB │ gzip:   1.67 kB
public/build/assets/login-VZy6rmWw.js                                    4.01 kB │ gzip:   1.72 kB
public/build/assets/governed-location-export-dialog-R5OyZHon.js          4.01 kB │ gzip:   1.96 kB
public/build/assets/shared-Db1BcEAp.js                                   4.01 kB │ gzip:   1.95 kB
public/build/assets/calendar-Cy7JlHpr.js                                 4.03 kB │ gzip:   1.79 kB
public/build/assets/shift-summary-DWUS4Txr.js                            4.10 kB │ gzip:   1.69 kB
public/build/assets/empty-state-DLLuJHQT.js                              4.11 kB │ gzip:   1.82 kB
public/build/assets/entity-cells-C0b93Uy5.js                             4.13 kB │ gzip:   1.63 kB
public/build/assets/index-Bpzl9rqK.js                                    4.13 kB │ gzip:   0.83 kB
public/build/assets/_dialogs-CV0eVvo_.js                                 4.14 kB │ gzip:   1.86 kB
public/build/assets/use-two-factor-auth-o3uvk43y.js                      4.15 kB │ gzip:   1.78 kB
public/build/assets/site-profile-states-BXVOYAmY.js                      4.17 kB │ gzip:   1.56 kB
public/build/assets/board-bits-C7Zua6z3.js                               4.19 kB │ gzip:   1.58 kB
public/build/assets/hazards-NF-DrzgU.js                                  4.24 kB │ gzip:   1.95 kB
public/build/assets/Create-ByGGE99m.js                                   4.29 kB │ gzip:   1.95 kB
public/build/assets/estate-operations-BbGC9Bv2.js                        4.29 kB │ gzip:   1.72 kB
public/build/assets/generate-rounds-modal-B0J5qRvh.js                    4.33 kB │ gzip:   2.11 kB
public/build/assets/assets-DlUkHJYn.js                                   4.33 kB │ gzip:   1.72 kB
public/build/assets/wizard-fields-Bbvai9j8.js                            4.34 kB │ gzip:   1.89 kB
public/build/assets/first-aid-tab-C4y7iMWA.js                            4.34 kB │ gzip:   1.78 kB
public/build/assets/login-XQ6NcQQ3.js                                    4.37 kB │ gzip:   1.85 kB
public/build/assets/privacy-shared-e7-894NY.js                           4.39 kB │ gzip:   1.65 kB
public/build/assets/hardware-psoqlMVK.js                                 4.43 kB │ gzip:   1.96 kB
public/build/assets/Edit-ByMDKymZ.js                                     4.47 kB │ gzip:   2.09 kB
public/build/assets/shift-audit-timeline-BtKPxPpw.js                     4.49 kB │ gzip:   1.83 kB
public/build/assets/shared-BElGYu9O.js                                   4.50 kB │ gzip:   1.74 kB
public/build/assets/applicable-procedures-panel-C8voVxrz.js              4.52 kB │ gzip:   1.75 kB
public/build/assets/concern-DB5wAvIF.js                                  4.53 kB │ gzip:   2.11 kB
public/build/assets/task-help-D4yHCKET.js                                4.61 kB │ gzip:   1.94 kB
public/build/assets/meal-planner-oESBnNLB.js                             4.62 kB │ gzip:   2.16 kB
public/build/assets/client-clinical-launchers-Dx3nNCFZ.js                4.62 kB │ gzip:   2.10 kB
public/build/assets/incidents-tab-Bxib3nso.js                            4.72 kB │ gzip:   1.85 kB
public/build/assets/show-4PUPa2k7.js                                     4.72 kB │ gzip:   2.21 kB
public/build/assets/dialog-DxHdY1xD.js                                   4.75 kB │ gzip:   1.58 kB
public/build/assets/donut-card-BwnfSjei.js                               4.76 kB │ gzip:   2.08 kB
public/build/assets/control-room-workspace-hero-Dpg473-7.js              4.76 kB │ gzip:   2.26 kB
public/build/assets/plan-Dvsc52ht.js                                     4.77 kB │ gzip:   2.14 kB
public/build/assets/Placeholder-CcQk-n7d.js                              4.80 kB │ gzip:   2.29 kB
public/build/assets/_asset-dialogs-BJ9i8U5-.js                           4.83 kB │ gzip:   2.30 kB
public/build/assets/entity-filter-Ch1cz-Xd.js                            4.89 kB │ gzip:   2.28 kB
public/build/assets/permission-destinations-M56tMAJE.js                  4.93 kB │ gzip:   1.12 kB
public/build/assets/page-tabs-DfrPeuk8.js                                4.94 kB │ gzip:   2.03 kB
public/build/assets/show-tcOy5fDA.js                                     4.97 kB │ gzip:   2.23 kB
public/build/assets/whats-next-rail-BHRqnoHe.js                          4.99 kB │ gzip:   2.37 kB
public/build/assets/index-VFt2NC6L.js                                    5.02 kB │ gzip:   2.25 kB
public/build/assets/client-safety-ribbon-Dey5OdLm.js                     5.10 kB │ gzip:   2.24 kB
public/build/assets/entity-table-DmmKDExj.js                             5.12 kB │ gzip:   2.24 kB
public/build/assets/show-enS-r5dh.js                                     5.13 kB │ gzip:   2.36 kB
public/build/assets/show-B_rtDw6U.js                                     5.14 kB │ gzip:   2.18 kB
public/build/assets/Index-BmVEAm1e.js                                    5.15 kB │ gzip:   2.33 kB
public/build/assets/show-DlureUOA.js                                     5.15 kB │ gzip:   2.16 kB
public/build/assets/prn-effect-dialog-31z0WS7Y.js                        5.19 kB │ gzip:   2.28 kB
public/build/assets/Submissions-nrohKNjP.js                              5.19 kB │ gzip:   2.38 kB
public/build/assets/Calendar-JDTaPC9o.js                                 5.20 kB │ gzip:   2.32 kB
public/build/assets/shared-BpERQ-pI.js                                   5.20 kB │ gzip:   2.04 kB
public/build/assets/day-picker-chip-BuZBZWwF.js                          5.21 kB │ gzip:   2.23 kB
public/build/assets/list-view-DkDmRVbm.js                                5.22 kB │ gzip:   1.83 kB
public/build/assets/index-BWFdlkJC.js                                    5.23 kB │ gzip:   2.34 kB
public/build/assets/global-BvhobaRE.js                                   5.25 kB │ gzip:   2.36 kB
public/build/assets/before-you-finish-DIeAoYew.js                        5.29 kB │ gzip:   2.14 kB
public/build/assets/wizard-shell-BVCvEt3I.js                             5.31 kB │ gzip:   2.31 kB
public/build/assets/application-status-IZMVgGB_.js                       5.31 kB │ gzip:   2.16 kB
public/build/assets/care-plan-domains-builder-ojKzKgdV.js                5.33 kB │ gzip:   2.07 kB
public/build/assets/index-3JJuxAE9.js                                    5.34 kB │ gzip:   2.41 kB
public/build/assets/shared-CmyqTydH.js                                   5.34 kB │ gzip:   2.38 kB
public/build/assets/entity-menu-gwUHRZjl.js                              5.35 kB │ gzip:   2.46 kB
public/build/assets/_thumbnail-BlJpRHxz.js                               5.38 kB │ gzip:   2.53 kB
public/build/assets/contacts-CcTh4KVy.js                                 5.38 kB │ gzip:   2.30 kB
public/build/assets/paperwork-panel-CVbaYXhZ.js                          5.41 kB │ gzip:   2.35 kB
public/build/assets/Calendar-BhIWLO2Q.js                                 5.42 kB │ gzip:   2.45 kB
public/build/assets/index-BxlYeBg1.js                                    5.43 kB │ gzip:   2.51 kB
public/build/assets/index-C6wVM7HE.js                                    5.45 kB │ gzip:   0.87 kB
public/build/assets/audit-08KVRQpC.js                                    5.58 kB │ gzip:   2.55 kB
public/build/assets/index-DDq1j4VW.js                                    5.59 kB │ gzip:   2.44 kB
public/build/assets/date-popover-Dnywu8VZ.js                             5.60 kB │ gzip:   2.41 kB
public/build/assets/audit-log-modal-D3o9to6-.js                          5.60 kB │ gzip:   2.52 kB
public/build/assets/medication-review-modal-j3vxUzgG.js                  5.64 kB │ gzip:   2.55 kB
public/build/assets/index-CUlj1n-2.js                                    5.65 kB │ gzip:   2.63 kB
public/build/assets/index-Eu773Ti9.js                                    5.72 kB │ gzip:   2.61 kB
public/build/assets/index-B-ox0O3k.js                                    5.74 kB │ gzip:   2.65 kB
public/build/assets/with-concerns-BdcMRRGQ.js                            5.76 kB │ gzip:   2.58 kB
public/build/assets/with-incidents-BLkqIfJw.js                           5.76 kB │ gzip:   2.58 kB
public/build/assets/complete-obligation-dialog-Do2gtrMd.js               5.76 kB │ gzip:   2.57 kB
public/build/assets/emergency-plan-BIeMTx8u.js                           5.77 kB │ gzip:   2.60 kB
public/build/assets/index-BFf1ZX6d.js                                    5.78 kB │ gzip:   2.60 kB
public/build/assets/show-CgWOjw9r.js                                     5.78 kB │ gzip:   2.65 kB
public/build/assets/rhythms-routines-0cl9f0FU.js                         5.79 kB │ gzip:   2.63 kB
public/build/assets/index-BbFBFuSv.js                                    5.83 kB │ gzip:   2.65 kB
public/build/assets/show-BYayJC-P.js                                     5.86 kB │ gzip:   2.34 kB
public/build/assets/select-Cp_DyIJ8.js                                   5.86 kB │ gzip:   1.90 kB
public/build/assets/multi-entity-filter-BaCPO6l_.js                      5.86 kB │ gzip:   2.62 kB
public/build/assets/dropdown-menu-D_spUeM-.js                            5.88 kB │ gzip:   1.65 kB
public/build/assets/stat-tile-CScK2rbG.js                                5.89 kB │ gzip:   2.52 kB
public/build/assets/GovernanceAttachmentsPanel-Clk6nUYj.js               5.91 kB │ gzip:   2.49 kB
public/build/assets/index-BW7fxizp.js                                    5.92 kB │ gzip:   2.65 kB
public/build/assets/for-stay-gPymNiHu.js                                 5.93 kB │ gzip:   2.65 kB
public/build/assets/create-NEKMm9cs.js                                   5.94 kB │ gzip:   2.46 kB
public/build/assets/_helpers-BIMrf5RD.js                                 5.94 kB │ gzip:   2.44 kB
public/build/assets/show-DydTUSlT.js                                     5.97 kB │ gzip:   2.68 kB
public/build/assets/Create-DO21ojng.js                                   6.01 kB │ gzip:   2.78 kB
public/build/assets/compliance-bits-CiI1QYgq.js                          6.05 kB │ gzip:   2.54 kB
public/build/assets/index-D9g8UW6W.js                                    6.06 kB │ gzip:   1.04 kB
public/build/assets/link-client-dialog-BugA4O8p.js                       6.06 kB │ gzip:   2.58 kB
public/build/assets/overdue-COf5aKIe.js                                  6.07 kB │ gzip:   2.67 kB
public/build/assets/stream-context-menu-Bpux06wA.js                      6.08 kB │ gzip:   2.79 kB
public/build/assets/Show-CSH891mf.js                                     6.11 kB │ gzip:   2.73 kB
public/build/assets/unacknowledged-CadFh5c5.js                           6.11 kB │ gzip:   2.67 kB
public/build/assets/overdue-9EZj2r0X.js                                  6.11 kB │ gzip:   2.68 kB
public/build/assets/my-active-wIi7_A1Z.js                                6.11 kB │ gzip:   2.74 kB
public/build/assets/food-meal-CTQf9CGJ.js                                6.12 kB │ gzip:   2.10 kB
public/build/assets/Create-C6LDGK-G.js                                   6.14 kB │ gzip:   2.80 kB
public/build/assets/maps-usage-sJFVviKm.js                               6.19 kB │ gzip:   2.73 kB
public/build/assets/compliance-hub-header-2O1-IqzA.js                    6.22 kB │ gzip:   2.74 kB
public/build/assets/recognition-wizard-BQ6irTK6.js                       6.27 kB │ gzip:   2.43 kB
public/build/assets/index-BgUi4R6q.js                                    6.30 kB │ gzip:   0.99 kB
public/build/assets/for-client-CPLVV6M0.js                               6.31 kB │ gzip:   2.76 kB
public/build/assets/quick-note-dialog-CLA1eFLj.js                        6.36 kB │ gzip:   2.65 kB
public/build/assets/use-my-day-labels-CyT6Oz92.js                        6.38 kB │ gzip:   2.60 kB
public/build/assets/entity-card-DIFNQWYP.js                              6.39 kB │ gzip:   2.73 kB
public/build/assets/stock-movement-modal-DDowaLfn.js                     6.40 kB │ gzip:   2.62 kB
public/build/assets/offer-response-DnezITZo.js                           6.41 kB │ gzip:   2.61 kB
public/build/assets/Index-BUIJpeDi.js                                    6.41 kB │ gzip:   2.83 kB
public/build/assets/compensation-hero-DY5W_926.js                        6.42 kB │ gzip:   2.49 kB
public/build/assets/meal-planner-qfqemuUS.js                             6.43 kB │ gzip:   2.87 kB
public/build/assets/needing-acknowledgment-B_YD7Emd.js                   6.43 kB │ gzip:   2.75 kB
public/build/assets/index-C4ECVOap.js                                    6.43 kB │ gzip:   2.75 kB
public/build/assets/index-Cg5Wq_Ik.js                                    6.43 kB │ gzip:   2.75 kB
public/build/assets/for-stay-DSTa5ADZ.js                                 6.45 kB │ gzip:   2.87 kB
public/build/assets/price-book-dialog-DHtqUn9Q.js                        6.47 kB │ gzip:   2.74 kB
public/build/assets/assignments-B02wz6hF.js                              6.48 kB │ gzip:   3.10 kB
public/build/assets/auto-rule-builder-D22ZvkPG.js                        6.50 kB │ gzip:   2.42 kB
public/build/assets/tabs-oOCzpL1B.js                                     6.50 kB │ gzip:   2.68 kB
public/build/assets/checklist-trends-BaK13vlX.js                         6.50 kB │ gzip:   2.84 kB
public/build/assets/show-BdhMcsA-.js                                     6.52 kB │ gzip:   3.03 kB
public/build/assets/list-view-CVLxs5hW.js                                6.53 kB │ gzip:   2.37 kB
public/build/assets/clients-D3VcoCF1.js                                  6.55 kB │ gzip:   2.77 kB
public/build/assets/trend-charts-BSh7NJOj.js                             6.56 kB │ gzip:   2.53 kB
public/build/assets/for-stay-5vu7hmA9.js                                 6.56 kB │ gzip:   2.95 kB
public/build/assets/ppe-shared-Bso4BWHb.js                               6.56 kB │ gzip:   2.64 kB
public/build/assets/actions-reviews-jBn8U48m.js                          6.59 kB │ gzip:   2.69 kB
public/build/assets/my-tasks-BPGx3R3P.js                                 6.64 kB │ gzip:   2.93 kB
public/build/assets/sortable.esm-TrASzQ3t.js                             6.64 kB │ gzip:   2.78 kB
public/build/assets/combined-B1DLi1Oa.js                                 6.67 kB │ gzip:   2.86 kB
public/build/assets/awaiting-approval-hJlVpJYy.js                        6.68 kB │ gzip:   2.88 kB
public/build/assets/agreements-DVwEnnB4.js                               6.71 kB │ gzip:   3.13 kB
public/build/assets/index-CnKn-Y6z.js                                    6.72 kB │ gzip:   2.89 kB
public/build/assets/assets-DiMt1qey.js                                   6.73 kB │ gzip:   2.81 kB
public/build/assets/checklist-BnECNa5x.js                                6.74 kB │ gzip:   2.95 kB
public/build/assets/Show-BQhe76ev.js                                     6.77 kB │ gzip:   2.79 kB
public/build/assets/_registers-BBHP66qT.js                               6.78 kB │ gzip:   2.65 kB
public/build/assets/shift-calendar-view-BmxOfEIJ.js                      6.78 kB │ gzip:   2.74 kB
public/build/assets/handover-rail-DPKwiFlJ.js                            6.79 kB │ gzip:   2.87 kB
public/build/assets/_header-DdtHDDcL.js                                  6.79 kB │ gzip:   3.14 kB
public/build/assets/Show-CpcX6yIq.js                                     6.80 kB │ gzip:   2.91 kB
public/build/assets/index-BKuL1aI8.js                                    6.82 kB │ gzip:   1.08 kB
public/build/assets/Index-CFQ-pCs7.js                                    6.82 kB │ gzip:   2.91 kB
public/build/assets/preferences-v28GESwH.js                              6.85 kB │ gzip:   3.09 kB
public/build/assets/review-pM_x_wbW.js                                   6.87 kB │ gzip:   2.95 kB
public/build/assets/clock-in-wizard-DTeViRYD.js                          6.88 kB │ gzip:   2.94 kB
public/build/assets/board-view-7mEbvTLk.js                               6.89 kB │ gzip:   2.72 kB
public/build/assets/day-work-list-DwPEL2HH.js                            6.91 kB │ gzip:   2.82 kB
public/build/assets/Committee-BmWx_H7f.js                                6.93 kB │ gzip:   3.11 kB
public/build/assets/index-C9mfF3SL.js                                    6.94 kB │ gzip:   2.81 kB
public/build/assets/index-BW65OdhG.js                                    6.94 kB │ gzip:   1.05 kB
public/build/assets/Logs-ChCBvJZ7.js                                     6.96 kB │ gzip:   2.90 kB
public/build/assets/Create-BgUkC9Ka.js                                   6.97 kB │ gzip:   3.10 kB
public/build/assets/fleet-charts-DOKUIcvc.js                             7.03 kB │ gzip:   2.98 kB
public/build/assets/alert-worklist-BRHBrH4p.js                           7.05 kB │ gzip:   2.64 kB
public/build/assets/_site-geofence-dialog-DWxCIby2.js                    7.06 kB │ gzip:   2.70 kB
public/build/assets/create-BWJQeGbK.js                                   7.06 kB │ gzip:   3.11 kB
public/build/assets/Edit-DMjMesGK.js                                     7.07 kB │ gzip:   3.05 kB
public/build/assets/create-C0WWOvaD.js                                   7.08 kB │ gzip:   3.00 kB
public/build/assets/reports-modal-doEIfk30.js                            7.13 kB │ gzip:   2.96 kB
public/build/assets/BoardMonthly-Mi-4fHXN.js                             7.15 kB │ gzip:   3.01 kB
public/build/assets/monitoring-incident-evidence-card-tv5aU0o8.js        7.16 kB │ gzip:   2.52 kB
public/build/assets/fix-clock-out-wizard-BMARg673.js                     7.18 kB │ gzip:   3.06 kB
public/build/assets/fleet-hero-kit-08K3Uumy.js                           7.19 kB │ gzip:   2.89 kB
public/build/assets/Create-C8Ob2LKF.js                                   7.19 kB │ gzip:   3.16 kB
public/build/assets/leave-excursions-6OB3fJiE.js                         7.21 kB │ gzip:   2.38 kB
public/build/assets/Index-Bh6dEffQ.js                                    7.22 kB │ gzip:   3.12 kB
public/build/assets/payroll-adjustments-DsiyKHmQ.js                      7.24 kB │ gzip:   2.92 kB
public/build/assets/Index-DXVlri_m.js                                    7.28 kB │ gzip:   3.25 kB
public/build/assets/Show-ChIdX_L9.js                                     7.30 kB │ gzip:   2.97 kB
public/build/assets/new-journal-dialog-BWcvhabT.js                       7.31 kB │ gzip:   2.68 kB
public/build/assets/deletion-logs-3Um_7y26.js                            7.31 kB │ gzip:   3.18 kB
public/build/assets/respite-CWIfhQiT.js                                  7.31 kB │ gzip:   2.81 kB
public/build/assets/Index-DYbNqz9m.js                                    7.33 kB │ gzip:   3.25 kB
public/build/assets/Mapping-DoIJYNcD.js                                  7.34 kB │ gzip:   3.08 kB
public/build/assets/people-picker-CEn27Bfx.js                            7.35 kB │ gzip:   3.14 kB
public/build/assets/show-BmI9imZv.js                                     7.35 kB │ gzip:   2.98 kB
public/build/assets/Show-DqPhqrPI.js                                     7.36 kB │ gzip:   3.00 kB
public/build/assets/for-stay-DTb8dpNf.js                                 7.40 kB │ gzip:   3.10 kB
public/build/assets/assignments-BSrQP8bz.js                              7.42 kB │ gzip:   3.41 kB
public/build/assets/medical-simple-1GjNm-8q.js                           7.46 kB │ gzip:   3.28 kB
public/build/assets/_review-dialog-B0HrUOnP.js                           7.47 kB │ gzip:   3.13 kB
public/build/assets/compliance-hero-BUXJ8ItC.js                          7.56 kB │ gzip:   2.61 kB
public/build/assets/index-DX99ATla.js                                    7.58 kB │ gzip:   3.20 kB
public/build/assets/shared-DPYohzpu.js                                   7.61 kB │ gzip:   3.04 kB
public/build/assets/history-index-FomGBQ_J.js                            7.62 kB │ gzip:   3.35 kB
public/build/assets/show-B3gY-1-H.js                                     7.62 kB │ gzip:   3.36 kB
public/build/assets/pending-YquVC9Hd.js                                  7.67 kB │ gzip:   3.27 kB
public/build/assets/Index-DvquK9wM.js                                    7.70 kB │ gzip:   3.13 kB
public/build/assets/Index-CZA-oEim.js                                    7.75 kB │ gzip:   3.17 kB
public/build/assets/report-error-modal-CuTfQEcf.js                       7.76 kB │ gzip:   3.27 kB
public/build/assets/notifications-DF1BlDSI.js                            7.77 kB │ gzip:   3.44 kB
public/build/assets/communication-notes-C5-WObJP.js                      7.79 kB │ gzip:   3.16 kB
public/build/assets/CheckShift-DyufxrUC.js                               7.80 kB │ gzip:   3.31 kB
public/build/assets/shoutouts-KZt9iJld.js                                7.85 kB │ gzip:   3.43 kB
public/build/assets/index-C2aqdcbh.js                                    7.90 kB │ gzip:   3.27 kB
public/build/assets/availability-Dak_uRoW.js                             7.91 kB │ gzip:   3.51 kB
public/build/assets/Changes-BdV56PI4.js                                  7.91 kB │ gzip:   3.36 kB
public/build/assets/daily-note-entry-vdc5nZRe.js                         7.97 kB │ gzip:   3.03 kB
public/build/assets/index-Dbe1yplu.js                                    7.98 kB │ gzip:   3.01 kB
public/build/assets/incidents-CbUmqc07.js                                7.99 kB │ gzip:   3.19 kB
public/build/assets/Create-D92J9095.js                                   8.00 kB │ gzip:   3.38 kB
public/build/assets/password-Brlc6lly.js                                 8.00 kB │ gzip:   3.19 kB
public/build/assets/attestations-BJwKXs0P.js                             8.04 kB │ gzip:   3.49 kB
public/build/assets/run-Dp33dpIs.js                                      8.05 kB │ gzip:   2.79 kB
public/build/assets/file-dropzone-JgvZm3xP.js                            8.08 kB │ gzip:   3.49 kB
public/build/assets/audit-history-KYhKwefY.js                            8.13 kB │ gzip:   3.25 kB
public/build/assets/_tool-palette-B0ebHYlm.js                            8.14 kB │ gzip:   2.96 kB
public/build/assets/Index-Dj0a4I6E.js                                    8.21 kB │ gzip:   3.61 kB
public/build/assets/ComplianceStatus-lzEm9eqp.js                         8.25 kB │ gzip:   3.34 kB
public/build/assets/asset-condition-BM297K23.js                          8.26 kB │ gzip:   3.31 kB
public/build/assets/credentials-D_z_Ri_m.js                              8.26 kB │ gzip:   3.39 kB
public/build/assets/shell-DerlAqk8.js                                    8.30 kB │ gzip:   2.99 kB
public/build/assets/work-schedule-B06MXWZU.js                            8.30 kB │ gzip:   3.42 kB
public/build/assets/index-DI_LXLxV.js                                    8.32 kB │ gzip:   3.56 kB
public/build/assets/Index-QUwzFia0.js                                    8.32 kB │ gzip:   3.43 kB
public/build/assets/index-CFpE4TL3.js                                    8.32 kB │ gzip:   3.56 kB
public/build/assets/Entries-C9CsjlLc.js                                  8.35 kB │ gzip:   3.57 kB
public/build/assets/settings-D4MObi20.js                                 8.37 kB │ gzip:   3.63 kB
public/build/assets/Edit-C0nyvYze.js                                     8.39 kB │ gzip:   3.67 kB
public/build/assets/round-template-dialog-CFDHBwi9.js                    8.39 kB │ gzip:   3.49 kB
public/build/assets/reassign-dialog-DSX4izKM.js                          8.42 kB │ gzip:   3.60 kB
public/build/assets/Index-2cCJ4HSZ.js                                    8.43 kB │ gzip:   3.66 kB
public/build/assets/index-Dlg97wMc.js                                    8.44 kB │ gzip:   1.27 kB
public/build/assets/show-BP1bRaLU.js                                     8.45 kB │ gzip:   2.87 kB
public/build/assets/form-wizard-wcAEUD_f.js                              8.49 kB │ gzip:   3.49 kB
public/build/assets/Index-DtjbM2o4.js                                    8.50 kB │ gzip:   3.73 kB
public/build/assets/my-day-header-D0KgXT-w.js                            8.51 kB │ gzip:   3.69 kB
public/build/assets/show-DWGwauYt.js                                     8.51 kB │ gzip:   3.82 kB
public/build/assets/file-XNeMM2gn.js                                     8.54 kB │ gzip:   3.65 kB
public/build/assets/Aging-GmKvSSKR.js                                    8.54 kB │ gzip:   3.34 kB
public/build/assets/overdue-actions-BIeTagEy.js                          8.55 kB │ gzip:   3.56 kB
public/build/assets/Committee-nHL_vw1J.js                                8.66 kB │ gzip:   3.48 kB
public/build/assets/MyInterests-Bmn3emq_.js                              8.66 kB │ gzip:   3.56 kB
public/build/assets/assess-BtB5pR_q.js                                   8.66 kB │ gzip:   3.62 kB
public/build/assets/primitives-BE7t3uoL.js                               8.69 kB │ gzip:   3.27 kB
public/build/assets/index-v7Upj2M4.js                                    8.69 kB │ gzip:   3.63 kB
public/build/assets/bank-account-dialog-Bqx5DyAT.js                      8.70 kB │ gzip:   3.38 kB
public/build/assets/Index-CrUkqzGI.js                                    8.71 kB │ gzip:   3.75 kB
public/build/assets/Index-DDBNVx_D.js                                    8.73 kB │ gzip:   3.75 kB
public/build/assets/ClientTrends-Q_DnB9jl.js                             8.76 kB │ gzip:   3.76 kB
public/build/assets/personal-entry-dialog-D1igWE9Z.js                    8.79 kB │ gzip:   3.29 kB
public/build/assets/Index-BXXLmnQ9.js                                    8.80 kB │ gzip:   3.53 kB
public/build/assets/index-BgsdiEef.js                                    8.82 kB │ gzip:   1.26 kB
public/build/assets/index-9u5QBlSu.js                                    8.83 kB │ gzip:   3.47 kB
public/build/assets/index-8Q81pNjD.js                                    8.83 kB │ gzip:   3.78 kB
public/build/assets/index-t26d9twz.js                                    8.84 kB │ gzip:   3.85 kB
public/build/assets/add-medication-modal-CD14zBAP.js                     8.87 kB │ gzip:   3.64 kB
public/build/assets/reports-DnAjVBV5.js                                  8.96 kB │ gzip:   3.73 kB
public/build/assets/timeline-interactions-NwR91Mwh.js                    8.96 kB │ gzip:   3.62 kB
public/build/assets/CarePlans-DrX-qFns.js                                8.97 kB │ gzip:   3.61 kB
public/build/assets/Index-Czu2Q4dX.js                                    9.02 kB │ gzip:   3.80 kB
public/build/assets/Index-Cvmfp2Kp.js                                    9.04 kB │ gzip:   3.84 kB
public/build/assets/fleet-B9vrA0sw.js                                    9.05 kB │ gzip:   3.15 kB
public/build/assets/Create-CeZHA0hQ.js                                   9.08 kB │ gzip:   3.88 kB
public/build/assets/hero-kit-BrPbK_2-.js                                 9.08 kB │ gzip:   2.98 kB
public/build/assets/Create-DJt_uGc8.js                                   9.09 kB │ gzip:   3.70 kB
public/build/assets/Index-CaukRYiD.js                                    9.09 kB │ gzip:   3.86 kB
public/build/assets/Attestations-Dz_kI6Ia.js                             9.12 kB │ gzip:   3.74 kB
public/build/assets/history-ByyrXCnM.js                                  9.14 kB │ gzip:   3.68 kB
public/build/assets/Create-BHIovdU2.js                                   9.16 kB │ gzip:   3.73 kB
public/build/assets/Index-CvXu6HuN.js                                    9.17 kB │ gzip:   3.97 kB
public/build/assets/knowledge-related-records-DUnPYC5I.js                9.18 kB │ gzip:   3.70 kB
public/build/assets/benefits-DJzSREOv.js                                 9.18 kB │ gzip:   3.63 kB
public/build/assets/Edit-DVxvnS4M.js                                     9.22 kB │ gzip:   3.83 kB
public/build/assets/Dashboard-GgmVj_qn.js                                9.23 kB │ gzip:   3.83 kB
public/build/assets/reimbursement-DV6lyfPU.js                            9.25 kB │ gzip:   3.60 kB
public/build/assets/note-rail-nsu0m66E.js                                9.25 kB │ gzip:   3.52 kB
public/build/assets/module-Ct0kDCKo.js                                   9.25 kB │ gzip:   4.13 kB
public/build/assets/index-BA6YPtIh.js                                    9.26 kB │ gzip:   3.91 kB
public/build/assets/Create-Di5POcov.js                                   9.27 kB │ gzip:   3.83 kB
public/build/assets/create-BH8NWQko.js                                   9.29 kB │ gzip:   3.90 kB
public/build/assets/upload-spiCvyL3.js                                   9.30 kB │ gzip:   3.90 kB
public/build/assets/show-QK20o4a9.js                                     9.33 kB │ gzip:   3.71 kB
public/build/assets/shift-show-redesign--QEaPouS.js                      9.34 kB │ gzip:   3.57 kB
public/build/assets/Index-DcpQX3jo.js                                    9.34 kB │ gzip:   4.10 kB
public/build/assets/Index-Sv30QjL3.js                                    9.35 kB │ gzip:   3.92 kB
public/build/assets/Index-CgK-YtL0.js                                    9.35 kB │ gzip:   3.61 kB
public/build/assets/Edit-abz9FXPx.js                                     9.36 kB │ gzip:   3.82 kB
public/build/assets/cd-register-modal-CsQ_YeFA.js                        9.37 kB │ gzip:   3.85 kB
public/build/assets/retention-6N8zROpL.js                                9.38 kB │ gzip:   3.75 kB
public/build/assets/Create-XntwOxOE.js                                   9.38 kB │ gzip:   3.81 kB
public/build/assets/_manage-types-dialog-COVjRIK4.js                     9.39 kB │ gzip:   3.83 kB
public/build/assets/respond-fpa51ZsG.js                                  9.42 kB │ gzip:   4.12 kB
public/build/assets/index-BJ-g1FeI.js                                    9.43 kB │ gzip:   3.85 kB
public/build/assets/Index-Bcut-WKz.js                                    9.44 kB │ gzip:   3.75 kB
public/build/assets/Index-DdVTvEDt.js                                    9.44 kB │ gzip:   3.77 kB
public/build/assets/Index-ldKDmOWB.js                                    9.45 kB │ gzip:   3.95 kB
public/build/assets/Create-CQdrMrT1.js                                   9.45 kB │ gzip:   3.83 kB
public/build/assets/Edit-CjvTG4Kn.js                                     9.46 kB │ gzip:   3.87 kB
public/build/assets/create-DMgc7YWn.js                                   9.48 kB │ gzip:   3.92 kB
public/build/assets/reviews-mnJsZ-AB.js                                  9.49 kB │ gzip:   4.24 kB
public/build/assets/Trends-C4wT8NRT.js                                   9.49 kB │ gzip:   3.86 kB
public/build/assets/Create-Bf2rs_m8.js                                   9.51 kB │ gzip:   3.84 kB
public/build/assets/Create-BWCEbh9D.js                                   9.51 kB │ gzip:   3.83 kB
public/build/assets/for-stay-CgJ83oss.js                                 9.61 kB │ gzip:   3.73 kB
public/build/assets/index-B85cpJDt.js                                    9.61 kB │ gzip:   3.84 kB
public/build/assets/Index-BvTuGbF3.js                                    9.62 kB │ gzip:   4.02 kB
public/build/assets/Edit-2mCrFmm3.js                                     9.64 kB │ gzip:   4.04 kB
public/build/assets/pending-bB2_HjIs.js                                  9.64 kB │ gzip:   3.69 kB
public/build/assets/my-calendar-Bu1cLyxa.js                              9.65 kB │ gzip:   4.49 kB
public/build/assets/index-7FnL1yrF.js                                    9.67 kB │ gzip:   4.06 kB
public/build/assets/family-tree-eKWUhDlw.js                              9.68 kB │ gzip:   3.65 kB
public/build/assets/Index-CSDQEIdw.js                                    9.69 kB │ gzip:   3.94 kB
public/build/assets/index-BPCJTiGu.js                                    9.70 kB │ gzip:   3.88 kB
public/build/assets/create-DJvEablB.js                                   9.70 kB │ gzip:   4.14 kB
public/build/assets/AgedPayables-BuOp8ojr.js                             9.73 kB │ gzip:   3.51 kB
public/build/assets/BoardMembers-xLMoYJpV.js                             9.73 kB │ gzip:   4.07 kB
public/build/assets/stream-item-LneErTUV.js                              9.74 kB │ gzip:   3.61 kB
public/build/assets/AgedReceivables-CqbhLT5u.js                          9.75 kB │ gzip:   3.51 kB
public/build/assets/Show-CLrt_inC.js                                     9.77 kB │ gzip:   3.95 kB
public/build/assets/linked-operational-evidence-OLVCwIsA.js              9.78 kB │ gzip:   3.16 kB
public/build/assets/template-OaDCBUUK.js                                 9.79 kB │ gzip:   3.96 kB
public/build/assets/_food-meal-preferences-D-PhQKbc.js                   9.82 kB │ gzip:   3.80 kB
public/build/assets/Show-OwfTgFh0.js                                     9.83 kB │ gzip:   3.47 kB
public/build/assets/Index-B-hjYu3Y.js                                    9.85 kB │ gzip:   4.09 kB
public/build/assets/create-BhcaCqSq.js                                   9.85 kB │ gzip:   3.98 kB
public/build/assets/Create-BDXdGFLq.js                                   9.86 kB │ gzip:   3.86 kB
public/build/assets/show-BTzsjnb6.js                                     9.86 kB │ gzip:   3.87 kB
public/build/assets/policies-B_qMWzuy.js                                 9.88 kB │ gzip:   4.02 kB
public/build/assets/Show-Cx6KFJH3.js                                     9.90 kB │ gzip:   4.04 kB
public/build/assets/legal-holds-BcIixqzV.js                              9.94 kB │ gzip:   4.03 kB
public/build/assets/show-fGB5Ww1Y.js                                     9.95 kB │ gzip:   3.93 kB
public/build/assets/succession-wizards-d_zPuc65.js                       9.98 kB │ gzip:   3.99 kB
public/build/assets/unifi-BaAIzXHk.js                                    9.98 kB │ gzip:   3.98 kB
public/build/assets/Index-BoVV3BQF.js                                   10.00 kB │ gzip:   4.20 kB
public/build/assets/create-FXUQr3v3.js                                  10.01 kB │ gzip:   4.12 kB
public/build/assets/Index-Lld5fuqo.js                                   10.01 kB │ gzip:   4.10 kB
public/build/assets/ClientSummary-VePO7U1N.js                           10.03 kB │ gzip:   3.60 kB
public/build/assets/index-CtgcflPQ.js                                   10.03 kB │ gzip:   4.19 kB
public/build/assets/Index-DJzbPDCL.js                                   10.04 kB │ gzip:   3.96 kB
public/build/assets/Index-B3qnlSfq.js                                   10.05 kB │ gzip:   4.13 kB
public/build/assets/finance-1yFJrGEa.js                                 10.05 kB │ gzip:   3.53 kB
public/build/assets/quick-add-task-BGRRvJJB.js                          10.06 kB │ gzip:   3.83 kB
public/build/assets/Edit-C6U9lKXF.js                                    10.09 kB │ gzip:   4.04 kB
public/build/assets/index-5kSVOXSv.js                                   10.09 kB │ gzip:   3.97 kB
public/build/assets/vehicle-technology-projection-DcdhAk5C.js           10.09 kB │ gzip:   3.39 kB
public/build/assets/grouped-profile-nav-DB_duU7J.js                     10.09 kB │ gzip:   3.88 kB
public/build/assets/show-c4ujrQJN.js                                    10.15 kB │ gzip:   3.73 kB
public/build/assets/saved-7C8mVlB_.js                                   10.16 kB │ gzip:   4.17 kB
public/build/assets/edit-B_bg8ReA.js                                    10.16 kB │ gzip:   4.20 kB
public/build/assets/risks-DYVXNZE8.js                                   10.18 kB │ gzip:   3.84 kB
public/build/assets/Index-JEzqij8P.js                                   10.18 kB │ gzip:   4.18 kB
public/build/assets/status-CMjhYsJ3.js                                  10.22 kB │ gzip:   4.08 kB
public/build/assets/edit-CHWY-ej8.js                                    10.22 kB │ gzip:   4.16 kB
public/build/assets/Heatmap-BUO2-6TE.js                                 10.23 kB │ gzip:   3.86 kB
public/build/assets/Index-D3OBR6Do.js                                   10.25 kB │ gzip:   4.20 kB
public/build/assets/asset-finance-technology-projection-CWy1Oaxj.js     10.27 kB │ gzip:   3.48 kB
public/build/assets/staff-requirements-DZsJq1bK.js                      10.27 kB │ gzip:   3.80 kB
public/build/assets/record-wizard-shared-xMuIMNE0.js                    10.28 kB │ gzip:   3.92 kB
public/build/assets/modules-hwoXVQn7.js                                 10.29 kB │ gzip:   4.13 kB
public/build/assets/create-BTWTavo5.js                                  10.34 kB │ gzip:   3.52 kB
public/build/assets/_inventory-table-u-zzVgSe.js                        10.34 kB │ gzip:   3.74 kB
public/build/assets/Index-DrDyxNqV.js                                   10.35 kB │ gzip:   4.20 kB
public/build/assets/Statements-NXrjiyph.js                              10.36 kB │ gzip:   4.04 kB
public/build/assets/compliance-DJWOzOQ9.js                              10.37 kB │ gzip:   4.10 kB
public/build/assets/index-Dg4nHb3y.js                                   10.37 kB │ gzip:   1.53 kB
public/build/assets/RiskNarrative-Ci6u5nt6.js                           10.38 kB │ gzip:   3.80 kB
public/build/assets/Index-DgiyLzc1.js                                   10.38 kB │ gzip:   3.97 kB
public/build/assets/index-9qFxt4RS.js                                   10.39 kB │ gzip:   4.08 kB
public/build/assets/portal-users-7_a1HTDU.js                            10.40 kB │ gzip:   4.30 kB
public/build/assets/Show-DMAmiWuH.js                                    10.43 kB │ gzip:   3.91 kB
public/build/assets/documents-_BSX4Ehx.js                               10.44 kB │ gzip:   3.67 kB
public/build/assets/Create-BRPdycHR.js                                  10.46 kB │ gzip:   4.41 kB
public/build/assets/marketing-layout-MzKzpuaX.js                        10.47 kB │ gzip:   3.34 kB
public/build/assets/portal-users-3W0loV8Z.js                            10.47 kB │ gzip:   4.31 kB
public/build/assets/Create-C6dNr-nU.js                                  10.49 kB │ gzip:   4.11 kB
public/build/assets/risks-CR396Zzy.js                                   10.50 kB │ gzip:   3.97 kB
public/build/assets/create-DgsDwvKO.js                                  10.60 kB │ gzip:   4.32 kB
public/build/assets/Show-B6HC4RMw.js                                    10.62 kB │ gzip:   4.31 kB
public/build/assets/Edit-BP5rHT98.js                                    10.68 kB │ gzip:   4.18 kB
public/build/assets/create-DOr23Mfu.js                                  10.69 kB │ gzip:   4.23 kB
public/build/assets/index-BzcTEIPq.js                                   10.71 kB │ gzip:   4.42 kB
public/build/assets/Terminals-DbKc46_6.js                               10.73 kB │ gzip:   4.10 kB
public/build/assets/photos-BUGDe8PN.js                                  10.73 kB │ gzip:   4.41 kB
public/build/assets/breaches-BvD1avD7.js                                10.74 kB │ gzip:   4.25 kB
public/build/assets/timeline-1A77H4aW.js                                10.80 kB │ gzip:   4.63 kB
public/build/assets/tomorrow-panel-BSCfDLhW.js                          10.80 kB │ gzip:   4.25 kB
public/build/assets/index-D1U6VRBr.js                                   10.80 kB │ gzip:   3.87 kB
public/build/assets/summary-Y51Ems2o.js                                 10.82 kB │ gzip:   3.97 kB
public/build/assets/create-wizard-CfjJJOlX.js                           10.85 kB │ gzip:   3.48 kB
public/build/assets/broadcast-show-jdoJ_njg.js                          10.86 kB │ gzip:   3.95 kB
public/build/assets/_door-CqCViGAS.js                                   10.87 kB │ gzip:   3.81 kB
public/build/assets/Index-B9edgJZO.js                                   10.89 kB │ gzip:   4.36 kB
public/build/assets/index-B3VMih8J.js                                   10.90 kB │ gzip:   4.22 kB
public/build/assets/show-supervision-BDIJP1Lp.js                        10.90 kB │ gzip:   4.11 kB
public/build/assets/Edit-B82KGNsZ.js                                    10.93 kB │ gzip:   4.42 kB
public/build/assets/Prepare-BwPe_C7c.js                                 10.95 kB │ gzip:   4.30 kB
public/build/assets/notifications-CgtnLOok.js                           10.95 kB │ gzip:   4.03 kB
public/build/assets/work-calendar-settings-Bqhd5xQX.js                  10.95 kB │ gzip:   4.34 kB
public/build/assets/handovers-hero-CRwfxKKk.js                          10.99 kB │ gzip:   4.80 kB
public/build/assets/Index-LoVDAi9W.js                                   11.01 kB │ gzip:   4.75 kB
public/build/assets/Matrix-D8KY9JLO.js                                  11.02 kB │ gzip:   4.71 kB
public/build/assets/index-ubtH2xcj.js                                   11.02 kB │ gzip:   1.52 kB
public/build/assets/visit-requests-CuMTEmbY.js                          11.02 kB │ gzip:   4.47 kB
public/build/assets/Create-4nt4qeA2.js                                  11.09 kB │ gzip:   4.34 kB
public/build/assets/Show-BMhgiNVB.js                                    11.10 kB │ gzip:   4.16 kB
public/build/assets/create-BOU6DQ4m.js                                  11.11 kB │ gzip:   4.63 kB
public/build/assets/surveys-EiPhORzU.js                                 11.14 kB │ gzip:   4.42 kB
public/build/assets/vendors-DgDNESfh.js                                 11.16 kB │ gzip:   3.65 kB
public/build/assets/clock-out-wizard-By4kcqlY.js                        11.17 kB │ gzip:   4.49 kB
public/build/assets/index-DejypG75.js                                   11.19 kB │ gzip:   4.57 kB
public/build/assets/Index-BXsouAEo.js                                   11.21 kB │ gzip:   4.67 kB
public/build/assets/index-DyYRVaIy.js                                   11.21 kB │ gzip:   4.04 kB
public/build/assets/Diff-NTW295gv.js                                    11.21 kB │ gzip:   4.61 kB
public/build/assets/dpia-DeYpwc5n.js                                    11.26 kB │ gzip:   4.31 kB
public/build/assets/index-DmcrtnyW.js                                   11.26 kB │ gzip:   4.47 kB
public/build/assets/cards-view-ettdsNRv.js                              11.27 kB │ gzip:   4.21 kB
public/build/assets/Batches-BYTfejMf.js                                 11.28 kB │ gzip:   4.45 kB
public/build/assets/daily-check-_PlxQPGL.js                             11.29 kB │ gzip:   4.53 kB
public/build/assets/privacy-action-modal-DjK3sU3y.js                    11.30 kB │ gzip:   4.44 kB
public/build/assets/workflow-in7chCye.js                                11.32 kB │ gzip:   4.83 kB
public/build/assets/dashboard-tabs-BJia_Dp_.js                          11.32 kB │ gzip:   4.23 kB
public/build/assets/show-CG96OV1P.js                                    11.34 kB │ gzip:   4.87 kB
public/build/assets/show-Dap2X-HY.js                                    11.40 kB │ gzip:   4.29 kB
public/build/assets/wizard-configs-BtMfDJZu.js                          11.42 kB │ gzip:   3.50 kB
public/build/assets/Index-1Q1_PURI.js                                   11.43 kB │ gzip:   4.84 kB
public/build/assets/leave-hub-parts-BnMp9kVn.js                         11.45 kB │ gzip:   4.22 kB
public/build/assets/Edit-yPQRVord.js                                    11.46 kB │ gzip:   4.81 kB
public/build/assets/Show-ZO9N3HVL.js                                    11.46 kB │ gzip:   4.33 kB
public/build/assets/Results-BW6nmmTg.js                                 11.49 kB │ gzip:   4.53 kB
public/build/assets/community-access-BU7WWCuI.js                        11.52 kB │ gzip:   4.66 kB
public/build/assets/workers-BWg9kC43.js                                 11.54 kB │ gzip:   4.40 kB
public/build/assets/Show-DUc7qU9n.js                                    11.54 kB │ gzip:   4.61 kB
public/build/assets/alerts-config-B3L4T366.js                           11.54 kB │ gzip:   4.41 kB
public/build/assets/templates-DRilYKFo.js                               11.55 kB │ gzip:   4.72 kB
public/build/assets/Index-HdASnwkw.js                                   11.56 kB │ gzip:   4.30 kB
public/build/assets/documents-Clx_lzYm.js                               11.59 kB │ gzip:   4.11 kB
public/build/assets/Create-DC5C2pyL.js                                  11.60 kB │ gzip:   4.57 kB
public/build/assets/create-template-CKDdcGWg.js                         11.62 kB │ gzip:   4.64 kB
public/build/assets/sign-B-6a5oCN.js                                    11.65 kB │ gzip:   4.58 kB
public/build/assets/profile-BKX5FujB.js                                 11.65 kB │ gzip:   4.76 kB
public/build/assets/page-hero-CcoVPGW_.js                               11.65 kB │ gzip:   4.47 kB
public/build/assets/Trends-C3NuWIjM.js                                  11.68 kB │ gzip:   4.27 kB
public/build/assets/head-office-CtSxb3Ab.js                             11.73 kB │ gzip:   4.96 kB
public/build/assets/assignments-C2JHDcgQ.js                             11.76 kB │ gzip:   4.73 kB
public/build/assets/Index-koRR54bP.js                                   11.77 kB │ gzip:   4.94 kB
public/build/assets/Index-DlEXYS4R.js                                   11.77 kB │ gzip:   4.57 kB
public/build/assets/index-BtY-7ULg.js                                   11.85 kB │ gzip:   4.51 kB
public/build/assets/rehire-wizard-DIRTLJE0.js                           11.86 kB │ gzip:   4.48 kB
public/build/assets/index-BNXCcJ3G.js                                   11.87 kB │ gzip:   4.83 kB
public/build/assets/_dialogs-DrA6G9rO.js                                11.88 kB │ gzip:   4.47 kB
public/build/assets/shift-list-view-DcXtVh7p.js                         11.94 kB │ gzip:   4.71 kB
public/build/assets/medications-DEJmXbA4.js                             11.95 kB │ gzip:   4.31 kB
public/build/assets/Index-k3ygm2TM.js                                   11.95 kB │ gzip:   4.95 kB
public/build/assets/log-notifiable-dialog-8OvHiwzJ.js                   11.97 kB │ gzip:   4.40 kB
public/build/assets/healthcare-devices-CgOpUyzY.js                      11.99 kB │ gzip:   4.18 kB
public/build/assets/apply-CPgbQ2cW.js                                   12.00 kB │ gzip:   4.56 kB
public/build/assets/performance-hero-DdUCD3Hx.js                        12.00 kB │ gzip:   3.84 kB
public/build/assets/it-ticket-comment-contract-CaXPY84G.js              12.03 kB │ gzip:   3.91 kB
public/build/assets/Show-Dt3psiNU.js                                    12.04 kB │ gzip:   4.37 kB
public/build/assets/index-C9DdofuG.js                                   12.05 kB │ gzip:   4.32 kB
public/build/assets/index-BHLI5h8_.js                                   12.07 kB │ gzip:   4.94 kB
public/build/assets/protocol-form-D_h2pkQ8.js                           12.08 kB │ gzip:   4.39 kB
public/build/assets/index-D3zay2Po.js                                   12.09 kB │ gzip:   5.19 kB
public/build/assets/index-Bmpf_eVx.js                                   12.10 kB │ gzip:   4.68 kB
public/build/assets/Create-w9hdPZQw.js                                  12.11 kB │ gzip:   4.74 kB
public/build/assets/time-tCvebNGD.js                                    12.11 kB │ gzip:   5.16 kB
public/build/assets/requests-D5-CmoQB.js                                12.12 kB │ gzip:   4.65 kB
public/build/assets/ppe-wizard-CEP3O5Pt.js                              12.15 kB │ gzip:   4.97 kB
public/build/assets/Index-BFmlyHfk.js                                   12.15 kB │ gzip:   5.42 kB
public/build/assets/facilities-CvWcWkYw.js                              12.17 kB │ gzip:   5.06 kB
public/build/assets/Index-B5QCOlZ0.js                                   12.17 kB │ gzip:   4.83 kB
public/build/assets/cards-view-CFPRzqzl.js                              12.20 kB │ gzip:   4.47 kB
public/build/assets/index-CSoU3IRC.js                                   12.21 kB │ gzip:   4.62 kB
public/build/assets/edit-CIISYYPS.js                                    12.21 kB │ gzip:   4.87 kB
public/build/assets/_request-dialog-4W9CCxxD.js                         12.25 kB │ gzip:   4.61 kB
public/build/assets/edit-CBBrZH6I.js                                    12.25 kB │ gzip:   4.62 kB
public/build/assets/index-v4rKcs9o.js                                   12.26 kB │ gzip:   1.59 kB
public/build/assets/index-CM9ezgQ5.js                                   12.28 kB │ gzip:   4.33 kB
public/build/assets/Index-Cy-vnb7A.js                                   12.29 kB │ gzip:   5.32 kB
public/build/assets/Assignments-D2LI6d8i.js                             12.30 kB │ gzip:   5.17 kB
public/build/assets/index-d2QTG8nu.js                                   12.31 kB │ gzip:   4.82 kB
public/build/assets/index-qtdZKxuv.js                                   12.31 kB │ gzip:   4.46 kB
public/build/assets/_builder-dialog-gRIW2uZM.js                         12.33 kB │ gzip:   4.94 kB
public/build/assets/index-skpdLIcV.js                                   12.34 kB │ gzip:   4.71 kB
public/build/assets/show-DTTeJYL6.js                                    12.36 kB │ gzip:   4.63 kB
public/build/assets/Trends-DUz27dBa.js                                  12.36 kB │ gzip:   5.08 kB
public/build/assets/Index-BKikQkow.js                                   12.37 kB │ gzip:   4.75 kB
public/build/assets/show-gwVVvdFy.js                                    12.37 kB │ gzip:   4.37 kB
public/build/assets/index-_-kBAJZ1.js                                   12.39 kB │ gzip:   5.11 kB
public/build/assets/Index-Djs_5mxw.js                                   12.42 kB │ gzip:   4.61 kB
public/build/assets/Show-DjnRXl9n.js                                    12.43 kB │ gzip:   4.78 kB
public/build/assets/Index-zGDIxL3b.js                                   12.44 kB │ gzip:   5.03 kB
public/build/assets/pricing-CxHBQdAo.js                                 12.44 kB │ gzip:   3.70 kB
public/build/assets/Show-BtsDO8fh.js                                    12.45 kB │ gzip:   4.73 kB
public/build/assets/create-DV1wmU1T.js                                  12.45 kB │ gzip:   4.85 kB
public/build/assets/shift-notes-hero-OaJjg0HH.js                        12.48 kB │ gzip:   5.24 kB
public/build/assets/log-obligation-dialog-BS8gyZdc.js                   12.49 kB │ gzip:   4.70 kB
public/build/assets/builder-H2jHfe1i.js                                 12.50 kB │ gzip:   4.76 kB
public/build/assets/new-bill-dialog-VI-tPaB5.js                         12.52 kB │ gzip:   4.84 kB
public/build/assets/specialist-workspace-header-BAkA5qvG.js             12.57 kB │ gzip:   5.55 kB
public/build/assets/Index-D8uccNVD.js                                   12.64 kB │ gzip:   5.53 kB
public/build/assets/fixed-asset-dialog-Dt7CGXuD.js                      12.66 kB │ gzip:   4.43 kB
public/build/assets/index-kCGQqJUT.js                                   12.66 kB │ gzip:   5.30 kB
public/build/assets/health-B9Wds2Hy.js                                  12.68 kB │ gzip:   4.31 kB
public/build/assets/show-B4i55XO8.js                                    12.70 kB │ gzip:   4.79 kB
public/build/assets/Dashboard-ghrOExdi.js                               12.76 kB │ gzip:   4.17 kB
public/build/assets/Show-ZDZKAAAl.js                                    12.77 kB │ gzip:   4.93 kB
public/build/assets/site-detail-CP3CW_58.js                             12.81 kB │ gzip:   4.33 kB
public/build/assets/index-DDotuKzR.js                                   12.85 kB │ gzip:   5.30 kB
public/build/assets/alerts-events-CmTin7uR.js                           12.85 kB │ gzip:   5.42 kB
public/build/assets/geofence-draw-map-DlOuMTH2.js                       12.87 kB │ gzip:   4.97 kB
public/build/assets/ppe-action-dialogs-DHupFS8z.js                      12.87 kB │ gzip:   4.36 kB
public/build/assets/show-DfBe57Fi.js                                    12.88 kB │ gzip:   4.95 kB
public/build/assets/calendar-BMjNC5tD.js                                12.89 kB │ gzip:   5.13 kB
public/build/assets/plans-B2-wUcib.js                                   12.92 kB │ gzip:   5.22 kB
public/build/assets/messaging-DSRM4gGh.js                               12.93 kB │ gzip:   4.55 kB
public/build/assets/pre-check-BANJhI_o.js                               12.94 kB │ gzip:   4.84 kB
public/build/assets/index-DlI7Bh-a.js                                   12.96 kB │ gzip:   4.91 kB
public/build/assets/privacy-DBkD-Abf.js                                 12.98 kB │ gzip:   3.80 kB
public/build/assets/create-CEyt36WC.js                                  12.99 kB │ gzip:   5.04 kB
public/build/assets/Index-Bl-AVsu2.js                                   12.99 kB │ gzip:   5.51 kB
public/build/assets/reviews-Dnvn42Vl.js                                 13.00 kB │ gzip:   5.01 kB
public/build/assets/HealthMonitoring-Dd2R7wVq.js                        13.06 kB │ gzip:   4.73 kB
public/build/assets/Show-CCBWLEYd.js                                    13.09 kB │ gzip:   4.92 kB
public/build/assets/prn-wizard-OdmcWK3h.js                              13.10 kB │ gzip:   4.99 kB
public/build/assets/playbook-wizard-DOQ7O0ux.js                         13.16 kB │ gzip:   4.59 kB
public/build/assets/layout-Dh6Y3hnM.js                                  13.16 kB │ gzip:   4.23 kB
public/build/assets/edit-template-BLYb4uHA.js                           13.18 kB │ gzip:   5.30 kB
public/build/assets/client-CZMfyzYe.js                                  13.21 kB │ gzip:   3.72 kB
public/build/assets/houses-DXqVoilv.js                                  13.23 kB │ gzip:   5.51 kB
public/build/assets/leaflet-map-BMMRi0Lj.js                             13.24 kB │ gzip:   4.68 kB
public/build/assets/TrialBalance-DkYgExbu.js                            13.24 kB │ gzip:   5.41 kB
public/build/assets/expenses-CVAET0g8.js                                13.26 kB │ gzip:   5.11 kB
public/build/assets/terminology-BYpz0xDz.js                             13.29 kB │ gzip:   4.04 kB
public/build/assets/by-house-kjfjE0pv.js                                13.30 kB │ gzip:   4.67 kB
public/build/assets/documents-C7N9oPDe.js                               13.32 kB │ gzip:   5.31 kB
public/build/assets/goals-path-DhBT7wDj.js                              13.35 kB │ gzip:   5.34 kB
public/build/assets/Show-CODc7ZPX.js                                    13.37 kB │ gzip:   4.62 kB
public/build/assets/task-DQia19Yo.js                                    13.40 kB │ gzip:   5.45 kB
public/build/assets/BatchDetail-qQXCI1fO.js                             13.42 kB │ gzip:   4.64 kB
public/build/assets/_audit-dialog-C97PK6Pf.js                           13.46 kB │ gzip:   5.39 kB
public/build/assets/timesheet-review-ByG-7wt4.js                        13.46 kB │ gzip:   5.02 kB
public/build/assets/_ledger-panel-DOY8W84D.js                           13.46 kB │ gzip:   4.24 kB
public/build/assets/unassign-make-open-dialog-BgVvh6sU.js               13.47 kB │ gzip:   5.09 kB
public/build/assets/about-Cko54Vaj.js                                   13.50 kB │ gzip:   3.49 kB
public/build/assets/digest-panel-CkZB0lZB.js                            13.60 kB │ gzip:   4.81 kB
public/build/assets/map-BLfarMMB.js                                     13.60 kB │ gzip:   5.65 kB
public/build/assets/my-day-hero-BgKQORa7.js                             13.65 kB │ gzip:   5.96 kB
public/build/assets/create-CC6YJK0m.js                                  13.65 kB │ gzip:   5.20 kB
public/build/assets/show-B-jvLxQW.js                                    13.69 kB │ gzip:   4.92 kB
public/build/assets/show-DaKUosqz.js                                    13.72 kB │ gzip:   4.58 kB
public/build/assets/Index-ECFO6UWV.js                                   13.77 kB │ gzip:   5.65 kB
public/build/assets/show-CWdVCl3j.js                                    13.81 kB │ gzip:   5.02 kB
public/build/assets/holidays-D5T3r_RF.js                                13.81 kB │ gzip:   5.65 kB
public/build/assets/index-BY0Wh2uh.js                                   13.83 kB │ gzip:   5.24 kB
public/build/assets/Dashboard-BYxI58SB.js                               13.86 kB │ gzip:   5.14 kB
public/build/assets/_recipe-edit-dialog-CstvqDfg.js                     13.90 kB │ gzip:   4.69 kB
public/build/assets/index-D-cRpRQa.js                                   13.90 kB │ gzip:   5.19 kB
public/build/assets/FundingStreamSummary-CQlczDYx.js                    13.92 kB │ gzip:   4.92 kB
public/build/assets/timeline-tab-Bg-Pj3Xf.js                            13.94 kB │ gzip:   4.93 kB
public/build/assets/record-receipt-dialog-DTdcqZ_H.js                   13.98 kB │ gzip:   4.95 kB
public/build/assets/Show-W0odbX05.js                                    14.00 kB │ gzip:   5.39 kB
public/build/assets/index-c9391O_b.js                                   14.03 kB │ gzip:   5.49 kB
public/build/assets/trends-rd-pgAjJ.js                                  14.03 kB │ gzip:   4.68 kB
public/build/assets/survey-of5O_Da5.js                                  14.04 kB │ gzip:   4.62 kB
public/build/assets/Create-DOQZUZTu.js                                  14.08 kB │ gzip:   5.51 kB
public/build/assets/index-CyUCbIxq.js                                   14.08 kB │ gzip:   5.63 kB
public/build/assets/Show-kzn7mei6.js                                    14.15 kB │ gzip:   5.82 kB
public/build/assets/audit-log-6F2FEFHT.js                               14.17 kB │ gzip:   5.76 kB
public/build/assets/Financials-2pLoHAuj.js                              14.17 kB │ gzip:   5.54 kB
public/build/assets/BalanceSheet-PyDjurQt.js                            14.18 kB │ gzip:   5.48 kB
public/build/assets/create-wizard-CJcYFvyo.js                           14.20 kB │ gzip:   4.64 kB
public/build/assets/Edit-DzdyeZa5.js                                    14.22 kB │ gzip:   5.34 kB
public/build/assets/_dialog-shared-BA5C8QDn.js                          14.22 kB │ gzip:   5.46 kB
public/build/assets/global-YXqN3MGV.js                                  14.23 kB │ gzip:   5.37 kB
public/build/assets/Index-CDuSptdC.js                                   14.29 kB │ gzip:   5.86 kB
public/build/assets/task-detail-dialog-C3Q6EtBk.js                      14.34 kB │ gzip:   4.79 kB
public/build/assets/show-CLuxEgqH.js                                    14.36 kB │ gzip:   5.57 kB
public/build/assets/index-Cajk3deH.js                                   14.37 kB │ gzip:   5.96 kB
public/build/assets/my-tasks-Dj2VPKgs.js                                14.39 kB │ gzip:   5.63 kB
public/build/assets/playback-DwVEpfoZ.js                                14.39 kB │ gzip:   5.65 kB
public/build/assets/matrix-BL4J5qR3.js                                  14.47 kB │ gzip:   5.81 kB
public/build/assets/mar-C1_BHKjo.js                                     14.48 kB │ gzip:   3.92 kB
public/build/assets/Show-C1sbCsZ-.js                                    14.54 kB │ gzip:   5.54 kB
public/build/assets/reports-cm3wXnn2.js                                 14.55 kB │ gzip:   5.02 kB
public/build/assets/show-DVCDeiDq.js                                    14.55 kB │ gzip:   5.34 kB
public/build/assets/Create-n2374Yp8.js                                  14.57 kB │ gzip:   4.78 kB
public/build/assets/index-uCs96zVO.js                                   14.58 kB │ gzip:   5.87 kB
public/build/assets/Show-BHb6FVN2.js                                    14.59 kB │ gzip:   5.45 kB
public/build/assets/Show-DtmG9zDC.js                                    14.61 kB │ gzip:   4.85 kB
public/build/assets/_commercial-2l59NeTg.js                             14.65 kB │ gzip:   5.38 kB
public/build/assets/sso-groups-blLOpz-2.js                              14.68 kB │ gzip:   5.45 kB
public/build/assets/edit-CTjlVbur.js                                    14.68 kB │ gzip:   5.72 kB
public/build/assets/index-lhQ1ILQY.js                                   14.70 kB │ gzip:   1.78 kB
public/build/assets/shifts-hero-BCyqF1mS.js                             14.72 kB │ gzip:   5.88 kB
public/build/assets/record-evidence-dialog-Dm1TnYDp.js                  14.75 kB │ gzip:   5.97 kB
public/build/assets/_dialogs-TCjrmRy5.js                                14.75 kB │ gzip:   5.61 kB
public/build/assets/index-B8iFLsfT.js                                   14.78 kB │ gzip:   6.06 kB
public/build/assets/custom-fields-Wa7lZgT8.js                           14.81 kB │ gzip:   6.00 kB
public/build/assets/index-DKM51UM_.js                                   14.85 kB │ gzip:   6.01 kB
public/build/assets/Index--st9ZF4Y.js                                   14.89 kB │ gzip:   4.98 kB
public/build/assets/Index-Hxeo8FQr.js                                   14.89 kB │ gzip:   5.41 kB
public/build/assets/create-BQtQj3fs.js                                  14.91 kB │ gzip:   5.43 kB
public/build/assets/Roles-BKv6CXlz.js                                   14.99 kB │ gzip:   4.67 kB
public/build/assets/edit-BhrtK6vs.js                                    14.99 kB │ gzip:   5.92 kB
public/build/assets/Show-BbrzLN1N.js                                    15.07 kB │ gzip:   5.83 kB
public/build/assets/Index-djCeSFig.js                                   15.14 kB │ gzip:   6.03 kB
public/build/assets/command-centre-hero-CE_bKG2W.js                     15.18 kB │ gzip:   6.16 kB
public/build/assets/staff-detail-BEIOh4uF.js                            15.22 kB │ gzip:   5.77 kB
public/build/assets/Review-D_nTQ2ME.js                                  15.22 kB │ gzip:   6.04 kB
public/build/assets/bonuses-BAUFv_sD.js                                 15.24 kB │ gzip:   6.17 kB
public/build/assets/reports-CgrbszE1.js                                 15.29 kB │ gzip:   5.83 kB
public/build/assets/overview-B2BGCt1Y.js                                15.29 kB │ gzip:   5.53 kB
public/build/assets/ProfitAndLoss-BZ8r6xKr.js                           15.31 kB │ gzip:   5.64 kB
public/build/assets/payslips-CkMVhYVn.js                                15.32 kB │ gzip:   5.53 kB
public/build/assets/terms-D7t_N7q3.js                                   15.36 kB │ gzip:   4.45 kB
public/build/assets/profile-NF5TEqWA.js                                 15.39 kB │ gzip:   5.49 kB
public/build/assets/show-DBbnf3lb.js                                    15.41 kB │ gzip:   6.15 kB
public/build/assets/contact-Bj2gc-P6.js                                 15.42 kB │ gzip:   4.92 kB
public/build/assets/webhooks-c7Rg7pav.js                                15.45 kB │ gzip:   5.28 kB
public/build/assets/Index-CSV2HnBp.js                                   15.47 kB │ gzip:   6.35 kB
public/build/assets/record-event-dialog-u2-euUXY.js                     15.54 kB │ gzip:   5.96 kB
public/build/assets/review-detail-_T_Uh5TC.js                           15.55 kB │ gzip:   6.19 kB
public/build/assets/Show-BDWS-lgF.js                                    15.57 kB │ gzip:   6.00 kB
public/build/assets/maintenance-health-BL3Nwr1B.js                      15.58 kB │ gzip:   6.13 kB
public/build/assets/Index-Bz2Tqsmb.js                                   15.59 kB │ gzip:   6.34 kB
public/build/assets/index-46b0SiUc.js                                   15.59 kB │ gzip:   6.48 kB
public/build/assets/shift-detail-dialog-DLCAYVxI.js                     15.63 kB │ gzip:   6.05 kB
public/build/assets/daily-note-wizard-DxLEkEfM.js                       15.63 kB │ gzip:   4.78 kB
public/build/assets/audit-CfxRVN46.js                                   15.64 kB │ gzip:   5.79 kB
public/build/assets/Index-CgvZK5rd.js                                   15.64 kB │ gzip:   5.82 kB
public/build/assets/incidents-z70fhSGh.js                               15.71 kB │ gzip:   5.75 kB
public/build/assets/Show-CpBqGRvT.js                                    15.83 kB │ gzip:   5.53 kB
public/build/assets/index-Bm-mssFN.js                                   15.83 kB │ gzip:   6.31 kB
public/build/assets/Show-CkFA1xsW.js                                    15.84 kB │ gzip:   5.81 kB
public/build/assets/appearance-DXec3aHL.js                              15.87 kB │ gzip:   4.84 kB
public/build/assets/my-hr-shoutout-spotlight-CQao_RA5.js                15.87 kB │ gzip:   5.91 kB
public/build/assets/Index-C8uouxBJ.js                                   15.92 kB │ gzip:   6.03 kB
public/build/assets/incidents-u1ec-26b.js                               15.92 kB │ gzip:   5.87 kB
public/build/assets/Index-BA8y3yBG.js                                   15.94 kB │ gzip:   5.91 kB
public/build/assets/matrix-C34WxPQ8.js                                  15.95 kB │ gzip:   6.19 kB
public/build/assets/breaches-BtOQcOhj.js                                16.02 kB │ gzip:   5.60 kB
public/build/assets/Index-a1PN_7Mk.js                                   16.05 kB │ gzip:   6.19 kB
public/build/assets/Assessments-D2oungKa.js                             16.05 kB │ gzip:   6.29 kB
public/build/assets/record-dose-wizard-CREyDdE3.js                      16.05 kB │ gzip:   5.37 kB
public/build/assets/RunResults-DzD-HICT.js                              16.11 kB │ gzip:   6.03 kB
public/build/assets/Settings-CrL_jkgo.js                                16.15 kB │ gzip:   6.05 kB
public/build/assets/show-Cdw5ep4E.js                                    16.16 kB │ gzip:   5.46 kB
public/build/assets/policy-wizards-BFTcRR8w.js                          16.17 kB │ gzip:   5.56 kB
public/build/assets/Shifts-BmSZqxC-.js                                  16.18 kB │ gzip:   6.16 kB
public/build/assets/notification-defaults-e-Muq_Qo.js                   16.20 kB │ gzip:   5.75 kB
public/build/assets/Calendar-ctIY-aa4.js                                16.22 kB │ gzip:   5.46 kB
public/build/assets/Show-CmTYLs4o.js                                    16.31 kB │ gzip:   5.08 kB
public/build/assets/location-DqYPZNjE.js                                16.33 kB │ gzip:   5.86 kB
public/build/assets/risk-management-ew9aA6Ed.js                         16.35 kB │ gzip:   6.27 kB
public/build/assets/observations-DuZ0mrC-.js                            16.37 kB │ gzip:   6.06 kB
public/build/assets/index-aSeKpDYA.js                                   16.38 kB │ gzip:   6.41 kB
public/build/assets/record-abc-dialog-C82JGxkM.js                       16.39 kB │ gzip:   5.81 kB
public/build/assets/Show-2Rb5NJ1W.js                                    16.46 kB │ gzip:   5.77 kB
public/build/assets/Create-C5ahgUOf.js                                  16.48 kB │ gzip:   6.19 kB
public/build/assets/api-BFSdf_xS.js                                     16.49 kB │ gzip:   4.99 kB
public/build/assets/Show-D4qaNwz9.js                                    16.52 kB │ gzip:   5.68 kB
public/build/assets/Protocols-Bn1Mm2Qs.js                               16.52 kB │ gzip:   6.09 kB
public/build/assets/Show-NOBUczb1.js                                    16.53 kB │ gzip:   5.81 kB
public/build/assets/leave-CxSf4eoQ.js                                   16.60 kB │ gzip:   6.96 kB
public/build/assets/documents-qyf4UV75.js                               16.63 kB │ gzip:   6.57 kB
public/build/assets/cost-allocation-CwbtinAl.js                         16.67 kB │ gzip:   5.94 kB
public/build/assets/index-CarbuW1t.js                                   16.69 kB │ gzip:   6.51 kB
public/build/assets/edit-5zLcxP-z.js                                    16.71 kB │ gzip:   6.16 kB
public/build/assets/family-notes-Dqw9edDI.js                            16.72 kB │ gzip:   6.19 kB
public/build/assets/Create-NYHS31_G.js                                  16.75 kB │ gzip:   6.44 kB
public/build/assets/Index-n8yW2D_L.js                                   16.76 kB │ gzip:   6.03 kB
public/build/assets/create-miwtzVZd.js                                  16.81 kB │ gzip:   5.86 kB
public/build/assets/charts-DbDIEWdX.js                                  16.83 kB │ gzip:   5.55 kB
public/build/assets/Show-Dofq4QZE.js                                    16.84 kB │ gzip:   5.95 kB
public/build/assets/note-detail-dialog-BU0vYao0.js                      16.91 kB │ gzip:   5.79 kB
public/build/assets/index-Ck4VAG5W.js                                   16.93 kB │ gzip:   7.12 kB
public/build/assets/maintenance-C7OF1Ffy.js                             16.93 kB │ gzip:   6.32 kB
public/build/assets/Index-DbsMk_6o.js                                   17.01 kB │ gzip:   6.84 kB
public/build/assets/Index-Be_joGrA.js                                   17.05 kB │ gzip:   6.74 kB
public/build/assets/Index-BXfGtx72.js                                   17.08 kB │ gzip:   6.66 kB
public/build/assets/Index-DUjkylGM.js                                   17.20 kB │ gzip:   6.21 kB
public/build/assets/index-6wReRGK9.js                                   17.21 kB │ gzip:   5.77 kB
public/build/assets/Index-JWTConBr.js                                   17.29 kB │ gzip:   6.57 kB
public/build/assets/leave-hub-tabs-D45fcSZt.js                          17.30 kB │ gzip:   5.81 kB
public/build/assets/worklists-DI98qatL.js                               17.31 kB │ gzip:   5.86 kB
public/build/assets/show-BcUA_gQm.js                                    17.31 kB │ gzip:   4.28 kB
public/build/assets/Create-BKG5McL2.js                                  17.36 kB │ gzip:   6.33 kB
public/build/assets/Show-BWy4fBot.js                                    17.40 kB │ gzip:   5.61 kB
public/build/assets/_dialogs-D-TpqHJw.js                                17.44 kB │ gzip:   5.55 kB
public/build/assets/edit-DDg72SU1.js                                    17.47 kB │ gzip:   6.29 kB
public/build/assets/show-joXU5mif.js                                    17.49 kB │ gzip:   6.22 kB
public/build/assets/view-timesheet-dialog-OK42AnNo.js                   17.49 kB │ gzip:   4.84 kB
public/build/assets/index-BFVhgFgu.js                                   17.50 kB │ gzip:   6.74 kB
public/build/assets/handover-detail-dialog-CK1QsASn.js                  17.54 kB │ gzip:   5.95 kB
public/build/assets/security-DOd3gwZM.js                                17.57 kB │ gzip:   6.05 kB
public/build/assets/reports-aorRquA3.js                                 17.61 kB │ gzip:   6.15 kB
public/build/assets/show-DXxEuVdD.js                                    17.62 kB │ gzip:   6.46 kB
public/build/assets/show-BSaUX8Rr.js                                    17.63 kB │ gzip:   6.41 kB
public/build/assets/Index-BQ40U01s.js                                   17.64 kB │ gzip:   6.64 kB
public/build/assets/_overview-dialogs-ii9Wl4sU.js                       17.65 kB │ gzip:   5.35 kB
public/build/assets/health-clinical-shell-DcdcBxjl.js                   17.73 kB │ gzip:   7.02 kB
public/build/assets/week-picker-Bkj6j1OP.js                             17.82 kB │ gzip:   6.89 kB
public/build/assets/payslip-detail-D8OqjEli.js                          17.84 kB │ gzip:   5.93 kB
public/build/assets/Edit-KdK9Mjtw.js                                    17.86 kB │ gzip:   6.81 kB
public/build/assets/dashboard-BzD-NvTT.js                               17.88 kB │ gzip:   6.80 kB
public/build/assets/index-Pc8cPIAA.js                                   17.89 kB │ gzip:   7.03 kB
public/build/assets/substance-wizard-dialog-C5nAKatR.js                 17.90 kB │ gzip:   6.29 kB
public/build/assets/Show-BY_7OxoE.js                                    17.90 kB │ gzip:   5.64 kB
public/build/assets/Edit-BGKAeG2G.js                                    18.01 kB │ gzip:   6.59 kB
public/build/assets/index-Btv0s268.js                                   18.07 kB │ gzip:   2.18 kB
public/build/assets/index-DD1L5vRq.js                                   18.08 kB │ gzip:   4.72 kB
public/build/assets/index-CrdGmC-o.js                                   18.12 kB │ gzip:   6.76 kB
public/build/assets/shift-coverage-Dumj3-Hw.js                          18.14 kB │ gzip:   6.40 kB
public/build/assets/Index-D6wTV4f7.js                                   18.14 kB │ gzip:   6.92 kB
public/build/assets/index-J2q1Hjws.js                                   18.16 kB │ gzip:   6.39 kB
public/build/assets/book-vehicle-wizard-DE1d_RNG.js                     18.17 kB │ gzip:   5.49 kB
public/build/assets/daily-notes-YVoSLUq-.js                             18.21 kB │ gzip:   6.72 kB
public/build/assets/schedule-CRnrNKl5.js                                18.22 kB │ gzip:   6.21 kB
public/build/assets/index-CN5si2GS.js                                   18.31 kB │ gzip:   7.07 kB
public/build/assets/directory-BwERSfsa.js                               18.31 kB │ gzip:   6.17 kB
public/build/assets/Index-DypGNrqs.js                                   18.34 kB │ gzip:   7.23 kB
public/build/assets/show-BpQBqU-V.js                                    18.35 kB │ gzip:   6.67 kB
public/build/assets/chains-B2gKv5r9.js                                  18.39 kB │ gzip:   6.46 kB
public/build/assets/BudgetVsActuals-m02MFxKR.js                         18.41 kB │ gzip:   6.40 kB
public/build/assets/announcement-wizard-DOaEI6mx.js                     18.46 kB │ gzip:   6.36 kB
public/build/assets/show-review-DouimO0X.js                             18.49 kB │ gzip:   6.66 kB
public/build/assets/show-B5e525UW.js                                    18.51 kB │ gzip:   6.50 kB
public/build/assets/audit-logs-Dr8U40ef.js                              18.53 kB │ gzip:   7.00 kB
public/build/assets/Edit-CIfpq2s0.js                                    18.56 kB │ gzip:   6.96 kB
public/build/assets/ppe-detail-dialog-Bx4HMOqa.js                       18.80 kB │ gzip:   6.40 kB
public/build/assets/integrations-CS9XuU7R.js                            18.85 kB │ gzip:   6.49 kB
public/build/assets/show-D7mYVwyQ.js                                    18.86 kB │ gzip:   6.95 kB
public/build/assets/_recipes-panel-pMFrLpWW.js                          18.90 kB │ gzip:   6.00 kB
public/build/assets/edit-BbpoOgdY.js                                    18.90 kB │ gzip:   6.72 kB
public/build/assets/two-factor-DLJeDRev.js                              18.91 kB │ gzip:   7.01 kB
public/build/assets/goals-C3KN1jKV.js                                   18.92 kB │ gzip:   6.55 kB
public/build/assets/index-BQQFuR-9.js                                   18.98 kB │ gzip:   7.34 kB
public/build/assets/index-DkZZskyu.js                                   18.99 kB │ gzip:   6.48 kB
public/build/assets/escalations-BlG382fy.js                             19.14 kB │ gzip:   7.98 kB
public/build/assets/index-CBt4bmh2.js                                   19.16 kB │ gzip:   7.29 kB
public/build/assets/calendar-sync-Crycj7kn.js                           19.18 kB │ gzip:   7.25 kB
public/build/assets/Edit-CVs0pBYr.js                                    19.24 kB │ gzip:   7.20 kB
public/build/assets/show-BCPoxfxn.js                                    19.26 kB │ gzip:   6.62 kB
public/build/assets/training-DtWc_t34.js                                19.33 kB │ gzip:   6.38 kB
public/build/assets/Show-BY5kmq6G.js                                    19.34 kB │ gzip:   6.84 kB
public/build/assets/Show-ijzpnOVC.js                                    19.36 kB │ gzip:   7.07 kB
public/build/assets/show-DpXk1mze.js                                    19.39 kB │ gzip:   7.31 kB
public/build/assets/Behaviour-Dp8EJpe-.js                               19.47 kB │ gzip:   6.81 kB
public/build/assets/index-kWxSC1wv.js                                   19.52 kB │ gzip:   7.59 kB
public/build/assets/_templates-panel-1wMfxY1T.js                        19.54 kB │ gzip:   5.99 kB
public/build/assets/CashFlow-BRRuWE3E.js                                19.56 kB │ gzip:   6.95 kB
public/build/assets/index-9ZmTqQ8p.js                                   19.61 kB │ gzip:   7.25 kB
public/build/assets/Create-B29tHWKX.js                                  19.65 kB │ gzip:   7.21 kB
public/build/assets/Index-9bmmcacb.js                                   19.71 kB │ gzip:   6.82 kB
public/build/assets/edit-BRv0s7OE.js                                    19.79 kB │ gzip:   7.34 kB
public/build/assets/broadcast-Dy1Ea-6b.js                               19.87 kB │ gzip:   7.65 kB
public/build/assets/dashboard-e85OZwGj.js                               19.90 kB │ gzip:   7.35 kB
public/build/assets/index-CdoVY9qU.js                                   19.96 kB │ gzip:   7.19 kB
public/build/assets/stats-DgvTilDT.js                                   19.97 kB │ gzip:   6.33 kB
public/build/assets/features-DqOCw6oF.js                                19.98 kB │ gzip:   5.23 kB
public/build/assets/index-CUxmzekD.js                                   20.01 kB │ gzip:   6.93 kB
public/build/assets/Create-ChX1WBjR.js                                  20.03 kB │ gzip:   6.94 kB
public/build/assets/show-CaBrzepA.js                                    20.12 kB │ gzip:   7.39 kB
public/build/assets/medications-P8yRq0mq.js                             20.21 kB │ gzip:   7.05 kB
public/build/assets/shifts-yIl8TVU9.js                                  20.22 kB │ gzip:   6.62 kB
public/build/assets/Index-hIc1aL39.js                                   20.31 kB │ gzip:   7.41 kB
public/build/assets/calendar-DCFYLq-Z.js                                20.37 kB │ gzip:   6.61 kB
public/build/assets/Index-C6TUG0Mm.js                                   20.45 kB │ gzip:   7.82 kB
public/build/assets/note-wizard-3eXdNa5J.js                             20.51 kB │ gzip:   6.58 kB
public/build/assets/show-5FqXsmvG.js                                    20.57 kB │ gzip:   6.95 kB
public/build/assets/_library-dialogs-9Gaccb-Y.js                        20.59 kB │ gzip:   5.61 kB
public/build/assets/index-CC0m0iqa.js                                   20.65 kB │ gzip:   8.44 kB
public/build/assets/Edit-D_jRvdlj.js                                    20.67 kB │ gzip:   7.65 kB
public/build/assets/_error-dialogs-C7AST28B.js                          20.68 kB │ gzip:   7.30 kB
public/build/assets/index-BkrcwAWd.js                                   20.70 kB │ gzip:   7.53 kB
public/build/assets/map-9ocaD3Je.js                                     20.71 kB │ gzip:   6.45 kB
public/build/assets/history-Cb6EPjQS.js                                 20.80 kB │ gzip:   7.17 kB
public/build/assets/create-DjsIDGYh.js                                  20.82 kB │ gzip:   6.96 kB
public/build/assets/shift-notes-dialog-BC3GvAWK.js                      20.84 kB │ gzip:   7.80 kB
public/build/assets/balances-CvdmEm-n.js                                20.85 kB │ gzip:   8.38 kB
public/build/assets/show-ChV928Iq.js                                    20.96 kB │ gzip:   7.36 kB
public/build/assets/show-Crk5nK-J.js                                    20.96 kB │ gzip:   7.61 kB
public/build/assets/record-observation-dialog-DlcFBCcT.js               20.96 kB │ gzip:   8.11 kB
public/build/assets/create-D0iidBtw.js                                  21.06 kB │ gzip:   6.07 kB
public/build/assets/Index-Bf5qxYMx.js                                   21.10 kB │ gzip:   8.07 kB
public/build/assets/add-device-dialog-CYIQSIGs.js                       21.12 kB │ gzip:   7.34 kB
public/build/assets/Index-C1q6xXDu.js                                   21.15 kB │ gzip:   7.77 kB
public/build/assets/index-COYhhRFb.js                                   21.21 kB │ gzip:   7.21 kB
public/build/assets/Reconcile-DJqNJiOj.js                               21.35 kB │ gzip:   6.98 kB
public/build/assets/Events-BnSGmNmJ.js                                  21.37 kB │ gzip:   7.84 kB
public/build/assets/provisioning-command-dialog-BAf4cb9H.js             21.45 kB │ gzip:   8.31 kB
public/build/assets/index-K73-rfId.js                                   21.49 kB │ gzip:   7.88 kB
public/build/assets/create-B0WtMrFf.js                                  21.49 kB │ gzip:   8.56 kB
public/build/assets/calendar-vbCEkrMR.js                                21.50 kB │ gzip:   6.68 kB
public/build/assets/edit-BgBaRWIn.js                                    21.54 kB │ gzip:   7.19 kB
public/build/assets/Index-DQ1EmAQF.js                                   21.59 kB │ gzip:   7.94 kB
public/build/assets/_dialogs-8mh7KXhZ.js                                21.64 kB │ gzip:   7.66 kB
public/build/assets/parts-XAFuUm7J.js                                   21.65 kB │ gzip:   6.76 kB
public/build/assets/performance-wizards-BHYX6Xi1.js                     21.79 kB │ gzip:   7.44 kB
public/build/assets/create-CapSmRM-.js                                  21.83 kB │ gzip:   7.25 kB
public/build/assets/review-builder-dialog-BIXwe4q7.js                   21.89 kB │ gzip:   7.70 kB
public/build/assets/show-ku2rjYqh.js                                    22.05 kB │ gzip:   7.23 kB
public/build/assets/ppe-create-wizards-Cl3MvZhb.js                      22.05 kB │ gzip:   7.37 kB
public/build/assets/Edit-bMw3z4EL.js                                    22.15 kB │ gzip:   7.82 kB
public/build/assets/home-CBZzj3HI.js                                    22.25 kB │ gzip:   5.38 kB
public/build/assets/payslips-uPGojEUv.js                                22.33 kB │ gzip:   6.63 kB
public/build/assets/Index-CfxlbPtn.js                                   22.37 kB │ gzip:   7.74 kB
public/build/assets/incidents-Dmu85VIk.js                               22.51 kB │ gzip:   8.37 kB
public/build/assets/notifications-B7NtIAMd.js                           22.70 kB │ gzip:   8.11 kB
public/build/assets/Index-BotuZqwS.js                                   22.75 kB │ gzip:   8.38 kB
public/build/assets/_review-dialogs-C0_mXlnn.js                         22.77 kB │ gzip:   7.32 kB
public/build/assets/Show-BgD5o1rG.js                                    22.78 kB │ gzip:   7.77 kB
public/build/assets/index-CRkL60Ey.js                                   22.92 kB │ gzip:   7.92 kB
public/build/assets/Index-BKYuJ_76.js                                   22.92 kB │ gzip:   7.58 kB
public/build/assets/personal-details-DIOIh59I.js                        23.03 kB │ gzip:   7.97 kB
public/build/assets/unifi-32fj_cIq.js                                   23.03 kB │ gzip:   6.95 kB
public/build/assets/show-BpRlVQ9J.js                                    23.06 kB │ gzip:   7.48 kB
public/build/assets/_competency-dialogs-DTYEYsoQ.js                     23.20 kB │ gzip:   7.76 kB
public/build/assets/Show-BtKxWRWL.js                                    23.21 kB │ gzip:   7.08 kB
public/build/assets/resident-sidebar-BcFCQQfK.js                        23.21 kB │ gzip:   8.32 kB
public/build/assets/show-CTjfGPy4.js                                    23.38 kB │ gzip:   7.27 kB
public/build/assets/one-DXCy-OO9.js                                     23.71 kB │ gzip:   8.17 kB
public/build/assets/Create-DW56y647.js                                  23.84 kB │ gzip:   7.77 kB
public/build/assets/analytics-charts-D1q9QUCs.js                        24.03 kB │ gzip:   6.47 kB
public/build/assets/Create-BUeRHwPO.js                                  24.06 kB │ gzip:   8.66 kB
public/build/assets/Show-BWVt0yrZ.js                                    24.19 kB │ gzip:   8.05 kB
public/build/assets/page-hero-DY3CZepQ.js                               24.23 kB │ gzip:   7.29 kB
public/build/assets/mar-governance-dialogs-BOp--FXV.js                  24.32 kB │ gzip:   7.56 kB
public/build/assets/Index-B-jDgIln.js                                   24.39 kB │ gzip:   9.54 kB
public/build/assets/automations-BikQ3bJG.js                             24.44 kB │ gzip:   7.47 kB
public/build/assets/Index-C9SaYfWz.js                                   24.58 kB │ gzip:   8.57 kB
public/build/assets/Index-bE9Wt1D9.js                                   24.61 kB │ gzip:   9.32 kB
public/build/assets/index-CzihLiO4.js                                   24.67 kB │ gzip:   8.02 kB
public/build/assets/restraint-event-wizard-C6YuIdgD.js                  24.76 kB │ gzip:   8.04 kB
public/build/assets/Medications-C4Ig0mEt.js                             24.85 kB │ gzip:   9.01 kB
public/build/assets/Index-C2Tr9m69.js                                   25.02 kB │ gzip:   7.72 kB
public/build/assets/sso-Bs8x0j_x.js                                     25.10 kB │ gzip:   7.80 kB
public/build/assets/index-DoqbAKEW.js                                   25.13 kB │ gzip:   9.50 kB
public/build/assets/index-KfpnEffi.js                                   25.13 kB │ gzip:   8.75 kB
public/build/assets/objective-wizard-DvZuPqAN.js                        25.18 kB │ gzip:   7.13 kB
public/build/assets/it-mailbox-DVmzx5W9.js                              25.25 kB │ gzip:   8.55 kB
public/build/assets/Reviews-Dukdwq5D.js                                 25.46 kB │ gzip:   8.59 kB
public/build/assets/milesight-CS7_uELZ.js                               25.49 kB │ gzip:   8.34 kB
public/build/assets/create-offer-DY0zJUG5.js                            25.53 kB │ gzip:   8.65 kB
public/build/assets/Show-cttPg5mW.js                                    25.53 kB │ gzip:   9.07 kB
public/build/assets/dashboard-sWidULnj.js                               25.65 kB │ gzip:   7.89 kB
public/build/assets/index-DNtXQqG6.js                                   25.96 kB │ gzip:   8.85 kB
public/build/assets/show-CSn7vLDl.js                                    26.03 kB │ gzip:   8.84 kB
public/build/assets/create-BwrptVIz.js                                  26.09 kB │ gzip:   7.19 kB
public/build/assets/show-C6UncRQb.js                                    26.13 kB │ gzip:   7.50 kB
public/build/assets/vendor-utils-Dr6D9L7d.js                            26.13 kB │ gzip:   8.47 kB
public/build/assets/record-assessment-dialog-D7FjWTWO.js                26.21 kB │ gzip:   9.52 kB
public/build/assets/documents-wizards-DnEhu0Ze.js                       26.26 kB │ gzip:   9.26 kB
public/build/assets/_dialogs-DAUj99OD.js                                26.35 kB │ gzip:   8.34 kB
public/build/assets/transport-medication-dialogs-BWBDv3-a.js            26.38 kB │ gzip:   6.09 kB
public/build/assets/Handovers-wxQgrP4p.js                               26.39 kB │ gzip:  10.29 kB
public/build/assets/_dialogs-DuwkVjNo.js                                26.58 kB │ gzip:   8.56 kB
public/build/assets/index-htRXpolg.js                                   26.72 kB │ gzip:   9.51 kB
public/build/assets/show-CDJV2Fkf.js                                    26.76 kB │ gzip:   8.89 kB
public/build/assets/index-BLJifPKS.js                                   27.00 kB │ gzip:   9.33 kB
public/build/assets/SelfAdmin-COYzBKxq.js                               27.02 kB │ gzip:   8.93 kB
public/build/assets/leave-request-dialog-B_27hCfV.js                    27.28 kB │ gzip:   9.07 kB
public/build/assets/show-C8ZP_bEs.js                                    27.29 kB │ gzip:   9.61 kB
public/build/assets/dashboard-jvE7YbcU.js                               27.35 kB │ gzip:   7.61 kB
public/build/assets/page-header-DyR7yvZ1.js                             27.37 kB │ gzip:   8.42 kB
public/build/assets/index-B66NU6-W.js                                   27.41 kB │ gzip:   9.61 kB
public/build/assets/Index-2j2UoSbn.js                                   27.50 kB │ gzip:   9.58 kB
public/build/assets/edit-A2gOkw4Q.js                                    27.51 kB │ gzip:   9.14 kB
public/build/assets/care-support-plan-DwassER7.js                       27.67 kB │ gzip:   9.14 kB
public/build/assets/index-CJVZ0qyt.js                                   27.81 kB │ gzip:   8.99 kB
public/build/assets/index-Csnxbpoz.js                                   27.82 kB │ gzip:   9.30 kB
public/build/assets/asset-wizard-dialog-B3QB5Shg.js                     27.83 kB │ gzip:   9.19 kB
public/build/assets/Show-DsDnMAvA.js                                    28.04 kB │ gzip:   9.27 kB
public/build/assets/smart-monitoring-Bn-ABOl_.js                        28.05 kB │ gzip:   6.48 kB
public/build/assets/show-C94Jooa_.js                                    28.05 kB │ gzip:   9.81 kB
public/build/assets/index-DaHJcjxa.js                                   28.15 kB │ gzip:   9.03 kB
public/build/assets/show-Bnr0i42N.js                                    28.36 kB │ gzip:   8.38 kB
public/build/assets/index-teFNjxSx.js                                   28.37 kB │ gzip:   8.48 kB
public/build/assets/show-DxQ1455m.js                                    28.44 kB │ gzip:  10.19 kB
public/build/assets/Create-Cir8iV4e.js                                  28.70 kB │ gzip:  10.01 kB
public/build/assets/_self-admin-dialogs-fnOfkxfh.js                     28.81 kB │ gzip:   9.49 kB
public/build/assets/guided-round-dialog-CwFCUxy6.js                     29.15 kB │ gzip:   9.60 kB
public/build/assets/templates-DlrQGvH7.js                               29.20 kB │ gzip:  10.36 kB
public/build/assets/Show-BQtT5pDr.js                                    29.22 kB │ gzip:   8.28 kB
public/build/assets/documents-CY0oGePt.js                               29.30 kB │ gzip:   9.08 kB
public/build/assets/Create-VSnHWLkS.js                                  29.40 kB │ gzip:   8.99 kB
public/build/assets/index-B4TAlvxg.js                                   29.48 kB │ gzip:   9.62 kB
public/build/assets/show-BQAEjhjm.js                                    29.89 kB │ gzip:   9.65 kB
public/build/assets/run-modal-D2AfgM2X.js                               30.05 kB │ gzip:  10.26 kB
public/build/assets/_dialogs-sTIR-aZW.js                                30.07 kB │ gzip:  10.03 kB
public/build/assets/Show-C1H8gLtH.js                                    30.13 kB │ gzip:  10.10 kB
public/build/assets/Competency-KfKb1sGS.js                              30.17 kB │ gzip:  10.12 kB
public/build/assets/procedure-detail-dialog-CLEuG5K1.js                 30.20 kB │ gzip:   9.62 kB
public/build/assets/MedicationErrors-BW875l1X.js                        30.46 kB │ gzip:  11.06 kB
public/build/assets/access-DSWrkwNK.js                                  30.67 kB │ gzip:  10.04 kB
public/build/assets/index-DiuSFHmf.js                                   30.90 kB │ gzip:  10.55 kB
public/build/assets/_hero-BR4P8ohp.js                                   30.94 kB │ gzip:   9.76 kB
public/build/assets/_shopping-list-panel-g89eKw2m.js                    31.35 kB │ gzip:  11.00 kB
public/build/assets/notification-escalations-DoRIz59a.js                31.74 kB │ gzip:   9.88 kB
public/build/assets/email-settings-BP9qRdEX.js                          31.84 kB │ gzip:  10.16 kB
public/build/assets/_dialogs-qF4dIB9U.js                                31.87 kB │ gzip:   9.50 kB
public/build/assets/_stock-dialogs-M6GA3-GC.js                          31.91 kB │ gzip:   9.55 kB
public/build/assets/access-BP375rMv.js                                  32.14 kB │ gzip:  11.43 kB
public/build/assets/index-Do-zPCxs.js                                   32.60 kB │ gzip:  11.82 kB
public/build/assets/index-YPxQLPHe.js                                   33.20 kB │ gzip:  11.42 kB
public/build/assets/_dialogs-DDYvQnK2.js                                33.24 kB │ gzip:  10.69 kB
public/build/assets/_dialogs-DasLU6aZ.js                                33.63 kB │ gzip:  10.31 kB
public/build/assets/index-DitN_YGB.js                                   33.69 kB │ gzip:  11.49 kB
public/build/assets/index-BThXUa5K.js                                   34.06 kB │ gzip:  12.10 kB
public/build/assets/show-CtoqL7Bk.js                                    34.37 kB │ gzip:  10.50 kB
public/build/assets/Destructions-Ccd3ezqm.js                            34.38 kB │ gzip:  12.27 kB
public/build/assets/medical-CXosddUt.js                                 34.45 kB │ gzip:   7.72 kB
public/build/assets/index-CDWheo7x.js                                   34.76 kB │ gzip:  11.77 kB
public/build/assets/Index-BRy8vQ9Z.js                                   34.88 kB │ gzip:  11.40 kB
public/build/assets/_prescription-dialogs-rUYbCNCM.js                   35.13 kB │ gzip:   9.94 kB
public/build/assets/documents-CWj1-lWB.js                               35.20 kB │ gzip:  11.31 kB
public/build/assets/_cd-dialogs-HXl5ZzCa.js                             35.36 kB │ gzip:   9.45 kB
public/build/assets/index-CkVIeq4U.js                                   35.44 kB │ gzip:  12.26 kB
public/build/assets/index-DpAvBZq4.js                                   36.16 kB │ gzip:  11.61 kB
public/build/assets/messages-B7tm1SGn.js                                36.19 kB │ gzip:  11.71 kB
public/build/assets/Show-Ddr8U7Ce.js                                    36.37 kB │ gzip:  11.99 kB
public/build/assets/reviews-Cuiwwi5c.js                                 36.47 kB │ gzip:  11.45 kB
public/build/assets/documents-BjbplNqZ.js                               36.82 kB │ gzip:  11.71 kB
public/build/assets/handover-30bAu4wX.js                                36.93 kB │ gzip:  11.65 kB
public/build/assets/Create--WIDQ-kh.js                                  36.94 kB │ gzip:  11.93 kB
public/build/assets/index-6Z1ffnXt.js                                   37.25 kB │ gzip:  11.56 kB
public/build/assets/index-bOJ8mrjl.js                                   37.37 kB │ gzip:  12.03 kB
public/build/assets/global-CgDIpwK9.js                                  37.54 kB │ gzip:  12.50 kB
public/build/assets/index-C_8tdzsU.js                                   37.76 kB │ gzip:  14.44 kB
public/build/assets/_inspector-CK_Ria4h.js                              37.91 kB │ gzip:  11.52 kB
public/build/assets/Reports-Dmy25fHg.js                                 38.14 kB │ gzip:  12.76 kB
public/build/assets/hazard-register-B55LMdnv.js                         38.49 kB │ gzip:  12.71 kB
public/build/assets/Show-Co201HVF.js                                    39.06 kB │ gzip:  11.24 kB
public/build/assets/index-DxZNWkP7.js                                   39.21 kB │ gzip:  12.92 kB
public/build/assets/index-CEpKHAA3.js                                   39.59 kB │ gzip:  12.93 kB
public/build/assets/show-DFZ5ltL4.js                                    40.24 kB │ gzip:  13.82 kB
public/build/assets/index-ESqP59JX.js                                   40.49 kB │ gzip:  13.97 kB
public/build/assets/index-C-T8WIoz.js                                   40.50 kB │ gzip:  14.57 kB
public/build/assets/index-DXYciDOs.js                                   40.52 kB │ gzip:  13.21 kB
public/build/assets/case-wizards-Bxic2nve.js                            40.74 kB │ gzip:  11.63 kB
public/build/assets/compliance-wizards-hqr625Iu.js                      40.85 kB │ gzip:  12.73 kB
public/build/assets/index-DOP7ch23.js                                   40.87 kB │ gzip:  14.21 kB
public/build/assets/index-BhMuHnIQ.js                                   41.17 kB │ gzip:  13.98 kB
public/build/assets/Dashboard-BCs310Jc.js                               41.22 kB │ gzip:  14.57 kB
public/build/assets/bands-DcUBARAb.js                                   41.29 kB │ gzip:  14.20 kB
public/build/assets/_dialogs-DDvmGm0v.js                                41.37 kB │ gzip:  12.04 kB
public/build/assets/Edit-Yfkvyvji.js                                    41.39 kB │ gzip:  13.16 kB
public/build/assets/profile-DebLfhsF.js                                 41.48 kB │ gzip:  13.96 kB
public/build/assets/index-kJCKQHGw.js                                   41.66 kB │ gzip:  15.03 kB
public/build/assets/app-layout-9q4rj_x_.js                              41.79 kB │ gzip:  13.11 kB
public/build/assets/show-4mkTUWT1.js                                    42.13 kB │ gzip:  13.37 kB
public/build/assets/discovery-CB9-E-eW.js                               42.15 kB │ gzip:  12.80 kB
public/build/assets/index-CP7KGR8S.js                                   42.32 kB │ gzip:  13.62 kB
public/build/assets/sso-config-Cu_Dfr2g.js                              42.36 kB │ gzip:  13.74 kB
public/build/assets/handover-wizard-BiJ2M8A8.js                         43.04 kB │ gzip:  13.62 kB
public/build/assets/core.esm-D5j4X1h1.js                                43.17 kB │ gzip:  14.39 kB
public/build/assets/service-contexts-6Qmtik1I.js                        43.26 kB │ gzip:  13.81 kB
public/build/assets/StockManagement-DQqArFyX.js                         43.42 kB │ gzip:  12.93 kB
public/build/assets/Dashboard-FJ3Hy9wB.js                               43.84 kB │ gzip:  10.69 kB
public/build/assets/Index-D17fPRUJ.js                                   43.86 kB │ gzip:  15.03 kB
public/build/assets/show-6UT-Z5fZ.js                                    43.88 kB │ gzip:  12.96 kB
public/build/assets/show-BB-4bt1V.js                                    43.90 kB │ gzip:  14.81 kB
public/build/assets/show-CQKqxmt1.js                                    43.91 kB │ gzip:  14.82 kB
public/build/assets/branding-DIl1xIPa.js                                44.32 kB │ gzip:  13.79 kB
public/build/assets/_canvas-CYoz5A9t.js                                 44.48 kB │ gzip:  12.88 kB
public/build/assets/AuditLog-C8jgkHem.js                                44.89 kB │ gzip:  15.11 kB
public/build/assets/index-Ct9AOxS7.js                                   45.17 kB │ gzip:  12.83 kB
public/build/assets/asset-wizards-C7APuypO.js                           45.19 kB │ gzip:  13.10 kB
public/build/assets/MarCharts-BVZee9aj.js                               45.25 kB │ gzip:  15.63 kB
public/build/assets/Prescriptions-Cf32-1_H.js                           45.94 kB │ gzip:  13.89 kB
public/build/assets/incident-detail-dialog-Cn4GUat4.js                  47.33 kB │ gzip:  14.29 kB
public/build/assets/Rounds-C4VwKLRK.js                                  47.80 kB │ gzip:  14.97 kB
public/build/assets/drill-detail-dialog-C2qOnAvm.js                     47.88 kB │ gzip:  13.52 kB
public/build/assets/incident-report-dialog-BbB8eFFA.js                  48.28 kB │ gzip:  15.87 kB
public/build/assets/index-DKiAl-lf.js                                   48.59 kB │ gzip:  15.51 kB
public/build/assets/index-BD94fozr.js                                   48.85 kB │ gzip:  14.98 kB
public/build/assets/create-shift-dialog-W8zvx0hg.js                     49.10 kB │ gzip:  14.23 kB
public/build/assets/Show-DVVYE6mZ.js                                    49.20 kB │ gzip:  13.01 kB
public/build/assets/_wizard-D7BngfXX.js                                 49.42 kB │ gzip:  15.34 kB
public/build/assets/Show-Cy9nm4CU.js                                    49.73 kB │ gzip:  13.79 kB
public/build/assets/welcome-CEDefeRY.js                                 50.21 kB │ gzip:   9.57 kB
public/build/assets/index-wj33E0sl.js                                   50.64 kB │ gzip:  15.90 kB
public/build/assets/index-D3XQvZuM.js                                   51.45 kB │ gzip:  15.81 kB
public/build/assets/family-dashboard-CF7wiRH9.js                        51.53 kB │ gzip:  14.93 kB
public/build/assets/ra-wizard-dialog-CcgXszJw.js                        51.97 kB │ gzip:  16.28 kB
public/build/assets/index-C5--OlPF.js                                   52.46 kB │ gzip:  15.85 kB
public/build/assets/hazard-detail-dialog-DwYEwBRA.js                    52.62 kB │ gzip:  15.18 kB
public/build/assets/_parts-Dj5_SLC4.js                                  52.71 kB │ gzip:  17.07 kB
public/build/assets/settings-BqpQkIQR.js                                52.89 kB │ gzip:  15.37 kB
public/build/assets/CockpitLayout-7RTUMHWS.js                           54.04 kB │ gzip:  15.22 kB
public/build/assets/index-BNetx_f8.js                                   56.10 kB │ gzip:  18.96 kB
public/build/assets/device-profile-sections-CJ2glrFq.js                 58.15 kB │ gzip:  16.94 kB
public/build/assets/dashboard-CMoPwzCy.js                               58.31 kB │ gzip:  16.78 kB
public/build/assets/show-BUQqhWZv.js                                    58.75 kB │ gzip:  20.04 kB
public/build/assets/Index-BPDXiawP.js                                   59.54 kB │ gzip:  18.97 kB
public/build/assets/medical-DzqX3Lud.js                                 59.79 kB │ gzip:  11.89 kB
public/build/assets/my-hr-shell-BeJk0ZQh.js                             59.82 kB │ gzip:  18.81 kB
public/build/assets/PrnRecords-BUZCik7s.js                              60.33 kB │ gzip:  18.51 kB
public/build/assets/settings-CpfniOtt.js                                62.88 kB │ gzip:  17.05 kB
public/build/assets/Show-cQIvKkj_.js                                    63.09 kB │ gzip:  17.60 kB
public/build/assets/index--GbV1nCK.js                                   63.97 kB │ gzip:  19.20 kB
public/build/assets/dashboard-Cg-Sw4PW.js                               64.06 kB │ gzip:  20.20 kB
public/build/assets/data-XYcozx2K.js                                    64.20 kB │ gzip:  13.82 kB
public/build/assets/monitoring-BjLVL-_s.js                              65.37 kB │ gzip:  19.38 kB
public/build/assets/ControlledDrugs-B8acdOJI.js                         65.39 kB │ gzip:  20.24 kB
public/build/assets/catalog-DKBX8Sqh.js                                 66.31 kB │ gzip:  17.55 kB
public/build/assets/conflicts-DiT2p73T.js                               66.55 kB │ gzip:  21.30 kB
public/build/assets/show-Ctx-FU0w.js                                    67.42 kB │ gzip:  14.96 kB
public/build/assets/show-9XsKOh_J.js                                    68.22 kB │ gzip:  20.17 kB
public/build/assets/index-1hl3rFQm.js                                   68.62 kB │ gzip:  21.26 kB
public/build/assets/index-Bd3g2j9P.js                                   69.01 kB │ gzip:  21.73 kB
public/build/assets/analytics-CzKqQfYM.js                               70.21 kB │ gzip:  23.74 kB
public/build/assets/concern-dialog-BjaLzJfA.js                          72.33 kB │ gzip:  20.09 kB
public/build/assets/legacy-profile-sections-yS3p_69r.js                 72.99 kB │ gzip:  19.50 kB
public/build/assets/show-DYg4neQG.js                                    73.87 kB │ gzip:  22.92 kB
public/build/assets/SiteCalendar-CIRkOcPt.js                            76.96 kB │ gzip:  24.14 kB
public/build/assets/index-w-y3CKCh.js                                   77.04 kB │ gzip:  22.39 kB
public/build/assets/_calendar-grid-CK2xkn72.js                          77.48 kB │ gzip:  22.96 kB
public/build/assets/index-0Yb-zozC.js                                   77.86 kB │ gzip:  23.64 kB
public/build/assets/index-wIUHxFNp.js                                   80.19 kB │ gzip:  23.18 kB
public/build/assets/index-DWg1wFpO.js                                   81.26 kB │ gzip:  24.31 kB
public/build/assets/_create-dialog-C_CRSHQO.js                          82.00 kB │ gzip:  27.51 kB
public/build/assets/staff-page-shell-BJRkQ_fr.js                        82.77 kB │ gzip:  24.83 kB
public/build/assets/index-CCTMA0Bx.js                                   83.38 kB │ gzip:  27.06 kB
public/build/assets/index-Ba12VXFL.js                                   86.63 kB │ gzip:  24.82 kB
public/build/assets/index-qsTyWWFB.js                                   88.36 kB │ gzip:  27.12 kB
public/build/assets/Index-DP0p2Y-c.js                                   88.43 kB │ gzip:  26.67 kB
public/build/assets/index-CCJ-UgBC.js                                   94.53 kB │ gzip:  28.04 kB
public/build/assets/show-ylLJi0ys.js                                    99.19 kB │ gzip:  25.83 kB
public/build/assets/ticket-intake-fields-CBgKKmhO.js                   102.64 kB │ gzip:  30.28 kB
public/build/assets/index-B08WoIfq.js                                  103.05 kB │ gzip:  30.96 kB
public/build/assets/index-D70-p7da.js                                  103.97 kB │ gzip:  31.55 kB
public/build/assets/index-B4IyNkoY.js                                  107.02 kB │ gzip:  31.28 kB
public/build/assets/queclink-hub-Jygo8Wp4.js                           109.34 kB │ gzip:  33.49 kB
public/build/assets/index-BtOSamdT.js                                  111.54 kB │ gzip:  30.40 kB
public/build/assets/ticket-reopen-dialog-CRuUzhYh.js                   127.15 kB │ gzip:  40.12 kB
public/build/assets/workspace-Bqp69ha6.js                              128.30 kB │ gzip:  38.70 kB
public/build/assets/knowledge-revision-dialog-Ongzl5RP.js              135.50 kB │ gzip:  43.77 kB
public/build/assets/event-detail-dialog-Bqb6qPOT.js                    148.01 kB │ gzip:  38.85 kB
public/build/assets/vendor-maps-CTUbLoeq.js                            149.92 kB │ gzip:  43.49 kB
public/build/assets/index-CJRq7i10.js                                  155.58 kB │ gzip:  42.42 kB
public/build/assets/index-MBDhfbwN.js                                  155.77 kB │ gzip:  45.21 kB
public/build/assets/alert-workspace-dialog-rvkABjT_.js                 158.04 kB │ gzip:  44.30 kB
public/build/assets/index-DsoWubsU.js                                  159.31 kB │ gzip:  45.00 kB
public/build/assets/index-CzXlSVVR.js                                  188.90 kB │ gzip:  56.25 kB
public/build/assets/vendor-react-C99fm9h8.js                           193.87 kB │ gzip:  60.86 kB
public/build/assets/vendor-inertia-DPCroW5n.js                         195.03 kB │ gzip:  65.82 kB
public/build/assets/category-Xy6QUuRo.js                               206.34 kB │ gzip:  51.85 kB
public/build/assets/index-Cvyx6BAJ.js                                  211.78 kB │ gzip:  67.31 kB
public/build/assets/vendor-calendar-NWT3TLWG.js                        267.92 kB │ gzip:  79.12 kB
public/build/assets/vendor-ui-DevAZT0p.js                              276.38 kB │ gzip:  76.70 kB
public/build/assets/show-ZyZznYL0.js                                   283.39 kB │ gzip:  85.62 kB
public/build/assets/show-BDPFHiYL.js                                   286.70 kB │ gzip:  80.47 kB
public/build/assets/index-DuqkPRl_.js                                  318.98 kB │ gzip:  88.35 kB
public/build/assets/vendor-charts-DxVDTmNl.js                          398.57 kB │ gzip: 115.53 kB
public/build/assets/app-DfZge-nd.js                                    477.46 kB │ gzip:  79.78 kB
✓ built in 3m 57s
