vite v7.3.6 building client environment for production...
[plugin @laravel/vite-plugin-wayfinder] Types generated for actions, routes, form variants
transforming...
✓ 5217 modules transformed.
rendering chunks...
computing gzip size...
public/build/assets/layers-BWBAp2CZ.png                                  0.70 kB
public/build/assets/layers-2x-Bpkbi35X.png                               1.26 kB
public/build/assets/marker-icon-hN30_KVU.png                             1.47 kB
public/build/manifest.json                                           3,428.58 kB │ gzip: 185.22 kB
public/build/assets/vendor-maps-CLLlcC51.css                            11.08 kB │ gzip:   2.73 kB
public/build/assets/app-CdqWE52i.css                                   435.02 kB │ gzip:  54.99 kB
public/build/assets/my-hr-utils-fLvKAKV1.js                              0.07 kB │ gzip:   0.09 kB
public/build/assets/avatar-hue-BThxaYxR.js                               0.10 kB │ gzip:   0.11 kB
public/build/assets/_announcer-cvXWdNAc.js                               0.12 kB │ gzip:   0.12 kB
public/build/assets/minus-DivNGhYY.js                                    0.12 kB │ gzip:   0.13 kB
public/build/assets/check-BQ-frfuU.js                                    0.12 kB │ gzip:   0.14 kB
public/build/assets/circle-BejPSDpx.js                                   0.12 kB │ gzip:   0.13 kB
public/build/assets/chevron-down-ke7SG5py.js                             0.13 kB │ gzip:   0.14 kB
public/build/assets/chevron-up-B7gjHd8p.js                               0.13 kB │ gzip:   0.14 kB
public/build/assets/chevron-left-DsWSpfN2.js                             0.13 kB │ gzip:   0.14 kB
public/build/assets/chevron-right-CDll4rY8.js                            0.13 kB │ gzip:   0.14 kB
public/build/assets/play-DhxA6nFp.js                                     0.13 kB │ gzip:   0.15 kB
public/build/assets/moon-Czt1PNik.js                                     0.14 kB │ gzip:   0.15 kB
public/build/assets/loader-circle-CQisdOJe.js                            0.14 kB │ gzip:   0.15 kB
public/build/assets/square-C6EqTAl9.js                                   0.15 kB │ gzip:   0.15 kB
public/build/assets/message-circle-U_ku8upq.js                           0.15 kB │ gzip:   0.16 kB
public/build/assets/navigation-B8UG4ldX.js                               0.15 kB │ gzip:   0.15 kB
public/build/assets/staff-creation-workflow-D6SGmEbz.js                  0.15 kB │ gzip:   0.13 kB
public/build/assets/plus-Bxwg3HLH.js                                     0.15 kB │ gzip:   0.15 kB
public/build/assets/x-BaJsxMW0.js                                        0.15 kB │ gzip:   0.15 kB
public/build/assets/thermometer-PFGf0Zx0.js                              0.16 kB │ gzip:   0.16 kB
public/build/assets/filter-DshJF-nB.js                                   0.16 kB │ gzip:   0.16 kB
public/build/assets/bookmark-C53qvLtr.js                                 0.16 kB │ gzip:   0.16 kB
public/build/assets/arrow-left-SD3Ln8-C.js                               0.16 kB │ gzip:   0.16 kB
public/build/assets/arrow-right-CvsC2MZn.js                              0.16 kB │ gzip:   0.16 kB
public/build/assets/arrow-up-right-COHWkR7S.js                           0.16 kB │ gzip:   0.15 kB
public/build/assets/circle-minus-CtfS1tM6.js                             0.17 kB │ gzip:   0.16 kB
public/build/assets/search-_b6W3vKH.js                                   0.17 kB │ gzip:   0.17 kB
public/build/assets/arrow-down-right-CR7sTEAO.js                         0.17 kB │ gzip:   0.16 kB
public/build/assets/move-right-Do5cEwUj.js                               0.17 kB │ gzip:   0.16 kB
public/build/assets/ban-E3kaXnYu.js                                      0.17 kB │ gzip:   0.16 kB
public/build/assets/circle-check-BMVrcNkE.js                             0.17 kB │ gzip:   0.17 kB
public/build/assets/chevrons-up-down-DSyojfW3.js                         0.17 kB │ gzip:   0.16 kB
public/build/assets/power-Cvo7e_WI.js                                    0.17 kB │ gzip:   0.17 kB
public/build/assets/gauge-Cu8fRM8Y.js                                    0.18 kB │ gzip:   0.17 kB
public/build/assets/user-round-CdKJ4uT_.js                               0.18 kB │ gzip:   0.17 kB
public/build/assets/circle-dot-BUroZI1g.js                               0.18 kB │ gzip:   0.15 kB
public/build/assets/clock-Bs75aDLQ.js                                    0.18 kB │ gzip:   0.17 kB
public/build/assets/message-square-OIgPH5rj.js                           0.18 kB │ gzip:   0.17 kB
public/build/assets/check-check-B6xOq02Q.js                              0.18 kB │ gzip:   0.17 kB
public/build/assets/clock-3--lzvNAu-.js                                  0.18 kB │ gzip:   0.17 kB
public/build/assets/chart-line-0gHx18Kw.js                               0.18 kB │ gzip:   0.17 kB
public/build/assets/circle-slash-C9UgTeaU.js                             0.18 kB │ gzip:   0.17 kB
public/build/assets/reply-BWPZhGLB.js                                    0.18 kB │ gzip:   0.18 kB
public/build/assets/circle-check-big-Cvas_qmQ.js                         0.19 kB │ gzip:   0.18 kB
public/build/assets/circle-play-DJBwFiiY.js                              0.19 kB │ gzip:   0.17 kB
public/build/assets/user-qutlAC1R.js                                     0.19 kB │ gzip:   0.18 kB
public/build/assets/megaphone-C7bWefqr.js                                0.19 kB │ gzip:   0.18 kB
public/build/assets/skip-forward-B_1O6wzA.js                             0.20 kB │ gzip:   0.18 kB
public/build/assets/smartphone-ClAQzzOA.js                               0.20 kB │ gzip:   0.18 kB
public/build/assets/rotate-ccw-i24Uip2H.js                               0.20 kB │ gzip:   0.18 kB
public/build/assets/info-CrUe4Z3J.js                                     0.20 kB │ gzip:   0.18 kB
public/build/assets/rotate-cw-hAdcDvaU.js                                0.20 kB │ gzip:   0.18 kB
public/build/assets/lock-C4f7qkNR.js                                     0.20 kB │ gzip:   0.19 kB
public/build/assets/circle-x-BXCBPYD-.js                                 0.20 kB │ gzip:   0.18 kB
public/build/assets/chart-palette-BuldC4kO.js                            0.20 kB │ gzip:   0.13 kB
public/build/assets/trending-up-uT8108zh.js                              0.20 kB │ gzip:   0.18 kB
public/build/assets/utils-COkJOzsg.js                                    0.20 kB │ gzip:   0.16 kB
public/build/assets/arrow-up-from-line--DqEf69o.js                       0.21 kB │ gzip:   0.18 kB
public/build/assets/arrow-down-to-line-BgFD_q6R.js                       0.21 kB │ gzip:   0.18 kB
public/build/assets/credit-card-C-3yFQzk.js                              0.21 kB │ gzip:   0.19 kB
public/build/assets/trending-down-BwkRdCDF.js                            0.21 kB │ gzip:   0.18 kB
public/build/assets/droplet-49dH8gti.js                                  0.21 kB │ gzip:   0.19 kB
public/build/assets/undo-2-JUY_hnO7.js                                   0.21 kB │ gzip:   0.18 kB
public/build/assets/mail-BMA7WQ6O.js                                     0.21 kB │ gzip:   0.20 kB
public/build/assets/it-module-shell-Cq8Pndvb.js                          0.21 kB │ gzip:   0.19 kB
public/build/assets/battery-9RoeorTw.js                                  0.21 kB │ gzip:   0.19 kB
public/build/assets/pause-D1z6xkME.js                                    0.21 kB │ gzip:   0.17 kB
public/build/assets/circle-arrow-up-Dxmd-iQ0.js                          0.21 kB │ gzip:   0.18 kB
public/build/assets/circle-arrow-down-CRynFqFx.js                        0.21 kB │ gzip:   0.19 kB
public/build/assets/pill-BQPkGj9-.js                                     0.21 kB │ gzip:   0.18 kB
public/build/assets/site-profile-dialog-host-BH_OdoAm.js                 0.21 kB │ gzip:   0.19 kB
public/build/assets/dollar-sign-BL-xYhe8.js                              0.22 kB │ gzip:   0.19 kB
public/build/assets/file-CWnDDx1o.js                                     0.22 kB │ gzip:   0.18 kB
public/build/assets/laptop-BIdaVoRy.js                                   0.22 kB │ gzip:   0.19 kB
public/build/assets/flag-DrPTfjA-.js                                     0.22 kB │ gzip:   0.20 kB
public/build/assets/rows-3-DU6QCwDU.js                                   0.22 kB │ gzip:   0.19 kB
public/build/assets/rss-qlNL6f-7.js                                      0.22 kB │ gzip:   0.19 kB
public/build/assets/briefcase-XRlZdw_e.js                                0.22 kB │ gzip:   0.20 kB
public/build/assets/target-CoxKepak.js                                   0.22 kB │ gzip:   0.16 kB
public/build/assets/ellipsis-OBBphYZn.js                                 0.22 kB │ gzip:   0.16 kB
public/build/assets/columns-3-Bg7Jz2MB.js                                0.22 kB │ gzip:   0.19 kB
public/build/assets/git-merge-Dc9i-Sum.js                                0.22 kB │ gzip:   0.19 kB
public/build/assets/square-check-big-7Rm2ZxiM.js                         0.22 kB │ gzip:   0.19 kB
public/build/assets/sticky-note-DoBVFaxS.js                              0.22 kB │ gzip:   0.18 kB
public/build/assets/folder-CZXtpyzx.js                                   0.23 kB │ gzip:   0.19 kB
public/build/assets/ellipsis-vertical-DQsFhFgJ.js                        0.23 kB │ gzip:   0.17 kB
public/build/assets/vote-BcNHB1wW.js                                     0.23 kB │ gzip:   0.19 kB
public/build/assets/copy-D5qZeU6n.js                                     0.23 kB │ gzip:   0.20 kB
public/build/assets/door-closed-DVjSrhT8.js                              0.23 kB │ gzip:   0.19 kB
public/build/assets/user-round-check-DI0JlcTG.js                         0.23 kB │ gzip:   0.21 kB
public/build/assets/circle-user-round-Dy90I4xk.js                        0.23 kB │ gzip:   0.19 kB
public/build/assets/circle-help-Bd3O9tKh.js                              0.23 kB │ gzip:   0.20 kB
public/build/assets/ear-CeZOtyut.js                                      0.23 kB │ gzip:   0.19 kB
public/build/assets/activity-CZ_6FCwK.js                                 0.23 kB │ gzip:   0.20 kB
public/build/assets/pen-CnrE6Rbw.js                                      0.23 kB │ gzip:   0.20 kB
public/build/assets/history-BmoZKiZk.js                                  0.24 kB │ gzip:   0.20 kB
public/build/assets/globe-CpIhLCcl.js                                    0.24 kB │ gzip:   0.19 kB
public/build/assets/percent-BqE8xSwX.js                                  0.24 kB │ gzip:   0.19 kB
public/build/assets/timer-COmhBttY.js                                    0.24 kB │ gzip:   0.19 kB
public/build/assets/banknote-92XesEAu.js                                 0.24 kB │ gzip:   0.20 kB
public/build/assets/heart-CcnNyZtJ.js                                    0.24 kB │ gzip:   0.21 kB
public/build/assets/link-2-N3QqYWgy.js                                   0.24 kB │ gzip:   0.21 kB
public/build/assets/circle-dollar-sign-U4NqQuai.js                       0.24 kB │ gzip:   0.20 kB
public/build/assets/menu-CWdsTCbF.js                                     0.24 kB │ gzip:   0.17 kB
public/build/assets/arrow-up-down-fqGCoar4.js                            0.24 kB │ gzip:   0.19 kB
public/build/assets/database-BrypF74H.js                                 0.24 kB │ gzip:   0.20 kB
public/build/assets/arrow-down-up-DaownGzz.js                            0.24 kB │ gzip:   0.19 kB
public/build/assets/circle-pause-zqt0S9-F.js                             0.24 kB │ gzip:   0.19 kB
public/build/assets/arrow-left-right-Du6HRTe2.js                         0.25 kB │ gzip:   0.20 kB
public/build/assets/compass-DeQQs1sx.js                                  0.25 kB │ gzip:   0.20 kB
public/build/assets/arrow-right-left-ClTukVGI.js                         0.25 kB │ gzip:   0.19 kB
public/build/assets/book-marked-DNypSXgN.js                              0.25 kB │ gzip:   0.20 kB
public/build/assets/settings-2-aewSGSdE.js                               0.25 kB │ gzip:   0.19 kB
public/build/assets/users-round-CYqFQcXc.js                              0.25 kB │ gzip:   0.22 kB
public/build/assets/camera-BXvlxTgs.js                                   0.25 kB │ gzip:   0.21 kB
public/build/assets/file-warning-BAFQR290.js                             0.25 kB │ gzip:   0.20 kB
public/build/assets/video-BMako3fT.js                                    0.25 kB │ gzip:   0.21 kB
public/build/assets/circle-alert-DX6mhkYp.js                             0.25 kB │ gzip:   0.19 kB
public/build/assets/route-hfe07Rnt.js                                    0.25 kB │ gzip:   0.20 kB
public/build/assets/mouse-pointer-2-ZpT_y4Jd.js                          0.25 kB │ gzip:   0.22 kB
public/build/assets/chart-column-DNN14xNB.js                             0.25 kB │ gzip:   0.19 kB
public/build/assets/external-link-D79G8URd.js                            0.25 kB │ gzip:   0.20 kB
public/build/assets/shopping-bag-Dc8ipn4i.js                             0.25 kB │ gzip:   0.20 kB
public/build/assets/cloud-upload-BjiqTLLl.js                             0.25 kB │ gzip:   0.21 kB
public/build/assets/eye-Bwoy8HrP.js                                      0.25 kB │ gzip:   0.20 kB
public/build/assets/map-pin-8EX6NHsv.js                                  0.25 kB │ gzip:   0.22 kB
public/build/assets/user-check-DChc_ymc.js                               0.25 kB │ gzip:   0.22 kB
public/build/assets/archive-CxgWawD5.js                                  0.25 kB │ gzip:   0.21 kB
public/build/assets/lock-keyhole-ClxOYf1J.js                             0.25 kB │ gzip:   0.22 kB
public/build/assets/message-square-plus-DWHp6gF9.js                      0.25 kB │ gzip:   0.20 kB
public/build/assets/circle-user-CpN-a-QB.js                              0.25 kB │ gzip:   0.20 kB
public/build/assets/message-square-text-Blf0JBZK.js                      0.25 kB │ gzip:   0.20 kB
public/build/assets/user-minus-BbmhmFbm.js                               0.25 kB │ gzip:   0.22 kB
public/build/assets/file-check-2-DzviwY7y.js                             0.25 kB │ gzip:   0.20 kB
public/build/assets/messages-square-kGPHg2xB.js                          0.25 kB │ gzip:   0.20 kB
public/build/assets/link-C--uPHzz.js                                     0.26 kB │ gzip:   0.19 kB
public/build/assets/hr-hero-DreSTwD5.js                                  0.26 kB │ gzip:   0.21 kB
public/build/assets/wrench-DeS_GR3F.js                                   0.26 kB │ gzip:   0.20 kB
public/build/assets/calendar-NZNFMGaM.js                                 0.26 kB │ gzip:   0.20 kB
public/build/assets/upload-Vw_d88CK.js                                   0.26 kB │ gzip:   0.22 kB
public/build/assets/log-out-gbZJVYzA.js                                  0.26 kB │ gzip:   0.22 kB
public/build/assets/ticket-check-Cc9Jb6Sg.js                             0.26 kB │ gzip:   0.20 kB
public/build/assets/log-in-rd-0n1cu.js                                   0.26 kB │ gzip:   0.22 kB
public/build/assets/monitor-Ch4bONAk.js                                  0.26 kB │ gzip:   0.20 kB
public/build/assets/message-square-warning-CpjAvbjO.js                   0.26 kB │ gzip:   0.21 kB
public/build/assets/utensils-4kwDcOLK.js                                 0.26 kB │ gzip:   0.20 kB
public/build/assets/download-Dl9GpUq2.js                                 0.26 kB │ gzip:   0.22 kB
public/build/assets/zap-Bz4ZxxrD.js                                      0.26 kB │ gzip:   0.21 kB
public/build/assets/triangle-alert-BsNB19me.js                           0.26 kB │ gzip:   0.21 kB
public/build/assets/leaf-D0aNQB7O.js                                     0.26 kB │ gzip:   0.23 kB
public/build/assets/file-check-BwZ1v8mU.js                               0.26 kB │ gzip:   0.20 kB
public/build/assets/workflow-88n2cwee.js                                 0.26 kB │ gzip:   0.20 kB
public/build/assets/mic-C4Q4cLTc.js                                      0.26 kB │ gzip:   0.21 kB
public/build/assets/shield-DjQbMseo.js                                   0.27 kB │ gzip:   0.22 kB
public/build/assets/battery-low-BH-sfui7.js                              0.27 kB │ gzip:   0.21 kB
public/build/assets/timer-reset-BnkSGOHR.js                              0.27 kB │ gzip:   0.21 kB
public/build/assets/award-BXhGqwcL.js                                    0.27 kB │ gzip:   0.22 kB
public/build/assets/eraser-BBskBm-7.js                                   0.27 kB │ gzip:   0.22 kB
public/build/assets/image-CcTMCCyX.js                                    0.27 kB │ gzip:   0.22 kB
public/build/assets/repeat-Zh6yL4Tw.js                                   0.27 kB │ gzip:   0.20 kB
public/build/assets/arrow-up-6nVCd_DR.js                                 0.27 kB │ gzip:   0.20 kB
public/build/assets/flame-DQkMv6Rx.js                                    0.27 kB │ gzip:   0.23 kB
public/build/assets/git-branch-8hyQkNZo.js                               0.27 kB │ gzip:   0.22 kB
public/build/assets/coins-Dn4OFK4F.js                                    0.27 kB │ gzip:   0.22 kB
public/build/assets/pencil-B8I1g5bZ.js                                   0.28 kB │ gzip:   0.23 kB
public/build/assets/pen-line-CH4_80NH.js                                 0.28 kB │ gzip:   0.23 kB
public/build/assets/list-checks-Dy2jBmJ8.js                              0.28 kB │ gzip:   0.19 kB
public/build/assets/book-open-BYhu6OKk.js                                0.28 kB │ gzip:   0.20 kB
public/build/assets/wifi-dGYlKCKj.js                                     0.28 kB │ gzip:   0.21 kB
public/build/assets/lightbulb-DYlsVMS4.js                                0.28 kB │ gzip:   0.22 kB
public/build/assets/file-plus-2-rFl6_JJm.js                              0.28 kB │ gzip:   0.21 kB
public/build/assets/layout-template-BCicwT_X.js                          0.28 kB │ gzip:   0.19 kB
public/build/assets/inbox-CQGz-0d7.js                                    0.29 kB │ gzip:   0.23 kB
public/build/assets/wallet-CVe7LzaP.js                                   0.29 kB │ gzip:   0.21 kB
public/build/assets/files-CuY5QrU-.js                                    0.29 kB │ gzip:   0.21 kB
public/build/assets/shopping-cart-CYjlsPz1.js                            0.29 kB │ gzip:   0.23 kB
public/build/assets/shirt-DujILKGY.js                                    0.29 kB │ gzip:   0.23 kB
public/build/assets/house-0U2ZzpWC.js                                    0.29 kB │ gzip:   0.22 kB
public/build/assets/bell-CCw1XReP.js                                     0.29 kB │ gzip:   0.24 kB
public/build/assets/use-initials-U-N8N3-N.js                             0.29 kB │ gzip:   0.20 kB
public/build/assets/send-BE_SP70Y.js                                     0.29 kB │ gzip:   0.23 kB
public/build/assets/folder-open-BzsZIJNg.js                              0.29 kB │ gzip:   0.22 kB
public/build/assets/receipt-DN9pkulz.js                                  0.29 kB │ gzip:   0.21 kB
public/build/assets/link-2-off-xCWBwEkE.js                               0.29 kB │ gzip:   0.22 kB
public/build/assets/smile-BfdqWe6g.js                                    0.29 kB │ gzip:   0.22 kB
public/build/assets/grid-3x3-9hD-ST_P.js                                 0.29 kB │ gzip:   0.21 kB
public/build/assets/bed-double-2bnrMNIk.js                               0.30 kB │ gzip:   0.21 kB
public/build/assets/heart-crack-DmGZaUh9.js                              0.30 kB │ gzip:   0.24 kB
public/build/assets/hash-BHrmC-sr.js                                     0.30 kB │ gzip:   0.19 kB
public/build/assets/list-todo-Bz66tHhO.js                                0.30 kB │ gzip:   0.22 kB
public/build/assets/paperclip-BXovFs23.js                                0.30 kB │ gzip:   0.23 kB
public/build/assets/file-up-BAgwvyqo.js                                  0.30 kB │ gzip:   0.21 kB
public/build/assets/flask-conical-CVc4VT31.js                            0.30 kB │ gzip:   0.23 kB
public/build/assets/gavel-CV3NQSRb.js                                    0.30 kB │ gzip:   0.22 kB
public/build/assets/thumbs-up-BP1ZWFBC.js                                0.30 kB │ gzip:   0.24 kB
public/build/assets/list-CbkhYiA9.js                                     0.30 kB │ gzip:   0.19 kB
public/build/assets/file-down-KlxT6E0j.js                                0.30 kB │ gzip:   0.21 kB
public/build/assets/thumbs-down-BRvsM607.js                              0.30 kB │ gzip:   0.24 kB
public/build/assets/clipboard-check-DKIDqjPk.js                          0.30 kB │ gzip:   0.23 kB
public/build/assets/file-clock-Bs3nw98d.js                               0.30 kB │ gzip:   0.24 kB
public/build/assets/users-BkHfwJQU.js                                    0.30 kB │ gzip:   0.23 kB
public/build/assets/coffee-DnSYZPUV.js                                   0.30 kB │ gzip:   0.21 kB
public/build/assets/calendar-check-BS6_bh7o.js                           0.30 kB │ gzip:   0.23 kB
public/build/assets/user-x-N1hBRxbY.js                                   0.30 kB │ gzip:   0.23 kB
public/build/assets/folder-plus-tzr1zCOp.js                              0.30 kB │ gzip:   0.23 kB
public/build/assets/chef-hat-CG2zf87v.js                                 0.31 kB │ gzip:   0.24 kB
public/build/assets/user-plus-BToLLi6t.js                                0.31 kB │ gzip:   0.24 kB
public/build/assets/box-DqFK4pif.js                                      0.31 kB │ gzip:   0.23 kB
public/build/assets/heart-pulse-D_wsOgNw.js                              0.31 kB │ gzip:   0.25 kB
public/build/assets/badge-check-D_AW-kKa.js                              0.31 kB │ gzip:   0.21 kB
public/build/assets/piggy-bank-yLVcwhkt.js                               0.31 kB │ gzip:   0.25 kB
public/build/assets/hard-hat-OtPgzvJf.js                                 0.32 kB │ gzip:   0.23 kB
public/build/assets/shield-check-DlRXRFl1.js                             0.32 kB │ gzip:   0.25 kB
public/build/assets/printer-DtBAjUZX.js                                  0.32 kB │ gzip:   0.24 kB
public/build/assets/square-pen-BSLvVPUI.js                               0.32 kB │ gzip:   0.24 kB
public/build/assets/refresh-ccw-CTHANb2v.js                              0.32 kB │ gzip:   0.23 kB
public/build/assets/ticket--iktoDTz.js                                   0.32 kB │ gzip:   0.21 kB
public/build/assets/tag-CLacVWQ-.js                                      0.32 kB │ gzip:   0.25 kB
public/build/assets/hand-helping-BMnzfE1u.js                             0.32 kB │ gzip:   0.25 kB
public/build/assets/id-card-Cg-tqw9N.js                                  0.32 kB │ gzip:   0.24 kB
public/build/assets/mail-warning-VZHHx6DI.js                             0.32 kB │ gzip:   0.24 kB
public/build/assets/save-_qWO1ll_.js                                     0.33 kB │ gzip:   0.23 kB
public/build/assets/scan-line-DzroXJlJ.js                                0.33 kB │ gzip:   0.22 kB
public/build/assets/graduation-cap-BATb2Zsm.js                           0.33 kB │ gzip:   0.25 kB
public/build/assets/list-ordered-08a3lIaF.js                             0.33 kB │ gzip:   0.22 kB
public/build/assets/file-text-BTXDXGRL.js                                0.33 kB │ gzip:   0.22 kB
public/build/assets/book-open-check-xi3SnOTV.js                          0.33 kB │ gzip:   0.23 kB
public/build/assets/alarm-clock-DdmMbXx4.js                              0.33 kB │ gzip:   0.23 kB
public/build/assets/finance-tabs-BuAm6S21.js                             0.33 kB │ gzip:   0.27 kB
public/build/assets/contact-Ba1rdHj-.js                                  0.33 kB │ gzip:   0.24 kB
public/build/assets/calendar-x-r5pZXrfU.js                               0.34 kB │ gzip:   0.23 kB
public/build/assets/accessibility-DKvzOIbQ.js                            0.34 kB │ gzip:   0.25 kB
public/build/assets/archive-restore-8VbhPGzC.js                          0.34 kB │ gzip:   0.24 kB
public/build/assets/stethoscope-dJoiZ_P7.js                              0.34 kB │ gzip:   0.24 kB
public/build/assets/shield-plus-DJqeHY3d.js                              0.34 kB │ gzip:   0.25 kB
public/build/assets/layout-grid-DUKdySDd.js                              0.34 kB │ gzip:   0.19 kB
public/build/assets/pin-5xJgUehv.js                                      0.35 kB │ gzip:   0.24 kB
public/build/assets/file-image-DWkHGJI0.js                               0.35 kB │ gzip:   0.25 kB
public/build/assets/scroll-text-DYvcBVeF.js                              0.35 kB │ gzip:   0.23 kB
public/build/assets/key-round-ZtCYn7P4.js                                0.35 kB │ gzip:   0.26 kB
public/build/assets/layout-dashboard-BlOySD7d.js                         0.35 kB │ gzip:   0.21 kB
public/build/assets/shield-alert-CFlEpvd0.js                             0.35 kB │ gzip:   0.26 kB
public/build/assets/file-chart-column-increasing-tDjK9RuM.js             0.35 kB │ gzip:   0.24 kB
public/build/assets/webhook-Ds6MqxWs.js                                  0.35 kB │ gzip:   0.27 kB
public/build/assets/calendar-plus-B3MYOiwf.js                            0.35 kB │ gzip:   0.23 kB
public/build/assets/shield-x-sOhCyRo8.js                                 0.36 kB │ gzip:   0.26 kB
public/build/assets/gift-B5iVKUpB.js                                     0.36 kB │ gzip:   0.25 kB
public/build/assets/trash-2-i32-IGBK.js                                  0.36 kB │ gzip:   0.25 kB
public/build/assets/calendar-x-2-BrScmi12.js                             0.36 kB │ gzip:   0.23 kB
public/build/assets/layout-list-DzKMqaFi.js                              0.36 kB │ gzip:   0.22 kB
public/build/assets/warehouse-BNtpBE0s.js                                0.36 kB │ gzip:   0.26 kB
public/build/assets/utensils-crossed-BpFER7Hr.js                         0.36 kB │ gzip:   0.26 kB
public/build/assets/syringe-CGIVN6wy.js                                  0.36 kB │ gzip:   0.25 kB
public/build/assets/sparkle-DzskBZfH.js                                  0.36 kB │ gzip:   0.24 kB
public/build/assets/scale-Ca14ar_c.js                                    0.36 kB │ gzip:   0.23 kB
public/build/assets/grip-vertical-OlpwHKGi.js                            0.36 kB │ gzip:   0.19 kB
public/build/assets/fuel-BGXlvePm.js                                     0.37 kB │ gzip:   0.25 kB
public/build/assets/door-open-BsRhTGh3.js                                0.37 kB │ gzip:   0.25 kB
public/build/assets/droplets-D2zEhtXu.js                                 0.37 kB │ gzip:   0.28 kB
public/build/assets/hammer-DZ73JbeA.js                                   0.37 kB │ gzip:   0.27 kB
public/build/assets/file-pen-ePA9C4So.js                                 0.37 kB │ gzip:   0.26 kB
public/build/assets/package-CmicWA8L.js                                  0.37 kB │ gzip:   0.25 kB
public/build/assets/index-B0Z-ysPe.js                                    0.37 kB │ gzip:   0.22 kB
public/build/assets/file-spreadsheet-CiXGYl-Y.js                         0.37 kB │ gzip:   0.23 kB
public/build/assets/life-buoy-C1nTRlb6.js                                0.37 kB │ gzip:   0.22 kB
public/build/assets/calendar-clock-DguJl7Y0.js                           0.38 kB │ gzip:   0.26 kB
public/build/assets/shield-question-Co5fMzDU.js                          0.38 kB │ gzip:   0.28 kB
public/build/assets/network-DLgHYnEB.js                                  0.38 kB │ gzip:   0.24 kB
public/build/assets/calendar-off-D_1PeyI_.js                             0.38 kB │ gzip:   0.25 kB
public/build/assets/tags-nolRas3b.js                                     0.39 kB │ gzip:   0.28 kB
public/build/assets/baby-BNUz2PJr.js                                     0.39 kB │ gzip:   0.26 kB
public/build/assets/hard-drive-Brjm5aIr.js                               0.39 kB │ gzip:   0.26 kB
public/build/assets/job-posting-constants-CneitmEO.js                    0.39 kB │ gzip:   0.23 kB
public/build/assets/file-pen-line-9ZTllDq8.js                            0.39 kB │ gzip:   0.26 kB
public/build/assets/phone-C7KYE6yt.js                                    0.39 kB │ gzip:   0.25 kB
public/build/assets/bell-ring-DmE8k6v3.js                                0.40 kB │ gzip:   0.28 kB
public/build/assets/map-pinned-C0J2cviQ.js                               0.40 kB │ gzip:   0.29 kB
public/build/assets/shield-off-CJvRwVFp.js                               0.40 kB │ gzip:   0.28 kB
public/build/assets/truck-CUvcBak3.js                                    0.40 kB │ gzip:   0.27 kB
public/build/assets/sprout-D1or46cj.js                                   0.40 kB │ gzip:   0.28 kB
public/build/assets/car-4_9BVca4.js                                      0.40 kB │ gzip:   0.29 kB
public/build/assets/hand-EbtVfHHi.js                                     0.41 kB │ gzip:   0.25 kB
public/build/assets/hand-coins-DBKe8m8Y.js                               0.41 kB │ gzip:   0.29 kB
public/build/assets/clipboard-list-B1CEg6QP.js                           0.41 kB │ gzip:   0.26 kB
public/build/assets/transport-medication-replay-C6HBZeSF.js              0.41 kB │ gzip:   0.29 kB
public/build/assets/loader-U-o9rjGj.js                                   0.41 kB │ gzip:   0.24 kB
public/build/assets/mouse-pointer-click-x2sh6i36.js                      0.41 kB │ gzip:   0.28 kB
public/build/assets/calendar-range-DiV2E-Vu.js                           0.41 kB │ gzip:   0.26 kB
public/build/assets/layers-DyeMx5kL.js                                   0.42 kB │ gzip:   0.24 kB
public/build/assets/mic-off-BvoKRUk8.js                                  0.42 kB │ gzip:   0.27 kB
public/build/assets/waves-B42MyJok.js                                    0.42 kB │ gzip:   0.21 kB
public/build/assets/skeleton-CDTEQwaO.js                                 0.42 kB │ gzip:   0.32 kB
public/build/assets/package-check-BgYkudL1.js                            0.42 kB │ gzip:   0.29 kB
public/build/assets/octagon-alert-CqL2YW5P.js                            0.43 kB │ gzip:   0.25 kB
public/build/assets/cable-Dgp59gYb.js                                    0.43 kB │ gzip:   0.25 kB
public/build/assets/eye-off-CTGj_0ub.js                                  0.43 kB │ gzip:   0.27 kB
public/build/assets/building-2-D4oogMxS.js                               0.44 kB │ gzip:   0.25 kB
public/build/assets/heading-small-B1QYXXBZ.js                            0.44 kB │ gzip:   0.32 kB
public/build/assets/hand-heart-BaO9OOKs.js                               0.45 kB │ gzip:   0.31 kB
public/build/assets/footprints-VfJnhHCj.js                               0.45 kB │ gzip:   0.30 kB
public/build/assets/radio-tower-Ck2lxUyv.js                              0.45 kB │ gzip:   0.29 kB
public/build/assets/input-error-DCYErTdJ.js                              0.46 kB │ gzip:   0.32 kB
public/build/assets/wifi-off-DXU7wx9c.js                                 0.46 kB │ gzip:   0.27 kB
public/build/assets/scan-eye-DmJ7q0WB.js                                 0.46 kB │ gzip:   0.28 kB
public/build/assets/heart-handshake-CwvyKPRm.js                          0.46 kB │ gzip:   0.31 kB
public/build/assets/spinner-DVZFivEz.js                                  0.46 kB │ gzip:   0.33 kB
public/build/assets/person-standing-DkviHWqD.js                          0.46 kB │ gzip:   0.31 kB
public/build/assets/trophy-BO63hh99.js                                   0.46 kB │ gzip:   0.28 kB
public/build/assets/pen-tool-BmuK4vd6.js                                 0.47 kB │ gzip:   0.30 kB
public/build/assets/siren-K6lU8ML3.js                                    0.47 kB │ gzip:   0.28 kB
public/build/assets/star-D_mo1vtI.js                                     0.47 kB │ gzip:   0.29 kB
public/build/assets/sun-TMTBdKaa.js                                      0.47 kB │ gzip:   0.26 kB
public/build/assets/notebook-pen-Cq3xxBx9.js                             0.47 kB │ gzip:   0.29 kB
public/build/assets/cake-Cnc8O01V.js                                     0.49 kB │ gzip:   0.26 kB
public/build/assets/cctv-D5TAz3cP.js                                     0.49 kB │ gzip:   0.30 kB
public/build/assets/calendar-days-C73_chCK.js                            0.49 kB │ gzip:   0.26 kB
public/build/assets/cpu-CKbayBZ5.js                                      0.50 kB │ gzip:   0.26 kB
public/build/assets/radar-C7snhaeT.js                                    0.50 kB │ gzip:   0.30 kB
public/build/assets/sparkles-BTtzur9M.js                                 0.51 kB │ gzip:   0.30 kB
public/build/assets/ambulance-BMgFqKFR.js                                0.51 kB │ gzip:   0.31 kB
public/build/assets/_helpers-Ayp0jCez.js                                 0.51 kB │ gzip:   0.33 kB
public/build/assets/unlink-jp9Cw47_.js                                   0.53 kB │ gzip:   0.30 kB
public/build/assets/calculator-DsLSh-GG.js                               0.53 kB │ gzip:   0.28 kB
public/build/assets/building-D4h1O1cE.js                                 0.54 kB │ gzip:   0.27 kB
public/build/assets/circle-dashed-ByBNJiCC.js                            0.57 kB │ gzip:   0.28 kB
public/build/assets/use-alert-workspace-focus-return-DGVRYbyO.js         0.58 kB │ gzip:   0.35 kB
public/build/assets/package-open-Dg1ORwfa.js                             0.58 kB │ gzip:   0.33 kB
public/build/assets/i18n-CiQewp4i.js                                     0.58 kB │ gzip:   0.39 kB
public/build/assets/user-cog-BQArvR53.js                                 0.58 kB │ gzip:   0.32 kB
public/build/assets/sliders-horizontal-vu_qKu1P.js                       0.58 kB │ gzip:   0.27 kB
public/build/assets/send-to-back-DFCD7kNl.js                             0.58 kB │ gzip:   0.31 kB
public/build/assets/fingerprint-txU0T7Ui.js                              0.60 kB │ gzip:   0.35 kB
public/build/assets/label-2i8s7MZ1.js                                    0.61 kB │ gzip:   0.39 kB
public/build/assets/form-request-errors-92Vb1yDA.js                      0.63 kB │ gzip:   0.36 kB
public/build/assets/text-link-vU5yjciY.js                                0.65 kB │ gzip:   0.42 kB
public/build/assets/qr-code-CZ4jQojt.js                                  0.65 kB │ gzip:   0.31 kB
public/build/assets/server-DQf0qnfN.js                                   0.66 kB │ gzip:   0.37 kB
public/build/assets/collapsible-CfLQaRs6.js                              0.66 kB │ gzip:   0.28 kB
public/build/assets/resident-dot-BLoyRUP7.js                             0.67 kB │ gzip:   0.46 kB
public/build/assets/fleet-stat-card-CzL7s9Y6.js                          0.72 kB │ gzip:   0.44 kB
public/build/assets/governance-permissions-Dl4VzYaE.js                   0.72 kB │ gzip:   0.33 kB
public/build/assets/party-popper-Bh0p9Tkz.js                             0.72 kB │ gzip:   0.41 kB
public/build/assets/settings-D9J9Zfll.js                                 0.72 kB │ gzip:   0.34 kB
public/build/assets/textarea-C_9uu-fb.js                                 0.73 kB │ gzip:   0.47 kB
public/build/assets/brain-D16drRkn.js                                    0.73 kB │ gzip:   0.36 kB
public/build/assets/separator-BycmmSvF.js                                0.77 kB │ gzip:   0.45 kB
public/build/assets/page-shell-B7eQidXD.js                               0.77 kB │ gzip:   0.45 kB
public/build/assets/shared-DHJYl7e2.js                                   0.77 kB │ gzip:   0.40 kB
public/build/assets/shared-D3Yvwbxq.js                                   0.77 kB │ gzip:   0.39 kB
public/build/assets/shift-row-types-DQA9BK_P.js                          0.80 kB │ gzip:   0.38 kB
public/build/assets/hr-tabs-D1Kzf_GZ.js                                  0.81 kB │ gzip:   0.51 kB
public/build/assets/ops-stat-card-CD-N0u46.js                            0.81 kB │ gzip:   0.48 kB
public/build/assets/progress-BxLvrMK0.js                                 0.82 kB │ gzip:   0.54 kB
public/build/assets/readable-operational-state-CK8MzJI-.js               0.85 kB │ gzip:   0.45 kB
public/build/assets/boxes-DiknaKuj.js                                    0.85 kB │ gzip:   0.40 kB
public/build/assets/wizard-DF_QPOrg.js                                   0.87 kB │ gzip:   0.55 kB
public/build/assets/wizard-NNmqhkha.js                                   0.87 kB │ gzip:   0.55 kB
public/build/assets/list-caption-hE5ckvXY.js                             0.91 kB │ gzip:   0.54 kB
public/build/assets/index-CSEUMRIG.js                                    0.92 kB │ gzip:   0.53 kB
public/build/assets/now-rule-P7hRYwwd.js                                 0.95 kB │ gzip:   0.58 kB
public/build/assets/hero-action-button-D-GVyXk8.js                       0.95 kB │ gzip:   0.55 kB
public/build/assets/page-layout-DtSKkYRB.js                              0.97 kB │ gzip:   0.56 kB
public/build/assets/settings-tabs-CeLUSUhC.js                            0.99 kB │ gzip:   0.54 kB
public/build/assets/settings-hub-QHzZS4T6.js                             1.00 kB │ gzip:   0.58 kB
public/build/assets/use-settings-leave-confirmation-BTa8ajIt.js          1.01 kB │ gzip:   0.60 kB
public/build/assets/presence-dot-CuGnqH3Y.js                             1.04 kB │ gzip:   0.58 kB
public/build/assets/input-49RbooBa.js                                    1.05 kB │ gzip:   0.59 kB
public/build/assets/command-centre-page-dUsPr2oB.js                      1.05 kB │ gzip:   0.59 kB
public/build/assets/switch-CsxRgcJe.js                                   1.06 kB │ gzip:   0.61 kB
public/build/assets/governance-status-D1VvdJcz.js                        1.09 kB │ gzip:   0.53 kB
public/build/assets/hover-action-vLW4u2SF.js                             1.09 kB │ gzip:   0.65 kB
public/build/assets/WidgetCard-Bcllxj_N.js                               1.10 kB │ gzip:   0.63 kB
public/build/assets/micro-stats-BKNykt34.js                              1.11 kB │ gzip:   0.61 kB
public/build/assets/confetti-8ALvzRDJ.js                                 1.11 kB │ gzip:   0.65 kB
public/build/assets/avatar-BcDv1Alt.js                                   1.14 kB │ gzip:   0.44 kB
public/build/assets/checkbox-DWChTpMW.js                                 1.15 kB │ gzip:   0.64 kB
public/build/assets/status-colors-BqCnilO1.js                            1.21 kB │ gzip:   0.60 kB
public/build/assets/_confirm-action-XuQHTqkF.js                          1.24 kB │ gzip:   0.71 kB
public/build/assets/overview-hub-fmWV9ibZ.js                             1.24 kB │ gzip:   0.68 kB
public/build/assets/wizard-stepper-aZtGpGTp.js                           1.24 kB │ gzip:   0.67 kB
public/build/assets/handover-person-notes-PZpj_U36.js                    1.25 kB │ gzip:   0.64 kB
public/build/assets/task-api-LDQPp0GA.js                                 1.27 kB │ gzip:   0.81 kB
public/build/assets/_types-BtTX7pzk.js                                   1.28 kB │ gzip:   0.67 kB
public/build/assets/medication-stock-governance-C5VIWPFO.js              1.30 kB │ gzip:   0.60 kB
public/build/assets/radio-group-Bl2S2_CF.js                              1.31 kB │ gzip:   0.65 kB
public/build/assets/_attachments-BuFPGvcV.js                             1.32 kB │ gzip:   0.74 kB
public/build/assets/confirm-dialog-CWs8LHGG.js                           1.34 kB │ gzip:   0.75 kB
public/build/assets/stream-grouping-DxjzPWpi.js                          1.35 kB │ gzip:   0.73 kB
public/build/assets/staff-avatar-BnY9k9nC.js                             1.35 kB │ gzip:   0.81 kB
public/build/assets/workflow-ribbon-LHnpi0Jl.js                          1.35 kB │ gzip:   0.70 kB
public/build/assets/use-personal-location-privacy-CA1de0mn.js            1.35 kB │ gzip:   0.71 kB
public/build/assets/shift-status-badge-BBNsI3QI.js                       1.36 kB │ gzip:   0.67 kB
public/build/assets/timesheet-status-badge-h8JeM5wT.js                   1.36 kB │ gzip:   0.66 kB
public/build/assets/summary-card-I49QFvbH.js                             1.36 kB │ gzip:   0.68 kB
public/build/assets/fleet-responsive-list-CgDsyRvl.js                    1.38 kB │ gzip:   0.70 kB
public/build/assets/sso-sign-in-buttons-BaEc8yod.js                      1.40 kB │ gzip:   0.71 kB
public/build/assets/site-credentials-D5qQxoyk.js                         1.43 kB │ gzip:   0.75 kB
public/build/assets/status-badge-BcsRfl-y.js                             1.44 kB │ gzip:   0.78 kB
public/build/assets/fleet-empty-state-CBntGw_U.js                        1.46 kB │ gzip:   0.77 kB
public/build/assets/journey-reference-strip-pm5NcpKt.js                  1.46 kB │ gzip:   0.81 kB
public/build/assets/confirm-dialog-BqwXPTDJ.js                           1.49 kB │ gzip:   0.84 kB
public/build/assets/index-DcmOMlk_.js                                    1.50 kB │ gzip:   0.52 kB
public/build/assets/badge-CGA990h-.js                                    1.53 kB │ gzip:   0.77 kB
public/build/assets/shift-types-MWtqeb02.js                              1.54 kB │ gzip:   0.78 kB
public/build/assets/performance-tabs-w2knM3Mr.js                         1.55 kB │ gzip:   0.74 kB
public/build/assets/tax-hub-8bFz-kCf.js                                  1.56 kB │ gzip:   0.83 kB
public/build/assets/mini-sparkline-D7i7f6lZ.js                           1.58 kB │ gzip:   0.91 kB
public/build/assets/verify-email-PhUH_3b9.js                             1.58 kB │ gzip:   0.85 kB
public/build/assets/status-badge-BcV9Cyb7.js                             1.61 kB │ gzip:   0.78 kB
public/build/assets/control-room-vocab-CV9gVFDd.js                       1.62 kB │ gzip:   0.64 kB
public/build/assets/payables-hub-DHjCty7E.js                             1.63 kB │ gzip:   0.86 kB
public/build/assets/popover-Dz6aPhhS.js                                  1.64 kB │ gzip:   0.70 kB
public/build/assets/ops-charts-CfZvOWbq.js                               1.65 kB │ gzip:   0.78 kB
public/build/assets/alert-DBb33fgu.js                                    1.69 kB │ gzip:   0.74 kB
public/build/assets/alert-status-B5nBexzF.js                             1.69 kB │ gzip:   0.79 kB
public/build/assets/report-incident-dialog-CSOAGI3e.js                   1.70 kB │ gzip:   0.89 kB
public/build/assets/laravel-pagination-DAlTOfMZ.js                       1.70 kB │ gzip:   0.84 kB
public/build/assets/money-L4nGavLX.js                                    1.71 kB │ gzip:   0.97 kB
public/build/assets/card-BuxKTkWJ.js                                     1.77 kB │ gzip:   0.57 kB
public/build/assets/_helpers-B4XFo07H.js                                 1.77 kB │ gzip:   0.76 kB
public/build/assets/documents-tabs-DtOihi-R.js                           1.78 kB │ gzip:   0.94 kB
public/build/assets/workflow-ribbon-fAxZh60x.js                          1.80 kB │ gzip:   0.79 kB
public/build/assets/governance-calendar-adapter-DIIcOhak.js              1.80 kB │ gzip:   0.85 kB
public/build/assets/tooltip-C90Mc4HM.js                                  1.82 kB │ gzip:   0.83 kB
public/build/assets/overlay-focus-return-4ESXsuki.js                     1.82 kB │ gzip:   0.89 kB
public/build/assets/control-room-alert-row-actions-BzN1aYJM.js           1.85 kB │ gzip:   0.68 kB
public/build/assets/options-BwkaeHrx.js                                  1.86 kB │ gzip:   0.72 kB
public/build/assets/my-day-list-DHM_OlOt.js                              1.86 kB │ gzip:   0.90 kB
public/build/assets/accordion-C1fPXCjN.js                                1.87 kB │ gzip:   0.85 kB
public/build/assets/journey-gate-list-CKAOUNXL.js                        1.87 kB │ gzip:   0.86 kB
public/build/assets/fleet-utils-Dx9bPfHw.js                              1.90 kB │ gzip:   0.72 kB
public/build/assets/draft-resume-prompt-CZoWfNWT.js                      1.95 kB │ gzip:   1.01 kB
public/build/assets/respite-subnav-t92tlUJ5.js                           2.01 kB │ gzip:   0.96 kB
public/build/assets/handover-follow-ups-DgQiEtf_.js                      2.02 kB │ gzip:   1.02 kB
public/build/assets/button-CT2AyJ5Y.js                                   2.05 kB │ gzip:   0.96 kB
public/build/assets/receivables-hub-BXs7kYE7.js                          2.06 kB │ gzip:   0.98 kB
public/build/assets/address-autocomplete-BwTKeVZf.js                     2.07 kB │ gzip:   1.14 kB
public/build/assets/confirm-password-Cq1orGGm.js                         2.07 kB │ gzip:   1.04 kB
public/build/assets/ledger-hub-DmToL6Em.js                               2.08 kB │ gzip:   0.95 kB
public/build/assets/_create-recovery-C8AYTa_3.js                         2.10 kB │ gzip:   1.07 kB
public/build/assets/reports-hub-ClQXSUOm.js                              2.13 kB │ gzip:   0.94 kB
public/build/assets/banking-hub-DJ3HlaXL.js                              2.14 kB │ gzip:   1.02 kB
public/build/assets/reports-tabs-DrHq4nkF.js                             2.17 kB │ gzip:   1.07 kB
public/build/assets/attention-panel-CBEHCZFY.js                          2.17 kB │ gzip:   0.99 kB
public/build/assets/task-step-draft-D_EqL5Tz.js                          2.18 kB │ gzip:   1.13 kB
public/build/assets/payroll-hero-CCadNt0-.js                             2.28 kB │ gzip:   1.10 kB
public/build/assets/_memory-recovery-e4tWxpik.js                         2.31 kB │ gzip:   1.21 kB
public/build/assets/reason-dialog-DrTVhG-K.js                            2.34 kB │ gzip:   1.27 kB
public/build/assets/datetime-BaD02AH5.js                                 2.39 kB │ gzip:   1.08 kB
public/build/assets/drills-BHwaOKM4.js                                   2.43 kB │ gzip:   1.13 kB
public/build/assets/first-aid-cXynU9L3.js                                2.47 kB │ gzip:   1.15 kB
public/build/assets/task-help-inbox-DeE9lPH_.js                          2.48 kB │ gzip:   1.34 kB
public/build/assets/text-prompt-dialog-DEbqrThv.js                       2.62 kB │ gzip:   1.41 kB
public/build/assets/services-Dr2sih_s.js                                 2.63 kB │ gzip:   1.20 kB
public/build/assets/shift-context-menu-CCnhKm-a.js                       2.64 kB │ gzip:   1.37 kB
public/build/assets/care-plan-domains-BFvHHRQH.js                        2.70 kB │ gzip:   1.26 kB
public/build/assets/donut-chart-BjEVgtH7.js                              2.71 kB │ gzip:   1.35 kB
public/build/assets/donut-RxOXSbq7.js                                    2.74 kB │ gzip:   1.38 kB
public/build/assets/index-BjmjDcUN.js                                    2.76 kB │ gzip:   0.71 kB
public/build/assets/table-Dq3A4u9f.js                                    2.76 kB │ gzip:   0.70 kB
public/build/assets/financials-pt3M74dw.js                               2.77 kB │ gzip:   1.35 kB
public/build/assets/readiness-7-fkmfX5.js                                2.78 kB │ gzip:   1.36 kB
public/build/assets/safety-register-BtNFwO-v.js                          2.83 kB │ gzip:   1.34 kB
public/build/assets/ppe-uSzWYFDe.js                                      2.84 kB │ gzip:   1.11 kB
public/build/assets/_icons-BeTNSfZ7.js                                   2.85 kB │ gzip:   1.29 kB
public/build/assets/register-row-kit-DYBAbrfL.js                         2.86 kB │ gzip:   1.16 kB
public/build/assets/lifecycle-tabs-ZJCmbFhg.js                           2.88 kB │ gzip:   1.47 kB
public/build/assets/toolbar-C01SHiKa.js                                  2.89 kB │ gzip:   1.40 kB
public/build/assets/_tabs-BEXy7coA.js                                    2.90 kB │ gzip:   1.48 kB
public/build/assets/_note-category-picker-A5Q9l1fu.js                    2.92 kB │ gzip:   1.38 kB
public/build/assets/use-create-shift-launcher-BRfk-gJi.js                2.92 kB │ gzip:   1.43 kB
public/build/assets/use-form-autosave-DLwPPkYx.js                        2.92 kB │ gzip:   1.47 kB
public/build/assets/toolbar-CequeksC.js                                  2.92 kB │ gzip:   1.40 kB
public/build/assets/hs-detail-dialog-CCXPuiZw.js                         2.93 kB │ gzip:   1.34 kB
public/build/assets/notification-catalog-DveZKd9k.js                     2.96 kB │ gzip:   0.93 kB
public/build/assets/forgot-password-rKXaLLcj.js                          2.99 kB │ gzip:   1.43 kB
public/build/assets/auth-layout-CZtzJmh4.js                              3.03 kB │ gzip:   1.37 kB
public/build/assets/report-launcher-D6P5GhZo.js                          3.03 kB │ gzip:   1.51 kB
public/build/assets/tab-strip-DKprZo_J.js                                3.03 kB │ gzip:   1.38 kB
public/build/assets/_overview-map-card-CSCyRSso.js                       3.06 kB │ gzip:   1.49 kB
public/build/assets/reset-password-CRT5oLR8.js                           3.08 kB │ gzip:   1.25 kB
public/build/assets/donut-card-laH1TFVz.js                               3.12 kB │ gzip:   1.34 kB
public/build/assets/two-factor-challenge-DfHFRyDs.js                     3.13 kB │ gzip:   1.47 kB
public/build/assets/dictate-button-22UCWWFQ.js                           3.14 kB │ gzip:   1.60 kB
public/build/assets/use-specialist-form-defaults-BALR33G_.js             3.14 kB │ gzip:   1.56 kB
public/build/assets/client-edit-dialog-D4VLcRVv.js                       3.16 kB │ gzip:   1.57 kB
public/build/assets/record-care-actions-D5ADevEz.js                      3.18 kB │ gzip:   1.39 kB
public/build/assets/document-library-kit-DZadW51n.js                     3.19 kB │ gzip:   1.08 kB
public/build/assets/risk-assessments-581o5PWw.js                         3.21 kB │ gzip:   1.54 kB
public/build/assets/recorded-detail-dialog-CIQ8gjqU.js                   3.22 kB │ gzip:   1.59 kB
public/build/assets/my-provisioning-list-CCVjhToX.js                     3.27 kB │ gzip:   1.55 kB
public/build/assets/resident-map-BMy-9RJU.js                             3.31 kB │ gzip:   1.61 kB
public/build/assets/control-room-row-actions-gml_pMGK.js                 3.31 kB │ gzip:   1.49 kB
public/build/assets/row-context-menu-BuvIqrKq.js                         3.33 kB │ gzip:   1.64 kB
public/build/assets/leave-context-menu-DLPvYjQP.js                       3.33 kB │ gzip:   1.64 kB
public/build/assets/_context-menu-CeQQh61p.js                            3.33 kB │ gzip:   1.60 kB
public/build/assets/fleet-compact-hero-BDmHPlRb.js                       3.33 kB │ gzip:   1.45 kB
public/build/assets/compensation-tabs-BF2FKDWI.js                        3.34 kB │ gzip:   1.62 kB
public/build/assets/hs-hero-kit-BoxHvPUS.js                              3.36 kB │ gzip:   1.54 kB
public/build/assets/task-steps-Dpg7LksM.js                               3.38 kB │ gzip:   1.59 kB
public/build/assets/inspections-CObFBP9m.js                              3.38 kB │ gzip:   1.38 kB
public/build/assets/shift-med-snapshot-29gaHb4C.js                       3.39 kB │ gzip:   1.36 kB
public/build/assets/device-profile-navigation-BE4agCX7.js                3.40 kB │ gzip:   1.66 kB
public/build/assets/ra-register-section-DqeX5lix.js                      3.46 kB │ gzip:   1.76 kB
public/build/assets/command--KI_yTwS.js                                  3.47 kB │ gzip:   1.07 kB
public/build/assets/shift-context-menu-D0DgSK9K.js                       3.49 kB │ gzip:   1.66 kB
public/build/assets/_emergency-checklist-SXMESjUt.js                     3.52 kB │ gzip:   1.54 kB
public/build/assets/checklists-DgC1DSeg.js                               3.52 kB │ gzip:   1.68 kB
public/build/assets/handover-context-menu-DF1l7xek.js                    3.55 kB │ gzip:   1.54 kB
public/build/assets/_readiness-panel-DFX14V9j.js                         3.59 kB │ gzip:   1.64 kB
public/build/assets/edit-B-bIqJUh.js                                     3.60 kB │ gzip:   1.61 kB
public/build/assets/filter-bar-BiTSSg-3.js                               3.63 kB │ gzip:   1.44 kB
public/build/assets/journey-term-help-BSZCWfm4.js                        3.64 kB │ gzip:   1.45 kB
public/build/assets/alert-dialog-BMB5sr-Z.js                             3.76 kB │ gzip:   1.11 kB
public/build/assets/_geometry-Dx1kFP0e.js                                3.80 kB │ gzip:   1.60 kB
public/build/assets/posting-preview-BpabEBoa.js                          3.85 kB │ gzip:   1.66 kB
public/build/assets/register-CCbk8zJH.js                                 3.88 kB │ gzip:   1.46 kB
public/build/assets/MedicationScanVerificationPanel-wnk5dvzS.js          3.89 kB │ gzip:   1.61 kB
public/build/assets/documents-B0ZyEzuy.js                                3.92 kB │ gzip:   1.75 kB
public/build/assets/task-detail-dialog-CpqcnfEk.js                       3.94 kB │ gzip:   1.80 kB
public/build/assets/reference-questionnaire-B1oMJrnr.js                  3.94 kB │ gzip:   1.81 kB
public/build/assets/shift-timeline-summary-C54OF2om.js                   3.99 kB │ gzip:   1.66 kB
public/build/assets/login-93vNUdhe.js                                    4.01 kB │ gzip:   1.72 kB
public/build/assets/governed-location-export-dialog-C4c4YuxU.js          4.01 kB │ gzip:   1.97 kB
public/build/assets/shared-B-isv4T-.js                                   4.01 kB │ gzip:   1.96 kB
public/build/assets/calendar-DVYfnsOk.js                                 4.03 kB │ gzip:   1.78 kB
public/build/assets/shift-summary-B0dk6c_7.js                            4.10 kB │ gzip:   1.70 kB
public/build/assets/empty-state-CZgfFpBU.js                              4.11 kB │ gzip:   1.82 kB
public/build/assets/index-Bpzl9rqK.js                                    4.13 kB │ gzip:   0.83 kB
public/build/assets/_dialogs-ypd1cccv.js                                 4.14 kB │ gzip:   1.86 kB
public/build/assets/use-two-factor-auth-BnewKLLk.js                      4.15 kB │ gzip:   1.77 kB
public/build/assets/site-profile-states-CJjw4xoV.js                      4.17 kB │ gzip:   1.56 kB
public/build/assets/board-bits-DeR9DpcX.js                               4.19 kB │ gzip:   1.58 kB
public/build/assets/hazards-ClgaB0LO.js                                  4.24 kB │ gzip:   1.95 kB
public/build/assets/Create-QWZmwBEC.js                                   4.29 kB │ gzip:   1.93 kB
public/build/assets/estate-operations-BP5SniGf.js                        4.29 kB │ gzip:   1.73 kB
public/build/assets/generate-rounds-modal-7fIAcKP9.js                    4.33 kB │ gzip:   2.11 kB
public/build/assets/assets-Ca6xuXyw.js                                   4.33 kB │ gzip:   1.72 kB
public/build/assets/wizard-fields-YdSwo9ny.js                            4.34 kB │ gzip:   1.90 kB
public/build/assets/first-aid-tab-D7s0ilRf.js                            4.34 kB │ gzip:   1.79 kB
public/build/assets/login-DHof5Yua.js                                    4.37 kB │ gzip:   1.85 kB
public/build/assets/privacy-shared-DRMFlrXV.js                           4.39 kB │ gzip:   1.65 kB
public/build/assets/hardware-57r0LJ_j.js                                 4.43 kB │ gzip:   1.96 kB
public/build/assets/Edit-C3YvXS8Q.js                                     4.47 kB │ gzip:   2.08 kB
public/build/assets/shift-audit-timeline-CDCGfLmf.js                     4.49 kB │ gzip:   1.83 kB
public/build/assets/shared-Cd1I3723.js                                   4.50 kB │ gzip:   1.74 kB
public/build/assets/applicable-procedures-panel-BvIrNB0j.js              4.52 kB │ gzip:   1.75 kB
public/build/assets/concern-BskkWQC3.js                                  4.53 kB │ gzip:   2.10 kB
public/build/assets/task-help-Dr8Nv3YA.js                                4.61 kB │ gzip:   1.95 kB
public/build/assets/meal-planner-DrUot2TK.js                             4.62 kB │ gzip:   2.15 kB
public/build/assets/client-clinical-launchers-vR-9RBzX.js                4.62 kB │ gzip:   2.10 kB
public/build/assets/incidents-tab-BWBEVLfO.js                            4.72 kB │ gzip:   1.85 kB
public/build/assets/show-x_yI3FXo.js                                     4.72 kB │ gzip:   2.20 kB
public/build/assets/dialog-C_y-TgkJ.js                                   4.75 kB │ gzip:   1.58 kB
public/build/assets/donut-card-BwnfSjei.js                               4.76 kB │ gzip:   2.08 kB
public/build/assets/control-room-workspace-hero-BWCoAKG5.js              4.76 kB │ gzip:   2.26 kB
public/build/assets/plan-DQv4Fxrw.js                                     4.77 kB │ gzip:   2.14 kB
public/build/assets/Placeholder-Bqsivl6w.js                              4.80 kB │ gzip:   2.27 kB
public/build/assets/_asset-dialogs-D5oSNJLF.js                           4.83 kB │ gzip:   2.29 kB
public/build/assets/entity-filter-Bgf6scyO.js                            4.89 kB │ gzip:   2.28 kB
public/build/assets/permission-destinations-mqAVqVQV.js                  4.93 kB │ gzip:   1.13 kB
public/build/assets/page-tabs-CzTYjVCh.js                                4.94 kB │ gzip:   2.03 kB
public/build/assets/show-hTnEdmHd.js                                     4.97 kB │ gzip:   2.22 kB
public/build/assets/whats-next-rail-WQT9BNRg.js                          4.99 kB │ gzip:   2.37 kB
public/build/assets/index-NybMm_9W.js                                    5.02 kB │ gzip:   2.23 kB
public/build/assets/client-safety-ribbon-B6uIGHcx.js                     5.10 kB │ gzip:   2.24 kB
public/build/assets/entity-table-BzRCAHah.js                             5.12 kB │ gzip:   2.24 kB
public/build/assets/show-CCmfrunY.js                                     5.13 kB │ gzip:   2.35 kB
public/build/assets/show-5FFfgnpg.js                                     5.14 kB │ gzip:   2.17 kB
public/build/assets/Index-BWybifOO.js                                    5.15 kB │ gzip:   2.32 kB
public/build/assets/show-CZMZOZ6Y.js                                     5.15 kB │ gzip:   2.15 kB
public/build/assets/prn-effect-dialog-B46DaOgy.js                        5.19 kB │ gzip:   2.28 kB
public/build/assets/Submissions-DMd6sMF_.js                              5.19 kB │ gzip:   2.37 kB
public/build/assets/Calendar-2nsInjgC.js                                 5.20 kB │ gzip:   2.31 kB
public/build/assets/shared-8MdGDW67.js                                   5.20 kB │ gzip:   2.04 kB
public/build/assets/day-picker-chip-CR2WRT1K.js                          5.21 kB │ gzip:   2.23 kB
public/build/assets/list-view-qL5yZ5bo.js                                5.22 kB │ gzip:   1.83 kB
public/build/assets/index-BNdRZmUP.js                                    5.23 kB │ gzip:   2.32 kB
public/build/assets/global-C8biSoWz.js                                   5.25 kB │ gzip:   2.35 kB
public/build/assets/before-you-finish-vK7l6lsC.js                        5.29 kB │ gzip:   2.14 kB
public/build/assets/wizard-shell-DYSrbYio.js                             5.31 kB │ gzip:   2.31 kB
public/build/assets/application-status-D2TQbxkR.js                       5.31 kB │ gzip:   2.16 kB
public/build/assets/care-plan-domains-builder-BNmVzrNc.js                5.33 kB │ gzip:   2.08 kB
public/build/assets/index-C5zl4T9_.js                                    5.34 kB │ gzip:   2.40 kB
public/build/assets/shared-CmyqTydH.js                                   5.34 kB │ gzip:   2.38 kB
public/build/assets/entity-menu-Srv79zhh.js                              5.35 kB │ gzip:   2.46 kB
public/build/assets/_thumbnail-iPuPKnUQ.js                               5.38 kB │ gzip:   2.54 kB
public/build/assets/contacts-C1T3Kpoc.js                                 5.38 kB │ gzip:   2.30 kB
public/build/assets/paperwork-panel-SCzujv9q.js                          5.41 kB │ gzip:   2.35 kB
public/build/assets/Calendar-B1x1U_j-.js                                 5.42 kB │ gzip:   2.43 kB
public/build/assets/index-dR349PJD.js                                    5.43 kB │ gzip:   2.50 kB
public/build/assets/index-C6wVM7HE.js                                    5.45 kB │ gzip:   0.87 kB
public/build/assets/audit-CfbOTk6i.js                                    5.58 kB │ gzip:   2.53 kB
public/build/assets/index-C0YGCZCp.js                                    5.59 kB │ gzip:   2.43 kB
public/build/assets/date-popover-C-ab7RLf.js                             5.60 kB │ gzip:   2.41 kB
public/build/assets/audit-log-modal-BT6bgnAZ.js                          5.60 kB │ gzip:   2.52 kB
public/build/assets/medication-review-modal-D7wO8smN.js                  5.64 kB │ gzip:   2.55 kB
public/build/assets/index-UEsB2rx9.js                                    5.65 kB │ gzip:   2.61 kB
public/build/assets/index-Cmrb_WPz.js                                    5.72 kB │ gzip:   2.60 kB
public/build/assets/index-CTnoyGNZ.js                                    5.74 kB │ gzip:   2.64 kB
public/build/assets/with-concerns-Cj2zdy7q.js                            5.76 kB │ gzip:   2.58 kB
public/build/assets/with-incidents-CQ7GYgfc.js                           5.76 kB │ gzip:   2.57 kB
public/build/assets/complete-obligation-dialog-NYxAzZQ2.js               5.76 kB │ gzip:   2.57 kB
public/build/assets/emergency-plan-BRKzoZre.js                           5.77 kB │ gzip:   2.60 kB
public/build/assets/index-ByBktunT.js                                    5.78 kB │ gzip:   2.58 kB
public/build/assets/show-CGlIdsFj.js                                     5.78 kB │ gzip:   2.62 kB
public/build/assets/rhythms-routines-BsRu7z0Q.js                         5.79 kB │ gzip:   2.63 kB
public/build/assets/index-CKUxpJiD.js                                    5.83 kB │ gzip:   2.63 kB
public/build/assets/index-tjGTjMtK.js                                    5.84 kB │ gzip:   2.51 kB
public/build/assets/index-DCuqodYV.js                                    5.84 kB │ gzip:   2.51 kB
public/build/assets/index-NwXO1i_q.js                                    5.84 kB │ gzip:   2.51 kB
public/build/assets/show-B_ie-eJq.js                                     5.86 kB │ gzip:   2.33 kB
public/build/assets/select-Dd2S1_gO.js                                   5.86 kB │ gzip:   1.90 kB
public/build/assets/multi-entity-filter-DpyU4jY_.js                      5.86 kB │ gzip:   2.62 kB
public/build/assets/dropdown-menu-DgBaBFpx.js                            5.88 kB │ gzip:   1.65 kB
public/build/assets/stat-tile-CScK2rbG.js                                5.89 kB │ gzip:   2.52 kB
public/build/assets/GovernanceAttachmentsPanel-Bb9EOJVk.js               5.91 kB │ gzip:   2.49 kB
public/build/assets/index-Dx7NZWid.js                                    5.92 kB │ gzip:   2.63 kB
public/build/assets/for-stay-BP43I9yi.js                                 5.93 kB │ gzip:   2.63 kB
public/build/assets/create-JgOUEYJO.js                                   5.94 kB │ gzip:   2.45 kB
public/build/assets/_helpers-Bc8XC34X.js                                 5.94 kB │ gzip:   2.44 kB
public/build/assets/show-DeNox93J.js                                     5.97 kB │ gzip:   2.67 kB
public/build/assets/Create-BDLEnFyD.js                                   6.01 kB │ gzip:   2.77 kB
public/build/assets/compliance-bits-CiI1QYgq.js                          6.05 kB │ gzip:   2.54 kB
public/build/assets/index-D9g8UW6W.js                                    6.06 kB │ gzip:   1.04 kB
public/build/assets/link-client-dialog-D16fERRb.js                       6.06 kB │ gzip:   2.58 kB
public/build/assets/overdue-Co8NCViF.js                                  6.07 kB │ gzip:   2.66 kB
public/build/assets/stream-context-menu-D95gXx0Z.js                      6.08 kB │ gzip:   2.79 kB
public/build/assets/Show-6SD_W_kF.js                                     6.11 kB │ gzip:   2.72 kB
public/build/assets/unacknowledged-Ds08gxLI.js                           6.11 kB │ gzip:   2.66 kB
public/build/assets/overdue-DEYM1TM-.js                                  6.11 kB │ gzip:   2.67 kB
public/build/assets/my-active-Czgz8hvd.js                                6.11 kB │ gzip:   2.73 kB
public/build/assets/food-meal-C0yV7cAE.js                                6.12 kB │ gzip:   2.11 kB
public/build/assets/Create-Ch72f6kZ.js                                   6.14 kB │ gzip:   2.78 kB
public/build/assets/maps-usage-B5iOnKon.js                               6.19 kB │ gzip:   2.72 kB
public/build/assets/compliance-hub-header-BJYMP0gl.js                    6.22 kB │ gzip:   2.75 kB
public/build/assets/recognition-wizard-DIlotELr.js                       6.27 kB │ gzip:   2.43 kB
public/build/assets/index-BgUi4R6q.js                                    6.30 kB │ gzip:   0.99 kB
public/build/assets/for-client-BugUv_Gg.js                               6.31 kB │ gzip:   2.75 kB
public/build/assets/quick-note-dialog-D0udiv1Y.js                        6.36 kB │ gzip:   2.65 kB
public/build/assets/use-my-day-labels-CyT6Oz92.js                        6.38 kB │ gzip:   2.60 kB
public/build/assets/stock-movement-modal-DWQbSn-O.js                     6.40 kB │ gzip:   2.62 kB
public/build/assets/offer-response-DUi6Zh49.js                           6.41 kB │ gzip:   2.61 kB
public/build/assets/Index-D4MAIn7v.js                                    6.41 kB │ gzip:   2.82 kB
public/build/assets/compensation-hero-BEp1CK2F.js                        6.42 kB │ gzip:   2.49 kB
public/build/assets/meal-planner-C-y4nIsH.js                             6.43 kB │ gzip:   2.86 kB
public/build/assets/needing-acknowledgment-801LqeBo.js                   6.43 kB │ gzip:   2.74 kB
public/build/assets/for-stay-vs2CLwfH.js                                 6.45 kB │ gzip:   2.86 kB
public/build/assets/price-book-dialog-ByJhpBei.js                        6.47 kB │ gzip:   2.74 kB
public/build/assets/assignments-Dn8-yY3h.js                              6.48 kB │ gzip:   3.08 kB
public/build/assets/auto-rule-builder-DFhDMfl_.js                        6.50 kB │ gzip:   2.42 kB
public/build/assets/tabs-Cs17kKKb.js                                     6.50 kB │ gzip:   2.68 kB
public/build/assets/checklist-trends-CKBLTsf1.js                         6.50 kB │ gzip:   2.83 kB
public/build/assets/show-DMxiyAJD.js                                     6.52 kB │ gzip:   3.02 kB
public/build/assets/list-view-DaOScYH2.js                                6.53 kB │ gzip:   2.36 kB
public/build/assets/clients-BI_H6Qc8.js                                  6.55 kB │ gzip:   2.78 kB
public/build/assets/trend-charts-D3-lwjyR.js                             6.56 kB │ gzip:   2.54 kB
public/build/assets/for-stay-D46j3ofY.js                                 6.56 kB │ gzip:   2.94 kB
public/build/assets/ppe-shared-CuU907iI.js                               6.56 kB │ gzip:   2.65 kB
public/build/assets/actions-reviews-BsH7UA-H.js                          6.59 kB │ gzip:   2.68 kB
public/build/assets/my-tasks-Yh1AFDKc.js                                 6.64 kB │ gzip:   2.92 kB
public/build/assets/sortable.esm-TrASzQ3t.js                             6.64 kB │ gzip:   2.78 kB
public/build/assets/combined-BCR4Z_O8.js                                 6.67 kB │ gzip:   2.85 kB
public/build/assets/awaiting-approval-BLTYuRtx.js                        6.68 kB │ gzip:   2.87 kB
public/build/assets/index-D4cLTk3y.js                                    6.72 kB │ gzip:   2.88 kB
public/build/assets/assets-CUR2mNf_.js                                   6.73 kB │ gzip:   2.80 kB
public/build/assets/checklist-DIafZrit.js                                6.74 kB │ gzip:   2.93 kB
public/build/assets/_registers-DhJ-SRkn.js                               6.74 kB │ gzip:   2.64 kB
public/build/assets/Show-n0eD1fO-.js                                     6.77 kB │ gzip:   2.78 kB
public/build/assets/shift-calendar-view-C4owwgn2.js                      6.78 kB │ gzip:   2.74 kB
public/build/assets/handover-rail-jezp6VCO.js                            6.79 kB │ gzip:   2.87 kB
public/build/assets/_header-CdOnEEG7.js                                  6.79 kB │ gzip:   3.14 kB
public/build/assets/Show-CPwlybL0.js                                     6.80 kB │ gzip:   2.90 kB
public/build/assets/index-BKuL1aI8.js                                    6.82 kB │ gzip:   1.08 kB
public/build/assets/Index-BpfofP7Q.js                                    6.82 kB │ gzip:   2.90 kB
public/build/assets/preferences-MaF2uSKz.js                              6.85 kB │ gzip:   3.08 kB
public/build/assets/review-DcPfv-em.js                                   6.87 kB │ gzip:   2.93 kB
public/build/assets/clock-in-wizard-CPpK_MGQ.js                          6.88 kB │ gzip:   2.94 kB
public/build/assets/board-view-CVJL9HEf.js                               6.89 kB │ gzip:   2.71 kB
public/build/assets/day-work-list-DZKiAQg_.js                            6.91 kB │ gzip:   2.82 kB
public/build/assets/Committee-BPRjc7K6.js                                6.93 kB │ gzip:   3.10 kB
public/build/assets/index-CMwoBGuB.js                                    6.94 kB │ gzip:   2.81 kB
public/build/assets/index-BW65OdhG.js                                    6.94 kB │ gzip:   1.05 kB
public/build/assets/Logs-qM-e0ueg.js                                     6.96 kB │ gzip:   2.89 kB
public/build/assets/Create-C2YOwg4g.js                                   6.97 kB │ gzip:   3.09 kB
public/build/assets/fleet-charts-DOKUIcvc.js                             7.03 kB │ gzip:   2.98 kB
public/build/assets/alert-worklist-DELBg6mg.js                           7.05 kB │ gzip:   2.64 kB
public/build/assets/_site-geofence-dialog-BNWQXq4H.js                    7.06 kB │ gzip:   2.69 kB
public/build/assets/create-DE9Vhfcl.js                                   7.06 kB │ gzip:   3.09 kB
public/build/assets/Edit-DVHJfX12.js                                     7.07 kB │ gzip:   3.04 kB
public/build/assets/create-Bzt9Q-nT.js                                   7.08 kB │ gzip:   2.98 kB
public/build/assets/reports-modal-CgzOeSjA.js                            7.13 kB │ gzip:   2.96 kB
public/build/assets/BoardMonthly-BkyAEDez.js                             7.15 kB │ gzip:   2.99 kB
public/build/assets/monitoring-incident-evidence-card-DtRSTG4a.js        7.16 kB │ gzip:   2.51 kB
public/build/assets/fix-clock-out-wizard-BHWqLHqM.js                     7.18 kB │ gzip:   3.06 kB
public/build/assets/fleet-hero-kit-CCRHX50l.js                           7.19 kB │ gzip:   2.89 kB
public/build/assets/Create-CwdF99h_.js                                   7.19 kB │ gzip:   3.15 kB
public/build/assets/leave-excursions-QAZXxcEE.js                         7.21 kB │ gzip:   2.38 kB
public/build/assets/Index-B2no8AGS.js                                    7.22 kB │ gzip:   3.11 kB
public/build/assets/payroll-adjustments-B6PahBoY.js                      7.24 kB │ gzip:   2.90 kB
public/build/assets/Index-Q8fVttno.js                                    7.28 kB │ gzip:   3.25 kB
public/build/assets/Show-CqWaA_By.js                                     7.30 kB │ gzip:   2.96 kB
public/build/assets/new-journal-dialog-gW563s6O.js                       7.31 kB │ gzip:   2.69 kB
public/build/assets/deletion-logs-dhevbWTA.js                            7.31 kB │ gzip:   3.17 kB
public/build/assets/respite-fjStqaYk.js                                  7.31 kB │ gzip:   2.81 kB
public/build/assets/Index-B8bD0GUn.js                                    7.33 kB │ gzip:   3.24 kB
public/build/assets/Mapping-BdKwjz1f.js                                  7.34 kB │ gzip:   3.06 kB
public/build/assets/people-picker-ClCo2v9l.js                            7.35 kB │ gzip:   3.14 kB
public/build/assets/show-B3jD-Pxp.js                                     7.35 kB │ gzip:   2.97 kB
public/build/assets/Show-DRL-77oC.js                                     7.36 kB │ gzip:   2.98 kB
public/build/assets/for-stay-DCdS3zq8.js                                 7.40 kB │ gzip:   3.09 kB
public/build/assets/assignments-Bp6UkRuG.js                              7.42 kB │ gzip:   3.40 kB
public/build/assets/medical-simple-BQ26_l8H.js                           7.46 kB │ gzip:   3.27 kB
public/build/assets/_review-dialog-BRQ2X4Q9.js                           7.47 kB │ gzip:   3.13 kB
public/build/assets/compliance-hero-CMZkhv1g.js                          7.56 kB │ gzip:   2.61 kB
public/build/assets/index-C5_KWU23.js                                    7.58 kB │ gzip:   3.19 kB
public/build/assets/shared-DL6fwnD0.js                                   7.61 kB │ gzip:   3.04 kB
public/build/assets/history-index-DyQYl5kK.js                            7.62 kB │ gzip:   3.35 kB
public/build/assets/show-CsbOB5Ck.js                                     7.62 kB │ gzip:   3.36 kB
public/build/assets/pending-CkF_Mogr.js                                  7.67 kB │ gzip:   3.27 kB
public/build/assets/Index-XURgsX2F.js                                    7.70 kB │ gzip:   3.12 kB
public/build/assets/Index-NFGQqdz2.js                                    7.75 kB │ gzip:   3.15 kB
public/build/assets/report-error-modal-DiBsIMBc.js                       7.76 kB │ gzip:   3.27 kB
public/build/assets/notifications-BOjmQQwO.js                            7.77 kB │ gzip:   3.43 kB
public/build/assets/communication-notes-DrhIG64N.js                      7.79 kB │ gzip:   3.17 kB
public/build/assets/CheckShift-B1iYH9pc.js                               7.80 kB │ gzip:   3.30 kB
public/build/assets/shoutouts-D70i5UJH.js                                7.85 kB │ gzip:   3.42 kB
public/build/assets/index-C2aqdcbh.js                                    7.90 kB │ gzip:   3.27 kB
public/build/assets/availability-By5B5GRk.js                             7.91 kB │ gzip:   3.50 kB
public/build/assets/Changes-DvcCPXMS.js                                  7.91 kB │ gzip:   3.35 kB
public/build/assets/daily-note-entry-CL6ssQ8W.js                         7.97 kB │ gzip:   3.03 kB
public/build/assets/index-CUgKTsnx.js                                    7.98 kB │ gzip:   2.99 kB
public/build/assets/incidents-BZDkVTjD.js                                7.99 kB │ gzip:   3.18 kB
public/build/assets/Create-CW2e7CI4.js                                   8.00 kB │ gzip:   3.37 kB
public/build/assets/password-DYfNaYk9.js                                 8.00 kB │ gzip:   3.17 kB
public/build/assets/attestations-DUbfDwgD.js                             8.04 kB │ gzip:   3.48 kB
public/build/assets/run-DB7IZxBg.js                                      8.05 kB │ gzip:   2.78 kB
public/build/assets/file-dropzone-DWBLMrb6.js                            8.08 kB │ gzip:   3.49 kB
public/build/assets/audit-history-BLBl9ImN.js                            8.13 kB │ gzip:   3.26 kB
public/build/assets/_tool-palette-zigJsa4j.js                            8.14 kB │ gzip:   2.96 kB
public/build/assets/Index-Dyg6NgS2.js                                    8.21 kB │ gzip:   3.60 kB
public/build/assets/Index-Cw6HVfTP.js                                    8.21 kB │ gzip:   3.59 kB
public/build/assets/ComplianceStatus-DFZDpz8k.js                         8.25 kB │ gzip:   3.33 kB
public/build/assets/asset-condition-B8BKsrwi.js                          8.26 kB │ gzip:   3.30 kB
public/build/assets/credentials-Du94-CzG.js                              8.26 kB │ gzip:   3.38 kB
public/build/assets/shell-LEbvbXba.js                                    8.30 kB │ gzip:   2.99 kB
public/build/assets/work-schedule-AhInuPIy.js                            8.30 kB │ gzip:   3.43 kB
public/build/assets/index-CUZMgjRT.js                                    8.32 kB │ gzip:   3.54 kB
public/build/assets/Index-D5t64rZ5.js                                    8.32 kB │ gzip:   3.42 kB
public/build/assets/index-CnW5GDcl.js                                    8.32 kB │ gzip:   3.55 kB
public/build/assets/Entries-BBcTKQva.js                                  8.35 kB │ gzip:   3.56 kB
public/build/assets/settings-C7KHMI_Y.js                                 8.37 kB │ gzip:   3.62 kB
public/build/assets/Edit-D1LW9syY.js                                     8.39 kB │ gzip:   3.66 kB
public/build/assets/round-template-dialog-zRUcS9-U.js                    8.39 kB │ gzip:   3.49 kB
public/build/assets/reassign-dialog-BGx_HqSw.js                          8.42 kB │ gzip:   3.60 kB
public/build/assets/Index-lW_eZv6Z.js                                    8.43 kB │ gzip:   3.65 kB
public/build/assets/index-Dlg97wMc.js                                    8.44 kB │ gzip:   1.27 kB
public/build/assets/show-D19O7Rzl.js                                     8.45 kB │ gzip:   2.85 kB
public/build/assets/form-wizard-CPFQypa5.js                              8.49 kB │ gzip:   3.49 kB
public/build/assets/my-day-header-JZhX1OtM.js                            8.51 kB │ gzip:   3.70 kB
public/build/assets/show-FSqvpoqf.js                                     8.51 kB │ gzip:   3.81 kB
public/build/assets/Aging-DuhVzxvM.js                                    8.54 kB │ gzip:   3.33 kB
public/build/assets/overdue-actions-C3QVzoeW.js                          8.55 kB │ gzip:   3.55 kB
public/build/assets/Committee-COxGlppm.js                                8.66 kB │ gzip:   3.47 kB
public/build/assets/MyInterests-CQxr2Vwq.js                              8.66 kB │ gzip:   3.55 kB
public/build/assets/assess-BKqitxPY.js                                   8.66 kB │ gzip:   3.60 kB
public/build/assets/primitives-Bm6Om4Ni.js                               8.69 kB │ gzip:   3.27 kB
public/build/assets/index-C5AbEXYX.js                                    8.69 kB │ gzip:   3.62 kB
public/build/assets/bank-account-dialog-CiquYU12.js                      8.70 kB │ gzip:   3.38 kB
public/build/assets/Index-ClKBa55H.js                                    8.71 kB │ gzip:   3.74 kB
public/build/assets/Index-GRaNHcrB.js                                    8.73 kB │ gzip:   3.74 kB
public/build/assets/ClientTrends-S4-1uIJj.js                             8.76 kB │ gzip:   3.75 kB
public/build/assets/personal-entry-dialog-d2W92jQK.js                    8.79 kB │ gzip:   3.30 kB
public/build/assets/Index--ruh5voQ.js                                    8.80 kB │ gzip:   3.52 kB
public/build/assets/index-BgsdiEef.js                                    8.82 kB │ gzip:   1.26 kB
public/build/assets/index-BuCm2JoR.js                                    8.83 kB │ gzip:   3.46 kB
public/build/assets/index-C-q4jF_U.js                                    8.83 kB │ gzip:   3.76 kB
public/build/assets/index-BffleUoh.js                                    8.84 kB │ gzip:   3.84 kB
public/build/assets/add-medication-modal-CnniOwUk.js                     8.87 kB │ gzip:   3.64 kB
public/build/assets/reports-CBbXU--Q.js                                  8.96 kB │ gzip:   3.72 kB
public/build/assets/timeline-interactions-BDEPRlGr.js                    8.96 kB │ gzip:   3.62 kB
public/build/assets/CarePlans-rWUGDm5O.js                                8.97 kB │ gzip:   3.60 kB
public/build/assets/Index-BoDPdqRI.js                                    9.02 kB │ gzip:   3.79 kB
public/build/assets/Index-Dp2Dv9_p.js                                    9.04 kB │ gzip:   3.83 kB
public/build/assets/fleet-CZW1WAtE.js                                    9.05 kB │ gzip:   3.15 kB
public/build/assets/Create-BxplqvMW.js                                   9.08 kB │ gzip:   3.86 kB
public/build/assets/hero-kit-CNxXV1ql.js                                 9.08 kB │ gzip:   2.98 kB
public/build/assets/Create-sLxjOLJ8.js                                   9.09 kB │ gzip:   3.69 kB
public/build/assets/Index-CgzMbL7C.js                                    9.09 kB │ gzip:   3.85 kB
public/build/assets/Attestations-Cb9zCO-k.js                             9.12 kB │ gzip:   3.73 kB
public/build/assets/history-CtEKUSM9.js                                  9.14 kB │ gzip:   3.67 kB
public/build/assets/Create-CSA_pvHM.js                                   9.16 kB │ gzip:   3.72 kB
public/build/assets/Index-OmyjpV1o.js                                    9.17 kB │ gzip:   3.96 kB
public/build/assets/benefits-CCwwIorG.js                                 9.18 kB │ gzip:   3.63 kB
public/build/assets/Edit-CJlGPYdB.js                                     9.22 kB │ gzip:   3.82 kB
public/build/assets/Dashboard-CThUaB6w.js                                9.23 kB │ gzip:   3.82 kB
public/build/assets/reimbursement-CAxXoqyw.js                            9.25 kB │ gzip:   3.59 kB
public/build/assets/note-rail-DVROu8Ft.js                                9.25 kB │ gzip:   3.52 kB
public/build/assets/module-D0xJgMfk.js                                   9.25 kB │ gzip:   4.12 kB
public/build/assets/index-BMOaAx0y.js                                    9.26 kB │ gzip:   3.90 kB
public/build/assets/Create-DKKwJq5B.js                                   9.27 kB │ gzip:   3.82 kB
public/build/assets/create-D_gjIS3G.js                                   9.29 kB │ gzip:   3.89 kB
public/build/assets/upload-DqUjs8S2.js                                   9.30 kB │ gzip:   3.88 kB
public/build/assets/show-WLw8gYQd.js                                     9.33 kB │ gzip:   3.70 kB
public/build/assets/shift-show-redesign-BwHo6UhE.js                      9.34 kB │ gzip:   3.58 kB
public/build/assets/Index-Dm_57bQY.js                                    9.34 kB │ gzip:   4.09 kB
public/build/assets/Index-DYUp9hEe.js                                    9.35 kB │ gzip:   3.91 kB
public/build/assets/Index-D-9RjDPz.js                                    9.35 kB │ gzip:   3.60 kB
public/build/assets/Edit-DG9anK3x.js                                     9.36 kB │ gzip:   3.81 kB
public/build/assets/cd-register-modal-CyQtxpwe.js                        9.37 kB │ gzip:   3.85 kB
public/build/assets/retention-CVurNGdV.js                                9.38 kB │ gzip:   3.74 kB
public/build/assets/Create-DuIKMEMY.js                                   9.38 kB │ gzip:   3.79 kB
public/build/assets/_manage-types-dialog-CRkGVt3e.js                     9.39 kB │ gzip:   3.83 kB
public/build/assets/respond-CMrHlkS4.js                                  9.42 kB │ gzip:   4.11 kB
public/build/assets/index-BjBA2JMq.js                                    9.43 kB │ gzip:   3.83 kB
public/build/assets/Index-DjWa13uC.js                                    9.44 kB │ gzip:   3.74 kB
public/build/assets/Index-CBZpEfcd.js                                    9.44 kB │ gzip:   3.76 kB
public/build/assets/Index-C6aWiBTX.js                                    9.45 kB │ gzip:   3.94 kB
public/build/assets/Create-CeySRsTS.js                                   9.45 kB │ gzip:   3.82 kB
public/build/assets/Edit-d4Izf5yd.js                                     9.46 kB │ gzip:   3.85 kB
public/build/assets/create-CLaQkmAU.js                                   9.48 kB │ gzip:   3.91 kB
public/build/assets/reviews-rGlqG8rf.js                                  9.49 kB │ gzip:   4.24 kB
public/build/assets/Trends-o1bglnpA.js                                   9.49 kB │ gzip:   3.85 kB
public/build/assets/Create-ClnFmr94.js                                   9.51 kB │ gzip:   3.83 kB
public/build/assets/Create-CZoyJXOz.js                                   9.51 kB │ gzip:   3.81 kB
public/build/assets/for-stay-DdflhTgp.js                                 9.61 kB │ gzip:   3.72 kB
public/build/assets/index-CE4RfQ_v.js                                    9.61 kB │ gzip:   3.83 kB
public/build/assets/Index-C7jJRmnw.js                                    9.62 kB │ gzip:   4.01 kB
public/build/assets/Edit-BRwWhCE-.js                                     9.64 kB │ gzip:   4.03 kB
public/build/assets/pending-D3qztM82.js                                  9.64 kB │ gzip:   3.67 kB
public/build/assets/my-calendar-sfcVIzCQ.js                              9.65 kB │ gzip:   4.47 kB
public/build/assets/index-Bnfeb6_4.js                                    9.67 kB │ gzip:   4.06 kB
public/build/assets/family-tree-BCwmxxC-.js                              9.68 kB │ gzip:   3.65 kB
public/build/assets/Index-xp8FKNpL.js                                    9.69 kB │ gzip:   3.93 kB
public/build/assets/index-Bt5JHhvs.js                                    9.70 kB │ gzip:   3.86 kB
public/build/assets/create-BvUGZblB.js                                   9.70 kB │ gzip:   4.13 kB
public/build/assets/AgedPayables-ClB1ETmN.js                             9.73 kB │ gzip:   3.50 kB
public/build/assets/BoardMembers-BuqHXydS.js                             9.73 kB │ gzip:   4.06 kB
public/build/assets/stream-item-BKDXx104.js                              9.74 kB │ gzip:   3.61 kB
public/build/assets/AgedReceivables-CdisMtkW.js                          9.75 kB │ gzip:   3.50 kB
public/build/assets/Show-BStkYUiY.js                                     9.77 kB │ gzip:   3.94 kB
public/build/assets/linked-operational-evidence-Bobg8qcA.js              9.78 kB │ gzip:   3.16 kB
public/build/assets/_food-meal-preferences-hPUREasp.js                   9.82 kB │ gzip:   3.80 kB
public/build/assets/Show-gm_bOP3t.js                                     9.83 kB │ gzip:   3.45 kB
public/build/assets/Index-DTZ7Ioqf.js                                    9.85 kB │ gzip:   4.07 kB
public/build/assets/create-CjMty4Wi.js                                   9.85 kB │ gzip:   3.97 kB
public/build/assets/Create-CMG3kaiE.js                                   9.86 kB │ gzip:   3.85 kB
public/build/assets/show-nWszwjz5.js                                     9.86 kB │ gzip:   3.85 kB
public/build/assets/policies-DmW5H_uG.js                                 9.88 kB │ gzip:   4.02 kB
public/build/assets/Show-CSmbls0Z.js                                     9.90 kB │ gzip:   4.03 kB
public/build/assets/legal-holds-BZzYhfQF.js                              9.94 kB │ gzip:   4.02 kB
public/build/assets/show-DKpCmwXe.js                                     9.95 kB │ gzip:   3.91 kB
public/build/assets/succession-wizards-Bv7UJdSt.js                       9.98 kB │ gzip:   3.99 kB
public/build/assets/unifi-CYVROQ_G.js                                    9.98 kB │ gzip:   3.97 kB
public/build/assets/Index-DU2Cl0TX.js                                   10.00 kB │ gzip:   4.19 kB
public/build/assets/create-BG9yD5NE.js                                  10.01 kB │ gzip:   4.10 kB
public/build/assets/Index-CiOSweqz.js                                   10.01 kB │ gzip:   4.09 kB
public/build/assets/ClientSummary-DFBq-gHA.js                           10.03 kB │ gzip:   3.58 kB
public/build/assets/index-B9I8wHnO.js                                   10.03 kB │ gzip:   4.18 kB
public/build/assets/Index-DH0cmHEk.js                                   10.04 kB │ gzip:   3.94 kB
public/build/assets/Index-K-j4Szx3.js                                   10.05 kB │ gzip:   4.12 kB
public/build/assets/finance-DSR6rH-s.js                                 10.05 kB │ gzip:   3.53 kB
public/build/assets/quick-add-task-CFMN6PMA.js                          10.06 kB │ gzip:   3.83 kB
public/build/assets/Edit-Qdq2prci.js                                    10.09 kB │ gzip:   4.04 kB
public/build/assets/index-DWAcFc4t.js                                   10.09 kB │ gzip:   3.96 kB
public/build/assets/vehicle-technology-projection-DjdMJcWA.js           10.09 kB │ gzip:   3.40 kB
public/build/assets/grouped-profile-nav-TN5pJ6-R.js                     10.09 kB │ gzip:   3.87 kB
public/build/assets/status-BukqhAL0.js                                  10.14 kB │ gzip:   4.05 kB
public/build/assets/Index-C3yDs8NZ.js                                   10.14 kB │ gzip:   4.12 kB
public/build/assets/show-Vb8nI6HI.js                                    10.15 kB │ gzip:   3.71 kB
public/build/assets/saved-CFFCqytU.js                                   10.16 kB │ gzip:   4.16 kB
public/build/assets/edit-C2e8nblT.js                                    10.16 kB │ gzip:   4.18 kB
public/build/assets/risks-T5HOD6CX.js                                   10.18 kB │ gzip:   3.83 kB
public/build/assets/Index-BDRi5QLa.js                                   10.18 kB │ gzip:   4.17 kB
public/build/assets/edit-Y2SJPTIX.js                                    10.22 kB │ gzip:   4.14 kB
public/build/assets/Heatmap-BXVtbBGR.js                                 10.23 kB │ gzip:   3.85 kB
public/build/assets/asset-finance-technology-projection-N6LYsPv4.js     10.27 kB │ gzip:   3.48 kB
public/build/assets/staff-requirements-DFfwfY6V.js                      10.27 kB │ gzip:   3.80 kB
public/build/assets/record-wizard-shared-BYkv0vRR.js                    10.28 kB │ gzip:   3.91 kB
public/build/assets/modules-BnDLJx_W.js                                 10.29 kB │ gzip:   4.11 kB
public/build/assets/create-BuKN4k0Z.js                                  10.34 kB │ gzip:   3.51 kB
public/build/assets/_inventory-table-CP8s5khg.js                        10.34 kB │ gzip:   3.74 kB
public/build/assets/Index-CAOnMrk-.js                                   10.35 kB │ gzip:   4.19 kB
public/build/assets/Statements-DrjyaG_t.js                              10.36 kB │ gzip:   4.03 kB
public/build/assets/compliance-CcvFbi5S.js                              10.37 kB │ gzip:   4.09 kB
public/build/assets/index-Dg4nHb3y.js                                   10.37 kB │ gzip:   1.53 kB
public/build/assets/RiskNarrative-C-a084_R.js                           10.38 kB │ gzip:   3.79 kB
public/build/assets/Index-Cs-CTQbC.js                                   10.38 kB │ gzip:   3.96 kB
public/build/assets/entity-card-B9VuRcwR.js                             10.38 kB │ gzip:   3.92 kB
public/build/assets/index-DjyYIwk8.js                                   10.39 kB │ gzip:   4.07 kB
public/build/assets/portal-users-BT6sNtVo.js                            10.40 kB │ gzip:   4.29 kB
public/build/assets/Show-CrsToiWh.js                                    10.43 kB │ gzip:   3.91 kB
public/build/assets/documents-bZMeIojD.js                               10.44 kB │ gzip:   3.66 kB
public/build/assets/Create-Cgn8isw-.js                                  10.46 kB │ gzip:   4.40 kB
public/build/assets/marketing-layout-DLz4P-8m.js                        10.47 kB │ gzip:   3.33 kB
public/build/assets/portal-users-B2bEs0Vf.js                            10.47 kB │ gzip:   4.30 kB
public/build/assets/Create-D2iF9Nn-.js                                  10.49 kB │ gzip:   4.09 kB
public/build/assets/risks-v38965zI.js                                   10.50 kB │ gzip:   3.96 kB
public/build/assets/create-DePkaZwQ.js                                  10.60 kB │ gzip:   4.31 kB
public/build/assets/Show-dKFRtqat.js                                    10.62 kB │ gzip:   4.30 kB
public/build/assets/Edit-BwkOVwxl.js                                    10.68 kB │ gzip:   4.16 kB
public/build/assets/create-CKa9So9u.js                                  10.69 kB │ gzip:   4.21 kB
public/build/assets/index-ZfLZU9-L.js                                   10.71 kB │ gzip:   4.41 kB
public/build/assets/Terminals-x4fBsXbV.js                               10.73 kB │ gzip:   4.10 kB
public/build/assets/photos-BmH6i2NU.js                                  10.73 kB │ gzip:   4.40 kB
public/build/assets/breaches-BpgmsB4j.js                                10.74 kB │ gzip:   4.24 kB
public/build/assets/timeline-De_OjT6n.js                                10.80 kB │ gzip:   4.62 kB
public/build/assets/tomorrow-panel-B_TeROKK.js                          10.80 kB │ gzip:   4.25 kB
public/build/assets/index-eLKA6AYz.js                                   10.80 kB │ gzip:   3.86 kB
public/build/assets/summary-DZ3AG_Y6.js                                 10.82 kB │ gzip:   3.96 kB
public/build/assets/create-wizard--VVd0IJJ.js                           10.85 kB │ gzip:   3.48 kB
public/build/assets/broadcast-show-Bpqdn7_2.js                          10.86 kB │ gzip:   3.94 kB
public/build/assets/_door-CqCViGAS.js                                   10.87 kB │ gzip:   3.81 kB
public/build/assets/Index-CrpFmuCQ.js                                   10.89 kB │ gzip:   4.36 kB
public/build/assets/index-BFRhCzU8.js                                   10.90 kB │ gzip:   4.21 kB
public/build/assets/show-supervision-kgDDADI4.js                        10.90 kB │ gzip:   4.10 kB
public/build/assets/Edit-DO8CVSDN.js                                    10.93 kB │ gzip:   4.40 kB
public/build/assets/Prepare-DRuXleLa.js                                 10.95 kB │ gzip:   4.29 kB
public/build/assets/notifications-8T4gKqha.js                           10.95 kB │ gzip:   4.02 kB
public/build/assets/work-calendar-settings-DdCw_beg.js                  10.95 kB │ gzip:   4.34 kB
public/build/assets/handovers-hero-CvrlzZqL.js                          10.99 kB │ gzip:   4.80 kB
public/build/assets/Index-Dgf0i-5l.js                                   11.01 kB │ gzip:   4.74 kB
public/build/assets/Matrix-B8VmUzk0.js                                  11.02 kB │ gzip:   4.69 kB
public/build/assets/index-ubtH2xcj.js                                   11.02 kB │ gzip:   1.52 kB
public/build/assets/visit-requests-DqH065Ni.js                          11.02 kB │ gzip:   4.45 kB
public/build/assets/vendors-DCwn_f_R.js                                 11.03 kB │ gzip:   3.60 kB
public/build/assets/Create-CEDdgZ8X.js                                  11.09 kB │ gzip:   4.33 kB
public/build/assets/Show-CaYgb2gO.js                                    11.10 kB │ gzip:   4.15 kB
public/build/assets/create-iXpWkN4d.js                                  11.11 kB │ gzip:   4.62 kB
public/build/assets/surveys-Bk6cv5hX.js                                 11.14 kB │ gzip:   4.41 kB
public/build/assets/clock-out-wizard-KXKHv0QW.js                        11.17 kB │ gzip:   4.49 kB
public/build/assets/index-DGmwDz2B.js                                   11.19 kB │ gzip:   4.56 kB
public/build/assets/Index-BQ3VHpze.js                                   11.21 kB │ gzip:   4.65 kB
public/build/assets/index-CDvAB6Gu.js                                   11.21 kB │ gzip:   4.03 kB
public/build/assets/Diff-CW_ralv3.js                                    11.21 kB │ gzip:   4.60 kB
public/build/assets/dpia-u7QtnCWl.js                                    11.26 kB │ gzip:   4.30 kB
public/build/assets/index-BJAjMiGI.js                                   11.26 kB │ gzip:   4.47 kB
public/build/assets/cards-view-hIitnKi5.js                              11.27 kB │ gzip:   4.21 kB
public/build/assets/Batches-CZNWHOkp.js                                 11.28 kB │ gzip:   4.44 kB
public/build/assets/daily-check-BFS4qyn3.js                             11.29 kB │ gzip:   4.53 kB
public/build/assets/privacy-action-modal-BPeyc0bD.js                    11.30 kB │ gzip:   4.44 kB
public/build/assets/dashboard-tabs-B44Ib_pF.js                          11.32 kB │ gzip:   4.23 kB
public/build/assets/show-BOWV9JcX.js                                    11.34 kB │ gzip:   4.86 kB
public/build/assets/it-ticket-comment-contract-CVOhe3MR.js              11.35 kB │ gzip:   3.73 kB
public/build/assets/show-CWdCSfTl.js                                    11.40 kB │ gzip:   4.28 kB
public/build/assets/wizard-configs-BkDpWJBb.js                          11.42 kB │ gzip:   3.51 kB
public/build/assets/Index-BnDYJ63v.js                                   11.43 kB │ gzip:   4.84 kB
public/build/assets/leave-hub-parts-DAHpKn9t.js                         11.45 kB │ gzip:   4.22 kB
public/build/assets/Edit-lAwZ4ZJp.js                                    11.46 kB │ gzip:   4.80 kB
public/build/assets/Show-mxRyIthB.js                                    11.46 kB │ gzip:   4.32 kB
public/build/assets/Results-DlyWg8Nc.js                                 11.49 kB │ gzip:   4.52 kB
public/build/assets/community-access-BWQhVCLK.js                        11.52 kB │ gzip:   4.65 kB
public/build/assets/workers-X6OYqGnh.js                                 11.54 kB │ gzip:   4.40 kB
public/build/assets/Show-Dsz58qtB.js                                    11.54 kB │ gzip:   4.60 kB
public/build/assets/alerts-config-t5wVaA3h.js                           11.54 kB │ gzip:   4.41 kB
public/build/assets/templates-CwtK4bML.js                               11.55 kB │ gzip:   4.71 kB
public/build/assets/Index-CtJBUK_x.js                                   11.56 kB │ gzip:   4.30 kB
public/build/assets/documents-Dkd8-QUU.js                               11.59 kB │ gzip:   4.11 kB
public/build/assets/Create-BhG9kLVI.js                                  11.60 kB │ gzip:   4.55 kB
public/build/assets/create-template-WIZYJZI-.js                         11.62 kB │ gzip:   4.63 kB
public/build/assets/sign-BcCT2etA.js                                    11.65 kB │ gzip:   4.58 kB
public/build/assets/profile-BismeQ9y.js                                 11.65 kB │ gzip:   4.75 kB
public/build/assets/page-hero-BkFDxdiM.js                               11.65 kB │ gzip:   4.46 kB
public/build/assets/Trends-DXuLejAz.js                                  11.68 kB │ gzip:   4.26 kB
public/build/assets/head-office-9D8y6Kbi.js                             11.73 kB │ gzip:   4.96 kB
public/build/assets/assignments-E-iVIcBi.js                             11.76 kB │ gzip:   4.72 kB
public/build/assets/Index-DPeTTlkV.js                                   11.77 kB │ gzip:   4.93 kB
public/build/assets/Index-B1BkD76L.js                                   11.77 kB │ gzip:   4.56 kB
public/build/assets/index-DnlrCKJq.js                                   11.85 kB │ gzip:   4.52 kB
public/build/assets/rehire-wizard-D8evTS_B.js                           11.86 kB │ gzip:   4.48 kB
public/build/assets/index-DzQgu6qf.js                                   11.87 kB │ gzip:   4.82 kB
public/build/assets/_dialogs-BeT287YP.js                                11.88 kB │ gzip:   4.47 kB
public/build/assets/shift-list-view-T9woBsqb.js                         11.94 kB │ gzip:   4.71 kB
public/build/assets/medications-DMzX5enr.js                             11.95 kB │ gzip:   4.30 kB
public/build/assets/Index-2_Z0a5EJ.js                                   11.95 kB │ gzip:   4.94 kB
public/build/assets/log-notifiable-dialog-BzBBfCUW.js                   11.97 kB │ gzip:   4.39 kB
public/build/assets/healthcare-devices-hlOnS-aC.js                      11.99 kB │ gzip:   4.18 kB
public/build/assets/apply-DVxhhYoi.js                                   12.00 kB │ gzip:   4.56 kB
public/build/assets/performance-hero-CHn9DkXZ.js                        12.00 kB │ gzip:   3.84 kB
public/build/assets/index-Bt9bOuKC.js                                   12.00 kB │ gzip:   5.16 kB
public/build/assets/Show-BSXcX3dh.js                                    12.04 kB │ gzip:   4.37 kB
public/build/assets/index-BdBmWEm_.js                                   12.05 kB │ gzip:   4.31 kB
public/build/assets/index-DLRR6IPc.js                                   12.07 kB │ gzip:   4.93 kB
public/build/assets/protocol-form-Ccu3pjbq.js                           12.08 kB │ gzip:   4.39 kB
public/build/assets/index-DI8EzMb0.js                                   12.10 kB │ gzip:   4.67 kB
public/build/assets/Create-zsEKDGCV.js                                  12.11 kB │ gzip:   4.73 kB
public/build/assets/time-BLPQu3dV.js                                    12.11 kB │ gzip:   5.16 kB
public/build/assets/requests-Ci8rCDAN.js                                12.12 kB │ gzip:   4.64 kB
public/build/assets/ppe-wizard-C4pJtaZl.js                              12.15 kB │ gzip:   4.97 kB
public/build/assets/Index-CydsrtVf.js                                   12.15 kB │ gzip:   5.41 kB
public/build/assets/facilities-BgVjJ6Qp.js                              12.17 kB │ gzip:   5.05 kB
public/build/assets/Index-CxcIvR08.js                                   12.17 kB │ gzip:   4.82 kB
public/build/assets/cards-view-BsinzxQA.js                              12.20 kB │ gzip:   4.47 kB
public/build/assets/index-BnpXyMy2.js                                   12.21 kB │ gzip:   4.61 kB
public/build/assets/edit-diGyE6gz.js                                    12.21 kB │ gzip:   4.85 kB
public/build/assets/_request-dialog-CVtt8yd0.js                         12.25 kB │ gzip:   4.60 kB
public/build/assets/edit-CAeec2Lw.js                                    12.25 kB │ gzip:   4.61 kB
public/build/assets/index-v4rKcs9o.js                                   12.26 kB │ gzip:   1.59 kB
public/build/assets/index-Db48eapb.js                                   12.28 kB │ gzip:   4.33 kB
public/build/assets/Index-Ca4cg3Xq.js                                   12.29 kB │ gzip:   5.30 kB
public/build/assets/Assignments-Duvb1_hY.js                             12.30 kB │ gzip:   5.15 kB
public/build/assets/index-B130CFjP.js                                   12.31 kB │ gzip:   4.82 kB
public/build/assets/index-CatcgjXN.js                                   12.31 kB │ gzip:   4.45 kB
public/build/assets/_builder-dialog-B-HIAEC6.js                         12.33 kB │ gzip:   4.96 kB
public/build/assets/index-RJdxRSpG.js                                   12.34 kB │ gzip:   4.70 kB
public/build/assets/show-BIp_d_49.js                                    12.36 kB │ gzip:   4.62 kB
public/build/assets/Trends-J06RIm3g.js                                  12.36 kB │ gzip:   5.06 kB
public/build/assets/Index-DNDNKKG6.js                                   12.37 kB │ gzip:   4.75 kB
public/build/assets/show-_jKpnAIQ.js                                    12.37 kB │ gzip:   4.36 kB
public/build/assets/index-K7_nT-8W.js                                   12.39 kB │ gzip:   5.10 kB
public/build/assets/Index-DGSjfdQr.js                                   12.42 kB │ gzip:   4.59 kB
public/build/assets/Show-ClKxEoAO.js                                    12.43 kB │ gzip:   4.77 kB
public/build/assets/Index-BqRCyfbf.js                                   12.44 kB │ gzip:   5.02 kB
public/build/assets/pricing-DEZnXVfj.js                                 12.44 kB │ gzip:   3.70 kB
public/build/assets/Show-CvpNzmeT.js                                    12.45 kB │ gzip:   4.72 kB
public/build/assets/create-OiuNituw.js                                  12.45 kB │ gzip:   4.85 kB
public/build/assets/shift-notes-hero-DPfzBoai.js                        12.48 kB │ gzip:   5.23 kB
public/build/assets/log-obligation-dialog-D4SvUuMq.js                   12.49 kB │ gzip:   4.69 kB
public/build/assets/builder-CT-I807m.js                                 12.50 kB │ gzip:   4.75 kB
public/build/assets/new-bill-dialog-CUFtTBGL.js                         12.52 kB │ gzip:   4.85 kB
public/build/assets/_audit-dialog-Dnp2BYbc.js                           12.61 kB │ gzip:   5.21 kB
public/build/assets/Index-Cd9YZKXh.js                                   12.64 kB │ gzip:   5.53 kB
public/build/assets/fixed-asset-dialog-B8y7k_xo.js                      12.66 kB │ gzip:   4.43 kB
public/build/assets/index-C1sozVUW.js                                   12.66 kB │ gzip:   5.29 kB
public/build/assets/health-Is7S7RFD.js                                  12.68 kB │ gzip:   4.30 kB
public/build/assets/show-DGzwSIsQ.js                                    12.70 kB │ gzip:   4.78 kB
public/build/assets/Dashboard-BZaZpNMK.js                               12.76 kB │ gzip:   4.16 kB
public/build/assets/Show-CTk79eHA.js                                    12.77 kB │ gzip:   4.92 kB
public/build/assets/site-detail-B6zUijhS.js                             12.81 kB │ gzip:   4.31 kB
public/build/assets/index-419sMON6.js                                   12.85 kB │ gzip:   5.28 kB
public/build/assets/alerts-events-CA_-Te0E.js                           12.85 kB │ gzip:   5.41 kB
public/build/assets/geofence-draw-map-D64gnNNa.js                       12.87 kB │ gzip:   4.98 kB
public/build/assets/ppe-action-dialogs-BwbzHnDt.js                      12.87 kB │ gzip:   4.36 kB
public/build/assets/show-r38LEXKU.js                                    12.88 kB │ gzip:   4.94 kB
public/build/assets/calendar-CPe7BuV-.js                                12.89 kB │ gzip:   5.12 kB
public/build/assets/plans-DiRnv9Us.js                                   12.92 kB │ gzip:   5.21 kB
public/build/assets/messaging-T6VZdpFO.js                               12.93 kB │ gzip:   4.54 kB
public/build/assets/pre-check-CYhw1YnI.js                               12.94 kB │ gzip:   4.83 kB
public/build/assets/index-DmCglWqe.js                                   12.96 kB │ gzip:   4.90 kB
public/build/assets/privacy-BpfVsF5z.js                                 12.98 kB │ gzip:   3.80 kB
public/build/assets/create-b4jviIhQ.js                                  12.99 kB │ gzip:   5.03 kB
public/build/assets/Index-DQxy9os9.js                                   12.99 kB │ gzip:   5.50 kB
public/build/assets/reviews-BsUXEMMS.js                                 13.00 kB │ gzip:   5.01 kB
public/build/assets/HealthMonitoring-D7Yiimeg.js                        13.06 kB │ gzip:   4.72 kB
public/build/assets/Show-AxippKfy.js                                    13.09 kB │ gzip:   4.92 kB
public/build/assets/prn-wizard-UsHAZ8A7.js                              13.10 kB │ gzip:   4.99 kB
public/build/assets/playbook-wizard-C0YzzUrU.js                         13.16 kB │ gzip:   4.59 kB
public/build/assets/layout-I6n4yT_J.js                                  13.16 kB │ gzip:   4.23 kB
public/build/assets/edit-template-Er5zAjuW.js                           13.18 kB │ gzip:   5.29 kB
public/build/assets/client-BnRnO-Do.js                                  13.21 kB │ gzip:   3.71 kB
public/build/assets/houses-Cn0eH1bC.js                                  13.23 kB │ gzip:   5.51 kB
public/build/assets/leaflet-map-CUNTEyIA.js                             13.24 kB │ gzip:   4.69 kB
public/build/assets/TrialBalance-BO47Aa66.js                            13.24 kB │ gzip:   5.40 kB
public/build/assets/expenses-CUmbyn-5.js                                13.26 kB │ gzip:   5.10 kB
public/build/assets/terminology-Di9VF_O7.js                             13.29 kB │ gzip:   4.03 kB
public/build/assets/by-house-X_oIGoFG.js                                13.30 kB │ gzip:   4.66 kB
public/build/assets/documents-DD9QovUy.js                               13.32 kB │ gzip:   5.30 kB
public/build/assets/goals-path-GyZd2ikC.js                              13.35 kB │ gzip:   5.34 kB
public/build/assets/Show--5mjX6jk.js                                    13.37 kB │ gzip:   4.62 kB
public/build/assets/BatchDetail-CqhMMB_B.js                             13.42 kB │ gzip:   4.63 kB
public/build/assets/timesheet-review-A1g_ot0e.js                        13.46 kB │ gzip:   5.02 kB
public/build/assets/_ledger-panel-BUNWAnip.js                           13.46 kB │ gzip:   4.25 kB
public/build/assets/unassign-make-open-dialog-0HIkSdym.js               13.47 kB │ gzip:   5.09 kB
public/build/assets/about-t74b1wwW.js                                   13.50 kB │ gzip:   3.48 kB
public/build/assets/digest-panel-DdMTLser.js                            13.60 kB │ gzip:   4.80 kB
public/build/assets/map-BXIDJb51.js                                     13.60 kB │ gzip:   5.64 kB
public/build/assets/my-day-hero-BtMvygzq.js                             13.65 kB │ gzip:   5.95 kB
public/build/assets/create-DSMvJnZP.js                                  13.65 kB │ gzip:   5.18 kB
public/build/assets/show-I0H4y0WR.js                                    13.69 kB │ gzip:   4.91 kB
public/build/assets/show-DfmZKd6s.js                                    13.72 kB │ gzip:   4.56 kB
public/build/assets/Index-CdY5LCRL.js                                   13.77 kB │ gzip:   5.65 kB
public/build/assets/show-DjwEUoVz.js                                    13.81 kB │ gzip:   5.02 kB
public/build/assets/holidays-BNVdjPtD.js                                13.81 kB │ gzip:   5.64 kB
public/build/assets/index-CK5wgf7P.js                                   13.83 kB │ gzip:   5.24 kB
public/build/assets/Dashboard-CqIvhA-v.js                               13.86 kB │ gzip:   5.12 kB
public/build/assets/_recipe-edit-dialog-D_dCXdoZ.js                     13.90 kB │ gzip:   4.69 kB
public/build/assets/index-CcLSp6rd.js                                   13.90 kB │ gzip:   5.18 kB
public/build/assets/FundingStreamSummary-D9yZ4mf2.js                    13.92 kB │ gzip:   4.91 kB
public/build/assets/timeline-tab-CTiqWFrr.js                            13.94 kB │ gzip:   4.94 kB
public/build/assets/record-receipt-dialog-BrwjYcc1.js                   13.98 kB │ gzip:   4.95 kB
public/build/assets/Show-BqiUAk57.js                                    14.00 kB │ gzip:   5.38 kB
public/build/assets/index-CahP5__n.js                                   14.03 kB │ gzip:   5.48 kB
public/build/assets/trends-C2eQerEF.js                                  14.03 kB │ gzip:   4.67 kB
public/build/assets/survey-C6sdEM3w.js                                  14.04 kB │ gzip:   4.61 kB
public/build/assets/Create-BSdxB5sc.js                                  14.08 kB │ gzip:   5.49 kB
public/build/assets/index-BgYBX1K6.js                                   14.08 kB │ gzip:   5.63 kB
public/build/assets/Show-D4IAnLEz.js                                    14.15 kB │ gzip:   5.82 kB
public/build/assets/audit-log-DAQ-bmsM.js                               14.17 kB │ gzip:   5.76 kB
public/build/assets/Financials-C_ybaQut.js                              14.17 kB │ gzip:   5.53 kB
public/build/assets/BalanceSheet-HNLb9nZs.js                            14.18 kB │ gzip:   5.46 kB
public/build/assets/create-wizard-fGPUUiLw.js                           14.20 kB │ gzip:   4.65 kB
public/build/assets/Edit-B9mQDiBT.js                                    14.22 kB │ gzip:   5.33 kB
public/build/assets/_dialog-shared-CSd94yLj.js                          14.22 kB │ gzip:   5.46 kB
public/build/assets/global-BFvAe1P2.js                                  14.23 kB │ gzip:   5.36 kB
public/build/assets/Index-VLL1Hy3a.js                                   14.29 kB │ gzip:   5.86 kB
public/build/assets/task-detail-dialog-m-JzFobJ.js                      14.34 kB │ gzip:   4.79 kB
public/build/assets/show-BKcbmT3B.js                                    14.36 kB │ gzip:   5.55 kB
public/build/assets/index-DbVKLnmA.js                                   14.37 kB │ gzip:   5.95 kB
public/build/assets/my-tasks-DmNDedhR.js                                14.39 kB │ gzip:   5.62 kB
public/build/assets/playback-CijIlbYJ.js                                14.39 kB │ gzip:   5.64 kB
public/build/assets/matrix-Cfjq9veo.js                                  14.47 kB │ gzip:   5.80 kB
public/build/assets/mar-BAC9XZZi.js                                     14.48 kB │ gzip:   3.92 kB
public/build/assets/Show-C-poQR6u.js                                    14.54 kB │ gzip:   5.53 kB
public/build/assets/reports-DdtW_q7w.js                                 14.55 kB │ gzip:   5.00 kB
public/build/assets/show-BDteRfgq.js                                    14.55 kB │ gzip:   5.32 kB
public/build/assets/Create-S-NhShNk.js                                  14.57 kB │ gzip:   4.77 kB
public/build/assets/index-D9RZ5PGi.js                                   14.58 kB │ gzip:   5.87 kB
public/build/assets/Show-CqyZcGwe.js                                    14.59 kB │ gzip:   5.45 kB
public/build/assets/Show-Du8gUvLh.js                                    14.61 kB │ gzip:   4.84 kB
public/build/assets/sso-groups-akA3jhEG.js                              14.68 kB │ gzip:   5.43 kB
public/build/assets/edit-BISNRjsG.js                                    14.68 kB │ gzip:   5.71 kB
public/build/assets/index-Mxawlr4-.js                                   14.70 kB │ gzip:   6.03 kB
public/build/assets/index-lhQ1ILQY.js                                   14.70 kB │ gzip:   1.78 kB
public/build/assets/shifts-hero-BECNpZT_.js                             14.72 kB │ gzip:   5.87 kB
public/build/assets/record-evidence-dialog-2fMXYB6E.js                  14.75 kB │ gzip:   5.97 kB
public/build/assets/custom-fields-2TX9R_VG.js                           14.81 kB │ gzip:   6.00 kB
public/build/assets/index-Dh_U7CPB.js                                   14.85 kB │ gzip:   6.00 kB
public/build/assets/Index-DsvYfcov.js                                   14.89 kB │ gzip:   4.98 kB
public/build/assets/Index-CYrlFp23.js                                   14.89 kB │ gzip:   5.41 kB
public/build/assets/create-Ca0zy4eh.js                                  14.91 kB │ gzip:   5.41 kB
public/build/assets/Roles-VxeV5Efm.js                                   14.99 kB │ gzip:   4.65 kB
public/build/assets/edit-CFXfSMu9.js                                    14.99 kB │ gzip:   5.91 kB
public/build/assets/Show-DfW4nc2X.js                                    15.07 kB │ gzip:   5.82 kB
public/build/assets/Index-C-r7myvw.js                                   15.14 kB │ gzip:   6.02 kB
public/build/assets/command-centre-hero-D6ZlV4ZN.js                     15.18 kB │ gzip:   6.16 kB
public/build/assets/staff-detail-DWJOV62L.js                            15.22 kB │ gzip:   5.77 kB
public/build/assets/Review-BgDq_hQV.js                                  15.22 kB │ gzip:   6.04 kB
public/build/assets/bonuses-CWSxUfuS.js                                 15.24 kB │ gzip:   6.17 kB
public/build/assets/reports-g05qU5zm.js                                 15.29 kB │ gzip:   5.82 kB
public/build/assets/overview-B5oxcQIp.js                                15.29 kB │ gzip:   5.53 kB
public/build/assets/ProfitAndLoss-ymE-PiZ1.js                           15.31 kB │ gzip:   5.63 kB
public/build/assets/payslips-BDA0-tYg.js                                15.32 kB │ gzip:   5.52 kB
public/build/assets/terms-Bboe1L9-.js                                   15.36 kB │ gzip:   4.45 kB
public/build/assets/show-BGmWt3dX.js                                    15.38 kB │ gzip:   6.12 kB
public/build/assets/profile-DGCwCQCh.js                                 15.39 kB │ gzip:   5.49 kB
public/build/assets/contact-tReUg9S0.js                                 15.42 kB │ gzip:   4.92 kB
public/build/assets/webhooks-BH_4-9zH.js                                15.45 kB │ gzip:   5.27 kB
public/build/assets/Index-CfPmShh7.js                                   15.47 kB │ gzip:   6.35 kB
public/build/assets/index-Chb76lep.js                                   15.50 kB │ gzip:   6.45 kB
public/build/assets/record-event-dialog-BhXhYk4v.js                     15.54 kB │ gzip:   5.96 kB
public/build/assets/review-detail-Ct8u7Hcj.js                           15.55 kB │ gzip:   6.18 kB
public/build/assets/Show-CvpCrDWg.js                                    15.57 kB │ gzip:   5.99 kB
public/build/assets/maintenance-health-CWobvmac.js                      15.58 kB │ gzip:   6.12 kB
public/build/assets/Index-DGUgrtsj.js                                   15.59 kB │ gzip:   6.34 kB
public/build/assets/shift-detail-dialog-D1POSFIJ.js                     15.63 kB │ gzip:   6.05 kB
public/build/assets/daily-note-wizard-BRHmiJik.js                       15.63 kB │ gzip:   4.78 kB
public/build/assets/audit-DwAnhg8T.js                                   15.64 kB │ gzip:   5.78 kB
public/build/assets/Index-Cp4BI_ma.js                                   15.64 kB │ gzip:   5.81 kB
public/build/assets/incidents-D5NQ6YM3.js                               15.71 kB │ gzip:   5.74 kB
public/build/assets/Show-Dldgefvs.js                                    15.83 kB │ gzip:   5.52 kB
public/build/assets/index-C9fkf7nG.js                                   15.83 kB │ gzip:   6.31 kB
public/build/assets/Show-Dtvp1Ojw.js                                    15.84 kB │ gzip:   5.80 kB
public/build/assets/appearance-ChWJf7RV.js                              15.87 kB │ gzip:   4.83 kB
public/build/assets/my-hr-shoutout-spotlight-B5nSICtk.js                15.87 kB │ gzip:   5.91 kB
public/build/assets/Index-DOsASAyI.js                                   15.92 kB │ gzip:   6.02 kB
public/build/assets/incidents-CWPrTSXt.js                               15.92 kB │ gzip:   5.86 kB
public/build/assets/Index-XfhZJEGj.js                                   15.94 kB │ gzip:   5.90 kB
public/build/assets/matrix-D-KuYQ6p.js                                  15.95 kB │ gzip:   6.18 kB
public/build/assets/breaches-BOVXqkho.js                                16.02 kB │ gzip:   5.58 kB
public/build/assets/Index-BHEuMgXF.js                                   16.05 kB │ gzip:   6.18 kB
public/build/assets/Assessments-CiGzRupy.js                             16.05 kB │ gzip:   6.28 kB
public/build/assets/record-dose-wizard-QtbaJJEe.js                      16.05 kB │ gzip:   5.37 kB
public/build/assets/RunResults-njkKmvLL.js                              16.11 kB │ gzip:   6.02 kB
public/build/assets/Settings-CiJArF6m.js                                16.15 kB │ gzip:   6.04 kB
public/build/assets/show-BE2THfAp.js                                    16.16 kB │ gzip:   5.45 kB
public/build/assets/policy-wizards-BVd8Sdq_.js                          16.17 kB │ gzip:   5.57 kB
public/build/assets/Shifts-CC4kRaL8.js                                  16.18 kB │ gzip:   6.15 kB
public/build/assets/notification-defaults-CEwkPT6f.js                   16.20 kB │ gzip:   5.74 kB
public/build/assets/Calendar-1F2LWLt4.js                                16.22 kB │ gzip:   5.45 kB
public/build/assets/Show-CchUY7xr.js                                    16.31 kB │ gzip:   5.06 kB
public/build/assets/location-DUNa8F0s.js                                16.33 kB │ gzip:   5.85 kB
public/build/assets/risk-management-B51-suW8.js                         16.35 kB │ gzip:   6.27 kB
public/build/assets/observations-B4SSHiYI.js                            16.37 kB │ gzip:   6.04 kB
public/build/assets/index-DlnEL6nT.js                                   16.38 kB │ gzip:   6.40 kB
public/build/assets/record-abc-dialog-98DAhzvW.js                       16.39 kB │ gzip:   5.80 kB
public/build/assets/specialist-workspace-header-BEp-yqbI.js             16.44 kB │ gzip:   6.96 kB
public/build/assets/Show-IC08kieV.js                                    16.46 kB │ gzip:   5.76 kB
public/build/assets/Create-B66noFlf.js                                  16.48 kB │ gzip:   6.18 kB
public/build/assets/api-CVTvlnEI.js                                     16.49 kB │ gzip:   4.98 kB
public/build/assets/Show-DgULxvQD.js                                    16.52 kB │ gzip:   5.68 kB
public/build/assets/Protocols-DnaHYcI_.js                               16.52 kB │ gzip:   6.08 kB
public/build/assets/Show-DbsZZZku.js                                    16.53 kB │ gzip:   5.81 kB
public/build/assets/leave-5mq8rG6o.js                                   16.60 kB │ gzip:   6.95 kB
public/build/assets/documents-DekqaqYt.js                               16.63 kB │ gzip:   6.57 kB
public/build/assets/cost-allocation-x1Qq5fRz.js                         16.67 kB │ gzip:   5.93 kB
public/build/assets/index-C9ZPdVSz.js                                   16.69 kB │ gzip:   6.50 kB
public/build/assets/edit-bfZMsfkC.js                                    16.71 kB │ gzip:   6.15 kB
public/build/assets/family-notes-DiNGf2IV.js                            16.72 kB │ gzip:   6.19 kB
public/build/assets/Create-BzA02sKX.js                                  16.75 kB │ gzip:   6.43 kB
public/build/assets/Index-CrKjGaXi.js                                   16.76 kB │ gzip:   6.02 kB
public/build/assets/create-Dha38ogf.js                                  16.81 kB │ gzip:   5.85 kB
public/build/assets/charts-5FPftsLw.js                                  16.83 kB │ gzip:   5.55 kB
public/build/assets/Show-4OMPLLtd.js                                    16.84 kB │ gzip:   5.94 kB
public/build/assets/note-detail-dialog-DcUE-bPN.js                      16.91 kB │ gzip:   5.79 kB
public/build/assets/maintenance-BGR7_yxm.js                             16.93 kB │ gzip:   6.31 kB
public/build/assets/Index-Cz4Zbvj-.js                                   17.01 kB │ gzip:   6.84 kB
public/build/assets/Index-fy_pq1oy.js                                   17.05 kB │ gzip:   6.73 kB
public/build/assets/Index-B0ZZtBCU.js                                   17.08 kB │ gzip:   6.66 kB
public/build/assets/Index-DsmMQdwG.js                                   17.20 kB │ gzip:   6.20 kB
public/build/assets/index-CWXxmHl0.js                                   17.21 kB │ gzip:   5.75 kB
public/build/assets/Index-Di_n8kfQ.js                                   17.29 kB │ gzip:   6.57 kB
public/build/assets/leave-hub-tabs-DlC3vINT.js                          17.30 kB │ gzip:   5.81 kB
public/build/assets/worklists-C0jfsmS7.js                               17.31 kB │ gzip:   5.86 kB
public/build/assets/show-D0Jeqy07.js                                    17.31 kB │ gzip:   4.27 kB
public/build/assets/Create-DI_UipTN.js                                  17.36 kB │ gzip:   6.32 kB
public/build/assets/Show-CYZUqaCr.js                                    17.40 kB │ gzip:   5.58 kB
public/build/assets/_dialogs-B7ftQ460.js                                17.44 kB │ gzip:   5.55 kB
public/build/assets/edit-vv4TxmPB.js                                    17.47 kB │ gzip:   6.28 kB
public/build/assets/show-C-KwDh5o.js                                    17.49 kB │ gzip:   6.21 kB
public/build/assets/view-timesheet-dialog-BMGiol1K.js                   17.49 kB │ gzip:   4.84 kB
public/build/assets/index-Blr0H7Pz.js                                   17.50 kB │ gzip:   6.73 kB
public/build/assets/handover-detail-dialog-BMcxLD2B.js                  17.54 kB │ gzip:   5.95 kB
public/build/assets/security-DQrX7XNj.js                                17.57 kB │ gzip:   6.03 kB
public/build/assets/reports-BdiRPL2D.js                                 17.61 kB │ gzip:   6.15 kB
public/build/assets/show-CxSp7ont.js                                    17.62 kB │ gzip:   6.44 kB
public/build/assets/show-C4wB66Cy.js                                    17.63 kB │ gzip:   6.40 kB
public/build/assets/Index-BdjQ5Qx2.js                                   17.64 kB │ gzip:   6.62 kB
public/build/assets/_overview-dialogs-7p2Yr0ic.js                       17.65 kB │ gzip:   5.35 kB
public/build/assets/health-clinical-shell-CUewzcmJ.js                   17.73 kB │ gzip:   7.02 kB
public/build/assets/week-picker-D2mDOCEn.js                             17.82 kB │ gzip:   6.89 kB
public/build/assets/payslip-detail-CBW8D_UI.js                          17.84 kB │ gzip:   5.91 kB
public/build/assets/Edit-n5z6qMZa.js                                    17.86 kB │ gzip:   6.80 kB
public/build/assets/dashboard-Ch5HghRh.js                               17.88 kB │ gzip:   6.79 kB
public/build/assets/index-DZS4nOZp.js                                   17.89 kB │ gzip:   7.03 kB
public/build/assets/substance-wizard-dialog-mOAgPjp4.js                 17.90 kB │ gzip:   6.30 kB
public/build/assets/Show-Dks4StqV.js                                    17.90 kB │ gzip:   5.63 kB
public/build/assets/Edit-Ox42McBk.js                                    18.01 kB │ gzip:   6.58 kB
public/build/assets/index-Btv0s268.js                                   18.07 kB │ gzip:   2.18 kB
public/build/assets/index-CmMfOzFL.js                                   18.08 kB │ gzip:   4.73 kB
public/build/assets/index-DlRRJmzn.js                                   18.12 kB │ gzip:   6.74 kB
public/build/assets/shift-coverage-CkITrjRK.js                          18.14 kB │ gzip:   6.41 kB
public/build/assets/Index-Bwgzf1LL.js                                   18.14 kB │ gzip:   6.92 kB
public/build/assets/index-CMtQINwZ.js                                   18.16 kB │ gzip:   6.38 kB
public/build/assets/book-vehicle-wizard-D-umfZz4.js                     18.17 kB │ gzip:   5.49 kB
public/build/assets/daily-notes-DTjgAj1V.js                             18.21 kB │ gzip:   6.71 kB
public/build/assets/schedule-Cc7AKv6P.js                                18.22 kB │ gzip:   6.20 kB
public/build/assets/index-C1E4FPj_.js                                   18.31 kB │ gzip:   7.06 kB
public/build/assets/directory-DTdNupPj.js                               18.31 kB │ gzip:   6.16 kB
public/build/assets/Index-C-aNGqnK.js                                   18.34 kB │ gzip:   7.22 kB
public/build/assets/show-DTDvfvW_.js                                    18.35 kB │ gzip:   6.66 kB
public/build/assets/chains-BNk8Ddxk.js                                  18.39 kB │ gzip:   6.45 kB
public/build/assets/BudgetVsActuals-FwR159oE.js                         18.41 kB │ gzip:   6.40 kB
public/build/assets/announcement-wizard-O8LvRujH.js                     18.46 kB │ gzip:   6.36 kB
public/build/assets/show-review-M2sVv6-Y.js                             18.49 kB │ gzip:   6.65 kB
public/build/assets/show-CnzYeHYo.js                                    18.51 kB │ gzip:   6.50 kB
public/build/assets/audit-logs-BnUrmTcF.js                              18.53 kB │ gzip:   6.98 kB
public/build/assets/_dialogs-Br-F4_Yu.js                                18.56 kB │ gzip:   6.68 kB
public/build/assets/Edit-C5f8KX63.js                                    18.56 kB │ gzip:   6.95 kB
public/build/assets/ppe-detail-dialog-C_1hIrjM.js                       18.80 kB │ gzip:   6.40 kB
public/build/assets/integrations-BuEHLgKx.js                            18.85 kB │ gzip:   6.48 kB
public/build/assets/show-DErXCu9h.js                                    18.86 kB │ gzip:   6.93 kB
public/build/assets/_recipes-panel-CjkEiwtv.js                          18.90 kB │ gzip:   6.00 kB
public/build/assets/edit-tsc_P2lR.js                                    18.90 kB │ gzip:   6.71 kB
public/build/assets/two-factor-N81pvVJQ.js                              18.91 kB │ gzip:   7.00 kB
public/build/assets/goals-BCfRcqft.js                                   18.92 kB │ gzip:   6.55 kB
public/build/assets/index-BMMZgjxn.js                                   18.98 kB │ gzip:   7.34 kB
public/build/assets/index-BFQwmzkl.js                                   18.99 kB │ gzip:   6.47 kB
public/build/assets/escalations-BYK_qXFD.js                             19.14 kB │ gzip:   7.97 kB
public/build/assets/index-w0prqAfp.js                                   19.16 kB │ gzip:   7.29 kB
public/build/assets/calendar-sync-CDaur59w.js                           19.18 kB │ gzip:   7.25 kB
public/build/assets/Edit-1pCbQ5vb.js                                    19.24 kB │ gzip:   7.18 kB
public/build/assets/show-BOoJFzSo.js                                    19.26 kB │ gzip:   6.61 kB
public/build/assets/training-CS_jDMfN.js                                19.33 kB │ gzip:   6.38 kB
public/build/assets/Show-DpnQ8tii.js                                    19.34 kB │ gzip:   6.83 kB
public/build/assets/Show-cw_sde3R.js                                    19.36 kB │ gzip:   7.06 kB
public/build/assets/Behaviour-CRYGwhLJ.js                               19.47 kB │ gzip:   6.80 kB
public/build/assets/index-C1mbffH3.js                                   19.52 kB │ gzip:   7.58 kB
public/build/assets/_templates-panel-xXumFRkN.js                        19.54 kB │ gzip:   5.99 kB
public/build/assets/CashFlow-CwKqZy9k.js                                19.56 kB │ gzip:   6.94 kB
public/build/assets/index-BJq9CNdo.js                                   19.61 kB │ gzip:   7.23 kB
public/build/assets/Create-C4bhQmfj.js                                  19.65 kB │ gzip:   7.20 kB
public/build/assets/Index-7AL_YTuC.js                                   19.71 kB │ gzip:   6.82 kB
public/build/assets/edit-B8FStUZn.js                                    19.79 kB │ gzip:   7.34 kB
public/build/assets/broadcast-2F3WAVKU.js                               19.87 kB │ gzip:   7.63 kB
public/build/assets/dashboard-BIa3JLTv.js                               19.90 kB │ gzip:   7.34 kB
public/build/assets/Index-BChKn7Xt.js                                   19.92 kB │ gzip:   7.36 kB
public/build/assets/index-CH2T1JbE.js                                   19.96 kB │ gzip:   7.18 kB
public/build/assets/stats-CUNCLoFG.js                                   19.97 kB │ gzip:   6.32 kB
public/build/assets/features-B7W5JNlp.js                                19.98 kB │ gzip:   5.23 kB
public/build/assets/index-DxyrVKbs.js                                   20.01 kB │ gzip:   6.92 kB
public/build/assets/Create-CeAgPiam.js                                  20.03 kB │ gzip:   6.93 kB
public/build/assets/show-Dy8Z4m1s.js                                    20.12 kB │ gzip:   7.38 kB
public/build/assets/medications-D4kf1rx2.js                             20.21 kB │ gzip:   7.04 kB
public/build/assets/shifts-EjAYmTHJ.js                                  20.22 kB │ gzip:   6.61 kB
public/build/assets/Index-DjQZlK_q.js                                   20.31 kB │ gzip:   7.41 kB
public/build/assets/calendar-_h_d_YLR.js                                20.37 kB │ gzip:   6.61 kB
public/build/assets/Index-D7VyRPLZ.js                                   20.45 kB │ gzip:   7.82 kB
public/build/assets/note-wizard-u4zD94lv.js                             20.51 kB │ gzip:   6.58 kB
public/build/assets/show-CHL7sg9u.js                                    20.57 kB │ gzip:   6.93 kB
public/build/assets/_library-dialogs-BYwNkxvz.js                        20.59 kB │ gzip:   5.60 kB
public/build/assets/index-CR9OX0Vr.js                                   20.65 kB │ gzip:   8.42 kB
public/build/assets/Edit-DhU6kkak.js                                    20.67 kB │ gzip:   7.64 kB
public/build/assets/_error-dialogs-DIBBWtK5.js                          20.68 kB │ gzip:   7.30 kB
public/build/assets/index-DdHk16R2.js                                   20.70 kB │ gzip:   7.52 kB
public/build/assets/map-D3pvD1Nn.js                                     20.71 kB │ gzip:   6.43 kB
public/build/assets/history-CaPUeuf6.js                                 20.80 kB │ gzip:   7.16 kB
public/build/assets/create-yKWhCidd.js                                  20.82 kB │ gzip:   6.95 kB
public/build/assets/shift-notes-dialog-c_gC4tzT.js                      20.84 kB │ gzip:   7.81 kB
public/build/assets/balances-V-iNVxAM.js                                20.85 kB │ gzip:   8.36 kB
public/build/assets/show-BJoxInNW.js                                    20.96 kB │ gzip:   7.35 kB
public/build/assets/show-Dr0ipRM0.js                                    20.96 kB │ gzip:   7.61 kB
public/build/assets/record-observation-dialog-BwiYRUO0.js               20.96 kB │ gzip:   8.10 kB
public/build/assets/create-109-7yF1.js                                  21.06 kB │ gzip:   6.06 kB
public/build/assets/Index-ScijsxUX.js                                   21.10 kB │ gzip:   8.08 kB
public/build/assets/add-device-dialog-DOhT4PzT.js                       21.12 kB │ gzip:   7.34 kB
public/build/assets/index-Dh0P9fYO.js                                   21.21 kB │ gzip:   7.21 kB
public/build/assets/Reconcile-CqCmk7iT.js                               21.35 kB │ gzip:   6.98 kB
public/build/assets/Events-CvHSFZRm.js                                  21.37 kB │ gzip:   7.84 kB
public/build/assets/index-CdMT6d8H.js                                   21.49 kB │ gzip:   7.87 kB
public/build/assets/create-B0XNP8kJ.js                                  21.49 kB │ gzip:   8.54 kB
public/build/assets/calendar-cDkVUTMr.js                                21.50 kB │ gzip:   6.68 kB
public/build/assets/edit-BjxYEQGc.js                                    21.54 kB │ gzip:   7.18 kB
public/build/assets/Index-CUcdpKQh.js                                   21.59 kB │ gzip:   7.93 kB
public/build/assets/parts-BblVuo0u.js                                   21.65 kB │ gzip:   6.76 kB
public/build/assets/performance-wizards-Cu-BPcKa.js                     21.79 kB │ gzip:   7.44 kB
public/build/assets/create-BxsgOfCV.js                                  21.83 kB │ gzip:   7.24 kB
public/build/assets/review-builder-dialog-ClAar_Wp.js                   21.89 kB │ gzip:   7.70 kB
public/build/assets/show-bshH6wIC.js                                    22.05 kB │ gzip:   7.22 kB
public/build/assets/ppe-create-wizards-aQnXJPr6.js                      22.05 kB │ gzip:   7.38 kB
public/build/assets/Edit-DQS8Vx6K.js                                    22.15 kB │ gzip:   7.81 kB
public/build/assets/home-CigkitWZ.js                                    22.25 kB │ gzip:   5.38 kB
public/build/assets/payslips-DpJ9a8mv.js                                22.33 kB │ gzip:   6.62 kB
public/build/assets/Index-WmZuuIev.js                                   22.37 kB │ gzip:   7.73 kB
public/build/assets/incidents-CVW2kC9m.js                               22.51 kB │ gzip:   8.35 kB
public/build/assets/notifications-Ca23wPJU.js                           22.70 kB │ gzip:   8.10 kB
public/build/assets/Index-BZU6tSlR.js                                   22.75 kB │ gzip:   8.36 kB
public/build/assets/_review-dialogs-BURgc_3x.js                         22.77 kB │ gzip:   7.32 kB
public/build/assets/Show-BDfMtKb_.js                                    22.78 kB │ gzip:   7.76 kB
public/build/assets/index-BsqjbwgI.js                                   22.92 kB │ gzip:   7.92 kB
public/build/assets/Index-yzLPQpqj.js                                   22.92 kB │ gzip:   7.57 kB
public/build/assets/personal-details-B10nhabA.js                        23.03 kB │ gzip:   7.97 kB
public/build/assets/unifi-75e9TnXU.js                                   23.03 kB │ gzip:   6.94 kB
public/build/assets/show-BzXOGM0J.js                                    23.06 kB │ gzip:   7.47 kB
public/build/assets/_competency-dialogs-D9GyIRbI.js                     23.20 kB │ gzip:   7.76 kB
public/build/assets/Show-BWppIgGr.js                                    23.21 kB │ gzip:   7.07 kB
public/build/assets/resident-sidebar-D389vJI6.js                        23.21 kB │ gzip:   8.33 kB
public/build/assets/show-dptBGASA.js                                    23.38 kB │ gzip:   7.26 kB
public/build/assets/one-BEH8Gtv0.js                                     23.71 kB │ gzip:   8.17 kB
public/build/assets/Create-CWoRQvUt.js                                  23.84 kB │ gzip:   7.76 kB
public/build/assets/analytics-charts-DWi9CHYn.js                        24.03 kB │ gzip:   6.47 kB
public/build/assets/Create-C1hGq85d.js                                  24.06 kB │ gzip:   8.65 kB
public/build/assets/Show-DQ3d7R3E.js                                    24.19 kB │ gzip:   8.03 kB
public/build/assets/page-hero-FQe55Qnc.js                               24.23 kB │ gzip:   7.28 kB
public/build/assets/mar-governance-dialogs-B2YL9Xm-.js                  24.32 kB │ gzip:   7.57 kB
public/build/assets/Index-BPn23yc_.js                                   24.39 kB │ gzip:   9.54 kB
public/build/assets/automations-3d4Y9Ih3.js                             24.44 kB │ gzip:   7.46 kB
public/build/assets/Index-BlNibnYE.js                                   24.58 kB │ gzip:   8.57 kB
public/build/assets/Index-NJyKt5dH.js                                   24.61 kB │ gzip:   9.32 kB
public/build/assets/index-BK9KkrFy.js                                   24.67 kB │ gzip:   8.00 kB
public/build/assets/restraint-event-wizard-PFeg-ePh.js                  24.76 kB │ gzip:   8.04 kB
public/build/assets/Medications-BnTJfisB.js                             24.85 kB │ gzip:   8.99 kB
public/build/assets/Index-Cj_BNysE.js                                   25.02 kB │ gzip:   7.70 kB
public/build/assets/sso-_-u549o1.js                                     25.10 kB │ gzip:   7.79 kB
public/build/assets/index-DQExehuj.js                                   25.13 kB │ gzip:   9.49 kB
public/build/assets/index-DOiqPkIL.js                                   25.13 kB │ gzip:   8.73 kB
public/build/assets/objective-wizard-BubuiP4M.js                        25.18 kB │ gzip:   7.13 kB
public/build/assets/it-mailbox-CzAXGKtY.js                              25.25 kB │ gzip:   8.54 kB
public/build/assets/Reviews-vhCpyVhO.js                                 25.46 kB │ gzip:   8.57 kB
public/build/assets/milesight-5TIhGiR7.js                               25.49 kB │ gzip:   8.33 kB
public/build/assets/create-offer-TnH6fT3-.js                            25.53 kB │ gzip:   8.64 kB
public/build/assets/Show-C_uBPFhx.js                                    25.53 kB │ gzip:   9.06 kB
public/build/assets/dashboard-BBNe2DlN.js                               25.65 kB │ gzip:   7.87 kB
public/build/assets/index-1vL7gkg6.js                                   25.96 kB │ gzip:   8.84 kB
public/build/assets/show-DQHQiPsO.js                                    26.03 kB │ gzip:   8.83 kB
public/build/assets/create-B6SVCc_1.js                                  26.09 kB │ gzip:   7.19 kB
public/build/assets/show-D9BH-cn4.js                                    26.13 kB │ gzip:   7.49 kB
public/build/assets/vendor-utils-Dr6D9L7d.js                            26.13 kB │ gzip:   8.47 kB
public/build/assets/record-assessment-dialog-C6LEEEWt.js                26.21 kB │ gzip:   9.51 kB
public/build/assets/documents-wizards-wIld88aY.js                       26.26 kB │ gzip:   9.26 kB
public/build/assets/_dialogs-DVjRQq6o.js                                26.35 kB │ gzip:   8.34 kB
public/build/assets/transport-medication-dialogs-DntknPnb.js            26.38 kB │ gzip:   6.09 kB
public/build/assets/Handovers-D6LDOzHG.js                               26.39 kB │ gzip:  10.28 kB
public/build/assets/_dialogs-CHs3oOcd.js                                26.58 kB │ gzip:   8.56 kB
public/build/assets/index-BpvvK5JS.js                                   26.72 kB │ gzip:   9.49 kB
public/build/assets/show-D9HSx-ZW.js                                    26.76 kB │ gzip:   8.88 kB
public/build/assets/index-DubfoXwV.js                                   27.00 kB │ gzip:   9.33 kB
public/build/assets/SelfAdmin-n65F3QlL.js                               27.02 kB │ gzip:   8.92 kB
public/build/assets/leave-request-dialog-CGrtx_ww.js                    27.28 kB │ gzip:   9.06 kB
public/build/assets/show-gjaKH911.js                                    27.29 kB │ gzip:   9.60 kB
public/build/assets/dashboard-DNb89njY.js                               27.35 kB │ gzip:   7.60 kB
public/build/assets/page-header-CKZIXaro.js                             27.36 kB │ gzip:   8.42 kB
public/build/assets/index-BEzx_1sG.js                                   27.41 kB │ gzip:   9.60 kB
public/build/assets/Index-HO0ArDQ5.js                                   27.50 kB │ gzip:   9.58 kB
public/build/assets/edit-D0w1EfoJ.js                                    27.51 kB │ gzip:   9.13 kB
public/build/assets/care-support-plan-DTOpN7vp.js                       27.67 kB │ gzip:   9.14 kB
public/build/assets/index-BlM1cAM-.js                                   27.81 kB │ gzip:   8.99 kB
public/build/assets/index-DvJ-4EBh.js                                   27.82 kB │ gzip:   9.29 kB
public/build/assets/asset-wizard-dialog-C2gwgzTP.js                     27.83 kB │ gzip:   9.19 kB
public/build/assets/Show-DsOEOUL4.js                                    28.04 kB │ gzip:   9.27 kB
public/build/assets/smart-monitoring-20lDSmj2.js                        28.05 kB │ gzip:   6.48 kB
public/build/assets/show-D3IF1sW_.js                                    28.05 kB │ gzip:   9.81 kB
public/build/assets/index-DIdt9A4E.js                                   28.15 kB │ gzip:   9.01 kB
public/build/assets/show-DzTnxa87.js                                    28.36 kB │ gzip:   8.36 kB
public/build/assets/show-CR8ioOQR.js                                    28.36 kB │ gzip:  10.15 kB
public/build/assets/index-MKtad66H.js                                   28.37 kB │ gzip:   8.48 kB
public/build/assets/Create-QtE_N86K.js                                  28.70 kB │ gzip:  10.00 kB
public/build/assets/_self-admin-dialogs-DoDGqBjJ.js                     28.81 kB │ gzip:   9.50 kB
public/build/assets/guided-round-dialog-BXUlWEZ2.js                     29.15 kB │ gzip:   9.60 kB
public/build/assets/Show-BmEyhdXG.js                                    29.20 kB │ gzip:   8.26 kB
public/build/assets/templates-Drc1UhFe.js                               29.20 kB │ gzip:  10.34 kB
public/build/assets/documents-CVBBilOL.js                               29.30 kB │ gzip:   9.07 kB
public/build/assets/Create-jI8TXFok.js                                  29.40 kB │ gzip:   8.99 kB
public/build/assets/index-Dq0FJjrw.js                                   29.48 kB │ gzip:   9.61 kB
public/build/assets/show-Cbgp0sEa.js                                    29.89 kB │ gzip:   9.65 kB
public/build/assets/run-modal-D8neJTcI.js                               30.05 kB │ gzip:  10.27 kB
public/build/assets/_dialogs-C8cz9uTe.js                                30.07 kB │ gzip:  10.03 kB
public/build/assets/Show-DsE3qfxp.js                                    30.13 kB │ gzip:  10.09 kB
public/build/assets/Competency-CzbD7pmV.js                              30.17 kB │ gzip:  10.11 kB
public/build/assets/procedure-detail-dialog-DXjgY0F3.js                 30.20 kB │ gzip:   9.63 kB
public/build/assets/MedicationErrors-Cf3ReTFW.js                        30.46 kB │ gzip:  11.05 kB
public/build/assets/access-BnVZdnsf.js                                  30.67 kB │ gzip:  10.03 kB
public/build/assets/index-Bk6WsU0x.js                                   30.90 kB │ gzip:  10.54 kB
public/build/assets/_hero-DWylniB6.js                                   30.94 kB │ gzip:   9.76 kB
public/build/assets/_shopping-list-panel-DjeQ75Or.js                    31.35 kB │ gzip:  11.01 kB
public/build/assets/notification-escalations-BAueiE6V.js                31.74 kB │ gzip:   9.86 kB
public/build/assets/email-settings-DM_X2Y8H.js                          31.84 kB │ gzip:  10.15 kB
public/build/assets/_dialogs-X-00TUtv.js                                31.87 kB │ gzip:   9.50 kB
public/build/assets/_stock-dialogs-DjXC0FrH.js                          31.91 kB │ gzip:   9.55 kB
public/build/assets/access-i9zEiXqi.js                                  32.14 kB │ gzip:  11.42 kB
public/build/assets/index-DVz88Y5A.js                                   32.60 kB │ gzip:  11.81 kB
public/build/assets/index-e_uz_vW4.js                                   33.20 kB │ gzip:  11.41 kB
public/build/assets/_dialogs-BAy_lnRU.js                                33.24 kB │ gzip:  10.69 kB
public/build/assets/_dialogs-CecAA144.js                                33.63 kB │ gzip:  10.30 kB
public/build/assets/index-Lh8J4AXG.js                                   33.69 kB │ gzip:  11.49 kB
public/build/assets/index-CGWDMR_B.js                                   34.06 kB │ gzip:  12.09 kB
public/build/assets/show-MEODH49u.js                                    34.37 kB │ gzip:  10.49 kB
public/build/assets/Destructions-B-N1iEuV.js                            34.38 kB │ gzip:  12.26 kB
public/build/assets/medical-BFdvKNw6.js                                 34.45 kB │ gzip:   7.70 kB
public/build/assets/index-C5yOWuz1.js                                   34.76 kB │ gzip:  11.75 kB
public/build/assets/Index-uYDIFpy1.js                                   34.88 kB │ gzip:  11.39 kB
public/build/assets/_prescription-dialogs-Dz3ECspn.js                   35.13 kB │ gzip:   9.94 kB
public/build/assets/documents-DaRKJP9E.js                               35.20 kB │ gzip:  11.30 kB
public/build/assets/_cd-dialogs-DeLFw8of.js                             35.36 kB │ gzip:   9.45 kB
public/build/assets/index-BraSW_4i.js                                   35.44 kB │ gzip:  12.24 kB
public/build/assets/_dialogs-DiauhY4-.js                                35.86 kB │ gzip:  11.85 kB
public/build/assets/index-Bc66893C.js                                   36.16 kB │ gzip:  11.59 kB
public/build/assets/messages-D-U-uRF-.js                                36.19 kB │ gzip:  11.70 kB
public/build/assets/Show-qe-2Kq1X.js                                    36.37 kB │ gzip:  11.98 kB
public/build/assets/reviews-Bwm7v-O4.js                                 36.47 kB │ gzip:  11.44 kB
public/build/assets/documents-DDeE3ETZ.js                               36.82 kB │ gzip:  11.69 kB
public/build/assets/handover-BJ9VhOsk.js                                36.93 kB │ gzip:  11.65 kB
public/build/assets/Create-D-jBKWul.js                                  36.94 kB │ gzip:  11.92 kB
public/build/assets/global-DWtnhQUU.js                                  37.14 kB │ gzip:  12.20 kB
public/build/assets/index-BUJMCFB8.js                                   37.25 kB │ gzip:  11.55 kB
public/build/assets/index-DcZ4hy_F.js                                   37.37 kB │ gzip:  12.02 kB
public/build/assets/index-BeZQM-TX.js                                   37.72 kB │ gzip:  14.42 kB
public/build/assets/_inspector-B7PPaywa.js                              37.91 kB │ gzip:  11.53 kB
public/build/assets/Reports--KZnXl9d.js                                 38.14 kB │ gzip:  12.75 kB
public/build/assets/hazard-register-Dftvo4IT.js                         38.49 kB │ gzip:  12.71 kB
public/build/assets/Show-JOWQxJ1i.js                                    39.06 kB │ gzip:  11.23 kB
public/build/assets/index-BvLYAt16.js                                   39.21 kB │ gzip:  12.91 kB
public/build/assets/index-D1YkHlj0.js                                   39.59 kB │ gzip:  12.92 kB
public/build/assets/index-C0XqxRmJ.js                                   40.49 kB │ gzip:  13.96 kB
public/build/assets/index-DzSswN-Q.js                                   40.50 kB │ gzip:  14.56 kB
public/build/assets/index-CAqC1MSO.js                                   40.52 kB │ gzip:  13.19 kB
public/build/assets/case-wizards-yAgZt0mx.js                            40.74 kB │ gzip:  11.63 kB
public/build/assets/compliance-wizards-DgStJVTy.js                      40.85 kB │ gzip:  12.73 kB
public/build/assets/index-_HJAGCqB.js                                   40.87 kB │ gzip:  14.19 kB
public/build/assets/index-DrtYEr4H.js                                   41.17 kB │ gzip:  13.97 kB
public/build/assets/Dashboard-Ci_5Iomk.js                               41.22 kB │ gzip:  14.57 kB
public/build/assets/bands-M6w5ui3t.js                                   41.29 kB │ gzip:  14.20 kB
public/build/assets/_dialogs-DNvSH60D.js                                41.37 kB │ gzip:  12.04 kB
public/build/assets/Edit-Dcw1NE5b.js                                    41.39 kB │ gzip:  13.15 kB
public/build/assets/profile-CgxK6naf.js                                 41.48 kB │ gzip:  13.94 kB
public/build/assets/index-gdg17J69.js                                   41.66 kB │ gzip:  15.03 kB
public/build/assets/app-layout-CzkU96NA.js                              41.79 kB │ gzip:  13.10 kB
public/build/assets/show-BgOSmdmR.js                                    42.13 kB │ gzip:  13.36 kB
public/build/assets/discovery-DBsBRlrP.js                               42.15 kB │ gzip:  12.79 kB
public/build/assets/index-B0pXDOBr.js                                   42.32 kB │ gzip:  13.61 kB
public/build/assets/sso-config-C_k-Upq8.js                              42.36 kB │ gzip:  13.73 kB
public/build/assets/handover-wizard-D_95unpy.js                         43.04 kB │ gzip:  13.61 kB
public/build/assets/core.esm-D5j4X1h1.js                                43.17 kB │ gzip:  14.39 kB
public/build/assets/service-contexts-BH-8Ksuz.js                        43.26 kB │ gzip:  13.80 kB
public/build/assets/StockManagement-DnVtCn2f.js                         43.42 kB │ gzip:  12.92 kB
public/build/assets/show-BBvaCBoR.js                                    43.82 kB │ gzip:  14.76 kB
public/build/assets/show-B2cMVC8W.js                                    43.83 kB │ gzip:  14.79 kB
public/build/assets/Dashboard-BnLOvrxJ.js                               43.84 kB │ gzip:  10.67 kB
public/build/assets/Index-Dxet1nKp.js                                   43.86 kB │ gzip:  15.03 kB
public/build/assets/show-BQWW_b-G.js                                    43.88 kB │ gzip:  12.95 kB
public/build/assets/branding-BS_ryzjb.js                                44.32 kB │ gzip:  13.78 kB
public/build/assets/_canvas-R6HwIFgV.js                                 44.48 kB │ gzip:  12.88 kB
public/build/assets/AuditLog-6eNgvWXM.js                                44.89 kB │ gzip:  15.09 kB
public/build/assets/index-BUXR1p6k.js                                   45.17 kB │ gzip:  12.81 kB
public/build/assets/asset-wizards-Bhyezc-z.js                           45.19 kB │ gzip:  13.11 kB
public/build/assets/MarCharts-b7frFBTP.js                               45.25 kB │ gzip:  15.61 kB
public/build/assets/Prescriptions-DZh66nVX.js                           45.94 kB │ gzip:  13.89 kB
public/build/assets/incident-detail-dialog-DJxTX_PA.js                  47.33 kB │ gzip:  14.30 kB
public/build/assets/Rounds-DDFIEBoC.js                                  47.80 kB │ gzip:  14.96 kB
public/build/assets/drill-detail-dialog-CFpXkNpZ.js                     47.88 kB │ gzip:  13.52 kB
public/build/assets/incident-report-dialog-BNaNfzgu.js                  48.28 kB │ gzip:  15.87 kB
public/build/assets/index-BIJzJ05t.js                                   48.59 kB │ gzip:  15.50 kB
public/build/assets/Show--DJGoze2.js                                    48.84 kB │ gzip:  12.89 kB
public/build/assets/index-4-FSfgjn.js                                   48.85 kB │ gzip:  14.98 kB
public/build/assets/create-shift-dialog-hYchbzXG.js                     49.10 kB │ gzip:  14.23 kB
public/build/assets/_wizard-O-MGW8SU.js                                 49.42 kB │ gzip:  15.34 kB
public/build/assets/Show-DFvp8Hsr.js                                    49.73 kB │ gzip:  13.77 kB
public/build/assets/welcome-CEDefeRY.js                                 50.21 kB │ gzip:   9.57 kB
public/build/assets/index-CU2dFEdk.js                                   50.64 kB │ gzip:  15.88 kB
public/build/assets/index-BwWUUifX.js                                   51.45 kB │ gzip:  15.79 kB
public/build/assets/family-dashboard-BBTy-Q2y.js                        51.53 kB │ gzip:  14.92 kB
public/build/assets/ra-wizard-dialog-uQZsBq6r.js                        51.97 kB │ gzip:  16.29 kB
public/build/assets/index-BUrj-cnZ.js                                   52.46 kB │ gzip:  15.85 kB
public/build/assets/hazard-detail-dialog-BqQzM7W8.js                    52.62 kB │ gzip:  15.18 kB
public/build/assets/_parts-gN6EJ7iA.js                                  52.71 kB │ gzip:  17.07 kB
public/build/assets/settings-4hjPRhEA.js                                52.89 kB │ gzip:  15.36 kB
public/build/assets/CockpitLayout-DQaPeVJc.js                           53.46 kB │ gzip:  15.00 kB
public/build/assets/index-DWELjz4R.js                                   56.10 kB │ gzip:  18.95 kB
public/build/assets/device-profile-sections-BzPGMT4o.js                 58.15 kB │ gzip:  16.93 kB
public/build/assets/dashboard-CUQA4o0K.js                               58.31 kB │ gzip:  16.77 kB
public/build/assets/show-CpHEL7ze.js                                    58.78 kB │ gzip:  20.05 kB
public/build/assets/Index-DcxQgBC7.js                                   59.54 kB │ gzip:  18.95 kB
public/build/assets/medical-m9EbOVrn.js                                 59.79 kB │ gzip:  11.87 kB
public/build/assets/my-hr-shell-Bg1dPHDQ.js                             59.82 kB │ gzip:  18.81 kB
public/build/assets/PrnRecords-BU-P1Da3.js                              60.33 kB │ gzip:  18.49 kB
public/build/assets/settings-WFS_0OP4.js                                62.88 kB │ gzip:  17.04 kB
public/build/assets/Show-DRsr0Q5U.js                                    63.09 kB │ gzip:  17.59 kB
public/build/assets/index-CX6vlXWr.js                                   63.97 kB │ gzip:  19.18 kB
public/build/assets/dashboard-DY1Q0h8v.js                               64.06 kB │ gzip:  20.18 kB
public/build/assets/data-CZB-bq09.js                                    64.20 kB │ gzip:  13.81 kB
public/build/assets/monitoring-Zql-5oHH.js                              65.37 kB │ gzip:  19.37 kB
public/build/assets/ControlledDrugs-Gy9ern_a.js                         65.39 kB │ gzip:  20.22 kB
public/build/assets/catalog-BGUVi0lo.js                                 66.31 kB │ gzip:  17.54 kB
public/build/assets/conflicts-_pB4-BE0.js                               66.55 kB │ gzip:  21.28 kB
public/build/assets/show-DhdQsunf.js                                    67.42 kB │ gzip:  14.94 kB
public/build/assets/show-9AzitTDD.js                                    68.22 kB │ gzip:  20.16 kB
public/build/assets/index-DUMVqPVb.js                                   68.62 kB │ gzip:  21.25 kB
public/build/assets/index-rtEd_MZl.js                                   69.01 kB │ gzip:  21.72 kB
public/build/assets/analytics-BlLgT-Dj.js                               70.21 kB │ gzip:  23.74 kB
public/build/assets/concern-dialog-CPFsgcvP.js                          72.33 kB │ gzip:  20.09 kB
public/build/assets/legacy-profile-sections-BXOwRR8w.js                 72.99 kB │ gzip:  19.50 kB
public/build/assets/show-D5I_eIVR.js                                    73.87 kB │ gzip:  22.91 kB
public/build/assets/SiteCalendar-sJQ1He1N.js                            76.90 kB │ gzip:  24.12 kB
public/build/assets/index-B7uY3MKP.js                                   77.04 kB │ gzip:  22.38 kB
public/build/assets/_calendar-grid-DYGpoJTX.js                          77.48 kB │ gzip:  22.96 kB
public/build/assets/index-B8H1PRHg.js                                   77.86 kB │ gzip:  23.64 kB
public/build/assets/index-BoOk3CC5.js                                   80.19 kB │ gzip:  23.17 kB
public/build/assets/index-p8DuFt-d.js                                   81.26 kB │ gzip:  24.30 kB
public/build/assets/_create-dialog-DAUKD9PC.js                          82.00 kB │ gzip:  27.51 kB
public/build/assets/staff-page-shell-DvpjNeYD.js                        82.43 kB │ gzip:  24.75 kB
public/build/assets/index-B1bQGCLB.js                                   83.34 kB │ gzip:  27.03 kB
public/build/assets/index-DDvSriWW.js                                   86.63 kB │ gzip:  24.81 kB
public/build/assets/index-y4C6IneQ.js                                   88.36 kB │ gzip:  27.10 kB
public/build/assets/Index-OzLIfGX6.js                                   88.43 kB │ gzip:  26.65 kB
public/build/assets/index-BxmZMbaN.js                                   94.53 kB │ gzip:  28.03 kB
public/build/assets/show-CZCC3ZTs.js                                    99.19 kB │ gzip:  25.82 kB
public/build/assets/index-Db2eS5QB.js                                  103.05 kB │ gzip:  30.96 kB
public/build/assets/index-E1rcdSs7.js                                  103.97 kB │ gzip:  31.54 kB
public/build/assets/index-BE49gHVf.js                                  107.02 kB │ gzip:  31.27 kB
public/build/assets/queclink-hub-mdhOD6mL.js                           109.34 kB │ gzip:  33.48 kB
public/build/assets/index-B1Sr6mwl.js                                  111.54 kB │ gzip:  30.38 kB
public/build/assets/workspace-DDon5GLU.js                              128.30 kB │ gzip:  38.69 kB
public/build/assets/event-detail-dialog-CViIRl8o.js                    148.01 kB │ gzip:  38.86 kB
public/build/assets/vendor-maps-CTUbLoeq.js                            149.92 kB │ gzip:  43.49 kB
public/build/assets/index-2ctMka4n.js                                  155.58 kB │ gzip:  42.41 kB
public/build/assets/index-CzaNd5q3.js                                  155.77 kB │ gzip:  45.20 kB
public/build/assets/alert-workspace-dialog-qbYaCj86.js                 158.04 kB │ gzip:  44.31 kB
public/build/assets/index-ByUfAWN9.js                                  159.31 kB │ gzip:  44.99 kB
public/build/assets/index-Na__N4IV.js                                  187.77 kB │ gzip:  55.83 kB
public/build/assets/vendor-react-C99fm9h8.js                           193.87 kB │ gzip:  60.86 kB
public/build/assets/vendor-inertia-DPCroW5n.js                         195.03 kB │ gzip:  65.82 kB
public/build/assets/category-CqZBhPdu.js                               206.34 kB │ gzip:  51.84 kB
public/build/assets/ticket-reopen-dialog-D4Y2F1Gf.js                   228.52 kB │ gzip:  68.04 kB
public/build/assets/vendor-calendar-NWT3TLWG.js                        267.92 kB │ gzip:  79.12 kB
public/build/assets/vendor-ui-BKPa9nGd.js                              276.38 kB │ gzip:  76.70 kB
public/build/assets/show-DxbYSZVm.js                                   283.30 kB │ gzip:  85.58 kB
public/build/assets/show-CE_sdFWM.js                                   286.70 kB │ gzip:  80.46 kB
public/build/assets/index-B0AKoLmG.js                                  318.98 kB │ gzip:  88.34 kB
public/build/assets/index--WrVnAKi.js                                  330.45 kB │ gzip: 103.25 kB
public/build/assets/vendor-charts-BNRGb8tR.js                          398.57 kB │ gzip: 115.53 kB
public/build/assets/app-CcDgQVmz.js                                    468.82 kB │ gzip:  78.76 kB
✓ built in 3m 55s
