vite v7.3.6 building client environment for production...
[plugin @laravel/vite-plugin-wayfinder] Types generated for actions, routes, form variants
transforming...
✓ 5261 modules transformed.
rendering chunks...
computing gzip size...
public/build/assets/layers-BWBAp2CZ.png                                  0.70 kB
public/build/assets/layers-2x-Bpkbi35X.png                               1.26 kB
public/build/assets/marker-icon-hN30_KVU.png                             1.47 kB
public/build/manifest.json                                           3,491.48 kB │ gzip: 189.70 kB
public/build/assets/vendor-maps-CLLlcC51.css                            11.08 kB │ gzip:   2.73 kB
public/build/assets/knowledge-revision-dialog-D-juoI1B.css              12.92 kB │ gzip:   3.14 kB
public/build/assets/app-DlpvT04F.css                                   437.95 kB │ gzip:  55.31 kB
public/build/assets/my-hr-utils-fLvKAKV1.js                              0.07 kB │ gzip:   0.09 kB
public/build/assets/avatar-hue-BThxaYxR.js                               0.10 kB │ gzip:   0.11 kB
public/build/assets/_announcer-cvXWdNAc.js                               0.12 kB │ gzip:   0.12 kB
public/build/assets/minus-CTGLhUNZ.js                                    0.12 kB │ gzip:   0.13 kB
public/build/assets/check-DDVXCw5p.js                                    0.12 kB │ gzip:   0.14 kB
public/build/assets/circle-Ctjuo5cz.js                                   0.12 kB │ gzip:   0.13 kB
public/build/assets/chevron-down-Crnf227Q.js                             0.13 kB │ gzip:   0.14 kB
public/build/assets/chevron-up-CNQ4A7SO.js                               0.13 kB │ gzip:   0.14 kB
public/build/assets/chevron-left-Bj4YwU-M.js                             0.13 kB │ gzip:   0.14 kB
public/build/assets/chevron-right-CRfrucpT.js                            0.13 kB │ gzip:   0.14 kB
public/build/assets/play-ByBcirBk.js                                     0.13 kB │ gzip:   0.14 kB
public/build/assets/moon-BggiqT0K.js                                     0.14 kB │ gzip:   0.15 kB
public/build/assets/loader-circle-DJWAV5-P.js                            0.14 kB │ gzip:   0.15 kB
public/build/assets/square-BHdrcTVG.js                                   0.15 kB │ gzip:   0.15 kB
public/build/assets/message-circle-C5E5cxl_.js                           0.15 kB │ gzip:   0.16 kB
public/build/assets/navigation-GGghdA7i.js                               0.15 kB │ gzip:   0.15 kB
public/build/assets/staff-creation-workflow-D6SGmEbz.js                  0.15 kB │ gzip:   0.13 kB
public/build/assets/plus-x6b4ZeI-.js                                     0.15 kB │ gzip:   0.15 kB
public/build/assets/x-Bg6p8EIe.js                                        0.15 kB │ gzip:   0.15 kB
public/build/assets/thermometer-De0Ln__k.js                              0.16 kB │ gzip:   0.16 kB
public/build/assets/filter-Dc4bEMNH.js                                   0.16 kB │ gzip:   0.16 kB
public/build/assets/bookmark-CGMdC1Yd.js                                 0.16 kB │ gzip:   0.16 kB
public/build/assets/arrow-left-p9Qbg7W-.js                               0.16 kB │ gzip:   0.16 kB
public/build/assets/arrow-right-D9TCRw9a.js                              0.16 kB │ gzip:   0.16 kB
public/build/assets/arrow-up-right-DYClDqKn.js                           0.16 kB │ gzip:   0.15 kB
public/build/assets/circle-minus-IpsTNiEF.js                             0.17 kB │ gzip:   0.16 kB
public/build/assets/search-BRnxFSeT.js                                   0.17 kB │ gzip:   0.16 kB
public/build/assets/arrow-down-right-lmrOpOpl.js                         0.17 kB │ gzip:   0.16 kB
public/build/assets/move-right-B75ingr1.js                               0.17 kB │ gzip:   0.16 kB
public/build/assets/ban-Dt1GsTV8.js                                      0.17 kB │ gzip:   0.16 kB
public/build/assets/circle-check-A_TSwXdN.js                             0.17 kB │ gzip:   0.16 kB
public/build/assets/chevrons-up-down-DN2dHgw3.js                         0.17 kB │ gzip:   0.16 kB
public/build/assets/power-io_R26_E.js                                    0.17 kB │ gzip:   0.17 kB
public/build/assets/gauge-CDeqb2ue.js                                    0.18 kB │ gzip:   0.16 kB
public/build/assets/user-round-CdPg11lj.js                               0.18 kB │ gzip:   0.17 kB
public/build/assets/circle-dot-DWzIafqX.js                               0.18 kB │ gzip:   0.15 kB
public/build/assets/clock-D1DyPGUA.js                                    0.18 kB │ gzip:   0.17 kB
public/build/assets/message-square-BciX7JVk.js                           0.18 kB │ gzip:   0.17 kB
public/build/assets/check-check-B4kIW8nl.js                              0.18 kB │ gzip:   0.17 kB
public/build/assets/clock-3-5ebHvAej.js                                  0.18 kB │ gzip:   0.17 kB
public/build/assets/chart-line-B76L_Uy1.js                               0.18 kB │ gzip:   0.17 kB
public/build/assets/circle-slash-Df8lHhaL.js                             0.18 kB │ gzip:   0.17 kB
public/build/assets/reply-DrCv6jUC.js                                    0.18 kB │ gzip:   0.18 kB
public/build/assets/circle-check-big-CSHWWZoj.js                         0.19 kB │ gzip:   0.18 kB
public/build/assets/circle-play-DUTuQp1w.js                              0.19 kB │ gzip:   0.17 kB
public/build/assets/user-C6v3A4ev.js                                     0.19 kB │ gzip:   0.18 kB
public/build/assets/megaphone-C-xzCC_v.js                                0.19 kB │ gzip:   0.18 kB
public/build/assets/skip-forward-NOtG7Q9h.js                             0.20 kB │ gzip:   0.18 kB
public/build/assets/smartphone-qSLKCfup.js                               0.20 kB │ gzip:   0.18 kB
public/build/assets/rotate-ccw-C6T11CAe.js                               0.20 kB │ gzip:   0.18 kB
public/build/assets/info-DPHqREbP.js                                     0.20 kB │ gzip:   0.18 kB
public/build/assets/rotate-cw-T78_pd3f.js                                0.20 kB │ gzip:   0.18 kB
public/build/assets/lock-C7Mfhe3v.js                                     0.20 kB │ gzip:   0.19 kB
public/build/assets/circle-x-PNhxQhu9.js                                 0.20 kB │ gzip:   0.17 kB
public/build/assets/circle-plus-D6mEdkxE.js                              0.20 kB │ gzip:   0.18 kB
public/build/assets/chart-palette-BuldC4kO.js                            0.20 kB │ gzip:   0.13 kB
public/build/assets/trending-up-C-u3hrza.js                              0.20 kB │ gzip:   0.18 kB
public/build/assets/utils-COkJOzsg.js                                    0.20 kB │ gzip:   0.16 kB
public/build/assets/arrow-up-from-line-D4RENKS7.js                       0.21 kB │ gzip:   0.18 kB
public/build/assets/arrow-down-to-line-CK6-OCln.js                       0.21 kB │ gzip:   0.18 kB
public/build/assets/credit-card-DeH_dSbg.js                              0.21 kB │ gzip:   0.18 kB
public/build/assets/redo-2-u62Ta9dr.js                                   0.21 kB │ gzip:   0.18 kB
public/build/assets/trending-down-DXUsiZPS.js                            0.21 kB │ gzip:   0.18 kB
public/build/assets/droplet-C3eMcBH7.js                                  0.21 kB │ gzip:   0.19 kB
public/build/assets/undo-2-BGmXgk5C.js                                   0.21 kB │ gzip:   0.17 kB
public/build/assets/lock-open-CTUG0wSt.js                                0.21 kB │ gzip:   0.19 kB
public/build/assets/mail-vdrxvv5U.js                                     0.21 kB │ gzip:   0.20 kB
public/build/assets/it-module-shell-Cq8Pndvb.js                          0.21 kB │ gzip:   0.19 kB
public/build/assets/battery-9XQ2LhVV.js                                  0.21 kB │ gzip:   0.18 kB
public/build/assets/pause-D9Yh7v3K.js                                    0.21 kB │ gzip:   0.17 kB
public/build/assets/circle-arrow-up-pB_1vAkD.js                          0.21 kB │ gzip:   0.18 kB
public/build/assets/circle-arrow-down-DtPQZRAR.js                        0.21 kB │ gzip:   0.18 kB
public/build/assets/pill-B3155kTz.js                                     0.21 kB │ gzip:   0.18 kB
public/build/assets/site-profile-dialog-host-BH_OdoAm.js                 0.21 kB │ gzip:   0.19 kB
public/build/assets/dollar-sign-CT8mDfvC.js                              0.22 kB │ gzip:   0.19 kB
public/build/assets/file-D2AeYI95.js                                     0.22 kB │ gzip:   0.18 kB
public/build/assets/laptop-4DSr-7Is.js                                   0.22 kB │ gzip:   0.19 kB
public/build/assets/flag-Ca2UiaNy.js                                     0.22 kB │ gzip:   0.20 kB
public/build/assets/rows-3-BwKr6_9h.js                                   0.22 kB │ gzip:   0.18 kB
public/build/assets/rss-a9a0x-0u.js                                      0.22 kB │ gzip:   0.18 kB
public/build/assets/briefcase-BC74x1ME.js                                0.22 kB │ gzip:   0.20 kB
public/build/assets/ellipsis-CdEktynt.js                                 0.22 kB │ gzip:   0.16 kB
public/build/assets/target-CO5xnJxT.js                                   0.22 kB │ gzip:   0.16 kB
public/build/assets/columns-3-5-CxNzDq.js                                0.22 kB │ gzip:   0.19 kB
public/build/assets/git-merge-D5FZFta5.js                                0.22 kB │ gzip:   0.18 kB
public/build/assets/square-check-big-lL-DyCK3.js                         0.22 kB │ gzip:   0.19 kB
public/build/assets/sticky-note-JbiHpJqg.js                              0.22 kB │ gzip:   0.18 kB
public/build/assets/folder-BVMcQJQA.js                                   0.23 kB │ gzip:   0.19 kB
public/build/assets/ellipsis-vertical-CAx-szuW.js                        0.23 kB │ gzip:   0.17 kB
public/build/assets/vote-CUyH8u56.js                                     0.23 kB │ gzip:   0.19 kB
public/build/assets/copy-C77ni_Wj.js                                     0.23 kB │ gzip:   0.20 kB
public/build/assets/door-closed-S1aU71WB.js                              0.23 kB │ gzip:   0.19 kB
public/build/assets/user-round-check-ClWt_9dQ.js                         0.23 kB │ gzip:   0.21 kB
public/build/assets/circle-user-round-DvDvwyD8.js                        0.23 kB │ gzip:   0.19 kB
public/build/assets/circle-help-C-PkmdC_.js                              0.23 kB │ gzip:   0.20 kB
public/build/assets/ear-D7rozfY4.js                                      0.23 kB │ gzip:   0.19 kB
public/build/assets/activity--pli6XSW.js                                 0.23 kB │ gzip:   0.20 kB
public/build/assets/pen-DuHoXmkf.js                                      0.23 kB │ gzip:   0.20 kB
public/build/assets/history-BIOQr0QJ.js                                  0.24 kB │ gzip:   0.19 kB
public/build/assets/globe-Bwg8wzsH.js                                    0.24 kB │ gzip:   0.19 kB
public/build/assets/percent-C_RRTRGh.js                                  0.24 kB │ gzip:   0.18 kB
public/build/assets/timer-RBQxbkcD.js                                    0.24 kB │ gzip:   0.19 kB
public/build/assets/banknote-BIjq5TeQ.js                                 0.24 kB │ gzip:   0.20 kB
public/build/assets/heart-CYD26frv.js                                    0.24 kB │ gzip:   0.21 kB
public/build/assets/link-2-NTtpSnxz.js                                   0.24 kB │ gzip:   0.21 kB
public/build/assets/circle-dollar-sign-Zh7rQp3z.js                       0.24 kB │ gzip:   0.20 kB
public/build/assets/menu-BQK-KAJm.js                                     0.24 kB │ gzip:   0.17 kB
public/build/assets/arrow-up-down-Cs7I0m2F.js                            0.24 kB │ gzip:   0.19 kB
public/build/assets/database-SpGYcas2.js                                 0.24 kB │ gzip:   0.20 kB
public/build/assets/arrow-down-up-D4PCz8Mu.js                            0.24 kB │ gzip:   0.19 kB
public/build/assets/type-DcXrs232.js                                     0.24 kB │ gzip:   0.19 kB
public/build/assets/circle-pause-CsUPc3MQ.js                             0.24 kB │ gzip:   0.18 kB
public/build/assets/arrow-left-right-Bej3pUaV.js                         0.25 kB │ gzip:   0.19 kB
public/build/assets/compass-CO-LFSfE.js                                  0.25 kB │ gzip:   0.20 kB
public/build/assets/arrow-right-left-CkKXOB_L.js                         0.25 kB │ gzip:   0.19 kB
public/build/assets/book-marked-K1Rd31kq.js                              0.25 kB │ gzip:   0.20 kB
public/build/assets/settings-2-DivlDHXp.js                               0.25 kB │ gzip:   0.19 kB
public/build/assets/users-round-5xdCygSM.js                              0.25 kB │ gzip:   0.22 kB
public/build/assets/camera-BdeGSHsH.js                                   0.25 kB │ gzip:   0.21 kB
public/build/assets/file-warning-BBCFDNn6.js                             0.25 kB │ gzip:   0.19 kB
public/build/assets/video-CmcaWRF3.js                                    0.25 kB │ gzip:   0.21 kB
public/build/assets/circle-alert-DmJT_Jce.js                             0.25 kB │ gzip:   0.19 kB
public/build/assets/route-Bw_34qP0.js                                    0.25 kB │ gzip:   0.20 kB
public/build/assets/mouse-pointer-2-C120V1Q7.js                          0.25 kB │ gzip:   0.21 kB
public/build/assets/chart-column-L9YiYR5w.js                             0.25 kB │ gzip:   0.19 kB
public/build/assets/external-link-C5Syj8Pm.js                            0.25 kB │ gzip:   0.20 kB
public/build/assets/shopping-bag-Bt52H-cb.js                             0.25 kB │ gzip:   0.20 kB
public/build/assets/cloud-upload-BVKWeHB0.js                             0.25 kB │ gzip:   0.21 kB
public/build/assets/eye-D_ef76dk.js                                      0.25 kB │ gzip:   0.20 kB
public/build/assets/map-pin-CN8HMkje.js                                  0.25 kB │ gzip:   0.22 kB
public/build/assets/user-check-C3HylErS.js                               0.25 kB │ gzip:   0.22 kB
public/build/assets/archive-CvV568ws.js                                  0.25 kB │ gzip:   0.21 kB
public/build/assets/lock-keyhole-Bbdj_j9h.js                             0.25 kB │ gzip:   0.22 kB
public/build/assets/message-square-plus-DHnJ6Tx4.js                      0.25 kB │ gzip:   0.20 kB
public/build/assets/circle-user-D6jX8xvp.js                              0.25 kB │ gzip:   0.20 kB
public/build/assets/message-square-text-CmkFRzYG.js                      0.25 kB │ gzip:   0.20 kB
public/build/assets/user-minus-CWGtlXoV.js                               0.25 kB │ gzip:   0.22 kB
public/build/assets/file-check-2-Caiuaadr.js                             0.25 kB │ gzip:   0.20 kB
public/build/assets/messages-square-C6IRHlMD.js                          0.25 kB │ gzip:   0.20 kB
public/build/assets/link-DfetjOoT.js                                     0.26 kB │ gzip:   0.19 kB
public/build/assets/hr-hero-vVfoNmsp.js                                  0.26 kB │ gzip:   0.22 kB
public/build/assets/wrench-DH2USjvk.js                                   0.26 kB │ gzip:   0.20 kB
public/build/assets/calendar-BLr1PSiW.js                                 0.26 kB │ gzip:   0.20 kB
public/build/assets/upload-SQl3hrsO.js                                   0.26 kB │ gzip:   0.22 kB
public/build/assets/log-out-CDnSTZJB.js                                  0.26 kB │ gzip:   0.22 kB
public/build/assets/ticket-check-oAM2vzlp.js                             0.26 kB │ gzip:   0.20 kB
public/build/assets/log-in-BtTRnJrM.js                                   0.26 kB │ gzip:   0.22 kB
public/build/assets/monitor-C2BtWQXT.js                                  0.26 kB │ gzip:   0.20 kB
public/build/assets/message-square-warning-R3vlqD2x.js                   0.26 kB │ gzip:   0.20 kB
public/build/assets/utensils-Db5ZOW8y.js                                 0.26 kB │ gzip:   0.21 kB
public/build/assets/download-gbHbOcXT.js                                 0.26 kB │ gzip:   0.22 kB
public/build/assets/zap-Bicj9MN3.js                                      0.26 kB │ gzip:   0.21 kB
public/build/assets/triangle-alert-CuSQJ3Zm.js                           0.26 kB │ gzip:   0.21 kB
public/build/assets/leaf-CDzvF252.js                                     0.26 kB │ gzip:   0.22 kB
public/build/assets/file-check-CbpCsw4J.js                               0.26 kB │ gzip:   0.20 kB
public/build/assets/workflow-D0GOis90.js                                 0.26 kB │ gzip:   0.20 kB
public/build/assets/mic-DWSiNEcA.js                                      0.26 kB │ gzip:   0.21 kB
public/build/assets/shield-CYHd-7eM.js                                   0.27 kB │ gzip:   0.22 kB
public/build/assets/battery-low-CsKf3lp6.js                              0.27 kB │ gzip:   0.21 kB
public/build/assets/timer-reset-bhG5zp7W.js                              0.27 kB │ gzip:   0.21 kB
public/build/assets/award-eAT_T806.js                                    0.27 kB │ gzip:   0.22 kB
public/build/assets/eraser-WPA0FjqO.js                                   0.27 kB │ gzip:   0.22 kB
public/build/assets/image-vEFsKLLk.js                                    0.27 kB │ gzip:   0.22 kB
public/build/assets/repeat-CwSUjJHU.js                                   0.27 kB │ gzip:   0.20 kB
public/build/assets/arrow-up-ZX5IW_UO.js                                 0.27 kB │ gzip:   0.20 kB
public/build/assets/flame-BYKL4Moj.js                                    0.27 kB │ gzip:   0.22 kB
public/build/assets/git-branch-L7jta2pw.js                               0.27 kB │ gzip:   0.22 kB
public/build/assets/coins-DTepouVq.js                                    0.27 kB │ gzip:   0.22 kB
public/build/assets/pencil-FKsdReBq.js                                   0.28 kB │ gzip:   0.22 kB
public/build/assets/pen-line-CQEC62Nk.js                                 0.28 kB │ gzip:   0.23 kB
public/build/assets/list-checks-DSexb9Mu.js                              0.28 kB │ gzip:   0.19 kB
public/build/assets/book-open-ldBd2Spk.js                                0.28 kB │ gzip:   0.20 kB
public/build/assets/file-diff-CqYVG5UF.js                                0.28 kB │ gzip:   0.20 kB
public/build/assets/wifi-B9N3aKL6.js                                     0.28 kB │ gzip:   0.20 kB
public/build/assets/lightbulb-5kwsTxXp.js                                0.28 kB │ gzip:   0.22 kB
public/build/assets/file-plus-2-BFekgaPS.js                              0.28 kB │ gzip:   0.21 kB
public/build/assets/layout-template-DT9dtSur.js                          0.28 kB │ gzip:   0.19 kB
public/build/assets/inbox-B30cy5ro.js                                    0.29 kB │ gzip:   0.23 kB
public/build/assets/wallet-B7yIGlFc.js                                   0.29 kB │ gzip:   0.20 kB
public/build/assets/files-BtegeReL.js                                    0.29 kB │ gzip:   0.22 kB
public/build/assets/shopping-cart-1y8ISuRS.js                            0.29 kB │ gzip:   0.23 kB
public/build/assets/shirt-CaOiUn1O.js                                    0.29 kB │ gzip:   0.23 kB
public/build/assets/house-DpG9FU-m.js                                    0.29 kB │ gzip:   0.22 kB
public/build/assets/bell-GJHB_N-Q.js                                     0.29 kB │ gzip:   0.24 kB
public/build/assets/use-initials-U-N8N3-N.js                             0.29 kB │ gzip:   0.20 kB
public/build/assets/send-CcuaQIxh.js                                     0.29 kB │ gzip:   0.23 kB
public/build/assets/folder-open-CSlwP5hv.js                              0.29 kB │ gzip:   0.22 kB
public/build/assets/receipt-Br2M_h39.js                                  0.29 kB │ gzip:   0.21 kB
public/build/assets/link-2-off-D6AmIAg9.js                               0.29 kB │ gzip:   0.21 kB
public/build/assets/smile-BMHD4cBk.js                                    0.29 kB │ gzip:   0.22 kB
public/build/assets/grid-3x3-0u8ow130.js                                 0.29 kB │ gzip:   0.21 kB
public/build/assets/bed-double-CmLM-TKF.js                               0.30 kB │ gzip:   0.21 kB
public/build/assets/heart-crack-D0UFKMsQ.js                              0.30 kB │ gzip:   0.24 kB
public/build/assets/hash-B2rgC3gx.js                                     0.30 kB │ gzip:   0.19 kB
public/build/assets/maximize-2-DZP76YNL.js                               0.30 kB │ gzip:   0.21 kB
public/build/assets/list-todo-qGDESUSg.js                                0.30 kB │ gzip:   0.22 kB
public/build/assets/paperclip-BwyjrqOa.js                                0.30 kB │ gzip:   0.23 kB
public/build/assets/file-up-CZQiveeq.js                                  0.30 kB │ gzip:   0.21 kB
public/build/assets/flask-conical-D9mbK_FB.js                            0.30 kB │ gzip:   0.23 kB
public/build/assets/gavel-CgSpbztq.js                                    0.30 kB │ gzip:   0.21 kB
public/build/assets/thumbs-up-DuB8P6KF.js                                0.30 kB │ gzip:   0.24 kB
public/build/assets/list-gtED7Iyx.js                                     0.30 kB │ gzip:   0.18 kB
public/build/assets/file-down-Dh34eTjV.js                                0.30 kB │ gzip:   0.21 kB
public/build/assets/thumbs-down-BBJ6_SNE.js                              0.30 kB │ gzip:   0.24 kB
public/build/assets/clipboard-check-C5rGRegA.js                          0.30 kB │ gzip:   0.23 kB
public/build/assets/file-clock-DIzndHdg.js                               0.30 kB │ gzip:   0.23 kB
public/build/assets/users-A8mPdO-j.js                                    0.30 kB │ gzip:   0.23 kB
public/build/assets/coffee-BbtEDKov.js                                   0.30 kB │ gzip:   0.21 kB
public/build/assets/calendar-check-Cx8P2Cw0.js                           0.30 kB │ gzip:   0.22 kB
public/build/assets/user-x-CSdMGzhY.js                                   0.30 kB │ gzip:   0.23 kB
public/build/assets/folder-plus-CV7X7PTw.js                              0.30 kB │ gzip:   0.22 kB
public/build/assets/chef-hat-Tl6JYbTJ.js                                 0.31 kB │ gzip:   0.24 kB
public/build/assets/user-plus-DZ6KJsSD.js                                0.31 kB │ gzip:   0.23 kB
public/build/assets/box-BFf660x8.js                                      0.31 kB │ gzip:   0.23 kB
public/build/assets/heart-pulse-1VPQ-nI9.js                              0.31 kB │ gzip:   0.25 kB
public/build/assets/badge-check-CAAc5dZg.js                              0.31 kB │ gzip:   0.21 kB
public/build/assets/piggy-bank-jMuouRTY.js                               0.31 kB │ gzip:   0.25 kB
public/build/assets/hard-hat-DSVZ-Mg8.js                                 0.32 kB │ gzip:   0.23 kB
public/build/assets/shield-check-RT0zT_yt.js                             0.32 kB │ gzip:   0.25 kB
public/build/assets/printer-B_OB5HwM.js                                  0.32 kB │ gzip:   0.24 kB
public/build/assets/square-pen-BJVW3xoY.js                               0.32 kB │ gzip:   0.24 kB
public/build/assets/refresh-ccw-BcssmDEi.js                              0.32 kB │ gzip:   0.23 kB
public/build/assets/ticket-DR9vsvmW.js                                   0.32 kB │ gzip:   0.21 kB
public/build/assets/tag-C-vGZmUG.js                                      0.32 kB │ gzip:   0.25 kB
public/build/assets/hand-helping-XFIfqumF.js                             0.32 kB │ gzip:   0.25 kB
public/build/assets/id-card-BVja4vr4.js                                  0.32 kB │ gzip:   0.24 kB
public/build/assets/mail-warning-DdJnoyap.js                             0.32 kB │ gzip:   0.24 kB
public/build/assets/save-BkfOqk3v.js                                     0.33 kB │ gzip:   0.23 kB
public/build/assets/scan-line-x3E89Hbu.js                                0.33 kB │ gzip:   0.22 kB
public/build/assets/graduation-cap-BPeFeiZZ.js                           0.33 kB │ gzip:   0.24 kB
public/build/assets/list-ordered-BlSPaQ3f.js                             0.33 kB │ gzip:   0.21 kB
public/build/assets/file-text-Dly1mIsD.js                                0.33 kB │ gzip:   0.22 kB
public/build/assets/book-open-check-BYu5gQiq.js                          0.33 kB │ gzip:   0.23 kB
public/build/assets/alarm-clock-DrFUZ8WA.js                              0.33 kB │ gzip:   0.23 kB
public/build/assets/finance-tabs-DeXE3d9e.js                             0.33 kB │ gzip:   0.27 kB
public/build/assets/contact-B4Ur1I5M.js                                  0.33 kB │ gzip:   0.24 kB
public/build/assets/calendar-x-Cp48AjOS.js                               0.34 kB │ gzip:   0.23 kB
public/build/assets/accessibility-B5iOVJuq.js                            0.34 kB │ gzip:   0.25 kB
public/build/assets/archive-restore-Csdi97hf.js                          0.34 kB │ gzip:   0.24 kB
public/build/assets/stethoscope-CISvxQoH.js                              0.34 kB │ gzip:   0.24 kB
public/build/assets/shield-plus-Cz96y6N0.js                              0.34 kB │ gzip:   0.25 kB
public/build/assets/layout-grid-DU4z90l1.js                              0.34 kB │ gzip:   0.19 kB
public/build/assets/pin-J-CkPw_B.js                                      0.35 kB │ gzip:   0.24 kB
public/build/assets/file-image-BsDSsuOQ.js                               0.35 kB │ gzip:   0.25 kB
public/build/assets/scroll-text-cpLZIVs5.js                              0.35 kB │ gzip:   0.23 kB
public/build/assets/key-round-B4vFu9Vz.js                                0.35 kB │ gzip:   0.26 kB
public/build/assets/layout-dashboard-U5fOPQ91.js                         0.35 kB │ gzip:   0.21 kB
public/build/assets/shield-alert-DY8gaUBn.js                             0.35 kB │ gzip:   0.26 kB
public/build/assets/file-chart-column-increasing-s1gERth9.js             0.35 kB │ gzip:   0.23 kB
public/build/assets/webhook-kPexa241.js                                  0.35 kB │ gzip:   0.26 kB
public/build/assets/calendar-plus-D-C0l2cd.js                            0.35 kB │ gzip:   0.23 kB
public/build/assets/shield-x-CGHFPXpC.js                                 0.36 kB │ gzip:   0.26 kB
public/build/assets/gift-qjXt6oGs.js                                     0.36 kB │ gzip:   0.25 kB
public/build/assets/trash-2-DxM2Xffa.js                                  0.36 kB │ gzip:   0.25 kB
public/build/assets/calendar-x-2-D0u0kpmR.js                             0.36 kB │ gzip:   0.23 kB
public/build/assets/layout-list-C9P1IlVo.js                              0.36 kB │ gzip:   0.22 kB
public/build/assets/warehouse-C-GV9Wcm.js                                0.36 kB │ gzip:   0.25 kB
public/build/assets/utensils-crossed-BtT-Ea9Z.js                         0.36 kB │ gzip:   0.26 kB
public/build/assets/syringe-zUWY5ftO.js                                  0.36 kB │ gzip:   0.25 kB
public/build/assets/sparkle-P7eO0V1p.js                                  0.36 kB │ gzip:   0.24 kB
public/build/assets/scale-E-32R_lN.js                                    0.36 kB │ gzip:   0.23 kB
public/build/assets/grip-vertical-0iD55xBr.js                            0.36 kB │ gzip:   0.19 kB
public/build/assets/fuel-Ch3L6PS_.js                                     0.37 kB │ gzip:   0.24 kB
public/build/assets/door-open-D6DZa-yG.js                                0.37 kB │ gzip:   0.25 kB
public/build/assets/droplets-CF6NmWaS.js                                 0.37 kB │ gzip:   0.28 kB
public/build/assets/hammer-BXEM0pcR.js                                   0.37 kB │ gzip:   0.27 kB
public/build/assets/file-pen-BmRVMA8S.js                                 0.37 kB │ gzip:   0.26 kB
public/build/assets/package-sLrfHsA7.js                                  0.37 kB │ gzip:   0.26 kB
public/build/assets/index-B0Z-ysPe.js                                    0.37 kB │ gzip:   0.22 kB
public/build/assets/file-spreadsheet-w8UxEoYW.js                         0.37 kB │ gzip:   0.23 kB
public/build/assets/life-buoy-DdEwVtuf.js                                0.37 kB │ gzip:   0.22 kB
public/build/assets/calendar-clock-C5x1bUsg.js                           0.38 kB │ gzip:   0.25 kB
public/build/assets/shield-question-DGgh5swJ.js                          0.38 kB │ gzip:   0.28 kB
public/build/assets/network-DscC9yrz.js                                  0.38 kB │ gzip:   0.24 kB
public/build/assets/calendar-off-DZNl5lvn.js                             0.38 kB │ gzip:   0.25 kB
public/build/assets/tags-B8UeIJ5y.js                                     0.39 kB │ gzip:   0.28 kB
public/build/assets/baby-Ct6Ty-C7.js                                     0.39 kB │ gzip:   0.26 kB
public/build/assets/hard-drive-zOq8OynN.js                               0.39 kB │ gzip:   0.26 kB
public/build/assets/job-posting-constants-CneitmEO.js                    0.39 kB │ gzip:   0.23 kB
public/build/assets/file-pen-line-zTLNVxia.js                            0.39 kB │ gzip:   0.26 kB
public/build/assets/phone-CgpmiNXs.js                                    0.39 kB │ gzip:   0.25 kB
public/build/assets/bell-ring-C69DL3o4.js                                0.40 kB │ gzip:   0.28 kB
public/build/assets/map-pinned-srfOL81b.js                               0.40 kB │ gzip:   0.29 kB
public/build/assets/shield-off-Ca4C9Gm0.js                               0.40 kB │ gzip:   0.28 kB
public/build/assets/truck-BWn72JCR.js                                    0.40 kB │ gzip:   0.27 kB
public/build/assets/sprout-CWqujD5D.js                                   0.40 kB │ gzip:   0.28 kB
public/build/assets/car-DP_S085I.js                                      0.40 kB │ gzip:   0.28 kB
public/build/assets/hand-CEl4fKj6.js                                     0.41 kB │ gzip:   0.25 kB
public/build/assets/hand-coins-Aid0OTzI.js                               0.41 kB │ gzip:   0.29 kB
public/build/assets/clipboard-list-496dvlJE.js                           0.41 kB │ gzip:   0.26 kB
public/build/assets/transport-medication-replay-Cvr4bfBt.js              0.41 kB │ gzip:   0.30 kB
public/build/assets/loader-Xg_gqPQN.js                                   0.41 kB │ gzip:   0.24 kB
public/build/assets/mouse-pointer-click-_cO29l8Y.js                      0.41 kB │ gzip:   0.28 kB
public/build/assets/calendar-range-8oCb0Keu.js                           0.41 kB │ gzip:   0.25 kB
public/build/assets/waypoints-C8js1JBc.js                                0.41 kB │ gzip:   0.25 kB
public/build/assets/layers-DKc7JLWB.js                                   0.42 kB │ gzip:   0.24 kB
public/build/assets/mic-off-CEKFjgr6.js                                  0.42 kB │ gzip:   0.27 kB
public/build/assets/waves-BgQ6LuBU.js                                    0.42 kB │ gzip:   0.21 kB
public/build/assets/skeleton-CDTEQwaO.js                                 0.42 kB │ gzip:   0.32 kB
public/build/assets/package-check-DKRsp8iI.js                            0.42 kB │ gzip:   0.29 kB
public/build/assets/octagon-alert-Cm7mCdnb.js                            0.43 kB │ gzip:   0.25 kB
public/build/assets/cable-FXOxfHTH.js                                    0.43 kB │ gzip:   0.25 kB
public/build/assets/eye-off-BAq2-dBl.js                                  0.43 kB │ gzip:   0.27 kB
public/build/assets/building-2-CgZqJSz2.js                               0.44 kB │ gzip:   0.25 kB
public/build/assets/heading-small-B1QYXXBZ.js                            0.44 kB │ gzip:   0.32 kB
public/build/assets/hand-heart-CLkKyRma.js                               0.45 kB │ gzip:   0.31 kB
public/build/assets/footprints-BiXxn2RV.js                               0.45 kB │ gzip:   0.30 kB
public/build/assets/radio-tower-BQTN2FlP.js                              0.45 kB │ gzip:   0.29 kB
public/build/assets/input-error-DCYErTdJ.js                              0.46 kB │ gzip:   0.32 kB
public/build/assets/wifi-off-C_plPcIU.js                                 0.46 kB │ gzip:   0.27 kB
public/build/assets/scan-eye-CE9nlXqd.js                                 0.46 kB │ gzip:   0.28 kB
public/build/assets/heart-handshake-B1dUcBpQ.js                          0.46 kB │ gzip:   0.31 kB
public/build/assets/spinner-DnHrKzL1.js                                  0.46 kB │ gzip:   0.34 kB
public/build/assets/person-standing-BLYjAAqA.js                          0.46 kB │ gzip:   0.31 kB
public/build/assets/trophy-Dng9JT-n.js                                   0.46 kB │ gzip:   0.28 kB
public/build/assets/pen-tool-Byqoaxz8.js                                 0.47 kB │ gzip:   0.30 kB
public/build/assets/siren-DDeYdz8j.js                                    0.47 kB │ gzip:   0.27 kB
public/build/assets/star-DxQ1pz4D.js                                     0.47 kB │ gzip:   0.29 kB
public/build/assets/sun-B-tqVGpt.js                                      0.47 kB │ gzip:   0.26 kB
public/build/assets/notebook-pen-B5IHldKP.js                             0.47 kB │ gzip:   0.29 kB
public/build/assets/cake-DjybKDVH.js                                     0.49 kB │ gzip:   0.26 kB
public/build/assets/cctv-DfcBf-Ce.js                                     0.49 kB │ gzip:   0.30 kB
public/build/assets/calendar-days-BLki9uKg.js                            0.49 kB │ gzip:   0.26 kB
public/build/assets/cpu-BpOLQg5n.js                                      0.50 kB │ gzip:   0.26 kB
public/build/assets/radar-9u_5UCHx.js                                    0.50 kB │ gzip:   0.30 kB
public/build/assets/sparkles-C3ehFp2S.js                                 0.51 kB │ gzip:   0.30 kB
public/build/assets/wand-sparkles-De8IhX_d.js                            0.51 kB │ gzip:   0.29 kB
public/build/assets/ambulance-BoKUc8kB.js                                0.51 kB │ gzip:   0.31 kB
public/build/assets/_helpers-Ayp0jCez.js                                 0.51 kB │ gzip:   0.33 kB
public/build/assets/unlink-CpsNoH9w.js                                   0.53 kB │ gzip:   0.30 kB
public/build/assets/calculator-XtZY9ZdI.js                               0.53 kB │ gzip:   0.28 kB
public/build/assets/circle-dashed-35Bl4PSe.js                            0.57 kB │ gzip:   0.28 kB
public/build/assets/use-alert-workspace-focus-return-DGVRYbyO.js         0.58 kB │ gzip:   0.35 kB
public/build/assets/package-open-DePgYlQo.js                             0.58 kB │ gzip:   0.33 kB
public/build/assets/i18n-CiQewp4i.js                                     0.58 kB │ gzip:   0.39 kB
public/build/assets/user-cog-5UByO3K4.js                                 0.58 kB │ gzip:   0.31 kB
public/build/assets/sliders-horizontal-Dv_YjCxG.js                       0.58 kB │ gzip:   0.26 kB
public/build/assets/send-to-back-B5br5DWG.js                             0.58 kB │ gzip:   0.31 kB
public/build/assets/fingerprint-1sbifUYH.js                              0.60 kB │ gzip:   0.35 kB
public/build/assets/label-Bv9UpToH.js                                    0.61 kB │ gzip:   0.40 kB
public/build/assets/form-request-errors-Bo1hIHhd.js                      0.63 kB │ gzip:   0.36 kB
public/build/assets/text-link-vU5yjciY.js                                0.65 kB │ gzip:   0.42 kB
public/build/assets/qr-code-IoQzlgla.js                                  0.65 kB │ gzip:   0.31 kB
public/build/assets/server-n_RGpN6Y.js                                   0.66 kB │ gzip:   0.37 kB
public/build/assets/collapsible-DM9Hrx4u.js                              0.66 kB │ gzip:   0.28 kB
public/build/assets/resident-dot-BLoyRUP7.js                             0.67 kB │ gzip:   0.46 kB
public/build/assets/fleet-stat-card-DISZa9PM.js                          0.72 kB │ gzip:   0.44 kB
public/build/assets/governance-permissions-Dl4VzYaE.js                   0.72 kB │ gzip:   0.33 kB
public/build/assets/party-popper-DL20Ndr-.js                             0.72 kB │ gzip:   0.41 kB
public/build/assets/settings-BgA2ZEev.js                                 0.72 kB │ gzip:   0.34 kB
public/build/assets/textarea-C_9uu-fb.js                                 0.73 kB │ gzip:   0.47 kB
public/build/assets/brain-CHCT4z10.js                                    0.73 kB │ gzip:   0.35 kB
public/build/assets/separator-PenTCHsf.js                                0.77 kB │ gzip:   0.45 kB
public/build/assets/page-shell-B7eQidXD.js                               0.77 kB │ gzip:   0.45 kB
public/build/assets/shared-DHJYl7e2.js                                   0.77 kB │ gzip:   0.40 kB
public/build/assets/shared-D3Yvwbxq.js                                   0.77 kB │ gzip:   0.39 kB
public/build/assets/shift-row-types-DQA9BK_P.js                          0.80 kB │ gzip:   0.38 kB
public/build/assets/hr-tabs-C-hGgg-K.js                                  0.81 kB │ gzip:   0.51 kB
public/build/assets/ops-stat-card-CEYIhGRe.js                            0.81 kB │ gzip:   0.48 kB
public/build/assets/progress-BxLvrMK0.js                                 0.82 kB │ gzip:   0.54 kB
public/build/assets/readable-operational-state-CK8MzJI-.js               0.85 kB │ gzip:   0.45 kB
public/build/assets/boxes-gJIE07IL.js                                    0.85 kB │ gzip:   0.40 kB
public/build/assets/wizard-DF_QPOrg.js                                   0.87 kB │ gzip:   0.55 kB
public/build/assets/wizard-NNmqhkha.js                                   0.87 kB │ gzip:   0.55 kB
public/build/assets/list-caption-hE5ckvXY.js                             0.91 kB │ gzip:   0.54 kB
public/build/assets/index-CSEUMRIG.js                                    0.92 kB │ gzip:   0.53 kB
public/build/assets/now-rule-P7hRYwwd.js                                 0.95 kB │ gzip:   0.58 kB
public/build/assets/hero-action-button-D-GVyXk8.js                       0.95 kB │ gzip:   0.55 kB
public/build/assets/page-layout-DtSKkYRB.js                              0.97 kB │ gzip:   0.56 kB
public/build/assets/settings-tabs-s4BVAGJc.js                            0.99 kB │ gzip:   0.54 kB
public/build/assets/settings-hub-BjtSE7Kr.js                             1.00 kB │ gzip:   0.58 kB
public/build/assets/use-settings-leave-confirmation-COOgzr0B.js          1.02 kB │ gzip:   0.61 kB
public/build/assets/presence-dot-CuGnqH3Y.js                             1.04 kB │ gzip:   0.58 kB
public/build/assets/input-49RbooBa.js                                    1.05 kB │ gzip:   0.59 kB
public/build/assets/command-centre-page-CEEESfUf.js                      1.05 kB │ gzip:   0.59 kB
public/build/assets/switch-DeQvt8lW.js                                   1.06 kB │ gzip:   0.61 kB
public/build/assets/governance-status-CPcViUaG.js                        1.08 kB │ gzip:   0.53 kB
public/build/assets/hover-action-vLW4u2SF.js                             1.09 kB │ gzip:   0.65 kB
public/build/assets/WidgetCard-Bcllxj_N.js                               1.10 kB │ gzip:   0.63 kB
public/build/assets/micro-stats-BKNykt34.js                              1.11 kB │ gzip:   0.61 kB
public/build/assets/confetti-8ALvzRDJ.js                                 1.11 kB │ gzip:   0.65 kB
public/build/assets/avatar-DFUpYoVS.js                                   1.14 kB │ gzip:   0.44 kB
public/build/assets/checkbox-a9q63Mxb.js                                 1.15 kB │ gzip:   0.64 kB
public/build/assets/_confirm-action-C3oB4iWH.js                          1.24 kB │ gzip:   0.70 kB
public/build/assets/overview-hub-wtLIcB59.js                             1.24 kB │ gzip:   0.68 kB
public/build/assets/wizard-stepper-CxpKI2Om.js                           1.24 kB │ gzip:   0.67 kB
public/build/assets/handover-person-notes-DvmCgjVe.js                    1.25 kB │ gzip:   0.64 kB
public/build/assets/task-api-LDQPp0GA.js                                 1.27 kB │ gzip:   0.81 kB
public/build/assets/_types-Bdo8GrIg.js                                   1.29 kB │ gzip:   0.67 kB
public/build/assets/medication-stock-governance-C5VIWPFO.js              1.30 kB │ gzip:   0.60 kB
public/build/assets/radio-group-DyNGMMB6.js                              1.31 kB │ gzip:   0.65 kB
public/build/assets/_attachments-BuY8G3_w.js                             1.32 kB │ gzip:   0.74 kB
public/build/assets/confirm-dialog-D1w5VxFA.js                           1.34 kB │ gzip:   0.75 kB
public/build/assets/stream-grouping-DxjzPWpi.js                          1.35 kB │ gzip:   0.73 kB
public/build/assets/staff-avatar-BB_eofEp.js                             1.35 kB │ gzip:   0.81 kB
public/build/assets/workflow-ribbon-C-KwYZ0r.js                          1.35 kB │ gzip:   0.69 kB
public/build/assets/use-personal-location-privacy-CA1de0mn.js            1.35 kB │ gzip:   0.71 kB
public/build/assets/shift-status-badge-LNCA9D-Q.js                       1.36 kB │ gzip:   0.67 kB
public/build/assets/timesheet-status-badge-D6muQH9P.js                   1.36 kB │ gzip:   0.66 kB
public/build/assets/summary-card-I49QFvbH.js                             1.36 kB │ gzip:   0.68 kB
public/build/assets/fleet-responsive-list-CgDsyRvl.js                    1.38 kB │ gzip:   0.70 kB
public/build/assets/sso-sign-in-buttons-CSzD_0ck.js                      1.40 kB │ gzip:   0.71 kB
public/build/assets/site-credentials-CdbPbjGf.js                         1.43 kB │ gzip:   0.75 kB
public/build/assets/fleet-empty-state-CYN6Hn5l.js                        1.46 kB │ gzip:   0.77 kB
public/build/assets/journey-reference-strip-pm5NcpKt.js                  1.46 kB │ gzip:   0.81 kB
public/build/assets/confirm-dialog-BVLKK5xe.js                           1.49 kB │ gzip:   0.84 kB
public/build/assets/index-DcmOMlk_.js                                    1.50 kB │ gzip:   0.52 kB
public/build/assets/badge-BWkuQi-K.js                                    1.53 kB │ gzip:   0.77 kB
public/build/assets/shift-types-DHrxVzjp.js                              1.54 kB │ gzip:   0.78 kB
public/build/assets/performance-tabs-DzEbzFmG.js                         1.55 kB │ gzip:   0.74 kB
public/build/assets/tax-hub-Wf8agus0.js                                  1.56 kB │ gzip:   0.83 kB
public/build/assets/mini-sparkline-D7i7f6lZ.js                           1.58 kB │ gzip:   0.91 kB
public/build/assets/verify-email-CPnADEDS.js                             1.58 kB │ gzip:   0.85 kB
public/build/assets/status-badge-BcV9Cyb7.js                             1.61 kB │ gzip:   0.78 kB
public/build/assets/control-room-vocab-s8p_nTqc.js                       1.62 kB │ gzip:   0.63 kB
public/build/assets/payables-hub-7UIpcLm-.js                             1.63 kB │ gzip:   0.86 kB
public/build/assets/popover-DB8DwQMY.js                                  1.64 kB │ gzip:   0.70 kB
public/build/assets/ops-charts-CfZvOWbq.js                               1.65 kB │ gzip:   0.78 kB
public/build/assets/alert-DBb33fgu.js                                    1.69 kB │ gzip:   0.74 kB
public/build/assets/alert-status-T_rviSrW.js                             1.69 kB │ gzip:   0.79 kB
public/build/assets/report-incident-dialog-BMH4wZxI.js                   1.70 kB │ gzip:   0.89 kB
public/build/assets/laravel-pagination-Xj3XtZ-O.js                       1.70 kB │ gzip:   0.84 kB
public/build/assets/money-L4nGavLX.js                                    1.71 kB │ gzip:   0.97 kB
public/build/assets/card-BuxKTkWJ.js                                     1.77 kB │ gzip:   0.57 kB
public/build/assets/_helpers-DdjtbKpK.js                                 1.77 kB │ gzip:   0.76 kB
public/build/assets/documents-tabs-BkWN6DBk.js                           1.78 kB │ gzip:   0.93 kB
public/build/assets/workflow-ribbon-BNrDwlh_.js                          1.80 kB │ gzip:   0.80 kB
public/build/assets/governance-calendar-adapter-DIIcOhak.js              1.80 kB │ gzip:   0.85 kB
public/build/assets/tooltip-BXL8mN8i.js                                  1.82 kB │ gzip:   0.83 kB
public/build/assets/overlay-focus-return-4ESXsuki.js                     1.82 kB │ gzip:   0.89 kB
public/build/assets/control-room-alert-row-actions-Bl7Je23Z.js           1.85 kB │ gzip:   0.68 kB
public/build/assets/options-BwkaeHrx.js                                  1.86 kB │ gzip:   0.72 kB
public/build/assets/my-day-list-Sx9-E_JH.js                              1.86 kB │ gzip:   0.89 kB
public/build/assets/accordion-BOXnAL4s.js                                1.87 kB │ gzip:   0.85 kB
public/build/assets/journey-gate-list-BMlW7RZe.js                        1.87 kB │ gzip:   0.86 kB
public/build/assets/fleet-utils-Dx9bPfHw.js                              1.90 kB │ gzip:   0.72 kB
public/build/assets/draft-resume-prompt-Bx19ld2C.js                      1.95 kB │ gzip:   1.01 kB
public/build/assets/respite-subnav-t92tlUJ5.js                           2.01 kB │ gzip:   0.96 kB
public/build/assets/handover-follow-ups-BTcZy3TO.js                      2.02 kB │ gzip:   1.02 kB
public/build/assets/button-Dee_XXRP.js                                   2.05 kB │ gzip:   0.96 kB
public/build/assets/receivables-hub-BHfviE0S.js                          2.06 kB │ gzip:   0.98 kB
public/build/assets/address-autocomplete-CUPGAQqJ.js                     2.07 kB │ gzip:   1.14 kB
public/build/assets/confirm-password-2JF2xktx.js                         2.07 kB │ gzip:   1.04 kB
public/build/assets/ledger-hub-CJW5KtYm.js                               2.08 kB │ gzip:   0.95 kB
public/build/assets/_create-recovery-CrdthrDY.js                         2.10 kB │ gzip:   1.07 kB
public/build/assets/reports-hub-tW4yosou.js                              2.13 kB │ gzip:   0.94 kB
public/build/assets/banking-hub-EWnQBCmh.js                              2.14 kB │ gzip:   1.02 kB
public/build/assets/reports-tabs-C2cFyoCr.js                             2.17 kB │ gzip:   1.07 kB
public/build/assets/attention-panel-CL5UkYLE.js                          2.17 kB │ gzip:   0.99 kB
public/build/assets/task-step-draft-CeHp_zqC.js                          2.18 kB │ gzip:   1.13 kB
public/build/assets/payroll-hero-DlKxaXYL.js                             2.28 kB │ gzip:   1.10 kB
public/build/assets/_memory-recovery-BenR_bmH.js                         2.31 kB │ gzip:   1.21 kB
public/build/assets/reason-dialog-QW4DLNsC.js                            2.34 kB │ gzip:   1.28 kB
public/build/assets/datetime-BaD02AH5.js                                 2.39 kB │ gzip:   1.08 kB
public/build/assets/drills-epP0bM8r.js                                   2.43 kB │ gzip:   1.13 kB
public/build/assets/first-aid-BOk3ya2e.js                                2.47 kB │ gzip:   1.15 kB
public/build/assets/task-help-inbox-DmgDac9N.js                          2.48 kB │ gzip:   1.34 kB
public/build/assets/provisioning-request-files-CsiDZmd2.js               2.56 kB │ gzip:   1.25 kB
public/build/assets/status-badge-BEofTgm1.js                             2.58 kB │ gzip:   1.21 kB
public/build/assets/text-prompt-dialog-vpCOGcFJ.js                       2.62 kB │ gzip:   1.41 kB
public/build/assets/services-DYU8RgCV.js                                 2.63 kB │ gzip:   1.20 kB
public/build/assets/shift-context-menu-DMvww7gR.js                       2.64 kB │ gzip:   1.37 kB
public/build/assets/care-plan-domains-BLeajDqS.js                        2.70 kB │ gzip:   1.26 kB
public/build/assets/_icons-z_QA2ugV.js                                   2.70 kB │ gzip:   1.23 kB
public/build/assets/donut-chart-BjEVgtH7.js                              2.71 kB │ gzip:   1.35 kB
public/build/assets/donut-RxOXSbq7.js                                    2.74 kB │ gzip:   1.38 kB
public/build/assets/index-BjmjDcUN.js                                    2.76 kB │ gzip:   0.71 kB
public/build/assets/table-Dq3A4u9f.js                                    2.76 kB │ gzip:   0.70 kB
public/build/assets/financials-CxRCdGMC.js                               2.77 kB │ gzip:   1.35 kB
public/build/assets/readiness-D3gqUA1-.js                                2.78 kB │ gzip:   1.36 kB
public/build/assets/safety-register-BGvpQhKM.js                          2.83 kB │ gzip:   1.33 kB
public/build/assets/ppe-DEEyEm23.js                                      2.84 kB │ gzip:   1.11 kB
public/build/assets/register-row-kit-DYBAbrfL.js                         2.86 kB │ gzip:   1.16 kB
public/build/assets/lifecycle-tabs-D-_9fAvZ.js                           2.88 kB │ gzip:   1.47 kB
public/build/assets/_tabs-C1KJ1bDF.js                                    2.90 kB │ gzip:   1.48 kB
public/build/assets/_note-category-picker-biiuQvru.js                    2.92 kB │ gzip:   1.38 kB
public/build/assets/use-create-shift-launcher-GviJYnuT.js                2.92 kB │ gzip:   1.44 kB
public/build/assets/use-form-autosave-BXiVNi5w.js                        2.92 kB │ gzip:   1.47 kB
public/build/assets/toolbar-CTr8MZ8W.js                                  2.92 kB │ gzip:   1.40 kB
public/build/assets/hs-detail-dialog-C_Y1DNA5.js                         2.93 kB │ gzip:   1.34 kB
public/build/assets/notification-catalog-DveZKd9k.js                     2.96 kB │ gzip:   0.93 kB
public/build/assets/forgot-password-CWeJ97BP.js                          2.99 kB │ gzip:   1.43 kB
public/build/assets/auth-layout-CZtzJmh4.js                              3.03 kB │ gzip:   1.37 kB
public/build/assets/report-launcher-B1gvVfcK.js                          3.03 kB │ gzip:   1.51 kB
public/build/assets/tab-strip-FY2Hjql1.js                                3.03 kB │ gzip:   1.38 kB
public/build/assets/_overview-map-card-ChlBbRE3.js                       3.06 kB │ gzip:   1.49 kB
public/build/assets/provisioning-manual-dialog-Djmm5WaB.js               3.06 kB │ gzip:   1.53 kB
public/build/assets/reset-password-CB9DA_3Q.js                           3.08 kB │ gzip:   1.25 kB
public/build/assets/two-factor-challenge-Dw_0mQuh.js                     3.13 kB │ gzip:   1.47 kB
public/build/assets/dictate-button-BuFZVG0D.js                           3.14 kB │ gzip:   1.60 kB
public/build/assets/use-specialist-form-defaults-CnSSRi8R.js             3.14 kB │ gzip:   1.56 kB
public/build/assets/client-edit-dialog-CbKHmX2F.js                       3.16 kB │ gzip:   1.58 kB
public/build/assets/record-care-actions-dnCn7vJy.js                      3.18 kB │ gzip:   1.40 kB
public/build/assets/document-library-kit-JNjT_HGW.js                     3.19 kB │ gzip:   1.08 kB
public/build/assets/risk-assessments-CUDD3y_m.js                         3.21 kB │ gzip:   1.54 kB
public/build/assets/recorded-detail-dialog-BfTE9Ct0.js                   3.22 kB │ gzip:   1.59 kB
public/build/assets/resident-map-DtZcnr5p.js                             3.31 kB │ gzip:   1.61 kB
public/build/assets/control-room-row-actions-BZEX7u80.js                 3.31 kB │ gzip:   1.49 kB
public/build/assets/row-context-menu-BuvIqrKq.js                         3.33 kB │ gzip:   1.64 kB
public/build/assets/leave-context-menu-DLPvYjQP.js                       3.33 kB │ gzip:   1.64 kB
public/build/assets/_context-menu-CeQQh61p.js                            3.33 kB │ gzip:   1.60 kB
public/build/assets/fleet-compact-hero-mHusJocr.js                       3.33 kB │ gzip:   1.45 kB
public/build/assets/compensation-tabs-BOEbH7vt.js                        3.34 kB │ gzip:   1.62 kB
public/build/assets/hs-hero-kit-Bv8zkerb.js                              3.36 kB │ gzip:   1.54 kB
public/build/assets/task-steps-B-TH_u9f.js                               3.38 kB │ gzip:   1.58 kB
public/build/assets/inspections-BSYRBx5O.js                              3.38 kB │ gzip:   1.38 kB
public/build/assets/shift-med-snapshot-DEoo56QP.js                       3.39 kB │ gzip:   1.37 kB
public/build/assets/device-profile-navigation-AjugsPW-.js                3.40 kB │ gzip:   1.65 kB
public/build/assets/ra-register-section-CRWdVnC1.js                      3.46 kB │ gzip:   1.76 kB
public/build/assets/command-BeX22vcn.js                                  3.47 kB │ gzip:   1.07 kB
public/build/assets/shift-context-menu-D0DgSK9K.js                       3.49 kB │ gzip:   1.66 kB
public/build/assets/_emergency-checklist-BEnH7h-K.js                     3.52 kB │ gzip:   1.54 kB
public/build/assets/checklists-CjdENz4M.js                               3.55 kB │ gzip:   1.70 kB
public/build/assets/handover-context-menu-HpgBtVfM.js                    3.55 kB │ gzip:   1.53 kB
public/build/assets/_readiness-panel-DVCBkXvz.js                         3.59 kB │ gzip:   1.64 kB
public/build/assets/edit-Cd9taH6V.js                                     3.60 kB │ gzip:   1.61 kB
public/build/assets/filter-bar-DFstKw4A.js                               3.63 kB │ gzip:   1.44 kB
public/build/assets/journey-term-help-DRLMZPUd.js                        3.64 kB │ gzip:   1.45 kB
public/build/assets/my-provisioning-list-kBB6DcuZ.js                     3.67 kB │ gzip:   1.70 kB
public/build/assets/alert-dialog-Db1fJNkD.js                             3.76 kB │ gzip:   1.10 kB
public/build/assets/_geometry-Dx1kFP0e.js                                3.80 kB │ gzip:   1.60 kB
public/build/assets/posting-preview-CWmA99q7.js                          3.85 kB │ gzip:   1.66 kB
public/build/assets/register-DM-8HrvT.js                                 3.88 kB │ gzip:   1.46 kB
public/build/assets/MedicationScanVerificationPanel-BqA2BeHI.js          3.89 kB │ gzip:   1.61 kB
public/build/assets/task-detail-dialog-Byn6Yn7n.js                       3.90 kB │ gzip:   1.78 kB
public/build/assets/documents-DHUq5PKd.js                                3.92 kB │ gzip:   1.77 kB
public/build/assets/reference-questionnaire-DG5xG6LQ.js                  3.94 kB │ gzip:   1.82 kB
public/build/assets/ticket-version-conflict-DmvR2tjA.js                  3.96 kB │ gzip:   1.80 kB
public/build/assets/shift-timeline-summary-C9hcjGvD.js                   3.99 kB │ gzip:   1.67 kB
public/build/assets/calendar-DG_Ui_iw.js                                 3.99 kB │ gzip:   1.77 kB
public/build/assets/login-Beo62K-n.js                                    4.01 kB │ gzip:   1.72 kB
public/build/assets/governed-location-export-dialog-B2-PMtMW.js          4.01 kB │ gzip:   1.96 kB
public/build/assets/shared-BcKmYv0H.js                                   4.01 kB │ gzip:   1.96 kB
public/build/assets/shift-summary-EWdpINqA.js                            4.07 kB │ gzip:   1.68 kB
public/build/assets/empty-state-BzQZx8Oe.js                              4.11 kB │ gzip:   1.82 kB
public/build/assets/entity-cells-D9vpUHzU.js                             4.13 kB │ gzip:   1.63 kB
public/build/assets/index-Bpzl9rqK.js                                    4.13 kB │ gzip:   0.83 kB
public/build/assets/_dialogs-BhWNYP7z.js                                 4.14 kB │ gzip:   1.86 kB
public/build/assets/use-two-factor-auth-BTVdzWUN.js                      4.15 kB │ gzip:   1.78 kB
public/build/assets/site-profile-states-DzFh4EW2.js                      4.17 kB │ gzip:   1.57 kB
public/build/assets/board-bits-D8mtcDUU.js                               4.19 kB │ gzip:   1.58 kB
public/build/assets/specialist-record-list-C4SPthqE.js                   4.19 kB │ gzip:   1.96 kB
public/build/assets/hazards-uXpq7Qlc.js                                  4.24 kB │ gzip:   1.95 kB
public/build/assets/Create-B5vrAOiZ.js                                   4.29 kB │ gzip:   1.94 kB
public/build/assets/estate-operations-Djqi6EaA.js                        4.29 kB │ gzip:   1.73 kB
public/build/assets/generate-rounds-modal-ZYAkkXmX.js                    4.33 kB │ gzip:   2.11 kB
public/build/assets/assets-C5Iydz4t.js                                   4.33 kB │ gzip:   1.72 kB
public/build/assets/wizard-fields-COb-S5pg.js                            4.34 kB │ gzip:   1.89 kB
public/build/assets/first-aid-tab-gUN_HFHA.js                            4.34 kB │ gzip:   1.79 kB
public/build/assets/login-BRs5VLMr.js                                    4.37 kB │ gzip:   1.85 kB
public/build/assets/privacy-shared-BaGxyrkD.js                           4.39 kB │ gzip:   1.65 kB
public/build/assets/hardware-D65AI3Dm.js                                 4.45 kB │ gzip:   1.97 kB
public/build/assets/Edit-ls7KYIBF.js                                     4.47 kB │ gzip:   2.08 kB
public/build/assets/shift-audit-timeline-DByV6IBi.js                     4.49 kB │ gzip:   1.83 kB
public/build/assets/shared-C9nNVAAT.js                                   4.50 kB │ gzip:   1.74 kB
public/build/assets/applicable-procedures-panel-CDuYHGgj.js              4.52 kB │ gzip:   1.75 kB
public/build/assets/concern-D3F6kmuW.js                                  4.53 kB │ gzip:   2.11 kB
public/build/assets/task-help-CyAJpuhq.js                                4.61 kB │ gzip:   1.95 kB
public/build/assets/client-clinical-launchers-Ci1lFycp.js                4.62 kB │ gzip:   2.10 kB
public/build/assets/meal-planner-DCNO2FxF.js                             4.65 kB │ gzip:   2.19 kB
public/build/assets/incidents-tab-D_Erm8aL.js                            4.72 kB │ gzip:   1.86 kB
public/build/assets/show-Di_TnIbw.js                                     4.72 kB │ gzip:   2.21 kB
public/build/assets/dialog-qKK7IF_c.js                                   4.75 kB │ gzip:   1.58 kB
public/build/assets/donut-card-BwnfSjei.js                               4.76 kB │ gzip:   2.08 kB
public/build/assets/control-room-workspace-hero-BjOi7hCO.js              4.76 kB │ gzip:   2.26 kB
public/build/assets/Placeholder-CZpAa4jV.js                              4.80 kB │ gzip:   2.28 kB
public/build/assets/plan-DwHLoKAe.js                                     4.82 kB │ gzip:   2.17 kB
public/build/assets/_asset-dialogs-DCpiJ49k.js                           4.83 kB │ gzip:   2.30 kB
public/build/assets/entity-filter-CbdNk4cR.js                            4.89 kB │ gzip:   2.28 kB
public/build/assets/permission-destinations-CaK9lCTu.js                  4.93 kB │ gzip:   1.12 kB
public/build/assets/page-tabs-eN845EK4.js                                4.94 kB │ gzip:   2.03 kB
public/build/assets/show-DecYRbPe.js                                     4.97 kB │ gzip:   2.23 kB
public/build/assets/whats-next-rail-Drcwv9XS.js                          4.99 kB │ gzip:   2.37 kB
public/build/assets/index-CvepYeSp.js                                    5.06 kB │ gzip:   2.27 kB
public/build/assets/client-safety-ribbon-BMfefWPg.js                     5.10 kB │ gzip:   2.24 kB
public/build/assets/Index-CrSkqPMT.js                                    5.11 kB │ gzip:   2.31 kB
public/build/assets/entity-table-DgL6Ht-o.js                             5.12 kB │ gzip:   2.24 kB
public/build/assets/show-k0UEXbQC.js                                     5.13 kB │ gzip:   2.36 kB
public/build/assets/show-pwM3JmnW.js                                     5.14 kB │ gzip:   2.18 kB
public/build/assets/show-BexreLh5.js                                     5.15 kB │ gzip:   2.16 kB
public/build/assets/Calendar-DacbOtAg.js                                 5.16 kB │ gzip:   2.31 kB
public/build/assets/prn-effect-dialog-BqU1lOIz.js                        5.19 kB │ gzip:   2.28 kB
public/build/assets/shared-BbVp7Gww.js                                   5.20 kB │ gzip:   2.04 kB
public/build/assets/day-picker-chip-DFxIKy3B.js                          5.21 kB │ gzip:   2.23 kB
public/build/assets/global-CFlVBj13.js                                   5.21 kB │ gzip:   2.34 kB
public/build/assets/list-view-B5zHUY1A.js                                5.22 kB │ gzip:   1.83 kB
public/build/assets/index-U-rEP3Ng.js                                    5.23 kB │ gzip:   2.34 kB
public/build/assets/before-you-finish-C0TDImmG.js                        5.25 kB │ gzip:   2.13 kB
public/build/assets/wizard-shell-DFPZce0q.js                             5.31 kB │ gzip:   2.31 kB
public/build/assets/application-status-mIUMdeas.js                       5.31 kB │ gzip:   2.16 kB
public/build/assets/care-plan-domains-builder-CCiTPZWX.js                5.33 kB │ gzip:   2.07 kB
public/build/assets/index-Crxhrpdd.js                                    5.34 kB │ gzip:   2.41 kB
public/build/assets/shared-CmyqTydH.js                                   5.34 kB │ gzip:   2.38 kB
public/build/assets/entity-menu-Dqo5u5F5.js                              5.35 kB │ gzip:   2.45 kB
public/build/assets/paperwork-panel-BJ5J-mLG.js                          5.38 kB │ gzip:   2.34 kB
public/build/assets/Calendar-BkbSloBm.js                                 5.38 kB │ gzip:   2.43 kB
public/build/assets/contacts-DStnLtrV.js                                 5.38 kB │ gzip:   2.30 kB
public/build/assets/_thumbnail-B1cxgRep.js                               5.40 kB │ gzip:   2.55 kB
public/build/assets/index-B_2iPHwS.js                                    5.43 kB │ gzip:   2.51 kB
public/build/assets/index-C6wVM7HE.js                                    5.45 kB │ gzip:   0.87 kB
public/build/assets/audit-Bm7qFxnT.js                                    5.58 kB │ gzip:   2.54 kB
public/build/assets/index-DL3NeIpF.js                                    5.59 kB │ gzip:   2.43 kB
public/build/assets/date-popover-ClN_SWYf.js                             5.60 kB │ gzip:   2.41 kB
public/build/assets/audit-log-modal-CDyGlE5w.js                          5.60 kB │ gzip:   2.52 kB
public/build/assets/medication-review-modal-CzXVFQXZ.js                  5.64 kB │ gzip:   2.55 kB
public/build/assets/index-trfPe4yM.js                                    5.68 kB │ gzip:   2.65 kB
public/build/assets/index-CXam_JCw.js                                    5.68 kB │ gzip:   2.60 kB
public/build/assets/index-CMGCYrzY.js                                    5.74 kB │ gzip:   2.65 kB
public/build/assets/with-concerns-DRo7qgpz.js                            5.76 kB │ gzip:   2.59 kB
public/build/assets/with-incidents-CQtOOO-b.js                           5.76 kB │ gzip:   2.58 kB
public/build/assets/complete-obligation-dialog-Dsjg6XU4.js               5.76 kB │ gzip:   2.57 kB
public/build/assets/index-DT8IfT8H.js                                    5.78 kB │ gzip:   2.60 kB
public/build/assets/show-CqdbNtVI.js                                     5.78 kB │ gzip:   2.64 kB
public/build/assets/rhythms-routines-C7zk6BAO.js                         5.79 kB │ gzip:   2.63 kB
public/build/assets/emergency-plan-BURUN0QB.js                           5.83 kB │ gzip:   2.63 kB
public/build/assets/index-DlzMsGiy.js                                    5.83 kB │ gzip:   2.64 kB
public/build/assets/show-BG5nzScL.js                                     5.86 kB │ gzip:   2.34 kB
public/build/assets/select-DPt-_Epo.js                                   5.86 kB │ gzip:   1.90 kB
public/build/assets/multi-entity-filter-CoOhgL_p.js                      5.86 kB │ gzip:   2.62 kB
public/build/assets/dropdown-menu-CfYAqDGW.js                            5.88 kB │ gzip:   1.66 kB
public/build/assets/stat-tile-CScK2rbG.js                                5.89 kB │ gzip:   2.52 kB
public/build/assets/GovernanceAttachmentsPanel-BVb-lmfG.js               5.91 kB │ gzip:   2.49 kB
public/build/assets/index-pQPmCXO2.js                                    5.92 kB │ gzip:   2.65 kB
public/build/assets/for-stay-DQtyKx-j.js                                 5.93 kB │ gzip:   2.64 kB
public/build/assets/create-_uNLlEKn.js                                   5.94 kB │ gzip:   2.46 kB
public/build/assets/_helpers-CwOcH1SH.js                                 5.94 kB │ gzip:   2.44 kB
public/build/assets/show-DT7djbnC.js                                     5.97 kB │ gzip:   2.68 kB
public/build/assets/Create-BDU0G3FG.js                                   6.01 kB │ gzip:   2.78 kB
public/build/assets/compliance-bits-CXJNrMTS.js                          6.02 kB │ gzip:   2.53 kB
public/build/assets/index-D9g8UW6W.js                                    6.06 kB │ gzip:   1.04 kB
public/build/assets/link-client-dialog-nzqRSdxu.js                       6.06 kB │ gzip:   2.58 kB
public/build/assets/overdue-D0qbd3vN.js                                  6.07 kB │ gzip:   2.68 kB
public/build/assets/stream-context-menu-Caottwpl.js                      6.08 kB │ gzip:   2.79 kB
public/build/assets/unacknowledged-DQAH1f8k.js                           6.11 kB │ gzip:   2.67 kB
public/build/assets/overdue-BnyYcl0x.js                                  6.11 kB │ gzip:   2.68 kB
public/build/assets/my-active-_kOBY9-7.js                                6.11 kB │ gzip:   2.74 kB
public/build/assets/food-meal-a41JjG4K.js                                6.12 kB │ gzip:   2.11 kB
public/build/assets/Create-Wv3yhkjI.js                                   6.14 kB │ gzip:   2.79 kB
public/build/assets/maps-usage-tF0FyPys.js                               6.19 kB │ gzip:   2.73 kB
public/build/assets/compliance-hub-header-5Y3LNKek.js                    6.22 kB │ gzip:   2.75 kB
public/build/assets/recognition-wizard-efsj3OU4.js                       6.27 kB │ gzip:   2.43 kB
public/build/assets/index-BgUi4R6q.js                                    6.30 kB │ gzip:   0.99 kB
public/build/assets/for-client-B9leeNR2.js                               6.31 kB │ gzip:   2.76 kB
public/build/assets/quick-note-dialog-CTlhvNMC.js                        6.36 kB │ gzip:   2.65 kB
public/build/assets/use-my-day-labels-CyT6Oz92.js                        6.38 kB │ gzip:   2.60 kB
public/build/assets/entity-card-BE36AWdy.js                              6.39 kB │ gzip:   2.73 kB
public/build/assets/stock-movement-modal-DLY7nwp3.js                     6.40 kB │ gzip:   2.62 kB
public/build/assets/offer-response-BWUEMDfJ.js                           6.41 kB │ gzip:   2.61 kB
public/build/assets/compensation-hero-B4hQb-2r.js                        6.42 kB │ gzip:   2.49 kB
public/build/assets/needing-acknowledgment-fQO1qYZH.js                   6.43 kB │ gzip:   2.75 kB
public/build/assets/for-stay-B4hbbSV5.js                                 6.45 kB │ gzip:   2.87 kB
public/build/assets/meal-planner-CD_PI7TE.js                             6.46 kB │ gzip:   2.89 kB
public/build/assets/price-book-dialog-D81EQoXX.js                        6.47 kB │ gzip:   2.74 kB
public/build/assets/assignments-CZNAMjhH.js                              6.48 kB │ gzip:   3.09 kB
public/build/assets/show-DzlduLVK.js                                     6.49 kB │ gzip:   3.01 kB
public/build/assets/auto-rule-builder-0DofeKbm.js                        6.50 kB │ gzip:   2.42 kB
public/build/assets/tabs-CaMUT4R5.js                                     6.50 kB │ gzip:   2.68 kB
public/build/assets/checklist-trends-8Ra8lmE3.js                         6.50 kB │ gzip:   2.83 kB
public/build/assets/clients-BpEBGo_C.js                                  6.51 kB │ gzip:   2.76 kB
public/build/assets/list-view-rbBK9QPc.js                                6.53 kB │ gzip:   2.36 kB
public/build/assets/trend-charts-BbJfVcdd.js                             6.56 kB │ gzip:   2.53 kB
public/build/assets/for-stay-BL572iCF.js                                 6.56 kB │ gzip:   2.95 kB
public/build/assets/ppe-shared-DFq8sHE9.js                               6.56 kB │ gzip:   2.64 kB
public/build/assets/actions-reviews-D2mJX5Mf.js                          6.59 kB │ gzip:   2.69 kB
public/build/assets/my-tasks-Bxbpmh6y.js                                 6.64 kB │ gzip:   2.93 kB
public/build/assets/sortable.esm-TrASzQ3t.js                             6.64 kB │ gzip:   2.78 kB
public/build/assets/combined-C-GRBP0C.js                                 6.67 kB │ gzip:   2.86 kB
public/build/assets/awaiting-approval-PgHGvrV4.js                        6.68 kB │ gzip:   2.88 kB
public/build/assets/agreements-CeIWfrwZ.js                               6.70 kB │ gzip:   3.13 kB
public/build/assets/index-9EkgFMeq.js                                    6.72 kB │ gzip:   2.88 kB
public/build/assets/assets-CNLlg3bE.js                                   6.73 kB │ gzip:   2.81 kB
public/build/assets/checklist-Deg8cGOm.js                                6.74 kB │ gzip:   2.94 kB
public/build/assets/_registers-Y2xnS3eg.js                               6.75 kB │ gzip:   2.64 kB
public/build/assets/Index-BSWuIdNW.js                                    6.76 kB │ gzip:   2.92 kB
public/build/assets/Show-BGRIlYm6.js                                     6.77 kB │ gzip:   2.79 kB
public/build/assets/shift-calendar-view-CEdxA-Uu.js                      6.78 kB │ gzip:   2.74 kB
public/build/assets/_header-DEkJJlvI.js                                  6.79 kB │ gzip:   3.15 kB
public/build/assets/Show-nuj7ZT4c.js                                     6.80 kB │ gzip:   2.91 kB
public/build/assets/index-BKuL1aI8.js                                    6.82 kB │ gzip:   1.08 kB
public/build/assets/Index-CrdcQ2an.js                                    6.82 kB │ gzip:   2.91 kB
public/build/assets/handover-rail-Xa-dZLFA.js                            6.82 kB │ gzip:   2.89 kB
public/build/assets/preferences-3lup1hsJ.js                              6.85 kB │ gzip:   3.09 kB
public/build/assets/review-KAAUWIe7.js                                   6.87 kB │ gzip:   2.94 kB
public/build/assets/clock-in-wizard-CWEQomB8.js                          6.88 kB │ gzip:   2.94 kB
public/build/assets/board-view-CxiK8-_h.js                               6.89 kB │ gzip:   2.72 kB
public/build/assets/day-work-list-D7gNMGl2.js                            6.91 kB │ gzip:   2.82 kB
public/build/assets/Logs-Dkfa7hBa.js                                     6.92 kB │ gzip:   2.88 kB
public/build/assets/index-DX3w_pJC.js                                    6.94 kB │ gzip:   2.81 kB
public/build/assets/index-BW65OdhG.js                                    6.94 kB │ gzip:   1.05 kB
public/build/assets/fleet-charts-DOKUIcvc.js                             7.03 kB │ gzip:   2.98 kB
public/build/assets/index-wG2_k4cF.js                                    7.03 kB │ gzip:   2.99 kB
public/build/assets/index-BcHGRpqe.js                                    7.04 kB │ gzip:   2.99 kB
public/build/assets/alert-worklist-Fwe9LMau.js                           7.05 kB │ gzip:   2.64 kB
public/build/assets/_site-geofence-dialog-C495SmcZ.js                    7.06 kB │ gzip:   2.70 kB
public/build/assets/create-dNAbrmEJ.js                                   7.06 kB │ gzip:   3.11 kB
public/build/assets/Edit-XsH1HQzK.js                                     7.07 kB │ gzip:   3.05 kB
public/build/assets/create-CGAg_EDX.js                                   7.08 kB │ gzip:   2.99 kB
public/build/assets/reports-modal-CkgjQyEv.js                            7.13 kB │ gzip:   2.96 kB
public/build/assets/monitoring-incident-evidence-card-BXnwNka4.js        7.16 kB │ gzip:   2.52 kB
public/build/assets/fix-clock-out-wizard-IZ3cgvA5.js                     7.18 kB │ gzip:   3.07 kB
public/build/assets/fleet-hero-kit-B_KXlWO2.js                           7.19 kB │ gzip:   2.89 kB
public/build/assets/Create-BBObeMLe.js                                   7.19 kB │ gzip:   3.15 kB
public/build/assets/leave-excursions-DQgdoZDz.js                         7.21 kB │ gzip:   2.38 kB
public/build/assets/payroll-adjustments-DejZAIh3.js                      7.24 kB │ gzip:   2.91 kB
public/build/assets/new-journal-dialog-DaXhnW1I.js                       7.31 kB │ gzip:   2.69 kB
public/build/assets/deletion-logs-vHSvgUot.js                            7.31 kB │ gzip:   3.18 kB
public/build/assets/respite-BJg-0Jk1.js                                  7.31 kB │ gzip:   2.81 kB
public/build/assets/Mapping-BH3Q-A2z.js                                  7.34 kB │ gzip:   3.08 kB
public/build/assets/Create-C7EMFHj_.js                                   7.35 kB │ gzip:   3.22 kB
public/build/assets/people-picker-C9H6348n.js                            7.35 kB │ gzip:   3.14 kB
public/build/assets/show-CIhLiHvK.js                                     7.35 kB │ gzip:   2.98 kB
public/build/assets/provisioning-picker-BKDaDIZr.js                      7.39 kB │ gzip:   3.29 kB
public/build/assets/for-stay-CcwWeASY.js                                 7.40 kB │ gzip:   3.10 kB
public/build/assets/assignments-BjvwtfxN.js                              7.42 kB │ gzip:   3.40 kB
public/build/assets/medical-simple-CKo9cdUV.js                           7.46 kB │ gzip:   3.28 kB
public/build/assets/_review-dialog-DDe_dMOI.js                           7.47 kB │ gzip:   3.12 kB
public/build/assets/Index-D8OEKRYi.js                                    7.54 kB │ gzip:   3.21 kB
public/build/assets/compliance-hero-zJKTK15y.js                          7.56 kB │ gzip:   2.61 kB
public/build/assets/Submissions-vbKl7J9T.js                              7.56 kB │ gzip:   3.55 kB
public/build/assets/index-8uSc3EMN.js                                    7.58 kB │ gzip:   3.20 kB
public/build/assets/shared-BoLW6raO.js                                   7.61 kB │ gzip:   3.05 kB
public/build/assets/history-index-BJjIwOsf.js                            7.62 kB │ gzip:   3.36 kB
public/build/assets/show-CsFSY4J9.js                                     7.62 kB │ gzip:   3.37 kB
public/build/assets/pending-D-1DYyF6.js                                  7.67 kB │ gzip:   3.27 kB
public/build/assets/from-resolution-CBuxrQGm.js                          7.73 kB │ gzip:   3.44 kB
public/build/assets/report-error-modal-_Tpl3Pha.js                       7.76 kB │ gzip:   3.27 kB
public/build/assets/notifications-D2ghZJ61.js                            7.77 kB │ gzip:   3.44 kB
public/build/assets/communication-notes-B5bcuXH7.js                      7.79 kB │ gzip:   3.16 kB
public/build/assets/shoutouts-D7TwstTk.js                                7.85 kB │ gzip:   3.42 kB
public/build/assets/index-C2aqdcbh.js                                    7.90 kB │ gzip:   3.27 kB
public/build/assets/availability-DO353Lps.js                             7.91 kB │ gzip:   3.51 kB
public/build/assets/BoardMonthly-CB8InO_y.js                             7.97 kB │ gzip:   3.26 kB
public/build/assets/daily-note-entry-DcORAM7L.js                         7.97 kB │ gzip:   3.03 kB
public/build/assets/index-QYrBZLtj.js                                    7.98 kB │ gzip:   3.00 kB
public/build/assets/incidents-BE0WFi3J.js                                7.99 kB │ gzip:   3.19 kB
public/build/assets/password-DHeWpUQA.js                                 8.00 kB │ gzip:   3.18 kB
public/build/assets/attestations-DW_zfijY.js                             8.04 kB │ gzip:   3.49 kB
public/build/assets/run-IMqYEQK5.js                                      8.05 kB │ gzip:   2.79 kB
public/build/assets/Committee-kCfad0Y9.js                                8.07 kB │ gzip:   3.53 kB
public/build/assets/file-dropzone-Coe7h_kI.js                            8.08 kB │ gzip:   3.49 kB
public/build/assets/Show-CjzUlffw.js                                     8.10 kB │ gzip:   3.18 kB
public/build/assets/audit-history-DTizBSfi.js                            8.13 kB │ gzip:   3.26 kB
public/build/assets/_tool-palette-BMZ6Wggf.js                            8.17 kB │ gzip:   2.97 kB
public/build/assets/Create-B_GB-bWl.js                                   8.24 kB │ gzip:   3.48 kB
public/build/assets/asset-condition-D6AdZB6z.js                          8.26 kB │ gzip:   3.31 kB
public/build/assets/credentials-wbKO_gFw.js                              8.26 kB │ gzip:   3.39 kB
public/build/assets/work-schedule-BTXoIMWe.js                            8.26 kB │ gzip:   3.41 kB
public/build/assets/Index-CVtyEAP3.js                                    8.28 kB │ gzip:   3.59 kB
public/build/assets/shell-3Ihf7S-z.js                                    8.30 kB │ gzip:   2.99 kB
public/build/assets/index-B7N3CCgU.js                                    8.32 kB │ gzip:   3.56 kB
public/build/assets/index-CRW7LI9M.js                                    8.32 kB │ gzip:   3.56 kB
public/build/assets/Entries-Lagl47rw.js                                  8.35 kB │ gzip:   3.57 kB
public/build/assets/settings-CmQbWhhG.js                                 8.37 kB │ gzip:   3.63 kB
public/build/assets/round-template-dialog-BMGaHR1d.js                    8.39 kB │ gzip:   3.49 kB
public/build/assets/reassign-dialog-bQ7HcQkQ.js                          8.42 kB │ gzip:   3.60 kB
public/build/assets/index-Dlg97wMc.js                                    8.44 kB │ gzip:   1.27 kB
public/build/assets/show-pYH0P6Dx.js                                     8.45 kB │ gzip:   2.86 kB
public/build/assets/form-wizard-WrPvJQLI.js                              8.49 kB │ gzip:   3.49 kB
public/build/assets/Index-ChigEb87.js                                    8.49 kB │ gzip:   3.73 kB
public/build/assets/my-day-header-1h9CR96s.js                            8.50 kB │ gzip:   3.70 kB
public/build/assets/show-PdHtjM02.js                                     8.51 kB │ gzip:   3.82 kB
public/build/assets/Aging-Divlm4GA.js                                    8.54 kB │ gzip:   3.34 kB
public/build/assets/overdue-actions-BMhzCQWV.js                          8.55 kB │ gzip:   3.56 kB
public/build/assets/Edit-Csqsnmpp.js                                     8.64 kB │ gzip:   3.77 kB
public/build/assets/Index-Jqs0oZ95.js                                    8.65 kB │ gzip:   3.46 kB
public/build/assets/assess-BZ6kGFmL.js                                   8.66 kB │ gzip:   3.61 kB
public/build/assets/primitives-CEQYin6H.js                               8.69 kB │ gzip:   3.27 kB
public/build/assets/index-B-vjVVm_.js                                    8.69 kB │ gzip:   3.63 kB
public/build/assets/bank-account-dialog-DcKHTTk6.js                      8.70 kB │ gzip:   3.38 kB
public/build/assets/Index-xdfoVgW9.js                                    8.71 kB │ gzip:   3.75 kB
public/build/assets/Index-8PaULko_.js                                    8.73 kB │ gzip:   3.75 kB
public/build/assets/file-BR2CtH_P.js                                     8.76 kB │ gzip:   3.72 kB
public/build/assets/ClientTrends-DtvMXy2e.js                             8.76 kB │ gzip:   3.76 kB
public/build/assets/personal-entry-dialog-De8G8c6p.js                    8.79 kB │ gzip:   3.29 kB
public/build/assets/Index-D7-LZfm4.js                                    8.80 kB │ gzip:   3.53 kB
public/build/assets/index-ACtPRJ5d.js                                    8.82 kB │ gzip:   1.26 kB
public/build/assets/index-C7jmJCYm.js                                    8.83 kB │ gzip:   3.47 kB
public/build/assets/index-CtQpWf9l.js                                    8.83 kB │ gzip:   3.78 kB
public/build/assets/index-DXtmnOax.js                                    8.84 kB │ gzip:   3.85 kB
public/build/assets/add-medication-modal-DXBGZLcq.js                     8.87 kB │ gzip:   3.64 kB
public/build/assets/reports-BttDLqPp.js                                  8.96 kB │ gzip:   3.73 kB
public/build/assets/timeline-interactions-BgyC2Kib.js                    8.96 kB │ gzip:   3.62 kB
public/build/assets/CarePlans-C0-ioJlr.js                                8.97 kB │ gzip:   3.60 kB
public/build/assets/Show-CfNMUi3g.js                                     9.00 kB │ gzip:   4.02 kB
public/build/assets/fleet-C8KLTu3I.js                                    9.05 kB │ gzip:   3.15 kB
public/build/assets/Index-CbJP-tc6.js                                    9.05 kB │ gzip:   3.67 kB
public/build/assets/Show-BgLgBWcM.js                                     9.06 kB │ gzip:   3.93 kB
public/build/assets/Create-Bzb04meH.js                                   9.08 kB │ gzip:   3.87 kB
public/build/assets/hero-kit-BPNed1QM.js                                 9.08 kB │ gzip:   2.98 kB
public/build/assets/Create-CWg29bvO.js                                   9.09 kB │ gzip:   3.70 kB
public/build/assets/history-CmbzUYuS.js                                  9.14 kB │ gzip:   3.68 kB
public/build/assets/Index-gkBpwUdk.js                                    9.17 kB │ gzip:   3.97 kB
public/build/assets/benefits-2RAtFv5I.js                                 9.18 kB │ gzip:   3.64 kB
public/build/assets/Edit-BxUqzxn2.js                                     9.22 kB │ gzip:   3.83 kB
public/build/assets/Changes-WCKjl5d5.js                                  9.24 kB │ gzip:   3.76 kB
public/build/assets/reimbursement-DCFAv_o0.js                            9.25 kB │ gzip:   3.60 kB
public/build/assets/module-AKZzsAPI.js                                   9.25 kB │ gzip:   4.12 kB
public/build/assets/index-DIkuDhEy.js                                    9.26 kB │ gzip:   3.91 kB
public/build/assets/note-rail-C4LknwYx.js                                9.29 kB │ gzip:   3.54 kB
public/build/assets/create-DKUK3U1M.js                                   9.29 kB │ gzip:   3.89 kB
public/build/assets/upload-C7d8lm7w.js                                   9.30 kB │ gzip:   3.89 kB
public/build/assets/show-IYpAB___.js                                     9.33 kB │ gzip:   3.71 kB
public/build/assets/shift-show-redesign-C2DZXQbz.js                      9.34 kB │ gzip:   3.58 kB
public/build/assets/knowledge-related-records-DMFyOH3_.js                9.37 kB │ gzip:   3.77 kB
public/build/assets/cd-register-modal-CRakqukA.js                        9.37 kB │ gzip:   3.85 kB
public/build/assets/retention-CMlN-W-0.js                                9.38 kB │ gzip:   3.75 kB
public/build/assets/_manage-types-dialog-CZF1o0ta.js                     9.39 kB │ gzip:   3.83 kB
public/build/assets/respond-CEQaH-Fh.js                                  9.42 kB │ gzip:   4.12 kB
public/build/assets/index-DkXbp45X.js                                    9.43 kB │ gzip:   3.85 kB
public/build/assets/Index-BVWs6H5P.js                                    9.45 kB │ gzip:   3.95 kB
public/build/assets/Create-Ngma1Ed_.js                                   9.45 kB │ gzip:   3.83 kB
public/build/assets/Create-D12afa84.js                                   9.47 kB │ gzip:   3.90 kB
public/build/assets/create-DrJ1izld.js                                   9.48 kB │ gzip:   3.92 kB
public/build/assets/reviews-Brgt5rrm.js                                  9.49 kB │ gzip:   4.25 kB
public/build/assets/Create-k7MlYnBA.js                                   9.51 kB │ gzip:   3.84 kB
public/build/assets/Edit-B5h6q79H.js                                     9.59 kB │ gzip:   3.95 kB
public/build/assets/MyInterests-BWQRX25N.js                              9.59 kB │ gzip:   3.87 kB
public/build/assets/for-stay-Iav1ZyHx.js                                 9.61 kB │ gzip:   3.73 kB
public/build/assets/index-C-ketPT2.js                                    9.61 kB │ gzip:   3.84 kB
public/build/assets/Create-BteYMSkx.js                                   9.62 kB │ gzip:   3.91 kB
public/build/assets/pending-7BpW_s7M.js                                  9.64 kB │ gzip:   3.69 kB
public/build/assets/family-tree-UhfhogDY.js                              9.68 kB │ gzip:   3.64 kB
public/build/assets/Committee-gbYIhVDd.js                                9.68 kB │ gzip:   3.83 kB
public/build/assets/ComplianceStatus-B76TjtgU.js                         9.69 kB │ gzip:   3.81 kB
public/build/assets/Create-CEMyuL0L.js                                   9.69 kB │ gzip:   3.89 kB
public/build/assets/index-BWWYa8wW.js                                    9.70 kB │ gzip:   3.88 kB
public/build/assets/create-0NM4e9in.js                                   9.70 kB │ gzip:   4.14 kB
public/build/assets/AgedPayables-ribJuWiZ.js                             9.73 kB │ gzip:   3.51 kB
public/build/assets/stream-item-bPX1cmC6.js                              9.74 kB │ gzip:   3.61 kB
public/build/assets/AgedReceivables-JBzBgAIJ.js                          9.75 kB │ gzip:   3.51 kB
public/build/assets/my-calendar-DGckvEKb.js                              9.76 kB │ gzip:   4.51 kB
public/build/assets/Index-CAAsmu8o.js                                    9.76 kB │ gzip:   4.17 kB
public/build/assets/Create-CZDf-o4J.js                                   9.76 kB │ gzip:   3.93 kB
public/build/assets/Show-COXh41dr.js                                     9.77 kB │ gzip:   3.95 kB
public/build/assets/linked-operational-evidence-CwODYJCl.js              9.78 kB │ gzip:   3.16 kB
public/build/assets/template-Bv0mVDh4.js                                 9.79 kB │ gzip:   3.95 kB
public/build/assets/_food-meal-preferences-CAtYZJP_.js                   9.82 kB │ gzip:   3.80 kB
public/build/assets/create-nhTSsxdD.js                                   9.85 kB │ gzip:   3.98 kB
public/build/assets/Create-DXYGTaV-.js                                   9.86 kB │ gzip:   3.86 kB
public/build/assets/show-CJpt3sny.js                                     9.86 kB │ gzip:   3.87 kB
public/build/assets/policies-BGmynE5X.js                                 9.88 kB │ gzip:   4.02 kB
public/build/assets/Edit-BMvEfddI.js                                     9.92 kB │ gzip:   4.15 kB
public/build/assets/legal-holds-BpeeCF8R.js                              9.94 kB │ gzip:   4.03 kB
public/build/assets/show-Ch_oiFP-.js                                     9.95 kB │ gzip:   3.93 kB
public/build/assets/Index-CGMM6nmj.js                                    9.97 kB │ gzip:   4.29 kB
public/build/assets/succession-wizards-T-aeZ2gT.js                       9.98 kB │ gzip:   3.99 kB
public/build/assets/Index-D33jot9M.js                                    9.98 kB │ gzip:   4.09 kB
public/build/assets/unifi-DPJa0k08.js                                    9.98 kB │ gzip:   3.98 kB
public/build/assets/Index-D-pZAs1k.js                                   10.00 kB │ gzip:   3.94 kB
public/build/assets/create-CKv4J2M4.js                                  10.01 kB │ gzip:   4.12 kB
public/build/assets/ClientSummary-C5qOgPjU.js                           10.03 kB │ gzip:   3.60 kB
public/build/assets/index-BuUWi4hp.js                                   10.03 kB │ gzip:   4.19 kB
public/build/assets/Index-DKSWX8Cs.js                                   10.05 kB │ gzip:   4.13 kB
public/build/assets/finance-CCw4Ae-2.js                                 10.05 kB │ gzip:   3.53 kB
public/build/assets/quick-add-task-B-bMNWpr.js                          10.06 kB │ gzip:   3.83 kB
public/build/assets/index-DlaMmxME.js                                   10.09 kB │ gzip:   3.97 kB
public/build/assets/vehicle-technology-projection-OHIfdPoy.js           10.09 kB │ gzip:   3.40 kB
public/build/assets/grouped-profile-nav-DBaZsBn1.js                     10.09 kB │ gzip:   3.88 kB
public/build/assets/Dashboard-BeSz2TZW.js                               10.10 kB │ gzip:   4.12 kB
public/build/assets/Attestations-DYA41WMU.js                            10.10 kB │ gzip:   4.09 kB
public/build/assets/Index-Dr-2U9pl.js                                   10.14 kB │ gzip:   4.17 kB
public/build/assets/show-D-8ZudVo.js                                    10.15 kB │ gzip:   3.72 kB
public/build/assets/saved-CXwB2LoA.js                                   10.16 kB │ gzip:   4.16 kB
public/build/assets/edit-DcUTUGO7.js                                    10.16 kB │ gzip:   4.19 kB
public/build/assets/risks-D6I5jWWs.js                                   10.18 kB │ gzip:   3.85 kB
public/build/assets/status-D3OlfzT8.js                                  10.21 kB │ gzip:   4.08 kB
public/build/assets/edit-BZszwmL9.js                                    10.22 kB │ gzip:   4.15 kB
public/build/assets/Index-CCvqg347.js                                   10.25 kB │ gzip:   4.21 kB
public/build/assets/asset-finance-technology-projection-B4J5b96m.js     10.27 kB │ gzip:   3.49 kB
public/build/assets/staff-requirements-CuIaKnt0.js                      10.27 kB │ gzip:   3.80 kB
public/build/assets/record-wizard-shared-DbDYQYpN.js                    10.28 kB │ gzip:   3.92 kB
public/build/assets/modules-ChvZ80nb.js                                 10.29 kB │ gzip:   4.12 kB
public/build/assets/Index-f0UhEeH9.js                                   10.32 kB │ gzip:   4.19 kB
public/build/assets/Edit-C5jXq6s7.js                                    10.33 kB │ gzip:   4.14 kB
public/build/assets/create-9dtkEpZ3.js                                  10.34 kB │ gzip:   3.52 kB
public/build/assets/_inventory-table-VhhNYc9E.js                        10.34 kB │ gzip:   3.74 kB
public/build/assets/Edit-BP7LWYH-.js                                    10.35 kB │ gzip:   4.23 kB
public/build/assets/Statements-CZ8H9ioV.js                              10.36 kB │ gzip:   4.04 kB
public/build/assets/compliance-_jBRcOHr.js                              10.37 kB │ gzip:   4.10 kB
public/build/assets/index-Dg4nHb3y.js                                   10.37 kB │ gzip:   1.53 kB
public/build/assets/Index-CnWl-LyH.js                                   10.38 kB │ gzip:   3.93 kB
public/build/assets/index-DqRLCJmT.js                                   10.39 kB │ gzip:   4.08 kB
public/build/assets/portal-users-VIMZjNzp.js                            10.40 kB │ gzip:   4.29 kB
public/build/assets/Show-BBxOQf7L.js                                    10.43 kB │ gzip:   3.91 kB
public/build/assets/documents-Dj_LVO-S.js                               10.44 kB │ gzip:   3.67 kB
public/build/assets/marketing-layout-Bl9DCznx.js                        10.47 kB │ gzip:   3.33 kB
public/build/assets/Create-Y5ISwohb.js                                  10.49 kB │ gzip:   4.43 kB
public/build/assets/risks-BHrjT8rk.js                                   10.50 kB │ gzip:   3.97 kB
public/build/assets/Index-aveNSIMC.js                                   10.51 kB │ gzip:   4.11 kB
public/build/assets/Index-KKeClCPP.js                                   10.54 kB │ gzip:   4.15 kB
public/build/assets/Trends-BOWGi95W.js                                  10.57 kB │ gzip:   4.22 kB
public/build/assets/Show-B7jrCq4l.js                                    10.58 kB │ gzip:   4.09 kB
public/build/assets/create-BumMDW6y.js                                  10.60 kB │ gzip:   4.32 kB
public/build/assets/Show-Anj2vm2_.js                                    10.62 kB │ gzip:   4.31 kB
public/build/assets/create-zwTvpo7R.js                                  10.69 kB │ gzip:   4.23 kB
public/build/assets/index-CB86tY0_.js                                   10.71 kB │ gzip:   4.42 kB
public/build/assets/Terminals-B3s-PUX4.js                               10.73 kB │ gzip:   4.11 kB
public/build/assets/photos-CRl90cDi.js                                  10.73 kB │ gzip:   4.41 kB
public/build/assets/breaches-C1WNh-bb.js                                10.74 kB │ gzip:   4.25 kB
public/build/assets/Index-DcYfcvXj.js                                   10.74 kB │ gzip:   4.30 kB
public/build/assets/BoardMembers-CaNI5eQG.js                            10.74 kB │ gzip:   4.37 kB
public/build/assets/Create-Dkx2j-Tp.js                                  10.75 kB │ gzip:   4.21 kB
public/build/assets/index-Dtn9ag-T.js                                   10.80 kB │ gzip:   3.87 kB
public/build/assets/timeline-DUkiI-1W.js                                10.80 kB │ gzip:   4.63 kB
public/build/assets/tomorrow-panel-DIIOftl2.js                          10.80 kB │ gzip:   4.25 kB
public/build/assets/summary-bPGzH5yQ.js                                 10.82 kB │ gzip:   3.97 kB
public/build/assets/Heatmap-BNSsPkam.js                                 10.83 kB │ gzip:   4.04 kB
public/build/assets/create-wizard-C9cEhUo0.js                           10.85 kB │ gzip:   3.48 kB
public/build/assets/broadcast-show-Ci_OlESY.js                          10.86 kB │ gzip:   3.95 kB
public/build/assets/index-DjUSLyA5.js                                   10.86 kB │ gzip:   4.21 kB
public/build/assets/_door-B2m7jivU.js                                   10.87 kB │ gzip:   3.81 kB
public/build/assets/Show-C2edQrpM.js                                    10.87 kB │ gzip:   4.37 kB
public/build/assets/show-supervision-CBT8GUj4.js                        10.90 kB │ gzip:   4.10 kB
public/build/assets/work-calendar-settings-NpULLVRW.js                  10.91 kB │ gzip:   4.32 kB
public/build/assets/Edit-B7eAjNsz.js                                    10.93 kB │ gzip:   4.41 kB
public/build/assets/Prepare-AREJKT5M.js                                 10.95 kB │ gzip:   4.30 kB
public/build/assets/notifications-BwzAKpLb.js                           10.95 kB │ gzip:   4.04 kB
public/build/assets/CheckShift-BmH_tSLJ.js                              10.96 kB │ gzip:   4.63 kB
public/build/assets/Edit-D_XVcaIf.js                                    11.00 kB │ gzip:   4.32 kB
public/build/assets/Matrix-BZFgE48S.js                                  11.02 kB │ gzip:   4.70 kB
public/build/assets/index-ubtH2xcj.js                                   11.02 kB │ gzip:   1.52 kB
public/build/assets/visit-requests-CnL8sw9b.js                          11.02 kB │ gzip:   4.47 kB
public/build/assets/handovers-hero-BW15ipR9.js                          11.03 kB │ gzip:   4.82 kB
public/build/assets/Create-02dHV4b3.js                                  11.09 kB │ gzip:   4.34 kB
public/build/assets/Show-DqWbXdTV.js                                    11.10 kB │ gzip:   4.16 kB
public/build/assets/Index-DWH_FGaS.js                                   11.10 kB │ gzip:   4.49 kB
public/build/assets/create-DQuZF1VZ.js                                  11.11 kB │ gzip:   4.63 kB
public/build/assets/Index-BndwZT4E.js                                   11.12 kB │ gzip:   4.55 kB
public/build/assets/surveys-D8dcc_H7.js                                 11.14 kB │ gzip:   4.41 kB
public/build/assets/Index-Ai7lfdSj.js                                   11.15 kB │ gzip:   4.99 kB
public/build/assets/vendors-CrEjEQF0.js                                 11.16 kB │ gzip:   3.65 kB
public/build/assets/clock-out-wizard-D29_p0Kv.js                        11.17 kB │ gzip:   4.49 kB
public/build/assets/index-D0QTDpBb.js                                   11.19 kB │ gzip:   4.56 kB
public/build/assets/Index-DQ9jkH2c.js                                   11.21 kB │ gzip:   4.66 kB
public/build/assets/index-kzrOo6jB.js                                   11.21 kB │ gzip:   4.04 kB
public/build/assets/Batches-BjZYEN8F.js                                 11.25 kB │ gzip:   4.43 kB
public/build/assets/dpia-D9_w02Bz.js                                    11.26 kB │ gzip:   4.31 kB
public/build/assets/index-DUN4Q88x.js                                   11.26 kB │ gzip:   4.47 kB
public/build/assets/cards-view-CBh2_35m.js                              11.27 kB │ gzip:   4.21 kB
public/build/assets/daily-check-DvvXW6hZ.js                             11.29 kB │ gzip:   4.54 kB
public/build/assets/privacy-action-modal-CZZqJQi8.js                    11.30 kB │ gzip:   4.43 kB
public/build/assets/show-DHWideMd.js                                    11.30 kB │ gzip:   4.86 kB
public/build/assets/Index-CJ0eZ86m.js                                   11.31 kB │ gzip:   4.23 kB
public/build/assets/dashboard-tabs-Cw_QzlwA.js                          11.32 kB │ gzip:   4.23 kB
public/build/assets/Edit-CRwmlpcc.js                                    11.37 kB │ gzip:   4.80 kB
public/build/assets/show-DEQtcIc9.js                                    11.40 kB │ gzip:   4.29 kB
public/build/assets/wizard-configs-DHvIIrLu.js                          11.42 kB │ gzip:   3.50 kB
public/build/assets/Index-DywNcosP.js                                   11.43 kB │ gzip:   4.85 kB
public/build/assets/leave-hub-parts-DsoREvsX.js                         11.45 kB │ gzip:   4.21 kB
public/build/assets/community-access-DThaqac9.js                        11.52 kB │ gzip:   4.66 kB
public/build/assets/workers-Vm3NAmGP.js                                 11.54 kB │ gzip:   4.41 kB
public/build/assets/Index-CGXfD0yx.js                                   11.54 kB │ gzip:   5.05 kB
public/build/assets/alerts-config-Dp8K89QK.js                           11.54 kB │ gzip:   4.42 kB
public/build/assets/Index-D9UvoYo_.js                                   11.55 kB │ gzip:   4.99 kB
public/build/assets/templates-CT2EjqAT.js                               11.55 kB │ gzip:   4.71 kB
public/build/assets/Index-CZNSkFYQ.js                                   11.56 kB │ gzip:   4.31 kB
public/build/assets/documents-CdUP1C3u.js                               11.59 kB │ gzip:   4.11 kB
public/build/assets/Create-zBJlBwoX.js                                  11.60 kB │ gzip:   4.56 kB
public/build/assets/Index-DXS0noAn.js                                   11.60 kB │ gzip:   5.08 kB
public/build/assets/create-template-Bxxy7wa6.js                         11.62 kB │ gzip:   4.64 kB
public/build/assets/sign-Czq5ODDX.js                                    11.65 kB │ gzip:   4.59 kB
public/build/assets/profile-DSeUXDXZ.js                                 11.65 kB │ gzip:   4.76 kB
public/build/assets/page-hero-CKpW_YUq.js                               11.65 kB │ gzip:   4.46 kB
public/build/assets/assignments-KLUepT8t.js                             11.76 kB │ gzip:   4.73 kB
public/build/assets/Index-CeVckMsr.js                                   11.77 kB │ gzip:   4.93 kB
public/build/assets/Index-BCKPgpxY.js                                   11.77 kB │ gzip:   4.57 kB
public/build/assets/index-Dh9Dk-mq.js                                   11.81 kB │ gzip:   4.51 kB
public/build/assets/RiskNarrative-D1Nl1bb2.js                           11.84 kB │ gzip:   4.28 kB
public/build/assets/Index-CLn6FG5s.js                                   11.84 kB │ gzip:   4.81 kB
public/build/assets/rehire-wizard-Bo63QmAZ.js                           11.86 kB │ gzip:   4.49 kB
public/build/assets/_dialogs-C-LbYUKO.js                                11.88 kB │ gzip:   4.47 kB
public/build/assets/workflow-Bnh0uacj.js                                11.92 kB │ gzip:   5.01 kB
public/build/assets/index-Dk6QkAHM.js                                   11.92 kB │ gzip:   4.86 kB
public/build/assets/shift-list-view-B1A3PNmS.js                         11.94 kB │ gzip:   4.71 kB
public/build/assets/medications-2d8jWrs0.js                             11.95 kB │ gzip:   4.30 kB
public/build/assets/log-notifiable-dialog-BWW7Qlu7.js                   11.97 kB │ gzip:   4.40 kB
public/build/assets/healthcare-devices-BITD_3Y2.js                      11.99 kB │ gzip:   4.18 kB
public/build/assets/apply-C3wDTBDu.js                                   12.00 kB │ gzip:   4.56 kB
public/build/assets/performance-hero-D8BYp_1k.js                        12.00 kB │ gzip:   3.84 kB
public/build/assets/Show-DCzsFjeX.js                                    12.01 kB │ gzip:   4.36 kB
public/build/assets/index-LXRBGSQr.js                                   12.03 kB │ gzip:   4.93 kB
public/build/assets/Index-B87hSN3-.js                                   12.03 kB │ gzip:   4.69 kB
public/build/assets/index-zB2-riye.js                                   12.05 kB │ gzip:   4.32 kB
public/build/assets/protocol-form-BPZjjzf8.js                           12.08 kB │ gzip:   4.39 kB
public/build/assets/index-CJMMLv3H.js                                   12.08 kB │ gzip:   5.19 kB
public/build/assets/edit-JCdplCnq.js                                    12.09 kB │ gzip:   4.77 kB
public/build/assets/index-ogzQSQib.js                                   12.10 kB │ gzip:   4.68 kB
public/build/assets/Create-0BQLNjvU.js                                  12.11 kB │ gzip:   4.73 kB
public/build/assets/time-DtwOOPDJ.js                                    12.11 kB │ gzip:   5.16 kB
public/build/assets/requests-DcmhuOEp.js                                12.12 kB │ gzip:   4.65 kB
public/build/assets/ppe-wizard-Bz5oVUwE.js                              12.15 kB │ gzip:   4.97 kB
public/build/assets/facilities-DonZFBHL.js                              12.16 kB │ gzip:   5.06 kB
public/build/assets/head-office-BpqArd8D.js                             12.19 kB │ gzip:   5.13 kB
public/build/assets/it-ticket-comment-contract-BPMJIgLx.js              12.20 kB │ gzip:   3.96 kB
public/build/assets/cards-view-BMBj2QhW.js                              12.20 kB │ gzip:   4.47 kB
public/build/assets/index-BvE8iDIb.js                                   12.21 kB │ gzip:   4.62 kB
public/build/assets/_builder-dialog-CEpC9RiK.js                         12.23 kB │ gzip:   4.89 kB
public/build/assets/_request-dialog-iQrou-nY.js                         12.25 kB │ gzip:   4.60 kB
public/build/assets/edit-CogSIYpD.js                                    12.25 kB │ gzip:   4.62 kB
public/build/assets/index-v4rKcs9o.js                                   12.26 kB │ gzip:   1.59 kB
public/build/assets/index-BTbDpagu.js                                   12.27 kB │ gzip:   4.33 kB
public/build/assets/Assignments-CjEXgiCh.js                             12.30 kB │ gzip:   5.17 kB
public/build/assets/index-RTNcqzFU.js                                   12.31 kB │ gzip:   4.46 kB
public/build/assets/Diff-ChAHclRi.js                                    12.33 kB │ gzip:   5.30 kB
public/build/assets/index-B65JxD9J.js                                   12.34 kB │ gzip:   4.70 kB
public/build/assets/health-BL1e4HgX.js                                  12.35 kB │ gzip:   4.16 kB
public/build/assets/show-DnRONlcJ.js                                    12.36 kB │ gzip:   4.62 kB
public/build/assets/index-B-HWbiJy.js                                   12.36 kB │ gzip:   4.84 kB
public/build/assets/Trends-nf4TnXOv.js                                  12.36 kB │ gzip:   5.07 kB
public/build/assets/Index-B3AHuV7O.js                                   12.37 kB │ gzip:   4.75 kB
public/build/assets/show-BfK1RFnk.js                                    12.37 kB │ gzip:   4.37 kB
public/build/assets/Review-cG_VVgtq.js                                  12.38 kB │ gzip:   4.52 kB
public/build/assets/index-PEoS3pIg.js                                   12.39 kB │ gzip:   5.11 kB
public/build/assets/Index-BgotfAyN.js                                   12.42 kB │ gzip:   4.61 kB
public/build/assets/pricing-DkTWq9TW.js                                 12.44 kB │ gzip:   3.70 kB
public/build/assets/Show-CRhszQni.js                                    12.45 kB │ gzip:   4.73 kB
public/build/assets/create-CjkqMGL4.js                                  12.45 kB │ gzip:   4.85 kB
public/build/assets/log-obligation-dialog-DS4yTfhW.js                   12.49 kB │ gzip:   4.70 kB
public/build/assets/builder-DeYM-pBV.js                                 12.50 kB │ gzip:   4.76 kB
public/build/assets/new-bill-dialog-CUgK8UZb.js                         12.52 kB │ gzip:   4.84 kB
public/build/assets/specialist-workspace-header-D4oKUdlB.js             12.57 kB │ gzip:   5.56 kB
public/build/assets/Index-MeMdfhou.js                                   12.64 kB │ gzip:   5.52 kB
public/build/assets/index-D8XLDm3R.js                                   12.65 kB │ gzip:   5.30 kB
public/build/assets/fixed-asset-dialog-_XKZhivt.js                      12.66 kB │ gzip:   4.43 kB
public/build/assets/show-yTc4jGi7.js                                    12.70 kB │ gzip:   4.79 kB
public/build/assets/Show-oH9_smnG.js                                    12.72 kB │ gzip:   4.91 kB
public/build/assets/Show-CHk018Tj.js                                    12.73 kB │ gzip:   4.91 kB
public/build/assets/Dashboard-3RllocLP.js                               12.76 kB │ gzip:   4.17 kB
public/build/assets/site-detail-BQWepRs5.js                             12.81 kB │ gzip:   4.32 kB
public/build/assets/Index-Dmh8T3XY.js                                   12.81 kB │ gzip:   5.18 kB
public/build/assets/index-B32-d3Dn.js                                   12.85 kB │ gzip:   5.28 kB
public/build/assets/alerts-events-DTTNyGdt.js                           12.85 kB │ gzip:   5.42 kB
public/build/assets/Results-ccYrgH5z.js                                 12.85 kB │ gzip:   4.96 kB
public/build/assets/calendar-qqAfdDMF.js                                12.85 kB │ gzip:   5.11 kB
public/build/assets/geofence-draw-map-Cf9aeM-G.js                       12.87 kB │ gzip:   4.98 kB
public/build/assets/ppe-action-dialogs-DPSu1Tbq.js                      12.87 kB │ gzip:   4.36 kB
public/build/assets/show-AfG8yBXp.js                                    12.88 kB │ gzip:   4.94 kB
public/build/assets/plans-DBcG3tGL.js                                   12.92 kB │ gzip:   5.22 kB
public/build/assets/messaging-D1vczLq3.js                               12.93 kB │ gzip:   4.55 kB
public/build/assets/pre-check-BAVPMQAL.js                               12.94 kB │ gzip:   4.84 kB
public/build/assets/Index-eobwpBWJ.js                                   12.96 kB │ gzip:   5.50 kB
public/build/assets/index-CkkYV8ed.js                                   12.96 kB │ gzip:   4.90 kB
public/build/assets/privacy-Bnt2Twrl.js                                 12.98 kB │ gzip:   3.80 kB
public/build/assets/create-BiFcE3Vt.js                                  12.99 kB │ gzip:   5.04 kB
public/build/assets/reviews-DliNcHY7.js                                 13.00 kB │ gzip:   5.01 kB
public/build/assets/Trends-CakzolIy.js                                  13.03 kB │ gzip:   4.71 kB
public/build/assets/Show-CYeLrqqq.js                                    13.05 kB │ gzip:   4.91 kB
public/build/assets/Index-sruzue13.js                                   13.06 kB │ gzip:   5.19 kB
public/build/assets/HealthMonitoring-D94Hzhpm.js                        13.06 kB │ gzip:   4.73 kB
public/build/assets/prn-wizard-Bt5vRjPA.js                              13.10 kB │ gzip:   4.99 kB
public/build/assets/Show-CYXdIsu4.js                                    13.12 kB │ gzip:   5.08 kB
public/build/assets/playbook-wizard-DGQkDYRw.js                         13.16 kB │ gzip:   4.59 kB
public/build/assets/layout-BV31d_RC.js                                  13.16 kB │ gzip:   4.23 kB
public/build/assets/edit-template-B469AEdy.js                           13.18 kB │ gzip:   5.30 kB
public/build/assets/client-Bw0k_cD2.js                                  13.21 kB │ gzip:   3.73 kB
public/build/assets/houses-C7PBaBj_.js                                  13.22 kB │ gzip:   5.51 kB
public/build/assets/leaflet-map-fwPGez-v.js                             13.24 kB │ gzip:   4.68 kB
public/build/assets/TrialBalance-C9IjTGqq.js                            13.24 kB │ gzip:   5.40 kB
public/build/assets/index-Bxt5mWg2.js                                   13.25 kB │ gzip:   5.65 kB
public/build/assets/Index-BHvf8vq2.js                                   13.26 kB │ gzip:   5.72 kB
public/build/assets/expenses-BwHY6eVQ.js                                13.26 kB │ gzip:   5.11 kB
public/build/assets/terminology-QhOeAksM.js                             13.29 kB │ gzip:   4.03 kB
public/build/assets/by-house-8Ms1bkUV.js                                13.30 kB │ gzip:   4.67 kB
public/build/assets/documents-BVIPYCXM.js                               13.32 kB │ gzip:   5.32 kB
public/build/assets/Show-BUQvuIhM.js                                    13.33 kB │ gzip:   4.61 kB
public/build/assets/goals-path-Q3xZw60x.js                              13.35 kB │ gzip:   5.34 kB
public/build/assets/task-BFhl3SdM.js                                    13.40 kB │ gzip:   5.43 kB
public/build/assets/BatchDetail-C78xTQol.js                             13.42 kB │ gzip:   4.64 kB
public/build/assets/_audit-dialog-BLDBBsHC.js                           13.46 kB │ gzip:   5.39 kB
public/build/assets/timesheet-review-DROa4Dca.js                        13.46 kB │ gzip:   5.02 kB
public/build/assets/_ledger-panel-BRUPKr24.js                           13.46 kB │ gzip:   4.25 kB
public/build/assets/unassign-make-open-dialog-DGLYrmzJ.js               13.47 kB │ gzip:   5.09 kB
public/build/assets/about-B1_mAH6J.js                                   13.50 kB │ gzip:   3.49 kB
public/build/assets/Index-BzCv4enn.js                                   13.52 kB │ gzip:   5.45 kB
public/build/assets/digest-panel-DOaO-Qdp.js                            13.56 kB │ gzip:   4.80 kB
public/build/assets/map-UMarPAdD.js                                     13.60 kB │ gzip:   5.65 kB
public/build/assets/my-day-hero-DzCnIu1A.js                             13.65 kB │ gzip:   5.95 kB
public/build/assets/create-vXzFla9l.js                                  13.65 kB │ gzip:   5.19 kB
public/build/assets/show-WC1-zVeo.js                                    13.69 kB │ gzip:   4.92 kB
public/build/assets/show-DniNJWUJ.js                                    13.72 kB │ gzip:   4.57 kB
public/build/assets/Index-BD3E4Kda.js                                   13.77 kB │ gzip:   5.66 kB
public/build/assets/index-CWFtZu58.js                                   13.79 kB │ gzip:   5.24 kB
public/build/assets/show-CJzxFaQ4.js                                    13.81 kB │ gzip:   5.02 kB
public/build/assets/holidays-HMfSRO2O.js                                13.81 kB │ gzip:   5.63 kB
public/build/assets/Dashboard-D0pU4raY.js                               13.82 kB │ gzip:   5.12 kB
public/build/assets/Index-HwXerCNU.js                                   13.84 kB │ gzip:   6.06 kB
public/build/assets/_recipe-edit-dialog-BJLyWoVe.js                     13.90 kB │ gzip:   4.69 kB
public/build/assets/index-D2kwsO1w.js                                   13.90 kB │ gzip:   5.19 kB
public/build/assets/FundingStreamSummary-a0KrKtWq.js                    13.92 kB │ gzip:   4.92 kB
public/build/assets/timeline-tab-B4HilS6_.js                            13.94 kB │ gzip:   4.93 kB
public/build/assets/Show-DLmv2tDP.js                                    13.97 kB │ gzip:   5.38 kB
public/build/assets/record-receipt-dialog-Cez2PnZx.js                   13.98 kB │ gzip:   4.95 kB
public/build/assets/index-DkalaGsl.js                                   14.03 kB │ gzip:   5.49 kB
public/build/assets/trends-C1XP3gJ4.js                                  14.03 kB │ gzip:   4.68 kB
public/build/assets/survey-Chxyu16q.js                                  14.04 kB │ gzip:   4.62 kB
public/build/assets/Index-BgXDP8NW.js                                   14.07 kB │ gzip:   6.04 kB
public/build/assets/Create-2n1JHKcg.js                                  14.08 kB │ gzip:   5.50 kB
public/build/assets/index-CZHtd9zR.js                                   14.08 kB │ gzip:   5.63 kB
public/build/assets/Show-Bza6TOqY.js                                    14.11 kB │ gzip:   5.81 kB
public/build/assets/Index-Ck3UCmzZ.js                                   14.13 kB │ gzip:   6.23 kB
public/build/assets/audit-log-0GfhhrU8.js                               14.17 kB │ gzip:   5.76 kB
public/build/assets/Financials-BBKEgoD5.js                              14.17 kB │ gzip:   5.54 kB
public/build/assets/BalanceSheet-DS2QE-dD.js                            14.18 kB │ gzip:   5.47 kB
public/build/assets/create-wizard-RcgCC7zv.js                           14.20 kB │ gzip:   4.65 kB
public/build/assets/Edit-DN4jeVp4.js                                    14.22 kB │ gzip:   5.33 kB
public/build/assets/_dialog-shared-DUFpVI7B.js                          14.22 kB │ gzip:   5.46 kB
public/build/assets/global-PYOxEiZ5.js                                  14.22 kB │ gzip:   5.37 kB
public/build/assets/Index-DiHYL-p2.js                                   14.26 kB │ gzip:   5.85 kB
public/build/assets/task-detail-dialog-VD8Igb4c.js                      14.34 kB │ gzip:   4.80 kB
public/build/assets/my-tasks-Dj5UWenq.js                                14.35 kB │ gzip:   5.61 kB
public/build/assets/show-DFtOH3rX.js                                    14.36 kB │ gzip:   5.56 kB
public/build/assets/index-DvuYKD3x.js                                   14.37 kB │ gzip:   5.96 kB
public/build/assets/playback-fdh_GmMx.js                                14.39 kB │ gzip:   5.65 kB
public/build/assets/matrix-BGqkAot7.js                                  14.47 kB │ gzip:   5.80 kB
public/build/assets/mar-BfYTehOt.js                                     14.48 kB │ gzip:   3.92 kB
public/build/assets/Show-DAc4WlUs.js                                    14.49 kB │ gzip:   5.73 kB
public/build/assets/Show-DsaQYnjM.js                                    14.54 kB │ gzip:   5.54 kB
public/build/assets/reports-HvvevR-u.js                                 14.55 kB │ gzip:   5.01 kB
public/build/assets/show-a6mQenjl.js                                    14.55 kB │ gzip:   5.33 kB
public/build/assets/Create-DWt0Ktl1.js                                  14.57 kB │ gzip:   4.78 kB
public/build/assets/index-Bj0FPD1T.js                                   14.58 kB │ gzip:   5.88 kB
public/build/assets/Show-D8wCDsp2.js                                    14.59 kB │ gzip:   5.46 kB
public/build/assets/Show-DW_B4PxB.js                                    14.61 kB │ gzip:   4.85 kB
public/build/assets/_commercial-B-IMzQcj.js                             14.62 kB │ gzip:   5.37 kB
public/build/assets/sso-groups-6RFkJ0xw.js                              14.68 kB │ gzip:   5.44 kB
public/build/assets/edit-DmdmcSXx.js                                    14.68 kB │ gzip:   5.72 kB
public/build/assets/portal-users-DI00aRwr.js                            14.69 kB │ gzip:   6.08 kB
public/build/assets/index-lhQ1ILQY.js                                   14.70 kB │ gzip:   1.78 kB
public/build/assets/record-evidence-dialog-yRNsbNRF.js                  14.75 kB │ gzip:   5.97 kB
public/build/assets/_dialogs-ATRIchI6.js                                14.75 kB │ gzip:   5.61 kB
public/build/assets/index-WcRAawR8.js                                   14.78 kB │ gzip:   6.05 kB
public/build/assets/custom-fields-DDwO9jLQ.js                           14.81 kB │ gzip:   5.99 kB
public/build/assets/index-BoXfOK8q.js                                   14.85 kB │ gzip:   6.01 kB
public/build/assets/Index-tl8oqlGM.js                                   14.89 kB │ gzip:   4.99 kB
public/build/assets/Index-DYcG4Ic6.js                                   14.89 kB │ gzip:   5.42 kB
public/build/assets/create-Bqo4pgpO.js                                  14.91 kB │ gzip:   5.43 kB
public/build/assets/Roles-c44c6oaU.js                                   14.99 kB │ gzip:   4.67 kB
public/build/assets/edit-C_4fltR8.js                                    14.99 kB │ gzip:   5.92 kB
public/build/assets/show-DK-Lm9Mb.js                                    15.02 kB │ gzip:   6.08 kB
public/build/assets/Show-Cb2UexWt.js                                    15.07 kB │ gzip:   5.84 kB
public/build/assets/staff-detail-DmS-Wl63.js                            15.18 kB │ gzip:   5.76 kB
public/build/assets/command-centre-hero-DZg0Jp0y.js                     15.18 kB │ gzip:   6.16 kB
public/build/assets/bonuses-jJNdOVim.js                                 15.24 kB │ gzip:   6.17 kB
public/build/assets/overview-BDGAkcFa.js                                15.26 kB │ gzip:   5.52 kB
public/build/assets/reports-D3oboDK0.js                                 15.29 kB │ gzip:   5.82 kB
public/build/assets/ProfitAndLoss-Bfor9HZm.js                           15.31 kB │ gzip:   5.63 kB
public/build/assets/payslips-DZNE_vAH.js                                15.32 kB │ gzip:   5.52 kB
public/build/assets/terms-BzvZLvB8.js                                   15.36 kB │ gzip:   4.45 kB
public/build/assets/profile-BcKQFdSZ.js                                 15.39 kB │ gzip:   5.48 kB
public/build/assets/contact-BZV1KK5p.js                                 15.42 kB │ gzip:   4.92 kB
public/build/assets/Index-CYuW9QvO.js                                   15.44 kB │ gzip:   6.35 kB
public/build/assets/webhooks-DDAkpSYC.js                                15.45 kB │ gzip:   5.27 kB
public/build/assets/record-event-dialog-BafQE064.js                     15.54 kB │ gzip:   5.96 kB
public/build/assets/review-detail-Dm8tb4-B.js                           15.55 kB │ gzip:   6.18 kB
public/build/assets/Index-3hOdMppG.js                                   15.55 kB │ gzip:   6.33 kB
public/build/assets/maintenance-health-DR9I4f9V.js                      15.58 kB │ gzip:   6.13 kB
public/build/assets/index-BKmiWMKh.js                                   15.58 kB │ gzip:   6.47 kB
public/build/assets/shift-detail-dialog-Bj-5Im1F.js                     15.63 kB │ gzip:   6.05 kB
public/build/assets/daily-note-wizard-N1oKqJ0q.js                       15.63 kB │ gzip:   4.78 kB
public/build/assets/audit-Cd78Hwrs.js                                   15.64 kB │ gzip:   5.79 kB
public/build/assets/Index-quH98x98.js                                   15.64 kB │ gzip:   5.82 kB
public/build/assets/Show-Bp_HDP75.js                                    15.79 kB │ gzip:   5.52 kB
public/build/assets/Show-fWPEF8y1.js                                    15.81 kB │ gzip:   5.80 kB
public/build/assets/index-Ckh1wtqJ.js                                   15.83 kB │ gzip:   6.30 kB
public/build/assets/appearance-Bpw6xPat.js                              15.87 kB │ gzip:   4.84 kB
public/build/assets/my-hr-shoutout-spotlight-BrRCYnKv.js                15.87 kB │ gzip:   5.91 kB
public/build/assets/Index-Wiw-8OzS.js                                   15.88 kB │ gzip:   6.01 kB
public/build/assets/Index-D4nqF3Hr.js                                   15.89 kB │ gzip:   5.05 kB
public/build/assets/Index-Do0vnA9z.js                                   15.90 kB │ gzip:   6.67 kB
public/build/assets/Index-DvvyD8AZ.js                                   15.90 kB │ gzip:   5.89 kB
public/build/assets/matrix-BF86af8m.js                                  15.92 kB │ gzip:   6.17 kB
public/build/assets/incidents-BC0x8sM0.js                               15.92 kB │ gzip:   5.87 kB
public/build/assets/Index-BGNynr6y.js                                   16.01 kB │ gzip:   6.18 kB
public/build/assets/breaches-DnMgxt8i.js                                16.02 kB │ gzip:   5.59 kB
public/build/assets/Assessments-q2IpumZ_.js                             16.05 kB │ gzip:   6.28 kB
public/build/assets/record-dose-wizard-BQGa5mPW.js                      16.05 kB │ gzip:   5.37 kB
public/build/assets/RunResults-liQHig7L.js                              16.07 kB │ gzip:   6.02 kB
public/build/assets/Settings-3NfTK6PQ.js                                16.15 kB │ gzip:   6.05 kB
public/build/assets/show-B2SnAPFP.js                                    16.16 kB │ gzip:   5.46 kB
public/build/assets/policy-wizards-C4T0c-du.js                          16.17 kB │ gzip:   5.56 kB
public/build/assets/notification-defaults-FeGt4NRY.js                   16.20 kB │ gzip:   5.74 kB
public/build/assets/Calendar-D0NYuTOB.js                                16.22 kB │ gzip:   5.47 kB
public/build/assets/location-D3KaNKiS.js                                16.33 kB │ gzip:   5.86 kB
public/build/assets/risk-management-C6K_MFXh.js                         16.35 kB │ gzip:   6.26 kB
public/build/assets/observations-DUSav8z-.js                            16.37 kB │ gzip:   6.05 kB
public/build/assets/index-G7WaE931.js                                   16.38 kB │ gzip:   6.41 kB
public/build/assets/record-abc-dialog-9JBTNQeR.js                       16.39 kB │ gzip:   5.80 kB
public/build/assets/Show-QOXTty7O.js                                    16.42 kB │ gzip:   5.76 kB
public/build/assets/Create-BXGewLYB.js                                  16.48 kB │ gzip:   6.19 kB
public/build/assets/Show-DXEAjp9s.js                                    16.48 kB │ gzip:   5.66 kB
public/build/assets/api-CmOzZmqL.js                                     16.49 kB │ gzip:   4.99 kB
public/build/assets/Show-DUm87nNA.js                                    16.50 kB │ gzip:   5.81 kB
public/build/assets/Protocols-BKVLdO1V.js                               16.52 kB │ gzip:   6.08 kB
public/build/assets/leave-C8JyMZw1.js                                   16.56 kB │ gzip:   6.94 kB
public/build/assets/documents-Bcwb6BMn.js                               16.59 kB │ gzip:   6.56 kB
public/build/assets/Index-CbAxtTM0.js                                   16.62 kB │ gzip:   6.50 kB
public/build/assets/cost-allocation-C6m763kn.js                         16.67 kB │ gzip:   5.94 kB
public/build/assets/index-Bih0-2g8.js                                   16.69 kB │ gzip:   6.51 kB
public/build/assets/edit-VF9dIX4O.js                                    16.71 kB │ gzip:   6.16 kB
public/build/assets/family-notes-Bd5qOqot.js                            16.72 kB │ gzip:   6.19 kB
public/build/assets/Create-DtvdCb6N.js                                  16.75 kB │ gzip:   6.44 kB
public/build/assets/Index-CWBAOvAT.js                                   16.76 kB │ gzip:   6.03 kB
public/build/assets/Show-B-Us9KdW.js                                    16.81 kB │ gzip:   5.20 kB
public/build/assets/create-CVynkGi-.js                                  16.81 kB │ gzip:   5.86 kB
public/build/assets/charts-Bu2dzulQ.js                                  16.83 kB │ gzip:   5.55 kB
public/build/assets/Show-E_UsqHNo.js                                    16.84 kB │ gzip:   5.95 kB
public/build/assets/maintenance-Bmf5B5Ix.js                             16.89 kB │ gzip:   6.31 kB
public/build/assets/note-detail-dialog-BDRi8QOT.js                      16.91 kB │ gzip:   5.80 kB
public/build/assets/Index-D4jRqRY2.js                                   16.97 kB │ gzip:   6.84 kB
public/build/assets/Index-Cz7URvN7.js                                   17.05 kB │ gzip:   6.74 kB
public/build/assets/Index-CHBc6VPK.js                                   17.08 kB │ gzip:   6.66 kB
public/build/assets/Index-Cn2_bDDp.js                                   17.17 kB │ gzip:   6.19 kB
public/build/assets/Show-eXj0gisf.js                                    17.20 kB │ gzip:   6.53 kB
public/build/assets/index-Cq0wlSQW.js                                   17.21 kB │ gzip:   5.75 kB
public/build/assets/Index-DWhJuguj.js                                   17.29 kB │ gzip:   6.58 kB
public/build/assets/index-BmcEgh5m.js                                   17.29 kB │ gzip:   6.57 kB
public/build/assets/leave-hub-tabs-CyoEoYck.js                          17.30 kB │ gzip:   5.81 kB
public/build/assets/worklists-C5OKCc77.js                               17.31 kB │ gzip:   5.85 kB
public/build/assets/show-CFd-5GfB.js                                    17.31 kB │ gzip:   4.28 kB
public/build/assets/Create-D4jFycZN.js                                  17.36 kB │ gzip:   6.33 kB
public/build/assets/week-picker-Dh9p_ign.js                             17.40 kB │ gzip:   6.73 kB
public/build/assets/_dialogs-BQTU-grG.js                                17.44 kB │ gzip:   5.55 kB
public/build/assets/edit-C1X_Itpd.js                                    17.47 kB │ gzip:   6.30 kB
public/build/assets/show-BbnNWuwI.js                                    17.49 kB │ gzip:   6.22 kB
public/build/assets/view-timesheet-dialog-CQ5RZKuL.js                   17.49 kB │ gzip:   4.84 kB
public/build/assets/handover-detail-dialog-D-QG8XXc.js                  17.50 kB │ gzip:   5.94 kB
public/build/assets/index-CtE21_kj.js                                   17.50 kB │ gzip:   6.74 kB
public/build/assets/security-HB2n3xHp.js                                17.57 kB │ gzip:   6.04 kB
public/build/assets/Index-CI4gTppS.js                                   17.60 kB │ gzip:   6.62 kB
public/build/assets/reports-BeNQRxYj.js                                 17.61 kB │ gzip:   6.16 kB
public/build/assets/show-CzSBbN7c.js                                    17.62 kB │ gzip:   6.46 kB
public/build/assets/show-2VGEH9eO.js                                    17.63 kB │ gzip:   6.41 kB
public/build/assets/_overview-dialogs-DrFCZU91.js                       17.65 kB │ gzip:   5.35 kB
public/build/assets/health-clinical-shell-DCa_H26m.js                   17.73 kB │ gzip:   7.02 kB
public/build/assets/payslip-detail-BO97dTxs.js                          17.84 kB │ gzip:   5.92 kB
public/build/assets/Edit-CKkrtx6-.js                                    17.86 kB │ gzip:   6.81 kB
public/build/assets/dashboard-Cs45cTTI.js                               17.88 kB │ gzip:   6.79 kB
public/build/assets/index-DBTIRbLQ.js                                   17.89 kB │ gzip:   7.03 kB
public/build/assets/substance-wizard-dialog-BDn5dyig.js                 17.90 kB │ gzip:   6.30 kB
public/build/assets/Show-CyPSzamE.js                                    18.00 kB │ gzip:   5.75 kB
public/build/assets/Edit-DzHUtsPy.js                                    18.01 kB │ gzip:   6.59 kB
public/build/assets/index-Btv0s268.js                                   18.07 kB │ gzip:   2.18 kB
public/build/assets/index-D4DeE9Q6.js                                   18.08 kB │ gzip:   4.73 kB
public/build/assets/index-D3xJFn6I.js                                   18.12 kB │ gzip:   6.38 kB
public/build/assets/shift-coverage--PfuFbcX.js                          18.14 kB │ gzip:   6.41 kB
public/build/assets/Index-CeE-B4vq.js                                   18.14 kB │ gzip:   6.93 kB
public/build/assets/book-vehicle-wizard-Dnav4UbV.js                     18.17 kB │ gzip:   5.49 kB
public/build/assets/daily-notes-BbR7uYA1.js                             18.21 kB │ gzip:   6.72 kB
public/build/assets/schedule-D4t5cVZU.js                                18.22 kB │ gzip:   6.21 kB
public/build/assets/index-D9pfpVmO.js                                   18.31 kB │ gzip:   7.07 kB
public/build/assets/directory-Z0rQXfWC.js                               18.31 kB │ gzip:   6.17 kB
public/build/assets/Index-CkrptO3o.js                                   18.34 kB │ gzip:   7.23 kB
public/build/assets/show-B5kme2Bk.js                                    18.35 kB │ gzip:   6.67 kB
public/build/assets/chains-BmHpqSFi.js                                  18.39 kB │ gzip:   6.45 kB
public/build/assets/BudgetVsActuals-DjSEVnNX.js                         18.41 kB │ gzip:   6.40 kB
public/build/assets/announcement-wizard-fgyhjRMJ.js                     18.46 kB │ gzip:   6.36 kB
public/build/assets/show-review-D-7FK9sc.js                             18.49 kB │ gzip:   6.65 kB
public/build/assets/show-79YuyLBO.js                                    18.51 kB │ gzip:   6.50 kB
public/build/assets/audit-logs-CeLKQR1a.js                              18.53 kB │ gzip:   6.99 kB
public/build/assets/Edit-BIUGdqYv.js                                    18.56 kB │ gzip:   6.96 kB
public/build/assets/Show-CRLGlfci.js                                    18.62 kB │ gzip:   5.81 kB
public/build/assets/ppe-detail-dialog-eQtWZc1Q.js                       18.80 kB │ gzip:   6.40 kB
public/build/assets/integrations-BiBvNBil.js                            18.85 kB │ gzip:   6.49 kB
public/build/assets/show-DriuH3LO.js                                    18.86 kB │ gzip:   6.94 kB
public/build/assets/_recipes-panel-S42I-OYo.js                          18.90 kB │ gzip:   6.00 kB
public/build/assets/edit-CbU4Hkr6.js                                    18.90 kB │ gzip:   6.72 kB
public/build/assets/two-factor-Dl-Nv--n.js                              18.91 kB │ gzip:   7.02 kB
public/build/assets/goals-B8Uus8dQ.js                                   18.92 kB │ gzip:   6.55 kB
public/build/assets/index-Dm8j_-Yu.js                                   18.98 kB │ gzip:   7.34 kB
public/build/assets/index-4AKIjbmU.js                                   18.99 kB │ gzip:   6.48 kB
public/build/assets/escalations-Cy-_qT3n.js                             19.11 kB │ gzip:   7.96 kB
public/build/assets/calendar-sync-BY8-GxnG.js                           19.14 kB │ gzip:   7.23 kB
public/build/assets/index-D55EL7Tp.js                                   19.16 kB │ gzip:   7.29 kB
public/build/assets/show-BNxrVswX.js                                    19.22 kB │ gzip:   6.61 kB
public/build/assets/Edit-CLx5qcJn.js                                    19.24 kB │ gzip:   7.19 kB
public/build/assets/Shifts-B5WtQjhR.js                                  19.26 kB │ gzip:   6.97 kB
public/build/assets/Show-CUMJR--X.js                                    19.30 kB │ gzip:   6.82 kB
public/build/assets/training-C2728ewR.js                                19.33 kB │ gzip:   6.39 kB
public/build/assets/show-CUuAiOVA.js                                    19.39 kB │ gzip:   7.30 kB
public/build/assets/Behaviour-BSOdYFK_.js                               19.47 kB │ gzip:   6.80 kB
public/build/assets/index-VCdj2VgV.js                                   19.52 kB │ gzip:   7.59 kB
public/build/assets/_templates-panel-DJ01lNMu.js                        19.54 kB │ gzip:   6.00 kB
public/build/assets/CashFlow-ClRQ4Phj.js                                19.56 kB │ gzip:   6.94 kB
public/build/assets/index-B3Fsp_ka.js                                   19.61 kB │ gzip:   7.25 kB
public/build/assets/Create-Q0QT0G80.js                                  19.65 kB │ gzip:   7.21 kB
public/build/assets/Index-BCjfxAIz.js                                   19.71 kB │ gzip:   6.83 kB
public/build/assets/edit-D3bFIPkG.js                                    19.79 kB │ gzip:   7.34 kB
public/build/assets/broadcast-Cqd_m4AH.js                               19.87 kB │ gzip:   7.64 kB
public/build/assets/dashboard-Bd1Wz329.js                               19.90 kB │ gzip:   7.35 kB
public/build/assets/index-PFRCsE3N.js                                   19.96 kB │ gzip:   7.19 kB
public/build/assets/stats-BkCi259f.js                                   19.97 kB │ gzip:   6.33 kB
public/build/assets/features-BZ-VRmHC.js                                19.98 kB │ gzip:   5.23 kB
public/build/assets/index-DflLN9J3.js                                   20.01 kB │ gzip:   6.93 kB
public/build/assets/Create-CjAeE0yr.js                                  20.03 kB │ gzip:   6.94 kB
public/build/assets/show-C_pSSIwc.js                                    20.12 kB │ gzip:   7.39 kB
public/build/assets/medications-sHsOQRzw.js                             20.21 kB │ gzip:   7.05 kB
public/build/assets/shifts-Ck_45Z4F.js                                  20.22 kB │ gzip:   6.62 kB
public/build/assets/Index-BpGbOa_W.js                                   20.28 kB │ gzip:   7.40 kB
public/build/assets/calendar-CPrvcehL.js                                20.37 kB │ gzip:   6.62 kB
public/build/assets/Index-LTFS4OHY.js                                   20.45 kB │ gzip:   7.83 kB
public/build/assets/Show-zzVqDp6W.js                                    20.46 kB │ gzip:   7.39 kB
public/build/assets/note-wizard-CQPMOXWz.js                             20.54 kB │ gzip:   6.60 kB
public/build/assets/show-C5n6cEeG.js                                    20.57 kB │ gzip:   6.94 kB
public/build/assets/_library-dialogs-DleQjNNW.js                        20.59 kB │ gzip:   5.61 kB
public/build/assets/history-D5_Kj3NG.js                                 20.59 kB │ gzip:   7.12 kB
public/build/assets/index-oU0SQjYN.js                                   20.65 kB │ gzip:   8.43 kB
public/build/assets/Index-smH2Jneh.js                                   20.67 kB │ gzip:   8.56 kB
public/build/assets/Edit-BbXcjDLz.js                                    20.67 kB │ gzip:   7.65 kB
public/build/assets/_error-dialogs-Bn8_5V9W.js                          20.68 kB │ gzip:   7.30 kB
public/build/assets/index-iImIWHZ_.js                                   20.70 kB │ gzip:   7.53 kB
public/build/assets/map-C8_qlYIj.js                                     20.71 kB │ gzip:   6.44 kB
public/build/assets/create-DftCWQ0A.js                                  20.82 kB │ gzip:   6.96 kB
public/build/assets/shift-notes-dialog-BZzJr94K.js                      20.84 kB │ gzip:   7.80 kB
public/build/assets/balances-Cwysh0wQ.js                                20.85 kB │ gzip:   8.37 kB
public/build/assets/show-BcGaWPFl.js                                    20.92 kB │ gzip:   7.35 kB
public/build/assets/show-CdRMiatE.js                                    20.96 kB │ gzip:   7.62 kB
public/build/assets/record-observation-dialog-CpawoMnb.js               20.96 kB │ gzip:   8.10 kB
public/build/assets/create-B6-gsq3w.js                                  21.06 kB │ gzip:   6.06 kB
public/build/assets/Index-D0TpQ5O-.js                                   21.07 kB │ gzip:   8.07 kB
public/build/assets/add-device-dialog-BqupwyAT.js                       21.12 kB │ gzip:   7.34 kB
public/build/assets/Index-DaHxzPFc.js                                   21.14 kB │ gzip:   7.77 kB
public/build/assets/index-Dn6QUS9a.js                                   21.21 kB │ gzip:   7.22 kB
public/build/assets/Reconcile-Bd4m4s1W.js                               21.35 kB │ gzip:   6.99 kB
public/build/assets/Events-vCkPsXc4.js                                  21.37 kB │ gzip:   7.83 kB
public/build/assets/index-DMaOTSjj.js                                   21.49 kB │ gzip:   7.87 kB
public/build/assets/create-31riwuw-.js                                  21.49 kB │ gzip:   8.55 kB
public/build/assets/calendar-B00_EWFp.js                                21.50 kB │ gzip:   6.69 kB
public/build/assets/edit-DQxak9p4.js                                    21.54 kB │ gzip:   7.19 kB
public/build/assets/Index-BbpfSt-4.js                                   21.59 kB │ gzip:   7.94 kB
public/build/assets/_dialogs-Bx6xH9rS.js                                21.64 kB │ gzip:   7.66 kB
public/build/assets/parts-10zN1C-o.js                                   21.65 kB │ gzip:   6.76 kB
public/build/assets/performance-wizards-Bj3RE61w.js                     21.79 kB │ gzip:   7.44 kB
public/build/assets/create-DgAr0E0V.js                                  21.83 kB │ gzip:   7.25 kB
public/build/assets/incidents-DxKyjO2D.js                               21.83 kB │ gzip:   8.18 kB
public/build/assets/review-builder-dialog-DN50Eson.js                   21.89 kB │ gzip:   7.70 kB
public/build/assets/show-C0_4SGCD.js                                    22.05 kB │ gzip:   7.22 kB
public/build/assets/ppe-create-wizards-CS7quEf5.js                      22.05 kB │ gzip:   7.37 kB
public/build/assets/Edit-CngG6_fk.js                                    22.15 kB │ gzip:   7.82 kB
public/build/assets/home-C92Qudbm.js                                    22.25 kB │ gzip:   5.38 kB
public/build/assets/payslips-0VSJK20d.js                                22.33 kB │ gzip:   6.62 kB
public/build/assets/Index-Cz9Y_HSg.js                                   22.37 kB │ gzip:   7.74 kB
public/build/assets/incidents-CYG62eon.js                               22.47 kB │ gzip:   8.35 kB
public/build/assets/notifications-DrpMT3YG.js                           22.70 kB │ gzip:   8.10 kB
public/build/assets/Show-C10M9X6r.js                                    22.74 kB │ gzip:   7.76 kB
public/build/assets/_review-dialogs-DnGiSSRH.js                         22.77 kB │ gzip:   7.32 kB
public/build/assets/index-B0yLefNM.js                                   22.92 kB │ gzip:   7.93 kB
public/build/assets/Index-Byw7tmZU.js                                   22.92 kB │ gzip:   7.58 kB
public/build/assets/personal-details-C5DmAekK.js                        22.99 kB │ gzip:   7.96 kB
public/build/assets/unifi-DP9HHSUo.js                                   23.03 kB │ gzip:   6.96 kB
public/build/assets/show-D5vchkxi.js                                    23.06 kB │ gzip:   7.48 kB
public/build/assets/_competency-dialogs-BcUTJAL8.js                     23.20 kB │ gzip:   7.76 kB
public/build/assets/resident-sidebar-DLfsR6Og.js                        23.21 kB │ gzip:   8.33 kB
public/build/assets/show-DP9PEJpj.js                                    23.38 kB │ gzip:   7.27 kB
public/build/assets/one-BwUwyMTt.js                                     23.68 kB │ gzip:   8.16 kB
public/build/assets/Create-vCPWDglO.js                                  23.84 kB │ gzip:   7.77 kB
public/build/assets/analytics-charts-D1q9QUCs.js                        24.03 kB │ gzip:   6.47 kB
public/build/assets/Create-BK6J3yiR.js                                  24.06 kB │ gzip:   8.66 kB
public/build/assets/page-hero-DkFMiEnh.js                               24.23 kB │ gzip:   7.29 kB
public/build/assets/mar-governance-dialogs-bD44M4Rz.js                  24.32 kB │ gzip:   7.56 kB
public/build/assets/Index-DVdHqjed.js                                   24.36 kB │ gzip:   9.54 kB
public/build/assets/automations-B2V5SU5d.js                             24.44 kB │ gzip:   7.47 kB
public/build/assets/Index-BDgzeyYU.js                                   24.57 kB │ gzip:   9.31 kB
public/build/assets/Index-Wxxksa1m.js                                   24.58 kB │ gzip:   8.57 kB
public/build/assets/index-CgEadDr0.js                                   24.67 kB │ gzip:   8.01 kB
public/build/assets/restraint-event-wizard-BuVCDhlX.js                  24.76 kB │ gzip:   8.04 kB
public/build/assets/Medications-BIR_eOky.js                             24.85 kB │ gzip:   9.01 kB
public/build/assets/Index-BxK8i8NE.js                                   25.02 kB │ gzip:   7.72 kB
public/build/assets/sso-BCwzSDYO.js                                     25.10 kB │ gzip:   7.79 kB
public/build/assets/index-DjgzOW-j.js                                   25.13 kB │ gzip:   9.49 kB
public/build/assets/index-Dc1vymzz.js                                   25.13 kB │ gzip:   8.75 kB
public/build/assets/objective-wizard-BzFjgGot.js                        25.18 kB │ gzip:   7.13 kB
public/build/assets/Show-BqHaJc8C.js                                    25.19 kB │ gzip:   8.41 kB
public/build/assets/it-mailbox-CLb8OBWT.js                              25.25 kB │ gzip:   8.55 kB
public/build/assets/Reviews-COAGcMdc.js                                 25.46 kB │ gzip:   8.59 kB
public/build/assets/milesight-BHWnfXSF.js                               25.49 kB │ gzip:   8.34 kB
public/build/assets/create-offer-C-AyTa4Q.js                            25.53 kB │ gzip:   8.65 kB
public/build/assets/dashboard-BsUS-abd.js                               25.65 kB │ gzip:   7.88 kB
public/build/assets/index-C0_iaCFR.js                                   25.96 kB │ gzip:   8.85 kB
public/build/assets/show-96jV-RXE.js                                    26.03 kB │ gzip:   8.84 kB
public/build/assets/create-DmOqwkVt.js                                  26.09 kB │ gzip:   7.19 kB
public/build/assets/show-BYaNI4iE.js                                    26.13 kB │ gzip:   7.50 kB
public/build/assets/vendor-utils-Dr6D9L7d.js                            26.13 kB │ gzip:   8.47 kB
public/build/assets/record-assessment-dialog-CRZFkfTR.js                26.21 kB │ gzip:   9.51 kB
public/build/assets/documents-wizards-DrtnP_5E.js                       26.26 kB │ gzip:   9.25 kB
public/build/assets/_dialogs-DxT3scKP.js                                26.35 kB │ gzip:   8.34 kB
public/build/assets/transport-medication-dialogs-mlNj-mhp.js            26.38 kB │ gzip:   6.09 kB
public/build/assets/Handovers-T28zRQ7N.js                               26.39 kB │ gzip:  10.29 kB
public/build/assets/Show-CoeajFNs.js                                    26.45 kB │ gzip:   9.35 kB
public/build/assets/_dialogs-CqH1egfo.js                                26.58 kB │ gzip:   8.57 kB
public/build/assets/index-BFt0sVxS.js                                   26.72 kB │ gzip:   9.51 kB
public/build/assets/show-DSwb7y25.js                                    26.76 kB │ gzip:   8.90 kB
public/build/assets/index-CVk7mUJY.js                                   27.00 kB │ gzip:   9.33 kB
public/build/assets/SelfAdmin-BuMtGsv1.js                               27.02 kB │ gzip:   8.94 kB
public/build/assets/leave-request-dialog-D9nHSMl8.js                    27.28 kB │ gzip:   9.07 kB
public/build/assets/show-DjGi-lFK.js                                    27.29 kB │ gzip:   9.61 kB
public/build/assets/dashboard-DmdoqsSo.js                               27.35 kB │ gzip:   7.60 kB
public/build/assets/index-8bN94PTt.js                                   27.41 kB │ gzip:   9.61 kB
public/build/assets/provisioning-command-dialog-Dq6YJa4u.js             27.45 kB │ gzip:  10.65 kB
public/build/assets/Index-CEXP983B.js                                   27.47 kB │ gzip:   9.57 kB
public/build/assets/edit-CIALDyxc.js                                    27.51 kB │ gzip:   9.14 kB
public/build/assets/care-support-plan-Dw7CgHZe.js                       27.67 kB │ gzip:   9.14 kB
public/build/assets/Index-DEt88KIK.js                                   27.72 kB │ gzip:  10.26 kB
public/build/assets/index-Uab8ifYz.js                                   27.81 kB │ gzip:   8.99 kB
public/build/assets/asset-wizard-dialog-BJBysBdo.js                     27.83 kB │ gzip:   9.19 kB
public/build/assets/index-B9I8e4S2.js                                   27.85 kB │ gzip:   9.32 kB
public/build/assets/Show-CwnPUAlD.js                                    28.00 kB │ gzip:   9.27 kB
public/build/assets/show-BIe9RdaP.js                                    28.01 kB │ gzip:   9.81 kB
public/build/assets/smart-monitoring-nQUznPaQ.js                        28.05 kB │ gzip:   6.49 kB
public/build/assets/index-CODqarsH.js                                   28.15 kB │ gzip:   9.02 kB
public/build/assets/show-BcTrghFR.js                                    28.36 kB │ gzip:   8.38 kB
public/build/assets/index-BOXGWAbm.js                                   28.37 kB │ gzip:   8.49 kB
public/build/assets/show-D1WV3cTJ.js                                    28.40 kB │ gzip:  10.16 kB
public/build/assets/Show-B8mcJT35.js                                    28.68 kB │ gzip:   8.97 kB
public/build/assets/Create-5H4sxetJ.js                                  28.70 kB │ gzip:  10.00 kB
public/build/assets/_self-admin-dialogs-BrMh-HuV.js                     28.81 kB │ gzip:   9.50 kB
public/build/assets/guided-round-dialog-BsgOOuYJ.js                     29.15 kB │ gzip:   9.60 kB
public/build/assets/templates-DkLRDbG0.js                               29.20 kB │ gzip:  10.36 kB
public/build/assets/Show-CBn68qFV.js                                    29.22 kB │ gzip:   8.28 kB
public/build/assets/documents-Bjfc6Hnw.js                               29.30 kB │ gzip:   9.08 kB
public/build/assets/Create-DpFM5Ytk.js                                  29.39 kB │ gzip:   8.99 kB
public/build/assets/index-oSQiscm9.js                                   29.48 kB │ gzip:   9.62 kB
public/build/assets/show-DLtOHyh1.js                                    29.89 kB │ gzip:   9.66 kB
public/build/assets/_dialogs-DSCwshRv.js                                30.04 kB │ gzip:  10.01 kB
public/build/assets/run-modal-b9ggXVjW.js                               30.05 kB │ gzip:  10.27 kB
public/build/assets/Show-DgCoI7_J.js                                    30.09 kB │ gzip:  10.09 kB
public/build/assets/page-header-DNZ_DVCl.js                             30.13 kB │ gzip:   9.17 kB
public/build/assets/Competency-B8HaQWgH.js                              30.17 kB │ gzip:  10.12 kB
public/build/assets/procedure-detail-dialog-DYdEToLu.js                 30.20 kB │ gzip:   9.63 kB
public/build/assets/_dialogs-DWQYLb3O.js                                30.39 kB │ gzip:   9.19 kB
public/build/assets/MedicationErrors-ur4ElyS5.js                        30.46 kB │ gzip:  11.06 kB
public/build/assets/access-SfKTI5is.js                                  30.67 kB │ gzip:  10.04 kB
public/build/assets/index-C-itevXN.js                                   30.93 kB │ gzip:  10.57 kB
public/build/assets/_hero-PO1l65_M.js                                   30.97 kB │ gzip:   9.79 kB
public/build/assets/_shopping-list-panel-Ctoy9Mi_.js                    31.35 kB │ gzip:  11.01 kB
public/build/assets/notification-escalations-D2zLQ31w.js                31.74 kB │ gzip:   9.87 kB
public/build/assets/email-settings-B97z51IR.js                          31.83 kB │ gzip:  10.15 kB
public/build/assets/_dialogs-CnTvc3XD.js                                31.87 kB │ gzip:   9.50 kB
public/build/assets/_stock-dialogs-Cd7umA7B.js                          31.91 kB │ gzip:   9.55 kB
public/build/assets/access-kf-DvA16.js                                  32.14 kB │ gzip:  11.43 kB
public/build/assets/index-B3LyXZI0.js                                   32.60 kB │ gzip:  11.82 kB
public/build/assets/index-Dg0LwaXG.js                                   32.82 kB │ gzip:  12.67 kB
public/build/assets/index-CE3Dct3t.js                                   33.20 kB │ gzip:  11.42 kB
public/build/assets/_dialogs-Cz1tg-I7.js                                33.24 kB │ gzip:  10.69 kB
public/build/assets/index-C7F_JwPG.js                                   33.69 kB │ gzip:  11.49 kB
public/build/assets/index-BJJZWKMO.js                                   34.02 kB │ gzip:  12.09 kB
public/build/assets/show-C4s5afzP.js                                    34.37 kB │ gzip:  10.49 kB
public/build/assets/Destructions-DSge7pmG.js                            34.38 kB │ gzip:  12.28 kB
public/build/assets/medical-CCSycPdK.js                                 34.45 kB │ gzip:   7.72 kB
public/build/assets/index-cTJifNQF.js                                   34.76 kB │ gzip:  11.76 kB
public/build/assets/Index-BYNcdoVl.js                                   34.87 kB │ gzip:  11.39 kB
public/build/assets/_prescription-dialogs-Bo4tmLhD.js                   35.13 kB │ gzip:   9.94 kB
public/build/assets/documents-B1B4YijP.js                               35.20 kB │ gzip:  11.32 kB
public/build/assets/_cd-dialogs-Ef9Vf8PJ.js                             35.36 kB │ gzip:   9.45 kB
public/build/assets/index-DI-QhcUI.js                                   35.44 kB │ gzip:  12.26 kB
public/build/assets/index-DHmQlMAZ.js                                   36.13 kB │ gzip:  11.58 kB
public/build/assets/messages-B4b_LTs9.js                                36.19 kB │ gzip:  11.70 kB
public/build/assets/reviews-CfqF-Ytw.js                                 36.47 kB │ gzip:  11.44 kB
public/build/assets/handover-Uwv8cHpJ.js                                36.93 kB │ gzip:  11.66 kB
public/build/assets/Create-tWohjBL_.js                                  36.94 kB │ gzip:  11.93 kB
public/build/assets/index-D42SJkYO.js                                   37.25 kB │ gzip:  11.55 kB
public/build/assets/index-C4iQhnuN.js                                   37.37 kB │ gzip:  12.04 kB
public/build/assets/documents-DCmD5RVP.js                               37.66 kB │ gzip:  12.45 kB
public/build/assets/index-Db-JlXwq.js                                   37.75 kB │ gzip:  14.42 kB
public/build/assets/Show-CThvSP0h.js                                    37.93 kB │ gzip:  12.47 kB
public/build/assets/_inspector-BdNRGc7L.js                              37.94 kB │ gzip:  11.54 kB
public/build/assets/global-d6fYwyMR.js                                  38.08 kB │ gzip:  12.74 kB
public/build/assets/Reports-BIZYpxkn.js                                 38.14 kB │ gzip:  12.77 kB
public/build/assets/hazard-register-rz9bFxMc.js                         38.49 kB │ gzip:  12.71 kB
public/build/assets/Show-NncKuoXe.js                                    39.06 kB │ gzip:  11.24 kB
public/build/assets/index-B3bvnu0S.js                                   39.21 kB │ gzip:  12.91 kB
public/build/assets/index-st-rqQYV.js                                   39.59 kB │ gzip:  12.93 kB
public/build/assets/index-BjwK7AR2.js                                   40.46 kB │ gzip:  13.95 kB
public/build/assets/index-DwDP0vZc.js                                   40.47 kB │ gzip:  14.56 kB
public/build/assets/index-CkP9Yrgy.js                                   40.52 kB │ gzip:  13.21 kB
public/build/assets/case-wizards-CR2r1z4_.js                            40.74 kB │ gzip:  11.63 kB
public/build/assets/compliance-wizards-C3ErDXnn.js                      40.85 kB │ gzip:  12.73 kB
public/build/assets/index-__1dTHnt.js                                   40.87 kB │ gzip:  14.20 kB
public/build/assets/index-De4Eo4FG.js                                   41.17 kB │ gzip:  13.98 kB
public/build/assets/bands-gsfgFgGD.js                                   41.29 kB │ gzip:  14.20 kB
public/build/assets/_dialogs-_wSt5-H_.js                                41.37 kB │ gzip:  12.04 kB
public/build/assets/Edit-zSo0syI0.js                                    41.39 kB │ gzip:  13.15 kB
public/build/assets/profile-D9NjQErm.js                                 41.48 kB │ gzip:  13.95 kB
public/build/assets/index-G4gUtKA3.js                                   41.66 kB │ gzip:  15.03 kB
public/build/assets/app-layout-BDAZPShE.js                              41.79 kB │ gzip:  13.11 kB
public/build/assets/discovery-i-Po5c99.js                               42.12 kB │ gzip:  12.79 kB
public/build/assets/show-DUdRf1-a.js                                    42.13 kB │ gzip:  13.37 kB
public/build/assets/index-Cqiciz42.js                                   42.32 kB │ gzip:  13.62 kB
public/build/assets/sso-config-CC6sUvZj.js                              42.36 kB │ gzip:  13.74 kB
public/build/assets/handover-wizard-C5smb8yy.js                         43.04 kB │ gzip:  13.62 kB
public/build/assets/core.esm-D5j4X1h1.js                                43.17 kB │ gzip:  14.39 kB
public/build/assets/service-contexts-CFSPWO1x.js                        43.26 kB │ gzip:  13.80 kB
public/build/assets/StockManagement-DZj64QU7.js                         43.42 kB │ gzip:  12.93 kB
public/build/assets/Dashboard-CSvfK_TF.js                               43.84 kB │ gzip:  10.69 kB
public/build/assets/show-C4gGwUZD.js                                    43.86 kB │ gzip:  14.78 kB
public/build/assets/show-VYh6Krot.js                                    43.87 kB │ gzip:  14.80 kB
public/build/assets/show-BpC0rAXQ.js                                    43.88 kB │ gzip:  12.96 kB
public/build/assets/Index-DTRuaP8t.js                                   43.89 kB │ gzip:  15.05 kB
public/build/assets/Dashboard-B6PY4gjE.js                               44.18 kB │ gzip:  15.43 kB
public/build/assets/branding-BW3kvFSB.js                                44.32 kB │ gzip:  13.79 kB
public/build/assets/_canvas-CRX0AjyT.js                                 44.48 kB │ gzip:  12.88 kB
public/build/assets/AuditLog-Bula4cR3.js                                44.89 kB │ gzip:  15.11 kB
public/build/assets/index-BJAeJcG3.js                                   45.13 kB │ gzip:  12.81 kB
public/build/assets/asset-wizards-CCQh_51u.js                           45.19 kB │ gzip:  13.11 kB
public/build/assets/MarCharts-CHYz9eM3.js                               45.25 kB │ gzip:  15.63 kB
public/build/assets/Prescriptions-Qya74_hk.js                           45.94 kB │ gzip:  13.90 kB
public/build/assets/incident-detail-dialog-DiVUWbSI.js                  47.33 kB │ gzip:  14.29 kB
public/build/assets/Rounds-DAq8aZBB.js                                  47.80 kB │ gzip:  14.98 kB
public/build/assets/drill-detail-dialog-DUYxjnnq.js                     47.88 kB │ gzip:  13.51 kB
public/build/assets/incident-report-dialog-Dnk5XX4G.js                  48.28 kB │ gzip:  15.87 kB
public/build/assets/index-BJEncsz1.js                                   48.56 kB │ gzip:  15.49 kB
public/build/assets/show-DFPrXvao.js                                    48.74 kB │ gzip:  16.55 kB
public/build/assets/index-DKUxw5dc.js                                   48.85 kB │ gzip:  14.99 kB
public/build/assets/create-shift-dialog-DYdSABG7.js                     49.10 kB │ gzip:  14.24 kB
public/build/assets/_wizard-CpxvpUmq.js                                 49.42 kB │ gzip:  15.33 kB
public/build/assets/welcome-CEDefeRY.js                                 50.21 kB │ gzip:   9.57 kB
public/build/assets/Show-9nHvahjE.js                                    50.57 kB │ gzip:  14.05 kB
public/build/assets/index-DkGW-vCZ.js                                   50.64 kB │ gzip:  15.88 kB
public/build/assets/index-CVWyONtq.js                                   51.41 kB │ gzip:  15.78 kB
public/build/assets/family-dashboard-DVH8V_0B.js                        51.53 kB │ gzip:  14.94 kB
public/build/assets/ra-wizard-dialog-BtBvxmdI.js                        51.97 kB │ gzip:  16.29 kB
public/build/assets/index-DZIYTtCN.js                                   52.46 kB │ gzip:  15.85 kB
public/build/assets/hazard-detail-dialog-C3XFWl5R.js                    52.62 kB │ gzip:  15.18 kB
public/build/assets/_parts-BEwjC5Yt.js                                  52.71 kB │ gzip:  17.07 kB
public/build/assets/settings-CfSj767p.js                                52.89 kB │ gzip:  15.37 kB
public/build/assets/CockpitLayout-B2d9YiKC.js                           54.75 kB │ gzip:  15.44 kB
public/build/assets/index-Br5M-pni.js                                   56.09 kB │ gzip:  18.95 kB
public/build/assets/device-profile-sections-CjlQ56Vh.js                 58.15 kB │ gzip:  16.93 kB
public/build/assets/dashboard-B15XjtfJ.js                               58.31 kB │ gzip:  16.78 kB
public/build/assets/show-CUgsnaT8.js                                    58.80 kB │ gzip:  20.06 kB
public/build/assets/Index-D36h9Qy8.js                                   59.54 kB │ gzip:  18.97 kB
public/build/assets/medical-rT0EZ_X0.js                                 59.79 kB │ gzip:  11.89 kB
public/build/assets/my-hr-shell-CYgCXktE.js                             59.82 kB │ gzip:  18.81 kB
public/build/assets/PrnRecords-C5raC_gB.js                              60.33 kB │ gzip:  18.52 kB
public/build/assets/conflicts-CdHrVXPH.js                               60.88 kB │ gzip:  19.63 kB
public/build/assets/settings-DrL4xdh3.js                                62.88 kB │ gzip:  17.04 kB
public/build/assets/index-C2HS1dr_.js                                   63.97 kB │ gzip:  19.19 kB
public/build/assets/dashboard-DhlX-8Qx.js                               64.06 kB │ gzip:  20.19 kB
public/build/assets/data-BzjF3Ifk.js                                    64.20 kB │ gzip:  13.82 kB
public/build/assets/monitoring-BYQqbf1V.js                              65.34 kB │ gzip:  19.37 kB
public/build/assets/ControlledDrugs-CejZTLB-.js                         65.39 kB │ gzip:  20.24 kB
public/build/assets/catalog-DL_ar350.js                                 66.31 kB │ gzip:  17.55 kB
public/build/assets/Show-CD9KVGMc.js                                    66.92 kB │ gzip:  19.18 kB
public/build/assets/show-CDUdxWZF.js                                    67.42 kB │ gzip:  14.93 kB
public/build/assets/show-D79lEuOM.js                                    68.22 kB │ gzip:  20.17 kB
public/build/assets/index-RJuo0oXT.js                                   68.62 kB │ gzip:  21.26 kB
public/build/assets/index-YwpoCKoQ.js                                   69.01 kB │ gzip:  21.73 kB
public/build/assets/analytics-E8XqFmJn.js                               70.21 kB │ gzip:  23.75 kB
public/build/assets/concern-dialog-Bh2WwvFv.js                          72.33 kB │ gzip:  20.08 kB
public/build/assets/legacy-profile-sections-D-Ef3HuU.js                 72.99 kB │ gzip:  19.50 kB
public/build/assets/show-zpv3RozR.js                                    73.87 kB │ gzip:  22.93 kB
public/build/assets/Show-D1vUfWXI.js                                    73.97 kB │ gzip:  19.32 kB
public/build/assets/SiteCalendar-qVhb0kEG.js                            76.92 kB │ gzip:  24.12 kB
public/build/assets/index-D5lPitsB.js                                   77.07 kB │ gzip:  22.40 kB
public/build/assets/_calendar-grid-CyjwFLSi.js                          77.48 kB │ gzip:  22.96 kB
public/build/assets/index-aTOI-CIV.js                                   77.86 kB │ gzip:  23.65 kB
public/build/assets/index-DehIqlQN.js                                   80.15 kB │ gzip:  23.17 kB
public/build/assets/index-QW339Rco.js                                   81.26 kB │ gzip:  24.31 kB
public/build/assets/_create-dialog-4LP01n_O.js                          81.96 kB │ gzip:  27.50 kB
public/build/assets/index-Bp-o_cWw.js                                   83.34 kB │ gzip:  27.05 kB
public/build/assets/staff-page-shell-B2v7HUnW.js                        83.76 kB │ gzip:  25.04 kB
public/build/assets/index-BDBvneE5.js                                   86.59 kB │ gzip:  24.81 kB
public/build/assets/index-DekJ4beY.js                                   88.36 kB │ gzip:  27.12 kB
public/build/assets/Index-BogN0EOC.js                                   88.46 kB │ gzip:  26.67 kB
public/build/assets/index-CU0iKfZt.js                                   94.53 kB │ gzip:  28.04 kB
public/build/assets/show-Bl9mgm7I.js                                    99.19 kB │ gzip:  25.83 kB
public/build/assets/ticket-intake-fields-BTppgofB.js                   102.61 kB │ gzip:  30.27 kB
public/build/assets/index-hKIVTvwL.js                                  103.05 kB │ gzip:  30.95 kB
public/build/assets/index-CzL8wet-.js                                  103.97 kB │ gzip:  31.55 kB
public/build/assets/index-DmL7-SZM.js                                  107.02 kB │ gzip:  31.27 kB
public/build/assets/queclink-hub-CYzSlVvO.js                           109.34 kB │ gzip:  33.49 kB
public/build/assets/index-DaqsF1bK.js                                  111.54 kB │ gzip:  30.39 kB
public/build/assets/it-wizards-t8MDgnRC.js                             111.65 kB │ gzip:  35.85 kB
public/build/assets/workspace-DcXhqMgx.js                              128.30 kB │ gzip:  38.70 kB
public/build/assets/ticket-reopen-dialog-xzRS9PYj.js                   144.31 kB │ gzip:  45.71 kB
public/build/assets/event-detail-dialog-CtysQ4mp.js                    148.01 kB │ gzip:  38.85 kB
public/build/assets/vendor-maps-CTUbLoeq.js                            149.92 kB │ gzip:  43.49 kB
public/build/assets/index-C5AXRBkJ.js                                  155.55 kB │ gzip:  42.41 kB
public/build/assets/index-CUo0yrh1.js                                  155.77 kB │ gzip:  45.21 kB
public/build/assets/alert-workspace-dialog-DDSYPFsq.js                 158.04 kB │ gzip:  44.31 kB
public/build/assets/index-DbcGqUEe.js                                  159.28 kB │ gzip:  45.00 kB
public/build/assets/knowledge-revision-dialog-BpbcHN4t.js              177.54 kB │ gzip:  49.72 kB
public/build/assets/index-BL8B8o53.js                                  189.04 kB │ gzip:  56.33 kB
public/build/assets/vendor-react-C99fm9h8.js                           193.87 kB │ gzip:  60.86 kB
public/build/assets/vendor-inertia-DPCroW5n.js                         195.03 kB │ gzip:  65.82 kB
public/build/assets/category-D_KwCuPK.js                               206.12 kB │ gzip:  51.77 kB
public/build/assets/index-CBzcQrfj.js                                  214.70 kB │ gzip:  68.24 kB
public/build/assets/vendor-calendar-NWT3TLWG.js                        267.92 kB │ gzip:  79.12 kB
public/build/assets/vendor-ui-DevAZT0p.js                              276.38 kB │ gzip:  76.70 kB
public/build/assets/show-Dae4-SGv.js                                   286.66 kB │ gzip:  80.45 kB
public/build/assets/index-Cz6_H7yQ.js                                  317.15 kB │ gzip:  88.05 kB
public/build/assets/show-ynttDeFV.js                                   318.28 kB │ gzip:  95.15 kB
public/build/assets/vendor-charts-DxVDTmNl.js                          398.57 kB │ gzip: 115.53 kB
public/build/assets/app-DCaHpf94.js                                    479.46 kB │ gzip:  79.85 kB
✓ built in 4m 20s
