vite v7.3.6 building client environment for production...
[plugin @laravel/vite-plugin-wayfinder] Types generated for actions, routes, form variants
transforming...
✓ 5261 modules transformed.
rendering chunks...
computing gzip size...
public/build/assets/layers-BWBAp2CZ.png                                  0.70 kB
public/build/assets/layers-2x-Bpkbi35X.png                               1.26 kB
public/build/assets/marker-icon-hN30_KVU.png                             1.47 kB
public/build/manifest.json                                           3,491.48 kB │ gzip: 189.86 kB
public/build/assets/vendor-maps-CLLlcC51.css                            11.08 kB │ gzip:   2.73 kB
public/build/assets/knowledge-revision-dialog-D-juoI1B.css              12.92 kB │ gzip:   3.14 kB
public/build/assets/app-CUnxTqAB.css                                   437.47 kB │ gzip:  55.25 kB
public/build/assets/my-hr-utils-fLvKAKV1.js                              0.07 kB │ gzip:   0.09 kB
public/build/assets/avatar-hue-BThxaYxR.js                               0.10 kB │ gzip:   0.11 kB
public/build/assets/_announcer-cvXWdNAc.js                               0.12 kB │ gzip:   0.12 kB
public/build/assets/minus-KrG6Tip_.js                                    0.12 kB │ gzip:   0.13 kB
public/build/assets/check-DF9DSDES.js                                    0.12 kB │ gzip:   0.14 kB
public/build/assets/circle-DlgacT6f.js                                   0.12 kB │ gzip:   0.13 kB
public/build/assets/chevron-down-DrD0zOiS.js                             0.13 kB │ gzip:   0.14 kB
public/build/assets/chevron-up-Dlk59rGk.js                               0.13 kB │ gzip:   0.14 kB
public/build/assets/chevron-left-Xr7fj1_w.js                             0.13 kB │ gzip:   0.14 kB
public/build/assets/chevron-right-C0SwtT1A.js                            0.13 kB │ gzip:   0.14 kB
public/build/assets/play-CZi4TTfy.js                                     0.13 kB │ gzip:   0.14 kB
public/build/assets/moon-B1WcQuFG.js                                     0.14 kB │ gzip:   0.15 kB
public/build/assets/loader-circle-C_KumEXf.js                            0.14 kB │ gzip:   0.15 kB
public/build/assets/square-CWw-FSZU.js                                   0.15 kB │ gzip:   0.15 kB
public/build/assets/message-circle-DCf2Wd3g.js                           0.15 kB │ gzip:   0.16 kB
public/build/assets/navigation-D6U9ejDe.js                               0.15 kB │ gzip:   0.15 kB
public/build/assets/staff-creation-workflow-D6SGmEbz.js                  0.15 kB │ gzip:   0.13 kB
public/build/assets/plus-BmBvZlUv.js                                     0.15 kB │ gzip:   0.15 kB
public/build/assets/x-MRZ-9Are.js                                        0.15 kB │ gzip:   0.15 kB
public/build/assets/thermometer-B3OKaG_m.js                              0.16 kB │ gzip:   0.16 kB
public/build/assets/filter-BwRvREpE.js                                   0.16 kB │ gzip:   0.16 kB
public/build/assets/bookmark-DTFm0Fxm.js                                 0.16 kB │ gzip:   0.16 kB
public/build/assets/arrow-left-BGcxw6SK.js                               0.16 kB │ gzip:   0.16 kB
public/build/assets/arrow-right-C9ugjJvT.js                              0.16 kB │ gzip:   0.16 kB
public/build/assets/arrow-up-right-Ddh3jRrW.js                           0.16 kB │ gzip:   0.15 kB
public/build/assets/circle-minus-Ddx375s6.js                             0.17 kB │ gzip:   0.16 kB
public/build/assets/search-BifNLrRw.js                                   0.17 kB │ gzip:   0.16 kB
public/build/assets/arrow-down-right-CUOPTW__.js                         0.17 kB │ gzip:   0.16 kB
public/build/assets/move-right-D3GO31nt.js                               0.17 kB │ gzip:   0.16 kB
public/build/assets/ban-B3iXX4uY.js                                      0.17 kB │ gzip:   0.16 kB
public/build/assets/circle-check-B5Z8nKiP.js                             0.17 kB │ gzip:   0.17 kB
public/build/assets/chevrons-up-down-D25Fta_H.js                         0.17 kB │ gzip:   0.16 kB
public/build/assets/power-CTZ_8okM.js                                    0.17 kB │ gzip:   0.17 kB
public/build/assets/gauge-rYxTynI4.js                                    0.18 kB │ gzip:   0.16 kB
public/build/assets/user-round-DEnGtOha.js                               0.18 kB │ gzip:   0.17 kB
public/build/assets/circle-dot-C7QbVfBk.js                               0.18 kB │ gzip:   0.15 kB
public/build/assets/clock-DT4q4Jwe.js                                    0.18 kB │ gzip:   0.17 kB
public/build/assets/message-square-BmeuWev7.js                           0.18 kB │ gzip:   0.17 kB
public/build/assets/check-check-BT6IzgPy.js                              0.18 kB │ gzip:   0.17 kB
public/build/assets/clock-3-CJxlPNYZ.js                                  0.18 kB │ gzip:   0.17 kB
public/build/assets/chart-line-BXe3kueI.js                               0.18 kB │ gzip:   0.17 kB
public/build/assets/circle-slash-Doddgmb3.js                             0.18 kB │ gzip:   0.17 kB
public/build/assets/reply-DrpfQYcS.js                                    0.18 kB │ gzip:   0.18 kB
public/build/assets/circle-check-big-BJpinAGM.js                         0.19 kB │ gzip:   0.18 kB
public/build/assets/circle-play-1jmM1fO7.js                              0.19 kB │ gzip:   0.17 kB
public/build/assets/user-C2LwiB2l.js                                     0.19 kB │ gzip:   0.18 kB
public/build/assets/megaphone-CkdBlS4n.js                                0.19 kB │ gzip:   0.18 kB
public/build/assets/skip-forward-CzihzIZu.js                             0.20 kB │ gzip:   0.18 kB
public/build/assets/smartphone-CtSNEE9x.js                               0.20 kB │ gzip:   0.18 kB
public/build/assets/rotate-ccw-CUVU8-FS.js                               0.20 kB │ gzip:   0.18 kB
public/build/assets/info-CMx8hLf-.js                                     0.20 kB │ gzip:   0.18 kB
public/build/assets/rotate-cw-BCsiWa4_.js                                0.20 kB │ gzip:   0.18 kB
public/build/assets/lock-CEAhL_ZJ.js                                     0.20 kB │ gzip:   0.19 kB
public/build/assets/circle-x-DGoFX_u1.js                                 0.20 kB │ gzip:   0.17 kB
public/build/assets/circle-plus-Dn4nE-r-.js                              0.20 kB │ gzip:   0.18 kB
public/build/assets/chart-palette-BuldC4kO.js                            0.20 kB │ gzip:   0.13 kB
public/build/assets/trending-up-DnhuGoAN.js                              0.20 kB │ gzip:   0.18 kB
public/build/assets/utils-COkJOzsg.js                                    0.20 kB │ gzip:   0.16 kB
public/build/assets/arrow-up-from-line-CWHd6pTC.js                       0.21 kB │ gzip:   0.18 kB
public/build/assets/arrow-down-to-line-B4RG2wh2.js                       0.21 kB │ gzip:   0.18 kB
public/build/assets/credit-card-0luTdcOn.js                              0.21 kB │ gzip:   0.19 kB
public/build/assets/redo-2-D6zZBOZq.js                                   0.21 kB │ gzip:   0.18 kB
public/build/assets/trending-down-r585FkCV.js                            0.21 kB │ gzip:   0.18 kB
public/build/assets/droplet-D7j9Xlan.js                                  0.21 kB │ gzip:   0.19 kB
public/build/assets/undo-2-Ct2AU0BM.js                                   0.21 kB │ gzip:   0.18 kB
public/build/assets/lock-open-Ba7A6NBR.js                                0.21 kB │ gzip:   0.19 kB
public/build/assets/mail-DK2aOuk6.js                                     0.21 kB │ gzip:   0.20 kB
public/build/assets/it-module-shell-Cq8Pndvb.js                          0.21 kB │ gzip:   0.19 kB
public/build/assets/battery-BhO19R7v.js                                  0.21 kB │ gzip:   0.18 kB
public/build/assets/pause-CnnGmPdp.js                                    0.21 kB │ gzip:   0.16 kB
public/build/assets/circle-arrow-up-BQjlCGF1.js                          0.21 kB │ gzip:   0.19 kB
public/build/assets/circle-arrow-down-JeWsy5a3.js                        0.21 kB │ gzip:   0.19 kB
public/build/assets/pill-CMQdxdLG.js                                     0.21 kB │ gzip:   0.18 kB
public/build/assets/site-profile-dialog-host-BH_OdoAm.js                 0.21 kB │ gzip:   0.19 kB
public/build/assets/dollar-sign-DQRRl0Dv.js                              0.22 kB │ gzip:   0.19 kB
public/build/assets/file-VxZbSwv3.js                                     0.22 kB │ gzip:   0.18 kB
public/build/assets/laptop-BV1NnfAs.js                                   0.22 kB │ gzip:   0.19 kB
public/build/assets/flag-CtyGeeTC.js                                     0.22 kB │ gzip:   0.20 kB
public/build/assets/rows-3-zs0-Shj2.js                                   0.22 kB │ gzip:   0.18 kB
public/build/assets/rss-BCRkdh4S.js                                      0.22 kB │ gzip:   0.18 kB
public/build/assets/briefcase-ByyBkwFv.js                                0.22 kB │ gzip:   0.20 kB
public/build/assets/ellipsis-C8zmTk9i.js                                 0.22 kB │ gzip:   0.16 kB
public/build/assets/target-ufzD7wGC.js                                   0.22 kB │ gzip:   0.16 kB
public/build/assets/columns-3-B7lxPekK.js                                0.22 kB │ gzip:   0.19 kB
public/build/assets/git-merge-CIJN2xA_.js                                0.22 kB │ gzip:   0.18 kB
public/build/assets/square-check-big-Bj_EcJfG.js                         0.22 kB │ gzip:   0.19 kB
public/build/assets/sticky-note-kOnLWM5r.js                              0.22 kB │ gzip:   0.18 kB
public/build/assets/folder-pH7CFvq7.js                                   0.23 kB │ gzip:   0.19 kB
public/build/assets/ellipsis-vertical-3kF-Bgip.js                        0.23 kB │ gzip:   0.17 kB
public/build/assets/vote-BYDRq2ds.js                                     0.23 kB │ gzip:   0.19 kB
public/build/assets/copy-B3ZmHSun.js                                     0.23 kB │ gzip:   0.21 kB
public/build/assets/door-closed-R8gzhJh8.js                              0.23 kB │ gzip:   0.19 kB
public/build/assets/user-round-check-CWLqK7gG.js                         0.23 kB │ gzip:   0.21 kB
public/build/assets/circle-user-round-UyrbxB42.js                        0.23 kB │ gzip:   0.19 kB
public/build/assets/circle-help-DmWIO4Vd.js                              0.23 kB │ gzip:   0.20 kB
public/build/assets/ear-CIllCM9H.js                                      0.23 kB │ gzip:   0.19 kB
public/build/assets/activity-BsjNZRUQ.js                                 0.23 kB │ gzip:   0.20 kB
public/build/assets/pen-CW-GlVPz.js                                      0.23 kB │ gzip:   0.20 kB
public/build/assets/history-BJrwtreN.js                                  0.24 kB │ gzip:   0.19 kB
public/build/assets/globe-TVBlDo5r.js                                    0.24 kB │ gzip:   0.19 kB
public/build/assets/percent-D2f_ptHk.js                                  0.24 kB │ gzip:   0.18 kB
public/build/assets/timer-CIABCQJq.js                                    0.24 kB │ gzip:   0.19 kB
public/build/assets/banknote-Crxj7xDP.js                                 0.24 kB │ gzip:   0.20 kB
public/build/assets/heart-DKMShl06.js                                    0.24 kB │ gzip:   0.21 kB
public/build/assets/link-2-DSt7j3Qf.js                                   0.24 kB │ gzip:   0.21 kB
public/build/assets/circle-dollar-sign-x0Bi6q0C.js                       0.24 kB │ gzip:   0.20 kB
public/build/assets/menu-DIPdPKOl.js                                     0.24 kB │ gzip:   0.17 kB
public/build/assets/arrow-up-down-DhCTzrbU.js                            0.24 kB │ gzip:   0.19 kB
public/build/assets/database-CLVKFSxi.js                                 0.24 kB │ gzip:   0.20 kB
public/build/assets/arrow-down-up-vNn8So1n.js                            0.24 kB │ gzip:   0.19 kB
public/build/assets/type-C8ne6d6Z.js                                     0.24 kB │ gzip:   0.19 kB
public/build/assets/circle-pause-BYSNoOaL.js                             0.24 kB │ gzip:   0.19 kB
public/build/assets/arrow-left-right-D95LR3VF.js                         0.25 kB │ gzip:   0.19 kB
public/build/assets/compass-COm4adPh.js                                  0.25 kB │ gzip:   0.20 kB
public/build/assets/arrow-right-left-DhMiSq_N.js                         0.25 kB │ gzip:   0.19 kB
public/build/assets/book-marked-i1lo6jfy.js                              0.25 kB │ gzip:   0.20 kB
public/build/assets/settings-2-BkmZO26c.js                               0.25 kB │ gzip:   0.19 kB
public/build/assets/users-round-C2KtPHz3.js                              0.25 kB │ gzip:   0.21 kB
public/build/assets/camera-DLZ55LK9.js                                   0.25 kB │ gzip:   0.21 kB
public/build/assets/file-warning-Czqv7kuU.js                             0.25 kB │ gzip:   0.19 kB
public/build/assets/video-BdMjO-4P.js                                    0.25 kB │ gzip:   0.21 kB
public/build/assets/circle-alert-CkPz_F3R.js                             0.25 kB │ gzip:   0.19 kB
public/build/assets/route-CFoE7m1d.js                                    0.25 kB │ gzip:   0.20 kB
public/build/assets/mouse-pointer-2-CoIiL6Oi.js                          0.25 kB │ gzip:   0.21 kB
public/build/assets/chart-column-lpdXgXYF.js                             0.25 kB │ gzip:   0.19 kB
public/build/assets/external-link-DTlxgQFj.js                            0.25 kB │ gzip:   0.20 kB
public/build/assets/shopping-bag-CI_XY4gB.js                             0.25 kB │ gzip:   0.20 kB
public/build/assets/cloud-upload-eRQMGFCu.js                             0.25 kB │ gzip:   0.21 kB
public/build/assets/eye-BYZ3pQdy.js                                      0.25 kB │ gzip:   0.20 kB
public/build/assets/map-pin-BBLZjM9d.js                                  0.25 kB │ gzip:   0.22 kB
public/build/assets/user-check-CBcXyRHj.js                               0.25 kB │ gzip:   0.22 kB
public/build/assets/archive-vycz3Mti.js                                  0.25 kB │ gzip:   0.21 kB
public/build/assets/lock-keyhole-g3PMo9x1.js                             0.25 kB │ gzip:   0.22 kB
public/build/assets/message-square-plus-DcepeA1y.js                      0.25 kB │ gzip:   0.20 kB
public/build/assets/circle-user-wtdgYYHK.js                              0.25 kB │ gzip:   0.20 kB
public/build/assets/message-square-text-DLPsAmGQ.js                      0.25 kB │ gzip:   0.20 kB
public/build/assets/user-minus-tDUno0Fq.js                               0.25 kB │ gzip:   0.22 kB
public/build/assets/file-check-2-mr6dzrVR.js                             0.25 kB │ gzip:   0.20 kB
public/build/assets/messages-square-CI7yyO3y.js                          0.25 kB │ gzip:   0.20 kB
public/build/assets/link-Dop8e0bT.js                                     0.26 kB │ gzip:   0.19 kB
public/build/assets/hr-hero-DqGvCgKF.js                                  0.26 kB │ gzip:   0.22 kB
public/build/assets/wrench-BZffGI5O.js                                   0.26 kB │ gzip:   0.20 kB
public/build/assets/calendar-DJKJnyE2.js                                 0.26 kB │ gzip:   0.20 kB
public/build/assets/upload-DRlNG1Bo.js                                   0.26 kB │ gzip:   0.22 kB
public/build/assets/log-out-CeWeDGmW.js                                  0.26 kB │ gzip:   0.22 kB
public/build/assets/ticket-check-D50rIQl_.js                             0.26 kB │ gzip:   0.20 kB
public/build/assets/log-in-ZFZL68N7.js                                   0.26 kB │ gzip:   0.22 kB
public/build/assets/monitor-B4Eha3Zz.js                                  0.26 kB │ gzip:   0.20 kB
public/build/assets/message-square-warning-BhoM8QY3.js                   0.26 kB │ gzip:   0.20 kB
public/build/assets/utensils-CEmgNQog.js                                 0.26 kB │ gzip:   0.20 kB
public/build/assets/download-COR2BgFo.js                                 0.26 kB │ gzip:   0.22 kB
public/build/assets/zap-p4tEznOI.js                                      0.26 kB │ gzip:   0.20 kB
public/build/assets/triangle-alert-ti7cq7un.js                           0.26 kB │ gzip:   0.21 kB
public/build/assets/leaf-Bcf5u_4S.js                                     0.26 kB │ gzip:   0.22 kB
public/build/assets/file-check-n2h1kgQz.js                               0.26 kB │ gzip:   0.20 kB
public/build/assets/workflow-BZC_iymV.js                                 0.26 kB │ gzip:   0.20 kB
public/build/assets/mic-CIhUnERh.js                                      0.26 kB │ gzip:   0.21 kB
public/build/assets/shield-DEbPUr4J.js                                   0.27 kB │ gzip:   0.22 kB
public/build/assets/battery-low-DOKteNlo.js                              0.27 kB │ gzip:   0.21 kB
public/build/assets/timer-reset-DXfAMAY3.js                              0.27 kB │ gzip:   0.21 kB
public/build/assets/award-BQZAVxaf.js                                    0.27 kB │ gzip:   0.22 kB
public/build/assets/eraser-9QIhRt7e.js                                   0.27 kB │ gzip:   0.22 kB
public/build/assets/image-ClX0tPgJ.js                                    0.27 kB │ gzip:   0.22 kB
public/build/assets/repeat-CAwB7R9w.js                                   0.27 kB │ gzip:   0.20 kB
public/build/assets/arrow-up-BBYyPN4C.js                                 0.27 kB │ gzip:   0.20 kB
public/build/assets/flame-CGLDBkgi.js                                    0.27 kB │ gzip:   0.22 kB
public/build/assets/git-branch-CptU43WL.js                               0.27 kB │ gzip:   0.22 kB
public/build/assets/coins-C7txWpQ3.js                                    0.27 kB │ gzip:   0.22 kB
public/build/assets/pencil-ZWN1RHWe.js                                   0.28 kB │ gzip:   0.22 kB
public/build/assets/pen-line-DarosmqS.js                                 0.28 kB │ gzip:   0.22 kB
public/build/assets/list-checks-Do2cOY0_.js                              0.28 kB │ gzip:   0.19 kB
public/build/assets/book-open-COSgPiut.js                                0.28 kB │ gzip:   0.20 kB
public/build/assets/file-diff-C7cqv3KL.js                                0.28 kB │ gzip:   0.20 kB
public/build/assets/wifi-b3P2kPJA.js                                     0.28 kB │ gzip:   0.20 kB
public/build/assets/lightbulb-C74gbZwg.js                                0.28 kB │ gzip:   0.22 kB
public/build/assets/file-plus-2-CxdEQMOF.js                              0.28 kB │ gzip:   0.21 kB
public/build/assets/layout-template-ByK9JTjc.js                          0.28 kB │ gzip:   0.19 kB
public/build/assets/inbox-Boh6PV3i.js                                    0.29 kB │ gzip:   0.23 kB
public/build/assets/wallet-Bgn0Z3le.js                                   0.29 kB │ gzip:   0.21 kB
public/build/assets/files-ShaqNTuh.js                                    0.29 kB │ gzip:   0.21 kB
public/build/assets/shopping-cart-bBPEDEkb.js                            0.29 kB │ gzip:   0.23 kB
public/build/assets/shirt-tNdPDgvg.js                                    0.29 kB │ gzip:   0.23 kB
public/build/assets/house-DGRkayHe.js                                    0.29 kB │ gzip:   0.22 kB
public/build/assets/bell-ITVRQLTu.js                                     0.29 kB │ gzip:   0.24 kB
public/build/assets/use-initials-U-N8N3-N.js                             0.29 kB │ gzip:   0.20 kB
public/build/assets/send-CHrW5W0L.js                                     0.29 kB │ gzip:   0.23 kB
public/build/assets/folder-open-GQFUGBA7.js                              0.29 kB │ gzip:   0.22 kB
public/build/assets/receipt-BZw_JbHd.js                                  0.29 kB │ gzip:   0.21 kB
public/build/assets/link-2-off-Cu7QnkEf.js                               0.29 kB │ gzip:   0.22 kB
public/build/assets/smile-Dqvhr34U.js                                    0.29 kB │ gzip:   0.21 kB
public/build/assets/grid-3x3-sBORycNI.js                                 0.29 kB │ gzip:   0.21 kB
public/build/assets/bed-double-DZx1vSzq.js                               0.30 kB │ gzip:   0.21 kB
public/build/assets/heart-crack-CP3imBJ4.js                              0.30 kB │ gzip:   0.24 kB
public/build/assets/hash-_RzR450P.js                                     0.30 kB │ gzip:   0.19 kB
public/build/assets/maximize-2-uhET5mWh.js                               0.30 kB │ gzip:   0.21 kB
public/build/assets/list-todo-8DclBql-.js                                0.30 kB │ gzip:   0.22 kB
public/build/assets/paperclip-DdOOyRGw.js                                0.30 kB │ gzip:   0.22 kB
public/build/assets/file-up-BNK8rUwj.js                                  0.30 kB │ gzip:   0.21 kB
public/build/assets/flask-conical-6nsGkTHh.js                            0.30 kB │ gzip:   0.23 kB
public/build/assets/gavel-D52JycgR.js                                    0.30 kB │ gzip:   0.21 kB
public/build/assets/thumbs-up-C4I8lqpa.js                                0.30 kB │ gzip:   0.24 kB
public/build/assets/list-CUq5mKG_.js                                     0.30 kB │ gzip:   0.18 kB
public/build/assets/file-down-By0_-8Qc.js                                0.30 kB │ gzip:   0.22 kB
public/build/assets/thumbs-down-D7-qeV2N.js                              0.30 kB │ gzip:   0.24 kB
public/build/assets/clipboard-check-D6plIIMD.js                          0.30 kB │ gzip:   0.23 kB
public/build/assets/file-clock-CT25aG1p.js                               0.30 kB │ gzip:   0.24 kB
public/build/assets/users-BPZZ_YxX.js                                    0.30 kB │ gzip:   0.23 kB
public/build/assets/coffee-CHkidbrx.js                                   0.30 kB │ gzip:   0.21 kB
public/build/assets/calendar-check-DJ1Qrol6.js                           0.30 kB │ gzip:   0.23 kB
public/build/assets/user-x-Cu372XHX.js                                   0.30 kB │ gzip:   0.23 kB
public/build/assets/folder-plus-_Y1MNC_D.js                              0.30 kB │ gzip:   0.23 kB
public/build/assets/chef-hat-NzAau28q.js                                 0.31 kB │ gzip:   0.24 kB
public/build/assets/user-plus-CnvLo6FL.js                                0.31 kB │ gzip:   0.23 kB
public/build/assets/box-pj_TqFqB.js                                      0.31 kB │ gzip:   0.22 kB
public/build/assets/heart-pulse-DyU_qbwx.js                              0.31 kB │ gzip:   0.25 kB
public/build/assets/badge-check-CJ6WjzCB.js                              0.31 kB │ gzip:   0.21 kB
public/build/assets/piggy-bank-j-w5_W6q.js                               0.31 kB │ gzip:   0.25 kB
public/build/assets/hard-hat-CrZLZc3v.js                                 0.32 kB │ gzip:   0.23 kB
public/build/assets/shield-check-BE4f5ewm.js                             0.32 kB │ gzip:   0.25 kB
public/build/assets/printer-zxEPD_gq.js                                  0.32 kB │ gzip:   0.24 kB
public/build/assets/square-pen-CBBJmQSX.js                               0.32 kB │ gzip:   0.24 kB
public/build/assets/refresh-ccw-BJO2mtim.js                              0.32 kB │ gzip:   0.23 kB
public/build/assets/ticket-B9K5DLl0.js                                   0.32 kB │ gzip:   0.21 kB
public/build/assets/tag-B0RSF2-z.js                                      0.32 kB │ gzip:   0.25 kB
public/build/assets/hand-helping-DbzcWG0i.js                             0.32 kB │ gzip:   0.25 kB
public/build/assets/id-card-COw2o86k.js                                  0.32 kB │ gzip:   0.24 kB
public/build/assets/mail-warning-CcFWBgpb.js                             0.32 kB │ gzip:   0.24 kB
public/build/assets/save-DcfwXL-K.js                                     0.33 kB │ gzip:   0.23 kB
public/build/assets/scan-line-Bk1jpLGz.js                                0.33 kB │ gzip:   0.22 kB
public/build/assets/graduation-cap-BhprJjWz.js                           0.33 kB │ gzip:   0.25 kB
public/build/assets/list-ordered-DJjJGEhA.js                             0.33 kB │ gzip:   0.21 kB
public/build/assets/file-text-ju5ftUMB.js                                0.33 kB │ gzip:   0.22 kB
public/build/assets/book-open-check-DVgEnd7_.js                          0.33 kB │ gzip:   0.23 kB
public/build/assets/alarm-clock-CTbeRQTH.js                              0.33 kB │ gzip:   0.23 kB
public/build/assets/finance-tabs-DeXE3d9e.js                             0.33 kB │ gzip:   0.27 kB
public/build/assets/contact-CrVjLW0D.js                                  0.33 kB │ gzip:   0.24 kB
public/build/assets/calendar-x-Bm9qryq-.js                               0.34 kB │ gzip:   0.23 kB
public/build/assets/accessibility-B-ilbj7W.js                            0.34 kB │ gzip:   0.25 kB
public/build/assets/archive-restore-BwJs46Zs.js                          0.34 kB │ gzip:   0.24 kB
public/build/assets/stethoscope-DUB-x6mM.js                              0.34 kB │ gzip:   0.24 kB
public/build/assets/shield-plus-D0QSCkAe.js                              0.34 kB │ gzip:   0.25 kB
public/build/assets/layout-grid-mkd9O5e2.js                              0.34 kB │ gzip:   0.19 kB
public/build/assets/pin-DIWeKx4M.js                                      0.35 kB │ gzip:   0.24 kB
public/build/assets/file-image-CA_Zt5gS.js                               0.35 kB │ gzip:   0.25 kB
public/build/assets/scroll-text-CtNTJL4D.js                              0.35 kB │ gzip:   0.23 kB
public/build/assets/key-round-BdoD_DTp.js                                0.35 kB │ gzip:   0.26 kB
public/build/assets/layout-dashboard-DYMq6lZt.js                         0.35 kB │ gzip:   0.21 kB
public/build/assets/shield-alert-BMwE4Lny.js                             0.35 kB │ gzip:   0.26 kB
public/build/assets/file-chart-column-increasing-D81lZp27.js             0.35 kB │ gzip:   0.24 kB
public/build/assets/webhook-lZNjfDzi.js                                  0.35 kB │ gzip:   0.26 kB
public/build/assets/calendar-plus-CaD3W7Eb.js                            0.35 kB │ gzip:   0.23 kB
public/build/assets/shield-x-zoxHZDmN.js                                 0.36 kB │ gzip:   0.26 kB
public/build/assets/gift-C41fW7Z2.js                                     0.36 kB │ gzip:   0.25 kB
public/build/assets/trash-2-HXDQuJqf.js                                  0.36 kB │ gzip:   0.25 kB
public/build/assets/calendar-x-2-BktRsx6d.js                             0.36 kB │ gzip:   0.23 kB
public/build/assets/layout-list-B4Fjrzxm.js                              0.36 kB │ gzip:   0.22 kB
public/build/assets/warehouse-Dom8iWDD.js                                0.36 kB │ gzip:   0.25 kB
public/build/assets/utensils-crossed-B0Zx605A.js                         0.36 kB │ gzip:   0.25 kB
public/build/assets/syringe-Cry2568q.js                                  0.36 kB │ gzip:   0.24 kB
public/build/assets/sparkle-BymFonAC.js                                  0.36 kB │ gzip:   0.24 kB
public/build/assets/scale-ZEhPbU15.js                                    0.36 kB │ gzip:   0.23 kB
public/build/assets/grip-vertical-GCPcvfvX.js                            0.36 kB │ gzip:   0.19 kB
public/build/assets/fuel-CVPuy5i6.js                                     0.37 kB │ gzip:   0.24 kB
public/build/assets/door-open-9HPQgnan.js                                0.37 kB │ gzip:   0.25 kB
public/build/assets/droplets-Dcl3x9Oc.js                                 0.37 kB │ gzip:   0.28 kB
public/build/assets/hammer-2UHI1lNC.js                                   0.37 kB │ gzip:   0.27 kB
public/build/assets/file-pen-Btidvura.js                                 0.37 kB │ gzip:   0.26 kB
public/build/assets/package-B79I2N4f.js                                  0.37 kB │ gzip:   0.25 kB
public/build/assets/index-B0Z-ysPe.js                                    0.37 kB │ gzip:   0.22 kB
public/build/assets/file-spreadsheet-CBbuojQd.js                         0.37 kB │ gzip:   0.23 kB
public/build/assets/life-buoy-Fwe-ueJx.js                                0.37 kB │ gzip:   0.22 kB
public/build/assets/calendar-clock-CoonNIDC.js                           0.38 kB │ gzip:   0.26 kB
public/build/assets/shield-question-DF0mH4Et.js                          0.38 kB │ gzip:   0.28 kB
public/build/assets/network-Fp0XV1iT.js                                  0.38 kB │ gzip:   0.24 kB
public/build/assets/calendar-off-DcB6RFla.js                             0.38 kB │ gzip:   0.25 kB
public/build/assets/tags-Dwp4qYoH.js                                     0.39 kB │ gzip:   0.28 kB
public/build/assets/baby-KdGLzLiM.js                                     0.39 kB │ gzip:   0.26 kB
public/build/assets/hard-drive-BINczLgt.js                               0.39 kB │ gzip:   0.26 kB
public/build/assets/job-posting-constants-CneitmEO.js                    0.39 kB │ gzip:   0.23 kB
public/build/assets/file-pen-line-BaUNuTgg.js                            0.39 kB │ gzip:   0.26 kB
public/build/assets/phone-B0DDd1Oq.js                                    0.39 kB │ gzip:   0.25 kB
public/build/assets/bell-ring-CLUKhOOt.js                                0.40 kB │ gzip:   0.28 kB
public/build/assets/map-pinned-iaPHDwZd.js                               0.40 kB │ gzip:   0.29 kB
public/build/assets/shield-off-B22KTqop.js                               0.40 kB │ gzip:   0.28 kB
public/build/assets/truck-uVZ2YJKr.js                                    0.40 kB │ gzip:   0.27 kB
public/build/assets/sprout-DOySembI.js                                   0.40 kB │ gzip:   0.28 kB
public/build/assets/car-UfNH-Gb5.js                                      0.40 kB │ gzip:   0.28 kB
public/build/assets/hand-DoWY437y.js                                     0.41 kB │ gzip:   0.25 kB
public/build/assets/hand-coins-CIJujaqV.js                               0.41 kB │ gzip:   0.29 kB
public/build/assets/clipboard-list-BK00P6Eh.js                           0.41 kB │ gzip:   0.26 kB
public/build/assets/transport-medication-replay-UcjQL_gC.js              0.41 kB │ gzip:   0.30 kB
public/build/assets/loader-Cw-uPWzY.js                                   0.41 kB │ gzip:   0.24 kB
public/build/assets/mouse-pointer-click-DV8-ozdm.js                      0.41 kB │ gzip:   0.28 kB
public/build/assets/calendar-range-7VSxXsvE.js                           0.41 kB │ gzip:   0.26 kB
public/build/assets/waypoints-LK2y-C15.js                                0.41 kB │ gzip:   0.25 kB
public/build/assets/layers-CzXE3EWj.js                                   0.42 kB │ gzip:   0.24 kB
public/build/assets/mic-off-CddnqTZP.js                                  0.42 kB │ gzip:   0.27 kB
public/build/assets/waves-DQqC7bO7.js                                    0.42 kB │ gzip:   0.21 kB
public/build/assets/skeleton-CDTEQwaO.js                                 0.42 kB │ gzip:   0.32 kB
public/build/assets/package-check-Lh_4C0fV.js                            0.42 kB │ gzip:   0.29 kB
public/build/assets/octagon-alert-ooxYifX4.js                            0.43 kB │ gzip:   0.25 kB
public/build/assets/cable-CmOoUQKp.js                                    0.43 kB │ gzip:   0.26 kB
public/build/assets/eye-off-BYRg9Ktq.js                                  0.43 kB │ gzip:   0.27 kB
public/build/assets/building-2-Gd2rkb7R.js                               0.44 kB │ gzip:   0.25 kB
public/build/assets/heading-small-B1QYXXBZ.js                            0.44 kB │ gzip:   0.32 kB
public/build/assets/hand-heart-Cy5JXMp7.js                               0.45 kB │ gzip:   0.31 kB
public/build/assets/footprints-CnXkEj1c.js                               0.45 kB │ gzip:   0.30 kB
public/build/assets/radio-tower-KeJpXxHi.js                              0.45 kB │ gzip:   0.29 kB
public/build/assets/input-error-DCYErTdJ.js                              0.46 kB │ gzip:   0.32 kB
public/build/assets/wifi-off-CXRNjie7.js                                 0.46 kB │ gzip:   0.27 kB
public/build/assets/scan-eye-DIlKANl4.js                                 0.46 kB │ gzip:   0.28 kB
public/build/assets/heart-handshake-BZXxKCq6.js                          0.46 kB │ gzip:   0.31 kB
public/build/assets/spinner-Cv85EUzs.js                                  0.46 kB │ gzip:   0.34 kB
public/build/assets/person-standing-D9linMm3.js                          0.46 kB │ gzip:   0.31 kB
public/build/assets/trophy-Cs63ZhGH.js                                   0.46 kB │ gzip:   0.28 kB
public/build/assets/pen-tool-DCCeSd_S.js                                 0.47 kB │ gzip:   0.30 kB
public/build/assets/siren-DeEVJYIX.js                                    0.47 kB │ gzip:   0.27 kB
public/build/assets/star-DMrawfTm.js                                     0.47 kB │ gzip:   0.29 kB
public/build/assets/sun-DUN2FLyS.js                                      0.47 kB │ gzip:   0.26 kB
public/build/assets/notebook-pen-BTnZAp7g.js                             0.47 kB │ gzip:   0.28 kB
public/build/assets/cake-Cp0mgkVP.js                                     0.49 kB │ gzip:   0.26 kB
public/build/assets/cctv-HeN27jUI.js                                     0.49 kB │ gzip:   0.30 kB
public/build/assets/calendar-days-C08bsTKQ.js                            0.49 kB │ gzip:   0.26 kB
public/build/assets/cpu-DKkGUDTe.js                                      0.50 kB │ gzip:   0.26 kB
public/build/assets/radar-DSZBYpjr.js                                    0.50 kB │ gzip:   0.30 kB
public/build/assets/sparkles-3CTxG1oq.js                                 0.51 kB │ gzip:   0.30 kB
public/build/assets/wand-sparkles-DkBJJcNn.js                            0.51 kB │ gzip:   0.29 kB
public/build/assets/ambulance-DqKtU6IL.js                                0.51 kB │ gzip:   0.31 kB
public/build/assets/_helpers-Ayp0jCez.js                                 0.51 kB │ gzip:   0.33 kB
public/build/assets/unlink-DnYJc-mt.js                                   0.53 kB │ gzip:   0.30 kB
public/build/assets/calculator-Ox--SnXQ.js                               0.53 kB │ gzip:   0.28 kB
public/build/assets/circle-dashed-2a2ihMdv.js                            0.57 kB │ gzip:   0.29 kB
public/build/assets/use-alert-workspace-focus-return-DGVRYbyO.js         0.58 kB │ gzip:   0.35 kB
public/build/assets/package-open-BdXUVB7n.js                             0.58 kB │ gzip:   0.33 kB
public/build/assets/i18n-CiQewp4i.js                                     0.58 kB │ gzip:   0.39 kB
public/build/assets/user-cog-Bqzccw2A.js                                 0.58 kB │ gzip:   0.32 kB
public/build/assets/sliders-horizontal-BRUUwUB9.js                       0.58 kB │ gzip:   0.26 kB
public/build/assets/send-to-back-B8o2tTMB.js                             0.58 kB │ gzip:   0.31 kB
public/build/assets/fingerprint-DiUyjmQr.js                              0.60 kB │ gzip:   0.35 kB
public/build/assets/label-Bv9UpToH.js                                    0.61 kB │ gzip:   0.40 kB
public/build/assets/form-request-errors-Bo1hIHhd.js                      0.63 kB │ gzip:   0.36 kB
public/build/assets/text-link-vU5yjciY.js                                0.65 kB │ gzip:   0.42 kB
public/build/assets/qr-code-C69TX420.js                                  0.65 kB │ gzip:   0.31 kB
public/build/assets/server-CSUW28qj.js                                   0.66 kB │ gzip:   0.37 kB
public/build/assets/collapsible-DM9Hrx4u.js                              0.66 kB │ gzip:   0.28 kB
public/build/assets/resident-dot-BLoyRUP7.js                             0.67 kB │ gzip:   0.46 kB
public/build/assets/fleet-stat-card-DDF_MCKF.js                          0.72 kB │ gzip:   0.44 kB
public/build/assets/governance-permissions-Dl4VzYaE.js                   0.72 kB │ gzip:   0.33 kB
public/build/assets/party-popper-C_UJ3Xhd.js                             0.72 kB │ gzip:   0.41 kB
public/build/assets/settings-dITzXYC1.js                                 0.72 kB │ gzip:   0.34 kB
public/build/assets/textarea-C_9uu-fb.js                                 0.73 kB │ gzip:   0.47 kB
public/build/assets/brain-CJESpGwM.js                                    0.73 kB │ gzip:   0.35 kB
public/build/assets/separator-PenTCHsf.js                                0.77 kB │ gzip:   0.45 kB
public/build/assets/page-shell-B7eQidXD.js                               0.77 kB │ gzip:   0.45 kB
public/build/assets/shared-DHJYl7e2.js                                   0.77 kB │ gzip:   0.40 kB
public/build/assets/shared-D3Yvwbxq.js                                   0.77 kB │ gzip:   0.39 kB
public/build/assets/shift-row-types-DQA9BK_P.js                          0.80 kB │ gzip:   0.38 kB
public/build/assets/hr-tabs-C-hGgg-K.js                                  0.81 kB │ gzip:   0.51 kB
public/build/assets/ops-stat-card-CejuivwG.js                            0.81 kB │ gzip:   0.48 kB
public/build/assets/progress-BxLvrMK0.js                                 0.82 kB │ gzip:   0.54 kB
public/build/assets/readable-operational-state-CK8MzJI-.js               0.85 kB │ gzip:   0.45 kB
public/build/assets/boxes-CZgCD37K.js                                    0.85 kB │ gzip:   0.40 kB
public/build/assets/wizard-DF_QPOrg.js                                   0.87 kB │ gzip:   0.55 kB
public/build/assets/wizard-NNmqhkha.js                                   0.87 kB │ gzip:   0.55 kB
public/build/assets/list-caption-hE5ckvXY.js                             0.91 kB │ gzip:   0.54 kB
public/build/assets/index-CSEUMRIG.js                                    0.92 kB │ gzip:   0.53 kB
public/build/assets/now-rule-P7hRYwwd.js                                 0.95 kB │ gzip:   0.58 kB
public/build/assets/hero-action-button-D-GVyXk8.js                       0.95 kB │ gzip:   0.55 kB
public/build/assets/page-layout-DtSKkYRB.js                              0.97 kB │ gzip:   0.56 kB
public/build/assets/settings-tabs-BhT2t5AQ.js                            0.99 kB │ gzip:   0.54 kB
public/build/assets/settings-hub-DWtaanqy.js                             1.00 kB │ gzip:   0.58 kB
public/build/assets/use-settings-leave-confirmation-COOgzr0B.js          1.02 kB │ gzip:   0.61 kB
public/build/assets/presence-dot-CuGnqH3Y.js                             1.04 kB │ gzip:   0.58 kB
public/build/assets/input-49RbooBa.js                                    1.05 kB │ gzip:   0.59 kB
public/build/assets/command-centre-page-CrY10Ixx.js                      1.05 kB │ gzip:   0.59 kB
public/build/assets/switch-DeQvt8lW.js                                   1.06 kB │ gzip:   0.61 kB
public/build/assets/governance-status-CPcViUaG.js                        1.08 kB │ gzip:   0.53 kB
public/build/assets/hover-action-vLW4u2SF.js                             1.09 kB │ gzip:   0.65 kB
public/build/assets/WidgetCard-Bcllxj_N.js                               1.10 kB │ gzip:   0.63 kB
public/build/assets/micro-stats-BKNykt34.js                              1.11 kB │ gzip:   0.61 kB
public/build/assets/confetti-8ALvzRDJ.js                                 1.11 kB │ gzip:   0.65 kB
public/build/assets/avatar-DFUpYoVS.js                                   1.14 kB │ gzip:   0.44 kB
public/build/assets/checkbox-C_HW-_ir.js                                 1.15 kB │ gzip:   0.64 kB
public/build/assets/_confirm-action-C3oB4iWH.js                          1.24 kB │ gzip:   0.70 kB
public/build/assets/overview-hub-BN90BEaj.js                             1.24 kB │ gzip:   0.68 kB
public/build/assets/wizard-stepper-D6t1-v1u.js                           1.24 kB │ gzip:   0.67 kB
public/build/assets/handover-person-notes-DvmCgjVe.js                    1.25 kB │ gzip:   0.64 kB
public/build/assets/task-api-LDQPp0GA.js                                 1.27 kB │ gzip:   0.81 kB
public/build/assets/_types-Bdo8GrIg.js                                   1.29 kB │ gzip:   0.67 kB
public/build/assets/medication-stock-governance-C5VIWPFO.js              1.30 kB │ gzip:   0.60 kB
public/build/assets/radio-group-B2-lwBeI.js                              1.31 kB │ gzip:   0.65 kB
public/build/assets/_attachments-D3RUF_Uj.js                             1.32 kB │ gzip:   0.75 kB
public/build/assets/confirm-dialog-D1w5VxFA.js                           1.34 kB │ gzip:   0.75 kB
public/build/assets/stream-grouping-DxjzPWpi.js                          1.35 kB │ gzip:   0.73 kB
public/build/assets/staff-avatar-BjaiamB1.js                             1.35 kB │ gzip:   0.81 kB
public/build/assets/workflow-ribbon-DxuqyEzb.js                          1.35 kB │ gzip:   0.70 kB
public/build/assets/use-personal-location-privacy-CA1de0mn.js            1.35 kB │ gzip:   0.71 kB
public/build/assets/shift-status-badge-b3QGnm9r.js                       1.36 kB │ gzip:   0.67 kB
public/build/assets/timesheet-status-badge-C4hvH70W.js                   1.36 kB │ gzip:   0.66 kB
public/build/assets/summary-card-I49QFvbH.js                             1.36 kB │ gzip:   0.68 kB
public/build/assets/fleet-responsive-list-CgDsyRvl.js                    1.38 kB │ gzip:   0.70 kB
public/build/assets/sso-sign-in-buttons-Cf5eUf0N.js                      1.40 kB │ gzip:   0.71 kB
public/build/assets/site-credentials-CdbPbjGf.js                         1.43 kB │ gzip:   0.75 kB
public/build/assets/fleet-empty-state-B8PDI5DY.js                        1.46 kB │ gzip:   0.77 kB
public/build/assets/journey-reference-strip-pm5NcpKt.js                  1.46 kB │ gzip:   0.81 kB
public/build/assets/confirm-dialog-BVLKK5xe.js                           1.49 kB │ gzip:   0.84 kB
public/build/assets/index-DcmOMlk_.js                                    1.50 kB │ gzip:   0.52 kB
public/build/assets/badge-BWkuQi-K.js                                    1.53 kB │ gzip:   0.77 kB
public/build/assets/shift-types-CxU-Z-1l.js                              1.54 kB │ gzip:   0.78 kB
public/build/assets/performance-tabs-D8a05GIk.js                         1.55 kB │ gzip:   0.74 kB
public/build/assets/tax-hub-DVCuK-hy.js                                  1.56 kB │ gzip:   0.83 kB
public/build/assets/mini-sparkline-D7i7f6lZ.js                           1.58 kB │ gzip:   0.91 kB
public/build/assets/verify-email-CDs_VABn.js                             1.58 kB │ gzip:   0.85 kB
public/build/assets/status-badge-BcV9Cyb7.js                             1.61 kB │ gzip:   0.78 kB
public/build/assets/control-room-vocab-Ek8ku-kJ.js                       1.62 kB │ gzip:   0.64 kB
public/build/assets/payables-hub-Bq9Fp5Nr.js                             1.63 kB │ gzip:   0.86 kB
public/build/assets/popover-DB8DwQMY.js                                  1.64 kB │ gzip:   0.70 kB
public/build/assets/ops-charts-CfZvOWbq.js                               1.65 kB │ gzip:   0.78 kB
public/build/assets/alert-DBb33fgu.js                                    1.69 kB │ gzip:   0.74 kB
public/build/assets/alert-status-BEfs8V-X.js                             1.69 kB │ gzip:   0.79 kB
public/build/assets/report-incident-dialog-CqkJItqJ.js                   1.70 kB │ gzip:   0.89 kB
public/build/assets/laravel-pagination-gozEyEhc.js                       1.70 kB │ gzip:   0.84 kB
public/build/assets/money-L4nGavLX.js                                    1.71 kB │ gzip:   0.97 kB
public/build/assets/card-BuxKTkWJ.js                                     1.77 kB │ gzip:   0.57 kB
public/build/assets/_helpers-CHCLI1YA.js                                 1.77 kB │ gzip:   0.77 kB
public/build/assets/documents-tabs-DVuBM2Xs.js                           1.78 kB │ gzip:   0.93 kB
public/build/assets/workflow-ribbon-Dpb8vKdt.js                          1.80 kB │ gzip:   0.80 kB
public/build/assets/governance-calendar-adapter-DIIcOhak.js              1.80 kB │ gzip:   0.85 kB
public/build/assets/tooltip-BXL8mN8i.js                                  1.82 kB │ gzip:   0.83 kB
public/build/assets/overlay-focus-return-4ESXsuki.js                     1.82 kB │ gzip:   0.89 kB
public/build/assets/control-room-alert-row-actions-CDl7J1be.js           1.85 kB │ gzip:   0.68 kB
public/build/assets/options-BwkaeHrx.js                                  1.86 kB │ gzip:   0.72 kB
public/build/assets/my-day-list-Sx9-E_JH.js                              1.86 kB │ gzip:   0.89 kB
public/build/assets/accordion-DXrNJQ-r.js                                1.87 kB │ gzip:   0.85 kB
public/build/assets/journey-gate-list-DNc-_y1a.js                        1.87 kB │ gzip:   0.86 kB
public/build/assets/fleet-utils-Dx9bPfHw.js                              1.90 kB │ gzip:   0.72 kB
public/build/assets/draft-resume-prompt-B9a5qlh4.js                      1.95 kB │ gzip:   1.01 kB
public/build/assets/respite-subnav-t92tlUJ5.js                           2.01 kB │ gzip:   0.96 kB
public/build/assets/handover-follow-ups-BTcZy3TO.js                      2.02 kB │ gzip:   1.02 kB
public/build/assets/button-Dee_XXRP.js                                   2.05 kB │ gzip:   0.96 kB
public/build/assets/receivables-hub-DAX6nf6C.js                          2.06 kB │ gzip:   0.98 kB
public/build/assets/address-autocomplete-Ch1UafR6.js                     2.07 kB │ gzip:   1.14 kB
public/build/assets/confirm-password-ssP3wFxL.js                         2.07 kB │ gzip:   1.04 kB
public/build/assets/ledger-hub-Bd0ObGz_.js                               2.08 kB │ gzip:   0.95 kB
public/build/assets/_create-recovery-CrdthrDY.js                         2.10 kB │ gzip:   1.07 kB
public/build/assets/reports-hub-CY1JDuTm.js                              2.13 kB │ gzip:   0.94 kB
public/build/assets/banking-hub-BmRCGofi.js                              2.14 kB │ gzip:   1.02 kB
public/build/assets/reports-tabs-BJWETbqx.js                             2.17 kB │ gzip:   1.07 kB
public/build/assets/attention-panel-DYsSQloR.js                          2.17 kB │ gzip:   0.99 kB
public/build/assets/task-step-draft-CXsxV2wS.js                          2.18 kB │ gzip:   1.13 kB
public/build/assets/payroll-hero-DICFqNjg.js                             2.28 kB │ gzip:   1.10 kB
public/build/assets/_memory-recovery-BenR_bmH.js                         2.31 kB │ gzip:   1.21 kB
public/build/assets/reason-dialog-Cttcckqd.js                            2.34 kB │ gzip:   1.28 kB
public/build/assets/datetime-BaD02AH5.js                                 2.39 kB │ gzip:   1.08 kB
public/build/assets/drills-Brzd7WSA.js                                   2.43 kB │ gzip:   1.13 kB
public/build/assets/first-aid-DmKWwmfk.js                                2.47 kB │ gzip:   1.14 kB
public/build/assets/task-help-inbox-DEXyZ7WM.js                          2.48 kB │ gzip:   1.34 kB
public/build/assets/provisioning-request-files-C0fzJ8F_.js               2.56 kB │ gzip:   1.26 kB
public/build/assets/status-badge-BEofTgm1.js                             2.58 kB │ gzip:   1.21 kB
public/build/assets/text-prompt-dialog-2VKheBkv.js                       2.62 kB │ gzip:   1.41 kB
public/build/assets/services-BzVjW3rF.js                                 2.63 kB │ gzip:   1.19 kB
public/build/assets/shift-context-menu-DMvww7gR.js                       2.64 kB │ gzip:   1.37 kB
public/build/assets/care-plan-domains-FIAU9HwA.js                        2.70 kB │ gzip:   1.26 kB
public/build/assets/_icons-BUWMsM_o.js                                   2.70 kB │ gzip:   1.23 kB
public/build/assets/donut-chart-BjEVgtH7.js                              2.71 kB │ gzip:   1.35 kB
public/build/assets/donut-RxOXSbq7.js                                    2.74 kB │ gzip:   1.38 kB
public/build/assets/index-BjmjDcUN.js                                    2.76 kB │ gzip:   0.71 kB
public/build/assets/table-Dq3A4u9f.js                                    2.76 kB │ gzip:   0.70 kB
public/build/assets/financials-DFxJT0YG.js                               2.77 kB │ gzip:   1.35 kB
public/build/assets/readiness-TER3Q9rq.js                                2.78 kB │ gzip:   1.36 kB
public/build/assets/safety-register-DxIENscK.js                          2.83 kB │ gzip:   1.33 kB
public/build/assets/ppe-wNi7I6zc.js                                      2.84 kB │ gzip:   1.10 kB
public/build/assets/register-row-kit-DYBAbrfL.js                         2.86 kB │ gzip:   1.16 kB
public/build/assets/lifecycle-tabs-L1hqAFdd.js                           2.88 kB │ gzip:   1.47 kB
public/build/assets/_tabs-Cfq7ym7i.js                                    2.90 kB │ gzip:   1.48 kB
public/build/assets/_note-category-picker-DBV0GGr6.js                    2.92 kB │ gzip:   1.37 kB
public/build/assets/use-create-shift-launcher-Bfjwgp9T.js                2.92 kB │ gzip:   1.43 kB
public/build/assets/use-form-autosave-BCU3qEhG.js                        2.92 kB │ gzip:   1.46 kB
public/build/assets/toolbar-BL5ZyHp4.js                                  2.92 kB │ gzip:   1.40 kB
public/build/assets/hs-detail-dialog-D__2UZmv.js                         2.93 kB │ gzip:   1.34 kB
public/build/assets/notification-catalog-DveZKd9k.js                     2.96 kB │ gzip:   0.93 kB
public/build/assets/forgot-password-CqZSxlsM.js                          2.99 kB │ gzip:   1.44 kB
public/build/assets/auth-layout-CZtzJmh4.js                              3.03 kB │ gzip:   1.37 kB
public/build/assets/report-launcher-OYX3JigH.js                          3.03 kB │ gzip:   1.51 kB
public/build/assets/tab-strip-FY2Hjql1.js                                3.03 kB │ gzip:   1.38 kB
public/build/assets/_overview-map-card-Z_w_coI2.js                       3.06 kB │ gzip:   1.49 kB
public/build/assets/provisioning-manual-dialog-CKl2Xe-c.js               3.06 kB │ gzip:   1.53 kB
public/build/assets/reset-password-Bk988l3T.js                           3.08 kB │ gzip:   1.25 kB
public/build/assets/two-factor-challenge-5SQNrXXI.js                     3.13 kB │ gzip:   1.47 kB
public/build/assets/dictate-button-B1TdGDw9.js                           3.14 kB │ gzip:   1.60 kB
public/build/assets/use-specialist-form-defaults-DQHn55Td.js             3.14 kB │ gzip:   1.56 kB
public/build/assets/client-edit-dialog-DVJV0dhN.js                       3.16 kB │ gzip:   1.57 kB
public/build/assets/record-care-actions-BHpSsoY0.js                      3.18 kB │ gzip:   1.40 kB
public/build/assets/document-library-kit-JDXmR5R4.js                     3.19 kB │ gzip:   1.08 kB
public/build/assets/risk-assessments-DYSSY1fd.js                         3.21 kB │ gzip:   1.54 kB
public/build/assets/recorded-detail-dialog-BU8CxO0W.js                   3.22 kB │ gzip:   1.59 kB
public/build/assets/resident-map-buALA-pq.js                             3.31 kB │ gzip:   1.61 kB
public/build/assets/control-room-row-actions-kiRRyAfA.js                 3.31 kB │ gzip:   1.49 kB
public/build/assets/row-context-menu-BuvIqrKq.js                         3.33 kB │ gzip:   1.64 kB
public/build/assets/leave-context-menu-DLPvYjQP.js                       3.33 kB │ gzip:   1.64 kB
public/build/assets/_context-menu-CeQQh61p.js                            3.33 kB │ gzip:   1.60 kB
public/build/assets/fleet-compact-hero-BSyKzrRF.js                       3.33 kB │ gzip:   1.45 kB
public/build/assets/compensation-tabs-CsUE-zO9.js                        3.34 kB │ gzip:   1.62 kB
public/build/assets/hs-hero-kit-pgTnPfyt.js                              3.36 kB │ gzip:   1.54 kB
public/build/assets/task-steps-GXuJqTBg.js                               3.38 kB │ gzip:   1.58 kB
public/build/assets/inspections-BP_RrTna.js                              3.38 kB │ gzip:   1.37 kB
public/build/assets/shift-med-snapshot-CEFEUEcD.js                       3.39 kB │ gzip:   1.37 kB
public/build/assets/device-profile-navigation-D0voOBul.js                3.40 kB │ gzip:   1.66 kB
public/build/assets/ra-register-section-CbmIVM3p.js                      3.46 kB │ gzip:   1.76 kB
public/build/assets/command-Bc7eCp8T.js                                  3.47 kB │ gzip:   1.07 kB
public/build/assets/shift-context-menu-D0DgSK9K.js                       3.49 kB │ gzip:   1.66 kB
public/build/assets/_emergency-checklist-CEI-qskT.js                     3.52 kB │ gzip:   1.54 kB
public/build/assets/checklists-xEasnQCr.js                               3.55 kB │ gzip:   1.70 kB
public/build/assets/handover-context-menu-BRXW-Zzk.js                    3.55 kB │ gzip:   1.54 kB
public/build/assets/_readiness-panel-Dv_Fxjki.js                         3.59 kB │ gzip:   1.64 kB
public/build/assets/edit-fP4Txlqa.js                                     3.60 kB │ gzip:   1.61 kB
public/build/assets/filter-bar-BGEApOEJ.js                               3.63 kB │ gzip:   1.44 kB
public/build/assets/journey-term-help-DvmHnbHG.js                        3.64 kB │ gzip:   1.45 kB
public/build/assets/my-provisioning-list-B6EDOgOr.js                     3.67 kB │ gzip:   1.70 kB
public/build/assets/alert-dialog-Db1fJNkD.js                             3.76 kB │ gzip:   1.10 kB
public/build/assets/_geometry-Dx1kFP0e.js                                3.80 kB │ gzip:   1.60 kB
public/build/assets/posting-preview-DZ4rqJfZ.js                          3.85 kB │ gzip:   1.66 kB
public/build/assets/register-CooSp5J-.js                                 3.88 kB │ gzip:   1.46 kB
public/build/assets/MedicationScanVerificationPanel-C-856cqT.js          3.89 kB │ gzip:   1.61 kB
public/build/assets/task-detail-dialog-BHBoba6I.js                       3.90 kB │ gzip:   1.78 kB
public/build/assets/documents-cO96T3my.js                                3.92 kB │ gzip:   1.76 kB
public/build/assets/reference-questionnaire-DJpA-snG.js                  3.94 kB │ gzip:   1.81 kB
public/build/assets/ticket-version-conflict-CZ59ekPf.js                  3.96 kB │ gzip:   1.81 kB
public/build/assets/shift-timeline-summary-C9hcjGvD.js                   3.99 kB │ gzip:   1.67 kB
public/build/assets/calendar-7yJJwFen.js                                 3.99 kB │ gzip:   1.78 kB
public/build/assets/login-120-wpu7.js                                    4.01 kB │ gzip:   1.72 kB
public/build/assets/governed-location-export-dialog-DYzfreyy.js          4.01 kB │ gzip:   1.96 kB
public/build/assets/shared-DQBANKYj.js                                   4.01 kB │ gzip:   1.95 kB
public/build/assets/shift-summary-BFdDV1bn.js                            4.07 kB │ gzip:   1.68 kB
public/build/assets/empty-state-BZjsLVwm.js                              4.11 kB │ gzip:   1.82 kB
public/build/assets/entity-cells-D4oeEItN.js                             4.13 kB │ gzip:   1.63 kB
public/build/assets/index-Bpzl9rqK.js                                    4.13 kB │ gzip:   0.83 kB
public/build/assets/_dialogs-v4FEbgD1.js                                 4.14 kB │ gzip:   1.86 kB
public/build/assets/use-two-factor-auth-QtypXf_a.js                      4.15 kB │ gzip:   1.77 kB
public/build/assets/site-profile-states-1TxjtpSQ.js                      4.17 kB │ gzip:   1.57 kB
public/build/assets/board-bits-DJV0O_4w.js                               4.19 kB │ gzip:   1.58 kB
public/build/assets/specialist-record-list-ygHtBA9Q.js                   4.19 kB │ gzip:   1.96 kB
public/build/assets/hazards-B2afcIWu.js                                  4.24 kB │ gzip:   1.95 kB
public/build/assets/Create-CBLAO3My.js                                   4.29 kB │ gzip:   1.95 kB
public/build/assets/estate-operations-D2hrHbqQ.js                        4.29 kB │ gzip:   1.72 kB
public/build/assets/generate-rounds-modal-B9hma9y7.js                    4.33 kB │ gzip:   2.11 kB
public/build/assets/assets-BTEVqZ4u.js                                   4.33 kB │ gzip:   1.72 kB
public/build/assets/wizard-fields-CBi6G1S-.js                            4.34 kB │ gzip:   1.89 kB
public/build/assets/first-aid-tab-gFrPCVSd.js                            4.34 kB │ gzip:   1.79 kB
public/build/assets/login-CKMIdsj_.js                                    4.37 kB │ gzip:   1.85 kB
public/build/assets/privacy-shared-C9UuHcG8.js                           4.39 kB │ gzip:   1.65 kB
public/build/assets/hardware-Dt0pnK66.js                                 4.45 kB │ gzip:   1.98 kB
public/build/assets/Edit-EubzkyI9.js                                     4.47 kB │ gzip:   2.09 kB
public/build/assets/shift-audit-timeline-09PSzi5W.js                     4.49 kB │ gzip:   1.83 kB
public/build/assets/shared-BQ_N5Vxc.js                                   4.50 kB │ gzip:   1.74 kB
public/build/assets/applicable-procedures-panel-BmzVLze5.js              4.52 kB │ gzip:   1.75 kB
public/build/assets/concern-D3cMYQWk.js                                  4.53 kB │ gzip:   2.11 kB
public/build/assets/task-help-DelO9cIj.js                                4.61 kB │ gzip:   1.95 kB
public/build/assets/client-clinical-launchers-B_wA8Ic0.js                4.62 kB │ gzip:   2.11 kB
public/build/assets/meal-planner-OU_Z7t3G.js                             4.65 kB │ gzip:   2.18 kB
public/build/assets/incidents-tab-CHrBzOXY.js                            4.72 kB │ gzip:   1.86 kB
public/build/assets/show-CFjgfvwU.js                                     4.72 kB │ gzip:   2.21 kB
public/build/assets/dialog-B44wPmIZ.js                                   4.75 kB │ gzip:   1.58 kB
public/build/assets/donut-card-BwnfSjei.js                               4.76 kB │ gzip:   2.08 kB
public/build/assets/control-room-workspace-hero-DDQ3EYun.js              4.76 kB │ gzip:   2.26 kB
public/build/assets/Placeholder-BES43Go1.js                              4.80 kB │ gzip:   2.29 kB
public/build/assets/plan-D1xnkAsc.js                                     4.82 kB │ gzip:   2.16 kB
public/build/assets/_asset-dialogs-zQRSqS8T.js                           4.83 kB │ gzip:   2.30 kB
public/build/assets/entity-filter-e6SZngFY.js                            4.89 kB │ gzip:   2.28 kB
public/build/assets/permission-destinations-BIcjNkom.js                  4.93 kB │ gzip:   1.12 kB
public/build/assets/page-tabs-B2Z6PRv4.js                                4.94 kB │ gzip:   2.03 kB
public/build/assets/show-C0LCAxa2.js                                     4.97 kB │ gzip:   2.23 kB
public/build/assets/whats-next-rail-ChCODGeq.js                          4.99 kB │ gzip:   2.37 kB
public/build/assets/index-CRwUNgt3.js                                    5.06 kB │ gzip:   2.26 kB
public/build/assets/client-safety-ribbon-Cx2ybsjj.js                     5.10 kB │ gzip:   2.24 kB
public/build/assets/Index-C9I5-2Lt.js                                    5.11 kB │ gzip:   2.31 kB
public/build/assets/entity-table-D5O_S99a.js                             5.12 kB │ gzip:   2.24 kB
public/build/assets/show-C2k7WhRW.js                                     5.13 kB │ gzip:   2.36 kB
public/build/assets/show-BEL9lMTB.js                                     5.14 kB │ gzip:   2.19 kB
public/build/assets/show-BqU5CP2K.js                                     5.15 kB │ gzip:   2.16 kB
public/build/assets/Calendar-D29hI1-C.js                                 5.16 kB │ gzip:   2.31 kB
public/build/assets/prn-effect-dialog-B4OnemiK.js                        5.19 kB │ gzip:   2.28 kB
public/build/assets/shared-BrVA3oUX.js                                   5.20 kB │ gzip:   2.04 kB
public/build/assets/day-picker-chip-D5ytdLDQ.js                          5.21 kB │ gzip:   2.23 kB
public/build/assets/global-DrcF81kZ.js                                   5.21 kB │ gzip:   2.34 kB
public/build/assets/list-view-DXy1xlTF.js                                5.22 kB │ gzip:   1.83 kB
public/build/assets/index-DfPSV2VN.js                                    5.23 kB │ gzip:   2.33 kB
public/build/assets/before-you-finish-BdPgt0VG.js                        5.25 kB │ gzip:   2.13 kB
public/build/assets/wizard-shell-BXcL50vp.js                             5.31 kB │ gzip:   2.31 kB
public/build/assets/application-status-Bab8q5Sz.js                       5.31 kB │ gzip:   2.16 kB
public/build/assets/care-plan-domains-builder-Bp4KAPUC.js                5.33 kB │ gzip:   2.08 kB
public/build/assets/index-BejCy5EX.js                                    5.34 kB │ gzip:   2.41 kB
public/build/assets/shared-CmyqTydH.js                                   5.34 kB │ gzip:   2.38 kB
public/build/assets/entity-menu-B7O8krH6.js                              5.35 kB │ gzip:   2.45 kB
public/build/assets/paperwork-panel-B1dlA-pI.js                          5.38 kB │ gzip:   2.34 kB
public/build/assets/Calendar-BK00Kj1Q.js                                 5.38 kB │ gzip:   2.43 kB
public/build/assets/contacts-CYdoZih4.js                                 5.38 kB │ gzip:   2.30 kB
public/build/assets/_thumbnail-BZKz7LIb.js                               5.40 kB │ gzip:   2.54 kB
public/build/assets/index-HM5lDIUS.js                                    5.43 kB │ gzip:   2.51 kB
public/build/assets/index-C6wVM7HE.js                                    5.45 kB │ gzip:   0.87 kB
public/build/assets/audit-B4-cUCG_.js                                    5.58 kB │ gzip:   2.55 kB
public/build/assets/index-CeeDeR4K.js                                    5.59 kB │ gzip:   2.43 kB
public/build/assets/date-popover-C1FUFUL3.js                             5.60 kB │ gzip:   2.41 kB
public/build/assets/audit-log-modal-CWWK4uAv.js                          5.60 kB │ gzip:   2.51 kB
public/build/assets/medication-review-modal-DWtkWEfh.js                  5.64 kB │ gzip:   2.54 kB
public/build/assets/index-BAm2Y4s9.js                                    5.68 kB │ gzip:   2.64 kB
public/build/assets/index-quCSnZ5H.js                                    5.68 kB │ gzip:   2.60 kB
public/build/assets/index-CnWF91mm.js                                    5.74 kB │ gzip:   2.65 kB
public/build/assets/with-concerns-C_udwFHY.js                            5.76 kB │ gzip:   2.58 kB
public/build/assets/with-incidents-rvveu2bS.js                           5.76 kB │ gzip:   2.58 kB
public/build/assets/complete-obligation-dialog-DvoUuA1r.js               5.76 kB │ gzip:   2.57 kB
public/build/assets/index-BUjo5XCU.js                                    5.78 kB │ gzip:   2.60 kB
public/build/assets/show-Che3kKyw.js                                     5.78 kB │ gzip:   2.64 kB
public/build/assets/rhythms-routines-C7APpyKI.js                         5.79 kB │ gzip:   2.63 kB
public/build/assets/emergency-plan-fjVsi4Hn.js                           5.83 kB │ gzip:   2.62 kB
public/build/assets/index-hsiJPmIg.js                                    5.83 kB │ gzip:   2.65 kB
public/build/assets/show-D4wWv5fF.js                                     5.86 kB │ gzip:   2.34 kB
public/build/assets/select-D9rxATfo.js                                   5.86 kB │ gzip:   1.90 kB
public/build/assets/multi-entity-filter-imW-QiC6.js                      5.86 kB │ gzip:   2.62 kB
public/build/assets/dropdown-menu-Crrpuo-i.js                            5.88 kB │ gzip:   1.65 kB
public/build/assets/stat-tile-CScK2rbG.js                                5.89 kB │ gzip:   2.52 kB
public/build/assets/GovernanceAttachmentsPanel-CFwclytU.js               5.91 kB │ gzip:   2.49 kB
public/build/assets/index-C0dnJs89.js                                    5.92 kB │ gzip:   2.65 kB
public/build/assets/for-stay-CDc2XZxl.js                                 5.93 kB │ gzip:   2.64 kB
public/build/assets/create-Je3Feqy7.js                                   5.94 kB │ gzip:   2.46 kB
public/build/assets/_helpers-CMlRtJDi.js                                 5.94 kB │ gzip:   2.44 kB
public/build/assets/show-CO8M6zW7.js                                     5.97 kB │ gzip:   2.68 kB
public/build/assets/Create-C-173Qu2.js                                   6.01 kB │ gzip:   2.78 kB
public/build/assets/compliance-bits-CXJNrMTS.js                          6.02 kB │ gzip:   2.53 kB
public/build/assets/index-D9g8UW6W.js                                    6.06 kB │ gzip:   1.04 kB
public/build/assets/link-client-dialog-DgzHfBFm.js                       6.06 kB │ gzip:   2.58 kB
public/build/assets/overdue-DfQCN3KQ.js                                  6.07 kB │ gzip:   2.67 kB
public/build/assets/stream-context-menu-DXfcC-rI.js                      6.08 kB │ gzip:   2.79 kB
public/build/assets/unacknowledged-ClZNXE2V.js                           6.11 kB │ gzip:   2.67 kB
public/build/assets/overdue-CdK2o-zI.js                                  6.11 kB │ gzip:   2.68 kB
public/build/assets/my-active-CyENgMjd.js                                6.11 kB │ gzip:   2.74 kB
public/build/assets/food-meal-Bcq9Kc-5.js                                6.12 kB │ gzip:   2.11 kB
public/build/assets/Create-CLMNc8oI.js                                   6.14 kB │ gzip:   2.80 kB
public/build/assets/maps-usage-DB_snJpj.js                               6.19 kB │ gzip:   2.73 kB
public/build/assets/compliance-hub-header-CnfRrv0n.js                    6.22 kB │ gzip:   2.75 kB
public/build/assets/recognition-wizard-C6eIzefw.js                       6.27 kB │ gzip:   2.43 kB
public/build/assets/index-BgUi4R6q.js                                    6.30 kB │ gzip:   0.99 kB
public/build/assets/for-client-BlKynQ39.js                               6.31 kB │ gzip:   2.76 kB
public/build/assets/quick-note-dialog-DP4kbGJU.js                        6.36 kB │ gzip:   2.65 kB
public/build/assets/use-my-day-labels-CyT6Oz92.js                        6.38 kB │ gzip:   2.60 kB
public/build/assets/entity-card-CAZnDqEp.js                              6.39 kB │ gzip:   2.73 kB
public/build/assets/stock-movement-modal-A9MRodZG.js                     6.40 kB │ gzip:   2.62 kB
public/build/assets/offer-response-DzdnmmWW.js                           6.41 kB │ gzip:   2.61 kB
public/build/assets/compensation-hero-CqqzHID_.js                        6.42 kB │ gzip:   2.49 kB
public/build/assets/needing-acknowledgment-CUBsJw4o.js                   6.43 kB │ gzip:   2.75 kB
public/build/assets/for-stay-CzfxPt40.js                                 6.45 kB │ gzip:   2.87 kB
public/build/assets/meal-planner-C5cGJJcc.js                             6.46 kB │ gzip:   2.89 kB
public/build/assets/price-book-dialog-Dc_cDXOG.js                        6.47 kB │ gzip:   2.74 kB
public/build/assets/assignments-BkIjq28F.js                              6.48 kB │ gzip:   3.09 kB
public/build/assets/show-BpuXT-uZ.js                                     6.49 kB │ gzip:   3.01 kB
public/build/assets/auto-rule-builder-CFXdfEzv.js                        6.50 kB │ gzip:   2.43 kB
public/build/assets/tabs-OBXoO-kT.js                                     6.50 kB │ gzip:   2.68 kB
public/build/assets/checklist-trends-Bc5XqbUV.js                         6.50 kB │ gzip:   2.84 kB
public/build/assets/clients-QDiFsdTq.js                                  6.51 kB │ gzip:   2.76 kB
public/build/assets/list-view-Dgu2p7Q3.js                                6.53 kB │ gzip:   2.36 kB
public/build/assets/trend-charts-CfMZyUEr.js                             6.56 kB │ gzip:   2.53 kB
public/build/assets/for-stay-D6f2fYq7.js                                 6.56 kB │ gzip:   2.94 kB
public/build/assets/ppe-shared-gZyFs_gg.js                               6.56 kB │ gzip:   2.65 kB
public/build/assets/actions-reviews-BdSXNArA.js                          6.59 kB │ gzip:   2.68 kB
public/build/assets/my-tasks-Czit73tQ.js                                 6.64 kB │ gzip:   2.93 kB
public/build/assets/sortable.esm-TrASzQ3t.js                             6.64 kB │ gzip:   2.78 kB
public/build/assets/combined-C77pSfja.js                                 6.67 kB │ gzip:   2.86 kB
public/build/assets/awaiting-approval-DeLl9ymU.js                        6.68 kB │ gzip:   2.88 kB
public/build/assets/agreements-BtkoPPDV.js                               6.70 kB │ gzip:   3.12 kB
public/build/assets/index-C5wxcyVr.js                                    6.72 kB │ gzip:   2.88 kB
public/build/assets/assets-CokRAvcV.js                                   6.73 kB │ gzip:   2.81 kB
public/build/assets/checklist-8sg3GMna.js                                6.74 kB │ gzip:   2.94 kB
public/build/assets/_registers-B3W34NqM.js                               6.75 kB │ gzip:   2.64 kB
public/build/assets/Index-BNpsMhrA.js                                    6.76 kB │ gzip:   2.91 kB
public/build/assets/Show-CxhzV_xy.js                                     6.77 kB │ gzip:   2.79 kB
public/build/assets/shift-calendar-view-BhSpOuVz.js                      6.78 kB │ gzip:   2.74 kB
public/build/assets/_header-BsDtUd6l.js                                  6.79 kB │ gzip:   3.15 kB
public/build/assets/Show-Dc8kiOhw.js                                     6.80 kB │ gzip:   2.91 kB
public/build/assets/index-BKuL1aI8.js                                    6.82 kB │ gzip:   1.08 kB
public/build/assets/Index-FQXjjXhr.js                                    6.82 kB │ gzip:   2.91 kB
public/build/assets/handover-rail-B7XDm-_z.js                            6.82 kB │ gzip:   2.89 kB
public/build/assets/preferences-C3Ss7nka.js                              6.85 kB │ gzip:   3.09 kB
public/build/assets/review-E6ffbTwF.js                                   6.87 kB │ gzip:   2.94 kB
public/build/assets/clock-in-wizard-BiiKUQoW.js                          6.88 kB │ gzip:   2.94 kB
public/build/assets/board-view-D_ypLuYA.js                               6.89 kB │ gzip:   2.72 kB
public/build/assets/day-work-list-CMwI6X6z.js                            6.91 kB │ gzip:   2.82 kB
public/build/assets/Logs-BaG5Tyh4.js                                     6.92 kB │ gzip:   2.88 kB
public/build/assets/index-DwrcHuEe.js                                    6.94 kB │ gzip:   2.81 kB
public/build/assets/index-BW65OdhG.js                                    6.94 kB │ gzip:   1.05 kB
public/build/assets/fleet-charts-DOKUIcvc.js                             7.03 kB │ gzip:   2.98 kB
public/build/assets/index-DjKSv5Tj.js                                    7.03 kB │ gzip:   2.99 kB
public/build/assets/index-DpHrzofe.js                                    7.04 kB │ gzip:   2.99 kB
public/build/assets/alert-worklist-D0ogclLw.js                           7.05 kB │ gzip:   2.64 kB
public/build/assets/_site-geofence-dialog-DCDYwfmy.js                    7.06 kB │ gzip:   2.70 kB
public/build/assets/create-DwSqIqGD.js                                   7.06 kB │ gzip:   3.10 kB
public/build/assets/Edit-BTQUjabu.js                                     7.07 kB │ gzip:   3.05 kB
public/build/assets/create-CAgfMm3k.js                                   7.08 kB │ gzip:   2.99 kB
public/build/assets/reports-modal-7hCuzXcv.js                            7.13 kB │ gzip:   2.96 kB
public/build/assets/monitoring-incident-evidence-card-CQ9lA3Xu.js        7.16 kB │ gzip:   2.52 kB
public/build/assets/fix-clock-out-wizard-BHkInUFB.js                     7.18 kB │ gzip:   3.06 kB
public/build/assets/fleet-hero-kit-D9B9V1D0.js                           7.19 kB │ gzip:   2.89 kB
public/build/assets/Create-v2cRp7Ei.js                                   7.19 kB │ gzip:   3.15 kB
public/build/assets/leave-excursions-BZyyAfik.js                         7.21 kB │ gzip:   2.38 kB
public/build/assets/payroll-adjustments-CDqrKcaP.js                      7.24 kB │ gzip:   2.91 kB
public/build/assets/new-journal-dialog-CCRJ_Iq0.js                       7.31 kB │ gzip:   2.69 kB
public/build/assets/deletion-logs-C8quo5qN.js                            7.31 kB │ gzip:   3.18 kB
public/build/assets/respite-A1iM3Qyl.js                                  7.31 kB │ gzip:   2.81 kB
public/build/assets/Mapping-BMbx6u75.js                                  7.34 kB │ gzip:   3.07 kB
public/build/assets/Create-Bx_6rM7t.js                                   7.35 kB │ gzip:   3.22 kB
public/build/assets/people-picker-Ctqrp5RU.js                            7.35 kB │ gzip:   3.14 kB
public/build/assets/show-DpmNgTu8.js                                     7.35 kB │ gzip:   2.98 kB
public/build/assets/provisioning-picker-G0DEk27k.js                      7.39 kB │ gzip:   3.29 kB
public/build/assets/for-stay-BbNeuj2t.js                                 7.40 kB │ gzip:   3.10 kB
public/build/assets/assignments-CvhfeVD1.js                              7.42 kB │ gzip:   3.40 kB
public/build/assets/medical-simple-B3loX7gL.js                           7.46 kB │ gzip:   3.27 kB
public/build/assets/_review-dialog-CshuN2QT.js                           7.47 kB │ gzip:   3.13 kB
public/build/assets/Index-D1fyoJ-o.js                                    7.54 kB │ gzip:   3.21 kB
public/build/assets/compliance-hero-BQT_dIxP.js                          7.56 kB │ gzip:   2.60 kB
public/build/assets/Submissions-G8t7Q97b.js                              7.56 kB │ gzip:   3.55 kB
public/build/assets/index-CBNRxs1V.js                                    7.58 kB │ gzip:   3.20 kB
public/build/assets/shared-9Q4pUzbk.js                                   7.61 kB │ gzip:   3.05 kB
public/build/assets/history-index-LVBDEt7W.js                            7.62 kB │ gzip:   3.36 kB
public/build/assets/show-Cn8iFOQJ.js                                     7.62 kB │ gzip:   3.36 kB
public/build/assets/pending-ChFPeFAS.js                                  7.67 kB │ gzip:   3.28 kB
public/build/assets/from-resolution-DE7F8WUt.js                          7.73 kB │ gzip:   3.44 kB
public/build/assets/report-error-modal-DE4TgHAf.js                       7.76 kB │ gzip:   3.27 kB
public/build/assets/notifications-Bz8Kr3Zf.js                            7.77 kB │ gzip:   3.44 kB
public/build/assets/communication-notes-D3xXxSir.js                      7.79 kB │ gzip:   3.16 kB
public/build/assets/shoutouts-BLX-V678.js                                7.85 kB │ gzip:   3.43 kB
public/build/assets/index-C2aqdcbh.js                                    7.90 kB │ gzip:   3.27 kB
public/build/assets/availability-C7CTueHI.js                             7.91 kB │ gzip:   3.51 kB
public/build/assets/BoardMonthly-DM0avEx9.js                             7.97 kB │ gzip:   3.26 kB
public/build/assets/daily-note-entry-CX-_Fayv.js                         7.97 kB │ gzip:   3.03 kB
public/build/assets/index-BtSRDpN8.js                                    7.98 kB │ gzip:   3.00 kB
public/build/assets/incidents-B9Ap-17X.js                                7.99 kB │ gzip:   3.18 kB
public/build/assets/password-YGCfoKRM.js                                 8.00 kB │ gzip:   3.18 kB
public/build/assets/attestations-hHvNA10D.js                             8.04 kB │ gzip:   3.48 kB
public/build/assets/run-ByVVgwMb.js                                      8.05 kB │ gzip:   2.78 kB
public/build/assets/Committee-Dat0_Bpe.js                                8.07 kB │ gzip:   3.53 kB
public/build/assets/file-dropzone-CEHmDVvr.js                            8.08 kB │ gzip:   3.49 kB
public/build/assets/Show-CxTP0h9S.js                                     8.10 kB │ gzip:   3.18 kB
public/build/assets/audit-history-aXL8ea2J.js                            8.13 kB │ gzip:   3.25 kB
public/build/assets/_tool-palette-BRNw862O.js                            8.17 kB │ gzip:   2.97 kB
public/build/assets/Create-BC0oCfvM.js                                   8.24 kB │ gzip:   3.48 kB
public/build/assets/asset-condition-BuUhf5U7.js                          8.26 kB │ gzip:   3.31 kB
public/build/assets/credentials-CUOJcJ_a.js                              8.26 kB │ gzip:   3.38 kB
public/build/assets/work-schedule-jY3HAcyg.js                            8.26 kB │ gzip:   3.42 kB
public/build/assets/Index-kpKniRTM.js                                    8.28 kB │ gzip:   3.59 kB
public/build/assets/shell-ehNW3695.js                                    8.30 kB │ gzip:   2.99 kB
public/build/assets/index-Um7LJuDc.js                                    8.32 kB │ gzip:   3.55 kB
public/build/assets/index-sNp-MOVq.js                                    8.32 kB │ gzip:   3.56 kB
public/build/assets/Entries-DboveYAz.js                                  8.35 kB │ gzip:   3.56 kB
public/build/assets/settings-CWdndfhx.js                                 8.37 kB │ gzip:   3.64 kB
public/build/assets/round-template-dialog-DWFhqeQ_.js                    8.39 kB │ gzip:   3.49 kB
public/build/assets/reassign-dialog-ji_cxtgP.js                          8.42 kB │ gzip:   3.60 kB
public/build/assets/index-Dlg97wMc.js                                    8.44 kB │ gzip:   1.27 kB
public/build/assets/show-G7IHESp_.js                                     8.45 kB │ gzip:   2.86 kB
public/build/assets/form-wizard-CyeHrloa.js                              8.49 kB │ gzip:   3.49 kB
public/build/assets/Index-DAWgLk5m.js                                    8.49 kB │ gzip:   3.74 kB
public/build/assets/my-day-header-CAD9JeUN.js                            8.50 kB │ gzip:   3.70 kB
public/build/assets/show-BveGIURA.js                                     8.51 kB │ gzip:   3.81 kB
public/build/assets/Aging-Uw7Au7HS.js                                    8.54 kB │ gzip:   3.34 kB
public/build/assets/overdue-actions-CUySbBfb.js                          8.55 kB │ gzip:   3.55 kB
public/build/assets/Edit-D49RR4mL.js                                     8.64 kB │ gzip:   3.77 kB
public/build/assets/Index-BLXQBMjP.js                                    8.65 kB │ gzip:   3.46 kB
public/build/assets/assess-Dngc4INm.js                                   8.66 kB │ gzip:   3.61 kB
public/build/assets/primitives-BV5UnfL-.js                               8.69 kB │ gzip:   3.27 kB
public/build/assets/index-6q4F0aSu.js                                    8.69 kB │ gzip:   3.63 kB
public/build/assets/bank-account-dialog-DpeK8Kxk.js                      8.70 kB │ gzip:   3.38 kB
public/build/assets/Index-ShyIA0td.js                                    8.71 kB │ gzip:   3.74 kB
public/build/assets/Index-BqMpAHH7.js                                    8.73 kB │ gzip:   3.75 kB
public/build/assets/file-DXgaHIzQ.js                                     8.76 kB │ gzip:   3.72 kB
public/build/assets/ClientTrends-DRJVm0U5.js                             8.76 kB │ gzip:   3.76 kB
public/build/assets/personal-entry-dialog-DthoIbgf.js                    8.79 kB │ gzip:   3.29 kB
public/build/assets/Index-A4tIT5vV.js                                    8.80 kB │ gzip:   3.52 kB
public/build/assets/index-ACtPRJ5d.js                                    8.82 kB │ gzip:   1.26 kB
public/build/assets/index-1LNasfdx.js                                    8.83 kB │ gzip:   3.46 kB
public/build/assets/index-BNtNqz7l.js                                    8.83 kB │ gzip:   3.77 kB
public/build/assets/index-CeOtq1k5.js                                    8.84 kB │ gzip:   3.85 kB
public/build/assets/add-medication-modal-Dp-j8WkD.js                     8.87 kB │ gzip:   3.64 kB
public/build/assets/reports-C-SIpEcx.js                                  8.96 kB │ gzip:   3.72 kB
public/build/assets/timeline-interactions-lYVUy7fj.js                    8.96 kB │ gzip:   3.62 kB
public/build/assets/CarePlans-CG8CzQqe.js                                8.97 kB │ gzip:   3.61 kB
public/build/assets/Show-DqWe9tcC.js                                     9.00 kB │ gzip:   4.01 kB
public/build/assets/fleet-Dm3mh8H_.js                                    9.05 kB │ gzip:   3.16 kB
public/build/assets/Index-DAfo7Lbt.js                                    9.05 kB │ gzip:   3.68 kB
public/build/assets/Show-KM2RxvMP.js                                     9.06 kB │ gzip:   3.93 kB
public/build/assets/Create-CWrGhivC.js                                   9.08 kB │ gzip:   3.87 kB
public/build/assets/hero-kit-DnrDflY1.js                                 9.08 kB │ gzip:   2.98 kB
public/build/assets/Create-C6FhMKL4.js                                   9.09 kB │ gzip:   3.70 kB
public/build/assets/history-CxcmUxRx.js                                  9.14 kB │ gzip:   3.68 kB
public/build/assets/Index-BEagq6fq.js                                    9.17 kB │ gzip:   3.97 kB
public/build/assets/benefits-2hiPKh2q.js                                 9.18 kB │ gzip:   3.64 kB
public/build/assets/Edit-Q_K-GcpB.js                                     9.22 kB │ gzip:   3.83 kB
public/build/assets/Changes-BwAJCmHV.js                                  9.24 kB │ gzip:   3.76 kB
public/build/assets/reimbursement-B1oDcRba.js                            9.25 kB │ gzip:   3.60 kB
public/build/assets/module-CAw27W3i.js                                   9.25 kB │ gzip:   4.12 kB
public/build/assets/index-B50Y48iN.js                                    9.26 kB │ gzip:   3.91 kB
public/build/assets/note-rail-D_rLNMP4.js                                9.29 kB │ gzip:   3.55 kB
public/build/assets/create-R-UGeP0v.js                                   9.29 kB │ gzip:   3.90 kB
public/build/assets/upload-Cgm8UgzY.js                                   9.30 kB │ gzip:   3.89 kB
public/build/assets/show-C9jmVZfu.js                                     9.33 kB │ gzip:   3.71 kB
public/build/assets/shift-show-redesign-B8qRcWHW.js                      9.34 kB │ gzip:   3.58 kB
public/build/assets/knowledge-related-records-CeLz8aHS.js                9.37 kB │ gzip:   3.77 kB
public/build/assets/cd-register-modal-DlYSHDEC.js                        9.37 kB │ gzip:   3.85 kB
public/build/assets/retention-DFAwrEme.js                                9.38 kB │ gzip:   3.75 kB
public/build/assets/_manage-types-dialog-CRJknOD1.js                     9.39 kB │ gzip:   3.83 kB
public/build/assets/respond-BRHNX_X0.js                                  9.42 kB │ gzip:   4.12 kB
public/build/assets/index-ubWwQxUO.js                                    9.43 kB │ gzip:   3.84 kB
public/build/assets/Index-YqTHxpEo.js                                    9.45 kB │ gzip:   3.95 kB
public/build/assets/Create-DWEqUKoa.js                                   9.45 kB │ gzip:   3.83 kB
public/build/assets/Create-DfWKE61Y.js                                   9.47 kB │ gzip:   3.91 kB
public/build/assets/create-DZDgmx7D.js                                   9.48 kB │ gzip:   3.92 kB
public/build/assets/reviews-Crl7xoD_.js                                  9.49 kB │ gzip:   4.25 kB
public/build/assets/Create-CHC5g95u.js                                   9.51 kB │ gzip:   3.84 kB
public/build/assets/Edit-Deh8QUpQ.js                                     9.59 kB │ gzip:   3.95 kB
public/build/assets/MyInterests-C7P6n6pp.js                              9.59 kB │ gzip:   3.88 kB
public/build/assets/for-stay-Vz3-SQHt.js                                 9.61 kB │ gzip:   3.73 kB
public/build/assets/index-CJXX_vfX.js                                    9.61 kB │ gzip:   3.84 kB
public/build/assets/Create-B7lY2qC1.js                                   9.62 kB │ gzip:   3.91 kB
public/build/assets/pending-J69cBgus.js                                  9.64 kB │ gzip:   3.68 kB
public/build/assets/family-tree-C5s3tBGM.js                              9.68 kB │ gzip:   3.64 kB
public/build/assets/Committee-BnSYQbXS.js                                9.68 kB │ gzip:   3.83 kB
public/build/assets/ComplianceStatus-DVgZia_Q.js                         9.69 kB │ gzip:   3.80 kB
public/build/assets/Create-q3B-pvvN.js                                   9.69 kB │ gzip:   3.90 kB
public/build/assets/index-CZlaWmso.js                                    9.70 kB │ gzip:   3.88 kB
public/build/assets/create-D28t4U8D.js                                   9.70 kB │ gzip:   4.14 kB
public/build/assets/AgedPayables-C2n_KScu.js                             9.73 kB │ gzip:   3.50 kB
public/build/assets/stream-item-Boayjf1B.js                              9.74 kB │ gzip:   3.61 kB
public/build/assets/AgedReceivables-D13_Ww1s.js                          9.75 kB │ gzip:   3.51 kB
public/build/assets/my-calendar-CVA3Bez1.js                              9.76 kB │ gzip:   4.51 kB
public/build/assets/Index-CCXlYOoV.js                                    9.76 kB │ gzip:   4.17 kB
public/build/assets/Create-BwKiryHq.js                                   9.76 kB │ gzip:   3.94 kB
public/build/assets/Show-x2kmHOTV.js                                     9.77 kB │ gzip:   3.94 kB
public/build/assets/linked-operational-evidence-Ct8O8AEj.js              9.78 kB │ gzip:   3.16 kB
public/build/assets/template-C3lzHZjc.js                                 9.79 kB │ gzip:   3.95 kB
public/build/assets/_food-meal-preferences-7nXUhDE0.js                   9.82 kB │ gzip:   3.80 kB
public/build/assets/create-DrfO7jkT.js                                   9.85 kB │ gzip:   3.98 kB
public/build/assets/Create-bfs83lTQ.js                                   9.86 kB │ gzip:   3.86 kB
public/build/assets/show-C6l_3fS_.js                                     9.86 kB │ gzip:   3.86 kB
public/build/assets/policies-DgBqJMyw.js                                 9.88 kB │ gzip:   4.02 kB
public/build/assets/Edit-CDkJgx5Q.js                                     9.92 kB │ gzip:   4.16 kB
public/build/assets/legal-holds-B-B236q6.js                              9.94 kB │ gzip:   4.03 kB
public/build/assets/show-BVtBYqlg.js                                     9.95 kB │ gzip:   3.92 kB
public/build/assets/Index-bWv7v_K8.js                                    9.97 kB │ gzip:   4.29 kB
public/build/assets/succession-wizards-DaHdzzgo.js                       9.98 kB │ gzip:   3.99 kB
public/build/assets/Index-DC-Cl9C3.js                                    9.98 kB │ gzip:   4.08 kB
public/build/assets/unifi-8CqMoCN_.js                                    9.98 kB │ gzip:   3.97 kB
public/build/assets/Index-C3UOaGy9.js                                   10.00 kB │ gzip:   3.94 kB
public/build/assets/create-BO7X6Bto.js                                  10.01 kB │ gzip:   4.11 kB
public/build/assets/ClientSummary-Bq-zITG6.js                           10.03 kB │ gzip:   3.59 kB
public/build/assets/index-NGoxinU9.js                                   10.03 kB │ gzip:   4.19 kB
public/build/assets/Index-BeEqFx4x.js                                   10.05 kB │ gzip:   4.13 kB
public/build/assets/finance-B1IQ_HCk.js                                 10.05 kB │ gzip:   3.53 kB
public/build/assets/quick-add-task-DHqLstDv.js                          10.06 kB │ gzip:   3.83 kB
public/build/assets/index-D6r689We.js                                   10.09 kB │ gzip:   3.97 kB
public/build/assets/vehicle-technology-projection-DTcAcHQ6.js           10.09 kB │ gzip:   3.40 kB
public/build/assets/grouped-profile-nav-BnSjSsC5.js                     10.09 kB │ gzip:   3.87 kB
public/build/assets/Dashboard-C5BvvAuS.js                               10.10 kB │ gzip:   4.11 kB
public/build/assets/Attestations-CJdRg2KG.js                            10.10 kB │ gzip:   4.08 kB
public/build/assets/Index-Dv9lDgzx.js                                   10.14 kB │ gzip:   4.16 kB
public/build/assets/show-DYtlXEaM.js                                    10.15 kB │ gzip:   3.73 kB
public/build/assets/saved-B5QgkLRA.js                                   10.16 kB │ gzip:   4.17 kB
public/build/assets/edit-CPD-DrbF.js                                    10.16 kB │ gzip:   4.19 kB
public/build/assets/risks-DZaDQstY.js                                   10.18 kB │ gzip:   3.84 kB
public/build/assets/status-rYi1qMdx.js                                  10.21 kB │ gzip:   4.07 kB
public/build/assets/edit-CchOUPzD.js                                    10.22 kB │ gzip:   4.15 kB
public/build/assets/Index-DiZAKikN.js                                   10.25 kB │ gzip:   4.21 kB
public/build/assets/asset-finance-technology-projection-asw5v54w.js     10.27 kB │ gzip:   3.49 kB
public/build/assets/staff-requirements-BamyZP80.js                      10.27 kB │ gzip:   3.80 kB
public/build/assets/record-wizard-shared-CHf-1gyx.js                    10.28 kB │ gzip:   3.92 kB
public/build/assets/modules-CXbLaFkz.js                                 10.29 kB │ gzip:   4.12 kB
public/build/assets/Index-CmoXCf2i.js                                   10.32 kB │ gzip:   4.18 kB
public/build/assets/Edit-B8GCATlF.js                                    10.33 kB │ gzip:   4.15 kB
public/build/assets/create-BogcqRW9.js                                  10.34 kB │ gzip:   3.51 kB
public/build/assets/_inventory-table-DtJiZSRm.js                        10.34 kB │ gzip:   3.74 kB
public/build/assets/Edit-Bvanp8Br.js                                    10.35 kB │ gzip:   4.23 kB
public/build/assets/Statements-BJzyp3wW.js                              10.36 kB │ gzip:   4.04 kB
public/build/assets/compliance-mAPQBmOa.js                              10.37 kB │ gzip:   4.10 kB
public/build/assets/index-Dg4nHb3y.js                                   10.37 kB │ gzip:   1.53 kB
public/build/assets/Index-DHVAGV0q.js                                   10.38 kB │ gzip:   3.94 kB
public/build/assets/index-DkWyBwfJ.js                                   10.39 kB │ gzip:   4.08 kB
public/build/assets/portal-users-Du8GUSRS.js                            10.40 kB │ gzip:   4.29 kB
public/build/assets/Show-2hKT8sPz.js                                    10.43 kB │ gzip:   3.91 kB
public/build/assets/documents-CxSm4vsu.js                               10.44 kB │ gzip:   3.67 kB
public/build/assets/marketing-layout-B9uP7Bqc.js                        10.47 kB │ gzip:   3.33 kB
public/build/assets/Create-BK6wIP5k.js                                  10.49 kB │ gzip:   4.43 kB
public/build/assets/risks-B3iKTTDF.js                                   10.50 kB │ gzip:   3.97 kB
public/build/assets/Index-D165QbsT.js                                   10.51 kB │ gzip:   4.11 kB
public/build/assets/Index-BxLFINSA.js                                   10.54 kB │ gzip:   4.15 kB
public/build/assets/Trends-DjE7R8Wx.js                                  10.57 kB │ gzip:   4.22 kB
public/build/assets/Show-BFBV_arS.js                                    10.58 kB │ gzip:   4.09 kB
public/build/assets/create-UfSKY0lb.js                                  10.60 kB │ gzip:   4.32 kB
public/build/assets/Show-BiJebXpq.js                                    10.62 kB │ gzip:   4.31 kB
public/build/assets/create-BZDGjq93.js                                  10.69 kB │ gzip:   4.23 kB
public/build/assets/index-BZvUC0ud.js                                   10.71 kB │ gzip:   4.42 kB
public/build/assets/Terminals-BDJSgQtv.js                               10.73 kB │ gzip:   4.11 kB
public/build/assets/photos-BhHQ-njv.js                                  10.73 kB │ gzip:   4.41 kB
public/build/assets/breaches-FRIkCLvJ.js                                10.74 kB │ gzip:   4.24 kB
public/build/assets/Index-B1Q8hOko.js                                   10.74 kB │ gzip:   4.30 kB
public/build/assets/BoardMembers-j5B2CuS_.js                            10.74 kB │ gzip:   4.37 kB
public/build/assets/Create-C41Mo2Ix.js                                  10.75 kB │ gzip:   4.22 kB
public/build/assets/index-BCDd8MDi.js                                   10.80 kB │ gzip:   3.87 kB
public/build/assets/timeline-rkEcujAM.js                                10.80 kB │ gzip:   4.63 kB
public/build/assets/tomorrow-panel-CskpEGYa.js                          10.80 kB │ gzip:   4.25 kB
public/build/assets/summary-DI5Ih-Uk.js                                 10.82 kB │ gzip:   3.97 kB
public/build/assets/Heatmap-B7p7HH8I.js                                 10.83 kB │ gzip:   4.03 kB
public/build/assets/create-wizard-CTGk3Oe4.js                           10.85 kB │ gzip:   3.48 kB
public/build/assets/broadcast-show-C9rf_1fh.js                          10.86 kB │ gzip:   3.95 kB
public/build/assets/index-CI7HzmBH.js                                   10.86 kB │ gzip:   4.20 kB
public/build/assets/_door-B2m7jivU.js                                   10.87 kB │ gzip:   3.81 kB
public/build/assets/Show-Ds36A3c6.js                                    10.87 kB │ gzip:   4.37 kB
public/build/assets/show-supervision-B06q3AXR.js                        10.90 kB │ gzip:   4.10 kB
public/build/assets/work-calendar-settings-CfgLVObI.js                  10.91 kB │ gzip:   4.32 kB
public/build/assets/Edit-BzdDqD1P.js                                    10.93 kB │ gzip:   4.41 kB
public/build/assets/Prepare-BYVFttTN.js                                 10.95 kB │ gzip:   4.29 kB
public/build/assets/notifications-pp3vbNbT.js                           10.95 kB │ gzip:   4.03 kB
public/build/assets/CheckShift-DRfe7T96.js                              10.96 kB │ gzip:   4.63 kB
public/build/assets/Edit-DZTd2PYQ.js                                    11.00 kB │ gzip:   4.32 kB
public/build/assets/Matrix-BtBbMFvK.js                                  11.02 kB │ gzip:   4.70 kB
public/build/assets/index-ubtH2xcj.js                                   11.02 kB │ gzip:   1.52 kB
public/build/assets/visit-requests-Cn91sZbV.js                          11.02 kB │ gzip:   4.46 kB
public/build/assets/handovers-hero-DPlGjua5.js                          11.03 kB │ gzip:   4.82 kB
public/build/assets/Create-Ch_iANhh.js                                  11.09 kB │ gzip:   4.34 kB
public/build/assets/Show-Smnm7t4P.js                                    11.10 kB │ gzip:   4.16 kB
public/build/assets/Index-CXrAsIYx.js                                   11.10 kB │ gzip:   4.49 kB
public/build/assets/create-BpF65I1e.js                                  11.11 kB │ gzip:   4.63 kB
public/build/assets/Index-BxTk4FG4.js                                   11.12 kB │ gzip:   4.56 kB
public/build/assets/surveys-Da4qc8Tk.js                                 11.14 kB │ gzip:   4.42 kB
public/build/assets/Index-BV6_x2xE.js                                   11.15 kB │ gzip:   5.00 kB
public/build/assets/vendors-C0kX6AnT.js                                 11.16 kB │ gzip:   3.65 kB
public/build/assets/clock-out-wizard-DMzeBde8.js                        11.17 kB │ gzip:   4.49 kB
public/build/assets/index-D7v7mHA2.js                                   11.19 kB │ gzip:   4.58 kB
public/build/assets/Index-BNcyTqnC.js                                   11.21 kB │ gzip:   4.66 kB
public/build/assets/index-DImbEnxQ.js                                   11.21 kB │ gzip:   4.03 kB
public/build/assets/Batches-qcMoU4Gz.js                                 11.25 kB │ gzip:   4.43 kB
public/build/assets/dpia-C-5_-1cn.js                                    11.26 kB │ gzip:   4.30 kB
public/build/assets/index-BQ-vdzZJ.js                                   11.26 kB │ gzip:   4.48 kB
public/build/assets/cards-view-DoikWVJh.js                              11.27 kB │ gzip:   4.21 kB
public/build/assets/daily-check-5NEktJVs.js                             11.29 kB │ gzip:   4.53 kB
public/build/assets/privacy-action-modal-ChupCcmq.js                    11.30 kB │ gzip:   4.44 kB
public/build/assets/show-DkxmM3Vr.js                                    11.30 kB │ gzip:   4.85 kB
public/build/assets/Index-x_88UtWH.js                                   11.31 kB │ gzip:   4.23 kB
public/build/assets/dashboard-tabs-C5nlruTQ.js                          11.32 kB │ gzip:   4.22 kB
public/build/assets/Edit-DCUrQM5l.js                                    11.37 kB │ gzip:   4.80 kB
public/build/assets/show-DQ79tSd5.js                                    11.40 kB │ gzip:   4.29 kB
public/build/assets/wizard-configs-DvzQiA3F.js                          11.42 kB │ gzip:   3.50 kB
public/build/assets/Index-Ctfy0oHz.js                                   11.43 kB │ gzip:   4.85 kB
public/build/assets/leave-hub-parts-Cv8WtfbV.js                         11.45 kB │ gzip:   4.21 kB
public/build/assets/community-access-CwKKOP5g.js                        11.52 kB │ gzip:   4.65 kB
public/build/assets/workers-CXL0MTU-.js                                 11.54 kB │ gzip:   4.41 kB
public/build/assets/Index-C7cY9ity.js                                   11.54 kB │ gzip:   5.05 kB
public/build/assets/alerts-config-p52WI85q.js                           11.54 kB │ gzip:   4.41 kB
public/build/assets/Index-CiPsaw8e.js                                   11.55 kB │ gzip:   4.99 kB
public/build/assets/templates-BnoYfLaO.js                               11.55 kB │ gzip:   4.72 kB
public/build/assets/Index-BN2WdTC6.js                                   11.56 kB │ gzip:   4.31 kB
public/build/assets/documents-C04xUvR3.js                               11.59 kB │ gzip:   4.11 kB
public/build/assets/Create-DRPdJQWH.js                                  11.60 kB │ gzip:   4.56 kB
public/build/assets/Index-Ct51CxUr.js                                   11.60 kB │ gzip:   5.08 kB
public/build/assets/create-template-Mrlc-YL2.js                         11.62 kB │ gzip:   4.64 kB
public/build/assets/sign-FXtPXLwi.js                                    11.65 kB │ gzip:   4.58 kB
public/build/assets/profile-D5V3PKP0.js                                 11.65 kB │ gzip:   4.76 kB
public/build/assets/page-hero-CRna5848.js                               11.65 kB │ gzip:   4.47 kB
public/build/assets/assignments-C2INgRBu.js                             11.76 kB │ gzip:   4.73 kB
public/build/assets/Index-CGqY2Uge.js                                   11.77 kB │ gzip:   4.93 kB
public/build/assets/Index-6S73yxMZ.js                                   11.77 kB │ gzip:   4.57 kB
public/build/assets/index-D-4T-Iq1.js                                   11.81 kB │ gzip:   4.51 kB
public/build/assets/RiskNarrative-XaKj2pD1.js                           11.84 kB │ gzip:   4.28 kB
public/build/assets/Index-CxdhMc4n.js                                   11.84 kB │ gzip:   4.81 kB
public/build/assets/rehire-wizard-3IBXqRpQ.js                           11.86 kB │ gzip:   4.48 kB
public/build/assets/_dialogs-3uhrP5kA.js                                11.88 kB │ gzip:   4.47 kB
public/build/assets/workflow-DkbTfZOD.js                                11.92 kB │ gzip:   5.02 kB
public/build/assets/index-BKqjewYF.js                                   11.92 kB │ gzip:   4.85 kB
public/build/assets/shift-list-view-BOpJBarh.js                         11.94 kB │ gzip:   4.71 kB
public/build/assets/medications-DVFIgBrG.js                             11.95 kB │ gzip:   4.30 kB
public/build/assets/log-notifiable-dialog-CBWA17DR.js                   11.97 kB │ gzip:   4.40 kB
public/build/assets/healthcare-devices-C_SGUG2J.js                      11.99 kB │ gzip:   4.18 kB
public/build/assets/apply-CKdVPwj7.js                                   12.00 kB │ gzip:   4.56 kB
public/build/assets/performance-hero-BoboAxOQ.js                        12.00 kB │ gzip:   3.84 kB
public/build/assets/Show-L9ONpkEr.js                                    12.01 kB │ gzip:   4.36 kB
public/build/assets/index-BAuLOy1_.js                                   12.03 kB │ gzip:   4.93 kB
public/build/assets/Index-CpYHia8a.js                                   12.03 kB │ gzip:   4.70 kB
public/build/assets/index-CC-yQcpX.js                                   12.05 kB │ gzip:   4.32 kB
public/build/assets/protocol-form-CRja7afo.js                           12.08 kB │ gzip:   4.39 kB
public/build/assets/index-DMIkF_9X.js                                   12.08 kB │ gzip:   5.19 kB
public/build/assets/edit-BGm632_m.js                                    12.09 kB │ gzip:   4.77 kB
public/build/assets/index-Bch-wYDN.js                                   12.10 kB │ gzip:   4.68 kB
public/build/assets/Create-B8tMQ21b.js                                  12.11 kB │ gzip:   4.73 kB
public/build/assets/time-OwN8WVNQ.js                                    12.11 kB │ gzip:   5.16 kB
public/build/assets/requests-aWK361bB.js                                12.12 kB │ gzip:   4.64 kB
public/build/assets/ppe-wizard-DCXpBn3W.js                              12.15 kB │ gzip:   4.97 kB
public/build/assets/facilities-CjeV-zGE.js                              12.16 kB │ gzip:   5.06 kB
public/build/assets/head-office-e-I7xCa7.js                             12.19 kB │ gzip:   5.13 kB
public/build/assets/it-ticket-comment-contract-BPMJIgLx.js              12.20 kB │ gzip:   3.96 kB
public/build/assets/cards-view-BGo8Wm0A.js                              12.20 kB │ gzip:   4.47 kB
public/build/assets/index-CXuNn04O.js                                   12.21 kB │ gzip:   4.63 kB
public/build/assets/_builder-dialog-BgCZxOIG.js                         12.23 kB │ gzip:   4.88 kB
public/build/assets/_request-dialog-BjDX8bNC.js                         12.25 kB │ gzip:   4.60 kB
public/build/assets/edit-DMCXfaul.js                                    12.25 kB │ gzip:   4.61 kB
public/build/assets/index-v4rKcs9o.js                                   12.26 kB │ gzip:   1.59 kB
public/build/assets/index-B_xj23E8.js                                   12.27 kB │ gzip:   4.33 kB
public/build/assets/Assignments-z76QW3dC.js                             12.30 kB │ gzip:   5.16 kB
public/build/assets/index-BFj6nI_b.js                                   12.31 kB │ gzip:   4.45 kB
public/build/assets/Diff-DDp4MWMD.js                                    12.33 kB │ gzip:   5.30 kB
public/build/assets/index-asYk7HGw.js                                   12.34 kB │ gzip:   4.71 kB
public/build/assets/health-Dh_WWL6r.js                                  12.35 kB │ gzip:   4.16 kB
public/build/assets/show-BrLx36WO.js                                    12.36 kB │ gzip:   4.63 kB
public/build/assets/index-Cqr0xjFU.js                                   12.36 kB │ gzip:   4.84 kB
public/build/assets/Trends-CHFNoFLL.js                                  12.36 kB │ gzip:   5.07 kB
public/build/assets/Index-1Msrm-MP.js                                   12.37 kB │ gzip:   4.76 kB
public/build/assets/show-Q4IQ1o9H.js                                    12.37 kB │ gzip:   4.37 kB
public/build/assets/Review-FquvM1xs.js                                  12.38 kB │ gzip:   4.51 kB
public/build/assets/index-GyHHJpAi.js                                   12.39 kB │ gzip:   5.11 kB
public/build/assets/Index-CDb9e1lB.js                                   12.42 kB │ gzip:   4.60 kB
public/build/assets/pricing-CdI0ZUnf.js                                 12.44 kB │ gzip:   3.70 kB
public/build/assets/Show-u-y2RRPC.js                                    12.45 kB │ gzip:   4.73 kB
public/build/assets/create-B89BMUkD.js                                  12.45 kB │ gzip:   4.85 kB
public/build/assets/log-obligation-dialog-CgCy3wVi.js                   12.49 kB │ gzip:   4.70 kB
public/build/assets/builder-VvcBz36T.js                                 12.50 kB │ gzip:   4.77 kB
public/build/assets/new-bill-dialog-CxgLi5ET.js                         12.52 kB │ gzip:   4.85 kB
public/build/assets/specialist-workspace-header-CRrCFu79.js             12.57 kB │ gzip:   5.55 kB
public/build/assets/Index-D-J46LHm.js                                   12.64 kB │ gzip:   5.53 kB
public/build/assets/index-Cjl3TZWA.js                                   12.65 kB │ gzip:   5.30 kB
public/build/assets/fixed-asset-dialog-hnijJuYQ.js                      12.66 kB │ gzip:   4.43 kB
public/build/assets/show-B1D5Ll0e.js                                    12.70 kB │ gzip:   4.78 kB
public/build/assets/Show-CeGUpYS8.js                                    12.72 kB │ gzip:   4.92 kB
public/build/assets/Show-BjzYL-O6.js                                    12.73 kB │ gzip:   4.91 kB
public/build/assets/Dashboard-BBAfH35i.js                               12.76 kB │ gzip:   4.17 kB
public/build/assets/site-detail-CVa2lOWA.js                             12.81 kB │ gzip:   4.32 kB
public/build/assets/Index-DK5ruchu.js                                   12.81 kB │ gzip:   5.19 kB
public/build/assets/index-CjhBY06E.js                                   12.85 kB │ gzip:   5.30 kB
public/build/assets/alerts-events-6XLSCIjt.js                           12.85 kB │ gzip:   5.42 kB
public/build/assets/Results-D0C794iS.js                                 12.85 kB │ gzip:   4.95 kB
public/build/assets/calendar-DE6vkFVh.js                                12.85 kB │ gzip:   5.10 kB
public/build/assets/geofence-draw-map-kGgMp_Qa.js                       12.87 kB │ gzip:   4.98 kB
public/build/assets/ppe-action-dialogs-PcH6z2mA.js                      12.87 kB │ gzip:   4.36 kB
public/build/assets/show-Blf4Gpyq.js                                    12.88 kB │ gzip:   4.94 kB
public/build/assets/plans-B_VW5OHY.js                                   12.92 kB │ gzip:   5.22 kB
public/build/assets/messaging-RRfBKSmv.js                               12.93 kB │ gzip:   4.54 kB
public/build/assets/pre-check-Cp40z1ea.js                               12.94 kB │ gzip:   4.84 kB
public/build/assets/Index-BAe8OpYI.js                                   12.96 kB │ gzip:   5.50 kB
public/build/assets/index-CpVob55u.js                                   12.96 kB │ gzip:   4.90 kB
public/build/assets/privacy-CGOObuVe.js                                 12.98 kB │ gzip:   3.80 kB
public/build/assets/create-Bn0acXeJ.js                                  12.99 kB │ gzip:   5.03 kB
public/build/assets/reviews-mcS6pwH-.js                                 13.00 kB │ gzip:   5.01 kB
public/build/assets/Trends-C9aWcsXP.js                                  13.03 kB │ gzip:   4.71 kB
public/build/assets/Show-483_i7sv.js                                    13.05 kB │ gzip:   4.91 kB
public/build/assets/Index-BSvqFEdb.js                                   13.06 kB │ gzip:   5.19 kB
public/build/assets/HealthMonitoring-CcZlZtVz.js                        13.06 kB │ gzip:   4.73 kB
public/build/assets/prn-wizard-eJ-XLyaE.js                              13.10 kB │ gzip:   4.98 kB
public/build/assets/Show-BRBmNhEf.js                                    13.12 kB │ gzip:   5.08 kB
public/build/assets/playbook-wizard-CMhEhdCY.js                         13.16 kB │ gzip:   4.59 kB
public/build/assets/layout-1JNPkRei.js                                  13.16 kB │ gzip:   4.23 kB
public/build/assets/edit-template-C6AN2thn.js                           13.18 kB │ gzip:   5.30 kB
public/build/assets/client-BySgWV4w.js                                  13.21 kB │ gzip:   3.72 kB
public/build/assets/houses-Bzs8QmTd.js                                  13.22 kB │ gzip:   5.51 kB
public/build/assets/leaflet-map-DExBarg4.js                             13.24 kB │ gzip:   4.68 kB
public/build/assets/TrialBalance-CvoSc2QM.js                            13.24 kB │ gzip:   5.40 kB
public/build/assets/index-DBpvtLt0.js                                   13.25 kB │ gzip:   5.65 kB
public/build/assets/Index-yu1e_E3s.js                                   13.26 kB │ gzip:   5.73 kB
public/build/assets/expenses-9_UvSDta.js                                13.26 kB │ gzip:   5.12 kB
public/build/assets/terminology-BNFuwCYp.js                             13.29 kB │ gzip:   4.03 kB
public/build/assets/by-house-CHjAYKwp.js                                13.30 kB │ gzip:   4.67 kB
public/build/assets/documents-C8KRid4C.js                               13.32 kB │ gzip:   5.31 kB
public/build/assets/Show-BKCdqS-_.js                                    13.33 kB │ gzip:   4.61 kB
public/build/assets/goals-path-DJ8pC8Cn.js                              13.35 kB │ gzip:   5.34 kB
public/build/assets/task-B6pyqnMF.js                                    13.40 kB │ gzip:   5.44 kB
public/build/assets/BatchDetail-CWUBhXH_.js                             13.42 kB │ gzip:   4.64 kB
public/build/assets/_audit-dialog-zNtyJgpm.js                           13.46 kB │ gzip:   5.39 kB
public/build/assets/timesheet-review-BAKGwXpI.js                        13.46 kB │ gzip:   5.02 kB
public/build/assets/_ledger-panel-CcAUcifo.js                           13.46 kB │ gzip:   4.24 kB
public/build/assets/unassign-make-open-dialog-ButWh81R.js               13.47 kB │ gzip:   5.09 kB
public/build/assets/about-DT-rc2wO.js                                   13.50 kB │ gzip:   3.49 kB
public/build/assets/Index-DEDlIAqX.js                                   13.52 kB │ gzip:   5.45 kB
public/build/assets/digest-panel-D3J8omQX.js                            13.56 kB │ gzip:   4.79 kB
public/build/assets/map-CvneIEee.js                                     13.60 kB │ gzip:   5.65 kB
public/build/assets/my-day-hero-CqQSIA7e.js                             13.65 kB │ gzip:   5.95 kB
public/build/assets/create-DpaywDC_.js                                  13.65 kB │ gzip:   5.19 kB
public/build/assets/show-WIpWRui0.js                                    13.69 kB │ gzip:   4.91 kB
public/build/assets/show-yM3zmJWT.js                                    13.72 kB │ gzip:   4.57 kB
public/build/assets/Index-CH-sMdSE.js                                   13.77 kB │ gzip:   5.65 kB
public/build/assets/index-B8-nJpvy.js                                   13.79 kB │ gzip:   5.23 kB
public/build/assets/show-Bhnu933Z.js                                    13.81 kB │ gzip:   5.02 kB
public/build/assets/holidays-CAI1t5AD.js                                13.81 kB │ gzip:   5.65 kB
public/build/assets/Dashboard-CdsCmqyZ.js                               13.82 kB │ gzip:   5.12 kB
public/build/assets/Index-BJWPzXPx.js                                   13.84 kB │ gzip:   6.06 kB
public/build/assets/_recipe-edit-dialog-DyE0h32v.js                     13.90 kB │ gzip:   4.69 kB
public/build/assets/index-QP1xEzwn.js                                   13.90 kB │ gzip:   5.18 kB
public/build/assets/FundingStreamSummary-DJnWtG4Z.js                    13.92 kB │ gzip:   4.91 kB
public/build/assets/timeline-tab-B9QnRMTC.js                            13.94 kB │ gzip:   4.93 kB
public/build/assets/Show-D-GFxz-a.js                                    13.97 kB │ gzip:   5.37 kB
public/build/assets/record-receipt-dialog-2SxDeCxs.js                   13.98 kB │ gzip:   4.95 kB
public/build/assets/index-BLmSnn6h.js                                   14.03 kB │ gzip:   5.48 kB
public/build/assets/trends-ZVGuGCU_.js                                  14.03 kB │ gzip:   4.67 kB
public/build/assets/survey-CIhyMB0g.js                                  14.04 kB │ gzip:   4.62 kB
public/build/assets/Index-iShnmMPb.js                                   14.07 kB │ gzip:   6.03 kB
public/build/assets/Create-DS7fM9k9.js                                  14.08 kB │ gzip:   5.50 kB
public/build/assets/index-CW1s-Boz.js                                   14.08 kB │ gzip:   5.63 kB
public/build/assets/Show-CRY-5BSh.js                                    14.11 kB │ gzip:   5.81 kB
public/build/assets/Index-ri_cjMne.js                                   14.13 kB │ gzip:   6.23 kB
public/build/assets/audit-log-B8im1bzU.js                               14.17 kB │ gzip:   5.77 kB
public/build/assets/Financials-DIuWQG_e.js                              14.17 kB │ gzip:   5.54 kB
public/build/assets/BalanceSheet-BWEsaJCg.js                            14.18 kB │ gzip:   5.47 kB
public/build/assets/create-wizard-DuI2Rrye.js                           14.20 kB │ gzip:   4.65 kB
public/build/assets/Edit-DWIfpXR-.js                                    14.22 kB │ gzip:   5.33 kB
public/build/assets/_dialog-shared-D3L5Cbj8.js                          14.22 kB │ gzip:   5.46 kB
public/build/assets/global-peu5g_5Y.js                                  14.22 kB │ gzip:   5.37 kB
public/build/assets/Index-C0euPH73.js                                   14.26 kB │ gzip:   5.85 kB
public/build/assets/task-detail-dialog-BrF1Hbkg.js                      14.34 kB │ gzip:   4.80 kB
public/build/assets/my-tasks-CCVWrQZ5.js                                14.35 kB │ gzip:   5.61 kB
public/build/assets/show-CJoMRyTY.js                                    14.36 kB │ gzip:   5.56 kB
public/build/assets/index-DWhkXPlH.js                                   14.37 kB │ gzip:   5.96 kB
public/build/assets/playback-D5MgjgPO.js                                14.39 kB │ gzip:   5.65 kB
public/build/assets/matrix-FJN-ALzC.js                                  14.47 kB │ gzip:   5.81 kB
public/build/assets/mar-CDbgcL7V.js                                     14.48 kB │ gzip:   3.92 kB
public/build/assets/Show-DHCy3HA3.js                                    14.49 kB │ gzip:   5.73 kB
public/build/assets/Show-CSjJir6j.js                                    14.54 kB │ gzip:   5.53 kB
public/build/assets/reports-D1sIKROJ.js                                 14.55 kB │ gzip:   5.01 kB
public/build/assets/show-618B3Gt0.js                                    14.55 kB │ gzip:   5.33 kB
public/build/assets/Create-PsS6fH2u.js                                  14.57 kB │ gzip:   4.77 kB
public/build/assets/index--OBAaXkR.js                                   14.58 kB │ gzip:   5.87 kB
public/build/assets/Show-0KCGPUiV.js                                    14.59 kB │ gzip:   5.45 kB
public/build/assets/Show-D6uKuWfo.js                                    14.61 kB │ gzip:   4.85 kB
public/build/assets/_commercial-CawxOf-X.js                             14.62 kB │ gzip:   5.36 kB
public/build/assets/sso-groups-CH81CLqW.js                              14.68 kB │ gzip:   5.43 kB
public/build/assets/edit-rJSvmaqs.js                                    14.68 kB │ gzip:   5.72 kB
public/build/assets/portal-users-CRBITIp3.js                            14.69 kB │ gzip:   6.08 kB
public/build/assets/index-lhQ1ILQY.js                                   14.70 kB │ gzip:   1.78 kB
public/build/assets/record-evidence-dialog-BVWwkOuT.js                  14.75 kB │ gzip:   5.97 kB
public/build/assets/_dialogs-hNlYrOvF.js                                14.75 kB │ gzip:   5.61 kB
public/build/assets/index-Cc6mdAyM.js                                   14.78 kB │ gzip:   6.05 kB
public/build/assets/custom-fields-CBPRfUur.js                           14.81 kB │ gzip:   6.00 kB
public/build/assets/index-BuAW6eBl.js                                   14.85 kB │ gzip:   6.01 kB
public/build/assets/Index-CET52fJj.js                                   14.89 kB │ gzip:   4.99 kB
public/build/assets/Index-DsSfz9-s.js                                   14.89 kB │ gzip:   5.41 kB
public/build/assets/create-CDbrKLGn.js                                  14.91 kB │ gzip:   5.42 kB
public/build/assets/Roles-C7PLfz8Q.js                                   14.99 kB │ gzip:   4.66 kB
public/build/assets/edit-CcjNAbSy.js                                    14.99 kB │ gzip:   5.92 kB
public/build/assets/show-BSn6n8tT.js                                    15.02 kB │ gzip:   6.08 kB
public/build/assets/Show-9w7uj1BX.js                                    15.07 kB │ gzip:   5.83 kB
public/build/assets/staff-detail-CIx3GCD1.js                            15.18 kB │ gzip:   5.76 kB
public/build/assets/command-centre-hero-DuXQdOTP.js                     15.18 kB │ gzip:   6.15 kB
public/build/assets/bonuses-DXnMcUnC.js                                 15.24 kB │ gzip:   6.17 kB
public/build/assets/overview-DkR1UsP8.js                                15.26 kB │ gzip:   5.52 kB
public/build/assets/reports-BoexDSeF.js                                 15.29 kB │ gzip:   5.83 kB
public/build/assets/ProfitAndLoss-B_FXUEuq.js                           15.31 kB │ gzip:   5.63 kB
public/build/assets/payslips-D3EAah3Y.js                                15.32 kB │ gzip:   5.53 kB
public/build/assets/terms-CD2C448X.js                                   15.36 kB │ gzip:   4.45 kB
public/build/assets/profile-E18yAzom.js                                 15.39 kB │ gzip:   5.50 kB
public/build/assets/contact-Bve0bS-4.js                                 15.42 kB │ gzip:   4.93 kB
public/build/assets/Index-s79LV4Dx.js                                   15.44 kB │ gzip:   6.35 kB
public/build/assets/webhooks-BuO2dwM2.js                                15.45 kB │ gzip:   5.28 kB
public/build/assets/record-event-dialog-CDdYHWSZ.js                     15.54 kB │ gzip:   5.97 kB
public/build/assets/review-detail-6pBF444B.js                           15.55 kB │ gzip:   6.19 kB
public/build/assets/Index-BDWjNlWK.js                                   15.55 kB │ gzip:   6.33 kB
public/build/assets/maintenance-health-Dqs0yStX.js                      15.58 kB │ gzip:   6.12 kB
public/build/assets/index-BUr6RhzO.js                                   15.58 kB │ gzip:   6.47 kB
public/build/assets/shift-detail-dialog-DhKd_W9A.js                     15.63 kB │ gzip:   6.05 kB
public/build/assets/daily-note-wizard-D0-5B3Mt.js                       15.63 kB │ gzip:   4.78 kB
public/build/assets/audit-CZFicIbm.js                                   15.64 kB │ gzip:   5.79 kB
public/build/assets/Index-fEl_cGmT.js                                   15.64 kB │ gzip:   5.82 kB
public/build/assets/Show-D1DbIsKF.js                                    15.79 kB │ gzip:   5.51 kB
public/build/assets/Show-CBh4ObxC.js                                    15.81 kB │ gzip:   5.79 kB
public/build/assets/index-CYhvf93R.js                                   15.83 kB │ gzip:   6.31 kB
public/build/assets/appearance-I_iYNShG.js                              15.87 kB │ gzip:   4.83 kB
public/build/assets/my-hr-shoutout-spotlight-CGaqfUB_.js                15.87 kB │ gzip:   5.91 kB
public/build/assets/Index-DAVBHrmZ.js                                   15.88 kB │ gzip:   6.01 kB
public/build/assets/Index-CMdK6cVQ.js                                   15.89 kB │ gzip:   5.05 kB
public/build/assets/Index-Jw6Q4Vvq.js                                   15.90 kB │ gzip:   6.67 kB
public/build/assets/Index-BorooNnr.js                                   15.90 kB │ gzip:   5.88 kB
public/build/assets/matrix-i3ppLb-a.js                                  15.92 kB │ gzip:   6.17 kB
public/build/assets/incidents-CfiuQ-WK.js                               15.92 kB │ gzip:   5.87 kB
public/build/assets/Index-5ZJ_FtP_.js                                   16.01 kB │ gzip:   6.18 kB
public/build/assets/breaches-BhoWiks4.js                                16.02 kB │ gzip:   5.59 kB
public/build/assets/Assessments-C5o3PFE7.js                             16.05 kB │ gzip:   6.28 kB
public/build/assets/record-dose-wizard-DkseMlml.js                      16.05 kB │ gzip:   5.37 kB
public/build/assets/RunResults-BS6C9qHq.js                              16.07 kB │ gzip:   6.02 kB
public/build/assets/Settings-Bzwno5xn.js                                16.15 kB │ gzip:   6.05 kB
public/build/assets/show-D2TEh3FH.js                                    16.16 kB │ gzip:   5.45 kB
public/build/assets/policy-wizards-D6OHoczQ.js                          16.17 kB │ gzip:   5.57 kB
public/build/assets/notification-defaults-BCgw-F9n.js                   16.20 kB │ gzip:   5.74 kB
public/build/assets/Calendar-BwqfcL-i.js                                16.22 kB │ gzip:   5.46 kB
public/build/assets/location-Q0BfePL2.js                                16.33 kB │ gzip:   5.86 kB
public/build/assets/risk-management-BQVTxQZd.js                         16.35 kB │ gzip:   6.26 kB
public/build/assets/observations-DfjS2NND.js                            16.37 kB │ gzip:   6.06 kB
public/build/assets/index-DQh2PSHM.js                                   16.38 kB │ gzip:   6.41 kB
public/build/assets/record-abc-dialog-CPvgXlMr.js                       16.39 kB │ gzip:   5.81 kB
public/build/assets/Show-DpwdUlXA.js                                    16.42 kB │ gzip:   5.75 kB
public/build/assets/Create-DzzLx74G.js                                  16.48 kB │ gzip:   6.19 kB
public/build/assets/Show-E0HaHcFu.js                                    16.48 kB │ gzip:   5.66 kB
public/build/assets/api-CdqaA_gf.js                                     16.49 kB │ gzip:   4.98 kB
public/build/assets/Show-C9zg1lZk.js                                    16.50 kB │ gzip:   5.80 kB
public/build/assets/Protocols-YLXkoxTz.js                               16.52 kB │ gzip:   6.09 kB
public/build/assets/leave-CLWGCqKq.js                                   16.56 kB │ gzip:   6.94 kB
public/build/assets/documents-CC85D1Kr.js                               16.59 kB │ gzip:   6.55 kB
public/build/assets/Index-C550AMRR.js                                   16.62 kB │ gzip:   6.50 kB
public/build/assets/cost-allocation-DK7NvYGT.js                         16.67 kB │ gzip:   5.94 kB
public/build/assets/index-BlnydSya.js                                   16.69 kB │ gzip:   6.51 kB
public/build/assets/edit-CE4NVOMB.js                                    16.71 kB │ gzip:   6.15 kB
public/build/assets/family-notes-C-0HGXKU.js                            16.72 kB │ gzip:   6.19 kB
public/build/assets/Create-DOxdiMdh.js                                  16.75 kB │ gzip:   6.44 kB
public/build/assets/Index-BUrdkpHK.js                                   16.76 kB │ gzip:   6.03 kB
public/build/assets/Show-DQ8VVEOu.js                                    16.81 kB │ gzip:   5.19 kB
public/build/assets/create-CkPJxKwz.js                                  16.81 kB │ gzip:   5.86 kB
public/build/assets/charts-Duol1_cL.js                                  16.83 kB │ gzip:   5.55 kB
public/build/assets/Show-B5mZZikZ.js                                    16.84 kB │ gzip:   5.95 kB
public/build/assets/maintenance-DWtUPlA3.js                             16.89 kB │ gzip:   6.30 kB
public/build/assets/note-detail-dialog-b0i37MkB.js                      16.91 kB │ gzip:   5.79 kB
public/build/assets/Index-BFYLmlU2.js                                   16.97 kB │ gzip:   6.83 kB
public/build/assets/Index-C6FwThyF.js                                   17.05 kB │ gzip:   6.74 kB
public/build/assets/Index-DEA9RF1a.js                                   17.08 kB │ gzip:   6.67 kB
public/build/assets/Index-CYl2d_TK.js                                   17.17 kB │ gzip:   6.19 kB
public/build/assets/Show-C3tDsQCb.js                                    17.20 kB │ gzip:   6.53 kB
public/build/assets/index-AgVEkkds.js                                   17.21 kB │ gzip:   5.76 kB
public/build/assets/Index-C1G3o9DS.js                                   17.29 kB │ gzip:   6.57 kB
public/build/assets/index-DWPTzPPN.js                                   17.29 kB │ gzip:   6.57 kB
public/build/assets/leave-hub-tabs-BS1tH00l.js                          17.30 kB │ gzip:   5.81 kB
public/build/assets/worklists-tgKHM7Cg.js                               17.31 kB │ gzip:   5.86 kB
public/build/assets/show-D03dBgm9.js                                    17.31 kB │ gzip:   4.27 kB
public/build/assets/Create-BSCLL-ik.js                                  17.36 kB │ gzip:   6.33 kB
public/build/assets/week-picker-D3Ilxj4U.js                             17.40 kB │ gzip:   6.73 kB
public/build/assets/_dialogs-C-qPK1io.js                                17.44 kB │ gzip:   5.55 kB
public/build/assets/edit-D1h3BGyC.js                                    17.47 kB │ gzip:   6.29 kB
public/build/assets/show-DwjCwZ32.js                                    17.49 kB │ gzip:   6.22 kB
public/build/assets/view-timesheet-dialog-onubDWge.js                   17.49 kB │ gzip:   4.84 kB
public/build/assets/handover-detail-dialog-BfSMuPYH.js                  17.50 kB │ gzip:   5.94 kB
public/build/assets/index-iyKi_ENR.js                                   17.50 kB │ gzip:   6.73 kB
public/build/assets/security-BU4trLho.js                                17.57 kB │ gzip:   6.03 kB
public/build/assets/Index-dDQV4FZP.js                                   17.60 kB │ gzip:   6.62 kB
public/build/assets/reports-cwbYYz1y.js                                 17.61 kB │ gzip:   6.15 kB
public/build/assets/show-BxrQdddo.js                                    17.62 kB │ gzip:   6.45 kB
public/build/assets/show-C6opENyq.js                                    17.63 kB │ gzip:   6.41 kB
public/build/assets/_overview-dialogs-ujXCHOGC.js                       17.65 kB │ gzip:   5.35 kB
public/build/assets/health-clinical-shell-CPOh_hXn.js                   17.73 kB │ gzip:   7.03 kB
public/build/assets/payslip-detail-CefbFfXy.js                          17.84 kB │ gzip:   5.92 kB
public/build/assets/Edit-DGV7M-26.js                                    17.86 kB │ gzip:   6.81 kB
public/build/assets/dashboard-C0zEBGj2.js                               17.88 kB │ gzip:   6.79 kB
public/build/assets/index-D4LDegVc.js                                   17.89 kB │ gzip:   7.03 kB
public/build/assets/substance-wizard-dialog-BxR-ETla.js                 17.90 kB │ gzip:   6.29 kB
public/build/assets/Show-I8EXcWed.js                                    18.00 kB │ gzip:   5.75 kB
public/build/assets/Edit-CdrlxOqR.js                                    18.01 kB │ gzip:   6.59 kB
public/build/assets/index-Btv0s268.js                                   18.07 kB │ gzip:   2.18 kB
public/build/assets/index-BrFSOEPb.js                                   18.08 kB │ gzip:   4.73 kB
public/build/assets/index-DJpNLwq8.js                                   18.12 kB │ gzip:   6.37 kB
public/build/assets/shift-coverage-CgOuSPJA.js                          18.14 kB │ gzip:   6.41 kB
public/build/assets/Index-1RqZ_fYK.js                                   18.14 kB │ gzip:   6.92 kB
public/build/assets/book-vehicle-wizard-Ccv0kyeg.js                     18.17 kB │ gzip:   5.49 kB
public/build/assets/daily-notes-DuBSBLc0.js                             18.21 kB │ gzip:   6.72 kB
public/build/assets/schedule-C1ura8nA.js                                18.22 kB │ gzip:   6.20 kB
public/build/assets/index-WN9tyPKL.js                                   18.31 kB │ gzip:   7.07 kB
public/build/assets/directory-D-clyFEC.js                               18.31 kB │ gzip:   6.18 kB
public/build/assets/Index-ChzxS7KE.js                                   18.34 kB │ gzip:   7.23 kB
public/build/assets/show-DBQ-irZJ.js                                    18.35 kB │ gzip:   6.67 kB
public/build/assets/chains-DUAgm9b-.js                                  18.39 kB │ gzip:   6.45 kB
public/build/assets/BudgetVsActuals-CzD2qBSz.js                         18.41 kB │ gzip:   6.40 kB
public/build/assets/announcement-wizard-DUc8q2ZA.js                     18.46 kB │ gzip:   6.36 kB
public/build/assets/show-review-CLd6q4t5.js                             18.49 kB │ gzip:   6.65 kB
public/build/assets/show-dRQynk3M.js                                    18.51 kB │ gzip:   6.50 kB
public/build/assets/audit-logs-DKkAX3Ow.js                              18.53 kB │ gzip:   6.98 kB
public/build/assets/Edit-CS2YMqGE.js                                    18.56 kB │ gzip:   6.96 kB
public/build/assets/Show-H73ICf72.js                                    18.62 kB │ gzip:   5.80 kB
public/build/assets/ppe-detail-dialog-B7geQIYN.js                       18.80 kB │ gzip:   6.40 kB
public/build/assets/integrations-s2sr6oLQ.js                            18.85 kB │ gzip:   6.48 kB
public/build/assets/show-P5h1t8Zi.js                                    18.86 kB │ gzip:   6.94 kB
public/build/assets/_recipes-panel-CLQgp_LG.js                          18.90 kB │ gzip:   6.00 kB
public/build/assets/edit-BzGvJlF8.js                                    18.90 kB │ gzip:   6.72 kB
public/build/assets/two-factor-Cmjt8-aX.js                              18.91 kB │ gzip:   7.01 kB
public/build/assets/goals-Zx5s3Hdi.js                                   18.92 kB │ gzip:   6.56 kB
public/build/assets/index-DtMsXgJL.js                                   18.98 kB │ gzip:   7.34 kB
public/build/assets/index-DNy5VZC5.js                                   18.99 kB │ gzip:   6.48 kB
public/build/assets/escalations-CrYkBkLV.js                             19.11 kB │ gzip:   7.95 kB
public/build/assets/calendar-sync-BZPu0d0Y.js                           19.14 kB │ gzip:   7.23 kB
public/build/assets/index-nZktnbPR.js                                   19.16 kB │ gzip:   7.29 kB
public/build/assets/show-JCpXzTI9.js                                    19.22 kB │ gzip:   6.61 kB
public/build/assets/Edit-CVMRs-H8.js                                    19.24 kB │ gzip:   7.19 kB
public/build/assets/Shifts-98jobU2q.js                                  19.26 kB │ gzip:   6.98 kB
public/build/assets/Show-Bg0bp-ly.js                                    19.30 kB │ gzip:   6.82 kB
public/build/assets/training-xrSAlp7n.js                                19.33 kB │ gzip:   6.39 kB
public/build/assets/show-fnZj15oG.js                                    19.39 kB │ gzip:   7.30 kB
public/build/assets/Behaviour-CdVXcwVB.js                               19.47 kB │ gzip:   6.81 kB
public/build/assets/index-CzGivVo6.js                                   19.52 kB │ gzip:   7.58 kB
public/build/assets/_templates-panel-BHaEoY3u.js                        19.54 kB │ gzip:   5.99 kB
public/build/assets/CashFlow-Dnb-O2tF.js                                19.56 kB │ gzip:   6.94 kB
public/build/assets/index-BjcaqO5o.js                                   19.61 kB │ gzip:   7.24 kB
public/build/assets/Create-CuZWjujV.js                                  19.65 kB │ gzip:   7.21 kB
public/build/assets/Index-C5i6SKhV.js                                   19.71 kB │ gzip:   6.83 kB
public/build/assets/edit-D7lI-tj5.js                                    19.79 kB │ gzip:   7.33 kB
public/build/assets/broadcast-DboOCCP2.js                               19.87 kB │ gzip:   7.64 kB
public/build/assets/dashboard-Cr-UgFVk.js                               19.90 kB │ gzip:   7.34 kB
public/build/assets/index-Dxeu-ENO.js                                   19.96 kB │ gzip:   7.19 kB
public/build/assets/stats-Di9Th7rm.js                                   19.97 kB │ gzip:   6.33 kB
public/build/assets/features-BNbvbWu7.js                                19.98 kB │ gzip:   5.23 kB
public/build/assets/index-Cw6aHvbb.js                                   20.01 kB │ gzip:   6.93 kB
public/build/assets/Create-OhuV29E8.js                                  20.03 kB │ gzip:   6.93 kB
public/build/assets/show-DI19Kau7.js                                    20.12 kB │ gzip:   7.39 kB
public/build/assets/medications-BAjbGgfS.js                             20.21 kB │ gzip:   7.05 kB
public/build/assets/shifts-BGhcKexl.js                                  20.22 kB │ gzip:   6.61 kB
public/build/assets/Index-CnUAEBIG.js                                   20.28 kB │ gzip:   7.39 kB
public/build/assets/calendar-BtMKqJ6G.js                                20.37 kB │ gzip:   6.61 kB
public/build/assets/Index-C_fRYwFt.js                                   20.45 kB │ gzip:   7.83 kB
public/build/assets/Show-Cd_SY1lD.js                                    20.46 kB │ gzip:   7.39 kB
public/build/assets/note-wizard-zReuxS0s.js                             20.54 kB │ gzip:   6.60 kB
public/build/assets/show-C6RaqxRo.js                                    20.57 kB │ gzip:   6.93 kB
public/build/assets/_library-dialogs-DFb7xbHx.js                        20.59 kB │ gzip:   5.61 kB
public/build/assets/history-bC_hN4VU.js                                 20.59 kB │ gzip:   7.12 kB
public/build/assets/index-_stWB6qi.js                                   20.65 kB │ gzip:   8.43 kB
public/build/assets/Index-DP4fqWZS.js                                   20.67 kB │ gzip:   8.55 kB
public/build/assets/Edit-CCoQl92E.js                                    20.67 kB │ gzip:   7.65 kB
public/build/assets/_error-dialogs-Ch6-jQjK.js                          20.68 kB │ gzip:   7.30 kB
public/build/assets/index-CowEbOVK.js                                   20.70 kB │ gzip:   7.52 kB
public/build/assets/map-DJ_a-483.js                                     20.71 kB │ gzip:   6.44 kB
public/build/assets/create-DoMU9vId.js                                  20.82 kB │ gzip:   6.96 kB
public/build/assets/shift-notes-dialog-Cy-WWmgP.js                      20.84 kB │ gzip:   7.80 kB
public/build/assets/balances-D0rVGqMs.js                                20.85 kB │ gzip:   8.37 kB
public/build/assets/show-DDiKPiUT.js                                    20.92 kB │ gzip:   7.35 kB
public/build/assets/show-bceGE1ZH.js                                    20.96 kB │ gzip:   7.61 kB
public/build/assets/record-observation-dialog-Bw0se6iT.js               20.96 kB │ gzip:   8.11 kB
public/build/assets/create-f7KD_H8S.js                                  21.06 kB │ gzip:   6.06 kB
public/build/assets/Index-4KQ8UlIK.js                                   21.07 kB │ gzip:   8.06 kB
public/build/assets/add-device-dialog-3hwWwSXv.js                       21.12 kB │ gzip:   7.34 kB
public/build/assets/Index-BUdOiMaP.js                                   21.14 kB │ gzip:   7.76 kB
public/build/assets/index-YviPKZdF.js                                   21.21 kB │ gzip:   7.21 kB
public/build/assets/Reconcile-DtPd1jQG.js                               21.35 kB │ gzip:   6.98 kB
public/build/assets/Events-CuJHGrc-.js                                  21.37 kB │ gzip:   7.84 kB
public/build/assets/index-CqIXaOGq.js                                   21.49 kB │ gzip:   7.87 kB
public/build/assets/create-0jVHtopl.js                                  21.49 kB │ gzip:   8.55 kB
public/build/assets/calendar-BeqZyC-0.js                                21.50 kB │ gzip:   6.68 kB
public/build/assets/edit-z_cB_MOP.js                                    21.54 kB │ gzip:   7.19 kB
public/build/assets/Index-YYUebsJ_.js                                   21.59 kB │ gzip:   7.93 kB
public/build/assets/_dialogs-DZlGr3yF.js                                21.64 kB │ gzip:   7.66 kB
public/build/assets/parts-C-DSr8SF.js                                   21.65 kB │ gzip:   6.76 kB
public/build/assets/performance-wizards-IZAwNhn3.js                     21.79 kB │ gzip:   7.44 kB
public/build/assets/create-DZ8oiaCH.js                                  21.83 kB │ gzip:   7.25 kB
public/build/assets/incidents-D7kF4DXr.js                               21.83 kB │ gzip:   8.18 kB
public/build/assets/review-builder-dialog-DrAflV7S.js                   21.89 kB │ gzip:   7.70 kB
public/build/assets/show-COZ3Pk-v.js                                    22.05 kB │ gzip:   7.22 kB
public/build/assets/ppe-create-wizards-DDhglCaZ.js                      22.05 kB │ gzip:   7.38 kB
public/build/assets/Edit-BcQ2MFBU.js                                    22.15 kB │ gzip:   7.82 kB
public/build/assets/home-CH-SZ4FL.js                                    22.25 kB │ gzip:   5.38 kB
public/build/assets/payslips-DWI02RqZ.js                                22.33 kB │ gzip:   6.62 kB
public/build/assets/Index-1KcKtWTD.js                                   22.37 kB │ gzip:   7.73 kB
public/build/assets/incidents-DL8612qN.js                               22.47 kB │ gzip:   8.35 kB
public/build/assets/notifications-VTEIe45o.js                           22.70 kB │ gzip:   8.10 kB
public/build/assets/Show-CZX-MyIC.js                                    22.74 kB │ gzip:   7.76 kB
public/build/assets/_review-dialogs-C7jPBeA3.js                         22.77 kB │ gzip:   7.32 kB
public/build/assets/index-CdAOuI-D.js                                   22.92 kB │ gzip:   7.92 kB
public/build/assets/Index-BVAiRIRy.js                                   22.92 kB │ gzip:   7.58 kB
public/build/assets/personal-details-1udFH85S.js                        22.99 kB │ gzip:   7.96 kB
public/build/assets/unifi-BZxA60Ut.js                                   23.03 kB │ gzip:   6.95 kB
public/build/assets/show-DHGlwSxe.js                                    23.06 kB │ gzip:   7.48 kB
public/build/assets/_competency-dialogs-CdSNvW2L.js                     23.20 kB │ gzip:   7.75 kB
public/build/assets/resident-sidebar-BQEbBv1q.js                        23.21 kB │ gzip:   8.32 kB
public/build/assets/show-DOJ3gK-x.js                                    23.38 kB │ gzip:   7.27 kB
public/build/assets/one-LCl_MnoT.js                                     23.68 kB │ gzip:   8.16 kB
public/build/assets/Create-Da294S-9.js                                  23.84 kB │ gzip:   7.76 kB
public/build/assets/analytics-charts-D1q9QUCs.js                        24.03 kB │ gzip:   6.47 kB
public/build/assets/Create-C-Qe1Vw_.js                                  24.06 kB │ gzip:   8.66 kB
public/build/assets/page-hero-B9qCM5oZ.js                               24.23 kB │ gzip:   7.29 kB
public/build/assets/mar-governance-dialogs-CulfH4e2.js                  24.32 kB │ gzip:   7.56 kB
public/build/assets/Index-BiE4DbGE.js                                   24.36 kB │ gzip:   9.54 kB
public/build/assets/automations-CzEkmJpG.js                             24.44 kB │ gzip:   7.48 kB
public/build/assets/Index-D8xxf_5g.js                                   24.57 kB │ gzip:   9.31 kB
public/build/assets/Index-DVRPwPzS.js                                   24.58 kB │ gzip:   8.58 kB
public/build/assets/index-GA5XaK0D.js                                   24.67 kB │ gzip:   8.01 kB
public/build/assets/restraint-event-wizard-86EyyavJ.js                  24.76 kB │ gzip:   8.04 kB
public/build/assets/Medications-Dj8nHXpH.js                             24.85 kB │ gzip:   9.00 kB
public/build/assets/Index-CuqMDdbR.js                                   25.02 kB │ gzip:   7.71 kB
public/build/assets/sso-Cjpuzxj7.js                                     25.10 kB │ gzip:   7.79 kB
public/build/assets/index-CiTe1_P4.js                                   25.13 kB │ gzip:   9.49 kB
public/build/assets/index-DZGrTIl2.js                                   25.13 kB │ gzip:   8.74 kB
public/build/assets/objective-wizard-BrJbOUZh.js                        25.18 kB │ gzip:   7.13 kB
public/build/assets/Show-BzzFYgfk.js                                    25.19 kB │ gzip:   8.41 kB
public/build/assets/it-mailbox-BWypv30o.js                              25.25 kB │ gzip:   8.55 kB
public/build/assets/Reviews-DwVc8Lei.js                                 25.46 kB │ gzip:   8.57 kB
public/build/assets/milesight-D2V9sCku.js                               25.49 kB │ gzip:   8.34 kB
public/build/assets/create-offer-0r2uYkjV.js                            25.53 kB │ gzip:   8.64 kB
public/build/assets/dashboard-BQ9AMkLi.js                               25.65 kB │ gzip:   7.88 kB
public/build/assets/index-C1uJp7pI.js                                   25.96 kB │ gzip:   8.85 kB
public/build/assets/show-UTcNEJHj.js                                    26.03 kB │ gzip:   8.83 kB
public/build/assets/create-arF8Wf7-.js                                  26.09 kB │ gzip:   7.19 kB
public/build/assets/show-BRSC8K_3.js                                    26.13 kB │ gzip:   7.50 kB
public/build/assets/vendor-utils-Dr6D9L7d.js                            26.13 kB │ gzip:   8.47 kB
public/build/assets/record-assessment-dialog-B1ialwWT.js                26.21 kB │ gzip:   9.52 kB
public/build/assets/documents-wizards-vbgMvc-v.js                       26.26 kB │ gzip:   9.26 kB
public/build/assets/_dialogs-Dy6ynk4W.js                                26.35 kB │ gzip:   8.34 kB
public/build/assets/transport-medication-dialogs-B-UBoDKT.js            26.38 kB │ gzip:   6.09 kB
public/build/assets/Handovers-3zJzyJbl.js                               26.39 kB │ gzip:  10.29 kB
public/build/assets/Show-DHlXHWOH.js                                    26.45 kB │ gzip:   9.35 kB
public/build/assets/_dialogs-CmC4xmZs.js                                26.58 kB │ gzip:   8.57 kB
public/build/assets/index-Ct8fkrA_.js                                   26.72 kB │ gzip:   9.51 kB
public/build/assets/show-CpPyZdJL.js                                    26.76 kB │ gzip:   8.88 kB
public/build/assets/index-BZalbT1r.js                                   27.00 kB │ gzip:   9.34 kB
public/build/assets/SelfAdmin-jPIaXsLF.js                               27.02 kB │ gzip:   8.93 kB
public/build/assets/leave-request-dialog-CVcrT5uT.js                    27.28 kB │ gzip:   9.07 kB
public/build/assets/show-BfEss8OQ.js                                    27.29 kB │ gzip:   9.61 kB
public/build/assets/dashboard-C2V8pKsJ.js                               27.35 kB │ gzip:   7.61 kB
public/build/assets/index-BSduowhu.js                                   27.41 kB │ gzip:   9.61 kB
public/build/assets/provisioning-command-dialog-3hpo11sF.js             27.45 kB │ gzip:  10.65 kB
public/build/assets/Index-C-jaqeoL.js                                   27.47 kB │ gzip:   9.57 kB
public/build/assets/edit-CO8M7Ubq.js                                    27.51 kB │ gzip:   9.14 kB
public/build/assets/care-support-plan-DjNL4XlL.js                       27.67 kB │ gzip:   9.14 kB
public/build/assets/Index-B92_kd64.js                                   27.72 kB │ gzip:  10.25 kB
public/build/assets/index-BPtBtGdM.js                                   27.81 kB │ gzip:   8.99 kB
public/build/assets/asset-wizard-dialog-BfadrYnv.js                     27.83 kB │ gzip:   9.19 kB
public/build/assets/index-CHNmpQFP.js                                   27.85 kB │ gzip:   9.32 kB
public/build/assets/Show-DnqMmpEM.js                                    28.00 kB │ gzip:   9.25 kB
public/build/assets/show-5M4pa_lN.js                                    28.01 kB │ gzip:   9.80 kB
public/build/assets/smart-monitoring-C1uRzsSj.js                        28.05 kB │ gzip:   6.48 kB
public/build/assets/index-CBlB0MeP.js                                   28.15 kB │ gzip:   9.02 kB
public/build/assets/show-DISGQzt8.js                                    28.36 kB │ gzip:   8.37 kB
public/build/assets/index-CdulQVOd.js                                   28.37 kB │ gzip:   8.48 kB
public/build/assets/show-D5NT2s6t.js                                    28.40 kB │ gzip:  10.16 kB
public/build/assets/Show-BBq3q0Am.js                                    28.68 kB │ gzip:   8.97 kB
public/build/assets/Create-Bn858C4Q.js                                  28.70 kB │ gzip:  10.01 kB
public/build/assets/_self-admin-dialogs-UsXtKB2u.js                     28.81 kB │ gzip:   9.49 kB
public/build/assets/guided-round-dialog-BfBkMW6V.js                     29.15 kB │ gzip:   9.60 kB
public/build/assets/templates-B7zV2ni5.js                               29.20 kB │ gzip:  10.36 kB
public/build/assets/Show-Eab_PqCI.js                                    29.22 kB │ gzip:   8.28 kB
public/build/assets/documents-Is50udj2.js                               29.30 kB │ gzip:   9.08 kB
public/build/assets/Create-CJP2N5Wh.js                                  29.39 kB │ gzip:   9.00 kB
public/build/assets/index-DPdQlqaY.js                                   29.48 kB │ gzip:   9.61 kB
public/build/assets/show-BF1hFpSw.js                                    29.89 kB │ gzip:   9.65 kB
public/build/assets/_dialogs-6iKtbaHK.js                                30.04 kB │ gzip:  10.02 kB
public/build/assets/run-modal-DGecGGlu.js                               30.05 kB │ gzip:  10.26 kB
public/build/assets/Show-BBfWy_Z6.js                                    30.09 kB │ gzip:  10.09 kB
public/build/assets/page-header-yQCBfUJ5.js                             30.13 kB │ gzip:   9.17 kB
public/build/assets/Competency-pMIyB3NR.js                              30.17 kB │ gzip:  10.12 kB
public/build/assets/procedure-detail-dialog-Bu4Xuk8E.js                 30.20 kB │ gzip:   9.63 kB
public/build/assets/_dialogs-BvAXhGV4.js                                30.39 kB │ gzip:   9.19 kB
public/build/assets/MedicationErrors-q9ijYalk.js                        30.46 kB │ gzip:  11.05 kB
public/build/assets/access-D3z0HrKb.js                                  30.67 kB │ gzip:  10.03 kB
public/build/assets/index-B976AfDW.js                                   30.93 kB │ gzip:  10.56 kB
public/build/assets/_hero-C9qFYPnD.js                                   30.97 kB │ gzip:   9.79 kB
public/build/assets/_shopping-list-panel-CyDWPQww.js                    31.35 kB │ gzip:  11.01 kB
public/build/assets/notification-escalations-jnn9neeL.js                31.74 kB │ gzip:   9.87 kB
public/build/assets/email-settings-CB7_1Hoj.js                          31.83 kB │ gzip:  10.16 kB
public/build/assets/_dialogs-DKlyafOI.js                                31.87 kB │ gzip:   9.50 kB
public/build/assets/_stock-dialogs-CfIa9dY5.js                          31.91 kB │ gzip:   9.55 kB
public/build/assets/access-COnGSNFX.js                                  32.14 kB │ gzip:  11.43 kB
public/build/assets/index-C9Yd4b6r.js                                   32.60 kB │ gzip:  11.82 kB
public/build/assets/index-BZBIK8Go.js                                   32.82 kB │ gzip:  12.66 kB
public/build/assets/index-DR2MfPIg.js                                   33.20 kB │ gzip:  11.41 kB
public/build/assets/_dialogs-D3_IKvhH.js                                33.24 kB │ gzip:  10.69 kB
public/build/assets/index-DczDnR5c.js                                   33.69 kB │ gzip:  11.49 kB
public/build/assets/index-Dzx6J5RS.js                                   34.02 kB │ gzip:  12.08 kB
public/build/assets/show-DQhOGfv5.js                                    34.37 kB │ gzip:  10.49 kB
public/build/assets/Destructions-DdGyDDp-.js                            34.38 kB │ gzip:  12.27 kB
public/build/assets/medical-B_tw36mA.js                                 34.45 kB │ gzip:   7.71 kB
public/build/assets/index-DwuNe1mD.js                                   34.76 kB │ gzip:  11.76 kB
public/build/assets/Index-Ch98jEca.js                                   34.87 kB │ gzip:  11.39 kB
public/build/assets/_prescription-dialogs-2Ww0SB0G.js                   35.13 kB │ gzip:   9.94 kB
public/build/assets/documents-Dmzf0XNH.js                               35.20 kB │ gzip:  11.30 kB
public/build/assets/_cd-dialogs-5lrSEuJT.js                             35.36 kB │ gzip:   9.44 kB
public/build/assets/index-bplD6jM3.js                                   35.44 kB │ gzip:  12.26 kB
public/build/assets/index-hTVJJRoG.js                                   36.13 kB │ gzip:  11.59 kB
public/build/assets/messages-CuJsd2vC.js                                36.19 kB │ gzip:  11.70 kB
public/build/assets/reviews-DYOyd2RG.js                                 36.47 kB │ gzip:  11.45 kB
public/build/assets/handover-kjYry2yz.js                                36.93 kB │ gzip:  11.65 kB
public/build/assets/Create-Bh7MNJlh.js                                  36.94 kB │ gzip:  11.92 kB
public/build/assets/index-BNXfA-Ty.js                                   37.25 kB │ gzip:  11.56 kB
public/build/assets/index-BT3qEFbs.js                                   37.37 kB │ gzip:  12.02 kB
public/build/assets/documents-BP1eLKHg.js                               37.66 kB │ gzip:  12.44 kB
public/build/assets/index-DcBw7D1N.js                                   37.75 kB │ gzip:  14.42 kB
public/build/assets/Show-BBDeR668.js                                    37.93 kB │ gzip:  12.46 kB
public/build/assets/_inspector-C511w589.js                              37.94 kB │ gzip:  11.53 kB
public/build/assets/global-hsMEiB9M.js                                  38.08 kB │ gzip:  12.73 kB
public/build/assets/Reports-BODHX360.js                                 38.14 kB │ gzip:  12.75 kB
public/build/assets/hazard-register-C6jmSfxr.js                         38.49 kB │ gzip:  12.71 kB
public/build/assets/Show-DjBRA4BB.js                                    39.06 kB │ gzip:  11.24 kB
public/build/assets/index-DkXHwYBH.js                                   39.21 kB │ gzip:  12.91 kB
public/build/assets/index-DS1qt5cP.js                                   39.59 kB │ gzip:  12.93 kB
public/build/assets/index-CpYXO9u8.js                                   40.46 kB │ gzip:  13.95 kB
public/build/assets/index-v_7jzrYO.js                                   40.47 kB │ gzip:  14.56 kB
public/build/assets/index-ChAlloTr.js                                   40.52 kB │ gzip:  13.20 kB
public/build/assets/case-wizards-D7KS1zny.js                            40.74 kB │ gzip:  11.63 kB
public/build/assets/compliance-wizards-Kl7x0fTv.js                      40.85 kB │ gzip:  12.73 kB
public/build/assets/index-D4CAyuWK.js                                   40.87 kB │ gzip:  14.20 kB
public/build/assets/index-C5apBAyx.js                                   41.17 kB │ gzip:  13.99 kB
public/build/assets/bands-DhkOr0__.js                                   41.29 kB │ gzip:  14.21 kB
public/build/assets/_dialogs-BsDgFMdY.js                                41.37 kB │ gzip:  12.04 kB
public/build/assets/Edit-Cug4BOb-.js                                    41.39 kB │ gzip:  13.16 kB
public/build/assets/profile-C-BUvhk9.js                                 41.48 kB │ gzip:  13.95 kB
public/build/assets/index-BcVA9Oj3.js                                   41.66 kB │ gzip:  15.03 kB
public/build/assets/app-layout-CiKuxI9i.js                              41.79 kB │ gzip:  13.11 kB
public/build/assets/discovery-Lpk5JYe1.js                               42.12 kB │ gzip:  12.78 kB
public/build/assets/show-DXMlcwo6.js                                    42.13 kB │ gzip:  13.36 kB
public/build/assets/index-CYQtEPe4.js                                   42.32 kB │ gzip:  13.62 kB
public/build/assets/sso-config-KU7cbj5Q.js                              42.36 kB │ gzip:  13.73 kB
public/build/assets/handover-wizard-GcErNoeJ.js                         43.04 kB │ gzip:  13.62 kB
public/build/assets/core.esm-D5j4X1h1.js                                43.17 kB │ gzip:  14.39 kB
public/build/assets/service-contexts-BHVBce6T.js                        43.26 kB │ gzip:  13.80 kB
public/build/assets/StockManagement-BGDlhYqO.js                         43.42 kB │ gzip:  12.92 kB
public/build/assets/Dashboard-CcWnCAsS.js                               43.84 kB │ gzip:  10.68 kB
public/build/assets/show-CieW0hy4.js                                    43.86 kB │ gzip:  14.78 kB
public/build/assets/show-Ca5GQbzg.js                                    43.87 kB │ gzip:  14.80 kB
public/build/assets/show-VgdN7B0m.js                                    43.88 kB │ gzip:  12.96 kB
public/build/assets/Index-DZsO82tQ.js                                   43.89 kB │ gzip:  15.05 kB
public/build/assets/Dashboard-DrdfLIvb.js                               44.18 kB │ gzip:  15.42 kB
public/build/assets/branding-Dfr5H7V-.js                                44.32 kB │ gzip:  13.79 kB
public/build/assets/_canvas-B2h6gh6g.js                                 44.48 kB │ gzip:  12.88 kB
public/build/assets/AuditLog-Bg3M71wK.js                                44.89 kB │ gzip:  15.11 kB
public/build/assets/index-BX6mNAhp.js                                   45.13 kB │ gzip:  12.81 kB
public/build/assets/asset-wizards-CNpsYUqO.js                           45.19 kB │ gzip:  13.11 kB
public/build/assets/MarCharts-Id6uAteq.js                               45.25 kB │ gzip:  15.62 kB
public/build/assets/Prescriptions-hqRvRvJs.js                           45.94 kB │ gzip:  13.90 kB
public/build/assets/incident-detail-dialog-CZQpf82d.js                  47.33 kB │ gzip:  14.29 kB
public/build/assets/Rounds-B_CkLw8h.js                                  47.80 kB │ gzip:  14.98 kB
public/build/assets/drill-detail-dialog-DiZm18rS.js                     47.88 kB │ gzip:  13.52 kB
public/build/assets/incident-report-dialog-Df1hL-hH.js                  48.28 kB │ gzip:  15.87 kB
public/build/assets/index-DmiDPtg1.js                                   48.56 kB │ gzip:  15.48 kB
public/build/assets/show-DQvfniAZ.js                                    48.74 kB │ gzip:  16.55 kB
public/build/assets/index-THWxv-9t.js                                   48.85 kB │ gzip:  14.98 kB
public/build/assets/create-shift-dialog-CEji4zi9.js                     49.10 kB │ gzip:  14.23 kB
public/build/assets/_wizard-CZFF8WRJ.js                                 49.42 kB │ gzip:  15.34 kB
public/build/assets/welcome-CEDefeRY.js                                 50.21 kB │ gzip:   9.57 kB
public/build/assets/Show-DXMv02OX.js                                    50.57 kB │ gzip:  14.04 kB
public/build/assets/index-C1XkMqRi.js                                   50.64 kB │ gzip:  15.88 kB
public/build/assets/index-CaDuh-TH.js                                   51.41 kB │ gzip:  15.78 kB
public/build/assets/family-dashboard-Cg61irr_.js                        51.53 kB │ gzip:  14.93 kB
public/build/assets/ra-wizard-dialog-CmB3e-C1.js                        51.97 kB │ gzip:  16.29 kB
public/build/assets/index-CA7DI-SI.js                                   52.46 kB │ gzip:  15.85 kB
public/build/assets/hazard-detail-dialog-DWDoq_Vr.js                    52.62 kB │ gzip:  15.18 kB
public/build/assets/_parts-DDbLEQDQ.js                                  52.71 kB │ gzip:  17.06 kB
public/build/assets/settings-DWveB5gp.js                                52.89 kB │ gzip:  15.37 kB
public/build/assets/CockpitLayout-0pXvb7qm.js                           54.75 kB │ gzip:  15.43 kB
public/build/assets/index-lUctBZzf.js                                   56.09 kB │ gzip:  18.95 kB
public/build/assets/device-profile-sections-BopY6xVV.js                 58.15 kB │ gzip:  16.93 kB
public/build/assets/dashboard-BGchVJ7U.js                               58.31 kB │ gzip:  16.77 kB
public/build/assets/show-R7BYuqYL.js                                    58.80 kB │ gzip:  20.06 kB
public/build/assets/Index-BKK8I_0x.js                                   59.54 kB │ gzip:  18.96 kB
public/build/assets/medical-CHeSguPt.js                                 59.79 kB │ gzip:  11.89 kB
public/build/assets/my-hr-shell-C2lCPZ0O.js                             59.82 kB │ gzip:  18.81 kB
public/build/assets/PrnRecords-DUw7_uWV.js                              60.33 kB │ gzip:  18.50 kB
public/build/assets/conflicts-DUK-xS-u.js                               60.88 kB │ gzip:  19.63 kB
public/build/assets/settings-Q1dlC70z.js                                62.88 kB │ gzip:  17.05 kB
public/build/assets/index-BcL7kTeu.js                                   63.97 kB │ gzip:  19.20 kB
public/build/assets/dashboard-CjBxV3yz.js                               64.06 kB │ gzip:  20.19 kB
public/build/assets/data-Wg3B-BOc.js                                    64.20 kB │ gzip:  13.81 kB
public/build/assets/monitoring-D_N87XUL.js                              65.34 kB │ gzip:  19.36 kB
public/build/assets/ControlledDrugs-DB26wUNq.js                         65.39 kB │ gzip:  20.24 kB
public/build/assets/catalog-B2tEnV8r.js                                 66.31 kB │ gzip:  17.54 kB
public/build/assets/Show-Dh6tPs0C.js                                    66.92 kB │ gzip:  19.19 kB
public/build/assets/show-XAiisqgD.js                                    67.42 kB │ gzip:  14.94 kB
public/build/assets/show-dIVCEFUM.js                                    68.22 kB │ gzip:  20.16 kB
public/build/assets/index-LUzkepYP.js                                   68.62 kB │ gzip:  21.26 kB
public/build/assets/index-cFTq44Y6.js                                   69.01 kB │ gzip:  21.73 kB
public/build/assets/analytics-DhI4GtNh.js                               70.21 kB │ gzip:  23.74 kB
public/build/assets/concern-dialog-DDKJrI_d.js                          72.33 kB │ gzip:  20.09 kB
public/build/assets/legacy-profile-sections-DGl3hqQa.js                 72.99 kB │ gzip:  19.50 kB
public/build/assets/show-CZiJYUKu.js                                    73.87 kB │ gzip:  22.92 kB
public/build/assets/Show-DZ4fKjEs.js                                    73.97 kB │ gzip:  19.32 kB
public/build/assets/SiteCalendar-C2ZlU1Xo.js                            76.92 kB │ gzip:  24.13 kB
public/build/assets/index-CP-QW7_-.js                                   77.07 kB │ gzip:  22.41 kB
public/build/assets/_calendar-grid-CtIzh3vf.js                          77.48 kB │ gzip:  22.96 kB
public/build/assets/index-QOZ0UHfe.js                                   77.86 kB │ gzip:  23.64 kB
public/build/assets/index-mFbft4ka.js                                   80.15 kB │ gzip:  23.17 kB
public/build/assets/index-CH96t3Fe.js                                   81.26 kB │ gzip:  24.31 kB
public/build/assets/_create-dialog-BD30Kg4Z.js                          81.96 kB │ gzip:  27.49 kB
public/build/assets/index-DqumuJwo.js                                   83.34 kB │ gzip:  27.04 kB
public/build/assets/staff-page-shell-DgWE60WD.js                        83.76 kB │ gzip:  25.05 kB
public/build/assets/index-BgGcYMms.js                                   86.59 kB │ gzip:  24.81 kB
public/build/assets/index-CjiX9gHq.js                                   88.36 kB │ gzip:  27.11 kB
public/build/assets/Index-DEkSn0RW.js                                   88.46 kB │ gzip:  26.67 kB
public/build/assets/index-Jbn-Tl87.js                                   94.53 kB │ gzip:  28.04 kB
public/build/assets/show-CHtk21_2.js                                    99.19 kB │ gzip:  25.82 kB
public/build/assets/ticket-intake-fields-DfbWVWPc.js                   102.61 kB │ gzip:  30.27 kB
public/build/assets/index-BYMrytKh.js                                  103.05 kB │ gzip:  30.97 kB
public/build/assets/index-DFmXnXW0.js                                  103.97 kB │ gzip:  31.55 kB
public/build/assets/index-BZC1ZhsV.js                                  107.02 kB │ gzip:  31.27 kB
public/build/assets/queclink-hub-ByhiCfVk.js                           109.34 kB │ gzip:  33.48 kB
public/build/assets/index-BApiewHH.js                                  111.54 kB │ gzip:  30.39 kB
public/build/assets/it-wizards-Bdjg0ijn.js                             111.65 kB │ gzip:  35.86 kB
public/build/assets/workspace-DK4Fx6pg.js                              128.30 kB │ gzip:  38.70 kB
public/build/assets/ticket-reopen-dialog-CwhUz27L.js                   144.31 kB │ gzip:  45.71 kB
public/build/assets/event-detail-dialog-BqUqwlrR.js                    148.01 kB │ gzip:  38.86 kB
public/build/assets/vendor-maps-CTUbLoeq.js                            149.92 kB │ gzip:  43.49 kB
public/build/assets/index-CibT29dc.js                                  155.55 kB │ gzip:  42.40 kB
public/build/assets/index-Ct-il1bZ.js                                  155.77 kB │ gzip:  45.20 kB
public/build/assets/alert-workspace-dialog-Dnr5novR.js                 158.04 kB │ gzip:  44.31 kB
public/build/assets/index-DfzB1xPZ.js                                  159.28 kB │ gzip:  44.99 kB
public/build/assets/knowledge-revision-dialog-VPgjVUJ3.js              177.56 kB │ gzip:  49.72 kB
public/build/assets/index-CHMPUaHB.js                                  189.04 kB │ gzip:  56.34 kB
public/build/assets/vendor-react-C99fm9h8.js                           193.87 kB │ gzip:  60.86 kB
public/build/assets/vendor-inertia-DPCroW5n.js                         195.03 kB │ gzip:  65.82 kB
public/build/assets/category-L8YjN6Qr.js                               206.12 kB │ gzip:  51.77 kB
public/build/assets/index-uxT8O15L.js                                  214.70 kB │ gzip:  68.26 kB
public/build/assets/vendor-calendar-NWT3TLWG.js                        267.92 kB │ gzip:  79.12 kB
public/build/assets/vendor-ui-DevAZT0p.js                              276.38 kB │ gzip:  76.70 kB
public/build/assets/show-QA-XCVjp.js                                   286.66 kB │ gzip:  80.45 kB
public/build/assets/index-BTCO0N93.js                                  317.15 kB │ gzip:  88.05 kB
public/build/assets/show-C7n55Gfi.js                                   318.28 kB │ gzip:  95.16 kB
public/build/assets/vendor-charts-DxVDTmNl.js                          398.57 kB │ gzip: 115.53 kB
public/build/assets/app-S5o0dZ6P.js                                    479.46 kB │ gzip:  79.84 kB
✓ built in 4m 12s
