
> build
> vite build --outDir storage/framework/testing/pkg05-build

vite v7.3.6 building client environment for production...
[plugin @laravel/vite-plugin-wayfinder] Types generated for actions, routes, form variants
transforming...
✓ 5375 modules transformed.
rendering chunks...
computing gzip size...
storage/framework/testing/pkg05-build/assets/layers-BWBAp2CZ.png                                  0.70 kB
storage/framework/testing/pkg05-build/assets/layers-2x-Bpkbi35X.png                               1.26 kB
storage/framework/testing/pkg05-build/assets/marker-icon-hN30_KVU.png                             1.47 kB
storage/framework/testing/pkg05-build/manifest.json                                           3,764.87 kB │ gzip: 203.03 kB
storage/framework/testing/pkg05-build/assets/show-BlsQFc8X.css                                    0.96 kB │ gzip:   0.38 kB
storage/framework/testing/pkg05-build/assets/transport-HC5KKNJu.css                               9.01 kB │ gzip:   2.17 kB
storage/framework/testing/pkg05-build/assets/vendor-maps-CLLlcC51.css                            11.08 kB │ gzip:   2.73 kB
storage/framework/testing/pkg05-build/assets/knowledge-revision-dialog-D-juoI1B.css              12.92 kB │ gzip:   3.14 kB
storage/framework/testing/pkg05-build/assets/location-workspace-BnCaAc4S.css                     16.92 kB │ gzip:   3.64 kB
storage/framework/testing/pkg05-build/assets/dashboard-CynApWYI.css                              25.76 kB │ gzip:   4.58 kB
storage/framework/testing/pkg05-build/assets/show-ugW-UKTR.css                                  117.68 kB │ gzip:  17.18 kB
storage/framework/testing/pkg05-build/assets/app-ChSRoCHB.css                                   441.99 kB │ gzip:  56.38 kB
storage/framework/testing/pkg05-build/assets/my-hr-utils-fLvKAKV1.js                              0.07 kB │ gzip:   0.09 kB
storage/framework/testing/pkg05-build/assets/avatar-hue-BThxaYxR.js                               0.10 kB │ gzip:   0.11 kB
storage/framework/testing/pkg05-build/assets/_announcer-cvXWdNAc.js                               0.12 kB │ gzip:   0.12 kB
storage/framework/testing/pkg05-build/assets/minus-Bz6tAnuC.js                                    0.12 kB │ gzip:   0.13 kB
storage/framework/testing/pkg05-build/assets/check-DOEsMZ3-.js                                    0.12 kB │ gzip:   0.14 kB
storage/framework/testing/pkg05-build/assets/circle-BD-s4d8p.js                                   0.12 kB │ gzip:   0.13 kB
storage/framework/testing/pkg05-build/assets/chevron-down-BcnoS0fS.js                             0.13 kB │ gzip:   0.14 kB
storage/framework/testing/pkg05-build/assets/chevron-up-BfVc3Y_R.js                               0.13 kB │ gzip:   0.14 kB
storage/framework/testing/pkg05-build/assets/chevron-left-DAzDwCBG.js                             0.13 kB │ gzip:   0.14 kB
storage/framework/testing/pkg05-build/assets/chevron-right-DiyJM878.js                            0.13 kB │ gzip:   0.14 kB
storage/framework/testing/pkg05-build/assets/play-Casz8-Qp.js                                     0.13 kB │ gzip:   0.14 kB
storage/framework/testing/pkg05-build/assets/moon-CSv0J7ou.js                                     0.14 kB │ gzip:   0.15 kB
storage/framework/testing/pkg05-build/assets/loader-circle-9YNLmRYS.js                            0.14 kB │ gzip:   0.15 kB
storage/framework/testing/pkg05-build/assets/square-CjZ4hhP_.js                                   0.15 kB │ gzip:   0.15 kB
storage/framework/testing/pkg05-build/assets/message-circle-BkejXCg_.js                           0.15 kB │ gzip:   0.16 kB
storage/framework/testing/pkg05-build/assets/navigation-wEZ6FYuE.js                               0.15 kB │ gzip:   0.15 kB
storage/framework/testing/pkg05-build/assets/staff-creation-workflow-D6SGmEbz.js                  0.15 kB │ gzip:   0.13 kB
storage/framework/testing/pkg05-build/assets/plus-DoYmsIsT.js                                     0.15 kB │ gzip:   0.15 kB
storage/framework/testing/pkg05-build/assets/x-B8a7hGlV.js                                        0.15 kB │ gzip:   0.15 kB
storage/framework/testing/pkg05-build/assets/thermometer-BtcOXMJ0.js                              0.16 kB │ gzip:   0.16 kB
storage/framework/testing/pkg05-build/assets/filter-Co2aSZ-x.js                                   0.16 kB │ gzip:   0.16 kB
storage/framework/testing/pkg05-build/assets/bookmark-zgPD-eWK.js                                 0.16 kB │ gzip:   0.16 kB
storage/framework/testing/pkg05-build/assets/arrow-left-QtRp1uDs.js                               0.16 kB │ gzip:   0.16 kB
storage/framework/testing/pkg05-build/assets/arrow-right-lRhcukW8.js                              0.16 kB │ gzip:   0.16 kB
storage/framework/testing/pkg05-build/assets/arrow-up-right-YCdogyf-.js                           0.16 kB │ gzip:   0.15 kB
storage/framework/testing/pkg05-build/assets/circle-minus-BYEem4tM.js                             0.17 kB │ gzip:   0.16 kB
storage/framework/testing/pkg05-build/assets/search-DqfjV81L.js                                   0.17 kB │ gzip:   0.16 kB
storage/framework/testing/pkg05-build/assets/move-right-BPzA6rsP.js                               0.17 kB │ gzip:   0.16 kB
storage/framework/testing/pkg05-build/assets/ban-C9DIiomk.js                                      0.17 kB │ gzip:   0.16 kB
storage/framework/testing/pkg05-build/assets/circle-check-wjGt4Ai1.js                             0.17 kB │ gzip:   0.16 kB
storage/framework/testing/pkg05-build/assets/chevrons-up-down-DFRK0zV6.js                         0.17 kB │ gzip:   0.16 kB
storage/framework/testing/pkg05-build/assets/power-C_5q8kAk.js                                    0.17 kB │ gzip:   0.17 kB
storage/framework/testing/pkg05-build/assets/user-round-C2cHLW7h.js                               0.18 kB │ gzip:   0.17 kB
storage/framework/testing/pkg05-build/assets/gauge-DIdG_hlj.js                                    0.18 kB │ gzip:   0.16 kB
storage/framework/testing/pkg05-build/assets/circle-dot-D_F0gu-E.js                               0.18 kB │ gzip:   0.15 kB
storage/framework/testing/pkg05-build/assets/clock-BpisUVpW.js                                    0.18 kB │ gzip:   0.17 kB
storage/framework/testing/pkg05-build/assets/message-square-DBL_t6-J.js                           0.18 kB │ gzip:   0.17 kB
storage/framework/testing/pkg05-build/assets/check-check-I6WNisEe.js                              0.18 kB │ gzip:   0.17 kB
storage/framework/testing/pkg05-build/assets/clock-3-DNrUQnsT.js                                  0.18 kB │ gzip:   0.17 kB
storage/framework/testing/pkg05-build/assets/chart-line-DHbqKPua.js                               0.18 kB │ gzip:   0.17 kB
storage/framework/testing/pkg05-build/assets/circle-slash-D8Rk3aOa.js                             0.18 kB │ gzip:   0.17 kB
storage/framework/testing/pkg05-build/assets/reply-JIaidwAN.js                                    0.18 kB │ gzip:   0.18 kB
storage/framework/testing/pkg05-build/assets/circle-check-big-BORulPps.js                         0.19 kB │ gzip:   0.18 kB
storage/framework/testing/pkg05-build/assets/circle-play-DvjZtwvp.js                              0.19 kB │ gzip:   0.17 kB
storage/framework/testing/pkg05-build/assets/user-BPnJqkkC.js                                     0.19 kB │ gzip:   0.18 kB
storage/framework/testing/pkg05-build/assets/megaphone-B5NV295t.js                                0.19 kB │ gzip:   0.18 kB
storage/framework/testing/pkg05-build/assets/skip-forward-BZSVZQaJ.js                             0.20 kB │ gzip:   0.18 kB
storage/framework/testing/pkg05-build/assets/smartphone-eAnFz5oo.js                               0.20 kB │ gzip:   0.18 kB
storage/framework/testing/pkg05-build/assets/info-CKBQrWrV.js                                     0.20 kB │ gzip:   0.18 kB
storage/framework/testing/pkg05-build/assets/rotate-ccw-7pDnnc-z.js                               0.20 kB │ gzip:   0.18 kB
storage/framework/testing/pkg05-build/assets/rotate-cw-z9ccBMq7.js                                0.20 kB │ gzip:   0.18 kB
storage/framework/testing/pkg05-build/assets/lock-D7A_v4jY.js                                     0.20 kB │ gzip:   0.19 kB
storage/framework/testing/pkg05-build/assets/circle-x-K9UdFjFf.js                                 0.20 kB │ gzip:   0.18 kB
storage/framework/testing/pkg05-build/assets/circle-plus-D62eWo8t.js                              0.20 kB │ gzip:   0.17 kB
storage/framework/testing/pkg05-build/assets/chart-palette-BuldC4kO.js                            0.20 kB │ gzip:   0.13 kB
storage/framework/testing/pkg05-build/assets/trending-up-SLkUxKPD.js                              0.20 kB │ gzip:   0.18 kB
storage/framework/testing/pkg05-build/assets/utils-COkJOzsg.js                                    0.20 kB │ gzip:   0.16 kB
storage/framework/testing/pkg05-build/assets/credit-card-SIATy2HT.js                              0.21 kB │ gzip:   0.18 kB
storage/framework/testing/pkg05-build/assets/arrow-up-from-line-CO4mWPo2.js                       0.21 kB │ gzip:   0.18 kB
storage/framework/testing/pkg05-build/assets/arrow-down-to-line-BOAC5OwY.js                       0.21 kB │ gzip:   0.18 kB
storage/framework/testing/pkg05-build/assets/redo-2-CU4w2Rlx.js                                   0.21 kB │ gzip:   0.18 kB
storage/framework/testing/pkg05-build/assets/trending-down-BkiHE2Nq.js                            0.21 kB │ gzip:   0.18 kB
storage/framework/testing/pkg05-build/assets/undo-2-CSzQ8Mjd.js                                   0.21 kB │ gzip:   0.18 kB
storage/framework/testing/pkg05-build/assets/droplet-CERXE7J_.js                                  0.21 kB │ gzip:   0.19 kB
storage/framework/testing/pkg05-build/assets/lock-open-D6Jkk27y.js                                0.21 kB │ gzip:   0.19 kB
storage/framework/testing/pkg05-build/assets/mail-C_Mlpjel.js                                     0.21 kB │ gzip:   0.20 kB
storage/framework/testing/pkg05-build/assets/it-module-shell-Cq8Pndvb.js                          0.21 kB │ gzip:   0.19 kB
storage/framework/testing/pkg05-build/assets/battery-D_wTgRXW.js                                  0.21 kB │ gzip:   0.18 kB
storage/framework/testing/pkg05-build/assets/pause-CgkiIzVZ.js                                    0.21 kB │ gzip:   0.16 kB
storage/framework/testing/pkg05-build/assets/circle-arrow-up-DCnEk9tP.js                          0.21 kB │ gzip:   0.18 kB
storage/framework/testing/pkg05-build/assets/circle-arrow-down-BqfL45UM.js                        0.21 kB │ gzip:   0.18 kB
storage/framework/testing/pkg05-build/assets/pill-C5dIDegw.js                                     0.21 kB │ gzip:   0.18 kB
storage/framework/testing/pkg05-build/assets/table-2-2Q4x0Wev.js                                  0.21 kB │ gzip:   0.18 kB
storage/framework/testing/pkg05-build/assets/site-profile-dialog-host-BH_OdoAm.js                 0.21 kB │ gzip:   0.19 kB
storage/framework/testing/pkg05-build/assets/dollar-sign-DJSutDmV.js                              0.22 kB │ gzip:   0.19 kB
storage/framework/testing/pkg05-build/assets/file-CBR73VT5.js                                     0.22 kB │ gzip:   0.18 kB
storage/framework/testing/pkg05-build/assets/laptop-BIyIaSyf.js                                   0.22 kB │ gzip:   0.19 kB
storage/framework/testing/pkg05-build/assets/flag-BYtTGV7I.js                                     0.22 kB │ gzip:   0.20 kB
storage/framework/testing/pkg05-build/assets/rows-3-CZTXMAL6.js                                   0.22 kB │ gzip:   0.18 kB
storage/framework/testing/pkg05-build/assets/rss-NPfzIbRT.js                                      0.22 kB │ gzip:   0.18 kB
storage/framework/testing/pkg05-build/assets/briefcase-Bb9LrAc1.js                                0.22 kB │ gzip:   0.20 kB
storage/framework/testing/pkg05-build/assets/ellipsis-CY9w18VU.js                                 0.22 kB │ gzip:   0.16 kB
storage/framework/testing/pkg05-build/assets/target-CFNR0ljt.js                                   0.22 kB │ gzip:   0.16 kB
storage/framework/testing/pkg05-build/assets/columns-3-B7-o-s5O.js                                0.22 kB │ gzip:   0.19 kB
storage/framework/testing/pkg05-build/assets/git-merge-BhICl0nR.js                                0.22 kB │ gzip:   0.19 kB
storage/framework/testing/pkg05-build/assets/square-check-big-tr2b14iE.js                         0.22 kB │ gzip:   0.19 kB
storage/framework/testing/pkg05-build/assets/sticky-note-BQ621hQS.js                              0.22 kB │ gzip:   0.18 kB
storage/framework/testing/pkg05-build/assets/folder-C_wrYAqU.js                                   0.23 kB │ gzip:   0.19 kB
storage/framework/testing/pkg05-build/assets/ellipsis-vertical-YchuSPhY.js                        0.23 kB │ gzip:   0.17 kB
storage/framework/testing/pkg05-build/assets/vote-B3YMDU1O.js                                     0.23 kB │ gzip:   0.19 kB
storage/framework/testing/pkg05-build/assets/copy-WorA1YQ3.js                                     0.23 kB │ gzip:   0.20 kB
storage/framework/testing/pkg05-build/assets/door-closed-Dr5r06Sc.js                              0.23 kB │ gzip:   0.19 kB
storage/framework/testing/pkg05-build/assets/user-round-check-CuA1bgKE.js                         0.23 kB │ gzip:   0.21 kB
storage/framework/testing/pkg05-build/assets/circle-user-round-BSMMwzb8.js                        0.23 kB │ gzip:   0.19 kB
storage/framework/testing/pkg05-build/assets/circle-help-AiNabq7y.js                              0.23 kB │ gzip:   0.20 kB
storage/framework/testing/pkg05-build/assets/ear-CKIjLjkr.js                                      0.23 kB │ gzip:   0.19 kB
storage/framework/testing/pkg05-build/assets/activity-Cvt55Tm8.js                                 0.23 kB │ gzip:   0.20 kB
storage/framework/testing/pkg05-build/assets/pen-DaQSMHaS.js                                      0.23 kB │ gzip:   0.20 kB
storage/framework/testing/pkg05-build/assets/history-CSMqiw3e.js                                  0.24 kB │ gzip:   0.19 kB
storage/framework/testing/pkg05-build/assets/globe-DN-rBnmX.js                                    0.24 kB │ gzip:   0.19 kB
storage/framework/testing/pkg05-build/assets/timer-doTxa-Wl.js                                    0.24 kB │ gzip:   0.18 kB
storage/framework/testing/pkg05-build/assets/banknote-DuxfDW20.js                                 0.24 kB │ gzip:   0.20 kB
storage/framework/testing/pkg05-build/assets/heart-DWapQwsf.js                                    0.24 kB │ gzip:   0.21 kB
storage/framework/testing/pkg05-build/assets/link-2-Dq93GTyM.js                                   0.24 kB │ gzip:   0.20 kB
storage/framework/testing/pkg05-build/assets/menu-BZzs9-7y.js                                     0.24 kB │ gzip:   0.17 kB
storage/framework/testing/pkg05-build/assets/database-dZCK6bvN.js                                 0.24 kB │ gzip:   0.20 kB
storage/framework/testing/pkg05-build/assets/arrow-down-up-CguOx4-Y.js                            0.24 kB │ gzip:   0.19 kB
storage/framework/testing/pkg05-build/assets/type-DVNn7cAO.js                                     0.24 kB │ gzip:   0.19 kB
storage/framework/testing/pkg05-build/assets/circle-pause-zmylDn8y.js                             0.24 kB │ gzip:   0.18 kB
storage/framework/testing/pkg05-build/assets/arrow-left-right-BJ1a3Xg1.js                         0.25 kB │ gzip:   0.19 kB
storage/framework/testing/pkg05-build/assets/compass-De-Bd_5o.js                                  0.25 kB │ gzip:   0.20 kB
storage/framework/testing/pkg05-build/assets/arrow-right-left-S89yWIhv.js                         0.25 kB │ gzip:   0.19 kB
storage/framework/testing/pkg05-build/assets/book-marked-B2SG373w.js                              0.25 kB │ gzip:   0.20 kB
storage/framework/testing/pkg05-build/assets/settings-2-CRKA_xO3.js                               0.25 kB │ gzip:   0.19 kB
storage/framework/testing/pkg05-build/assets/users-round-Gk5h2wx1.js                              0.25 kB │ gzip:   0.21 kB
storage/framework/testing/pkg05-build/assets/camera-C2hHcIXr.js                                   0.25 kB │ gzip:   0.21 kB
storage/framework/testing/pkg05-build/assets/file-warning-D4AVrbgI.js                             0.25 kB │ gzip:   0.20 kB
storage/framework/testing/pkg05-build/assets/video-BDH8BzTL.js                                    0.25 kB │ gzip:   0.21 kB
storage/framework/testing/pkg05-build/assets/route-vwH_IbCK.js                                    0.25 kB │ gzip:   0.19 kB
storage/framework/testing/pkg05-build/assets/circle-alert-qsgzo4Dc.js                             0.25 kB │ gzip:   0.19 kB
storage/framework/testing/pkg05-build/assets/mouse-pointer-2-11JokScP.js                          0.25 kB │ gzip:   0.21 kB
storage/framework/testing/pkg05-build/assets/chart-column-C6niKHo5.js                             0.25 kB │ gzip:   0.19 kB
storage/framework/testing/pkg05-build/assets/external-link-DJL-b8JD.js                            0.25 kB │ gzip:   0.20 kB
storage/framework/testing/pkg05-build/assets/cloud-upload-DNT_ELE_.js                             0.25 kB │ gzip:   0.20 kB
storage/framework/testing/pkg05-build/assets/shopping-bag-BGSMpVDC.js                             0.25 kB │ gzip:   0.20 kB
storage/framework/testing/pkg05-build/assets/pentagon-QDsyGG30.js                                 0.25 kB │ gzip:   0.20 kB
storage/framework/testing/pkg05-build/assets/eye-DypXNVxD.js                                      0.25 kB │ gzip:   0.20 kB
storage/framework/testing/pkg05-build/assets/user-check-hYVK9wfx.js                               0.25 kB │ gzip:   0.22 kB
storage/framework/testing/pkg05-build/assets/map-pin-BXDNeQzK.js                                  0.25 kB │ gzip:   0.22 kB
storage/framework/testing/pkg05-build/assets/archive-CLoUM-Kt.js                                  0.25 kB │ gzip:   0.21 kB
storage/framework/testing/pkg05-build/assets/lock-keyhole-BNG-Z7Gi.js                             0.25 kB │ gzip:   0.22 kB
storage/framework/testing/pkg05-build/assets/message-square-plus-C_nDRdUT.js                      0.25 kB │ gzip:   0.20 kB
storage/framework/testing/pkg05-build/assets/circle-user-C2EeA-Dd.js                              0.25 kB │ gzip:   0.20 kB
storage/framework/testing/pkg05-build/assets/message-square-text-CAnr7gUs.js                      0.25 kB │ gzip:   0.20 kB
storage/framework/testing/pkg05-build/assets/user-minus-079F5K8h.js                               0.25 kB │ gzip:   0.22 kB
storage/framework/testing/pkg05-build/assets/file-check-2-BpchQcts.js                             0.25 kB │ gzip:   0.20 kB
storage/framework/testing/pkg05-build/assets/messages-square-DC87fU29.js                          0.25 kB │ gzip:   0.20 kB
storage/framework/testing/pkg05-build/assets/link-BBdHKqQV.js                                     0.26 kB │ gzip:   0.19 kB
storage/framework/testing/pkg05-build/assets/hr-hero-79EfFS84.js                                  0.26 kB │ gzip:   0.22 kB
storage/framework/testing/pkg05-build/assets/wrench-DJr9hjDk.js                                   0.26 kB │ gzip:   0.20 kB
storage/framework/testing/pkg05-build/assets/upload-_KiJc3gF.js                                   0.26 kB │ gzip:   0.22 kB
storage/framework/testing/pkg05-build/assets/calendar-DsTAne4E.js                                 0.26 kB │ gzip:   0.20 kB
storage/framework/testing/pkg05-build/assets/log-out-Dsq1LrO4.js                                  0.26 kB │ gzip:   0.22 kB
storage/framework/testing/pkg05-build/assets/ticket-check-D03u9TGE.js                             0.26 kB │ gzip:   0.20 kB
storage/framework/testing/pkg05-build/assets/log-in-BiVtIWT0.js                                   0.26 kB │ gzip:   0.22 kB
storage/framework/testing/pkg05-build/assets/file-minus-2kAP0h_4.js                               0.26 kB │ gzip:   0.19 kB
storage/framework/testing/pkg05-build/assets/key-BOwTMfto.js                                      0.26 kB │ gzip:   0.21 kB
storage/framework/testing/pkg05-build/assets/monitor-BIPopQsf.js                                  0.26 kB │ gzip:   0.20 kB
storage/framework/testing/pkg05-build/assets/message-square-warning-MaQoHjy-.js                   0.26 kB │ gzip:   0.21 kB
storage/framework/testing/pkg05-build/assets/utensils-Bj4M02Ak.js                                 0.26 kB │ gzip:   0.21 kB
storage/framework/testing/pkg05-build/assets/download-D99h66dV.js                                 0.26 kB │ gzip:   0.22 kB
storage/framework/testing/pkg05-build/assets/zap-Bs2txCEu.js                                      0.26 kB │ gzip:   0.20 kB
storage/framework/testing/pkg05-build/assets/triangle-alert-DL96xwN3.js                           0.26 kB │ gzip:   0.21 kB
storage/framework/testing/pkg05-build/assets/leaf-8xuBlROy.js                                     0.26 kB │ gzip:   0.22 kB
storage/framework/testing/pkg05-build/assets/file-check-DGt8gS0m.js                               0.26 kB │ gzip:   0.20 kB
storage/framework/testing/pkg05-build/assets/workflow-ecL7jGOj.js                                 0.26 kB │ gzip:   0.20 kB
storage/framework/testing/pkg05-build/assets/mic-BdCTlGb4.js                                      0.26 kB │ gzip:   0.21 kB
storage/framework/testing/pkg05-build/assets/shield-CvUFZPyJ.js                                   0.27 kB │ gzip:   0.22 kB
storage/framework/testing/pkg05-build/assets/list-plus-B7IxeZxa.js                                0.27 kB │ gzip:   0.19 kB
storage/framework/testing/pkg05-build/assets/battery-low-PRSodixT.js                              0.27 kB │ gzip:   0.20 kB
storage/framework/testing/pkg05-build/assets/timer-reset-CHr0Afys.js                              0.27 kB │ gzip:   0.21 kB
storage/framework/testing/pkg05-build/assets/award-X_CdCBzJ.js                                    0.27 kB │ gzip:   0.22 kB
storage/framework/testing/pkg05-build/assets/eraser-CWz14KYR.js                                   0.27 kB │ gzip:   0.22 kB
storage/framework/testing/pkg05-build/assets/image-oktEa5oy.js                                    0.27 kB │ gzip:   0.22 kB
storage/framework/testing/pkg05-build/assets/repeat-DcTert2K.js                                   0.27 kB │ gzip:   0.20 kB
storage/framework/testing/pkg05-build/assets/arrow-up-Drb-Ti9g.js                                 0.27 kB │ gzip:   0.20 kB
storage/framework/testing/pkg05-build/assets/flame-D0Lt6Mwz.js                                    0.27 kB │ gzip:   0.22 kB
storage/framework/testing/pkg05-build/assets/git-branch-CmmyyjRz.js                               0.27 kB │ gzip:   0.22 kB
storage/framework/testing/pkg05-build/assets/pencil-U4eZn_DW.js                                   0.28 kB │ gzip:   0.22 kB
storage/framework/testing/pkg05-build/assets/pen-line-BlUxJ0_k.js                                 0.28 kB │ gzip:   0.22 kB
storage/framework/testing/pkg05-build/assets/list-checks-iVqeQYgs.js                              0.28 kB │ gzip:   0.19 kB
storage/framework/testing/pkg05-build/assets/book-open-DiAlN0Sr.js                                0.28 kB │ gzip:   0.20 kB
storage/framework/testing/pkg05-build/assets/file-diff-Bji2GST0.js                                0.28 kB │ gzip:   0.20 kB
storage/framework/testing/pkg05-build/assets/wifi-CaWU2N3K.js                                     0.28 kB │ gzip:   0.20 kB
storage/framework/testing/pkg05-build/assets/lightbulb-DlLoZmV6.js                                0.28 kB │ gzip:   0.22 kB
storage/framework/testing/pkg05-build/assets/file-plus-2-BlUWhZcf.js                              0.28 kB │ gzip:   0.21 kB
storage/framework/testing/pkg05-build/assets/layout-template-BDE_U65Z.js                          0.28 kB │ gzip:   0.19 kB
storage/framework/testing/pkg05-build/assets/inbox-DtkJo8h8.js                                    0.29 kB │ gzip:   0.23 kB
storage/framework/testing/pkg05-build/assets/wallet-LKZHaESJ.js                                   0.29 kB │ gzip:   0.21 kB
storage/framework/testing/pkg05-build/assets/shopping-cart-BtWQv6iL.js                            0.29 kB │ gzip:   0.23 kB
storage/framework/testing/pkg05-build/assets/shirt-90tuepHd.js                                    0.29 kB │ gzip:   0.23 kB
storage/framework/testing/pkg05-build/assets/files-X0Q2T4qr.js                                    0.29 kB │ gzip:   0.21 kB
storage/framework/testing/pkg05-build/assets/house-BVbbWOiM.js                                    0.29 kB │ gzip:   0.22 kB
storage/framework/testing/pkg05-build/assets/bell-BMie1G8b.js                                     0.29 kB │ gzip:   0.23 kB
storage/framework/testing/pkg05-build/assets/use-initials-U-N8N3-N.js                             0.29 kB │ gzip:   0.20 kB
storage/framework/testing/pkg05-build/assets/send-DS7j-hFu.js                                     0.29 kB │ gzip:   0.23 kB
storage/framework/testing/pkg05-build/assets/folder-open-CuKs5m5E.js                              0.29 kB │ gzip:   0.22 kB
storage/framework/testing/pkg05-build/assets/receipt-BZtf36WO.js                                  0.29 kB │ gzip:   0.21 kB
storage/framework/testing/pkg05-build/assets/governance-permissions-oQG3y2Ya.js                   0.29 kB │ gzip:   0.19 kB
storage/framework/testing/pkg05-build/assets/link-2-off-SDMhZvnM.js                               0.29 kB │ gzip:   0.22 kB
storage/framework/testing/pkg05-build/assets/smile-CiTBgTnS.js                                    0.29 kB │ gzip:   0.22 kB
storage/framework/testing/pkg05-build/assets/grid-3x3-C8YFqiFU.js                                 0.29 kB │ gzip:   0.21 kB
storage/framework/testing/pkg05-build/assets/bed-double-Bxojy1ke.js                               0.30 kB │ gzip:   0.20 kB
storage/framework/testing/pkg05-build/assets/heart-crack-Co2aCcZE.js                              0.30 kB │ gzip:   0.24 kB
storage/framework/testing/pkg05-build/assets/hash-9BeUqx9w.js                                     0.30 kB │ gzip:   0.19 kB
storage/framework/testing/pkg05-build/assets/receipt-text-Cw8tsq1t.js                             0.30 kB │ gzip:   0.20 kB
storage/framework/testing/pkg05-build/assets/maximize-2-BpCrmQ0I.js                               0.30 kB │ gzip:   0.21 kB
storage/framework/testing/pkg05-build/assets/list-todo-Dstaet7Y.js                                0.30 kB │ gzip:   0.22 kB
storage/framework/testing/pkg05-build/assets/paperclip-CgBHV5k4.js                                0.30 kB │ gzip:   0.23 kB
storage/framework/testing/pkg05-build/assets/file-up-BOHp9KBH.js                                  0.30 kB │ gzip:   0.21 kB
storage/framework/testing/pkg05-build/assets/gavel-f5_8H45N.js                                    0.30 kB │ gzip:   0.21 kB
storage/framework/testing/pkg05-build/assets/flask-conical-CsYdC-sT.js                            0.30 kB │ gzip:   0.23 kB
storage/framework/testing/pkg05-build/assets/thumbs-up-XyifKh_M.js                                0.30 kB │ gzip:   0.24 kB
storage/framework/testing/pkg05-build/assets/list-DzebQLfO.js                                     0.30 kB │ gzip:   0.18 kB
storage/framework/testing/pkg05-build/assets/file-down-CLVEFTSf.js                                0.30 kB │ gzip:   0.21 kB
storage/framework/testing/pkg05-build/assets/thumbs-down-mKGRhb2c.js                              0.30 kB │ gzip:   0.24 kB
storage/framework/testing/pkg05-build/assets/minimize-2-CX6OGKWG.js                               0.30 kB │ gzip:   0.21 kB
storage/framework/testing/pkg05-build/assets/clipboard-check-BsxHMatJ.js                          0.30 kB │ gzip:   0.23 kB
storage/framework/testing/pkg05-build/assets/file-clock-BdNWttkJ.js                               0.30 kB │ gzip:   0.24 kB
storage/framework/testing/pkg05-build/assets/users-BSjBg0kH.js                                    0.30 kB │ gzip:   0.23 kB
storage/framework/testing/pkg05-build/assets/calendar-check-DIfkXt7r.js                           0.30 kB │ gzip:   0.22 kB
storage/framework/testing/pkg05-build/assets/coffee-D79rsW7X.js                                   0.30 kB │ gzip:   0.21 kB
storage/framework/testing/pkg05-build/assets/user-x-IsHkujJp.js                                   0.30 kB │ gzip:   0.23 kB
storage/framework/testing/pkg05-build/assets/folder-plus-fQq-bmbO.js                              0.30 kB │ gzip:   0.23 kB
storage/framework/testing/pkg05-build/assets/chef-hat-FsTsudQ0.js                                 0.31 kB │ gzip:   0.24 kB
storage/framework/testing/pkg05-build/assets/user-plus-SU8BN-IC.js                                0.31 kB │ gzip:   0.23 kB
storage/framework/testing/pkg05-build/assets/box-By_sTqat.js                                      0.31 kB │ gzip:   0.22 kB
storage/framework/testing/pkg05-build/assets/heart-pulse-CQpOe_Si.js                              0.31 kB │ gzip:   0.25 kB
storage/framework/testing/pkg05-build/assets/piggy-bank-gEgQ1cbc.js                               0.31 kB │ gzip:   0.25 kB
storage/framework/testing/pkg05-build/assets/badge-check-DqBlO9SL.js                              0.31 kB │ gzip:   0.21 kB
storage/framework/testing/pkg05-build/assets/hard-hat-CgyVIYTS.js                                 0.32 kB │ gzip:   0.23 kB
storage/framework/testing/pkg05-build/assets/shield-check-lpXCuraK.js                             0.32 kB │ gzip:   0.25 kB
storage/framework/testing/pkg05-build/assets/printer-ByjZ3ol1.js                                  0.32 kB │ gzip:   0.24 kB
storage/framework/testing/pkg05-build/assets/square-pen-BHie9vNW.js                               0.32 kB │ gzip:   0.24 kB
storage/framework/testing/pkg05-build/assets/refresh-ccw-BNWJkWfv.js                              0.32 kB │ gzip:   0.22 kB
storage/framework/testing/pkg05-build/assets/ticket-CjK1IPMk.js                                   0.32 kB │ gzip:   0.21 kB
storage/framework/testing/pkg05-build/assets/tag-Cr3oiErm.js                                      0.32 kB │ gzip:   0.25 kB
storage/framework/testing/pkg05-build/assets/hand-helping-B3Bxdt7H.js                             0.32 kB │ gzip:   0.25 kB
storage/framework/testing/pkg05-build/assets/id-card-CzrAcgZ3.js                                  0.32 kB │ gzip:   0.24 kB
storage/framework/testing/pkg05-build/assets/mail-warning-BZ2B_Jma.js                             0.32 kB │ gzip:   0.24 kB
storage/framework/testing/pkg05-build/assets/save-CttU1LVo.js                                     0.33 kB │ gzip:   0.23 kB
storage/framework/testing/pkg05-build/assets/scan-line-XP217WeJ.js                                0.33 kB │ gzip:   0.22 kB
storage/framework/testing/pkg05-build/assets/graduation-cap-az6K4Heg.js                           0.33 kB │ gzip:   0.25 kB
storage/framework/testing/pkg05-build/assets/list-ordered-UVrjL_a-.js                             0.33 kB │ gzip:   0.21 kB
storage/framework/testing/pkg05-build/assets/file-text-f_-7O8ak.js                                0.33 kB │ gzip:   0.22 kB
storage/framework/testing/pkg05-build/assets/book-open-check-3jtxMk1z.js                          0.33 kB │ gzip:   0.23 kB
storage/framework/testing/pkg05-build/assets/clipboard-plus-DUaSQuFu.js                           0.33 kB │ gzip:   0.24 kB
storage/framework/testing/pkg05-build/assets/alarm-clock-BUS_GsIK.js                              0.33 kB │ gzip:   0.23 kB
storage/framework/testing/pkg05-build/assets/contact-BAXkgFcU.js                                  0.33 kB │ gzip:   0.24 kB
storage/framework/testing/pkg05-build/assets/calendar-x-DEUGv3jL.js                               0.34 kB │ gzip:   0.23 kB
storage/framework/testing/pkg05-build/assets/accessibility-Biuv3X3K.js                            0.34 kB │ gzip:   0.24 kB
storage/framework/testing/pkg05-build/assets/archive-restore-D6V2_6Yp.js                          0.34 kB │ gzip:   0.24 kB
storage/framework/testing/pkg05-build/assets/stethoscope-KDmegnuM.js                              0.34 kB │ gzip:   0.24 kB
storage/framework/testing/pkg05-build/assets/shield-plus-BAP4USIa.js                              0.34 kB │ gzip:   0.25 kB
storage/framework/testing/pkg05-build/assets/layout-grid-CBNCZGo_.js                              0.34 kB │ gzip:   0.19 kB
storage/framework/testing/pkg05-build/assets/pin-CId1Rwfo.js                                      0.35 kB │ gzip:   0.24 kB
storage/framework/testing/pkg05-build/assets/file-image-CeF04Bs8.js                               0.35 kB │ gzip:   0.25 kB
storage/framework/testing/pkg05-build/assets/scroll-text-DjP0LVCk.js                              0.35 kB │ gzip:   0.23 kB
storage/framework/testing/pkg05-build/assets/key-round-DChGDwRn.js                                0.35 kB │ gzip:   0.26 kB
storage/framework/testing/pkg05-build/assets/layout-dashboard-C1Z_MXXD.js                         0.35 kB │ gzip:   0.21 kB
storage/framework/testing/pkg05-build/assets/shield-alert-Do46KOGN.js                             0.35 kB │ gzip:   0.26 kB
storage/framework/testing/pkg05-build/assets/file-chart-column-increasing-Bdx3ySpj.js             0.35 kB │ gzip:   0.23 kB
storage/framework/testing/pkg05-build/assets/webhook-CXscD0vF.js                                  0.35 kB │ gzip:   0.26 kB
storage/framework/testing/pkg05-build/assets/crosshair-p2ynWmQ_.js                                0.35 kB │ gzip:   0.21 kB
storage/framework/testing/pkg05-build/assets/calendar-plus-DKiTgJgv.js                            0.35 kB │ gzip:   0.23 kB
storage/framework/testing/pkg05-build/assets/shield-x-B-JGVpfz.js                                 0.36 kB │ gzip:   0.26 kB
storage/framework/testing/pkg05-build/assets/gift-6Rirhf7h.js                                     0.36 kB │ gzip:   0.25 kB
storage/framework/testing/pkg05-build/assets/trash-2-rV8DNQHN.js                                  0.36 kB │ gzip:   0.25 kB
storage/framework/testing/pkg05-build/assets/calendar-x-2-DQ24Md1E.js                             0.36 kB │ gzip:   0.23 kB
storage/framework/testing/pkg05-build/assets/bell-plus-DQUTOX_9.js                                0.36 kB │ gzip:   0.26 kB
storage/framework/testing/pkg05-build/assets/layout-list-CcosYXl5.js                              0.36 kB │ gzip:   0.22 kB
storage/framework/testing/pkg05-build/assets/warehouse-CaydSW4Q.js                                0.36 kB │ gzip:   0.26 kB
storage/framework/testing/pkg05-build/assets/utensils-crossed-DcR1uR1S.js                         0.36 kB │ gzip:   0.25 kB
storage/framework/testing/pkg05-build/assets/syringe-Dfy41kJY.js                                  0.36 kB │ gzip:   0.24 kB
storage/framework/testing/pkg05-build/assets/crown-LmGSxPQK.js                                    0.36 kB │ gzip:   0.26 kB
storage/framework/testing/pkg05-build/assets/sparkle-CCP5mK5O.js                                  0.36 kB │ gzip:   0.24 kB
storage/framework/testing/pkg05-build/assets/scale-BD9oW9Zp.js                                    0.36 kB │ gzip:   0.23 kB
storage/framework/testing/pkg05-build/assets/grip-vertical-_zsk9BGn.js                            0.36 kB │ gzip:   0.19 kB
storage/framework/testing/pkg05-build/assets/fuel-DS4W-Rw1.js                                     0.37 kB │ gzip:   0.25 kB
storage/framework/testing/pkg05-build/assets/door-open-B26Yyz13.js                                0.37 kB │ gzip:   0.25 kB
storage/framework/testing/pkg05-build/assets/droplets-CReY-ET6.js                                 0.37 kB │ gzip:   0.28 kB
storage/framework/testing/pkg05-build/assets/hammer-Boe_YytU.js                                   0.37 kB │ gzip:   0.27 kB
storage/framework/testing/pkg05-build/assets/file-pen-DTVArUfa.js                                 0.37 kB │ gzip:   0.26 kB
storage/framework/testing/pkg05-build/assets/package-s9uCvdoc.js                                  0.37 kB │ gzip:   0.25 kB
storage/framework/testing/pkg05-build/assets/index-B0Z-ysPe.js                                    0.37 kB │ gzip:   0.22 kB
storage/framework/testing/pkg05-build/assets/file-spreadsheet-Dvj38_Vz.js                         0.37 kB │ gzip:   0.23 kB
storage/framework/testing/pkg05-build/assets/life-buoy-CwKdp7tX.js                                0.37 kB │ gzip:   0.22 kB
storage/framework/testing/pkg05-build/assets/calendar-clock-9MuF6eY1.js                           0.38 kB │ gzip:   0.25 kB
storage/framework/testing/pkg05-build/assets/shield-question-0u5Fx3fv.js                          0.38 kB │ gzip:   0.28 kB
storage/framework/testing/pkg05-build/assets/network-CDAh9CkG.js                                  0.38 kB │ gzip:   0.24 kB
storage/framework/testing/pkg05-build/assets/calendar-off-CNOeaZNY.js                             0.38 kB │ gzip:   0.25 kB
storage/framework/testing/pkg05-build/assets/tags-CH5MpNk5.js                                     0.39 kB │ gzip:   0.28 kB
storage/framework/testing/pkg05-build/assets/baby-DzrF4b2i.js                                     0.39 kB │ gzip:   0.26 kB
storage/framework/testing/pkg05-build/assets/hard-drive-C-igfIY-.js                               0.39 kB │ gzip:   0.26 kB
storage/framework/testing/pkg05-build/assets/job-posting-constants-CneitmEO.js                    0.39 kB │ gzip:   0.23 kB
storage/framework/testing/pkg05-build/assets/file-pen-line--wz1tPPU.js                            0.39 kB │ gzip:   0.26 kB
storage/framework/testing/pkg05-build/assets/phone-DX4ZZYN_.js                                    0.39 kB │ gzip:   0.25 kB
storage/framework/testing/pkg05-build/assets/bell-ring--bx-Sk1T.js                                0.40 kB │ gzip:   0.27 kB
storage/framework/testing/pkg05-build/assets/map-pinned-Ch3QnJJm.js                               0.40 kB │ gzip:   0.29 kB
storage/framework/testing/pkg05-build/assets/shield-off-DHsAHIpj.js                               0.40 kB │ gzip:   0.28 kB
storage/framework/testing/pkg05-build/assets/truck-D7-f389e.js                                    0.40 kB │ gzip:   0.26 kB
storage/framework/testing/pkg05-build/assets/sprout-GhhwVDPW.js                                   0.40 kB │ gzip:   0.28 kB
storage/framework/testing/pkg05-build/assets/car-nD4u1MvX.js                                      0.40 kB │ gzip:   0.28 kB
storage/framework/testing/pkg05-build/assets/locate-fixed-D_lEkyKX.js                             0.40 kB │ gzip:   0.23 kB
storage/framework/testing/pkg05-build/assets/hand-BQobRPak.js                                     0.41 kB │ gzip:   0.25 kB
storage/framework/testing/pkg05-build/assets/landmark-f6voPlVO.js                                 0.41 kB │ gzip:   0.23 kB
storage/framework/testing/pkg05-build/assets/hand-coins-Bdo15rqG.js                               0.41 kB │ gzip:   0.29 kB
storage/framework/testing/pkg05-build/assets/clipboard-list-fiSKQloB.js                           0.41 kB │ gzip:   0.26 kB
storage/framework/testing/pkg05-build/assets/transport-medication-replay-gtpk4TTZ.js              0.41 kB │ gzip:   0.29 kB
storage/framework/testing/pkg05-build/assets/loader-BVodL1zK.js                                   0.41 kB │ gzip:   0.24 kB
storage/framework/testing/pkg05-build/assets/mouse-pointer-click-DIRG7ZZS.js                      0.41 kB │ gzip:   0.28 kB
storage/framework/testing/pkg05-build/assets/calendar-range-DfpUxEXe.js                           0.41 kB │ gzip:   0.25 kB
storage/framework/testing/pkg05-build/assets/waypoints-cd-jXHqT.js                                0.41 kB │ gzip:   0.25 kB
storage/framework/testing/pkg05-build/assets/layers-Kr2RTYq7.js                                   0.42 kB │ gzip:   0.24 kB
storage/framework/testing/pkg05-build/assets/mic-off-UsXWPj-f.js                                  0.42 kB │ gzip:   0.27 kB
storage/framework/testing/pkg05-build/assets/waves-a0LOPbNo.js                                    0.42 kB │ gzip:   0.21 kB
storage/framework/testing/pkg05-build/assets/skeleton-CDTEQwaO.js                                 0.42 kB │ gzip:   0.32 kB
storage/framework/testing/pkg05-build/assets/package-check-Bo8cEWz5.js                            0.42 kB │ gzip:   0.29 kB
storage/framework/testing/pkg05-build/assets/octagon-alert-HoLe4XhR.js                            0.43 kB │ gzip:   0.25 kB
storage/framework/testing/pkg05-build/assets/cable-BMwwznSP.js                                    0.43 kB │ gzip:   0.25 kB
storage/framework/testing/pkg05-build/assets/eye-off-D2xDjUDq.js                                  0.43 kB │ gzip:   0.27 kB
storage/framework/testing/pkg05-build/assets/building-2-fxTb2MC3.js                               0.44 kB │ gzip:   0.25 kB
storage/framework/testing/pkg05-build/assets/heading-small-B1QYXXBZ.js                            0.44 kB │ gzip:   0.32 kB
storage/framework/testing/pkg05-build/assets/handshake-C9Mv2o1Z.js                                0.45 kB │ gzip:   0.28 kB
storage/framework/testing/pkg05-build/assets/hand-heart-CQVJbbAK.js                               0.45 kB │ gzip:   0.31 kB
storage/framework/testing/pkg05-build/assets/bus-Cj6-QF-1.js                                      0.45 kB │ gzip:   0.28 kB
storage/framework/testing/pkg05-build/assets/footprints-DFBkNoSi.js                               0.45 kB │ gzip:   0.30 kB
storage/framework/testing/pkg05-build/assets/radio-tower-DhGDY2jc.js                              0.45 kB │ gzip:   0.29 kB
storage/framework/testing/pkg05-build/assets/input-error-DCYErTdJ.js                              0.46 kB │ gzip:   0.32 kB
storage/framework/testing/pkg05-build/assets/wifi-off-lJccKouB.js                                 0.46 kB │ gzip:   0.27 kB
storage/framework/testing/pkg05-build/assets/scan-eye-DL77nMfj.js                                 0.46 kB │ gzip:   0.28 kB
storage/framework/testing/pkg05-build/assets/heart-handshake-kYHkkrqm.js                          0.46 kB │ gzip:   0.31 kB
storage/framework/testing/pkg05-build/assets/spinner-DT1uIKXs.js                                  0.46 kB │ gzip:   0.33 kB
storage/framework/testing/pkg05-build/assets/person-standing-LLRx0XFp.js                          0.46 kB │ gzip:   0.31 kB
storage/framework/testing/pkg05-build/assets/trophy-BujShQtb.js                                   0.46 kB │ gzip:   0.28 kB
storage/framework/testing/pkg05-build/assets/pen-tool-BucF5JP_.js                                 0.47 kB │ gzip:   0.30 kB
storage/framework/testing/pkg05-build/assets/siren-02pFXjhM.js                                    0.47 kB │ gzip:   0.27 kB
storage/framework/testing/pkg05-build/assets/star-BQ2QtqIx.js                                     0.47 kB │ gzip:   0.29 kB
storage/framework/testing/pkg05-build/assets/sun-C4FNv1Q_.js                                      0.47 kB │ gzip:   0.26 kB
storage/framework/testing/pkg05-build/assets/notebook-pen-Ccjb1uEB.js                             0.47 kB │ gzip:   0.29 kB
storage/framework/testing/pkg05-build/assets/cake-DWd2-OZI.js                                     0.49 kB │ gzip:   0.26 kB
storage/framework/testing/pkg05-build/assets/cctv-BMetQW_8.js                                     0.49 kB │ gzip:   0.30 kB
storage/framework/testing/pkg05-build/assets/calendar-days-CvfELter.js                            0.49 kB │ gzip:   0.26 kB
storage/framework/testing/pkg05-build/assets/cpu-BczGT2pK.js                                      0.50 kB │ gzip:   0.26 kB
storage/framework/testing/pkg05-build/assets/radar-DjOAmxe5.js                                    0.50 kB │ gzip:   0.30 kB
storage/framework/testing/pkg05-build/assets/sparkles-Dq2Uz_9s.js                                 0.51 kB │ gzip:   0.30 kB
storage/framework/testing/pkg05-build/assets/wand-sparkles-CiOp_liT.js                            0.51 kB │ gzip:   0.29 kB
storage/framework/testing/pkg05-build/assets/ambulance-CW9Y1F7i.js                                0.51 kB │ gzip:   0.31 kB
storage/framework/testing/pkg05-build/assets/_helpers-Ayp0jCez.js                                 0.51 kB │ gzip:   0.33 kB
storage/framework/testing/pkg05-build/assets/unlink-BNYp0bEC.js                                   0.53 kB │ gzip:   0.30 kB
storage/framework/testing/pkg05-build/assets/calculator-Bxf6etz6.js                               0.53 kB │ gzip:   0.28 kB
storage/framework/testing/pkg05-build/assets/circle-dashed-BkdbY4AO.js                            0.57 kB │ gzip:   0.28 kB
storage/framework/testing/pkg05-build/assets/use-alert-workspace-focus-return-DGVRYbyO.js         0.58 kB │ gzip:   0.35 kB
storage/framework/testing/pkg05-build/assets/package-open-D8FQU6GH.js                             0.58 kB │ gzip:   0.33 kB
storage/framework/testing/pkg05-build/assets/i18n-Dncd9j2h.js                                     0.58 kB │ gzip:   0.39 kB
storage/framework/testing/pkg05-build/assets/user-cog-BRbZlK0j.js                                 0.58 kB │ gzip:   0.31 kB
storage/framework/testing/pkg05-build/assets/sliders-horizontal-CpI0-dPq.js                       0.58 kB │ gzip:   0.26 kB
storage/framework/testing/pkg05-build/assets/send-to-back-DDhfvUbe.js                             0.58 kB │ gzip:   0.31 kB
storage/framework/testing/pkg05-build/assets/fingerprint-DvN1aRHZ.js                              0.60 kB │ gzip:   0.35 kB
storage/framework/testing/pkg05-build/assets/label-DCjEnjsZ.js                                    0.61 kB │ gzip:   0.39 kB
storage/framework/testing/pkg05-build/assets/form-request-errors-BSRXMDrM.js                      0.63 kB │ gzip:   0.36 kB
storage/framework/testing/pkg05-build/assets/loading-state-B-tUX6vf.js                            0.64 kB │ gzip:   0.43 kB
storage/framework/testing/pkg05-build/assets/text-link-RogODYI2.js                                0.65 kB │ gzip:   0.42 kB
storage/framework/testing/pkg05-build/assets/qr-code-JaWb9NPz.js                                  0.65 kB │ gzip:   0.31 kB
storage/framework/testing/pkg05-build/assets/server-QcWULKSl.js                                   0.66 kB │ gzip:   0.37 kB
storage/framework/testing/pkg05-build/assets/collapsible-dZ42gUqn.js                              0.66 kB │ gzip:   0.28 kB
storage/framework/testing/pkg05-build/assets/resident-dot-BLoyRUP7.js                             0.67 kB │ gzip:   0.46 kB
storage/framework/testing/pkg05-build/assets/fleet-stat-card-D4kHUHO2.js                          0.72 kB │ gzip:   0.44 kB
storage/framework/testing/pkg05-build/assets/party-popper-C9GXaV6P.js                             0.72 kB │ gzip:   0.41 kB
storage/framework/testing/pkg05-build/assets/settings-D9PDQi9A.js                                 0.72 kB │ gzip:   0.34 kB
storage/framework/testing/pkg05-build/assets/textarea-C_9uu-fb.js                                 0.73 kB │ gzip:   0.47 kB
storage/framework/testing/pkg05-build/assets/meeting-workspace-links-BSKYBk34.js                  0.73 kB │ gzip:   0.40 kB
storage/framework/testing/pkg05-build/assets/brain-BrwUrAfs.js                                    0.73 kB │ gzip:   0.35 kB
storage/framework/testing/pkg05-build/assets/separator-DcAv2UUF.js                                0.77 kB │ gzip:   0.45 kB
storage/framework/testing/pkg05-build/assets/page-shell-B7eQidXD.js                               0.77 kB │ gzip:   0.45 kB
storage/framework/testing/pkg05-build/assets/shared-DHJYl7e2.js                                   0.77 kB │ gzip:   0.40 kB
storage/framework/testing/pkg05-build/assets/shared-D3Yvwbxq.js                                   0.77 kB │ gzip:   0.39 kB
storage/framework/testing/pkg05-build/assets/shift-row-types-DQA9BK_P.js                          0.80 kB │ gzip:   0.38 kB
storage/framework/testing/pkg05-build/assets/hr-tabs-D8RBQ2_A.js                                  0.81 kB │ gzip:   0.51 kB
storage/framework/testing/pkg05-build/assets/ops-stat-card-BIVnY9qo.js                            0.81 kB │ gzip:   0.48 kB
storage/framework/testing/pkg05-build/assets/progress-BxLvrMK0.js                                 0.82 kB │ gzip:   0.54 kB
storage/framework/testing/pkg05-build/assets/readable-operational-state-CK8MzJI-.js               0.85 kB │ gzip:   0.45 kB
storage/framework/testing/pkg05-build/assets/boxes-8BOjKOC9.js                                    0.85 kB │ gzip:   0.39 kB
storage/framework/testing/pkg05-build/assets/wizard-DF_QPOrg.js                                   0.87 kB │ gzip:   0.55 kB
storage/framework/testing/pkg05-build/assets/wizard-NNmqhkha.js                                   0.87 kB │ gzip:   0.55 kB
storage/framework/testing/pkg05-build/assets/list-caption-hE5ckvXY.js                             0.91 kB │ gzip:   0.54 kB
storage/framework/testing/pkg05-build/assets/index-CSEUMRIG.js                                    0.92 kB │ gzip:   0.53 kB
storage/framework/testing/pkg05-build/assets/now-rule-P7hRYwwd.js                                 0.95 kB │ gzip:   0.58 kB
storage/framework/testing/pkg05-build/assets/hero-action-button-D-GVyXk8.js                       0.95 kB │ gzip:   0.55 kB
storage/framework/testing/pkg05-build/assets/page-layout-DtSKkYRB.js                              0.97 kB │ gzip:   0.56 kB
storage/framework/testing/pkg05-build/assets/governance-dialog-deep-link-BLAMUST6.js              0.98 kB │ gzip:   0.58 kB
storage/framework/testing/pkg05-build/assets/settings-tabs-B9_F8Fm7.js                            0.99 kB │ gzip:   0.54 kB
storage/framework/testing/pkg05-build/assets/error-state-KN6mTDcq.js                              1.01 kB │ gzip:   0.62 kB
storage/framework/testing/pkg05-build/assets/use-settings-leave-confirmation-_sN1T8um.js          1.02 kB │ gzip:   0.61 kB
storage/framework/testing/pkg05-build/assets/presence-dot-CuGnqH3Y.js                             1.04 kB │ gzip:   0.58 kB
storage/framework/testing/pkg05-build/assets/input-49RbooBa.js                                    1.05 kB │ gzip:   0.59 kB
storage/framework/testing/pkg05-build/assets/command-centre-page-ByxHCkc1.js                      1.05 kB │ gzip:   0.59 kB
storage/framework/testing/pkg05-build/assets/switch-DZPR4_MT.js                                   1.06 kB │ gzip:   0.61 kB
storage/framework/testing/pkg05-build/assets/_shared-BN-lC1nz.js                                  1.07 kB │ gzip:   0.56 kB
storage/framework/testing/pkg05-build/assets/governance-work-CPDXtwsY.js                          1.09 kB │ gzip:   0.59 kB
storage/framework/testing/pkg05-build/assets/hover-action-vLW4u2SF.js                             1.09 kB │ gzip:   0.65 kB
storage/framework/testing/pkg05-build/assets/WidgetCard-2tC8eOcV.js                               1.10 kB │ gzip:   0.62 kB
storage/framework/testing/pkg05-build/assets/micro-stats-BKNykt34.js                              1.11 kB │ gzip:   0.61 kB
storage/framework/testing/pkg05-build/assets/confetti-8ALvzRDJ.js                                 1.11 kB │ gzip:   0.65 kB
storage/framework/testing/pkg05-build/assets/avatar-Cz9SiJ4o.js                                   1.14 kB │ gzip:   0.44 kB
storage/framework/testing/pkg05-build/assets/checkbox-B1zNe-Iw.js                                 1.15 kB │ gzip:   0.63 kB
storage/framework/testing/pkg05-build/assets/GovernanceHomeRail-DOtoT8al.js                       1.21 kB │ gzip:   0.67 kB
storage/framework/testing/pkg05-build/assets/_confirm-action-CxjMs0-U.js                          1.24 kB │ gzip:   0.70 kB
storage/framework/testing/pkg05-build/assets/wizard-stepper-BQZX3ZQK.js                           1.24 kB │ gzip:   0.67 kB
storage/framework/testing/pkg05-build/assets/handover-person-notes-CbHlG0Rx.js                    1.25 kB │ gzip:   0.63 kB
storage/framework/testing/pkg05-build/assets/task-api-LDQPp0GA.js                                 1.27 kB │ gzip:   0.81 kB
storage/framework/testing/pkg05-build/assets/_types-Bdo8GrIg.js                                   1.29 kB │ gzip:   0.67 kB
storage/framework/testing/pkg05-build/assets/medication-stock-governance-C5VIWPFO.js              1.30 kB │ gzip:   0.60 kB
storage/framework/testing/pkg05-build/assets/radio-group-DqaWmvEe.js                              1.31 kB │ gzip:   0.65 kB
storage/framework/testing/pkg05-build/assets/DiscardDraftDialog-wPZt0jEH.js                       1.32 kB │ gzip:   0.76 kB
storage/framework/testing/pkg05-build/assets/_attachments-XbPGfbO_.js                             1.32 kB │ gzip:   0.75 kB
storage/framework/testing/pkg05-build/assets/stream-grouping-DxjzPWpi.js                          1.35 kB │ gzip:   0.73 kB
storage/framework/testing/pkg05-build/assets/staff-avatar-ijViOMST.js                             1.35 kB │ gzip:   0.81 kB
storage/framework/testing/pkg05-build/assets/workflow-ribbon-BBuiXpNH.js                          1.35 kB │ gzip:   0.70 kB
storage/framework/testing/pkg05-build/assets/shift-status-badge-yAjfeNma.js                       1.36 kB │ gzip:   0.67 kB
storage/framework/testing/pkg05-build/assets/timesheet-status-badge-D2RzMNcQ.js                   1.36 kB │ gzip:   0.66 kB
storage/framework/testing/pkg05-build/assets/fleet-responsive-list-CgDsyRvl.js                    1.38 kB │ gzip:   0.70 kB
storage/framework/testing/pkg05-build/assets/sso-sign-in-buttons-Dh5DU2eq.js                      1.40 kB │ gzip:   0.71 kB
storage/framework/testing/pkg05-build/assets/site-credentials-CuhrbwjV.js                         1.43 kB │ gzip:   0.75 kB
storage/framework/testing/pkg05-build/assets/_helpers-DwiQF0jk.js                                 1.46 kB │ gzip:   0.80 kB
storage/framework/testing/pkg05-build/assets/fleet-empty-state-DFG2UpKr.js                        1.46 kB │ gzip:   0.77 kB
storage/framework/testing/pkg05-build/assets/journey-reference-strip-pm5NcpKt.js                  1.46 kB │ gzip:   0.81 kB
storage/framework/testing/pkg05-build/assets/GovernanceSectionRail-4Od6gVDU.js                    1.47 kB │ gzip:   0.82 kB
storage/framework/testing/pkg05-build/assets/index-DcmOMlk_.js                                    1.50 kB │ gzip:   0.52 kB
storage/framework/testing/pkg05-build/assets/badge-CZnzl86v.js                                    1.53 kB │ gzip:   0.77 kB
storage/framework/testing/pkg05-build/assets/shift-types-BrgEksIU.js                              1.54 kB │ gzip:   0.78 kB
storage/framework/testing/pkg05-build/assets/date-time-field-B1ftm3qR.js                          1.54 kB │ gzip:   0.77 kB
storage/framework/testing/pkg05-build/assets/performance-tabs-8bPCIuOK.js                         1.55 kB │ gzip:   0.74 kB
storage/framework/testing/pkg05-build/assets/confirm-dialog-BbNKEC44.js                           1.57 kB │ gzip:   0.86 kB
storage/framework/testing/pkg05-build/assets/mini-sparkline-D7i7f6lZ.js                           1.58 kB │ gzip:   0.91 kB
storage/framework/testing/pkg05-build/assets/verify-email-B6Qhr5_f.js                             1.58 kB │ gzip:   0.86 kB
storage/framework/testing/pkg05-build/assets/status-badge-BcV9Cyb7.js                             1.61 kB │ gzip:   0.78 kB
storage/framework/testing/pkg05-build/assets/control-room-vocab-CyrGIcZ2.js                       1.62 kB │ gzip:   0.64 kB
storage/framework/testing/pkg05-build/assets/popover-ifeG7vZg.js                                  1.64 kB │ gzip:   0.70 kB
storage/framework/testing/pkg05-build/assets/ops-charts-CfZvOWbq.js                               1.65 kB │ gzip:   0.78 kB
storage/framework/testing/pkg05-build/assets/alert-CF50OPgI.js                                    1.69 kB │ gzip:   0.74 kB
storage/framework/testing/pkg05-build/assets/alert-status-CXckdO80.js                             1.69 kB │ gzip:   0.79 kB
storage/framework/testing/pkg05-build/assets/report-incident-dialog-CE0o6m0w.js                   1.70 kB │ gzip:   0.89 kB
storage/framework/testing/pkg05-build/assets/laravel-pagination-C5klG0-k.js                       1.70 kB │ gzip:   0.84 kB
storage/framework/testing/pkg05-build/assets/money-L4nGavLX.js                                    1.71 kB │ gzip:   0.97 kB
storage/framework/testing/pkg05-build/assets/card-C9LxLdKv.js                                     1.77 kB │ gzip:   0.57 kB
storage/framework/testing/pkg05-build/assets/_helpers-Cw1qa85i.js                                 1.77 kB │ gzip:   0.76 kB
storage/framework/testing/pkg05-build/assets/documents-tabs-CSxOP7Yz.js                           1.78 kB │ gzip:   0.93 kB
storage/framework/testing/pkg05-build/assets/workflow-ribbon-17qgzANv.js                          1.80 kB │ gzip:   0.79 kB
storage/framework/testing/pkg05-build/assets/overlay-focus-return-4ESXsuki.js                     1.82 kB │ gzip:   0.89 kB
storage/framework/testing/pkg05-build/assets/tooltip-DVHxUwor.js                                  1.82 kB │ gzip:   0.84 kB
storage/framework/testing/pkg05-build/assets/control-room-alert-row-actions-DiDDZ7GP.js           1.85 kB │ gzip:   0.69 kB
storage/framework/testing/pkg05-build/assets/options-BwkaeHrx.js                                  1.86 kB │ gzip:   0.72 kB
storage/framework/testing/pkg05-build/assets/my-day-list-q1itjVfJ.js                              1.86 kB │ gzip:   0.90 kB
storage/framework/testing/pkg05-build/assets/accordion-Ds6_yF39.js                                1.87 kB │ gzip:   0.84 kB
storage/framework/testing/pkg05-build/assets/journey-gate-list-JX1uE2mS.js                        1.87 kB │ gzip:   0.85 kB
storage/framework/testing/pkg05-build/assets/fleet-utils-t-7nXUHw.js                              1.90 kB │ gzip:   0.72 kB
storage/framework/testing/pkg05-build/assets/_helpers-e-WLhcsP.js                                 1.94 kB │ gzip:   1.04 kB
storage/framework/testing/pkg05-build/assets/draft-resume-prompt-ix5-9o0e.js                      1.95 kB │ gzip:   1.01 kB
storage/framework/testing/pkg05-build/assets/respite-subnav-DVA95RUh.js                           2.01 kB │ gzip:   0.96 kB
storage/framework/testing/pkg05-build/assets/handover-follow-ups-CM70PA0k.js                      2.02 kB │ gzip:   1.02 kB
storage/framework/testing/pkg05-build/assets/button-DhhB9F7m.js                                   2.05 kB │ gzip:   0.96 kB
storage/framework/testing/pkg05-build/assets/address-autocomplete-Bb2edHC1.js                     2.07 kB │ gzip:   1.14 kB
storage/framework/testing/pkg05-build/assets/confirm-password-DFT1wM7-.js                         2.07 kB │ gzip:   1.04 kB
storage/framework/testing/pkg05-build/assets/_dialogs-CKLiSAKy.js                                 2.08 kB │ gzip:   1.11 kB
storage/framework/testing/pkg05-build/assets/governance-calendar-adapter-BoWwsrz5.js              2.10 kB │ gzip:   1.01 kB
storage/framework/testing/pkg05-build/assets/_create-recovery-i6Ou491d.js                         2.10 kB │ gzip:   1.07 kB
storage/framework/testing/pkg05-build/assets/use-personal-location-privacy-k70ZMAas.js            2.16 kB │ gzip:   0.99 kB
storage/framework/testing/pkg05-build/assets/reports-tabs-Der-X4hA.js                             2.17 kB │ gzip:   1.07 kB
storage/framework/testing/pkg05-build/assets/attention-panel-DK7MX6i4.js                          2.17 kB │ gzip:   0.99 kB
storage/framework/testing/pkg05-build/assets/task-step-draft-DxdxM4oT.js                          2.18 kB │ gzip:   1.13 kB
storage/framework/testing/pkg05-build/assets/payroll-hero-ZS_XzvKF.js                             2.28 kB │ gzip:   1.11 kB
storage/framework/testing/pkg05-build/assets/_shared-dkzcTyJH.js                                  2.30 kB │ gzip:   1.17 kB
storage/framework/testing/pkg05-build/assets/_memory-recovery-KPLCXoTQ.js                         2.31 kB │ gzip:   1.21 kB
storage/framework/testing/pkg05-build/assets/_shared-BJ4fcJtB.js                                  2.34 kB │ gzip:   1.13 kB
storage/framework/testing/pkg05-build/assets/reason-dialog-DRATmRYE.js                            2.34 kB │ gzip:   1.28 kB
storage/framework/testing/pkg05-build/assets/table-DHtHPBEX.js                                    2.42 kB │ gzip:   0.67 kB
storage/framework/testing/pkg05-build/assets/drills-JS0K7t80.js                                   2.43 kB │ gzip:   1.13 kB
storage/framework/testing/pkg05-build/assets/_icons-4bnPGrm3.js                                   2.45 kB │ gzip:   1.15 kB
storage/framework/testing/pkg05-build/assets/first-aid-D_GnNv0c.js                                2.47 kB │ gzip:   1.14 kB
storage/framework/testing/pkg05-build/assets/task-help-inbox-BxVm0QGW.js                          2.48 kB │ gzip:   1.34 kB
storage/framework/testing/pkg05-build/assets/datetime-Cj7rLFb1.js                                 2.50 kB │ gzip:   1.10 kB
storage/framework/testing/pkg05-build/assets/finance-section-rail-1xhrLCyC.js                     2.53 kB │ gzip:   1.28 kB
storage/framework/testing/pkg05-build/assets/provisioning-request-files-UGtp2RXG.js               2.56 kB │ gzip:   1.26 kB
storage/framework/testing/pkg05-build/assets/text-prompt-dialog-KFmjWG6A.js                       2.62 kB │ gzip:   1.41 kB
storage/framework/testing/pkg05-build/assets/services-KQQVHIs0.js                                 2.63 kB │ gzip:   1.19 kB
storage/framework/testing/pkg05-build/assets/shift-context-menu-CNRM9i7R.js                       2.64 kB │ gzip:   1.37 kB
storage/framework/testing/pkg05-build/assets/provisioning-command-fields-4x2FBuJS.js              2.68 kB │ gzip:   1.16 kB
storage/framework/testing/pkg05-build/assets/care-plan-domains-DZ2vXFqg.js                        2.69 kB │ gzip:   1.26 kB
storage/framework/testing/pkg05-build/assets/donut-chart-BjEVgtH7.js                              2.71 kB │ gzip:   1.35 kB
storage/framework/testing/pkg05-build/assets/donut-RxOXSbq7.js                                    2.74 kB │ gzip:   1.38 kB
storage/framework/testing/pkg05-build/assets/index-BjmjDcUN.js                                    2.76 kB │ gzip:   0.71 kB
storage/framework/testing/pkg05-build/assets/status-badge-3QlJuqdd.js                             2.76 kB │ gzip:   1.29 kB
storage/framework/testing/pkg05-build/assets/readiness-BASYbg49.js                                2.79 kB │ gzip:   1.36 kB
storage/framework/testing/pkg05-build/assets/financials-iNJ2mscu.js                               2.80 kB │ gzip:   1.36 kB
storage/framework/testing/pkg05-build/assets/safety-register-RM2oXRej.js                          2.83 kB │ gzip:   1.33 kB
storage/framework/testing/pkg05-build/assets/ppe-ZP5u7pGK.js                                      2.84 kB │ gzip:   1.10 kB
storage/framework/testing/pkg05-build/assets/register-row-kit-DYBAbrfL.js                         2.86 kB │ gzip:   1.16 kB
storage/framework/testing/pkg05-build/assets/lifecycle-tabs-CYcCSjXh.js                           2.88 kB │ gzip:   1.48 kB
storage/framework/testing/pkg05-build/assets/_tabs-KfgECoDr.js                                    2.90 kB │ gzip:   1.48 kB
storage/framework/testing/pkg05-build/assets/_note-category-picker-CgrYrf4m.js                    2.92 kB │ gzip:   1.37 kB
storage/framework/testing/pkg05-build/assets/use-create-shift-launcher-BgYwtmEb.js                2.92 kB │ gzip:   1.44 kB
storage/framework/testing/pkg05-build/assets/use-form-autosave-Cv8vzPvw.js                        2.92 kB │ gzip:   1.47 kB
storage/framework/testing/pkg05-build/assets/toolbar-BRMDwFMG.js                                  2.92 kB │ gzip:   1.40 kB
storage/framework/testing/pkg05-build/assets/hs-detail-dialog-BFWV5BOd.js                         2.93 kB │ gzip:   1.33 kB
storage/framework/testing/pkg05-build/assets/notification-catalog-DveZKd9k.js                     2.96 kB │ gzip:   0.93 kB
storage/framework/testing/pkg05-build/assets/forgot-password-Cuga7N_h.js                          2.99 kB │ gzip:   1.43 kB
storage/framework/testing/pkg05-build/assets/auth-layout-CZtzJmh4.js                              3.03 kB │ gzip:   1.37 kB
storage/framework/testing/pkg05-build/assets/report-launcher-CdOi05Mo.js                          3.03 kB │ gzip:   1.51 kB
storage/framework/testing/pkg05-build/assets/tab-strip-BVRkR7Di.js                                3.03 kB │ gzip:   1.38 kB
storage/framework/testing/pkg05-build/assets/_overview-map-card-CObMe89D.js                       3.06 kB │ gzip:   1.48 kB
storage/framework/testing/pkg05-build/assets/provisioning-manual-dialog-vkZ5_oh2.js               3.06 kB │ gzip:   1.53 kB
storage/framework/testing/pkg05-build/assets/reset-password-C1ejdGMD.js                           3.08 kB │ gzip:   1.25 kB
storage/framework/testing/pkg05-build/assets/start-reconciliation-dialog-CytW28v9.js              3.11 kB │ gzip:   1.29 kB
storage/framework/testing/pkg05-build/assets/two-factor-challenge-214WK21I.js                     3.13 kB │ gzip:   1.47 kB
storage/framework/testing/pkg05-build/assets/dictate-button-CgyfTfWT.js                           3.14 kB │ gzip:   1.60 kB
storage/framework/testing/pkg05-build/assets/use-specialist-form-defaults-DbmrsZ0P.js             3.14 kB │ gzip:   1.56 kB
storage/framework/testing/pkg05-build/assets/client-edit-dialog-osf2prPw.js                       3.16 kB │ gzip:   1.57 kB
storage/framework/testing/pkg05-build/assets/record-care-actions-DvtVWJBU.js                      3.18 kB │ gzip:   1.40 kB
storage/framework/testing/pkg05-build/assets/document-library-kit-CeKH6QwH.js                     3.19 kB │ gzip:   1.08 kB
storage/framework/testing/pkg05-build/assets/risk-assessments-RYEtYyGt.js                         3.21 kB │ gzip:   1.55 kB
storage/framework/testing/pkg05-build/assets/recorded-detail-dialog-BvAOlhrv.js                   3.22 kB │ gzip:   1.59 kB
storage/framework/testing/pkg05-build/assets/control-room-row-actions-CJZW_5GU.js                 3.31 kB │ gzip:   1.49 kB
storage/framework/testing/pkg05-build/assets/_dialogs-NKF7XkV2.js                                 3.32 kB │ gzip:   1.44 kB
storage/framework/testing/pkg05-build/assets/leave-context-menu-DLPvYjQP.js                       3.33 kB │ gzip:   1.64 kB
storage/framework/testing/pkg05-build/assets/row-context-menu-BuvIqrKq.js                         3.33 kB │ gzip:   1.64 kB
storage/framework/testing/pkg05-build/assets/_context-menu-CeQQh61p.js                            3.33 kB │ gzip:   1.60 kB
storage/framework/testing/pkg05-build/assets/fleet-compact-hero-C_30lzwN.js                       3.33 kB │ gzip:   1.45 kB
storage/framework/testing/pkg05-build/assets/compensation-tabs-NsIJjWI5.js                        3.34 kB │ gzip:   1.62 kB
storage/framework/testing/pkg05-build/assets/hs-hero-kit-BOhZDVwf.js                              3.36 kB │ gzip:   1.54 kB
storage/framework/testing/pkg05-build/assets/task-steps-C7Z9DDC9.js                               3.38 kB │ gzip:   1.59 kB
storage/framework/testing/pkg05-build/assets/shift-med-snapshot-BPagxrQW.js                       3.39 kB │ gzip:   1.37 kB
storage/framework/testing/pkg05-build/assets/device-profile-navigation-D8VJw7Wq.js                3.40 kB │ gzip:   1.65 kB
storage/framework/testing/pkg05-build/assets/inspections-CLVRY8Cf.js                              3.42 kB │ gzip:   1.39 kB
storage/framework/testing/pkg05-build/assets/ra-register-section-C6YloSYi.js                      3.46 kB │ gzip:   1.76 kB
storage/framework/testing/pkg05-build/assets/command-D5-__Y-9.js                                  3.47 kB │ gzip:   1.07 kB
storage/framework/testing/pkg05-build/assets/shift-context-menu-D0DgSK9K.js                       3.49 kB │ gzip:   1.66 kB
storage/framework/testing/pkg05-build/assets/posting-preview-BLWC2TSD.js                          3.51 kB │ gzip:   1.53 kB
storage/framework/testing/pkg05-build/assets/_emergency-checklist-Dttt_Yk8.js                     3.52 kB │ gzip:   1.53 kB
storage/framework/testing/pkg05-build/assets/handover-context-menu-CRruKDke.js                    3.55 kB │ gzip:   1.54 kB
storage/framework/testing/pkg05-build/assets/_readiness-panel-CzJvgPtF.js                         3.59 kB │ gzip:   1.64 kB
storage/framework/testing/pkg05-build/assets/checklists-pc1Up5rj.js                               3.59 kB │ gzip:   1.71 kB
storage/framework/testing/pkg05-build/assets/checks-model-BpbAC4Rm.js                             3.63 kB │ gzip:   1.63 kB
storage/framework/testing/pkg05-build/assets/journey-term-help-BuQQzP-d.js                        3.64 kB │ gzip:   1.45 kB
storage/framework/testing/pkg05-build/assets/my-provisioning-list-CPMqci38.js                     3.67 kB │ gzip:   1.70 kB
storage/framework/testing/pkg05-build/assets/site-profile-states-Bt07hs6g.js                      3.69 kB │ gzip:   1.46 kB
storage/framework/testing/pkg05-build/assets/alert-dialog-CTbWLyiF.js                             3.76 kB │ gzip:   1.10 kB
storage/framework/testing/pkg05-build/assets/resolution-voting-Bpa7_z73.js                        3.78 kB │ gzip:   1.69 kB
storage/framework/testing/pkg05-build/assets/_geometry-Dx1kFP0e.js                                3.80 kB │ gzip:   1.60 kB
storage/framework/testing/pkg05-build/assets/configured-questions-CJZUnlvp.js                     3.86 kB │ gzip:   1.82 kB
storage/framework/testing/pkg05-build/assets/register-Qxq3e_sD.js                                 3.88 kB │ gzip:   1.46 kB
storage/framework/testing/pkg05-build/assets/MedicationScanVerificationPanel-Dn4zjgaB.js          3.89 kB │ gzip:   1.61 kB
storage/framework/testing/pkg05-build/assets/task-detail-dialog-Buox_a2w.js                       3.90 kB │ gzip:   1.78 kB
storage/framework/testing/pkg05-build/assets/reference-questionnaire-Cj9ZVVdX.js                  3.94 kB │ gzip:   1.82 kB
storage/framework/testing/pkg05-build/assets/ticket-version-conflict-irwVbstI.js                  3.96 kB │ gzip:   1.80 kB
storage/framework/testing/pkg05-build/assets/shift-timeline-summary-flJTKn6M.js                   3.99 kB │ gzip:   1.66 kB
storage/framework/testing/pkg05-build/assets/edit-DHylndXl.js                                     4.00 kB │ gzip:   1.77 kB
storage/framework/testing/pkg05-build/assets/login-BhktUXBj.js                                    4.01 kB │ gzip:   1.72 kB
storage/framework/testing/pkg05-build/assets/governed-location-export-dialog-C4JbKxAV.js          4.01 kB │ gzip:   1.96 kB
storage/framework/testing/pkg05-build/assets/shared-DmfSje01.js                                   4.01 kB │ gzip:   1.96 kB
storage/framework/testing/pkg05-build/assets/finance-period-filter-kLjEeJc_.js                    4.02 kB │ gzip:   1.91 kB
storage/framework/testing/pkg05-build/assets/calendar-Blc9bra6.js                                 4.06 kB │ gzip:   1.79 kB
storage/framework/testing/pkg05-build/assets/shift-summary-BBFwNvE9.js                            4.07 kB │ gzip:   1.68 kB
storage/framework/testing/pkg05-build/assets/workspace-model-CTDC_Qgb.js                          4.10 kB │ gzip:   1.78 kB
storage/framework/testing/pkg05-build/assets/index-Bpzl9rqK.js                                    4.13 kB │ gzip:   0.83 kB
storage/framework/testing/pkg05-build/assets/entity-cells-DjtX5BWy.js                             4.13 kB │ gzip:   1.64 kB
storage/framework/testing/pkg05-build/assets/use-two-factor-auth-Dgc0aeBO.js                      4.15 kB │ gzip:   1.77 kB
storage/framework/testing/pkg05-build/assets/empty-state-CH_afMQm.js                              4.18 kB │ gzip:   1.85 kB
storage/framework/testing/pkg05-build/assets/board-bits-7g8d-ez3.js                               4.19 kB │ gzip:   1.58 kB
storage/framework/testing/pkg05-build/assets/specialist-record-list-D_n-Hxjh.js                   4.23 kB │ gzip:   1.98 kB
storage/framework/testing/pkg05-build/assets/hazards-eMgRGuN7.js                                  4.24 kB │ gzip:   1.95 kB
storage/framework/testing/pkg05-build/assets/documents-BHEE3bdC.js                                4.28 kB │ gzip:   1.90 kB
storage/framework/testing/pkg05-build/assets/estate-operations-DrBkl9Ev.js                        4.29 kB │ gzip:   1.73 kB
storage/framework/testing/pkg05-build/assets/generate-rounds-modal-C0oftrWP.js                    4.33 kB │ gzip:   2.11 kB
storage/framework/testing/pkg05-build/assets/wizard-fields-DcxflNor.js                            4.34 kB │ gzip:   1.90 kB
storage/framework/testing/pkg05-build/assets/first-aid-tab-C7EjsdFh.js                            4.34 kB │ gzip:   1.78 kB
storage/framework/testing/pkg05-build/assets/assets-B1v6NoI1.js                                   4.37 kB │ gzip:   1.73 kB
storage/framework/testing/pkg05-build/assets/login-CjScFokN.js                                    4.37 kB │ gzip:   1.85 kB
storage/framework/testing/pkg05-build/assets/privacy-shared-Cd4Hmc6a.js                           4.39 kB │ gzip:   1.65 kB
storage/framework/testing/pkg05-build/assets/_shared-DGBBeFOv.js                                  4.41 kB │ gzip:   1.90 kB
storage/framework/testing/pkg05-build/assets/_dialogs-Bj-y_Nvw.js                                 4.43 kB │ gzip:   1.80 kB
storage/framework/testing/pkg05-build/assets/shift-audit-timeline-CwspXQ-R.js                     4.49 kB │ gzip:   1.82 kB
storage/framework/testing/pkg05-build/assets/shared-NgEs4a6S.js                                   4.50 kB │ gzip:   1.74 kB
storage/framework/testing/pkg05-build/assets/applicable-procedures-panel-Hyw5dzEk.js              4.52 kB │ gzip:   1.75 kB
storage/framework/testing/pkg05-build/assets/task-help-BQSfZrAL.js                                4.61 kB │ gzip:   1.95 kB
storage/framework/testing/pkg05-build/assets/client-clinical-launchers-D3hSwEFK.js                4.62 kB │ gzip:   2.10 kB
storage/framework/testing/pkg05-build/assets/meal-planner-skYtq-pH.js                             4.69 kB │ gzip:   2.19 kB
storage/framework/testing/pkg05-build/assets/Create-KrEoR-TS.js                                   4.69 kB │ gzip:   2.10 kB
storage/framework/testing/pkg05-build/assets/incidents-tab-0oPVerMa.js                            4.72 kB │ gzip:   1.85 kB
storage/framework/testing/pkg05-build/assets/_dialogs-dKlXVbmM.js                                 4.75 kB │ gzip:   2.18 kB
storage/framework/testing/pkg05-build/assets/AgedPayables-DxiWpUCF.js                             4.75 kB │ gzip:   2.13 kB
storage/framework/testing/pkg05-build/assets/AgedReceivables-BuRov8Bx.js                          4.76 kB │ gzip:   2.13 kB
storage/framework/testing/pkg05-build/assets/donut-card-BwnfSjei.js                               4.76 kB │ gzip:   2.08 kB
storage/framework/testing/pkg05-build/assets/control-room-workspace-hero-CLQKW0s2.js              4.76 kB │ gzip:   2.26 kB
storage/framework/testing/pkg05-build/assets/dialog-B3vX4fmu.js                                   4.80 kB │ gzip:   1.64 kB
storage/framework/testing/pkg05-build/assets/_asset-dialogs-DhoVm6pW.js                           4.83 kB │ gzip:   2.30 kB
storage/framework/testing/pkg05-build/assets/Edit-D73ZDuzQ.js                                     4.87 kB │ gzip:   2.24 kB
storage/framework/testing/pkg05-build/assets/hardware-Dq4o4aXi.js                                 4.89 kB │ gzip:   2.14 kB
storage/framework/testing/pkg05-build/assets/entity-filter-BcyqMet7.js                            4.89 kB │ gzip:   2.28 kB
storage/framework/testing/pkg05-build/assets/concern-ALIYVgYK.js                                  4.93 kB │ gzip:   2.27 kB
storage/framework/testing/pkg05-build/assets/permission-destinations-5Wgi2Hnq.js                  4.93 kB │ gzip:   1.13 kB
storage/framework/testing/pkg05-build/assets/page-tabs-CcP1bvJf.js                                4.94 kB │ gzip:   2.03 kB
storage/framework/testing/pkg05-build/assets/_dialogs-Cm-2YeHn.js                                 4.97 kB │ gzip:   2.33 kB
storage/framework/testing/pkg05-build/assets/whats-next-rail-D_J_vwOI.js                          4.99 kB │ gzip:   2.37 kB
storage/framework/testing/pkg05-build/assets/_dialogs-_RLFRKg4.js                                 5.03 kB │ gzip:   2.03 kB
storage/framework/testing/pkg05-build/assets/leave-calendar-range-nqiahGvl.js                     5.04 kB │ gzip:   2.26 kB
storage/framework/testing/pkg05-build/assets/_dialogs-DyZtrw7s.js                                 5.10 kB │ gzip:   2.37 kB
storage/framework/testing/pkg05-build/assets/client-safety-ribbon-Wn4NJUhG.js                     5.10 kB │ gzip:   2.24 kB
storage/framework/testing/pkg05-build/assets/show-DH-B74Mt.js                                     5.12 kB │ gzip:   2.37 kB
storage/framework/testing/pkg05-build/assets/fleet-navigation-CMFeDqOQ.js                         5.17 kB │ gzip:   2.00 kB
storage/framework/testing/pkg05-build/assets/_evidence-8QPMKxtU.js                                5.17 kB │ gzip:   2.19 kB
storage/framework/testing/pkg05-build/assets/prn-effect-dialog-Dn_cfQ90.js                        5.19 kB │ gzip:   2.28 kB
storage/framework/testing/pkg05-build/assets/Placeholder-D14AzDZ5.js                              5.20 kB │ gzip:   2.44 kB
storage/framework/testing/pkg05-build/assets/shared-0V8Mm9Xn.js                                   5.20 kB │ gzip:   2.04 kB
storage/framework/testing/pkg05-build/assets/day-picker-chip-Bhj2rOBq.js                          5.21 kB │ gzip:   2.23 kB
storage/framework/testing/pkg05-build/assets/list-view-Bg8aERQn.js                                5.22 kB │ gzip:   1.83 kB
storage/framework/testing/pkg05-build/assets/plan-D4OuZwbG.js                                     5.22 kB │ gzip:   2.32 kB
storage/framework/testing/pkg05-build/assets/before-you-finish-aSKqOFyB.js                        5.25 kB │ gzip:   2.13 kB
storage/framework/testing/pkg05-build/assets/wizard-shell-HvBwDCY2.js                             5.31 kB │ gzip:   2.31 kB
storage/framework/testing/pkg05-build/assets/application-status-Cg26cU4A.js                       5.31 kB │ gzip:   2.16 kB
storage/framework/testing/pkg05-build/assets/index-CXcWXBdx.js                                    5.32 kB │ gzip:   2.36 kB
storage/framework/testing/pkg05-build/assets/care-plan-domains-builder-BqsXR0c0.js                5.33 kB │ gzip:   2.07 kB
storage/framework/testing/pkg05-build/assets/shared-CmyqTydH.js                                   5.34 kB │ gzip:   2.38 kB
storage/framework/testing/pkg05-build/assets/entity-menu-DwDpey7O.js                              5.35 kB │ gzip:   2.46 kB
storage/framework/testing/pkg05-build/assets/paperwork-panel-C8p9PrpI.js                          5.38 kB │ gzip:   2.33 kB
storage/framework/testing/pkg05-build/assets/show-C6w82AKx.js                                     5.38 kB │ gzip:   2.38 kB
storage/framework/testing/pkg05-build/assets/contacts-gV90hHbB.js                                 5.42 kB │ gzip:   2.32 kB
storage/framework/testing/pkg05-build/assets/_thumbnail-C80ii5Q1.js                               5.43 kB │ gzip:   2.56 kB
storage/framework/testing/pkg05-build/assets/fleet-charts-BD3Cp0FY.js                             5.50 kB │ gzip:   2.46 kB
storage/framework/testing/pkg05-build/assets/global-BJUebShZ.js                                   5.51 kB │ gzip:   2.46 kB
storage/framework/testing/pkg05-build/assets/Index-Cwh2OttT.js                                    5.52 kB │ gzip:   2.48 kB
storage/framework/testing/pkg05-build/assets/show-BZ_ns77a.js                                     5.53 kB │ gzip:   2.52 kB
storage/framework/testing/pkg05-build/assets/show-CQPjq6kO.js                                     5.54 kB │ gzip:   2.34 kB
storage/framework/testing/pkg05-build/assets/show-Dzil4VdX.js                                     5.55 kB │ gzip:   2.31 kB
storage/framework/testing/pkg05-build/assets/date-popover-DJBhAiZg.js                             5.60 kB │ gzip:   2.41 kB
storage/framework/testing/pkg05-build/assets/audit-log-modal-CKhLp79H.js                          5.60 kB │ gzip:   2.52 kB
storage/framework/testing/pkg05-build/assets/index-Bb4gFR44.js                                    5.63 kB │ gzip:   2.50 kB
storage/framework/testing/pkg05-build/assets/medication-review-modal-CdoMYAiS.js                  5.64 kB │ gzip:   2.55 kB
storage/framework/testing/pkg05-build/assets/entity-table-La-HSZ6N.js                             5.74 kB │ gzip:   2.40 kB
storage/framework/testing/pkg05-build/assets/index-BnD-yzu8.js                                    5.74 kB │ gzip:   2.56 kB
storage/framework/testing/pkg05-build/assets/complete-obligation-dialog-C_H3HFsV.js               5.76 kB │ gzip:   2.57 kB
storage/framework/testing/pkg05-build/assets/Calendar-63euFkqR.js                                 5.78 kB │ gzip:   2.62 kB
storage/framework/testing/pkg05-build/assets/rhythms-routines-C-0ub-9D.js                         5.79 kB │ gzip:   2.63 kB
storage/framework/testing/pkg05-build/assets/index-DwSPO5AH.js                                    5.83 kB │ gzip:   2.66 kB
storage/framework/testing/pkg05-build/assets/select-Ji_1dg_v.js                                   5.86 kB │ gzip:   1.90 kB
storage/framework/testing/pkg05-build/assets/multi-entity-filter-B1TfXxf_.js                      5.86 kB │ gzip:   2.62 kB
storage/framework/testing/pkg05-build/assets/_shared-DMZePeG_.js                                  5.88 kB │ gzip:   2.59 kB
storage/framework/testing/pkg05-build/assets/dropdown-menu-CkbUHXIf.js                            5.88 kB │ gzip:   1.65 kB
storage/framework/testing/pkg05-build/assets/stat-tile-DcEOif3_.js                                5.89 kB │ gzip:   2.51 kB
storage/framework/testing/pkg05-build/assets/GovernanceAttachmentsPanel-BSxbL4dV.js               5.91 kB │ gzip:   2.49 kB
storage/framework/testing/pkg05-build/assets/index-CgLDBQZq.js                                    5.94 kB │ gzip:   2.75 kB
storage/framework/testing/pkg05-build/assets/_helpers-BEoW8FYm.js                                 5.94 kB │ gzip:   2.44 kB
storage/framework/testing/pkg05-build/assets/index-BuUKBYB7.js                                    5.98 kB │ gzip:   2.72 kB
storage/framework/testing/pkg05-build/assets/audit-CpVQqDcj.js                                    5.98 kB │ gzip:   2.70 kB
storage/framework/testing/pkg05-build/assets/index-V__ccGUY.js                                    6.00 kB │ gzip:   2.59 kB
storage/framework/testing/pkg05-build/assets/compliance-bits-CPBFCQyK.js                          6.02 kB │ gzip:   2.53 kB
storage/framework/testing/pkg05-build/assets/report-page-C0vUE1vT.js                              6.03 kB │ gzip:   2.83 kB
storage/framework/testing/pkg05-build/assets/link-client-dialog-CzjTZbQo.js                       6.06 kB │ gzip:   2.58 kB
storage/framework/testing/pkg05-build/assets/stream-context-menu-Cpnkzhcj.js                      6.08 kB │ gzip:   2.79 kB
storage/framework/testing/pkg05-build/assets/food-meal-CHD7twMI.js                                6.12 kB │ gzip:   2.11 kB
storage/framework/testing/pkg05-build/assets/BoardMonthly-B2SQhVeH.js                             6.14 kB │ gzip:   2.84 kB
storage/framework/testing/pkg05-build/assets/index-SAkzK-UO.js                                    6.14 kB │ gzip:   2.81 kB
storage/framework/testing/pkg05-build/assets/with-concerns-CWT-xAsW.js                            6.15 kB │ gzip:   2.73 kB
storage/framework/testing/pkg05-build/assets/with-incidents-CQb_b_if.js                           6.15 kB │ gzip:   2.73 kB
storage/framework/testing/pkg05-build/assets/show-C7qP1Uep.js                                     6.18 kB │ gzip:   2.80 kB
storage/framework/testing/pkg05-build/assets/index-ckV_3vN1.js                                    6.18 kB │ gzip:   2.75 kB
storage/framework/testing/pkg05-build/assets/compliance-hub-header-JQ9kZDld.js                    6.22 kB │ gzip:   2.74 kB
storage/framework/testing/pkg05-build/assets/index-rYMwGWhz.js                                    6.23 kB │ gzip:   2.80 kB
storage/framework/testing/pkg05-build/assets/emergency-plan-BIkGZC7c.js                           6.23 kB │ gzip:   2.79 kB
storage/framework/testing/pkg05-build/assets/show-C0R5P5Pk.js                                     6.26 kB │ gzip:   2.49 kB
storage/framework/testing/pkg05-build/assets/recognition-wizard-ByV16v42.js                       6.27 kB │ gzip:   2.43 kB
storage/framework/testing/pkg05-build/assets/Calendar-Bk3bFhHu.js                                 6.28 kB │ gzip:   2.85 kB
storage/framework/testing/pkg05-build/assets/index-1KyGHBt7.js                                    6.32 kB │ gzip:   2.80 kB
storage/framework/testing/pkg05-build/assets/for-stay-DGxu0-H-.js                                 6.33 kB │ gzip:   2.79 kB
storage/framework/testing/pkg05-build/assets/report-1-pr4oAR.js                                   6.34 kB │ gzip:   2.90 kB
storage/framework/testing/pkg05-build/assets/create-B1oUH2K9.js                                   6.35 kB │ gzip:   2.62 kB
storage/framework/testing/pkg05-build/assets/quick-note-dialog-CHVzenzx.js                        6.36 kB │ gzip:   2.65 kB
storage/framework/testing/pkg05-build/assets/show-CNZxoIol.js                                     6.37 kB │ gzip:   2.83 kB
storage/framework/testing/pkg05-build/assets/use-my-day-labels-Cu-spPls.js                        6.38 kB │ gzip:   2.60 kB
storage/framework/testing/pkg05-build/assets/entity-card-Fh6ldWr4.js                              6.39 kB │ gzip:   2.73 kB
storage/framework/testing/pkg05-build/assets/stock-movement-modal-_0Aie5yh.js                     6.40 kB │ gzip:   2.62 kB
storage/framework/testing/pkg05-build/assets/Create-BwbzEtzt.js                                   6.41 kB │ gzip:   2.93 kB
storage/framework/testing/pkg05-build/assets/offer-response-CIhsbEwe.js                           6.41 kB │ gzip:   2.61 kB
storage/framework/testing/pkg05-build/assets/compensation-hero-edWDJvAW.js                        6.42 kB │ gzip:   2.49 kB
storage/framework/testing/pkg05-build/assets/overdue-Dn7oEZ7Q.js                                  6.47 kB │ gzip:   2.83 kB
storage/framework/testing/pkg05-build/assets/auto-rule-builder-DYw49tmW.js                        6.50 kB │ gzip:   2.43 kB
storage/framework/testing/pkg05-build/assets/tabs-pHoypA3C.js                                     6.50 kB │ gzip:   2.68 kB
storage/framework/testing/pkg05-build/assets/unacknowledged-C1ht453c.js                           6.51 kB │ gzip:   2.82 kB
storage/framework/testing/pkg05-build/assets/overdue-Drz5JpAq.js                                  6.51 kB │ gzip:   2.83 kB
storage/framework/testing/pkg05-build/assets/my-active-8Q8cOLX0.js                                6.51 kB │ gzip:   2.89 kB
storage/framework/testing/pkg05-build/assets/list-view-BkOs8qjo.js                                6.53 kB │ gzip:   2.36 kB
storage/framework/testing/pkg05-build/assets/Create-QKgbMbKc.js                                   6.54 kB │ gzip:   2.95 kB
storage/framework/testing/pkg05-build/assets/clients-Cs87BohN.js                                  6.54 kB │ gzip:   2.77 kB
storage/framework/testing/pkg05-build/assets/ppe-shared-BQi_Xocw.js                               6.56 kB │ gzip:   2.64 kB
storage/framework/testing/pkg05-build/assets/trend-charts-bpCkjBWL.js                             6.57 kB │ gzip:   2.53 kB
storage/framework/testing/pkg05-build/assets/maps-usage-7QNh5_EJ.js                               6.59 kB │ gzip:   2.89 kB
storage/framework/testing/pkg05-build/assets/actions-reviews-WEHH5D3H.js                          6.59 kB │ gzip:   2.68 kB
storage/framework/testing/pkg05-build/assets/sortable.esm-TrASzQ3t.js                             6.64 kB │ gzip:   2.78 kB
storage/framework/testing/pkg05-build/assets/meal-planner-CNrXcgT2.js                             6.68 kB │ gzip:   2.97 kB
storage/framework/testing/pkg05-build/assets/_workspace-CPT9_mAi.js                               6.70 kB │ gzip:   2.73 kB
storage/framework/testing/pkg05-build/assets/for-client-BUhU-2Dd.js                               6.71 kB │ gzip:   2.91 kB
storage/framework/testing/pkg05-build/assets/_registers-mlYJtEAo.js                               6.75 kB │ gzip:   2.64 kB
storage/framework/testing/pkg05-build/assets/shift-calendar-view-C5edFdV6.js                      6.78 kB │ gzip:   2.74 kB
storage/framework/testing/pkg05-build/assets/index-BKuL1aI8.js                                    6.82 kB │ gzip:   1.08 kB
storage/framework/testing/pkg05-build/assets/handover-rail-BoEgKPk5.js                            6.82 kB │ gzip:   2.89 kB
storage/framework/testing/pkg05-build/assets/needing-acknowledgment-BFUds_vU.js                   6.83 kB │ gzip:   2.90 kB
storage/framework/testing/pkg05-build/assets/for-stay-CsYtBabi.js                                 6.85 kB │ gzip:   3.02 kB
storage/framework/testing/pkg05-build/assets/checklist-trends-FUa_Yv7D.js                         6.87 kB │ gzip:   2.97 kB
storage/framework/testing/pkg05-build/assets/assignments-j5YsKQjG.js                              6.88 kB │ gzip:   3.25 kB
storage/framework/testing/pkg05-build/assets/clock-in-wizard-DQJdD3FF.js                          6.88 kB │ gzip:   2.94 kB
storage/framework/testing/pkg05-build/assets/board-view-D9yqA2iX.js                               6.89 kB │ gzip:   2.72 kB
storage/framework/testing/pkg05-build/assets/show-CjLoKKZh.js                                     6.90 kB │ gzip:   3.18 kB
storage/framework/testing/pkg05-build/assets/day-work-list-DtKepm4I.js                            6.91 kB │ gzip:   2.82 kB
storage/framework/testing/pkg05-build/assets/index-UINWfzmt.js                                    6.94 kB │ gzip:   2.81 kB
storage/framework/testing/pkg05-build/assets/for-stay-DHo8zoW-.js                                 6.96 kB │ gzip:   3.10 kB
storage/framework/testing/pkg05-build/assets/_dialogs-De3NQ3y9.js                                 7.01 kB │ gzip:   3.23 kB
storage/framework/testing/pkg05-build/assets/my-tasks-DtMzM_TI.js                                 7.04 kB │ gzip:   3.08 kB
storage/framework/testing/pkg05-build/assets/_header-CdT3lz4b.js                                  7.05 kB │ gzip:   3.27 kB
storage/framework/testing/pkg05-build/assets/alert-worklist-kJ7IGOs7.js                           7.05 kB │ gzip:   2.64 kB
storage/framework/testing/pkg05-build/assets/agreements-KZSoBPF1.js                               7.07 kB │ gzip:   3.27 kB
storage/framework/testing/pkg05-build/assets/combined-DYA02RxL.js                                 7.07 kB │ gzip:   3.02 kB
storage/framework/testing/pkg05-build/assets/awaiting-approval-Bo6Gf1CO.js                        7.08 kB │ gzip:   3.03 kB
storage/framework/testing/pkg05-build/assets/_site-geofence-dialog-7oddo-dV.js                    7.09 kB │ gzip:   2.72 kB
storage/framework/testing/pkg05-build/assets/Calendar-CzaTA51L.js                                 7.12 kB │ gzip:   3.17 kB
storage/framework/testing/pkg05-build/assets/index-D10_iR2Q.js                                    7.12 kB │ gzip:   3.04 kB
storage/framework/testing/pkg05-build/assets/Index-BbDTC02y.js                                    7.13 kB │ gzip:   3.06 kB
storage/framework/testing/pkg05-build/assets/assets-BsKakb1E.js                                   7.13 kB │ gzip:   2.97 kB
storage/framework/testing/pkg05-build/assets/reports-modal-C2H-BFZW.js                            7.13 kB │ gzip:   2.97 kB
storage/framework/testing/pkg05-build/assets/checklist-mcKQnF0-.js                                7.14 kB │ gzip:   3.10 kB
storage/framework/testing/pkg05-build/assets/monitoring-incident-evidence-card-DjWPCVUc.js        7.16 kB │ gzip:   2.51 kB
storage/framework/testing/pkg05-build/assets/Show-J4a7tSiG.js                                     7.17 kB │ gzip:   2.94 kB
storage/framework/testing/pkg05-build/assets/_dialogs-C5Fu3rg6.js                                 7.17 kB │ gzip:   3.06 kB
storage/framework/testing/pkg05-build/assets/fix-clock-out-wizard-BDxMbNgm.js                     7.18 kB │ gzip:   3.07 kB
storage/framework/testing/pkg05-build/assets/_dialogs-H4t00e8b.js                                 7.19 kB │ gzip:   3.02 kB
storage/framework/testing/pkg05-build/assets/fleet-hero-kit-B_IdQtXV.js                           7.19 kB │ gzip:   2.89 kB
storage/framework/testing/pkg05-build/assets/Index-DXJsuzY8.js                                    7.19 kB │ gzip:   3.05 kB
storage/framework/testing/pkg05-build/assets/Show-BAKuOasg.js                                     7.20 kB │ gzip:   3.06 kB
storage/framework/testing/pkg05-build/assets/leave-excursions-Cflhba18.js                         7.21 kB │ gzip:   2.38 kB
storage/framework/testing/pkg05-build/assets/preferences-BRNMOvzk.js                              7.25 kB │ gzip:   3.24 kB
storage/framework/testing/pkg05-build/assets/review-DiI_xz2Y.js                                   7.27 kB │ gzip:   3.10 kB
storage/framework/testing/pkg05-build/assets/new-journal-dialog-CKK524bw.js                       7.31 kB │ gzip:   2.69 kB
storage/framework/testing/pkg05-build/assets/respite-lYptY-D4.js                                  7.31 kB │ gzip:   2.81 kB
storage/framework/testing/pkg05-build/assets/people-picker-DAnL2334.js                            7.35 kB │ gzip:   3.14 kB
storage/framework/testing/pkg05-build/assets/index-8JN5KuAL.js                                    7.37 kB │ gzip:   3.12 kB
storage/framework/testing/pkg05-build/assets/index-0roOTQdQ.js                                    7.37 kB │ gzip:   3.12 kB
storage/framework/testing/pkg05-build/assets/provisioning-picker-C0Yg8GsQ.js                      7.39 kB │ gzip:   3.30 kB
storage/framework/testing/pkg05-build/assets/create-BoBMPGXL.js                                   7.46 kB │ gzip:   3.25 kB
storage/framework/testing/pkg05-build/assets/_review-dialog-D88hS3OS.js                           7.47 kB │ gzip:   3.13 kB
storage/framework/testing/pkg05-build/assets/Edit-BMNOVc-9.js                                     7.47 kB │ gzip:   3.20 kB
storage/framework/testing/pkg05-build/assets/create-Dy8XpVFJ.js                                   7.48 kB │ gzip:   3.14 kB
storage/framework/testing/pkg05-build/assets/_dialogs-ClGoqtxg.js                                 7.51 kB │ gzip:   2.47 kB
storage/framework/testing/pkg05-build/assets/compliance-hero-32gw7gr_.js                          7.56 kB │ gzip:   2.60 kB
storage/framework/testing/pkg05-build/assets/shared-CW107fYW.js                                   7.61 kB │ gzip:   3.04 kB
storage/framework/testing/pkg05-build/assets/payroll-adjustments-CPudVxHT.js                      7.64 kB │ gzip:   3.07 kB
storage/framework/testing/pkg05-build/assets/deletion-logs-QCdvW6lm.js                            7.71 kB │ gzip:   3.33 kB
storage/framework/testing/pkg05-build/assets/show-C5ugXUwu.js                                     7.75 kB │ gzip:   3.13 kB
storage/framework/testing/pkg05-build/assets/report-error-modal-DTQ4Gl7t.js                       7.76 kB │ gzip:   3.27 kB
storage/framework/testing/pkg05-build/assets/communication-notes-C8q_7Gt0.js                      7.79 kB │ gzip:   3.17 kB
storage/framework/testing/pkg05-build/assets/for-stay-JOjl_gqC.js                                 7.80 kB │ gzip:   3.25 kB
storage/framework/testing/pkg05-build/assets/assignments-4WnMG61R.js                              7.82 kB │ gzip:   3.56 kB
storage/framework/testing/pkg05-build/assets/medical-simple-Dtog4khl.js                           7.86 kB │ gzip:   3.44 kB
storage/framework/testing/pkg05-build/assets/index-C2aqdcbh.js                                    7.90 kB │ gzip:   3.27 kB
storage/framework/testing/pkg05-build/assets/history-index-jXVKTPR6.js                            7.92 kB │ gzip:   3.48 kB
storage/framework/testing/pkg05-build/assets/Submissions-BjxyFzRh.js                              7.93 kB │ gzip:   3.69 kB
storage/framework/testing/pkg05-build/assets/daily-note-entry-B4Crp4S7.js                         7.97 kB │ gzip:   3.03 kB
storage/framework/testing/pkg05-build/assets/pending-CS99kgf-.js                                  7.98 kB │ gzip:   3.40 kB
storage/framework/testing/pkg05-build/assets/index-cBwN6JAe.js                                    7.98 kB │ gzip:   3.37 kB
storage/framework/testing/pkg05-build/assets/show-DPIjM760.js                                     8.02 kB │ gzip:   3.53 kB
storage/framework/testing/pkg05-build/assets/from-resolution-BsbU2jbI.js                          8.07 kB │ gzip:   3.58 kB
storage/framework/testing/pkg05-build/assets/file-dropzone-2M2RJouU.js                            8.08 kB │ gzip:   3.49 kB
storage/framework/testing/pkg05-build/assets/audit-history-x9iQcIBz.js                            8.13 kB │ gzip:   3.26 kB
storage/framework/testing/pkg05-build/assets/shoutouts-Ca2k6iMl.js                                8.16 kB │ gzip:   3.55 kB
storage/framework/testing/pkg05-build/assets/notifications-zKHsqWP1.js                            8.17 kB │ gzip:   3.59 kB
storage/framework/testing/pkg05-build/assets/_tool-palette-CvPVy0WR.js                            8.20 kB │ gzip:   2.99 kB
storage/framework/testing/pkg05-build/assets/work-schedule-D-0aye2z.js                            8.26 kB │ gzip:   3.41 kB
storage/framework/testing/pkg05-build/assets/shell-DzoDC79L.js                                    8.30 kB │ gzip:   2.99 kB
storage/framework/testing/pkg05-build/assets/availability-DuYlDvKn.js                             8.31 kB │ gzip:   3.66 kB
storage/framework/testing/pkg05-build/assets/index-DGzG78g0.js                                    8.37 kB │ gzip:   3.16 kB
storage/framework/testing/pkg05-build/assets/incidents-CxilJu2o.js                                8.39 kB │ gzip:   3.34 kB
storage/framework/testing/pkg05-build/assets/round-template-dialog-mleMJjuE.js                    8.39 kB │ gzip:   3.49 kB
storage/framework/testing/pkg05-build/assets/reassign-dialog-CE8FacLj.js                          8.42 kB │ gzip:   3.60 kB
storage/framework/testing/pkg05-build/assets/password-DT4E3mGc.js                                 8.43 kB │ gzip:   3.34 kB
storage/framework/testing/pkg05-build/assets/attestations-CHTP_yw8.js                             8.44 kB │ gzip:   3.64 kB
storage/framework/testing/pkg05-build/assets/index-Dlg97wMc.js                                    8.44 kB │ gzip:   1.27 kB
storage/framework/testing/pkg05-build/assets/form-wizard-DgzvhX28.js                              8.49 kB │ gzip:   3.50 kB
storage/framework/testing/pkg05-build/assets/my-day-header-Bfva2Dnq.js                            8.50 kB │ gzip:   3.70 kB
storage/framework/testing/pkg05-build/assets/_dialogs-Dr2zHUDo.js                                 8.57 kB │ gzip:   3.32 kB
storage/framework/testing/pkg05-build/assets/index-CuuwrIhI.js                                    8.60 kB │ gzip:   1.25 kB
storage/framework/testing/pkg05-build/assets/asset-condition-CJM1tHCS.js                          8.66 kB │ gzip:   3.46 kB
storage/framework/testing/pkg05-build/assets/credentials-DHNmLfT5.js                              8.66 kB │ gzip:   3.54 kB
storage/framework/testing/pkg05-build/assets/settings-DKYCiWnZ.js                                 8.67 kB │ gzip:   3.76 kB
storage/framework/testing/pkg05-build/assets/primitives-xbCQwWxI.js                               8.69 kB │ gzip:   3.27 kB
storage/framework/testing/pkg05-build/assets/bank-account-dialog-DianBofh.js                      8.70 kB │ gzip:   3.38 kB
storage/framework/testing/pkg05-build/assets/index-Dbi5TpVu.js                                    8.72 kB │ gzip:   3.71 kB
storage/framework/testing/pkg05-build/assets/index-CZyTh8G4.js                                    8.72 kB │ gzip:   3.71 kB
storage/framework/testing/pkg05-build/assets/new-account-dialog-De938KGU.js                       8.74 kB │ gzip:   3.41 kB
storage/framework/testing/pkg05-build/assets/personal-entry-dialog-BJcKy6yv.js                    8.79 kB │ gzip:   3.29 kB
storage/framework/testing/pkg05-build/assets/show-CU7iOy6S.js                                     8.85 kB │ gzip:   3.01 kB
storage/framework/testing/pkg05-build/assets/add-medication-modal-Bnv-rEOe.js                     8.87 kB │ gzip:   3.64 kB
storage/framework/testing/pkg05-build/assets/show-CZvSieAd.js                                     8.91 kB │ gzip:   3.97 kB
storage/framework/testing/pkg05-build/assets/overdue-actions-CQCbjdPu.js                          8.95 kB │ gzip:   3.71 kB
storage/framework/testing/pkg05-build/assets/timeline-interactions-UoXsfs-n.js                    8.96 kB │ gzip:   3.62 kB
storage/framework/testing/pkg05-build/assets/record-CuO9J3aO.js                                   8.98 kB │ gzip:   4.06 kB
storage/framework/testing/pkg05-build/assets/Index-jFvkVEbE.js                                    8.99 kB │ gzip:   3.81 kB
storage/framework/testing/pkg05-build/assets/fleet-jGC2hPTL.js                                    9.05 kB │ gzip:   3.15 kB
storage/framework/testing/pkg05-build/assets/assess-CyUlzsUd.js                                   9.06 kB │ gzip:   3.76 kB
storage/framework/testing/pkg05-build/assets/hero-kit-xNUQBPJh.js                                 9.08 kB │ gzip:   2.98 kB
storage/framework/testing/pkg05-build/assets/Index-BIvstg5q.js                                    9.08 kB │ gzip:   3.89 kB
storage/framework/testing/pkg05-build/assets/index-Cn4SwFMw.js                                    9.09 kB │ gzip:   3.78 kB
storage/framework/testing/pkg05-build/assets/ClientTrends-D2MolXf_.js                             9.10 kB │ gzip:   3.89 kB
storage/framework/testing/pkg05-build/assets/file-l92ZITo8.js                                     9.11 kB │ gzip:   3.86 kB
storage/framework/testing/pkg05-build/assets/Index-CRE55ffh.js                                    9.20 kB │ gzip:   3.68 kB
storage/framework/testing/pkg05-build/assets/index-NxftCIfX.js                                    9.23 kB │ gzip:   3.93 kB
storage/framework/testing/pkg05-build/assets/index-DCCcQ8o-.js                                    9.23 kB │ gzip:   3.62 kB
storage/framework/testing/pkg05-build/assets/index-Q9xGk5eb.js                                    9.24 kB │ gzip:   4.01 kB
storage/framework/testing/pkg05-build/assets/note-rail-BzLJfM3-.js                                9.29 kB │ gzip:   3.55 kB
storage/framework/testing/pkg05-build/assets/CarePlans-DBjFRNLy.js                                9.31 kB │ gzip:   3.75 kB
storage/framework/testing/pkg05-build/assets/shift-show-redesign-d4gPDfhw.js                      9.34 kB │ gzip:   3.58 kB
storage/framework/testing/pkg05-build/assets/reports-koT44UT0.js                                  9.36 kB │ gzip:   3.89 kB
storage/framework/testing/pkg05-build/assets/knowledge-related-records-FafxMICM.js                9.37 kB │ gzip:   3.77 kB
storage/framework/testing/pkg05-build/assets/Show-BkZRnepS.js                                     9.37 kB │ gzip:   4.16 kB
storage/framework/testing/pkg05-build/assets/cd-register-modal-nGtgdFkh.js                        9.37 kB │ gzip:   3.85 kB
storage/framework/testing/pkg05-build/assets/_manage-types-dialog-Bxi7G44g.js                     9.39 kB │ gzip:   3.83 kB
storage/framework/testing/pkg05-build/assets/Show-Dk5vLwC_.js                                     9.43 kB │ gzip:   4.08 kB
storage/framework/testing/pkg05-build/assets/benefits--CwfuN-4.js                                 9.46 kB │ gzip:   3.76 kB
storage/framework/testing/pkg05-build/assets/location-workspace-D_HVK1rm.js                       9.47 kB │ gzip:   4.05 kB
storage/framework/testing/pkg05-build/assets/Create--_m2X-4a.js                                   9.49 kB │ gzip:   3.85 kB
storage/framework/testing/pkg05-build/assets/history-yQikSUj8.js                                  9.51 kB │ gzip:   3.82 kB
storage/framework/testing/pkg05-build/assets/Index-D48-0x2W.js                                    9.57 kB │ gzip:   4.13 kB
storage/framework/testing/pkg05-build/assets/_dialogs-D1L3vBPT.js                                 9.60 kB │ gzip:   3.07 kB
storage/framework/testing/pkg05-build/assets/Edit-DpXPuOik.js                                     9.62 kB │ gzip:   3.98 kB
storage/framework/testing/pkg05-build/assets/reimbursement-f9abib-x.js                            9.65 kB │ gzip:   3.76 kB
storage/framework/testing/pkg05-build/assets/module-DTn9ILlj.js                                   9.65 kB │ gzip:   4.28 kB
storage/framework/testing/pkg05-build/assets/index-BEp1qfHn.js                                    9.66 kB │ gzip:   4.06 kB
storage/framework/testing/pkg05-build/assets/family-tree-DaBnDA9d.js                              9.68 kB │ gzip:   3.64 kB
storage/framework/testing/pkg05-build/assets/create-zZLdp6-E.js                                   9.69 kB │ gzip:   4.05 kB
storage/framework/testing/pkg05-build/assets/Index-BP_o3XfQ.js                                    9.69 kB │ gzip:   4.00 kB
storage/framework/testing/pkg05-build/assets/upload-fz3xxIlO.js                                   9.70 kB │ gzip:   4.05 kB
storage/framework/testing/pkg05-build/assets/Mapping-DNzPc6m6.js                                  9.72 kB │ gzip:   4.16 kB
storage/framework/testing/pkg05-build/assets/show-D9xgDGAp.js                                     9.73 kB │ gzip:   3.86 kB
storage/framework/testing/pkg05-build/assets/stream-item-IniNNzWW.js                              9.74 kB │ gzip:   3.61 kB
storage/framework/testing/pkg05-build/assets/reviews-BZYPamWu.js                                  9.74 kB │ gzip:   4.35 kB
storage/framework/testing/pkg05-build/assets/linked-operational-evidence-CVtL0uBK.js              9.78 kB │ gzip:   3.16 kB
storage/framework/testing/pkg05-build/assets/retention-DX0GHpAF.js                                9.78 kB │ gzip:   3.91 kB
storage/framework/testing/pkg05-build/assets/_food-meal-preferences-DZahauPU.js                   9.82 kB │ gzip:   3.80 kB
storage/framework/testing/pkg05-build/assets/respond-DhrzuY9g.js                                  9.82 kB │ gzip:   4.27 kB
storage/framework/testing/pkg05-build/assets/ComplianceStatus-BvitCZwP.js                         9.82 kB │ gzip:   4.18 kB
storage/framework/testing/pkg05-build/assets/index-B9QUYu4E.js                                    9.83 kB │ gzip:   3.99 kB
storage/framework/testing/pkg05-build/assets/Index-2jT8-HXl.js                                    9.85 kB │ gzip:   4.11 kB
storage/framework/testing/pkg05-build/assets/Create-MlgHdsIu.js                                   9.85 kB │ gzip:   3.98 kB
storage/framework/testing/pkg05-build/assets/create-D2FrOxz6.js                                   9.88 kB │ gzip:   4.07 kB
storage/framework/testing/pkg05-build/assets/Logs-CByi7tkf.js                                     9.91 kB │ gzip:   4.22 kB
storage/framework/testing/pkg05-build/assets/Create-BKKwoifJ.js                                   9.91 kB │ gzip:   3.99 kB
storage/framework/testing/pkg05-build/assets/Index-BLjn3yfO.js                                    9.95 kB │ gzip:   4.15 kB
storage/framework/testing/pkg05-build/assets/RiskNarrative-DnXDYcxG.js                            9.96 kB │ gzip:   4.11 kB
storage/framework/testing/pkg05-build/assets/succession-wizards-DDy-NRFg.js                       9.98 kB │ gzip:   3.99 kB
storage/framework/testing/pkg05-build/assets/BoardMembers-BnZ9NYzV.js                             9.99 kB │ gzip:   4.26 kB
storage/framework/testing/pkg05-build/assets/for-stay-C-3aG8Ob.js                                10.01 kB │ gzip:   3.88 kB
storage/framework/testing/pkg05-build/assets/index-DV07-zqH.js                                   10.01 kB │ gzip:   3.99 kB
storage/framework/testing/pkg05-build/assets/Index-PLtjQ0vm.js                                   10.02 kB │ gzip:   4.12 kB
storage/framework/testing/pkg05-build/assets/pending-BehZpkAk.js                                 10.04 kB │ gzip:   3.84 kB
storage/framework/testing/pkg05-build/assets/finance-CAlKm-HG.js                                 10.05 kB │ gzip:   3.53 kB
storage/framework/testing/pkg05-build/assets/my-calendar-CaXIOLgQ.js                             10.06 kB │ gzip:   4.63 kB
storage/framework/testing/pkg05-build/assets/quick-add-task-YFuFs0nL.js                          10.06 kB │ gzip:   3.83 kB
storage/framework/testing/pkg05-build/assets/Show-C_7-QVVQ.js                                    10.09 kB │ gzip:   4.45 kB
storage/framework/testing/pkg05-build/assets/grouped-profile-nav-9QWy6H5F.js                     10.09 kB │ gzip:   3.88 kB
storage/framework/testing/pkg05-build/assets/index-xHJY-p7c.js                                   10.10 kB │ gzip:   4.03 kB
storage/framework/testing/pkg05-build/assets/vehicle-technology-projection-887TOaEP.js           10.10 kB │ gzip:   3.40 kB
storage/framework/testing/pkg05-build/assets/Index-C12pA-vL.js                                   10.10 kB │ gzip:   4.30 kB
storage/framework/testing/pkg05-build/assets/create-BUciLlwz.js                                  10.10 kB │ gzip:   4.30 kB
storage/framework/testing/pkg05-build/assets/template-Br9yBQHa.js                                10.15 kB │ gzip:   4.11 kB
storage/framework/testing/pkg05-build/assets/policies-DN4nvpxK.js                                10.19 kB │ gzip:   4.14 kB
storage/framework/testing/pkg05-build/assets/GovernanceTermHint-5y5BXBSx.js                      10.20 kB │ gzip:   4.11 kB
storage/framework/testing/pkg05-build/assets/Show-xDp6BigJ.js                                    10.20 kB │ gzip:   4.31 kB
storage/framework/testing/pkg05-build/assets/create-G3w_qfq0.js                                  10.25 kB │ gzip:   4.13 kB
storage/framework/testing/pkg05-build/assets/asset-finance-technology-projection-CwFoxA3g.js     10.26 kB │ gzip:   3.48 kB
storage/framework/testing/pkg05-build/assets/show-JhKA-psD.js                                    10.26 kB │ gzip:   4.02 kB
storage/framework/testing/pkg05-build/assets/record-wizard-shared-C6dcGnud.js                    10.28 kB │ gzip:   3.92 kB
storage/framework/testing/pkg05-build/assets/staff-requirements-C5DwOfdZ.js                      10.31 kB │ gzip:   3.82 kB
storage/framework/testing/pkg05-build/assets/legal-holds-COceiekL.js                             10.32 kB │ gzip:   4.16 kB
storage/framework/testing/pkg05-build/assets/_inventory-table-5x7VFQRH.js                        10.34 kB │ gzip:   3.74 kB
storage/framework/testing/pkg05-build/assets/show-DZEobTVE.js                                    10.35 kB │ gzip:   4.08 kB
storage/framework/testing/pkg05-build/assets/unifi-BKsHPFBd.js                                   10.38 kB │ gzip:   4.13 kB
storage/framework/testing/pkg05-build/assets/Index-CKnjIs8T.js                                   10.39 kB │ gzip:   4.35 kB
storage/framework/testing/pkg05-build/assets/create-DQnkjF2e.js                                  10.41 kB │ gzip:   4.27 kB
storage/framework/testing/pkg05-build/assets/ClientSummary-BdtzIHRO.js                           10.43 kB │ gzip:   3.75 kB
storage/framework/testing/pkg05-build/assets/index-99LP6Eil.js                                   10.43 kB │ gzip:   4.34 kB
storage/framework/testing/pkg05-build/assets/Index-sP2HMu9T.js                                   10.43 kB │ gzip:   4.29 kB
storage/framework/testing/pkg05-build/assets/Show-kctvR7-O.js                                    10.43 kB │ gzip:   3.91 kB
storage/framework/testing/pkg05-build/assets/Index-C9IevWnF.js                                   10.45 kB │ gzip:   4.28 kB
storage/framework/testing/pkg05-build/assets/saved-B1J66BT_.js                                   10.46 kB │ gzip:   4.29 kB
storage/framework/testing/pkg05-build/assets/marketing-layout-BGDEE-Bf.js                        10.47 kB │ gzip:   3.34 kB
storage/framework/testing/pkg05-build/assets/index-DmdHlIkg.js                                   10.49 kB │ gzip:   4.12 kB
storage/framework/testing/pkg05-build/assets/Index-C9tAO1Oe.js                                   10.50 kB │ gzip:   4.25 kB
storage/framework/testing/pkg05-build/assets/FundingStreamSummary-CO1Dy_6Y.js                    10.50 kB │ gzip:   4.32 kB
storage/framework/testing/pkg05-build/assets/show-C3EvtzY8.js                                    10.55 kB │ gzip:   3.88 kB
storage/framework/testing/pkg05-build/assets/edit-CRfxCbvA.js                                    10.56 kB │ gzip:   4.35 kB
storage/framework/testing/pkg05-build/assets/Index-Cl6B1_QU.js                                   10.57 kB │ gzip:   4.37 kB
storage/framework/testing/pkg05-build/assets/Index-BkeHlv5V.js                                   10.57 kB │ gzip:   4.48 kB
storage/framework/testing/pkg05-build/assets/risks-aBRDapo2.js                                   10.58 kB │ gzip:   4.00 kB
storage/framework/testing/pkg05-build/assets/status-xhROI1b8.js                                  10.58 kB │ gzip:   4.23 kB
storage/framework/testing/pkg05-build/assets/Index-9EcnQJjP.js                                   10.61 kB │ gzip:   4.40 kB
storage/framework/testing/pkg05-build/assets/edit-L9Ci2RAR.js                                    10.62 kB │ gzip:   4.30 kB
storage/framework/testing/pkg05-build/assets/index-BsPBWNNp.js                                   10.66 kB │ gzip:   4.76 kB
storage/framework/testing/pkg05-build/assets/modules-DBhCdoWC.js                                 10.72 kB │ gzip:   4.30 kB
storage/framework/testing/pkg05-build/assets/create-d3BJS_Wr.js                                  10.74 kB │ gzip:   3.66 kB
storage/framework/testing/pkg05-build/assets/compliance-DVb5BcHV.js                              10.74 kB │ gzip:   4.25 kB
storage/framework/testing/pkg05-build/assets/index-BsvmsjS_.js                                   10.79 kB │ gzip:   4.23 kB
storage/framework/testing/pkg05-build/assets/tomorrow-panel-D8936Xb6.js                          10.80 kB │ gzip:   4.25 kB
storage/framework/testing/pkg05-build/assets/portal-users-CXmv2Uhj.js                            10.80 kB │ gzip:   4.45 kB
storage/framework/testing/pkg05-build/assets/documents-DdAQJkz0.js                               10.84 kB │ gzip:   3.83 kB
storage/framework/testing/pkg05-build/assets/_door-B2m7jivU.js                                   10.87 kB │ gzip:   3.81 kB
storage/framework/testing/pkg05-build/assets/risks-_-u0xLsT.js                                   10.90 kB │ gzip:   4.12 kB
storage/framework/testing/pkg05-build/assets/Show-Bn7Ebd0B.js                                    10.91 kB │ gzip:   4.22 kB
storage/framework/testing/pkg05-build/assets/work-calendar-settings-DFHy0W76.js                  10.91 kB │ gzip:   4.32 kB
storage/framework/testing/pkg05-build/assets/Index-CSeMJluj.js                                   10.93 kB │ gzip:   4.49 kB
storage/framework/testing/pkg05-build/assets/Changes-CUCrzLBp.js                                 10.94 kB │ gzip:   4.89 kB
storage/framework/testing/pkg05-build/assets/Show-BPbz_1LT.js                                    10.99 kB │ gzip:   4.45 kB
storage/framework/testing/pkg05-build/assets/create-DLzhVOiE.js                                  11.00 kB │ gzip:   4.47 kB
storage/framework/testing/pkg05-build/assets/index-ubtH2xcj.js                                   11.02 kB │ gzip:   1.52 kB
storage/framework/testing/pkg05-build/assets/handovers-hero-DdJG02Vg.js                          11.03 kB │ gzip:   4.82 kB
storage/framework/testing/pkg05-build/assets/Index-DcrB8GVT.js                                   11.05 kB │ gzip:   4.61 kB
storage/framework/testing/pkg05-build/assets/Committee-CnHtQ6sS.js                               11.06 kB │ gzip:   4.81 kB
storage/framework/testing/pkg05-build/assets/create-DvA2ro7Y.js                                  11.09 kB │ gzip:   4.38 kB
storage/framework/testing/pkg05-build/assets/TrialBalance-ChkmiCjq.js                            11.09 kB │ gzip:   4.81 kB
storage/framework/testing/pkg05-build/assets/_dialogs-CVgFx_24.js                                11.09 kB │ gzip:   4.43 kB
storage/framework/testing/pkg05-build/assets/index-BintMFgv.js                                   11.11 kB │ gzip:   4.58 kB
storage/framework/testing/pkg05-build/assets/photos-CkCSrjZG.js                                  11.13 kB │ gzip:   4.56 kB
storage/framework/testing/pkg05-build/assets/breaches-Bv_sbHsK.js                                11.14 kB │ gzip:   4.40 kB
storage/framework/testing/pkg05-build/assets/vendors-DBrNHdp4.js                                 11.16 kB │ gzip:   3.65 kB
storage/framework/testing/pkg05-build/assets/index-mJj6txjs.js                                   11.16 kB │ gzip:   4.02 kB
storage/framework/testing/pkg05-build/assets/clock-out-wizard-Cn4TgrZV.js                        11.18 kB │ gzip:   4.51 kB
storage/framework/testing/pkg05-build/assets/summary-DTUg1ioc.js                                 11.19 kB │ gzip:   4.11 kB
storage/framework/testing/pkg05-build/assets/timeline-Cr7bt5jF.js                                11.20 kB │ gzip:   4.80 kB
storage/framework/testing/pkg05-build/assets/index-BjkNaera.js                                   11.23 kB │ gzip:   4.35 kB
storage/framework/testing/pkg05-build/assets/broadcast-show-IY2gHp2G.js                          11.26 kB │ gzip:   4.11 kB
storage/framework/testing/pkg05-build/assets/show-supervision-D2otiiWE.js                        11.27 kB │ gzip:   4.26 kB
storage/framework/testing/pkg05-build/assets/cards-view-C6oUYp4r.js                              11.27 kB │ gzip:   4.21 kB
storage/framework/testing/pkg05-build/assets/privacy-action-modal-CvXXeUt0.js                    11.30 kB │ gzip:   4.43 kB
storage/framework/testing/pkg05-build/assets/CheckShift-BzXGQcQo.js                              11.32 kB │ gzip:   4.78 kB
storage/framework/testing/pkg05-build/assets/dashboard-tabs-Dhq2eGqw.js                          11.32 kB │ gzip:   4.22 kB
storage/framework/testing/pkg05-build/assets/Edit-ilS7inz2.js                                    11.33 kB │ gzip:   4.57 kB
storage/framework/testing/pkg05-build/assets/Index-DbAWZrPm.js                                   11.33 kB │ gzip:   4.68 kB
storage/framework/testing/pkg05-build/assets/notifications-DlVHyhBy.js                           11.35 kB │ gzip:   4.20 kB
storage/framework/testing/pkg05-build/assets/Index-CdtgzoBy.js                                   11.38 kB │ gzip:   4.72 kB
storage/framework/testing/pkg05-build/assets/Index-Bw1Ok7lq.js                                   11.40 kB │ gzip:   4.58 kB
storage/framework/testing/pkg05-build/assets/Matrix-BPOGSkwy.js                                  11.42 kB │ gzip:   4.86 kB
storage/framework/testing/pkg05-build/assets/wizard-configs-D5hu-3g3.js                          11.42 kB │ gzip:   3.50 kB
storage/framework/testing/pkg05-build/assets/visit-requests-DNVrnOqb.js                          11.42 kB │ gzip:   4.62 kB
storage/framework/testing/pkg05-build/assets/leave-hub-parts-CJHW1yry.js                         11.45 kB │ gzip:   4.22 kB
storage/framework/testing/pkg05-build/assets/surveys-CAZ3iyRf.js                                 11.45 kB │ gzip:   4.54 kB
storage/framework/testing/pkg05-build/assets/index-DBosokkr.js                                   11.46 kB │ gzip:   4.68 kB
storage/framework/testing/pkg05-build/assets/price-book-dialog-7Nmf0jzE.js                       11.47 kB │ gzip:   4.59 kB
storage/framework/testing/pkg05-build/assets/quote-dialog-CGNKItkW.js                            11.49 kB │ gzip:   4.65 kB
storage/framework/testing/pkg05-build/assets/Create-CKyZTa8d.js                                  11.49 kB │ gzip:   4.49 kB
storage/framework/testing/pkg05-build/assets/create-Bom7YMCc.js                                  11.51 kB │ gzip:   4.78 kB
storage/framework/testing/pkg05-build/assets/Index-BmAjCjJU.js                                   11.52 kB │ gzip:   5.14 kB
storage/framework/testing/pkg05-build/assets/workers-BEfX03Xt.js                                 11.54 kB │ gzip:   4.40 kB
storage/framework/testing/pkg05-build/assets/Trends-CCR8WGlj.js                                  11.55 kB │ gzip:   5.00 kB
storage/framework/testing/pkg05-build/assets/index-yDjPfgCm.js                                   11.57 kB │ gzip:   4.60 kB
storage/framework/testing/pkg05-build/assets/documents-C_-CHqm4.js                               11.59 kB │ gzip:   4.11 kB
storage/framework/testing/pkg05-build/assets/Index-CtwmzfvE.js                                   11.61 kB │ gzip:   4.82 kB
storage/framework/testing/pkg05-build/assets/overview-panels-Db4V8zBl.js                         11.63 kB │ gzip:   4.66 kB
storage/framework/testing/pkg05-build/assets/index-DXr-Jp5N.js                                   11.63 kB │ gzip:   4.21 kB
storage/framework/testing/pkg05-build/assets/Show-Ckav_alW.js                                    11.66 kB │ gzip:   5.13 kB
storage/framework/testing/pkg05-build/assets/dpia-PW3yBi4l.js                                    11.66 kB │ gzip:   4.46 kB
storage/framework/testing/pkg05-build/assets/_dialogs-BHffQS34.js                                11.68 kB │ gzip:   4.74 kB
storage/framework/testing/pkg05-build/assets/show-C0uuU9ND.js                                    11.70 kB │ gzip:   5.02 kB
storage/framework/testing/pkg05-build/assets/show-C1HATjMs.js                                    11.80 kB │ gzip:   4.44 kB
storage/framework/testing/pkg05-build/assets/task-DfbhxUPX.js                                    11.83 kB │ gzip:   4.87 kB
storage/framework/testing/pkg05-build/assets/Dashboard-CYibfWZ0.js                               11.83 kB │ gzip:   5.06 kB
storage/framework/testing/pkg05-build/assets/Index-CDmlpyHT.js                                   11.86 kB │ gzip:   4.88 kB
storage/framework/testing/pkg05-build/assets/templates-CzRMS8PH.js                               11.86 kB │ gzip:   4.84 kB
storage/framework/testing/pkg05-build/assets/rehire-wizard-Ds-FAOQz.js                           11.87 kB │ gzip:   4.49 kB
storage/framework/testing/pkg05-build/assets/_dialogs-DpeXKQOe.js                                11.88 kB │ gzip:   4.47 kB
storage/framework/testing/pkg05-build/assets/Index-BJssw298.js                                   11.90 kB │ gzip:   4.61 kB
storage/framework/testing/pkg05-build/assets/Index-DY2zO_tY.js                                   11.91 kB │ gzip:   5.20 kB
storage/framework/testing/pkg05-build/assets/Index-BbpgF2xt.js                                   11.91 kB │ gzip:   5.14 kB
storage/framework/testing/pkg05-build/assets/community-access-BGn_teos.js                        11.92 kB │ gzip:   4.81 kB
storage/framework/testing/pkg05-build/assets/shift-list-view-DCj61Osi.js                         11.94 kB │ gzip:   4.71 kB
storage/framework/testing/pkg05-build/assets/alerts-config-CL9oFU_1.js                           11.94 kB │ gzip:   4.57 kB
storage/framework/testing/pkg05-build/assets/Index-D9LadqdJ.js                                   11.96 kB │ gzip:   5.18 kB
storage/framework/testing/pkg05-build/assets/Index-iy0oVWBY.js                                   11.96 kB │ gzip:   5.23 kB
storage/framework/testing/pkg05-build/assets/log-notifiable-dialog-FLWfWERS.js                   11.97 kB │ gzip:   4.40 kB
storage/framework/testing/pkg05-build/assets/Prepare-CjqPg4ST.js                                 11.97 kB │ gzip:   4.89 kB
storage/framework/testing/pkg05-build/assets/healthcare-devices-CJk4YJOg.js                      11.99 kB │ gzip:   4.18 kB
storage/framework/testing/pkg05-build/assets/apply-9qMzUFc1.js                                   12.00 kB │ gzip:   4.56 kB
storage/framework/testing/pkg05-build/assets/performance-hero-D0EGWqmY.js                        12.00 kB │ gzip:   3.84 kB
storage/framework/testing/pkg05-build/assets/create-template-Cme96yQ5.js                         12.02 kB │ gzip:   4.79 kB
storage/framework/testing/pkg05-build/assets/sign-BHOjV-Ca.js                                    12.05 kB │ gzip:   4.74 kB
storage/framework/testing/pkg05-build/assets/profile-BpSr_Qeq.js                                 12.05 kB │ gzip:   4.92 kB
storage/framework/testing/pkg05-build/assets/page-hero-DAidVGw0.js                               12.05 kB │ gzip:   4.64 kB
storage/framework/testing/pkg05-build/assets/AgedReport-D8cDf4CH.js                              12.07 kB │ gzip:   5.43 kB
storage/framework/testing/pkg05-build/assets/protocol-form-BnufMuQ3.js                           12.08 kB │ gzip:   4.40 kB
storage/framework/testing/pkg05-build/assets/ppe-wizard-C7a0_o9j.js                              12.15 kB │ gzip:   4.97 kB
storage/framework/testing/pkg05-build/assets/assignments-QVj8zhXO.js                             12.16 kB │ gzip:   4.89 kB
storage/framework/testing/pkg05-build/assets/Index-Cli3hfKu.js                                   12.17 kB │ gzip:   5.10 kB
storage/framework/testing/pkg05-build/assets/index-CAn5wtKe.js                                   12.18 kB │ gzip:   4.65 kB
storage/framework/testing/pkg05-build/assets/it-ticket-comment-contract-BBENTCa7.js              12.19 kB │ gzip:   3.96 kB
storage/framework/testing/pkg05-build/assets/cards-view-nX1trOtD.js                              12.20 kB │ gzip:   4.47 kB
storage/framework/testing/pkg05-build/assets/Index-DaEb-Lbl.js                                   12.21 kB │ gzip:   4.96 kB
storage/framework/testing/pkg05-build/assets/_request-dialog-CKtJR2Y9.js                         12.25 kB │ gzip:   4.61 kB
storage/framework/testing/pkg05-build/assets/_builder-dialog-CMrQ7xOK.js                         12.27 kB │ gzip:   4.90 kB
storage/framework/testing/pkg05-build/assets/BalanceSheet-ZJXrOYqj.js                            12.28 kB │ gzip:   5.14 kB
storage/framework/testing/pkg05-build/assets/Index-nBYK2XNx.js                                   12.31 kB │ gzip:   5.25 kB
storage/framework/testing/pkg05-build/assets/index-BHosMnBG.js                                   12.32 kB │ gzip:   5.01 kB
storage/framework/testing/pkg05-build/assets/medications-BPu9IKGH.js                             12.35 kB │ gzip:   4.46 kB
storage/framework/testing/pkg05-build/assets/Index-DljJcgBV.js                                   12.35 kB │ gzip:   4.87 kB
storage/framework/testing/pkg05-build/assets/Index-CVLOavSa.js                                   12.38 kB │ gzip:   5.07 kB
storage/framework/testing/pkg05-build/assets/index-C59w-YVk.js                                   12.39 kB │ gzip:   4.47 kB
storage/framework/testing/pkg05-build/assets/donor-fund-dialog-BDJckyY_.js                       12.42 kB │ gzip:   4.44 kB
storage/framework/testing/pkg05-build/assets/time-C0L12_kM.js                                    12.42 kB │ gzip:   5.29 kB
storage/framework/testing/pkg05-build/assets/index-C2QLyMOX.js                                   12.43 kB │ gzip:   5.10 kB
storage/framework/testing/pkg05-build/assets/pricing-D5LPEtWK.js                                 12.44 kB │ gzip:   3.70 kB
storage/framework/testing/pkg05-build/assets/index-9bd5TMMX.js                                   12.45 kB │ gzip:   5.34 kB
storage/framework/testing/pkg05-build/assets/edit-Dc-j4tue.js                                    12.47 kB │ gzip:   4.91 kB
storage/framework/testing/pkg05-build/assets/Index-Fp_mbUyF.js                                   12.48 kB │ gzip:   5.41 kB
storage/framework/testing/pkg05-build/assets/create-yJJbpnkF.js                                  12.48 kB │ gzip:   4.86 kB
storage/framework/testing/pkg05-build/assets/index-CFGtnVMK.js                                   12.49 kB │ gzip:   4.73 kB
storage/framework/testing/pkg05-build/assets/log-obligation-dialog-BwTEdO0C.js                   12.49 kB │ gzip:   4.70 kB
storage/framework/testing/pkg05-build/assets/facilities-D67gtuZ5.js                              12.49 kB │ gzip:   5.20 kB
storage/framework/testing/pkg05-build/assets/index-DXi6ur-s.js                                   12.50 kB │ gzip:   4.83 kB
storage/framework/testing/pkg05-build/assets/Index-U3_Vsn0F.js                                   12.51 kB │ gzip:   5.38 kB
storage/framework/testing/pkg05-build/assets/head-office-BLtLE4Gd.js                             12.51 kB │ gzip:   5.28 kB
storage/framework/testing/pkg05-build/assets/requests-Bc-f9iw9.js                                12.52 kB │ gzip:   4.80 kB
storage/framework/testing/pkg05-build/assets/specialist-workspace-header-DF5hClBi.js             12.57 kB │ gzip:   5.56 kB
storage/framework/testing/pkg05-build/assets/_dialogs-BHxSB5rK.js                                12.57 kB │ gzip:   5.33 kB
storage/framework/testing/pkg05-build/assets/index-7l-1tIm8.js                                   12.61 kB │ gzip:   4.46 kB
storage/framework/testing/pkg05-build/assets/index-BPdkYNHM.js                                   12.65 kB │ gzip:   4.83 kB
storage/framework/testing/pkg05-build/assets/edit-B5xSNkJ1.js                                    12.65 kB │ gzip:   4.78 kB
storage/framework/testing/pkg05-build/assets/index-DjmDWSaR.js                                   12.66 kB │ gzip:   5.23 kB
storage/framework/testing/pkg05-build/assets/Trends-CMY573gy.js                                  12.67 kB │ gzip:   5.21 kB
storage/framework/testing/pkg05-build/assets/geofence-draw-map-DAGdRn8J.js                       12.68 kB │ gzip:   4.87 kB
storage/framework/testing/pkg05-build/assets/Assignments-DNmIMcBc.js                             12.70 kB │ gzip:   5.32 kB
storage/framework/testing/pkg05-build/assets/Diff-CJt-WlTf.js                                    12.70 kB │ gzip:   5.46 kB
storage/framework/testing/pkg05-build/assets/index-BalOQgj7.js                                   12.71 kB │ gzip:   4.62 kB
storage/framework/testing/pkg05-build/assets/health-BZqXi2PB.js                                  12.75 kB │ gzip:   4.32 kB
storage/framework/testing/pkg05-build/assets/Review-_rnR0TAa.js                                  12.75 kB │ gzip:   4.67 kB
storage/framework/testing/pkg05-build/assets/new-po-dialog-D_wZ4fjy.js                           12.75 kB │ gzip:   4.80 kB
storage/framework/testing/pkg05-build/assets/show-Dw0kK7UR.js                                    12.76 kB │ gzip:   4.79 kB
storage/framework/testing/pkg05-build/assets/show-9NXch9a6.js                                    12.77 kB │ gzip:   4.53 kB
storage/framework/testing/pkg05-build/assets/index-eEhw3FT_.js                                   12.77 kB │ gzip:   5.00 kB
storage/framework/testing/pkg05-build/assets/builder-duUdU2bW.js                                 12.81 kB │ gzip:   4.89 kB
storage/framework/testing/pkg05-build/assets/Index-DAz2uRFA.js                                   12.82 kB │ gzip:   4.77 kB
storage/framework/testing/pkg05-build/assets/Show-5k1a5f78.js                                    12.85 kB │ gzip:   4.89 kB
storage/framework/testing/pkg05-build/assets/ProfitAndLoss-CGZsZbc_.js                           12.86 kB │ gzip:   5.16 kB
storage/framework/testing/pkg05-build/assets/ppe-action-dialogs-C9qyWP_4.js                      12.87 kB │ gzip:   4.36 kB
storage/framework/testing/pkg05-build/assets/Index-C74DUKrB.js                                   12.88 kB │ gzip:   5.52 kB
storage/framework/testing/pkg05-build/assets/Index-BsMzilFZ.js                                   12.88 kB │ gzip:   5.59 kB
storage/framework/testing/pkg05-build/assets/Index-DnYiYwIC.js                                   12.94 kB │ gzip:   5.66 kB
storage/framework/testing/pkg05-build/assets/privacy-oO_L-c-U.js                                 12.98 kB │ gzip:   3.80 kB
storage/framework/testing/pkg05-build/assets/index-C5seJnZk.js                                   13.02 kB │ gzip:   5.45 kB
storage/framework/testing/pkg05-build/assets/Dashboard-Dr7X9Qft.js                               13.07 kB │ gzip:   5.45 kB
storage/framework/testing/pkg05-build/assets/Show-B8EQeYVS.js                                    13.09 kB │ gzip:   5.06 kB
storage/framework/testing/pkg05-build/assets/prn-wizard-FYcjBvYM.js                              13.10 kB │ gzip:   4.99 kB
storage/framework/testing/pkg05-build/assets/show-Qoc81Hmj.js                                    13.10 kB │ gzip:   4.94 kB
storage/framework/testing/pkg05-build/assets/Trends-frovZ7HP.js                                  13.11 kB │ gzip:   5.34 kB
storage/framework/testing/pkg05-build/assets/index-B-ezMz29.js                                   13.12 kB │ gzip:   5.41 kB
storage/framework/testing/pkg05-build/assets/playbook-wizard-ypRnTdpS.js                         13.16 kB │ gzip:   4.59 kB
storage/framework/testing/pkg05-build/assets/Dashboard-D38AJIz_.js                               13.16 kB │ gzip:   4.33 kB
storage/framework/testing/pkg05-build/assets/layout-CtG8PLHD.js                                  13.19 kB │ gzip:   4.24 kB
storage/framework/testing/pkg05-build/assets/Index-CVRMWfam.js                                   13.19 kB │ gzip:   5.61 kB
storage/framework/testing/pkg05-build/assets/daily-check-CmH-RRMH.js                             13.21 kB │ gzip:   5.34 kB
storage/framework/testing/pkg05-build/assets/Create-BquHcmk5.js                                  13.22 kB │ gzip:   5.56 kB
storage/framework/testing/pkg05-build/assets/calendar-BNrqdii_.js                                13.22 kB │ gzip:   5.26 kB
storage/framework/testing/pkg05-build/assets/plans-Cz2ce761.js                                   13.23 kB │ gzip:   5.35 kB
storage/framework/testing/pkg05-build/assets/site-detail-N9cdOlYx.js                             13.23 kB │ gzip:   4.49 kB
storage/framework/testing/pkg05-build/assets/alerts-events-uRLEzX_n.js                           13.25 kB │ gzip:   5.58 kB
storage/framework/testing/pkg05-build/assets/Index-DwfP-59V.js                                   13.27 kB │ gzip:   5.61 kB
storage/framework/testing/pkg05-build/assets/show-DJvuWzRW.js                                    13.28 kB │ gzip:   5.10 kB
storage/framework/testing/pkg05-build/assets/reviews-DpGVhxmN.js                                 13.31 kB │ gzip:   5.14 kB
storage/framework/testing/pkg05-build/assets/Index-DRGCpxg2.js                                   13.31 kB │ gzip:   5.55 kB
storage/framework/testing/pkg05-build/assets/messaging-sCmFBwOu.js                               13.33 kB │ gzip:   4.71 kB
storage/framework/testing/pkg05-build/assets/pre-check-DDQFp702.js                               13.34 kB │ gzip:   5.01 kB
storage/framework/testing/pkg05-build/assets/goals-path-5C0bzXMx.js                              13.35 kB │ gzip:   5.34 kB
storage/framework/testing/pkg05-build/assets/_dialogs-DBTvDiFi.js                                13.39 kB │ gzip:   4.86 kB
storage/framework/testing/pkg05-build/assets/create-DTk1jK1C.js                                  13.39 kB │ gzip:   5.20 kB
storage/framework/testing/pkg05-build/assets/_dialogs-DAUPuOUf.js                                13.39 kB │ gzip:   5.61 kB
storage/framework/testing/pkg05-build/assets/HealthMonitoring-_vCUXhHo.js                        13.40 kB │ gzip:   4.87 kB
storage/framework/testing/pkg05-build/assets/Index-BjbvDgLM.js                                   13.44 kB │ gzip:   5.86 kB
storage/framework/testing/pkg05-build/assets/_audit-dialog-BDvQC24O.js                           13.46 kB │ gzip:   5.40 kB
storage/framework/testing/pkg05-build/assets/timesheet-review-fn__oWr2.js                        13.46 kB │ gzip:   5.02 kB
storage/framework/testing/pkg05-build/assets/_ledger-panel-vRKzAvEG.js                           13.46 kB │ gzip:   4.24 kB
storage/framework/testing/pkg05-build/assets/unassign-make-open-dialog-BrWaDDF2.js               13.47 kB │ gzip:   5.09 kB
storage/framework/testing/pkg05-build/assets/about-BBloiVGt.js                                   13.50 kB │ gzip:   3.48 kB
storage/framework/testing/pkg05-build/assets/houses-CW5IxaHY.js                                  13.55 kB │ gzip:   5.66 kB
storage/framework/testing/pkg05-build/assets/digest-panel-C2ajgB7B.js                            13.56 kB │ gzip:   4.79 kB
storage/framework/testing/pkg05-build/assets/expenses-CopfcsPa.js                                13.57 kB │ gzip:   5.24 kB
storage/framework/testing/pkg05-build/assets/index-2OZWrIeC.js                                   13.57 kB │ gzip:   5.78 kB
storage/framework/testing/pkg05-build/assets/edit-template-_-0oWYre.js                           13.58 kB │ gzip:   5.46 kB
storage/framework/testing/pkg05-build/assets/client-Dji5ARhi.js                                  13.61 kB │ gzip:   3.89 kB
storage/framework/testing/pkg05-build/assets/Index-C_uvcMcw.js                                   13.62 kB │ gzip:   5.88 kB
storage/framework/testing/pkg05-build/assets/my-day-hero-CmRewwse.js                             13.65 kB │ gzip:   5.95 kB
storage/framework/testing/pkg05-build/assets/MyInterests-BXh8Vs1r.js                             13.68 kB │ gzip:   5.79 kB
storage/framework/testing/pkg05-build/assets/Index-AW7kBu-1.js                                   13.69 kB │ gzip:   5.96 kB
storage/framework/testing/pkg05-build/assets/_dialogs-Dn8hELlB.js                                13.70 kB │ gzip:   5.13 kB
storage/framework/testing/pkg05-build/assets/terminology-Df7Zxeob.js                             13.71 kB │ gzip:   4.20 kB
storage/framework/testing/pkg05-build/assets/documents-DO5trFL3.js                               13.72 kB │ gzip:   5.47 kB
storage/framework/testing/pkg05-build/assets/by-house-CQlQnWln.js                                13.72 kB │ gzip:   4.84 kB
storage/framework/testing/pkg05-build/assets/Index-BvjECRXQ.js                                   13.79 kB │ gzip:   5.81 kB
storage/framework/testing/pkg05-build/assets/Index-5dHbvBIJ.js                                   13.82 kB │ gzip:   5.46 kB
storage/framework/testing/pkg05-build/assets/Index-BA_3knH4.js                                   13.85 kB │ gzip:   5.59 kB
storage/framework/testing/pkg05-build/assets/Committee-D7pW77nM.js                               13.86 kB │ gzip:   6.00 kB
storage/framework/testing/pkg05-build/assets/date-picker-9-IWiqk4.js                             13.88 kB │ gzip:   5.40 kB
storage/framework/testing/pkg05-build/assets/_recipe-edit-dialog-9rJy45O0.js                     13.90 kB │ gzip:   4.69 kB
storage/framework/testing/pkg05-build/assets/timeline-tab-DXndNGCb.js                            13.94 kB │ gzip:   4.93 kB
storage/framework/testing/pkg05-build/assets/Show-Cf5Frp-f.js                                    14.00 kB │ gzip:   6.03 kB
storage/framework/testing/pkg05-build/assets/map-B2tTZY1d.js                                     14.00 kB │ gzip:   5.81 kB
storage/framework/testing/pkg05-build/assets/create-Jr1794jy.js                                  14.05 kB │ gzip:   5.35 kB
storage/framework/testing/pkg05-build/assets/show-DJ8U1nwB.js                                    14.09 kB │ gzip:   5.07 kB
storage/framework/testing/pkg05-build/assets/show-gH6E47SP.js                                    14.12 kB │ gzip:   4.72 kB
storage/framework/testing/pkg05-build/assets/holidays-DqNaszme.js                                14.12 kB │ gzip:   5.77 kB
storage/framework/testing/pkg05-build/assets/Show-Dm5jA_S9.js                                    14.12 kB │ gzip:   5.51 kB
storage/framework/testing/pkg05-build/assets/Attestations-u1qE5Z2D.js                            14.12 kB │ gzip:   5.82 kB
storage/framework/testing/pkg05-build/assets/index-CWkG0aST.js                                   14.16 kB │ gzip:   5.38 kB
storage/framework/testing/pkg05-build/assets/Index-CXxwzsFF.js                                   14.20 kB │ gzip:   6.20 kB
storage/framework/testing/pkg05-build/assets/audit-log-DlVyyTxg.js                               14.21 kB │ gzip:   5.74 kB
storage/framework/testing/pkg05-build/assets/_dialog-shared-D4IjogV_.js                          14.22 kB │ gzip:   5.46 kB
storage/framework/testing/pkg05-build/assets/new-vendor-dialog-CgFfPfnT.js                       14.25 kB │ gzip:   4.76 kB
storage/framework/testing/pkg05-build/assets/Terminals-BvWIrbcN.js                               14.31 kB │ gzip:   5.93 kB
storage/framework/testing/pkg05-build/assets/task-detail-dialog-CRsg_1xF.js                      14.34 kB │ gzip:   4.80 kB
storage/framework/testing/pkg05-build/assets/Statements-_2ib79ug.js                              14.39 kB │ gzip:   5.89 kB
storage/framework/testing/pkg05-build/assets/trends-BehcduAO.js                                  14.40 kB │ gzip:   4.82 kB
storage/framework/testing/pkg05-build/assets/Index-Cu9pKBi8.js                                   14.41 kB │ gzip:   6.18 kB
storage/framework/testing/pkg05-build/assets/workflow-DBClwv4g.js                                14.41 kB │ gzip:   5.91 kB
storage/framework/testing/pkg05-build/assets/survey-B2TtqiYX.js                                  14.44 kB │ gzip:   4.77 kB
storage/framework/testing/pkg05-build/assets/index-BdKnQjYA.js                                   14.45 kB │ gzip:   5.38 kB
storage/framework/testing/pkg05-build/assets/Index-CkJbOjcY.js                                   14.47 kB │ gzip:   6.20 kB
storage/framework/testing/pkg05-build/assets/mar-DIgPV0eO.js                                     14.48 kB │ gzip:   3.92 kB
storage/framework/testing/pkg05-build/assets/Create-BmzIZan1.js                                  14.48 kB │ gzip:   5.66 kB
storage/framework/testing/pkg05-build/assets/index-CFvLJ3jW.js                                   14.48 kB │ gzip:   5.79 kB
storage/framework/testing/pkg05-build/assets/Index-dLUruamp.js                                   14.49 kB │ gzip:   6.38 kB
storage/framework/testing/pkg05-build/assets/Index-BzGa1Jd-.js                                   14.51 kB │ gzip:   6.03 kB
storage/framework/testing/pkg05-build/assets/global-hFIDsc90.js                                  14.59 kB │ gzip:   5.52 kB
storage/framework/testing/pkg05-build/assets/Financials-BoJo7G--.js                              14.61 kB │ gzip:   5.75 kB
storage/framework/testing/pkg05-build/assets/_commercial-0OiNKHX-.js                             14.62 kB │ gzip:   5.37 kB
storage/framework/testing/pkg05-build/assets/_dialogs-CyHHBTO2.js                                14.63 kB │ gzip:   5.82 kB
storage/framework/testing/pkg05-build/assets/index-BCFaorDm.js                                   14.64 kB │ gzip:   5.56 kB
storage/framework/testing/pkg05-build/assets/matrix-CjZoWQIi.js                                  14.74 kB │ gzip:   5.92 kB
storage/framework/testing/pkg05-build/assets/record-evidence-dialog-B9LAoQ1p.js                  14.75 kB │ gzip:   5.98 kB
storage/framework/testing/pkg05-build/assets/_dialogs-CQB2-9_x.js                                14.75 kB │ gzip:   5.61 kB
storage/framework/testing/pkg05-build/assets/show-D5XgwS_Q.js                                    14.76 kB │ gzip:   5.71 kB
storage/framework/testing/pkg05-build/assets/my-tasks-DQwsTf_u.js                                14.76 kB │ gzip:   5.80 kB
storage/framework/testing/pkg05-build/assets/run-_2H9E5p6.js                                     14.76 kB │ gzip:   5.47 kB
storage/framework/testing/pkg05-build/assets/index-BXkCHBO8.js                                   14.77 kB │ gzip:   6.13 kB
storage/framework/testing/pkg05-build/assets/playback-Cy9Fs0T7.js                                14.79 kB │ gzip:   5.81 kB
storage/framework/testing/pkg05-build/assets/index-ofZKNgpf.js                                   14.79 kB │ gzip:   5.79 kB
storage/framework/testing/pkg05-build/assets/Show-L8EHRAoM.js                                    14.82 kB │ gzip:   5.87 kB
storage/framework/testing/pkg05-build/assets/new-bill-dialog-tKidUYRj.js                         14.83 kB │ gzip:   5.31 kB
storage/framework/testing/pkg05-build/assets/Show-D86IwFvx.js                                    14.86 kB │ gzip:   6.06 kB
storage/framework/testing/pkg05-build/assets/reports-CnnRYglE.js                                 14.91 kB │ gzip:   5.15 kB
storage/framework/testing/pkg05-build/assets/Index-CgaZEOUo.js                                   14.95 kB │ gzip:   5.51 kB
storage/framework/testing/pkg05-build/assets/show-ohemlJbP.js                                    14.95 kB │ gzip:   5.49 kB
storage/framework/testing/pkg05-build/assets/CashFlow-DETxKyJ0.js                                14.97 kB │ gzip:   5.90 kB
storage/framework/testing/pkg05-build/assets/Create-CWPCWrvK.js                                  14.98 kB │ gzip:   4.93 kB
storage/framework/testing/pkg05-build/assets/index-KX0uoOCM.js                                   14.98 kB │ gzip:   6.04 kB
storage/framework/testing/pkg05-build/assets/Results-CkLv-EaY.js                                 15.02 kB │ gzip:   6.26 kB
storage/framework/testing/pkg05-build/assets/portal-users-DkkuQPm3.js                            15.03 kB │ gzip:   6.21 kB
storage/framework/testing/pkg05-build/assets/edit-DXJgDpXG.js                                    15.08 kB │ gzip:   5.88 kB
storage/framework/testing/pkg05-build/assets/sso-groups-C1TGbp4l.js                              15.11 kB │ gzip:   5.60 kB
storage/framework/testing/pkg05-build/assets/custom-fields-BEcsVd4c.js                           15.11 kB │ gzip:   6.13 kB
storage/framework/testing/pkg05-build/assets/index-DnOsUipu.js                                   15.14 kB │ gzip:   6.21 kB
storage/framework/testing/pkg05-build/assets/command-centre-hero-BuBEQdES.js                     15.18 kB │ gzip:   6.16 kB
storage/framework/testing/pkg05-build/assets/Show-4Je1QIFj.js                                    15.20 kB │ gzip:   6.40 kB
storage/framework/testing/pkg05-build/assets/overview-CLvtMV-j.js                                15.26 kB │ gzip:   5.52 kB
storage/framework/testing/pkg05-build/assets/BatchDetail-BlaVi9gZ.js                             15.27 kB │ gzip:   5.89 kB
storage/framework/testing/pkg05-build/assets/create-Cmy53TqI.js                                  15.31 kB │ gzip:   5.58 kB
storage/framework/testing/pkg05-build/assets/terms-B8GPsAhR.js                                   15.36 kB │ gzip:   4.45 kB
storage/framework/testing/pkg05-build/assets/Index-DWRJx7BV.js                                   15.37 kB │ gzip:   6.33 kB
storage/framework/testing/pkg05-build/assets/Roles-ByqvZ7oH.js                                   15.39 kB │ gzip:   4.82 kB
storage/framework/testing/pkg05-build/assets/edit-CV3EZWF0.js                                    15.39 kB │ gzip:   6.08 kB
storage/framework/testing/pkg05-build/assets/contact-DY4o12bc.js                                 15.42 kB │ gzip:   4.92 kB
storage/framework/testing/pkg05-build/assets/Show-BN7mkhWJ.js                                    15.47 kB │ gzip:   5.99 kB
storage/framework/testing/pkg05-build/assets/Index-AU60ewLv.js                                   15.47 kB │ gzip:   6.56 kB
storage/framework/testing/pkg05-build/assets/show-DzL0Aw25.js                                    15.53 kB │ gzip:   5.81 kB
storage/framework/testing/pkg05-build/assets/record-event-dialog-DWr78VYB.js                     15.54 kB │ gzip:   5.97 kB
storage/framework/testing/pkg05-build/assets/staff-detail-CB_Fuqty.js                            15.55 kB │ gzip:   5.91 kB
storage/framework/testing/pkg05-build/assets/bonuses-CxXS3pPL.js                                 15.55 kB │ gzip:   6.30 kB
storage/framework/testing/pkg05-build/assets/reports-Dl82TrBV.js                                 15.60 kB │ gzip:   5.96 kB
storage/framework/testing/pkg05-build/assets/payslips-Blz4C7bB.js                                15.62 kB │ gzip:   5.65 kB
storage/framework/testing/pkg05-build/assets/shift-detail-dialog-BUJk3IGC.js                     15.63 kB │ gzip:   6.05 kB
storage/framework/testing/pkg05-build/assets/daily-note-wizard-Dkf-q68g.js                       15.63 kB │ gzip:   4.78 kB
storage/framework/testing/pkg05-build/assets/index-h7VHR-GI.js                                   15.64 kB │ gzip:   6.35 kB
storage/framework/testing/pkg05-build/assets/profile-Cr0Ne3Ch.js                                 15.70 kB │ gzip:   5.62 kB
storage/framework/testing/pkg05-build/assets/Index-BDYP5kNm.js                                   15.72 kB │ gzip:   6.33 kB
storage/framework/testing/pkg05-build/assets/Show-rpDV6bT5.js                                    15.75 kB │ gzip:   6.33 kB
storage/framework/testing/pkg05-build/assets/webhooks-D9RFOhBO.js                                15.76 kB │ gzip:   5.40 kB
storage/framework/testing/pkg05-build/assets/BudgetVsActuals-BAUmZjyP.js                         15.76 kB │ gzip:   6.10 kB
storage/framework/testing/pkg05-build/assets/Heatmap-DhN0Gkis.js                                 15.86 kB │ gzip:   6.68 kB
storage/framework/testing/pkg05-build/assets/my-hr-shoutout-spotlight-CBAL_wvV.js                15.87 kB │ gzip:   5.91 kB
storage/framework/testing/pkg05-build/assets/Batches-BQh2pHlV.js                                 15.88 kB │ gzip:   6.52 kB
storage/framework/testing/pkg05-build/assets/review-detail-DNVKmbUD.js                           15.89 kB │ gzip:   6.32 kB
storage/framework/testing/pkg05-build/assets/index-B6A9SBja.js                                   15.95 kB │ gzip:   6.63 kB
storage/framework/testing/pkg05-build/assets/maintenance-health-Bl17vxFo.js                      15.98 kB │ gzip:   6.29 kB
storage/framework/testing/pkg05-build/assets/Index-Ta-FDKG0.js                                   15.99 kB │ gzip:   6.25 kB
storage/framework/testing/pkg05-build/assets/audit-mspnRObD.js                                   16.04 kB │ gzip:   5.95 kB
storage/framework/testing/pkg05-build/assets/Index-B6ZHJ2_W.js                                   16.05 kB │ gzip:   6.83 kB
storage/framework/testing/pkg05-build/assets/record-dose-wizard-_uSapdNg.js                      16.05 kB │ gzip:   5.36 kB
storage/framework/testing/pkg05-build/assets/record-receipt-dialog-CSpiwF-w.js                   16.12 kB │ gzip:   5.59 kB
storage/framework/testing/pkg05-build/assets/index-qrXI5UlG.js                                   16.14 kB │ gzip:   6.44 kB
storage/framework/testing/pkg05-build/assets/policy-wizards-1c8lubii.js                          16.17 kB │ gzip:   5.57 kB
storage/framework/testing/pkg05-build/assets/Index-CwFl9wCB.js                                   16.27 kB │ gzip:   6.84 kB
storage/framework/testing/pkg05-build/assets/matrix-Cj8bRs5t.js                                  16.28 kB │ gzip:   6.33 kB
storage/framework/testing/pkg05-build/assets/appearance-B9MD5XBI.js                              16.30 kB │ gzip:   5.00 kB
storage/framework/testing/pkg05-build/assets/incidents-UFqx9JK2.js                               16.32 kB │ gzip:   6.03 kB
storage/framework/testing/pkg05-build/assets/risk-management-CxVTH43H.js                         16.35 kB │ gzip:   6.27 kB
storage/framework/testing/pkg05-build/assets/Assessments-poietjdI.js                             16.39 kB │ gzip:   6.43 kB
storage/framework/testing/pkg05-build/assets/Show-TDeDroJE.js                                    16.39 kB │ gzip:   6.42 kB
storage/framework/testing/pkg05-build/assets/record-abc-dialog-DTWzcfcH.js                       16.39 kB │ gzip:   5.81 kB
storage/framework/testing/pkg05-build/assets/Index-C0OFaeGR.js                                   16.41 kB │ gzip:   6.34 kB
storage/framework/testing/pkg05-build/assets/breaches-CRx2mFC3.js                                16.42 kB │ gzip:   5.75 kB
storage/framework/testing/pkg05-build/assets/RunResults-c8aks6vH.js                              16.44 kB │ gzip:   6.17 kB
storage/framework/testing/pkg05-build/assets/index-CH1vBgrk.js                                   16.48 kB │ gzip:   6.60 kB
storage/framework/testing/pkg05-build/assets/show-BoH3FxCv.js                                    16.49 kB │ gzip:   6.58 kB
storage/framework/testing/pkg05-build/assets/Settings-CgB5ahBy.js                                16.55 kB │ gzip:   6.21 kB
storage/framework/testing/pkg05-build/assets/show-Chy6oDbQ.js                                    16.56 kB │ gzip:   5.62 kB
storage/framework/testing/pkg05-build/assets/Show-B_6JgQ5v.js                                    16.59 kB │ gzip:   6.53 kB
storage/framework/testing/pkg05-build/assets/notification-defaults-6LWOUqJo.js                   16.62 kB │ gzip:   5.92 kB
storage/framework/testing/pkg05-build/assets/index-DE4oRIZb.js                                   16.66 kB │ gzip:   6.49 kB
storage/framework/testing/pkg05-build/assets/Index-BUZFqtjx.js                                   16.68 kB │ gzip:   6.63 kB
storage/framework/testing/pkg05-build/assets/observations-BYoz_nvP.js                            16.70 kB │ gzip:   6.20 kB
storage/framework/testing/pkg05-build/assets/location-Dxpwx1GO.js                                16.73 kB │ gzip:   6.01 kB
storage/framework/testing/pkg05-build/assets/Show-FfzZiiXX.js                                    16.81 kB │ gzip:   6.95 kB
storage/framework/testing/pkg05-build/assets/charts-NR9KASMq.js                                  16.83 kB │ gzip:   5.56 kB
storage/framework/testing/pkg05-build/assets/Protocols-eLI9RmS7.js                               16.86 kB │ gzip:   6.23 kB
storage/framework/testing/pkg05-build/assets/documents-Rh_dPo1I.js                               16.86 kB │ gzip:   6.67 kB
storage/framework/testing/pkg05-build/assets/leave-BUl8JFNo.js                                   16.88 kB │ gzip:   7.07 kB
storage/framework/testing/pkg05-build/assets/Index-57cRb9ky.js                                   16.88 kB │ gzip:   6.91 kB
storage/framework/testing/pkg05-build/assets/Show-DOfQ5Ki0.js                                    16.88 kB │ gzip:   5.83 kB
storage/framework/testing/pkg05-build/assets/Index-DR4tZmm-.js                                   16.89 kB │ gzip:   6.96 kB
storage/framework/testing/pkg05-build/assets/note-detail-dialog-ChO36ZOw.js                      16.91 kB │ gzip:   5.80 kB
storage/framework/testing/pkg05-build/assets/api-Cq4ubtyD.js                                     16.93 kB │ gzip:   5.16 kB
storage/framework/testing/pkg05-build/assets/Index-CsqPFESe.js                                   16.99 kB │ gzip:   6.65 kB
storage/framework/testing/pkg05-build/assets/cost-allocation-Bc2mmVx4.js                         17.07 kB │ gzip:   6.11 kB
storage/framework/testing/pkg05-build/assets/leaflet-map-6vPMbQLm.js                             17.11 kB │ gzip:   6.08 kB
storage/framework/testing/pkg05-build/assets/edit-DeZUAeC7.js                                    17.11 kB │ gzip:   6.32 kB
storage/framework/testing/pkg05-build/assets/family-notes-DlD_0IfG.js                            17.12 kB │ gzip:   6.35 kB
storage/framework/testing/pkg05-build/assets/index-CY16_7Ve.js                                   17.12 kB │ gzip:   6.68 kB
storage/framework/testing/pkg05-build/assets/Index-DicO4d7_.js                                   17.16 kB │ gzip:   6.19 kB
storage/framework/testing/pkg05-build/assets/Index-DejQwUrh.js                                   17.21 kB │ gzip:   7.09 kB
storage/framework/testing/pkg05-build/assets/create-BOZb2MwV.js                                  17.21 kB │ gzip:   6.01 kB
storage/framework/testing/pkg05-build/assets/maintenance-BkvnokO1.js                             17.29 kB │ gzip:   6.48 kB
storage/framework/testing/pkg05-build/assets/leave-hub-tabs-C3YUIZ0K.js                          17.30 kB │ gzip:   5.81 kB
storage/framework/testing/pkg05-build/assets/_dialogs-0jUvIIV7.js                                17.31 kB │ gzip:   6.48 kB
storage/framework/testing/pkg05-build/assets/worklists-XEGsuWkA.js                               17.31 kB │ gzip:   5.87 kB
storage/framework/testing/pkg05-build/assets/Index-BhrhmE1n.js                                   17.34 kB │ gzip:   7.23 kB
storage/framework/testing/pkg05-build/assets/week-picker-Bsx7aG2D.js                             17.40 kB │ gzip:   6.73 kB
storage/framework/testing/pkg05-build/assets/view-timesheet-dialog-cX1_D2aW.js                   17.49 kB │ gzip:   4.84 kB
storage/framework/testing/pkg05-build/assets/handover-detail-dialog-D2sADCg-.js                  17.50 kB │ gzip:   5.94 kB
storage/framework/testing/pkg05-build/assets/Index-CUTIew5m.js                                   17.63 kB │ gzip:   7.49 kB
storage/framework/testing/pkg05-build/assets/index-Df77ukdX.js                                   17.63 kB │ gzip:   6.71 kB
storage/framework/testing/pkg05-build/assets/index-BbbgwGBO.js                                   17.64 kB │ gzip:   5.93 kB
storage/framework/testing/pkg05-build/assets/_overview-dialogs-Bf75aY6T.js                       17.65 kB │ gzip:   5.35 kB
storage/framework/testing/pkg05-build/assets/show-DN7oacD7.js                                    17.71 kB │ gzip:   4.43 kB
storage/framework/testing/pkg05-build/assets/edit-yXgmm4s-.js                                    17.87 kB │ gzip:   6.45 kB
storage/framework/testing/pkg05-build/assets/substance-wizard-dialog-DyCAWcFm.js                 17.90 kB │ gzip:   6.30 kB
storage/framework/testing/pkg05-build/assets/index-BkxhA0Of.js                                   17.90 kB │ gzip:   6.90 kB
storage/framework/testing/pkg05-build/assets/show-CaOSnfdn.js                                    17.91 kB │ gzip:   6.40 kB
storage/framework/testing/pkg05-build/assets/Index-BXnW7wcY.js                                   17.97 kB │ gzip:   7.33 kB
storage/framework/testing/pkg05-build/assets/security-BFhjjEmu.js                                17.99 kB │ gzip:   6.21 kB
storage/framework/testing/pkg05-build/assets/reports-CAEIa-oK.js                                 18.01 kB │ gzip:   6.33 kB
storage/framework/testing/pkg05-build/assets/Show-DSNp5myt.js                                    18.02 kB │ gzip:   6.08 kB
storage/framework/testing/pkg05-build/assets/Index-BN5sKx23.js                                   18.02 kB │ gzip:   7.30 kB
storage/framework/testing/pkg05-build/assets/show-CmfsP3sU.js                                    18.02 kB │ gzip:   6.62 kB
storage/framework/testing/pkg05-build/assets/show-C-GaujBv.js                                    18.03 kB │ gzip:   6.58 kB
storage/framework/testing/pkg05-build/assets/index-Btv0s268.js                                   18.07 kB │ gzip:   2.18 kB
storage/framework/testing/pkg05-build/assets/health-clinical-shell-DgB8xBw2.js                   18.07 kB │ gzip:   7.16 kB
storage/framework/testing/pkg05-build/assets/index-Y1CSAAam.js                                   18.07 kB │ gzip:   4.72 kB
storage/framework/testing/pkg05-build/assets/shift-coverage-nbD-zN6g.js                          18.17 kB │ gzip:   6.42 kB
storage/framework/testing/pkg05-build/assets/Show-ClFmFR8L.js                                    18.20 kB │ gzip:   6.99 kB
storage/framework/testing/pkg05-build/assets/Show-7esuEhY6.js                                    18.21 kB │ gzip:   7.34 kB
storage/framework/testing/pkg05-build/assets/daily-notes-CPW9fisv.js                             18.21 kB │ gzip:   6.71 kB
storage/framework/testing/pkg05-build/assets/_dialogs-Cyp08f1m.js                                18.24 kB │ gzip:   6.68 kB
storage/framework/testing/pkg05-build/assets/payslip-detail-Cd8Dx53s.js                          18.24 kB │ gzip:   6.08 kB
storage/framework/testing/pkg05-build/assets/dashboard-CmQtKRJp.js                               18.25 kB │ gzip:   6.95 kB
storage/framework/testing/pkg05-build/assets/Edit-tzZKcyeB.js                                    18.26 kB │ gzip:   6.96 kB
storage/framework/testing/pkg05-build/assets/book-vehicle-wizard-CEoDHBWa.js                     18.31 kB │ gzip:   5.54 kB
storage/framework/testing/pkg05-build/assets/index-BYnnvT54.js                                   18.32 kB │ gzip:   7.21 kB
storage/framework/testing/pkg05-build/assets/Show-C0aFk1wy.js                                    18.36 kB │ gzip:   7.15 kB
storage/framework/testing/pkg05-build/assets/Show-BOcfMKfY.js                                    18.45 kB │ gzip:   7.40 kB
storage/framework/testing/pkg05-build/assets/announcement-wizard-rwmDcu_M.js                     18.46 kB │ gzip:   6.36 kB
storage/framework/testing/pkg05-build/assets/index-_275-yw3.js                                   18.52 kB │ gzip:   6.54 kB
storage/framework/testing/pkg05-build/assets/schedule-D37mJwns.js                                18.62 kB │ gzip:   6.38 kB
storage/framework/testing/pkg05-build/assets/directory-G7fC0XOi.js                               18.62 kB │ gzip:   6.30 kB
storage/framework/testing/pkg05-build/assets/create-wizard-GgMkSD3b.js                           18.69 kB │ gzip:   6.51 kB
storage/framework/testing/pkg05-build/assets/index-DEhprSZr.js                                   18.71 kB │ gzip:   7.23 kB
storage/framework/testing/pkg05-build/assets/show-ByCW8mn8.js                                    18.75 kB │ gzip:   6.82 kB
storage/framework/testing/pkg05-build/assets/chains-CE_4oTCP.js                                  18.79 kB │ gzip:   6.61 kB
storage/framework/testing/pkg05-build/assets/ppe-detail-dialog-DrZUmfcO.js                       18.80 kB │ gzip:   6.40 kB
storage/framework/testing/pkg05-build/assets/show-review-D1-EBaT7.js                             18.85 kB │ gzip:   6.81 kB
storage/framework/testing/pkg05-build/assets/_recipes-panel-BBaUE-7w.js                          18.90 kB │ gzip:   6.00 kB
storage/framework/testing/pkg05-build/assets/audit-logs-B-BEKFyn.js                              18.92 kB │ gzip:   7.14 kB
storage/framework/testing/pkg05-build/assets/_dialogs-CPgan1kA.js                                19.07 kB │ gzip:   6.16 kB
storage/framework/testing/pkg05-build/assets/goals-DoYf5zbz.js                                   19.23 kB │ gzip:   6.68 kB
storage/framework/testing/pkg05-build/assets/integrations-DtoTTa6C.js                            19.25 kB │ gzip:   6.67 kB
storage/framework/testing/pkg05-build/assets/show-DJDKb_ME.js                                    19.26 kB │ gzip:   7.10 kB
storage/framework/testing/pkg05-build/assets/edit-Dz4F1xeu.js                                    19.30 kB │ gzip:   6.87 kB
storage/framework/testing/pkg05-build/assets/two-factor-C59ZrHrt.js                              19.33 kB │ gzip:   7.19 kB
storage/framework/testing/pkg05-build/assets/index-BsBW1amD.js                                   19.36 kB │ gzip:   6.63 kB
storage/framework/testing/pkg05-build/assets/_dialogs-Bi4-EcHj.js                                19.43 kB │ gzip:   7.21 kB
storage/framework/testing/pkg05-build/assets/escalations-BU-tP3rz.js                             19.51 kB │ gzip:   8.14 kB
storage/framework/testing/pkg05-build/assets/_templates-panel-C42Dr7rq.js                        19.54 kB │ gzip:   5.99 kB
storage/framework/testing/pkg05-build/assets/calendar-sync-IBh0Xv0B.js                           19.54 kB │ gzip:   7.40 kB
storage/framework/testing/pkg05-build/assets/index-Bb2qGbj-.js                                   19.56 kB │ gzip:   7.45 kB
storage/framework/testing/pkg05-build/assets/Shifts-BTlW5QdH.js                                  19.56 kB │ gzip:   7.11 kB
storage/framework/testing/pkg05-build/assets/show-BYHNnFDh.js                                    19.62 kB │ gzip:   6.79 kB
storage/framework/testing/pkg05-build/assets/training-DEQQzwiP.js                                19.64 kB │ gzip:   6.51 kB
storage/framework/testing/pkg05-build/assets/Index-4pnqTsbE.js                                   19.68 kB │ gzip:   8.21 kB
storage/framework/testing/pkg05-build/assets/show-HFyMjTjX.js                                    19.69 kB │ gzip:   7.44 kB
storage/framework/testing/pkg05-build/assets/Behaviour-sMocwLAe.js                               19.81 kB │ gzip:   6.95 kB
storage/framework/testing/pkg05-build/assets/Show-CDd4NUJ2.js                                    19.82 kB │ gzip:   7.80 kB
storage/framework/testing/pkg05-build/assets/Show-C305hyum.js                                    19.89 kB │ gzip:   7.66 kB
storage/framework/testing/pkg05-build/assets/index-BKFbJSkl.js                                   19.92 kB │ gzip:   7.75 kB
storage/framework/testing/pkg05-build/assets/_dialogs-DSPzZT5c.js                                19.97 kB │ gzip:   7.03 kB
storage/framework/testing/pkg05-build/assets/features-DHSoQw42.js                                19.98 kB │ gzip:   5.22 kB
storage/framework/testing/pkg05-build/assets/Show-DlsYGEbv.js                                    20.00 kB │ gzip:   7.70 kB
storage/framework/testing/pkg05-build/assets/index-CZnoUaFc.js                                   20.01 kB │ gzip:   7.40 kB
storage/framework/testing/pkg05-build/assets/edit-DugnPwD0.js                                    20.21 kB │ gzip:   7.52 kB
storage/framework/testing/pkg05-build/assets/broadcast-Duht7zKs.js                               20.27 kB │ gzip:   7.80 kB
storage/framework/testing/pkg05-build/assets/dashboard-DMWdIiEO.js                               20.30 kB │ gzip:   7.52 kB
storage/framework/testing/pkg05-build/assets/index-DxGBTCKo.js                                   20.30 kB │ gzip:   7.31 kB
storage/framework/testing/pkg05-build/assets/index-DaWQgrDy.js                                   20.32 kB │ gzip:   7.06 kB
storage/framework/testing/pkg05-build/assets/stats-zAbE9RS3.js                                   20.34 kB │ gzip:   6.47 kB
storage/framework/testing/pkg05-build/assets/fixed-asset-dispose-dialog-CHeQJxVZ.js              20.44 kB │ gzip:   6.68 kB
storage/framework/testing/pkg05-build/assets/show-CY6IyQ1F.js                                    20.52 kB │ gzip:   7.56 kB
storage/framework/testing/pkg05-build/assets/note-wizard-8UYHb1MP.js                             20.54 kB │ gzip:   6.60 kB
storage/framework/testing/pkg05-build/assets/_library-dialogs-BYxgL_51.js                        20.59 kB │ gzip:   5.60 kB
storage/framework/testing/pkg05-build/assets/medications-BYNOuRGt.js                             20.61 kB │ gzip:   7.21 kB
storage/framework/testing/pkg05-build/assets/shifts-Bsla_om3.js                                  20.62 kB │ gzip:   6.78 kB
storage/framework/testing/pkg05-build/assets/_error-dialogs-CwgzOPQ4.js                          20.68 kB │ gzip:   7.30 kB
storage/framework/testing/pkg05-build/assets/calendar-Dst4LMYR.js                                20.77 kB │ gzip:   6.77 kB
storage/framework/testing/pkg05-build/assets/history-CB32JRPL.js                                 20.78 kB │ gzip:   7.17 kB
storage/framework/testing/pkg05-build/assets/shift-notes-dialog-B_VsNVR9.js                      20.84 kB │ gzip:   7.81 kB
storage/framework/testing/pkg05-build/assets/Index-WZ2UGrnY.js                                   20.96 kB │ gzip:   8.68 kB
storage/framework/testing/pkg05-build/assets/record-observation-dialog-Bt2fwWFc.js               20.96 kB │ gzip:   8.11 kB
storage/framework/testing/pkg05-build/assets/show-BtOlcybU.js                                    20.97 kB │ gzip:   7.10 kB
storage/framework/testing/pkg05-build/assets/index-CNd_O3Jq.js                                   21.02 kB │ gzip:   8.59 kB
storage/framework/testing/pkg05-build/assets/create-CUMe4T7_.js                                  21.06 kB │ gzip:   6.06 kB
storage/framework/testing/pkg05-build/assets/index-CBYDef1-.js                                   21.10 kB │ gzip:   7.70 kB
storage/framework/testing/pkg05-build/assets/map-Dou6YjNy.js                                     21.11 kB │ gzip:   6.61 kB
storage/framework/testing/pkg05-build/assets/add-device-dialog-RLJCO6DQ.js                       21.12 kB │ gzip:   7.34 kB
storage/framework/testing/pkg05-build/assets/balances-C9h8EzAs.js                                21.13 kB │ gzip:   8.49 kB
storage/framework/testing/pkg05-build/assets/Show-Brav7OR2.js                                    21.19 kB │ gzip:   8.06 kB
storage/framework/testing/pkg05-build/assets/create-BBuQDsYH.js                                  21.22 kB │ gzip:   7.13 kB
storage/framework/testing/pkg05-build/assets/show-C4e9OInh.js                                    21.32 kB │ gzip:   7.52 kB
storage/framework/testing/pkg05-build/assets/show-GujWc4jk.js                                    21.36 kB │ gzip:   7.77 kB
storage/framework/testing/pkg05-build/assets/index-BoVRx3zK.js                                   21.61 kB │ gzip:   7.37 kB
storage/framework/testing/pkg05-build/assets/_dialogs-ImVZsW9b.js                                21.64 kB │ gzip:   7.66 kB
storage/framework/testing/pkg05-build/assets/parts-BV7CkKjq.js                                   21.65 kB │ gzip:   6.76 kB
storage/framework/testing/pkg05-build/assets/Events-DYiA9nv2.js                                  21.70 kB │ gzip:   7.98 kB
storage/framework/testing/pkg05-build/assets/Index-R3BWKhr9.js                                   21.73 kB │ gzip:   8.35 kB
storage/framework/testing/pkg05-build/assets/performance-wizards-D0wBViig.js                     21.79 kB │ gzip:   7.45 kB
storage/framework/testing/pkg05-build/assets/index-DDw9Z8AR.js                                   21.89 kB │ gzip:   8.03 kB
storage/framework/testing/pkg05-build/assets/review-builder-dialog-fLQwyqdJ.js                   21.89 kB │ gzip:   7.70 kB
storage/framework/testing/pkg05-build/assets/create-Bs6UcE51.js                                  21.89 kB │ gzip:   8.72 kB
storage/framework/testing/pkg05-build/assets/calendar-ZvomxrGx.js                                21.90 kB │ gzip:   6.85 kB
storage/framework/testing/pkg05-build/assets/edit-BTR8ZDam.js                                    21.94 kB │ gzip:   7.36 kB
storage/framework/testing/pkg05-build/assets/add-evidence-dialog-ClZGq7r9.js                     21.94 kB │ gzip:   8.68 kB
storage/framework/testing/pkg05-build/assets/Index-Bbc81Ms9.js                                   21.98 kB │ gzip:   8.46 kB
storage/framework/testing/pkg05-build/assets/ppe-create-wizards-DpYVNp2u.js                      22.05 kB │ gzip:   7.38 kB
storage/framework/testing/pkg05-build/assets/incidents-Bewqi1IA.js                               22.20 kB │ gzip:   8.33 kB
storage/framework/testing/pkg05-build/assets/create-CImaqrGS.js                                  22.23 kB │ gzip:   7.42 kB
storage/framework/testing/pkg05-build/assets/home-Cv4jPsCG.js                                    22.25 kB │ gzip:   5.38 kB
storage/framework/testing/pkg05-build/assets/show-DQ12Grsb.js                                    22.45 kB │ gzip:   7.39 kB
storage/framework/testing/pkg05-build/assets/leave-request-dialog-BCJ3POks.js                    22.51 kB │ gzip:   7.53 kB
storage/framework/testing/pkg05-build/assets/Index-C1tFdiHT.js                                   22.60 kB │ gzip:   8.51 kB
storage/framework/testing/pkg05-build/assets/payslips-BjhUyw3h.js                                22.60 kB │ gzip:   6.73 kB
storage/framework/testing/pkg05-build/assets/_dialogs-CMkEAsRz.js                                22.81 kB │ gzip:   8.46 kB
storage/framework/testing/pkg05-build/assets/incidents-D-xqWrCw.js                               22.87 kB │ gzip:   8.53 kB
storage/framework/testing/pkg05-build/assets/personal-details-BRImsOAT.js                        22.99 kB │ gzip:   7.96 kB
storage/framework/testing/pkg05-build/assets/Show-O8FVEevO.js                                    23.03 kB │ gzip:   8.55 kB
storage/framework/testing/pkg05-build/assets/notifications-BApspSYb.js                           23.12 kB │ gzip:   8.27 kB
storage/framework/testing/pkg05-build/assets/Show-COs7jcnD.js                                    23.13 kB │ gzip:   7.92 kB
storage/framework/testing/pkg05-build/assets/_competency-dialogs-BVUJ-xTU.js                     23.20 kB │ gzip:   7.76 kB
storage/framework/testing/pkg05-build/assets/resident-sidebar-BlAcrd6A.js                        23.21 kB │ gzip:   8.32 kB
storage/framework/testing/pkg05-build/assets/Index-BO_1W6I7.js                                   23.29 kB │ gzip:   7.73 kB
storage/framework/testing/pkg05-build/assets/index-C5bFsum6.js                                   23.32 kB │ gzip:   8.08 kB
storage/framework/testing/pkg05-build/assets/Show-_nr2i6Ih.js                                    23.39 kB │ gzip:   8.58 kB
storage/framework/testing/pkg05-build/assets/unifi-DhxkFvL0.js                                   23.43 kB │ gzip:   7.11 kB
storage/framework/testing/pkg05-build/assets/show-wNuJ3_hX.js                                    23.46 kB │ gzip:   7.65 kB
storage/framework/testing/pkg05-build/assets/create-wizard-dir9rKSY.js                           23.48 kB │ gzip:   8.17 kB
storage/framework/testing/pkg05-build/assets/Show-DgCGQB0a.js                                    23.50 kB │ gzip:   8.97 kB
storage/framework/testing/pkg05-build/assets/Index-C7jwrC5k.js                                   23.75 kB │ gzip:   9.22 kB
storage/framework/testing/pkg05-build/assets/one-DXrqPB8r.js                                     23.95 kB │ gzip:   8.28 kB
storage/framework/testing/pkg05-build/assets/_dialogs-DCSTLlO-.js                                23.99 kB │ gzip:   8.98 kB
storage/framework/testing/pkg05-build/assets/analytics-charts-B2wiQlSL.js                        24.03 kB │ gzip:   6.47 kB
storage/framework/testing/pkg05-build/assets/Index-CEj9Pt3j.js                                   24.19 kB │ gzip:   8.51 kB
storage/framework/testing/pkg05-build/assets/page-hero-D_TnfLbB.js                               24.23 kB │ gzip:   7.28 kB
storage/framework/testing/pkg05-build/assets/Create-0qZmbL0W.js                                  24.24 kB │ gzip:   7.92 kB
storage/framework/testing/pkg05-build/assets/ResolutionResultCard-WsnqHO6I.js                    24.31 kB │ gzip:   8.94 kB
storage/framework/testing/pkg05-build/assets/mar-governance-dialogs-Cvo4EGVs.js                  24.32 kB │ gzip:   7.56 kB
storage/framework/testing/pkg05-build/assets/automations-Dtuzatvm.js                             24.75 kB │ gzip:   7.60 kB
storage/framework/testing/pkg05-build/assets/restraint-event-wizard-BMPE-tMU.js                  24.76 kB │ gzip:   8.04 kB
storage/framework/testing/pkg05-build/assets/Show-Co7daV33.js                                    24.76 kB │ gzip:   9.99 kB
storage/framework/testing/pkg05-build/assets/show-Cb41a3lM.js                                    24.79 kB │ gzip:   7.82 kB
storage/framework/testing/pkg05-build/assets/governance-labels-CJgR2U5s.js                       24.81 kB │ gzip:   8.17 kB
storage/framework/testing/pkg05-build/assets/Show-ejesJYPi.js                                    24.92 kB │ gzip:   8.75 kB
storage/framework/testing/pkg05-build/assets/Show-hpgEDcwb.js                                    25.00 kB │ gzip:   9.63 kB
storage/framework/testing/pkg05-build/assets/Reconcile-BJgmB83p.js                               25.03 kB │ gzip:   8.86 kB
storage/framework/testing/pkg05-build/assets/_review-dialogs-C0FCwCdJ.js                         25.05 kB │ gzip:   7.97 kB
storage/framework/testing/pkg05-build/assets/index-jcEo-Nzt.js                                   25.07 kB │ gzip:   8.18 kB
storage/framework/testing/pkg05-build/assets/objective-wizard-Ccxpe3vD.js                        25.18 kB │ gzip:   7.13 kB
storage/framework/testing/pkg05-build/assets/Medications-DGuqceLS.js                             25.25 kB │ gzip:   9.17 kB
storage/framework/testing/pkg05-build/assets/Index-CYZGOecu.js                                   25.42 kB │ gzip:   7.88 kB
storage/framework/testing/pkg05-build/assets/Show-CUm0FRs-.js                                    25.43 kB │ gzip:   9.75 kB
storage/framework/testing/pkg05-build/assets/sso-UK9jyQzJ.js                                     25.52 kB │ gzip:   7.97 kB
storage/framework/testing/pkg05-build/assets/index-BMPgLjBy.js                                   25.53 kB │ gzip:   9.65 kB
storage/framework/testing/pkg05-build/assets/index-Ci5hqR7b.js                                   25.53 kB │ gzip:   8.91 kB
storage/framework/testing/pkg05-build/assets/it-mailbox-D178_cJf.js                              25.64 kB │ gzip:   8.71 kB
storage/framework/testing/pkg05-build/assets/milesight-B8xDmT9i.js                               25.89 kB │ gzip:   8.50 kB
storage/framework/testing/pkg05-build/assets/create-offer-CIakvf-R.js                            25.93 kB │ gzip:   8.81 kB
storage/framework/testing/pkg05-build/assets/dashboard-UJcMILW6.js                               26.06 kB │ gzip:   8.05 kB
storage/framework/testing/pkg05-build/assets/vendor-utils-Dr6D9L7d.js                            26.13 kB │ gzip:   8.47 kB
storage/framework/testing/pkg05-build/assets/Index-DDqsbAQZ.js                                   26.17 kB │ gzip:   9.73 kB
storage/framework/testing/pkg05-build/assets/record-assessment-dialog-DeZtChHi.js                26.21 kB │ gzip:   9.52 kB
storage/framework/testing/pkg05-build/assets/documents-wizards-NKZQ9oX3.js                       26.26 kB │ gzip:   9.26 kB
storage/framework/testing/pkg05-build/assets/show--AQHxk0t.js                                    26.34 kB │ gzip:   8.96 kB
storage/framework/testing/pkg05-build/assets/_dialogs-ChVdF_mv.js                                26.35 kB │ gzip:   8.34 kB
storage/framework/testing/pkg05-build/assets/index-d0T91QDQ.js                                   26.36 kB │ gzip:   9.00 kB
storage/framework/testing/pkg05-build/assets/transport-medication-dialogs-CEQJCVBK.js            26.38 kB │ gzip:   6.09 kB
storage/framework/testing/pkg05-build/assets/show-YhWwhO4r.js                                    26.53 kB │ gzip:   7.66 kB
storage/framework/testing/pkg05-build/assets/Handovers-Mm2BTa9L.js                               26.68 kB │ gzip:  10.42 kB
storage/framework/testing/pkg05-build/assets/_workspace-dialogs-CHxMVbfu.js                      26.83 kB │ gzip:   8.78 kB
storage/framework/testing/pkg05-build/assets/create-D6YTlbqO.js                                  26.91 kB │ gzip:   7.54 kB
storage/framework/testing/pkg05-build/assets/index-BxBcoojG.js                                   27.12 kB │ gzip:   9.67 kB
storage/framework/testing/pkg05-build/assets/show-FyXeKCgc.js                                    27.16 kB │ gzip:   9.05 kB
storage/framework/testing/pkg05-build/assets/index-Nh9Byz-3.js                                   27.31 kB │ gzip:   9.47 kB
storage/framework/testing/pkg05-build/assets/SelfAdmin-SK5jHEt5.js                               27.42 kB │ gzip:   9.09 kB
storage/framework/testing/pkg05-build/assets/provisioning-command-dialog--G4w7h5H.js             27.65 kB │ gzip:  10.76 kB
storage/framework/testing/pkg05-build/assets/show-lFHnVBSx.js                                    27.66 kB │ gzip:   9.76 kB
storage/framework/testing/pkg05-build/assets/care-support-plan-XDlXdORh.js                       27.67 kB │ gzip:   9.14 kB
storage/framework/testing/pkg05-build/assets/Index-D7lbAIr9.js                                   27.72 kB │ gzip:  10.42 kB
storage/framework/testing/pkg05-build/assets/index-D3Gcp_1s.js                                   27.81 kB │ gzip:   9.76 kB
storage/framework/testing/pkg05-build/assets/index-m6l-0jdt.js                                   27.85 kB │ gzip:   9.32 kB
storage/framework/testing/pkg05-build/assets/edit-CMRQOXu2.js                                    27.91 kB │ gzip:   9.29 kB
storage/framework/testing/pkg05-build/assets/asset-wizard-dialog-BaYOhQ42.js                     28.04 kB │ gzip:   9.40 kB
storage/framework/testing/pkg05-build/assets/smart-monitoring-yh1CgxlX.js                        28.05 kB │ gzip:   6.49 kB
storage/framework/testing/pkg05-build/assets/Index-s0Mg7Vzc.js                                   28.08 kB │ gzip:  10.40 kB
storage/framework/testing/pkg05-build/assets/index-DQT3boYO.js                                   28.25 kB │ gzip:   9.17 kB
storage/framework/testing/pkg05-build/assets/show-D2ePYy6f.js                                    28.41 kB │ gzip:   9.98 kB
storage/framework/testing/pkg05-build/assets/index-FXqMQhyn.js                                   28.52 kB │ gzip:   9.17 kB
storage/framework/testing/pkg05-build/assets/show-CySYlPYE.js                                    28.73 kB │ gzip:   8.53 kB
storage/framework/testing/pkg05-build/assets/show-Cd0VTvAw.js                                    28.74 kB │ gzip:  10.31 kB
storage/framework/testing/pkg05-build/assets/index-Cv8x2RYY.js                                   28.77 kB │ gzip:   8.65 kB
storage/framework/testing/pkg05-build/assets/_self-admin-dialogs-t8ZBhY44.js                     28.81 kB │ gzip:   9.50 kB
storage/framework/testing/pkg05-build/assets/Show-DiI-ja9E.js                                    29.01 kB │ gzip:   9.11 kB
storage/framework/testing/pkg05-build/assets/Create-BnkXi_Hv.js                                  29.07 kB │ gzip:  10.15 kB
storage/framework/testing/pkg05-build/assets/guided-round-dialog-BEEnmjzl.js                     29.15 kB │ gzip:   9.60 kB
storage/framework/testing/pkg05-build/assets/templates-B9UwEy8W.js                               29.63 kB │ gzip:  10.53 kB
storage/framework/testing/pkg05-build/assets/documents-BHLB4usF.js                               29.66 kB │ gzip:   9.21 kB
storage/framework/testing/pkg05-build/assets/_dialogs-CmxF5gmb.js                                30.04 kB │ gzip:  10.02 kB
storage/framework/testing/pkg05-build/assets/run-modal-aDahJa-1.js                               30.05 kB │ gzip:  10.27 kB
storage/framework/testing/pkg05-build/assets/page-header-D-RHVuso.js                             30.13 kB │ gzip:   9.17 kB
storage/framework/testing/pkg05-build/assets/index-DLxtcVsk.js                                   30.19 kB │ gzip:   9.92 kB
storage/framework/testing/pkg05-build/assets/procedure-detail-dialog-T-vL7fYF.js                 30.20 kB │ gzip:   9.63 kB
storage/framework/testing/pkg05-build/assets/show-BL2gHjXV.js                                    30.29 kB │ gzip:   9.82 kB
storage/framework/testing/pkg05-build/assets/_dialogs-BVOki3QW.js                                30.39 kB │ gzip:   9.20 kB
storage/framework/testing/pkg05-build/assets/Show-D6nSWTJS.js                                    30.55 kB │ gzip:  11.02 kB
storage/framework/testing/pkg05-build/assets/_dialogs-B_kpYbB2.js                                30.56 kB │ gzip:  10.94 kB
storage/framework/testing/pkg05-build/assets/Competency-DEXakugJ.js                              30.57 kB │ gzip:  10.29 kB
storage/framework/testing/pkg05-build/assets/MedicationErrors-9hrDaJOm.js                        30.83 kB │ gzip:  11.21 kB
storage/framework/testing/pkg05-build/assets/_hero-DPpgdxQ6.js                                   30.97 kB │ gzip:   9.79 kB
storage/framework/testing/pkg05-build/assets/access-enwIx7Dh.js                                  31.10 kB │ gzip:  10.21 kB
storage/framework/testing/pkg05-build/assets/_shopping-list-panel-C9hdorJv.js                    31.35 kB │ gzip:  11.01 kB
storage/framework/testing/pkg05-build/assets/index-CaoUHIYb.js                                   31.36 kB │ gzip:  10.75 kB
storage/framework/testing/pkg05-build/assets/Reviews-iWIEQVXi.js                                 31.74 kB │ gzip:  10.44 kB
storage/framework/testing/pkg05-build/assets/_dialogs-BzGvBAVo.js                                31.87 kB │ gzip:   9.50 kB
storage/framework/testing/pkg05-build/assets/_stock-dialogs-OH8g2p0e.js                          31.91 kB │ gzip:   9.55 kB
storage/framework/testing/pkg05-build/assets/notification-escalations-3SWl6kn7.js                32.13 kB │ gzip:  10.03 kB
storage/framework/testing/pkg05-build/assets/email-settings-BQmDu_va.js                          32.23 kB │ gzip:  10.33 kB
storage/framework/testing/pkg05-build/assets/access-Aq-hRSkk.js                                  32.54 kB │ gzip:  11.60 kB
storage/framework/testing/pkg05-build/assets/index-BRRSolcs.js                                   32.91 kB │ gzip:  11.96 kB
storage/framework/testing/pkg05-build/assets/_dialogs-ByoNxc1B.js                                33.24 kB │ gzip:  10.70 kB
storage/framework/testing/pkg05-build/assets/Show-CAWZXltj.js                                    33.25 kB │ gzip:  11.66 kB
storage/framework/testing/pkg05-build/assets/Show-CVYF9GiD.js                                    33.57 kB │ gzip:  11.74 kB
storage/framework/testing/pkg05-build/assets/index-D2nf44gc.js                                   33.60 kB │ gzip:  11.59 kB
storage/framework/testing/pkg05-build/assets/index-C1H54PhR.js                                   34.00 kB │ gzip:  11.62 kB
storage/framework/testing/pkg05-build/assets/index-CWIAFXbK.js                                   34.37 kB │ gzip:  12.25 kB
storage/framework/testing/pkg05-build/assets/show-VVpKey9h.js                                    34.77 kB │ gzip:  10.67 kB
storage/framework/testing/pkg05-build/assets/Destructions-BVF4Mevm.js                            34.78 kB │ gzip:  12.44 kB
storage/framework/testing/pkg05-build/assets/medical-DQuV3Wou.js                                 34.85 kB │ gzip:   7.87 kB
storage/framework/testing/pkg05-build/assets/_prescription-dialogs-byp77sTC.js                   35.13 kB │ gzip:   9.93 kB
storage/framework/testing/pkg05-build/assets/index-Dokw_CYN.js                                   35.13 kB │ gzip:  11.93 kB
storage/framework/testing/pkg05-build/assets/Index-DunZB1HR.js                                   35.24 kB │ gzip:  11.55 kB
storage/framework/testing/pkg05-build/assets/_cd-dialogs-CCOUdA4K.js                             35.36 kB │ gzip:   9.45 kB
storage/framework/testing/pkg05-build/assets/documents-Dy0XgJ2-.js                               35.50 kB │ gzip:  11.42 kB
storage/framework/testing/pkg05-build/assets/index-fT8Y_8Ez.js                                   35.80 kB │ gzip:  12.40 kB
storage/framework/testing/pkg05-build/assets/index-BmhkdbMP.js                                   36.53 kB │ gzip:  11.78 kB
storage/framework/testing/pkg05-build/assets/messages-CrQUhpNd.js                                36.59 kB │ gzip:  11.87 kB
storage/framework/testing/pkg05-build/assets/reviews-VGZsCNiy.js                                 36.75 kB │ gzip:  11.57 kB
storage/framework/testing/pkg05-build/assets/index-DxmPb9ak.js                                   37.11 kB │ gzip:  13.96 kB
storage/framework/testing/pkg05-build/assets/handover-Bml28pTI.js                                37.33 kB │ gzip:  11.82 kB
storage/framework/testing/pkg05-build/assets/Create-BVENzmln.js                                  37.34 kB │ gzip:  12.10 kB
storage/framework/testing/pkg05-build/assets/index-C8hlV0g5.js                                   37.67 kB │ gzip:  11.77 kB
storage/framework/testing/pkg05-build/assets/_inspector-DtCaUCky.js                              37.97 kB │ gzip:  11.56 kB
storage/framework/testing/pkg05-build/assets/documents-CE2A7D5S.js                               37.99 kB │ gzip:  12.58 kB
storage/framework/testing/pkg05-build/assets/Dashboard-DrITkEJc.js                               38.02 kB │ gzip:  14.31 kB
storage/framework/testing/pkg05-build/assets/index-0ftl_RBV.js                                   38.09 kB │ gzip:  14.57 kB
storage/framework/testing/pkg05-build/assets/Show-BOOrHqZs.js                                    38.10 kB │ gzip:  14.44 kB
storage/framework/testing/pkg05-build/assets/global-DvqFPxzU.js                                  38.38 kB │ gzip:  12.87 kB
storage/framework/testing/pkg05-build/assets/hazard-register-BIKnnbEG.js                         38.49 kB │ gzip:  12.71 kB
storage/framework/testing/pkg05-build/assets/Reports-CYwK7zd3.js                                 38.54 kB │ gzip:  12.93 kB
storage/framework/testing/pkg05-build/assets/Show-ClqMedjp.js                                    39.45 kB │ gzip:  11.39 kB
storage/framework/testing/pkg05-build/assets/index-DUw3IogT.js                                   39.49 kB │ gzip:  13.04 kB
storage/framework/testing/pkg05-build/assets/index-CoXVDlVl.js                                   39.96 kB │ gzip:  13.10 kB
storage/framework/testing/pkg05-build/assets/index-DjA8LMtY.js                                   40.25 kB │ gzip:  12.95 kB
storage/framework/testing/pkg05-build/assets/index-D6liUHm_.js                                   40.33 kB │ gzip:  13.84 kB
storage/framework/testing/pkg05-build/assets/case-wizards-CW57MgRD.js                            40.74 kB │ gzip:  11.64 kB
storage/framework/testing/pkg05-build/assets/compliance-wizards-BURggQmq.js                      40.85 kB │ gzip:  12.73 kB
storage/framework/testing/pkg05-build/assets/index-BywSRItl.js                                   40.87 kB │ gzip:  14.74 kB
storage/framework/testing/pkg05-build/assets/index-0GE9-LeC.js                                   40.92 kB │ gzip:  13.38 kB
storage/framework/testing/pkg05-build/assets/index-7jYbbXup.js                                   41.27 kB │ gzip:  14.36 kB
storage/framework/testing/pkg05-build/assets/_dialogs-CoqbvwD2.js                                41.37 kB │ gzip:  12.03 kB
storage/framework/testing/pkg05-build/assets/index-CCnlDslX.js                                   41.48 kB │ gzip:  14.12 kB
storage/framework/testing/pkg05-build/assets/bands-CcS-0WeZ.js                                   41.56 kB │ gzip:  14.33 kB
storage/framework/testing/pkg05-build/assets/Edit-BlEzaJbX.js                                    41.79 kB │ gzip:  13.33 kB
storage/framework/testing/pkg05-build/assets/profile-CO8q-3u3.js                                 41.91 kB │ gzip:  14.13 kB
storage/framework/testing/pkg05-build/assets/index-CTN2DucP.js                                   41.92 kB │ gzip:  15.15 kB
storage/framework/testing/pkg05-build/assets/discovery-4SNgs6gL.js                               42.52 kB │ gzip:  12.96 kB
storage/framework/testing/pkg05-build/assets/app-layout-B_PfRDu4.js                              42.65 kB │ gzip:  13.33 kB
storage/framework/testing/pkg05-build/assets/index-CotnzSCE.js                                   42.72 kB │ gzip:  13.79 kB
storage/framework/testing/pkg05-build/assets/sso-config-B2WmYW07.js                              42.75 kB │ gzip:  13.90 kB
storage/framework/testing/pkg05-build/assets/handover-wizard-ByKeSpmi.js                         43.04 kB │ gzip:  13.62 kB
storage/framework/testing/pkg05-build/assets/core.esm-D5j4X1h1.js                                43.17 kB │ gzip:  14.39 kB
storage/framework/testing/pkg05-build/assets/service-contexts-lAhqt2qc.js                        43.68 kB │ gzip:  13.98 kB
storage/framework/testing/pkg05-build/assets/_dialogs-BSaq6NCv.js                                43.77 kB │ gzip:  14.05 kB
storage/framework/testing/pkg05-build/assets/StockManagement-DSraX1Ul.js                         43.82 kB │ gzip:  13.11 kB
storage/framework/testing/pkg05-build/assets/show-Zuf-KlEY.js                                    44.20 kB │ gzip:  14.92 kB
storage/framework/testing/pkg05-build/assets/Dashboard-BV80WbgP.js                               44.21 kB │ gzip:  10.83 kB
storage/framework/testing/pkg05-build/assets/show-CJJO4Pty.js                                    44.21 kB │ gzip:  14.94 kB
storage/framework/testing/pkg05-build/assets/Index-BG_c40OH.js                                   44.22 kB │ gzip:  15.19 kB
storage/framework/testing/pkg05-build/assets/_canvas-Cpu1UIPJ.js                                 44.48 kB │ gzip:  12.88 kB
storage/framework/testing/pkg05-build/assets/branding-Ck37_CVP.js                                44.74 kB │ gzip:  13.96 kB
storage/framework/testing/pkg05-build/assets/asset-wizards-Bax4ajxW.js                           45.18 kB │ gzip:  13.10 kB
storage/framework/testing/pkg05-build/assets/AuditLog-d3bkbTNR.js                                45.26 kB │ gzip:  15.25 kB
storage/framework/testing/pkg05-build/assets/index-CT7wORg6.js                                   45.53 kB │ gzip:  12.98 kB
storage/framework/testing/pkg05-build/assets/MarCharts-DjdL9mgQ.js                               45.65 kB │ gzip:  15.79 kB
storage/framework/testing/pkg05-build/assets/Prescriptions-CUEqwUO7.js                           46.31 kB │ gzip:  14.06 kB
storage/framework/testing/pkg05-build/assets/transport-IVnpXeIs.js                               46.83 kB │ gzip:  15.79 kB
storage/framework/testing/pkg05-build/assets/incident-detail-dialog-CO4eBv_p.js                  47.33 kB │ gzip:  14.30 kB
storage/framework/testing/pkg05-build/assets/drill-detail-dialog-BvlUM2Z0.js                     47.88 kB │ gzip:  13.52 kB
storage/framework/testing/pkg05-build/assets/Rounds-BXPeCHD9.js                                  48.20 kB │ gzip:  15.15 kB
storage/framework/testing/pkg05-build/assets/incident-report-dialog-DgQFinGx.js                  48.28 kB │ gzip:  15.86 kB
storage/framework/testing/pkg05-build/assets/dashboard-B8sqGw0z.js                               48.35 kB │ gzip:  16.04 kB
storage/framework/testing/pkg05-build/assets/_dialogs-Bmqlk-eY.js                                48.54 kB │ gzip:  14.36 kB
storage/framework/testing/pkg05-build/assets/index-Pc3qx8No.js                                   48.87 kB │ gzip:  15.61 kB
storage/framework/testing/pkg05-build/assets/create-shift-dialog-Bp6pHwuk.js                     49.10 kB │ gzip:  14.24 kB
storage/framework/testing/pkg05-build/assets/index-CowDsbeN.js                                   49.25 kB │ gzip:  15.16 kB
storage/framework/testing/pkg05-build/assets/_wizard-CUz14mot.js                                 49.42 kB │ gzip:  15.34 kB
storage/framework/testing/pkg05-build/assets/welcome-BjU6C8JG.js                                 50.21 kB │ gzip:   9.57 kB
storage/framework/testing/pkg05-build/assets/index-By4J8PNk.js                                   51.04 kB │ gzip:  16.04 kB
storage/framework/testing/pkg05-build/assets/index-utecBNk7.js                                   51.78 kB │ gzip:  15.95 kB
storage/framework/testing/pkg05-build/assets/family-dashboard-BCA9Yji9.js                        51.92 kB │ gzip:  15.09 kB
storage/framework/testing/pkg05-build/assets/ra-wizard-dialog-BRob2Kmp.js                        51.97 kB │ gzip:  16.29 kB
storage/framework/testing/pkg05-build/assets/show-B0_tsruK.js                                    52.02 kB │ gzip:  17.72 kB
storage/framework/testing/pkg05-build/assets/hazard-detail-dialog-DKvdSE5S.js                    52.62 kB │ gzip:  15.18 kB
storage/framework/testing/pkg05-build/assets/show-D5tjgZ_t.js                                    52.70 kB │ gzip:  15.80 kB
storage/framework/testing/pkg05-build/assets/index-Bbw_jorq.js                                   52.85 kB │ gzip:  16.02 kB
storage/framework/testing/pkg05-build/assets/workspace-BMLJd3wq.js                               53.23 kB │ gzip:  18.68 kB
storage/framework/testing/pkg05-build/assets/settings-BPgmEp0J.js                                53.29 kB │ gzip:  15.54 kB
storage/framework/testing/pkg05-build/assets/index-DjPqtEH7.js                                   56.37 kB │ gzip:  19.08 kB
storage/framework/testing/pkg05-build/assets/Show-DjTloGtt.js                                    57.36 kB │ gzip:  17.32 kB
storage/framework/testing/pkg05-build/assets/CockpitLayout-lQNusS6j.js                           57.41 kB │ gzip:  17.88 kB
storage/framework/testing/pkg05-build/assets/device-profile-sections-D9iQuR-T.js                 58.15 kB │ gzip:  16.93 kB
storage/framework/testing/pkg05-build/assets/dashboard-Djh0CXnR.js                               58.71 kB │ gzip:  16.93 kB
storage/framework/testing/pkg05-build/assets/show-CH1Rcx4Y.js                                    59.03 kB │ gzip:  20.16 kB
storage/framework/testing/pkg05-build/assets/my-hr-shell-Dpvj5QNs.js                             59.82 kB │ gzip:  18.82 kB
storage/framework/testing/pkg05-build/assets/Index-Ccbj56qG.js                                   59.90 kB │ gzip:  19.11 kB
storage/framework/testing/pkg05-build/assets/medical-3yaMU17M.js                                 60.19 kB │ gzip:  12.05 kB
storage/framework/testing/pkg05-build/assets/_parts-8biuW2hS.js                                  60.60 kB │ gzip:  19.57 kB
storage/framework/testing/pkg05-build/assets/PrnRecords-OlD-hOUf.js                              60.70 kB │ gzip:  18.65 kB
storage/framework/testing/pkg05-build/assets/conflicts-eGnEIH5F.js                               61.18 kB │ gzip:  19.77 kB
storage/framework/testing/pkg05-build/assets/Show-B15sHlJK.js                                    62.47 kB │ gzip:  21.41 kB
storage/framework/testing/pkg05-build/assets/settings-Dg6Uq6vi.js                                63.28 kB │ gzip:  17.21 kB
storage/framework/testing/pkg05-build/assets/index-C2x1Nw9p.js                                   64.24 kB │ gzip:  19.33 kB
storage/framework/testing/pkg05-build/assets/dashboard-BQomILfS.js                               64.43 kB │ gzip:  20.34 kB
storage/framework/testing/pkg05-build/assets/data-CHKkD2aA.js                                    64.59 kB │ gzip:  13.97 kB
storage/framework/testing/pkg05-build/assets/monitoring-DuiLVQzH.js                              65.74 kB │ gzip:  19.53 kB
storage/framework/testing/pkg05-build/assets/ControlledDrugs-BcIwOjYc.js                         65.79 kB │ gzip:  20.41 kB
storage/framework/testing/pkg05-build/assets/catalog-CnCl33rz.js                                 66.71 kB │ gzip:  17.71 kB
storage/framework/testing/pkg05-build/assets/Show-Cpvt1HyK.js                                    67.26 kB │ gzip:  19.32 kB
storage/framework/testing/pkg05-build/assets/show-4LsU9Wdw.js                                    67.73 kB │ gzip:  15.08 kB
storage/framework/testing/pkg05-build/assets/show-D2W_WBnC.js                                    68.52 kB │ gzip:  20.30 kB
storage/framework/testing/pkg05-build/assets/index-UVAkZkZj.js                                   69.02 kB │ gzip:  21.43 kB
storage/framework/testing/pkg05-build/assets/index-CyYRPZdu.js                                   69.31 kB │ gzip:  21.86 kB
storage/framework/testing/pkg05-build/assets/analytics-B1m5eKbS.js                               70.58 kB │ gzip:  23.90 kB
storage/framework/testing/pkg05-build/assets/SiteCalendar-5JeBq6C7.js                            71.76 kB │ gzip:  22.71 kB
storage/framework/testing/pkg05-build/assets/concern-dialog-DnIgqOqP.js                          72.32 kB │ gzip:  20.08 kB
storage/framework/testing/pkg05-build/assets/legacy-profile-sections-C5gtztsJ.js                 72.99 kB │ gzip:  19.50 kB
storage/framework/testing/pkg05-build/assets/show-BxdT3TWw.js                                    74.24 kB │ gzip:  23.08 kB
storage/framework/testing/pkg05-build/assets/show-CWg03S5e.js                                    75.58 kB │ gzip:  23.58 kB
storage/framework/testing/pkg05-build/assets/index-DTskhzTp.js                                   77.37 kB │ gzip:  22.54 kB
storage/framework/testing/pkg05-build/assets/_calendar-grid-D6jUGONW.js                          77.48 kB │ gzip:  22.96 kB
storage/framework/testing/pkg05-build/assets/index-lRJgh25A.js                                   78.23 kB │ gzip:  23.81 kB
storage/framework/testing/pkg05-build/assets/index-B5jHl5BS.js                                   80.55 kB │ gzip:  23.34 kB
storage/framework/testing/pkg05-build/assets/index-KTGGEj84.js                                   81.63 kB │ gzip:  24.47 kB
storage/framework/testing/pkg05-build/assets/_create-dialog-BtR48gNj.js                          81.96 kB │ gzip:  27.50 kB
storage/framework/testing/pkg05-build/assets/index-XS9zcpwS.js                                   83.71 kB │ gzip:  27.21 kB
storage/framework/testing/pkg05-build/assets/index-CaJD9j02.js                                   86.90 kB │ gzip:  24.95 kB
storage/framework/testing/pkg05-build/assets/Index-DLWwAfTD.js                                   88.72 kB │ gzip:  26.79 kB
storage/framework/testing/pkg05-build/assets/index-CAq-ZcTh.js                                   88.73 kB │ gzip:  27.27 kB
storage/framework/testing/pkg05-build/assets/staff-page-shell-8dk7ht9o.js                        91.49 kB │ gzip:  27.11 kB
storage/framework/testing/pkg05-build/assets/index-DipOBK6I.js                                   94.91 kB │ gzip:  28.20 kB
storage/framework/testing/pkg05-build/assets/show-DUmrN2D7.js                                    99.21 kB │ gzip:  25.79 kB
storage/framework/testing/pkg05-build/assets/ticket-intake-fields-Cxj43h2a.js                   102.61 kB │ gzip:  30.27 kB
storage/framework/testing/pkg05-build/assets/index-DCg7uH8N.js                                  103.36 kB │ gzip:  31.10 kB
storage/framework/testing/pkg05-build/assets/index-DCp-8HXp.js                                  104.00 kB │ gzip:  31.58 kB
storage/framework/testing/pkg05-build/assets/index-D9qmOtrN.js                                  107.42 kB │ gzip:  31.44 kB
storage/framework/testing/pkg05-build/assets/queclink-hub-Dv1OkB6O.js                           109.74 kB │ gzip:  33.65 kB
storage/framework/testing/pkg05-build/assets/it-wizards-B7Ypl0yG.js                             111.72 kB │ gzip:  35.88 kB
storage/framework/testing/pkg05-build/assets/index-C9_1pcWS.js                                  111.88 kB │ gzip:  30.53 kB
storage/framework/testing/pkg05-build/assets/workspace-Cyg3EDyE.js                              128.30 kB │ gzip:  38.70 kB
storage/framework/testing/pkg05-build/assets/ticket-reopen-dialog-BEhjc416.js                   145.73 kB │ gzip:  46.13 kB
storage/framework/testing/pkg05-build/assets/event-detail-dialog-W-kOGFw-.js                    148.01 kB │ gzip:  38.86 kB
storage/framework/testing/pkg05-build/assets/vendor-maps-CTUbLoeq.js                            149.92 kB │ gzip:  43.49 kB
storage/framework/testing/pkg05-build/assets/index-uFzk6QKH.js                                  155.95 kB │ gzip:  42.59 kB
storage/framework/testing/pkg05-build/assets/index-BReIwkG7.js                                  156.17 kB │ gzip:  45.39 kB
storage/framework/testing/pkg05-build/assets/alert-workspace-dialog-CT8oJps5.js                 158.46 kB │ gzip:  44.47 kB
storage/framework/testing/pkg05-build/assets/index-DJRizygG.js                                  159.62 kB │ gzip:  45.13 kB
storage/framework/testing/pkg05-build/assets/knowledge-revision-dialog-B7VAWQ0q.js              177.56 kB │ gzip:  49.73 kB
storage/framework/testing/pkg05-build/assets/vendor-react-C99fm9h8.js                           193.87 kB │ gzip:  60.86 kB
storage/framework/testing/pkg05-build/assets/vendor-inertia-L00mYErJ.js                         195.04 kB │ gzip:  65.83 kB
storage/framework/testing/pkg05-build/assets/category-7iedgM2o.js                               206.54 kB │ gzip:  51.96 kB
storage/framework/testing/pkg05-build/assets/index-Ctl6i3Qd.js                                  215.04 kB │ gzip:  68.40 kB
storage/framework/testing/pkg05-build/assets/index-DHuRM9P-.js                                  236.35 kB │ gzip:  70.78 kB
storage/framework/testing/pkg05-build/assets/vendor-calendar-NWT3TLWG.js                        267.92 kB │ gzip:  79.12 kB
storage/framework/testing/pkg05-build/assets/vendor-ui-BuO1Y5tc.js                              276.38 kB │ gzip:  76.83 kB
storage/framework/testing/pkg05-build/assets/index-UChdWpES.js                                  317.39 kB │ gzip:  88.17 kB
storage/framework/testing/pkg05-build/assets/show-C9HcCJAb.js                                   328.56 kB │ gzip:  98.18 kB
storage/framework/testing/pkg05-build/assets/show-BWVDuOUf.js                                   348.33 kB │ gzip:  98.17 kB
storage/framework/testing/pkg05-build/assets/vendor-charts-DT3hslkE.js                          398.58 kB │ gzip: 115.53 kB
storage/framework/testing/pkg05-build/assets/app-Bja7Rq1i.js                                    514.22 kB │ gzip:  83.09 kB
storage/framework/testing/pkg05-build/assets/show-Co7CtyXL.js                                   772.65 kB │ gzip: 248.11 kB

(!) Some chunks are larger than 500 kB after minification. Consider:
- Using dynamic import() to code-split the application
- Use build.rollupOptions.output.manualChunks to improve chunking: https://rollupjs.org/configuration-options/#output-manualchunks
- Adjust chunk size limit for this warning via build.chunkSizeWarningLimit.
✓ built in 7m 8s
