
> build
> vite build --outDir storage/framework/testing/pkg05-build

vite v7.3.6 building client environment for production...
[plugin @laravel/vite-plugin-wayfinder] Types generated for actions, routes, form variants
transforming...
✓ 5375 modules transformed.
rendering chunks...
computing gzip size...
storage/framework/testing/pkg05-build/assets/layers-BWBAp2CZ.png                                  0.70 kB
storage/framework/testing/pkg05-build/assets/layers-2x-Bpkbi35X.png                               1.26 kB
storage/framework/testing/pkg05-build/assets/marker-icon-hN30_KVU.png                             1.47 kB
storage/framework/testing/pkg05-build/manifest.json                                           3,764.87 kB │ gzip: 202.87 kB
storage/framework/testing/pkg05-build/assets/show-BlsQFc8X.css                                    0.96 kB │ gzip:   0.38 kB
storage/framework/testing/pkg05-build/assets/transport-HC5KKNJu.css                               9.01 kB │ gzip:   2.17 kB
storage/framework/testing/pkg05-build/assets/vendor-maps-CLLlcC51.css                            11.08 kB │ gzip:   2.73 kB
storage/framework/testing/pkg05-build/assets/knowledge-revision-dialog-D-juoI1B.css              12.92 kB │ gzip:   3.14 kB
storage/framework/testing/pkg05-build/assets/location-workspace-BnCaAc4S.css                     16.92 kB │ gzip:   3.64 kB
storage/framework/testing/pkg05-build/assets/dashboard-CynApWYI.css                              25.76 kB │ gzip:   4.58 kB
storage/framework/testing/pkg05-build/assets/show-ugW-UKTR.css                                  117.68 kB │ gzip:  17.18 kB
storage/framework/testing/pkg05-build/assets/app-ChSRoCHB.css                                   441.99 kB │ gzip:  56.38 kB
storage/framework/testing/pkg05-build/assets/my-hr-utils-fLvKAKV1.js                              0.07 kB │ gzip:   0.09 kB
storage/framework/testing/pkg05-build/assets/avatar-hue-BThxaYxR.js                               0.10 kB │ gzip:   0.11 kB
storage/framework/testing/pkg05-build/assets/_announcer-cvXWdNAc.js                               0.12 kB │ gzip:   0.12 kB
storage/framework/testing/pkg05-build/assets/minus-D7VylxAa.js                                    0.12 kB │ gzip:   0.13 kB
storage/framework/testing/pkg05-build/assets/check-a9zjlGvC.js                                    0.12 kB │ gzip:   0.14 kB
storage/framework/testing/pkg05-build/assets/circle-BZf9prt4.js                                   0.12 kB │ gzip:   0.13 kB
storage/framework/testing/pkg05-build/assets/chevron-down-DjBVnxyM.js                             0.13 kB │ gzip:   0.14 kB
storage/framework/testing/pkg05-build/assets/chevron-up-ZFDWutJO.js                               0.13 kB │ gzip:   0.14 kB
storage/framework/testing/pkg05-build/assets/chevron-left-rDzcyQK8.js                             0.13 kB │ gzip:   0.14 kB
storage/framework/testing/pkg05-build/assets/chevron-right-DxJNlgXO.js                            0.13 kB │ gzip:   0.14 kB
storage/framework/testing/pkg05-build/assets/play-Clvm68u1.js                                     0.13 kB │ gzip:   0.15 kB
storage/framework/testing/pkg05-build/assets/moon-PcepZFwJ.js                                     0.14 kB │ gzip:   0.15 kB
storage/framework/testing/pkg05-build/assets/loader-circle-D4PLXb8M.js                            0.14 kB │ gzip:   0.15 kB
storage/framework/testing/pkg05-build/assets/square-CkJnJOJO.js                                   0.15 kB │ gzip:   0.15 kB
storage/framework/testing/pkg05-build/assets/message-circle-Bwk6ZK1d.js                           0.15 kB │ gzip:   0.16 kB
storage/framework/testing/pkg05-build/assets/navigation-RjXdUtJZ.js                               0.15 kB │ gzip:   0.15 kB
storage/framework/testing/pkg05-build/assets/staff-creation-workflow-D6SGmEbz.js                  0.15 kB │ gzip:   0.13 kB
storage/framework/testing/pkg05-build/assets/plus-OhBqe9qp.js                                     0.15 kB │ gzip:   0.15 kB
storage/framework/testing/pkg05-build/assets/x-DalUai02.js                                        0.15 kB │ gzip:   0.15 kB
storage/framework/testing/pkg05-build/assets/thermometer-D7eKUGjo.js                              0.16 kB │ gzip:   0.16 kB
storage/framework/testing/pkg05-build/assets/filter-9mzmiMvD.js                                   0.16 kB │ gzip:   0.16 kB
storage/framework/testing/pkg05-build/assets/bookmark-DR1bj6ie.js                                 0.16 kB │ gzip:   0.16 kB
storage/framework/testing/pkg05-build/assets/arrow-left-8Gj87Goz.js                               0.16 kB │ gzip:   0.16 kB
storage/framework/testing/pkg05-build/assets/arrow-right-DRr3UnZi.js                              0.16 kB │ gzip:   0.16 kB
storage/framework/testing/pkg05-build/assets/arrow-up-right-CDkj3u4s.js                           0.16 kB │ gzip:   0.15 kB
storage/framework/testing/pkg05-build/assets/circle-minus-CpnI3XRy.js                             0.17 kB │ gzip:   0.16 kB
storage/framework/testing/pkg05-build/assets/search-DUPWxdVw.js                                   0.17 kB │ gzip:   0.16 kB
storage/framework/testing/pkg05-build/assets/move-right-C3DVTQZz.js                               0.17 kB │ gzip:   0.16 kB
storage/framework/testing/pkg05-build/assets/ban-E3BQX3Lq.js                                      0.17 kB │ gzip:   0.16 kB
storage/framework/testing/pkg05-build/assets/circle-check--hf3F4zL.js                             0.17 kB │ gzip:   0.17 kB
storage/framework/testing/pkg05-build/assets/chevrons-up-down-CU5kK93o.js                         0.17 kB │ gzip:   0.16 kB
storage/framework/testing/pkg05-build/assets/power-BF2A6ekm.js                                    0.17 kB │ gzip:   0.17 kB
storage/framework/testing/pkg05-build/assets/user-round-CQpnyPVs.js                               0.18 kB │ gzip:   0.17 kB
storage/framework/testing/pkg05-build/assets/gauge-Do5Q0GCp.js                                    0.18 kB │ gzip:   0.17 kB
storage/framework/testing/pkg05-build/assets/circle-dot-Gtsi-rjD.js                               0.18 kB │ gzip:   0.15 kB
storage/framework/testing/pkg05-build/assets/clock-Wp4bngea.js                                    0.18 kB │ gzip:   0.17 kB
storage/framework/testing/pkg05-build/assets/message-square-CyMud1da.js                           0.18 kB │ gzip:   0.17 kB
storage/framework/testing/pkg05-build/assets/check-check-B2TS6B_M.js                              0.18 kB │ gzip:   0.17 kB
storage/framework/testing/pkg05-build/assets/clock-3-Dggu4Q9n.js                                  0.18 kB │ gzip:   0.17 kB
storage/framework/testing/pkg05-build/assets/chart-line-DSwBZNYd.js                               0.18 kB │ gzip:   0.17 kB
storage/framework/testing/pkg05-build/assets/circle-slash-CI4u7hve.js                             0.18 kB │ gzip:   0.17 kB
storage/framework/testing/pkg05-build/assets/reply-CwaLpbiZ.js                                    0.18 kB │ gzip:   0.18 kB
storage/framework/testing/pkg05-build/assets/circle-check-big-DU1O4bJV.js                         0.19 kB │ gzip:   0.18 kB
storage/framework/testing/pkg05-build/assets/circle-play-Dus7yMVY.js                              0.19 kB │ gzip:   0.17 kB
storage/framework/testing/pkg05-build/assets/user-BPjXq-eh.js                                     0.19 kB │ gzip:   0.18 kB
storage/framework/testing/pkg05-build/assets/megaphone-Cr_Mj9eB.js                                0.19 kB │ gzip:   0.18 kB
storage/framework/testing/pkg05-build/assets/skip-forward-DemT2M8t.js                             0.20 kB │ gzip:   0.18 kB
storage/framework/testing/pkg05-build/assets/smartphone-aBpVC-jq.js                               0.20 kB │ gzip:   0.18 kB
storage/framework/testing/pkg05-build/assets/info-CTBOEIM5.js                                     0.20 kB │ gzip:   0.18 kB
storage/framework/testing/pkg05-build/assets/rotate-ccw-0opP_lb1.js                               0.20 kB │ gzip:   0.18 kB
storage/framework/testing/pkg05-build/assets/rotate-cw-BV1v7bmg.js                                0.20 kB │ gzip:   0.18 kB
storage/framework/testing/pkg05-build/assets/lock-DguHno__.js                                     0.20 kB │ gzip:   0.19 kB
storage/framework/testing/pkg05-build/assets/circle-x-DgwxAF3K.js                                 0.20 kB │ gzip:   0.17 kB
storage/framework/testing/pkg05-build/assets/circle-plus-DeGFGrJL.js                              0.20 kB │ gzip:   0.18 kB
storage/framework/testing/pkg05-build/assets/chart-palette-BuldC4kO.js                            0.20 kB │ gzip:   0.13 kB
storage/framework/testing/pkg05-build/assets/trending-up-CSljjJXJ.js                              0.20 kB │ gzip:   0.18 kB
storage/framework/testing/pkg05-build/assets/utils-COkJOzsg.js                                    0.20 kB │ gzip:   0.16 kB
storage/framework/testing/pkg05-build/assets/credit-card-DvAdabCD.js                              0.21 kB │ gzip:   0.19 kB
storage/framework/testing/pkg05-build/assets/arrow-up-from-line-CCVOJEVR.js                       0.21 kB │ gzip:   0.18 kB
storage/framework/testing/pkg05-build/assets/arrow-down-to-line-C2A1sVWx.js                       0.21 kB │ gzip:   0.18 kB
storage/framework/testing/pkg05-build/assets/redo-2-DW7ge56W.js                                   0.21 kB │ gzip:   0.18 kB
storage/framework/testing/pkg05-build/assets/trending-down-DkDGylCb.js                            0.21 kB │ gzip:   0.18 kB
storage/framework/testing/pkg05-build/assets/undo-2-DStP2d1l.js                                   0.21 kB │ gzip:   0.18 kB
storage/framework/testing/pkg05-build/assets/droplet-C2lQBuCU.js                                  0.21 kB │ gzip:   0.19 kB
storage/framework/testing/pkg05-build/assets/lock-open-BZXuYRPz.js                                0.21 kB │ gzip:   0.19 kB
storage/framework/testing/pkg05-build/assets/mail-CYkTO1Ga.js                                     0.21 kB │ gzip:   0.20 kB
storage/framework/testing/pkg05-build/assets/it-module-shell-Cq8Pndvb.js                          0.21 kB │ gzip:   0.19 kB
storage/framework/testing/pkg05-build/assets/battery-BiM-2Mka.js                                  0.21 kB │ gzip:   0.18 kB
storage/framework/testing/pkg05-build/assets/pause-DAefT5VZ.js                                    0.21 kB │ gzip:   0.17 kB
storage/framework/testing/pkg05-build/assets/circle-arrow-up-EswG_4_M.js                          0.21 kB │ gzip:   0.19 kB
storage/framework/testing/pkg05-build/assets/circle-arrow-down-xr8ZFTWf.js                        0.21 kB │ gzip:   0.19 kB
storage/framework/testing/pkg05-build/assets/pill-JtUi87yT.js                                     0.21 kB │ gzip:   0.18 kB
storage/framework/testing/pkg05-build/assets/table-2-D7Ku7FWW.js                                  0.21 kB │ gzip:   0.18 kB
storage/framework/testing/pkg05-build/assets/site-profile-dialog-host-BH_OdoAm.js                 0.21 kB │ gzip:   0.19 kB
storage/framework/testing/pkg05-build/assets/dollar-sign-6FZkxNZ8.js                              0.22 kB │ gzip:   0.19 kB
storage/framework/testing/pkg05-build/assets/file-DXgWG83n.js                                     0.22 kB │ gzip:   0.18 kB
storage/framework/testing/pkg05-build/assets/laptop-BumIdr7w.js                                   0.22 kB │ gzip:   0.19 kB
storage/framework/testing/pkg05-build/assets/flag-DsfV-1BS.js                                     0.22 kB │ gzip:   0.20 kB
storage/framework/testing/pkg05-build/assets/rows-3-DBMzQ4Xb.js                                   0.22 kB │ gzip:   0.18 kB
storage/framework/testing/pkg05-build/assets/rss-Ch9ifN9-.js                                      0.22 kB │ gzip:   0.19 kB
storage/framework/testing/pkg05-build/assets/briefcase-ClRIioTq.js                                0.22 kB │ gzip:   0.20 kB
storage/framework/testing/pkg05-build/assets/ellipsis-47VKeHfk.js                                 0.22 kB │ gzip:   0.16 kB
storage/framework/testing/pkg05-build/assets/target-CoTL0inm.js                                   0.22 kB │ gzip:   0.16 kB
storage/framework/testing/pkg05-build/assets/columns-3-CkL1K-_a.js                                0.22 kB │ gzip:   0.19 kB
storage/framework/testing/pkg05-build/assets/git-merge-rVGqETI6.js                                0.22 kB │ gzip:   0.19 kB
storage/framework/testing/pkg05-build/assets/square-check-big-D0IDSBn9.js                         0.22 kB │ gzip:   0.19 kB
storage/framework/testing/pkg05-build/assets/sticky-note-DMb3jvnk.js                              0.22 kB │ gzip:   0.18 kB
storage/framework/testing/pkg05-build/assets/folder-B63VMvWl.js                                   0.23 kB │ gzip:   0.19 kB
storage/framework/testing/pkg05-build/assets/ellipsis-vertical-DFA8dxOM.js                        0.23 kB │ gzip:   0.17 kB
storage/framework/testing/pkg05-build/assets/vote-Bc3pfhRV.js                                     0.23 kB │ gzip:   0.19 kB
storage/framework/testing/pkg05-build/assets/copy-B8V_HH8W.js                                     0.23 kB │ gzip:   0.21 kB
storage/framework/testing/pkg05-build/assets/door-closed-BzNEZ8Uz.js                              0.23 kB │ gzip:   0.19 kB
storage/framework/testing/pkg05-build/assets/user-round-check--bJ4X-kj.js                         0.23 kB │ gzip:   0.21 kB
storage/framework/testing/pkg05-build/assets/circle-user-round-DxCkZIgA.js                        0.23 kB │ gzip:   0.19 kB
storage/framework/testing/pkg05-build/assets/circle-help-BJW69vV7.js                              0.23 kB │ gzip:   0.20 kB
storage/framework/testing/pkg05-build/assets/ear-CDnbQHC6.js                                      0.23 kB │ gzip:   0.19 kB
storage/framework/testing/pkg05-build/assets/activity-Cxtze3nQ.js                                 0.23 kB │ gzip:   0.20 kB
storage/framework/testing/pkg05-build/assets/pen-BCjtJL6c.js                                      0.23 kB │ gzip:   0.20 kB
storage/framework/testing/pkg05-build/assets/history-DJ6hLpIi.js                                  0.24 kB │ gzip:   0.20 kB
storage/framework/testing/pkg05-build/assets/globe-BHWBQoom.js                                    0.24 kB │ gzip:   0.19 kB
storage/framework/testing/pkg05-build/assets/timer-DCETFA3J.js                                    0.24 kB │ gzip:   0.19 kB
storage/framework/testing/pkg05-build/assets/banknote-maH2x5kV.js                                 0.24 kB │ gzip:   0.21 kB
storage/framework/testing/pkg05-build/assets/heart-CW8CoZbc.js                                    0.24 kB │ gzip:   0.21 kB
storage/framework/testing/pkg05-build/assets/link-2-CER8GPqw.js                                   0.24 kB │ gzip:   0.21 kB
storage/framework/testing/pkg05-build/assets/menu-CoAMeIMD.js                                     0.24 kB │ gzip:   0.17 kB
storage/framework/testing/pkg05-build/assets/database-By5lLFrX.js                                 0.24 kB │ gzip:   0.20 kB
storage/framework/testing/pkg05-build/assets/arrow-down-up-CZx9pQ8H.js                            0.24 kB │ gzip:   0.19 kB
storage/framework/testing/pkg05-build/assets/type-g7EfHjYj.js                                     0.24 kB │ gzip:   0.19 kB
storage/framework/testing/pkg05-build/assets/circle-pause-o4tq8Bg_.js                             0.24 kB │ gzip:   0.18 kB
storage/framework/testing/pkg05-build/assets/arrow-left-right-CtpWMjxx.js                         0.25 kB │ gzip:   0.20 kB
storage/framework/testing/pkg05-build/assets/compass-PcQbaUat.js                                  0.25 kB │ gzip:   0.20 kB
storage/framework/testing/pkg05-build/assets/arrow-right-left-BoZA_0lq.js                         0.25 kB │ gzip:   0.19 kB
storage/framework/testing/pkg05-build/assets/book-marked-C7Gtna5J.js                              0.25 kB │ gzip:   0.20 kB
storage/framework/testing/pkg05-build/assets/settings-2-CARA7hGg.js                               0.25 kB │ gzip:   0.19 kB
storage/framework/testing/pkg05-build/assets/users-round-CpWM-NCL.js                              0.25 kB │ gzip:   0.22 kB
storage/framework/testing/pkg05-build/assets/camera-CDO16TbW.js                                   0.25 kB │ gzip:   0.21 kB
storage/framework/testing/pkg05-build/assets/file-warning-BdJN9KUd.js                             0.25 kB │ gzip:   0.19 kB
storage/framework/testing/pkg05-build/assets/video-nCGfWkgh.js                                    0.25 kB │ gzip:   0.21 kB
storage/framework/testing/pkg05-build/assets/route-B6-yvNp3.js                                    0.25 kB │ gzip:   0.20 kB
storage/framework/testing/pkg05-build/assets/circle-alert-kj3yvF-E.js                             0.25 kB │ gzip:   0.19 kB
storage/framework/testing/pkg05-build/assets/mouse-pointer-2-DVIuaz3N.js                          0.25 kB │ gzip:   0.22 kB
storage/framework/testing/pkg05-build/assets/chart-column-Dj7H5dbt.js                             0.25 kB │ gzip:   0.19 kB
storage/framework/testing/pkg05-build/assets/external-link-CImA8Rgj.js                            0.25 kB │ gzip:   0.20 kB
storage/framework/testing/pkg05-build/assets/cloud-upload-DWSo2qeL.js                             0.25 kB │ gzip:   0.21 kB
storage/framework/testing/pkg05-build/assets/shopping-bag-DTF0iWFF.js                             0.25 kB │ gzip:   0.20 kB
storage/framework/testing/pkg05-build/assets/pentagon-m1VDD0j3.js                                 0.25 kB │ gzip:   0.20 kB
storage/framework/testing/pkg05-build/assets/eye-BVdHw-9H.js                                      0.25 kB │ gzip:   0.20 kB
storage/framework/testing/pkg05-build/assets/user-check-1ZKLPARv.js                               0.25 kB │ gzip:   0.22 kB
storage/framework/testing/pkg05-build/assets/map-pin-BEFVMMGc.js                                  0.25 kB │ gzip:   0.22 kB
storage/framework/testing/pkg05-build/assets/archive-ChGbT6Le.js                                  0.25 kB │ gzip:   0.21 kB
storage/framework/testing/pkg05-build/assets/lock-keyhole-Dg1qrQTg.js                             0.25 kB │ gzip:   0.22 kB
storage/framework/testing/pkg05-build/assets/message-square-plus-DJoGhX1B.js                      0.25 kB │ gzip:   0.20 kB
storage/framework/testing/pkg05-build/assets/circle-user-UvHSGhTT.js                              0.25 kB │ gzip:   0.20 kB
storage/framework/testing/pkg05-build/assets/message-square-text-Byygh1ST.js                      0.25 kB │ gzip:   0.20 kB
storage/framework/testing/pkg05-build/assets/user-minus-bPcuiTdw.js                               0.25 kB │ gzip:   0.22 kB
storage/framework/testing/pkg05-build/assets/file-check-2-CgJ9cW1f.js                             0.25 kB │ gzip:   0.20 kB
storage/framework/testing/pkg05-build/assets/messages-square-CpRn5zFn.js                          0.25 kB │ gzip:   0.20 kB
storage/framework/testing/pkg05-build/assets/link-CDzXLEn1.js                                     0.26 kB │ gzip:   0.19 kB
storage/framework/testing/pkg05-build/assets/hr-hero-BQUCvrWb.js                                  0.26 kB │ gzip:   0.22 kB
storage/framework/testing/pkg05-build/assets/wrench-BYMqeY-x.js                                   0.26 kB │ gzip:   0.20 kB
storage/framework/testing/pkg05-build/assets/upload-BHknE4X8.js                                   0.26 kB │ gzip:   0.22 kB
storage/framework/testing/pkg05-build/assets/calendar-OPImRDJD.js                                 0.26 kB │ gzip:   0.20 kB
storage/framework/testing/pkg05-build/assets/log-out-DxVs9K5Y.js                                  0.26 kB │ gzip:   0.22 kB
storage/framework/testing/pkg05-build/assets/ticket-check-CV4g9k2i.js                             0.26 kB │ gzip:   0.20 kB
storage/framework/testing/pkg05-build/assets/log-in-iIZsbee1.js                                   0.26 kB │ gzip:   0.22 kB
storage/framework/testing/pkg05-build/assets/file-minus-C9jAR91A.js                               0.26 kB │ gzip:   0.19 kB
storage/framework/testing/pkg05-build/assets/key-DCT10xgg.js                                      0.26 kB │ gzip:   0.22 kB
storage/framework/testing/pkg05-build/assets/monitor-aE4PL69m.js                                  0.26 kB │ gzip:   0.20 kB
storage/framework/testing/pkg05-build/assets/message-square-warning-BksI5PLh.js                   0.26 kB │ gzip:   0.20 kB
storage/framework/testing/pkg05-build/assets/utensils-DWLXvKgQ.js                                 0.26 kB │ gzip:   0.20 kB
storage/framework/testing/pkg05-build/assets/download-CFY5HOjO.js                                 0.26 kB │ gzip:   0.22 kB
storage/framework/testing/pkg05-build/assets/zap-l4LMTHEs.js                                      0.26 kB │ gzip:   0.21 kB
storage/framework/testing/pkg05-build/assets/triangle-alert-CzJ8x2Y2.js                           0.26 kB │ gzip:   0.21 kB
storage/framework/testing/pkg05-build/assets/leaf-Bl4m5qLj.js                                     0.26 kB │ gzip:   0.22 kB
storage/framework/testing/pkg05-build/assets/file-check-rwuvZ_vG.js                               0.26 kB │ gzip:   0.20 kB
storage/framework/testing/pkg05-build/assets/workflow-DSZyGB9E.js                                 0.26 kB │ gzip:   0.20 kB
storage/framework/testing/pkg05-build/assets/mic-DZWrt85g.js                                      0.26 kB │ gzip:   0.21 kB
storage/framework/testing/pkg05-build/assets/shield-DDm1iQv0.js                                   0.27 kB │ gzip:   0.22 kB
storage/framework/testing/pkg05-build/assets/list-plus-i48n3I1-.js                                0.27 kB │ gzip:   0.19 kB
storage/framework/testing/pkg05-build/assets/battery-low-NairKBm_.js                              0.27 kB │ gzip:   0.21 kB
storage/framework/testing/pkg05-build/assets/timer-reset-BMM2CKFg.js                              0.27 kB │ gzip:   0.21 kB
storage/framework/testing/pkg05-build/assets/award-DRmCmKm4.js                                    0.27 kB │ gzip:   0.22 kB
storage/framework/testing/pkg05-build/assets/eraser-BMF0PDns.js                                   0.27 kB │ gzip:   0.22 kB
storage/framework/testing/pkg05-build/assets/image-rigsML98.js                                    0.27 kB │ gzip:   0.22 kB
storage/framework/testing/pkg05-build/assets/repeat-CkBrvc2v.js                                   0.27 kB │ gzip:   0.20 kB
storage/framework/testing/pkg05-build/assets/arrow-up-dD2ADi8i.js                                 0.27 kB │ gzip:   0.20 kB
storage/framework/testing/pkg05-build/assets/flame-WDVpRw61.js                                    0.27 kB │ gzip:   0.22 kB
storage/framework/testing/pkg05-build/assets/git-branch-BPOqVw1T.js                               0.27 kB │ gzip:   0.22 kB
storage/framework/testing/pkg05-build/assets/pencil-Du1jRT00.js                                   0.28 kB │ gzip:   0.22 kB
storage/framework/testing/pkg05-build/assets/pen-line-DR15ynDa.js                                 0.28 kB │ gzip:   0.23 kB
storage/framework/testing/pkg05-build/assets/list-checks-uYrXTBrI.js                              0.28 kB │ gzip:   0.18 kB
storage/framework/testing/pkg05-build/assets/book-open-DOlvNEJW.js                                0.28 kB │ gzip:   0.20 kB
storage/framework/testing/pkg05-build/assets/file-diff-CwZcjVhs.js                                0.28 kB │ gzip:   0.20 kB
storage/framework/testing/pkg05-build/assets/wifi-BxBUvOJj.js                                     0.28 kB │ gzip:   0.20 kB
storage/framework/testing/pkg05-build/assets/lightbulb-DpNS-so9.js                                0.28 kB │ gzip:   0.22 kB
storage/framework/testing/pkg05-build/assets/file-plus-2-BknF5XLM.js                              0.28 kB │ gzip:   0.21 kB
storage/framework/testing/pkg05-build/assets/layout-template-BIRk8KVj.js                          0.28 kB │ gzip:   0.19 kB
storage/framework/testing/pkg05-build/assets/inbox-Dkf9kfim.js                                    0.29 kB │ gzip:   0.23 kB
storage/framework/testing/pkg05-build/assets/wallet-D916JJa4.js                                   0.29 kB │ gzip:   0.21 kB
storage/framework/testing/pkg05-build/assets/shopping-cart-lKHLOpAz.js                            0.29 kB │ gzip:   0.23 kB
storage/framework/testing/pkg05-build/assets/shirt-a7OEeKNQ.js                                    0.29 kB │ gzip:   0.23 kB
storage/framework/testing/pkg05-build/assets/files-BsvgZ9XE.js                                    0.29 kB │ gzip:   0.21 kB
storage/framework/testing/pkg05-build/assets/house-DsK_5Nbt.js                                    0.29 kB │ gzip:   0.22 kB
storage/framework/testing/pkg05-build/assets/bell-BNErcWPU.js                                     0.29 kB │ gzip:   0.24 kB
storage/framework/testing/pkg05-build/assets/use-initials-U-N8N3-N.js                             0.29 kB │ gzip:   0.20 kB
storage/framework/testing/pkg05-build/assets/send-DMVailGB.js                                     0.29 kB │ gzip:   0.23 kB
storage/framework/testing/pkg05-build/assets/folder-open-Bl2psp-G.js                              0.29 kB │ gzip:   0.22 kB
storage/framework/testing/pkg05-build/assets/receipt-CcuEffwV.js                                  0.29 kB │ gzip:   0.21 kB
storage/framework/testing/pkg05-build/assets/governance-permissions-oQG3y2Ya.js                   0.29 kB │ gzip:   0.19 kB
storage/framework/testing/pkg05-build/assets/link-2-off-CEEk0OFf.js                               0.29 kB │ gzip:   0.22 kB
storage/framework/testing/pkg05-build/assets/smile-gDOzttZl.js                                    0.29 kB │ gzip:   0.22 kB
storage/framework/testing/pkg05-build/assets/grid-3x3-UYgyk2nh.js                                 0.29 kB │ gzip:   0.21 kB
storage/framework/testing/pkg05-build/assets/bed-double-COG-uZAB.js                               0.30 kB │ gzip:   0.21 kB
storage/framework/testing/pkg05-build/assets/heart-crack-CNqw3ih2.js                              0.30 kB │ gzip:   0.24 kB
storage/framework/testing/pkg05-build/assets/hash-EZhYLyJt.js                                     0.30 kB │ gzip:   0.19 kB
storage/framework/testing/pkg05-build/assets/receipt-text-BrdUjMCy.js                             0.30 kB │ gzip:   0.20 kB
storage/framework/testing/pkg05-build/assets/maximize-2-BcLkC2mT.js                               0.30 kB │ gzip:   0.21 kB
storage/framework/testing/pkg05-build/assets/list-todo-ClSj65Rj.js                                0.30 kB │ gzip:   0.22 kB
storage/framework/testing/pkg05-build/assets/paperclip-BfR1BKUE.js                                0.30 kB │ gzip:   0.23 kB
storage/framework/testing/pkg05-build/assets/file-up-BBGx0TrE.js                                  0.30 kB │ gzip:   0.21 kB
storage/framework/testing/pkg05-build/assets/gavel-nWFyAy9r.js                                    0.30 kB │ gzip:   0.22 kB
storage/framework/testing/pkg05-build/assets/flask-conical-CIHXjsws.js                            0.30 kB │ gzip:   0.23 kB
storage/framework/testing/pkg05-build/assets/thumbs-up-DVaL-T6W.js                                0.30 kB │ gzip:   0.24 kB
storage/framework/testing/pkg05-build/assets/list-KiDnvsr6.js                                     0.30 kB │ gzip:   0.18 kB
storage/framework/testing/pkg05-build/assets/file-down-C36oEDng.js                                0.30 kB │ gzip:   0.22 kB
storage/framework/testing/pkg05-build/assets/thumbs-down-Co-KQ-cu.js                              0.30 kB │ gzip:   0.24 kB
storage/framework/testing/pkg05-build/assets/minimize-2-v0zJAigY.js                               0.30 kB │ gzip:   0.21 kB
storage/framework/testing/pkg05-build/assets/clipboard-check-B226y_X1.js                          0.30 kB │ gzip:   0.23 kB
storage/framework/testing/pkg05-build/assets/file-clock-D31I2_dm.js                               0.30 kB │ gzip:   0.23 kB
storage/framework/testing/pkg05-build/assets/users-CX3wxm0Y.js                                    0.30 kB │ gzip:   0.23 kB
storage/framework/testing/pkg05-build/assets/calendar-check-BJ3du8HB.js                           0.30 kB │ gzip:   0.23 kB
storage/framework/testing/pkg05-build/assets/coffee-D-BT4Pb0.js                                   0.30 kB │ gzip:   0.21 kB
storage/framework/testing/pkg05-build/assets/user-x-elOSxDB2.js                                   0.30 kB │ gzip:   0.23 kB
storage/framework/testing/pkg05-build/assets/folder-plus-CHl-pCV3.js                              0.30 kB │ gzip:   0.23 kB
storage/framework/testing/pkg05-build/assets/chef-hat-CKE9TEjI.js                                 0.31 kB │ gzip:   0.24 kB
storage/framework/testing/pkg05-build/assets/user-plus-CakfjVDD.js                                0.31 kB │ gzip:   0.24 kB
storage/framework/testing/pkg05-build/assets/box-Bc-h2hdC.js                                      0.31 kB │ gzip:   0.23 kB
storage/framework/testing/pkg05-build/assets/heart-pulse-Dhy3fj1n.js                              0.31 kB │ gzip:   0.25 kB
storage/framework/testing/pkg05-build/assets/piggy-bank-D5KE-HAd.js                               0.31 kB │ gzip:   0.25 kB
storage/framework/testing/pkg05-build/assets/badge-check-C7J-CRBc.js                              0.31 kB │ gzip:   0.21 kB
storage/framework/testing/pkg05-build/assets/hard-hat-C3N6yMW8.js                                 0.32 kB │ gzip:   0.23 kB
storage/framework/testing/pkg05-build/assets/shield-check-B0OML17D.js                             0.32 kB │ gzip:   0.25 kB
storage/framework/testing/pkg05-build/assets/printer-Bn1YR3fY.js                                  0.32 kB │ gzip:   0.24 kB
storage/framework/testing/pkg05-build/assets/square-pen-Dpu_LrPz.js                               0.32 kB │ gzip:   0.24 kB
storage/framework/testing/pkg05-build/assets/refresh-ccw-D-aAo2SW.js                              0.32 kB │ gzip:   0.23 kB
storage/framework/testing/pkg05-build/assets/ticket-C4cwo5I3.js                                   0.32 kB │ gzip:   0.21 kB
storage/framework/testing/pkg05-build/assets/tag-B2Or9hZF.js                                      0.32 kB │ gzip:   0.25 kB
storage/framework/testing/pkg05-build/assets/hand-helping-C_QV7Llc.js                             0.32 kB │ gzip:   0.25 kB
storage/framework/testing/pkg05-build/assets/id-card-CGMAXw4X.js                                  0.32 kB │ gzip:   0.24 kB
storage/framework/testing/pkg05-build/assets/mail-warning-B6C83ctg.js                             0.32 kB │ gzip:   0.24 kB
storage/framework/testing/pkg05-build/assets/save-D2yV6f_8.js                                     0.33 kB │ gzip:   0.23 kB
storage/framework/testing/pkg05-build/assets/scan-line-kRnNDGLO.js                                0.33 kB │ gzip:   0.22 kB
storage/framework/testing/pkg05-build/assets/graduation-cap-C0k_Tnfb.js                           0.33 kB │ gzip:   0.25 kB
storage/framework/testing/pkg05-build/assets/list-ordered-DB92JADN.js                             0.33 kB │ gzip:   0.22 kB
storage/framework/testing/pkg05-build/assets/file-text-BoyVmgZx.js                                0.33 kB │ gzip:   0.22 kB
storage/framework/testing/pkg05-build/assets/book-open-check-Be4e7WIs.js                          0.33 kB │ gzip:   0.23 kB
storage/framework/testing/pkg05-build/assets/clipboard-plus-caO_IXLV.js                           0.33 kB │ gzip:   0.24 kB
storage/framework/testing/pkg05-build/assets/alarm-clock-C810uy1H.js                              0.33 kB │ gzip:   0.23 kB
storage/framework/testing/pkg05-build/assets/contact-BIuS69zd.js                                  0.33 kB │ gzip:   0.24 kB
storage/framework/testing/pkg05-build/assets/calendar-x-D0-kfdcJ.js                               0.34 kB │ gzip:   0.23 kB
storage/framework/testing/pkg05-build/assets/accessibility-CPYz2WbU.js                            0.34 kB │ gzip:   0.24 kB
storage/framework/testing/pkg05-build/assets/archive-restore-CysRlTjH.js                          0.34 kB │ gzip:   0.24 kB
storage/framework/testing/pkg05-build/assets/stethoscope-DyEk0yrK.js                              0.34 kB │ gzip:   0.24 kB
storage/framework/testing/pkg05-build/assets/shield-plus-B8Ly8tN4.js                              0.34 kB │ gzip:   0.26 kB
storage/framework/testing/pkg05-build/assets/layout-grid-YoCWRIss.js                              0.34 kB │ gzip:   0.19 kB
storage/framework/testing/pkg05-build/assets/pin-gu66myvn.js                                      0.35 kB │ gzip:   0.24 kB
storage/framework/testing/pkg05-build/assets/file-image-DLaVxJyi.js                               0.35 kB │ gzip:   0.25 kB
storage/framework/testing/pkg05-build/assets/scroll-text--gwFJUYY.js                              0.35 kB │ gzip:   0.23 kB
storage/framework/testing/pkg05-build/assets/key-round-pTR7IC_d.js                                0.35 kB │ gzip:   0.26 kB
storage/framework/testing/pkg05-build/assets/layout-dashboard-DeKzq69h.js                         0.35 kB │ gzip:   0.21 kB
storage/framework/testing/pkg05-build/assets/shield-alert-oNa1Q86n.js                             0.35 kB │ gzip:   0.26 kB
storage/framework/testing/pkg05-build/assets/file-chart-column-increasing-DtCs8KBH.js             0.35 kB │ gzip:   0.23 kB
storage/framework/testing/pkg05-build/assets/webhook-BZN2gxow.js                                  0.35 kB │ gzip:   0.26 kB
storage/framework/testing/pkg05-build/assets/crosshair-BGiVrRnd.js                                0.35 kB │ gzip:   0.21 kB
storage/framework/testing/pkg05-build/assets/calendar-plus-Dvo9Ytrm.js                            0.35 kB │ gzip:   0.23 kB
storage/framework/testing/pkg05-build/assets/shield-x-B9UO7JW5.js                                 0.36 kB │ gzip:   0.26 kB
storage/framework/testing/pkg05-build/assets/gift-D6Cna9Gz.js                                     0.36 kB │ gzip:   0.25 kB
storage/framework/testing/pkg05-build/assets/trash-2-C_CfKoxQ.js                                  0.36 kB │ gzip:   0.25 kB
storage/framework/testing/pkg05-build/assets/calendar-x-2-qokgve7k.js                             0.36 kB │ gzip:   0.23 kB
storage/framework/testing/pkg05-build/assets/bell-plus-CqHv9Bq-.js                                0.36 kB │ gzip:   0.26 kB
storage/framework/testing/pkg05-build/assets/layout-list-BNcdSevC.js                              0.36 kB │ gzip:   0.22 kB
storage/framework/testing/pkg05-build/assets/warehouse-B2ufRUgI.js                                0.36 kB │ gzip:   0.26 kB
storage/framework/testing/pkg05-build/assets/utensils-crossed-DEUvwQLW.js                         0.36 kB │ gzip:   0.26 kB
storage/framework/testing/pkg05-build/assets/syringe-loY40PVB.js                                  0.36 kB │ gzip:   0.24 kB
storage/framework/testing/pkg05-build/assets/crown-DQuTpjva.js                                    0.36 kB │ gzip:   0.26 kB
storage/framework/testing/pkg05-build/assets/sparkle-UbDtcBOA.js                                  0.36 kB │ gzip:   0.24 kB
storage/framework/testing/pkg05-build/assets/scale-BeZFMXzH.js                                    0.36 kB │ gzip:   0.23 kB
storage/framework/testing/pkg05-build/assets/grip-vertical-CB0ogmRx.js                            0.36 kB │ gzip:   0.19 kB
storage/framework/testing/pkg05-build/assets/fuel-tWGtAG1I.js                                     0.37 kB │ gzip:   0.25 kB
storage/framework/testing/pkg05-build/assets/door-open-Du6Xvyyt.js                                0.37 kB │ gzip:   0.25 kB
storage/framework/testing/pkg05-build/assets/droplets-CTz07owz.js                                 0.37 kB │ gzip:   0.28 kB
storage/framework/testing/pkg05-build/assets/hammer-DfNxvfi6.js                                   0.37 kB │ gzip:   0.27 kB
storage/framework/testing/pkg05-build/assets/file-pen-C7R8m7Bv.js                                 0.37 kB │ gzip:   0.26 kB
storage/framework/testing/pkg05-build/assets/package-B_ceNan3.js                                  0.37 kB │ gzip:   0.26 kB
storage/framework/testing/pkg05-build/assets/index-B0Z-ysPe.js                                    0.37 kB │ gzip:   0.22 kB
storage/framework/testing/pkg05-build/assets/file-spreadsheet-DXL4rhj2.js                         0.37 kB │ gzip:   0.23 kB
storage/framework/testing/pkg05-build/assets/life-buoy-BgEVjXnC.js                                0.37 kB │ gzip:   0.22 kB
storage/framework/testing/pkg05-build/assets/calendar-clock-DYrfVZwg.js                           0.38 kB │ gzip:   0.25 kB
storage/framework/testing/pkg05-build/assets/shield-question-CyZvdMSN.js                          0.38 kB │ gzip:   0.28 kB
storage/framework/testing/pkg05-build/assets/network-chU_Be29.js                                  0.38 kB │ gzip:   0.24 kB
storage/framework/testing/pkg05-build/assets/calendar-off-Bk49o2xU.js                             0.38 kB │ gzip:   0.25 kB
storage/framework/testing/pkg05-build/assets/tags-e2fYJSEW.js                                     0.39 kB │ gzip:   0.28 kB
storage/framework/testing/pkg05-build/assets/baby-B21_bKXZ.js                                     0.39 kB │ gzip:   0.26 kB
storage/framework/testing/pkg05-build/assets/hard-drive-SsGt5RZX.js                               0.39 kB │ gzip:   0.26 kB
storage/framework/testing/pkg05-build/assets/job-posting-constants-CneitmEO.js                    0.39 kB │ gzip:   0.23 kB
storage/framework/testing/pkg05-build/assets/file-pen-line-B_DWV7zc.js                            0.39 kB │ gzip:   0.26 kB
storage/framework/testing/pkg05-build/assets/phone-C6YpqOHw.js                                    0.39 kB │ gzip:   0.25 kB
storage/framework/testing/pkg05-build/assets/bell-ring-Al-AUo0T.js                                0.40 kB │ gzip:   0.28 kB
storage/framework/testing/pkg05-build/assets/map-pinned-Dwu6cSxf.js                               0.40 kB │ gzip:   0.29 kB
storage/framework/testing/pkg05-build/assets/shield-off--mePFtsK.js                               0.40 kB │ gzip:   0.28 kB
storage/framework/testing/pkg05-build/assets/truck-dAuCWocQ.js                                    0.40 kB │ gzip:   0.27 kB
storage/framework/testing/pkg05-build/assets/sprout-L7nvD4yt.js                                   0.40 kB │ gzip:   0.28 kB
storage/framework/testing/pkg05-build/assets/car-ClLtU1zc.js                                      0.40 kB │ gzip:   0.28 kB
storage/framework/testing/pkg05-build/assets/locate-fixed-BpfphM8Z.js                             0.40 kB │ gzip:   0.23 kB
storage/framework/testing/pkg05-build/assets/hand-B-40vIeM.js                                     0.41 kB │ gzip:   0.25 kB
storage/framework/testing/pkg05-build/assets/landmark-6wUnuZYb.js                                 0.41 kB │ gzip:   0.24 kB
storage/framework/testing/pkg05-build/assets/hand-coins-DKDHCjRN.js                               0.41 kB │ gzip:   0.29 kB
storage/framework/testing/pkg05-build/assets/clipboard-list-yw6EaAJw.js                           0.41 kB │ gzip:   0.26 kB
storage/framework/testing/pkg05-build/assets/transport-medication-replay-CUYjQOW0.js              0.41 kB │ gzip:   0.30 kB
storage/framework/testing/pkg05-build/assets/loader-C6vEnyFe.js                                   0.41 kB │ gzip:   0.24 kB
storage/framework/testing/pkg05-build/assets/mouse-pointer-click-BEfytFFk.js                      0.41 kB │ gzip:   0.28 kB
storage/framework/testing/pkg05-build/assets/calendar-range-DrdsUc9Q.js                           0.41 kB │ gzip:   0.26 kB
storage/framework/testing/pkg05-build/assets/waypoints-Bw0HamoM.js                                0.41 kB │ gzip:   0.25 kB
storage/framework/testing/pkg05-build/assets/layers-BTb7oPPh.js                                   0.42 kB │ gzip:   0.24 kB
storage/framework/testing/pkg05-build/assets/mic-off-HbUloSth.js                                  0.42 kB │ gzip:   0.27 kB
storage/framework/testing/pkg05-build/assets/waves-Bpg0q6e7.js                                    0.42 kB │ gzip:   0.21 kB
storage/framework/testing/pkg05-build/assets/skeleton-CDTEQwaO.js                                 0.42 kB │ gzip:   0.32 kB
storage/framework/testing/pkg05-build/assets/package-check-CNa0iSx2.js                            0.42 kB │ gzip:   0.29 kB
storage/framework/testing/pkg05-build/assets/octagon-alert-DLWZnlHP.js                            0.43 kB │ gzip:   0.25 kB
storage/framework/testing/pkg05-build/assets/cable-BFnd644Y.js                                    0.43 kB │ gzip:   0.25 kB
storage/framework/testing/pkg05-build/assets/eye-off-B-92K3jh.js                                  0.43 kB │ gzip:   0.27 kB
storage/framework/testing/pkg05-build/assets/building-2-C73xnJlD.js                               0.44 kB │ gzip:   0.25 kB
storage/framework/testing/pkg05-build/assets/heading-small-B1QYXXBZ.js                            0.44 kB │ gzip:   0.32 kB
storage/framework/testing/pkg05-build/assets/handshake-BGsJdEUA.js                                0.45 kB │ gzip:   0.28 kB
storage/framework/testing/pkg05-build/assets/hand-heart-fF3gGuaN.js                               0.45 kB │ gzip:   0.31 kB
storage/framework/testing/pkg05-build/assets/bus-D9Ht6PGd.js                                      0.45 kB │ gzip:   0.28 kB
storage/framework/testing/pkg05-build/assets/footprints-CsyUtXYj.js                               0.45 kB │ gzip:   0.30 kB
storage/framework/testing/pkg05-build/assets/radio-tower-BiELZuEs.js                              0.45 kB │ gzip:   0.29 kB
storage/framework/testing/pkg05-build/assets/input-error-DCYErTdJ.js                              0.46 kB │ gzip:   0.32 kB
storage/framework/testing/pkg05-build/assets/wifi-off-BtnYSpuV.js                                 0.46 kB │ gzip:   0.27 kB
storage/framework/testing/pkg05-build/assets/scan-eye-Dj1t3ntb.js                                 0.46 kB │ gzip:   0.28 kB
storage/framework/testing/pkg05-build/assets/heart-handshake-jYfTPqBT.js                          0.46 kB │ gzip:   0.31 kB
storage/framework/testing/pkg05-build/assets/spinner-DhSDV6Am.js                                  0.46 kB │ gzip:   0.34 kB
storage/framework/testing/pkg05-build/assets/person-standing-Bj_oXyve.js                          0.46 kB │ gzip:   0.31 kB
storage/framework/testing/pkg05-build/assets/trophy-DJhQlhQS.js                                   0.46 kB │ gzip:   0.28 kB
storage/framework/testing/pkg05-build/assets/pen-tool-CU3i9Lfa.js                                 0.47 kB │ gzip:   0.30 kB
storage/framework/testing/pkg05-build/assets/siren-DbUF3wyS.js                                    0.47 kB │ gzip:   0.27 kB
storage/framework/testing/pkg05-build/assets/star-DaCcO8fO.js                                     0.47 kB │ gzip:   0.29 kB
storage/framework/testing/pkg05-build/assets/sun-_I_fySRP.js                                      0.47 kB │ gzip:   0.26 kB
storage/framework/testing/pkg05-build/assets/notebook-pen-BEjZOtGp.js                             0.47 kB │ gzip:   0.29 kB
storage/framework/testing/pkg05-build/assets/cake-EJPho0ea.js                                     0.49 kB │ gzip:   0.26 kB
storage/framework/testing/pkg05-build/assets/cctv-LPw1KXKI.js                                     0.49 kB │ gzip:   0.30 kB
storage/framework/testing/pkg05-build/assets/calendar-days-D-04H7Gh.js                            0.49 kB │ gzip:   0.26 kB
storage/framework/testing/pkg05-build/assets/cpu-BykomMST.js                                      0.50 kB │ gzip:   0.26 kB
storage/framework/testing/pkg05-build/assets/radar-C-qAf7Ql.js                                    0.50 kB │ gzip:   0.30 kB
storage/framework/testing/pkg05-build/assets/sparkles-C79RKCcQ.js                                 0.51 kB │ gzip:   0.30 kB
storage/framework/testing/pkg05-build/assets/wand-sparkles-CaF6DGc_.js                            0.51 kB │ gzip:   0.29 kB
storage/framework/testing/pkg05-build/assets/ambulance-KLd--yif.js                                0.51 kB │ gzip:   0.31 kB
storage/framework/testing/pkg05-build/assets/_helpers-Ayp0jCez.js                                 0.51 kB │ gzip:   0.33 kB
storage/framework/testing/pkg05-build/assets/unlink-CvWgXsPw.js                                   0.53 kB │ gzip:   0.30 kB
storage/framework/testing/pkg05-build/assets/calculator-BTtZgqnE.js                               0.53 kB │ gzip:   0.28 kB
storage/framework/testing/pkg05-build/assets/circle-dashed-DxDL2zI4.js                            0.57 kB │ gzip:   0.28 kB
storage/framework/testing/pkg05-build/assets/use-alert-workspace-focus-return-DGVRYbyO.js         0.58 kB │ gzip:   0.35 kB
storage/framework/testing/pkg05-build/assets/package-open-BuVkv6so.js                             0.58 kB │ gzip:   0.33 kB
storage/framework/testing/pkg05-build/assets/i18n-Dncd9j2h.js                                     0.58 kB │ gzip:   0.39 kB
storage/framework/testing/pkg05-build/assets/user-cog-C5JLZQqT.js                                 0.58 kB │ gzip:   0.31 kB
storage/framework/testing/pkg05-build/assets/sliders-horizontal-CZONlVIb.js                       0.58 kB │ gzip:   0.27 kB
storage/framework/testing/pkg05-build/assets/send-to-back-BttNv5ri.js                             0.58 kB │ gzip:   0.31 kB
storage/framework/testing/pkg05-build/assets/fingerprint-BaL54DFv.js                              0.60 kB │ gzip:   0.35 kB
storage/framework/testing/pkg05-build/assets/label-DCjEnjsZ.js                                    0.61 kB │ gzip:   0.39 kB
storage/framework/testing/pkg05-build/assets/form-request-errors-BSRXMDrM.js                      0.63 kB │ gzip:   0.36 kB
storage/framework/testing/pkg05-build/assets/loading-state-i-OTUmHl.js                            0.64 kB │ gzip:   0.43 kB
storage/framework/testing/pkg05-build/assets/text-link-RogODYI2.js                                0.65 kB │ gzip:   0.42 kB
storage/framework/testing/pkg05-build/assets/qr-code-Az-WPFCT.js                                  0.65 kB │ gzip:   0.31 kB
storage/framework/testing/pkg05-build/assets/server-DUXlIqYt.js                                   0.66 kB │ gzip:   0.37 kB
storage/framework/testing/pkg05-build/assets/collapsible-dZ42gUqn.js                              0.66 kB │ gzip:   0.28 kB
storage/framework/testing/pkg05-build/assets/resident-dot-BLoyRUP7.js                             0.67 kB │ gzip:   0.46 kB
storage/framework/testing/pkg05-build/assets/fleet-stat-card-DCA573bu.js                          0.72 kB │ gzip:   0.44 kB
storage/framework/testing/pkg05-build/assets/party-popper-C2Vfpmn3.js                             0.72 kB │ gzip:   0.41 kB
storage/framework/testing/pkg05-build/assets/settings-CdRXn38t.js                                 0.72 kB │ gzip:   0.34 kB
storage/framework/testing/pkg05-build/assets/textarea-C_9uu-fb.js                                 0.73 kB │ gzip:   0.47 kB
storage/framework/testing/pkg05-build/assets/meeting-workspace-links-BSKYBk34.js                  0.73 kB │ gzip:   0.40 kB
storage/framework/testing/pkg05-build/assets/brain-LCGTzE5p.js                                    0.73 kB │ gzip:   0.35 kB
storage/framework/testing/pkg05-build/assets/separator-DcAv2UUF.js                                0.77 kB │ gzip:   0.45 kB
storage/framework/testing/pkg05-build/assets/page-shell-B7eQidXD.js                               0.77 kB │ gzip:   0.45 kB
storage/framework/testing/pkg05-build/assets/shared-DHJYl7e2.js                                   0.77 kB │ gzip:   0.40 kB
storage/framework/testing/pkg05-build/assets/shared-D3Yvwbxq.js                                   0.77 kB │ gzip:   0.39 kB
storage/framework/testing/pkg05-build/assets/shift-row-types-DQA9BK_P.js                          0.80 kB │ gzip:   0.38 kB
storage/framework/testing/pkg05-build/assets/hr-tabs-D8RBQ2_A.js                                  0.81 kB │ gzip:   0.51 kB
storage/framework/testing/pkg05-build/assets/ops-stat-card-yoc0g64M.js                            0.81 kB │ gzip:   0.48 kB
storage/framework/testing/pkg05-build/assets/progress-BxLvrMK0.js                                 0.82 kB │ gzip:   0.54 kB
storage/framework/testing/pkg05-build/assets/readable-operational-state-CK8MzJI-.js               0.85 kB │ gzip:   0.45 kB
storage/framework/testing/pkg05-build/assets/boxes-DKuI2B7e.js                                    0.85 kB │ gzip:   0.40 kB
storage/framework/testing/pkg05-build/assets/wizard-DF_QPOrg.js                                   0.87 kB │ gzip:   0.55 kB
storage/framework/testing/pkg05-build/assets/wizard-NNmqhkha.js                                   0.87 kB │ gzip:   0.55 kB
storage/framework/testing/pkg05-build/assets/list-caption-hE5ckvXY.js                             0.91 kB │ gzip:   0.54 kB
storage/framework/testing/pkg05-build/assets/index-CSEUMRIG.js                                    0.92 kB │ gzip:   0.53 kB
storage/framework/testing/pkg05-build/assets/now-rule-P7hRYwwd.js                                 0.95 kB │ gzip:   0.58 kB
storage/framework/testing/pkg05-build/assets/hero-action-button-D-GVyXk8.js                       0.95 kB │ gzip:   0.55 kB
storage/framework/testing/pkg05-build/assets/page-layout-DtSKkYRB.js                              0.97 kB │ gzip:   0.56 kB
storage/framework/testing/pkg05-build/assets/governance-dialog-deep-link-BLAMUST6.js              0.98 kB │ gzip:   0.58 kB
storage/framework/testing/pkg05-build/assets/settings-tabs-CJjq7BQG.js                            0.99 kB │ gzip:   0.54 kB
storage/framework/testing/pkg05-build/assets/error-state-B2JF8QuY.js                              1.01 kB │ gzip:   0.62 kB
storage/framework/testing/pkg05-build/assets/use-settings-leave-confirmation-_sN1T8um.js          1.02 kB │ gzip:   0.61 kB
storage/framework/testing/pkg05-build/assets/presence-dot-CuGnqH3Y.js                             1.04 kB │ gzip:   0.58 kB
storage/framework/testing/pkg05-build/assets/input-49RbooBa.js                                    1.05 kB │ gzip:   0.59 kB
storage/framework/testing/pkg05-build/assets/command-centre-page-BJq2nNDi.js                      1.05 kB │ gzip:   0.59 kB
storage/framework/testing/pkg05-build/assets/switch-DZPR4_MT.js                                   1.06 kB │ gzip:   0.61 kB
storage/framework/testing/pkg05-build/assets/_shared-BN-lC1nz.js                                  1.07 kB │ gzip:   0.56 kB
storage/framework/testing/pkg05-build/assets/governance-work-CPDXtwsY.js                          1.09 kB │ gzip:   0.59 kB
storage/framework/testing/pkg05-build/assets/hover-action-vLW4u2SF.js                             1.09 kB │ gzip:   0.65 kB
storage/framework/testing/pkg05-build/assets/WidgetCard-2tC8eOcV.js                               1.10 kB │ gzip:   0.62 kB
storage/framework/testing/pkg05-build/assets/micro-stats-BKNykt34.js                              1.11 kB │ gzip:   0.61 kB
storage/framework/testing/pkg05-build/assets/confetti-8ALvzRDJ.js                                 1.11 kB │ gzip:   0.65 kB
storage/framework/testing/pkg05-build/assets/avatar-Cz9SiJ4o.js                                   1.14 kB │ gzip:   0.44 kB
storage/framework/testing/pkg05-build/assets/checkbox-Dsl3vhcS.js                                 1.15 kB │ gzip:   0.63 kB
storage/framework/testing/pkg05-build/assets/GovernanceHomeRail-Cp2zJv_-.js                       1.21 kB │ gzip:   0.68 kB
storage/framework/testing/pkg05-build/assets/_confirm-action-CxjMs0-U.js                          1.24 kB │ gzip:   0.70 kB
storage/framework/testing/pkg05-build/assets/wizard-stepper-NC5RzjdD.js                           1.24 kB │ gzip:   0.67 kB
storage/framework/testing/pkg05-build/assets/handover-person-notes-CbHlG0Rx.js                    1.25 kB │ gzip:   0.63 kB
storage/framework/testing/pkg05-build/assets/task-api-LDQPp0GA.js                                 1.27 kB │ gzip:   0.81 kB
storage/framework/testing/pkg05-build/assets/_types-Bdo8GrIg.js                                   1.29 kB │ gzip:   0.67 kB
storage/framework/testing/pkg05-build/assets/medication-stock-governance-C5VIWPFO.js              1.30 kB │ gzip:   0.60 kB
storage/framework/testing/pkg05-build/assets/radio-group-zb0N7VF2.js                              1.31 kB │ gzip:   0.65 kB
storage/framework/testing/pkg05-build/assets/DiscardDraftDialog-Bvfl61Vm.js                       1.32 kB │ gzip:   0.76 kB
storage/framework/testing/pkg05-build/assets/_attachments-BZArJHWJ.js                             1.32 kB │ gzip:   0.75 kB
storage/framework/testing/pkg05-build/assets/stream-grouping-DxjzPWpi.js                          1.35 kB │ gzip:   0.73 kB
storage/framework/testing/pkg05-build/assets/staff-avatar-Dy96MZTw.js                             1.35 kB │ gzip:   0.81 kB
storage/framework/testing/pkg05-build/assets/workflow-ribbon-CfBgCap7.js                          1.35 kB │ gzip:   0.70 kB
storage/framework/testing/pkg05-build/assets/shift-status-badge-D8dhRE9-.js                       1.36 kB │ gzip:   0.67 kB
storage/framework/testing/pkg05-build/assets/timesheet-status-badge-BnRDUsMk.js                   1.36 kB │ gzip:   0.66 kB
storage/framework/testing/pkg05-build/assets/fleet-responsive-list-CgDsyRvl.js                    1.38 kB │ gzip:   0.70 kB
storage/framework/testing/pkg05-build/assets/sso-sign-in-buttons-BeeyhB4e.js                      1.40 kB │ gzip:   0.71 kB
storage/framework/testing/pkg05-build/assets/site-credentials-CuhrbwjV.js                         1.43 kB │ gzip:   0.75 kB
storage/framework/testing/pkg05-build/assets/_helpers-DwiQF0jk.js                                 1.46 kB │ gzip:   0.80 kB
storage/framework/testing/pkg05-build/assets/fleet-empty-state-Bj5lpqOp.js                        1.46 kB │ gzip:   0.77 kB
storage/framework/testing/pkg05-build/assets/journey-reference-strip-pm5NcpKt.js                  1.46 kB │ gzip:   0.81 kB
storage/framework/testing/pkg05-build/assets/GovernanceSectionRail-3unCm9Gz.js                    1.47 kB │ gzip:   0.82 kB
storage/framework/testing/pkg05-build/assets/index-DcmOMlk_.js                                    1.50 kB │ gzip:   0.52 kB
storage/framework/testing/pkg05-build/assets/badge-CZnzl86v.js                                    1.53 kB │ gzip:   0.77 kB
storage/framework/testing/pkg05-build/assets/shift-types-CFwZcu4E.js                              1.54 kB │ gzip:   0.78 kB
storage/framework/testing/pkg05-build/assets/date-time-field-Dcec5xqb.js                          1.54 kB │ gzip:   0.78 kB
storage/framework/testing/pkg05-build/assets/performance-tabs-kzBojz9O.js                         1.55 kB │ gzip:   0.74 kB
storage/framework/testing/pkg05-build/assets/confirm-dialog-BbNKEC44.js                           1.57 kB │ gzip:   0.86 kB
storage/framework/testing/pkg05-build/assets/mini-sparkline-D7i7f6lZ.js                           1.58 kB │ gzip:   0.91 kB
storage/framework/testing/pkg05-build/assets/verify-email-BkcGpNZn.js                             1.58 kB │ gzip:   0.86 kB
storage/framework/testing/pkg05-build/assets/status-badge-BcV9Cyb7.js                             1.61 kB │ gzip:   0.78 kB
storage/framework/testing/pkg05-build/assets/control-room-vocab-DqyCA-Xd.js                       1.62 kB │ gzip:   0.64 kB
storage/framework/testing/pkg05-build/assets/popover-ifeG7vZg.js                                  1.64 kB │ gzip:   0.70 kB
storage/framework/testing/pkg05-build/assets/ops-charts-CfZvOWbq.js                               1.65 kB │ gzip:   0.78 kB
storage/framework/testing/pkg05-build/assets/alert-CF50OPgI.js                                    1.69 kB │ gzip:   0.74 kB
storage/framework/testing/pkg05-build/assets/alert-status-BhC18dRJ.js                             1.69 kB │ gzip:   0.79 kB
storage/framework/testing/pkg05-build/assets/report-incident-dialog-BOo30UaU.js                   1.70 kB │ gzip:   0.89 kB
storage/framework/testing/pkg05-build/assets/laravel-pagination-BlryIvwq.js                       1.70 kB │ gzip:   0.84 kB
storage/framework/testing/pkg05-build/assets/money-L4nGavLX.js                                    1.71 kB │ gzip:   0.97 kB
storage/framework/testing/pkg05-build/assets/card-C9LxLdKv.js                                     1.77 kB │ gzip:   0.57 kB
storage/framework/testing/pkg05-build/assets/_helpers-C54HHPdW.js                                 1.77 kB │ gzip:   0.76 kB
storage/framework/testing/pkg05-build/assets/documents-tabs-CZkB0elS.js                           1.78 kB │ gzip:   0.94 kB
storage/framework/testing/pkg05-build/assets/workflow-ribbon-C2xcfFrD.js                          1.80 kB │ gzip:   0.80 kB
storage/framework/testing/pkg05-build/assets/overlay-focus-return-4ESXsuki.js                     1.82 kB │ gzip:   0.89 kB
storage/framework/testing/pkg05-build/assets/tooltip-DVHxUwor.js                                  1.82 kB │ gzip:   0.84 kB
storage/framework/testing/pkg05-build/assets/control-room-alert-row-actions-DOEP-0Vo.js           1.85 kB │ gzip:   0.69 kB
storage/framework/testing/pkg05-build/assets/options-BwkaeHrx.js                                  1.86 kB │ gzip:   0.72 kB
storage/framework/testing/pkg05-build/assets/my-day-list-q1itjVfJ.js                              1.86 kB │ gzip:   0.90 kB
storage/framework/testing/pkg05-build/assets/accordion-BQQC_vDR.js                                1.87 kB │ gzip:   0.85 kB
storage/framework/testing/pkg05-build/assets/journey-gate-list-B8yEp1AT.js                        1.87 kB │ gzip:   0.85 kB
storage/framework/testing/pkg05-build/assets/fleet-utils-t-7nXUHw.js                              1.90 kB │ gzip:   0.72 kB
storage/framework/testing/pkg05-build/assets/_helpers-Ku7atVrZ.js                                 1.94 kB │ gzip:   1.04 kB
storage/framework/testing/pkg05-build/assets/draft-resume-prompt-X7DA0G2Q.js                      1.95 kB │ gzip:   1.01 kB
storage/framework/testing/pkg05-build/assets/respite-subnav-DVA95RUh.js                           2.01 kB │ gzip:   0.96 kB
storage/framework/testing/pkg05-build/assets/handover-follow-ups-CM70PA0k.js                      2.02 kB │ gzip:   1.02 kB
storage/framework/testing/pkg05-build/assets/button-DhhB9F7m.js                                   2.05 kB │ gzip:   0.96 kB
storage/framework/testing/pkg05-build/assets/address-autocomplete-CVjubUp-.js                     2.07 kB │ gzip:   1.14 kB
storage/framework/testing/pkg05-build/assets/confirm-password-DQeu_EN0.js                         2.07 kB │ gzip:   1.04 kB
storage/framework/testing/pkg05-build/assets/_dialogs-G-oPXb1J.js                                 2.08 kB │ gzip:   1.11 kB
storage/framework/testing/pkg05-build/assets/governance-calendar-adapter-BoWwsrz5.js              2.10 kB │ gzip:   1.01 kB
storage/framework/testing/pkg05-build/assets/_create-recovery-i6Ou491d.js                         2.10 kB │ gzip:   1.07 kB
storage/framework/testing/pkg05-build/assets/use-personal-location-privacy-k70ZMAas.js            2.16 kB │ gzip:   0.99 kB
storage/framework/testing/pkg05-build/assets/reports-tabs-DN8tAHqJ.js                             2.17 kB │ gzip:   1.07 kB
storage/framework/testing/pkg05-build/assets/attention-panel-FIip-A13.js                          2.17 kB │ gzip:   0.99 kB
storage/framework/testing/pkg05-build/assets/task-step-draft-ENCGtFYv.js                          2.18 kB │ gzip:   1.13 kB
storage/framework/testing/pkg05-build/assets/payroll-hero-D8tHiAUF.js                             2.28 kB │ gzip:   1.10 kB
storage/framework/testing/pkg05-build/assets/_shared-j0mRDnLH.js                                  2.30 kB │ gzip:   1.17 kB
storage/framework/testing/pkg05-build/assets/_memory-recovery-KPLCXoTQ.js                         2.31 kB │ gzip:   1.21 kB
storage/framework/testing/pkg05-build/assets/_shared-DSNeL_Zs.js                                  2.34 kB │ gzip:   1.14 kB
storage/framework/testing/pkg05-build/assets/reason-dialog-C0XWQfkD.js                            2.34 kB │ gzip:   1.28 kB
storage/framework/testing/pkg05-build/assets/table-DHtHPBEX.js                                    2.42 kB │ gzip:   0.67 kB
storage/framework/testing/pkg05-build/assets/drills-BhJ7vzWx.js                                   2.43 kB │ gzip:   1.13 kB
storage/framework/testing/pkg05-build/assets/_icons-5lmt09Eo.js                                   2.45 kB │ gzip:   1.15 kB
storage/framework/testing/pkg05-build/assets/first-aid-Dx906a1h.js                                2.47 kB │ gzip:   1.14 kB
storage/framework/testing/pkg05-build/assets/task-help-inbox-DrrwzFp4.js                          2.48 kB │ gzip:   1.35 kB
storage/framework/testing/pkg05-build/assets/datetime-Cj7rLFb1.js                                 2.50 kB │ gzip:   1.10 kB
storage/framework/testing/pkg05-build/assets/finance-section-rail-Br5OGN8t.js                     2.53 kB │ gzip:   1.28 kB
storage/framework/testing/pkg05-build/assets/provisioning-request-files-DFYUFpYV.js               2.56 kB │ gzip:   1.26 kB
storage/framework/testing/pkg05-build/assets/text-prompt-dialog-Dyo-7sHg.js                       2.62 kB │ gzip:   1.41 kB
storage/framework/testing/pkg05-build/assets/services-nBK2ETdU.js                                 2.63 kB │ gzip:   1.19 kB
storage/framework/testing/pkg05-build/assets/shift-context-menu-CNRM9i7R.js                       2.64 kB │ gzip:   1.37 kB
storage/framework/testing/pkg05-build/assets/provisioning-command-fields-4x2FBuJS.js              2.68 kB │ gzip:   1.16 kB
storage/framework/testing/pkg05-build/assets/care-plan-domains-Bj1ATvqc.js                        2.69 kB │ gzip:   1.26 kB
storage/framework/testing/pkg05-build/assets/donut-chart-BjEVgtH7.js                              2.71 kB │ gzip:   1.35 kB
storage/framework/testing/pkg05-build/assets/donut-RxOXSbq7.js                                    2.74 kB │ gzip:   1.38 kB
storage/framework/testing/pkg05-build/assets/index-BjmjDcUN.js                                    2.76 kB │ gzip:   0.71 kB
storage/framework/testing/pkg05-build/assets/status-badge-3QlJuqdd.js                             2.76 kB │ gzip:   1.29 kB
storage/framework/testing/pkg05-build/assets/readiness-DPwfltiZ.js                                2.79 kB │ gzip:   1.36 kB
storage/framework/testing/pkg05-build/assets/financials-zTfW06kZ.js                               2.80 kB │ gzip:   1.36 kB
storage/framework/testing/pkg05-build/assets/safety-register-CeJKT1Bj.js                          2.83 kB │ gzip:   1.33 kB
storage/framework/testing/pkg05-build/assets/ppe-CHL-4dry.js                                      2.84 kB │ gzip:   1.11 kB
storage/framework/testing/pkg05-build/assets/register-row-kit-DYBAbrfL.js                         2.86 kB │ gzip:   1.16 kB
storage/framework/testing/pkg05-build/assets/lifecycle-tabs-DlrF5pFd.js                           2.88 kB │ gzip:   1.47 kB
storage/framework/testing/pkg05-build/assets/_tabs-DB1o8RZl.js                                    2.90 kB │ gzip:   1.48 kB
storage/framework/testing/pkg05-build/assets/_note-category-picker-25IPB0My.js                    2.92 kB │ gzip:   1.37 kB
storage/framework/testing/pkg05-build/assets/use-create-shift-launcher-COwKCGNq.js                2.92 kB │ gzip:   1.43 kB
storage/framework/testing/pkg05-build/assets/use-form-autosave-DtLAUGcd.js                        2.92 kB │ gzip:   1.47 kB
storage/framework/testing/pkg05-build/assets/toolbar-D9uKELH3.js                                  2.92 kB │ gzip:   1.40 kB
storage/framework/testing/pkg05-build/assets/hs-detail-dialog-g0WqiT_l.js                         2.93 kB │ gzip:   1.34 kB
storage/framework/testing/pkg05-build/assets/notification-catalog-DveZKd9k.js                     2.96 kB │ gzip:   0.93 kB
storage/framework/testing/pkg05-build/assets/forgot-password-CX0sxIUb.js                          2.99 kB │ gzip:   1.43 kB
storage/framework/testing/pkg05-build/assets/auth-layout-CZtzJmh4.js                              3.03 kB │ gzip:   1.37 kB
storage/framework/testing/pkg05-build/assets/report-launcher-C8QxX2eS.js                          3.03 kB │ gzip:   1.51 kB
storage/framework/testing/pkg05-build/assets/tab-strip-BVRkR7Di.js                                3.03 kB │ gzip:   1.38 kB
storage/framework/testing/pkg05-build/assets/_overview-map-card-BlzhYrcl.js                       3.06 kB │ gzip:   1.49 kB
storage/framework/testing/pkg05-build/assets/provisioning-manual-dialog-BbZftVwI.js               3.06 kB │ gzip:   1.53 kB
storage/framework/testing/pkg05-build/assets/reset-password-Cs1bG1Df.js                           3.08 kB │ gzip:   1.25 kB
storage/framework/testing/pkg05-build/assets/start-reconciliation-dialog-Cs-2f5tD.js              3.11 kB │ gzip:   1.29 kB
storage/framework/testing/pkg05-build/assets/two-factor-challenge-0owZaGXj.js                     3.13 kB │ gzip:   1.47 kB
storage/framework/testing/pkg05-build/assets/dictate-button-BAniZvG4.js                           3.14 kB │ gzip:   1.60 kB
storage/framework/testing/pkg05-build/assets/use-specialist-form-defaults-k5APWd7h.js             3.14 kB │ gzip:   1.56 kB
storage/framework/testing/pkg05-build/assets/client-edit-dialog-FtPUbs_A.js                       3.16 kB │ gzip:   1.58 kB
storage/framework/testing/pkg05-build/assets/record-care-actions-Cm9IG_-o.js                      3.18 kB │ gzip:   1.40 kB
storage/framework/testing/pkg05-build/assets/document-library-kit-CXUJhxhi.js                     3.19 kB │ gzip:   1.08 kB
storage/framework/testing/pkg05-build/assets/risk-assessments-DLgbgM-k.js                         3.21 kB │ gzip:   1.55 kB
storage/framework/testing/pkg05-build/assets/recorded-detail-dialog-w3KnKgzS.js                   3.22 kB │ gzip:   1.60 kB
storage/framework/testing/pkg05-build/assets/control-room-row-actions-DXA08TLI.js                 3.31 kB │ gzip:   1.49 kB
storage/framework/testing/pkg05-build/assets/_dialogs-Bnsd86dY.js                                 3.32 kB │ gzip:   1.44 kB
storage/framework/testing/pkg05-build/assets/leave-context-menu-DLPvYjQP.js                       3.33 kB │ gzip:   1.64 kB
storage/framework/testing/pkg05-build/assets/row-context-menu-BuvIqrKq.js                         3.33 kB │ gzip:   1.64 kB
storage/framework/testing/pkg05-build/assets/_context-menu-CeQQh61p.js                            3.33 kB │ gzip:   1.60 kB
storage/framework/testing/pkg05-build/assets/fleet-compact-hero-BWKCSgY3.js                       3.33 kB │ gzip:   1.45 kB
storage/framework/testing/pkg05-build/assets/compensation-tabs-BC2j7QiY.js                        3.34 kB │ gzip:   1.61 kB
storage/framework/testing/pkg05-build/assets/hs-hero-kit-D-gxNJ7R.js                              3.36 kB │ gzip:   1.55 kB
storage/framework/testing/pkg05-build/assets/task-steps-BVwFXcjF.js                               3.38 kB │ gzip:   1.58 kB
storage/framework/testing/pkg05-build/assets/shift-med-snapshot-DOigCE4F.js                       3.39 kB │ gzip:   1.37 kB
storage/framework/testing/pkg05-build/assets/device-profile-navigation-C0CI9HG0.js                3.40 kB │ gzip:   1.66 kB
storage/framework/testing/pkg05-build/assets/inspections-DV7WguPv.js                              3.42 kB │ gzip:   1.39 kB
storage/framework/testing/pkg05-build/assets/ra-register-section-TvGEe_84.js                      3.46 kB │ gzip:   1.76 kB
storage/framework/testing/pkg05-build/assets/command-Dk1O1sc-.js                                  3.47 kB │ gzip:   1.07 kB
storage/framework/testing/pkg05-build/assets/shift-context-menu-D0DgSK9K.js                       3.49 kB │ gzip:   1.66 kB
storage/framework/testing/pkg05-build/assets/posting-preview-BLWC2TSD.js                          3.51 kB │ gzip:   1.53 kB
storage/framework/testing/pkg05-build/assets/_emergency-checklist-jJ41_Sm0.js                     3.52 kB │ gzip:   1.53 kB
storage/framework/testing/pkg05-build/assets/handover-context-menu-CpBiLgSY.js                    3.55 kB │ gzip:   1.54 kB
storage/framework/testing/pkg05-build/assets/_readiness-panel-C1oPiatR.js                         3.59 kB │ gzip:   1.64 kB
storage/framework/testing/pkg05-build/assets/checklists-CMdR5SL2.js                               3.59 kB │ gzip:   1.71 kB
storage/framework/testing/pkg05-build/assets/checks-model-BpbAC4Rm.js                             3.63 kB │ gzip:   1.63 kB
storage/framework/testing/pkg05-build/assets/journey-term-help-EdzUhCx6.js                        3.64 kB │ gzip:   1.45 kB
storage/framework/testing/pkg05-build/assets/my-provisioning-list-tjc8XPQp.js                     3.67 kB │ gzip:   1.70 kB
storage/framework/testing/pkg05-build/assets/site-profile-states-Btd4jnFS.js                      3.69 kB │ gzip:   1.45 kB
storage/framework/testing/pkg05-build/assets/alert-dialog-CTbWLyiF.js                             3.76 kB │ gzip:   1.10 kB
storage/framework/testing/pkg05-build/assets/resolution-voting-Bpa7_z73.js                        3.78 kB │ gzip:   1.69 kB
storage/framework/testing/pkg05-build/assets/_geometry-Dx1kFP0e.js                                3.80 kB │ gzip:   1.60 kB
storage/framework/testing/pkg05-build/assets/configured-questions-B8ztp8hj.js                     3.86 kB │ gzip:   1.82 kB
storage/framework/testing/pkg05-build/assets/register-BFwlVG51.js                                 3.88 kB │ gzip:   1.46 kB
storage/framework/testing/pkg05-build/assets/MedicationScanVerificationPanel-CW9dQBPt.js          3.89 kB │ gzip:   1.61 kB
storage/framework/testing/pkg05-build/assets/task-detail-dialog-CizIq7aQ.js                       3.90 kB │ gzip:   1.78 kB
storage/framework/testing/pkg05-build/assets/reference-questionnaire-CcMMzOn8.js                  3.94 kB │ gzip:   1.82 kB
storage/framework/testing/pkg05-build/assets/ticket-version-conflict-B96DCvjq.js                  3.96 kB │ gzip:   1.80 kB
storage/framework/testing/pkg05-build/assets/shift-timeline-summary-flJTKn6M.js                   3.99 kB │ gzip:   1.66 kB
storage/framework/testing/pkg05-build/assets/edit-CIZlCsl6.js                                     4.00 kB │ gzip:   1.77 kB
storage/framework/testing/pkg05-build/assets/login-CDhWvxOe.js                                    4.01 kB │ gzip:   1.72 kB
storage/framework/testing/pkg05-build/assets/governed-location-export-dialog-DWMXK_N1.js          4.01 kB │ gzip:   1.97 kB
storage/framework/testing/pkg05-build/assets/shared-BytvG9JZ.js                                   4.01 kB │ gzip:   1.96 kB
storage/framework/testing/pkg05-build/assets/finance-period-filter-DH4oq67C.js                    4.02 kB │ gzip:   1.91 kB
storage/framework/testing/pkg05-build/assets/calendar-L-eeBMvT.js                                 4.06 kB │ gzip:   1.80 kB
storage/framework/testing/pkg05-build/assets/shift-summary-C_9_Aln6.js                            4.07 kB │ gzip:   1.68 kB
storage/framework/testing/pkg05-build/assets/workspace-model-CTDC_Qgb.js                          4.10 kB │ gzip:   1.78 kB
storage/framework/testing/pkg05-build/assets/index-Bpzl9rqK.js                                    4.13 kB │ gzip:   0.83 kB
storage/framework/testing/pkg05-build/assets/entity-cells-CK5EgtnQ.js                             4.13 kB │ gzip:   1.63 kB
storage/framework/testing/pkg05-build/assets/use-two-factor-auth-Cgu4QAAu.js                      4.15 kB │ gzip:   1.77 kB
storage/framework/testing/pkg05-build/assets/empty-state-C5dGmRap.js                              4.18 kB │ gzip:   1.85 kB
storage/framework/testing/pkg05-build/assets/board-bits-BLvMNk_W.js                               4.19 kB │ gzip:   1.58 kB
storage/framework/testing/pkg05-build/assets/specialist-record-list-TiGv9yrL.js                   4.23 kB │ gzip:   1.98 kB
storage/framework/testing/pkg05-build/assets/hazards-Dwwwydhj.js                                  4.24 kB │ gzip:   1.95 kB
storage/framework/testing/pkg05-build/assets/documents-Y41hGCcO.js                                4.28 kB │ gzip:   1.90 kB
storage/framework/testing/pkg05-build/assets/estate-operations-lcmjFoxM.js                        4.29 kB │ gzip:   1.73 kB
storage/framework/testing/pkg05-build/assets/generate-rounds-modal-B2yKtJO8.js                    4.33 kB │ gzip:   2.12 kB
storage/framework/testing/pkg05-build/assets/wizard-fields-CkQvs5wg.js                            4.34 kB │ gzip:   1.90 kB
storage/framework/testing/pkg05-build/assets/first-aid-tab-74I0FiLQ.js                            4.34 kB │ gzip:   1.78 kB
storage/framework/testing/pkg05-build/assets/assets-CFEhBA6I.js                                   4.37 kB │ gzip:   1.73 kB
storage/framework/testing/pkg05-build/assets/login-TMpwaxcB.js                                    4.37 kB │ gzip:   1.85 kB
storage/framework/testing/pkg05-build/assets/privacy-shared-CPtezgzs.js                           4.39 kB │ gzip:   1.66 kB
storage/framework/testing/pkg05-build/assets/_shared-BTT9bSou.js                                  4.41 kB │ gzip:   1.90 kB
storage/framework/testing/pkg05-build/assets/_dialogs-B389W5Xm.js                                 4.43 kB │ gzip:   1.81 kB
storage/framework/testing/pkg05-build/assets/shift-audit-timeline-BK-ai4Aj.js                     4.49 kB │ gzip:   1.82 kB
storage/framework/testing/pkg05-build/assets/shared-DOCRvXKu.js                                   4.50 kB │ gzip:   1.74 kB
storage/framework/testing/pkg05-build/assets/applicable-procedures-panel-CfCA4GX0.js              4.52 kB │ gzip:   1.75 kB
storage/framework/testing/pkg05-build/assets/task-help-DipC9XgB.js                                4.61 kB │ gzip:   1.95 kB
storage/framework/testing/pkg05-build/assets/client-clinical-launchers-DZ3iMZPz.js                4.62 kB │ gzip:   2.11 kB
storage/framework/testing/pkg05-build/assets/meal-planner-DXPknS3A.js                             4.69 kB │ gzip:   2.19 kB
storage/framework/testing/pkg05-build/assets/Create-D5CaNqsX.js                                   4.69 kB │ gzip:   2.10 kB
storage/framework/testing/pkg05-build/assets/incidents-tab-CzH8SSX8.js                            4.72 kB │ gzip:   1.85 kB
storage/framework/testing/pkg05-build/assets/_dialogs-4ELw7qjC.js                                 4.75 kB │ gzip:   2.19 kB
storage/framework/testing/pkg05-build/assets/AgedPayables-CIv5Ten6.js                             4.75 kB │ gzip:   2.13 kB
storage/framework/testing/pkg05-build/assets/AgedReceivables-r4ZnS9dC.js                          4.76 kB │ gzip:   2.13 kB
storage/framework/testing/pkg05-build/assets/donut-card-BwnfSjei.js                               4.76 kB │ gzip:   2.08 kB
storage/framework/testing/pkg05-build/assets/control-room-workspace-hero-CYeQ2zE0.js              4.76 kB │ gzip:   2.26 kB
storage/framework/testing/pkg05-build/assets/dialog-D_Eyc3J0.js                                   4.80 kB │ gzip:   1.63 kB
storage/framework/testing/pkg05-build/assets/_asset-dialogs-Bdp292gS.js                           4.83 kB │ gzip:   2.30 kB
storage/framework/testing/pkg05-build/assets/Edit-D8S7MbtJ.js                                     4.87 kB │ gzip:   2.24 kB
storage/framework/testing/pkg05-build/assets/hardware-hDt_prQQ.js                                 4.89 kB │ gzip:   2.15 kB
storage/framework/testing/pkg05-build/assets/entity-filter-Bkz50XX7.js                            4.89 kB │ gzip:   2.28 kB
storage/framework/testing/pkg05-build/assets/concern-WjkOZ1cC.js                                  4.93 kB │ gzip:   2.27 kB
storage/framework/testing/pkg05-build/assets/permission-destinations-CP42qCXR.js                  4.93 kB │ gzip:   1.13 kB
storage/framework/testing/pkg05-build/assets/page-tabs-BekTTtvA.js                                4.94 kB │ gzip:   2.03 kB
storage/framework/testing/pkg05-build/assets/_dialogs-DFF-M7GQ.js                                 4.97 kB │ gzip:   2.33 kB
storage/framework/testing/pkg05-build/assets/whats-next-rail-BEs-Bi7m.js                          4.99 kB │ gzip:   2.37 kB
storage/framework/testing/pkg05-build/assets/_dialogs-DOgsQfKh.js                                 5.03 kB │ gzip:   2.03 kB
storage/framework/testing/pkg05-build/assets/leave-calendar-range-GU6i_Pti.js                     5.04 kB │ gzip:   2.26 kB
storage/framework/testing/pkg05-build/assets/_dialogs-BiffEPFf.js                                 5.10 kB │ gzip:   2.37 kB
storage/framework/testing/pkg05-build/assets/client-safety-ribbon-CcBvLgu_.js                     5.10 kB │ gzip:   2.25 kB
storage/framework/testing/pkg05-build/assets/show-S0UZkgG9.js                                     5.12 kB │ gzip:   2.37 kB
storage/framework/testing/pkg05-build/assets/fleet-navigation-C7Hfmdo3.js                         5.17 kB │ gzip:   2.00 kB
storage/framework/testing/pkg05-build/assets/_evidence-BBR5JBtJ.js                                5.17 kB │ gzip:   2.19 kB
storage/framework/testing/pkg05-build/assets/prn-effect-dialog-CPwnv0gS.js                        5.19 kB │ gzip:   2.28 kB
storage/framework/testing/pkg05-build/assets/Placeholder-dR-fSu_0.js                              5.20 kB │ gzip:   2.44 kB
storage/framework/testing/pkg05-build/assets/shared-84tck8mv.js                                   5.20 kB │ gzip:   2.05 kB
storage/framework/testing/pkg05-build/assets/day-picker-chip-CSyffkf7.js                          5.21 kB │ gzip:   2.23 kB
storage/framework/testing/pkg05-build/assets/list-view-DrZR--8y.js                                5.22 kB │ gzip:   1.83 kB
storage/framework/testing/pkg05-build/assets/plan-DeX3VzPW.js                                     5.22 kB │ gzip:   2.32 kB
storage/framework/testing/pkg05-build/assets/before-you-finish-Bz2oYT-c.js                        5.25 kB │ gzip:   2.13 kB
storage/framework/testing/pkg05-build/assets/wizard-shell-uBTBQ7FL.js                             5.31 kB │ gzip:   2.31 kB
storage/framework/testing/pkg05-build/assets/application-status-D6_xkcSi.js                       5.31 kB │ gzip:   2.16 kB
storage/framework/testing/pkg05-build/assets/index-Cc0wy7VO.js                                    5.32 kB │ gzip:   2.36 kB
storage/framework/testing/pkg05-build/assets/care-plan-domains-builder-D4jdbA1W.js                5.33 kB │ gzip:   2.07 kB
storage/framework/testing/pkg05-build/assets/shared-CmyqTydH.js                                   5.34 kB │ gzip:   2.38 kB
storage/framework/testing/pkg05-build/assets/entity-menu-B7bPPqF_.js                              5.35 kB │ gzip:   2.46 kB
storage/framework/testing/pkg05-build/assets/paperwork-panel-s7-SBu8f.js                          5.38 kB │ gzip:   2.34 kB
storage/framework/testing/pkg05-build/assets/show-BwnApkUC.js                                     5.38 kB │ gzip:   2.39 kB
storage/framework/testing/pkg05-build/assets/contacts-B7VWsBXP.js                                 5.42 kB │ gzip:   2.32 kB
storage/framework/testing/pkg05-build/assets/_thumbnail-CgWsCDDh.js                               5.43 kB │ gzip:   2.56 kB
storage/framework/testing/pkg05-build/assets/fleet-charts-BD3Cp0FY.js                             5.50 kB │ gzip:   2.46 kB
storage/framework/testing/pkg05-build/assets/global-gqpiJQtr.js                                   5.51 kB │ gzip:   2.46 kB
storage/framework/testing/pkg05-build/assets/Index-Bwmbc3N7.js                                    5.52 kB │ gzip:   2.48 kB
storage/framework/testing/pkg05-build/assets/show-BM1zvBFt.js                                     5.53 kB │ gzip:   2.53 kB
storage/framework/testing/pkg05-build/assets/show-nt4xcA4X.js                                     5.54 kB │ gzip:   2.34 kB
storage/framework/testing/pkg05-build/assets/show-CZyMg3IL.js                                     5.55 kB │ gzip:   2.31 kB
storage/framework/testing/pkg05-build/assets/date-popover-BsoE5E1S.js                             5.60 kB │ gzip:   2.41 kB
storage/framework/testing/pkg05-build/assets/audit-log-modal-9rxm8_ou.js                          5.60 kB │ gzip:   2.52 kB
storage/framework/testing/pkg05-build/assets/index-D_gNgcjy.js                                    5.63 kB │ gzip:   2.49 kB
storage/framework/testing/pkg05-build/assets/medication-review-modal-BVgMf_c5.js                  5.64 kB │ gzip:   2.55 kB
storage/framework/testing/pkg05-build/assets/entity-table-DAcYV2EU.js                             5.74 kB │ gzip:   2.40 kB
storage/framework/testing/pkg05-build/assets/index-DQu3vLDN.js                                    5.74 kB │ gzip:   2.56 kB
storage/framework/testing/pkg05-build/assets/complete-obligation-dialog-BiszUpWb.js               5.76 kB │ gzip:   2.57 kB
storage/framework/testing/pkg05-build/assets/Calendar-QAVlmcfj.js                                 5.78 kB │ gzip:   2.62 kB
storage/framework/testing/pkg05-build/assets/rhythms-routines-wyE49HlV.js                         5.79 kB │ gzip:   2.63 kB
storage/framework/testing/pkg05-build/assets/index-CHTTRlau.js                                    5.83 kB │ gzip:   2.66 kB
storage/framework/testing/pkg05-build/assets/select-BWdOJRof.js                                   5.86 kB │ gzip:   1.90 kB
storage/framework/testing/pkg05-build/assets/multi-entity-filter-C6kGGfqe.js                      5.86 kB │ gzip:   2.62 kB
storage/framework/testing/pkg05-build/assets/_shared-B9pOYkYh.js                                  5.88 kB │ gzip:   2.59 kB
storage/framework/testing/pkg05-build/assets/dropdown-menu-DmMw3UXJ.js                            5.88 kB │ gzip:   1.65 kB
storage/framework/testing/pkg05-build/assets/stat-tile-DcEOif3_.js                                5.89 kB │ gzip:   2.51 kB
storage/framework/testing/pkg05-build/assets/GovernanceAttachmentsPanel-CjKaFWFG.js               5.91 kB │ gzip:   2.49 kB
storage/framework/testing/pkg05-build/assets/index-CtprqPdW.js                                    5.94 kB │ gzip:   2.75 kB
storage/framework/testing/pkg05-build/assets/_helpers-DwqyaCzE.js                                 5.94 kB │ gzip:   2.45 kB
storage/framework/testing/pkg05-build/assets/index-Dk0hrb-A.js                                    5.98 kB │ gzip:   2.71 kB
storage/framework/testing/pkg05-build/assets/audit-Bs-64Io6.js                                    5.98 kB │ gzip:   2.69 kB
storage/framework/testing/pkg05-build/assets/index-CmvjRZgP.js                                    6.00 kB │ gzip:   2.59 kB
storage/framework/testing/pkg05-build/assets/compliance-bits-CPBFCQyK.js                          6.02 kB │ gzip:   2.53 kB
storage/framework/testing/pkg05-build/assets/report-page-CU9HL8K7.js                              6.03 kB │ gzip:   2.83 kB
storage/framework/testing/pkg05-build/assets/link-client-dialog-DjJlx0dr.js                       6.06 kB │ gzip:   2.58 kB
storage/framework/testing/pkg05-build/assets/stream-context-menu-CRPtxNPd.js                      6.08 kB │ gzip:   2.79 kB
storage/framework/testing/pkg05-build/assets/food-meal-B_Mx7WXK.js                                6.12 kB │ gzip:   2.11 kB
storage/framework/testing/pkg05-build/assets/BoardMonthly-CTCg__po.js                             6.14 kB │ gzip:   2.84 kB
storage/framework/testing/pkg05-build/assets/index-DWoF_nyh.js                                    6.14 kB │ gzip:   2.81 kB
storage/framework/testing/pkg05-build/assets/with-concerns-3qf57D-l.js                            6.15 kB │ gzip:   2.73 kB
storage/framework/testing/pkg05-build/assets/with-incidents-DZ0Nj_lY.js                           6.15 kB │ gzip:   2.73 kB
storage/framework/testing/pkg05-build/assets/show-D1k0D58s.js                                     6.18 kB │ gzip:   2.80 kB
storage/framework/testing/pkg05-build/assets/index-BRlwGXY8.js                                    6.18 kB │ gzip:   2.75 kB
storage/framework/testing/pkg05-build/assets/compliance-hub-header-22zE-xH_.js                    6.22 kB │ gzip:   2.75 kB
storage/framework/testing/pkg05-build/assets/index-C-rnOWt7.js                                    6.23 kB │ gzip:   2.79 kB
storage/framework/testing/pkg05-build/assets/emergency-plan-BNdsc5z-.js                           6.23 kB │ gzip:   2.79 kB
storage/framework/testing/pkg05-build/assets/show-CN8XJnja.js                                     6.26 kB │ gzip:   2.49 kB
storage/framework/testing/pkg05-build/assets/recognition-wizard-W-WkePB6.js                       6.27 kB │ gzip:   2.43 kB
storage/framework/testing/pkg05-build/assets/Calendar-B-_NX34K.js                                 6.28 kB │ gzip:   2.84 kB
storage/framework/testing/pkg05-build/assets/index-Cg1k0ULW.js                                    6.32 kB │ gzip:   2.80 kB
storage/framework/testing/pkg05-build/assets/for-stay-3dCMNUDR.js                                 6.33 kB │ gzip:   2.79 kB
storage/framework/testing/pkg05-build/assets/report-eKYv4ntU.js                                   6.34 kB │ gzip:   2.89 kB
storage/framework/testing/pkg05-build/assets/create-CUeDjFzx.js                                   6.35 kB │ gzip:   2.62 kB
storage/framework/testing/pkg05-build/assets/quick-note-dialog-CQMIoTn8.js                        6.36 kB │ gzip:   2.65 kB
storage/framework/testing/pkg05-build/assets/show-8LsxH1-E.js                                     6.37 kB │ gzip:   2.83 kB
storage/framework/testing/pkg05-build/assets/use-my-day-labels-Cu-spPls.js                        6.38 kB │ gzip:   2.60 kB
storage/framework/testing/pkg05-build/assets/entity-card-Ci_5aY3w.js                              6.39 kB │ gzip:   2.73 kB
storage/framework/testing/pkg05-build/assets/stock-movement-modal-tMZoxRSj.js                     6.40 kB │ gzip:   2.62 kB
storage/framework/testing/pkg05-build/assets/Create-MFly5Wn-.js                                   6.41 kB │ gzip:   2.93 kB
storage/framework/testing/pkg05-build/assets/offer-response-2TETVwA_.js                           6.41 kB │ gzip:   2.61 kB
storage/framework/testing/pkg05-build/assets/compensation-hero--M0Sk--T.js                        6.42 kB │ gzip:   2.49 kB
storage/framework/testing/pkg05-build/assets/overdue-DhJ1EFkw.js                                  6.47 kB │ gzip:   2.83 kB
storage/framework/testing/pkg05-build/assets/auto-rule-builder-B5E_IS26.js                        6.50 kB │ gzip:   2.43 kB
storage/framework/testing/pkg05-build/assets/tabs-DO27zvX6.js                                     6.50 kB │ gzip:   2.68 kB
storage/framework/testing/pkg05-build/assets/unacknowledged-BMBxa8Sz.js                           6.51 kB │ gzip:   2.82 kB
storage/framework/testing/pkg05-build/assets/overdue-Bpsg0CXp.js                                  6.51 kB │ gzip:   2.83 kB
storage/framework/testing/pkg05-build/assets/my-active-jgBMf8IT.js                                6.51 kB │ gzip:   2.89 kB
storage/framework/testing/pkg05-build/assets/list-view-DFgTmfcc.js                                6.53 kB │ gzip:   2.37 kB
storage/framework/testing/pkg05-build/assets/Create-Bba5DoW9.js                                   6.54 kB │ gzip:   2.94 kB
storage/framework/testing/pkg05-build/assets/clients-B2xwoWwp.js                                  6.54 kB │ gzip:   2.78 kB
storage/framework/testing/pkg05-build/assets/ppe-shared-BWWfKBU3.js                               6.56 kB │ gzip:   2.65 kB
storage/framework/testing/pkg05-build/assets/trend-charts-Ci7H6wwR.js                             6.57 kB │ gzip:   2.53 kB
storage/framework/testing/pkg05-build/assets/maps-usage-DEulcebX.js                               6.59 kB │ gzip:   2.89 kB
storage/framework/testing/pkg05-build/assets/actions-reviews-Dlwb4xrK.js                          6.59 kB │ gzip:   2.69 kB
storage/framework/testing/pkg05-build/assets/sortable.esm-TrASzQ3t.js                             6.64 kB │ gzip:   2.78 kB
storage/framework/testing/pkg05-build/assets/meal-planner-BuInWXkx.js                             6.68 kB │ gzip:   2.97 kB
storage/framework/testing/pkg05-build/assets/_workspace-CPT9_mAi.js                               6.70 kB │ gzip:   2.73 kB
storage/framework/testing/pkg05-build/assets/for-client-DB_uvfxz.js                               6.71 kB │ gzip:   2.91 kB
storage/framework/testing/pkg05-build/assets/_registers-DprtUv3E.js                               6.75 kB │ gzip:   2.64 kB
storage/framework/testing/pkg05-build/assets/shift-calendar-view-DqJt-8zV.js                      6.78 kB │ gzip:   2.74 kB
storage/framework/testing/pkg05-build/assets/index-BKuL1aI8.js                                    6.82 kB │ gzip:   1.08 kB
storage/framework/testing/pkg05-build/assets/handover-rail-D5KjakVz.js                            6.82 kB │ gzip:   2.89 kB
storage/framework/testing/pkg05-build/assets/needing-acknowledgment-CWvT0RiI.js                   6.83 kB │ gzip:   2.90 kB
storage/framework/testing/pkg05-build/assets/for-stay-ap2FjPn-.js                                 6.85 kB │ gzip:   3.02 kB
storage/framework/testing/pkg05-build/assets/checklist-trends-CqILYKxb.js                         6.87 kB │ gzip:   2.97 kB
storage/framework/testing/pkg05-build/assets/assignments-C5Rt1mS_.js                              6.88 kB │ gzip:   3.25 kB
storage/framework/testing/pkg05-build/assets/clock-in-wizard-Bg8yiZS3.js                          6.88 kB │ gzip:   2.95 kB
storage/framework/testing/pkg05-build/assets/board-view-DgTGk1be.js                               6.89 kB │ gzip:   2.72 kB
storage/framework/testing/pkg05-build/assets/show-AKUGKOn6.js                                     6.90 kB │ gzip:   3.18 kB
storage/framework/testing/pkg05-build/assets/day-work-list-B4oCOr4N.js                            6.91 kB │ gzip:   2.82 kB
storage/framework/testing/pkg05-build/assets/index-WxHkrzrI.js                                    6.94 kB │ gzip:   2.81 kB
storage/framework/testing/pkg05-build/assets/for-stay-B9AzuIso.js                                 6.96 kB │ gzip:   3.10 kB
storage/framework/testing/pkg05-build/assets/_dialogs-DosrpeZA.js                                 7.01 kB │ gzip:   3.22 kB
storage/framework/testing/pkg05-build/assets/my-tasks-C1ic1qq6.js                                 7.04 kB │ gzip:   3.09 kB
storage/framework/testing/pkg05-build/assets/_header-CF1G-Znh.js                                  7.05 kB │ gzip:   3.27 kB
storage/framework/testing/pkg05-build/assets/alert-worklist-Da1JdKLz.js                           7.05 kB │ gzip:   2.64 kB
storage/framework/testing/pkg05-build/assets/agreements-COIv7bHH.js                               7.07 kB │ gzip:   3.27 kB
storage/framework/testing/pkg05-build/assets/combined-DXNh8cBV.js                                 7.07 kB │ gzip:   3.01 kB
storage/framework/testing/pkg05-build/assets/awaiting-approval-CuS6bOKF.js                        7.08 kB │ gzip:   3.03 kB
storage/framework/testing/pkg05-build/assets/_site-geofence-dialog-B7TtyW3F.js                    7.09 kB │ gzip:   2.72 kB
storage/framework/testing/pkg05-build/assets/Calendar-D7pZ8oAa.js                                 7.12 kB │ gzip:   3.17 kB
storage/framework/testing/pkg05-build/assets/index-BJQH15P4.js                                    7.12 kB │ gzip:   3.04 kB
storage/framework/testing/pkg05-build/assets/Index-BmKpMCTh.js                                    7.13 kB │ gzip:   3.06 kB
storage/framework/testing/pkg05-build/assets/assets-Dk6vuqMQ.js                                   7.13 kB │ gzip:   2.96 kB
storage/framework/testing/pkg05-build/assets/reports-modal-CaxumZxU.js                            7.13 kB │ gzip:   2.97 kB
storage/framework/testing/pkg05-build/assets/checklist-950NQp5U.js                                7.14 kB │ gzip:   3.10 kB
storage/framework/testing/pkg05-build/assets/monitoring-incident-evidence-card-Dgcy_Bnf.js        7.16 kB │ gzip:   2.51 kB
storage/framework/testing/pkg05-build/assets/Show-CaXOn5Xs.js                                     7.17 kB │ gzip:   2.94 kB
storage/framework/testing/pkg05-build/assets/_dialogs-D5TzT9q-.js                                 7.17 kB │ gzip:   3.06 kB
storage/framework/testing/pkg05-build/assets/fix-clock-out-wizard-D_7olJWI.js                     7.18 kB │ gzip:   3.07 kB
storage/framework/testing/pkg05-build/assets/_dialogs-DuqJnTo6.js                                 7.19 kB │ gzip:   3.02 kB
storage/framework/testing/pkg05-build/assets/fleet-hero-kit-B-bj0z5r.js                           7.19 kB │ gzip:   2.89 kB
storage/framework/testing/pkg05-build/assets/Index-Csgm3XFA.js                                    7.19 kB │ gzip:   3.05 kB
storage/framework/testing/pkg05-build/assets/Show-DnvCeLQt.js                                     7.20 kB │ gzip:   3.06 kB
storage/framework/testing/pkg05-build/assets/leave-excursions-glspACcv.js                         7.21 kB │ gzip:   2.38 kB
storage/framework/testing/pkg05-build/assets/preferences-DBirb9Bz.js                              7.25 kB │ gzip:   3.24 kB
storage/framework/testing/pkg05-build/assets/review-DHzpiRTY.js                                   7.27 kB │ gzip:   3.10 kB
storage/framework/testing/pkg05-build/assets/new-journal-dialog-CnaNgD-K.js                       7.31 kB │ gzip:   2.69 kB
storage/framework/testing/pkg05-build/assets/respite-Jl93m7J7.js                                  7.31 kB │ gzip:   2.81 kB
storage/framework/testing/pkg05-build/assets/people-picker-DnDO60gH.js                            7.35 kB │ gzip:   3.14 kB
storage/framework/testing/pkg05-build/assets/index-C8JNUZtM.js                                    7.37 kB │ gzip:   3.11 kB
storage/framework/testing/pkg05-build/assets/index-2jhngWpA.js                                    7.37 kB │ gzip:   3.11 kB
storage/framework/testing/pkg05-build/assets/provisioning-picker-DBCNWBBD.js                      7.39 kB │ gzip:   3.29 kB
storage/framework/testing/pkg05-build/assets/create-De2umfyy.js                                   7.46 kB │ gzip:   3.26 kB
storage/framework/testing/pkg05-build/assets/_review-dialog-Bkf1j8Mz.js                           7.47 kB │ gzip:   3.13 kB
storage/framework/testing/pkg05-build/assets/Edit-B18UZJtY.js                                     7.47 kB │ gzip:   3.21 kB
storage/framework/testing/pkg05-build/assets/create-BIXLRfuA.js                                   7.48 kB │ gzip:   3.14 kB
storage/framework/testing/pkg05-build/assets/_dialogs-DDmCo7hO.js                                 7.51 kB │ gzip:   2.47 kB
storage/framework/testing/pkg05-build/assets/compliance-hero-jW2Ifz-L.js                          7.56 kB │ gzip:   2.61 kB
storage/framework/testing/pkg05-build/assets/shared-GzTy-v1O.js                                   7.61 kB │ gzip:   3.05 kB
storage/framework/testing/pkg05-build/assets/payroll-adjustments-DU55KMCq.js                      7.64 kB │ gzip:   3.06 kB
storage/framework/testing/pkg05-build/assets/deletion-logs-CanI_jDs.js                            7.71 kB │ gzip:   3.33 kB
storage/framework/testing/pkg05-build/assets/show-DADOzN23.js                                     7.75 kB │ gzip:   3.13 kB
storage/framework/testing/pkg05-build/assets/report-error-modal-Cn7IETB9.js                       7.76 kB │ gzip:   3.27 kB
storage/framework/testing/pkg05-build/assets/communication-notes-BhCiwF4C.js                      7.79 kB │ gzip:   3.17 kB
storage/framework/testing/pkg05-build/assets/for-stay-vmNit4zF.js                                 7.80 kB │ gzip:   3.26 kB
storage/framework/testing/pkg05-build/assets/assignments-B3dx_nbC.js                              7.82 kB │ gzip:   3.56 kB
storage/framework/testing/pkg05-build/assets/medical-simple-CfgNjhTO.js                           7.86 kB │ gzip:   3.44 kB
storage/framework/testing/pkg05-build/assets/index-C2aqdcbh.js                                    7.90 kB │ gzip:   3.27 kB
storage/framework/testing/pkg05-build/assets/history-index-p2XusjOj.js                            7.92 kB │ gzip:   3.47 kB
storage/framework/testing/pkg05-build/assets/Submissions-zc-gIJI5.js                              7.93 kB │ gzip:   3.69 kB
storage/framework/testing/pkg05-build/assets/daily-note-entry-B8VGlVbg.js                         7.97 kB │ gzip:   3.03 kB
storage/framework/testing/pkg05-build/assets/pending-xUP6xGv7.js                                  7.98 kB │ gzip:   3.39 kB
storage/framework/testing/pkg05-build/assets/index-XQSovgyx.js                                    7.98 kB │ gzip:   3.36 kB
storage/framework/testing/pkg05-build/assets/show-Kxx0M5ts.js                                     8.02 kB │ gzip:   3.52 kB
storage/framework/testing/pkg05-build/assets/from-resolution-9WYbGtzA.js                          8.07 kB │ gzip:   3.58 kB
storage/framework/testing/pkg05-build/assets/file-dropzone-DvjHfugv.js                            8.08 kB │ gzip:   3.49 kB
storage/framework/testing/pkg05-build/assets/audit-history-DEVaBN48.js                            8.13 kB │ gzip:   3.26 kB
storage/framework/testing/pkg05-build/assets/shoutouts-CLVsFgin.js                                8.16 kB │ gzip:   3.54 kB
storage/framework/testing/pkg05-build/assets/notifications-B3JE8yrz.js                            8.17 kB │ gzip:   3.59 kB
storage/framework/testing/pkg05-build/assets/_tool-palette-DlCueO7m.js                            8.20 kB │ gzip:   2.99 kB
storage/framework/testing/pkg05-build/assets/work-schedule-Bmwfuzsr.js                            8.26 kB │ gzip:   3.42 kB
storage/framework/testing/pkg05-build/assets/shell-4YNX6C31.js                                    8.30 kB │ gzip:   2.99 kB
storage/framework/testing/pkg05-build/assets/availability-CgXWjpNo.js                             8.31 kB │ gzip:   3.67 kB
storage/framework/testing/pkg05-build/assets/index-HzkNCnZd.js                                    8.37 kB │ gzip:   3.16 kB
storage/framework/testing/pkg05-build/assets/incidents-BJfwLBTh.js                                8.39 kB │ gzip:   3.34 kB
storage/framework/testing/pkg05-build/assets/round-template-dialog-1I2VAu8l.js                    8.39 kB │ gzip:   3.49 kB
storage/framework/testing/pkg05-build/assets/reassign-dialog-BIaeyiEV.js                          8.42 kB │ gzip:   3.60 kB
storage/framework/testing/pkg05-build/assets/password-CAraRLrW.js                                 8.43 kB │ gzip:   3.35 kB
storage/framework/testing/pkg05-build/assets/attestations-CeGoM3w3.js                             8.44 kB │ gzip:   3.64 kB
storage/framework/testing/pkg05-build/assets/index-Dlg97wMc.js                                    8.44 kB │ gzip:   1.27 kB
storage/framework/testing/pkg05-build/assets/form-wizard-BuKlZ5Nr.js                              8.49 kB │ gzip:   3.50 kB
storage/framework/testing/pkg05-build/assets/my-day-header-CmHF33So.js                            8.50 kB │ gzip:   3.70 kB
storage/framework/testing/pkg05-build/assets/_dialogs-DX5Z-HCg.js                                 8.57 kB │ gzip:   3.32 kB
storage/framework/testing/pkg05-build/assets/index-CuuwrIhI.js                                    8.60 kB │ gzip:   1.25 kB
storage/framework/testing/pkg05-build/assets/asset-condition-2UABwKyX.js                          8.66 kB │ gzip:   3.46 kB
storage/framework/testing/pkg05-build/assets/credentials-2UOzdC1f.js                              8.66 kB │ gzip:   3.54 kB
storage/framework/testing/pkg05-build/assets/settings-CpvyYDOp.js                                 8.67 kB │ gzip:   3.75 kB
storage/framework/testing/pkg05-build/assets/primitives-z6GyFork.js                               8.69 kB │ gzip:   3.27 kB
storage/framework/testing/pkg05-build/assets/bank-account-dialog-D4fGhm0p.js                      8.70 kB │ gzip:   3.39 kB
storage/framework/testing/pkg05-build/assets/index-fUEK3RvT.js                                    8.72 kB │ gzip:   3.71 kB
storage/framework/testing/pkg05-build/assets/index-AV8kUd1B.js                                    8.72 kB │ gzip:   3.71 kB
storage/framework/testing/pkg05-build/assets/new-account-dialog-D26mNz6j.js                       8.74 kB │ gzip:   3.41 kB
storage/framework/testing/pkg05-build/assets/personal-entry-dialog-DDHFPVuE.js                    8.79 kB │ gzip:   3.29 kB
storage/framework/testing/pkg05-build/assets/show-uCSiCbBy.js                                     8.85 kB │ gzip:   3.01 kB
storage/framework/testing/pkg05-build/assets/add-medication-modal-CfHsvrsP.js                     8.87 kB │ gzip:   3.65 kB
storage/framework/testing/pkg05-build/assets/show-gW7OcszV.js                                     8.91 kB │ gzip:   3.97 kB
storage/framework/testing/pkg05-build/assets/overdue-actions-DD_-c8on.js                          8.95 kB │ gzip:   3.71 kB
storage/framework/testing/pkg05-build/assets/timeline-interactions-D94b44NE.js                    8.96 kB │ gzip:   3.62 kB
storage/framework/testing/pkg05-build/assets/record-DFDgA_Ny.js                                   8.98 kB │ gzip:   4.06 kB
storage/framework/testing/pkg05-build/assets/Index-kDwt3EGA.js                                    8.99 kB │ gzip:   3.80 kB
storage/framework/testing/pkg05-build/assets/fleet-5CnSJwFP.js                                    9.05 kB │ gzip:   3.15 kB
storage/framework/testing/pkg05-build/assets/assess-BnJsiIn4.js                                   9.06 kB │ gzip:   3.77 kB
storage/framework/testing/pkg05-build/assets/hero-kit-BpPyqA8N.js                                 9.08 kB │ gzip:   2.98 kB
storage/framework/testing/pkg05-build/assets/Index-D2_TzuXw.js                                    9.08 kB │ gzip:   3.89 kB
storage/framework/testing/pkg05-build/assets/index-4WMkL4cT.js                                    9.09 kB │ gzip:   3.78 kB
storage/framework/testing/pkg05-build/assets/ClientTrends-DhwREpkg.js                             9.10 kB │ gzip:   3.89 kB
storage/framework/testing/pkg05-build/assets/file-8cu2_DK6.js                                     9.11 kB │ gzip:   3.86 kB
storage/framework/testing/pkg05-build/assets/Index-CXX_0yIv.js                                    9.20 kB │ gzip:   3.67 kB
storage/framework/testing/pkg05-build/assets/index-BaAcNQw0.js                                    9.23 kB │ gzip:   3.93 kB
storage/framework/testing/pkg05-build/assets/index-TtewdFZt.js                                    9.23 kB │ gzip:   3.62 kB
storage/framework/testing/pkg05-build/assets/index-DAPphWAE.js                                    9.24 kB │ gzip:   4.00 kB
storage/framework/testing/pkg05-build/assets/note-rail-D2INQ_8J.js                                9.29 kB │ gzip:   3.54 kB
storage/framework/testing/pkg05-build/assets/CarePlans-DuyS8Hoi.js                                9.31 kB │ gzip:   3.74 kB
storage/framework/testing/pkg05-build/assets/shift-show-redesign-C8SovRiQ.js                      9.34 kB │ gzip:   3.58 kB
storage/framework/testing/pkg05-build/assets/reports-D9Wm9coA.js                                  9.36 kB │ gzip:   3.89 kB
storage/framework/testing/pkg05-build/assets/knowledge-related-records-r4xO1gwJ.js                9.37 kB │ gzip:   3.78 kB
storage/framework/testing/pkg05-build/assets/Show-CoXVRrWV.js                                     9.37 kB │ gzip:   4.16 kB
storage/framework/testing/pkg05-build/assets/cd-register-modal-DJag6JZ8.js                        9.37 kB │ gzip:   3.85 kB
storage/framework/testing/pkg05-build/assets/_manage-types-dialog-CwVEOucr.js                     9.39 kB │ gzip:   3.83 kB
storage/framework/testing/pkg05-build/assets/Show-3Kiatqmj.js                                     9.43 kB │ gzip:   4.08 kB
storage/framework/testing/pkg05-build/assets/benefits-DH13NeCK.js                                 9.46 kB │ gzip:   3.75 kB
storage/framework/testing/pkg05-build/assets/location-workspace-D_HVK1rm.js                       9.47 kB │ gzip:   4.05 kB
storage/framework/testing/pkg05-build/assets/Create-B7Ov1cDa.js                                   9.49 kB │ gzip:   3.86 kB
storage/framework/testing/pkg05-build/assets/history-B_n7ELLH.js                                  9.51 kB │ gzip:   3.81 kB
storage/framework/testing/pkg05-build/assets/Index-CocxIXIi.js                                    9.57 kB │ gzip:   4.12 kB
storage/framework/testing/pkg05-build/assets/_dialogs-D7w9S8VD.js                                 9.60 kB │ gzip:   3.07 kB
storage/framework/testing/pkg05-build/assets/Edit-BElPaunY.js                                     9.62 kB │ gzip:   3.98 kB
storage/framework/testing/pkg05-build/assets/reimbursement-BFQ6PZ7-.js                            9.65 kB │ gzip:   3.75 kB
storage/framework/testing/pkg05-build/assets/module-DxuWAw1U.js                                   9.65 kB │ gzip:   4.28 kB
storage/framework/testing/pkg05-build/assets/index-CJ-cq8e1.js                                    9.66 kB │ gzip:   4.07 kB
storage/framework/testing/pkg05-build/assets/family-tree-CX4usaza.js                              9.68 kB │ gzip:   3.64 kB
storage/framework/testing/pkg05-build/assets/create-CZN4dEFb.js                                   9.69 kB │ gzip:   4.05 kB
storage/framework/testing/pkg05-build/assets/Index-Dutr2qGw.js                                    9.69 kB │ gzip:   3.99 kB
storage/framework/testing/pkg05-build/assets/upload-Cy9qoBvq.js                                   9.70 kB │ gzip:   4.05 kB
storage/framework/testing/pkg05-build/assets/Mapping-BfawxbA0.js                                  9.72 kB │ gzip:   4.16 kB
storage/framework/testing/pkg05-build/assets/show-Lh6GrogR.js                                     9.73 kB │ gzip:   3.86 kB
storage/framework/testing/pkg05-build/assets/stream-item-Cs5v5fLn.js                              9.74 kB │ gzip:   3.61 kB
storage/framework/testing/pkg05-build/assets/reviews-OYImyLUi.js                                  9.74 kB │ gzip:   4.34 kB
storage/framework/testing/pkg05-build/assets/linked-operational-evidence-B0j2RN2f.js              9.78 kB │ gzip:   3.16 kB
storage/framework/testing/pkg05-build/assets/retention-CkDXZyYw.js                                9.78 kB │ gzip:   3.91 kB
storage/framework/testing/pkg05-build/assets/_food-meal-preferences-D9zooeo3.js                   9.82 kB │ gzip:   3.80 kB
storage/framework/testing/pkg05-build/assets/respond-KoDlyY6g.js                                  9.82 kB │ gzip:   4.27 kB
storage/framework/testing/pkg05-build/assets/ComplianceStatus-D9JVFm79.js                         9.82 kB │ gzip:   4.17 kB
storage/framework/testing/pkg05-build/assets/index-Bmceukzw.js                                    9.83 kB │ gzip:   4.00 kB
storage/framework/testing/pkg05-build/assets/Index-DkGs455h.js                                    9.85 kB │ gzip:   4.10 kB
storage/framework/testing/pkg05-build/assets/Create-DLQBtHxe.js                                   9.85 kB │ gzip:   3.98 kB
storage/framework/testing/pkg05-build/assets/create-cXlPFDVX.js                                   9.88 kB │ gzip:   4.07 kB
storage/framework/testing/pkg05-build/assets/Logs-DapwWw8s.js                                     9.91 kB │ gzip:   4.22 kB
storage/framework/testing/pkg05-build/assets/Create-BNDKR0tV.js                                   9.91 kB │ gzip:   3.99 kB
storage/framework/testing/pkg05-build/assets/Index-Bs1S4mQb.js                                    9.95 kB │ gzip:   4.15 kB
storage/framework/testing/pkg05-build/assets/RiskNarrative-CSvUp1Kq.js                            9.96 kB │ gzip:   4.11 kB
storage/framework/testing/pkg05-build/assets/succession-wizards-BE9jZgVX.js                       9.98 kB │ gzip:   3.99 kB
storage/framework/testing/pkg05-build/assets/BoardMembers-BXj_aOEm.js                             9.99 kB │ gzip:   4.25 kB
storage/framework/testing/pkg05-build/assets/for-stay-BQaZc_Ns.js                                10.01 kB │ gzip:   3.88 kB
storage/framework/testing/pkg05-build/assets/index-B50Uex-1.js                                   10.01 kB │ gzip:   4.00 kB
storage/framework/testing/pkg05-build/assets/Index-DFX_YZCJ.js                                   10.02 kB │ gzip:   4.11 kB
storage/framework/testing/pkg05-build/assets/pending-sEIjdSDm.js                                 10.04 kB │ gzip:   3.84 kB
storage/framework/testing/pkg05-build/assets/finance-Df2AH2jc.js                                 10.05 kB │ gzip:   3.53 kB
storage/framework/testing/pkg05-build/assets/my-calendar-ClabqNxO.js                             10.06 kB │ gzip:   4.63 kB
storage/framework/testing/pkg05-build/assets/quick-add-task-Cl5ktUac.js                          10.06 kB │ gzip:   3.83 kB
storage/framework/testing/pkg05-build/assets/Show-BULCBkpn.js                                    10.09 kB │ gzip:   4.44 kB
storage/framework/testing/pkg05-build/assets/grouped-profile-nav-BPsajypK.js                     10.09 kB │ gzip:   3.88 kB
storage/framework/testing/pkg05-build/assets/index-ZB7xyueu.js                                   10.10 kB │ gzip:   4.03 kB
storage/framework/testing/pkg05-build/assets/vehicle-technology-projection-B10py86P.js           10.10 kB │ gzip:   3.40 kB
storage/framework/testing/pkg05-build/assets/Index-D7UF5a5g.js                                   10.10 kB │ gzip:   4.30 kB
storage/framework/testing/pkg05-build/assets/create-ArLFPNmu.js                                  10.10 kB │ gzip:   4.30 kB
storage/framework/testing/pkg05-build/assets/template-CtNXZh5m.js                                10.15 kB │ gzip:   4.10 kB
storage/framework/testing/pkg05-build/assets/policies-DE-Ad6YS.js                                10.19 kB │ gzip:   4.14 kB
storage/framework/testing/pkg05-build/assets/GovernanceTermHint-Cu_kvNWd.js                      10.20 kB │ gzip:   4.11 kB
storage/framework/testing/pkg05-build/assets/Show-BA3dGYo9.js                                    10.20 kB │ gzip:   4.31 kB
storage/framework/testing/pkg05-build/assets/create-vW9lPPp9.js                                  10.25 kB │ gzip:   4.13 kB
storage/framework/testing/pkg05-build/assets/asset-finance-technology-projection-B6NqbOte.js     10.26 kB │ gzip:   3.48 kB
storage/framework/testing/pkg05-build/assets/show-AYe1KPkG.js                                    10.26 kB │ gzip:   4.02 kB
storage/framework/testing/pkg05-build/assets/record-wizard-shared-DODnUIqx.js                    10.28 kB │ gzip:   3.92 kB
storage/framework/testing/pkg05-build/assets/staff-requirements-Bxu_Dbj2.js                      10.31 kB │ gzip:   3.82 kB
storage/framework/testing/pkg05-build/assets/legal-holds-C76XkM7h.js                             10.32 kB │ gzip:   4.17 kB
storage/framework/testing/pkg05-build/assets/_inventory-table-sNDFIQPd.js                        10.34 kB │ gzip:   3.74 kB
storage/framework/testing/pkg05-build/assets/show-CICRByor.js                                    10.35 kB │ gzip:   4.08 kB
storage/framework/testing/pkg05-build/assets/unifi-CwGCU606.js                                   10.38 kB │ gzip:   4.13 kB
storage/framework/testing/pkg05-build/assets/Index-CwYtNokE.js                                   10.39 kB │ gzip:   4.35 kB
storage/framework/testing/pkg05-build/assets/create-BZ0AHiz7.js                                  10.41 kB │ gzip:   4.27 kB
storage/framework/testing/pkg05-build/assets/ClientSummary-8bFLAQvs.js                           10.43 kB │ gzip:   3.74 kB
storage/framework/testing/pkg05-build/assets/index-B2FJP0t6.js                                   10.43 kB │ gzip:   4.34 kB
storage/framework/testing/pkg05-build/assets/Index-CcAmXoIS.js                                   10.43 kB │ gzip:   4.28 kB
storage/framework/testing/pkg05-build/assets/Show-5Z_Hlg66.js                                    10.43 kB │ gzip:   3.91 kB
storage/framework/testing/pkg05-build/assets/Index-CTTxR1gc.js                                   10.45 kB │ gzip:   4.28 kB
storage/framework/testing/pkg05-build/assets/saved-COYPRIhW.js                                   10.46 kB │ gzip:   4.28 kB
storage/framework/testing/pkg05-build/assets/marketing-layout-B55re_8o.js                        10.47 kB │ gzip:   3.34 kB
storage/framework/testing/pkg05-build/assets/index-caUJM84c.js                                   10.49 kB │ gzip:   4.12 kB
storage/framework/testing/pkg05-build/assets/Index-wG6nDEO_.js                                   10.50 kB │ gzip:   4.24 kB
storage/framework/testing/pkg05-build/assets/FundingStreamSummary-7mFmAHN1.js                    10.50 kB │ gzip:   4.31 kB
storage/framework/testing/pkg05-build/assets/show-CyJfbs0O.js                                    10.55 kB │ gzip:   3.88 kB
storage/framework/testing/pkg05-build/assets/edit-DzifyaPf.js                                    10.56 kB │ gzip:   4.36 kB
storage/framework/testing/pkg05-build/assets/Index-Dpbh_c0v.js                                   10.57 kB │ gzip:   4.36 kB
storage/framework/testing/pkg05-build/assets/Index-CekL7FrM.js                                   10.57 kB │ gzip:   4.48 kB
storage/framework/testing/pkg05-build/assets/risks-BApal1Xq.js                                   10.58 kB │ gzip:   4.00 kB
storage/framework/testing/pkg05-build/assets/status-pyd5qam5.js                                  10.58 kB │ gzip:   4.22 kB
storage/framework/testing/pkg05-build/assets/Index-CRrZ2JZ6.js                                   10.61 kB │ gzip:   4.39 kB
storage/framework/testing/pkg05-build/assets/edit-tiyCVq03.js                                    10.62 kB │ gzip:   4.30 kB
storage/framework/testing/pkg05-build/assets/index-Co8PTTxc.js                                   10.66 kB │ gzip:   4.75 kB
storage/framework/testing/pkg05-build/assets/modules-NbU9tE70.js                                 10.72 kB │ gzip:   4.29 kB
storage/framework/testing/pkg05-build/assets/create-D-8glCEZ.js                                  10.74 kB │ gzip:   3.67 kB
storage/framework/testing/pkg05-build/assets/compliance-D2BKAXem.js                              10.74 kB │ gzip:   4.25 kB
storage/framework/testing/pkg05-build/assets/index-Ch-Hsqtj.js                                   10.79 kB │ gzip:   4.23 kB
storage/framework/testing/pkg05-build/assets/tomorrow-panel-D7Sra1gl.js                          10.80 kB │ gzip:   4.25 kB
storage/framework/testing/pkg05-build/assets/portal-users-B5fcnee7.js                            10.80 kB │ gzip:   4.45 kB
storage/framework/testing/pkg05-build/assets/documents-L1-IxLlG.js                               10.84 kB │ gzip:   3.83 kB
storage/framework/testing/pkg05-build/assets/_door-B2m7jivU.js                                   10.87 kB │ gzip:   3.81 kB
storage/framework/testing/pkg05-build/assets/risks-BlBX5ZhI.js                                   10.90 kB │ gzip:   4.12 kB
storage/framework/testing/pkg05-build/assets/Show-6Fp8jH_4.js                                    10.91 kB │ gzip:   4.22 kB
storage/framework/testing/pkg05-build/assets/work-calendar-settings-CClQ0fO8.js                  10.91 kB │ gzip:   4.32 kB
storage/framework/testing/pkg05-build/assets/Index-p_A9mz_e.js                                   10.93 kB │ gzip:   4.49 kB
storage/framework/testing/pkg05-build/assets/Changes-BAkW4Fs0.js                                 10.94 kB │ gzip:   4.89 kB
storage/framework/testing/pkg05-build/assets/Show-BK8KL-Ze.js                                    10.99 kB │ gzip:   4.45 kB
storage/framework/testing/pkg05-build/assets/create-CQh1nxrA.js                                  11.00 kB │ gzip:   4.47 kB
storage/framework/testing/pkg05-build/assets/index-ubtH2xcj.js                                   11.02 kB │ gzip:   1.52 kB
storage/framework/testing/pkg05-build/assets/handovers-hero-Cjk8ofoI.js                          11.03 kB │ gzip:   4.81 kB
storage/framework/testing/pkg05-build/assets/Index-ndZSUuJC.js                                   11.05 kB │ gzip:   4.60 kB
storage/framework/testing/pkg05-build/assets/Committee-B_N2ZBX_.js                               11.06 kB │ gzip:   4.80 kB
storage/framework/testing/pkg05-build/assets/create-BwXdcgs-.js                                  11.09 kB │ gzip:   4.38 kB
storage/framework/testing/pkg05-build/assets/TrialBalance-B1pRK3Fd.js                            11.09 kB │ gzip:   4.80 kB
storage/framework/testing/pkg05-build/assets/_dialogs-BLY1qPwX.js                                11.09 kB │ gzip:   4.42 kB
storage/framework/testing/pkg05-build/assets/index-B_0mhgMo.js                                   11.11 kB │ gzip:   4.58 kB
storage/framework/testing/pkg05-build/assets/photos-C0zaaFp-.js                                  11.13 kB │ gzip:   4.56 kB
storage/framework/testing/pkg05-build/assets/breaches-Bwh9dflf.js                                11.14 kB │ gzip:   4.40 kB
storage/framework/testing/pkg05-build/assets/vendors-Zv-InOYo.js                                 11.16 kB │ gzip:   3.65 kB
storage/framework/testing/pkg05-build/assets/index-D3vgTg4f.js                                   11.16 kB │ gzip:   4.02 kB
storage/framework/testing/pkg05-build/assets/clock-out-wizard-DTwEqOBX.js                        11.18 kB │ gzip:   4.51 kB
storage/framework/testing/pkg05-build/assets/summary-Dn-GgZc1.js                                 11.19 kB │ gzip:   4.11 kB
storage/framework/testing/pkg05-build/assets/timeline-DZPQI_7s.js                                11.20 kB │ gzip:   4.80 kB
storage/framework/testing/pkg05-build/assets/index-XNqx6csn.js                                   11.23 kB │ gzip:   4.36 kB
storage/framework/testing/pkg05-build/assets/broadcast-show-BfiYWGP3.js                          11.26 kB │ gzip:   4.12 kB
storage/framework/testing/pkg05-build/assets/show-supervision-5ulVPlnQ.js                        11.27 kB │ gzip:   4.26 kB
storage/framework/testing/pkg05-build/assets/cards-view-BR4ghmc-.js                              11.27 kB │ gzip:   4.21 kB
storage/framework/testing/pkg05-build/assets/privacy-action-modal-DJNUTzPr.js                    11.30 kB │ gzip:   4.44 kB
storage/framework/testing/pkg05-build/assets/CheckShift-DSLWD_bJ.js                              11.32 kB │ gzip:   4.78 kB
storage/framework/testing/pkg05-build/assets/dashboard-tabs-2vL5sro9.js                          11.32 kB │ gzip:   4.22 kB
storage/framework/testing/pkg05-build/assets/Edit-CNJlf2Xu.js                                    11.33 kB │ gzip:   4.56 kB
storage/framework/testing/pkg05-build/assets/Index-C2-jIxbT.js                                   11.33 kB │ gzip:   4.67 kB
storage/framework/testing/pkg05-build/assets/notifications-dTGml-Ln.js                           11.35 kB │ gzip:   4.19 kB
storage/framework/testing/pkg05-build/assets/Index-Bn_4nGB3.js                                   11.38 kB │ gzip:   4.71 kB
storage/framework/testing/pkg05-build/assets/Index-mcuo6Z3t.js                                   11.40 kB │ gzip:   4.57 kB
storage/framework/testing/pkg05-build/assets/Matrix-exu97O-x.js                                  11.42 kB │ gzip:   4.87 kB
storage/framework/testing/pkg05-build/assets/wizard-configs-D1Dv3Lkk.js                          11.42 kB │ gzip:   3.50 kB
storage/framework/testing/pkg05-build/assets/visit-requests-Dn-dZRt6.js                          11.42 kB │ gzip:   4.62 kB
storage/framework/testing/pkg05-build/assets/leave-hub-parts-BxFT2XJQ.js                         11.45 kB │ gzip:   4.22 kB
storage/framework/testing/pkg05-build/assets/surveys-DT7L75WM.js                                 11.45 kB │ gzip:   4.53 kB
storage/framework/testing/pkg05-build/assets/index-B8OwsjjY.js                                   11.46 kB │ gzip:   4.67 kB
storage/framework/testing/pkg05-build/assets/price-book-dialog-BnyMoILA.js                       11.47 kB │ gzip:   4.59 kB
storage/framework/testing/pkg05-build/assets/quote-dialog-DzFxAnij.js                            11.49 kB │ gzip:   4.65 kB
storage/framework/testing/pkg05-build/assets/Create-BqOU2Kc8.js                                  11.49 kB │ gzip:   4.49 kB
storage/framework/testing/pkg05-build/assets/create--NybB-1l.js                                  11.51 kB │ gzip:   4.78 kB
storage/framework/testing/pkg05-build/assets/Index-BXXUKXZO.js                                   11.52 kB │ gzip:   5.14 kB
storage/framework/testing/pkg05-build/assets/workers-kkqfU0um.js                                 11.54 kB │ gzip:   4.40 kB
storage/framework/testing/pkg05-build/assets/Trends-ifuM1m-4.js                                  11.55 kB │ gzip:   5.00 kB
storage/framework/testing/pkg05-build/assets/index-7OVfsbpU.js                                   11.57 kB │ gzip:   4.59 kB
storage/framework/testing/pkg05-build/assets/documents-va8EBJib.js                               11.59 kB │ gzip:   4.11 kB
storage/framework/testing/pkg05-build/assets/Index-BNE1DJuy.js                                   11.61 kB │ gzip:   4.82 kB
storage/framework/testing/pkg05-build/assets/overview-panels-DZspyWt9.js                         11.63 kB │ gzip:   4.66 kB
storage/framework/testing/pkg05-build/assets/index-DuTG7vKF.js                                   11.63 kB │ gzip:   4.21 kB
storage/framework/testing/pkg05-build/assets/Show-I0JSYUq_.js                                    11.66 kB │ gzip:   5.12 kB
storage/framework/testing/pkg05-build/assets/dpia-DONjcrvj.js                                    11.66 kB │ gzip:   4.46 kB
storage/framework/testing/pkg05-build/assets/_dialogs-CuXiqBMi.js                                11.68 kB │ gzip:   4.74 kB
storage/framework/testing/pkg05-build/assets/show-BSQf-9-c.js                                    11.70 kB │ gzip:   5.01 kB
storage/framework/testing/pkg05-build/assets/show-BWDdxH9m.js                                    11.80 kB │ gzip:   4.44 kB
storage/framework/testing/pkg05-build/assets/task-DyU3qTPd.js                                    11.83 kB │ gzip:   4.86 kB
storage/framework/testing/pkg05-build/assets/Dashboard-DCll-seC.js                               11.83 kB │ gzip:   5.05 kB
storage/framework/testing/pkg05-build/assets/Index-DgmObfdw.js                                   11.86 kB │ gzip:   4.87 kB
storage/framework/testing/pkg05-build/assets/templates-BNE9frgk.js                               11.86 kB │ gzip:   4.83 kB
storage/framework/testing/pkg05-build/assets/rehire-wizard-XmArsX9G.js                           11.87 kB │ gzip:   4.49 kB
storage/framework/testing/pkg05-build/assets/_dialogs-Bfx3Ohjv.js                                11.88 kB │ gzip:   4.47 kB
storage/framework/testing/pkg05-build/assets/Index-CH4YFhJb.js                                   11.90 kB │ gzip:   4.61 kB
storage/framework/testing/pkg05-build/assets/Index-iZpDZIKb.js                                   11.91 kB │ gzip:   5.19 kB
storage/framework/testing/pkg05-build/assets/Index-CSRldZp5.js                                   11.91 kB │ gzip:   5.13 kB
storage/framework/testing/pkg05-build/assets/community-access-Q2iWDoy-.js                        11.92 kB │ gzip:   4.81 kB
storage/framework/testing/pkg05-build/assets/shift-list-view-gKdi6rCe.js                         11.94 kB │ gzip:   4.71 kB
storage/framework/testing/pkg05-build/assets/alerts-config-BVWfPAk_.js                           11.94 kB │ gzip:   4.58 kB
storage/framework/testing/pkg05-build/assets/Index-IFMuPZB6.js                                   11.96 kB │ gzip:   5.18 kB
storage/framework/testing/pkg05-build/assets/Index-CJ3weMqg.js                                   11.96 kB │ gzip:   5.23 kB
storage/framework/testing/pkg05-build/assets/log-notifiable-dialog-C3KSlFLI.js                   11.97 kB │ gzip:   4.40 kB
storage/framework/testing/pkg05-build/assets/Prepare-BFQ039Tg.js                                 11.97 kB │ gzip:   4.89 kB
storage/framework/testing/pkg05-build/assets/healthcare-devices-DvzpD8VI.js                      11.99 kB │ gzip:   4.18 kB
storage/framework/testing/pkg05-build/assets/apply-CHGBSccR.js                                   12.00 kB │ gzip:   4.56 kB
storage/framework/testing/pkg05-build/assets/performance-hero-Cr_hfDwb.js                        12.00 kB │ gzip:   3.85 kB
storage/framework/testing/pkg05-build/assets/create-template-DeqNsrnz.js                         12.02 kB │ gzip:   4.80 kB
storage/framework/testing/pkg05-build/assets/sign-JrjHt1eM.js                                    12.05 kB │ gzip:   4.74 kB
storage/framework/testing/pkg05-build/assets/profile-Db7_gCSR.js                                 12.05 kB │ gzip:   4.92 kB
storage/framework/testing/pkg05-build/assets/page-hero-xNLfV7tu.js                               12.05 kB │ gzip:   4.63 kB
storage/framework/testing/pkg05-build/assets/AgedReport-TqNh_sC7.js                              12.07 kB │ gzip:   5.42 kB
storage/framework/testing/pkg05-build/assets/protocol-form-CQ76CFWc.js                           12.08 kB │ gzip:   4.40 kB
storage/framework/testing/pkg05-build/assets/ppe-wizard-k8B6UVFQ.js                              12.15 kB │ gzip:   4.97 kB
storage/framework/testing/pkg05-build/assets/assignments-Cx6bTdUI.js                             12.16 kB │ gzip:   4.88 kB
storage/framework/testing/pkg05-build/assets/Index-eHce4f3r.js                                   12.17 kB │ gzip:   5.09 kB
storage/framework/testing/pkg05-build/assets/index-Dn70zxub.js                                   12.18 kB │ gzip:   4.66 kB
storage/framework/testing/pkg05-build/assets/it-ticket-comment-contract-BBENTCa7.js              12.19 kB │ gzip:   3.96 kB
storage/framework/testing/pkg05-build/assets/cards-view-BHcZuXwu.js                              12.20 kB │ gzip:   4.47 kB
storage/framework/testing/pkg05-build/assets/Index-C_XQH7j5.js                                   12.21 kB │ gzip:   4.96 kB
storage/framework/testing/pkg05-build/assets/_request-dialog-CUn_cWKm.js                         12.25 kB │ gzip:   4.61 kB
storage/framework/testing/pkg05-build/assets/_builder-dialog-BnHfyETL.js                         12.27 kB │ gzip:   4.90 kB
storage/framework/testing/pkg05-build/assets/BalanceSheet-d-3svizd.js                            12.28 kB │ gzip:   5.13 kB
storage/framework/testing/pkg05-build/assets/Index-CcESQ1mG.js                                   12.31 kB │ gzip:   5.24 kB
storage/framework/testing/pkg05-build/assets/index-CG9aR8iC.js                                   12.32 kB │ gzip:   5.00 kB
storage/framework/testing/pkg05-build/assets/medications-BZuOmNgY.js                             12.35 kB │ gzip:   4.47 kB
storage/framework/testing/pkg05-build/assets/Index-CEC5glfL.js                                   12.35 kB │ gzip:   4.87 kB
storage/framework/testing/pkg05-build/assets/Index-BwTn5IES.js                                   12.38 kB │ gzip:   5.07 kB
storage/framework/testing/pkg05-build/assets/index-YDio1Xal.js                                   12.39 kB │ gzip:   4.45 kB
storage/framework/testing/pkg05-build/assets/donor-fund-dialog-BKdC0RU4.js                       12.42 kB │ gzip:   4.44 kB
storage/framework/testing/pkg05-build/assets/time-DvtUrp-A.js                                    12.42 kB │ gzip:   5.28 kB
storage/framework/testing/pkg05-build/assets/index-SKebC9_w.js                                   12.43 kB │ gzip:   5.10 kB
storage/framework/testing/pkg05-build/assets/pricing-D8eWf0J2.js                                 12.44 kB │ gzip:   3.70 kB
storage/framework/testing/pkg05-build/assets/index-BFgBvFdm.js                                   12.45 kB │ gzip:   5.34 kB
storage/framework/testing/pkg05-build/assets/edit-BQc29-Al.js                                    12.47 kB │ gzip:   4.92 kB
storage/framework/testing/pkg05-build/assets/Index-BYQ7RFJo.js                                   12.48 kB │ gzip:   5.40 kB
storage/framework/testing/pkg05-build/assets/create-CshHbomi.js                                  12.48 kB │ gzip:   4.86 kB
storage/framework/testing/pkg05-build/assets/index-DktbbB43.js                                   12.49 kB │ gzip:   4.73 kB
storage/framework/testing/pkg05-build/assets/log-obligation-dialog-u2HoItKh.js                   12.49 kB │ gzip:   4.70 kB
storage/framework/testing/pkg05-build/assets/facilities-BQvczXks.js                              12.49 kB │ gzip:   5.20 kB
storage/framework/testing/pkg05-build/assets/index-BRPbLCgn.js                                   12.50 kB │ gzip:   4.84 kB
storage/framework/testing/pkg05-build/assets/Index-D0zHLzI6.js                                   12.51 kB │ gzip:   5.38 kB
storage/framework/testing/pkg05-build/assets/head-office-BmLT51vf.js                             12.51 kB │ gzip:   5.27 kB
storage/framework/testing/pkg05-build/assets/requests-ZyTwQwNm.js                                12.52 kB │ gzip:   4.81 kB
storage/framework/testing/pkg05-build/assets/specialist-workspace-header-BoUs2ws8.js             12.57 kB │ gzip:   5.56 kB
storage/framework/testing/pkg05-build/assets/_dialogs-08YcJqE_.js                                12.57 kB │ gzip:   5.33 kB
storage/framework/testing/pkg05-build/assets/index-BwwucYpC.js                                   12.61 kB │ gzip:   4.46 kB
storage/framework/testing/pkg05-build/assets/index-CrdGjHP0.js                                   12.65 kB │ gzip:   4.82 kB
storage/framework/testing/pkg05-build/assets/edit-en_-FOsc.js                                    12.65 kB │ gzip:   4.78 kB
storage/framework/testing/pkg05-build/assets/index-CJh0PJvp.js                                   12.66 kB │ gzip:   5.22 kB
storage/framework/testing/pkg05-build/assets/Trends-BECCjo8w.js                                  12.67 kB │ gzip:   5.20 kB
storage/framework/testing/pkg05-build/assets/geofence-draw-map-Z937NcH_.js                       12.68 kB │ gzip:   4.87 kB
storage/framework/testing/pkg05-build/assets/Assignments-Q2qZmMrl.js                             12.70 kB │ gzip:   5.33 kB
storage/framework/testing/pkg05-build/assets/Diff-BysW6FcM.js                                    12.70 kB │ gzip:   5.45 kB
storage/framework/testing/pkg05-build/assets/index-DzB6qITU.js                                   12.71 kB │ gzip:   4.62 kB
storage/framework/testing/pkg05-build/assets/health-CfO2bWF2.js                                  12.75 kB │ gzip:   4.32 kB
storage/framework/testing/pkg05-build/assets/Review-DKkwUo9s.js                                  12.75 kB │ gzip:   4.66 kB
storage/framework/testing/pkg05-build/assets/new-po-dialog-BfnYBRXV.js                           12.75 kB │ gzip:   4.80 kB
storage/framework/testing/pkg05-build/assets/show-J1TGgjCs.js                                    12.76 kB │ gzip:   4.79 kB
storage/framework/testing/pkg05-build/assets/show-CEDtIYFe.js                                    12.77 kB │ gzip:   4.53 kB
storage/framework/testing/pkg05-build/assets/index-DnKd7D-N.js                                   12.77 kB │ gzip:   5.00 kB
storage/framework/testing/pkg05-build/assets/builder-Da8zGJmZ.js                                 12.81 kB │ gzip:   4.88 kB
storage/framework/testing/pkg05-build/assets/Index-C2UeV7VH.js                                   12.82 kB │ gzip:   4.76 kB
storage/framework/testing/pkg05-build/assets/Show-CXc39aCQ.js                                    12.85 kB │ gzip:   4.89 kB
storage/framework/testing/pkg05-build/assets/ProfitAndLoss-3u3Wa68T.js                           12.86 kB │ gzip:   5.15 kB
storage/framework/testing/pkg05-build/assets/ppe-action-dialogs-DsP81QJO.js                      12.87 kB │ gzip:   4.36 kB
storage/framework/testing/pkg05-build/assets/Index-ZsgHOWnD.js                                   12.88 kB │ gzip:   5.52 kB
storage/framework/testing/pkg05-build/assets/Index-CbM2PFyx.js                                   12.88 kB │ gzip:   5.59 kB
storage/framework/testing/pkg05-build/assets/Index-Cee9aRMj.js                                   12.94 kB │ gzip:   5.65 kB
storage/framework/testing/pkg05-build/assets/privacy-Di4xGEqG.js                                 12.98 kB │ gzip:   3.80 kB
storage/framework/testing/pkg05-build/assets/index-26ciC9dY.js                                   13.02 kB │ gzip:   5.45 kB
storage/framework/testing/pkg05-build/assets/Dashboard-BoUCwiBO.js                               13.07 kB │ gzip:   5.45 kB
storage/framework/testing/pkg05-build/assets/Show-BIXyS_Od.js                                    13.09 kB │ gzip:   5.06 kB
storage/framework/testing/pkg05-build/assets/prn-wizard-DZqHDo3O.js                              13.10 kB │ gzip:   4.99 kB
storage/framework/testing/pkg05-build/assets/show-Dm4nZPF9.js                                    13.10 kB │ gzip:   4.94 kB
storage/framework/testing/pkg05-build/assets/Trends-DNmnZ0Yd.js                                  13.11 kB │ gzip:   5.34 kB
storage/framework/testing/pkg05-build/assets/index-Dd73y1wZ.js                                   13.12 kB │ gzip:   5.41 kB
storage/framework/testing/pkg05-build/assets/playbook-wizard-BYkNqgY5.js                         13.16 kB │ gzip:   4.60 kB
storage/framework/testing/pkg05-build/assets/Dashboard-DaCsGe7-.js                               13.16 kB │ gzip:   4.33 kB
storage/framework/testing/pkg05-build/assets/layout-CSgKY9iE.js                                  13.19 kB │ gzip:   4.24 kB
storage/framework/testing/pkg05-build/assets/Index-DM2reydl.js                                   13.19 kB │ gzip:   5.61 kB
storage/framework/testing/pkg05-build/assets/daily-check-DqGDD4c_.js                             13.21 kB │ gzip:   5.33 kB
storage/framework/testing/pkg05-build/assets/Create-Bf6yn0P9.js                                  13.22 kB │ gzip:   5.56 kB
storage/framework/testing/pkg05-build/assets/calendar-FnfVqNcV.js                                13.22 kB │ gzip:   5.25 kB
storage/framework/testing/pkg05-build/assets/plans-1gV2HDAk.js                                   13.23 kB │ gzip:   5.34 kB
storage/framework/testing/pkg05-build/assets/site-detail-jFmTKbSv.js                             13.23 kB │ gzip:   4.49 kB
storage/framework/testing/pkg05-build/assets/alerts-events-mtO1a9xF.js                           13.25 kB │ gzip:   5.58 kB
storage/framework/testing/pkg05-build/assets/Index-2yAbc4vV.js                                   13.27 kB │ gzip:   5.61 kB
storage/framework/testing/pkg05-build/assets/show-B9C_QMsA.js                                    13.28 kB │ gzip:   5.10 kB
storage/framework/testing/pkg05-build/assets/reviews-BIuIvyrv.js                                 13.31 kB │ gzip:   5.13 kB
storage/framework/testing/pkg05-build/assets/Index-DB_EfH1k.js                                   13.31 kB │ gzip:   5.55 kB
storage/framework/testing/pkg05-build/assets/messaging-CANIDaNp.js                               13.33 kB │ gzip:   4.71 kB
storage/framework/testing/pkg05-build/assets/pre-check-CgK1PKhi.js                               13.34 kB │ gzip:   5.00 kB
storage/framework/testing/pkg05-build/assets/goals-path-BDSzTwey.js                              13.35 kB │ gzip:   5.34 kB
storage/framework/testing/pkg05-build/assets/_dialogs-BpLTAFJh.js                                13.39 kB │ gzip:   4.87 kB
storage/framework/testing/pkg05-build/assets/create-oNcoaQIK.js                                  13.39 kB │ gzip:   5.19 kB
storage/framework/testing/pkg05-build/assets/_dialogs-DyIyAK8D.js                                13.39 kB │ gzip:   5.61 kB
storage/framework/testing/pkg05-build/assets/HealthMonitoring-DroIYnIn.js                        13.40 kB │ gzip:   4.86 kB
storage/framework/testing/pkg05-build/assets/Index-D90dfqh2.js                                   13.44 kB │ gzip:   5.86 kB
storage/framework/testing/pkg05-build/assets/_audit-dialog-J8z65RpU.js                           13.46 kB │ gzip:   5.40 kB
storage/framework/testing/pkg05-build/assets/timesheet-review-DBSLfibD.js                        13.46 kB │ gzip:   5.02 kB
storage/framework/testing/pkg05-build/assets/_ledger-panel-eNIzD9uy.js                           13.46 kB │ gzip:   4.25 kB
storage/framework/testing/pkg05-build/assets/unassign-make-open-dialog-CvyE8QjE.js               13.47 kB │ gzip:   5.09 kB
storage/framework/testing/pkg05-build/assets/about-NGlKcrwv.js                                   13.50 kB │ gzip:   3.49 kB
storage/framework/testing/pkg05-build/assets/houses-CVRJkr1G.js                                  13.55 kB │ gzip:   5.66 kB
storage/framework/testing/pkg05-build/assets/digest-panel-DgPHLK5V.js                            13.56 kB │ gzip:   4.80 kB
storage/framework/testing/pkg05-build/assets/expenses-DnTseEQH.js                                13.57 kB │ gzip:   5.24 kB
storage/framework/testing/pkg05-build/assets/index-CoDy-EYF.js                                   13.57 kB │ gzip:   5.78 kB
storage/framework/testing/pkg05-build/assets/edit-template-BfkNv1ca.js                           13.58 kB │ gzip:   5.46 kB
storage/framework/testing/pkg05-build/assets/client-BaSfTQZX.js                                  13.61 kB │ gzip:   3.88 kB
storage/framework/testing/pkg05-build/assets/Index-COBbF_c7.js                                   13.62 kB │ gzip:   5.88 kB
storage/framework/testing/pkg05-build/assets/my-day-hero-Cc1N9Duk.js                             13.65 kB │ gzip:   5.95 kB
storage/framework/testing/pkg05-build/assets/MyInterests-Cby4AOf9.js                             13.68 kB │ gzip:   5.79 kB
storage/framework/testing/pkg05-build/assets/Index-CaePWPl_.js                                   13.69 kB │ gzip:   5.96 kB
storage/framework/testing/pkg05-build/assets/_dialogs-CV9m4rqZ.js                                13.70 kB │ gzip:   5.13 kB
storage/framework/testing/pkg05-build/assets/terminology-D7roFs5z.js                             13.71 kB │ gzip:   4.20 kB
storage/framework/testing/pkg05-build/assets/documents-DeCfmbNg.js                               13.72 kB │ gzip:   5.46 kB
storage/framework/testing/pkg05-build/assets/by-house-CUcnoioH.js                                13.72 kB │ gzip:   4.84 kB
storage/framework/testing/pkg05-build/assets/Index-liVftpYH.js                                   13.79 kB │ gzip:   5.80 kB
storage/framework/testing/pkg05-build/assets/Index-op_NfPgQ.js                                   13.82 kB │ gzip:   5.46 kB
storage/framework/testing/pkg05-build/assets/Index-hJQbezw7.js                                   13.85 kB │ gzip:   5.58 kB
storage/framework/testing/pkg05-build/assets/Committee-Cj2hHpUK.js                               13.86 kB │ gzip:   5.99 kB
storage/framework/testing/pkg05-build/assets/date-picker-BXz84fKO.js                             13.88 kB │ gzip:   5.40 kB
storage/framework/testing/pkg05-build/assets/_recipe-edit-dialog-BxRBNmqk.js                     13.90 kB │ gzip:   4.69 kB
storage/framework/testing/pkg05-build/assets/timeline-tab-CkG2Phrz.js                            13.94 kB │ gzip:   4.93 kB
storage/framework/testing/pkg05-build/assets/Show-Blbvf9Hq.js                                    14.00 kB │ gzip:   6.02 kB
storage/framework/testing/pkg05-build/assets/map-BRkWmVKD.js                                     14.00 kB │ gzip:   5.80 kB
storage/framework/testing/pkg05-build/assets/create-DmNIwbHi.js                                  14.05 kB │ gzip:   5.35 kB
storage/framework/testing/pkg05-build/assets/show-8Wy77UVV.js                                    14.09 kB │ gzip:   5.07 kB
storage/framework/testing/pkg05-build/assets/show-Dukgd3ZG.js                                    14.12 kB │ gzip:   4.73 kB
storage/framework/testing/pkg05-build/assets/holidays-rvYf_OGk.js                                14.12 kB │ gzip:   5.76 kB
storage/framework/testing/pkg05-build/assets/Show-DioU0kSD.js                                    14.12 kB │ gzip:   5.50 kB
storage/framework/testing/pkg05-build/assets/Attestations-D6bxzu_A.js                            14.12 kB │ gzip:   5.81 kB
storage/framework/testing/pkg05-build/assets/index-CS5DSj1d.js                                   14.16 kB │ gzip:   5.38 kB
storage/framework/testing/pkg05-build/assets/Index-DzUgAAI6.js                                   14.20 kB │ gzip:   6.20 kB
storage/framework/testing/pkg05-build/assets/audit-log-Bu9SxYML.js                               14.21 kB │ gzip:   5.75 kB
storage/framework/testing/pkg05-build/assets/_dialog-shared-D5PZxaNX.js                          14.22 kB │ gzip:   5.46 kB
storage/framework/testing/pkg05-build/assets/new-vendor-dialog-ChwaBgF3.js                       14.25 kB │ gzip:   4.76 kB
storage/framework/testing/pkg05-build/assets/Terminals-C5KtBWte.js                               14.31 kB │ gzip:   5.92 kB
storage/framework/testing/pkg05-build/assets/task-detail-dialog-PCQ50ixn.js                      14.34 kB │ gzip:   4.80 kB
storage/framework/testing/pkg05-build/assets/Statements-DD0VdWX1.js                              14.39 kB │ gzip:   5.88 kB
storage/framework/testing/pkg05-build/assets/trends-i3vWSR_r.js                                  14.40 kB │ gzip:   4.82 kB
storage/framework/testing/pkg05-build/assets/Index-C3ReOdA_.js                                   14.41 kB │ gzip:   6.17 kB
storage/framework/testing/pkg05-build/assets/workflow-DtS92Wk1.js                                14.41 kB │ gzip:   5.90 kB
storage/framework/testing/pkg05-build/assets/survey-CmrWrQu8.js                                  14.44 kB │ gzip:   4.77 kB
storage/framework/testing/pkg05-build/assets/index-Z8h5g1gM.js                                   14.45 kB │ gzip:   5.38 kB
storage/framework/testing/pkg05-build/assets/Index-CRPGUq8G.js                                   14.47 kB │ gzip:   6.18 kB
storage/framework/testing/pkg05-build/assets/mar-Dtli9mvC.js                                     14.48 kB │ gzip:   3.92 kB
storage/framework/testing/pkg05-build/assets/Create-BwSDyYs2.js                                  14.48 kB │ gzip:   5.66 kB
storage/framework/testing/pkg05-build/assets/index-Ri4tU0Dm.js                                   14.48 kB │ gzip:   5.79 kB
storage/framework/testing/pkg05-build/assets/Index-B0cbwX5J.js                                   14.49 kB │ gzip:   6.38 kB
storage/framework/testing/pkg05-build/assets/Index-5xv36KYe.js                                   14.51 kB │ gzip:   6.02 kB
storage/framework/testing/pkg05-build/assets/global-BdqN23h5.js                                  14.59 kB │ gzip:   5.52 kB
storage/framework/testing/pkg05-build/assets/Financials-DERCGr6y.js                              14.61 kB │ gzip:   5.74 kB
storage/framework/testing/pkg05-build/assets/_commercial-ebF06PkF.js                             14.62 kB │ gzip:   5.37 kB
storage/framework/testing/pkg05-build/assets/_dialogs-Bju3rXeq.js                                14.63 kB │ gzip:   5.81 kB
storage/framework/testing/pkg05-build/assets/index-BbeEoh8v.js                                   14.64 kB │ gzip:   5.56 kB
storage/framework/testing/pkg05-build/assets/matrix-CvXmsWAN.js                                  14.74 kB │ gzip:   5.91 kB
storage/framework/testing/pkg05-build/assets/record-evidence-dialog-CUiI0UOk.js                  14.75 kB │ gzip:   5.97 kB
storage/framework/testing/pkg05-build/assets/_dialogs-BK4LMmkO.js                                14.75 kB │ gzip:   5.61 kB
storage/framework/testing/pkg05-build/assets/show-DA5DDFtu.js                                    14.76 kB │ gzip:   5.71 kB
storage/framework/testing/pkg05-build/assets/my-tasks-u_6QuJ7N.js                                14.76 kB │ gzip:   5.78 kB
storage/framework/testing/pkg05-build/assets/run-BPG2M4gD.js                                     14.76 kB │ gzip:   5.46 kB
storage/framework/testing/pkg05-build/assets/index-B-KXOVhr.js                                   14.77 kB │ gzip:   6.13 kB
storage/framework/testing/pkg05-build/assets/playback-BrZvC2h8.js                                14.79 kB │ gzip:   5.81 kB
storage/framework/testing/pkg05-build/assets/index-i_X66_67.js                                   14.79 kB │ gzip:   5.79 kB
storage/framework/testing/pkg05-build/assets/Show-BecWM-M_.js                                    14.82 kB │ gzip:   5.87 kB
storage/framework/testing/pkg05-build/assets/new-bill-dialog-C4OQScHX.js                         14.83 kB │ gzip:   5.31 kB
storage/framework/testing/pkg05-build/assets/Show-C5ohaEYU.js                                    14.86 kB │ gzip:   6.07 kB
storage/framework/testing/pkg05-build/assets/reports-BL-c7QDV.js                                 14.91 kB │ gzip:   5.17 kB
storage/framework/testing/pkg05-build/assets/Index-B0-FC6ir.js                                   14.95 kB │ gzip:   5.51 kB
storage/framework/testing/pkg05-build/assets/show-hXBLzDmW.js                                    14.95 kB │ gzip:   5.49 kB
storage/framework/testing/pkg05-build/assets/CashFlow-DL--ZOzc.js                                14.97 kB │ gzip:   5.89 kB
storage/framework/testing/pkg05-build/assets/Create-BS8arVfI.js                                  14.98 kB │ gzip:   4.94 kB
storage/framework/testing/pkg05-build/assets/index-CrhSJI5b.js                                   14.98 kB │ gzip:   6.04 kB
storage/framework/testing/pkg05-build/assets/Results-_r9hn9Eb.js                                 15.02 kB │ gzip:   6.25 kB
storage/framework/testing/pkg05-build/assets/portal-users-liM1hHV2.js                            15.03 kB │ gzip:   6.21 kB
storage/framework/testing/pkg05-build/assets/edit-BniKz7Bf.js                                    15.08 kB │ gzip:   5.87 kB
storage/framework/testing/pkg05-build/assets/sso-groups-D8dgRu7X.js                              15.11 kB │ gzip:   5.61 kB
storage/framework/testing/pkg05-build/assets/custom-fields-Dnc3xHLU.js                           15.11 kB │ gzip:   6.12 kB
storage/framework/testing/pkg05-build/assets/index-CnxcWFAI.js                                   15.14 kB │ gzip:   6.20 kB
storage/framework/testing/pkg05-build/assets/command-centre-hero-CkrBmOF0.js                     15.18 kB │ gzip:   6.15 kB
storage/framework/testing/pkg05-build/assets/Show-BzG1Ln6g.js                                    15.20 kB │ gzip:   6.39 kB
storage/framework/testing/pkg05-build/assets/overview-DBHDYB0h.js                                15.26 kB │ gzip:   5.52 kB
storage/framework/testing/pkg05-build/assets/BatchDetail-kSm6DG_9.js                             15.27 kB │ gzip:   5.89 kB
storage/framework/testing/pkg05-build/assets/create-D96LWPVl.js                                  15.31 kB │ gzip:   5.58 kB
storage/framework/testing/pkg05-build/assets/terms-C48359IU.js                                   15.36 kB │ gzip:   4.44 kB
storage/framework/testing/pkg05-build/assets/Index-DsFcYF6a.js                                   15.37 kB │ gzip:   6.32 kB
storage/framework/testing/pkg05-build/assets/Roles-B4Ah0SOH.js                                   15.39 kB │ gzip:   4.82 kB
storage/framework/testing/pkg05-build/assets/edit-HBO4YPYN.js                                    15.39 kB │ gzip:   6.08 kB
storage/framework/testing/pkg05-build/assets/contact-DmvnmJaU.js                                 15.42 kB │ gzip:   4.92 kB
storage/framework/testing/pkg05-build/assets/Show-B2UcsYxh.js                                    15.47 kB │ gzip:   5.99 kB
storage/framework/testing/pkg05-build/assets/Index-BZ-rJ5tQ.js                                   15.47 kB │ gzip:   6.55 kB
storage/framework/testing/pkg05-build/assets/show-EOCBNS4T.js                                    15.53 kB │ gzip:   5.81 kB
storage/framework/testing/pkg05-build/assets/record-event-dialog-ZsqQK4Ea.js                     15.54 kB │ gzip:   5.97 kB
storage/framework/testing/pkg05-build/assets/staff-detail-Bp04ve7d.js                            15.55 kB │ gzip:   5.91 kB
storage/framework/testing/pkg05-build/assets/bonuses-B-bGuKOf.js                                 15.55 kB │ gzip:   6.29 kB
storage/framework/testing/pkg05-build/assets/reports-CtuoAZ_Y.js                                 15.60 kB │ gzip:   5.95 kB
storage/framework/testing/pkg05-build/assets/payslips-CYQ_F9JX.js                                15.62 kB │ gzip:   5.65 kB
storage/framework/testing/pkg05-build/assets/shift-detail-dialog-DGTmgviT.js                     15.63 kB │ gzip:   6.05 kB
storage/framework/testing/pkg05-build/assets/daily-note-wizard-CbrOjgUd.js                       15.63 kB │ gzip:   4.78 kB
storage/framework/testing/pkg05-build/assets/index-C3YvNU9z.js                                   15.64 kB │ gzip:   6.34 kB
storage/framework/testing/pkg05-build/assets/profile-bo-dbf3I.js                                 15.70 kB │ gzip:   5.61 kB
storage/framework/testing/pkg05-build/assets/Index-D7YKuDyI.js                                   15.72 kB │ gzip:   6.32 kB
storage/framework/testing/pkg05-build/assets/Show-meK6NRjd.js                                    15.75 kB │ gzip:   6.32 kB
storage/framework/testing/pkg05-build/assets/webhooks-BbPasuxU.js                                15.76 kB │ gzip:   5.40 kB
storage/framework/testing/pkg05-build/assets/BudgetVsActuals-47zizKO7.js                         15.76 kB │ gzip:   6.09 kB
storage/framework/testing/pkg05-build/assets/Heatmap-D4-b97Zy.js                                 15.86 kB │ gzip:   6.67 kB
storage/framework/testing/pkg05-build/assets/my-hr-shoutout-spotlight-Bns8laZa.js                15.87 kB │ gzip:   5.91 kB
storage/framework/testing/pkg05-build/assets/Batches-B3fiyjUJ.js                                 15.88 kB │ gzip:   6.52 kB
storage/framework/testing/pkg05-build/assets/review-detail-ohIjFZ66.js                           15.89 kB │ gzip:   6.32 kB
storage/framework/testing/pkg05-build/assets/index-D-zuwcTT.js                                   15.95 kB │ gzip:   6.62 kB
storage/framework/testing/pkg05-build/assets/maintenance-health-DBojeM3i.js                      15.98 kB │ gzip:   6.29 kB
storage/framework/testing/pkg05-build/assets/Index-CKYqr_ge.js                                   15.99 kB │ gzip:   6.25 kB
storage/framework/testing/pkg05-build/assets/audit-BBSXjRzn.js                                   16.04 kB │ gzip:   5.95 kB
storage/framework/testing/pkg05-build/assets/Index-K_aFSzTl.js                                   16.05 kB │ gzip:   6.82 kB
storage/framework/testing/pkg05-build/assets/record-dose-wizard-LmqC722Y.js                      16.05 kB │ gzip:   5.37 kB
storage/framework/testing/pkg05-build/assets/record-receipt-dialog-TwGAqZcx.js                   16.12 kB │ gzip:   5.59 kB
storage/framework/testing/pkg05-build/assets/index-DERzFYQV.js                                   16.14 kB │ gzip:   6.43 kB
storage/framework/testing/pkg05-build/assets/policy-wizards-WjlznrzA.js                          16.17 kB │ gzip:   5.57 kB
storage/framework/testing/pkg05-build/assets/Index-sN6pO_El.js                                   16.27 kB │ gzip:   6.83 kB
storage/framework/testing/pkg05-build/assets/matrix-CbX9ytj7.js                                  16.28 kB │ gzip:   6.33 kB
storage/framework/testing/pkg05-build/assets/appearance-S6I7nzBX.js                              16.30 kB │ gzip:   5.00 kB
storage/framework/testing/pkg05-build/assets/incidents-D0e9BkJN.js                               16.32 kB │ gzip:   6.03 kB
storage/framework/testing/pkg05-build/assets/risk-management-C8gmwh9z.js                         16.35 kB │ gzip:   6.27 kB
storage/framework/testing/pkg05-build/assets/Assessments-DAx-ddo8.js                             16.39 kB │ gzip:   6.43 kB
storage/framework/testing/pkg05-build/assets/Show-BPxa_zRu.js                                    16.39 kB │ gzip:   6.42 kB
storage/framework/testing/pkg05-build/assets/record-abc-dialog-anxlj7EU.js                       16.39 kB │ gzip:   5.81 kB
storage/framework/testing/pkg05-build/assets/Index-DKtQbaDi.js                                   16.41 kB │ gzip:   6.34 kB
storage/framework/testing/pkg05-build/assets/breaches-BeoLzETt.js                                16.42 kB │ gzip:   5.75 kB
storage/framework/testing/pkg05-build/assets/RunResults-CXL0R0fI.js                              16.44 kB │ gzip:   6.17 kB
storage/framework/testing/pkg05-build/assets/index-BzH69niM.js                                   16.48 kB │ gzip:   6.60 kB
storage/framework/testing/pkg05-build/assets/show-DJ7MarDQ.js                                    16.49 kB │ gzip:   6.58 kB
storage/framework/testing/pkg05-build/assets/Settings-D-CSFa-R.js                                16.55 kB │ gzip:   6.21 kB
storage/framework/testing/pkg05-build/assets/show-B7-IabKp.js                                    16.56 kB │ gzip:   5.62 kB
storage/framework/testing/pkg05-build/assets/Show-DqOGVxVW.js                                    16.59 kB │ gzip:   6.53 kB
storage/framework/testing/pkg05-build/assets/notification-defaults-CX7oaEIh.js                   16.62 kB │ gzip:   5.91 kB
storage/framework/testing/pkg05-build/assets/index-DTu1fHdS.js                                   16.66 kB │ gzip:   6.48 kB
storage/framework/testing/pkg05-build/assets/Index-DqwKcZDB.js                                   16.68 kB │ gzip:   6.62 kB
storage/framework/testing/pkg05-build/assets/observations-D4DJeBj_.js                            16.70 kB │ gzip:   6.20 kB
storage/framework/testing/pkg05-build/assets/location-Bxb097Hl.js                                16.73 kB │ gzip:   6.01 kB
storage/framework/testing/pkg05-build/assets/Show-BuD6Ea5o.js                                    16.81 kB │ gzip:   6.95 kB
storage/framework/testing/pkg05-build/assets/charts-7wlvKwhf.js                                  16.83 kB │ gzip:   5.56 kB
storage/framework/testing/pkg05-build/assets/Protocols-B7DeCiyT.js                               16.86 kB │ gzip:   6.23 kB
storage/framework/testing/pkg05-build/assets/documents-Dfz5YhHJ.js                               16.86 kB │ gzip:   6.66 kB
storage/framework/testing/pkg05-build/assets/leave-3ySW8aBV.js                                   16.88 kB │ gzip:   7.07 kB
storage/framework/testing/pkg05-build/assets/Index-DfRlzXx5.js                                   16.88 kB │ gzip:   6.90 kB
storage/framework/testing/pkg05-build/assets/Show-0uom5OwE.js                                    16.88 kB │ gzip:   5.82 kB
storage/framework/testing/pkg05-build/assets/Index-BtqzwJVU.js                                   16.89 kB │ gzip:   6.95 kB
storage/framework/testing/pkg05-build/assets/note-detail-dialog-koPuM3uF.js                      16.91 kB │ gzip:   5.80 kB
storage/framework/testing/pkg05-build/assets/api-C07V4GvI.js                                     16.93 kB │ gzip:   5.15 kB
storage/framework/testing/pkg05-build/assets/Index-Cf39B_Px.js                                   16.99 kB │ gzip:   6.65 kB
storage/framework/testing/pkg05-build/assets/cost-allocation-BN_zVopz.js                         17.07 kB │ gzip:   6.10 kB
storage/framework/testing/pkg05-build/assets/leaflet-map-CCSyolFU.js                             17.11 kB │ gzip:   6.08 kB
storage/framework/testing/pkg05-build/assets/edit-CPZ1Vd02.js                                    17.11 kB │ gzip:   6.32 kB
storage/framework/testing/pkg05-build/assets/family-notes-DBzVheHS.js                            17.12 kB │ gzip:   6.35 kB
storage/framework/testing/pkg05-build/assets/index-B4UVznr6.js                                   17.12 kB │ gzip:   6.68 kB
storage/framework/testing/pkg05-build/assets/Index-CRpZcAYS.js                                   17.16 kB │ gzip:   6.18 kB
storage/framework/testing/pkg05-build/assets/Index-hybNumBH.js                                   17.21 kB │ gzip:   7.09 kB
storage/framework/testing/pkg05-build/assets/create-CP71LgDV.js                                  17.21 kB │ gzip:   6.01 kB
storage/framework/testing/pkg05-build/assets/maintenance-BlFgNkDJ.js                             17.29 kB │ gzip:   6.47 kB
storage/framework/testing/pkg05-build/assets/leave-hub-tabs-D9K-WkjL.js                          17.30 kB │ gzip:   5.81 kB
storage/framework/testing/pkg05-build/assets/_dialogs-C6HOaCR3.js                                17.31 kB │ gzip:   6.48 kB
storage/framework/testing/pkg05-build/assets/worklists-zEKxXCTg.js                               17.31 kB │ gzip:   5.86 kB
storage/framework/testing/pkg05-build/assets/Index-BijK3eUc.js                                   17.34 kB │ gzip:   7.23 kB
storage/framework/testing/pkg05-build/assets/week-picker-BaIom0ga.js                             17.40 kB │ gzip:   6.73 kB
storage/framework/testing/pkg05-build/assets/view-timesheet-dialog-eyK2dJ96.js                   17.49 kB │ gzip:   4.84 kB
storage/framework/testing/pkg05-build/assets/handover-detail-dialog-Ecu1AA5y.js                  17.50 kB │ gzip:   5.94 kB
storage/framework/testing/pkg05-build/assets/Index-5o0ruPH3.js                                   17.63 kB │ gzip:   7.48 kB
storage/framework/testing/pkg05-build/assets/index-z_IonjJe.js                                   17.63 kB │ gzip:   6.71 kB
storage/framework/testing/pkg05-build/assets/index-DISqY8Wv.js                                   17.64 kB │ gzip:   5.92 kB
storage/framework/testing/pkg05-build/assets/_overview-dialogs-B3Q3yWhD.js                       17.65 kB │ gzip:   5.35 kB
storage/framework/testing/pkg05-build/assets/show-DAbKE4Fr.js                                    17.71 kB │ gzip:   4.42 kB
storage/framework/testing/pkg05-build/assets/edit-CQCJoh-G.js                                    17.87 kB │ gzip:   6.45 kB
storage/framework/testing/pkg05-build/assets/substance-wizard-dialog-CnLiZ9ff.js                 17.90 kB │ gzip:   6.30 kB
storage/framework/testing/pkg05-build/assets/index-CN3s81ns.js                                   17.90 kB │ gzip:   6.90 kB
storage/framework/testing/pkg05-build/assets/show-DNk-dcLQ.js                                    17.91 kB │ gzip:   6.40 kB
storage/framework/testing/pkg05-build/assets/Index-Bwt9QJgi.js                                   17.97 kB │ gzip:   7.33 kB
storage/framework/testing/pkg05-build/assets/security-BtDWIuh8.js                                17.99 kB │ gzip:   6.22 kB
storage/framework/testing/pkg05-build/assets/reports-MWaVPwse.js                                 18.01 kB │ gzip:   6.32 kB
storage/framework/testing/pkg05-build/assets/Show-CRN9i3x1.js                                    18.02 kB │ gzip:   6.08 kB
storage/framework/testing/pkg05-build/assets/Index-BaKbHSNM.js                                   18.02 kB │ gzip:   7.29 kB
storage/framework/testing/pkg05-build/assets/show-D756Qa81.js                                    18.02 kB │ gzip:   6.62 kB
storage/framework/testing/pkg05-build/assets/show-5sf8Us_O.js                                    18.03 kB │ gzip:   6.58 kB
storage/framework/testing/pkg05-build/assets/index-Btv0s268.js                                   18.07 kB │ gzip:   2.18 kB
storage/framework/testing/pkg05-build/assets/health-clinical-shell-jcFZIJpx.js                   18.07 kB │ gzip:   7.16 kB
storage/framework/testing/pkg05-build/assets/index-WNVnGiVw.js                                   18.07 kB │ gzip:   4.73 kB
storage/framework/testing/pkg05-build/assets/shift-coverage-XwRdDXz-.js                          18.17 kB │ gzip:   6.43 kB
storage/framework/testing/pkg05-build/assets/Show-DMOGedLA.js                                    18.20 kB │ gzip:   6.99 kB
storage/framework/testing/pkg05-build/assets/Show-CXB4oxaV.js                                    18.21 kB │ gzip:   7.33 kB
storage/framework/testing/pkg05-build/assets/daily-notes-Cyctgpit.js                             18.21 kB │ gzip:   6.72 kB
storage/framework/testing/pkg05-build/assets/_dialogs-BhlJVcdG.js                                18.24 kB │ gzip:   6.68 kB
storage/framework/testing/pkg05-build/assets/payslip-detail-BYdPseWY.js                          18.24 kB │ gzip:   6.08 kB
storage/framework/testing/pkg05-build/assets/dashboard-ULQFqRgL.js                               18.25 kB │ gzip:   6.94 kB
storage/framework/testing/pkg05-build/assets/Edit-DH8BwMn7.js                                    18.26 kB │ gzip:   6.96 kB
storage/framework/testing/pkg05-build/assets/book-vehicle-wizard-BdGl428L.js                     18.31 kB │ gzip:   5.54 kB
storage/framework/testing/pkg05-build/assets/index-CBLgXbV3.js                                   18.32 kB │ gzip:   7.20 kB
storage/framework/testing/pkg05-build/assets/Show-DCEoZdTz.js                                    18.36 kB │ gzip:   7.14 kB
storage/framework/testing/pkg05-build/assets/Show-BnJ-3o7i.js                                    18.45 kB │ gzip:   7.39 kB
storage/framework/testing/pkg05-build/assets/announcement-wizard-BbM5Ei5z.js                     18.46 kB │ gzip:   6.37 kB
storage/framework/testing/pkg05-build/assets/index-C7gDVxNn.js                                   18.52 kB │ gzip:   6.53 kB
storage/framework/testing/pkg05-build/assets/schedule-CvcPCzOs.js                                18.62 kB │ gzip:   6.37 kB
storage/framework/testing/pkg05-build/assets/directory-BQ26vczo.js                               18.62 kB │ gzip:   6.30 kB
storage/framework/testing/pkg05-build/assets/create-wizard-D2SN-VRB.js                           18.69 kB │ gzip:   6.51 kB
storage/framework/testing/pkg05-build/assets/index-Dti-_W0v.js                                   18.71 kB │ gzip:   7.23 kB
storage/framework/testing/pkg05-build/assets/show-XsqpM1Vb.js                                    18.75 kB │ gzip:   6.82 kB
storage/framework/testing/pkg05-build/assets/chains-bt5ajUG6.js                                  18.79 kB │ gzip:   6.61 kB
storage/framework/testing/pkg05-build/assets/ppe-detail-dialog-C6Yu_Z7I.js                       18.80 kB │ gzip:   6.40 kB
storage/framework/testing/pkg05-build/assets/show-review-CJDWbAdw.js                             18.85 kB │ gzip:   6.81 kB
storage/framework/testing/pkg05-build/assets/_recipes-panel-DXGbmrsD.js                          18.90 kB │ gzip:   6.01 kB
storage/framework/testing/pkg05-build/assets/audit-logs-CwJTdcWl.js                              18.92 kB │ gzip:   7.15 kB
storage/framework/testing/pkg05-build/assets/_dialogs-BpqkFUji.js                                19.07 kB │ gzip:   6.16 kB
storage/framework/testing/pkg05-build/assets/goals-D_7whNFT.js                                   19.23 kB │ gzip:   6.67 kB
storage/framework/testing/pkg05-build/assets/integrations-DTduqJLo.js                            19.25 kB │ gzip:   6.65 kB
storage/framework/testing/pkg05-build/assets/show-Cq9Vsgr4.js                                    19.26 kB │ gzip:   7.10 kB
storage/framework/testing/pkg05-build/assets/edit-63izSTRh.js                                    19.30 kB │ gzip:   6.87 kB
storage/framework/testing/pkg05-build/assets/two-factor-DSzXOQmY.js                              19.33 kB │ gzip:   7.18 kB
storage/framework/testing/pkg05-build/assets/index-CbCTSeFA.js                                   19.36 kB │ gzip:   6.64 kB
storage/framework/testing/pkg05-build/assets/_dialogs-BpZP7aNB.js                                19.43 kB │ gzip:   7.21 kB
storage/framework/testing/pkg05-build/assets/escalations-BXS5_yrA.js                             19.51 kB │ gzip:   8.13 kB
storage/framework/testing/pkg05-build/assets/_templates-panel-BHSfhUVW.js                        19.54 kB │ gzip:   6.00 kB
storage/framework/testing/pkg05-build/assets/calendar-sync-CNdTvq3Z.js                           19.54 kB │ gzip:   7.39 kB
storage/framework/testing/pkg05-build/assets/index-CQyGbpAd.js                                   19.56 kB │ gzip:   7.45 kB
storage/framework/testing/pkg05-build/assets/Shifts-80lCw9FC.js                                  19.56 kB │ gzip:   7.11 kB
storage/framework/testing/pkg05-build/assets/show-BfNhzUyi.js                                    19.62 kB │ gzip:   6.79 kB
storage/framework/testing/pkg05-build/assets/training-C82oYbFX.js                                19.64 kB │ gzip:   6.51 kB
storage/framework/testing/pkg05-build/assets/Index-FBHg6um7.js                                   19.68 kB │ gzip:   8.20 kB
storage/framework/testing/pkg05-build/assets/show-9Q7FMPlA.js                                    19.69 kB │ gzip:   7.44 kB
storage/framework/testing/pkg05-build/assets/Behaviour-YVq7BO-k.js                               19.81 kB │ gzip:   6.95 kB
storage/framework/testing/pkg05-build/assets/Show-q1fkLZ52.js                                    19.82 kB │ gzip:   7.79 kB
storage/framework/testing/pkg05-build/assets/Show-CQZ96GKT.js                                    19.89 kB │ gzip:   7.66 kB
storage/framework/testing/pkg05-build/assets/index-gGufChRv.js                                   19.92 kB │ gzip:   7.75 kB
storage/framework/testing/pkg05-build/assets/_dialogs-C7xjWdxW.js                                19.97 kB │ gzip:   7.02 kB
storage/framework/testing/pkg05-build/assets/features-Bzfmt15_.js                                19.98 kB │ gzip:   5.23 kB
storage/framework/testing/pkg05-build/assets/Show-CHQBl5FY.js                                    20.00 kB │ gzip:   7.71 kB
storage/framework/testing/pkg05-build/assets/index-CZ7KZoBf.js                                   20.01 kB │ gzip:   7.41 kB
storage/framework/testing/pkg05-build/assets/edit-BCDeRKv1.js                                    20.21 kB │ gzip:   7.51 kB
storage/framework/testing/pkg05-build/assets/broadcast-Bx7jVm0Q.js                               20.27 kB │ gzip:   7.81 kB
storage/framework/testing/pkg05-build/assets/dashboard-C4pbarUi.js                               20.30 kB │ gzip:   7.51 kB
storage/framework/testing/pkg05-build/assets/index-CBznCuZd.js                                   20.30 kB │ gzip:   7.32 kB
storage/framework/testing/pkg05-build/assets/index-CI4Lwhy4.js                                   20.32 kB │ gzip:   7.05 kB
storage/framework/testing/pkg05-build/assets/stats-BK7UFuUU.js                                   20.34 kB │ gzip:   6.48 kB
storage/framework/testing/pkg05-build/assets/fixed-asset-dispose-dialog-CYLtSBb1.js              20.44 kB │ gzip:   6.68 kB
storage/framework/testing/pkg05-build/assets/show-CVW8469u.js                                    20.52 kB │ gzip:   7.55 kB
storage/framework/testing/pkg05-build/assets/note-wizard-DsNn9Dqh.js                             20.54 kB │ gzip:   6.60 kB
storage/framework/testing/pkg05-build/assets/_library-dialogs-CWZv4owl.js                        20.59 kB │ gzip:   5.61 kB
storage/framework/testing/pkg05-build/assets/medications-CVBvgVaq.js                             20.61 kB │ gzip:   7.21 kB
storage/framework/testing/pkg05-build/assets/shifts-D-K7qBgW.js                                  20.62 kB │ gzip:   6.78 kB
storage/framework/testing/pkg05-build/assets/_error-dialogs-Ntek_aC-.js                          20.68 kB │ gzip:   7.30 kB
storage/framework/testing/pkg05-build/assets/calendar-JZJrDT7v.js                                20.77 kB │ gzip:   6.76 kB
storage/framework/testing/pkg05-build/assets/history-BXKiqSRf.js                                 20.78 kB │ gzip:   7.16 kB
storage/framework/testing/pkg05-build/assets/shift-notes-dialog-BjcaF-W2.js                      20.84 kB │ gzip:   7.80 kB
storage/framework/testing/pkg05-build/assets/Index-BI4-BVh9.js                                   20.96 kB │ gzip:   8.68 kB
storage/framework/testing/pkg05-build/assets/record-observation-dialog-yJPvShmZ.js               20.96 kB │ gzip:   8.11 kB
storage/framework/testing/pkg05-build/assets/show-BgGySfME.js                                    20.97 kB │ gzip:   7.11 kB
storage/framework/testing/pkg05-build/assets/index-DvY84gaJ.js                                   21.02 kB │ gzip:   8.59 kB
storage/framework/testing/pkg05-build/assets/create-B1tAh5UG.js                                  21.06 kB │ gzip:   6.07 kB
storage/framework/testing/pkg05-build/assets/index-BA-xXZve.js                                   21.10 kB │ gzip:   7.69 kB
storage/framework/testing/pkg05-build/assets/map-Cq70lzpg.js                                     21.11 kB │ gzip:   6.61 kB
storage/framework/testing/pkg05-build/assets/add-device-dialog-godirhst.js                       21.12 kB │ gzip:   7.34 kB
storage/framework/testing/pkg05-build/assets/balances-BZC5EQ90.js                                21.13 kB │ gzip:   8.48 kB
storage/framework/testing/pkg05-build/assets/Show-BLeN1jEk.js                                    21.19 kB │ gzip:   8.06 kB
storage/framework/testing/pkg05-build/assets/create-CztrARBX.js                                  21.22 kB │ gzip:   7.12 kB
storage/framework/testing/pkg05-build/assets/show-CRW4Tr2D.js                                    21.32 kB │ gzip:   7.51 kB
storage/framework/testing/pkg05-build/assets/show-DnefrtzN.js                                    21.36 kB │ gzip:   7.77 kB
storage/framework/testing/pkg05-build/assets/index-BJgvEDWq.js                                   21.61 kB │ gzip:   7.37 kB
storage/framework/testing/pkg05-build/assets/_dialogs-CVwtKQhl.js                                21.64 kB │ gzip:   7.66 kB
storage/framework/testing/pkg05-build/assets/parts-CrSDp2p5.js                                   21.65 kB │ gzip:   6.76 kB
storage/framework/testing/pkg05-build/assets/Events-De4oOy_w.js                                  21.70 kB │ gzip:   7.98 kB
storage/framework/testing/pkg05-build/assets/Index-Bx49dI4D.js                                   21.73 kB │ gzip:   8.35 kB
storage/framework/testing/pkg05-build/assets/performance-wizards-CsBPwoqZ.js                     21.79 kB │ gzip:   7.44 kB
storage/framework/testing/pkg05-build/assets/index-De7YTbuv.js                                   21.89 kB │ gzip:   8.03 kB
storage/framework/testing/pkg05-build/assets/review-builder-dialog-j6F-auLX.js                   21.89 kB │ gzip:   7.70 kB
storage/framework/testing/pkg05-build/assets/create-DFjX3tg7.js                                  21.89 kB │ gzip:   8.71 kB
storage/framework/testing/pkg05-build/assets/calendar-DeFw7_an.js                                21.90 kB │ gzip:   6.84 kB
storage/framework/testing/pkg05-build/assets/edit-DCGgKZKL.js                                    21.94 kB │ gzip:   7.35 kB
storage/framework/testing/pkg05-build/assets/add-evidence-dialog-B0cdYPJ3.js                     21.94 kB │ gzip:   8.68 kB
storage/framework/testing/pkg05-build/assets/Index-DhkHhJH3.js                                   21.98 kB │ gzip:   8.46 kB
storage/framework/testing/pkg05-build/assets/ppe-create-wizards-BrSPhqWJ.js                      22.05 kB │ gzip:   7.38 kB
storage/framework/testing/pkg05-build/assets/incidents-ttQnVYF5.js                               22.20 kB │ gzip:   8.33 kB
storage/framework/testing/pkg05-build/assets/create-BrsUycv8.js                                  22.23 kB │ gzip:   7.41 kB
storage/framework/testing/pkg05-build/assets/home-OsjZS22d.js                                    22.25 kB │ gzip:   5.38 kB
storage/framework/testing/pkg05-build/assets/show-QdAGXO97.js                                    22.45 kB │ gzip:   7.38 kB
storage/framework/testing/pkg05-build/assets/leave-request-dialog-BH4qrWzH.js                    22.51 kB │ gzip:   7.53 kB
storage/framework/testing/pkg05-build/assets/Index-CC7CY2Bf.js                                   22.60 kB │ gzip:   8.50 kB
storage/framework/testing/pkg05-build/assets/payslips-fqm2zA0M.js                                22.60 kB │ gzip:   6.73 kB
storage/framework/testing/pkg05-build/assets/_dialogs-yGMI8kPP.js                                22.81 kB │ gzip:   8.46 kB
storage/framework/testing/pkg05-build/assets/incidents-Cin3fErG.js                               22.87 kB │ gzip:   8.52 kB
storage/framework/testing/pkg05-build/assets/personal-details-B6vNKifY.js                        22.99 kB │ gzip:   7.96 kB
storage/framework/testing/pkg05-build/assets/Show-BZZX2NXW.js                                    23.03 kB │ gzip:   8.55 kB
storage/framework/testing/pkg05-build/assets/notifications-CN0zLEh7.js                           23.12 kB │ gzip:   8.28 kB
storage/framework/testing/pkg05-build/assets/Show-B209t3aF.js                                    23.13 kB │ gzip:   7.92 kB
storage/framework/testing/pkg05-build/assets/_competency-dialogs-BEtmdvYI.js                     23.20 kB │ gzip:   7.76 kB
storage/framework/testing/pkg05-build/assets/resident-sidebar-DoNY7Hai.js                        23.21 kB │ gzip:   8.32 kB
storage/framework/testing/pkg05-build/assets/Index-D7D3jvB_.js                                   23.29 kB │ gzip:   7.72 kB
storage/framework/testing/pkg05-build/assets/index-DwnOuI_B.js                                   23.32 kB │ gzip:   8.08 kB
storage/framework/testing/pkg05-build/assets/Show-LInrDzls.js                                    23.39 kB │ gzip:   8.58 kB
storage/framework/testing/pkg05-build/assets/unifi-f8Ln1Nq-.js                                   23.43 kB │ gzip:   7.12 kB
storage/framework/testing/pkg05-build/assets/show-DvTpgBIl.js                                    23.46 kB │ gzip:   7.64 kB
storage/framework/testing/pkg05-build/assets/create-wizard-QXa0Hb44.js                           23.48 kB │ gzip:   8.18 kB
storage/framework/testing/pkg05-build/assets/Show-B2bCJX6A.js                                    23.50 kB │ gzip:   8.97 kB
storage/framework/testing/pkg05-build/assets/Index-CcA40yRi.js                                   23.75 kB │ gzip:   9.21 kB
storage/framework/testing/pkg05-build/assets/one-DTz0Y01I.js                                     23.95 kB │ gzip:   8.27 kB
storage/framework/testing/pkg05-build/assets/_dialogs-CVK54AAw.js                                23.99 kB │ gzip:   8.98 kB
storage/framework/testing/pkg05-build/assets/analytics-charts-B2wiQlSL.js                        24.03 kB │ gzip:   6.47 kB
storage/framework/testing/pkg05-build/assets/Index-DJuYQJrw.js                                   24.19 kB │ gzip:   8.51 kB
storage/framework/testing/pkg05-build/assets/page-hero-CiiTAtvx.js                               24.23 kB │ gzip:   7.29 kB
storage/framework/testing/pkg05-build/assets/Create-xB4KMXhc.js                                  24.24 kB │ gzip:   7.93 kB
storage/framework/testing/pkg05-build/assets/ResolutionResultCard-CuKcoYDO.js                    24.31 kB │ gzip:   8.94 kB
storage/framework/testing/pkg05-build/assets/mar-governance-dialogs-CAZyZNPZ.js                  24.32 kB │ gzip:   7.57 kB
storage/framework/testing/pkg05-build/assets/automations-C_FZ177k.js                             24.75 kB │ gzip:   7.60 kB
storage/framework/testing/pkg05-build/assets/restraint-event-wizard-hbpmJCyM.js                  24.76 kB │ gzip:   8.04 kB
storage/framework/testing/pkg05-build/assets/Show-Bem-ZLnP.js                                    24.76 kB │ gzip:   9.99 kB
storage/framework/testing/pkg05-build/assets/governance-labels-CJgR2U5s.js                       24.81 kB │ gzip:   8.17 kB
storage/framework/testing/pkg05-build/assets/Show-CYhWZSag.js                                    24.92 kB │ gzip:   8.75 kB
storage/framework/testing/pkg05-build/assets/Show-CsVgkswK.js                                    25.00 kB │ gzip:   9.63 kB
storage/framework/testing/pkg05-build/assets/Reconcile-BconsAA1.js                               25.03 kB │ gzip:   8.87 kB
storage/framework/testing/pkg05-build/assets/_review-dialogs-BaN0o95X.js                         25.05 kB │ gzip:   7.97 kB
storage/framework/testing/pkg05-build/assets/index-DM5QEpK1.js                                   25.07 kB │ gzip:   8.18 kB
storage/framework/testing/pkg05-build/assets/objective-wizard-Vs6-p6d0.js                        25.18 kB │ gzip:   7.13 kB
storage/framework/testing/pkg05-build/assets/Medications-BKu3ACp-.js                             25.25 kB │ gzip:   9.17 kB
storage/framework/testing/pkg05-build/assets/Index-D0wjNaYF.js                                   25.42 kB │ gzip:   7.87 kB
storage/framework/testing/pkg05-build/assets/Show-KxoXLCNv.js                                    25.43 kB │ gzip:   9.75 kB
storage/framework/testing/pkg05-build/assets/sso-BisPX9kF.js                                     25.52 kB │ gzip:   7.97 kB
storage/framework/testing/pkg05-build/assets/index-BeKvayGR.js                                   25.53 kB │ gzip:   9.65 kB
storage/framework/testing/pkg05-build/assets/index-C46J3Nzb.js                                   25.53 kB │ gzip:   8.90 kB
storage/framework/testing/pkg05-build/assets/show-C2Y0QKZB.js                                    25.59 kB │ gzip:   8.04 kB
storage/framework/testing/pkg05-build/assets/it-mailbox-DA5k_g86.js                              25.64 kB │ gzip:   8.71 kB
storage/framework/testing/pkg05-build/assets/milesight-CMLpBD8Y.js                               25.89 kB │ gzip:   8.50 kB
storage/framework/testing/pkg05-build/assets/create-offer-CnldRBQk.js                            25.93 kB │ gzip:   8.81 kB
storage/framework/testing/pkg05-build/assets/dashboard-B0uvjO63.js                               26.06 kB │ gzip:   8.05 kB
storage/framework/testing/pkg05-build/assets/vendor-utils-Dr6D9L7d.js                            26.13 kB │ gzip:   8.47 kB
storage/framework/testing/pkg05-build/assets/Index-DbvUvIqM.js                                   26.17 kB │ gzip:   9.73 kB
storage/framework/testing/pkg05-build/assets/record-assessment-dialog-B1ZHhSSb.js                26.21 kB │ gzip:   9.52 kB
storage/framework/testing/pkg05-build/assets/documents-wizards-DeckNH62.js                       26.26 kB │ gzip:   9.26 kB
storage/framework/testing/pkg05-build/assets/show-BLyjG3nt.js                                    26.34 kB │ gzip:   8.96 kB
storage/framework/testing/pkg05-build/assets/_dialogs-qg6ZWpXM.js                                26.35 kB │ gzip:   8.33 kB
storage/framework/testing/pkg05-build/assets/index-D3EkabLe.js                                   26.36 kB │ gzip:   9.00 kB
storage/framework/testing/pkg05-build/assets/transport-medication-dialogs-Djsa6lEi.js            26.38 kB │ gzip:   6.10 kB
storage/framework/testing/pkg05-build/assets/show-CWFcJlNv.js                                    26.53 kB │ gzip:   7.66 kB
storage/framework/testing/pkg05-build/assets/Handovers-yrr-qn_r.js                               26.68 kB │ gzip:  10.42 kB
storage/framework/testing/pkg05-build/assets/_workspace-dialogs-yInY4OMU.js                      26.83 kB │ gzip:   8.78 kB
storage/framework/testing/pkg05-build/assets/create-FqYSDfdZ.js                                  26.91 kB │ gzip:   7.54 kB
storage/framework/testing/pkg05-build/assets/index-CpHbEtJm.js                                   27.12 kB │ gzip:   9.66 kB
storage/framework/testing/pkg05-build/assets/show-BWgwWxXz.js                                    27.16 kB │ gzip:   9.05 kB
storage/framework/testing/pkg05-build/assets/index-DxQ6Zmnb.js                                   27.31 kB │ gzip:   9.45 kB
storage/framework/testing/pkg05-build/assets/SelfAdmin-CQhM9uwv.js                               27.42 kB │ gzip:   9.09 kB
storage/framework/testing/pkg05-build/assets/provisioning-command-dialog-CuHLGLnL.js             27.65 kB │ gzip:  10.76 kB
storage/framework/testing/pkg05-build/assets/show-Df0qwRcQ.js                                    27.66 kB │ gzip:   9.77 kB
storage/framework/testing/pkg05-build/assets/care-support-plan-BbqI14Im.js                       27.67 kB │ gzip:   9.14 kB
storage/framework/testing/pkg05-build/assets/Index-DOt8nQla.js                                   27.72 kB │ gzip:  10.42 kB
storage/framework/testing/pkg05-build/assets/index-Mp6GSwqs.js                                   27.81 kB │ gzip:   9.77 kB
storage/framework/testing/pkg05-build/assets/index-FfY_2IDE.js                                   27.85 kB │ gzip:   9.33 kB
storage/framework/testing/pkg05-build/assets/edit-D0Hc9My3.js                                    27.91 kB │ gzip:   9.29 kB
storage/framework/testing/pkg05-build/assets/asset-wizard-dialog-D2chuNet.js                     28.04 kB │ gzip:   9.41 kB
storage/framework/testing/pkg05-build/assets/smart-monitoring-BkaLffMy.js                        28.05 kB │ gzip:   6.49 kB
storage/framework/testing/pkg05-build/assets/Index-B3BdB_2O.js                                   28.08 kB │ gzip:  10.41 kB
storage/framework/testing/pkg05-build/assets/index-B-3gtoBz.js                                   28.25 kB │ gzip:   9.17 kB
storage/framework/testing/pkg05-build/assets/show-9czoPJim.js                                    28.41 kB │ gzip:   9.97 kB
storage/framework/testing/pkg05-build/assets/index-B9x8u3Yc.js                                   28.52 kB │ gzip:   9.17 kB
storage/framework/testing/pkg05-build/assets/show-sZmY92mb.js                                    28.73 kB │ gzip:   8.53 kB
storage/framework/testing/pkg05-build/assets/show-DM1i__nZ.js                                    28.74 kB │ gzip:  10.30 kB
storage/framework/testing/pkg05-build/assets/index-XzuQmqGK.js                                   28.77 kB │ gzip:   8.65 kB
storage/framework/testing/pkg05-build/assets/_self-admin-dialogs-CZH0ZYy5.js                     28.81 kB │ gzip:   9.50 kB
storage/framework/testing/pkg05-build/assets/Show-BLz0k2ow.js                                    29.01 kB │ gzip:   9.10 kB
storage/framework/testing/pkg05-build/assets/Create-dl5ePslH.js                                  29.07 kB │ gzip:  10.15 kB
storage/framework/testing/pkg05-build/assets/guided-round-dialog-CC3qujeg.js                     29.15 kB │ gzip:   9.61 kB
storage/framework/testing/pkg05-build/assets/templates-Bqfzt0yX.js                               29.63 kB │ gzip:  10.53 kB
storage/framework/testing/pkg05-build/assets/documents-6chGtFD3.js                               29.66 kB │ gzip:   9.21 kB
storage/framework/testing/pkg05-build/assets/_dialogs-CzFvTB50.js                                30.04 kB │ gzip:  10.02 kB
storage/framework/testing/pkg05-build/assets/run-modal-DKzmjZBw.js                               30.05 kB │ gzip:  10.27 kB
storage/framework/testing/pkg05-build/assets/page-header-BZCnbA3K.js                             30.13 kB │ gzip:   9.17 kB
storage/framework/testing/pkg05-build/assets/index-pLfClmRN.js                                   30.19 kB │ gzip:   9.91 kB
storage/framework/testing/pkg05-build/assets/procedure-detail-dialog-CmpTmg5_.js                 30.20 kB │ gzip:   9.63 kB
storage/framework/testing/pkg05-build/assets/show-BJrS8C2g.js                                    30.29 kB │ gzip:   9.81 kB
storage/framework/testing/pkg05-build/assets/_dialogs-BlRba3Fr.js                                30.39 kB │ gzip:   9.20 kB
storage/framework/testing/pkg05-build/assets/Show-Cc02ZqcJ.js                                    30.55 kB │ gzip:  11.02 kB
storage/framework/testing/pkg05-build/assets/_dialogs-D4HKCPjv.js                                30.56 kB │ gzip:  10.94 kB
storage/framework/testing/pkg05-build/assets/Competency-BAf42Q3U.js                              30.57 kB │ gzip:  10.28 kB
storage/framework/testing/pkg05-build/assets/MedicationErrors-CQYblQhg.js                        30.83 kB │ gzip:  11.20 kB
storage/framework/testing/pkg05-build/assets/_hero-qkrOH583.js                                   30.97 kB │ gzip:   9.79 kB
storage/framework/testing/pkg05-build/assets/access-BMfU0ShP.js                                  31.10 kB │ gzip:  10.21 kB
storage/framework/testing/pkg05-build/assets/_shopping-list-panel-B32m8nh_.js                    31.35 kB │ gzip:  11.02 kB
storage/framework/testing/pkg05-build/assets/index-pR4IceY7.js                                   31.36 kB │ gzip:  10.74 kB
storage/framework/testing/pkg05-build/assets/Reviews-BWrsiqng.js                                 31.74 kB │ gzip:  10.44 kB
storage/framework/testing/pkg05-build/assets/_dialogs-C_7qYV2P.js                                31.87 kB │ gzip:   9.50 kB
storage/framework/testing/pkg05-build/assets/_stock-dialogs-B8nadk1y.js                          31.91 kB │ gzip:   9.55 kB
storage/framework/testing/pkg05-build/assets/notification-escalations-Cz15_nqd.js                32.13 kB │ gzip:  10.02 kB
storage/framework/testing/pkg05-build/assets/email-settings-BatA7MkA.js                          32.23 kB │ gzip:  10.33 kB
storage/framework/testing/pkg05-build/assets/access-bxvvZM3T.js                                  32.54 kB │ gzip:  11.61 kB
storage/framework/testing/pkg05-build/assets/index-DBFTss0-.js                                   32.91 kB │ gzip:  11.94 kB
storage/framework/testing/pkg05-build/assets/_dialogs-BKqsWRxW.js                                33.24 kB │ gzip:  10.70 kB
storage/framework/testing/pkg05-build/assets/Show-D4-jQFpW.js                                    33.25 kB │ gzip:  11.65 kB
storage/framework/testing/pkg05-build/assets/Show-CtL8IahG.js                                    33.57 kB │ gzip:  11.74 kB
storage/framework/testing/pkg05-build/assets/index-mhCuD3iY.js                                   33.60 kB │ gzip:  11.58 kB
storage/framework/testing/pkg05-build/assets/index-Cn8QQ4DJ.js                                   34.00 kB │ gzip:  11.61 kB
storage/framework/testing/pkg05-build/assets/index-Dp6hlXB2.js                                   34.37 kB │ gzip:  12.24 kB
storage/framework/testing/pkg05-build/assets/show-DS13E8Vu.js                                    34.77 kB │ gzip:  10.66 kB
storage/framework/testing/pkg05-build/assets/Destructions-BBSCNDTu.js                            34.78 kB │ gzip:  12.44 kB
storage/framework/testing/pkg05-build/assets/medical-C0MUlxdL.js                                 34.85 kB │ gzip:   7.87 kB
storage/framework/testing/pkg05-build/assets/_prescription-dialogs-BHZnRFMt.js                   35.13 kB │ gzip:   9.94 kB
storage/framework/testing/pkg05-build/assets/index-v7C4nTni.js                                   35.13 kB │ gzip:  11.92 kB
storage/framework/testing/pkg05-build/assets/Index-BPFm_NGI.js                                   35.24 kB │ gzip:  11.55 kB
storage/framework/testing/pkg05-build/assets/_cd-dialogs-DPqR40kE.js                             35.36 kB │ gzip:   9.45 kB
storage/framework/testing/pkg05-build/assets/documents-D4ucYKSS.js                               35.50 kB │ gzip:  11.42 kB
storage/framework/testing/pkg05-build/assets/index-CaHDKw1W.js                                   35.80 kB │ gzip:  12.40 kB
storage/framework/testing/pkg05-build/assets/index-CK1ygln-.js                                   36.53 kB │ gzip:  11.76 kB
storage/framework/testing/pkg05-build/assets/messages-2Jdy8Pu_.js                                36.59 kB │ gzip:  11.86 kB
storage/framework/testing/pkg05-build/assets/reviews-DY5L67j1.js                                 36.75 kB │ gzip:  11.56 kB
storage/framework/testing/pkg05-build/assets/index-25Ogu1NW.js                                   37.11 kB │ gzip:  13.94 kB
storage/framework/testing/pkg05-build/assets/handover-kmYQhcH2.js                                37.33 kB │ gzip:  11.81 kB
storage/framework/testing/pkg05-build/assets/Create-puJ4U8JR.js                                  37.34 kB │ gzip:  12.09 kB
storage/framework/testing/pkg05-build/assets/index-BjyrSV7w.js                                   37.67 kB │ gzip:  11.76 kB
storage/framework/testing/pkg05-build/assets/_inspector-DOsInIlN.js                              37.97 kB │ gzip:  11.55 kB
storage/framework/testing/pkg05-build/assets/documents-AoB5idqP.js                               37.99 kB │ gzip:  12.58 kB
storage/framework/testing/pkg05-build/assets/Dashboard-BQYKcs2R.js                               38.02 kB │ gzip:  14.30 kB
storage/framework/testing/pkg05-build/assets/index-jRJAQs2b.js                                   38.09 kB │ gzip:  14.57 kB
storage/framework/testing/pkg05-build/assets/Show-hZED4IES.js                                    38.10 kB │ gzip:  14.44 kB
storage/framework/testing/pkg05-build/assets/global-B2QNiqJX.js                                  38.38 kB │ gzip:  12.86 kB
storage/framework/testing/pkg05-build/assets/hazard-register-D_6Lp44y.js                         38.49 kB │ gzip:  12.71 kB
storage/framework/testing/pkg05-build/assets/Reports-DMQXlnHI.js                                 38.54 kB │ gzip:  12.93 kB
storage/framework/testing/pkg05-build/assets/Show-BTzAydyO.js                                    39.45 kB │ gzip:  11.39 kB
storage/framework/testing/pkg05-build/assets/index-BxbaBzVH.js                                   39.49 kB │ gzip:  13.02 kB
storage/framework/testing/pkg05-build/assets/index-fxn5_Kc4.js                                   39.96 kB │ gzip:  13.09 kB
storage/framework/testing/pkg05-build/assets/index-lSgUO9gO.js                                   40.25 kB │ gzip:  12.94 kB
storage/framework/testing/pkg05-build/assets/index-BQZVmWvW.js                                   40.33 kB │ gzip:  13.83 kB
storage/framework/testing/pkg05-build/assets/case-wizards-PA_EivRh.js                            40.74 kB │ gzip:  11.64 kB
storage/framework/testing/pkg05-build/assets/compliance-wizards-CPdABPpd.js                      40.85 kB │ gzip:  12.73 kB
storage/framework/testing/pkg05-build/assets/index-CT1Y2aKy.js                                   40.87 kB │ gzip:  14.73 kB
storage/framework/testing/pkg05-build/assets/index-9NRoPV3r.js                                   40.92 kB │ gzip:  13.38 kB
storage/framework/testing/pkg05-build/assets/index-BitkGIfR.js                                   41.27 kB │ gzip:  14.36 kB
storage/framework/testing/pkg05-build/assets/_dialogs-Cq8_CDKB.js                                41.37 kB │ gzip:  12.04 kB
storage/framework/testing/pkg05-build/assets/index-DM-Ibvvr.js                                   41.48 kB │ gzip:  14.10 kB
storage/framework/testing/pkg05-build/assets/bands-BZUQwsBP.js                                   41.56 kB │ gzip:  14.32 kB
storage/framework/testing/pkg05-build/assets/Edit-DO6RYkAj.js                                    41.79 kB │ gzip:  13.32 kB
storage/framework/testing/pkg05-build/assets/profile-CNyQnk-V.js                                 41.91 kB │ gzip:  14.13 kB
storage/framework/testing/pkg05-build/assets/index-pBiHaOTB.js                                   41.92 kB │ gzip:  15.14 kB
storage/framework/testing/pkg05-build/assets/discovery-B1civvkH.js                               42.52 kB │ gzip:  12.94 kB
storage/framework/testing/pkg05-build/assets/app-layout-D1dS1JVg.js                              42.65 kB │ gzip:  13.33 kB
storage/framework/testing/pkg05-build/assets/index-DnH0asvb.js                                   42.72 kB │ gzip:  13.78 kB
storage/framework/testing/pkg05-build/assets/sso-config-DBV6xW6L.js                              42.75 kB │ gzip:  13.91 kB
storage/framework/testing/pkg05-build/assets/handover-wizard-BN4bVs4i.js                         43.04 kB │ gzip:  13.62 kB
storage/framework/testing/pkg05-build/assets/core.esm-D5j4X1h1.js                                43.17 kB │ gzip:  14.39 kB
storage/framework/testing/pkg05-build/assets/service-contexts-CoR4Z6q-.js                        43.68 kB │ gzip:  13.98 kB
storage/framework/testing/pkg05-build/assets/_dialogs-BqdBemoV.js                                43.77 kB │ gzip:  14.05 kB
storage/framework/testing/pkg05-build/assets/StockManagement-BuZbsXSo.js                         43.82 kB │ gzip:  13.11 kB
storage/framework/testing/pkg05-build/assets/show-CzA7w10w.js                                    44.20 kB │ gzip:  14.92 kB
storage/framework/testing/pkg05-build/assets/Dashboard-CXLL5NXL.js                               44.21 kB │ gzip:  10.83 kB
storage/framework/testing/pkg05-build/assets/show-FUrWrinC.js                                    44.21 kB │ gzip:  14.93 kB
storage/framework/testing/pkg05-build/assets/Index-CT0lV4aQ.js                                   44.22 kB │ gzip:  15.18 kB
storage/framework/testing/pkg05-build/assets/_canvas-C3Fa__Q-.js                                 44.48 kB │ gzip:  12.88 kB
storage/framework/testing/pkg05-build/assets/branding-Cr_Wa14a.js                                44.74 kB │ gzip:  13.97 kB
storage/framework/testing/pkg05-build/assets/asset-wizards-CS1XX0vl.js                           45.18 kB │ gzip:  13.10 kB
storage/framework/testing/pkg05-build/assets/AuditLog-BlQixCzP.js                                45.26 kB │ gzip:  15.26 kB
storage/framework/testing/pkg05-build/assets/index-gAMzyD1R.js                                   45.53 kB │ gzip:  12.98 kB
storage/framework/testing/pkg05-build/assets/MarCharts-CCCrNLMS.js                               45.65 kB │ gzip:  15.79 kB
storage/framework/testing/pkg05-build/assets/Prescriptions-DYubD0FJ.js                           46.31 kB │ gzip:  14.05 kB
storage/framework/testing/pkg05-build/assets/transport-DL8J-GDw.js                               46.83 kB │ gzip:  15.78 kB
storage/framework/testing/pkg05-build/assets/incident-detail-dialog-BHzqzItN.js                  47.33 kB │ gzip:  14.29 kB
storage/framework/testing/pkg05-build/assets/drill-detail-dialog-DA7ucKv2.js                     47.88 kB │ gzip:  13.51 kB
storage/framework/testing/pkg05-build/assets/Rounds-4nWvF3oK.js                                  48.20 kB │ gzip:  15.14 kB
storage/framework/testing/pkg05-build/assets/incident-report-dialog-DSwceo1d.js                  48.28 kB │ gzip:  15.87 kB
storage/framework/testing/pkg05-build/assets/dashboard-Ok3enPHR.js                               48.35 kB │ gzip:  16.02 kB
storage/framework/testing/pkg05-build/assets/_dialogs-CEOP4Fj5.js                                48.54 kB │ gzip:  14.35 kB
storage/framework/testing/pkg05-build/assets/index-Dq-3kOox.js                                   48.87 kB │ gzip:  15.61 kB
storage/framework/testing/pkg05-build/assets/create-shift-dialog-Dcn-F1ub.js                     49.10 kB │ gzip:  14.23 kB
storage/framework/testing/pkg05-build/assets/index-2TU5oOn3.js                                   49.25 kB │ gzip:  15.16 kB
storage/framework/testing/pkg05-build/assets/_wizard-UB84Pcyb.js                                 49.42 kB │ gzip:  15.34 kB
storage/framework/testing/pkg05-build/assets/welcome-BjU6C8JG.js                                 50.21 kB │ gzip:   9.57 kB
storage/framework/testing/pkg05-build/assets/index-Dl3wcNcN.js                                   51.04 kB │ gzip:  16.05 kB
storage/framework/testing/pkg05-build/assets/index-BssP0YM4.js                                   51.78 kB │ gzip:  15.94 kB
storage/framework/testing/pkg05-build/assets/family-dashboard-BehIPCZw.js                        51.92 kB │ gzip:  15.09 kB
storage/framework/testing/pkg05-build/assets/ra-wizard-dialog-DDiVKKan.js                        51.97 kB │ gzip:  16.28 kB
storage/framework/testing/pkg05-build/assets/show-O9zgbROh.js                                    52.02 kB │ gzip:  17.70 kB
storage/framework/testing/pkg05-build/assets/hazard-detail-dialog-AFb3sB4a.js                    52.62 kB │ gzip:  15.18 kB
storage/framework/testing/pkg05-build/assets/show-CRCYdySS.js                                    52.70 kB │ gzip:  15.79 kB
storage/framework/testing/pkg05-build/assets/index-D-Hqf18Z.js                                   52.85 kB │ gzip:  16.02 kB
storage/framework/testing/pkg05-build/assets/settings-B9bllXdx.js                                53.29 kB │ gzip:  15.53 kB
storage/framework/testing/pkg05-build/assets/workspace-CBS81jf4.js                               54.29 kB │ gzip:  19.17 kB
storage/framework/testing/pkg05-build/assets/index-ZJszztDp.js                                   56.37 kB │ gzip:  19.08 kB
storage/framework/testing/pkg05-build/assets/Show-C9hbdrcb.js                                    57.36 kB │ gzip:  17.32 kB
storage/framework/testing/pkg05-build/assets/CockpitLayout-D_sJ9XUl.js                           57.41 kB │ gzip:  17.89 kB
storage/framework/testing/pkg05-build/assets/device-profile-sections-Bsy10aS7.js                 58.15 kB │ gzip:  16.94 kB
storage/framework/testing/pkg05-build/assets/dashboard-BxaCKmtH.js                               58.71 kB │ gzip:  16.93 kB
storage/framework/testing/pkg05-build/assets/show-XweiaSBy.js                                    59.03 kB │ gzip:  20.15 kB
storage/framework/testing/pkg05-build/assets/my-hr-shell-CXn7AZme.js                             59.82 kB │ gzip:  18.81 kB
storage/framework/testing/pkg05-build/assets/Index-DsJYCc4t.js                                   59.90 kB │ gzip:  19.11 kB
storage/framework/testing/pkg05-build/assets/medical-o0rKqQBg.js                                 60.19 kB │ gzip:  12.05 kB
storage/framework/testing/pkg05-build/assets/_parts-C3bGJoLF.js                                  60.60 kB │ gzip:  19.58 kB
storage/framework/testing/pkg05-build/assets/PrnRecords-Px9w-Oor.js                              60.70 kB │ gzip:  18.65 kB
storage/framework/testing/pkg05-build/assets/conflicts-1YlLv5Xq.js                               61.18 kB │ gzip:  19.76 kB
storage/framework/testing/pkg05-build/assets/Show-Crk9gL4p.js                                    62.47 kB │ gzip:  21.40 kB
storage/framework/testing/pkg05-build/assets/settings-Cvh7okJr.js                                63.28 kB │ gzip:  17.21 kB
storage/framework/testing/pkg05-build/assets/index-CFh4Hlz-.js                                   64.24 kB │ gzip:  19.30 kB
storage/framework/testing/pkg05-build/assets/dashboard-CFydA2Fe.js                               64.43 kB │ gzip:  20.35 kB
storage/framework/testing/pkg05-build/assets/data-DHsQlGO9.js                                    64.59 kB │ gzip:  13.98 kB
storage/framework/testing/pkg05-build/assets/monitoring-BwqHl8lB.js                              65.74 kB │ gzip:  19.52 kB
storage/framework/testing/pkg05-build/assets/ControlledDrugs-DHPYVOpY.js                         65.79 kB │ gzip:  20.41 kB
storage/framework/testing/pkg05-build/assets/catalog-DZUxVuYA.js                                 66.71 kB │ gzip:  17.71 kB
storage/framework/testing/pkg05-build/assets/Show-B5MztaKo.js                                    67.26 kB │ gzip:  19.32 kB
storage/framework/testing/pkg05-build/assets/show-D0D12XLG.js                                    67.73 kB │ gzip:  15.07 kB
storage/framework/testing/pkg05-build/assets/show-DMWs9Bsl.js                                    68.52 kB │ gzip:  20.30 kB
storage/framework/testing/pkg05-build/assets/index-CAHdDf7t.js                                   69.02 kB │ gzip:  21.43 kB
storage/framework/testing/pkg05-build/assets/index-RW37RWTN.js                                   69.31 kB │ gzip:  21.85 kB
storage/framework/testing/pkg05-build/assets/analytics-1t_rr_d_.js                               70.58 kB │ gzip:  23.89 kB
storage/framework/testing/pkg05-build/assets/SiteCalendar-zC4k1aWD.js                            71.76 kB │ gzip:  22.72 kB
storage/framework/testing/pkg05-build/assets/concern-dialog-3Kdystq_.js                          72.32 kB │ gzip:  20.08 kB
storage/framework/testing/pkg05-build/assets/legacy-profile-sections-vPDlDIHv.js                 72.99 kB │ gzip:  19.51 kB
storage/framework/testing/pkg05-build/assets/show-C3CNTa2B.js                                    74.24 kB │ gzip:  23.08 kB
storage/framework/testing/pkg05-build/assets/show-BvfX81Ao.js                                    75.58 kB │ gzip:  23.58 kB
storage/framework/testing/pkg05-build/assets/index-KCxMbsyv.js                                   77.37 kB │ gzip:  22.52 kB
storage/framework/testing/pkg05-build/assets/_calendar-grid-CFEsrvbs.js                          77.48 kB │ gzip:  22.97 kB
storage/framework/testing/pkg05-build/assets/index-BV6glE_C.js                                   78.23 kB │ gzip:  23.81 kB
storage/framework/testing/pkg05-build/assets/index-CIhwHvYb.js                                   80.55 kB │ gzip:  23.34 kB
storage/framework/testing/pkg05-build/assets/index-BMEABPiR.js                                   81.63 kB │ gzip:  24.46 kB
storage/framework/testing/pkg05-build/assets/_create-dialog-pYf86ZYE.js                          81.96 kB │ gzip:  27.50 kB
storage/framework/testing/pkg05-build/assets/index-BFIvNsOG.js                                   83.71 kB │ gzip:  27.21 kB
storage/framework/testing/pkg05-build/assets/index-COmsXws_.js                                   86.90 kB │ gzip:  24.94 kB
storage/framework/testing/pkg05-build/assets/Index-BZuH1gdm.js                                   88.72 kB │ gzip:  26.78 kB
storage/framework/testing/pkg05-build/assets/index-CwzOlR9_.js                                   88.73 kB │ gzip:  27.27 kB
storage/framework/testing/pkg05-build/assets/staff-page-shell-B2-nBozv.js                        91.49 kB │ gzip:  27.11 kB
storage/framework/testing/pkg05-build/assets/index-CvtswKa6.js                                   94.91 kB │ gzip:  28.19 kB
storage/framework/testing/pkg05-build/assets/show-YB7gyKs5.js                                    99.21 kB │ gzip:  25.79 kB
storage/framework/testing/pkg05-build/assets/ticket-intake-fields-CqsECzGC.js                   102.61 kB │ gzip:  30.27 kB
storage/framework/testing/pkg05-build/assets/index-DL7htDBJ.js                                  103.36 kB │ gzip:  31.08 kB
storage/framework/testing/pkg05-build/assets/index-4u5qWw8t.js                                  104.00 kB │ gzip:  31.57 kB
storage/framework/testing/pkg05-build/assets/index-Bt5_yiJ6.js                                  107.42 kB │ gzip:  31.43 kB
storage/framework/testing/pkg05-build/assets/queclink-hub-D47lT_ZI.js                           109.74 kB │ gzip:  33.65 kB
storage/framework/testing/pkg05-build/assets/it-wizards-Dpzck_0n.js                             111.72 kB │ gzip:  35.88 kB
storage/framework/testing/pkg05-build/assets/index-D1_UMJNI.js                                  111.88 kB │ gzip:  30.53 kB
storage/framework/testing/pkg05-build/assets/workspace-vIw5Nfw6.js                              128.30 kB │ gzip:  38.70 kB
storage/framework/testing/pkg05-build/assets/ticket-reopen-dialog-DvcMO5XT.js                   145.73 kB │ gzip:  46.13 kB
storage/framework/testing/pkg05-build/assets/event-detail-dialog-HtODhwjL.js                    148.01 kB │ gzip:  38.85 kB
storage/framework/testing/pkg05-build/assets/vendor-maps-CTUbLoeq.js                            149.92 kB │ gzip:  43.49 kB
storage/framework/testing/pkg05-build/assets/index-DLsAYlsH.js                                  155.95 kB │ gzip:  42.58 kB
storage/framework/testing/pkg05-build/assets/index-CQxUr2Rd.js                                  156.17 kB │ gzip:  45.38 kB
storage/framework/testing/pkg05-build/assets/alert-workspace-dialog-DidKUYhr.js                 158.46 kB │ gzip:  44.47 kB
storage/framework/testing/pkg05-build/assets/index-C8tfFE8N.js                                  159.62 kB │ gzip:  45.14 kB
storage/framework/testing/pkg05-build/assets/knowledge-revision-dialog-B4hTjSfO.js              177.56 kB │ gzip:  49.72 kB
storage/framework/testing/pkg05-build/assets/vendor-react-C99fm9h8.js                           193.87 kB │ gzip:  60.86 kB
storage/framework/testing/pkg05-build/assets/vendor-inertia-L00mYErJ.js                         195.04 kB │ gzip:  65.83 kB
storage/framework/testing/pkg05-build/assets/category-JQtl_Bcv.js                               206.54 kB │ gzip:  51.94 kB
storage/framework/testing/pkg05-build/assets/index-DL3k3Rza.js                                  215.04 kB │ gzip:  68.38 kB
storage/framework/testing/pkg05-build/assets/index-jKDANaqa.js                                  236.35 kB │ gzip:  70.77 kB
storage/framework/testing/pkg05-build/assets/vendor-calendar-NWT3TLWG.js                        267.92 kB │ gzip:  79.12 kB
storage/framework/testing/pkg05-build/assets/vendor-ui-BuO1Y5tc.js                              276.38 kB │ gzip:  76.83 kB
storage/framework/testing/pkg05-build/assets/index-CtCS0r3L.js                                  317.39 kB │ gzip:  88.15 kB
storage/framework/testing/pkg05-build/assets/show-Bo9wobSJ.js                                   328.56 kB │ gzip:  98.16 kB
storage/framework/testing/pkg05-build/assets/show-J5HybzOn.js                                   348.33 kB │ gzip:  98.16 kB
storage/framework/testing/pkg05-build/assets/vendor-charts-DT3hslkE.js                          398.58 kB │ gzip: 115.53 kB
storage/framework/testing/pkg05-build/assets/app-CE6zKmq5.js                                    514.22 kB │ gzip:  83.11 kB
storage/framework/testing/pkg05-build/assets/show-BqUuxKME.js                                   772.65 kB │ gzip: 248.08 kB

(!) Some chunks are larger than 500 kB after minification. Consider:
- Using dynamic import() to code-split the application
- Use build.rollupOptions.output.manualChunks to improve chunking: https://rollupjs.org/configuration-options/#output-manualchunks
- Adjust chunk size limit for this warning via build.chunkSizeWarningLimit.
✓ built in 7m
