
> build
> vite build --outDir storage/framework/testing/pkg05-build

vite v7.3.6 building client environment for production...
[plugin @laravel/vite-plugin-wayfinder] Types generated for actions, routes, form variants
transforming...
✓ 5370 modules transformed.
rendering chunks...
computing gzip size...
storage/framework/testing/pkg05-build/assets/layers-BWBAp2CZ.png                                  0.70 kB
storage/framework/testing/pkg05-build/assets/layers-2x-Bpkbi35X.png                               1.26 kB
storage/framework/testing/pkg05-build/assets/marker-icon-hN30_KVU.png                             1.47 kB
storage/framework/testing/pkg05-build/manifest.json                                           3,762.92 kB │ gzip: 202.54 kB
storage/framework/testing/pkg05-build/assets/show-BlsQFc8X.css                                    0.96 kB │ gzip:   0.38 kB
storage/framework/testing/pkg05-build/assets/transport-HC5KKNJu.css                               9.01 kB │ gzip:   2.17 kB
storage/framework/testing/pkg05-build/assets/vendor-maps-CLLlcC51.css                            11.08 kB │ gzip:   2.73 kB
storage/framework/testing/pkg05-build/assets/knowledge-revision-dialog-D-juoI1B.css              12.92 kB │ gzip:   3.14 kB
storage/framework/testing/pkg05-build/assets/location-workspace-BnCaAc4S.css                     16.92 kB │ gzip:   3.64 kB
storage/framework/testing/pkg05-build/assets/show-ugW-UKTR.css                                  117.68 kB │ gzip:  17.18 kB
storage/framework/testing/pkg05-build/assets/app-DUyT8IdZ.css                                   442.15 kB │ gzip:  56.41 kB
storage/framework/testing/pkg05-build/assets/my-hr-utils-fLvKAKV1.js                              0.07 kB │ gzip:   0.09 kB
storage/framework/testing/pkg05-build/assets/avatar-hue-BThxaYxR.js                               0.10 kB │ gzip:   0.11 kB
storage/framework/testing/pkg05-build/assets/_announcer-cvXWdNAc.js                               0.12 kB │ gzip:   0.12 kB
storage/framework/testing/pkg05-build/assets/minus-CqViIVmF.js                                    0.12 kB │ gzip:   0.13 kB
storage/framework/testing/pkg05-build/assets/check-1BbXUU6j.js                                    0.12 kB │ gzip:   0.14 kB
storage/framework/testing/pkg05-build/assets/circle-rvUhVKRV.js                                   0.12 kB │ gzip:   0.13 kB
storage/framework/testing/pkg05-build/assets/chevron-down-C-RHZ4H0.js                             0.13 kB │ gzip:   0.14 kB
storage/framework/testing/pkg05-build/assets/chevron-up-cXU_2Jzq.js                               0.13 kB │ gzip:   0.14 kB
storage/framework/testing/pkg05-build/assets/chevron-left-CxXjGtt5.js                             0.13 kB │ gzip:   0.14 kB
storage/framework/testing/pkg05-build/assets/chevron-right-CdCbiybF.js                            0.13 kB │ gzip:   0.14 kB
storage/framework/testing/pkg05-build/assets/play-CxvmMh9a.js                                     0.13 kB │ gzip:   0.15 kB
storage/framework/testing/pkg05-build/assets/moon-BrEBRjJt.js                                     0.14 kB │ gzip:   0.15 kB
storage/framework/testing/pkg05-build/assets/loader-circle-0epdJ4dR.js                            0.14 kB │ gzip:   0.15 kB
storage/framework/testing/pkg05-build/assets/square-CbO6HuM4.js                                   0.15 kB │ gzip:   0.15 kB
storage/framework/testing/pkg05-build/assets/message-circle-BrnBb8Hr.js                           0.15 kB │ gzip:   0.16 kB
storage/framework/testing/pkg05-build/assets/navigation-BqAxrsdp.js                               0.15 kB │ gzip:   0.15 kB
storage/framework/testing/pkg05-build/assets/staff-creation-workflow-D6SGmEbz.js                  0.15 kB │ gzip:   0.13 kB
storage/framework/testing/pkg05-build/assets/plus-D4OuGK9O.js                                     0.15 kB │ gzip:   0.15 kB
storage/framework/testing/pkg05-build/assets/x-Dg0zOJg1.js                                        0.15 kB │ gzip:   0.15 kB
storage/framework/testing/pkg05-build/assets/thermometer-Cp3Uw9vA.js                              0.16 kB │ gzip:   0.16 kB
storage/framework/testing/pkg05-build/assets/filter-DCOc2OFw.js                                   0.16 kB │ gzip:   0.16 kB
storage/framework/testing/pkg05-build/assets/bookmark-CetRAWM8.js                                 0.16 kB │ gzip:   0.16 kB
storage/framework/testing/pkg05-build/assets/arrow-left-BhpyvkYO.js                               0.16 kB │ gzip:   0.16 kB
storage/framework/testing/pkg05-build/assets/arrow-right-DkGWVEPG.js                              0.16 kB │ gzip:   0.16 kB
storage/framework/testing/pkg05-build/assets/arrow-up-right-BdOP8_O8.js                           0.16 kB │ gzip:   0.15 kB
storage/framework/testing/pkg05-build/assets/circle-minus-Dskzo-vj.js                             0.17 kB │ gzip:   0.16 kB
storage/framework/testing/pkg05-build/assets/search-CS5AGK-L.js                                   0.17 kB │ gzip:   0.17 kB
storage/framework/testing/pkg05-build/assets/move-right-D5Xb9306.js                               0.17 kB │ gzip:   0.16 kB
storage/framework/testing/pkg05-build/assets/ban-BLSFvHMp.js                                      0.17 kB │ gzip:   0.16 kB
storage/framework/testing/pkg05-build/assets/circle-check-DPLQjJE1.js                             0.17 kB │ gzip:   0.17 kB
storage/framework/testing/pkg05-build/assets/chevrons-up-down-B7NHXNVG.js                         0.17 kB │ gzip:   0.16 kB
storage/framework/testing/pkg05-build/assets/power-BrJI-8e8.js                                    0.17 kB │ gzip:   0.17 kB
storage/framework/testing/pkg05-build/assets/user-round-BvLOrhNj.js                               0.18 kB │ gzip:   0.17 kB
storage/framework/testing/pkg05-build/assets/gauge-Bn2xIUe4.js                                    0.18 kB │ gzip:   0.17 kB
storage/framework/testing/pkg05-build/assets/circle-dot-DHgVVoUu.js                               0.18 kB │ gzip:   0.15 kB
storage/framework/testing/pkg05-build/assets/clock-CH0nc-75.js                                    0.18 kB │ gzip:   0.17 kB
storage/framework/testing/pkg05-build/assets/message-square-CUrPRylN.js                           0.18 kB │ gzip:   0.17 kB
storage/framework/testing/pkg05-build/assets/check-check-CaGBAA8Y.js                              0.18 kB │ gzip:   0.17 kB
storage/framework/testing/pkg05-build/assets/clock-3-SEgPihwL.js                                  0.18 kB │ gzip:   0.17 kB
storage/framework/testing/pkg05-build/assets/chart-line-dHs-9B1V.js                               0.18 kB │ gzip:   0.17 kB
storage/framework/testing/pkg05-build/assets/circle-slash-TGDyBXqG.js                             0.18 kB │ gzip:   0.17 kB
storage/framework/testing/pkg05-build/assets/reply-C2DOXI0h.js                                    0.18 kB │ gzip:   0.18 kB
storage/framework/testing/pkg05-build/assets/circle-check-big-B-wcPqCf.js                         0.19 kB │ gzip:   0.18 kB
storage/framework/testing/pkg05-build/assets/circle-play-35tsobvN.js                              0.19 kB │ gzip:   0.17 kB
storage/framework/testing/pkg05-build/assets/user-Dslncx39.js                                     0.19 kB │ gzip:   0.18 kB
storage/framework/testing/pkg05-build/assets/megaphone-Dr3URFoJ.js                                0.19 kB │ gzip:   0.18 kB
storage/framework/testing/pkg05-build/assets/skip-forward-D6UkNsMQ.js                             0.20 kB │ gzip:   0.19 kB
storage/framework/testing/pkg05-build/assets/smartphone-CTub5AQp.js                               0.20 kB │ gzip:   0.18 kB
storage/framework/testing/pkg05-build/assets/info-D8lx0lGd.js                                     0.20 kB │ gzip:   0.18 kB
storage/framework/testing/pkg05-build/assets/rotate-ccw-YjC5joyG.js                               0.20 kB │ gzip:   0.18 kB
storage/framework/testing/pkg05-build/assets/rotate-cw-CfhNfaXH.js                                0.20 kB │ gzip:   0.19 kB
storage/framework/testing/pkg05-build/assets/lock-B_XipDDM.js                                     0.20 kB │ gzip:   0.19 kB
storage/framework/testing/pkg05-build/assets/circle-x-Dqnol9zw.js                                 0.20 kB │ gzip:   0.18 kB
storage/framework/testing/pkg05-build/assets/circle-plus-DN174F6H.js                              0.20 kB │ gzip:   0.18 kB
storage/framework/testing/pkg05-build/assets/chart-palette-BuldC4kO.js                            0.20 kB │ gzip:   0.13 kB
storage/framework/testing/pkg05-build/assets/trending-up-CIC_BSew.js                              0.20 kB │ gzip:   0.18 kB
storage/framework/testing/pkg05-build/assets/utils-COkJOzsg.js                                    0.20 kB │ gzip:   0.16 kB
storage/framework/testing/pkg05-build/assets/credit-card-DGllzWLy.js                              0.21 kB │ gzip:   0.19 kB
storage/framework/testing/pkg05-build/assets/arrow-up-from-line-CtZXUlDP.js                       0.21 kB │ gzip:   0.18 kB
storage/framework/testing/pkg05-build/assets/arrow-down-to-line-i_8ajSFV.js                       0.21 kB │ gzip:   0.18 kB
storage/framework/testing/pkg05-build/assets/redo-2-CkcYtxuE.js                                   0.21 kB │ gzip:   0.18 kB
storage/framework/testing/pkg05-build/assets/trending-down-ywD886TK.js                            0.21 kB │ gzip:   0.18 kB
storage/framework/testing/pkg05-build/assets/undo-2-DvOKqEv0.js                                   0.21 kB │ gzip:   0.18 kB
storage/framework/testing/pkg05-build/assets/droplet-CEgm_0Fi.js                                  0.21 kB │ gzip:   0.19 kB
storage/framework/testing/pkg05-build/assets/lock-open-DuSpE8YQ.js                                0.21 kB │ gzip:   0.19 kB
storage/framework/testing/pkg05-build/assets/mail-Dl5ejX6K.js                                     0.21 kB │ gzip:   0.20 kB
storage/framework/testing/pkg05-build/assets/it-module-shell-Cq8Pndvb.js                          0.21 kB │ gzip:   0.19 kB
storage/framework/testing/pkg05-build/assets/battery-DjoA1loq.js                                  0.21 kB │ gzip:   0.19 kB
storage/framework/testing/pkg05-build/assets/pause-CyN21EFK.js                                    0.21 kB │ gzip:   0.17 kB
storage/framework/testing/pkg05-build/assets/circle-arrow-up-DJ5LUXNp.js                          0.21 kB │ gzip:   0.19 kB
storage/framework/testing/pkg05-build/assets/circle-arrow-down-DlE1EKeV.js                        0.21 kB │ gzip:   0.19 kB
storage/framework/testing/pkg05-build/assets/pill-Cc6BUPC8.js                                     0.21 kB │ gzip:   0.18 kB
storage/framework/testing/pkg05-build/assets/table-2-BIP5UMQf.js                                  0.21 kB │ gzip:   0.18 kB
storage/framework/testing/pkg05-build/assets/site-profile-dialog-host-BH_OdoAm.js                 0.21 kB │ gzip:   0.19 kB
storage/framework/testing/pkg05-build/assets/dollar-sign-BLBwPYtW.js                              0.22 kB │ gzip:   0.19 kB
storage/framework/testing/pkg05-build/assets/file-CR_qUzB4.js                                     0.22 kB │ gzip:   0.18 kB
storage/framework/testing/pkg05-build/assets/laptop-dRLxf46I.js                                   0.22 kB │ gzip:   0.19 kB
storage/framework/testing/pkg05-build/assets/flag-Cvq7x3YI.js                                     0.22 kB │ gzip:   0.20 kB
storage/framework/testing/pkg05-build/assets/rows-3-B2z1kg4W.js                                   0.22 kB │ gzip:   0.19 kB
storage/framework/testing/pkg05-build/assets/rss-Cww4084q.js                                      0.22 kB │ gzip:   0.19 kB
storage/framework/testing/pkg05-build/assets/briefcase-BLFO83JN.js                                0.22 kB │ gzip:   0.20 kB
storage/framework/testing/pkg05-build/assets/ellipsis-Byc7a-QV.js                                 0.22 kB │ gzip:   0.16 kB
storage/framework/testing/pkg05-build/assets/target-DqOasSwX.js                                   0.22 kB │ gzip:   0.16 kB
storage/framework/testing/pkg05-build/assets/columns-3-C26iINXe.js                                0.22 kB │ gzip:   0.19 kB
storage/framework/testing/pkg05-build/assets/git-merge-oxb78uly.js                                0.22 kB │ gzip:   0.19 kB
storage/framework/testing/pkg05-build/assets/square-check-big-C59fYCCL.js                         0.22 kB │ gzip:   0.19 kB
storage/framework/testing/pkg05-build/assets/sticky-note-RP_IyILM.js                              0.22 kB │ gzip:   0.18 kB
storage/framework/testing/pkg05-build/assets/folder-1B7tKGhM.js                                   0.23 kB │ gzip:   0.19 kB
storage/framework/testing/pkg05-build/assets/ellipsis-vertical-DAhMzBOK.js                        0.23 kB │ gzip:   0.17 kB
storage/framework/testing/pkg05-build/assets/vote-BsG26AXX.js                                     0.23 kB │ gzip:   0.19 kB
storage/framework/testing/pkg05-build/assets/copy-BzoHb2vS.js                                     0.23 kB │ gzip:   0.21 kB
storage/framework/testing/pkg05-build/assets/door-closed-BUM7SN0n.js                              0.23 kB │ gzip:   0.19 kB
storage/framework/testing/pkg05-build/assets/user-round-check-CvlPmoDP.js                         0.23 kB │ gzip:   0.21 kB
storage/framework/testing/pkg05-build/assets/circle-user-round-CD9QqQAv.js                        0.23 kB │ gzip:   0.19 kB
storage/framework/testing/pkg05-build/assets/circle-help-eRb8LzVd.js                              0.23 kB │ gzip:   0.20 kB
storage/framework/testing/pkg05-build/assets/ear-DDz_YmV0.js                                      0.23 kB │ gzip:   0.19 kB
storage/framework/testing/pkg05-build/assets/activity-DUF1aPqA.js                                 0.23 kB │ gzip:   0.20 kB
storage/framework/testing/pkg05-build/assets/pen-BpGb6bW7.js                                      0.23 kB │ gzip:   0.20 kB
storage/framework/testing/pkg05-build/assets/history-CFGD9zs9.js                                  0.24 kB │ gzip:   0.20 kB
storage/framework/testing/pkg05-build/assets/globe-DNxR1U1L.js                                    0.24 kB │ gzip:   0.19 kB
storage/framework/testing/pkg05-build/assets/timer-DqaD_FHg.js                                    0.24 kB │ gzip:   0.19 kB
storage/framework/testing/pkg05-build/assets/banknote-BGrtGRNs.js                                 0.24 kB │ gzip:   0.21 kB
storage/framework/testing/pkg05-build/assets/heart-DVFJgvkm.js                                    0.24 kB │ gzip:   0.21 kB
storage/framework/testing/pkg05-build/assets/link-2-3orYVWeZ.js                                   0.24 kB │ gzip:   0.21 kB
storage/framework/testing/pkg05-build/assets/menu-Ci3JW2W8.js                                     0.24 kB │ gzip:   0.17 kB
storage/framework/testing/pkg05-build/assets/database-D0jCi-Sf.js                                 0.24 kB │ gzip:   0.20 kB
storage/framework/testing/pkg05-build/assets/arrow-down-up-wEFvydMx.js                            0.24 kB │ gzip:   0.19 kB
storage/framework/testing/pkg05-build/assets/type-DQ1EajtP.js                                     0.24 kB │ gzip:   0.19 kB
storage/framework/testing/pkg05-build/assets/circle-pause-CUVjG4BF.js                             0.24 kB │ gzip:   0.19 kB
storage/framework/testing/pkg05-build/assets/arrow-left-right-D8VY0zUE.js                         0.25 kB │ gzip:   0.20 kB
storage/framework/testing/pkg05-build/assets/compass-CDq8P8W0.js                                  0.25 kB │ gzip:   0.20 kB
storage/framework/testing/pkg05-build/assets/arrow-right-left-DceALhSN.js                         0.25 kB │ gzip:   0.19 kB
storage/framework/testing/pkg05-build/assets/book-marked-DZlOHIGI.js                              0.25 kB │ gzip:   0.20 kB
storage/framework/testing/pkg05-build/assets/settings-2-D4Qq5IyH.js                               0.25 kB │ gzip:   0.19 kB
storage/framework/testing/pkg05-build/assets/users-round-DIUuIyq9.js                              0.25 kB │ gzip:   0.22 kB
storage/framework/testing/pkg05-build/assets/camera-CRxLmfE_.js                                   0.25 kB │ gzip:   0.21 kB
storage/framework/testing/pkg05-build/assets/file-warning-hL0P8X5K.js                             0.25 kB │ gzip:   0.20 kB
storage/framework/testing/pkg05-build/assets/video-BGJSocsG.js                                    0.25 kB │ gzip:   0.22 kB
storage/framework/testing/pkg05-build/assets/route-exarw7VY.js                                    0.25 kB │ gzip:   0.20 kB
storage/framework/testing/pkg05-build/assets/circle-alert-BzTA8szg.js                             0.25 kB │ gzip:   0.19 kB
storage/framework/testing/pkg05-build/assets/mouse-pointer-2-Bh7qG5mG.js                          0.25 kB │ gzip:   0.22 kB
storage/framework/testing/pkg05-build/assets/chart-column-_umBkkJo.js                             0.25 kB │ gzip:   0.19 kB
storage/framework/testing/pkg05-build/assets/external-link-17uS7_s0.js                            0.25 kB │ gzip:   0.20 kB
storage/framework/testing/pkg05-build/assets/cloud-upload-66K4xNvl.js                             0.25 kB │ gzip:   0.21 kB
storage/framework/testing/pkg05-build/assets/shopping-bag-DF1Z7lvK.js                             0.25 kB │ gzip:   0.20 kB
storage/framework/testing/pkg05-build/assets/pentagon-B1bKohln.js                                 0.25 kB │ gzip:   0.20 kB
storage/framework/testing/pkg05-build/assets/eye-AnnNo3T4.js                                      0.25 kB │ gzip:   0.20 kB
storage/framework/testing/pkg05-build/assets/user-check-Be5ZAzgq.js                               0.25 kB │ gzip:   0.22 kB
storage/framework/testing/pkg05-build/assets/map-pin-DMFBziF_.js                                  0.25 kB │ gzip:   0.22 kB
storage/framework/testing/pkg05-build/assets/archive-Bsbnla7t.js                                  0.25 kB │ gzip:   0.21 kB
storage/framework/testing/pkg05-build/assets/lock-keyhole-CjNQ0ZvR.js                             0.25 kB │ gzip:   0.22 kB
storage/framework/testing/pkg05-build/assets/message-square-plus-CLGNOb3x.js                      0.25 kB │ gzip:   0.20 kB
storage/framework/testing/pkg05-build/assets/circle-user-Do6_UCNl.js                              0.25 kB │ gzip:   0.20 kB
storage/framework/testing/pkg05-build/assets/message-square-text-CKKDomjo.js                      0.25 kB │ gzip:   0.20 kB
storage/framework/testing/pkg05-build/assets/user-minus-mH2cKVz0.js                               0.25 kB │ gzip:   0.22 kB
storage/framework/testing/pkg05-build/assets/file-check-2-Lq6Y7WE5.js                             0.25 kB │ gzip:   0.20 kB
storage/framework/testing/pkg05-build/assets/messages-square-Bkl8nwMp.js                          0.25 kB │ gzip:   0.20 kB
storage/framework/testing/pkg05-build/assets/link-HGRTVvy9.js                                     0.26 kB │ gzip:   0.19 kB
storage/framework/testing/pkg05-build/assets/hr-hero-BGrL0OpZ.js                                  0.26 kB │ gzip:   0.22 kB
storage/framework/testing/pkg05-build/assets/wrench-DdEQStJH.js                                   0.26 kB │ gzip:   0.20 kB
storage/framework/testing/pkg05-build/assets/upload-2wUcNu-N.js                                   0.26 kB │ gzip:   0.22 kB
storage/framework/testing/pkg05-build/assets/calendar-DBoGMy6E.js                                 0.26 kB │ gzip:   0.20 kB
storage/framework/testing/pkg05-build/assets/log-out-BWSj46uT.js                                  0.26 kB │ gzip:   0.22 kB
storage/framework/testing/pkg05-build/assets/ticket-check-0wuuExbt.js                             0.26 kB │ gzip:   0.20 kB
storage/framework/testing/pkg05-build/assets/log-in-Dt1TmvRn.js                                   0.26 kB │ gzip:   0.22 kB
storage/framework/testing/pkg05-build/assets/file-minus-lLg9q8Ew.js                               0.26 kB │ gzip:   0.19 kB
storage/framework/testing/pkg05-build/assets/key-9m7-OMlV.js                                      0.26 kB │ gzip:   0.22 kB
storage/framework/testing/pkg05-build/assets/monitor-BeubeKXA.js                                  0.26 kB │ gzip:   0.21 kB
storage/framework/testing/pkg05-build/assets/message-square-warning-D17FjuqZ.js                   0.26 kB │ gzip:   0.21 kB
storage/framework/testing/pkg05-build/assets/utensils-0p5Jdakp.js                                 0.26 kB │ gzip:   0.20 kB
storage/framework/testing/pkg05-build/assets/download-DEEhhnPB.js                                 0.26 kB │ gzip:   0.22 kB
storage/framework/testing/pkg05-build/assets/zap-CAuebq6m.js                                      0.26 kB │ gzip:   0.21 kB
storage/framework/testing/pkg05-build/assets/triangle-alert-C6qk_yAp.js                           0.26 kB │ gzip:   0.21 kB
storage/framework/testing/pkg05-build/assets/leaf-B8wCT8Tj.js                                     0.26 kB │ gzip:   0.23 kB
storage/framework/testing/pkg05-build/assets/file-check-BBB3-Khg.js                               0.26 kB │ gzip:   0.20 kB
storage/framework/testing/pkg05-build/assets/workflow-D67l66_4.js                                 0.26 kB │ gzip:   0.20 kB
storage/framework/testing/pkg05-build/assets/mic-DF7zOFlV.js                                      0.26 kB │ gzip:   0.21 kB
storage/framework/testing/pkg05-build/assets/shield-Aqsa00wH.js                                   0.27 kB │ gzip:   0.22 kB
storage/framework/testing/pkg05-build/assets/list-plus-CIq9jYhz.js                                0.27 kB │ gzip:   0.19 kB
storage/framework/testing/pkg05-build/assets/battery-low-D4XnBXUV.js                              0.27 kB │ gzip:   0.21 kB
storage/framework/testing/pkg05-build/assets/timer-reset-DAeVs08G.js                              0.27 kB │ gzip:   0.21 kB
storage/framework/testing/pkg05-build/assets/award-BJDW7l6M.js                                    0.27 kB │ gzip:   0.23 kB
storage/framework/testing/pkg05-build/assets/eraser-qdqtXVhh.js                                   0.27 kB │ gzip:   0.22 kB
storage/framework/testing/pkg05-build/assets/image-XvlxwzJe.js                                    0.27 kB │ gzip:   0.22 kB
storage/framework/testing/pkg05-build/assets/repeat-CPmftWlK.js                                   0.27 kB │ gzip:   0.20 kB
storage/framework/testing/pkg05-build/assets/arrow-up-CoIVpRaU.js                                 0.27 kB │ gzip:   0.20 kB
storage/framework/testing/pkg05-build/assets/flame-CYP7xiNV.js                                    0.27 kB │ gzip:   0.22 kB
storage/framework/testing/pkg05-build/assets/git-branch-35AvXSgW.js                               0.27 kB │ gzip:   0.22 kB
storage/framework/testing/pkg05-build/assets/pencil-CO13hRCP.js                                   0.28 kB │ gzip:   0.23 kB
storage/framework/testing/pkg05-build/assets/pen-line-COrA2V_U.js                                 0.28 kB │ gzip:   0.23 kB
storage/framework/testing/pkg05-build/assets/list-checks-Dx8sH96x.js                              0.28 kB │ gzip:   0.19 kB
storage/framework/testing/pkg05-build/assets/book-open-C4jG_KRF.js                                0.28 kB │ gzip:   0.20 kB
storage/framework/testing/pkg05-build/assets/file-diff-CR7tSS6K.js                                0.28 kB │ gzip:   0.20 kB
storage/framework/testing/pkg05-build/assets/wifi-BPeXVOP_.js                                     0.28 kB │ gzip:   0.21 kB
storage/framework/testing/pkg05-build/assets/lightbulb-CVGHDEz_.js                                0.28 kB │ gzip:   0.22 kB
storage/framework/testing/pkg05-build/assets/file-plus-2-BgqXO-iq.js                              0.28 kB │ gzip:   0.21 kB
storage/framework/testing/pkg05-build/assets/layout-template-BGGYE-8s.js                          0.28 kB │ gzip:   0.19 kB
storage/framework/testing/pkg05-build/assets/inbox-7oej48Bc.js                                    0.29 kB │ gzip:   0.23 kB
storage/framework/testing/pkg05-build/assets/wallet-1_1wKpw8.js                                   0.29 kB │ gzip:   0.21 kB
storage/framework/testing/pkg05-build/assets/shopping-cart-CE_HWLut.js                            0.29 kB │ gzip:   0.23 kB
storage/framework/testing/pkg05-build/assets/shirt-CNpGUU6l.js                                    0.29 kB │ gzip:   0.23 kB
storage/framework/testing/pkg05-build/assets/files-Csnn56LD.js                                    0.29 kB │ gzip:   0.21 kB
storage/framework/testing/pkg05-build/assets/house-BsKMOoxA.js                                    0.29 kB │ gzip:   0.22 kB
storage/framework/testing/pkg05-build/assets/bell-Cm4-Z5oR.js                                     0.29 kB │ gzip:   0.24 kB
storage/framework/testing/pkg05-build/assets/use-initials-U-N8N3-N.js                             0.29 kB │ gzip:   0.20 kB
storage/framework/testing/pkg05-build/assets/send-BmKfBuPL.js                                     0.29 kB │ gzip:   0.23 kB
storage/framework/testing/pkg05-build/assets/folder-open-BOEBkxzc.js                              0.29 kB │ gzip:   0.22 kB
storage/framework/testing/pkg05-build/assets/receipt-oCwM45yg.js                                  0.29 kB │ gzip:   0.21 kB
storage/framework/testing/pkg05-build/assets/governance-permissions-oQG3y2Ya.js                   0.29 kB │ gzip:   0.19 kB
storage/framework/testing/pkg05-build/assets/link-2-off-CZGcDpHJ.js                               0.29 kB │ gzip:   0.22 kB
storage/framework/testing/pkg05-build/assets/smile-Bk4slzM0.js                                    0.29 kB │ gzip:   0.22 kB
storage/framework/testing/pkg05-build/assets/grid-3x3-DqgNu080.js                                 0.29 kB │ gzip:   0.21 kB
storage/framework/testing/pkg05-build/assets/bed-double-BOyc1P9U.js                               0.30 kB │ gzip:   0.21 kB
storage/framework/testing/pkg05-build/assets/heart-crack-BCZRpDi1.js                              0.30 kB │ gzip:   0.24 kB
storage/framework/testing/pkg05-build/assets/hash-CfXxduFg.js                                     0.30 kB │ gzip:   0.19 kB
storage/framework/testing/pkg05-build/assets/receipt-text-0PqdEcm8.js                             0.30 kB │ gzip:   0.20 kB
storage/framework/testing/pkg05-build/assets/maximize-2-DPAKDHFY.js                               0.30 kB │ gzip:   0.21 kB
storage/framework/testing/pkg05-build/assets/list-todo-CvuXpbtc.js                                0.30 kB │ gzip:   0.22 kB
storage/framework/testing/pkg05-build/assets/paperclip-BNJz3PLT.js                                0.30 kB │ gzip:   0.23 kB
storage/framework/testing/pkg05-build/assets/file-up-CBhBOEOo.js                                  0.30 kB │ gzip:   0.21 kB
storage/framework/testing/pkg05-build/assets/gavel-DMtsFxO1.js                                    0.30 kB │ gzip:   0.22 kB
storage/framework/testing/pkg05-build/assets/flask-conical-Dfzx-dWK.js                            0.30 kB │ gzip:   0.23 kB
storage/framework/testing/pkg05-build/assets/thumbs-up-ZhZdeXnN.js                                0.30 kB │ gzip:   0.24 kB
storage/framework/testing/pkg05-build/assets/list--jtsH9oi.js                                     0.30 kB │ gzip:   0.19 kB
storage/framework/testing/pkg05-build/assets/file-down-B8LEvcIN.js                                0.30 kB │ gzip:   0.21 kB
storage/framework/testing/pkg05-build/assets/thumbs-down-BXHHFJ4M.js                              0.30 kB │ gzip:   0.24 kB
storage/framework/testing/pkg05-build/assets/clipboard-check-D8W9hQxL.js                          0.30 kB │ gzip:   0.23 kB
storage/framework/testing/pkg05-build/assets/file-clock-Bnp_6JCb.js                               0.30 kB │ gzip:   0.24 kB
storage/framework/testing/pkg05-build/assets/users-B2fokS_J.js                                    0.30 kB │ gzip:   0.23 kB
storage/framework/testing/pkg05-build/assets/calendar-check-C8Y1WVFk.js                           0.30 kB │ gzip:   0.23 kB
storage/framework/testing/pkg05-build/assets/coffee-BPtpjCRU.js                                   0.30 kB │ gzip:   0.21 kB
storage/framework/testing/pkg05-build/assets/user-x-C6l8o1Gs.js                                   0.30 kB │ gzip:   0.23 kB
storage/framework/testing/pkg05-build/assets/folder-plus-BdWO1wNf.js                              0.30 kB │ gzip:   0.23 kB
storage/framework/testing/pkg05-build/assets/chef-hat-bVNWctKw.js                                 0.31 kB │ gzip:   0.24 kB
storage/framework/testing/pkg05-build/assets/user-plus-DclBWSVI.js                                0.31 kB │ gzip:   0.24 kB
storage/framework/testing/pkg05-build/assets/box-CsCZVZ5K.js                                      0.31 kB │ gzip:   0.23 kB
storage/framework/testing/pkg05-build/assets/heart-pulse-BPll11c9.js                              0.31 kB │ gzip:   0.25 kB
storage/framework/testing/pkg05-build/assets/piggy-bank-DcOYofui.js                               0.31 kB │ gzip:   0.25 kB
storage/framework/testing/pkg05-build/assets/badge-check-COfkV-Se.js                              0.31 kB │ gzip:   0.21 kB
storage/framework/testing/pkg05-build/assets/hard-hat-BP3IUh_a.js                                 0.32 kB │ gzip:   0.24 kB
storage/framework/testing/pkg05-build/assets/shield-check-B9qqrsjK.js                             0.32 kB │ gzip:   0.25 kB
storage/framework/testing/pkg05-build/assets/printer-B3a8xvC1.js                                  0.32 kB │ gzip:   0.24 kB
storage/framework/testing/pkg05-build/assets/square-pen-DiXx067p.js                               0.32 kB │ gzip:   0.24 kB
storage/framework/testing/pkg05-build/assets/refresh-ccw-Bfq11nbb.js                              0.32 kB │ gzip:   0.23 kB
storage/framework/testing/pkg05-build/assets/ticket-bj3lRT87.js                                   0.32 kB │ gzip:   0.21 kB
storage/framework/testing/pkg05-build/assets/tag-Cy6Azd9m.js                                      0.32 kB │ gzip:   0.25 kB
storage/framework/testing/pkg05-build/assets/hand-helping-Tx9giS-7.js                             0.32 kB │ gzip:   0.25 kB
storage/framework/testing/pkg05-build/assets/id-card-DEfWGUUE.js                                  0.32 kB │ gzip:   0.25 kB
storage/framework/testing/pkg05-build/assets/mail-warning-DBEi-xdU.js                             0.32 kB │ gzip:   0.24 kB
storage/framework/testing/pkg05-build/assets/save-D3IxoIMf.js                                     0.33 kB │ gzip:   0.23 kB
storage/framework/testing/pkg05-build/assets/scan-line-CFuNVtl2.js                                0.33 kB │ gzip:   0.22 kB
storage/framework/testing/pkg05-build/assets/graduation-cap-2D4XfhWA.js                           0.33 kB │ gzip:   0.25 kB
storage/framework/testing/pkg05-build/assets/list-ordered-BivNFUyf.js                             0.33 kB │ gzip:   0.22 kB
storage/framework/testing/pkg05-build/assets/file-text-hmgJ9K6t.js                                0.33 kB │ gzip:   0.22 kB
storage/framework/testing/pkg05-build/assets/book-open-check-Cuq_XTCs.js                          0.33 kB │ gzip:   0.23 kB
storage/framework/testing/pkg05-build/assets/clipboard-plus-C3PhSxWr.js                           0.33 kB │ gzip:   0.24 kB
storage/framework/testing/pkg05-build/assets/alarm-clock-BK06HjaA.js                              0.33 kB │ gzip:   0.24 kB
storage/framework/testing/pkg05-build/assets/contact-DHdHuw2m.js                                  0.33 kB │ gzip:   0.24 kB
storage/framework/testing/pkg05-build/assets/calendar-x-DQuy1hvX.js                               0.34 kB │ gzip:   0.23 kB
storage/framework/testing/pkg05-build/assets/accessibility-B_XBiU0k.js                            0.34 kB │ gzip:   0.25 kB
storage/framework/testing/pkg05-build/assets/archive-restore-BiyUINAi.js                          0.34 kB │ gzip:   0.24 kB
storage/framework/testing/pkg05-build/assets/stethoscope-BOEUCnGA.js                              0.34 kB │ gzip:   0.24 kB
storage/framework/testing/pkg05-build/assets/shield-plus-DnzEGNrs.js                              0.34 kB │ gzip:   0.26 kB
storage/framework/testing/pkg05-build/assets/layout-grid-DxcJEMrH.js                              0.34 kB │ gzip:   0.20 kB
storage/framework/testing/pkg05-build/assets/pin-C2TK8p5l.js                                      0.35 kB │ gzip:   0.24 kB
storage/framework/testing/pkg05-build/assets/file-image-z1TdMa5G.js                               0.35 kB │ gzip:   0.25 kB
storage/framework/testing/pkg05-build/assets/scroll-text-Btqe1b-8.js                              0.35 kB │ gzip:   0.23 kB
storage/framework/testing/pkg05-build/assets/key-round-F_q1kkpC.js                                0.35 kB │ gzip:   0.26 kB
storage/framework/testing/pkg05-build/assets/layout-dashboard-CDbtu_16.js                         0.35 kB │ gzip:   0.21 kB
storage/framework/testing/pkg05-build/assets/shield-alert-DZkNVi42.js                             0.35 kB │ gzip:   0.26 kB
storage/framework/testing/pkg05-build/assets/file-chart-column-increasing-B-fl8vYx.js             0.35 kB │ gzip:   0.24 kB
storage/framework/testing/pkg05-build/assets/webhook-QjDYXnaO.js                                  0.35 kB │ gzip:   0.27 kB
storage/framework/testing/pkg05-build/assets/crosshair-BfHmuLWA.js                                0.35 kB │ gzip:   0.22 kB
storage/framework/testing/pkg05-build/assets/calendar-plus-DCpQ7FmK.js                            0.35 kB │ gzip:   0.23 kB
storage/framework/testing/pkg05-build/assets/shield-x-BkTL61Ef.js                                 0.36 kB │ gzip:   0.26 kB
storage/framework/testing/pkg05-build/assets/gift-3V8h2qUK.js                                     0.36 kB │ gzip:   0.25 kB
storage/framework/testing/pkg05-build/assets/trash-2-Bi2Vtum-.js                                  0.36 kB │ gzip:   0.25 kB
storage/framework/testing/pkg05-build/assets/calendar-x-2-L5tdyFzR.js                             0.36 kB │ gzip:   0.23 kB
storage/framework/testing/pkg05-build/assets/bell-plus-CKBssn74.js                                0.36 kB │ gzip:   0.26 kB
storage/framework/testing/pkg05-build/assets/layout-list-CWcGzFKO.js                              0.36 kB │ gzip:   0.22 kB
storage/framework/testing/pkg05-build/assets/warehouse-gCUNt01Q.js                                0.36 kB │ gzip:   0.26 kB
storage/framework/testing/pkg05-build/assets/utensils-crossed-DZmC0lnx.js                         0.36 kB │ gzip:   0.26 kB
storage/framework/testing/pkg05-build/assets/syringe--v2ESm2D.js                                  0.36 kB │ gzip:   0.25 kB
storage/framework/testing/pkg05-build/assets/crown-DBOblHYJ.js                                    0.36 kB │ gzip:   0.26 kB
storage/framework/testing/pkg05-build/assets/sparkle-CBIYygfX.js                                  0.36 kB │ gzip:   0.24 kB
storage/framework/testing/pkg05-build/assets/scale-BWVzZTkL.js                                    0.36 kB │ gzip:   0.24 kB
storage/framework/testing/pkg05-build/assets/grip-vertical-DRpplTLj.js                            0.36 kB │ gzip:   0.19 kB
storage/framework/testing/pkg05-build/assets/fuel-CrLRL-ZV.js                                     0.37 kB │ gzip:   0.25 kB
storage/framework/testing/pkg05-build/assets/door-open-Dh2ymJrC.js                                0.37 kB │ gzip:   0.25 kB
storage/framework/testing/pkg05-build/assets/droplets-T3TfsSib.js                                 0.37 kB │ gzip:   0.28 kB
storage/framework/testing/pkg05-build/assets/hammer-7TFlfBgO.js                                   0.37 kB │ gzip:   0.27 kB
storage/framework/testing/pkg05-build/assets/file-pen-Bm_8GOPz.js                                 0.37 kB │ gzip:   0.26 kB
storage/framework/testing/pkg05-build/assets/package-CHow6Uil.js                                  0.37 kB │ gzip:   0.25 kB
storage/framework/testing/pkg05-build/assets/index-B0Z-ysPe.js                                    0.37 kB │ gzip:   0.22 kB
storage/framework/testing/pkg05-build/assets/file-spreadsheet-D5htKlK4.js                         0.37 kB │ gzip:   0.23 kB
storage/framework/testing/pkg05-build/assets/life-buoy-DxucrORf.js                                0.37 kB │ gzip:   0.22 kB
storage/framework/testing/pkg05-build/assets/calendar-clock-DGm65uRB.js                           0.38 kB │ gzip:   0.26 kB
storage/framework/testing/pkg05-build/assets/shield-question-Ctj0Vj5m.js                          0.38 kB │ gzip:   0.28 kB
storage/framework/testing/pkg05-build/assets/network-CMI-bWL8.js                                  0.38 kB │ gzip:   0.24 kB
storage/framework/testing/pkg05-build/assets/calendar-off-BSINud5L.js                             0.38 kB │ gzip:   0.25 kB
storage/framework/testing/pkg05-build/assets/tags-CX5Z89AL.js                                     0.39 kB │ gzip:   0.28 kB
storage/framework/testing/pkg05-build/assets/baby-pyXnWkJ9.js                                     0.39 kB │ gzip:   0.26 kB
storage/framework/testing/pkg05-build/assets/hard-drive-BpyyeaZc.js                               0.39 kB │ gzip:   0.26 kB
storage/framework/testing/pkg05-build/assets/job-posting-constants-CneitmEO.js                    0.39 kB │ gzip:   0.23 kB
storage/framework/testing/pkg05-build/assets/file-pen-line-BV0-sFxO.js                            0.39 kB │ gzip:   0.27 kB
storage/framework/testing/pkg05-build/assets/phone-CGLpg3pr.js                                    0.39 kB │ gzip:   0.25 kB
storage/framework/testing/pkg05-build/assets/bell-ring-Dz8hOFWe.js                                0.40 kB │ gzip:   0.28 kB
storage/framework/testing/pkg05-build/assets/map-pinned-DWEnDuGB.js                               0.40 kB │ gzip:   0.29 kB
storage/framework/testing/pkg05-build/assets/shield-off-CqJVhZqP.js                               0.40 kB │ gzip:   0.28 kB
storage/framework/testing/pkg05-build/assets/truck-DL_Fkjl5.js                                    0.40 kB │ gzip:   0.27 kB
storage/framework/testing/pkg05-build/assets/sprout-AdVU7KXV.js                                   0.40 kB │ gzip:   0.28 kB
storage/framework/testing/pkg05-build/assets/car-H0P30WZi.js                                      0.40 kB │ gzip:   0.29 kB
storage/framework/testing/pkg05-build/assets/locate-fixed-gv4_1vnk.js                             0.40 kB │ gzip:   0.23 kB
storage/framework/testing/pkg05-build/assets/hand-629xtEpt.js                                     0.41 kB │ gzip:   0.25 kB
storage/framework/testing/pkg05-build/assets/landmark-Dokt6f2D.js                                 0.41 kB │ gzip:   0.24 kB
storage/framework/testing/pkg05-build/assets/hand-coins-3-uiJyha.js                               0.41 kB │ gzip:   0.29 kB
storage/framework/testing/pkg05-build/assets/clipboard-list-DzyjdZPK.js                           0.41 kB │ gzip:   0.26 kB
storage/framework/testing/pkg05-build/assets/transport-medication-replay-DFID_qSt.js              0.41 kB │ gzip:   0.30 kB
storage/framework/testing/pkg05-build/assets/loader-IBrkYgpb.js                                   0.41 kB │ gzip:   0.24 kB
storage/framework/testing/pkg05-build/assets/mouse-pointer-click-Af8wBsRz.js                      0.41 kB │ gzip:   0.28 kB
storage/framework/testing/pkg05-build/assets/calendar-range-Dml-a5EA.js                           0.41 kB │ gzip:   0.26 kB
storage/framework/testing/pkg05-build/assets/waypoints-BK9o0Gxl.js                                0.41 kB │ gzip:   0.25 kB
storage/framework/testing/pkg05-build/assets/layers-Diudc-mD.js                                   0.42 kB │ gzip:   0.24 kB
storage/framework/testing/pkg05-build/assets/mic-off-CJhYnwjf.js                                  0.42 kB │ gzip:   0.27 kB
storage/framework/testing/pkg05-build/assets/waves-DETzp5iY.js                                    0.42 kB │ gzip:   0.21 kB
storage/framework/testing/pkg05-build/assets/skeleton-CDTEQwaO.js                                 0.42 kB │ gzip:   0.32 kB
storage/framework/testing/pkg05-build/assets/package-check-xgWCMkFP.js                            0.42 kB │ gzip:   0.29 kB
storage/framework/testing/pkg05-build/assets/octagon-alert-DLv-U-Av.js                            0.43 kB │ gzip:   0.25 kB
storage/framework/testing/pkg05-build/assets/cable-CmFaauul.js                                    0.43 kB │ gzip:   0.26 kB
storage/framework/testing/pkg05-build/assets/eye-off-Bh9zH5Uk.js                                  0.43 kB │ gzip:   0.27 kB
storage/framework/testing/pkg05-build/assets/building-2-BCd2nrtE.js                               0.44 kB │ gzip:   0.25 kB
storage/framework/testing/pkg05-build/assets/heading-small-B1QYXXBZ.js                            0.44 kB │ gzip:   0.32 kB
storage/framework/testing/pkg05-build/assets/handshake-Cvi0fUS3.js                                0.45 kB │ gzip:   0.29 kB
storage/framework/testing/pkg05-build/assets/hand-heart-BkuQuBPJ.js                               0.45 kB │ gzip:   0.31 kB
storage/framework/testing/pkg05-build/assets/bus-CWoyQjah.js                                      0.45 kB │ gzip:   0.29 kB
storage/framework/testing/pkg05-build/assets/footprints-CVtK-c3h.js                               0.45 kB │ gzip:   0.30 kB
storage/framework/testing/pkg05-build/assets/radio-tower-CXxaJz6t.js                              0.45 kB │ gzip:   0.30 kB
storage/framework/testing/pkg05-build/assets/input-error-DCYErTdJ.js                              0.46 kB │ gzip:   0.32 kB
storage/framework/testing/pkg05-build/assets/wifi-off-DCSrd7Cq.js                                 0.46 kB │ gzip:   0.27 kB
storage/framework/testing/pkg05-build/assets/scan-eye-Dt3xTScv.js                                 0.46 kB │ gzip:   0.28 kB
storage/framework/testing/pkg05-build/assets/heart-handshake-CoIce80b.js                          0.46 kB │ gzip:   0.31 kB
storage/framework/testing/pkg05-build/assets/spinner-JMetpUGf.js                                  0.46 kB │ gzip:   0.33 kB
storage/framework/testing/pkg05-build/assets/person-standing-BvRNaugB.js                          0.46 kB │ gzip:   0.31 kB
storage/framework/testing/pkg05-build/assets/trophy-Ba77Bp1X.js                                   0.46 kB │ gzip:   0.28 kB
storage/framework/testing/pkg05-build/assets/pen-tool-C_Si4ilT.js                                 0.47 kB │ gzip:   0.30 kB
storage/framework/testing/pkg05-build/assets/siren-DdGkO-_9.js                                    0.47 kB │ gzip:   0.28 kB
storage/framework/testing/pkg05-build/assets/star-Dmv9iCM-.js                                     0.47 kB │ gzip:   0.29 kB
storage/framework/testing/pkg05-build/assets/sun-CC7jyj-Q.js                                      0.47 kB │ gzip:   0.26 kB
storage/framework/testing/pkg05-build/assets/notebook-pen-D5X-D0ld.js                             0.47 kB │ gzip:   0.29 kB
storage/framework/testing/pkg05-build/assets/cake-C273wVix.js                                     0.49 kB │ gzip:   0.27 kB
storage/framework/testing/pkg05-build/assets/cctv-D4tekYz1.js                                     0.49 kB │ gzip:   0.30 kB
storage/framework/testing/pkg05-build/assets/calendar-days-CeaBm2Ss.js                            0.49 kB │ gzip:   0.27 kB
storage/framework/testing/pkg05-build/assets/cpu-BCg7qPGT.js                                      0.50 kB │ gzip:   0.26 kB
storage/framework/testing/pkg05-build/assets/radar-CoAtkYZ6.js                                    0.50 kB │ gzip:   0.30 kB
storage/framework/testing/pkg05-build/assets/sparkles-CbvbQAjA.js                                 0.51 kB │ gzip:   0.30 kB
storage/framework/testing/pkg05-build/assets/wand-sparkles-DmCElvut.js                            0.51 kB │ gzip:   0.30 kB
storage/framework/testing/pkg05-build/assets/ambulance-BO2B6GM6.js                                0.51 kB │ gzip:   0.31 kB
storage/framework/testing/pkg05-build/assets/_helpers-Ayp0jCez.js                                 0.51 kB │ gzip:   0.33 kB
storage/framework/testing/pkg05-build/assets/unlink-IC_l68ih.js                                   0.53 kB │ gzip:   0.30 kB
storage/framework/testing/pkg05-build/assets/calculator-DdRGRoaJ.js                               0.53 kB │ gzip:   0.28 kB
storage/framework/testing/pkg05-build/assets/circle-dashed-B9fWFovt.js                            0.57 kB │ gzip:   0.29 kB
storage/framework/testing/pkg05-build/assets/use-alert-workspace-focus-return-DGVRYbyO.js         0.58 kB │ gzip:   0.35 kB
storage/framework/testing/pkg05-build/assets/package-open-CuOOujwv.js                             0.58 kB │ gzip:   0.33 kB
storage/framework/testing/pkg05-build/assets/i18n-B4QPyQMQ.js                                     0.58 kB │ gzip:   0.39 kB
storage/framework/testing/pkg05-build/assets/user-cog-o5IEKOV5.js                                 0.58 kB │ gzip:   0.32 kB
storage/framework/testing/pkg05-build/assets/sliders-horizontal-DAS2wT4i.js                       0.58 kB │ gzip:   0.27 kB
storage/framework/testing/pkg05-build/assets/send-to-back-BPjK4pPk.js                             0.58 kB │ gzip:   0.31 kB
storage/framework/testing/pkg05-build/assets/fingerprint-Dkjs0ZYf.js                              0.60 kB │ gzip:   0.35 kB
storage/framework/testing/pkg05-build/assets/label-DCjEnjsZ.js                                    0.61 kB │ gzip:   0.39 kB
storage/framework/testing/pkg05-build/assets/form-request-errors-BMMGjMkE.js                      0.63 kB │ gzip:   0.36 kB
storage/framework/testing/pkg05-build/assets/loading-state-wR7eSFnv.js                            0.64 kB │ gzip:   0.43 kB
storage/framework/testing/pkg05-build/assets/text-link-F7YtsEl0.js                                0.65 kB │ gzip:   0.42 kB
storage/framework/testing/pkg05-build/assets/qr-code-CZJU-ho7.js                                  0.65 kB │ gzip:   0.31 kB
storage/framework/testing/pkg05-build/assets/server-DBVqwcHz.js                                   0.66 kB │ gzip:   0.37 kB
storage/framework/testing/pkg05-build/assets/collapsible-dZ42gUqn.js                              0.66 kB │ gzip:   0.28 kB
storage/framework/testing/pkg05-build/assets/resident-dot-BLoyRUP7.js                             0.67 kB │ gzip:   0.46 kB
storage/framework/testing/pkg05-build/assets/fleet-stat-card-DpezIYjo.js                          0.72 kB │ gzip:   0.44 kB
storage/framework/testing/pkg05-build/assets/party-popper-bOoXoegV.js                             0.72 kB │ gzip:   0.41 kB
storage/framework/testing/pkg05-build/assets/settings-fSbC4TUD.js                                 0.72 kB │ gzip:   0.34 kB
storage/framework/testing/pkg05-build/assets/textarea-C_9uu-fb.js                                 0.73 kB │ gzip:   0.47 kB
storage/framework/testing/pkg05-build/assets/meeting-workspace-links-BSKYBk34.js                  0.73 kB │ gzip:   0.40 kB
storage/framework/testing/pkg05-build/assets/brain-gfb5rM8H.js                                    0.73 kB │ gzip:   0.35 kB
storage/framework/testing/pkg05-build/assets/separator-DcAv2UUF.js                                0.77 kB │ gzip:   0.45 kB
storage/framework/testing/pkg05-build/assets/page-shell-B7eQidXD.js                               0.77 kB │ gzip:   0.45 kB
storage/framework/testing/pkg05-build/assets/shared-DHJYl7e2.js                                   0.77 kB │ gzip:   0.40 kB
storage/framework/testing/pkg05-build/assets/shared-D3Yvwbxq.js                                   0.77 kB │ gzip:   0.39 kB
storage/framework/testing/pkg05-build/assets/shift-row-types-DQA9BK_P.js                          0.80 kB │ gzip:   0.38 kB
storage/framework/testing/pkg05-build/assets/hr-tabs-D8RBQ2_A.js                                  0.81 kB │ gzip:   0.51 kB
storage/framework/testing/pkg05-build/assets/ops-stat-card-CVlq6YYf.js                            0.81 kB │ gzip:   0.48 kB
storage/framework/testing/pkg05-build/assets/progress-BxLvrMK0.js                                 0.82 kB │ gzip:   0.54 kB
storage/framework/testing/pkg05-build/assets/readable-operational-state-CK8MzJI-.js               0.85 kB │ gzip:   0.45 kB
storage/framework/testing/pkg05-build/assets/boxes-DGiH_edW.js                                    0.85 kB │ gzip:   0.40 kB
storage/framework/testing/pkg05-build/assets/wizard-DF_QPOrg.js                                   0.87 kB │ gzip:   0.55 kB
storage/framework/testing/pkg05-build/assets/wizard-NNmqhkha.js                                   0.87 kB │ gzip:   0.55 kB
storage/framework/testing/pkg05-build/assets/list-caption-hE5ckvXY.js                             0.91 kB │ gzip:   0.54 kB
storage/framework/testing/pkg05-build/assets/index-CSEUMRIG.js                                    0.92 kB │ gzip:   0.53 kB
storage/framework/testing/pkg05-build/assets/now-rule-P7hRYwwd.js                                 0.95 kB │ gzip:   0.58 kB
storage/framework/testing/pkg05-build/assets/hero-action-button-D-GVyXk8.js                       0.95 kB │ gzip:   0.55 kB
storage/framework/testing/pkg05-build/assets/page-layout-DtSKkYRB.js                              0.97 kB │ gzip:   0.56 kB
storage/framework/testing/pkg05-build/assets/governance-dialog-deep-link-I3Zo213H.js              0.98 kB │ gzip:   0.58 kB
storage/framework/testing/pkg05-build/assets/settings-tabs-B-yF9bMZ.js                            0.99 kB │ gzip:   0.54 kB
storage/framework/testing/pkg05-build/assets/error-state-DPQ8fTjO.js                              1.01 kB │ gzip:   0.62 kB
storage/framework/testing/pkg05-build/assets/use-settings-leave-confirmation-C0S2lrVj.js          1.02 kB │ gzip:   0.61 kB
storage/framework/testing/pkg05-build/assets/presence-dot-CuGnqH3Y.js                             1.04 kB │ gzip:   0.58 kB
storage/framework/testing/pkg05-build/assets/input-49RbooBa.js                                    1.05 kB │ gzip:   0.59 kB
storage/framework/testing/pkg05-build/assets/command-centre-page-iTmh29om.js                      1.05 kB │ gzip:   0.59 kB
storage/framework/testing/pkg05-build/assets/switch-DZPR4_MT.js                                   1.06 kB │ gzip:   0.61 kB
storage/framework/testing/pkg05-build/assets/_shared-BN-lC1nz.js                                  1.07 kB │ gzip:   0.56 kB
storage/framework/testing/pkg05-build/assets/governance-work-CPDXtwsY.js                          1.09 kB │ gzip:   0.59 kB
storage/framework/testing/pkg05-build/assets/hover-action-vLW4u2SF.js                             1.09 kB │ gzip:   0.65 kB
storage/framework/testing/pkg05-build/assets/WidgetCard-DTXbs-1E.js                               1.10 kB │ gzip:   0.62 kB
storage/framework/testing/pkg05-build/assets/micro-stats-BKNykt34.js                              1.11 kB │ gzip:   0.61 kB
storage/framework/testing/pkg05-build/assets/confetti-8ALvzRDJ.js                                 1.11 kB │ gzip:   0.65 kB
storage/framework/testing/pkg05-build/assets/avatar-Cz9SiJ4o.js                                   1.14 kB │ gzip:   0.44 kB
storage/framework/testing/pkg05-build/assets/checkbox-BwO8XS9v.js                                 1.15 kB │ gzip:   0.63 kB
storage/framework/testing/pkg05-build/assets/GovernanceHomeRail-C9WBzd3f.js                       1.21 kB │ gzip:   0.67 kB
storage/framework/testing/pkg05-build/assets/_confirm-action-CxjMs0-U.js                          1.24 kB │ gzip:   0.70 kB
storage/framework/testing/pkg05-build/assets/wizard-stepper-BONYrPYm.js                           1.24 kB │ gzip:   0.67 kB
storage/framework/testing/pkg05-build/assets/handover-person-notes-CbHlG0Rx.js                    1.25 kB │ gzip:   0.63 kB
storage/framework/testing/pkg05-build/assets/task-api-LDQPp0GA.js                                 1.27 kB │ gzip:   0.81 kB
storage/framework/testing/pkg05-build/assets/_types-Bdo8GrIg.js                                   1.29 kB │ gzip:   0.67 kB
storage/framework/testing/pkg05-build/assets/medication-stock-governance-C5VIWPFO.js              1.30 kB │ gzip:   0.60 kB
storage/framework/testing/pkg05-build/assets/radio-group-DmrfvpEz.js                              1.31 kB │ gzip:   0.65 kB
storage/framework/testing/pkg05-build/assets/DiscardDraftDialog-CxRK5vH_.js                       1.32 kB │ gzip:   0.76 kB
storage/framework/testing/pkg05-build/assets/_attachments--sogd73Z.js                             1.32 kB │ gzip:   0.74 kB
storage/framework/testing/pkg05-build/assets/stream-grouping-DxjzPWpi.js                          1.35 kB │ gzip:   0.73 kB
storage/framework/testing/pkg05-build/assets/staff-avatar-C8M81ZaE.js                             1.35 kB │ gzip:   0.81 kB
storage/framework/testing/pkg05-build/assets/workflow-ribbon-DDsYp02V.js                          1.35 kB │ gzip:   0.70 kB
storage/framework/testing/pkg05-build/assets/shift-status-badge-BHTMuDc1.js                       1.36 kB │ gzip:   0.67 kB
storage/framework/testing/pkg05-build/assets/timesheet-status-badge-CrHhluFJ.js                   1.36 kB │ gzip:   0.66 kB
storage/framework/testing/pkg05-build/assets/fleet-responsive-list-CgDsyRvl.js                    1.38 kB │ gzip:   0.70 kB
storage/framework/testing/pkg05-build/assets/sso-sign-in-buttons-C-eSsVsK.js                      1.40 kB │ gzip:   0.71 kB
storage/framework/testing/pkg05-build/assets/site-credentials-CuhrbwjV.js                         1.43 kB │ gzip:   0.75 kB
storage/framework/testing/pkg05-build/assets/_helpers-DwiQF0jk.js                                 1.46 kB │ gzip:   0.80 kB
storage/framework/testing/pkg05-build/assets/fleet-empty-state-Xf7vPNsO.js                        1.46 kB │ gzip:   0.76 kB
storage/framework/testing/pkg05-build/assets/journey-reference-strip-pm5NcpKt.js                  1.46 kB │ gzip:   0.81 kB
storage/framework/testing/pkg05-build/assets/GovernanceSectionRail-7bciFIb_.js                    1.47 kB │ gzip:   0.82 kB
storage/framework/testing/pkg05-build/assets/index-DcmOMlk_.js                                    1.50 kB │ gzip:   0.52 kB
storage/framework/testing/pkg05-build/assets/badge-CZnzl86v.js                                    1.53 kB │ gzip:   0.77 kB
storage/framework/testing/pkg05-build/assets/shift-types-DPnt_th9.js                              1.54 kB │ gzip:   0.78 kB
storage/framework/testing/pkg05-build/assets/date-time-field-DzobtOUB.js                          1.54 kB │ gzip:   0.77 kB
storage/framework/testing/pkg05-build/assets/performance-tabs-BmiU9ZZv.js                         1.55 kB │ gzip:   0.74 kB
storage/framework/testing/pkg05-build/assets/confirm-dialog-BbNKEC44.js                           1.57 kB │ gzip:   0.86 kB
storage/framework/testing/pkg05-build/assets/mini-sparkline-D7i7f6lZ.js                           1.58 kB │ gzip:   0.91 kB
storage/framework/testing/pkg05-build/assets/verify-email-Dxtyqp2X.js                             1.58 kB │ gzip:   0.85 kB
storage/framework/testing/pkg05-build/assets/status-badge-BcV9Cyb7.js                             1.61 kB │ gzip:   0.78 kB
storage/framework/testing/pkg05-build/assets/control-room-vocab-Bu-v4PZv.js                       1.62 kB │ gzip:   0.64 kB
storage/framework/testing/pkg05-build/assets/popover-ifeG7vZg.js                                  1.64 kB │ gzip:   0.70 kB
storage/framework/testing/pkg05-build/assets/ops-charts-CfZvOWbq.js                               1.65 kB │ gzip:   0.78 kB
storage/framework/testing/pkg05-build/assets/alert-CF50OPgI.js                                    1.69 kB │ gzip:   0.74 kB
storage/framework/testing/pkg05-build/assets/alert-status-el1PBVq7.js                             1.69 kB │ gzip:   0.79 kB
storage/framework/testing/pkg05-build/assets/report-incident-dialog-C3UOc5qE.js                   1.70 kB │ gzip:   0.90 kB
storage/framework/testing/pkg05-build/assets/laravel-pagination-BDQ79dIQ.js                       1.70 kB │ gzip:   0.84 kB
storage/framework/testing/pkg05-build/assets/money-L4nGavLX.js                                    1.71 kB │ gzip:   0.97 kB
storage/framework/testing/pkg05-build/assets/card-C9LxLdKv.js                                     1.77 kB │ gzip:   0.57 kB
storage/framework/testing/pkg05-build/assets/_helpers-DTI7Fh9l.js                                 1.77 kB │ gzip:   0.76 kB
storage/framework/testing/pkg05-build/assets/documents-tabs-CNEjM5-L.js                           1.78 kB │ gzip:   0.94 kB
storage/framework/testing/pkg05-build/assets/workflow-ribbon-nFI6qVzJ.js                          1.80 kB │ gzip:   0.79 kB
storage/framework/testing/pkg05-build/assets/overlay-focus-return-4ESXsuki.js                     1.82 kB │ gzip:   0.89 kB
storage/framework/testing/pkg05-build/assets/tooltip-DVHxUwor.js                                  1.82 kB │ gzip:   0.84 kB
storage/framework/testing/pkg05-build/assets/control-room-alert-row-actions-B0REigya.js           1.85 kB │ gzip:   0.69 kB
storage/framework/testing/pkg05-build/assets/options-BwkaeHrx.js                                  1.86 kB │ gzip:   0.72 kB
storage/framework/testing/pkg05-build/assets/my-day-list-C0pkEpFM.js                              1.86 kB │ gzip:   0.90 kB
storage/framework/testing/pkg05-build/assets/accordion-BSZ1oQ_x.js                                1.87 kB │ gzip:   0.85 kB
storage/framework/testing/pkg05-build/assets/journey-gate-list-DE_TSdMS.js                        1.87 kB │ gzip:   0.86 kB
storage/framework/testing/pkg05-build/assets/fleet-utils-5Yzw44NY.js                              1.90 kB │ gzip:   0.72 kB
storage/framework/testing/pkg05-build/assets/_helpers-CZA-KMYz.js                                 1.94 kB │ gzip:   1.04 kB
storage/framework/testing/pkg05-build/assets/draft-resume-prompt-BGdBC_XJ.js                      1.95 kB │ gzip:   1.01 kB
storage/framework/testing/pkg05-build/assets/respite-subnav-Cw8hH7QF.js                           2.01 kB │ gzip:   0.96 kB
storage/framework/testing/pkg05-build/assets/handover-follow-ups-CM70PA0k.js                      2.02 kB │ gzip:   1.02 kB
storage/framework/testing/pkg05-build/assets/button-DhhB9F7m.js                                   2.05 kB │ gzip:   0.96 kB
storage/framework/testing/pkg05-build/assets/address-autocomplete-D3WIsCAG.js                     2.07 kB │ gzip:   1.13 kB
storage/framework/testing/pkg05-build/assets/confirm-password-C7BtSZrX.js                         2.07 kB │ gzip:   1.04 kB
storage/framework/testing/pkg05-build/assets/_dialogs-g1kWIx0q.js                                 2.08 kB │ gzip:   1.11 kB
storage/framework/testing/pkg05-build/assets/governance-calendar-adapter-DZ3m3Zan.js              2.10 kB │ gzip:   1.01 kB
storage/framework/testing/pkg05-build/assets/_create-recovery-i6Ou491d.js                         2.10 kB │ gzip:   1.07 kB
storage/framework/testing/pkg05-build/assets/use-personal-location-privacy-k70ZMAas.js            2.16 kB │ gzip:   0.99 kB
storage/framework/testing/pkg05-build/assets/reports-tabs-DLDOP5Kz.js                             2.17 kB │ gzip:   1.06 kB
storage/framework/testing/pkg05-build/assets/attention-panel-QdbvsOZg.js                          2.17 kB │ gzip:   0.99 kB
storage/framework/testing/pkg05-build/assets/task-step-draft-YqBYmd39.js                          2.18 kB │ gzip:   1.13 kB
storage/framework/testing/pkg05-build/assets/payroll-hero-BRIP3gn2.js                             2.28 kB │ gzip:   1.10 kB
storage/framework/testing/pkg05-build/assets/_shared-Ozuyhamf.js                                  2.30 kB │ gzip:   1.18 kB
storage/framework/testing/pkg05-build/assets/_memory-recovery-KPLCXoTQ.js                         2.31 kB │ gzip:   1.21 kB
storage/framework/testing/pkg05-build/assets/_shared-3-v6J7JB.js                                  2.34 kB │ gzip:   1.14 kB
storage/framework/testing/pkg05-build/assets/reason-dialog-D-B-3rG8.js                            2.34 kB │ gzip:   1.27 kB
storage/framework/testing/pkg05-build/assets/table-DHtHPBEX.js                                    2.42 kB │ gzip:   0.67 kB
storage/framework/testing/pkg05-build/assets/drills-1EbnKXQC.js                                   2.43 kB │ gzip:   1.13 kB
storage/framework/testing/pkg05-build/assets/_icons-CFzpKMC6.js                                   2.45 kB │ gzip:   1.15 kB
storage/framework/testing/pkg05-build/assets/first-aid-GFytBICU.js                                2.47 kB │ gzip:   1.15 kB
storage/framework/testing/pkg05-build/assets/task-help-inbox-DkRNHxz-.js                          2.48 kB │ gzip:   1.35 kB
storage/framework/testing/pkg05-build/assets/datetime-Cj7rLFb1.js                                 2.50 kB │ gzip:   1.10 kB
storage/framework/testing/pkg05-build/assets/finance-section-rail-DKhSzjkD.js                     2.53 kB │ gzip:   1.28 kB
storage/framework/testing/pkg05-build/assets/provisioning-request-files-B2G2f8LK.js               2.56 kB │ gzip:   1.25 kB
storage/framework/testing/pkg05-build/assets/text-prompt-dialog-DY0hNrvt.js                       2.62 kB │ gzip:   1.41 kB
storage/framework/testing/pkg05-build/assets/services-DAP0l4Bs.js                                 2.63 kB │ gzip:   1.19 kB
storage/framework/testing/pkg05-build/assets/shift-context-menu-CNRM9i7R.js                       2.64 kB │ gzip:   1.37 kB
storage/framework/testing/pkg05-build/assets/provisioning-command-fields-4x2FBuJS.js              2.68 kB │ gzip:   1.16 kB
storage/framework/testing/pkg05-build/assets/care-plan-domains-C2P6a32I.js                        2.69 kB │ gzip:   1.26 kB
storage/framework/testing/pkg05-build/assets/donut-chart-BjEVgtH7.js                              2.71 kB │ gzip:   1.35 kB
storage/framework/testing/pkg05-build/assets/donut-RxOXSbq7.js                                    2.74 kB │ gzip:   1.38 kB
storage/framework/testing/pkg05-build/assets/index-BjmjDcUN.js                                    2.76 kB │ gzip:   0.71 kB
storage/framework/testing/pkg05-build/assets/status-badge-3QlJuqdd.js                             2.76 kB │ gzip:   1.29 kB
storage/framework/testing/pkg05-build/assets/readiness-CWc6104l.js                                2.79 kB │ gzip:   1.36 kB
storage/framework/testing/pkg05-build/assets/financials-MhnX6NvJ.js                               2.80 kB │ gzip:   1.37 kB
storage/framework/testing/pkg05-build/assets/safety-register-DGRHfJtJ.js                          2.83 kB │ gzip:   1.33 kB
storage/framework/testing/pkg05-build/assets/ppe-BHkab5we.js                                      2.84 kB │ gzip:   1.11 kB
storage/framework/testing/pkg05-build/assets/register-row-kit-DYBAbrfL.js                         2.86 kB │ gzip:   1.16 kB
storage/framework/testing/pkg05-build/assets/lifecycle-tabs--AcwGmWP.js                           2.88 kB │ gzip:   1.48 kB
storage/framework/testing/pkg05-build/assets/_tabs-DJIs8xjp.js                                    2.90 kB │ gzip:   1.48 kB
storage/framework/testing/pkg05-build/assets/_note-category-picker-B5qmrYX8.js                    2.92 kB │ gzip:   1.38 kB
storage/framework/testing/pkg05-build/assets/use-create-shift-launcher-D1VwXWUF.js                2.92 kB │ gzip:   1.43 kB
storage/framework/testing/pkg05-build/assets/use-form-autosave-Y9o5K356.js                        2.92 kB │ gzip:   1.47 kB
storage/framework/testing/pkg05-build/assets/toolbar-B6ByI488.js                                  2.92 kB │ gzip:   1.40 kB
storage/framework/testing/pkg05-build/assets/hs-detail-dialog-nxLRt5xg.js                         2.93 kB │ gzip:   1.34 kB
storage/framework/testing/pkg05-build/assets/notification-catalog-DveZKd9k.js                     2.96 kB │ gzip:   0.93 kB
storage/framework/testing/pkg05-build/assets/forgot-password-CjukTJ5t.js                          2.99 kB │ gzip:   1.44 kB
storage/framework/testing/pkg05-build/assets/auth-layout-CZtzJmh4.js                              3.03 kB │ gzip:   1.37 kB
storage/framework/testing/pkg05-build/assets/report-launcher-C3lDBMcj.js                          3.03 kB │ gzip:   1.51 kB
storage/framework/testing/pkg05-build/assets/tab-strip-BVRkR7Di.js                                3.03 kB │ gzip:   1.38 kB
storage/framework/testing/pkg05-build/assets/_overview-map-card-BlB29d2p.js                       3.06 kB │ gzip:   1.49 kB
storage/framework/testing/pkg05-build/assets/provisioning-manual-dialog-CbF4qCPZ.js               3.06 kB │ gzip:   1.53 kB
storage/framework/testing/pkg05-build/assets/reset-password-DA4CuiQv.js                           3.08 kB │ gzip:   1.25 kB
storage/framework/testing/pkg05-build/assets/start-reconciliation-dialog-DMqBItUY.js              3.11 kB │ gzip:   1.30 kB
storage/framework/testing/pkg05-build/assets/two-factor-challenge-CUMbcFaV.js                     3.13 kB │ gzip:   1.47 kB
storage/framework/testing/pkg05-build/assets/dictate-button-CIAzmAlu.js                           3.14 kB │ gzip:   1.60 kB
storage/framework/testing/pkg05-build/assets/use-specialist-form-defaults-DhqddrLA.js             3.14 kB │ gzip:   1.56 kB
storage/framework/testing/pkg05-build/assets/client-edit-dialog-DGfUdNeJ.js                       3.16 kB │ gzip:   1.57 kB
storage/framework/testing/pkg05-build/assets/record-care-actions-BloCeAvC.js                      3.18 kB │ gzip:   1.40 kB
storage/framework/testing/pkg05-build/assets/document-library-kit-CHu7bOoO.js                     3.19 kB │ gzip:   1.08 kB
storage/framework/testing/pkg05-build/assets/risk-assessments-DxgYhXb_.js                         3.21 kB │ gzip:   1.55 kB
storage/framework/testing/pkg05-build/assets/recorded-detail-dialog-LTiwLNTb.js                   3.22 kB │ gzip:   1.59 kB
storage/framework/testing/pkg05-build/assets/control-room-row-actions-D3oas42e.js                 3.31 kB │ gzip:   1.49 kB
storage/framework/testing/pkg05-build/assets/_dialogs-CuagxsPZ.js                                 3.32 kB │ gzip:   1.44 kB
storage/framework/testing/pkg05-build/assets/leave-context-menu-DLPvYjQP.js                       3.33 kB │ gzip:   1.64 kB
storage/framework/testing/pkg05-build/assets/row-context-menu-BuvIqrKq.js                         3.33 kB │ gzip:   1.64 kB
storage/framework/testing/pkg05-build/assets/_context-menu-CeQQh61p.js                            3.33 kB │ gzip:   1.60 kB
storage/framework/testing/pkg05-build/assets/fleet-compact-hero-CneUFnsV.js                       3.33 kB │ gzip:   1.45 kB
storage/framework/testing/pkg05-build/assets/compensation-tabs-BLMGtD92.js                        3.34 kB │ gzip:   1.62 kB
storage/framework/testing/pkg05-build/assets/hs-hero-kit-CImYlDSe.js                              3.36 kB │ gzip:   1.55 kB
storage/framework/testing/pkg05-build/assets/task-steps-l7_U-Jdq.js                               3.38 kB │ gzip:   1.59 kB
storage/framework/testing/pkg05-build/assets/shift-med-snapshot-T510cg7J.js                       3.39 kB │ gzip:   1.37 kB
storage/framework/testing/pkg05-build/assets/device-profile-navigation-CT8rCioL.js                3.40 kB │ gzip:   1.66 kB
storage/framework/testing/pkg05-build/assets/inspections-CHK598Hw.js                              3.42 kB │ gzip:   1.39 kB
storage/framework/testing/pkg05-build/assets/ra-register-section-Dok0Jrjp.js                      3.46 kB │ gzip:   1.76 kB
storage/framework/testing/pkg05-build/assets/command-C-Cu3U0l.js                                  3.47 kB │ gzip:   1.07 kB
storage/framework/testing/pkg05-build/assets/shift-context-menu-D0DgSK9K.js                       3.49 kB │ gzip:   1.66 kB
storage/framework/testing/pkg05-build/assets/posting-preview-BLWC2TSD.js                          3.51 kB │ gzip:   1.53 kB
storage/framework/testing/pkg05-build/assets/_emergency-checklist-1Dc6UouX.js                     3.52 kB │ gzip:   1.54 kB
storage/framework/testing/pkg05-build/assets/handover-context-menu-G5mMVKCO.js                    3.55 kB │ gzip:   1.54 kB
storage/framework/testing/pkg05-build/assets/_readiness-panel-br9JEp4l.js                         3.59 kB │ gzip:   1.64 kB
storage/framework/testing/pkg05-build/assets/checklists-BCXX5zRJ.js                               3.59 kB │ gzip:   1.72 kB
storage/framework/testing/pkg05-build/assets/checks-model-BpbAC4Rm.js                             3.63 kB │ gzip:   1.63 kB
storage/framework/testing/pkg05-build/assets/journey-term-help-B-mOFAE7.js                        3.64 kB │ gzip:   1.45 kB
storage/framework/testing/pkg05-build/assets/my-provisioning-list-Bqs9smor.js                     3.67 kB │ gzip:   1.70 kB
storage/framework/testing/pkg05-build/assets/site-profile-states-CbYQzZ5r.js                      3.69 kB │ gzip:   1.45 kB
storage/framework/testing/pkg05-build/assets/alert-dialog-CTbWLyiF.js                             3.76 kB │ gzip:   1.10 kB
storage/framework/testing/pkg05-build/assets/resolution-voting-Bpa7_z73.js                        3.78 kB │ gzip:   1.69 kB
storage/framework/testing/pkg05-build/assets/_geometry-Dx1kFP0e.js                                3.80 kB │ gzip:   1.60 kB
storage/framework/testing/pkg05-build/assets/configured-questions-DpwFhK00.js                     3.86 kB │ gzip:   1.82 kB
storage/framework/testing/pkg05-build/assets/register-BvRevXyP.js                                 3.88 kB │ gzip:   1.46 kB
storage/framework/testing/pkg05-build/assets/MedicationScanVerificationPanel-BXiRbBl-.js          3.89 kB │ gzip:   1.61 kB
storage/framework/testing/pkg05-build/assets/task-detail-dialog-CoDtVIvE.js                       3.90 kB │ gzip:   1.79 kB
storage/framework/testing/pkg05-build/assets/reference-questionnaire-PXBZk3iH.js                  3.94 kB │ gzip:   1.82 kB
storage/framework/testing/pkg05-build/assets/ticket-version-conflict-BIMHzlHv.js                  3.96 kB │ gzip:   1.81 kB
storage/framework/testing/pkg05-build/assets/shift-timeline-summary-flJTKn6M.js                   3.99 kB │ gzip:   1.66 kB
storage/framework/testing/pkg05-build/assets/edit-CGKAOQ6J.js                                     4.00 kB │ gzip:   1.77 kB
storage/framework/testing/pkg05-build/assets/login-Z9Cn2AJM.js                                    4.01 kB │ gzip:   1.73 kB
storage/framework/testing/pkg05-build/assets/governed-location-export-dialog-CB7qqgQP.js          4.01 kB │ gzip:   1.96 kB
storage/framework/testing/pkg05-build/assets/shared-C2CQAw6J.js                                   4.01 kB │ gzip:   1.96 kB
storage/framework/testing/pkg05-build/assets/finance-period-filter-DVdIVHrA.js                    4.02 kB │ gzip:   1.91 kB
storage/framework/testing/pkg05-build/assets/calendar-DMQjUx44.js                                 4.06 kB │ gzip:   1.80 kB
storage/framework/testing/pkg05-build/assets/shift-summary-DVoIFv9s.js                            4.07 kB │ gzip:   1.68 kB
storage/framework/testing/pkg05-build/assets/workspace-model-CTDC_Qgb.js                          4.10 kB │ gzip:   1.78 kB
storage/framework/testing/pkg05-build/assets/index-Bpzl9rqK.js                                    4.13 kB │ gzip:   0.83 kB
storage/framework/testing/pkg05-build/assets/entity-cells-BbqSzkS-.js                             4.13 kB │ gzip:   1.63 kB
storage/framework/testing/pkg05-build/assets/use-two-factor-auth-_sXX-rBT.js                      4.15 kB │ gzip:   1.77 kB
storage/framework/testing/pkg05-build/assets/empty-state-C8T_Hq5B.js                              4.18 kB │ gzip:   1.85 kB
storage/framework/testing/pkg05-build/assets/board-bits-Cm3eSJYX.js                               4.19 kB │ gzip:   1.58 kB
storage/framework/testing/pkg05-build/assets/specialist-record-list-CAt3aDK6.js                   4.23 kB │ gzip:   1.98 kB
storage/framework/testing/pkg05-build/assets/hazards-CnivoCh9.js                                  4.24 kB │ gzip:   1.95 kB
storage/framework/testing/pkg05-build/assets/documents-BoqIAlPJ.js                                4.28 kB │ gzip:   1.89 kB
storage/framework/testing/pkg05-build/assets/estate-operations-CoajsT25.js                        4.29 kB │ gzip:   1.73 kB
storage/framework/testing/pkg05-build/assets/generate-rounds-modal-DCL7OGmp.js                    4.33 kB │ gzip:   2.12 kB
storage/framework/testing/pkg05-build/assets/wizard-fields-D-qHy5Qe.js                            4.34 kB │ gzip:   1.90 kB
storage/framework/testing/pkg05-build/assets/first-aid-tab-_udpFFuM.js                            4.34 kB │ gzip:   1.78 kB
storage/framework/testing/pkg05-build/assets/assets-Bf5hU6Kw.js                                   4.37 kB │ gzip:   1.73 kB
storage/framework/testing/pkg05-build/assets/login-DufjS49o.js                                    4.37 kB │ gzip:   1.85 kB
storage/framework/testing/pkg05-build/assets/privacy-shared-CsKCKVJ6.js                           4.39 kB │ gzip:   1.65 kB
storage/framework/testing/pkg05-build/assets/_shared-Op3CTlNZ.js                                  4.41 kB │ gzip:   1.90 kB
storage/framework/testing/pkg05-build/assets/_dialogs-tGF8SKRD.js                                 4.43 kB │ gzip:   1.81 kB
storage/framework/testing/pkg05-build/assets/shift-audit-timeline-CEbtRdIu.js                     4.49 kB │ gzip:   1.82 kB
storage/framework/testing/pkg05-build/assets/shared-T3h88n2k.js                                   4.50 kB │ gzip:   1.74 kB
storage/framework/testing/pkg05-build/assets/applicable-procedures-panel-DJhPHMWf.js              4.52 kB │ gzip:   1.76 kB
storage/framework/testing/pkg05-build/assets/task-help-DG6s7Vog.js                                4.61 kB │ gzip:   1.95 kB
storage/framework/testing/pkg05-build/assets/client-clinical-launchers-WOQRhnlB.js                4.62 kB │ gzip:   2.11 kB
storage/framework/testing/pkg05-build/assets/meal-planner-r5CnJJ4B.js                             4.69 kB │ gzip:   2.19 kB
storage/framework/testing/pkg05-build/assets/Create-BnGLr9nm.js                                   4.69 kB │ gzip:   2.10 kB
storage/framework/testing/pkg05-build/assets/incidents-tab-BzmWJElR.js                            4.72 kB │ gzip:   1.85 kB
storage/framework/testing/pkg05-build/assets/_dialogs-vgO7Ae0F.js                                 4.75 kB │ gzip:   2.19 kB
storage/framework/testing/pkg05-build/assets/AgedPayables-T-kyOq9I.js                             4.75 kB │ gzip:   2.13 kB
storage/framework/testing/pkg05-build/assets/AgedReceivables-bERQTQN-.js                          4.76 kB │ gzip:   2.14 kB
storage/framework/testing/pkg05-build/assets/donut-card-BwnfSjei.js                               4.76 kB │ gzip:   2.08 kB
storage/framework/testing/pkg05-build/assets/control-room-workspace-hero-I3NEqOM6.js              4.76 kB │ gzip:   2.26 kB
storage/framework/testing/pkg05-build/assets/dialog-Dl-6xbsI.js                                   4.80 kB │ gzip:   1.63 kB
storage/framework/testing/pkg05-build/assets/_asset-dialogs-CygQXiiU.js                           4.83 kB │ gzip:   2.30 kB
storage/framework/testing/pkg05-build/assets/Edit-Yl5_Q_3_.js                                     4.87 kB │ gzip:   2.24 kB
storage/framework/testing/pkg05-build/assets/hardware-B1aG3Uuf.js                                 4.89 kB │ gzip:   2.15 kB
storage/framework/testing/pkg05-build/assets/entity-filter-BwAaDvPL.js                            4.89 kB │ gzip:   2.28 kB
storage/framework/testing/pkg05-build/assets/concern-Dgh4aBjT.js                                  4.93 kB │ gzip:   2.26 kB
storage/framework/testing/pkg05-build/assets/permission-destinations-CsV4yLCY.js                  4.93 kB │ gzip:   1.13 kB
storage/framework/testing/pkg05-build/assets/page-tabs-CHfYBOQS.js                                4.94 kB │ gzip:   2.03 kB
storage/framework/testing/pkg05-build/assets/_dialogs-Elep803h.js                                 4.97 kB │ gzip:   2.34 kB
storage/framework/testing/pkg05-build/assets/whats-next-rail-OH48KwOs.js                          4.99 kB │ gzip:   2.37 kB
storage/framework/testing/pkg05-build/assets/_dialogs-KTKmtY_I.js                                 5.03 kB │ gzip:   2.03 kB
storage/framework/testing/pkg05-build/assets/leave-calendar-range-Ci4fGNHE.js                     5.04 kB │ gzip:   2.26 kB
storage/framework/testing/pkg05-build/assets/_dialogs-CGi1Nk3Y.js                                 5.10 kB │ gzip:   2.37 kB
storage/framework/testing/pkg05-build/assets/client-safety-ribbon-ZwkrZYv0.js                     5.10 kB │ gzip:   2.24 kB
storage/framework/testing/pkg05-build/assets/show-B_sIOZHW.js                                     5.12 kB │ gzip:   2.37 kB
storage/framework/testing/pkg05-build/assets/fleet-navigation-DV-3sJlk.js                         5.17 kB │ gzip:   2.00 kB
storage/framework/testing/pkg05-build/assets/_evidence-Cwwr4MJ7.js                                5.17 kB │ gzip:   2.19 kB
storage/framework/testing/pkg05-build/assets/prn-effect-dialog-B1pbMPf1.js                        5.19 kB │ gzip:   2.28 kB
storage/framework/testing/pkg05-build/assets/Placeholder-gae5P6cP.js                              5.20 kB │ gzip:   2.44 kB
storage/framework/testing/pkg05-build/assets/shared-BrNlAAc_.js                                   5.20 kB │ gzip:   2.04 kB
storage/framework/testing/pkg05-build/assets/day-picker-chip-D6sdrtqk.js                          5.21 kB │ gzip:   2.23 kB
storage/framework/testing/pkg05-build/assets/list-view-CEWZlOGN.js                                5.22 kB │ gzip:   1.84 kB
storage/framework/testing/pkg05-build/assets/plan-CJbOGu06.js                                     5.22 kB │ gzip:   2.33 kB
storage/framework/testing/pkg05-build/assets/before-you-finish-DuIlZEO2.js                        5.25 kB │ gzip:   2.13 kB
storage/framework/testing/pkg05-build/assets/wizard-shell-B3f06DX5.js                             5.31 kB │ gzip:   2.31 kB
storage/framework/testing/pkg05-build/assets/application-status-84m19T4o.js                       5.31 kB │ gzip:   2.16 kB
storage/framework/testing/pkg05-build/assets/index-8DhRh3fc.js                                    5.32 kB │ gzip:   2.36 kB
storage/framework/testing/pkg05-build/assets/care-plan-domains-builder-CDKwHppU.js                5.33 kB │ gzip:   2.07 kB
storage/framework/testing/pkg05-build/assets/shared-CmyqTydH.js                                   5.34 kB │ gzip:   2.38 kB
storage/framework/testing/pkg05-build/assets/entity-menu-CQjIcX2B.js                              5.35 kB │ gzip:   2.46 kB
storage/framework/testing/pkg05-build/assets/paperwork-panel-DDqK9lky.js                          5.38 kB │ gzip:   2.34 kB
storage/framework/testing/pkg05-build/assets/show-CiZv7WcT.js                                     5.38 kB │ gzip:   2.38 kB
storage/framework/testing/pkg05-build/assets/contacts-DC5eSVRN.js                                 5.42 kB │ gzip:   2.31 kB
storage/framework/testing/pkg05-build/assets/_thumbnail-BvNybtBf.js                               5.43 kB │ gzip:   2.56 kB
storage/framework/testing/pkg05-build/assets/fleet-charts-BD3Cp0FY.js                             5.50 kB │ gzip:   2.46 kB
storage/framework/testing/pkg05-build/assets/global-DMNq-nRL.js                                   5.51 kB │ gzip:   2.46 kB
storage/framework/testing/pkg05-build/assets/Index-BmGz0FUP.js                                    5.52 kB │ gzip:   2.48 kB
storage/framework/testing/pkg05-build/assets/show-BzVgstJA.js                                     5.53 kB │ gzip:   2.52 kB
storage/framework/testing/pkg05-build/assets/show-DqQyG-8Z.js                                     5.54 kB │ gzip:   2.34 kB
storage/framework/testing/pkg05-build/assets/show-BcpvzmQf.js                                     5.55 kB │ gzip:   2.31 kB
storage/framework/testing/pkg05-build/assets/date-popover-BH33f5VF.js                             5.60 kB │ gzip:   2.41 kB
storage/framework/testing/pkg05-build/assets/audit-log-modal-D4FSP1NO.js                          5.60 kB │ gzip:   2.52 kB
storage/framework/testing/pkg05-build/assets/index-DOEs01IZ.js                                    5.63 kB │ gzip:   2.49 kB
storage/framework/testing/pkg05-build/assets/medication-review-modal-BIcCAakN.js                  5.64 kB │ gzip:   2.56 kB
storage/framework/testing/pkg05-build/assets/entity-table-DXHkFV9G.js                             5.74 kB │ gzip:   2.40 kB
storage/framework/testing/pkg05-build/assets/index-BIPhi1Qx.js                                    5.74 kB │ gzip:   2.56 kB
storage/framework/testing/pkg05-build/assets/complete-obligation-dialog-DtfDj8zK.js               5.76 kB │ gzip:   2.58 kB
storage/framework/testing/pkg05-build/assets/Calendar-DBqDG6N3.js                                 5.78 kB │ gzip:   2.62 kB
storage/framework/testing/pkg05-build/assets/rhythms-routines-Ccaz9_QX.js                         5.79 kB │ gzip:   2.63 kB
storage/framework/testing/pkg05-build/assets/index-BSFE89TX.js                                    5.83 kB │ gzip:   2.66 kB
storage/framework/testing/pkg05-build/assets/select-k6CklqYB.js                                   5.86 kB │ gzip:   1.90 kB
storage/framework/testing/pkg05-build/assets/multi-entity-filter-VCUdR_eP.js                      5.86 kB │ gzip:   2.62 kB
storage/framework/testing/pkg05-build/assets/_shared-D9jTc25K.js                                  5.88 kB │ gzip:   2.59 kB
storage/framework/testing/pkg05-build/assets/dropdown-menu-B3sGGLkR.js                            5.88 kB │ gzip:   1.66 kB
storage/framework/testing/pkg05-build/assets/stat-tile-E4NiTit7.js                                5.89 kB │ gzip:   2.51 kB
storage/framework/testing/pkg05-build/assets/GovernanceAttachmentsPanel-CsmH-BaO.js               5.91 kB │ gzip:   2.49 kB
storage/framework/testing/pkg05-build/assets/index-B8gOOsaO.js                                    5.94 kB │ gzip:   2.75 kB
storage/framework/testing/pkg05-build/assets/_helpers-B-uK7bhh.js                                 5.94 kB │ gzip:   2.45 kB
storage/framework/testing/pkg05-build/assets/index-Dsepit8Z.js                                    5.98 kB │ gzip:   2.72 kB
storage/framework/testing/pkg05-build/assets/audit-B7Q5wzhs.js                                    5.98 kB │ gzip:   2.69 kB
storage/framework/testing/pkg05-build/assets/index-BljcQGIR.js                                    6.00 kB │ gzip:   2.59 kB
storage/framework/testing/pkg05-build/assets/compliance-bits-CPBFCQyK.js                          6.02 kB │ gzip:   2.53 kB
storage/framework/testing/pkg05-build/assets/report-page-DgWd3QgD.js                              6.03 kB │ gzip:   2.83 kB
storage/framework/testing/pkg05-build/assets/link-client-dialog-BuYgmdtl.js                       6.06 kB │ gzip:   2.58 kB
storage/framework/testing/pkg05-build/assets/stream-context-menu-DRrzmg84.js                      6.08 kB │ gzip:   2.79 kB
storage/framework/testing/pkg05-build/assets/food-meal-7VYnQcmd.js                                6.12 kB │ gzip:   2.11 kB
storage/framework/testing/pkg05-build/assets/BoardMonthly-B_kik6vk.js                             6.14 kB │ gzip:   2.84 kB
storage/framework/testing/pkg05-build/assets/index-DAaXVi46.js                                    6.14 kB │ gzip:   2.80 kB
storage/framework/testing/pkg05-build/assets/with-concerns-CisbBLes.js                            6.15 kB │ gzip:   2.74 kB
storage/framework/testing/pkg05-build/assets/with-incidents-DMw6QRM-.js                           6.15 kB │ gzip:   2.73 kB
storage/framework/testing/pkg05-build/assets/show-CozKhfHW.js                                     6.18 kB │ gzip:   2.80 kB
storage/framework/testing/pkg05-build/assets/index-Cz_KEmk_.js                                    6.18 kB │ gzip:   2.75 kB
storage/framework/testing/pkg05-build/assets/compliance-hub-header-T93ipaAX.js                    6.22 kB │ gzip:   2.75 kB
storage/framework/testing/pkg05-build/assets/index-D2Fd-mO9.js                                    6.23 kB │ gzip:   2.80 kB
storage/framework/testing/pkg05-build/assets/emergency-plan-DkDvrYsV.js                           6.23 kB │ gzip:   2.79 kB
storage/framework/testing/pkg05-build/assets/show-DnaNMgRS.js                                     6.26 kB │ gzip:   2.49 kB
storage/framework/testing/pkg05-build/assets/recognition-wizard-Di_k8BdI.js                       6.27 kB │ gzip:   2.43 kB
storage/framework/testing/pkg05-build/assets/Calendar-TDyrGy6S.js                                 6.28 kB │ gzip:   2.85 kB
storage/framework/testing/pkg05-build/assets/index-BT9fmrGx.js                                    6.32 kB │ gzip:   2.80 kB
storage/framework/testing/pkg05-build/assets/for-stay-DbFLkPLD.js                                 6.33 kB │ gzip:   2.79 kB
storage/framework/testing/pkg05-build/assets/report-CIqn3_uY.js                                   6.34 kB │ gzip:   2.90 kB
storage/framework/testing/pkg05-build/assets/create-Cbt6003M.js                                   6.35 kB │ gzip:   2.61 kB
storage/framework/testing/pkg05-build/assets/quick-note-dialog-CZhJdaoA.js                        6.36 kB │ gzip:   2.65 kB
storage/framework/testing/pkg05-build/assets/show-MMU6K1pB.js                                     6.37 kB │ gzip:   2.83 kB
storage/framework/testing/pkg05-build/assets/use-my-day-labels-BynEqp9u.js                        6.38 kB │ gzip:   2.60 kB
storage/framework/testing/pkg05-build/assets/entity-card-Bll4YmKV.js                              6.39 kB │ gzip:   2.73 kB
storage/framework/testing/pkg05-build/assets/stock-movement-modal-3bxcS1gl.js                     6.40 kB │ gzip:   2.62 kB
storage/framework/testing/pkg05-build/assets/Create-ChlJJmIe.js                                   6.41 kB │ gzip:   2.94 kB
storage/framework/testing/pkg05-build/assets/offer-response-C3kYsSpu.js                           6.41 kB │ gzip:   2.61 kB
storage/framework/testing/pkg05-build/assets/compensation-hero-DjTh_ECy.js                        6.42 kB │ gzip:   2.49 kB
storage/framework/testing/pkg05-build/assets/overdue-B7jR_LXJ.js                                  6.47 kB │ gzip:   2.83 kB
storage/framework/testing/pkg05-build/assets/auto-rule-builder-DijBEBMy.js                        6.50 kB │ gzip:   2.44 kB
storage/framework/testing/pkg05-build/assets/tabs-DvW5sqJ5.js                                     6.50 kB │ gzip:   2.68 kB
storage/framework/testing/pkg05-build/assets/unacknowledged-BLGPlqPd.js                           6.51 kB │ gzip:   2.83 kB
storage/framework/testing/pkg05-build/assets/overdue-D2T2PsO3.js                                  6.51 kB │ gzip:   2.84 kB
storage/framework/testing/pkg05-build/assets/my-active-CGWUQBtg.js                                6.51 kB │ gzip:   2.89 kB
storage/framework/testing/pkg05-build/assets/list-view-Bbg1mnuo.js                                6.53 kB │ gzip:   2.37 kB
storage/framework/testing/pkg05-build/assets/Create-DZurXxhB.js                                   6.54 kB │ gzip:   2.95 kB
storage/framework/testing/pkg05-build/assets/clients-CG54KVEO.js                                  6.54 kB │ gzip:   2.78 kB
storage/framework/testing/pkg05-build/assets/ppe-shared-D1d0VIc_.js                               6.56 kB │ gzip:   2.64 kB
storage/framework/testing/pkg05-build/assets/trend-charts-CVYFs-FO.js                             6.57 kB │ gzip:   2.54 kB
storage/framework/testing/pkg05-build/assets/maps-usage-CyK_wXI_.js                               6.59 kB │ gzip:   2.89 kB
storage/framework/testing/pkg05-build/assets/actions-reviews-CoarDxd-.js                          6.59 kB │ gzip:   2.69 kB
storage/framework/testing/pkg05-build/assets/sortable.esm-TrASzQ3t.js                             6.64 kB │ gzip:   2.78 kB
storage/framework/testing/pkg05-build/assets/meal-planner-DxnjGiTv.js                             6.68 kB │ gzip:   2.97 kB
storage/framework/testing/pkg05-build/assets/_workspace-CPT9_mAi.js                               6.70 kB │ gzip:   2.73 kB
storage/framework/testing/pkg05-build/assets/for-client-CwjJnLnd.js                               6.71 kB │ gzip:   2.91 kB
storage/framework/testing/pkg05-build/assets/_registers-DiEmVFMH.js                               6.75 kB │ gzip:   2.65 kB
storage/framework/testing/pkg05-build/assets/shift-calendar-view-BWYWb17l.js                      6.78 kB │ gzip:   2.74 kB
storage/framework/testing/pkg05-build/assets/index-BKuL1aI8.js                                    6.82 kB │ gzip:   1.08 kB
storage/framework/testing/pkg05-build/assets/handover-rail-6xK97XLq.js                            6.82 kB │ gzip:   2.89 kB
storage/framework/testing/pkg05-build/assets/needing-acknowledgment-BbLq8omX.js                   6.83 kB │ gzip:   2.91 kB
storage/framework/testing/pkg05-build/assets/for-stay-WB4yDYgS.js                                 6.85 kB │ gzip:   3.02 kB
storage/framework/testing/pkg05-build/assets/checklist-trends-BoCMCL69.js                         6.87 kB │ gzip:   2.98 kB
storage/framework/testing/pkg05-build/assets/assignments-ByExC37Y.js                              6.88 kB │ gzip:   3.25 kB
storage/framework/testing/pkg05-build/assets/clock-in-wizard-BoCDpec7.js                          6.88 kB │ gzip:   2.94 kB
storage/framework/testing/pkg05-build/assets/board-view-Dsab-w1e.js                               6.89 kB │ gzip:   2.72 kB
storage/framework/testing/pkg05-build/assets/show-BV5NE1l-.js                                     6.90 kB │ gzip:   3.18 kB
storage/framework/testing/pkg05-build/assets/day-work-list-DOx0DPO4.js                            6.91 kB │ gzip:   2.82 kB
storage/framework/testing/pkg05-build/assets/index-COemCSqY.js                                    6.94 kB │ gzip:   2.81 kB
storage/framework/testing/pkg05-build/assets/for-stay-sA9u5yrM.js                                 6.96 kB │ gzip:   3.10 kB
storage/framework/testing/pkg05-build/assets/_dialogs-D5iBfMzI.js                                 7.01 kB │ gzip:   3.22 kB
storage/framework/testing/pkg05-build/assets/my-tasks-BtLo9vLO.js                                 7.04 kB │ gzip:   3.09 kB
storage/framework/testing/pkg05-build/assets/_header-DYIefefT.js                                  7.05 kB │ gzip:   3.27 kB
storage/framework/testing/pkg05-build/assets/alert-worklist-DefgiUgA.js                           7.05 kB │ gzip:   2.65 kB
storage/framework/testing/pkg05-build/assets/agreements-D3Uwk--V.js                               7.07 kB │ gzip:   3.28 kB
storage/framework/testing/pkg05-build/assets/combined-DlSdvbFc.js                                 7.07 kB │ gzip:   3.02 kB
storage/framework/testing/pkg05-build/assets/awaiting-approval-B-Erapsq.js                        7.08 kB │ gzip:   3.03 kB
storage/framework/testing/pkg05-build/assets/_site-geofence-dialog-CU3HZNvs.js                    7.09 kB │ gzip:   2.72 kB
storage/framework/testing/pkg05-build/assets/Calendar-CKKZxsBw.js                                 7.12 kB │ gzip:   3.18 kB
storage/framework/testing/pkg05-build/assets/index-BuL3pScd.js                                    7.12 kB │ gzip:   3.04 kB
storage/framework/testing/pkg05-build/assets/Index-Cx3XHgii.js                                    7.13 kB │ gzip:   3.07 kB
storage/framework/testing/pkg05-build/assets/assets-6D-HHckN.js                                   7.13 kB │ gzip:   2.97 kB
storage/framework/testing/pkg05-build/assets/reports-modal-DWoKhBHX.js                            7.13 kB │ gzip:   2.97 kB
storage/framework/testing/pkg05-build/assets/checklist-CuhyXbWv.js                                7.14 kB │ gzip:   3.11 kB
storage/framework/testing/pkg05-build/assets/monitoring-incident-evidence-card-Dz2Sd7b1.js        7.16 kB │ gzip:   2.51 kB
storage/framework/testing/pkg05-build/assets/Show-C_Lpo1Uu.js                                     7.17 kB │ gzip:   2.94 kB
storage/framework/testing/pkg05-build/assets/_dialogs-B6guDdCI.js                                 7.17 kB │ gzip:   3.06 kB
storage/framework/testing/pkg05-build/assets/fix-clock-out-wizard-Bj6K3P3X.js                     7.18 kB │ gzip:   3.07 kB
storage/framework/testing/pkg05-build/assets/_dialogs-CSMRdmw2.js                                 7.19 kB │ gzip:   3.02 kB
storage/framework/testing/pkg05-build/assets/fleet-hero-kit-DXlqCPq4.js                           7.19 kB │ gzip:   2.89 kB
storage/framework/testing/pkg05-build/assets/Index-qZqhhh_b.js                                    7.19 kB │ gzip:   3.05 kB
storage/framework/testing/pkg05-build/assets/Show-Uk0FfXF2.js                                     7.20 kB │ gzip:   3.07 kB
storage/framework/testing/pkg05-build/assets/leave-excursions-CnV8sd2z.js                         7.21 kB │ gzip:   2.38 kB
storage/framework/testing/pkg05-build/assets/preferences-D10Y9lFn.js                              7.25 kB │ gzip:   3.25 kB
storage/framework/testing/pkg05-build/assets/review-CHxgxPAs.js                                   7.27 kB │ gzip:   3.09 kB
storage/framework/testing/pkg05-build/assets/new-journal-dialog-D2MKvZ4s.js                       7.31 kB │ gzip:   2.69 kB
storage/framework/testing/pkg05-build/assets/respite-Dl9NnL4f.js                                  7.31 kB │ gzip:   2.81 kB
storage/framework/testing/pkg05-build/assets/people-picker-LWZsqrA8.js                            7.35 kB │ gzip:   3.14 kB
storage/framework/testing/pkg05-build/assets/index-D1ZAuk4a.js                                    7.37 kB │ gzip:   3.11 kB
storage/framework/testing/pkg05-build/assets/index-I4WnpP0b.js                                    7.37 kB │ gzip:   3.11 kB
storage/framework/testing/pkg05-build/assets/provisioning-picker-DexnJpdb.js                      7.39 kB │ gzip:   3.30 kB
storage/framework/testing/pkg05-build/assets/create-BUsfVHMN.js                                   7.46 kB │ gzip:   3.26 kB
storage/framework/testing/pkg05-build/assets/_review-dialog-CiYSLHIj.js                           7.47 kB │ gzip:   3.13 kB
storage/framework/testing/pkg05-build/assets/Edit-Bo7iGXr2.js                                     7.47 kB │ gzip:   3.21 kB
storage/framework/testing/pkg05-build/assets/create-CcayxUKP.js                                   7.48 kB │ gzip:   3.15 kB
storage/framework/testing/pkg05-build/assets/_dialogs-CQ8b1txl.js                                 7.51 kB │ gzip:   2.47 kB
storage/framework/testing/pkg05-build/assets/compliance-hero-DnQyXfke.js                          7.56 kB │ gzip:   2.61 kB
storage/framework/testing/pkg05-build/assets/shared-BkWQLqOF.js                                   7.61 kB │ gzip:   3.05 kB
storage/framework/testing/pkg05-build/assets/payroll-adjustments-D-QxT_Sm.js                      7.64 kB │ gzip:   3.07 kB
storage/framework/testing/pkg05-build/assets/deletion-logs-Be1knIJd.js                            7.71 kB │ gzip:   3.33 kB
storage/framework/testing/pkg05-build/assets/show-BRkIDqXh.js                                     7.75 kB │ gzip:   3.14 kB
storage/framework/testing/pkg05-build/assets/report-error-modal-Cg_9h8FZ.js                       7.76 kB │ gzip:   3.27 kB
storage/framework/testing/pkg05-build/assets/communication-notes-BbzSkOmh.js                      7.79 kB │ gzip:   3.17 kB
storage/framework/testing/pkg05-build/assets/for-stay-Cq0UdwMa.js                                 7.80 kB │ gzip:   3.26 kB
storage/framework/testing/pkg05-build/assets/assignments-CiZyXip3.js                              7.82 kB │ gzip:   3.57 kB
storage/framework/testing/pkg05-build/assets/medical-simple-C0h1FeHT.js                           7.86 kB │ gzip:   3.44 kB
storage/framework/testing/pkg05-build/assets/index-C2aqdcbh.js                                    7.90 kB │ gzip:   3.27 kB
storage/framework/testing/pkg05-build/assets/history-index-CeJXafwt.js                            7.92 kB │ gzip:   3.48 kB
storage/framework/testing/pkg05-build/assets/Submissions-CzGSCBfk.js                              7.93 kB │ gzip:   3.70 kB
storage/framework/testing/pkg05-build/assets/daily-note-entry-63_mXXI5.js                         7.97 kB │ gzip:   3.03 kB
storage/framework/testing/pkg05-build/assets/pending-Bjtww2FB.js                                  7.98 kB │ gzip:   3.40 kB
storage/framework/testing/pkg05-build/assets/index-DLmbsX39.js                                    7.98 kB │ gzip:   3.37 kB
storage/framework/testing/pkg05-build/assets/show-Bs5D4sLu.js                                     8.02 kB │ gzip:   3.53 kB
storage/framework/testing/pkg05-build/assets/from-resolution-C08NnIfY.js                          8.07 kB │ gzip:   3.57 kB
storage/framework/testing/pkg05-build/assets/file-dropzone-BJzrdSiS.js                            8.08 kB │ gzip:   3.49 kB
storage/framework/testing/pkg05-build/assets/audit-history-CaOx3OLv.js                            8.13 kB │ gzip:   3.26 kB
storage/framework/testing/pkg05-build/assets/shoutouts-DQLCJwXB.js                                8.16 kB │ gzip:   3.55 kB
storage/framework/testing/pkg05-build/assets/notifications-DN8vFhzX.js                            8.17 kB │ gzip:   3.59 kB
storage/framework/testing/pkg05-build/assets/_tool-palette-CSEC4tXD.js                            8.20 kB │ gzip:   2.99 kB
storage/framework/testing/pkg05-build/assets/work-schedule-DW4cMiU2.js                            8.26 kB │ gzip:   3.42 kB
storage/framework/testing/pkg05-build/assets/shell-DcM8gTGS.js                                    8.30 kB │ gzip:   2.99 kB
storage/framework/testing/pkg05-build/assets/availability-C3d68j3G.js                             8.31 kB │ gzip:   3.68 kB
storage/framework/testing/pkg05-build/assets/index-BnaX7IDP.js                                    8.37 kB │ gzip:   3.16 kB
storage/framework/testing/pkg05-build/assets/incidents-D7WQb6OT.js                                8.39 kB │ gzip:   3.34 kB
storage/framework/testing/pkg05-build/assets/round-template-dialog-C5_wdx6x.js                    8.39 kB │ gzip:   3.49 kB
storage/framework/testing/pkg05-build/assets/reassign-dialog-C8wVxHoW.js                          8.42 kB │ gzip:   3.60 kB
storage/framework/testing/pkg05-build/assets/password-DBernZBJ.js                                 8.43 kB │ gzip:   3.35 kB
storage/framework/testing/pkg05-build/assets/attestations-D1YWWWik.js                             8.44 kB │ gzip:   3.65 kB
storage/framework/testing/pkg05-build/assets/index-Dlg97wMc.js                                    8.44 kB │ gzip:   1.27 kB
storage/framework/testing/pkg05-build/assets/form-wizard-TL35wq0L.js                              8.49 kB │ gzip:   3.50 kB
storage/framework/testing/pkg05-build/assets/my-day-header-D89ugNbc.js                            8.50 kB │ gzip:   3.70 kB
storage/framework/testing/pkg05-build/assets/_dialogs-dFTs58MB.js                                 8.57 kB │ gzip:   3.32 kB
storage/framework/testing/pkg05-build/assets/index-CuuwrIhI.js                                    8.60 kB │ gzip:   1.25 kB
storage/framework/testing/pkg05-build/assets/asset-condition-VeBEFbYp.js                          8.66 kB │ gzip:   3.46 kB
storage/framework/testing/pkg05-build/assets/credentials-Br8qoY9L.js                              8.66 kB │ gzip:   3.55 kB
storage/framework/testing/pkg05-build/assets/settings-DRoI0YDc.js                                 8.67 kB │ gzip:   3.75 kB
storage/framework/testing/pkg05-build/assets/primitives-B8RmwVg3.js                               8.69 kB │ gzip:   3.27 kB
storage/framework/testing/pkg05-build/assets/bank-account-dialog-BKL5Zb-4.js                      8.70 kB │ gzip:   3.39 kB
storage/framework/testing/pkg05-build/assets/index-DgDjbNi1.js                                    8.72 kB │ gzip:   3.71 kB
storage/framework/testing/pkg05-build/assets/index-IlFRaPjc.js                                    8.72 kB │ gzip:   3.72 kB
storage/framework/testing/pkg05-build/assets/new-account-dialog-C3V0VGJa.js                       8.74 kB │ gzip:   3.41 kB
storage/framework/testing/pkg05-build/assets/personal-entry-dialog-BNKdRafS.js                    8.79 kB │ gzip:   3.29 kB
storage/framework/testing/pkg05-build/assets/show-CFul2pDG.js                                     8.85 kB │ gzip:   3.02 kB
storage/framework/testing/pkg05-build/assets/add-medication-modal-B2E3hYaM.js                     8.87 kB │ gzip:   3.65 kB
storage/framework/testing/pkg05-build/assets/show-BpnT95AT.js                                     8.91 kB │ gzip:   3.98 kB
storage/framework/testing/pkg05-build/assets/overdue-actions-DYU13wgq.js                          8.95 kB │ gzip:   3.71 kB
storage/framework/testing/pkg05-build/assets/timeline-interactions-kwxmCaek.js                    8.96 kB │ gzip:   3.62 kB
storage/framework/testing/pkg05-build/assets/record-DljUaAkI.js                                   8.98 kB │ gzip:   4.06 kB
storage/framework/testing/pkg05-build/assets/Index-BfA3oXNO.js                                    8.99 kB │ gzip:   3.81 kB
storage/framework/testing/pkg05-build/assets/fleet-R34oxllL.js                                    9.05 kB │ gzip:   3.16 kB
storage/framework/testing/pkg05-build/assets/assess-Df4CXTjP.js                                   9.06 kB │ gzip:   3.77 kB
storage/framework/testing/pkg05-build/assets/hero-kit-CAiWWUgs.js                                 9.08 kB │ gzip:   2.98 kB
storage/framework/testing/pkg05-build/assets/Index-DatbuT18.js                                    9.08 kB │ gzip:   3.90 kB
storage/framework/testing/pkg05-build/assets/index-ZyWOsTPa.js                                    9.09 kB │ gzip:   3.79 kB
storage/framework/testing/pkg05-build/assets/ClientTrends-6pTxbya_.js                             9.10 kB │ gzip:   3.90 kB
storage/framework/testing/pkg05-build/assets/file-OujPqfz5.js                                     9.11 kB │ gzip:   3.86 kB
storage/framework/testing/pkg05-build/assets/Index-1w1c_nGJ.js                                    9.20 kB │ gzip:   3.68 kB
storage/framework/testing/pkg05-build/assets/index-CLKSWF3y.js                                    9.23 kB │ gzip:   3.93 kB
storage/framework/testing/pkg05-build/assets/index-D9Zi3Csr.js                                    9.23 kB │ gzip:   3.63 kB
storage/framework/testing/pkg05-build/assets/index-DT06RnD5.js                                    9.24 kB │ gzip:   4.01 kB
storage/framework/testing/pkg05-build/assets/note-rail-rRfVOX3O.js                                9.29 kB │ gzip:   3.54 kB
storage/framework/testing/pkg05-build/assets/CarePlans-sEf1OBjs.js                                9.31 kB │ gzip:   3.75 kB
storage/framework/testing/pkg05-build/assets/shift-show-redesign-CfQWzaCA.js                      9.34 kB │ gzip:   3.58 kB
storage/framework/testing/pkg05-build/assets/reports-D-C8TgUW.js                                  9.36 kB │ gzip:   3.89 kB
storage/framework/testing/pkg05-build/assets/knowledge-related-records-CbvmMhP8.js                9.37 kB │ gzip:   3.78 kB
storage/framework/testing/pkg05-build/assets/Show-LcUQYMFS.js                                     9.37 kB │ gzip:   4.16 kB
storage/framework/testing/pkg05-build/assets/cd-register-modal-BTT8QQYs.js                        9.37 kB │ gzip:   3.85 kB
storage/framework/testing/pkg05-build/assets/_manage-types-dialog-DD9As1kz.js                     9.39 kB │ gzip:   3.83 kB
storage/framework/testing/pkg05-build/assets/Show-DGgFyXVA.js                                     9.43 kB │ gzip:   4.09 kB
storage/framework/testing/pkg05-build/assets/benefits-CBx71LMv.js                                 9.46 kB │ gzip:   3.75 kB
storage/framework/testing/pkg05-build/assets/location-workspace-D_HVK1rm.js                       9.47 kB │ gzip:   4.05 kB
storage/framework/testing/pkg05-build/assets/Create-D-NbjS_J.js                                   9.49 kB │ gzip:   3.86 kB
storage/framework/testing/pkg05-build/assets/history-Cl-VYpDb.js                                  9.51 kB │ gzip:   3.82 kB
storage/framework/testing/pkg05-build/assets/Index-D6b67yls.js                                    9.57 kB │ gzip:   4.13 kB
storage/framework/testing/pkg05-build/assets/_dialogs-DrVBm6uL.js                                 9.60 kB │ gzip:   3.08 kB
storage/framework/testing/pkg05-build/assets/Edit-DY4TlAiS.js                                     9.62 kB │ gzip:   3.99 kB
storage/framework/testing/pkg05-build/assets/reimbursement-mzNvACmx.js                            9.65 kB │ gzip:   3.75 kB
storage/framework/testing/pkg05-build/assets/module-Cq-6TqAi.js                                   9.65 kB │ gzip:   4.29 kB
storage/framework/testing/pkg05-build/assets/index-Cr0rAWSZ.js                                    9.66 kB │ gzip:   4.07 kB
storage/framework/testing/pkg05-build/assets/family-tree-Du7MY9Ri.js                              9.68 kB │ gzip:   3.64 kB
storage/framework/testing/pkg05-build/assets/create-D5E-3rZl.js                                   9.69 kB │ gzip:   4.06 kB
storage/framework/testing/pkg05-build/assets/Index-nF-6YMlw.js                                    9.69 kB │ gzip:   4.01 kB
storage/framework/testing/pkg05-build/assets/upload-BZ_d-RR1.js                                   9.70 kB │ gzip:   4.05 kB
storage/framework/testing/pkg05-build/assets/Mapping-BzPMkOjF.js                                  9.72 kB │ gzip:   4.17 kB
storage/framework/testing/pkg05-build/assets/show-DJpH05_G.js                                     9.73 kB │ gzip:   3.87 kB
storage/framework/testing/pkg05-build/assets/stream-item-CINLohGI.js                              9.74 kB │ gzip:   3.61 kB
storage/framework/testing/pkg05-build/assets/reviews-p58VQYu3.js                                  9.74 kB │ gzip:   4.35 kB
storage/framework/testing/pkg05-build/assets/linked-operational-evidence-D_c9MpkP.js              9.78 kB │ gzip:   3.16 kB
storage/framework/testing/pkg05-build/assets/retention-DoCANZFU.js                                9.78 kB │ gzip:   3.91 kB
storage/framework/testing/pkg05-build/assets/_food-meal-preferences-CjS_inAJ.js                   9.82 kB │ gzip:   3.80 kB
storage/framework/testing/pkg05-build/assets/respond-BYQmcdVV.js                                  9.82 kB │ gzip:   4.27 kB
storage/framework/testing/pkg05-build/assets/ComplianceStatus-DribZdGb.js                         9.82 kB │ gzip:   4.18 kB
storage/framework/testing/pkg05-build/assets/index-63h5aus1.js                                    9.83 kB │ gzip:   4.00 kB
storage/framework/testing/pkg05-build/assets/Index-Bryl96N6.js                                    9.85 kB │ gzip:   4.10 kB
storage/framework/testing/pkg05-build/assets/Create-keQWNlCj.js                                   9.85 kB │ gzip:   3.99 kB
storage/framework/testing/pkg05-build/assets/create-C3qvkyXZ.js                                   9.88 kB │ gzip:   4.07 kB
storage/framework/testing/pkg05-build/assets/Logs-C7Z3YUa4.js                                     9.91 kB │ gzip:   4.23 kB
storage/framework/testing/pkg05-build/assets/Create-CysIFYQC.js                                   9.91 kB │ gzip:   4.00 kB
storage/framework/testing/pkg05-build/assets/Index-DIgE2zV1.js                                    9.95 kB │ gzip:   4.16 kB
storage/framework/testing/pkg05-build/assets/RiskNarrative-DyMPwAGO.js                            9.96 kB │ gzip:   4.12 kB
storage/framework/testing/pkg05-build/assets/succession-wizards-IAmEns8s.js                       9.98 kB │ gzip:   3.99 kB
storage/framework/testing/pkg05-build/assets/BoardMembers-BXmtoa4g.js                             9.99 kB │ gzip:   4.26 kB
storage/framework/testing/pkg05-build/assets/for-stay-lXnSA4Wk.js                                10.01 kB │ gzip:   3.88 kB
storage/framework/testing/pkg05-build/assets/index-DK-_VRKk.js                                   10.01 kB │ gzip:   4.00 kB
storage/framework/testing/pkg05-build/assets/Index-BWqXEmWo.js                                   10.02 kB │ gzip:   4.13 kB
storage/framework/testing/pkg05-build/assets/pending-2R9TOpwA.js                                 10.04 kB │ gzip:   3.84 kB
storage/framework/testing/pkg05-build/assets/finance-B0BR_rdj.js                                 10.05 kB │ gzip:   3.53 kB
storage/framework/testing/pkg05-build/assets/my-calendar-D8XuLyhr.js                             10.06 kB │ gzip:   4.63 kB
storage/framework/testing/pkg05-build/assets/quick-add-task-D_5rUoM_.js                          10.06 kB │ gzip:   3.83 kB
storage/framework/testing/pkg05-build/assets/Show-DO0bMXZn.js                                    10.09 kB │ gzip:   4.45 kB
storage/framework/testing/pkg05-build/assets/grouped-profile-nav-BprM25_K.js                     10.09 kB │ gzip:   3.87 kB
storage/framework/testing/pkg05-build/assets/index-7istZ43p.js                                   10.10 kB │ gzip:   4.03 kB
storage/framework/testing/pkg05-build/assets/vehicle-technology-projection-CAlocnsv.js           10.10 kB │ gzip:   3.40 kB
storage/framework/testing/pkg05-build/assets/Index-CY_evgKc.js                                   10.10 kB │ gzip:   4.31 kB
storage/framework/testing/pkg05-build/assets/create-YfZh4PWS.js                                  10.10 kB │ gzip:   4.30 kB
storage/framework/testing/pkg05-build/assets/template-DXa2MxkU.js                                10.15 kB │ gzip:   4.11 kB
storage/framework/testing/pkg05-build/assets/policies-B5uV1J05.js                                10.19 kB │ gzip:   4.15 kB
storage/framework/testing/pkg05-build/assets/GovernanceTermHint-0fyPwn-B.js                      10.20 kB │ gzip:   4.11 kB
storage/framework/testing/pkg05-build/assets/Show-C4PzgLef.js                                    10.20 kB │ gzip:   4.32 kB
storage/framework/testing/pkg05-build/assets/create-CqRhB3-T.js                                  10.25 kB │ gzip:   4.14 kB
storage/framework/testing/pkg05-build/assets/asset-finance-technology-projection-B-LbbgXb.js     10.26 kB │ gzip:   3.48 kB
storage/framework/testing/pkg05-build/assets/show-DANrRZ1X.js                                    10.26 kB │ gzip:   4.02 kB
storage/framework/testing/pkg05-build/assets/record-wizard-shared-DOxAe0OF.js                    10.28 kB │ gzip:   3.92 kB
storage/framework/testing/pkg05-build/assets/staff-requirements-B3o8Y2qm.js                      10.31 kB │ gzip:   3.82 kB
storage/framework/testing/pkg05-build/assets/legal-holds-BwIrHmlB.js                             10.32 kB │ gzip:   4.17 kB
storage/framework/testing/pkg05-build/assets/_inventory-table-CPK16gnc.js                        10.34 kB │ gzip:   3.74 kB
storage/framework/testing/pkg05-build/assets/show-CI8h9rNb.js                                    10.35 kB │ gzip:   4.08 kB
storage/framework/testing/pkg05-build/assets/unifi-DV7n8zw6.js                                   10.38 kB │ gzip:   4.14 kB
storage/framework/testing/pkg05-build/assets/Index-XSytNlsv.js                                   10.39 kB │ gzip:   4.36 kB
storage/framework/testing/pkg05-build/assets/create-CEma3e55.js                                  10.41 kB │ gzip:   4.27 kB
storage/framework/testing/pkg05-build/assets/ClientSummary-CEjBVtmG.js                           10.43 kB │ gzip:   3.75 kB
storage/framework/testing/pkg05-build/assets/index-CJH1QtoZ.js                                   10.43 kB │ gzip:   4.34 kB
storage/framework/testing/pkg05-build/assets/Index-4GbjVxU2.js                                   10.43 kB │ gzip:   4.29 kB
storage/framework/testing/pkg05-build/assets/Show-B-iqstzy.js                                    10.43 kB │ gzip:   3.91 kB
storage/framework/testing/pkg05-build/assets/Index-CJcauFUw.js                                   10.45 kB │ gzip:   4.29 kB
storage/framework/testing/pkg05-build/assets/saved-BHp_y3Th.js                                   10.46 kB │ gzip:   4.28 kB
storage/framework/testing/pkg05-build/assets/marketing-layout-GXk2C8ly.js                        10.47 kB │ gzip:   3.34 kB
storage/framework/testing/pkg05-build/assets/index-CT7NlIky.js                                   10.49 kB │ gzip:   4.12 kB
storage/framework/testing/pkg05-build/assets/Index-Ca4lAZXx.js                                   10.50 kB │ gzip:   4.25 kB
storage/framework/testing/pkg05-build/assets/FundingStreamSummary-C2AzNcr0.js                    10.50 kB │ gzip:   4.32 kB
storage/framework/testing/pkg05-build/assets/show-DiE0N7UH.js                                    10.55 kB │ gzip:   3.88 kB
storage/framework/testing/pkg05-build/assets/edit-DcD6Fit8.js                                    10.56 kB │ gzip:   4.35 kB
storage/framework/testing/pkg05-build/assets/Index-psRTg2aT.js                                   10.57 kB │ gzip:   4.38 kB
storage/framework/testing/pkg05-build/assets/Index-ztGc_keo.js                                   10.57 kB │ gzip:   4.49 kB
storage/framework/testing/pkg05-build/assets/risks-wpGBpqHZ.js                                   10.58 kB │ gzip:   4.00 kB
storage/framework/testing/pkg05-build/assets/status-C3lFa1Ji.js                                  10.58 kB │ gzip:   4.23 kB
storage/framework/testing/pkg05-build/assets/Index-CWX3-j-W.js                                   10.61 kB │ gzip:   4.41 kB
storage/framework/testing/pkg05-build/assets/edit-yYxXa14V.js                                    10.62 kB │ gzip:   4.31 kB
storage/framework/testing/pkg05-build/assets/index-CUonkmCZ.js                                   10.66 kB │ gzip:   4.76 kB
storage/framework/testing/pkg05-build/assets/modules-BOLVOdTg.js                                 10.72 kB │ gzip:   4.30 kB
storage/framework/testing/pkg05-build/assets/create-BlTfaSHc.js                                  10.74 kB │ gzip:   3.68 kB
storage/framework/testing/pkg05-build/assets/compliance-B3B8fZoQ.js                              10.74 kB │ gzip:   4.25 kB
storage/framework/testing/pkg05-build/assets/index-DsTIALNR.js                                   10.79 kB │ gzip:   4.24 kB
storage/framework/testing/pkg05-build/assets/tomorrow-panel-Bted0LuH.js                          10.80 kB │ gzip:   4.26 kB
storage/framework/testing/pkg05-build/assets/portal-users-3twIRIwS.js                            10.80 kB │ gzip:   4.46 kB
storage/framework/testing/pkg05-build/assets/documents-BSpKyUqI.js                               10.84 kB │ gzip:   3.83 kB
storage/framework/testing/pkg05-build/assets/_door-B2m7jivU.js                                   10.87 kB │ gzip:   3.81 kB
storage/framework/testing/pkg05-build/assets/risks-DqO7skWt.js                                   10.90 kB │ gzip:   4.12 kB
storage/framework/testing/pkg05-build/assets/Show-2jR87-rL.js                                    10.91 kB │ gzip:   4.22 kB
storage/framework/testing/pkg05-build/assets/work-calendar-settings-CokwmsSV.js                  10.91 kB │ gzip:   4.32 kB
storage/framework/testing/pkg05-build/assets/Index-D3tcfsEn.js                                   10.93 kB │ gzip:   4.50 kB
storage/framework/testing/pkg05-build/assets/Changes-D4r3crpY.js                                 10.94 kB │ gzip:   4.90 kB
storage/framework/testing/pkg05-build/assets/Show-B_TXpScc.js                                    10.99 kB │ gzip:   4.45 kB
storage/framework/testing/pkg05-build/assets/create-D1Dug-4u.js                                  11.00 kB │ gzip:   4.48 kB
storage/framework/testing/pkg05-build/assets/index-ubtH2xcj.js                                   11.02 kB │ gzip:   1.52 kB
storage/framework/testing/pkg05-build/assets/handovers-hero-0I9zZxLu.js                          11.03 kB │ gzip:   4.82 kB
storage/framework/testing/pkg05-build/assets/Index-HbZ3OJwb.js                                   11.05 kB │ gzip:   4.62 kB
storage/framework/testing/pkg05-build/assets/Committee-CZ2BLuy-.js                               11.06 kB │ gzip:   4.81 kB
storage/framework/testing/pkg05-build/assets/create-BWaEVCLa.js                                  11.09 kB │ gzip:   4.38 kB
storage/framework/testing/pkg05-build/assets/TrialBalance-B5LPfCD8.js                            11.09 kB │ gzip:   4.80 kB
storage/framework/testing/pkg05-build/assets/_dialogs-DPS42JbM.js                                11.09 kB │ gzip:   4.43 kB
storage/framework/testing/pkg05-build/assets/index-Blt0Lz6n.js                                   11.11 kB │ gzip:   4.58 kB
storage/framework/testing/pkg05-build/assets/photos-Cgl2A9NB.js                                  11.13 kB │ gzip:   4.56 kB
storage/framework/testing/pkg05-build/assets/breaches-JZF3UswF.js                                11.14 kB │ gzip:   4.40 kB
storage/framework/testing/pkg05-build/assets/vendors-DB6DEl6q.js                                 11.16 kB │ gzip:   3.65 kB
storage/framework/testing/pkg05-build/assets/index-Wf6-KpSY.js                                   11.16 kB │ gzip:   4.02 kB
storage/framework/testing/pkg05-build/assets/clock-out-wizard-DOXVu9ke.js                        11.18 kB │ gzip:   4.51 kB
storage/framework/testing/pkg05-build/assets/summary-CcptXTvk.js                                 11.19 kB │ gzip:   4.11 kB
storage/framework/testing/pkg05-build/assets/timeline-zPE6fJLt.js                                11.20 kB │ gzip:   4.80 kB
storage/framework/testing/pkg05-build/assets/index-BhmmxrVb.js                                   11.23 kB │ gzip:   4.37 kB
storage/framework/testing/pkg05-build/assets/broadcast-show-CS3qOqK-.js                          11.26 kB │ gzip:   4.12 kB
storage/framework/testing/pkg05-build/assets/show-supervision-RSVlCzuk.js                        11.27 kB │ gzip:   4.26 kB
storage/framework/testing/pkg05-build/assets/cards-view-S_9HqvQZ.js                              11.27 kB │ gzip:   4.21 kB
storage/framework/testing/pkg05-build/assets/privacy-action-modal-B1rDtLtR.js                    11.30 kB │ gzip:   4.43 kB
storage/framework/testing/pkg05-build/assets/CheckShift-DuiNBDrd.js                              11.32 kB │ gzip:   4.79 kB
storage/framework/testing/pkg05-build/assets/dashboard-tabs-Clgr4NfS.js                          11.32 kB │ gzip:   4.23 kB
storage/framework/testing/pkg05-build/assets/Edit-B_cLx_tW.js                                    11.33 kB │ gzip:   4.57 kB
storage/framework/testing/pkg05-build/assets/Index-HbUGpcZ4.js                                   11.33 kB │ gzip:   4.69 kB
storage/framework/testing/pkg05-build/assets/notifications-DQSfNnhC.js                           11.35 kB │ gzip:   4.20 kB
storage/framework/testing/pkg05-build/assets/Index-BTPkt0ip.js                                   11.38 kB │ gzip:   4.73 kB
storage/framework/testing/pkg05-build/assets/Index-CkmBphS_.js                                   11.40 kB │ gzip:   4.60 kB
storage/framework/testing/pkg05-build/assets/Matrix-C1QUwPft.js                                  11.42 kB │ gzip:   4.87 kB
storage/framework/testing/pkg05-build/assets/wizard-configs-DePwVHy9.js                          11.42 kB │ gzip:   3.50 kB
storage/framework/testing/pkg05-build/assets/visit-requests-VB7SQF76.js                          11.42 kB │ gzip:   4.63 kB
storage/framework/testing/pkg05-build/assets/leave-hub-parts-qq9q7Pxk.js                         11.45 kB │ gzip:   4.22 kB
storage/framework/testing/pkg05-build/assets/surveys-CZKJ0Vc2.js                                 11.45 kB │ gzip:   4.53 kB
storage/framework/testing/pkg05-build/assets/index-BEm9P-yk.js                                   11.46 kB │ gzip:   4.69 kB
storage/framework/testing/pkg05-build/assets/price-book-dialog-Bhg6rxWr.js                       11.47 kB │ gzip:   4.59 kB
storage/framework/testing/pkg05-build/assets/quote-dialog-DBRqP-p2.js                            11.49 kB │ gzip:   4.65 kB
storage/framework/testing/pkg05-build/assets/Create-B07iNq-P.js                                  11.49 kB │ gzip:   4.50 kB
storage/framework/testing/pkg05-build/assets/create-C1I5-D4h.js                                  11.51 kB │ gzip:   4.79 kB
storage/framework/testing/pkg05-build/assets/Index-Dur220Iz.js                                   11.52 kB │ gzip:   5.15 kB
storage/framework/testing/pkg05-build/assets/workers-CzgYpYM0.js                                 11.54 kB │ gzip:   4.41 kB
storage/framework/testing/pkg05-build/assets/Trends-Cw-01bJb.js                                  11.55 kB │ gzip:   5.00 kB
storage/framework/testing/pkg05-build/assets/index-EajqRnPp.js                                   11.57 kB │ gzip:   4.60 kB
storage/framework/testing/pkg05-build/assets/documents-CGM8oZVQ.js                               11.59 kB │ gzip:   4.11 kB
storage/framework/testing/pkg05-build/assets/Index-Ccc9aQ8y.js                                   11.61 kB │ gzip:   4.82 kB
storage/framework/testing/pkg05-build/assets/index-JlHDyaN-.js                                   11.63 kB │ gzip:   4.21 kB
storage/framework/testing/pkg05-build/assets/Show-Dt1ZvTtF.js                                    11.66 kB │ gzip:   5.14 kB
storage/framework/testing/pkg05-build/assets/dpia-mwdoj0YY.js                                    11.66 kB │ gzip:   4.46 kB
storage/framework/testing/pkg05-build/assets/_dialogs-DWmQBXxh.js                                11.68 kB │ gzip:   4.75 kB
storage/framework/testing/pkg05-build/assets/show-DD_sRc3X.js                                    11.70 kB │ gzip:   5.02 kB
storage/framework/testing/pkg05-build/assets/show-3pzcyPER.js                                    11.80 kB │ gzip:   4.45 kB
storage/framework/testing/pkg05-build/assets/task-Cje01e_I.js                                    11.83 kB │ gzip:   4.87 kB
storage/framework/testing/pkg05-build/assets/Dashboard-CPhzdpVY.js                               11.83 kB │ gzip:   5.05 kB
storage/framework/testing/pkg05-build/assets/Index-C2rMNRp_.js                                   11.86 kB │ gzip:   4.89 kB
storage/framework/testing/pkg05-build/assets/templates-CjSwc8I1.js                               11.86 kB │ gzip:   4.84 kB
storage/framework/testing/pkg05-build/assets/rehire-wizard-HKhhEzHG.js                           11.87 kB │ gzip:   4.49 kB
storage/framework/testing/pkg05-build/assets/_dialogs-Q2fh9M2v.js                                11.88 kB │ gzip:   4.47 kB
storage/framework/testing/pkg05-build/assets/Index-DaRBzhvj.js                                   11.90 kB │ gzip:   4.62 kB
storage/framework/testing/pkg05-build/assets/Index-DPMztSie.js                                   11.91 kB │ gzip:   5.20 kB
storage/framework/testing/pkg05-build/assets/Index-Co7gbOqY.js                                   11.91 kB │ gzip:   5.14 kB
storage/framework/testing/pkg05-build/assets/community-access-TcciMZlp.js                        11.92 kB │ gzip:   4.81 kB
storage/framework/testing/pkg05-build/assets/shift-list-view-COF9YTFE.js                         11.94 kB │ gzip:   4.71 kB
storage/framework/testing/pkg05-build/assets/alerts-config-Boj4Y7W2.js                           11.94 kB │ gzip:   4.58 kB
storage/framework/testing/pkg05-build/assets/Index-DvHEWvZ5.js                                   11.96 kB │ gzip:   5.19 kB
storage/framework/testing/pkg05-build/assets/Index-dQ2bv4qx.js                                   11.96 kB │ gzip:   5.24 kB
storage/framework/testing/pkg05-build/assets/log-notifiable-dialog-BXG-eRJK.js                   11.97 kB │ gzip:   4.40 kB
storage/framework/testing/pkg05-build/assets/Prepare-C8h0H8wT.js                                 11.97 kB │ gzip:   4.89 kB
storage/framework/testing/pkg05-build/assets/healthcare-devices-D9fCILYH.js                      11.99 kB │ gzip:   4.18 kB
storage/framework/testing/pkg05-build/assets/apply-LomMfNYW.js                                   12.00 kB │ gzip:   4.57 kB
storage/framework/testing/pkg05-build/assets/performance-hero-BRHYnOI_.js                        12.00 kB │ gzip:   3.84 kB
storage/framework/testing/pkg05-build/assets/create-template-BUG957io.js                         12.02 kB │ gzip:   4.80 kB
storage/framework/testing/pkg05-build/assets/sign-B3DM2e9O.js                                    12.05 kB │ gzip:   4.74 kB
storage/framework/testing/pkg05-build/assets/profile-VeYbTBkd.js                                 12.05 kB │ gzip:   4.92 kB
storage/framework/testing/pkg05-build/assets/page-hero-oY1Vf4t2.js                               12.05 kB │ gzip:   4.64 kB
storage/framework/testing/pkg05-build/assets/AgedReport-C1VvFpL5.js                              12.07 kB │ gzip:   5.43 kB
storage/framework/testing/pkg05-build/assets/protocol-form-NjwvYB1o.js                           12.08 kB │ gzip:   4.40 kB
storage/framework/testing/pkg05-build/assets/ppe-wizard-C1d5d5T7.js                              12.15 kB │ gzip:   4.98 kB
storage/framework/testing/pkg05-build/assets/assignments-BWdROGfI.js                             12.16 kB │ gzip:   4.89 kB
storage/framework/testing/pkg05-build/assets/Index-CTrNxxDs.js                                   12.17 kB │ gzip:   5.10 kB
storage/framework/testing/pkg05-build/assets/index-C4kWbH4c.js                                   12.18 kB │ gzip:   4.66 kB
storage/framework/testing/pkg05-build/assets/it-ticket-comment-contract-BBENTCa7.js              12.19 kB │ gzip:   3.96 kB
storage/framework/testing/pkg05-build/assets/cards-view-CqWmq5dD.js                              12.20 kB │ gzip:   4.47 kB
storage/framework/testing/pkg05-build/assets/Index-D3OAh_Vq.js                                   12.21 kB │ gzip:   4.97 kB
storage/framework/testing/pkg05-build/assets/_request-dialog-DZxT25AD.js                         12.25 kB │ gzip:   4.61 kB
storage/framework/testing/pkg05-build/assets/_builder-dialog-BvyVTz-k.js                         12.27 kB │ gzip:   4.90 kB
storage/framework/testing/pkg05-build/assets/BalanceSheet-DzUw-92D.js                            12.28 kB │ gzip:   5.13 kB
storage/framework/testing/pkg05-build/assets/Index-D8s_8ALz.js                                   12.31 kB │ gzip:   5.25 kB
storage/framework/testing/pkg05-build/assets/index-D9pK7gJl.js                                   12.32 kB │ gzip:   5.02 kB
storage/framework/testing/pkg05-build/assets/medications-a3ITwwzh.js                             12.35 kB │ gzip:   4.47 kB
storage/framework/testing/pkg05-build/assets/Index-DkAHpWGo.js                                   12.35 kB │ gzip:   4.88 kB
storage/framework/testing/pkg05-build/assets/Index-hkVrA3NJ.js                                   12.38 kB │ gzip:   5.08 kB
storage/framework/testing/pkg05-build/assets/index-SwwnHBLv.js                                   12.39 kB │ gzip:   4.46 kB
storage/framework/testing/pkg05-build/assets/donor-fund-dialog-rTMbYNcK.js                       12.42 kB │ gzip:   4.45 kB
storage/framework/testing/pkg05-build/assets/time-O92Gy4QH.js                                    12.42 kB │ gzip:   5.29 kB
storage/framework/testing/pkg05-build/assets/index-DP32Wzna.js                                   12.43 kB │ gzip:   5.09 kB
storage/framework/testing/pkg05-build/assets/pricing-UVD00RaI.js                                 12.44 kB │ gzip:   3.70 kB
storage/framework/testing/pkg05-build/assets/index-CwRM4esV.js                                   12.45 kB │ gzip:   5.35 kB
storage/framework/testing/pkg05-build/assets/edit-DhbBQmk4.js                                    12.47 kB │ gzip:   4.92 kB
storage/framework/testing/pkg05-build/assets/Index-COHuhOOt.js                                   12.48 kB │ gzip:   5.41 kB
storage/framework/testing/pkg05-build/assets/create-Bp0tgxwp.js                                  12.48 kB │ gzip:   4.86 kB
storage/framework/testing/pkg05-build/assets/index-DRLfy6Rb.js                                   12.49 kB │ gzip:   4.73 kB
storage/framework/testing/pkg05-build/assets/log-obligation-dialog-DnjTlZQ_.js                   12.49 kB │ gzip:   4.70 kB
storage/framework/testing/pkg05-build/assets/facilities-DpmzCpDL.js                              12.49 kB │ gzip:   5.20 kB
storage/framework/testing/pkg05-build/assets/index-Ch1dUAyc.js                                   12.50 kB │ gzip:   4.83 kB
storage/framework/testing/pkg05-build/assets/Index-BOX-PgDx.js                                   12.51 kB │ gzip:   5.39 kB
storage/framework/testing/pkg05-build/assets/head-office-B4zCA4AI.js                             12.51 kB │ gzip:   5.28 kB
storage/framework/testing/pkg05-build/assets/requests-DMcP_j3i.js                                12.52 kB │ gzip:   4.81 kB
storage/framework/testing/pkg05-build/assets/specialist-workspace-header-C40R1vsy.js             12.57 kB │ gzip:   5.56 kB
storage/framework/testing/pkg05-build/assets/_dialogs-DiOLluL6.js                                12.57 kB │ gzip:   5.33 kB
storage/framework/testing/pkg05-build/assets/index-BN5Ly4-q.js                                   12.61 kB │ gzip:   4.47 kB
storage/framework/testing/pkg05-build/assets/index-66ASIHBA.js                                   12.65 kB │ gzip:   4.83 kB
storage/framework/testing/pkg05-build/assets/edit-BWu93dCQ.js                                    12.65 kB │ gzip:   4.78 kB
storage/framework/testing/pkg05-build/assets/index-EtWqi_up.js                                   12.66 kB │ gzip:   5.22 kB
storage/framework/testing/pkg05-build/assets/Trends-CsLLXz5w.js                                  12.67 kB │ gzip:   5.20 kB
storage/framework/testing/pkg05-build/assets/geofence-draw-map-BDb96Fr8.js                       12.68 kB │ gzip:   4.87 kB
storage/framework/testing/pkg05-build/assets/Assignments-DqivHYCo.js                             12.70 kB │ gzip:   5.33 kB
storage/framework/testing/pkg05-build/assets/Diff-B-9c3yVX.js                                    12.70 kB │ gzip:   5.46 kB
storage/framework/testing/pkg05-build/assets/index-Db7xQ7K7.js                                   12.71 kB │ gzip:   4.62 kB
storage/framework/testing/pkg05-build/assets/health-DQMEHxlG.js                                  12.75 kB │ gzip:   4.32 kB
storage/framework/testing/pkg05-build/assets/Review-CsWiUekc.js                                  12.75 kB │ gzip:   4.67 kB
storage/framework/testing/pkg05-build/assets/new-po-dialog-DOT-qiCE.js                           12.75 kB │ gzip:   4.80 kB
storage/framework/testing/pkg05-build/assets/show-C6yB7rwl.js                                    12.76 kB │ gzip:   4.79 kB
storage/framework/testing/pkg05-build/assets/show-V8bDsTcG.js                                    12.77 kB │ gzip:   4.53 kB
storage/framework/testing/pkg05-build/assets/index-CytDVcVN.js                                   12.77 kB │ gzip:   5.01 kB
storage/framework/testing/pkg05-build/assets/builder-B6Zdwi-Q.js                                 12.81 kB │ gzip:   4.88 kB
storage/framework/testing/pkg05-build/assets/Index-C-szxIIK.js                                   12.82 kB │ gzip:   4.77 kB
storage/framework/testing/pkg05-build/assets/Show-7kIsYmpr.js                                    12.85 kB │ gzip:   4.90 kB
storage/framework/testing/pkg05-build/assets/ProfitAndLoss-lBnxTBvQ.js                           12.86 kB │ gzip:   5.15 kB
storage/framework/testing/pkg05-build/assets/ppe-action-dialogs-Dwy2Tjua.js                      12.87 kB │ gzip:   4.37 kB
storage/framework/testing/pkg05-build/assets/Index-udKURfLM.js                                   12.88 kB │ gzip:   5.54 kB
storage/framework/testing/pkg05-build/assets/Index-Bmwyb4FC.js                                   12.88 kB │ gzip:   5.59 kB
storage/framework/testing/pkg05-build/assets/Index-DXPZpm4E.js                                   12.94 kB │ gzip:   5.66 kB
storage/framework/testing/pkg05-build/assets/privacy-Bfm9x2Gz.js                                 12.98 kB │ gzip:   3.81 kB
storage/framework/testing/pkg05-build/assets/index-I-G7SlV3.js                                   13.02 kB │ gzip:   5.46 kB
storage/framework/testing/pkg05-build/assets/Dashboard-BbW-qC2E.js                               13.07 kB │ gzip:   5.46 kB
storage/framework/testing/pkg05-build/assets/Show-BKOUlZ4t.js                                    13.09 kB │ gzip:   5.07 kB
storage/framework/testing/pkg05-build/assets/prn-wizard-Dng5RL0G.js                              13.10 kB │ gzip:   4.99 kB
storage/framework/testing/pkg05-build/assets/show-D-BJ8srT.js                                    13.10 kB │ gzip:   4.94 kB
storage/framework/testing/pkg05-build/assets/Trends-yz-D_cU0.js                                  13.11 kB │ gzip:   5.35 kB
storage/framework/testing/pkg05-build/assets/index-DyJexRIJ.js                                   13.12 kB │ gzip:   5.41 kB
storage/framework/testing/pkg05-build/assets/playbook-wizard-DLjhFOXz.js                         13.16 kB │ gzip:   4.60 kB
storage/framework/testing/pkg05-build/assets/Dashboard-CidesXSw.js                               13.16 kB │ gzip:   4.33 kB
storage/framework/testing/pkg05-build/assets/layout-Cv0n2-Ti.js                                  13.19 kB │ gzip:   4.24 kB
storage/framework/testing/pkg05-build/assets/Index-DOecC0nr.js                                   13.19 kB │ gzip:   5.62 kB
storage/framework/testing/pkg05-build/assets/daily-check-D5jwKBAl.js                             13.21 kB │ gzip:   5.34 kB
storage/framework/testing/pkg05-build/assets/Create-Bz6AYLma.js                                  13.22 kB │ gzip:   5.57 kB
storage/framework/testing/pkg05-build/assets/calendar-BBeWDiEx.js                                13.22 kB │ gzip:   5.26 kB
storage/framework/testing/pkg05-build/assets/plans-BX5xWzaj.js                                   13.23 kB │ gzip:   5.35 kB
storage/framework/testing/pkg05-build/assets/site-detail-BpgBbLJs.js                             13.23 kB │ gzip:   4.50 kB
storage/framework/testing/pkg05-build/assets/alerts-events-BttI30NO.js                           13.25 kB │ gzip:   5.58 kB
storage/framework/testing/pkg05-build/assets/Index-jSKwueB2.js                                   13.27 kB │ gzip:   5.61 kB
storage/framework/testing/pkg05-build/assets/show-B1diCMNH.js                                    13.28 kB │ gzip:   5.11 kB
storage/framework/testing/pkg05-build/assets/reviews-CrQG9qNT.js                                 13.31 kB │ gzip:   5.13 kB
storage/framework/testing/pkg05-build/assets/Index-BVR5-Fes.js                                   13.31 kB │ gzip:   5.56 kB
storage/framework/testing/pkg05-build/assets/messaging-CQc2fqy4.js                               13.33 kB │ gzip:   4.72 kB
storage/framework/testing/pkg05-build/assets/pre-check-BHY2xBiq.js                               13.34 kB │ gzip:   5.00 kB
storage/framework/testing/pkg05-build/assets/goals-path-BK0BdZt3.js                              13.35 kB │ gzip:   5.34 kB
storage/framework/testing/pkg05-build/assets/_dialogs-SdLDjrn7.js                                13.39 kB │ gzip:   4.86 kB
storage/framework/testing/pkg05-build/assets/create-DGImT6MI.js                                  13.39 kB │ gzip:   5.20 kB
storage/framework/testing/pkg05-build/assets/_dialogs-CKIlH_VY.js                                13.39 kB │ gzip:   5.61 kB
storage/framework/testing/pkg05-build/assets/HealthMonitoring-B_sVW_ER.js                        13.40 kB │ gzip:   4.87 kB
storage/framework/testing/pkg05-build/assets/Index-BA7bowQ0.js                                   13.44 kB │ gzip:   5.87 kB
storage/framework/testing/pkg05-build/assets/_audit-dialog-D24tfi72.js                           13.46 kB │ gzip:   5.40 kB
storage/framework/testing/pkg05-build/assets/timesheet-review-CHRr72oV.js                        13.46 kB │ gzip:   5.02 kB
storage/framework/testing/pkg05-build/assets/_ledger-panel-DRYnZIg4.js                           13.46 kB │ gzip:   4.24 kB
storage/framework/testing/pkg05-build/assets/unassign-make-open-dialog-BoGWklgx.js               13.47 kB │ gzip:   5.09 kB
storage/framework/testing/pkg05-build/assets/about-QpLP4heL.js                                   13.50 kB │ gzip:   3.49 kB
storage/framework/testing/pkg05-build/assets/houses-BFyhcbwY.js                                  13.55 kB │ gzip:   5.66 kB
storage/framework/testing/pkg05-build/assets/digest-panel-DTCT6VlP.js                            13.56 kB │ gzip:   4.80 kB
storage/framework/testing/pkg05-build/assets/expenses-DRuar-6u.js                                13.57 kB │ gzip:   5.24 kB
storage/framework/testing/pkg05-build/assets/index-BV-PYxvY.js                                   13.57 kB │ gzip:   5.79 kB
storage/framework/testing/pkg05-build/assets/edit-template-ZPU-rX4x.js                           13.58 kB │ gzip:   5.46 kB
storage/framework/testing/pkg05-build/assets/client-B8yLke-E.js                                  13.61 kB │ gzip:   3.89 kB
storage/framework/testing/pkg05-build/assets/Index-nvc_33NZ.js                                   13.62 kB │ gzip:   5.89 kB
storage/framework/testing/pkg05-build/assets/my-day-hero-DXCgi6ec.js                             13.65 kB │ gzip:   5.96 kB
storage/framework/testing/pkg05-build/assets/MyInterests-D3dY8q3E.js                             13.68 kB │ gzip:   5.80 kB
storage/framework/testing/pkg05-build/assets/Index-B9AZE2-i.js                                   13.69 kB │ gzip:   5.97 kB
storage/framework/testing/pkg05-build/assets/_dialogs-D08XNfoZ.js                                13.70 kB │ gzip:   5.13 kB
storage/framework/testing/pkg05-build/assets/terminology-MPaCE7zl.js                             13.71 kB │ gzip:   4.20 kB
storage/framework/testing/pkg05-build/assets/documents-BbqRXi4U.js                               13.72 kB │ gzip:   5.47 kB
storage/framework/testing/pkg05-build/assets/by-house-C8_updH7.js                                13.72 kB │ gzip:   4.84 kB
storage/framework/testing/pkg05-build/assets/Index-DlQtmx_9.js                                   13.79 kB │ gzip:   5.81 kB
storage/framework/testing/pkg05-build/assets/Index-DD1TDB1K.js                                   13.82 kB │ gzip:   5.47 kB
storage/framework/testing/pkg05-build/assets/Index-DbR2S1um.js                                   13.85 kB │ gzip:   5.60 kB
storage/framework/testing/pkg05-build/assets/Committee-CCV4QSwJ.js                               13.86 kB │ gzip:   6.01 kB
storage/framework/testing/pkg05-build/assets/date-picker-DGsaLWPy.js                             13.88 kB │ gzip:   5.40 kB
storage/framework/testing/pkg05-build/assets/_recipe-edit-dialog-DANJlxLS.js                     13.90 kB │ gzip:   4.70 kB
storage/framework/testing/pkg05-build/assets/timeline-tab-B7-5Elx8.js                            13.94 kB │ gzip:   4.93 kB
storage/framework/testing/pkg05-build/assets/Show-BRe-zF2I.js                                    14.00 kB │ gzip:   6.03 kB
storage/framework/testing/pkg05-build/assets/map-uof1KHvt.js                                     14.00 kB │ gzip:   5.81 kB
storage/framework/testing/pkg05-build/assets/create-CN5ElU1o.js                                  14.05 kB │ gzip:   5.35 kB
storage/framework/testing/pkg05-build/assets/show-CPgJmgeF.js                                    14.09 kB │ gzip:   5.08 kB
storage/framework/testing/pkg05-build/assets/show-X9CtdOn3.js                                    14.12 kB │ gzip:   4.73 kB
storage/framework/testing/pkg05-build/assets/holidays-BZJC9D1M.js                                14.12 kB │ gzip:   5.77 kB
storage/framework/testing/pkg05-build/assets/Show-D3Kf8aG9.js                                    14.12 kB │ gzip:   5.51 kB
storage/framework/testing/pkg05-build/assets/Attestations-bIVc1_wA.js                            14.12 kB │ gzip:   5.82 kB
storage/framework/testing/pkg05-build/assets/index-C8xHPBb6.js                                   14.16 kB │ gzip:   5.39 kB
storage/framework/testing/pkg05-build/assets/Index-BnDLtG_2.js                                   14.20 kB │ gzip:   6.21 kB
storage/framework/testing/pkg05-build/assets/audit-log-Cj56i7wC.js                               14.21 kB │ gzip:   5.75 kB
storage/framework/testing/pkg05-build/assets/_dialog-shared-CyGH5G3P.js                          14.22 kB │ gzip:   5.46 kB
storage/framework/testing/pkg05-build/assets/new-vendor-dialog-ByGYJixE.js                       14.25 kB │ gzip:   4.76 kB
storage/framework/testing/pkg05-build/assets/Terminals-BzmIiP6H.js                               14.31 kB │ gzip:   5.93 kB
storage/framework/testing/pkg05-build/assets/task-detail-dialog-DpivT2Le.js                      14.34 kB │ gzip:   4.80 kB
storage/framework/testing/pkg05-build/assets/Statements-Cn4-Yfjd.js                              14.39 kB │ gzip:   5.89 kB
storage/framework/testing/pkg05-build/assets/trends-8fjAOe6v.js                                  14.40 kB │ gzip:   4.82 kB
storage/framework/testing/pkg05-build/assets/Index-BVscEU8u.js                                   14.41 kB │ gzip:   6.18 kB
storage/framework/testing/pkg05-build/assets/workflow-BcVyn3YD.js                                14.41 kB │ gzip:   5.91 kB
storage/framework/testing/pkg05-build/assets/survey-RarPEkbg.js                                  14.44 kB │ gzip:   4.77 kB
storage/framework/testing/pkg05-build/assets/index-B2Yi-1Kh.js                                   14.45 kB │ gzip:   5.39 kB
storage/framework/testing/pkg05-build/assets/Index-CeNbiZn8.js                                   14.47 kB │ gzip:   6.20 kB
storage/framework/testing/pkg05-build/assets/mar-BXMei8df.js                                     14.48 kB │ gzip:   3.92 kB
storage/framework/testing/pkg05-build/assets/Create-W6CSFrFJ.js                                  14.48 kB │ gzip:   5.67 kB
storage/framework/testing/pkg05-build/assets/index-CDmL4H7b.js                                   14.48 kB │ gzip:   5.80 kB
storage/framework/testing/pkg05-build/assets/Index-BvUT39Nx.js                                   14.49 kB │ gzip:   6.39 kB
storage/framework/testing/pkg05-build/assets/Index-C4OHpSpq.js                                   14.51 kB │ gzip:   6.04 kB
storage/framework/testing/pkg05-build/assets/global-DwMt8Sck.js                                  14.59 kB │ gzip:   5.52 kB
storage/framework/testing/pkg05-build/assets/Financials-Da0C9ER4.js                              14.61 kB │ gzip:   5.75 kB
storage/framework/testing/pkg05-build/assets/_commercial-D7BNplRN.js                             14.62 kB │ gzip:   5.38 kB
storage/framework/testing/pkg05-build/assets/_dialogs-DfS-VJ6F.js                                14.63 kB │ gzip:   5.82 kB
storage/framework/testing/pkg05-build/assets/index-y3N8qYgC.js                                   14.64 kB │ gzip:   5.57 kB
storage/framework/testing/pkg05-build/assets/matrix-DqGuHVwJ.js                                  14.74 kB │ gzip:   5.92 kB
storage/framework/testing/pkg05-build/assets/record-evidence-dialog-aRUiBkEK.js                  14.75 kB │ gzip:   5.98 kB
storage/framework/testing/pkg05-build/assets/_dialogs-BS7Jnuju.js                                14.75 kB │ gzip:   5.61 kB
storage/framework/testing/pkg05-build/assets/show-C_BhUrhG.js                                    14.76 kB │ gzip:   5.72 kB
storage/framework/testing/pkg05-build/assets/my-tasks-BLxHvXl8.js                                14.76 kB │ gzip:   5.78 kB
storage/framework/testing/pkg05-build/assets/run-DLHqtPMQ.js                                     14.76 kB │ gzip:   5.47 kB
storage/framework/testing/pkg05-build/assets/index-CtChWRI1.js                                   14.77 kB │ gzip:   6.13 kB
storage/framework/testing/pkg05-build/assets/playback-BjWzzMwf.js                                14.79 kB │ gzip:   5.82 kB
storage/framework/testing/pkg05-build/assets/index-B2DXUqMR.js                                   14.79 kB │ gzip:   5.80 kB
storage/framework/testing/pkg05-build/assets/Show-Bj0SHdjh.js                                    14.82 kB │ gzip:   5.87 kB
storage/framework/testing/pkg05-build/assets/new-bill-dialog-CYwt1WHy.js                         14.83 kB │ gzip:   5.31 kB
storage/framework/testing/pkg05-build/assets/Show-CTPhaljb.js                                    14.86 kB │ gzip:   6.08 kB
storage/framework/testing/pkg05-build/assets/reports-BCevSEBN.js                                 14.91 kB │ gzip:   5.17 kB
storage/framework/testing/pkg05-build/assets/Index-9i6yk-bN.js                                   14.95 kB │ gzip:   5.52 kB
storage/framework/testing/pkg05-build/assets/show-BTgnx9EF.js                                    14.95 kB │ gzip:   5.49 kB
storage/framework/testing/pkg05-build/assets/CashFlow-DttoJBDc.js                                14.97 kB │ gzip:   5.89 kB
storage/framework/testing/pkg05-build/assets/Create-Bywy1WLr.js                                  14.98 kB │ gzip:   4.94 kB
storage/framework/testing/pkg05-build/assets/index-D8jGyiJQ.js                                   14.98 kB │ gzip:   6.05 kB
storage/framework/testing/pkg05-build/assets/Results-X-D6yto3.js                                 15.02 kB │ gzip:   6.26 kB
storage/framework/testing/pkg05-build/assets/portal-users-L0sbwEmz.js                            15.03 kB │ gzip:   6.22 kB
storage/framework/testing/pkg05-build/assets/edit-DS0ocr8T.js                                    15.08 kB │ gzip:   5.88 kB
storage/framework/testing/pkg05-build/assets/sso-groups-Bwuqj22v.js                              15.11 kB │ gzip:   5.61 kB
storage/framework/testing/pkg05-build/assets/custom-fields-DpQIXi0v.js                           15.11 kB │ gzip:   6.13 kB
storage/framework/testing/pkg05-build/assets/index-BB45LQGE.js                                   15.14 kB │ gzip:   6.22 kB
storage/framework/testing/pkg05-build/assets/command-centre-hero-KdOM15fz.js                     15.18 kB │ gzip:   6.16 kB
storage/framework/testing/pkg05-build/assets/Show-BfUdyXJg.js                                    15.20 kB │ gzip:   6.40 kB
storage/framework/testing/pkg05-build/assets/overview-CN88gAG4.js                                15.26 kB │ gzip:   5.52 kB
storage/framework/testing/pkg05-build/assets/BatchDetail-CgnobdoM.js                             15.27 kB │ gzip:   5.90 kB
storage/framework/testing/pkg05-build/assets/create-DNhD4i0h.js                                  15.31 kB │ gzip:   5.59 kB
storage/framework/testing/pkg05-build/assets/terms-BOgp1IQV.js                                   15.36 kB │ gzip:   4.45 kB
storage/framework/testing/pkg05-build/assets/Index-CFWkTaZX.js                                   15.37 kB │ gzip:   6.33 kB
storage/framework/testing/pkg05-build/assets/Roles-CXcK2nTK.js                                   15.39 kB │ gzip:   4.83 kB
storage/framework/testing/pkg05-build/assets/edit-DGwU0zqo.js                                    15.39 kB │ gzip:   6.08 kB
storage/framework/testing/pkg05-build/assets/contact-B2bIwhoU.js                                 15.42 kB │ gzip:   4.92 kB
storage/framework/testing/pkg05-build/assets/Show-BCJWQLGd.js                                    15.47 kB │ gzip:   6.00 kB
storage/framework/testing/pkg05-build/assets/Index-ujHuKtig.js                                   15.47 kB │ gzip:   6.56 kB
storage/framework/testing/pkg05-build/assets/show-BE_g6CQ2.js                                    15.53 kB │ gzip:   5.81 kB
storage/framework/testing/pkg05-build/assets/record-event-dialog-Car9MncB.js                     15.54 kB │ gzip:   5.97 kB
storage/framework/testing/pkg05-build/assets/staff-detail-vEfDw1yo.js                            15.55 kB │ gzip:   5.92 kB
storage/framework/testing/pkg05-build/assets/bonuses-rf4P9h5j.js                                 15.55 kB │ gzip:   6.30 kB
storage/framework/testing/pkg05-build/assets/reports-ja4-ZK3j.js                                 15.60 kB │ gzip:   5.96 kB
storage/framework/testing/pkg05-build/assets/payslips-Bhkt2o5W.js                                15.62 kB │ gzip:   5.66 kB
storage/framework/testing/pkg05-build/assets/shift-detail-dialog-aZizmRpD.js                     15.63 kB │ gzip:   6.05 kB
storage/framework/testing/pkg05-build/assets/daily-note-wizard-DYkQEgdm.js                       15.63 kB │ gzip:   4.79 kB
storage/framework/testing/pkg05-build/assets/index-ChOMn4Y2.js                                   15.64 kB │ gzip:   6.36 kB
storage/framework/testing/pkg05-build/assets/profile-BRg2YqId.js                                 15.70 kB │ gzip:   5.61 kB
storage/framework/testing/pkg05-build/assets/Index-Bhp6WtoK.js                                   15.72 kB │ gzip:   6.33 kB
storage/framework/testing/pkg05-build/assets/Show-riSCdVhq.js                                    15.75 kB │ gzip:   6.33 kB
storage/framework/testing/pkg05-build/assets/webhooks-B03ngPqa.js                                15.76 kB │ gzip:   5.40 kB
storage/framework/testing/pkg05-build/assets/BudgetVsActuals-CobSYVEx.js                         15.76 kB │ gzip:   6.09 kB
storage/framework/testing/pkg05-build/assets/Heatmap-gs-tvZMn.js                                 15.86 kB │ gzip:   6.68 kB
storage/framework/testing/pkg05-build/assets/my-hr-shoutout-spotlight-BJs8O29Y.js                15.87 kB │ gzip:   5.91 kB
storage/framework/testing/pkg05-build/assets/Batches-CGXLaDIK.js                                 15.88 kB │ gzip:   6.53 kB
storage/framework/testing/pkg05-build/assets/review-detail-CstFWuA1.js                           15.89 kB │ gzip:   6.33 kB
storage/framework/testing/pkg05-build/assets/index-CSgNl3JE.js                                   15.95 kB │ gzip:   6.63 kB
storage/framework/testing/pkg05-build/assets/maintenance-health-COwqwYe9.js                      15.98 kB │ gzip:   6.30 kB
storage/framework/testing/pkg05-build/assets/Index-Bv1RRGJb.js                                   15.99 kB │ gzip:   6.26 kB
storage/framework/testing/pkg05-build/assets/audit-p7qdOOi8.js                                   16.04 kB │ gzip:   5.96 kB
storage/framework/testing/pkg05-build/assets/Index-BrGvL-F3.js                                   16.05 kB │ gzip:   6.83 kB
storage/framework/testing/pkg05-build/assets/record-dose-wizard-Cyqczud8.js                      16.05 kB │ gzip:   5.37 kB
storage/framework/testing/pkg05-build/assets/record-receipt-dialog-BJkulcYj.js                   16.12 kB │ gzip:   5.58 kB
storage/framework/testing/pkg05-build/assets/leaflet-map-DNG_F6r5.js                             16.13 kB │ gzip:   5.72 kB
storage/framework/testing/pkg05-build/assets/index-Bu_ro5Mn.js                                   16.14 kB │ gzip:   6.43 kB
storage/framework/testing/pkg05-build/assets/policy-wizards-nkmpRggN.js                          16.17 kB │ gzip:   5.57 kB
storage/framework/testing/pkg05-build/assets/Index-BRMtfbGO.js                                   16.27 kB │ gzip:   6.84 kB
storage/framework/testing/pkg05-build/assets/matrix-x3JElePT.js                                  16.28 kB │ gzip:   6.33 kB
storage/framework/testing/pkg05-build/assets/appearance-CsmhaD4b.js                              16.30 kB │ gzip:   5.00 kB
storage/framework/testing/pkg05-build/assets/incidents-CsBYbj3K.js                               16.32 kB │ gzip:   6.03 kB
storage/framework/testing/pkg05-build/assets/risk-management-CLUj-wc1.js                         16.35 kB │ gzip:   6.27 kB
storage/framework/testing/pkg05-build/assets/Assessments-DwRTPoI0.js                             16.39 kB │ gzip:   6.43 kB
storage/framework/testing/pkg05-build/assets/Show-DFFA2IKs.js                                    16.39 kB │ gzip:   6.43 kB
storage/framework/testing/pkg05-build/assets/record-abc-dialog-DfEZGqAD.js                       16.39 kB │ gzip:   5.81 kB
storage/framework/testing/pkg05-build/assets/Index-BHqnSsgi.js                                   16.41 kB │ gzip:   6.34 kB
storage/framework/testing/pkg05-build/assets/breaches-CeU8r7DW.js                                16.42 kB │ gzip:   5.76 kB
storage/framework/testing/pkg05-build/assets/RunResults-ntNt4e-p.js                              16.44 kB │ gzip:   6.17 kB
storage/framework/testing/pkg05-build/assets/index-B5eCAZo3.js                                   16.48 kB │ gzip:   6.61 kB
storage/framework/testing/pkg05-build/assets/show-CPiQuyxj.js                                    16.49 kB │ gzip:   6.59 kB
storage/framework/testing/pkg05-build/assets/Settings-Dl20bTPP.js                                16.55 kB │ gzip:   6.21 kB
storage/framework/testing/pkg05-build/assets/show-BUwe4LBo.js                                    16.56 kB │ gzip:   5.62 kB
storage/framework/testing/pkg05-build/assets/Show-0U-1CvIf.js                                    16.59 kB │ gzip:   6.54 kB
storage/framework/testing/pkg05-build/assets/notification-defaults-DFs6gsk0.js                   16.62 kB │ gzip:   5.92 kB
storage/framework/testing/pkg05-build/assets/index-B6_R9n8n.js                                   16.66 kB │ gzip:   6.48 kB
storage/framework/testing/pkg05-build/assets/Index-DGn7pk0l.js                                   16.68 kB │ gzip:   6.63 kB
storage/framework/testing/pkg05-build/assets/observations-BJ70FDYd.js                            16.70 kB │ gzip:   6.20 kB
storage/framework/testing/pkg05-build/assets/location-D1WvR0zJ.js                                16.73 kB │ gzip:   6.02 kB
storage/framework/testing/pkg05-build/assets/Show-BhXxv99O.js                                    16.81 kB │ gzip:   6.97 kB
storage/framework/testing/pkg05-build/assets/charts-Dlt_vTET.js                                  16.83 kB │ gzip:   5.55 kB
storage/framework/testing/pkg05-build/assets/Protocols-DyB-KzdK.js                               16.86 kB │ gzip:   6.23 kB
storage/framework/testing/pkg05-build/assets/documents-Cd5HA3ko.js                               16.86 kB │ gzip:   6.67 kB
storage/framework/testing/pkg05-build/assets/leave-BQSduNx0.js                                   16.88 kB │ gzip:   7.06 kB
storage/framework/testing/pkg05-build/assets/Index-mxQ-VpAR.js                                   16.88 kB │ gzip:   6.91 kB
storage/framework/testing/pkg05-build/assets/Show-B0ZhRhiy.js                                    16.88 kB │ gzip:   5.83 kB
storage/framework/testing/pkg05-build/assets/Index-E0N4GetM.js                                   16.89 kB │ gzip:   6.96 kB
storage/framework/testing/pkg05-build/assets/note-detail-dialog-isJ6KZx1.js                      16.91 kB │ gzip:   5.80 kB
storage/framework/testing/pkg05-build/assets/api-VxJR0ce8.js                                     16.93 kB │ gzip:   5.16 kB
storage/framework/testing/pkg05-build/assets/Index-M1aqVkmq.js                                   16.99 kB │ gzip:   6.66 kB
storage/framework/testing/pkg05-build/assets/cost-allocation-BjWHI9-o.js                         17.07 kB │ gzip:   6.11 kB
storage/framework/testing/pkg05-build/assets/edit-UxRhiKgY.js                                    17.11 kB │ gzip:   6.32 kB
storage/framework/testing/pkg05-build/assets/family-notes-BiCbUALp.js                            17.12 kB │ gzip:   6.35 kB
storage/framework/testing/pkg05-build/assets/index-Diu9pjBh.js                                   17.12 kB │ gzip:   6.69 kB
storage/framework/testing/pkg05-build/assets/Index-BnvzO8YO.js                                   17.16 kB │ gzip:   6.20 kB
storage/framework/testing/pkg05-build/assets/Index-CvIt331H.js                                   17.21 kB │ gzip:   7.10 kB
storage/framework/testing/pkg05-build/assets/create-DQErLRC1.js                                  17.21 kB │ gzip:   6.02 kB
storage/framework/testing/pkg05-build/assets/maintenance-Bw92jt8o.js                             17.29 kB │ gzip:   6.48 kB
storage/framework/testing/pkg05-build/assets/leave-hub-tabs-C7sRZjUq.js                          17.30 kB │ gzip:   5.81 kB
storage/framework/testing/pkg05-build/assets/_dialogs-BvKCuvXa.js                                17.31 kB │ gzip:   6.48 kB
storage/framework/testing/pkg05-build/assets/worklists-BeYbZEwk.js                               17.31 kB │ gzip:   5.88 kB
storage/framework/testing/pkg05-build/assets/Index-C7_9GLre.js                                   17.34 kB │ gzip:   7.24 kB
storage/framework/testing/pkg05-build/assets/week-picker-CMAiR-KE.js                             17.40 kB │ gzip:   6.73 kB
storage/framework/testing/pkg05-build/assets/view-timesheet-dialog-DxINvhw-.js                   17.49 kB │ gzip:   4.84 kB
storage/framework/testing/pkg05-build/assets/handover-detail-dialog-DAkL-RXq.js                  17.50 kB │ gzip:   5.94 kB
storage/framework/testing/pkg05-build/assets/Index-Di6bB4OK.js                                   17.63 kB │ gzip:   7.49 kB
storage/framework/testing/pkg05-build/assets/index-BOIJNAIy.js                                   17.63 kB │ gzip:   6.72 kB
storage/framework/testing/pkg05-build/assets/index-CRQJE9Qv.js                                   17.64 kB │ gzip:   5.93 kB
storage/framework/testing/pkg05-build/assets/_overview-dialogs-Bg5GEtER.js                       17.65 kB │ gzip:   5.35 kB
storage/framework/testing/pkg05-build/assets/show-DpZ37clw.js                                    17.71 kB │ gzip:   4.43 kB
storage/framework/testing/pkg05-build/assets/edit-CGP06Dbu.js                                    17.87 kB │ gzip:   6.46 kB
storage/framework/testing/pkg05-build/assets/substance-wizard-dialog-BDY4DKpD.js                 17.90 kB │ gzip:   6.30 kB
storage/framework/testing/pkg05-build/assets/index-TzZ47--F.js                                   17.90 kB │ gzip:   6.91 kB
storage/framework/testing/pkg05-build/assets/show-bWTfu2EP.js                                    17.91 kB │ gzip:   6.40 kB
storage/framework/testing/pkg05-build/assets/Index-CgjS_ceH.js                                   17.97 kB │ gzip:   7.35 kB
storage/framework/testing/pkg05-build/assets/security-CrT_8_Mc.js                                17.99 kB │ gzip:   6.21 kB
storage/framework/testing/pkg05-build/assets/reports-CrPAPEi_.js                                 18.01 kB │ gzip:   6.32 kB
storage/framework/testing/pkg05-build/assets/Show-B60eQaZd.js                                    18.02 kB │ gzip:   6.08 kB
storage/framework/testing/pkg05-build/assets/Index-DkziQKwa.js                                   18.02 kB │ gzip:   7.31 kB
storage/framework/testing/pkg05-build/assets/show-XbLv1y18.js                                    18.02 kB │ gzip:   6.62 kB
storage/framework/testing/pkg05-build/assets/show-cf_Ut3Ea.js                                    18.03 kB │ gzip:   6.57 kB
storage/framework/testing/pkg05-build/assets/index-Btv0s268.js                                   18.07 kB │ gzip:   2.18 kB
storage/framework/testing/pkg05-build/assets/health-clinical-shell-s_ijxnQW.js                   18.07 kB │ gzip:   7.17 kB
storage/framework/testing/pkg05-build/assets/index-BGhOhAj-.js                                   18.07 kB │ gzip:   4.73 kB
storage/framework/testing/pkg05-build/assets/shift-coverage-idmbBaQi.js                          18.17 kB │ gzip:   6.42 kB
storage/framework/testing/pkg05-build/assets/Show-7z9QwfK8.js                                    18.20 kB │ gzip:   7.00 kB
storage/framework/testing/pkg05-build/assets/Show-eOEryZZu.js                                    18.21 kB │ gzip:   7.34 kB
storage/framework/testing/pkg05-build/assets/daily-notes-BYFSY72r.js                             18.21 kB │ gzip:   6.72 kB
storage/framework/testing/pkg05-build/assets/_dialogs-CAjfRM0X.js                                18.24 kB │ gzip:   6.69 kB
storage/framework/testing/pkg05-build/assets/payslip-detail-BP7gj50j.js                          18.24 kB │ gzip:   6.09 kB
storage/framework/testing/pkg05-build/assets/dashboard-BULyRjIt.js                               18.25 kB │ gzip:   6.95 kB
storage/framework/testing/pkg05-build/assets/Edit-BSTtGipt.js                                    18.26 kB │ gzip:   6.97 kB
storage/framework/testing/pkg05-build/assets/book-vehicle-wizard-aJR9el2K.js                     18.31 kB │ gzip:   5.54 kB
storage/framework/testing/pkg05-build/assets/index-BmD4wihU.js                                   18.32 kB │ gzip:   7.21 kB
storage/framework/testing/pkg05-build/assets/Show-D-KU-IUQ.js                                    18.36 kB │ gzip:   7.15 kB
storage/framework/testing/pkg05-build/assets/Show-lQVrrdA9.js                                    18.45 kB │ gzip:   7.41 kB
storage/framework/testing/pkg05-build/assets/announcement-wizard-CbeqIP10.js                     18.46 kB │ gzip:   6.36 kB
storage/framework/testing/pkg05-build/assets/index-ntJ3x-cy.js                                   18.52 kB │ gzip:   6.53 kB
storage/framework/testing/pkg05-build/assets/schedule-C9zMoZCv.js                                18.62 kB │ gzip:   6.37 kB
storage/framework/testing/pkg05-build/assets/directory-u3YuGC4P.js                               18.62 kB │ gzip:   6.30 kB
storage/framework/testing/pkg05-build/assets/create-wizard-Dwlx9saS.js                           18.69 kB │ gzip:   6.51 kB
storage/framework/testing/pkg05-build/assets/index-Jx_1rFTQ.js                                   18.71 kB │ gzip:   7.23 kB
storage/framework/testing/pkg05-build/assets/show-B2xjN2i2.js                                    18.75 kB │ gzip:   6.83 kB
storage/framework/testing/pkg05-build/assets/chains-7ngoUdqA.js                                  18.79 kB │ gzip:   6.61 kB
storage/framework/testing/pkg05-build/assets/ppe-detail-dialog-B2O4UWpu.js                       18.80 kB │ gzip:   6.40 kB
storage/framework/testing/pkg05-build/assets/show-review-Bk3ZKMLQ.js                             18.85 kB │ gzip:   6.81 kB
storage/framework/testing/pkg05-build/assets/_recipes-panel-80DgQdlv.js                          18.90 kB │ gzip:   6.01 kB
storage/framework/testing/pkg05-build/assets/audit-logs-D6ekazE7.js                              18.92 kB │ gzip:   7.15 kB
storage/framework/testing/pkg05-build/assets/_dialogs-CetCDYTZ.js                                19.07 kB │ gzip:   6.16 kB
storage/framework/testing/pkg05-build/assets/goals-C10i1YEG.js                                   19.23 kB │ gzip:   6.68 kB
storage/framework/testing/pkg05-build/assets/integrations-DMlsiJIn.js                            19.25 kB │ gzip:   6.65 kB
storage/framework/testing/pkg05-build/assets/show-B3sg4VlD.js                                    19.26 kB │ gzip:   7.10 kB
storage/framework/testing/pkg05-build/assets/edit-DbbpN223.js                                    19.30 kB │ gzip:   6.88 kB
storage/framework/testing/pkg05-build/assets/two-factor-0HkE3KdC.js                              19.33 kB │ gzip:   7.18 kB
storage/framework/testing/pkg05-build/assets/index-8FqsZV9J.js                                   19.36 kB │ gzip:   6.63 kB
storage/framework/testing/pkg05-build/assets/_dialogs-vfR7cdRD.js                                19.43 kB │ gzip:   7.21 kB
storage/framework/testing/pkg05-build/assets/escalations-CNJ9oU8f.js                             19.51 kB │ gzip:   8.13 kB
storage/framework/testing/pkg05-build/assets/_templates-panel-C8URExjH.js                        19.54 kB │ gzip:   6.00 kB
storage/framework/testing/pkg05-build/assets/calendar-sync-Bl3oqBC-.js                           19.54 kB │ gzip:   7.40 kB
storage/framework/testing/pkg05-build/assets/index-BjcT9TYW.js                                   19.56 kB │ gzip:   7.46 kB
storage/framework/testing/pkg05-build/assets/Shifts-D2DH7JCC.js                                  19.56 kB │ gzip:   7.12 kB
storage/framework/testing/pkg05-build/assets/show-C82xwwrg.js                                    19.62 kB │ gzip:   6.79 kB
storage/framework/testing/pkg05-build/assets/training-CsA9g4O5.js                                19.64 kB │ gzip:   6.51 kB
storage/framework/testing/pkg05-build/assets/Index-P_yjtaHn.js                                   19.68 kB │ gzip:   8.22 kB
storage/framework/testing/pkg05-build/assets/show-BcV95v6o.js                                    19.69 kB │ gzip:   7.44 kB
storage/framework/testing/pkg05-build/assets/Behaviour-DUIyJngp.js                               19.81 kB │ gzip:   6.96 kB
storage/framework/testing/pkg05-build/assets/Show-5q1M4Y4F.js                                    19.82 kB │ gzip:   7.80 kB
storage/framework/testing/pkg05-build/assets/Show-CqyGPzuZ.js                                    19.89 kB │ gzip:   7.67 kB
storage/framework/testing/pkg05-build/assets/index-nwuPmwbg.js                                   19.92 kB │ gzip:   7.76 kB
storage/framework/testing/pkg05-build/assets/_dialogs-DenIzNJF.js                                19.97 kB │ gzip:   7.02 kB
storage/framework/testing/pkg05-build/assets/features-C_oCNBGA.js                                19.98 kB │ gzip:   5.23 kB
storage/framework/testing/pkg05-build/assets/Show-rfiCer1h.js                                    20.00 kB │ gzip:   7.72 kB
storage/framework/testing/pkg05-build/assets/index-Bg3NXqEu.js                                   20.01 kB │ gzip:   7.41 kB
storage/framework/testing/pkg05-build/assets/edit-BtrVjdP4.js                                    20.21 kB │ gzip:   7.52 kB
storage/framework/testing/pkg05-build/assets/broadcast-CB0wQkHg.js                               20.27 kB │ gzip:   7.81 kB
storage/framework/testing/pkg05-build/assets/dashboard-CTmF3mQv.js                               20.30 kB │ gzip:   7.52 kB
storage/framework/testing/pkg05-build/assets/index-DHs7Utgr.js                                   20.30 kB │ gzip:   7.33 kB
storage/framework/testing/pkg05-build/assets/index-CZdNkKoQ.js                                   20.32 kB │ gzip:   7.06 kB
storage/framework/testing/pkg05-build/assets/stats-Bap3lBIV.js                                   20.34 kB │ gzip:   6.49 kB
storage/framework/testing/pkg05-build/assets/fixed-asset-dispose-dialog-CLR0JBbP.js              20.44 kB │ gzip:   6.68 kB
storage/framework/testing/pkg05-build/assets/show-BY9hHX-w.js                                    20.52 kB │ gzip:   7.55 kB
storage/framework/testing/pkg05-build/assets/note-wizard-Bed20fZz.js                             20.54 kB │ gzip:   6.60 kB
storage/framework/testing/pkg05-build/assets/_library-dialogs-BGuqAGWk.js                        20.59 kB │ gzip:   5.61 kB
storage/framework/testing/pkg05-build/assets/medications-CgcmGCDb.js                             20.61 kB │ gzip:   7.22 kB
storage/framework/testing/pkg05-build/assets/shifts-DGnYpRkn.js                                  20.62 kB │ gzip:   6.78 kB
storage/framework/testing/pkg05-build/assets/_error-dialogs-DH03saVS.js                          20.68 kB │ gzip:   7.30 kB
storage/framework/testing/pkg05-build/assets/calendar-BGU8b_pk.js                                20.77 kB │ gzip:   6.77 kB
storage/framework/testing/pkg05-build/assets/shift-notes-dialog-CK-DpCpe.js                      20.84 kB │ gzip:   7.80 kB
storage/framework/testing/pkg05-build/assets/Index-BoA21web.js                                   20.96 kB │ gzip:   8.68 kB
storage/framework/testing/pkg05-build/assets/record-observation-dialog-Bec24z6F.js               20.96 kB │ gzip:   8.11 kB
storage/framework/testing/pkg05-build/assets/show-DnONwxYQ.js                                    20.97 kB │ gzip:   7.11 kB
storage/framework/testing/pkg05-build/assets/history-lZamjODu.js                                 20.99 kB │ gzip:   7.28 kB
storage/framework/testing/pkg05-build/assets/index-BoTgu6oK.js                                   21.02 kB │ gzip:   8.59 kB
storage/framework/testing/pkg05-build/assets/create-ROdhPYjy.js                                  21.06 kB │ gzip:   6.07 kB
storage/framework/testing/pkg05-build/assets/index-05Z3sQxg.js                                   21.10 kB │ gzip:   7.69 kB
storage/framework/testing/pkg05-build/assets/map-DlhaPA__.js                                     21.11 kB │ gzip:   6.60 kB
storage/framework/testing/pkg05-build/assets/add-device-dialog-DwtO1Lvq.js                       21.12 kB │ gzip:   7.34 kB
storage/framework/testing/pkg05-build/assets/balances-D50GC71v.js                                21.13 kB │ gzip:   8.49 kB
storage/framework/testing/pkg05-build/assets/Show-BpppMYon.js                                    21.19 kB │ gzip:   8.07 kB
storage/framework/testing/pkg05-build/assets/create-Bx9W17aD.js                                  21.22 kB │ gzip:   7.13 kB
storage/framework/testing/pkg05-build/assets/show-BE_cL-Yt.js                                    21.32 kB │ gzip:   7.52 kB
storage/framework/testing/pkg05-build/assets/show-ZnTNGEZe.js                                    21.36 kB │ gzip:   7.78 kB
storage/framework/testing/pkg05-build/assets/index-CQ2WoFBm.js                                   21.61 kB │ gzip:   7.38 kB
storage/framework/testing/pkg05-build/assets/_dialogs-DG6Nema3.js                                21.64 kB │ gzip:   7.66 kB
storage/framework/testing/pkg05-build/assets/parts-ANeXUFbu.js                                   21.65 kB │ gzip:   6.77 kB
storage/framework/testing/pkg05-build/assets/Events-Csu1JY7G.js                                  21.70 kB │ gzip:   7.98 kB
storage/framework/testing/pkg05-build/assets/Index-BvN2Eysz.js                                   21.73 kB │ gzip:   8.36 kB
storage/framework/testing/pkg05-build/assets/performance-wizards-D2ct3Z8R.js                     21.79 kB │ gzip:   7.45 kB
storage/framework/testing/pkg05-build/assets/add-evidence-dialog-D5oQ-fAN.js                     21.88 kB │ gzip:   8.67 kB
storage/framework/testing/pkg05-build/assets/index-DvtvdaoJ.js                                   21.89 kB │ gzip:   8.04 kB
storage/framework/testing/pkg05-build/assets/review-builder-dialog-CrtAzOuL.js                   21.89 kB │ gzip:   7.70 kB
storage/framework/testing/pkg05-build/assets/create-iEkehoWI.js                                  21.89 kB │ gzip:   8.72 kB
storage/framework/testing/pkg05-build/assets/calendar-CuBvFh8m.js                                21.90 kB │ gzip:   6.85 kB
storage/framework/testing/pkg05-build/assets/edit-BZiqjP6T.js                                    21.94 kB │ gzip:   7.36 kB
storage/framework/testing/pkg05-build/assets/Index-Cv0L8yjS.js                                   21.98 kB │ gzip:   8.47 kB
storage/framework/testing/pkg05-build/assets/ppe-create-wizards-CpFZkgH0.js                      22.05 kB │ gzip:   7.38 kB
storage/framework/testing/pkg05-build/assets/incidents-DgezI8r8.js                               22.20 kB │ gzip:   8.34 kB
storage/framework/testing/pkg05-build/assets/create-BgWFxoup.js                                  22.23 kB │ gzip:   7.42 kB
storage/framework/testing/pkg05-build/assets/home-NQ43Hhhh.js                                    22.25 kB │ gzip:   5.38 kB
storage/framework/testing/pkg05-build/assets/show-BIgurWlh.js                                    22.45 kB │ gzip:   7.38 kB
storage/framework/testing/pkg05-build/assets/leave-request-dialog-2QHCMz5V.js                    22.51 kB │ gzip:   7.53 kB
storage/framework/testing/pkg05-build/assets/Index-BDEb6pGP.js                                   22.60 kB │ gzip:   8.52 kB
storage/framework/testing/pkg05-build/assets/payslips-zvYZ7oqv.js                                22.60 kB │ gzip:   6.74 kB
storage/framework/testing/pkg05-build/assets/_dialogs-B2YPYCu4.js                                22.81 kB │ gzip:   8.46 kB
storage/framework/testing/pkg05-build/assets/incidents-BbNRpXc4.js                               22.87 kB │ gzip:   8.52 kB
storage/framework/testing/pkg05-build/assets/personal-details-BYpB0LRS.js                        22.99 kB │ gzip:   7.96 kB
storage/framework/testing/pkg05-build/assets/Show-C1YyHuRF.js                                    23.03 kB │ gzip:   8.56 kB
storage/framework/testing/pkg05-build/assets/notifications-ClnCnfxk.js                           23.12 kB │ gzip:   8.28 kB
storage/framework/testing/pkg05-build/assets/Show-BVQkmkXi.js                                    23.13 kB │ gzip:   7.92 kB
storage/framework/testing/pkg05-build/assets/_competency-dialogs-ByMSjUPz.js                     23.20 kB │ gzip:   7.76 kB
storage/framework/testing/pkg05-build/assets/resident-sidebar-CqvTP2CM.js                        23.21 kB │ gzip:   8.33 kB
storage/framework/testing/pkg05-build/assets/Index-CcJPVVDT.js                                   23.29 kB │ gzip:   7.73 kB
storage/framework/testing/pkg05-build/assets/index-C673BGyV.js                                   23.32 kB │ gzip:   8.08 kB
storage/framework/testing/pkg05-build/assets/Show-Q36m_ZF6.js                                    23.39 kB │ gzip:   8.59 kB
storage/framework/testing/pkg05-build/assets/unifi-DbWsVF1a.js                                   23.43 kB │ gzip:   7.12 kB
storage/framework/testing/pkg05-build/assets/show-Dez6njJi.js                                    23.46 kB │ gzip:   7.65 kB
storage/framework/testing/pkg05-build/assets/create-wizard-ianOUsJG.js                           23.48 kB │ gzip:   8.18 kB
storage/framework/testing/pkg05-build/assets/Show-Bg8nD5w8.js                                    23.50 kB │ gzip:   8.97 kB
storage/framework/testing/pkg05-build/assets/Index-CDHT0zD-.js                                   23.75 kB │ gzip:   9.22 kB
storage/framework/testing/pkg05-build/assets/one-Di0auoQw.js                                     23.95 kB │ gzip:   8.28 kB
storage/framework/testing/pkg05-build/assets/_dialogs-Ddrvm2g5.js                                23.99 kB │ gzip:   8.99 kB
storage/framework/testing/pkg05-build/assets/analytics-charts-Be9ZPs0m.js                        24.03 kB │ gzip:   6.47 kB
storage/framework/testing/pkg05-build/assets/Index-3CcAoW1M.js                                   24.19 kB │ gzip:   8.51 kB
storage/framework/testing/pkg05-build/assets/page-hero-CnYcW-OL.js                               24.23 kB │ gzip:   7.29 kB
storage/framework/testing/pkg05-build/assets/Create-CHADj7KF.js                                  24.24 kB │ gzip:   7.93 kB
storage/framework/testing/pkg05-build/assets/ResolutionResultCard-DSVsCmeZ.js                    24.31 kB │ gzip:   8.94 kB
storage/framework/testing/pkg05-build/assets/mar-governance-dialogs-B5gasZm7.js                  24.32 kB │ gzip:   7.57 kB
storage/framework/testing/pkg05-build/assets/automations-D1E-4mYl.js                             24.75 kB │ gzip:   7.60 kB
storage/framework/testing/pkg05-build/assets/restraint-event-wizard-WQtOAJ85.js                  24.76 kB │ gzip:   8.04 kB
storage/framework/testing/pkg05-build/assets/Show-DYsIKYe1.js                                    24.76 kB │ gzip:  10.00 kB
storage/framework/testing/pkg05-build/assets/show-DQktXHbe.js                                    24.79 kB │ gzip:   7.82 kB
storage/framework/testing/pkg05-build/assets/governance-labels-CJgR2U5s.js                       24.81 kB │ gzip:   8.17 kB
storage/framework/testing/pkg05-build/assets/Show-BPZdrCCX.js                                    24.92 kB │ gzip:   8.75 kB
storage/framework/testing/pkg05-build/assets/Show-g59XPwBt.js                                    25.00 kB │ gzip:   9.64 kB
storage/framework/testing/pkg05-build/assets/Reconcile-C-7xubCv.js                               25.03 kB │ gzip:   8.87 kB
storage/framework/testing/pkg05-build/assets/_review-dialogs-BLDFsE96.js                         25.05 kB │ gzip:   7.97 kB
storage/framework/testing/pkg05-build/assets/index-CErV-r0w.js                                   25.07 kB │ gzip:   8.19 kB
storage/framework/testing/pkg05-build/assets/objective-wizard-YnXDUxjw.js                        25.18 kB │ gzip:   7.13 kB
storage/framework/testing/pkg05-build/assets/Medications-BzZybpJE.js                             25.25 kB │ gzip:   9.17 kB
storage/framework/testing/pkg05-build/assets/Index-Dujs7yRm.js                                   25.42 kB │ gzip:   7.88 kB
storage/framework/testing/pkg05-build/assets/Show-STPGY1j-.js                                    25.43 kB │ gzip:   9.76 kB
storage/framework/testing/pkg05-build/assets/sso-DfMsxZk0.js                                     25.52 kB │ gzip:   7.97 kB
storage/framework/testing/pkg05-build/assets/index-DpKW2FKR.js                                   25.53 kB │ gzip:   9.66 kB
storage/framework/testing/pkg05-build/assets/index-bOd4hbzG.js                                   25.53 kB │ gzip:   8.91 kB
storage/framework/testing/pkg05-build/assets/it-mailbox-DO587qfa.js                              25.64 kB │ gzip:   8.71 kB
storage/framework/testing/pkg05-build/assets/milesight-B_s7JHoP.js                               25.89 kB │ gzip:   8.50 kB
storage/framework/testing/pkg05-build/assets/create-offer-B39BY-B0.js                            25.93 kB │ gzip:   8.81 kB
storage/framework/testing/pkg05-build/assets/dashboard-D-nxSJcK.js                               26.06 kB │ gzip:   8.06 kB
storage/framework/testing/pkg05-build/assets/vendor-utils-Dr6D9L7d.js                            26.13 kB │ gzip:   8.47 kB
storage/framework/testing/pkg05-build/assets/Index-CTUC5bDY.js                                   26.17 kB │ gzip:   9.74 kB
storage/framework/testing/pkg05-build/assets/record-assessment-dialog-Cr35Frtm.js                26.21 kB │ gzip:   9.52 kB
storage/framework/testing/pkg05-build/assets/documents-wizards-D4E7inuy.js                       26.26 kB │ gzip:   9.26 kB
storage/framework/testing/pkg05-build/assets/show-BLhodkDM.js                                    26.34 kB │ gzip:   8.97 kB
storage/framework/testing/pkg05-build/assets/_dialogs-Dx1VfAS0.js                                26.35 kB │ gzip:   8.33 kB
storage/framework/testing/pkg05-build/assets/index-D00W82lF.js                                   26.36 kB │ gzip:   9.00 kB
storage/framework/testing/pkg05-build/assets/transport-medication-dialogs-D0H0Xa2e.js            26.38 kB │ gzip:   6.09 kB
storage/framework/testing/pkg05-build/assets/show-C-jgwBda.js                                    26.53 kB │ gzip:   7.66 kB
storage/framework/testing/pkg05-build/assets/Handovers-CaWbRTNI.js                               26.68 kB │ gzip:  10.42 kB
storage/framework/testing/pkg05-build/assets/_workspace-dialogs-BsvVHl_j.js                      26.83 kB │ gzip:   8.78 kB
storage/framework/testing/pkg05-build/assets/create-BP4gKLpP.js                                  26.91 kB │ gzip:   7.54 kB
storage/framework/testing/pkg05-build/assets/index-xJcotfoc.js                                   27.12 kB │ gzip:   9.67 kB
storage/framework/testing/pkg05-build/assets/show-BRxHaSB0.js                                    27.16 kB │ gzip:   9.06 kB
storage/framework/testing/pkg05-build/assets/index-DWUw7DDT.js                                   27.31 kB │ gzip:   9.46 kB
storage/framework/testing/pkg05-build/assets/SelfAdmin-CRRKascM.js                               27.42 kB │ gzip:   9.10 kB
storage/framework/testing/pkg05-build/assets/provisioning-command-dialog-DoF4GjbU.js             27.65 kB │ gzip:  10.76 kB
storage/framework/testing/pkg05-build/assets/show-BNJnMOKX.js                                    27.66 kB │ gzip:   9.77 kB
storage/framework/testing/pkg05-build/assets/care-support-plan-l-pV_vYE.js                       27.67 kB │ gzip:   9.14 kB
storage/framework/testing/pkg05-build/assets/Index-Bymty2N9.js                                   27.72 kB │ gzip:  10.43 kB
storage/framework/testing/pkg05-build/assets/dashboard-DhK910SM.js                               27.78 kB │ gzip:   7.78 kB
storage/framework/testing/pkg05-build/assets/index-BN3oIlzK.js                                   27.81 kB │ gzip:   9.77 kB
storage/framework/testing/pkg05-build/assets/index-BmlBQoBE.js                                   27.85 kB │ gzip:   9.32 kB
storage/framework/testing/pkg05-build/assets/edit-ocGaTnm-.js                                    27.91 kB │ gzip:   9.29 kB
storage/framework/testing/pkg05-build/assets/asset-wizard-dialog-0DhyMKoz.js                     28.04 kB │ gzip:   9.41 kB
storage/framework/testing/pkg05-build/assets/smart-monitoring-Bl4-eQWL.js                        28.05 kB │ gzip:   6.49 kB
storage/framework/testing/pkg05-build/assets/Index-DDGfXjxY.js                                   28.08 kB │ gzip:  10.41 kB
storage/framework/testing/pkg05-build/assets/index-DGiPkcfQ.js                                   28.25 kB │ gzip:   9.17 kB
storage/framework/testing/pkg05-build/assets/show-5wSTPqZl.js                                    28.41 kB │ gzip:   9.98 kB
storage/framework/testing/pkg05-build/assets/index-DVNMHFqM.js                                   28.52 kB │ gzip:   9.17 kB
storage/framework/testing/pkg05-build/assets/show-Cl93QbKo.js                                    28.73 kB │ gzip:   8.53 kB
storage/framework/testing/pkg05-build/assets/show-BXGnEoYS.js                                    28.74 kB │ gzip:  10.32 kB
storage/framework/testing/pkg05-build/assets/index-D-L1kzyD.js                                   28.77 kB │ gzip:   8.66 kB
storage/framework/testing/pkg05-build/assets/_self-admin-dialogs-qA9W8ji5.js                     28.81 kB │ gzip:   9.50 kB
storage/framework/testing/pkg05-build/assets/Show-B5LVEPVy.js                                    29.01 kB │ gzip:   9.11 kB
storage/framework/testing/pkg05-build/assets/Create-D8PC67xn.js                                  29.07 kB │ gzip:  10.16 kB
storage/framework/testing/pkg05-build/assets/guided-round-dialog-IQo9_Hfe.js                     29.15 kB │ gzip:   9.61 kB
storage/framework/testing/pkg05-build/assets/templates-B1U8i2Rn.js                               29.63 kB │ gzip:  10.53 kB
storage/framework/testing/pkg05-build/assets/documents-CQejAxup.js                               29.66 kB │ gzip:   9.22 kB
storage/framework/testing/pkg05-build/assets/_dialogs-CKZaPtr7.js                                30.04 kB │ gzip:  10.02 kB
storage/framework/testing/pkg05-build/assets/run-modal-D02EDRmC.js                               30.05 kB │ gzip:  10.27 kB
storage/framework/testing/pkg05-build/assets/page-header-CxhwbBGH.js                             30.13 kB │ gzip:   9.17 kB
storage/framework/testing/pkg05-build/assets/index-DjjBMF2F.js                                   30.19 kB │ gzip:   9.93 kB
storage/framework/testing/pkg05-build/assets/procedure-detail-dialog-DlxdRqCV.js                 30.20 kB │ gzip:   9.63 kB
storage/framework/testing/pkg05-build/assets/show-t-C1ehZJ.js                                    30.29 kB │ gzip:   9.82 kB
storage/framework/testing/pkg05-build/assets/_dialogs-BHYXJmZG.js                                30.39 kB │ gzip:   9.20 kB
storage/framework/testing/pkg05-build/assets/Show-CQsIQKjR.js                                    30.55 kB │ gzip:  11.02 kB
storage/framework/testing/pkg05-build/assets/_dialogs-Cv5eXLLN.js                                30.56 kB │ gzip:  10.94 kB
storage/framework/testing/pkg05-build/assets/Competency-bs-tz1cD.js                              30.57 kB │ gzip:  10.29 kB
storage/framework/testing/pkg05-build/assets/MedicationErrors-DipjNApy.js                        30.83 kB │ gzip:  11.22 kB
storage/framework/testing/pkg05-build/assets/_hero-BrxlmNl_.js                                   30.97 kB │ gzip:   9.79 kB
storage/framework/testing/pkg05-build/assets/access-CN8i_LAy.js                                  31.10 kB │ gzip:  10.21 kB
storage/framework/testing/pkg05-build/assets/_shopping-list-panel-Cc1HzhC-.js                    31.35 kB │ gzip:  11.01 kB
storage/framework/testing/pkg05-build/assets/index-BU7yaROT.js                                   31.36 kB │ gzip:  10.75 kB
storage/framework/testing/pkg05-build/assets/Reviews-BqGUY7-L.js                                 31.74 kB │ gzip:  10.45 kB
storage/framework/testing/pkg05-build/assets/_dialogs-BCeK1iPf.js                                31.87 kB │ gzip:   9.50 kB
storage/framework/testing/pkg05-build/assets/_stock-dialogs-C8D2byPr.js                          31.91 kB │ gzip:   9.55 kB
storage/framework/testing/pkg05-build/assets/notification-escalations-_gH1n65n.js                32.13 kB │ gzip:  10.02 kB
storage/framework/testing/pkg05-build/assets/email-settings-Cv2ULqmp.js                          32.23 kB │ gzip:  10.33 kB
storage/framework/testing/pkg05-build/assets/access-Cd1L6qJi.js                                  32.54 kB │ gzip:  11.60 kB
storage/framework/testing/pkg05-build/assets/index-CBs9SR1m.js                                   32.91 kB │ gzip:  11.95 kB
storage/framework/testing/pkg05-build/assets/_dialogs-C2ETi-6s.js                                33.24 kB │ gzip:  10.70 kB
storage/framework/testing/pkg05-build/assets/Show-Cd3LPOe6.js                                    33.25 kB │ gzip:  11.66 kB
storage/framework/testing/pkg05-build/assets/Show-CQmEbUqP.js                                    33.57 kB │ gzip:  11.74 kB
storage/framework/testing/pkg05-build/assets/index-CjMgYZvc.js                                   33.60 kB │ gzip:  11.59 kB
storage/framework/testing/pkg05-build/assets/index-DrjKLgKM.js                                   34.00 kB │ gzip:  11.62 kB
storage/framework/testing/pkg05-build/assets/index-Cdz4q2bd.js                                   34.37 kB │ gzip:  12.25 kB
storage/framework/testing/pkg05-build/assets/show-BeR0GBvu.js                                    34.77 kB │ gzip:  10.67 kB
storage/framework/testing/pkg05-build/assets/Destructions-dR9WIMdx.js                            34.78 kB │ gzip:  12.45 kB
storage/framework/testing/pkg05-build/assets/medical-CGw0VEan.js                                 34.85 kB │ gzip:   7.87 kB
storage/framework/testing/pkg05-build/assets/_prescription-dialogs-ax2Dqv2V.js                   35.13 kB │ gzip:   9.94 kB
storage/framework/testing/pkg05-build/assets/index-DNab5u2G.js                                   35.13 kB │ gzip:  11.93 kB
storage/framework/testing/pkg05-build/assets/Index-BfgCSDWs.js                                   35.24 kB │ gzip:  11.55 kB
storage/framework/testing/pkg05-build/assets/_cd-dialogs-CEPcO5Pw.js                             35.36 kB │ gzip:   9.45 kB
storage/framework/testing/pkg05-build/assets/documents-CQplJhDr.js                               35.50 kB │ gzip:  11.43 kB
storage/framework/testing/pkg05-build/assets/index-DViASecv.js                                   35.80 kB │ gzip:  12.40 kB
storage/framework/testing/pkg05-build/assets/index-vvVpdb5P.js                                   36.53 kB │ gzip:  11.76 kB
storage/framework/testing/pkg05-build/assets/messages-DXPca0RR.js                                36.59 kB │ gzip:  11.88 kB
storage/framework/testing/pkg05-build/assets/reviews-CbiDeAGX.js                                 36.75 kB │ gzip:  11.57 kB
storage/framework/testing/pkg05-build/assets/index-C7mqcsDi.js                                   37.11 kB │ gzip:  13.95 kB
storage/framework/testing/pkg05-build/assets/handover-WKYiZGPb.js                                37.33 kB │ gzip:  11.82 kB
storage/framework/testing/pkg05-build/assets/Create-Jlcs7Ylj.js                                  37.34 kB │ gzip:  12.10 kB
storage/framework/testing/pkg05-build/assets/index-B-Pu7i8H.js                                   37.67 kB │ gzip:  11.77 kB
storage/framework/testing/pkg05-build/assets/_inspector-BgID_fjk.js                              37.97 kB │ gzip:  11.55 kB
storage/framework/testing/pkg05-build/assets/documents-BwtoxAZc.js                               37.99 kB │ gzip:  12.58 kB
storage/framework/testing/pkg05-build/assets/Dashboard-C-P6mCbA.js                               38.02 kB │ gzip:  14.31 kB
storage/framework/testing/pkg05-build/assets/index-hKm7i1ni.js                                   38.09 kB │ gzip:  14.57 kB
storage/framework/testing/pkg05-build/assets/Show-B5AFE041.js                                    38.10 kB │ gzip:  14.44 kB
storage/framework/testing/pkg05-build/assets/global-BqoANee8.js                                  38.38 kB │ gzip:  12.88 kB
storage/framework/testing/pkg05-build/assets/hazard-register-CoBrLa52.js                         38.49 kB │ gzip:  12.71 kB
storage/framework/testing/pkg05-build/assets/Reports-mQUasNBA.js                                 38.54 kB │ gzip:  12.93 kB
storage/framework/testing/pkg05-build/assets/Show-DMxyV3fW.js                                    39.45 kB │ gzip:  11.40 kB
storage/framework/testing/pkg05-build/assets/index-CpRJp5wz.js                                   39.49 kB │ gzip:  13.03 kB
storage/framework/testing/pkg05-build/assets/index-B8xouuQC.js                                   39.96 kB │ gzip:  13.09 kB
storage/framework/testing/pkg05-build/assets/index-BQT2RQNG.js                                   40.25 kB │ gzip:  12.95 kB
storage/framework/testing/pkg05-build/assets/index-DxdNejhq.js                                   40.33 kB │ gzip:  13.83 kB
storage/framework/testing/pkg05-build/assets/case-wizards-BC9dUpyl.js                            40.74 kB │ gzip:  11.63 kB
storage/framework/testing/pkg05-build/assets/compliance-wizards-CuIIZKV6.js                      40.85 kB │ gzip:  12.74 kB
storage/framework/testing/pkg05-build/assets/index-DvQSrqpW.js                                   40.87 kB │ gzip:  14.73 kB
storage/framework/testing/pkg05-build/assets/index-FW2yjHa8.js                                   40.92 kB │ gzip:  13.38 kB
storage/framework/testing/pkg05-build/assets/index-LuGGj3dB.js                                   41.27 kB │ gzip:  14.37 kB
storage/framework/testing/pkg05-build/assets/_dialogs-C-WmiMM3.js                                41.37 kB │ gzip:  12.04 kB
storage/framework/testing/pkg05-build/assets/index-Cspf9D9W.js                                   41.48 kB │ gzip:  14.12 kB
storage/framework/testing/pkg05-build/assets/bands-Cbwoa4BB.js                                   41.56 kB │ gzip:  14.32 kB
storage/framework/testing/pkg05-build/assets/Edit-3ABrLLNZ.js                                    41.79 kB │ gzip:  13.33 kB
storage/framework/testing/pkg05-build/assets/profile-BnU93ceZ.js                                 41.91 kB │ gzip:  14.13 kB
storage/framework/testing/pkg05-build/assets/index-BIPlgA7s.js                                   41.92 kB │ gzip:  15.15 kB
storage/framework/testing/pkg05-build/assets/discovery-Bfqfa5RG.js                               42.52 kB │ gzip:  12.96 kB
storage/framework/testing/pkg05-build/assets/app-layout-DHO-P3az.js                              42.65 kB │ gzip:  13.34 kB
storage/framework/testing/pkg05-build/assets/workspace-BKXpqC9a.js                               42.71 kB │ gzip:  15.47 kB
storage/framework/testing/pkg05-build/assets/index-zjJ2hYRp.js                                   42.72 kB │ gzip:  13.79 kB
storage/framework/testing/pkg05-build/assets/sso-config-D_whlenQ.js                              42.75 kB │ gzip:  13.90 kB
storage/framework/testing/pkg05-build/assets/handover-wizard-BE_m0BKi.js                         43.04 kB │ gzip:  13.63 kB
storage/framework/testing/pkg05-build/assets/core.esm-D5j4X1h1.js                                43.17 kB │ gzip:  14.39 kB
storage/framework/testing/pkg05-build/assets/transport-DOUGNQOs.js                               43.62 kB │ gzip:  15.38 kB
storage/framework/testing/pkg05-build/assets/service-contexts-Bux46hto.js                        43.68 kB │ gzip:  13.98 kB
storage/framework/testing/pkg05-build/assets/_dialogs-BkZGDRFH.js                                43.77 kB │ gzip:  14.05 kB
storage/framework/testing/pkg05-build/assets/StockManagement-CQeTdQY3.js                         43.82 kB │ gzip:  13.11 kB
storage/framework/testing/pkg05-build/assets/show-Q5EmP917.js                                    44.20 kB │ gzip:  14.93 kB
storage/framework/testing/pkg05-build/assets/Dashboard-D0Qa2e-8.js                               44.21 kB │ gzip:  10.84 kB
storage/framework/testing/pkg05-build/assets/show-DpnJhh9a.js                                    44.21 kB │ gzip:  14.94 kB
storage/framework/testing/pkg05-build/assets/Index-2aUhK33k.js                                   44.22 kB │ gzip:  15.19 kB
storage/framework/testing/pkg05-build/assets/_canvas-xVyNwN3F.js                                 44.48 kB │ gzip:  12.88 kB
storage/framework/testing/pkg05-build/assets/branding-CLqKDwEp.js                                44.74 kB │ gzip:  13.97 kB
storage/framework/testing/pkg05-build/assets/asset-wizards-DAndLMos.js                           45.18 kB │ gzip:  13.11 kB
storage/framework/testing/pkg05-build/assets/AuditLog-MedxDjW0.js                                45.26 kB │ gzip:  15.26 kB
storage/framework/testing/pkg05-build/assets/index-LIhKW0O8.js                                   45.53 kB │ gzip:  12.98 kB
storage/framework/testing/pkg05-build/assets/MarCharts-kSwWNKzZ.js                               45.65 kB │ gzip:  15.79 kB
storage/framework/testing/pkg05-build/assets/show-CRthablD.js                                    46.21 kB │ gzip:  13.80 kB
storage/framework/testing/pkg05-build/assets/Prescriptions-By-icMeZ.js                           46.31 kB │ gzip:  14.06 kB
storage/framework/testing/pkg05-build/assets/incident-detail-dialog-BH4lSD5S.js                  47.33 kB │ gzip:  14.29 kB
storage/framework/testing/pkg05-build/assets/drill-detail-dialog-DNePusGk.js                     47.88 kB │ gzip:  13.51 kB
storage/framework/testing/pkg05-build/assets/Rounds-J8tjs8C1.js                                  48.20 kB │ gzip:  15.14 kB
storage/framework/testing/pkg05-build/assets/incident-report-dialog-LrTpD68o.js                  48.28 kB │ gzip:  15.87 kB
storage/framework/testing/pkg05-build/assets/_dialogs-DLEN2IWa.js                                48.54 kB │ gzip:  14.35 kB
storage/framework/testing/pkg05-build/assets/index-DHp_phyV.js                                   48.87 kB │ gzip:  15.61 kB
storage/framework/testing/pkg05-build/assets/create-shift-dialog-D2Yj9aKQ.js                     49.10 kB │ gzip:  14.23 kB
storage/framework/testing/pkg05-build/assets/index-BBDAAUCi.js                                   49.25 kB │ gzip:  15.16 kB
storage/framework/testing/pkg05-build/assets/_wizard-D00xn8EK.js                                 49.42 kB │ gzip:  15.33 kB
storage/framework/testing/pkg05-build/assets/welcome-DPfRS5wA.js                                 50.21 kB │ gzip:   9.57 kB
storage/framework/testing/pkg05-build/assets/index-KDNSdnu6.js                                   51.04 kB │ gzip:  16.05 kB
storage/framework/testing/pkg05-build/assets/index-DW1zQJ07.js                                   51.78 kB │ gzip:  15.95 kB
storage/framework/testing/pkg05-build/assets/family-dashboard-BRaqYPmY.js                        51.92 kB │ gzip:  15.09 kB
storage/framework/testing/pkg05-build/assets/ra-wizard-dialog-CZ9ZC7nT.js                        51.97 kB │ gzip:  16.28 kB
storage/framework/testing/pkg05-build/assets/show-B6y5OBz2.js                                    52.02 kB │ gzip:  17.70 kB
storage/framework/testing/pkg05-build/assets/hazard-detail-dialog-DP3weQBH.js                    52.62 kB │ gzip:  15.18 kB
storage/framework/testing/pkg05-build/assets/index-Cc7WXN6f.js                                   52.85 kB │ gzip:  16.02 kB
storage/framework/testing/pkg05-build/assets/settings-BjH6Qeya.js                                53.29 kB │ gzip:  15.53 kB
storage/framework/testing/pkg05-build/assets/index-vWFja7z6.js                                   56.37 kB │ gzip:  19.08 kB
storage/framework/testing/pkg05-build/assets/Show-CDfpXOw5.js                                    57.36 kB │ gzip:  17.32 kB
storage/framework/testing/pkg05-build/assets/CockpitLayout-BEmfOyTM.js                           57.41 kB │ gzip:  17.89 kB
storage/framework/testing/pkg05-build/assets/device-profile-sections-D_kurm4O.js                 58.15 kB │ gzip:  16.93 kB
storage/framework/testing/pkg05-build/assets/dashboard-DVxkNgC0.js                               58.71 kB │ gzip:  16.94 kB
storage/framework/testing/pkg05-build/assets/show-CoEU-BGh.js                                    59.03 kB │ gzip:  20.15 kB
storage/framework/testing/pkg05-build/assets/my-hr-shell-Dp8pT2zo.js                             59.82 kB │ gzip:  18.81 kB
storage/framework/testing/pkg05-build/assets/Index-DcSSiM_S.js                                   59.90 kB │ gzip:  19.11 kB
storage/framework/testing/pkg05-build/assets/medical-BzwxbPty.js                                 60.19 kB │ gzip:  12.05 kB
storage/framework/testing/pkg05-build/assets/_parts-C_SyKxBl.js                                  60.60 kB │ gzip:  19.59 kB
storage/framework/testing/pkg05-build/assets/PrnRecords-C_315exQ.js                              60.70 kB │ gzip:  18.65 kB
storage/framework/testing/pkg05-build/assets/conflicts-DxUD3x-a.js                               61.18 kB │ gzip:  19.77 kB
storage/framework/testing/pkg05-build/assets/Show-DLyxeks3.js                                    62.47 kB │ gzip:  21.40 kB
storage/framework/testing/pkg05-build/assets/settings-BZe_yfpn.js                                63.28 kB │ gzip:  17.21 kB
storage/framework/testing/pkg05-build/assets/index-BQ9sQokR.js                                   64.24 kB │ gzip:  19.32 kB
storage/framework/testing/pkg05-build/assets/dashboard-ByNkCeY9.js                               64.43 kB │ gzip:  20.35 kB
storage/framework/testing/pkg05-build/assets/data-euljMPy1.js                                    64.59 kB │ gzip:  13.97 kB
storage/framework/testing/pkg05-build/assets/monitoring-cIykeNJd.js                              65.74 kB │ gzip:  19.54 kB
storage/framework/testing/pkg05-build/assets/ControlledDrugs-BLNDeVPQ.js                         65.79 kB │ gzip:  20.41 kB
storage/framework/testing/pkg05-build/assets/catalog-B2JdoCdg.js                                 66.71 kB │ gzip:  17.72 kB
storage/framework/testing/pkg05-build/assets/Show-D6WoDTCm.js                                    67.26 kB │ gzip:  19.32 kB
storage/framework/testing/pkg05-build/assets/show-BCY4Ve01.js                                    67.73 kB │ gzip:  15.07 kB
storage/framework/testing/pkg05-build/assets/show-jB9kQDge.js                                    68.52 kB │ gzip:  20.29 kB
storage/framework/testing/pkg05-build/assets/index-C3SZ5gSm.js                                   69.02 kB │ gzip:  21.43 kB
storage/framework/testing/pkg05-build/assets/index-C4bvzR2F.js                                   69.31 kB │ gzip:  21.85 kB
storage/framework/testing/pkg05-build/assets/analytics-LaLvIv8x.js                               70.58 kB │ gzip:  23.91 kB
storage/framework/testing/pkg05-build/assets/SiteCalendar-BX-eoHxi.js                            71.76 kB │ gzip:  22.72 kB
storage/framework/testing/pkg05-build/assets/concern-dialog-DLowt_OW.js                          72.32 kB │ gzip:  20.08 kB
storage/framework/testing/pkg05-build/assets/legacy-profile-sections-Bw6oAcyy.js                 72.99 kB │ gzip:  19.50 kB
storage/framework/testing/pkg05-build/assets/show-CporLqUc.js                                    74.24 kB │ gzip:  23.08 kB
storage/framework/testing/pkg05-build/assets/show-fC9qjcEE.js                                    75.58 kB │ gzip:  23.58 kB
storage/framework/testing/pkg05-build/assets/index-C6eR8oVX.js                                   77.37 kB │ gzip:  22.54 kB
storage/framework/testing/pkg05-build/assets/_calendar-grid-Dl3xgbnc.js                          77.48 kB │ gzip:  22.96 kB
storage/framework/testing/pkg05-build/assets/index-B-FbVKJr.js                                   78.23 kB │ gzip:  23.81 kB
storage/framework/testing/pkg05-build/assets/index-BdNCoLnf.js                                   80.55 kB │ gzip:  23.35 kB
storage/framework/testing/pkg05-build/assets/index-K6xZpEpi.js                                   81.63 kB │ gzip:  24.46 kB
storage/framework/testing/pkg05-build/assets/_create-dialog-nBJQ9wTK.js                          81.96 kB │ gzip:  27.49 kB
storage/framework/testing/pkg05-build/assets/index-CSAbOrnU.js                                   83.71 kB │ gzip:  27.21 kB
storage/framework/testing/pkg05-build/assets/index-iACtAvdL.js                                   86.90 kB │ gzip:  24.94 kB
storage/framework/testing/pkg05-build/assets/Index-DHLzwJW9.js                                   88.72 kB │ gzip:  26.80 kB
storage/framework/testing/pkg05-build/assets/index-htKqQV-m.js                                   88.73 kB │ gzip:  27.27 kB
storage/framework/testing/pkg05-build/assets/staff-page-shell-Cc4g1-un.js                        91.50 kB │ gzip:  27.11 kB
storage/framework/testing/pkg05-build/assets/index-D4YptV8e.js                                   94.91 kB │ gzip:  28.20 kB
storage/framework/testing/pkg05-build/assets/show-Cd25oZxC.js                                    99.21 kB │ gzip:  25.79 kB
storage/framework/testing/pkg05-build/assets/ticket-intake-fields-BHkPhstf.js                   102.61 kB │ gzip:  30.28 kB
storage/framework/testing/pkg05-build/assets/index--B61F4G9.js                                  103.36 kB │ gzip:  31.10 kB
storage/framework/testing/pkg05-build/assets/index-BQ6ohAeT.js                                  104.00 kB │ gzip:  31.57 kB
storage/framework/testing/pkg05-build/assets/index-C4DOqRoD.js                                  107.42 kB │ gzip:  31.45 kB
storage/framework/testing/pkg05-build/assets/queclink-hub-BkUdBpQT.js                           109.74 kB │ gzip:  33.65 kB
storage/framework/testing/pkg05-build/assets/it-wizards-BNXNHvjW.js                             111.72 kB │ gzip:  35.87 kB
storage/framework/testing/pkg05-build/assets/index-BzqOaLYY.js                                  111.88 kB │ gzip:  30.54 kB
storage/framework/testing/pkg05-build/assets/workspace-CwXGdh1z.js                              128.30 kB │ gzip:  38.70 kB
storage/framework/testing/pkg05-build/assets/ticket-reopen-dialog-Deq2ynmh.js                   145.73 kB │ gzip:  46.14 kB
storage/framework/testing/pkg05-build/assets/event-detail-dialog-HaPIAHZu.js                    148.01 kB │ gzip:  38.85 kB
storage/framework/testing/pkg05-build/assets/vendor-maps-CTUbLoeq.js                            149.92 kB │ gzip:  43.49 kB
storage/framework/testing/pkg05-build/assets/index-f9fDmo89.js                                  155.95 kB │ gzip:  42.58 kB
storage/framework/testing/pkg05-build/assets/index-RRZiMZ9E.js                                  156.17 kB │ gzip:  45.40 kB
storage/framework/testing/pkg05-build/assets/alert-workspace-dialog-L-wat-uO.js                 158.46 kB │ gzip:  44.47 kB
storage/framework/testing/pkg05-build/assets/index-CgNcIn4S.js                                  159.62 kB │ gzip:  45.13 kB
storage/framework/testing/pkg05-build/assets/knowledge-revision-dialog-DKLNgJ9t.js              177.56 kB │ gzip:  49.72 kB
storage/framework/testing/pkg05-build/assets/vendor-react-C99fm9h8.js                           193.87 kB │ gzip:  60.86 kB
storage/framework/testing/pkg05-build/assets/vendor-inertia-B-1GL-z2.js                         195.03 kB │ gzip:  65.82 kB
storage/framework/testing/pkg05-build/assets/category-GeXPGDHB.js                               206.54 kB │ gzip:  51.96 kB
storage/framework/testing/pkg05-build/assets/index-Dv5BFMlk.js                                  215.04 kB │ gzip:  68.39 kB
storage/framework/testing/pkg05-build/assets/index-D0SJSS0J.js                                  236.35 kB │ gzip:  70.77 kB
storage/framework/testing/pkg05-build/assets/vendor-calendar-NWT3TLWG.js                        267.92 kB │ gzip:  79.12 kB
storage/framework/testing/pkg05-build/assets/vendor-ui-BuO1Y5tc.js                              276.38 kB │ gzip:  76.83 kB
storage/framework/testing/pkg05-build/assets/index-BPwaDcLb.js                                  317.39 kB │ gzip:  88.16 kB
storage/framework/testing/pkg05-build/assets/show-MHqbYDlf.js                                   328.56 kB │ gzip:  98.17 kB
storage/framework/testing/pkg05-build/assets/show-DPbLtpcY.js                                   348.33 kB │ gzip:  98.17 kB
storage/framework/testing/pkg05-build/assets/vendor-charts-CgkmuxAX.js                          398.57 kB │ gzip: 115.53 kB
storage/framework/testing/pkg05-build/assets/app-BVEegZPM.js                                    513.86 kB │ gzip:  82.95 kB
storage/framework/testing/pkg05-build/assets/show-Dfazlcpm.js                                   772.65 kB │ gzip: 248.10 kB

(!) Some chunks are larger than 500 kB after minification. Consider:
- Using dynamic import() to code-split the application
- Use build.rollupOptions.output.manualChunks to improve chunking: https://rollupjs.org/configuration-options/#output-manualchunks
- Adjust chunk size limit for this warning via build.chunkSizeWarningLimit.
✓ built in 4m 21s
