vite v7.3.6 building client environment for production...
[plugin @laravel/vite-plugin-wayfinder] Types generated for actions, routes, form variants
transforming...
✓ 5398 modules transformed.
rendering chunks...
computing gzip size...
public/build/assets/layers-BWBAp2CZ.png                                  0.70 kB
public/build/assets/layers-2x-Bpkbi35X.png                               1.26 kB
public/build/assets/marker-icon-hN30_KVU.png                             1.47 kB
public/build/manifest.json                                           3,787.45 kB │ gzip: 204.98 kB
public/build/assets/show-BlsQFc8X.css                                    0.96 kB │ gzip:   0.38 kB
public/build/assets/fleet-map-Cc-sKlod.css                               1.80 kB │ gzip:   0.73 kB
public/build/assets/index-BfYF406j.css                                   8.96 kB │ gzip:   1.95 kB
public/build/assets/transport-HC5KKNJu.css                               9.01 kB │ gzip:   2.17 kB
public/build/assets/vendor-maps-CLLlcC51.css                            11.08 kB │ gzip:   2.73 kB
public/build/assets/knowledge-revision-dialog-D-juoI1B.css              12.92 kB │ gzip:   3.14 kB
public/build/assets/location-workspace-BnCaAc4S.css                     16.92 kB │ gzip:   3.64 kB
public/build/assets/dashboard-CynApWYI.css                              25.76 kB │ gzip:   4.58 kB
public/build/assets/show-ugW-UKTR.css                                  117.68 kB │ gzip:  17.18 kB
public/build/assets/app-BtdUjnDL.css                                   442.98 kB │ gzip:  56.56 kB
public/build/assets/my-hr-utils-fLvKAKV1.js                              0.07 kB │ gzip:   0.09 kB
public/build/assets/avatar-hue-BThxaYxR.js                               0.10 kB │ gzip:   0.11 kB
public/build/assets/_announcer-cvXWdNAc.js                               0.12 kB │ gzip:   0.12 kB
public/build/assets/minus-MYmJ8h8-.js                                    0.12 kB │ gzip:   0.13 kB
public/build/assets/check-C2iE_Ano.js                                    0.12 kB │ gzip:   0.14 kB
public/build/assets/circle-DOR-edYc.js                                   0.12 kB │ gzip:   0.13 kB
public/build/assets/chevron-down-Dm9rJMql.js                             0.13 kB │ gzip:   0.14 kB
public/build/assets/chevron-up-DTi6y617.js                               0.13 kB │ gzip:   0.14 kB
public/build/assets/chevron-left-B9_zQOQe.js                             0.13 kB │ gzip:   0.14 kB
public/build/assets/chevron-right-CV3ACfKr.js                            0.13 kB │ gzip:   0.14 kB
public/build/assets/play-BDDXs6OP.js                                     0.13 kB │ gzip:   0.15 kB
public/build/assets/moon-BGIX0kZ-.js                                     0.14 kB │ gzip:   0.15 kB
public/build/assets/loader-circle-C2U0Sciz.js                            0.14 kB │ gzip:   0.15 kB
public/build/assets/square-B_pGUHWB.js                                   0.15 kB │ gzip:   0.15 kB
public/build/assets/message-circle-Bnhas9jh.js                           0.15 kB │ gzip:   0.16 kB
public/build/assets/navigation-YzAek3mA.js                               0.15 kB │ gzip:   0.15 kB
public/build/assets/staff-creation-workflow-D6SGmEbz.js                  0.15 kB │ gzip:   0.13 kB
public/build/assets/plus-DUBZRZlR.js                                     0.15 kB │ gzip:   0.15 kB
public/build/assets/x-DU27UFlh.js                                        0.15 kB │ gzip:   0.15 kB
public/build/assets/thermometer-D9pH88oE.js                              0.16 kB │ gzip:   0.16 kB
public/build/assets/filter-B4l1VGan.js                                   0.16 kB │ gzip:   0.16 kB
public/build/assets/bookmark-BCQDSb4e.js                                 0.16 kB │ gzip:   0.16 kB
public/build/assets/arrow-left-D04bQz4P.js                               0.16 kB │ gzip:   0.16 kB
public/build/assets/arrow-right-BURfH2hw.js                              0.16 kB │ gzip:   0.16 kB
public/build/assets/arrow-up-right-DHV4FUgj.js                           0.16 kB │ gzip:   0.15 kB
public/build/assets/circle-minus-CIa-rtzQ.js                             0.17 kB │ gzip:   0.16 kB
public/build/assets/search-HvOHTMjt.js                                   0.17 kB │ gzip:   0.16 kB
public/build/assets/move-right-nZvWqkoA.js                               0.17 kB │ gzip:   0.16 kB
public/build/assets/ban-Dxl5h7Q0.js                                      0.17 kB │ gzip:   0.16 kB
public/build/assets/circle-check-RYs2RD7_.js                             0.17 kB │ gzip:   0.17 kB
public/build/assets/chevrons-up-down-BvX99E_S.js                         0.17 kB │ gzip:   0.16 kB
public/build/assets/power-RMgMKPG1.js                                    0.17 kB │ gzip:   0.17 kB
public/build/assets/user-round-h3csV-16.js                               0.18 kB │ gzip:   0.17 kB
public/build/assets/gauge-B3tQmBo8.js                                    0.18 kB │ gzip:   0.16 kB
public/build/assets/circle-dot-oMuk0JJo.js                               0.18 kB │ gzip:   0.15 kB
public/build/assets/clock-WJ58SMJU.js                                    0.18 kB │ gzip:   0.17 kB
public/build/assets/message-square--CFYiNGb.js                           0.18 kB │ gzip:   0.16 kB
public/build/assets/check-check-D02FK9lL.js                              0.18 kB │ gzip:   0.17 kB
public/build/assets/clock-3-sW8j8UBi.js                                  0.18 kB │ gzip:   0.17 kB
public/build/assets/chart-line-CmjrRZn0.js                               0.18 kB │ gzip:   0.17 kB
public/build/assets/circle-slash-DmoiexvY.js                             0.18 kB │ gzip:   0.17 kB
public/build/assets/reply-CwMfF08e.js                                    0.18 kB │ gzip:   0.18 kB
public/build/assets/circle-check-big-Chs6SNFH.js                         0.19 kB │ gzip:   0.18 kB
public/build/assets/circle-play-DzTPcQu4.js                              0.19 kB │ gzip:   0.17 kB
public/build/assets/user-BkCBviGP.js                                     0.19 kB │ gzip:   0.18 kB
public/build/assets/megaphone-HyRyM0Su.js                                0.19 kB │ gzip:   0.18 kB
public/build/assets/skip-forward-DjqCbIFP.js                             0.20 kB │ gzip:   0.18 kB
public/build/assets/smartphone-Du0OTSEr.js                               0.20 kB │ gzip:   0.18 kB
public/build/assets/info-DzMqX9ro.js                                     0.20 kB │ gzip:   0.18 kB
public/build/assets/rotate-ccw-BkQxaLa6.js                               0.20 kB │ gzip:   0.18 kB
public/build/assets/rotate-cw-ChGdBdv6.js                                0.20 kB │ gzip:   0.18 kB
public/build/assets/lock-BF7ux029.js                                     0.20 kB │ gzip:   0.19 kB
public/build/assets/circle-x-DNHY7sXG.js                                 0.20 kB │ gzip:   0.18 kB
public/build/assets/circle-plus-Bdr1U1Y-.js                              0.20 kB │ gzip:   0.18 kB
public/build/assets/chart-palette-BuldC4kO.js                            0.20 kB │ gzip:   0.13 kB
public/build/assets/trending-up-CiaUY3tD.js                              0.20 kB │ gzip:   0.18 kB
public/build/assets/utils-COkJOzsg.js                                    0.20 kB │ gzip:   0.16 kB
public/build/assets/credit-card-DAtvF3W2.js                              0.21 kB │ gzip:   0.19 kB
public/build/assets/arrow-up-from-line-Dfyr4q49.js                       0.21 kB │ gzip:   0.18 kB
public/build/assets/arrow-down-to-line-Bw6lQjxm.js                       0.21 kB │ gzip:   0.18 kB
public/build/assets/redo-2-QZIbGiCc.js                                   0.21 kB │ gzip:   0.18 kB
public/build/assets/trending-down-B20dl8K4.js                            0.21 kB │ gzip:   0.18 kB
public/build/assets/undo-2-CEn9Rr7B.js                                   0.21 kB │ gzip:   0.17 kB
public/build/assets/droplet-CAPBgG_D.js                                  0.21 kB │ gzip:   0.19 kB
public/build/assets/lock-open-CTAlKeB_.js                                0.21 kB │ gzip:   0.19 kB
public/build/assets/mail-BQv6LdUX.js                                     0.21 kB │ gzip:   0.20 kB
public/build/assets/it-module-shell-Cq8Pndvb.js                          0.21 kB │ gzip:   0.19 kB
public/build/assets/battery-Bc1udlPN.js                                  0.21 kB │ gzip:   0.18 kB
public/build/assets/pause-DRrfkSrb.js                                    0.21 kB │ gzip:   0.17 kB
public/build/assets/circle-arrow-up-SMZG13xm.js                          0.21 kB │ gzip:   0.19 kB
public/build/assets/circle-arrow-down-rdSSoS6U.js                        0.21 kB │ gzip:   0.19 kB
public/build/assets/pill-Dk-JLEN4.js                                     0.21 kB │ gzip:   0.18 kB
public/build/assets/table-2-CSJ83Yjl.js                                  0.21 kB │ gzip:   0.18 kB
public/build/assets/site-profile-dialog-host-BH_OdoAm.js                 0.21 kB │ gzip:   0.19 kB
public/build/assets/dollar-sign-n_VyPKr7.js                              0.22 kB │ gzip:   0.19 kB
public/build/assets/file-eYuphNQh.js                                     0.22 kB │ gzip:   0.18 kB
public/build/assets/laptop-BvGOSivZ.js                                   0.22 kB │ gzip:   0.19 kB
public/build/assets/flag-DTFx3GY9.js                                     0.22 kB │ gzip:   0.20 kB
public/build/assets/rows-3-DRPg_JKo.js                                   0.22 kB │ gzip:   0.18 kB
public/build/assets/rss-DnL7eE5O.js                                      0.22 kB │ gzip:   0.19 kB
public/build/assets/briefcase-CTxPNAGi.js                                0.22 kB │ gzip:   0.20 kB
public/build/assets/ellipsis-CFZaO3B_.js                                 0.22 kB │ gzip:   0.16 kB
public/build/assets/target-rxX1cDoP.js                                   0.22 kB │ gzip:   0.16 kB
public/build/assets/columns-3-Cp2AY7up.js                                0.22 kB │ gzip:   0.19 kB
public/build/assets/git-merge-D4344IA-.js                                0.22 kB │ gzip:   0.18 kB
public/build/assets/square-check-big-BNHlPwJk.js                         0.22 kB │ gzip:   0.19 kB
public/build/assets/sticky-note-Cc9GKdbD.js                              0.22 kB │ gzip:   0.18 kB
public/build/assets/folder-Ch5ZF31p.js                                   0.23 kB │ gzip:   0.19 kB
public/build/assets/ellipsis-vertical-Dn60Cg4h.js                        0.23 kB │ gzip:   0.17 kB
public/build/assets/vote-Dn71blqi.js                                     0.23 kB │ gzip:   0.19 kB
public/build/assets/copy-BKq0fJjW.js                                     0.23 kB │ gzip:   0.21 kB
public/build/assets/door-closed-DRZGczdj.js                              0.23 kB │ gzip:   0.19 kB
public/build/assets/user-round-check-BswpYZdM.js                         0.23 kB │ gzip:   0.21 kB
public/build/assets/circle-user-round-C2vS7_HZ.js                        0.23 kB │ gzip:   0.19 kB
public/build/assets/circle-help-BeMSlCKq.js                              0.23 kB │ gzip:   0.20 kB
public/build/assets/ear-BIC-x_gx.js                                      0.23 kB │ gzip:   0.19 kB
public/build/assets/activity-RdjQzTNA.js                                 0.23 kB │ gzip:   0.20 kB
public/build/assets/pen-CRowQdQh.js                                      0.23 kB │ gzip:   0.20 kB
public/build/assets/history-Dnlvud9Y.js                                  0.24 kB │ gzip:   0.19 kB
public/build/assets/globe-C3r1KGFC.js                                    0.24 kB │ gzip:   0.19 kB
public/build/assets/timer-CcCpIAea.js                                    0.24 kB │ gzip:   0.19 kB
public/build/assets/banknote-j2GEMrFb.js                                 0.24 kB │ gzip:   0.20 kB
public/build/assets/heart-DEDPWokQ.js                                    0.24 kB │ gzip:   0.21 kB
public/build/assets/link-2-DlewrCT8.js                                   0.24 kB │ gzip:   0.20 kB
public/build/assets/menu-BINuT_JG.js                                     0.24 kB │ gzip:   0.17 kB
public/build/assets/database-0pDil2O4.js                                 0.24 kB │ gzip:   0.20 kB
public/build/assets/arrow-down-up-BqF9S-uM.js                            0.24 kB │ gzip:   0.19 kB
public/build/assets/type-w9HHAQar.js                                     0.24 kB │ gzip:   0.19 kB
public/build/assets/circle-pause-W-vOcEXw.js                             0.24 kB │ gzip:   0.19 kB
public/build/assets/arrow-left-right-CkVn0G0_.js                         0.25 kB │ gzip:   0.19 kB
public/build/assets/compass-C2KQoJ_i.js                                  0.25 kB │ gzip:   0.20 kB
public/build/assets/arrow-right-left-20HpFFUL.js                         0.25 kB │ gzip:   0.19 kB
public/build/assets/book-marked-CfUQSax-.js                              0.25 kB │ gzip:   0.20 kB
public/build/assets/settings-2-CEj3hCHa.js                               0.25 kB │ gzip:   0.19 kB
public/build/assets/users-round-aR6qa7x8.js                              0.25 kB │ gzip:   0.22 kB
public/build/assets/camera-DTqEltJd.js                                   0.25 kB │ gzip:   0.21 kB
public/build/assets/file-warning-CR0jGh6h.js                             0.25 kB │ gzip:   0.19 kB
public/build/assets/video-DAq2aSWF.js                                    0.25 kB │ gzip:   0.21 kB
public/build/assets/route-DE3SNRWW.js                                    0.25 kB │ gzip:   0.20 kB
public/build/assets/circle-alert-B6ZWtu1v.js                             0.25 kB │ gzip:   0.19 kB
public/build/assets/mouse-pointer-2-DwoGoyJv.js                          0.25 kB │ gzip:   0.21 kB
public/build/assets/chart-column-ByDKMmNW.js                             0.25 kB │ gzip:   0.19 kB
public/build/assets/external-link-Bx2fLd44.js                            0.25 kB │ gzip:   0.20 kB
public/build/assets/cloud-upload-DXlBV4Wx.js                             0.25 kB │ gzip:   0.21 kB
public/build/assets/shopping-bag-ByqBVq4W.js                             0.25 kB │ gzip:   0.20 kB
public/build/assets/pentagon-CS8DF7sd.js                                 0.25 kB │ gzip:   0.20 kB
public/build/assets/eye-D8FKm2gb.js                                      0.25 kB │ gzip:   0.20 kB
public/build/assets/user-check-rzs1rBpq.js                               0.25 kB │ gzip:   0.22 kB
public/build/assets/map-pin-67KUrSuC.js                                  0.25 kB │ gzip:   0.22 kB
public/build/assets/archive-kbcFzX4A.js                                  0.25 kB │ gzip:   0.21 kB
public/build/assets/lock-keyhole-DrZOnEd6.js                             0.25 kB │ gzip:   0.22 kB
public/build/assets/message-square-plus-DUrylRrL.js                      0.25 kB │ gzip:   0.20 kB
public/build/assets/circle-user-BgZxidsf.js                              0.25 kB │ gzip:   0.20 kB
public/build/assets/message-square-text-DEpofM7b.js                      0.25 kB │ gzip:   0.19 kB
public/build/assets/user-minus-1M7PG-RP.js                               0.25 kB │ gzip:   0.22 kB
public/build/assets/file-check-2-uu6pnaNA.js                             0.25 kB │ gzip:   0.20 kB
public/build/assets/messages-square-4czSLx09.js                          0.25 kB │ gzip:   0.20 kB
public/build/assets/link-DBRYkd4a.js                                     0.26 kB │ gzip:   0.19 kB
public/build/assets/hr-hero-CBsElb0S.js                                  0.26 kB │ gzip:   0.22 kB
public/build/assets/wrench-DBNJD1X8.js                                   0.26 kB │ gzip:   0.20 kB
public/build/assets/upload-CLtujMBw.js                                   0.26 kB │ gzip:   0.22 kB
public/build/assets/calendar-BN4hrYHd.js                                 0.26 kB │ gzip:   0.20 kB
public/build/assets/log-out-b9JTikyy.js                                  0.26 kB │ gzip:   0.22 kB
public/build/assets/ticket-check-CjqJglOO.js                             0.26 kB │ gzip:   0.20 kB
public/build/assets/log-in-BNTjs22V.js                                   0.26 kB │ gzip:   0.22 kB
public/build/assets/file-minus-CBtJfsrW.js                               0.26 kB │ gzip:   0.19 kB
public/build/assets/key-CXq-ljWv.js                                      0.26 kB │ gzip:   0.22 kB
public/build/assets/monitor-C3pS7Qo4.js                                  0.26 kB │ gzip:   0.20 kB
public/build/assets/message-square-warning-C2R2WCzK.js                   0.26 kB │ gzip:   0.20 kB
public/build/assets/utensils-IovWyzKn.js                                 0.26 kB │ gzip:   0.20 kB
public/build/assets/download-Cx-1JSgR.js                                 0.26 kB │ gzip:   0.22 kB
public/build/assets/zap-BRNKrG8A.js                                      0.26 kB │ gzip:   0.21 kB
public/build/assets/triangle-alert-xZjCuANr.js                           0.26 kB │ gzip:   0.21 kB
public/build/assets/leaf-D1VKjlXF.js                                     0.26 kB │ gzip:   0.23 kB
public/build/assets/file-check-CNhH8eNm.js                               0.26 kB │ gzip:   0.20 kB
public/build/assets/workflow-BNRiTDSn.js                                 0.26 kB │ gzip:   0.20 kB
public/build/assets/mic-CQ8VUBkC.js                                      0.26 kB │ gzip:   0.21 kB
public/build/assets/shield-C0K_NSJs.js                                   0.27 kB │ gzip:   0.22 kB
public/build/assets/list-plus-MShIocvt.js                                0.27 kB │ gzip:   0.19 kB
public/build/assets/battery-low-BgcI6dJX.js                              0.27 kB │ gzip:   0.21 kB
public/build/assets/timer-reset-Dj4NJXgg.js                              0.27 kB │ gzip:   0.21 kB
public/build/assets/award-CPxkK3mM.js                                    0.27 kB │ gzip:   0.22 kB
public/build/assets/eraser-P704YPDY.js                                   0.27 kB │ gzip:   0.22 kB
public/build/assets/image-B4Pr535Q.js                                    0.27 kB │ gzip:   0.22 kB
public/build/assets/repeat-DGFzSGuz.js                                   0.27 kB │ gzip:   0.20 kB
public/build/assets/arrow-up-CPCq1NuP.js                                 0.27 kB │ gzip:   0.20 kB
public/build/assets/flame-DSR7MPVw.js                                    0.27 kB │ gzip:   0.22 kB
public/build/assets/git-branch-DM4WVbTV.js                               0.27 kB │ gzip:   0.22 kB
public/build/assets/pencil-ChyBJxv5.js                                   0.28 kB │ gzip:   0.23 kB
public/build/assets/pen-line-C5tnRCPk.js                                 0.28 kB │ gzip:   0.23 kB
public/build/assets/list-checks-DXvLTQG0.js                              0.28 kB │ gzip:   0.19 kB
public/build/assets/book-open-BNydznJL.js                                0.28 kB │ gzip:   0.20 kB
public/build/assets/file-diff-BQnKLPLD.js                                0.28 kB │ gzip:   0.20 kB
public/build/assets/wifi-C3Q6_B45.js                                     0.28 kB │ gzip:   0.20 kB
public/build/assets/lightbulb-DEa-vTIU.js                                0.28 kB │ gzip:   0.22 kB
public/build/assets/file-plus-2-3MiysCHD.js                              0.28 kB │ gzip:   0.21 kB
public/build/assets/layout-template-DBs7Lteo.js                          0.28 kB │ gzip:   0.19 kB
public/build/assets/inbox-B0OzF7hv.js                                    0.29 kB │ gzip:   0.23 kB
public/build/assets/wallet-CbW6Ly4P.js                                   0.29 kB │ gzip:   0.20 kB
public/build/assets/shopping-cart-D-BDUtxi.js                            0.29 kB │ gzip:   0.23 kB
public/build/assets/shirt-slIsj74q.js                                    0.29 kB │ gzip:   0.23 kB
public/build/assets/files-Dg4zF9Zq.js                                    0.29 kB │ gzip:   0.21 kB
public/build/assets/house-DIh3HCgq.js                                    0.29 kB │ gzip:   0.22 kB
public/build/assets/bell-PPFFFtKc.js                                     0.29 kB │ gzip:   0.24 kB
public/build/assets/use-initials-U-N8N3-N.js                             0.29 kB │ gzip:   0.20 kB
public/build/assets/send-n8yWIUBY.js                                     0.29 kB │ gzip:   0.23 kB
public/build/assets/folder-open-BTPmhFT-.js                              0.29 kB │ gzip:   0.22 kB
public/build/assets/receipt-Lt8OvSZA.js                                  0.29 kB │ gzip:   0.21 kB
public/build/assets/governance-permissions-oQG3y2Ya.js                   0.29 kB │ gzip:   0.19 kB
public/build/assets/link-2-off-DbNAQEfY.js                               0.29 kB │ gzip:   0.21 kB
public/build/assets/smile-P0fnmMyW.js                                    0.29 kB │ gzip:   0.22 kB
public/build/assets/grid-3x3-BUhGhPZD.js                                 0.29 kB │ gzip:   0.21 kB
public/build/assets/bed-double-BmRkvUw5.js                               0.30 kB │ gzip:   0.21 kB
public/build/assets/heart-crack-Y5YvWoUV.js                              0.30 kB │ gzip:   0.24 kB
public/build/assets/hash-5stPT4FI.js                                     0.30 kB │ gzip:   0.19 kB
public/build/assets/receipt-text-Du5iPEk5.js                             0.30 kB │ gzip:   0.20 kB
public/build/assets/maximize-2-Bp_taY2x.js                               0.30 kB │ gzip:   0.21 kB
public/build/assets/list-todo-zLvTh4lp.js                                0.30 kB │ gzip:   0.22 kB
public/build/assets/paperclip-B47Mop1w.js                                0.30 kB │ gzip:   0.23 kB
public/build/assets/file-up-BN_Mqlm0.js                                  0.30 kB │ gzip:   0.21 kB
public/build/assets/gavel-CjrOoOt_.js                                    0.30 kB │ gzip:   0.21 kB
public/build/assets/flask-conical-BEmMOjir.js                            0.30 kB │ gzip:   0.23 kB
public/build/assets/thumbs-up-DKoHARco.js                                0.30 kB │ gzip:   0.24 kB
public/build/assets/list-kh-b_WTb.js                                     0.30 kB │ gzip:   0.18 kB
public/build/assets/file-down-BHBiRRAc.js                                0.30 kB │ gzip:   0.21 kB
public/build/assets/thumbs-down-FergseHg.js                              0.30 kB │ gzip:   0.24 kB
public/build/assets/minimize-2-DcDqB-ST.js                               0.30 kB │ gzip:   0.21 kB
public/build/assets/clipboard-check-CGO9GAWg.js                          0.30 kB │ gzip:   0.23 kB
public/build/assets/file-clock-CYlOwBuz.js                               0.30 kB │ gzip:   0.23 kB
public/build/assets/users-BjGV7plm.js                                    0.30 kB │ gzip:   0.23 kB
public/build/assets/calendar-check-BZvWwLmi.js                           0.30 kB │ gzip:   0.22 kB
public/build/assets/coffee-C25nLPHv.js                                   0.30 kB │ gzip:   0.21 kB
public/build/assets/user-x-BwSMtfD4.js                                   0.30 kB │ gzip:   0.23 kB
public/build/assets/folder-plus-CTGEqXCa.js                              0.30 kB │ gzip:   0.22 kB
public/build/assets/chef-hat-D_yB1Hjg.js                                 0.31 kB │ gzip:   0.24 kB
public/build/assets/user-plus-lEBlbQZJ.js                                0.31 kB │ gzip:   0.23 kB
public/build/assets/box-DiJXbiSY.js                                      0.31 kB │ gzip:   0.23 kB
public/build/assets/heart-pulse-DLfEy0mh.js                              0.31 kB │ gzip:   0.25 kB
public/build/assets/piggy-bank-D-l6cCSR.js                               0.31 kB │ gzip:   0.25 kB
public/build/assets/badge-check-Byd_QMwD.js                              0.31 kB │ gzip:   0.21 kB
public/build/assets/hard-hat-yocFE9Rj.js                                 0.32 kB │ gzip:   0.23 kB
public/build/assets/shield-check-C6c-QinX.js                             0.32 kB │ gzip:   0.25 kB
public/build/assets/printer-CIjADwqJ.js                                  0.32 kB │ gzip:   0.24 kB
public/build/assets/square-pen-3ip7LqZW.js                               0.32 kB │ gzip:   0.24 kB
public/build/assets/refresh-ccw-BH_nCQpp.js                              0.32 kB │ gzip:   0.23 kB
public/build/assets/ticket-C3BugZJD.js                                   0.32 kB │ gzip:   0.21 kB
public/build/assets/tag-DuqxDc5r.js                                      0.32 kB │ gzip:   0.25 kB
public/build/assets/hand-helping-DK6U_3km.js                             0.32 kB │ gzip:   0.25 kB
public/build/assets/id-card-Bvc22e6j.js                                  0.32 kB │ gzip:   0.24 kB
public/build/assets/mail-warning-D_sljyjo.js                             0.32 kB │ gzip:   0.24 kB
public/build/assets/save-CVMBe7Cs.js                                     0.33 kB │ gzip:   0.23 kB
public/build/assets/scan-line-Cr6f0Fag.js                                0.33 kB │ gzip:   0.22 kB
public/build/assets/graduation-cap-ZMbvNqqZ.js                           0.33 kB │ gzip:   0.25 kB
public/build/assets/list-ordered-C7eThWKZ.js                             0.33 kB │ gzip:   0.21 kB
public/build/assets/file-text-CZPB-Ho8.js                                0.33 kB │ gzip:   0.22 kB
public/build/assets/book-open-check-CMv9Bu_Z.js                          0.33 kB │ gzip:   0.23 kB
public/build/assets/clipboard-plus-OGm6aIcT.js                           0.33 kB │ gzip:   0.24 kB
public/build/assets/alarm-clock-CFhWszWz.js                              0.33 kB │ gzip:   0.23 kB
public/build/assets/contact-1JIXshi0.js                                  0.33 kB │ gzip:   0.24 kB
public/build/assets/calendar-x-B23Zb-9b.js                               0.34 kB │ gzip:   0.23 kB
public/build/assets/accessibility-BvF_-sTG.js                            0.34 kB │ gzip:   0.24 kB
public/build/assets/archive-restore-C3EbYY92.js                          0.34 kB │ gzip:   0.24 kB
public/build/assets/stethoscope-DH6hsI8C.js                              0.34 kB │ gzip:   0.24 kB
public/build/assets/shield-plus-DTwE1Q4y.js                              0.34 kB │ gzip:   0.26 kB
public/build/assets/layout-grid-CWZYol9o.js                              0.34 kB │ gzip:   0.19 kB
public/build/assets/pin-Dccz9-IA.js                                      0.35 kB │ gzip:   0.24 kB
public/build/assets/file-image-DkJC_lb1.js                               0.35 kB │ gzip:   0.25 kB
public/build/assets/scroll-text-Co_USWmh.js                              0.35 kB │ gzip:   0.23 kB
public/build/assets/key-round-BRT0oNip.js                                0.35 kB │ gzip:   0.26 kB
public/build/assets/layout-dashboard-RaW9Q9mJ.js                         0.35 kB │ gzip:   0.21 kB
public/build/assets/shield-alert-VSu3RgEN.js                             0.35 kB │ gzip:   0.26 kB
public/build/assets/file-chart-column-increasing-C1BVkDHJ.js             0.35 kB │ gzip:   0.23 kB
public/build/assets/webhook-DH-OvT_l.js                                  0.35 kB │ gzip:   0.26 kB
public/build/assets/crosshair-D_5dNg2B.js                                0.35 kB │ gzip:   0.21 kB
public/build/assets/calendar-plus-CWTALjHi.js                            0.35 kB │ gzip:   0.23 kB
public/build/assets/shield-x-CutPzUnJ.js                                 0.36 kB │ gzip:   0.26 kB
public/build/assets/gift-D4lbz48e.js                                     0.36 kB │ gzip:   0.25 kB
public/build/assets/trash-2-MhXXby8z.js                                  0.36 kB │ gzip:   0.25 kB
public/build/assets/calendar-x-2-DU3IoIHR.js                             0.36 kB │ gzip:   0.23 kB
public/build/assets/bell-plus-DiBxuEFp.js                                0.36 kB │ gzip:   0.26 kB
public/build/assets/layout-list-CBciNFAH.js                              0.36 kB │ gzip:   0.22 kB
public/build/assets/warehouse-B_BYkI2j.js                                0.36 kB │ gzip:   0.25 kB
public/build/assets/utensils-crossed-C__XdmF5.js                         0.36 kB │ gzip:   0.25 kB
public/build/assets/syringe-BeXmNO8c.js                                  0.36 kB │ gzip:   0.25 kB
public/build/assets/crown-BFahETL1.js                                    0.36 kB │ gzip:   0.26 kB
public/build/assets/image-plus-BhWFOLTQ.js                               0.36 kB │ gzip:   0.25 kB
public/build/assets/sparkle-C3dRPlCi.js                                  0.36 kB │ gzip:   0.24 kB
public/build/assets/scale-DNlvn2zZ.js                                    0.36 kB │ gzip:   0.23 kB
public/build/assets/grip-vertical-eq8794kU.js                            0.36 kB │ gzip:   0.19 kB
public/build/assets/fuel-Cb3Udx3O.js                                     0.37 kB │ gzip:   0.24 kB
public/build/assets/door-open-3b_zeVaN.js                                0.37 kB │ gzip:   0.25 kB
public/build/assets/droplets-hphr1N0P.js                                 0.37 kB │ gzip:   0.28 kB
public/build/assets/hammer-Bzq7biuG.js                                   0.37 kB │ gzip:   0.27 kB
public/build/assets/file-pen-Hu629n-D.js                                 0.37 kB │ gzip:   0.26 kB
public/build/assets/package-C2Ur1rpw.js                                  0.37 kB │ gzip:   0.25 kB
public/build/assets/index-B0Z-ysPe.js                                    0.37 kB │ gzip:   0.22 kB
public/build/assets/file-spreadsheet-AbVO7mah.js                         0.37 kB │ gzip:   0.23 kB
public/build/assets/life-buoy-B01yG1nM.js                                0.37 kB │ gzip:   0.22 kB
public/build/assets/calendar-clock-CIFi1kOC.js                           0.38 kB │ gzip:   0.25 kB
public/build/assets/shield-question-QFtIabWW.js                          0.38 kB │ gzip:   0.28 kB
public/build/assets/network-B6QhJyqf.js                                  0.38 kB │ gzip:   0.24 kB
public/build/assets/calendar-off-Bq82vLKS.js                             0.38 kB │ gzip:   0.25 kB
public/build/assets/tags-CZRJn1yV.js                                     0.39 kB │ gzip:   0.28 kB
public/build/assets/fleet-return-D12Z1ydP.js                             0.39 kB │ gzip:   0.24 kB
public/build/assets/baby-DdFbQQ2L.js                                     0.39 kB │ gzip:   0.26 kB
public/build/assets/hard-drive-ChQkLsQV.js                               0.39 kB │ gzip:   0.26 kB
public/build/assets/job-posting-constants-CneitmEO.js                    0.39 kB │ gzip:   0.23 kB
public/build/assets/file-pen-line-C0vWmemH.js                            0.39 kB │ gzip:   0.26 kB
public/build/assets/phone-CFpPwd2-.js                                    0.39 kB │ gzip:   0.25 kB
public/build/assets/bell-ring-B-IK5yxU.js                                0.40 kB │ gzip:   0.28 kB
public/build/assets/map-pinned-DAHQ7RGX.js                               0.40 kB │ gzip:   0.29 kB
public/build/assets/shield-off--4DLEJVe.js                               0.40 kB │ gzip:   0.28 kB
public/build/assets/truck-D3PPQsu4.js                                    0.40 kB │ gzip:   0.27 kB
public/build/assets/sprout-ZNApvVql.js                                   0.40 kB │ gzip:   0.28 kB
public/build/assets/car-CaFtbVIS.js                                      0.40 kB │ gzip:   0.28 kB
public/build/assets/locate-fixed-BYYQVFZC.js                             0.40 kB │ gzip:   0.23 kB
public/build/assets/hand-hcRd9eml.js                                     0.41 kB │ gzip:   0.25 kB
public/build/assets/landmark-CAdyBrmD.js                                 0.41 kB │ gzip:   0.23 kB
public/build/assets/hand-coins-C4BV8mQI.js                               0.41 kB │ gzip:   0.29 kB
public/build/assets/clipboard-list-D5AI8jAG.js                           0.41 kB │ gzip:   0.26 kB
public/build/assets/transport-medication-replay-BHJ1kQIZ.js              0.41 kB │ gzip:   0.29 kB
public/build/assets/loader-DZIeFOsp.js                                   0.41 kB │ gzip:   0.24 kB
public/build/assets/mouse-pointer-click-CLcwOSoU.js                      0.41 kB │ gzip:   0.28 kB
public/build/assets/calendar-range-eJV-d_AU.js                           0.41 kB │ gzip:   0.25 kB
public/build/assets/waypoints-BDZglzig.js                                0.41 kB │ gzip:   0.25 kB
public/build/assets/layers-CJgxVQ23.js                                   0.42 kB │ gzip:   0.24 kB
public/build/assets/mic-off-Bg_eHHfh.js                                  0.42 kB │ gzip:   0.27 kB
public/build/assets/waves-CCsZFxE8.js                                    0.42 kB │ gzip:   0.21 kB
public/build/assets/skeleton-CDTEQwaO.js                                 0.42 kB │ gzip:   0.32 kB
public/build/assets/package-check-pvX2HowU.js                            0.42 kB │ gzip:   0.29 kB
public/build/assets/octagon-alert-CrcJl6jl.js                            0.43 kB │ gzip:   0.25 kB
public/build/assets/cable-CCZNlrc6.js                                    0.43 kB │ gzip:   0.25 kB
public/build/assets/eye-off-Bucwfox0.js                                  0.43 kB │ gzip:   0.27 kB
public/build/assets/building-2-3pu2B5dC.js                               0.44 kB │ gzip:   0.25 kB
public/build/assets/heading-small-B1QYXXBZ.js                            0.44 kB │ gzip:   0.32 kB
public/build/assets/handshake-CdiM4zDR.js                                0.45 kB │ gzip:   0.28 kB
public/build/assets/hand-heart-BMxg9NJy.js                               0.45 kB │ gzip:   0.31 kB
public/build/assets/bus-DgvE7Xcj.js                                      0.45 kB │ gzip:   0.28 kB
public/build/assets/footprints-CJLU-BaD.js                               0.45 kB │ gzip:   0.30 kB
public/build/assets/radio-tower-CJFNAye2.js                              0.45 kB │ gzip:   0.29 kB
public/build/assets/input-error-DCYErTdJ.js                              0.46 kB │ gzip:   0.32 kB
public/build/assets/wifi-off-BvD32hX3.js                                 0.46 kB │ gzip:   0.27 kB
public/build/assets/scan-eye-_L9-C7yg.js                                 0.46 kB │ gzip:   0.28 kB
public/build/assets/heart-handshake-CJJpnKv2.js                          0.46 kB │ gzip:   0.31 kB
public/build/assets/spinner-DZxUV2yc.js                                  0.46 kB │ gzip:   0.33 kB
public/build/assets/person-standing-CAODlTir.js                          0.46 kB │ gzip:   0.31 kB
public/build/assets/trophy-CqfyE7Ni.js                                   0.46 kB │ gzip:   0.28 kB
public/build/assets/pen-tool-CcNDvtkm.js                                 0.47 kB │ gzip:   0.30 kB
public/build/assets/siren-CiFJFdMS.js                                    0.47 kB │ gzip:   0.27 kB
public/build/assets/star-De7l3MMn.js                                     0.47 kB │ gzip:   0.29 kB
public/build/assets/sun-muMg3ErS.js                                      0.47 kB │ gzip:   0.26 kB
public/build/assets/notebook-pen-DdwsZbnP.js                             0.47 kB │ gzip:   0.28 kB
public/build/assets/cake-B5zQlQxd.js                                     0.49 kB │ gzip:   0.26 kB
public/build/assets/cctv-B09eWme8.js                                     0.49 kB │ gzip:   0.30 kB
public/build/assets/calendar-days-BtdGzLno.js                            0.49 kB │ gzip:   0.26 kB
public/build/assets/cpu-BKAIDcSq.js                                      0.50 kB │ gzip:   0.26 kB
public/build/assets/radar-12OcnvE7.js                                    0.50 kB │ gzip:   0.30 kB
public/build/assets/sparkles-D-W5IYnA.js                                 0.51 kB │ gzip:   0.30 kB
public/build/assets/wand-sparkles-vV77wAXB.js                            0.51 kB │ gzip:   0.29 kB
public/build/assets/ambulance-Chl2dPnS.js                                0.51 kB │ gzip:   0.31 kB
public/build/assets/_helpers-Ayp0jCez.js                                 0.51 kB │ gzip:   0.33 kB
public/build/assets/unlink-0XlLo1Pb.js                                   0.53 kB │ gzip:   0.30 kB
public/build/assets/calculator-D6yttZdg.js                               0.53 kB │ gzip:   0.28 kB
public/build/assets/circle-dashed-DzbForv1.js                            0.57 kB │ gzip:   0.28 kB
public/build/assets/use-alert-workspace-focus-return-DGVRYbyO.js         0.58 kB │ gzip:   0.35 kB
public/build/assets/package-open-DE4QrRVh.js                             0.58 kB │ gzip:   0.33 kB
public/build/assets/i18n-Dncd9j2h.js                                     0.58 kB │ gzip:   0.39 kB
public/build/assets/user-cog-7aYpMzai.js                                 0.58 kB │ gzip:   0.31 kB
public/build/assets/sliders-horizontal-q_G8yIZH.js                       0.58 kB │ gzip:   0.27 kB
public/build/assets/send-to-back-DVVIrk5Y.js                             0.58 kB │ gzip:   0.31 kB
public/build/assets/fingerprint-SpkhDRBP.js                              0.60 kB │ gzip:   0.35 kB
public/build/assets/label-DCjEnjsZ.js                                    0.61 kB │ gzip:   0.39 kB
public/build/assets/form-request-errors-BSRXMDrM.js                      0.63 kB │ gzip:   0.36 kB
public/build/assets/loading-state-DPmQHGgY.js                            0.64 kB │ gzip:   0.43 kB
public/build/assets/text-link-RogODYI2.js                                0.65 kB │ gzip:   0.42 kB
public/build/assets/qr-code-CdJBE_jT.js                                  0.65 kB │ gzip:   0.31 kB
public/build/assets/server-DyY9LLfE.js                                   0.66 kB │ gzip:   0.37 kB
public/build/assets/collapsible-dZ42gUqn.js                              0.66 kB │ gzip:   0.28 kB
public/build/assets/resident-dot-BLoyRUP7.js                             0.67 kB │ gzip:   0.46 kB
public/build/assets/fleet-stat-card-BmUVCvc7.js                          0.72 kB │ gzip:   0.44 kB
public/build/assets/party-popper-oD_h2JDv.js                             0.72 kB │ gzip:   0.41 kB
public/build/assets/settings--fNdD2hM.js                                 0.72 kB │ gzip:   0.34 kB
public/build/assets/textarea-C_9uu-fb.js                                 0.73 kB │ gzip:   0.47 kB
public/build/assets/meeting-workspace-links-BSKYBk34.js                  0.73 kB │ gzip:   0.40 kB
public/build/assets/brain-DwDw97QS.js                                    0.73 kB │ gzip:   0.35 kB
public/build/assets/separator-DcAv2UUF.js                                0.77 kB │ gzip:   0.45 kB
public/build/assets/page-shell-B7eQidXD.js                               0.77 kB │ gzip:   0.45 kB
public/build/assets/shared-DHJYl7e2.js                                   0.77 kB │ gzip:   0.40 kB
public/build/assets/shared-D3Yvwbxq.js                                   0.77 kB │ gzip:   0.39 kB
public/build/assets/shift-row-types-DQA9BK_P.js                          0.80 kB │ gzip:   0.38 kB
public/build/assets/hr-tabs-D8RBQ2_A.js                                  0.81 kB │ gzip:   0.51 kB
public/build/assets/ops-stat-card-CjqJQoZw.js                            0.81 kB │ gzip:   0.48 kB
public/build/assets/progress-BxLvrMK0.js                                 0.82 kB │ gzip:   0.54 kB
public/build/assets/readable-operational-state-CK8MzJI-.js               0.85 kB │ gzip:   0.45 kB
public/build/assets/boxes-CmeH8jkz.js                                    0.85 kB │ gzip:   0.40 kB
public/build/assets/wizard-DF_QPOrg.js                                   0.87 kB │ gzip:   0.55 kB
public/build/assets/wizard-NNmqhkha.js                                   0.87 kB │ gzip:   0.55 kB
public/build/assets/list-caption-hE5ckvXY.js                             0.91 kB │ gzip:   0.54 kB
public/build/assets/index-CSEUMRIG.js                                    0.92 kB │ gzip:   0.53 kB
public/build/assets/now-rule-P7hRYwwd.js                                 0.95 kB │ gzip:   0.58 kB
public/build/assets/hero-action-button-D-GVyXk8.js                       0.95 kB │ gzip:   0.55 kB
public/build/assets/page-layout-DtSKkYRB.js                              0.97 kB │ gzip:   0.56 kB
public/build/assets/governance-dialog-deep-link-BLAMUST6.js              0.98 kB │ gzip:   0.58 kB
public/build/assets/settings-tabs-XZvWTrEy.js                            0.99 kB │ gzip:   0.54 kB
public/build/assets/error-state-BsFzY4PD.js                              1.01 kB │ gzip:   0.62 kB
public/build/assets/use-settings-leave-confirmation-_sN1T8um.js          1.02 kB │ gzip:   0.61 kB
public/build/assets/presence-dot-CuGnqH3Y.js                             1.04 kB │ gzip:   0.58 kB
public/build/assets/input-49RbooBa.js                                    1.05 kB │ gzip:   0.59 kB
public/build/assets/command-centre-page-q2_mMUXd.js                      1.05 kB │ gzip:   0.59 kB
public/build/assets/switch-DZPR4_MT.js                                   1.06 kB │ gzip:   0.61 kB
public/build/assets/_shared-BN-lC1nz.js                                  1.07 kB │ gzip:   0.56 kB
public/build/assets/governance-work-CPDXtwsY.js                          1.09 kB │ gzip:   0.59 kB
public/build/assets/hover-action-vLW4u2SF.js                             1.09 kB │ gzip:   0.65 kB
public/build/assets/WidgetCard-2tC8eOcV.js                               1.10 kB │ gzip:   0.62 kB
public/build/assets/micro-stats-BKNykt34.js                              1.11 kB │ gzip:   0.61 kB
public/build/assets/confetti-8ALvzRDJ.js                                 1.11 kB │ gzip:   0.65 kB
public/build/assets/avatar-Cz9SiJ4o.js                                   1.14 kB │ gzip:   0.44 kB
public/build/assets/checkbox-BAl4tBSt.js                                 1.15 kB │ gzip:   0.63 kB
public/build/assets/GovernanceHomeRail-BkYQcnqA.js                       1.21 kB │ gzip:   0.67 kB
public/build/assets/_confirm-action-CxjMs0-U.js                          1.24 kB │ gzip:   0.70 kB
public/build/assets/wizard-stepper-CEAKN_Pt.js                           1.24 kB │ gzip:   0.67 kB
public/build/assets/handover-person-notes-CbHlG0Rx.js                    1.25 kB │ gzip:   0.63 kB
public/build/assets/task-api-LDQPp0GA.js                                 1.27 kB │ gzip:   0.81 kB
public/build/assets/_types-Bdo8GrIg.js                                   1.29 kB │ gzip:   0.67 kB
public/build/assets/medication-stock-governance-C5VIWPFO.js              1.30 kB │ gzip:   0.60 kB
public/build/assets/radio-group-BwKBPOKb.js                              1.31 kB │ gzip:   0.65 kB
public/build/assets/DiscardDraftDialog-BABy-JmA.js                       1.32 kB │ gzip:   0.76 kB
public/build/assets/_attachments-CirbnpiG.js                             1.32 kB │ gzip:   0.74 kB
public/build/assets/stream-grouping-DxjzPWpi.js                          1.35 kB │ gzip:   0.73 kB
public/build/assets/staff-avatar-hNaTjCC4.js                             1.35 kB │ gzip:   0.81 kB
public/build/assets/workflow-ribbon-gvhqbArX.js                          1.35 kB │ gzip:   0.70 kB
public/build/assets/shift-status-badge-BNqv5XoY.js                       1.36 kB │ gzip:   0.67 kB
public/build/assets/timesheet-status-badge-BzqCkWpH.js                   1.36 kB │ gzip:   0.66 kB
public/build/assets/fleet-responsive-list-CgDsyRvl.js                    1.38 kB │ gzip:   0.70 kB
public/build/assets/sso-sign-in-buttons-9niDESjT.js                      1.40 kB │ gzip:   0.71 kB
public/build/assets/site-credentials-CuhrbwjV.js                         1.43 kB │ gzip:   0.75 kB
public/build/assets/_helpers-DwiQF0jk.js                                 1.46 kB │ gzip:   0.80 kB
public/build/assets/fleet-empty-state-C2qpB02B.js                        1.46 kB │ gzip:   0.77 kB
public/build/assets/journey-reference-strip-pm5NcpKt.js                  1.46 kB │ gzip:   0.81 kB
public/build/assets/GovernanceSectionRail-8rwyq3vj.js                    1.47 kB │ gzip:   0.82 kB
public/build/assets/index-DcmOMlk_.js                                    1.50 kB │ gzip:   0.52 kB
public/build/assets/badge-CZnzl86v.js                                    1.53 kB │ gzip:   0.77 kB
public/build/assets/shift-types-ji7UUZeX.js                              1.54 kB │ gzip:   0.78 kB
public/build/assets/date-time-field-DX1Lyqbu.js                          1.54 kB │ gzip:   0.78 kB
public/build/assets/performance-tabs-Dwg2-XxN.js                         1.55 kB │ gzip:   0.74 kB
public/build/assets/confirm-dialog-BbNKEC44.js                           1.57 kB │ gzip:   0.86 kB
public/build/assets/mini-sparkline-D7i7f6lZ.js                           1.58 kB │ gzip:   0.91 kB
public/build/assets/verify-email-DcfTClpF.js                             1.58 kB │ gzip:   0.85 kB
public/build/assets/status-badge-BcV9Cyb7.js                             1.61 kB │ gzip:   0.78 kB
public/build/assets/control-room-vocab-D6aa47I2.js                       1.62 kB │ gzip:   0.64 kB
public/build/assets/popover-ifeG7vZg.js                                  1.64 kB │ gzip:   0.70 kB
public/build/assets/ops-charts-CfZvOWbq.js                               1.65 kB │ gzip:   0.78 kB
public/build/assets/alert-CF50OPgI.js                                    1.69 kB │ gzip:   0.74 kB
public/build/assets/alert-status-1BYEwKPx.js                             1.69 kB │ gzip:   0.79 kB
public/build/assets/report-incident-dialog-DsSZhP01.js                   1.70 kB │ gzip:   0.89 kB
public/build/assets/laravel-pagination-0lioK-r1.js                       1.70 kB │ gzip:   0.84 kB
public/build/assets/money-L4nGavLX.js                                    1.71 kB │ gzip:   0.97 kB
public/build/assets/card-C9LxLdKv.js                                     1.77 kB │ gzip:   0.57 kB
public/build/assets/_helpers-C4rcmJ3a.js                                 1.77 kB │ gzip:   0.76 kB
public/build/assets/documents-tabs-DqVqYNet.js                           1.78 kB │ gzip:   0.93 kB
public/build/assets/api-BBPNyqfK.js                                      1.79 kB │ gzip:   0.94 kB
public/build/assets/workflow-ribbon-BLS_LxyM.js                          1.80 kB │ gzip:   0.80 kB
public/build/assets/overlay-focus-return-4ESXsuki.js                     1.82 kB │ gzip:   0.89 kB
public/build/assets/tooltip-DVHxUwor.js                                  1.82 kB │ gzip:   0.84 kB
public/build/assets/control-room-alert-row-actions-CckjndQj.js           1.85 kB │ gzip:   0.69 kB
public/build/assets/options-BwkaeHrx.js                                  1.86 kB │ gzip:   0.72 kB
public/build/assets/my-day-list-q1itjVfJ.js                              1.86 kB │ gzip:   0.90 kB
public/build/assets/accordion-D5oIvb9P.js                                1.87 kB │ gzip:   0.85 kB
public/build/assets/journey-gate-list-CL5bOy2k.js                        1.87 kB │ gzip:   0.86 kB
public/build/assets/fleet-utils-t-7nXUHw.js                              1.90 kB │ gzip:   0.72 kB
public/build/assets/_helpers-BvplHvQW.js                                 1.94 kB │ gzip:   1.04 kB
public/build/assets/draft-resume-prompt-Bmgs8wfe.js                      1.95 kB │ gzip:   1.01 kB
public/build/assets/respite-subnav-DVA95RUh.js                           2.01 kB │ gzip:   0.96 kB
public/build/assets/handover-follow-ups-CM70PA0k.js                      2.02 kB │ gzip:   1.02 kB
public/build/assets/button-DhhB9F7m.js                                   2.05 kB │ gzip:   0.96 kB
public/build/assets/address-autocomplete-DsU6B5_L.js                     2.07 kB │ gzip:   1.14 kB
public/build/assets/confirm-password-BbuaGAPo.js                         2.07 kB │ gzip:   1.04 kB
public/build/assets/_dialogs-B3xwxn4X.js                                 2.08 kB │ gzip:   1.11 kB
public/build/assets/governance-calendar-adapter-BoWwsrz5.js              2.10 kB │ gzip:   1.01 kB
public/build/assets/_create-recovery-i6Ou491d.js                         2.10 kB │ gzip:   1.07 kB
public/build/assets/use-personal-location-privacy-k70ZMAas.js            2.16 kB │ gzip:   0.99 kB
public/build/assets/reports-tabs-s5Agw6D3.js                             2.17 kB │ gzip:   1.07 kB
public/build/assets/attention-panel-UoNnBEu0.js                          2.17 kB │ gzip:   0.99 kB
public/build/assets/task-step-draft-40b6y76X.js                          2.18 kB │ gzip:   1.13 kB
public/build/assets/payroll-hero-DrWeqfmw.js                             2.28 kB │ gzip:   1.10 kB
public/build/assets/_shared-OjB6Ci5P.js                                  2.30 kB │ gzip:   1.18 kB
public/build/assets/_memory-recovery-KPLCXoTQ.js                         2.31 kB │ gzip:   1.21 kB
public/build/assets/_shared-D11GlGIM.js                                  2.34 kB │ gzip:   1.14 kB
public/build/assets/reason-dialog-D5lvLefo.js                            2.34 kB │ gzip:   1.28 kB
public/build/assets/table-DHtHPBEX.js                                    2.42 kB │ gzip:   0.67 kB
public/build/assets/drills-CFp62Lyu.js                                   2.43 kB │ gzip:   1.13 kB
public/build/assets/_icons-D8ESWxK_.js                                   2.45 kB │ gzip:   1.15 kB
public/build/assets/first-aid-BjMMIUsQ.js                                2.47 kB │ gzip:   1.15 kB
public/build/assets/task-help-inbox-DbD2LQzv.js                          2.48 kB │ gzip:   1.34 kB
public/build/assets/datetime-Cj7rLFb1.js                                 2.50 kB │ gzip:   1.10 kB
public/build/assets/finance-section-rail-CoQKnIC-.js                     2.53 kB │ gzip:   1.28 kB
public/build/assets/fleet-header-BpkvOyPM.js                             2.55 kB │ gzip:   1.27 kB
public/build/assets/provisioning-request-files-BR9rM97t.js               2.56 kB │ gzip:   1.26 kB
public/build/assets/text-prompt-dialog-CqLCm_AN.js                       2.62 kB │ gzip:   1.41 kB
public/build/assets/services-OVTkEkQl.js                                 2.63 kB │ gzip:   1.20 kB
public/build/assets/shift-context-menu-CNRM9i7R.js                       2.64 kB │ gzip:   1.37 kB
public/build/assets/provisioning-command-fields-4x2FBuJS.js              2.68 kB │ gzip:   1.16 kB
public/build/assets/care-plan-domains-DrXcsT3e.js                        2.69 kB │ gzip:   1.26 kB
public/build/assets/donut-chart-BjEVgtH7.js                              2.71 kB │ gzip:   1.35 kB
public/build/assets/donut-RxOXSbq7.js                                    2.74 kB │ gzip:   1.38 kB
public/build/assets/index-BjmjDcUN.js                                    2.76 kB │ gzip:   0.71 kB
public/build/assets/status-badge-3QlJuqdd.js                             2.76 kB │ gzip:   1.29 kB
public/build/assets/readiness-DLpXwD4L.js                                2.79 kB │ gzip:   1.36 kB
public/build/assets/financials-CefTgo6R.js                               2.80 kB │ gzip:   1.36 kB
public/build/assets/safety-register-Coh20AYP.js                          2.83 kB │ gzip:   1.34 kB
public/build/assets/ppe-DB4Crqy7.js                                      2.84 kB │ gzip:   1.11 kB
public/build/assets/register-row-kit-DYBAbrfL.js                         2.86 kB │ gzip:   1.16 kB
public/build/assets/lifecycle-tabs-BdK3nWCZ.js                           2.88 kB │ gzip:   1.47 kB
public/build/assets/_tabs-Dbc9V_lH.js                                    2.90 kB │ gzip:   1.48 kB
public/build/assets/_note-category-picker-c8G-p5Fw.js                    2.92 kB │ gzip:   1.38 kB
public/build/assets/use-create-shift-launcher-mrcU-pNq.js                2.92 kB │ gzip:   1.44 kB
public/build/assets/use-form-autosave-Crmpyemr.js                        2.92 kB │ gzip:   1.46 kB
public/build/assets/toolbar-DuQAojrl.js                                  2.92 kB │ gzip:   1.41 kB
public/build/assets/hs-detail-dialog-DlJLsJnn.js                         2.93 kB │ gzip:   1.34 kB
public/build/assets/notification-catalog-DveZKd9k.js                     2.96 kB │ gzip:   0.93 kB
public/build/assets/forgot-password--8mE1lkC.js                          2.99 kB │ gzip:   1.44 kB
public/build/assets/auth-layout-CZtzJmh4.js                              3.03 kB │ gzip:   1.37 kB
public/build/assets/report-launcher-BskkEq49.js                          3.03 kB │ gzip:   1.51 kB
public/build/assets/tab-strip-BVRkR7Di.js                                3.03 kB │ gzip:   1.38 kB
public/build/assets/_overview-map-card-1YO1nHn3.js                       3.06 kB │ gzip:   1.49 kB
public/build/assets/provisioning-manual-dialog-r8ZaLGFF.js               3.06 kB │ gzip:   1.53 kB
public/build/assets/reset-password-CGH0Xlac.js                           3.08 kB │ gzip:   1.25 kB
public/build/assets/start-reconciliation-dialog-DVstLhtC.js              3.11 kB │ gzip:   1.29 kB
public/build/assets/two-factor-challenge-o9O1Z_oL.js                     3.13 kB │ gzip:   1.47 kB
public/build/assets/dictate-button-BQVvQErC.js                           3.14 kB │ gzip:   1.60 kB
public/build/assets/use-specialist-form-defaults-Dj3FtWlm.js             3.14 kB │ gzip:   1.56 kB
public/build/assets/client-edit-dialog-DUwHqSfy.js                       3.16 kB │ gzip:   1.58 kB
public/build/assets/record-care-actions-DCTkK-Hb.js                      3.18 kB │ gzip:   1.40 kB
public/build/assets/document-library-kit-m2ZpEpS8.js                     3.19 kB │ gzip:   1.08 kB
public/build/assets/risk-assessments-Bo7JpIiT.js                         3.21 kB │ gzip:   1.55 kB
public/build/assets/recorded-detail-dialog-muYdC7E9.js                   3.22 kB │ gzip:   1.59 kB
public/build/assets/control-room-row-actions-C788im_v.js                 3.31 kB │ gzip:   1.49 kB
public/build/assets/_dialogs-DyM848Ar.js                                 3.32 kB │ gzip:   1.44 kB
public/build/assets/leave-context-menu-DLPvYjQP.js                       3.33 kB │ gzip:   1.64 kB
public/build/assets/row-context-menu-BuvIqrKq.js                         3.33 kB │ gzip:   1.64 kB
public/build/assets/_context-menu-CeQQh61p.js                            3.33 kB │ gzip:   1.60 kB
public/build/assets/fleet-compact-hero-BX1_VAdT.js                       3.33 kB │ gzip:   1.45 kB
public/build/assets/compensation-tabs-Cyr6YImI.js                        3.34 kB │ gzip:   1.62 kB
public/build/assets/hs-hero-kit-DeZ5NUbi.js                              3.36 kB │ gzip:   1.54 kB
public/build/assets/task-steps-DzeDFhnm.js                               3.38 kB │ gzip:   1.59 kB
public/build/assets/shift-med-snapshot-C7lwmy7k.js                       3.39 kB │ gzip:   1.37 kB
public/build/assets/device-profile-navigation-l7874ccj.js                3.40 kB │ gzip:   1.66 kB
public/build/assets/inspections-DxCBwR0r.js                              3.42 kB │ gzip:   1.39 kB
public/build/assets/ra-register-section-D2jVWkqQ.js                      3.46 kB │ gzip:   1.76 kB
public/build/assets/command-B4VD0kIo.js                                  3.47 kB │ gzip:   1.07 kB
public/build/assets/shift-context-menu-D0DgSK9K.js                       3.49 kB │ gzip:   1.66 kB
public/build/assets/posting-preview-BLWC2TSD.js                          3.51 kB │ gzip:   1.53 kB
public/build/assets/_emergency-checklist-Cu4YMHfM.js                     3.52 kB │ gzip:   1.54 kB
public/build/assets/handover-context-menu-D3OteCNf.js                    3.55 kB │ gzip:   1.54 kB
public/build/assets/_readiness-panel-BVnKNJfO.js                         3.59 kB │ gzip:   1.64 kB
public/build/assets/checklists-r5Afqc1M.js                               3.59 kB │ gzip:   1.72 kB
public/build/assets/checks-model-BpbAC4Rm.js                             3.63 kB │ gzip:   1.63 kB
public/build/assets/journey-term-help-US5NX5Y3.js                        3.64 kB │ gzip:   1.45 kB
public/build/assets/my-provisioning-list-Bgtp0HgF.js                     3.67 kB │ gzip:   1.70 kB
public/build/assets/site-profile-states-Cpbb151m.js                      3.69 kB │ gzip:   1.46 kB
public/build/assets/alert-dialog-CTbWLyiF.js                             3.76 kB │ gzip:   1.10 kB
public/build/assets/resolution-voting-Bpa7_z73.js                        3.78 kB │ gzip:   1.69 kB
public/build/assets/_geometry-Dx1kFP0e.js                                3.80 kB │ gzip:   1.60 kB
public/build/assets/configured-questions-BMsFIl4-.js                     3.86 kB │ gzip:   1.82 kB
public/build/assets/register-7qz1DfTP.js                                 3.88 kB │ gzip:   1.46 kB
public/build/assets/MedicationScanVerificationPanel-BnJXt5QM.js          3.89 kB │ gzip:   1.61 kB
public/build/assets/task-detail-dialog-B2Ebt0-g.js                       3.90 kB │ gzip:   1.78 kB
public/build/assets/reference-questionnaire-7HD3em8g.js                  3.94 kB │ gzip:   1.82 kB
public/build/assets/ticket-version-conflict-C7kh0R2c.js                  3.96 kB │ gzip:   1.80 kB
public/build/assets/shift-timeline-summary-flJTKn6M.js                   3.99 kB │ gzip:   1.66 kB
public/build/assets/edit-DXvaLzqC.js                                     4.00 kB │ gzip:   1.78 kB
public/build/assets/login-DS53xh8V.js                                    4.01 kB │ gzip:   1.72 kB
public/build/assets/governed-location-export-dialog-DyiwjJyf.js          4.01 kB │ gzip:   1.97 kB
public/build/assets/shared-BKVQ9U_X.js                                   4.01 kB │ gzip:   1.96 kB
public/build/assets/finance-period-filter-BMONA24M.js                    4.02 kB │ gzip:   1.91 kB
public/build/assets/shift-summary-BxnAEK3n.js                            4.07 kB │ gzip:   1.68 kB
public/build/assets/calendar-G5i5X4G3.js                                 4.10 kB │ gzip:   1.83 kB
public/build/assets/workspace-model-CTDC_Qgb.js                          4.10 kB │ gzip:   1.78 kB
public/build/assets/index-Bpzl9rqK.js                                    4.13 kB │ gzip:   0.83 kB
public/build/assets/entity-cells-DgLfy-7Z.js                             4.13 kB │ gzip:   1.63 kB
public/build/assets/use-two-factor-auth-C477wTBZ.js                      4.15 kB │ gzip:   1.77 kB
public/build/assets/empty-state-ClzxdUf0.js                              4.18 kB │ gzip:   1.85 kB
public/build/assets/board-bits-CU21XGbc.js                               4.19 kB │ gzip:   1.58 kB
public/build/assets/specialist-record-list-By11S5CA.js                   4.23 kB │ gzip:   1.98 kB
public/build/assets/hazards-CSL0_oTi.js                                  4.24 kB │ gzip:   1.96 kB
public/build/assets/documents-BuCicBel.js                                4.28 kB │ gzip:   1.91 kB
public/build/assets/estate-operations-B0qrj6_N.js                        4.29 kB │ gzip:   1.73 kB
public/build/assets/generate-rounds-modal-BFa27-Es.js                    4.33 kB │ gzip:   2.12 kB
public/build/assets/wizard-fields-B7bdGejc.js                            4.34 kB │ gzip:   1.89 kB
public/build/assets/first-aid-tab-BhYyaAGS.js                            4.34 kB │ gzip:   1.78 kB
public/build/assets/assets-pxu1eX8w.js                                   4.37 kB │ gzip:   1.74 kB
public/build/assets/login-B4Aq5JgT.js                                    4.37 kB │ gzip:   1.85 kB
public/build/assets/privacy-shared-RhWCv5RL.js                           4.39 kB │ gzip:   1.65 kB
public/build/assets/_shared-CHT3js15.js                                  4.41 kB │ gzip:   1.91 kB
public/build/assets/_dialogs-B3WsNg_y.js                                 4.43 kB │ gzip:   1.81 kB
public/build/assets/shift-audit-timeline-7hHzBQj_.js                     4.49 kB │ gzip:   1.82 kB
public/build/assets/shared-DjpmUtAT.js                                   4.50 kB │ gzip:   1.74 kB
public/build/assets/applicable-procedures-panel-CHRI6cPk.js              4.52 kB │ gzip:   1.75 kB
public/build/assets/task-help-MtKeI8w2.js                                4.61 kB │ gzip:   1.95 kB
public/build/assets/client-clinical-launchers-gMa6S_Yu.js                4.62 kB │ gzip:   2.11 kB
public/build/assets/calendar-range-CDBR4KMH.js                           4.68 kB │ gzip:   2.20 kB
public/build/assets/meal-planner-TlOkYna1.js                             4.69 kB │ gzip:   2.21 kB
public/build/assets/Create-Ct6q8Ozj.js                                   4.69 kB │ gzip:   2.11 kB
public/build/assets/incidents-tab-BFDdVwpE.js                            4.72 kB │ gzip:   1.85 kB
public/build/assets/_dialogs-DzSYliaR.js                                 4.75 kB │ gzip:   2.19 kB
public/build/assets/AgedPayables-DJhKXi2Y.js                             4.75 kB │ gzip:   2.14 kB
public/build/assets/AgedReceivables-uSCUzfpA.js                          4.76 kB │ gzip:   2.15 kB
public/build/assets/donut-card-BwnfSjei.js                               4.76 kB │ gzip:   2.08 kB
public/build/assets/control-room-workspace-hero-104DEdpW.js              4.76 kB │ gzip:   2.26 kB
public/build/assets/dialog-DwYLgAWO.js                                   4.80 kB │ gzip:   1.64 kB
public/build/assets/_asset-dialogs-DtmmRia7.js                           4.83 kB │ gzip:   2.29 kB
public/build/assets/Edit-C69hbhNZ.js                                     4.87 kB │ gzip:   2.25 kB
public/build/assets/hardware-ClFLicKg.js                                 4.89 kB │ gzip:   2.16 kB
public/build/assets/entity-filter-C4E_mx-5.js                            4.89 kB │ gzip:   2.28 kB
public/build/assets/concern-BXAgOGPq.js                                  4.93 kB │ gzip:   2.28 kB
public/build/assets/permission-destinations-NWvItxYQ.js                  4.93 kB │ gzip:   1.13 kB
public/build/assets/page-tabs-DgLMw7gH.js                                4.94 kB │ gzip:   2.03 kB
public/build/assets/_dialogs-j9FB60Nr.js                                 4.97 kB │ gzip:   2.33 kB
public/build/assets/whats-next-rail-BaeFWRT2.js                          4.99 kB │ gzip:   2.37 kB
public/build/assets/_dialogs-CN_IO6Sb.js                                 5.03 kB │ gzip:   2.03 kB
public/build/assets/leave-calendar-range-C7ISYPQY.js                     5.04 kB │ gzip:   2.26 kB
public/build/assets/_dialogs-wZY-tqnM.js                                 5.10 kB │ gzip:   2.37 kB
public/build/assets/client-safety-ribbon-YLaWAI8S.js                     5.10 kB │ gzip:   2.24 kB
public/build/assets/show-BhOglGNE.js                                     5.12 kB │ gzip:   2.38 kB
public/build/assets/fleet-navigation-CisPx9l4.js                         5.17 kB │ gzip:   2.01 kB
public/build/assets/_evidence-Cr8X45UP.js                                5.17 kB │ gzip:   2.19 kB
public/build/assets/prn-effect-dialog-Do9nhXyT.js                        5.19 kB │ gzip:   2.28 kB
public/build/assets/Placeholder-7rHHEc4T.js                              5.20 kB │ gzip:   2.45 kB
public/build/assets/shared-BVU_vseF.js                                   5.20 kB │ gzip:   2.04 kB
public/build/assets/qr-reader-BmT86ZCH.js                                5.20 kB │ gzip:   2.28 kB
public/build/assets/day-picker-chip-BjHSsMYE.js                          5.21 kB │ gzip:   2.23 kB
public/build/assets/list-view-CNS3VXz8.js                                5.22 kB │ gzip:   1.83 kB
public/build/assets/plan-DPTiieJC.js                                     5.22 kB │ gzip:   2.33 kB
public/build/assets/before-you-finish-IHhTwxhW.js                        5.25 kB │ gzip:   2.13 kB
public/build/assets/wizard-shell-IVlfFr-3.js                             5.31 kB │ gzip:   2.31 kB
public/build/assets/application-status-CG7auJPt.js                       5.31 kB │ gzip:   2.16 kB
public/build/assets/index-zmU8VC6l.js                                    5.32 kB │ gzip:   2.38 kB
public/build/assets/care-plan-domains-builder-CNh5ygBL.js                5.33 kB │ gzip:   2.07 kB
public/build/assets/shared-CmyqTydH.js                                   5.34 kB │ gzip:   2.38 kB
public/build/assets/entity-menu-DZ5wZXTz.js                              5.35 kB │ gzip:   2.46 kB
public/build/assets/paperwork-panel-Qmxv2kOG.js                          5.38 kB │ gzip:   2.34 kB
public/build/assets/show-hXng67zX.js                                     5.38 kB │ gzip:   2.39 kB
public/build/assets/contacts-BxbGQNVS.js                                 5.42 kB │ gzip:   2.31 kB
public/build/assets/_thumbnail-DB9IcQQH.js                               5.43 kB │ gzip:   2.56 kB
public/build/assets/fleet-charts-BD3Cp0FY.js                             5.50 kB │ gzip:   2.46 kB
public/build/assets/show-BSrTw4JQ.js                                     5.53 kB │ gzip:   2.53 kB
public/build/assets/show-BtqzmBsJ.js                                     5.54 kB │ gzip:   2.35 kB
public/build/assets/global-ONASmhIp.js                                   5.55 kB │ gzip:   2.49 kB
public/build/assets/Index-DwTXtqoF.js                                    5.55 kB │ gzip:   2.51 kB
public/build/assets/show-CsgfwGDe.js                                     5.55 kB │ gzip:   2.32 kB
public/build/assets/date-popover-Do1fmo0s.js                             5.60 kB │ gzip:   2.41 kB
public/build/assets/audit-log-modal-BOolaGa2.js                          5.60 kB │ gzip:   2.52 kB
public/build/assets/index-DiPH6Msv.js                                    5.63 kB │ gzip:   2.50 kB
public/build/assets/medication-review-modal-CFGEs4AB.js                  5.64 kB │ gzip:   2.55 kB
public/build/assets/entity-table-BUqJbdwE.js                             5.74 kB │ gzip:   2.40 kB
public/build/assets/index-DlYsL41f.js                                    5.74 kB │ gzip:   2.57 kB
public/build/assets/complete-obligation-dialog-ubar0t1o.js               5.76 kB │ gzip:   2.57 kB
public/build/assets/rhythms-routines-BwDY4iQm.js                         5.79 kB │ gzip:   2.63 kB
public/build/assets/Calendar-CAevrwkZ.js                                 5.82 kB │ gzip:   2.65 kB
public/build/assets/index-qGb16BKT.js                                    5.83 kB │ gzip:   2.67 kB
public/build/assets/select-DFC8hoDq.js                                   5.86 kB │ gzip:   1.90 kB
public/build/assets/multi-entity-filter-B5_l_PUx.js                      5.86 kB │ gzip:   2.62 kB
public/build/assets/_shared-BRBkrwo6.js                                  5.88 kB │ gzip:   2.60 kB
public/build/assets/dropdown-menu-DIIlZ41O.js                            5.88 kB │ gzip:   1.65 kB
public/build/assets/stat-tile-DcEOif3_.js                                5.89 kB │ gzip:   2.51 kB
public/build/assets/GovernanceAttachmentsPanel-DEGJ2oXH.js               5.91 kB │ gzip:   2.49 kB
public/build/assets/index-C5Jr9yqH.js                                    5.94 kB │ gzip:   2.76 kB
public/build/assets/_helpers-loTo8XWd.js                                 5.94 kB │ gzip:   2.45 kB
public/build/assets/audit-DM9qFaHb.js                                    5.98 kB │ gzip:   2.71 kB
public/build/assets/index-CXPYryDm.js                                    6.00 kB │ gzip:   2.60 kB
public/build/assets/index-BYdZF-dJ.js                                    6.02 kB │ gzip:   2.74 kB
public/build/assets/compliance-bits-CPBFCQyK.js                          6.02 kB │ gzip:   2.53 kB
public/build/assets/report-page-pStGKunb.js                              6.03 kB │ gzip:   2.83 kB
public/build/assets/link-client-dialog-CoTgEyeW.js                       6.06 kB │ gzip:   2.58 kB
public/build/assets/stream-context-menu-DCH7Hat9.js                      6.08 kB │ gzip:   2.79 kB
public/build/assets/food-meal-BeJ2hJTj.js                                6.12 kB │ gzip:   2.11 kB
public/build/assets/BoardMonthly-CbJ_vhhj.js                             6.14 kB │ gzip:   2.86 kB
public/build/assets/index-D3ux_JXo.js                                    6.14 kB │ gzip:   2.82 kB
public/build/assets/with-concerns-Dog9_or3.js                            6.15 kB │ gzip:   2.74 kB
public/build/assets/with-incidents-B-M0JsNJ.js                           6.15 kB │ gzip:   2.74 kB
public/build/assets/show-CduOsJnd.js                                     6.18 kB │ gzip:   2.82 kB
public/build/assets/index-_rqAHLp9.js                                    6.18 kB │ gzip:   2.76 kB
public/build/assets/compliance-hub-header-GE-Jz1m3.js                    6.22 kB │ gzip:   2.74 kB
public/build/assets/index-DfoFLTB4.js                                    6.23 kB │ gzip:   2.81 kB
public/build/assets/emergency-plan-GXLHvLEi.js                           6.23 kB │ gzip:   2.80 kB
public/build/assets/controls-XU7bR9sG.js                                 6.26 kB │ gzip:   2.87 kB
public/build/assets/show-D2tA8X1q.js                                     6.26 kB │ gzip:   2.50 kB
public/build/assets/recognition-wizard-DP8TnR3y.js                       6.27 kB │ gzip:   2.43 kB
public/build/assets/Calendar-Cv59BNOY.js                                 6.32 kB │ gzip:   2.87 kB
public/build/assets/index-sH-ygR1D.js                                    6.32 kB │ gzip:   2.81 kB
public/build/assets/for-stay-BMNty7G9.js                                 6.33 kB │ gzip:   2.80 kB
public/build/assets/report-C45FiNeS.js                                   6.34 kB │ gzip:   2.91 kB
public/build/assets/create-CdvNmY4t.js                                   6.35 kB │ gzip:   2.63 kB
public/build/assets/quick-note-dialog-BtpStO_-.js                        6.36 kB │ gzip:   2.65 kB
public/build/assets/show-BXw1UlML.js                                     6.37 kB │ gzip:   2.84 kB
public/build/assets/add-evidence-dialog-dbij1dFs.js                      6.38 kB │ gzip:   2.91 kB
public/build/assets/use-my-day-labels-Cu-spPls.js                        6.38 kB │ gzip:   2.60 kB
public/build/assets/stock-movement-modal-BQKHWnDC.js                     6.40 kB │ gzip:   2.62 kB
public/build/assets/Create-BU401mKy.js                                   6.41 kB │ gzip:   2.94 kB
public/build/assets/offer-response-n5RcN64m.js                           6.41 kB │ gzip:   2.61 kB
public/build/assets/compensation-hero-x11nOunA.js                        6.42 kB │ gzip:   2.49 kB
public/build/assets/entity-card-ZmEaGBtN.js                              6.42 kB │ gzip:   2.74 kB
public/build/assets/overdue-CF5bss8d.js                                  6.47 kB │ gzip:   2.84 kB
public/build/assets/auto-rule-builder-VH57T4lW.js                        6.50 kB │ gzip:   2.43 kB
public/build/assets/tabs-DXKUcOCa.js                                     6.50 kB │ gzip:   2.68 kB
public/build/assets/unacknowledged--c-ykjyZ.js                           6.51 kB │ gzip:   2.83 kB
public/build/assets/overdue-D-9gfNuY.js                                  6.51 kB │ gzip:   2.84 kB
public/build/assets/my-active-BLeaW1Zk.js                                6.51 kB │ gzip:   2.91 kB
public/build/assets/list-view-DYjL99oh.js                                6.53 kB │ gzip:   2.37 kB
public/build/assets/Create-DZEdHBPQ.js                                   6.54 kB │ gzip:   2.96 kB
public/build/assets/clients-_0Gymzjs.js                                  6.54 kB │ gzip:   2.78 kB
public/build/assets/ppe-shared-1K9SUiem.js                               6.56 kB │ gzip:   2.65 kB
public/build/assets/trend-charts-CqRQsx6U.js                             6.57 kB │ gzip:   2.53 kB
public/build/assets/maps-usage-kl2z5RTl.js                               6.59 kB │ gzip:   2.90 kB
public/build/assets/actions-reviews-CE5hAQnK.js                          6.59 kB │ gzip:   2.69 kB
public/build/assets/sortable.esm-TrASzQ3t.js                             6.64 kB │ gzip:   2.78 kB
public/build/assets/meal-planner-DCY03B16.js                             6.68 kB │ gzip:   2.99 kB
public/build/assets/_workspace-CPT9_mAi.js                               6.70 kB │ gzip:   2.73 kB
public/build/assets/for-client-CEXHM9MB.js                               6.71 kB │ gzip:   2.92 kB
public/build/assets/_registers-GogUeVMi.js                               6.75 kB │ gzip:   2.64 kB
public/build/assets/shift-calendar-view-BU7xQlNo.js                      6.78 kB │ gzip:   2.74 kB
public/build/assets/index-BKuL1aI8.js                                    6.82 kB │ gzip:   1.08 kB
public/build/assets/handover-rail-DaB-b74F.js                            6.82 kB │ gzip:   2.90 kB
public/build/assets/needing-acknowledgment-4z9n9H7c.js                   6.83 kB │ gzip:   2.91 kB
public/build/assets/for-stay-BhctYsP2.js                                 6.85 kB │ gzip:   3.03 kB
public/build/assets/checklist-trends-CR7pProB.js                         6.87 kB │ gzip:   2.99 kB
public/build/assets/assignments-DIgl6Fw1.js                              6.88 kB │ gzip:   3.26 kB
public/build/assets/clock-in-wizard-B2nicEso.js                          6.88 kB │ gzip:   2.94 kB
public/build/assets/board-view--0bfsn0f.js                               6.89 kB │ gzip:   2.72 kB
public/build/assets/show-Di8vAnSD.js                                     6.90 kB │ gzip:   3.20 kB
public/build/assets/day-work-list--ax31vFe.js                            6.91 kB │ gzip:   2.82 kB
public/build/assets/index-BJr5-Xvu.js                                    6.94 kB │ gzip:   2.81 kB
public/build/assets/for-stay-DpQQb9k3.js                                 6.96 kB │ gzip:   3.11 kB
public/build/assets/_dialogs-BxMfGF1C.js                                 7.01 kB │ gzip:   3.23 kB
public/build/assets/my-tasks-DUBDpPdq.js                                 7.04 kB │ gzip:   3.10 kB
public/build/assets/_header-BzOb_7aJ.js                                  7.05 kB │ gzip:   3.27 kB
public/build/assets/alert-worklist-DzvflsSu.js                           7.05 kB │ gzip:   2.64 kB
public/build/assets/agreements-G_O-2O8H.js                               7.07 kB │ gzip:   3.28 kB
public/build/assets/combined-Bsj78msz.js                                 7.07 kB │ gzip:   3.03 kB
public/build/assets/awaiting-approval-RAfswRd1.js                        7.08 kB │ gzip:   3.04 kB
public/build/assets/_site-geofence-dialog-Chds_ahl.js                    7.09 kB │ gzip:   2.72 kB
public/build/assets/index-DBczma8_.js                                    7.12 kB │ gzip:   3.05 kB
public/build/assets/Index-C3_mRgFV.js                                    7.13 kB │ gzip:   3.08 kB
public/build/assets/assets-BIoPC0Jx.js                                   7.13 kB │ gzip:   2.98 kB
public/build/assets/reports-modal-BcFbPCDY.js                            7.13 kB │ gzip:   2.97 kB
public/build/assets/checklist-DnHPnqK1.js                                7.14 kB │ gzip:   3.12 kB
public/build/assets/Calendar-B1yB6C44.js                                 7.16 kB │ gzip:   3.20 kB
public/build/assets/monitoring-incident-evidence-card-idD7UsIE.js        7.16 kB │ gzip:   2.51 kB
public/build/assets/Show-eBDm3HrH.js                                     7.17 kB │ gzip:   2.95 kB
public/build/assets/_dialogs-eEUJS1ZE.js                                 7.17 kB │ gzip:   3.06 kB
public/build/assets/fix-clock-out-wizard-kA0RSXAh.js                     7.18 kB │ gzip:   3.07 kB
public/build/assets/_dialogs-D8v-sqyP.js                                 7.19 kB │ gzip:   3.02 kB
public/build/assets/fleet-hero-kit-DyH0Kwz5.js                           7.19 kB │ gzip:   2.89 kB
public/build/assets/Index-C4dnBBc_.js                                    7.19 kB │ gzip:   3.06 kB
public/build/assets/Show-Dm0HqE52.js                                     7.20 kB │ gzip:   3.07 kB
public/build/assets/leave-excursions-BrkmJS0f.js                         7.21 kB │ gzip:   2.38 kB
public/build/assets/preferences-CSwKIFyI.js                              7.25 kB │ gzip:   3.26 kB
public/build/assets/review-DbEuNibW.js                                   7.27 kB │ gzip:   3.11 kB
public/build/assets/new-journal-dialog-C3g1NZql.js                       7.31 kB │ gzip:   2.69 kB
public/build/assets/respite-DpQcsSgf.js                                  7.31 kB │ gzip:   2.81 kB
public/build/assets/people-picker-DqcoESsN.js                            7.35 kB │ gzip:   3.14 kB
public/build/assets/provisioning-picker-B5PwxY3I.js                      7.39 kB │ gzip:   3.29 kB
public/build/assets/index-D_PSjkOr.js                                    7.40 kB │ gzip:   3.14 kB
public/build/assets/index-CXGnBN0L.js                                    7.41 kB │ gzip:   3.14 kB
public/build/assets/create-Dilp7Sz_.js                                   7.46 kB │ gzip:   3.26 kB
public/build/assets/_review-dialog-CILlRX2D.js                           7.47 kB │ gzip:   3.13 kB
public/build/assets/Edit-BYZneomu.js                                     7.47 kB │ gzip:   3.22 kB
public/build/assets/create-VlOxKKv4.js                                   7.48 kB │ gzip:   3.15 kB
public/build/assets/_dialogs-TfuP821w.js                                 7.51 kB │ gzip:   2.47 kB
public/build/assets/compliance-hero-BDMLoHDD.js                          7.56 kB │ gzip:   2.60 kB
public/build/assets/shared-JtUTzi2z.js                                   7.61 kB │ gzip:   3.05 kB
public/build/assets/payroll-adjustments-CGwQKyQ4.js                      7.64 kB │ gzip:   3.08 kB
public/build/assets/deletion-logs-Bm_2IKsw.js                            7.71 kB │ gzip:   3.34 kB
public/build/assets/location-navigator-BQawzstZ.js                       7.75 kB │ gzip:   2.64 kB
public/build/assets/show-DrmroFXU.js                                     7.75 kB │ gzip:   3.15 kB
public/build/assets/report-error-modal-NhyuMSus.js                       7.76 kB │ gzip:   3.27 kB
public/build/assets/communication-notes-Bch9CYl5.js                      7.79 kB │ gzip:   3.16 kB
public/build/assets/for-stay-F1sxNh2H.js                                 7.80 kB │ gzip:   3.27 kB
public/build/assets/assignments-BHg69SdE.js                              7.82 kB │ gzip:   3.58 kB
public/build/assets/medical-simple-DUqwwN2d.js                           7.86 kB │ gzip:   3.45 kB
public/build/assets/index-C2aqdcbh.js                                    7.90 kB │ gzip:   3.27 kB
public/build/assets/history-index-7byTNQfs.js                            7.92 kB │ gzip:   3.48 kB
public/build/assets/Submissions-MdviMAxM.js                              7.93 kB │ gzip:   3.71 kB
public/build/assets/daily-note-entry-44865M9E.js                         7.97 kB │ gzip:   3.03 kB
public/build/assets/pending-B0S0bsgi.js                                  7.98 kB │ gzip:   3.40 kB
public/build/assets/index-Bgb4jEIW.js                                    7.98 kB │ gzip:   3.37 kB
public/build/assets/show-Dy9NjKzu.js                                     8.02 kB │ gzip:   3.54 kB
public/build/assets/from-resolution-DZPAY3Le.js                          8.07 kB │ gzip:   3.59 kB
public/build/assets/file-dropzone-AKw2yTEg.js                            8.08 kB │ gzip:   3.49 kB
public/build/assets/audit-history-1ouXWAx4.js                            8.13 kB │ gzip:   3.26 kB
public/build/assets/shoutouts-C-MDdTF4.js                                8.16 kB │ gzip:   3.56 kB
public/build/assets/notifications-BgLMh1Ew.js                            8.17 kB │ gzip:   3.61 kB
public/build/assets/_tool-palette-BEF1iacJ.js                            8.20 kB │ gzip:   2.99 kB
public/build/assets/work-schedule-genNvewr.js                            8.26 kB │ gzip:   3.41 kB
public/build/assets/availability-Ctm1I1pQ.js                             8.31 kB │ gzip:   3.68 kB
public/build/assets/index-DSACl0o2.js                                    8.37 kB │ gzip:   3.17 kB
public/build/assets/shell-sfRHxUKb.js                                    8.38 kB │ gzip:   3.04 kB
public/build/assets/labels-CZ4C5tWT.js                                   8.39 kB │ gzip:   3.23 kB
public/build/assets/incidents-BxKVxIA1.js                                8.39 kB │ gzip:   3.35 kB
public/build/assets/round-template-dialog-CbuO9ear.js                    8.39 kB │ gzip:   3.49 kB
public/build/assets/reassign-dialog-RQNrZ_t3.js                          8.42 kB │ gzip:   3.60 kB
public/build/assets/password-BTQbwwM6.js                                 8.43 kB │ gzip:   3.36 kB
public/build/assets/attestations-DO-iBG2p.js                             8.44 kB │ gzip:   3.64 kB
public/build/assets/index-Dlg97wMc.js                                    8.44 kB │ gzip:   1.27 kB
public/build/assets/form-wizard-DwB9ktN2.js                              8.49 kB │ gzip:   3.50 kB
public/build/assets/my-day-header-DldwAwc2.js                            8.50 kB │ gzip:   3.70 kB
public/build/assets/_dialogs-CyKoDZxs.js                                 8.57 kB │ gzip:   3.32 kB
public/build/assets/index-CuuwrIhI.js                                    8.60 kB │ gzip:   1.25 kB
public/build/assets/asset-condition-Ch_McQFz.js                          8.66 kB │ gzip:   3.47 kB
public/build/assets/credentials-BGcpyhlp.js                              8.66 kB │ gzip:   3.56 kB
public/build/assets/settings-DgSAvrTl.js                                 8.67 kB │ gzip:   3.76 kB
public/build/assets/primitives-bOpq8qCr.js                               8.69 kB │ gzip:   3.27 kB
public/build/assets/bank-account-dialog-C-xTGmhD.js                      8.70 kB │ gzip:   3.39 kB
public/build/assets/index-BMTbHT3g.js                                    8.72 kB │ gzip:   3.72 kB
public/build/assets/index-BYE_14YW.js                                    8.72 kB │ gzip:   3.73 kB
public/build/assets/new-account-dialog-CIo-4oIl.js                       8.74 kB │ gzip:   3.41 kB
public/build/assets/personal-entry-dialog-VhkmXKv6.js                    8.79 kB │ gzip:   3.29 kB
public/build/assets/show-DZ_qmm03.js                                     8.85 kB │ gzip:   3.02 kB
public/build/assets/add-medication-modal-xD7A6Jgd.js                     8.87 kB │ gzip:   3.64 kB
public/build/assets/show-DzSi15AI.js                                     8.91 kB │ gzip:   3.99 kB
public/build/assets/overdue-actions-BuL5tRWN.js                          8.95 kB │ gzip:   3.72 kB
public/build/assets/timeline-interactions-B9wf7wz7.js                    8.96 kB │ gzip:   3.62 kB
public/build/assets/Index-BDrx1Q2i.js                                    8.99 kB │ gzip:   3.81 kB
public/build/assets/record-ZgOCObCP.js                                   9.02 kB │ gzip:   4.09 kB
public/build/assets/fleet-B4DoHWV4.js                                    9.05 kB │ gzip:   3.16 kB
public/build/assets/assess-CR0WZjl1.js                                   9.06 kB │ gzip:   3.77 kB
public/build/assets/hero-kit-Dwf_NN1X.js                                 9.08 kB │ gzip:   2.98 kB
public/build/assets/Index-Dx9Fgo2z.js                                    9.08 kB │ gzip:   3.90 kB
public/build/assets/index-CpD6MFVR.js                                    9.09 kB │ gzip:   3.79 kB
public/build/assets/ClientTrends-U5Ecj52X.js                             9.10 kB │ gzip:   3.90 kB
public/build/assets/file-BOqaOVne.js                                     9.11 kB │ gzip:   3.87 kB
public/build/assets/Index-MuPvH-Jn.js                                    9.20 kB │ gzip:   3.69 kB
public/build/assets/index-laoIbEpJ.js                                    9.23 kB │ gzip:   3.94 kB
public/build/assets/index-DuCen7Va.js                                    9.23 kB │ gzip:   3.63 kB
public/build/assets/index-Qa_CgocG.js                                    9.24 kB │ gzip:   4.02 kB
public/build/assets/note-rail-B01vo9tq.js                                9.29 kB │ gzip:   3.55 kB
public/build/assets/CarePlans-C8cFQbFt.js                                9.31 kB │ gzip:   3.76 kB
public/build/assets/shift-show-redesign-Ch_GguBU.js                      9.34 kB │ gzip:   3.58 kB
public/build/assets/reports-DVsKQQRx.js                                  9.36 kB │ gzip:   3.90 kB
public/build/assets/knowledge-related-records-DTcDanWw.js                9.37 kB │ gzip:   3.78 kB
public/build/assets/Show-B9_ivTln.js                                     9.37 kB │ gzip:   4.18 kB
public/build/assets/cd-register-modal-BWjhzzIf.js                        9.37 kB │ gzip:   3.85 kB
public/build/assets/_manage-types-dialog-C2G3sA8Z.js                     9.39 kB │ gzip:   3.83 kB
public/build/assets/Show-BqW2OG4k.js                                     9.43 kB │ gzip:   4.10 kB
public/build/assets/benefits-CzsETvh2.js                                 9.46 kB │ gzip:   3.77 kB
public/build/assets/location-workspace-D_HVK1rm.js                       9.47 kB │ gzip:   4.05 kB
public/build/assets/Create-mfK619QY.js                                   9.49 kB │ gzip:   3.87 kB
public/build/assets/history-DoHnpD_M.js                                  9.51 kB │ gzip:   3.83 kB
public/build/assets/Index-CokiBC3A.js                                    9.57 kB │ gzip:   4.14 kB
public/build/assets/_dialogs-DjHnw_0E.js                                 9.60 kB │ gzip:   3.07 kB
public/build/assets/Edit-DocwXRA4.js                                     9.62 kB │ gzip:   4.00 kB
public/build/assets/reimbursement-DT48vCTA.js                            9.65 kB │ gzip:   3.76 kB
public/build/assets/module-CfSLLK7P.js                                   9.65 kB │ gzip:   4.29 kB
public/build/assets/index-BEy6dSts.js                                    9.66 kB │ gzip:   4.08 kB
public/build/assets/family-tree-B8D2aTRL.js                              9.68 kB │ gzip:   3.64 kB
public/build/assets/create-BIXl7wX2.js                                   9.69 kB │ gzip:   4.06 kB
public/build/assets/Index-CHMzWtrd.js                                    9.69 kB │ gzip:   4.01 kB
public/build/assets/upload-CwtaNC3D.js                                   9.70 kB │ gzip:   4.06 kB
public/build/assets/Mapping-BJljaxg4.js                                  9.72 kB │ gzip:   4.17 kB
public/build/assets/show-SLHNC68j.js                                     9.73 kB │ gzip:   3.87 kB
public/build/assets/stream-item-DB8Msu_C.js                              9.74 kB │ gzip:   3.61 kB
public/build/assets/reviews-fg3FjCZ_.js                                  9.74 kB │ gzip:   4.35 kB
public/build/assets/linked-operational-evidence-Df7eL2W9.js              9.78 kB │ gzip:   3.16 kB
public/build/assets/retention-CRJwY3YP.js                                9.78 kB │ gzip:   3.92 kB
public/build/assets/_food-meal-preferences-C16o89np.js                   9.82 kB │ gzip:   3.80 kB
public/build/assets/respond-QMjamLFf.js                                  9.82 kB │ gzip:   4.28 kB
public/build/assets/ComplianceStatus-ElHvJzSX.js                         9.82 kB │ gzip:   4.19 kB
public/build/assets/index-DoDAVohn.js                                    9.83 kB │ gzip:   4.01 kB
public/build/assets/Index-BAGEp8oq.js                                    9.85 kB │ gzip:   4.12 kB
public/build/assets/Create-mM9Bxio5.js                                   9.85 kB │ gzip:   3.99 kB
public/build/assets/create-B4sALyOz.js                                   9.88 kB │ gzip:   4.08 kB
public/build/assets/Logs-DF2fl0ZW.js                                     9.91 kB │ gzip:   4.24 kB
public/build/assets/Create-C4E8WI-4.js                                   9.91 kB │ gzip:   4.00 kB
public/build/assets/Index-CFSdYQpJ.js                                    9.95 kB │ gzip:   4.16 kB
public/build/assets/RiskNarrative-Dh6J9gbG.js                            9.96 kB │ gzip:   4.13 kB
public/build/assets/succession-wizards-DuTnIoZw.js                       9.98 kB │ gzip:   3.99 kB
public/build/assets/BoardMembers-BgtJvyso.js                             9.99 kB │ gzip:   4.26 kB
public/build/assets/for-stay-C3T1dJkq.js                                10.01 kB │ gzip:   3.89 kB
public/build/assets/index-CAKgxQyY.js                                   10.01 kB │ gzip:   4.00 kB
public/build/assets/Index-DHRSFACj.js                                   10.02 kB │ gzip:   4.13 kB
public/build/assets/pending-Cac85-Xv.js                                 10.04 kB │ gzip:   3.84 kB
public/build/assets/finance-DJb4pi78.js                                 10.05 kB │ gzip:   3.53 kB
public/build/assets/quick-add-task-DaM4AM0H.js                          10.06 kB │ gzip:   3.83 kB
public/build/assets/Show-0wO0a1i7.js                                    10.09 kB │ gzip:   4.46 kB
public/build/assets/grouped-profile-nav-BNyI6Ttj.js                     10.09 kB │ gzip:   3.88 kB
public/build/assets/my-calendar-CouOQ1D0.js                             10.09 kB │ gzip:   4.67 kB
public/build/assets/index-B2lnHIpA.js                                   10.10 kB │ gzip:   4.04 kB
public/build/assets/vehicle-technology-projection-BItZiaez.js           10.10 kB │ gzip:   3.40 kB
public/build/assets/Index-BqZnB8G-.js                                   10.10 kB │ gzip:   4.32 kB
public/build/assets/create-BtLOl1O5.js                                  10.10 kB │ gzip:   4.31 kB
public/build/assets/template-DucmguSR.js                                10.15 kB │ gzip:   4.12 kB
public/build/assets/policies-C5-7inRR.js                                10.19 kB │ gzip:   4.15 kB
public/build/assets/GovernanceTermHint-BYTPiCz1.js                      10.20 kB │ gzip:   4.11 kB
public/build/assets/Show-xxkYDfjC.js                                    10.20 kB │ gzip:   4.32 kB
public/build/assets/create-CK1H2zlH.js                                  10.25 kB │ gzip:   4.14 kB
public/build/assets/asset-finance-technology-projection-DB-ZhAfq.js     10.26 kB │ gzip:   3.48 kB
public/build/assets/show-DluZY_JB.js                                    10.26 kB │ gzip:   4.03 kB
public/build/assets/record-wizard-shared-ryIDF4f-.js                    10.28 kB │ gzip:   3.92 kB
public/build/assets/staff-requirements-C5OjJgAj.js                      10.31 kB │ gzip:   3.82 kB
public/build/assets/legal-holds-Bo6dt367.js                             10.32 kB │ gzip:   4.18 kB
public/build/assets/_inventory-table-DCAKcRzv.js                        10.34 kB │ gzip:   3.74 kB
public/build/assets/show-CyhnHfdv.js                                    10.35 kB │ gzip:   4.09 kB
public/build/assets/unifi-RTwpxWeo.js                                   10.38 kB │ gzip:   4.14 kB
public/build/assets/Index-BfNPm0aH.js                                   10.39 kB │ gzip:   4.37 kB
public/build/assets/create-o01Pp6Dn.js                                  10.41 kB │ gzip:   4.28 kB
public/build/assets/ClientSummary-C9M89jUX.js                           10.43 kB │ gzip:   3.76 kB
public/build/assets/index-DOM9Z3ko.js                                   10.43 kB │ gzip:   4.35 kB
public/build/assets/Index-D9yXWjFi.js                                   10.43 kB │ gzip:   4.29 kB
public/build/assets/Show-B-hA4WdG.js                                    10.43 kB │ gzip:   3.91 kB
public/build/assets/Index-DdZOaqpo.js                                   10.45 kB │ gzip:   4.30 kB
public/build/assets/saved-DSTE51vK.js                                   10.46 kB │ gzip:   4.29 kB
public/build/assets/marketing-layout-D-DwmpRe.js                        10.47 kB │ gzip:   3.34 kB
public/build/assets/index-xA-RT1R8.js                                   10.49 kB │ gzip:   4.13 kB
public/build/assets/Index-BGbf-Lxa.js                                   10.50 kB │ gzip:   4.26 kB
public/build/assets/FundingStreamSummary-bOe8txLa.js                    10.50 kB │ gzip:   4.32 kB
public/build/assets/imports-D3dDiFzu.js                                 10.51 kB │ gzip:   3.86 kB
public/build/assets/show-BPHMdHWs.js                                    10.55 kB │ gzip:   3.89 kB
public/build/assets/edit-CHaskjsz.js                                    10.56 kB │ gzip:   4.36 kB
public/build/assets/Index-CSDR1vKW.js                                   10.57 kB │ gzip:   4.38 kB
public/build/assets/Index-Bw43j7Yw.js                                   10.57 kB │ gzip:   4.50 kB
public/build/assets/risks-C4-WXJXZ.js                                   10.58 kB │ gzip:   4.01 kB
public/build/assets/status-C_H6XDdy.js                                  10.58 kB │ gzip:   4.25 kB
public/build/assets/Index-DpOSp4Hj.js                                   10.61 kB │ gzip:   4.41 kB
public/build/assets/edit-CmpKTK9z.js                                    10.62 kB │ gzip:   4.31 kB
public/build/assets/index-B4iZjsJE.js                                   10.66 kB │ gzip:   4.77 kB
public/build/assets/modules-DXfNd2Ll.js                                 10.72 kB │ gzip:   4.31 kB
public/build/assets/create-DkH65dGe.js                                  10.74 kB │ gzip:   3.68 kB
public/build/assets/compliance-Db_7XPxH.js                              10.74 kB │ gzip:   4.26 kB
public/build/assets/index-C6JEgltu.js                                   10.79 kB │ gzip:   4.25 kB
public/build/assets/tomorrow-panel-CPGZ3Tab.js                          10.80 kB │ gzip:   4.25 kB
public/build/assets/portal-users-CD0qoMS2.js                            10.80 kB │ gzip:   4.47 kB
public/build/assets/documents-BSrtdDtd.js                               10.84 kB │ gzip:   3.84 kB
public/build/assets/_door-B2m7jivU.js                                   10.87 kB │ gzip:   3.81 kB
public/build/assets/risks-CJsWJAVj.js                                   10.90 kB │ gzip:   4.13 kB
public/build/assets/Show-CF2XBLNp.js                                    10.91 kB │ gzip:   4.23 kB
public/build/assets/work-calendar-settings-BNbGhdlY.js                  10.91 kB │ gzip:   4.32 kB
public/build/assets/Index-Cpts95o0.js                                   10.93 kB │ gzip:   4.50 kB
public/build/assets/Changes-D5s2SWZ-.js                                 10.94 kB │ gzip:   4.90 kB
public/build/assets/Show-CR400F64.js                                    10.99 kB │ gzip:   4.46 kB
public/build/assets/create-Bv1kdbMe.js                                  11.00 kB │ gzip:   4.48 kB
public/build/assets/index-ubtH2xcj.js                                   11.02 kB │ gzip:   1.52 kB
public/build/assets/handovers-hero-ColVghIk.js                          11.03 kB │ gzip:   4.82 kB
public/build/assets/Index-mZ6u9kiC.js                                   11.05 kB │ gzip:   4.61 kB
public/build/assets/Committee-DDiiLumV.js                               11.06 kB │ gzip:   4.82 kB
public/build/assets/create-Ck8Zchl2.js                                  11.09 kB │ gzip:   4.39 kB
public/build/assets/TrialBalance-O1gy7_I1.js                            11.09 kB │ gzip:   4.82 kB
public/build/assets/_dialogs-CNxputhm.js                                11.09 kB │ gzip:   4.43 kB
public/build/assets/index-BBKwXweN.js                                   11.11 kB │ gzip:   4.59 kB
public/build/assets/photos-B9W3maJX.js                                  11.13 kB │ gzip:   4.58 kB
public/build/assets/breaches-BBmdW5up.js                                11.14 kB │ gzip:   4.41 kB
public/build/assets/vendors-Cxg6R5uE.js                                 11.16 kB │ gzip:   3.65 kB
public/build/assets/index-DJXSPKii.js                                   11.16 kB │ gzip:   4.04 kB
public/build/assets/clock-out-wizard-bjjOZgYm.js                        11.18 kB │ gzip:   4.50 kB
public/build/assets/summary-CtEKsMNf.js                                 11.19 kB │ gzip:   4.13 kB
public/build/assets/timeline-0uGMSx_E.js                                11.20 kB │ gzip:   4.81 kB
public/build/assets/index-DW74OTWs.js                                   11.23 kB │ gzip:   4.37 kB
public/build/assets/broadcast-show-bZbJGAOM.js                          11.26 kB │ gzip:   4.13 kB
public/build/assets/show-supervision-Dyw_H_WV.js                        11.27 kB │ gzip:   4.26 kB
public/build/assets/cards-view-FsAX1Vc2.js                              11.27 kB │ gzip:   4.22 kB
public/build/assets/privacy-action-modal-CwNBAxw8.js                    11.30 kB │ gzip:   4.44 kB
public/build/assets/CheckShift-AnPB_tRj.js                              11.32 kB │ gzip:   4.80 kB
public/build/assets/dashboard-tabs-BY8ZHIdo.js                          11.32 kB │ gzip:   4.23 kB
public/build/assets/Edit-FWJYHeO8.js                                    11.33 kB │ gzip:   4.58 kB
public/build/assets/Index-BpHzQcDZ.js                                   11.33 kB │ gzip:   4.68 kB
public/build/assets/notifications-DKAVsYKn.js                           11.35 kB │ gzip:   4.21 kB
public/build/assets/Index-B7nb7dG1.js                                   11.38 kB │ gzip:   4.73 kB
public/build/assets/Index-BNE75YeW.js                                   11.40 kB │ gzip:   4.60 kB
public/build/assets/Matrix-BPEJG230.js                                  11.42 kB │ gzip:   4.88 kB
public/build/assets/wizard-configs-CHM9cFT9.js                          11.42 kB │ gzip:   3.50 kB
public/build/assets/visit-requests-B48HIyDz.js                          11.42 kB │ gzip:   4.64 kB
public/build/assets/leave-hub-parts-BBMoQIdg.js                         11.45 kB │ gzip:   4.22 kB
public/build/assets/surveys-DYy5WXFw.js                                 11.45 kB │ gzip:   4.55 kB
public/build/assets/index-BjzbK4Bb.js                                   11.46 kB │ gzip:   4.68 kB
public/build/assets/price-book-dialog-BeW1oBhI.js                       11.47 kB │ gzip:   4.59 kB
public/build/assets/quote-dialog-Dx9zaq4w.js                            11.49 kB │ gzip:   4.65 kB
public/build/assets/Create-C8KLTe40.js                                  11.49 kB │ gzip:   4.51 kB
public/build/assets/create-BxW2qZiA.js                                  11.51 kB │ gzip:   4.79 kB
public/build/assets/Index-Bam7epq6.js                                   11.52 kB │ gzip:   5.16 kB
public/build/assets/workers-DLPZdi68.js                                 11.54 kB │ gzip:   4.40 kB
public/build/assets/Trends-ERZoczk9.js                                  11.55 kB │ gzip:   5.02 kB
public/build/assets/index-CtedigGJ.js                                   11.57 kB │ gzip:   4.61 kB
public/build/assets/documents-B4V0Na6T.js                               11.59 kB │ gzip:   4.11 kB
public/build/assets/Index-Co4NjHhy.js                                   11.61 kB │ gzip:   4.83 kB
public/build/assets/overview-panels-D0ZvJSNv.js                         11.63 kB │ gzip:   4.66 kB
public/build/assets/index-CItgNn93.js                                   11.63 kB │ gzip:   4.23 kB
public/build/assets/Show-SM5kp_Fv.js                                    11.66 kB │ gzip:   5.15 kB
public/build/assets/dpia-DA-KTH10.js                                    11.66 kB │ gzip:   4.48 kB
public/build/assets/_dialogs-CNOXlFYU.js                                11.68 kB │ gzip:   4.74 kB
public/build/assets/show-BcO0q8Xz.js                                    11.70 kB │ gzip:   5.03 kB
public/build/assets/show-DrsACVx5.js                                    11.80 kB │ gzip:   4.46 kB
public/build/assets/task-C6j2nFp8.js                                    11.83 kB │ gzip:   4.87 kB
public/build/assets/Dashboard-Bwev0dCe.js                               11.83 kB │ gzip:   5.07 kB
public/build/assets/Index-BbPdT-RY.js                                   11.86 kB │ gzip:   4.89 kB
public/build/assets/templates-C7mLEzxH.js                               11.86 kB │ gzip:   4.85 kB
public/build/assets/rehire-wizard-DW3S5dM5.js                           11.87 kB │ gzip:   4.49 kB
public/build/assets/_dialogs-CftQpDdS.js                                11.88 kB │ gzip:   4.47 kB
public/build/assets/Index-DvQQEhFP.js                                   11.90 kB │ gzip:   4.63 kB
public/build/assets/Index-DPzLcWD7.js                                   11.91 kB │ gzip:   5.21 kB
public/build/assets/Index-WNpHq-2o.js                                   11.91 kB │ gzip:   5.16 kB
public/build/assets/community-access-UeKb1W4b.js                        11.92 kB │ gzip:   4.82 kB
public/build/assets/shift-list-view-DiigfpQ1.js                         11.94 kB │ gzip:   4.71 kB
public/build/assets/alerts-config-jncgqG6n.js                           11.94 kB │ gzip:   4.59 kB
public/build/assets/Index-BAcwOguk.js                                   11.96 kB │ gzip:   5.19 kB
public/build/assets/Index-Da2I22EY.js                                   11.96 kB │ gzip:   5.25 kB
public/build/assets/log-notifiable-dialog-dMExchOK.js                   11.97 kB │ gzip:   4.40 kB
public/build/assets/Prepare-DNZWEUI3.js                                 11.97 kB │ gzip:   4.90 kB
public/build/assets/healthcare-devices-CGHl3zZ3.js                      11.99 kB │ gzip:   4.18 kB
public/build/assets/apply-BU34UFPu.js                                   12.00 kB │ gzip:   4.56 kB
public/build/assets/performance-hero-bUgXKWh3.js                        12.00 kB │ gzip:   3.84 kB
public/build/assets/create-template-BceerhcS.js                         12.02 kB │ gzip:   4.81 kB
public/build/assets/sign-DPPmn_7F.js                                    12.05 kB │ gzip:   4.75 kB
public/build/assets/profile-Cm1PcTOJ.js                                 12.05 kB │ gzip:   4.93 kB
public/build/assets/page-hero-ClXT7-mD.js                               12.05 kB │ gzip:   4.65 kB
public/build/assets/AgedReport-FhjYBGRC.js                              12.07 kB │ gzip:   5.45 kB
public/build/assets/protocol-form-BRyP3nC7.js                           12.08 kB │ gzip:   4.40 kB
public/build/assets/ppe-wizard-CYyZowRs.js                              12.15 kB │ gzip:   4.97 kB
public/build/assets/assignments-CsilVT8s.js                             12.16 kB │ gzip:   4.90 kB
public/build/assets/Index-BshdikQu.js                                   12.17 kB │ gzip:   5.10 kB
public/build/assets/index-Blu2r4hi.js                                   12.18 kB │ gzip:   4.67 kB
public/build/assets/it-ticket-comment-contract-BBENTCa7.js              12.19 kB │ gzip:   3.96 kB
public/build/assets/cards-view-CQ5_GlMj.js                              12.20 kB │ gzip:   4.47 kB
public/build/assets/Index-Da0J0KGp.js                                   12.21 kB │ gzip:   4.97 kB
public/build/assets/_request-dialog-D5DoQZgQ.js                         12.25 kB │ gzip:   4.60 kB
public/build/assets/_builder-dialog-C2z9ouzm.js                         12.27 kB │ gzip:   4.91 kB
public/build/assets/BalanceSheet-D9_xb6b5.js                            12.28 kB │ gzip:   5.15 kB
public/build/assets/Index-DGXU4p2J.js                                   12.31 kB │ gzip:   5.26 kB
public/build/assets/index-B7FfHiOG.js                                   12.32 kB │ gzip:   5.02 kB
public/build/assets/medications-DNt26J1C.js                             12.35 kB │ gzip:   4.48 kB
public/build/assets/Index-kSDALdfF.js                                   12.35 kB │ gzip:   4.88 kB
public/build/assets/stocktakes-DFFg3JCA.js                              12.35 kB │ gzip:   4.51 kB
public/build/assets/Index-BlD0PKtS.js                                   12.38 kB │ gzip:   5.09 kB
public/build/assets/index-xuJgCmAM.js                                   12.39 kB │ gzip:   4.48 kB
public/build/assets/donor-fund-dialog-BASOWDgy.js                       12.42 kB │ gzip:   4.45 kB
public/build/assets/time-cMNJlqc0.js                                    12.42 kB │ gzip:   5.30 kB
public/build/assets/index-1dTCKD8D.js                                   12.43 kB │ gzip:   5.11 kB
public/build/assets/pricing-xc-qYFUI.js                                 12.44 kB │ gzip:   3.70 kB
public/build/assets/index-Bpik4wM8.js                                   12.45 kB │ gzip:   5.36 kB
public/build/assets/edit-BARGfEuA.js                                    12.47 kB │ gzip:   4.93 kB
public/build/assets/Index-BSZGPseV.js                                   12.48 kB │ gzip:   5.42 kB
public/build/assets/create-CXxdOtYp.js                                  12.48 kB │ gzip:   4.86 kB
public/build/assets/index-BggiafMb.js                                   12.49 kB │ gzip:   4.74 kB
public/build/assets/log-obligation-dialog-CeyQUIHx.js                   12.49 kB │ gzip:   4.70 kB
public/build/assets/facilities-BTlcIQ79.js                              12.49 kB │ gzip:   5.21 kB
public/build/assets/index-DaKTFQXf.js                                   12.50 kB │ gzip:   4.85 kB
public/build/assets/Index-zEe8o9rZ.js                                   12.51 kB │ gzip:   5.39 kB
public/build/assets/head-office-DJzckMJv.js                             12.51 kB │ gzip:   5.29 kB
public/build/assets/requests-Bt1HwryL.js                                12.52 kB │ gzip:   4.82 kB
public/build/assets/specialist-workspace-header-CJ7A8neb.js             12.57 kB │ gzip:   5.56 kB
public/build/assets/_dialogs-CWLBLnii.js                                12.57 kB │ gzip:   5.33 kB
public/build/assets/index-D0nRtKd5.js                                   12.61 kB │ gzip:   4.48 kB
public/build/assets/index-DNfxUzRx.js                                   12.65 kB │ gzip:   4.84 kB
public/build/assets/edit-ThwcYFd8.js                                    12.65 kB │ gzip:   4.78 kB
public/build/assets/index-CnXjvoRL.js                                   12.66 kB │ gzip:   5.23 kB
public/build/assets/Trends-Drzk2Qpd.js                                  12.67 kB │ gzip:   5.22 kB
public/build/assets/geofence-draw-map-C1NxTnXB.js                       12.68 kB │ gzip:   4.87 kB
public/build/assets/Assignments-D8pEY_48.js                             12.70 kB │ gzip:   5.34 kB
public/build/assets/Diff-BVBUhl0I.js                                    12.70 kB │ gzip:   5.48 kB
public/build/assets/index-SgE0QXTc.js                                   12.71 kB │ gzip:   4.63 kB
public/build/assets/health-CPqAncz8.js                                  12.75 kB │ gzip:   4.34 kB
public/build/assets/Review-DBP_VT3H.js                                  12.75 kB │ gzip:   4.68 kB
public/build/assets/new-po-dialog-CypLOX1D.js                           12.75 kB │ gzip:   4.80 kB
public/build/assets/show-BV96hitj.js                                    12.76 kB │ gzip:   4.80 kB
public/build/assets/show-Ct5EoMkE.js                                    12.77 kB │ gzip:   4.54 kB
public/build/assets/index-D1EPmdvo.js                                   12.77 kB │ gzip:   5.02 kB
public/build/assets/builder-nmoNBKV6.js                                 12.81 kB │ gzip:   4.89 kB
public/build/assets/Index-Cm3MY17r.js                                   12.82 kB │ gzip:   4.78 kB
public/build/assets/Show-CPNd4Gmw.js                                    12.85 kB │ gzip:   4.90 kB
public/build/assets/ProfitAndLoss-CdHR6ms4.js                           12.86 kB │ gzip:   5.17 kB
public/build/assets/ppe-action-dialogs-DoHnAxnS.js                      12.87 kB │ gzip:   4.36 kB
public/build/assets/Index-C82HE3Ku.js                                   12.88 kB │ gzip:   5.54 kB
public/build/assets/Index-CwTuCfmi.js                                   12.88 kB │ gzip:   5.60 kB
public/build/assets/Index-DiSaz14x.js                                   12.94 kB │ gzip:   5.67 kB
public/build/assets/privacy-1WOXQqew.js                                 12.98 kB │ gzip:   3.81 kB
public/build/assets/index-LPrhgPIL.js                                   13.02 kB │ gzip:   5.46 kB
public/build/assets/Dashboard-BKxL8sCd.js                               13.07 kB │ gzip:   5.46 kB
public/build/assets/Show-ACF7330V.js                                    13.09 kB │ gzip:   5.08 kB
public/build/assets/prn-wizard-DoCoNKHq.js                              13.10 kB │ gzip:   4.99 kB
public/build/assets/show-Dh_h2BAo.js                                    13.10 kB │ gzip:   4.96 kB
public/build/assets/Trends-Cdwi-in8.js                                  13.11 kB │ gzip:   5.36 kB
public/build/assets/index-fjSWEfSA.js                                   13.12 kB │ gzip:   5.41 kB
public/build/assets/playbook-wizard-DA6FKBZl.js                         13.16 kB │ gzip:   4.60 kB
public/build/assets/Dashboard-BVKUSmlo.js                               13.16 kB │ gzip:   4.35 kB
public/build/assets/layout-Q4_WA48f.js                                  13.19 kB │ gzip:   4.24 kB
public/build/assets/Index-Bh1xepDj.js                                   13.19 kB │ gzip:   5.63 kB
public/build/assets/daily-check-JhtvpQ6X.js                             13.21 kB │ gzip:   5.35 kB
public/build/assets/Create-D9sVtEwp.js                                  13.22 kB │ gzip:   5.58 kB
public/build/assets/calendar-lcBejxeL.js                                13.22 kB │ gzip:   5.28 kB
public/build/assets/plans-DTgPiZmS.js                                   13.23 kB │ gzip:   5.35 kB
public/build/assets/site-detail-CHv0ubm4.js                             13.23 kB │ gzip:   4.50 kB
public/build/assets/alerts-events-CB5o7nA0.js                           13.25 kB │ gzip:   5.59 kB
public/build/assets/Index-Beuwn3jd.js                                   13.27 kB │ gzip:   5.62 kB
public/build/assets/show-CYSdj6T4.js                                    13.28 kB │ gzip:   5.12 kB
public/build/assets/reviews-lokECmyA.js                                 13.31 kB │ gzip:   5.15 kB
public/build/assets/Index-CcaNcEh6.js                                   13.31 kB │ gzip:   5.56 kB
public/build/assets/messaging-Dg058Jwk.js                               13.33 kB │ gzip:   4.72 kB
public/build/assets/pre-check-CvlZAh4P.js                               13.34 kB │ gzip:   5.01 kB
public/build/assets/goals-path-BkXJfOwm.js                              13.35 kB │ gzip:   5.34 kB
public/build/assets/_dialogs-CbyisWkV.js                                13.39 kB │ gzip:   4.86 kB
public/build/assets/create-CsID4chQ.js                                  13.39 kB │ gzip:   5.21 kB
public/build/assets/_dialogs-0ND73iFj.js                                13.39 kB │ gzip:   5.61 kB
public/build/assets/HealthMonitoring-DjdxRXl3.js                        13.40 kB │ gzip:   4.89 kB
public/build/assets/Index-4MSa6ifw.js                                   13.44 kB │ gzip:   5.87 kB
public/build/assets/_audit-dialog-2pL7bPF0.js                           13.46 kB │ gzip:   5.40 kB
public/build/assets/timesheet-review-B9nk20uX.js                        13.46 kB │ gzip:   5.02 kB
public/build/assets/_ledger-panel-BlUkxttg.js                           13.46 kB │ gzip:   4.24 kB
public/build/assets/unassign-make-open-dialog-BbWekHhs.js               13.47 kB │ gzip:   5.09 kB
public/build/assets/about-pk2uID2M.js                                   13.50 kB │ gzip:   3.49 kB
public/build/assets/houses-DpI4IKQ7.js                                  13.55 kB │ gzip:   5.67 kB
public/build/assets/digest-panel-Oh2vumcq.js                            13.56 kB │ gzip:   4.79 kB
public/build/assets/expenses-BF4NK8FY.js                                13.57 kB │ gzip:   5.25 kB
public/build/assets/index-BA6buElV.js                                   13.57 kB │ gzip:   5.80 kB
public/build/assets/edit-template-XkwNmNb7.js                           13.58 kB │ gzip:   5.47 kB
public/build/assets/client-Cu0se8xu.js                                  13.61 kB │ gzip:   3.90 kB
public/build/assets/Index-DWiCCeL7.js                                   13.62 kB │ gzip:   5.90 kB
public/build/assets/my-day-hero-PqHvFCl4.js                             13.65 kB │ gzip:   5.95 kB
public/build/assets/MyInterests-DPvtxgcx.js                             13.68 kB │ gzip:   5.80 kB
public/build/assets/Index-Cf34RiVZ.js                                   13.69 kB │ gzip:   5.98 kB
public/build/assets/_dialogs-DD6lA2T8.js                                13.70 kB │ gzip:   5.13 kB
public/build/assets/terminology-4iYif1HO.js                             13.71 kB │ gzip:   4.21 kB
public/build/assets/documents-B6pUe0j3.js                               13.72 kB │ gzip:   5.48 kB
public/build/assets/by-house-yn1Nt8Zy.js                                13.72 kB │ gzip:   4.85 kB
public/build/assets/Index-D4hdy6EG.js                                   13.79 kB │ gzip:   5.82 kB
public/build/assets/Index-BR0jXPwe.js                                   13.82 kB │ gzip:   5.48 kB
public/build/assets/Index-BPl8Dc72.js                                   13.85 kB │ gzip:   5.60 kB
public/build/assets/Committee-VT3CI0BD.js                               13.86 kB │ gzip:   6.01 kB
public/build/assets/date-picker-DW45WKBf.js                             13.88 kB │ gzip:   5.40 kB
public/build/assets/_recipe-edit-dialog-yNGlPjKF.js                     13.90 kB │ gzip:   4.69 kB
public/build/assets/timeline-tab-CnPGpCmR.js                            13.94 kB │ gzip:   4.93 kB
public/build/assets/Show-DpbWdpwJ.js                                    14.00 kB │ gzip:   6.04 kB
public/build/assets/map-DFA4YEiz.js                                     14.00 kB │ gzip:   5.83 kB
public/build/assets/create-CZrBJ0Km.js                                  14.05 kB │ gzip:   5.36 kB
public/build/assets/show-DF5u090Z.js                                    14.09 kB │ gzip:   5.09 kB
public/build/assets/show-iAv-ySg1.js                                    14.12 kB │ gzip:   4.74 kB
public/build/assets/holidays-Ln0VgBr5.js                                14.12 kB │ gzip:   5.78 kB
public/build/assets/Show-BAKzlasg.js                                    14.12 kB │ gzip:   5.53 kB
public/build/assets/Attestations-Baqi0yRx.js                            14.12 kB │ gzip:   5.83 kB
public/build/assets/index-CbHaoB4t.js                                   14.16 kB │ gzip:   5.39 kB
public/build/assets/Index-DDDi_25i.js                                   14.20 kB │ gzip:   6.23 kB
public/build/assets/audit-log-BT_VqybY.js                               14.21 kB │ gzip:   5.76 kB
public/build/assets/_dialog-shared-B74I2AZO.js                          14.22 kB │ gzip:   5.46 kB
public/build/assets/new-vendor-dialog-C5NHtThv.js                       14.25 kB │ gzip:   4.76 kB
public/build/assets/Terminals-ujxwK_f8.js                               14.31 kB │ gzip:   5.94 kB
public/build/assets/task-detail-dialog-BUaByxXB.js                      14.34 kB │ gzip:   4.80 kB
public/build/assets/Statements-Ed_bKxMc.js                              14.39 kB │ gzip:   5.90 kB
public/build/assets/trends-DDe_knCi.js                                  14.40 kB │ gzip:   4.83 kB
public/build/assets/Index-BaBOYKGO.js                                   14.41 kB │ gzip:   6.19 kB
public/build/assets/workflow-Ba_OiF2U.js                                14.41 kB │ gzip:   5.92 kB
public/build/assets/survey-CytYG2kI.js                                  14.44 kB │ gzip:   4.78 kB
public/build/assets/index-B0K6tcdq.js                                   14.45 kB │ gzip:   5.39 kB
public/build/assets/Index-DSajh2Bc.js                                   14.47 kB │ gzip:   6.21 kB
public/build/assets/mar-CuyXvTqr.js                                     14.48 kB │ gzip:   3.92 kB
public/build/assets/Create-5tneRhn0.js                                  14.48 kB │ gzip:   5.67 kB
public/build/assets/Index-DHw6Dv4u.js                                   14.49 kB │ gzip:   6.40 kB
public/build/assets/Index-ueoYxxP-.js                                   14.51 kB │ gzip:   6.04 kB
public/build/assets/global-BXAjDAii.js                                  14.59 kB │ gzip:   5.54 kB
public/build/assets/Financials-BETcAV23.js                              14.61 kB │ gzip:   5.76 kB
public/build/assets/_commercial-lu8EsDWq.js                             14.62 kB │ gzip:   5.37 kB
public/build/assets/_dialogs-C1DZELjm.js                                14.63 kB │ gzip:   5.82 kB
public/build/assets/index-C_gXbVVm.js                                   14.64 kB │ gzip:   5.57 kB
public/build/assets/matrix-Csrrt5Uy.js                                  14.74 kB │ gzip:   5.93 kB
public/build/assets/record-evidence-dialog-B49gbPNm.js                  14.75 kB │ gzip:   5.97 kB
public/build/assets/_dialogs-DOYaXX33.js                                14.75 kB │ gzip:   5.61 kB
public/build/assets/show-CQWgYzT-.js                                    14.76 kB │ gzip:   5.73 kB
public/build/assets/my-tasks-zYsODB-K.js                                14.76 kB │ gzip:   5.80 kB
public/build/assets/run-D1eZCEGM.js                                     14.76 kB │ gzip:   5.48 kB
public/build/assets/index-Dqd_XL9A.js                                   14.77 kB │ gzip:   6.14 kB
public/build/assets/playback-tn69zif4.js                                14.79 kB │ gzip:   5.83 kB
public/build/assets/index-zrTHkNfK.js                                   14.79 kB │ gzip:   5.80 kB
public/build/assets/Show-DjKimf7E.js                                    14.82 kB │ gzip:   5.89 kB
public/build/assets/new-bill-dialog-Z39rXnS6.js                         14.83 kB │ gzip:   5.31 kB
public/build/assets/Show-DqqF1sTi.js                                    14.86 kB │ gzip:   6.09 kB
public/build/assets/reports-QiR9r9t5.js                                 14.91 kB │ gzip:   5.18 kB
public/build/assets/Index-_bsjeDPH.js                                   14.95 kB │ gzip:   5.52 kB
public/build/assets/show-CgmOEfn-.js                                    14.95 kB │ gzip:   5.51 kB
public/build/assets/CashFlow-9pcYbslO.js                                14.97 kB │ gzip:   5.91 kB
public/build/assets/Create-DKFfsnpU.js                                  14.98 kB │ gzip:   4.94 kB
public/build/assets/index-BmR-wsRb.js                                   14.98 kB │ gzip:   6.05 kB
public/build/assets/Results-Ds9SMYZW.js                                 15.02 kB │ gzip:   6.27 kB
public/build/assets/portal-users-CcgVxeuL.js                            15.03 kB │ gzip:   6.23 kB
public/build/assets/edit-DdKaM2II.js                                    15.08 kB │ gzip:   5.89 kB
public/build/assets/sso-groups-DnlHhmii.js                              15.11 kB │ gzip:   5.61 kB
public/build/assets/custom-fields-C9gaRrRt.js                           15.11 kB │ gzip:   6.14 kB
public/build/assets/index-CmqqSEsv.js                                   15.14 kB │ gzip:   6.23 kB
public/build/assets/command-centre-hero-o2hqQmLH.js                     15.18 kB │ gzip:   6.15 kB
public/build/assets/Show-rbOPrjBo.js                                    15.20 kB │ gzip:   6.41 kB
public/build/assets/overview-DGqE6Ykj.js                                15.26 kB │ gzip:   5.52 kB
public/build/assets/BatchDetail-BxNAg1Rv.js                             15.27 kB │ gzip:   5.90 kB
public/build/assets/create-NWw2gZre.js                                  15.31 kB │ gzip:   5.60 kB
public/build/assets/terms-D0pkQMe4.js                                   15.36 kB │ gzip:   4.45 kB
public/build/assets/Index-CiFp9BwL.js                                   15.37 kB │ gzip:   6.34 kB
public/build/assets/Roles-BeU78lcI.js                                   15.39 kB │ gzip:   4.83 kB
public/build/assets/edit-PqYFAMDD.js                                    15.39 kB │ gzip:   6.09 kB
public/build/assets/contact-DcHZnmgH.js                                 15.42 kB │ gzip:   4.92 kB
public/build/assets/Show-vDxeIkcZ.js                                    15.47 kB │ gzip:   6.01 kB
public/build/assets/Index-CHMd_kV3.js                                   15.47 kB │ gzip:   6.57 kB
public/build/assets/show-C_7rxeQR.js                                    15.53 kB │ gzip:   5.83 kB
public/build/assets/record-event-dialog-C6Cw1fJC.js                     15.54 kB │ gzip:   5.97 kB
public/build/assets/staff-detail-BKB3W1TX.js                            15.55 kB │ gzip:   5.92 kB
public/build/assets/bonuses-BuePf1M7.js                                 15.55 kB │ gzip:   6.31 kB
public/build/assets/reports-Ca3drNUy.js                                 15.60 kB │ gzip:   5.97 kB
public/build/assets/payslips-zBDaPhGD.js                                15.62 kB │ gzip:   5.67 kB
public/build/assets/shift-detail-dialog-C6SU0ymP.js                     15.63 kB │ gzip:   6.06 kB
public/build/assets/daily-note-wizard-CxpRyTUB.js                       15.63 kB │ gzip:   4.78 kB
public/build/assets/profile-CwABZLgq.js                                 15.70 kB │ gzip:   5.63 kB
public/build/assets/Index-BVeew7G9.js                                   15.72 kB │ gzip:   6.34 kB
public/build/assets/Show-C63TszsV.js                                    15.75 kB │ gzip:   6.34 kB
public/build/assets/webhooks-BJm9Li9i.js                                15.76 kB │ gzip:   5.42 kB
public/build/assets/BudgetVsActuals-FOoOGmTh.js                         15.76 kB │ gzip:   6.11 kB
public/build/assets/Heatmap-Dtm7-xC-.js                                 15.86 kB │ gzip:   6.69 kB
public/build/assets/evidence-upload-Bk1V36Is.js                         15.86 kB │ gzip:   6.60 kB
public/build/assets/my-hr-shoutout-spotlight-CqF9skm6.js                15.87 kB │ gzip:   5.91 kB
public/build/assets/Batches--_LMWYuZ.js                                 15.88 kB │ gzip:   6.53 kB
public/build/assets/review-detail-BCbLsfLY.js                           15.89 kB │ gzip:   6.34 kB
public/build/assets/index-aqHLn6AT.js                                   15.95 kB │ gzip:   6.65 kB
public/build/assets/maintenance-health-DY3XDC4z.js                      15.98 kB │ gzip:   6.30 kB
public/build/assets/Index-aaa2MsoA.js                                   15.99 kB │ gzip:   6.27 kB
public/build/assets/audit-CJgTc4pH.js                                   16.04 kB │ gzip:   5.96 kB
public/build/assets/Index-ClO-FdL5.js                                   16.05 kB │ gzip:   6.83 kB
public/build/assets/record-dose-wizard-UGXKv-QT.js                      16.05 kB │ gzip:   5.37 kB
public/build/assets/record-receipt-dialog-DAj_1iAW.js                   16.12 kB │ gzip:   5.59 kB
public/build/assets/index-W9GnwsZX.js                                   16.14 kB │ gzip:   6.45 kB
public/build/assets/policy-wizards-fQybfAyb.js                          16.17 kB │ gzip:   5.57 kB
public/build/assets/Index-Ccn6r7oN.js                                   16.27 kB │ gzip:   6.85 kB
public/build/assets/matrix-DTPTY7Os.js                                  16.28 kB │ gzip:   6.34 kB
public/build/assets/appearance-CSiDuw1I.js                              16.30 kB │ gzip:   5.02 kB
public/build/assets/incidents-B_ZdawW7.js                               16.32 kB │ gzip:   6.04 kB
public/build/assets/risk-management-D46O65AS.js                         16.35 kB │ gzip:   6.28 kB
public/build/assets/Assessments-CaA6Q-JJ.js                             16.39 kB │ gzip:   6.44 kB
public/build/assets/Show-BSOcmeh9.js                                    16.39 kB │ gzip:   6.44 kB
public/build/assets/record-abc-dialog-EJKDF2wd.js                       16.39 kB │ gzip:   5.82 kB
public/build/assets/Index-b2BAbx8n.js                                   16.41 kB │ gzip:   6.35 kB
public/build/assets/breaches-gwYJvi6A.js                                16.42 kB │ gzip:   5.77 kB
public/build/assets/RunResults-Dze2_GVv.js                              16.44 kB │ gzip:   6.18 kB
public/build/assets/index-W0VI4hOL.js                                   16.48 kB │ gzip:   6.62 kB
public/build/assets/show-CwixbVQF.js                                    16.49 kB │ gzip:   6.60 kB
public/build/assets/Settings-CLcubR3v.js                                16.55 kB │ gzip:   6.22 kB
public/build/assets/show-BIKZRTau.js                                    16.56 kB │ gzip:   5.63 kB
public/build/assets/Show-DvE_3i0N.js                                    16.59 kB │ gzip:   6.54 kB
public/build/assets/notification-defaults-lrzlJxtT.js                   16.62 kB │ gzip:   5.93 kB
public/build/assets/index-B8qxY9tw.js                                   16.66 kB │ gzip:   6.49 kB
public/build/assets/Index-1P8GIRXh.js                                   16.68 kB │ gzip:   6.64 kB
public/build/assets/observations-DamoUrGD.js                            16.70 kB │ gzip:   6.22 kB
public/build/assets/location-BoC7IQno.js                                16.73 kB │ gzip:   6.02 kB
public/build/assets/Show-DjwkSXrr.js                                    16.81 kB │ gzip:   6.97 kB
public/build/assets/charts-DB6VF25F.js                                  16.83 kB │ gzip:   5.56 kB
public/build/assets/Protocols-C2poo612.js                               16.86 kB │ gzip:   6.25 kB
public/build/assets/documents-BLj5q6gP.js                               16.86 kB │ gzip:   6.67 kB
public/build/assets/leave-BI5Lx1fg.js                                   16.88 kB │ gzip:   7.08 kB
public/build/assets/Index-BVhOccSE.js                                   16.88 kB │ gzip:   6.92 kB
public/build/assets/Show-C_cppmbY.js                                    16.88 kB │ gzip:   5.84 kB
public/build/assets/Index-KPoKLdgE.js                                   16.89 kB │ gzip:   6.96 kB
public/build/assets/note-detail-dialog-7gOqlbte.js                      16.91 kB │ gzip:   5.80 kB
public/build/assets/api-BbdZFQuG.js                                     16.93 kB │ gzip:   5.17 kB
public/build/assets/Index-o6vfdQAn.js                                   16.99 kB │ gzip:   6.67 kB
public/build/assets/cost-allocation-DAb4QAiU.js                         17.07 kB │ gzip:   6.12 kB
public/build/assets/leaflet-map-DpL2Y2Ss.js                             17.11 kB │ gzip:   6.08 kB
public/build/assets/edit-De6tQgSO.js                                    17.11 kB │ gzip:   6.33 kB
public/build/assets/family-notes-qHwLuYdj.js                            17.12 kB │ gzip:   6.36 kB
public/build/assets/index-B-QnlYFY.js                                   17.12 kB │ gzip:   6.69 kB
public/build/assets/Index-Bo5_NFPs.js                                   17.16 kB │ gzip:   6.20 kB
public/build/assets/Index-Dx6wgZbD.js                                   17.21 kB │ gzip:   7.10 kB
public/build/assets/create-BnouBfuU.js                                  17.21 kB │ gzip:   6.03 kB
public/build/assets/maintenance-BiyyM9nN.js                             17.29 kB │ gzip:   6.48 kB
public/build/assets/leave-hub-tabs-BeAWOHLN.js                          17.30 kB │ gzip:   5.81 kB
public/build/assets/_dialogs-3RZXGvNM.js                                17.31 kB │ gzip:   6.48 kB
public/build/assets/worklists-DxA48Xga.js                               17.31 kB │ gzip:   5.87 kB
public/build/assets/Index-Bfoqo4Wj.js                                   17.34 kB │ gzip:   7.24 kB
public/build/assets/fleet-calendar-B5YuQOTi.js                          17.38 kB │ gzip:   6.89 kB
public/build/assets/week-picker-BMIY-vVx.js                             17.40 kB │ gzip:   6.73 kB
public/build/assets/view-timesheet-dialog-BWXZhfYs.js                   17.49 kB │ gzip:   4.85 kB
public/build/assets/handover-detail-dialog-DGaKa6eE.js                  17.50 kB │ gzip:   5.95 kB
public/build/assets/Index-Bxcu7UjB.js                                   17.63 kB │ gzip:   7.49 kB
public/build/assets/index-zwN6obxW.js                                   17.63 kB │ gzip:   6.74 kB
public/build/assets/index-D-WvKVSj.js                                   17.64 kB │ gzip:   5.94 kB
public/build/assets/_overview-dialogs-8cxv2zy8.js                       17.65 kB │ gzip:   5.35 kB
public/build/assets/show-BhQZhAf4.js                                    17.71 kB │ gzip:   4.44 kB
public/build/assets/edit-CALD71be.js                                    17.87 kB │ gzip:   6.46 kB
public/build/assets/substance-wizard-dialog-iB8jZKfq.js                 17.90 kB │ gzip:   6.30 kB
public/build/assets/index-DLtriOEQ.js                                   17.90 kB │ gzip:   6.91 kB
public/build/assets/show-C1UnAI52.js                                    17.91 kB │ gzip:   6.41 kB
public/build/assets/Index-CsFSbW6l.js                                   17.97 kB │ gzip:   7.34 kB
public/build/assets/security-D_Qp56-k.js                                17.99 kB │ gzip:   6.22 kB
public/build/assets/reports-DuuTIVvk.js                                 18.01 kB │ gzip:   6.34 kB
public/build/assets/Show-Djw7nWNo.js                                    18.02 kB │ gzip:   6.09 kB
public/build/assets/Index-B2O6ks8E.js                                   18.02 kB │ gzip:   7.32 kB
public/build/assets/show-B9ersv9_.js                                    18.02 kB │ gzip:   6.64 kB
public/build/assets/show-D2mgYbPy.js                                    18.03 kB │ gzip:   6.58 kB
public/build/assets/index-Btv0s268.js                                   18.07 kB │ gzip:   2.18 kB
public/build/assets/health-clinical-shell-BxZ9SZvh.js                   18.07 kB │ gzip:   7.18 kB
public/build/assets/index-Csbzqu3W.js                                   18.07 kB │ gzip:   4.73 kB
public/build/assets/shift-coverage-YSTrYYN8.js                          18.17 kB │ gzip:   6.42 kB
public/build/assets/Show-CIDSTLJD.js                                    18.20 kB │ gzip:   7.01 kB
public/build/assets/Show-C7Kbz4ug.js                                    18.21 kB │ gzip:   7.35 kB
public/build/assets/daily-notes-BJYlqZqH.js                             18.21 kB │ gzip:   6.72 kB
public/build/assets/_dialogs-DuXBQO-A.js                                18.24 kB │ gzip:   6.68 kB
public/build/assets/payslip-detail-DgeYr1UB.js                          18.24 kB │ gzip:   6.10 kB
public/build/assets/dashboard-RaFYWu_q.js                               18.25 kB │ gzip:   6.96 kB
public/build/assets/Edit-DL8xU5qj.js                                    18.26 kB │ gzip:   6.98 kB
public/build/assets/book-vehicle-wizard-BdlShj7I.js                     18.31 kB │ gzip:   5.54 kB
public/build/assets/index-GxoTE8fL.js                                   18.32 kB │ gzip:   7.22 kB
public/build/assets/Show-m_nMg-SW.js                                    18.36 kB │ gzip:   7.16 kB
public/build/assets/Show-MnKjDS9Y.js                                    18.45 kB │ gzip:   7.41 kB
public/build/assets/announcement-wizard-Cwid00G8.js                     18.46 kB │ gzip:   6.37 kB
public/build/assets/index-BrRibbO2.js                                   18.52 kB │ gzip:   6.55 kB
public/build/assets/schedule-BPvfxH77.js                                18.62 kB │ gzip:   6.39 kB
public/build/assets/directory-ByqmxKvL.js                               18.62 kB │ gzip:   6.31 kB
public/build/assets/create-wizard-BZ51r_vx.js                           18.69 kB │ gzip:   6.51 kB
public/build/assets/index-DGHqiOP7.js                                   18.71 kB │ gzip:   7.24 kB
public/build/assets/show-B-y7F-T8.js                                    18.75 kB │ gzip:   6.84 kB
public/build/assets/chains-_JZu6qoS.js                                  18.79 kB │ gzip:   6.62 kB
public/build/assets/ppe-detail-dialog-BSrZvgaK.js                       18.80 kB │ gzip:   6.40 kB
public/build/assets/show-review-BCDNOLII.js                             18.85 kB │ gzip:   6.83 kB
public/build/assets/_recipes-panel-BFAlc6ok.js                          18.90 kB │ gzip:   6.01 kB
public/build/assets/audit-logs-Cew37qda.js                              18.92 kB │ gzip:   7.16 kB
public/build/assets/_dialogs-BX74u3Rg.js                                19.07 kB │ gzip:   6.16 kB
public/build/assets/goals-D_AWc6ks.js                                   19.23 kB │ gzip:   6.69 kB
public/build/assets/integrations-DbLBVMXA.js                            19.25 kB │ gzip:   6.68 kB
public/build/assets/show-Dp9qgTua.js                                    19.26 kB │ gzip:   7.11 kB
public/build/assets/edit-BPPfV-EG.js                                    19.30 kB │ gzip:   6.89 kB
public/build/assets/two-factor-DYT15oma.js                              19.33 kB │ gzip:   7.20 kB
public/build/assets/index-CzPp48da.js                                   19.36 kB │ gzip:   6.64 kB
public/build/assets/_dialogs-HEYFtc4s.js                                19.43 kB │ gzip:   7.21 kB
public/build/assets/escalations-PgTmi5EG.js                             19.51 kB │ gzip:   8.16 kB
public/build/assets/_templates-panel-CqYmbntn.js                        19.54 kB │ gzip:   6.00 kB
public/build/assets/calendar-sync-ChFCvfA8.js                           19.54 kB │ gzip:   7.41 kB
public/build/assets/index-B8qMk2U3.js                                   19.56 kB │ gzip:   7.47 kB
public/build/assets/Shifts-BHBYWXs5.js                                  19.56 kB │ gzip:   7.12 kB
public/build/assets/show-BmVy2sUH.js                                    19.62 kB │ gzip:   6.81 kB
public/build/assets/training-BGdoeuIK.js                                19.64 kB │ gzip:   6.53 kB
public/build/assets/Index-DfPuzmmp.js                                   19.68 kB │ gzip:   8.22 kB
public/build/assets/show-C7dDD7am.js                                    19.69 kB │ gzip:   7.45 kB
public/build/assets/Behaviour-BngO_WLf.js                               19.81 kB │ gzip:   6.97 kB
public/build/assets/Show-BEl1sYLq.js                                    19.82 kB │ gzip:   7.81 kB
public/build/assets/Show-Bp-IIhPB.js                                    19.89 kB │ gzip:   7.68 kB
public/build/assets/index-Djw_o8Ek.js                                   19.92 kB │ gzip:   7.76 kB
public/build/assets/_dialogs-CNCqA3bl.js                                19.97 kB │ gzip:   7.02 kB
public/build/assets/features-CYP-eR_q.js                                19.98 kB │ gzip:   5.23 kB
public/build/assets/Show-B9NsgWME.js                                    20.00 kB │ gzip:   7.72 kB
public/build/assets/index-R5Xl2bO4.js                                   20.01 kB │ gzip:   7.41 kB
public/build/assets/edit-BrDedmH5.js                                    20.21 kB │ gzip:   7.53 kB
public/build/assets/broadcast-CowTF_20.js                               20.27 kB │ gzip:   7.82 kB
public/build/assets/dashboard-B-jaH-Na.js                               20.30 kB │ gzip:   7.53 kB
public/build/assets/index-uAI2ry29.js                                   20.30 kB │ gzip:   7.33 kB
public/build/assets/index-C1crNWBn.js                                   20.32 kB │ gzip:   7.07 kB
public/build/assets/stats-CCEMZNe9.js                                   20.34 kB │ gzip:   6.49 kB
public/build/assets/fixed-asset-dispose-dialog-7xHWhA6w.js              20.44 kB │ gzip:   6.68 kB
public/build/assets/show-BBwDAtsL.js                                    20.52 kB │ gzip:   7.56 kB
public/build/assets/note-wizard-jmm1OmHm.js                             20.54 kB │ gzip:   6.61 kB
public/build/assets/fleet-map-9wTS4SRX.js                               20.58 kB │ gzip:   7.17 kB
public/build/assets/_library-dialogs-12HnxoA_.js                        20.59 kB │ gzip:   5.61 kB
public/build/assets/medications-Djp1A4WR.js                             20.61 kB │ gzip:   7.23 kB
public/build/assets/shifts-Dyuv-HNU.js                                  20.62 kB │ gzip:   6.80 kB
public/build/assets/_error-dialogs-DXNSVGRj.js                          20.68 kB │ gzip:   7.30 kB
public/build/assets/calendar-DjCPSjiK.js                                20.77 kB │ gzip:   6.78 kB
public/build/assets/stocktake-modal-DjEWUSVJ.js                         20.78 kB │ gzip:   6.96 kB
public/build/assets/history-BFQdefEK.js                                 20.78 kB │ gzip:   7.18 kB
public/build/assets/shift-notes-dialog-CF-BQ_nW.js                      20.84 kB │ gzip:   7.80 kB
public/build/assets/index-CaAGLVia.js                                   20.95 kB │ gzip:   8.33 kB
public/build/assets/Index-Cs1eKIhF.js                                   20.96 kB │ gzip:   8.70 kB
public/build/assets/record-observation-dialog-Bhlz97Bm.js               20.96 kB │ gzip:   8.11 kB
public/build/assets/show-DpCvTE44.js                                    20.97 kB │ gzip:   7.11 kB
public/build/assets/index-CbTdMY56.js                                   21.02 kB │ gzip:   8.60 kB
public/build/assets/create-BA7hF8nS.js                                  21.06 kB │ gzip:   6.07 kB
public/build/assets/index-B9MkpKSe.js                                   21.10 kB │ gzip:   7.70 kB
public/build/assets/map-C-2GObp9.js                                     21.11 kB │ gzip:   6.63 kB
public/build/assets/add-device-dialog-7GjOHldT.js                       21.12 kB │ gzip:   7.34 kB
public/build/assets/balances-BmMy2oN9.js                                21.13 kB │ gzip:   8.50 kB
public/build/assets/Show-ezDRNSle.js                                    21.19 kB │ gzip:   8.08 kB
public/build/assets/create-Byc0Ye78.js                                  21.22 kB │ gzip:   7.14 kB
public/build/assets/show-DRI2QAxB.js                                    21.32 kB │ gzip:   7.53 kB
public/build/assets/show-jeu-UpaT.js                                    21.36 kB │ gzip:   7.79 kB
public/build/assets/index-D4i8-zPG.js                                   21.61 kB │ gzip:   7.38 kB
public/build/assets/_dialogs-5xyM1VQK.js                                21.64 kB │ gzip:   7.66 kB
public/build/assets/parts-Re763kk9.js                                   21.65 kB │ gzip:   6.77 kB
public/build/assets/Events-Bhad3iOy.js                                  21.70 kB │ gzip:   8.00 kB
public/build/assets/Index-DvgJ-VhX.js                                   21.73 kB │ gzip:   8.36 kB
public/build/assets/performance-wizards-Dff3ndNl.js                     21.79 kB │ gzip:   7.44 kB
public/build/assets/booking-wizard-BilWfDY9.js                          21.84 kB │ gzip:   7.49 kB
public/build/assets/index-C-2xhtlG.js                                   21.89 kB │ gzip:   8.04 kB
public/build/assets/review-builder-dialog-Cjj3o9ea.js                   21.89 kB │ gzip:   7.70 kB
public/build/assets/create-JYKNd9SC.js                                  21.89 kB │ gzip:   8.73 kB
public/build/assets/calendar-XYqSJ5yn.js                                21.90 kB │ gzip:   6.86 kB
public/build/assets/edit-BiF6R3NP.js                                    21.94 kB │ gzip:   7.37 kB
public/build/assets/Index-NfO9GluW.js                                   21.98 kB │ gzip:   8.47 kB
public/build/assets/ppe-create-wizards-BqhhHTVi.js                      22.05 kB │ gzip:   7.38 kB
public/build/assets/incidents-B20-cA_y.js                               22.20 kB │ gzip:   8.35 kB
public/build/assets/create-C1mac7yJ.js                                  22.23 kB │ gzip:   7.43 kB
public/build/assets/home-CG5OTwpF.js                                    22.25 kB │ gzip:   5.38 kB
public/build/assets/show-DW3HmTk3.js                                    22.45 kB │ gzip:   7.40 kB
public/build/assets/leave-request-dialog-BG8ObHIA.js                    22.51 kB │ gzip:   7.52 kB
public/build/assets/Index-CIwSh767.js                                   22.60 kB │ gzip:   8.52 kB
public/build/assets/payslips-ftldjPKG.js                                22.60 kB │ gzip:   6.74 kB
public/build/assets/_dialogs-DBed12d1.js                                22.81 kB │ gzip:   8.46 kB
public/build/assets/incidents-D7rpyrhB.js                               22.87 kB │ gzip:   8.54 kB
public/build/assets/personal-details-BllFXFPK.js                        22.99 kB │ gzip:   7.96 kB
public/build/assets/Show--f3L_Px-.js                                    23.03 kB │ gzip:   8.57 kB
public/build/assets/notifications-BgrJrW4e.js                           23.12 kB │ gzip:   8.28 kB
public/build/assets/Show-DPFzq-Hd.js                                    23.13 kB │ gzip:   7.93 kB
public/build/assets/_competency-dialogs-CjCs7taT.js                     23.20 kB │ gzip:   7.76 kB
public/build/assets/resident-sidebar-B497DQ-R.js                        23.21 kB │ gzip:   8.33 kB
public/build/assets/Index-LWlyK2Dh.js                                   23.29 kB │ gzip:   7.74 kB
public/build/assets/index-DwO4Z5-G.js                                   23.32 kB │ gzip:   8.09 kB
public/build/assets/Show-D2lUrMib.js                                    23.39 kB │ gzip:   8.60 kB
public/build/assets/unifi-CnTaK9T4.js                                   23.43 kB │ gzip:   7.12 kB
public/build/assets/show-CmRjoz6O.js                                    23.46 kB │ gzip:   7.66 kB
public/build/assets/create-wizard-BkmPZWCc.js                           23.48 kB │ gzip:   8.17 kB
public/build/assets/Show-DO8YcvzR.js                                    23.50 kB │ gzip:   8.99 kB
public/build/assets/Index-CEMLAmCu.js                                   23.75 kB │ gzip:   9.22 kB
public/build/assets/one-xpEVigsD.js                                     23.95 kB │ gzip:   8.29 kB
public/build/assets/index-DU4648S8.js                                   23.97 kB │ gzip:   8.98 kB
public/build/assets/_dialogs-D3d0CfSY.js                                23.99 kB │ gzip:   8.98 kB
public/build/assets/analytics-charts-B2wiQlSL.js                        24.03 kB │ gzip:   6.47 kB
public/build/assets/Index-D825JJ92.js                                   24.19 kB │ gzip:   8.52 kB
public/build/assets/page-hero-Cfk2_SNj.js                               24.23 kB │ gzip:   7.29 kB
public/build/assets/Create-Dqudqdyt.js                                  24.24 kB │ gzip:   7.94 kB
public/build/assets/ResolutionResultCard-q7qbnV7H.js                    24.31 kB │ gzip:   8.94 kB
public/build/assets/mar-governance-dialogs-CS-bPkt4.js                  24.32 kB │ gzip:   7.56 kB
public/build/assets/automations-Cd-KI8GY.js                             24.75 kB │ gzip:   7.61 kB
public/build/assets/restraint-event-wizard-_6pNIoij.js                  24.76 kB │ gzip:   8.04 kB
public/build/assets/Show-DrwPBta5.js                                    24.76 kB │ gzip:  10.00 kB
public/build/assets/governance-labels-CJgR2U5s.js                       24.81 kB │ gzip:   8.17 kB
public/build/assets/Show-DAS8mGXV.js                                    24.92 kB │ gzip:   8.76 kB
public/build/assets/Show-9Rn3_1tk.js                                    25.00 kB │ gzip:   9.64 kB
public/build/assets/Reconcile-BJrk53TF.js                               25.03 kB │ gzip:   8.88 kB
public/build/assets/_review-dialogs-CBUDOAP3.js                         25.05 kB │ gzip:   7.97 kB
public/build/assets/index-QkaOtkSL.js                                   25.07 kB │ gzip:   8.20 kB
public/build/assets/objective-wizard-CVhFLRhq.js                        25.18 kB │ gzip:   7.13 kB
public/build/assets/Medications-BBoTb2HE.js                             25.25 kB │ gzip:   9.19 kB
public/build/assets/Index-DvYUwKsi.js                                   25.42 kB │ gzip:   7.89 kB
public/build/assets/Show-BqzrUh9b.js                                    25.43 kB │ gzip:   9.76 kB
public/build/assets/sso-D8VtSlpr.js                                     25.52 kB │ gzip:   7.98 kB
public/build/assets/index-DGYXJa-9.js                                   25.53 kB │ gzip:   9.67 kB
public/build/assets/index-ByzHyZsy.js                                   25.53 kB │ gzip:   8.91 kB
public/build/assets/it-mailbox-CXJgB1p0.js                              25.64 kB │ gzip:   8.73 kB
public/build/assets/show-BwpFMxhG.js                                    25.76 kB │ gzip:   8.12 kB
public/build/assets/milesight-o0CEhClS.js                               25.89 kB │ gzip:   8.51 kB
public/build/assets/create-offer-DliSeE3x.js                            25.93 kB │ gzip:   8.82 kB
public/build/assets/dashboard-C_FoK8B_.js                               26.06 kB │ gzip:   8.07 kB
public/build/assets/vendor-utils-Dr6D9L7d.js                            26.13 kB │ gzip:   8.47 kB
public/build/assets/Index-DDjtJcjy.js                                   26.17 kB │ gzip:   9.74 kB
public/build/assets/record-assessment-dialog-BwpawYLn.js                26.21 kB │ gzip:   9.52 kB
public/build/assets/documents-wizards-8tcGQ1nq.js                       26.26 kB │ gzip:   9.26 kB
public/build/assets/show-GhrGmIAY.js                                    26.34 kB │ gzip:   8.98 kB
public/build/assets/_dialogs-WCDqz2NJ.js                                26.35 kB │ gzip:   8.34 kB
public/build/assets/index-BjHcjnDm.js                                   26.36 kB │ gzip:   9.01 kB
public/build/assets/transport-medication-dialogs-DK_xpS8M.js            26.38 kB │ gzip:   6.09 kB
public/build/assets/show-qa0T2FMy.js                                    26.53 kB │ gzip:   7.67 kB
public/build/assets/Handovers-ESBrW6gy.js                               26.68 kB │ gzip:  10.43 kB
public/build/assets/_workspace-dialogs-BOUXitiw.js                      26.83 kB │ gzip:   8.78 kB
public/build/assets/create-Bg0pqe7u.js                                  26.91 kB │ gzip:   7.54 kB
public/build/assets/index-gxQGvhyB.js                                   27.12 kB │ gzip:   9.67 kB
public/build/assets/show-B8x2ugQN.js                                    27.16 kB │ gzip:   9.07 kB
public/build/assets/index-DaDFqQb-.js                                   27.31 kB │ gzip:   9.47 kB
public/build/assets/SelfAdmin-Buk1P0Kv.js                               27.42 kB │ gzip:   9.11 kB
public/build/assets/provisioning-command-dialog-DxMMkYHf.js             27.65 kB │ gzip:  10.76 kB
public/build/assets/show-B4rrQNpd.js                                    27.66 kB │ gzip:   9.78 kB
public/build/assets/care-support-plan-D3cJmvMS.js                       27.67 kB │ gzip:   9.15 kB
public/build/assets/Index-CUBnhMDg.js                                   27.72 kB │ gzip:  10.43 kB
public/build/assets/index-DTQ_mGDE.js                                   27.81 kB │ gzip:   9.78 kB
public/build/assets/index-R45693Xk.js                                   27.85 kB │ gzip:   9.33 kB
public/build/assets/edit-BTa9hMsq.js                                    27.91 kB │ gzip:   9.30 kB
public/build/assets/smart-monitoring-C_vMqRIy.js                        28.05 kB │ gzip:   6.49 kB
public/build/assets/Index-OV7rnW96.js                                   28.08 kB │ gzip:  10.42 kB
public/build/assets/index-DRITYHRW.js                                   28.25 kB │ gzip:   9.19 kB
public/build/assets/show-DoeUNmja.js                                    28.41 kB │ gzip:   9.99 kB
public/build/assets/index-B4GY_TeO.js                                   28.52 kB │ gzip:   9.18 kB
public/build/assets/show-CfJaLcfi.js                                    28.73 kB │ gzip:   8.54 kB
public/build/assets/show-Q4fnNUnT.js                                    28.74 kB │ gzip:  10.32 kB
public/build/assets/index-DPcajvIR.js                                   28.77 kB │ gzip:   8.66 kB
public/build/assets/_self-admin-dialogs-BCbGWHEa.js                     28.81 kB │ gzip:   9.50 kB
public/build/assets/Show-C3RWAfX_.js                                    29.01 kB │ gzip:   9.12 kB
public/build/assets/Create-_zcJr-nK.js                                  29.07 kB │ gzip:  10.16 kB
public/build/assets/guided-round-dialog-BluTM4Od.js                     29.15 kB │ gzip:   9.61 kB
public/build/assets/templates-BuNYv_yR.js                               29.63 kB │ gzip:  10.54 kB
public/build/assets/asset-wizard-dialog-DPPn-GUJ.js                     29.65 kB │ gzip:  10.07 kB
public/build/assets/documents-0m26pQnh.js                               29.66 kB │ gzip:   9.23 kB
public/build/assets/_dialogs-ClkBL0fV.js                                30.04 kB │ gzip:  10.03 kB
public/build/assets/run-modal-BXbiu6Bp.js                               30.05 kB │ gzip:  10.27 kB
public/build/assets/index-DGxFWiVU.js                                   30.19 kB │ gzip:   9.93 kB
public/build/assets/page-header-bvgLPIRU.js                             30.19 kB │ gzip:   9.20 kB
public/build/assets/procedure-detail-dialog-Dogv7nS3.js                 30.20 kB │ gzip:   9.63 kB
public/build/assets/show-fTbxh1AJ.js                                    30.29 kB │ gzip:   9.83 kB
public/build/assets/_dialogs-DmsV6bfB.js                                30.39 kB │ gzip:   9.20 kB
public/build/assets/Show-CrzTazVF.js                                    30.55 kB │ gzip:  11.03 kB
public/build/assets/_dialogs-or7reu1I.js                                30.56 kB │ gzip:  10.94 kB
public/build/assets/Competency-B3DI9EgA.js                              30.57 kB │ gzip:  10.30 kB
public/build/assets/MedicationErrors-DhAcU2cc.js                        30.83 kB │ gzip:  11.22 kB
public/build/assets/_hero-CpUcr48A.js                                   30.97 kB │ gzip:   9.80 kB
public/build/assets/access-DVXUv4Px.js                                  31.10 kB │ gzip:  10.22 kB
public/build/assets/_shopping-list-panel-DWufXuEx.js                    31.35 kB │ gzip:  11.01 kB
public/build/assets/index-B0L5kdFQ.js                                   31.36 kB │ gzip:  10.76 kB
public/build/assets/Reviews-pNwwCu-p.js                                 31.74 kB │ gzip:  10.46 kB
public/build/assets/_dialogs-DI7OCstC.js                                31.87 kB │ gzip:   9.50 kB
public/build/assets/_stock-dialogs-D2-OfnUk.js                          31.91 kB │ gzip:   9.55 kB
public/build/assets/notification-escalations-_iyUgszB.js                32.13 kB │ gzip:  10.04 kB
public/build/assets/email-settings-DCbMVei2.js                          32.23 kB │ gzip:  10.34 kB
public/build/assets/access-BwY9gBcd.js                                  32.54 kB │ gzip:  11.61 kB
public/build/assets/index-mlQ90zAe.js                                   32.91 kB │ gzip:  11.96 kB
public/build/assets/_dialogs-x0mLjXQK.js                                33.24 kB │ gzip:  10.69 kB
public/build/assets/Show-Dr8gIMKl.js                                    33.25 kB │ gzip:  11.67 kB
public/build/assets/Show-C-M2G-XH.js                                    33.57 kB │ gzip:  11.76 kB
public/build/assets/index-CFPWaqUm.js                                   33.60 kB │ gzip:  11.59 kB
public/build/assets/index-X3IFpJJ1.js                                   34.00 kB │ gzip:  11.63 kB
public/build/assets/index-B6DOx485.js                                   34.37 kB │ gzip:  12.25 kB
public/build/assets/show-BI86mWAW.js                                    34.77 kB │ gzip:  10.68 kB
public/build/assets/Destructions-DkvTXSLZ.js                            34.78 kB │ gzip:  12.45 kB
public/build/assets/medical-DusKJW38.js                                 34.85 kB │ gzip:   7.88 kB
public/build/assets/_prescription-dialogs-C6qkUsui.js                   35.13 kB │ gzip:   9.93 kB
public/build/assets/index-BenadviX.js                                   35.13 kB │ gzip:  11.93 kB
public/build/assets/Index-Dcf50AcG.js                                   35.24 kB │ gzip:  11.56 kB
public/build/assets/_cd-dialogs-iKB5uOnl.js                             35.36 kB │ gzip:   9.45 kB
public/build/assets/documents-DbnntS0r.js                               35.50 kB │ gzip:  11.43 kB
public/build/assets/index-Y3lpt97D.js                                   35.80 kB │ gzip:  12.42 kB
public/build/assets/index-c-M49kxs.js                                   36.53 kB │ gzip:  11.79 kB
public/build/assets/messages-Ga1ESsx8.js                                36.59 kB │ gzip:  11.88 kB
public/build/assets/reviews-BTqyVc46.js                                 36.75 kB │ gzip:  11.57 kB
public/build/assets/index-DzuU38wC.js                                   37.11 kB │ gzip:  13.96 kB
public/build/assets/handover-kEwOpYwB.js                                37.33 kB │ gzip:  11.83 kB
public/build/assets/Create-D_HbNiNe.js                                  37.34 kB │ gzip:  12.11 kB
public/build/assets/index-CqhuyAnQ.js                                   37.67 kB │ gzip:  11.78 kB
public/build/assets/_inspector-CpJSinZC.js                              37.97 kB │ gzip:  11.56 kB
public/build/assets/documents-CJj9suo7.js                               37.99 kB │ gzip:  12.59 kB
public/build/assets/Dashboard-B1e-Cl0s.js                               38.02 kB │ gzip:  14.32 kB
public/build/assets/index-BzwcjeXn.js                                   38.09 kB │ gzip:  14.57 kB
public/build/assets/Show-DJ7jwLKr.js                                    38.10 kB │ gzip:  14.45 kB
public/build/assets/global-BjK22Vlp.js                                  38.38 kB │ gzip:  12.88 kB
public/build/assets/hazard-register-3xhULxCR.js                         38.49 kB │ gzip:  12.71 kB
public/build/assets/Reports-CpHcxqo2.js                                 38.54 kB │ gzip:  12.94 kB
public/build/assets/Show-BwsRgGB_.js                                    39.45 kB │ gzip:  11.41 kB
public/build/assets/index-BCRb4Z8t.js                                   39.49 kB │ gzip:  13.04 kB
public/build/assets/index-ss0Gqyw8.js                                   39.96 kB │ gzip:  13.10 kB
public/build/assets/index-DvLgwZMX.js                                   40.25 kB │ gzip:  12.96 kB
public/build/assets/index-BnpcX0uT.js                                   40.33 kB │ gzip:  13.84 kB
public/build/assets/case-wizards-B84dFNnW.js                            40.74 kB │ gzip:  11.63 kB
public/build/assets/compliance-wizards-QkdcFbca.js                      40.85 kB │ gzip:  12.73 kB
public/build/assets/index-BT9oj_yn.js                                   40.87 kB │ gzip:  14.75 kB
public/build/assets/index-ByxybBw2.js                                   40.92 kB │ gzip:  13.38 kB
public/build/assets/index-DpNCsj01.js                                   41.27 kB │ gzip:  14.37 kB
public/build/assets/_dialogs-LWyz4csu.js                                41.37 kB │ gzip:  12.04 kB
public/build/assets/index-DDAw7ODb.js                                   41.48 kB │ gzip:  14.12 kB
public/build/assets/bands-BHe5OAzR.js                                   41.56 kB │ gzip:  14.34 kB
public/build/assets/Edit-DPXKW8SB.js                                    41.79 kB │ gzip:  13.34 kB
public/build/assets/profile-iDOdjR9S.js                                 41.91 kB │ gzip:  14.14 kB
public/build/assets/index-D2mhpzvH.js                                   41.92 kB │ gzip:  15.16 kB
public/build/assets/discovery-De2DhUHy.js                               42.52 kB │ gzip:  12.96 kB
public/build/assets/app-layout-D9JpvY4g.js                              42.65 kB │ gzip:  13.34 kB
public/build/assets/index-B7W4UlO7.js                                   42.72 kB │ gzip:  13.80 kB
public/build/assets/sso-config-Bn_BnPZj.js                              42.75 kB │ gzip:  13.92 kB
public/build/assets/handover-wizard-kwZb17AY.js                         43.04 kB │ gzip:  13.64 kB
public/build/assets/core.esm-D5j4X1h1.js                                43.17 kB │ gzip:  14.39 kB
public/build/assets/service-contexts-ClpEY3Gz.js                        43.68 kB │ gzip:  14.00 kB
public/build/assets/_dialogs-BeCuJvyv.js                                43.77 kB │ gzip:  14.05 kB
public/build/assets/StockManagement-jIATjS2s.js                         43.82 kB │ gzip:  13.11 kB
public/build/assets/show-tlNFOBCq.js                                    44.20 kB │ gzip:  14.94 kB
public/build/assets/Dashboard-SW6fTWdR.js                               44.21 kB │ gzip:  10.84 kB
public/build/assets/show-k6eeT0-k.js                                    44.21 kB │ gzip:  14.95 kB
public/build/assets/Index-CR948Tus.js                                   44.22 kB │ gzip:  15.19 kB
public/build/assets/_canvas-DKr6Y57-.js                                 44.48 kB │ gzip:  12.89 kB
public/build/assets/branding-Cc5QTSPh.js                                44.74 kB │ gzip:  13.98 kB
public/build/assets/asset-wizards-BKt18Yc3.js                           45.18 kB │ gzip:  13.11 kB
public/build/assets/AuditLog-Dd6K0W1J.js                                45.26 kB │ gzip:  15.27 kB
public/build/assets/index-BTQrlgaD.js                                   45.53 kB │ gzip:  13.00 kB
public/build/assets/MarCharts-yCNxXfdj.js                               45.65 kB │ gzip:  15.81 kB
public/build/assets/Prescriptions-DjgI9ZC6.js                           46.31 kB │ gzip:  14.06 kB
public/build/assets/transport-Bqyg05Qs.js                               46.87 kB │ gzip:  15.80 kB
public/build/assets/incident-detail-dialog-BewMw4ut.js                  47.33 kB │ gzip:  14.30 kB
public/build/assets/drill-detail-dialog-BnvEd303.js                     47.88 kB │ gzip:  13.51 kB
public/build/assets/Rounds-By2nT-9b.js                                  48.20 kB │ gzip:  15.16 kB
public/build/assets/incident-report-dialog-DM5EWNpq.js                  48.28 kB │ gzip:  15.87 kB
public/build/assets/dashboard-CnYywYtn.js                               48.35 kB │ gzip:  16.04 kB
public/build/assets/_dialogs-Bw5yskxB.js                                48.54 kB │ gzip:  14.36 kB
public/build/assets/index-CbnKNxsR.js                                   48.87 kB │ gzip:  15.63 kB
public/build/assets/create-shift-dialog-DBpzLTQB.js                     49.10 kB │ gzip:  14.24 kB
public/build/assets/index-DBdApYLv.js                                   49.25 kB │ gzip:  15.17 kB
public/build/assets/_wizard-CN8aZFVP.js                                 49.42 kB │ gzip:  15.34 kB
public/build/assets/welcome-BjU6C8JG.js                                 50.21 kB │ gzip:   9.57 kB
public/build/assets/index-CzJCahmi.js                                   51.04 kB │ gzip:  16.06 kB
public/build/assets/index-BKamX5_0.js                                   51.78 kB │ gzip:  15.96 kB
public/build/assets/family-dashboard-DL9Cj0zx.js                        51.92 kB │ gzip:  15.11 kB
public/build/assets/ra-wizard-dialog-bJN24zZx.js                        51.97 kB │ gzip:  16.28 kB
public/build/assets/show-B7cJVkFa.js                                    52.06 kB │ gzip:  17.73 kB
public/build/assets/hazard-detail-dialog-CoBIFn-v.js                    52.62 kB │ gzip:  15.18 kB
public/build/assets/show-XcXIv9OD.js                                    52.79 kB │ gzip:  15.85 kB
public/build/assets/index-8WlmZ0gm.js                                   52.85 kB │ gzip:  16.03 kB
public/build/assets/settings-Bflj37eH.js                                53.29 kB │ gzip:  15.54 kB
public/build/assets/workspace-C2J0IEc0.js                               54.37 kB │ gzip:  19.21 kB
public/build/assets/index-C_z4HCy5.js                                   56.41 kB │ gzip:  19.11 kB
public/build/assets/Show-ClXFm_C2.js                                    57.36 kB │ gzip:  17.33 kB
public/build/assets/CockpitLayout-B4EDAfdj.js                           57.41 kB │ gzip:  17.88 kB
public/build/assets/device-profile-sections-DpXTo1cE.js                 58.15 kB │ gzip:  16.94 kB
public/build/assets/dashboard-Amin09Kk.js                               58.71 kB │ gzip:  16.95 kB
public/build/assets/show-CZrorVMP.js                                    59.03 kB │ gzip:  20.17 kB
public/build/assets/my-hr-shell-CG-ptcJ9.js                             59.82 kB │ gzip:  18.81 kB
public/build/assets/Index-D38XhYUo.js                                   59.90 kB │ gzip:  19.13 kB
public/build/assets/medical-AsgjLl7G.js                                 60.19 kB │ gzip:  12.06 kB
public/build/assets/PrnRecords-DnJqSOIA.js                              60.70 kB │ gzip:  18.67 kB
public/build/assets/conflicts-DxbF24DG.js                               61.18 kB │ gzip:  19.79 kB
public/build/assets/Show-C9xXPlpy.js                                    62.47 kB │ gzip:  21.40 kB
public/build/assets/_parts-BWdTArIX.js                                  62.84 kB │ gzip:  20.38 kB
public/build/assets/settings-qxn37fEr.js                                63.28 kB │ gzip:  17.23 kB
public/build/assets/index-BR7NISQi.js                                   64.24 kB │ gzip:  19.32 kB
public/build/assets/dashboard-oRUZCsra.js                               64.43 kB │ gzip:  20.35 kB
public/build/assets/data-DgYsTbT4.js                                    64.59 kB │ gzip:  13.99 kB
public/build/assets/monitoring-DI86QkKI.js                              65.74 kB │ gzip:  19.54 kB
public/build/assets/ControlledDrugs-DEXzmbI_.js                         65.79 kB │ gzip:  20.42 kB
public/build/assets/catalog-3ay16pom.js                                 66.71 kB │ gzip:  17.72 kB
public/build/assets/Show-CWu6NZKO.js                                    67.26 kB │ gzip:  19.33 kB
public/build/assets/show-IViRuvko.js                                    67.73 kB │ gzip:  15.09 kB
public/build/assets/show-CEIzf_tT.js                                    68.52 kB │ gzip:  20.30 kB
public/build/assets/index-B9rAZEjk.js                                   69.02 kB │ gzip:  21.44 kB
public/build/assets/index-Djt1nQBH.js                                   69.31 kB │ gzip:  21.87 kB
public/build/assets/analytics-DyV1D4a9.js                               70.58 kB │ gzip:  23.91 kB
public/build/assets/SiteCalendar-C2TJTBaw.js                            71.79 kB │ gzip:  22.74 kB
public/build/assets/concern-dialog-B0FB6uaV.js                          72.32 kB │ gzip:  20.08 kB
public/build/assets/legacy-profile-sections-DGBouIHs.js                 72.99 kB │ gzip:  19.51 kB
public/build/assets/show-CBVqjVZ1.js                                    74.24 kB │ gzip:  23.09 kB
public/build/assets/show-BrksOqYu.js                                    75.64 kB │ gzip:  23.61 kB
public/build/assets/index-cnwUEh6K.js                                   77.37 kB │ gzip:  22.55 kB
public/build/assets/_calendar-grid-CB0SCHIk.js                          77.48 kB │ gzip:  22.97 kB
public/build/assets/index-BxqRaT8l.js                                   78.23 kB │ gzip:  23.83 kB
public/build/assets/index-e3Uboy7s.js                                   80.55 kB │ gzip:  23.36 kB
public/build/assets/index-CSCAMjL1.js                                   81.63 kB │ gzip:  24.47 kB
public/build/assets/_create-dialog-Bl6yPX5B.js                          81.96 kB │ gzip:  27.50 kB
public/build/assets/index-C4PJ4lZY.js                                   83.71 kB │ gzip:  27.22 kB
public/build/assets/index-C6B4BRT_.js                                   86.90 kB │ gzip:  24.96 kB
public/build/assets/Index-Cfq64THG.js                                   88.72 kB │ gzip:  26.80 kB
public/build/assets/index-C2_G00HD.js                                   88.73 kB │ gzip:  27.28 kB
public/build/assets/staff-page-shell-GCY8EoMd.js                        91.49 kB │ gzip:  27.12 kB
public/build/assets/index-OLPQspvP.js                                   94.91 kB │ gzip:  28.21 kB
public/build/assets/show-D5STciAt.js                                    99.21 kB │ gzip:  25.80 kB
public/build/assets/ticket-intake-fields-DCYthCZg.js                   102.61 kB │ gzip:  30.27 kB
public/build/assets/index-E-0ZN4pD.js                                  103.36 kB │ gzip:  31.09 kB
public/build/assets/index-CdR7GlUZ.js                                  104.00 kB │ gzip:  31.59 kB
public/build/assets/index-DUs3k6_d.js                                  107.42 kB │ gzip:  31.46 kB
public/build/assets/queclink-hub-BWXsJcq5.js                           109.74 kB │ gzip:  33.66 kB
public/build/assets/it-wizards-CibXox-f.js                             111.72 kB │ gzip:  35.88 kB
public/build/assets/index-CQb1rtmz.js                                  111.88 kB │ gzip:  30.54 kB
public/build/assets/workspace-Bwm1iS-F.js                              128.30 kB │ gzip:  38.70 kB
public/build/assets/jsQR-EsnENd7U.js                                   130.72 kB │ gzip:  47.46 kB
public/build/assets/ticket-reopen-dialog-DfkEMv7L.js                   145.73 kB │ gzip:  46.14 kB
public/build/assets/event-detail-dialog-DIsuQlnJ.js                    148.01 kB │ gzip:  38.86 kB
public/build/assets/vendor-maps-CTUbLoeq.js                            149.92 kB │ gzip:  43.49 kB
public/build/assets/index-ChBfIq3q.js                                  155.95 kB │ gzip:  42.60 kB
public/build/assets/index-BDU727Zc.js                                  156.17 kB │ gzip:  45.39 kB
public/build/assets/alert-workspace-dialog-NOEMVRiO.js                 158.46 kB │ gzip:  44.48 kB
public/build/assets/index-DQ0TJyiI.js                                  159.62 kB │ gzip:  45.15 kB
public/build/assets/knowledge-revision-dialog-CPfAXbDX.js              177.30 kB │ gzip:  49.62 kB
public/build/assets/vendor-react-C99fm9h8.js                           193.87 kB │ gzip:  60.86 kB
public/build/assets/vendor-inertia-L00mYErJ.js                         195.04 kB │ gzip:  65.83 kB
public/build/assets/category-BTK8XtgF.js                               206.54 kB │ gzip:  51.97 kB
public/build/assets/index-Cv2UAE4H.js                                  215.07 kB │ gzip:  68.42 kB
public/build/assets/index-Bo8Y1Hyr.js                                  236.35 kB │ gzip:  70.78 kB
public/build/assets/vendor-calendar-NWT3TLWG.js                        267.92 kB │ gzip:  79.12 kB
public/build/assets/vendor-ui-BuO1Y5tc.js                              276.38 kB │ gzip:  76.83 kB
public/build/assets/index-CbZ4WNHQ.js                                  317.39 kB │ gzip:  88.18 kB
public/build/assets/show-C-ihZNTH.js                                   328.56 kB │ gzip:  98.18 kB
public/build/assets/show-gy4Rg0ab.js                                   348.33 kB │ gzip:  98.18 kB
public/build/assets/vendor-charts-DT3hslkE.js                          398.58 kB │ gzip: 115.53 kB
public/build/assets/app-DkHMqd0p.js                                    517.89 kB │ gzip:  83.91 kB
public/build/assets/show-BFeaQoPe.js                                   753.98 kB │ gzip: 242.67 kB

(!) Some chunks are larger than 500 kB after minification. Consider:
- Using dynamic import() to code-split the application
- Use build.rollupOptions.output.manualChunks to improve chunking: https://rollupjs.org/configuration-options/#output-manualchunks
- Adjust chunk size limit for this warning via build.chunkSizeWarningLimit.
✓ built in 4m 43s
